Diet_type,Recipe_name,Cuisine_type,Protein(g),Carbs(g),Fat(g),Extraction_day,Extraction_time,Calories
paleo,Bone Broth From 'Nom Nom Paleo',american,5.22,1.29,3.2,2022-10-16,17:20:09,45.28999999999999
paleo,"Paleo Effect Asian-Glazed Pork Sides, A Sweet & Crispy Appetizer",south east asian,181.55,28.62,146.14,2022-10-16,17:20:09,1568.34
paleo,Paleo Pumpkin Pie,american,30.91,302.59,96.76,2022-10-16,17:20:09,3233.99
paleo,Strawberry Guacamole recipes,mexican,9.62,75.78,59.89,2022-10-16,17:20:09,960.06
paleo,"Asian Cauliflower Fried ""Rice"" From 'Nom Nom Paleo'",chinese,39.84,54.08,71.55,2022-10-16,17:20:09,932.28
paleo,Paleo Shrimp-Stuffed Mushrooms recipes,mediterranean,68.62,34.15,42.44,2022-10-16,17:20:09,751.5899999999999
paleo,Paleo Pumpkin Pie recipes,american,30.03,275.88,97.68,2022-10-16,17:20:09,2993.76
paleo,Autoimmune Paleo Pesto,italian,4.25,14.15,72.9,2022-10-16,17:20:09,435.95000000000005
paleo,Baked Banana Chip Encrusted French Toast,french,152.88,1874.52,385.8,2022-10-16,17:20:09,19025.4
paleo,Vietnamese Pho Pressure Cooker (Noodle Soup),south east asian,602.91,274.87,400.01,2022-10-16,17:20:09,6485.509999999999
paleo,Paleo Collard Burrito,mexican,44.62,28.66,78.46,2022-10-16,17:20:09,750.26
paleo,Paleo Chawanmushi (Savory Egg Custard) recipes,american,61.43,13.29,24.6,2022-10-16,17:20:09,463.73
paleo,‘paleo' banana bread,american,46.69,192.54,156.48,2022-10-16,17:20:09,2545.54
paleo,Leftover Turkey Sandwich recipes,american,54.09,34.97,14.1,2022-10-16,17:20:16,587.49
paleo,Paleo Pumpkin Waffles,american,51.24,89.63,78.38,2022-10-16,17:20:16,1325.15
paleo,Fudgy Paleo Brownies,french,64.29,263.65,176.36,2022-10-16,17:20:16,3335.45
paleo,Magic Wings recipes,american,320.76,28.36,252.82,2022-10-16,17:20:16,2549.56
paleo,Turkey Club Sandwich,american,46.92,39.94,19.6,2022-10-16,17:20:16,625.54
paleo,Easy Paleo Meatloaf,american,185.99,47.82,260.64,2022-10-16,17:20:16,2216.9
paleo,Paleo Crepes,french,15.73,15.91,49.16,2022-10-16,17:20:16,402.75
paleo,Chocolate Pecan Pie recipes,american,59.86,567.39,320.76,2022-10-16,17:20:16,6628.99
paleo,Simple Crab Salad recipes,american,82.1,4.75,20.24,2022-10-16,17:20:16,452.10999999999996
paleo,Chocolate Pecan Pie,american,54.7,503.39,320.12,2022-10-16,17:20:16,6029.790000000001
paleo,Asian Meatballs recipes,indian,167.07,55.11,210.14,2022-10-16,17:20:16,2004.83
paleo,Blueberry French Toast Casserole,french,78.59,290.1,84.95,2022-10-16,17:20:16,3265.0600000000004
paleo,Paleo Spanish Rice,mediterranean,28.67,64.13,37.71,2022-10-16,17:20:23,842.6899999999999
paleo,Whole30® Sriracha,south east asian,12.16,85.78,2.91,2022-10-16,17:20:23,832.3
paleo,Banana Cream Pie,american,17.85,215.69,304.25,2022-10-16,17:20:23,3229.61
paleo,Spicy Salmon Cucumber Bites recipes,nordic,49.84,17.2,75.62,2022-10-16,17:20:23,656.64
paleo,Blueberry French Toast Casserole recipes,french,78.59,290.1,84.95,2022-10-16,17:20:23,3265.0600000000004
paleo,Paleo Honey Cake,eastern europe,87.32,258.25,259.21,2022-10-16,17:20:23,3710.37
paleo,Chocolate Pumpkin Pie recipes,central europe,44.05,429.69,162.78,2022-10-16,17:20:23,4694.53
paleo,Paleo Creamy Alfredo,american,16.48,32.46,91.36,2022-10-16,17:20:23,723.5
paleo,Paleo Blini recipes,eastern europe,15.5,12.78,23.29,2022-10-16,17:20:23,270.17999999999995
paleo,Paleo Tzimmes,kosher,16.11,236.88,3.86,2022-10-16,17:20:23,2211.8
paleo,Paleo Pumpkin Bars,american,39.73,169.01,117.95,2022-10-16,17:20:23,2151.81
paleo,Paleo Fruitcake,american,82.45,271.48,204.91,2022-10-16,17:20:23,3592.76
paleo,Paleo Chocolate Frosting,american,14.19,85.18,150.26,2022-10-16,17:20:23,1424.42
paleo,Paleo Crepes recipes,french,27.38,9.57,61.87,2022-10-16,17:20:29,443.13
paleo,Paleo Peach Crisp,french,39.58,126.88,97.83,2022-10-16,17:20:29,1691.56
paleo,Paleo Pumpkin Bars,american,36.27,182.51,105.1,2022-10-16,17:20:29,2208.0699999999997
paleo,Paleo Honey Cake,american,87.32,258.25,259.24,2022-10-16,17:20:29,3710.49
paleo,Paleo Carrot Soup,american,27.17,116.73,125.14,2022-10-16,17:20:29,1659.81
paleo,Paleo Fruitcake recipes,american,85.97,271.68,207.57,2022-10-16,17:20:29,3619.2799999999997
paleo,Best Paleo Chili,american,193.11,83.93,227.24,2022-10-16,17:20:36,2436.7700000000004
paleo,Perfect Paleo Pizza,italian,123.47,75.65,235.87,2022-10-16,17:20:36,2118.21
paleo,Grain-Free Cauliflower Fried Rice recipes,chinese,37.54,56.92,53.88,2022-10-16,17:20:36,877.9599999999999
paleo,Paleo Chocolate Frosting recipes,american,7.27,112.19,269.91,2022-10-16,17:20:36,2118.4300000000003
paleo,Paleo Eggplant Lasagna,italian,172.17,186.26,467.17,2022-10-16,17:20:36,4233.7
paleo,Paleo Pecan Tart Crust,american,20.15,24.96,111.99,2022-10-16,17:20:36,753.2
paleo,Paleo Shepherd’s Pie,american,189.35,143.25,300.66,2022-10-16,17:20:36,3249.29
paleo,Paleo Pie Crust recipes,american,56.39,43.01,143.87,2022-10-16,17:20:36,1188.13
paleo,Paleo Mug Cake recipes,british,10.48,19.56,12.5,2022-10-16,17:20:36,267.96
paleo,Paleo Flourless Chocolate Cake,american,83.82,384.27,324.34,2022-10-16,17:20:36,5091.07
paleo,Mini Paleo Egg Bites,american,118.36,6.54,61.57,2022-10-16,17:20:36,778.5799999999999
paleo,Egg-Free Paleo Macaroons,french,9.91,99.09,110.51,2022-10-16,17:20:36,1373.49
paleo,Paleo Raw Chocolate Bites,american,46.07,261.6,147.5,2022-10-16,17:20:36,3128.6800000000003
paleo,Paleo Mushroom Soup recipes,french,60.19,112.58,52.61,2022-10-16,17:20:43,1464.42
paleo,Paleo Birthday Cake recipes,american,68.21,199.96,161.13,2022-10-16,17:20:43,2717.0
paleo,Paleo Avocado Tuna Salad,mexican,32.45,24.27,31.05,2022-10-16,17:20:43,472.43
paleo,Paleo Honey Cake recipes,eastern europe,90.83,258.46,261.91,2022-10-16,17:20:43,3737.1000000000004
paleo,Paleo Pumpkin Bars recipes,american,49.0,412.09,116.03,2022-10-16,17:20:43,4368.93
paleo,Perfect Paleo Baked Salmon,nordic,161.95,1.17,160.83,2022-10-16,17:20:43,1301.65
paleo,Chocolate Mousse (Paleo! Keto!),french,20.23,126.01,153.36,2022-10-16,17:20:43,1828.4500000000003
paleo,Crab + Avocado Temaki recipes,caribbean,88.79,32.66,55.58,2022-10-16,17:20:50,871.4199999999998
paleo,Red Cabbage Slaw with Tangy Carrot Ginger Dressing recipes,american,9.65,42.63,83.92,2022-10-16,17:20:50,757.95
paleo,Paleo Prosciutto Egg Cups,italian,80.95,6.34,113.98,2022-10-16,17:20:50,836.78
paleo,Paleo Chicken Adobo recipes,mediterranean,123.17,61.52,107.7,2022-10-16,17:20:50,1477.16
paleo,Cranberry Apple Stuffing,american,47.89,285.93,93.75,2022-10-16,17:20:50,3139.93
paleo,Paleo Dirty Rice recipes,caribbean,26.68,80.75,35.37,2022-10-16,17:20:50,974.95
paleo,Slow-Cooker Paleo Meatballs,eastern europe,145.6,102.25,144.33,2022-10-16,17:20:50,2079.9700000000003
paleo,Delicata Squash Stuffed with Spiced Meat and Tomatoes (serves 2) and a side of Sauteed Chard recipes,italian,100.74,92.07,360.57,2022-10-16,17:20:50,2673.87
paleo,Paleo Pork Chili Verde,american,107.7,68.02,28.69,2022-10-16,17:20:50,1157.74
paleo,Paleo Steak and Egg Salad,american,65.19,17.09,69.97,2022-10-16,17:20:50,694.45
paleo,Easy Paleo Beef with Broccoli,mediterranean,102.5,38.41,98.85,2022-10-16,17:20:50,1151.09
paleo,Paleo Party Pork Carnitas,mexican,268.92,128.88,334.28,2022-10-16,17:20:50,3572.7200000000003
paleo,Paleo Pecan Tart Crust recipes,american,21.03,25.01,112.66,2022-10-16,17:20:50,759.85
paleo,Paleo Shepherd's Pie recipes,american,189.35,143.25,300.66,2022-10-16,17:20:50,3249.29
paleo,Paleo Vanilla Birthday Cake recipes,french,71.11,159.31,147.25,2022-10-16,17:20:56,2307.23
paleo,Egg-Free Paleo Macaroons recipes,french,10.16,105.7,110.51,2022-10-16,17:20:56,1433.98
paleo,Paleo Raw Chocolate Bites recipes,american,46.07,261.6,147.5,2022-10-16,17:20:56,3128.6800000000003
paleo,Perfect Paleo Pie Crust recipes,american,43.97,104.37,160.83,2022-10-16,17:20:56,1758.5300000000002
paleo,Practical Paleo: Mint Chip Truffles,american,3.76,23.94,80.65,2022-10-16,17:20:56,553.1
paleo,Cindy's Paleo Harvest Chili,american,210.45,139.56,272.52,2022-10-16,17:20:56,3187.92
paleo,Instant Pot Paleo Pork Tenderloin,french,362.76,16.83,64.04,2022-10-16,17:20:56,1858.67
paleo,Paleo Pecan-Crusted Chicken | everydaypaleo.com,american,258.66,55.59,103.91,2022-10-16,17:20:56,1950.5900000000001
paleo,Entertain Meatloaf Style,american,197.94,70.1,110.07,2022-10-16,17:20:56,1862.9399999999998
paleo,Semi-Homemade Paleo Spaghetti And Meatballs,italian,128.54,366.81,166.72,2022-10-16,17:20:56,4482.33
paleo,Easy Paleo Herb Gravy recipes,french,23.56,39.05,42.25,2022-10-16,17:21:04,614.69
paleo,Homemade Mayo (Paleo and Whole30 Friendly!),italian,2.81,1.11,112.61,2022-10-16,17:21:04,471.67
paleo,Paleo and Vegan Pesto stuffed mushrooms,american,10.73,15.5,49.29,2022-10-16,17:21:04,379.58000000000004
paleo,Paleo Un-Stuffed Cabbage Soup,italian,141.27,55.82,198.73,2022-10-16,17:21:04,1862.38
paleo,Sweet Potato Chili (Paleo-Friendly!),american,98.56,191.3,176.93,2022-10-16,17:21:04,2823.66
paleo,Paleo Dirty Cauliflower ‘Rice’ Recipe,mediterranean,26.68,80.75,35.37,2022-10-16,17:21:04,974.95
paleo,Spicy Paleo Pumpkin Muffins recipes,british,121.84,413.93,317.39,2022-10-16,17:21:04,5482.289999999999
paleo,Paleo Cauliflower Bacon Fried Rice Recipe,chinese,28.76,50.01,48.09,2022-10-16,17:21:04,757.49
paleo,Paleo Beef and Sweet Potato Stew,american,200.82,153.82,102.62,2022-10-16,17:21:04,2598.14
paleo,Paleo Comfort Foods’ Poached Pears recipes,french,9.82,214.27,3.04,2022-10-16,17:21:04,1979.8700000000001
paleo,Madras Chicken Salad recipes,mediterranean,150.18,41.36,123.75,2022-10-16,17:21:04,1467.96
paleo,Slow Cooker Cheater Pork Stew recipes,french,244.29,69.44,249.9,2022-10-16,17:21:04,2601.72
paleo,Strawberry Rhubarb Crisp - and it's paleo. recipes,american,32.24,250.87,139.25,2022-10-16,17:21:04,2943.79
paleo,Paleo Pasta Salad with Avocado Oil Vinaigrette,french,31.23,74.97,116.67,2022-10-16,17:21:04,1266.33
paleo,The Paleo Diet’s Salmon Caesar Salad Recipe,nordic,155.95,49.31,150.25,2022-10-16,17:21:04,1668.59
paleo,"Eggplant ""Ricotta"" Stacks From 'Nom Nom Paleo'",italian,32.32,157.39,194.11,2022-10-16,17:21:11,2322.2299999999996
paleo,Southwest Cowboy Chili From 'Nom Nom Paleo',american,430.2,138.37,178.17,2022-10-16,17:21:11,3678.81
paleo,Swiss Paleo’s Homemade Italian & Chorizo Sausage,italian,1273.61,83.34,1608.54,2022-10-16,17:21:11,12278.66
paleo,Paleo Doritos Toast Will Scratch Your Snack Itch,american,32.75,22.67,2.45,2022-10-16,17:21:11,344.83000000000004
paleo,"Paleo Pumpkin, Coconut, & Maple Custard Cups recipes",american,36.0,142.79,107.74,2022-10-16,17:21:11,1860.07
paleo,Paleo Spaghetti Squash and Amped Up Meatballs,italian,128.33,154.22,125.77,2022-10-16,17:21:11,2404.38
paleo,Swiss Paleo’s Bugs Bunny Hasenpfeffer Stew recipes,nordic,65.78,96.23,130.86,2022-10-16,17:21:11,1652.63
paleo,The Paleo Kitchen’s Honey Mustard Chicken Thighs recipes,french,152.56,53.59,205.36,2022-10-16,17:21:11,1913.9900000000002
paleo,Stupid Easy Paleo’s Kickin’ BBQ Shredded Chicken recipes,american,283.7,78.55,252.1,2022-10-16,17:21:11,2850.15
paleo,Paleo-Friendly Roasted Butternut Squash with Crispy Sage Leaves,nordic,6.45,66.8,42.58,2022-10-16,17:21:11,797.3199999999999
paleo,Orange Sriracha Chicken recipes,south east asian,104.17,82.97,64.82,2022-10-16,17:21:11,1422.69
paleo,Overnight Cherry Chia Seed Pudding – Paleo/Gluten Free/Vegan,american,12.77,112.92,56.84,2022-10-16,17:21:11,1294.7199999999998
paleo,Paleo Pumpkin Gingerbread Cake with Maple-Vanilla Frosting recipes,american,73.83,185.59,307.46,2022-10-16,17:21:11,3195.47
paleo,"Sweet Potato & Pork Thanksgiving Stuffing (Paleo, Gluten-Free) recipes",american,197.91,312.15,371.5,2022-10-16,17:21:11,5086.99
paleo,Paleo Comfort Food? Here’s A Creamy Shrimp Fra Diavolo recipes,italian,102.47,51.64,54.82,2022-10-16,17:21:11,1093.92
paleo,"Instant Pot Buffalo Sweet Potato Soup {Vegan, Whole30, Paleo, Gluten-Free}",american,14.26,79.07,109.53,2022-10-16,17:21:11,1206.79
paleo,Dill Butternut Squash Fries,american,7.68,89.2,14.38,2022-10-16,17:21:11,891.0400000000001
paleo,Crispy Sweet Potato Fries,south american,4.4,56.19,28.84,2022-10-16,17:21:18,638.67
paleo,Rosemary and Garlic Parsnip Mash,american,3.34,48.53,13.6,2022-10-16,17:21:18,504.53
paleo,Four Layer Beef and Bacon Casserole,american,213.63,149.66,298.56,2022-10-16,17:21:18,3395.7
paleo,Boston Baked Beef,american,135.99,193.85,232.95,2022-10-16,17:21:18,3220.41
paleo,Nutella Brownie Truffles,french,12.21,151.95,98.75,2022-10-16,17:21:18,1811.3899999999999
paleo,Best Ever Bars,american,62.76,194.9,266.67,2022-10-16,17:21:18,3071.82
paleo,Salmon Cakes,nordic,86.31,11.17,66.45,2022-10-16,17:21:18,711.5699999999999
paleo,Crockpot Italian Chicken and Peppers,italian,86.07,84.94,43.04,2022-10-16,17:21:18,1280.9
paleo,Herbed Rack of Lamb,middle eastern,35.36,6.76,133.82,2022-10-16,17:21:18,737.56
paleo,Moroccan Braised Chicken and Kale,middle eastern,283.65,89.99,306.29,2022-10-16,17:21:18,3169.67
paleo,Roasted Tomato Soup,italian,39.32,88.7,50.97,2022-10-16,17:21:18,1159.46
paleo,Sweet Plantain Guacamole,south american,19.18,134.0,138.71,2022-10-16,17:21:18,1837.56
paleo,Turkey Spaghetti Zoodles,american,122.69,96.81,51.15,2022-10-16,17:21:18,1566.6499999999999
paleo,Celery Leaf & Fennel Poached Salmon,nordic,32.41,17.25,24.49,2022-10-16,17:21:18,382.84999999999997
paleo,Turkey Veggie Meatballs With Spaghetti Squash,american,122.78,147.94,51.84,2022-10-16,17:21:24,2029.94
paleo,Asian Sesame Chicken & Broccoli,chinese,107.67,31.95,70.25,2022-10-16,17:21:24,999.23
paleo,Cauliflower Fried Rice,chinese,46.62,82.76,53.47,2022-10-16,17:21:24,1145.2
paleo,Khoresht Lubia Sabz (Persian Green Bean Stew),american,121.29,69.51,49.55,2022-10-16,17:21:24,1308.95
paleo,Cinnamon Chocolate Swirl Banana Bread,american,68.73,266.84,183.04,2022-10-16,17:21:24,3408.64
paleo,Easy Pan Gravy,british,0.32,6.54,11.65,2022-10-16,17:21:24,106.74000000000001
paleo,Salsa Fresca estilo Siete,mexican,4.94,33.55,1.11,2022-10-16,17:21:24,326.15
paleo,Ginger Snap Pumpkin Butter Cookie Sandwiches,american,97.78,239.78,356.65,2022-10-16,17:21:24,3975.74
paleo,Cauliflower Soup Drizzled with White Truffle Oil,french,41.9,64.07,37.95,2022-10-16,17:21:24,896.03
paleo,Apple Pumpkin Soup,american,9.95,64.53,19.56,2022-10-16,17:21:24,698.81
paleo,Easy Vegan Pad Thai Supreme,american,97.94,217.78,168.32,2022-10-16,17:21:24,3025.0599999999995
paleo,Beef Chorizo con Huevo estilo Siete,mediterranean,133.92,12.88,92.88,2022-10-16,17:21:24,1023.1199999999999
paleo,Angel Food Cake,american,55.09,283.94,5.02,2022-10-16,17:21:24,2795.9
paleo,Asian Chicken Salad,asian,69.61,44.66,128.44,2022-10-16,17:21:24,1194.1399999999999
paleo,Roasted Beef Tenderloin,american,349.89,10.57,130.34,2022-10-16,17:21:24,2016.0500000000002
paleo,"Kale, Artichoke and Pecorino Salad",mediterranean,36.98,40.42,58.68,2022-10-16,17:21:24,746.4200000000001
paleo,Spicy Thai Peanut Kelp Noodle Pad Thai,south east asian,92.67,357.52,68.86,2022-10-16,17:21:24,3863.7999999999997
paleo,Almond Meal Encrusted Chicken Nuggets - REAL FOOD Healing Recipe from Mee Tracy McCormick,american,191.06,25.06,137.85,2022-10-16,17:21:24,1541.1799999999998
paleo,Artichoke Francaise,mediterranean,35.81,127.03,62.87,2022-10-16,17:21:31,1537.99
paleo,Braised Short Rib Bolognese,italian,242.69,59.62,607.18,2022-10-16,17:21:31,3936.0599999999995
paleo,Maialino's Olive Oil Cake (Adapted by Becca Fox),american,72.45,479.49,468.3,2022-10-16,17:21:31,6478.41
paleo,Homemade Ravioli with Ricotta Cheese and Spinach Filling,italian,118.65,300.0,107.45,2022-10-16,17:21:31,3604.4
paleo,Boneless Short Ribs on the BGE,french,392.64,12.51,472.92,2022-10-16,17:21:31,3574.83
paleo,Ribollita,italian,66.67,180.22,111.67,2022-10-16,17:21:31,2335.34
paleo,Pear and Apple Coffeecake with Walnut Topping,british,68.86,309.13,384.74,2022-10-16,17:21:31,4596.57
paleo,Artichoke and Perfect Asparagus Salad with Lemony Herbed Vinaigrette,mediterranean,22.61,68.6,103.89,2022-10-16,17:21:31,1123.3999999999999
paleo,Indian Spiced Broccoli and Potato Hash,nordic,9.39,47.36,10.47,2022-10-16,17:21:31,505.68
paleo,Vegan Dark Chocolate Coconut Tart,american,32.24,221.1,103.54,2022-10-16,17:21:31,2533.0199999999995
paleo,Pork and Charred Brussels Sprouts with Chile Lime Sauce,south american,145.56,240.17,89.14,2022-10-16,17:21:31,3100.3299999999995
paleo,Apple Fennel Casserole with a Coconut-Turmeric Twist,italian,5.6,46.5,18.34,2022-10-16,17:21:31,514.26
paleo,Slow-Cooker 'Osso Buco' Stew,italian,211.11,94.79,61.46,2022-10-16,17:21:31,1943.39
paleo,Vegan Coconut Cream Tart with White Peaches and Blueberries,american,39.45,285.88,109.49,2022-10-16,17:21:31,3168.6800000000003
paleo,Spiced Harvest Cake,british,65.92,455.58,158.29,2022-10-16,17:21:31,4997.06
paleo,Paleo MeeNut™ Butter Sandwich on Paleo Bread™,american,0.93,3.08,24.31,2022-10-16,17:21:38,128.68
paleo,Low Carb Paleo Egg Wrap Recipe,american,16.71,28.5,15.85,2022-10-16,17:21:38,386.74
paleo,Paleo Nutella Banana Ice Cream,american,7.86,186.18,30.1,2022-10-16,17:21:38,1827.4600000000003
paleo,Paleo Whole30 Pesto Chicken Salad,american,176.97,10.7,206.48,2022-10-16,17:21:38,1630.1
paleo,The Elvis Paleo Sandwich Recipe,american,18.72,68.14,54.08,2022-10-16,17:21:38,904.46
paleo,Simple Paleo Reese’s Cups,american,69.56,157.94,257.36,2022-10-16,17:21:38,2729.1400000000003
paleo,Paleo Meatloaf recipes,american,216.95,203.73,178.18,2022-10-16,17:21:38,3414.09
paleo,Paleo Nacho Casserole,mexican,156.83,88.03,167.6,2022-10-16,17:21:38,2089.9900000000002
paleo,Simple Paleo Coleslaw Dressing,mediterranean,6.76,17.01,89.82,2022-10-16,17:21:38,539.41
paleo,Paleo Bread Stuffing recipes,american,54.96,208.13,49.2,2022-10-16,17:21:44,2289.8100000000004
paleo,Paleo deviled egg recipe,french,32.74,3.08,69.22,2022-10-16,17:21:44,435.56
paleo,Paleo Peppermint Bark,american,30.23,191.35,235.63,2022-10-16,17:21:44,2785.59
paleo,Paleo Chipotle Dipping Sauce,mexican,2.14,15.79,116.27,2022-10-16,17:21:44,615.75
paleo,Paleo Wrap Carne Asada Recipe,mexican,159.24,75.82,62.53,2022-10-16,17:21:44,1569.46
paleo,Homemade Paleo Protein Bars,american,368.04,500.49,210.84,2022-10-16,17:21:44,6819.929999999999
paleo,Paleo Tzatziki,mediterranean,2.82,17.07,13.93,2022-10-16,17:21:44,220.63
paleo,Paleo Pecan Pie Bars recipes,american,105.25,594.23,700.42,2022-10-16,17:21:44,8570.75
paleo,Loaded Paleo Cauliflower Nachos recipes,mexican,52.93,75.7,131.7,2022-10-16,17:21:44,1419.8200000000002
paleo,Gluten-Free Paleo Meatloaf recipes,eastern europe,170.21,136.35,196.93,2022-10-16,17:21:44,2695.71
paleo,Paleo Broccoli Salad recipes,american,22.75,124.99,146.91,2022-10-16,17:21:44,1803.5499999999997
paleo,Healthy Paleo Marble Cake recipes,american,42.18,245.32,90.32,2022-10-16,17:21:44,2737.88
paleo,Paleo Deviled Eggs recipes,french,87.75,10.06,163.03,2022-10-16,17:21:51,1093.66
paleo,Paleo Meatball Sub,american,57.04,62.66,77.65,2022-10-16,17:21:51,1102.6999999999998
paleo,Paleo Egg Salad recipes,american,35.77,30.22,88.57,2022-10-16,17:21:51,769.34
paleo,"Caramel Caffe Latte (paleo, GF, dairy-free) recipes",american,3.28,32.7,15.37,2022-10-16,17:21:51,368.90000000000003
paleo,Smoky Paleo Deviled Eggs recipes,french,34.1,8.47,69.53,2022-10-16,17:21:51,490.75
paleo,Paleo Barbecue Beef and Bacon recipes,american,114.04,148.84,128.75,2022-10-16,17:21:51,2310.7200000000003
paleo,Paleo Pad Thai with Zucchini Noodles,south east asian,3.5,40.81,0.36,2022-10-16,17:21:51,382.73
paleo,Paleo Sunbutter Cups recipes,french,0.1,32.29,27.63,2022-10-16,17:21:51,401.53
paleo,Paleo Quiche Cups,french,59.38,43.71,82.41,2022-10-16,17:21:51,960.55
paleo,Paleo Pecan Pie,american,41.28,497.12,285.89,2022-10-16,17:21:51,5782.76
paleo,Paleo Smoked Tuna Salad recipes,american,24.83,19.77,90.32,2022-10-16,17:21:51,638.53
paleo,Paleo Lemon Mousse,french,17.82,77.84,84.12,2022-10-16,17:21:58,1108.3200000000002
paleo,Paleo Aioli Salad Dressing,mediterranean,0.53,2.32,44.57,2022-10-16,17:21:58,201.28
paleo,Paleo Flourless Chocolate Cake recipes,american,80.48,404.46,410.21,2022-10-16,17:21:58,5602.9
paleo,Paleo Flourless Chocolate Cake,american,55.16,123.66,244.31,2022-10-16,17:21:58,2310.8199999999997
paleo,Paleo Chicken Salad with Dates & Walnuts {Whole30} recipes,mediterranean,97.63,88.59,98.0,2022-10-16,17:21:58,1579.83
paleo,Paleo Blackberry Muffins recipes,american,43.48,81.37,88.44,2022-10-16,17:21:58,1260.01
paleo,Paleo Crockpot Cashew Chicken recipes,italian,165.31,78.63,220.89,2022-10-16,17:21:58,2252.47
paleo,Paleo Blackberry Instant Pot Cobbler,french,33.01,287.56,114.66,2022-10-16,17:21:58,3178.72
paleo,Paleo Banana Bread French Toast,french,21.23,203.11,42.55,2022-10-16,17:21:58,2083.11
paleo,Three-Ingredient Paleo Chocolate Truffles,french,23.43,183.78,200.78,2022-10-16,17:21:58,2550.86
paleo,Toasted Egg Fiesta Paleo Wrap (Ketogenic),american,13.92,32.74,26.53,2022-10-16,17:21:58,456.46000000000004
paleo,Paleo Beef Stroganoff,eastern europe,215.13,36.63,68.05,2022-10-16,17:21:58,1462.39
paleo,Paleo Whole30 Classic Egg Salad recipes,american,61.5,8.58,184.92,2022-10-16,17:21:58,1062.9
paleo,Easy Paleo Meatloaf with Bacon,american,203.61,23.57,166.41,2022-10-16,17:21:58,1692.21
paleo,"Gluten Free Beef and Tomato {Chinese Style, Paleo Option} recipes",chinese,107.83,56.13,81.39,2022-10-16,17:21:58,1262.05
paleo,"Buffalo Ranch Chicken Salad Recipe {Paleo, Whole30 Compliant} recipes",american,145.57,27.22,152.88,2022-10-16,17:22:05,1438.78
paleo,Paleo Crock Pot Pulled Pork recipes,american,255.11,99.29,170.32,2022-10-16,17:22:05,2595.33
paleo,Papaya Chicken Paleo Wrap,british,40.75,33.63,35.28,2022-10-16,17:22:05,606.79
paleo,Paleo Vegan Enchilada Casserole,american,96.62,331.56,21.46,2022-10-16,17:22:05,3456.36
paleo,"Blueberry Almond Mug Cake (Paleo, Gluten Free)",american,14.22,33.55,34.47,2022-10-16,17:22:05,496.71
paleo,Paleo Bang Bang Shrimp recipes,japanese,91.88,3.34,163.16,2022-10-16,17:22:05,1050.22
paleo,"Creamy Roasted Sesame Dressing (Paleo, Whole30, Keto)",mediterranean,3.3,13.24,57.69,2022-10-16,17:22:05,363.12
paleo,Paleo Ranch Dressing and Dip recipes,american,1.77,5.8,190.1,2022-10-16,17:22:05,819.68
paleo,Smoked Salmon Paleo Wrap Bites,nordic,34.01,82.25,27.63,2022-10-16,17:22:05,986.81
paleo,Paleo Meatloaf,american,283.04,85.83,108.96,2022-10-16,17:22:05,2340.4700000000003
paleo,Dairy-free Paleo Ranch Dressing,american,5.63,10.85,226.21,2022-10-16,17:22:05,1025.01
paleo,Paleo Banana Chip Muffins recipes,american,95.83,139.93,188.95,2022-10-16,17:22:05,2398.49
paleo,Creamy (yet Paleo) Cucumber Salad recipes,american,3.23,17.66,45.05,2022-10-16,17:22:12,352.05999999999995
paleo,Bunless Paleo Chicken BLTs recipes,american,97.48,19.3,119.43,2022-10-16,17:22:12,1041.3400000000001
paleo,"Frittata with Sweet Potato, Sausage and Caramelized Onions (Paleo, Grain-Free) recipes",italian,126.61,109.21,188.1,2022-10-16,17:22:12,2241.73
paleo,Paleo Tangy BBQ Pulled Pork,american,244.91,263.45,61.97,2022-10-16,17:22:12,3598.5699999999997
paleo,Paleo Crab Cakes recipes,french,97.65,19.1,76.38,2022-10-16,17:22:12,868.02
paleo,Simple Paleo Coleslaw recipes,mediterranean,14.52,80.91,90.39,2022-10-16,17:22:12,1147.83
paleo,"3 Ingredient Chocolate Walnut Fudge (Paleo, Vegan, Gluten Free, Dairy-Free)",american,48.8,126.11,160.21,2022-10-16,17:22:12,1971.0300000000002
paleo,Paleo Whole30 Chicken Salad recipes,american,171.35,54.47,285.53,2022-10-16,17:22:12,2317.75
paleo,Flourless Chocolate Peppermint Cake (Paleo and Low Carb) recipes,american,45.19,255.14,114.31,2022-10-16,17:22:12,2934.2599999999993
paleo,Easy Paleo Fried Fish Sticks,french,106.13,43.27,214.62,2022-10-16,17:22:12,1672.43
paleo,Paleo Cheese-Stuffed Meatballs,american,103.97,82.66,131.02,2022-10-16,17:22:12,1683.9
paleo,"Paleo Shrimp, Bacon and Tomato Pasta Recip",italian,72.33,48.97,74.65,2022-10-16,17:22:12,1028.65
paleo,Primal Organic Chicken Recipe In A Paleo Wrap,american,37.07,50.05,35.2,2022-10-16,17:22:12,739.53
paleo,Paleo Vegan Cherry Garcia Ice Cream,american,16.51,257.72,52.79,2022-10-16,17:22:12,2596.6800000000003
paleo,Paleo Peach-Blueberry Cobbler recipes,american,42.38,245.47,161.24,2022-10-16,17:22:12,3023.71
paleo,Paleo Sweet Potato Casserole,italian,38.03,1061.56,199.18,2022-10-16,17:22:18,10502.88
paleo,Paleo Crab Cakes,american,32.3,14.14,106.85,2022-10-16,17:22:18,683.8599999999999
paleo,Cinnamon Raisin Paleo Bread Pudding recipes,british,74.2,336.36,139.83,2022-10-16,17:22:18,3883.3600000000006
paleo,Paleo Chicken Piccata,french,38.49,111.57,127.66,2022-10-16,17:22:18,1668.73
paleo,Paleo Barbecue Chicken Casserole recipes,italian,271.64,258.95,282.4,2022-10-16,17:22:18,4546.709999999999
paleo,Baked Ranch Chicken Tenders (Paleo + Whole30),american,105.57,129.65,146.59,2022-10-16,17:22:18,2175.4900000000002
paleo,Chocolate Almond Buttercream Cups | PALEO,american,27.72,280.99,138.5,2022-10-16,17:22:18,3193.79
paleo,Paleo Broccoli Salad,american,33.1,59.46,126.68,2022-10-16,17:22:18,1174.26
paleo,Paleo Whole 30 Berry Chicken Salad,american,228.65,25.01,238.62,2022-10-16,17:22:18,2094.17
paleo,"Cauliflower Fried ""Rice"" (Paleo)",chinese,26.48,44.85,16.65,2022-10-16,17:22:18,576.1700000000001
paleo,Paleo Pumpkin Bolognese,italian,83.7,41.66,96.89,2022-10-16,17:22:18,1097.3
paleo,Paleo Egg Nog Cake recipes,british,62.83,159.42,66.35,2022-10-16,17:22:18,1951.5
paleo,Easy Paleo Reese's™ Cups,french,61.73,259.06,224.92,2022-10-16,17:22:25,3478.14
paleo,Paleo Cornbread Stuffing recipes,american,129.28,693.44,243.17,2022-10-16,17:22:25,7730.760000000001
paleo,Sloppy Joe's - Paleo & Whole30 recipes,french,94.68,90.81,85.8,2022-10-16,17:22:25,1539.21
paleo,No-Bake Paleo Chocolate Chip Coconut Bars,american,74.81,272.62,518.78,2022-10-16,17:22:25,4827.94
paleo,Portobello Mushroom Paleo Taco,italian,81.07,46.84,114.72,2022-10-16,17:22:25,1204.72
paleo,Paleo BBQ Ranch Meatloaf,american,173.86,79.71,130.88,2022-10-16,17:22:25,1936.35
paleo,Keto Paleo Tuna Taquitos Recipe,mexican,46.45,79.45,75.1,2022-10-16,17:22:25,1201.25
paleo,Paleo Chocolate Coconut Milk Panna Cotta,italian,23.39,101.95,147.65,2022-10-16,17:22:25,1601.71
paleo,"Slow Cooker Honey Peach Chipotle Meatballs (Gluten Free, Paleo) recipes",eastern europe,23.44,256.29,25.75,2022-10-16,17:22:25,2503.3700000000003
paleo,Paleo Roasted Cabbage with Mustard Seed Dressing recipes,mediterranean,4.18,14.45,50.79,2022-10-16,17:22:25,349.92999999999995
paleo,Paleo Tuna Spinach Casserole recipes,italian,84.76,50.54,92.11,2022-10-16,17:22:25,1162.3400000000001
paleo,Paleo Beef Stroganoff,eastern europe,130.93,70.55,203.75,2022-10-16,17:22:25,1973.67
paleo,Slammin Wild Salmon Paleo Wrap Tumeric,nordic,95.18,45.51,55.22,2022-10-16,17:22:25,1011.1899999999999
paleo,Vietnamese Spring Rolls (Paleo) recipes,south east asian,38.7,122.93,71.13,2022-10-16,17:22:25,1545.69
paleo,Paleo Banana Muffins recipes,american,52.77,99.46,150.99,2022-10-16,17:22:25,1710.18
paleo,Paleo Chicken Shawarma recipes,middle eastern,114.46,52.87,92.38,2022-10-16,17:22:25,1303.19
paleo,Paleo Spinach Donuts recipes,american,43.22,247.39,124.45,2022-10-16,17:22:25,2897.19
paleo,Paleo Strawberry Pie recipes,american,60.38,223.26,160.19,2022-10-16,17:22:32,2891.62
paleo,Quick and Easy Paleo Salads,french,44.68,28.95,73.11,2022-10-16,17:22:32,731.71
paleo,Chocolate Custard (Paleo or Low Carb) recipes,french,36.84,126.43,159.07,2022-10-16,17:22:32,1921.51
paleo,"Pumpkin Milkshake (Dairy-free, Paleo, AIP) recipes",american,21.77,88.19,168.04,2022-10-16,17:22:32,1552.95
paleo,"Pistachio Crumbed Mushrooms (Paleo, Low Carb) recipes",british,47.75,59.33,157.69,2022-10-16,17:22:32,1355.73
paleo,"Paleo Chocolate Mousse Cake (dairy Free, Raw Dessert, Keto, Paleo, Gluten Free) recipes",american,48.81,278.15,264.65,2022-10-16,17:22:32,3757.19
paleo,Paleo Ground Beef Spaghetti Squash Skillet,italian,96.21,128.43,115.48,2022-10-16,17:22:32,2002.63
paleo,Paleo Fried Green Tomatoes recipes,french,49.16,59.39,182.49,2022-10-16,17:22:32,1461.1100000000001
paleo,Dulce de Leche Ice Cream (Paleo) recipes,italian,14.38,177.86,141.1,2022-10-16,17:22:32,2222.6600000000003
paleo,"Easy BBQ Jackfruit Saute Recipe [Paleo, Vegan]",american,2.02,108.4,14.76,2022-10-16,17:22:32,1042.72
paleo,"Easy 10 Minute Asian Zucchini Noodles (low-carb, Paleo) recipes",asian,13.86,37.92,7.02,2022-10-16,17:22:32,424.8
paleo,Paleo Maple Pecan Latte Mug Cake,american,12.5,36.44,32.19,2022-10-16,17:22:32,506.71999999999997
paleo,Paleo Beef Stew,american,208.63,137.91,54.39,2022-10-16,17:22:32,2293.27
paleo,A No Bake Paleo Chocolate Cashew Coconut Dessert That’s Healthy,american,27.93,87.43,751.19,2022-10-16,17:22:32,3903.3500000000004
paleo,"Easy Chicken Herb Salad (Paleo, Low Carb) recipes",american,81.02,9.13,109.01,2022-10-16,17:22:32,842.29
paleo,Frozen Chocolate Custard (Low Carb and Paleo Friendly),american,40.47,56.32,184.95,2022-10-16,17:22:38,1408.56
paleo,Paleo Ground Beef Spaghetti Squash Skillet recipes,italian,96.21,128.43,115.48,2022-10-16,17:22:38,2002.63
paleo,Salted Caramel Bliss Balls- Aka Paleo Style Truffles,french,58.09,221.62,168.29,2022-10-16,17:22:38,2900.1
paleo,20-Minute Paleo Cashew Chicken,american,189.22,139.79,190.27,2022-10-16,17:22:38,2776.0699999999997
paleo,"Healthy Buffalo Turkey Meatballs (paleo, GF) recipes",american,107.96,14.59,67.22,2022-10-16,17:22:38,832.03
paleo,"Shepherd’s Pie with Cauliflower Topping (GAPS, Paleo, Grain-Free) recipes",american,110.14,57.66,168.1,2022-10-16,17:22:38,1631.9
paleo,Paleo Chocolate and Candied Orange Peel Freezer Fudge (GF) recipes,american,60.59,289.03,220.89,2022-10-16,17:22:38,3727.1899999999996
paleo,Paleo Crockpot BBQ Pulled Pork,american,403.14,254.68,412.96,2022-10-16,17:22:38,5556.5199999999995
paleo,Primal Roast Beast Wrap Recipe,british,65.76,53.13,62.59,2022-10-16,17:22:38,991.57
paleo,Paleo Chili Over Zero Carb Paleo Miracle Rice™,american,184.44,249.2,24.04,2022-10-16,17:22:38,3076.7199999999993
paleo,Saucy Grilled Paleo Pork Chops Recipe,eastern europe,77.12,79.94,29.49,2022-10-16,17:22:38,1145.9
paleo,"Orange and Five-Spice Roasted Chicken Legs | Keto, Paleo",mediterranean,677.22,41.71,686.9,2022-10-16,17:22:38,5831.87
paleo,The Best Paleo Beef Enchiladas recipes,mexican,116.96,182.48,163.36,2022-10-16,17:22:38,2763.6
paleo,Paleo Chicken Taco Meatballs (GF) recipes,mexican,90.61,10.48,51.89,2022-10-16,17:22:38,664.3199999999999
paleo,Smoky BBQ Paleo Chili recipes,american,97.93,107.81,116.11,2022-10-16,17:22:38,1826.45
paleo,Collard Green Paleo Slaw (Super Slaw) recipes,mediterranean,5.4,28.18,31.71,2022-10-16,17:22:45,402.06000000000006
paleo,"Blueberry Chia Seed Coleslaw (Paleo, GF) recipes",american,12.01,80.23,53.09,2022-10-16,17:22:45,982.47
paleo,"Orange Chicken Recipe (Paleo, Grain-Free) recipes",french,191.91,161.86,143.79,2022-10-16,17:22:45,2799.54
paleo,Sneaky Chocolate Veggie Cake (Paleo option) recipes,american,96.82,335.74,291.09,2022-10-16,17:22:45,4573.299999999999
paleo,Paleo Cauliflower Fried Rice,chinese,56.99,97.39,56.34,2022-10-16,17:22:45,1329.83
paleo,Caramel Chocolate Mousse (Paleo & Vegan) recipes,american,38.1,270.02,232.58,2022-10-16,17:22:45,3512.9
paleo,"Healthy Fudge Bites {Paleo, Gluten Free, Sugar Free, Dairy Free} recipes",american,8.38,178.34,297.71,2022-10-16,17:22:45,2829.42
paleo,"Easy Crab Cakes (Paleo, Low Carb) recipes",french,94.1,15.58,63.84,2022-10-16,17:22:45,771.98
paleo,Keto Paleo Meatloaf recipes,american,143.36,37.65,172.61,2022-10-16,17:22:45,1602.73
paleo,Paleo Ginger Cake with Lemon and Coconut,french,59.12,86.59,200.92,2022-10-16,17:22:45,1819.47
paleo,Paleo Whole30 Classic Potato Salad,mediterranean,32.03,272.41,57.65,2022-10-16,17:22:45,2810.41
paleo,Paleo Chocolate Pistachio Biscotti recipes,italian,53.41,214.31,129.8,2022-10-16,17:22:45,2661.63
paleo,Paleo Sloppy Joes with Sweet Potatoes recipes,american,90.72,202.74,106.32,2022-10-16,17:22:45,2612.8199999999997
paleo,Gluten Free “Carrot Cake” Vegan Cheesecake {Paleo} recipes,american,74.18,426.76,307.56,2022-10-16,17:22:45,5367.8
paleo,Paleo Chocolate Chunk Banana Bread recipes,american,81.41,257.6,233.5,2022-10-16,17:22:45,3578.04
paleo,Paleo Sweet and Sour Pork,mediterranean,97.79,167.44,112.53,2022-10-16,17:22:45,2348.2400000000002
paleo,"Egg Salad Lettuce Wraps (Paleo, GF) recipes",american,31.06,10.09,50.9,2022-10-16,17:22:52,418.65
paleo,"Spaghetti Squash Soup with Pumpkin and Fall Flavors {GF, Vegan, Paleo}",american,42.79,175.5,44.84,2022-10-16,17:22:52,1930.02
paleo,"BBQ Beef Pizza (AIP, Paleo)",italian,111.23,259.49,110.34,2022-10-16,17:22:52,3221.69
paleo,Paleo-Approved Classic Chicken Salad,american,37.0,58.18,212.82,2022-10-16,17:22:52,1522.9
paleo,Primal Curried Egg Salad Coconut Wraps,american,22.37,38.14,42.75,2022-10-16,17:22:52,603.74
paleo,Baked Salmon with Pesto and Pecans,nordic,329.12,8.78,251.78,2022-10-16,17:22:52,2402.62
paleo,Paleo Banana Chocolate Chip Muffins,american,105.65,526.6,219.56,2022-10-16,17:22:52,6040.240000000001
paleo,"Almond Flour Crust for Tarts or Pies - Gluten Free, Low Carb, Sugar Free, Paleo recipes",american,62.5,84.87,199.1,2022-10-16,17:22:52,1810.23
paleo,"Spatchcock Herbed Chicken (Paleo, Whole30 option)",french,226.67,21.54,221.69,2022-10-16,17:22:52,1987.3
paleo,Paleo Chocolate Sweet Potato Bread (gluten and dairy free),american,77.32,1801.16,887.91,2022-10-16,17:22:52,20071.36
paleo,Easy Paleo Lemon Chia Seed Muffins,american,74.35,542.66,211.44,2022-10-16,17:22:52,6027.099999999999
paleo,Paleo Chocolate Honey Bars recipes,american,77.32,349.38,266.18,2022-10-16,17:22:52,4518.42
paleo,DIY Chicken Burrito Bowl (Paleo),mexican,86.59,165.25,101.45,2022-10-16,17:22:52,2239.4100000000003
paleo,"Healthy Buffalo Turkey Meatloaf (Paleo, Whole30) recipes",american,217.07,34.17,134.74,2022-10-16,17:22:58,1714.77
paleo,Paleo Slow Cooker Beef Stew recipes,american,179.32,120.49,36.68,2022-10-16,17:22:58,1948.4099999999999
paleo,"Teriyaki Salmon Recipe (Grain-Free, Paleo) recipes",nordic,102.48,104.16,59.07,2022-10-16,17:22:58,1583.6399999999999
paleo,Banana Cocoa Snack Cake (Paleo) recipes,american,68.94,227.74,168.98,2022-10-16,17:22:58,3001.34
paleo,Paleo Creole Meatballs,american,134.14,55.22,177.0,2022-10-16,17:22:58,1741.54
paleo,Easy Paleo Shepherd's Pie recipes,american,107.14,93.45,137.29,2022-10-16,17:22:58,1818.77
paleo,"Buffalo Chicken Cobb Salad {paleo, whole30",american,3.26,7.35,89.83,2022-10-16,17:22:58,438.51
paleo,Paleo Carrot & Apple Juicer Pulp Muffi,british,56.05,119.56,118.16,2022-10-16,17:22:58,1772.88
paleo,Sesame Ginger Paleo Turkey Meatballs recipes,american,104.28,42.67,56.99,2022-10-16,17:22:58,1029.1100000000001
paleo,"Coconut Chocolate Chip Healthy Vegan Ice Cream Recipe (Paleo, Homemade, Dairy-Free)",american,16.29,154.99,89.99,2022-10-16,17:22:58,1820.0300000000002
paleo,Zero Carb Beef Stew w/Paleo Rice By Paleo Nate,american,459.83,289.66,200.26,2022-10-16,17:22:58,5247.3
paleo,Creamy Paleo Chicken Enchiladas Verdes recipes,mexican,168.06,206.21,137.17,2022-10-16,17:22:58,3076.81
paleo,"Paleo Vegetarian Tacos with Zucchini, Squash & Eggplant recipes",mexican,33.3,254.57,86.36,2022-10-16,17:22:58,2769.77
paleo,Paleo Chocolate Pecan Tart,american,52.41,149.85,387.32,2022-10-16,17:22:58,3107.5699999999997
paleo,"Paleo Pepperoni Pizza with Veggies {GF, DF}",italian,39.65,112.8,58.12,2022-10-16,17:22:58,1406.28
paleo,Chicken Shawarma on Pita recipes,middle eastern,237.66,213.88,158.28,2022-10-16,17:23:05,3508.68
paleo,Almond Crusted Tilapia,mediterranean,135.57,96.94,107.04,2022-10-16,17:23:05,1842.9
paleo,Paleo Creole Meatballs recipes,american,134.58,57.97,177.14,2022-10-16,17:23:05,1768.6100000000001
paleo,"Mini Zucchini Avocado Burgers Recipe [Paleo, Keto, AIP]",american,44.44,15.24,93.04,2022-10-16,17:23:05,687.0799999999999
paleo,Paleo Thai Chicken Pizza recipes,south east asian,69.42,349.98,61.24,2022-10-16,17:23:05,3672.46
paleo,"The BEST Strawberry Banana Bread {Paleo, Vegan, Gluten Free}",american,52.44,304.22,97.85,2022-10-16,17:23:05,3339.140000000001
paleo,Paleo Albino Mole Cake – Maulwurftorte with a Twist,italian,56.57,247.41,327.06,2022-10-16,17:23:05,3761.21
paleo,"Salted Caramel Paleo Bark (GF, dairy-free) recipes",american,29.64,509.13,144.51,2022-10-16,17:23:05,5278.77
paleo,Lemony Brussels Sprouts Salad {vegan+glutenfree+paleo},american,41.86,80.89,59.56,2022-10-16,17:23:05,1133.69
paleo,Paleo Clam Chowder with Cauliflower recipes,american,189.77,141.35,74.16,2022-10-16,17:23:05,2327.87
paleo,Paleo Asian Cauliflower Fried ‘Rice’ recipes,chinese,39.84,54.08,71.55,2022-10-16,17:23:05,932.28
paleo,"Easy Apricot-Mustard Chicken Bake (paleo, GF) recipes",french,113.18,183.36,125.59,2022-10-16,17:23:05,2605.32
paleo,Paleo Mississippi Roast with Lotus Root recipes,british,163.04,58.41,164.26,2022-10-16,17:23:05,1834.8899999999999
paleo,New England Paleo Clam Chowder,american,334.83,207.38,333.75,2022-10-16,17:23:05,4540.74
paleo,Paleo Chicken Cauliflower Fried Rice,chinese,116.43,52.09,87.92,2022-10-16,17:23:12,1286.21
paleo,"My signature dish – Mediterranean Chicken, Paleo-ized",mediterranean,121.64,74.55,135.13,2022-10-16,17:23:12,1698.03
paleo,Red Robin Recreation – Perfectly Crispy Paleo French Fries recipes,french,18.84,183.47,311.62,2022-10-16,17:23:12,2973.0699999999997
paleo,Chorizo Breakfast Tacos recipes,mexican,68.47,66.7,85.65,2022-10-16,17:23:12,1216.7800000000002
paleo,Paleo Cashew Chocolate Chip Blondies recipes,american,63.76,267.66,229.85,2022-10-16,17:23:12,3583.38
paleo,Chocolate Chip Cookie Ice Cream Sandwiches ~ The Paleo Mom,american,23.05,281.18,165.66,2022-10-16,17:23:12,3285.4599999999996
paleo,Paleo Shepards Pie recipes,american,114.59,106.71,89.4,2022-10-16,17:23:12,1776.35
paleo,"Angel Food Cake (Grain-Free, Paleo) recipes",american,58.83,330.85,126.65,2022-10-16,17:23:12,3719.57
paleo,Paleo Chicken and Dumplings,italian,377.65,125.61,194.55,2022-10-16,17:23:12,3419.29
paleo,Grain Free Ice Cream Sandwiches (Paleo and Low Carb) recipes,american,58.81,194.28,185.23,2022-10-16,17:23:12,2724.68
paleo,"Chocolate Berry Tart (Grain-Free, Paleo)",french,97.49,280.14,228.11,2022-10-16,17:23:12,3823.66
paleo,Paleo Chocolate Chunk Strawberry Banana Bread,american,38.2,228.92,94.83,2022-10-16,17:23:12,2592.4
paleo,Instant Pot Purple Paleo Potato Salad Recipe,mediterranean,49.16,188.97,182.14,2022-10-16,17:23:19,2625.93
paleo,Primal Guacamole Burger Recipe,mexican,99.33,50.03,102.87,2022-10-16,17:23:19,1259.07
paleo,"Paleo Kimchi Beef Stir-Fry (Whole30, Keto)",american,66.68,45.64,31.42,2022-10-16,17:23:19,803.1600000000001
paleo,Baked FrenchFries with Chipotle Ranch Dip {Paleo & Whole30} recipes,mexican,17.83,143.96,192.82,2022-10-16,17:23:19,2138.24
paleo,"Vegan Paleo Blueberry Muffins {Grain Free, Gluten Free}",american,24.39,145.01,97.33,2022-10-16,17:23:19,1791.9699999999998
paleo,Guinness Stew recipes,french,173.53,188.85,75.26,2022-10-16,17:23:19,2694.81
paleo,"4 Ingredient Chocolate Peanut Butter Homemade Frosty Recipe (Vegan, Dairy-Free, Gluten-Free, Refined Sugar-Free)",american,25.63,137.31,38.5,2022-10-16,17:23:19,1492.31
paleo,Asian Healthy Broccoli Salad,chinese,61.72,116.82,136.47,2022-10-16,17:23:19,1844.1399999999999
paleo,Cilantro Base recipes,american,3.5,19.57,13.98,2022-10-16,17:23:19,246.05
paleo,Paleo Slow Cooker Honey Garlic Chicken and Vegetables recipes,mediterranean,501.65,312.39,58.06,2022-10-16,17:23:19,5050.349999999999
paleo,Paleo Italian Meatballs & Spaghetti Squash recipes,italian,148.98,115.06,187.38,2022-10-16,17:23:19,2380.98
paleo,"30 Minute Beef Stroganoff Recipe (Paleo, Gluten Free, Dairy Free) recipes",eastern europe,110.57,36.4,308.95,2022-10-16,17:23:19,2005.6799999999998
paleo,"Squash Au Gratin (Paleo, GF) recipes",french,25.32,148.79,102.31,2022-10-16,17:23:19,1849.6299999999999
paleo,"Cream ""Cheesy"" Italian Stuffed Mushrooms {Paleo, Dairy Free, Whole 30}",italian,175.1,129.3,475.09,2022-10-16,17:23:19,3764.46
paleo,Nightshade-free Pizza (from Make It Paleo 2) recipes,italian,164.08,310.6,220.29,2022-10-16,17:23:26,4332.88
paleo,Paleo Turkey or Beef Meatloaf recipes,american,396.66,91.97,209.04,2022-10-16,17:23:26,3250.5299999999997
paleo,Slow Cooker Paleo Sweet Potato Casserole recipes,italian,46.14,368.64,187.19,2022-10-16,17:23:26,4251.08
paleo,"French Swiss Chard Tart (Gluten-Free, Grain-Free, Vegetarian, Paleo Option) recipes",french,96.67,110.45,253.55,2022-10-16,17:23:26,2394.9300000000003
paleo,Paleo Brussels Sprout and Bacon Coleslaw recipes,central europe,44.13,80.3,340.69,2022-10-16,17:23:26,2261.98
paleo,Ranch Roasted Cashews recipes,american,51.65,88.86,137.28,2022-10-16,17:23:26,1555.46
paleo,Simple Egg Drop Soup recipes,chinese,88.59,102.88,60.78,2022-10-16,17:23:26,1523.4
paleo,Paleo Thanksgiving Stuffing with Pumpkin Bread recipes,american,33.75,350.04,119.19,2022-10-16,17:23:26,3762.12
paleo,Garlic Parmesan Zucchini Bread,italian,47.68,72.73,92.86,2022-10-16,17:23:26,1216.73
paleo,Crock Pot Korean Gochujang Pork,french,409.4,101.9,415.15,2022-10-16,17:23:26,4215.299999999999
paleo,"20 Minute Cashew Chicken Recipe {Paleo, Gluten-Free, Clean Eating, Dairy-Free} recipes",italian,165.49,354.68,259.89,2022-10-16,17:23:26,4893.639999999999
paleo,Paleo Kale Orange Beef Stir Fry with Spiralized Sweet Potato Noodles,asian,53.5,90.16,45.21,2022-10-16,17:23:26,1206.28
paleo,"Bang Bang Shrimp (Paleo, Whole30, AIP)",japanese,94.91,24.03,95.1,2022-10-16,17:23:26,976.31
paleo,"French Tomato, Tuna, & Mustard Quiche (paleo, GF) recipes",french,63.83,61.93,58.2,2022-10-16,17:23:26,1045.49
paleo,Bacon Wrapped Chili Dogs,american,73.79,27.35,199.7,2022-10-16,17:23:33,1340.1100000000001
paleo,"Coconut Custard Pie {Paleo, Dairy Free} recipes",american,80.9,762.78,525.09,2022-10-16,17:23:33,9288.98
paleo,"Lemony Spring Cobb Salad (paleo, GF) recipes",american,123.97,173.48,208.48,2022-10-16,17:23:33,2891.12
paleo,Mango Turkey Sloppy Joe Salad Bowls {Paleo} recipes,american,106.07,148.46,94.71,2022-10-16,17:23:33,2139.26
paleo,Zucchini-Bacon Egg Muffins (Gluten-Free),british,91.77,24.63,144.03,2022-10-16,17:23:33,1164.87
paleo,Easy Keto Low Carb Taco Soup Recipe,mexican,88.18,55.1,173.29,2022-10-16,17:23:33,1541.7800000000002
paleo,"Coffee Cake (Grain Free, Gaps, Paleo, Primal) recipes",american,109.97,342.18,267.62,2022-10-16,17:23:33,4589.98
paleo,Paleo Shrimp Cakes with Tangy Lemon Aioli recipes,mediterranean,76.25,59.59,119.56,2022-10-16,17:23:33,1319.5500000000002
paleo,Coronation Chicken Salad,american,106.52,38.99,136.13,2022-10-16,17:23:33,1321.51
paleo,Healthy Chocolate Potato Whiskey Cake with Chocolate Whiskey Ganache recipes,french,39.51,390.78,125.83,2022-10-16,17:23:33,4178.379999999999
paleo,Seafood Pumpkin Spaghetti Squash Pasta {Paleo} recipes,italian,37.87,78.72,76.18,2022-10-16,17:23:33,1164.68
paleo,"Sweet Potato Salad Niçoise (paleo, GF) recipes",french,119.06,196.4,78.45,2022-10-16,17:23:33,2557.6400000000003
paleo,"Sausage Tomato Basil Paleo Pizza {GF, DF} recipes",italian,76.95,440.95,38.48,2022-10-16,17:23:33,4430.2699999999995
paleo,Crock Pot Barbecue Turkey Thighs recipes,american,401.69,121.06,139.12,2022-10-16,17:23:33,3252.78
paleo,"Red Coconut Curry Pulled Chicken (Paleo, GF) recipes",south east asian,269.34,125.64,294.69,2022-10-16,17:23:33,3386.88
paleo,"Mixed Baby Greens with Strawberries, Gorgonzola and Poppy Seed Dressing recipes",mediterranean,18.06,64.11,53.22,2022-10-16,17:23:39,862.11
paleo,Chocolate Dipped Chocolate Meringue Cookies recipes,french,21.57,53.33,61.7,2022-10-16,17:23:39,813.05
paleo,Paleo German Chocolate Cake recipes,central europe,69.49,539.28,261.39,2022-10-16,17:23:39,6177.039999999999
paleo,Paleo Pumpkin Chili {Nightshade-Free} recipes,american,160.42,229.01,71.05,2022-10-16,17:23:39,2986.97
paleo,Paleo Fajita Salad with Chicken Taco Meatballs (GF) recipes,mexican,96.02,119.74,160.31,2022-10-16,17:23:39,2102.9799999999996
paleo,"Kung Pao Cauliflower Chicken - Low Carb, Keto, Paleo and Gluten-Free! recipes",eastern europe,264.42,103.62,53.3,2022-10-16,17:23:39,2203.46
paleo,Paleo Orange Chicken with Cauliflower Rice recipes,mediterranean,213.27,102.46,223.15,2022-10-16,17:23:39,2667.82
paleo,Perfect Peanut Butter Blossoms recipes,american,68.1,167.94,194.8,2022-10-16,17:23:39,2563.0600000000004
paleo,Paleo Buffalo Chicken Nuggets recipes,american,138.21,63.62,412.64,2022-10-16,17:23:39,2775.98
paleo,GO-LO Sugar Free Hazelnut Spread Review,american,14.52,183.36,14.79,2022-10-16,17:23:39,1767.4800000000002
paleo,Carrot Spice Cake Ice Cream,american,7.28,129.89,17.14,2022-10-16,17:23:39,1266.6899999999996
paleo,Moroccan Saffron Chicken recipes,middle eastern,228.34,43.52,254.6,2022-10-16,17:23:39,2323.44
paleo,Lemongrass Vietnamese Meatballs recipes,south east asian,83.95,55.81,106.65,2022-10-16,17:23:39,1264.69
paleo,Fudgy Flourless Brownies recipes,french,62.8,401.12,322.08,2022-10-16,17:23:39,5149.599999999999
paleo,Paleo Chicken Fingers and Garlic Honey Dijon Dipping Sauce,french,134.16,102.85,229.66,2022-10-16,17:23:39,2380.93
paleo,Chocolate Almond Butter Cups,american,43.68,202.08,326.55,2022-10-16,17:23:39,3299.6400000000003
paleo,"Paleo & Vegan Peach Cobbler {Gluten-free, Dairy-free} recipes",american,27.51,196.21,99.15,2022-10-16,17:23:39,2272.53
paleo,Paleo Chicken Pot Pie Casserole recipes,italian,170.51,373.02,129.07,2022-10-16,17:23:39,4555.5
paleo,Gai Satay (Chicken Satay with Peanut Sauce and Cucumber Salad),south east asian,99.35,18.37,59.84,2022-10-16,17:23:46,802.09
paleo,"Bacon, Caramelized Onion, and Veggie Quiche {Paleo, GF, DF}",french,93.25,154.98,219.75,2022-10-16,17:23:46,2646.8199999999997
paleo,Slow Cooker Paleo Pot Roast with Mashed Sweet Potatoes recipes,american,331.51,114.76,148.97,2022-10-16,17:23:46,2954.76
paleo,"Cauliflower and Bacon Au Gratin (paleo, GF, dairy-free) recipes",french,60.6,81.73,167.05,2022-10-16,17:23:46,1646.17
paleo,Cinnamon and Honey Roasted Walnuts recipes,american,0.9,54.56,2.64,2022-10-16,17:23:46,505.20000000000005
paleo,Best Easy Salsa Chicken Recipe to Prepare Ahead of Time recipes,mexican,169.37,36.63,87.69,2022-10-16,17:23:46,1357.91
paleo,Paleo Honey Orange Beef Stir Fry with Sweet Potato Noodles and Kale recipes,asian,55.86,114.48,45.35,2022-10-16,17:23:46,1435.16
paleo,Chipotle Ranch Chicken Burgers {Paleo & Whole30} recipes,american,85.89,119.62,200.22,2022-10-16,17:23:46,2221.02
paleo,Coconut Mocha Loco Coffee Cake,american,6.57,43.3,50.35,2022-10-16,17:23:46,617.38
paleo,Keto Taco Stuffed Mini Peppers,american,64.53,66.96,87.66,2022-10-16,17:23:46,1211.4
paleo,Cauliflower Sweet Potato Burgers with Avocado and Sriracha Aioli (Vegetarian Paleo) recipes,american,45.65,218.51,201.1,2022-10-16,17:23:46,2953.59
paleo,Kofta Kari recipes,indian,145.17,73.29,215.96,2022-10-16,17:23:46,2104.13
paleo,5 Minute Grape Sorbet recipes,mediterranean,3.28,107.24,0.73,2022-10-16,17:23:46,981.1999999999999
paleo,"Baked Low Carb Zucchini Fries (Paleo, AIP, Keto, Dairy Free)",french,25.33,57.48,97.11,2022-10-16,17:23:46,1007.0799999999999
paleo,"Chicken Alfredo Bake Recipe {Paleo, Clean Eating, Gluten-Free, Dairy-Free, Whole30} recipes",italian,134.66,68.36,106.66,2022-10-16,17:23:53,1580.52
paleo,Sweet and Spicy Sriracha Paleo Meatballs {easy} recipes,american,91.33,107.34,96.42,2022-10-16,17:23:53,1717.0600000000002
paleo,Sweet Potato Nachos,mexican,81.13,112.58,113.68,2022-10-16,17:23:53,1792.46
paleo,Sausage Broccoli Egg Muffins,british,94.02,11.86,99.36,2022-10-16,17:23:53,880.26
paleo,Whole30 Crispy Coconut Chicken Nuggets,american,109.75,71.12,269.2,2022-10-16,17:23:53,2155.88
paleo,Two-Ingredient Chocolate Banana Ice Cream {Vegan} recipes,american,7.84,117.07,3.42,2022-10-16,17:23:53,1098.6699999999998
paleo,Classic Deviled Eggs,french,76.19,8.31,153.07,2022-10-16,17:23:53,991.8299999999999
paleo,"4 Creative, Crustless Pizza Recipes recipes",italian,188.18,157.29,267.62,2022-10-16,17:23:53,3238.81
paleo,Five Ingredient Friday: Chocolate and Toasted Coconut Butter Swirl Cups,american,43.32,176.95,400.96,2022-10-16,17:23:53,3369.67
paleo,Lemon Creme Cups,french,8.34,67.08,85.75,2022-10-16,17:23:53,980.08
paleo,"Fresh Garden Egg Salad with Turmeric Dijon Dressing {Paleo, Whole30} recipes",american,35.46,39.47,97.69,2022-10-16,17:23:53,887.83
paleo,Paleo Buffalo Chicken Strips with Goat Cheese Dipping Sauce recipes,american,153.16,142.11,192.3,2022-10-16,17:23:53,2660.83
paleo,Chicken and “Rice” Casserole (Grain-Free) recipes,south american,248.4,78.44,162.33,2022-10-16,17:23:53,2348.88
paleo,Ranch Roasted Cashews,american,51.65,88.86,137.28,2022-10-16,17:23:53,1555.46
paleo,Sausage Stuffed Sweet Potatoes,american,11.33,29.24,15.9,2022-10-16,17:23:53,372.08
paleo,Baked Spicy BBQ Adobo Chicken Wings recipes,american,322.74,131.92,284.0,2022-10-16,17:23:53,3614.24
paleo,Smoked Salmon Salad Cake recipes,nordic,79.44,94.82,134.03,2022-10-16,17:23:53,1707.2599999999998
paleo,BBQ Loaded Sweet Potatoes - in the crockpot,american,189.59,221.23,116.19,2022-10-16,17:24:00,3214.1899999999996
paleo,"Chicken Parmesan With Zucchini Noodles (Grain Free, Paleo, Primal, Gaps, Gluten Free)",asian,326.04,104.56,155.59,2022-10-16,17:24:00,2867.56
paleo,Paleo Ground Lamb Shepherd's Pie recipes,american,129.5,391.87,152.99,2022-10-16,17:24:00,4656.79
paleo,Carb Free Cloud Bread,american,23.34,4.53,17.99,2022-10-16,17:24:00,206.08999999999997
paleo,"Creamy Buffalo Chicken Spaghetti Squash Casserole (paleo, GF) recipes",italian,215.7,128.63,216.47,2022-10-16,17:24:00,2886.35
paleo,"Pad Thai Recipe (Grain-Free, Paleo, Gluten Free)",south east asian,496.2,2023.05,211.1,2022-10-16,17:24:00,21036.65
paleo,Sausage Stuffed Sweet Potatoes,central europe,11.33,29.24,15.9,2022-10-16,17:24:00,372.08
paleo,"Mini Applesauce Carrot Cake Muffins (Gluten-Free, Paleo) recipes",british,37.99,118.13,102.82,2022-10-16,17:24:00,1626.41
paleo,Grilled Gochujang Pork Chops with Watermelon Mint Salad recipes,american,171.73,52.28,107.51,2022-10-16,17:24:00,1587.48
paleo,"Asian Southwest Fusion EASY Kimchi Recipe (Paleo, Vegan Friendly) recipes",american,18.18,90.26,1.62,2022-10-16,17:24:00,891.5400000000001
paleo,Blueberry French Toast Casserole,french,74.19,289.85,81.62,2022-10-16,17:24:00,3231.89
paleo,Tortilla Soup Recipe,mexican,274.38,240.62,219.7,2022-10-16,17:24:00,4141.9
paleo,Basil and Sun-Dried Tomato Compound Butter,american,2.41,5.63,92.42,2022-10-16,17:24:00,429.99
paleo,Green Beans with Scrambled Eggs and Sausages recipes,american,46.37,12.17,56.94,2022-10-16,17:24:00,522.77
paleo,Balsamic mustard salad dressing,american,1.67,38.66,82.05,2022-10-16,17:24:00,682.8199999999999
paleo,Curry-Infused Deviled Duck Eggs,mexican,161.98,20.54,307.48,2022-10-16,17:24:00,2062.7
paleo,Air Fryer Recipes (131 Style),italian,6.02,19.0,18.58,2022-10-16,17:24:06,269.4
paleo,"Whole30 Shepherd's Pie (Paleo, GF) recipes",american,123.49,333.49,133.61,2022-10-16,17:24:06,4029.81
paleo,Prosciutto Wrapped Pork Tenderloin,american,189.23,75.63,35.1,2022-10-16,17:24:06,1577.99
paleo,Tuna Salad recipes,american,56.28,5.32,47.74,2022-10-16,17:24:06,463.96000000000004
paleo,Paleo Chicken Bacon Strawberry Salad with Orange Balsamic recipes,british,140.43,80.35,297.8,2022-10-16,17:24:06,2476.0699999999997
paleo,Easy 3-Ingredient Homemade Chocolate Peanut Butter Cups recipes,italian,52.06,181.35,205.06,2022-10-16,17:24:06,2660.63
paleo,Chicken Pesto Discs recipes,italian,89.94,54.81,119.82,2022-10-16,17:24:06,1332.33
paleo,Egg Roll Bowls,italian,109.12,94.35,95.42,2022-10-16,17:24:06,1667.3100000000002
paleo,"Broccoli, Feta, and Sausage Frittata",mediterranean,133.75,39.86,157.09,2022-10-16,17:24:06,1522.1
paleo,Kiwi Apple Cider,american,8.53,210.51,9.79,2022-10-16,17:24:06,1967.87
paleo,Marla Sarris recipes,italian,97.03,203.4,62.14,2022-10-16,17:24:06,2467.28
paleo,Elvis Style Loaded Sweet Potato,south american,12.26,45.88,30.15,2022-10-16,17:24:06,582.5600000000001
paleo,Cranberry Coconut Macaroons,american,21.11,155.62,225.04,2022-10-16,17:24:06,2385.18
paleo,No-Bake Energy Bars with Chocolate and Turmeric,american,33.66,81.57,148.1,2022-10-16,17:24:06,1461.1699999999998
paleo,Butternut Squash Instant Pot Chili,american,13.0,107.78,15.66,2022-10-16,17:24:06,1084.66
paleo,Turkey Taco Balls,american,83.4,29.79,24.43,2022-10-16,17:24:06,699.4300000000001
paleo,3-Ingredient Crunchy Strawberry Ice-Cream recipes,american,17.65,293.51,94.4,2022-10-16,17:24:13,3089.79
paleo,No-Bake Vegan Key-Lime Mini Cheesecakes,american,83.81,336.47,357.93,2022-10-16,17:24:13,4795.1900000000005
paleo,Turkey Soup,american,1142.58,693.64,287.86,2022-10-16,17:24:13,11964.52
paleo,Low Carb Fried Ice Cream,italian,22.62,127.17,104.56,2022-10-16,17:24:13,1653.25
paleo,Smoked Beef Brisket recipes,south american,245.48,17.89,340.43,2022-10-16,17:24:13,2504.6499999999996
paleo,Cauliflower Hash Browns Who Knew?,french,24.46,27.76,27.96,2022-10-16,17:24:13,459.52
paleo,"Balsamic Apple Walnut Salad {GF, Low Cal} recipes",american,7.26,35.93,11.89,2022-10-16,17:24:13,399.97
paleo,Cauliflower Bread,british,75.17,48.1,183.37,2022-10-16,17:24:13,1467.06
paleo,"Grilled Chicken Pesto Pizza (grain-free, egg-free, nightshade-free) recipes",italian,88.13,161.76,115.41,2022-10-16,17:24:13,2270.0
paleo,Spiralized Cucumber Salad Recipe with Chia Seed Strawberry Vinaigrette {Vegan + Paleo} recipes,american,12.17,97.45,76.12,2022-10-16,17:24:13,1230.21
paleo,"Easy Vegan White Cake with Chocolate Coconut Frosting {Gluten Free, Paleo Friendly} recipes",american,75.26,371.75,313.13,2022-10-16,17:24:13,4899.3099999999995
paleo,BBQ Chicken Sweet Potato Pizza,italian,112.99,285.71,98.15,2022-10-16,17:24:13,3415.95
paleo,Creamy Bacon Beet Salad recipes,american,13.37,37.94,68.16,2022-10-16,17:24:13,667.5799999999999
paleo,Walnut Pesto recipes,italian,31.36,15.7,39.44,2022-10-16,17:24:13,424.5
paleo,Baked Ranch Chicken Tenders recipes,american,105.57,129.65,146.59,2022-10-16,17:24:13,2175.4900000000002
paleo,Blueberry French Toast Casserole recipes,french,72.14,306.66,36.59,2022-10-16,17:24:20,3194.86
paleo,Low Carb Bulgogi Ground Beef Bowl recipes,british,146.61,79.92,50.85,2022-10-16,17:24:20,1509.1200000000001
paleo,Kale Pesto recipes,italian,69.78,25.2,204.3,2022-10-16,17:24:20,1323.12
paleo,Chicken Avocado Burgers,nordic,97.13,35.1,101.67,2022-10-16,17:24:20,1111.1000000000001
paleo,"Green Chile Turkey Taco Salad with Peppers and Avocado (Paleo, Low-Carb, Gluten Free) recipes",american,170.68,144.12,180.71,2022-10-16,17:24:20,2702.64
paleo,INSTANT POT CHICKEN MARINARA,italian,194.67,26.26,91.92,2022-10-16,17:24:20,1382.7
paleo,Blueberries and Cream Truffles recipes,american,22.64,205.97,170.65,2022-10-16,17:24:20,2626.89
paleo,Classic Egg Salad,american,34.18,10.4,69.54,2022-10-16,17:24:20,508.48
paleo,Cucumber Tuna Cups,mediterranean,25.78,17.19,40.92,2022-10-16,17:24:20,421.51000000000005
paleo,Cauliflower Fried Rice recipes,chinese,150.64,79.08,369.91,2022-10-16,17:24:20,2793.92
paleo,Sauteed Leek with Bacon recipes,french,11.61,39.2,41.13,2022-10-16,17:24:20,563.76
paleo,Roast a Whole Cauliflower recipes,american,12.34,39.51,16.73,2022-10-16,17:24:20,471.87
paleo,Dark Chocolate Cashew Butter Candy,french,42.76,169.71,181.61,2022-10-16,17:24:20,2424.87
paleo,Maple Frosted Almond Butter Blondies recipes,american,70.14,355.31,243.28,2022-10-16,17:24:20,4451.47
paleo,Honey Lime Shrimp recipes,american,92.31,26.34,2.46,2022-10-16,17:24:20,616.14
paleo,Grilled Salmon Cobb Salad {Whole 30} recipes,nordic,60.01,22.5,112.86,2022-10-16,17:24:20,893.98
paleo,Tuna-Stuffed Eggs recipes,italian,52.87,4.1,29.95,2022-10-16,17:24:26,368.18
paleo,Chocolate Caramel Chia Pudding,british,145.04,1545.27,177.4,2022-10-16,17:24:26,15197.19
paleo,Old Fashioned Deviled Eggs,american,60.92,6.01,118.36,2022-10-16,17:24:26,771.21
paleo,INSTANT POT CHICKEN CACCIATORE,italian,242.04,87.12,190.75,2022-10-16,17:24:26,2515.24
paleo,Paleo Tortillas,french,39.65,23.86,56.1,2022-10-16,17:24:26,597.74
paleo,Marla Sarris recipes,american,250.91,134.81,185.31,2022-10-16,17:24:26,2958.17
paleo,One Pot Bacon Braised Lamb Stew {Grain Fre,french,147.55,133.02,214.67,2022-10-16,17:24:26,2646.06
paleo,Strawberry Lime Granita,italian,4.45,56.47,1.76,2022-10-16,17:24:26,533.0699999999999
paleo,Oven Poached Salmon with Cherry Tomatoes a,nordic,103.94,25.78,75.84,2022-10-16,17:24:26,951.14
paleo,Barbecue Chicken Pizza recipes,italian,91.36,208.4,50.82,2022-10-16,17:24:26,2444.32
paleo,Hamburger Steaks With Stroganoff Gravy,eastern europe,104.61,60.01,231.37,2022-10-16,17:24:26,1884.01
paleo,Traditional German Rotkohl (Sweet/Sour Red Cabbage) recipes,central europe,13.91,131.15,48.71,2022-10-16,17:24:26,1430.8300000000002
paleo,Chocolate and Toasted Coconut Butter Pudding recipes,british,15.67,41.91,94.91,2022-10-16,17:24:33,819.51
paleo,Taco Stuffed Avocado Cups,mexican,103.22,54.18,123.51,2022-10-16,17:24:33,1394.54
paleo,Crab Stuffed Shrimp Recipe,mediterranean,122.29,4.81,31.9,2022-10-16,17:24:33,660.0500000000001
paleo,Basic Balsamic Steak Marinade recipes,american,97.52,21.4,145.98,2022-10-16,17:24:33,1166.6
paleo,Slow Cooker Red-Cooked Chicken,chinese,257.78,119.4,274.45,2022-10-16,17:24:33,3203.5200000000004
paleo,Easy Garlic and Rosemary Roast Beef recipes,mediterranean,316.98,3.68,246.05,2022-10-16,17:24:33,2285.24
paleo,Paleo chocolate,american,8.66,77.46,114.72,2022-10-16,17:24:33,1190.6599999999999
paleo,Honey Garlic Ribs,american,410.45,209.84,349.93,2022-10-16,17:24:33,4930.08
paleo,Paleo and Vegan Pumpkin and Fig Bread Pudding. Plus Why We Might Need Carbs During Fall Season recipes,british,15.17,104.57,12.73,2022-10-16,17:24:33,1052.7299999999998
paleo,Cauliflower Potato Salad,american,39.1,51.14,65.66,2022-10-16,17:24:33,879.3
paleo,SPIRALIZED SWEET POTATO FRIES recipes,south american,3.35,37.48,131.84,2022-10-16,17:24:33,878.0799999999999
paleo,Healthy Chocolate Truffles recipes,french,19.39,113.88,103.46,2022-10-16,17:24:33,1516.32
paleo,Paleo Crepes,french,29.26,9.68,63.3,2022-10-16,17:24:40,457.36
paleo,Chocolate-Nut Fudge recipes,american,42.37,280.53,224.06,2022-10-16,17:24:40,3590.49
paleo,Healthy Vegan Green Bean Casserole recipes,american,20.36,104.02,17.13,2022-10-16,17:24:40,1086.1399999999999
paleo,Vegan Ranch Dressing,american,17.1,26.49,77.37,2022-10-16,17:24:40,616.29
paleo,"Chicken Sausage, Mashed Potatoes, and Baby Broccoli recipes",american,63.18,146.69,32.84,2022-10-16,17:24:40,1704.29
paleo,Oven-Baked Sloppy Joes,american,405.14,202.29,455.75,2022-10-16,17:24:40,5264.17
paleo,Oven-Baked Parmesan Green Bean Fries,italian,67.07,37.59,43.58,2022-10-16,17:24:40,780.9100000000001
paleo,Paleo Spaghetti,italian,113.5,84.51,32.34,2022-10-16,17:24:40,1343.9500000000003
paleo,Chocolate Drizzled Pumpkin Donuts,american,22.76,128.52,30.38,2022-10-16,17:24:40,1369.24
paleo,Chinese Beef and Broccoli recipes,chinese,120.87,99.95,62.06,2022-10-16,17:24:40,1631.2700000000002
paleo,Pumpkin Pie Chia Seed Pudding recipes,british,5.44,33.63,7.98,2022-10-16,17:24:40,356.35
paleo,Paleo Spaghetti,italian,91.7,90.28,103.95,2022-10-16,17:24:46,1595.12
paleo,Easy Primal Mini Tortilla Pizzas recipes,italian,56.6,119.61,63.87,2022-10-16,17:24:46,1558.3700000000001
paleo,Easy Chicken Salad recipes,american,238.58,46.12,164.79,2022-10-16,17:24:46,2028.56
paleo,Cottage Pie,american,231.51,92.06,376.33,2022-10-16,17:24:46,3259.8999999999996
paleo,Sweet Potato Salad,south american,11.35,83.85,73.27,2022-10-16,17:24:46,1093.1299999999999
paleo,Paleo Potatoes,italian,9.41,66.8,1.0,2022-10-16,17:24:46,642.8399999999999
paleo,No-Bake Chocolate Almond Butter Truffles,american,50.47,168.54,206.65,2022-10-16,17:24:46,2545.3399999999997
paleo,Paleo Coleslaw,mediterranean,1.67,7.27,13.2,2022-10-16,17:24:46,124.90999999999998
paleo,Paleo Grits,american,51.81,70.43,65.92,2022-10-16,17:24:53,1104.7900000000002
paleo,Grilled Vegetables with Lemon Thyme Butter recipes,american,4.51,15.99,147.84,2022-10-16,17:24:53,753.31
paleo,Paleo Hummus,mediterranean,12.42,150.94,168.87,2022-10-16,17:24:53,2083.62
paleo,Paleo Spaghetti,italian,101.28,128.97,96.98,2022-10-16,17:24:53,1953.77
paleo,Garlic Butter Rainbow Trout in Foil,american,91.25,3.47,53.62,2022-10-16,17:24:53,610.71
paleo,Paleo Jello,mediterranean,13.93,33.12,0.96,2022-10-16,17:24:53,357.63999999999993
paleo,Chocolate Covered Stuffed Dates recipes,american,32.88,429.73,154.5,2022-10-16,17:24:53,4617.09
paleo,Paleo Fruitcake,american,82.45,271.48,204.91,2022-10-16,17:24:53,3592.76
paleo,Paleo Pest,french,2.88,5.79,218.98,2022-10-16,17:24:53,939.55
paleo,I Can't Believe It's Not Processed! Caramel Fondant recipes,mediterranean,36.25,169.58,127.08,2022-10-16,17:25:00,2179.54
paleo,Sweet and Spicy Asian-Style Eggplant recipes,south east asian,28.05,135.94,33.77,2022-10-16,17:25:00,1470.74
paleo,"Aunt Rocky’s Onion Pie in Biscuit Crust (Low Carb, Gluten Free)",american,72.94,95.74,162.6,2022-10-16,17:25:00,1803.8200000000002
paleo,What Mom Never Told You About Ambrosia Salad recipes,american,21.27,131.23,47.57,2022-10-16,17:25:00,1456.4299999999998
paleo,"Bacon, Grape and Broccoli Salad",american,97.12,171.09,379.33,2022-10-16,17:25:00,3445.6099999999997
paleo,Tropical Chicken Burger,american,130.68,53.89,75.11,2022-10-16,17:25:00,1308.17
paleo,Paleo Tzatziki,mediterranean,2.82,17.07,0.57,2022-10-16,17:25:00,167.19
paleo,Paleo Wraps,american,11.53,43.67,9.96,2022-10-16,17:25:00,478.99
paleo,Paleo Hash,french,113.32,65.91,136.92,2022-10-16,17:25:00,1594.1499999999996
paleo,Carolina BBQ Meatballs (Low Carb & Glu,american,92.06,28.05,117.08,2022-10-16,17:25:00,1089.01
paleo,Paleo Gingersnaps,british,58.26,120.44,143.2,2022-10-16,17:25:00,1889.8
paleo,Paleo Hummus,mediterranean,21.58,35.21,66.94,2022-10-16,17:25:00,670.97
paleo,"Aunt Rocky’s Keto Hot Cocoa Mix (Sugar Free, Dairy Free, Low Carb)",american,37.91,165.84,34.48,2022-10-16,17:25:00,1782.12
paleo,Paleo Chili,american,198.76,170.02,202.56,2022-10-16,17:25:07,3135.46
paleo,Creamy Cauliflower and Ground Beef Skillet,british,123.76,54.27,293.3,2022-10-16,17:25:07,2156.67
paleo,Flaky Sriracha Cod over Parsnip Carrot Mas,american,9.26,42.6,176.28,2022-10-16,17:25:07,1125.56
paleo,"Addicting Paleo Cashew Hummus (Paleo, low",mediterranean,112.95,191.68,494.13,2022-10-16,17:25:07,4153.4400000000005
paleo,One Pot Bacon Braised Lamb Stew {Grain Free} recipes,french,147.55,133.02,214.67,2022-10-16,17:25:07,2646.06
paleo,paleo pastelon,italian,127.96,257.63,103.37,2022-10-16,17:25:07,3243.9900000000002
paleo,Paleo Spaghetti,italian,113.5,84.51,32.34,2022-10-16,17:25:07,1343.9500000000003
paleo,Paleo Crumble,eastern europe,42.08,149.03,122.62,2022-10-16,17:25:07,2000.07
paleo,Delectable Spinach Zucchini Bites for an Easy Party Snack recipes,italian,38.14,65.53,18.64,2022-10-16,17:25:07,816.8899999999999
paleo,Paleo Chili,american,95.78,97.82,97.17,2022-10-16,17:25:07,1652.18
paleo,Paleo Frittata,italian,173.78,134.07,268.58,2022-10-16,17:25:07,2976.0699999999997
paleo,Paleo Pita,mediterranean,5.69,101.64,31.13,2022-10-16,17:25:13,1062.04
paleo,Paleo Pesto,italian,17.38,19.31,139.44,2022-10-16,17:25:13,801.0699999999999
paleo,Paleo Stew,american,114.49,53.93,116.2,2022-10-16,17:25:13,1408.1299999999999
paleo,Easy Oven Barbecue Chicken recipes,american,55.0,342.7,63.1,2022-10-16,17:25:13,3556.7
paleo,paleo meatballs,american,85.79,12.51,115.51,2022-10-16,17:25:13,917.79
paleo,Dinner: Chicken Avocado Burgers,nordic,92.88,31.09,92.32,2022-10-16,17:25:13,1020.6099999999999
paleo,Banana Cream Pie,american,23.83,210.58,308.61,2022-10-16,17:25:13,3224.98
paleo,Paleo Shakshouka,american,63.65,201.73,36.63,2022-10-16,17:25:13,2216.69
paleo,Pan-Roasted Cashew Broccoli recipes,british,35.44,69.35,30.46,2022-10-16,17:25:13,887.75
paleo,"5-Ingredient Roasted Tomato Soup (Low Carb, Gluten-free) recipes",eastern europe,7.68,30.35,36.87,2022-10-16,17:25:13,451.35
paleo,Mini Hasselback Potatoes with Roasted Garlic,american,47.23,272.38,38.35,2022-10-16,17:25:13,2793.7400000000002
paleo,Spanish Salad Dressing,mediterranean,1.87,61.46,162.33,2022-10-16,17:25:20,1209.94
paleo,Quick And Creamy Chicken Stew recipes,italian,263.77,112.8,309.92,2022-10-16,17:25:20,3309.96
paleo,Roasted Cauliflower Chowder recipes,american,44.63,111.23,150.27,2022-10-16,17:25:20,1780.67
paleo,Paleo Ketchup,italian,15.8,181.21,4.77,2022-10-16,17:25:20,1713.17
paleo,Hearty Chicken Salad recipes,american,144.26,16.24,127.63,2022-10-16,17:25:20,1233.7199999999998
paleo,Homemade Apple Cider,american,6.37,400.39,3.96,2022-10-16,17:25:20,3644.83
paleo,Paleo Dressing,american,22.74,68.54,127.93,2022-10-16,17:25:20,1219.54
paleo,Paleo Salsa,mexican,15.03,79.9,3.0,2022-10-16,17:25:20,791.22
paleo,Paleo Jerky,american,251.76,38.75,139.7,2022-10-16,17:25:20,1914.59
paleo,Paleo Blondies,american,109.85,1343.97,1869.58,2022-10-16,17:25:20,20013.449999999997
paleo,Paleo Spaghetti,italian,98.63,65.37,65.28,2022-10-16,17:25:20,1243.97
paleo,Buffalo Chicken Casserole,american,193.01,74.42,327.15,2022-10-16,17:25:20,2750.42
paleo,Paleo Paella,mediterranean,228.68,66.4,163.41,2022-10-16,17:25:27,2165.96
paleo,Citrus Basil Mojito Pops,caribbean,2.65,44.27,0.75,2022-10-16,17:25:27,412.03000000000003
paleo,Chili Lime Cream Grilled Chicken recipes,american,310.17,22.85,129.07,2022-10-16,17:25:27,1962.6100000000001
paleo,Paleo Calamari,italian,37.6,30.65,877.4,2022-10-16,17:25:27,3935.85
paleo,"Creamy Balsamic Salad Dressing - Easy, Creamy and Real recipes",mediterranean,0.1,2.12,44.59,2022-10-16,17:25:27,197.84
paleo,Waldorf Salad recipes,american,46.42,75.17,187.33,2022-10-16,17:25:27,1611.5300000000002
paleo,Orange Chocolate Pudding,british,33.68,195.5,155.13,2022-10-16,17:25:27,2514.74
paleo,Garlic Mashed Sweet Potatoes With Spinach recipes,american,25.05,200.19,30.7,2022-10-16,17:25:27,2024.71
paleo,Fruit Salsa,mexican,7.67,124.25,2.88,2022-10-16,17:25:27,1160.45
paleo,Thai Red Curry,south east asian,110.25,128.45,106.7,2022-10-16,17:25:27,2023.85
paleo,Low Carb Cauliflower Potato Salad recipes,american,26.18,74.5,62.8,2022-10-16,17:25:27,1026.42
paleo,Paleo Chili,american,305.91,139.01,356.15,2022-10-16,17:25:27,3899.33
paleo,Golden Paleo Muffins – Gluten-Free/Paleo/Vegetarian,american,32.46,254.97,51.28,2022-10-16,17:25:27,2629.69
paleo,Creamy Shaved Brussels Sprouts and Apple Salad recipes,italian,27.78,119.44,158.77,2022-10-16,17:25:33,1821.1599999999999
paleo,Whole30 Tuna Salad,american,29.18,38.85,17.77,2022-10-16,17:25:33,537.45
paleo,Paleo Lasagna,italian,199.07,166.7,292.21,2022-10-16,17:25:33,3465.42
paleo,Low Carb Cauliflower Potato Salad,american,34.18,36.49,119.11,2022-10-16,17:25:33,941.5699999999999
paleo,Creamy Balsamic Dressing Recipe,italian,2.05,14.4,130.22,2022-10-16,17:25:33,658.68
paleo,Beef Stir-fry with Snow Peas and Mushrooms recipes,chinese,117.89,113.86,57.65,2022-10-16,17:25:33,1726.8999999999999
paleo,Baked Sesame Ginger Chicken recipes,chinese,356.6,31.62,198.75,2022-10-16,17:25:33,2505.98
paleo,Genoise-Style Paleo Tiramisu ~ The Paleo Mom,italian,25.73,158.9,188.95,2022-10-16,17:25:33,2288.82
paleo,Sweet Potato Tater Tots,american,16.02,205.34,117.83,2022-10-16,17:25:33,2383.46
paleo,Paleo Middle Eastern Meatballs (Paleo Kibbeh) recipes,middle eastern,102.17,18.57,49.56,2022-10-16,17:25:33,774.05
paleo,Orange Dressing/Vinaigrette,mediterranean,8.69,163.48,574.6,2022-10-16,17:25:33,3804.48
paleo,"Low Carb Nut Free English Muffins (Grain Free, Gluten Free)",british,33.89,22.3,121.33,2022-10-16,17:25:33,821.5799999999999
paleo,Beef Stir-fry with Snow Peas and Mushrooms,british,12.1,45.68,1.06,2022-10-16,17:25:33,463.76
paleo,Raw Vegan Collard Wraps,american,22.88,56.46,107.24,2022-10-16,17:25:40,1028.62
paleo,Chicken Avocado Burgers recipes,nordic,93.27,33.54,92.44,2022-10-16,17:25:40,1044.7
paleo,Creamy Whole30 Avocado Tuna Boats,mediterranean,41.82,57.75,94.29,2022-10-16,17:25:40,1064.19
paleo,Sweet and Sticky Mango Chutney Chicken,indian,256.98,93.99,261.35,2022-10-16,17:25:40,2919.23
paleo,Barbecue Chicken Pizza-ii,italian,91.36,208.4,50.82,2022-10-16,17:25:40,2444.32
paleo,The Paleo Pasty,eastern europe,99.39,192.8,125.8,2022-10-16,17:25:40,2635.96
paleo,Peanut Butter Chocolate Chunk Blondies recipes,american,68.82,231.05,229.81,2022-10-16,17:25:40,3273.9700000000003
paleo,Green Goddess Turkey Burgers recipes,american,138.81,4.66,98.06,2022-10-16,17:25:40,989.4200000000001
paleo,Cassava Flour Chocolate Mayonnaise Cake,american,11.04,422.58,237.46,2022-10-16,17:25:40,4797.219999999999
paleo,Paleo Pizza with a Paleo Pizza Crust recipes,italian,105.31,114.29,180.78,2022-10-16,17:25:40,2172.9700000000003
paleo,Shoyu Ahi Poke recipes,japanese,111.82,11.58,6.85,2022-10-16,17:25:40,578.9
paleo,Dairy-free Chunky Ice Cream,american,18.19,175.0,123.11,2022-10-16,17:25:40,2140.2
paleo,Honey Mustard Salmon,nordic,27.68,63.22,418.12,2022-10-16,17:25:40,2352.1800000000003
paleo,Five C Spiced Salmon recipes,nordic,324.33,4.57,270.7,2022-10-16,17:25:40,2421.25
paleo,Dark & Stormy Date Caramels,french,34.02,119.1,137.32,2022-10-16,17:25:40,1757.2599999999998
paleo,Keto Fried Fish,south east asian,110.93,20.28,53.53,2022-10-16,17:25:40,840.36
paleo,Paleo Salmon Cakes,nordic,110.13,12.03,50.63,2022-10-16,17:25:47,751.31
paleo,Broccoli and bacon salad,american,66.61,142.18,186.51,2022-10-16,17:25:47,2292.1000000000004
paleo,Ground Beef Skillet with Pesto and Greens (Low-FODMAP),british,89.94,10.84,58.45,2022-10-16,17:25:47,691.12
paleo,Sweet and Spicy Asian-style Eggplant,south east asian,28.24,153.01,34.26,2022-10-16,17:25:47,1627.09
paleo,French Onion Dip recipes,american,15.14,44.77,303.62,2022-10-16,17:25:47,1677.97
paleo,Berry Chocolate (Antioxidant) Heaven,american,29.87,352.58,92.19,2022-10-16,17:25:47,3661.46
paleo,Chocolate Ice Cream - That's Dairy AND (Added) Sugar Free,american,17.09,98.33,27.65,2022-10-16,17:25:47,1063.93
paleo,Chocolate Tiramisu (Grain-Free) recipes,italian,44.35,370.33,265.2,2022-10-16,17:25:47,4571.17
paleo,"Strawberry (Heart Berry) Sponge Cake with Swiss Meringue and Coconut Cream (Grain Free, Dairy Free) recipes",british,73.61,215.65,194.58,2022-10-16,17:25:47,3013.61
paleo,CHORIZO BURGER WITH CUCUMBER SLAW recipes,mediterranean,146.06,23.64,205.89,2022-10-16,17:25:47,1620.56
paleo,Paleo Steak and Kidney Pie ~ The Paleo Mom,american,398.01,82.5,282.32,2022-10-16,17:25:47,3463.8199999999997
paleo,Paleo Pizza Crust,italian,34.22,27.58,82.33,2022-10-16,17:25:47,714.42
paleo,Salisbury Steak Meatballs,british,145.56,62.05,169.76,2022-10-16,17:25:47,1819.73
paleo,Paleo Graham Crackers,american,37.62,65.86,83.96,2022-10-16,17:25:47,1079.06
paleo,Pecan and Apple Stuffed Acorn Squash recipes,american,14.02,89.14,100.92,2022-10-16,17:25:54,1262.02
paleo,"Chicken Salad With Grapes, Apples And Cranberries recipe recipes",american,101.36,118.91,252.23,2022-10-16,17:25:54,2484.55
paleo,Paleo Persimmon Pie,american,38.48,518.49,227.16,2022-10-16,17:25:54,5728.97
paleo,Paleo Stir Fry,american,24.43,22.43,8.06,2022-10-16,17:25:54,331.83000000000004
paleo,Keto Strawberry Ice Cream,american,29.56,52.43,291.93,2022-10-16,17:25:54,1757.83
paleo,Paleo Lemon Tarts,french,38.77,126.1,64.78,2022-10-16,17:25:54,1549.1
paleo,Chocolate Chia Seed Pudding,british,13.65,68.33,92.25,2022-10-16,17:25:54,1038.5700000000002
paleo,Braised Cube Steak with Onion Gravy (AIP) recipes,american,22.12,875.89,54.93,2022-10-16,17:25:54,8191.21
paleo,No Bake Almond Butter Bars (Low Carb and Gluten Free) recipes,american,92.22,286.7,321.2,2022-10-16,17:25:54,4233.98
paleo,Paleo Lunch “Buns,italian,5.04,227.0,1.45,2022-10-16,17:25:54,2068.96
paleo,Parmesan Herb Chicken (Grain Free and Low Carb) recipes,italian,166.91,3.84,72.13,2022-10-16,17:25:54,990.72
paleo,Blueberry Crumble (Gluten-free & Sugar-free) recipes,american,60.03,135.78,188.85,2022-10-16,17:25:54,2217.54
paleo,Roasted Garlic Mashed Potatoes recipes,american,25.2,63.62,10.39,2022-10-16,17:25:54,714.9399999999998
paleo,Healthy Coconut Meringue Parfait recipes,french,63.04,161.99,13.34,2022-10-16,17:25:54,1763.43
paleo,Keto Waldorf Salad,american,6.74,27.28,63.62,2022-10-16,17:25:54,526.96
paleo,Grilled Asian Style Wild Alaskan Black Cod recipes,japanese,44.95,39.22,6.89,2022-10-16,17:26:00,560.3399999999999
paleo,Korean Beef Cauliflower Rice Bowls,mediterranean,190.89,158.68,234.05,2022-10-16,17:26:00,3127.88
paleo,Paleo Zucchini Spaghetti,italian,4.74,12.19,14.75,2022-10-16,17:26:00,187.67
paleo,Chicken Jicama Slaw,mexican,112.36,32.53,118.16,2022-10-16,17:26:00,1214.85
paleo,Paleo Acorn Squash,french,3.57,68.92,11.95,2022-10-16,17:26:00,682.3599999999999
paleo,Paleo Coffee Creamer,french,19.37,14.12,98.57,2022-10-16,17:26:00,598.8399999999999
paleo,"Paleo chocolate barks, a.k.a. Paleo turr&o",american,23.75,84.18,191.43,2022-10-16,17:26:00,1618.3400000000001
paleo,Paleo Flour Tortillas (AIP-friendly!) ~ The Paleo Mom,mexican,0.0,150.22,81.0,2022-10-16,17:26:00,1675.98
paleo,Paleo Carrot Cake,british,130.64,371.78,327.27,2022-10-16,17:26:00,5177.66
paleo,"Low Carb Red Cabbage, Mint, and Granny Smi",american,9.8,75.41,56.01,2022-10-16,17:26:07,941.93
paleo,Sweet Potato Tater Tots,american,16.02,205.34,102.76,2022-10-16,17:26:07,2323.18
paleo,Bacon Burger Cauliflower Rice Casserole recipes,american,125.01,32.77,183.92,2022-10-16,17:26:07,1530.65
paleo,Mediterranean Eggs Paleo,mediterranean,12.24,9.38,23.7,2022-10-16,17:26:07,228.18
paleo,Paleo Banana Bread,american,54.23,233.84,97.63,2022-10-16,17:26:07,2712.0
paleo,Paleo Coconut Crepes,french,14.04,9.69,2.72,2022-10-16,17:26:07,154.25
paleo,Easy Paleo Meatballs,french,78.6,2.96,90.8,2022-10-16,17:26:07,704.24
paleo,Paleo Apple Tart,french,9.15,249.27,59.68,2022-10-16,17:26:07,2518.75
paleo,Paleo Birthday Cake,american,71.98,200.17,163.98,2022-10-16,17:26:07,2745.37
paleo,PALEO HASH BROWNS,south american,4.65,114.17,36.32,2022-10-16,17:26:14,1191.4099999999999
paleo,Roasted Beet and Micro Kale Egg White Frittata,italian,38.18,20.35,40.72,2022-10-16,17:26:14,498.75
paleo,Chipotle Pulled Pork Stuffed Potatoes with Creamy Coleslaw recipes,american,32.47,235.85,91.26,2022-10-16,17:26:14,2617.57
paleo,Paleo Hamburger Buns,american,14.22,74.17,20.04,2022-10-16,17:26:14,804.5699999999999
paleo,Paleo Roasted Asparagus,nordic,9.98,17.6,13.32,2022-10-16,17:26:14,251.6
paleo,Paleo Peach Crumble,eastern europe,44.9,261.29,181.17,2022-10-16,17:26:14,3255.89
paleo,Paleo Pesto recipes,italian,12.89,18.24,146.76,2022-10-16,17:26:14,802.76
paleo,Paleo Sausage Balls,american,104.42,60.32,234.14,2022-10-16,17:26:21,1897.12
paleo,Paleo Pumpkin Pie,american,42.95,329.53,179.46,2022-10-16,17:26:21,3855.41
paleo,Paleo Meat Loaf,american,97.33,60.44,97.57,2022-10-16,17:26:21,1323.56
paleo,Paleo Birthday Cake,american,51.4,346.93,234.62,2022-10-16,17:26:21,4266.45
paleo,Paleo Vanilla Custard,italian,27.29,65.95,103.42,2022-10-16,17:26:21,1116.39
paleo,Parmesan Herb Chicken (Grain Free and Low Carb),italian,166.91,3.84,72.13,2022-10-16,17:26:21,990.72
paleo,Paleo Baked Tuna Cakes - Paleo and Gluten-Free,mediterranean,105.58,58.76,166.85,2022-10-16,17:26:21,1618.56
paleo,Mango Banana Vanilla Cream Pops,american,11.09,71.03,97.12,2022-10-16,17:26:21,1072.1100000000001
paleo,Turkey Avocado Burgers,american,203.1,149.26,333.28,2022-10-16,17:26:21,3488.8599999999997
paleo,Paleo Roti recipes,south east asian,16.54,72.39,70.77,2022-10-16,17:26:21,1000.75
paleo,"Instant Pot Paleo Pumpkin Chili {Whole30, Paleo}",american,92.49,93.22,123.26,2022-10-16,17:26:21,1701.98
paleo,Strawberry Grapefruit Salad recipes,american,7.83,63.3,29.81,2022-10-16,17:26:21,720.26
paleo,Paleo Custard Bake,mediterranean,40.09,48.85,114.16,2022-10-16,17:26:21,1056.65
paleo,Paleo Chicken Stew,american,131.55,66.3,25.08,2022-10-16,17:26:27,1223.22
paleo,Paleo Eggplant Hummus,mediterranean,9.79,47.87,9.76,2022-10-16,17:26:27,509.03000000000003
paleo,Paleo Margaritas recipes,world,0.16,14.07,0.02,2022-10-16,17:26:27,127.35
paleo,Paleo Beef Jerkey,american,206.94,104.79,47.42,2022-10-16,17:26:27,1960.55
paleo,Paleo Caramel Frappuccino,mediterranean,4.83,10.41,8.02,2022-10-16,17:26:27,145.08999999999997
paleo,Mango Salsa (Paleo),mexican,13.16,144.64,32.84,2022-10-16,17:26:27,1485.7599999999998
paleo,Paleo Butterfingers recipes,french,4.35,247.32,139.99,2022-10-16,17:26:27,2803.2400000000002
paleo,Paleo Carrot Hummus,mediterranean,8.4,38.01,232.91,2022-10-16,17:26:27,1307.33
paleo,Paleo Shamrock Shake,american,7.82,43.51,58.32,2022-10-16,17:26:27,656.15
paleo,Summer Squash Noodles with Skinny Garlic Butter recipes,asian,9.62,19.66,26.36,2022-10-16,17:26:34,320.86
paleo,Summer Squash Tomato Bake,american,22.49,72.05,38.26,2022-10-16,17:26:34,891.4499999999999
paleo,Paleo Zuppa Toscana,italian,57.87,253.19,103.32,2022-10-16,17:26:34,2923.4700000000003
paleo,Paleo Chocolate Mousse,french,40.91,139.35,285.15,2022-10-16,17:26:34,2558.39
paleo,"Paleo ""Parmesan"" Cheese",italian,39.27,40.29,71.93,2022-10-16,17:26:34,807.4100000000001
paleo,Healthy Fettuccine Alfredo recipes,italian,14.78,65.85,29.75,2022-10-16,17:26:34,770.77
paleo,Paleo Tortilla Chips,american,17.17,67.44,76.21,2022-10-16,17:26:34,980.48
paleo,Paleo strawberry icecream,italian,26.36,168.28,195.15,2022-10-16,17:26:34,2400.56
paleo,Paleo Cheese recipes,french,66.76,64.6,63.44,2022-10-16,17:26:34,1102.2
paleo,Perfect Paleo Burger,american,7.33,47.38,55.47,2022-10-16,17:26:34,677.62
paleo,Killer Paleo Horseradish,american,2.83,27.14,1.66,2022-10-16,17:26:41,262.21999999999997
paleo,Paleo Peppermint Macaroons,french,11.77,64.05,54.94,2022-10-16,17:26:41,843.29
paleo,Sesame Orange Vinaigrette,chinese,5.61,46.24,58.25,2022-10-16,17:26:41,671.6
paleo,Paleo Chicken Marsala,italian,149.53,27.82,148.35,2022-10-16,17:26:41,1441.9
paleo,Weight Watchers Beef Stew,french,275.18,230.52,62.63,2022-10-16,17:26:41,3425.9200000000005
paleo,Paleo Grilled Salmon,nordic,197.13,7.3,57.9,2022-10-16,17:26:41,1085.82
paleo,Paleo Chocolate Pudding,british,11.97,127.01,58.87,2022-10-16,17:26:41,1426.4500000000003
paleo,Paleo Gnocchi recipes,italian,6.22,102.72,3.7,2022-10-16,17:26:41,964.16
paleo,Paleo pumpkin pie,american,78.68,305.74,389.01,2022-10-16,17:26:41,4622.42
paleo,Tropical Paleo Popsicles,american,7.29,80.99,2.69,2022-10-16,17:26:41,768.8299999999999
paleo,"Paleo Steak Marinade (Paleo, GF + Sugar Free) recipes",american,2.9,27.16,27.62,2022-10-16,17:26:41,366.52000000000004
paleo,Paleo Kale Salmon,nordic,6.58,10.28,63.92,2022-10-16,17:26:48,374.52
paleo,Paleo Sandwich Thins,american,31.76,91.98,24.72,2022-10-16,17:26:48,1053.74
paleo,Paleo Waldorf Salad,american,3.37,64.06,91.21,2022-10-16,17:26:48,954.8599999999999
paleo,Paleo Shrimp Scampi,chinese,298.21,35.88,30.01,2022-10-16,17:26:48,1635.8
paleo,Paleo Chicken Marsala,italian,303.12,28.89,81.2,2022-10-16,17:26:48,1797.29
paleo,Apricot Bites Paleo,french,6.74,59.88,50.54,2022-10-16,17:26:48,768.0400000000001
paleo,Paleo Spinach Crepes,italian,32.03,90.8,30.21,2022-10-16,17:26:48,1066.1599999999999
paleo,PALEO CREPES recipes,french,31.86,22.28,34.51,2022-10-16,17:26:48,466.0
paleo,Moroccan Spice Blend,middle eastern,1.03,6.36,1.02,2022-10-16,17:26:48,65.44
paleo,Paleo Pumpkin Butter,american,2.84,55.05,9.82,2022-10-16,17:26:48,546.09
paleo,Paleo Tempura Asparagus,japanese,40.84,30.73,146.81,2022-10-16,17:26:48,1027.17
paleo,Paleo Taco Soup,mexican,187.46,30.42,23.91,2022-10-16,17:26:48,1119.2600000000002
paleo,Easy Chicken Marsala,italian,107.08,36.05,48.9,2022-10-16,17:26:55,948.37
paleo,Easy Paleo Ketchup,italian,7.52,47.99,0.81,2022-10-16,17:26:55,465.23
paleo,Paleo Hummus recipes,mediterranean,28.06,49.03,93.44,2022-10-16,17:26:55,927.27
paleo,Paleo Pumpkin Gnocchi,mediterranean,28.38,154.13,79.81,2022-10-16,17:26:55,1819.93
paleo,Paleo Cauli Couscous,middle eastern,21.26,71.22,24.81,2022-10-16,17:26:55,825.26
paleo,Hawaiian Barbecue-Style Chicken Salad recipes,american,84.54,210.42,89.07,2022-10-16,17:26:55,2588.2200000000003
paleo,Paleo Pumpkin Pie,american,76.56,180.96,184.22,2022-10-16,17:26:55,2671.76
paleo,Paleo Chocolate Milk,british,26.79,128.02,165.51,2022-10-16,17:26:55,1921.38
paleo,"Roasted Acorn Squash With Dates, Pumpkin Seeds And Goat Cheese",mediterranean,26.37,221.01,51.73,2022-10-16,17:26:55,2301.49
paleo,Gluten Free Chocolate Zucchini Muffins recipes,mediterranean,69.91,125.55,157.81,2022-10-16,17:26:55,2040.8300000000002
paleo,Easy Paleo Falafel,mediterranean,21.62,32.57,64.66,2022-10-16,17:26:55,638.25
paleo,Paleo Blueberry Mousse,french,53.13,323.37,439.18,2022-10-16,17:26:55,4879.57
paleo,"Roasted Italian Sausages with Potatoes, Peppers, and Onions recipes",italian,46.3,138.96,31.67,2022-10-16,17:26:55,1562.5200000000002
paleo,Green Sorbet (Paleo),mediterranean,7.16,119.64,1.93,2022-10-16,17:27:05,1113.1200000000001
paleo,Paleo Carrot Souffle,american,32.67,119.89,137.81,2022-10-16,17:27:05,1760.93
paleo,Paleo Chocolate Pudding,british,30.5,91.77,123.75,2022-10-16,17:27:05,1442.9299999999998
paleo,Paleo Chicken Tenders,american,85.12,81.13,103.53,2022-10-16,17:27:05,1484.77
paleo,Loco Coco (paleo),american,32.1,84.86,183.44,2022-10-16,17:27:05,1625.9
paleo,Paleo Mini Quiche,french,88.06,14.19,45.71,2022-10-16,17:27:05,662.79
paleo,Apple Cider Poppyseed Salad recipes,mediterranean,22.75,175.37,133.44,2022-10-16,17:27:05,2203.09
paleo,'PALEO' Pizza Base,italian,28.69,131.07,105.15,2022-10-16,17:27:05,1714.9899999999998
paleo,Paleo Friendly Meatballs,nordic,114.89,46.78,169.8,2022-10-16,17:27:05,1559.78
paleo,Paleo Fettuccine Alfredo,italian,36.18,46.25,21.54,2022-10-16,17:27:05,647.13
paleo,Paleo Mushroom Soup,french,11.95,28.45,2.59,2022-10-16,17:27:05,314.21000000000004
paleo,Paleo Thanksgiving Stuffing,american,27.7,119.89,77.25,2022-10-16,17:27:05,1498.81
paleo,Pistachio Crusted Salmon with Green Curry recipes,nordic,261.59,29.86,239.02,2022-10-16,17:27:05,2271.18
paleo,Paleo Sausage Meatballs,eastern europe,73.38,51.45,142.07,2022-10-16,17:27:05,1324.85
paleo,Paleo Crepes recipes,french,27.22,68.05,50.0,2022-10-16,17:27:05,921.3299999999999
paleo,Paleo Greek 'Rice',mediterranean,13.09,44.48,56.22,2022-10-16,17:27:12,677.56
paleo,Company Pot Roast recipes,french,350.05,176.53,240.25,2022-10-16,17:27:12,3949.9700000000003
paleo,Paleo Flatbread Recipe,american,31.91,120.79,25.97,2022-10-16,17:27:12,1318.63
paleo,Paleo Chex recipes,american,26.86,101.27,108.62,2022-10-16,17:27:12,1453.35
paleo,Paleo Breakfast Sandwich,american,20.23,14.22,49.8,2022-10-16,17:27:12,408.1
paleo,Paleo Toffee & A Review of Paleo Indulgences Cookbook recipes,british,24.4,231.54,88.47,2022-10-16,17:27:12,2535.34
paleo,Paleo Squash Pesto,italian,33.19,10.65,186.65,2022-10-16,17:27:12,975.21
paleo,Paleo pizza crust,italian,11.43,121.83,117.55,2022-10-16,17:27:12,1612.39
paleo,Paleo Mini Quiche,french,74.29,24.48,77.75,2022-10-16,17:27:12,828.48
paleo,Paleo Hungarian Goulash,central europe,105.01,36.89,38.16,2022-10-16,17:27:12,904.6899999999999
paleo,Paleo Curry Meatballs,indian,16.42,34.1,89.05,2022-10-16,17:27:12,728.78
paleo,Paleo Spinach Latkes,french,44.1,215.12,100.34,2022-10-16,17:27:12,2513.84
paleo,Paleo Pesto Recipe,italian,20.91,19.71,119.3,2022-10-16,17:27:12,738.23
paleo,Paleo Chicken Fingers,eastern europe,163.02,148.03,236.07,2022-10-16,17:27:12,2928.63
paleo,Paleo Primal Fudge,american,34.66,101.48,184.31,2022-10-16,17:27:18,1789.2
paleo,Paleo Cod Burgers,nordic,92.92,30.26,8.57,2022-10-16,17:27:18,678.3
paleo,Paleo Carrot Soup,american,26.79,115.76,119.4,2022-10-16,17:27:18,1626.6000000000004
paleo,Paleo Zucchini Hummus,mediterranean,25.15,43.41,79.87,2022-10-16,17:27:18,810.77
paleo,Paleo Zuppa Toscana,italian,87.27,117.16,169.21,2022-10-16,17:27:18,2080.36
paleo,Homemade Paleo Ketchup,italian,10.13,56.96,1.49,2022-10-16,17:27:18,559.12
paleo,Paleo Cassava Tortillas,mediterranean,0.06,75.16,27.0,2022-10-16,17:27:18,784.68
paleo,Paleo Tandoori Chicken,indian,308.98,21.54,323.35,2022-10-16,17:27:18,2723.1800000000003
paleo,Glazed Paleo Éclairs,american,11.94,115.46,16.76,2022-10-16,17:27:25,1153.9399999999998
paleo,Paleo Tortillas recipes,mediterranean,36.75,41.01,34.25,2022-10-16,17:27:25,653.0899999999999
paleo,Paleo Chicken Parmesan,italian,153.87,119.21,171.95,2022-10-16,17:27:25,2376.17
paleo,Paleo Potato Salad,mediterranean,41.57,430.55,555.11,2022-10-16,17:27:25,6261.67
paleo,Slow Cooker Stewed Rosemary Garlic Chicken,american,134.21,25.83,144.46,2022-10-16,17:27:25,1347.15
paleo,Rice with Mushroom and Asparagus,french,23.57,101.25,25.44,2022-10-16,17:27:25,1107.29
paleo,Paleo Dirty Rice,french,26.68,80.75,35.37,2022-10-16,17:27:25,974.95
paleo,Paleo Ranch Seasoning,american,4.29,20.24,0.82,2022-10-16,17:27:25,202.6
paleo,Paleo Sangria recipes,world,2.87,110.03,0.69,2022-10-16,17:27:25,1004.51
paleo,Paleo Fried Rice,chinese,17.07,23.74,36.07,2022-10-16,17:27:25,426.22
paleo,Primal Pizza Pie Layer Casserole,italian,131.33,34.99,159.19,2022-10-16,17:27:25,1476.99
paleo,Paleo Lemon Curd,french,24.82,161.28,132.63,2022-10-16,17:27:25,2081.3199999999997
paleo,Easy Make Ahead Paleo Gravy {paleo + vegan option},american,6.16,23.93,33.74,2022-10-16,17:27:25,374.97
paleo,"Aunt Rocky’s Chorizo and Spaghetti Squash Casserole (Low Carb, Keto)",italian,126.73,77.95,197.8,2022-10-16,17:27:31,1999.67
paleo,Smoked Salmon Deviled Eggs,nordic,72.44,9.31,228.93,2022-10-16,17:27:31,1289.27
paleo,Paleo cauliflower puree,mediterranean,14.68,49.71,47.87,2022-10-16,17:27:31,697.59
paleo,Paleo Caesar Dressing,mediterranean,20.16,9.07,497.18,2022-10-16,17:27:31,2150.99
paleo,Paleo Ginger??Snaps,italian,95.94,152.11,226.9,2022-10-16,17:27:31,2660.3500000000004
paleo,Paleo Zuppa Toscana,italian,179.75,261.94,425.47,2022-10-16,17:27:31,4778.34
paleo,Paleo Hummus recipes,mediterranean,11.66,20.89,24.94,2022-10-16,17:27:31,334.40999999999997
paleo,paleo banana bread,american,35.68,134.46,62.16,2022-10-16,17:27:31,1601.5
paleo,Paleo Turkey Meatballs,american,195.62,33.54,79.05,2022-10-16,17:27:31,1400.5400000000002
paleo,Paleo Banana Muffins,american,85.78,200.52,260.37,2022-10-16,17:27:31,3189.28
paleo,Jamerican Paleo Burger,nordic,98.81,32.99,64.72,2022-10-16,17:27:38,951.0300000000001
paleo,Paleo PIzza Crust,italian,44.0,86.7,84.35,2022-10-16,17:27:38,1293.7
paleo,Paleo Zucchini Burger,american,25.16,49.41,20.0,2022-10-16,17:27:38,625.3299999999999
paleo,Paleo Meatballs recipes,french,170.29,21.84,190.17,2022-10-16,17:27:38,1638.4
paleo,Low Carb Broiled Asian Chicken Thighs recipes,chinese,149.89,13.87,49.44,2022-10-16,17:27:38,922.15
paleo,Clafoutis Paleo Gf,french,62.38,171.71,143.8,2022-10-16,17:27:38,2370.11
paleo,Whole30 Potato Salad recipes,mediterranean,10.4,86.61,60.05,2022-10-16,17:27:38,1061.29
paleo,Paleo Greek Chicken,mediterranean,103.21,8.28,120.13,2022-10-16,17:27:38,967.8799999999999
paleo,Paleo Crepes recipes,french,28.52,83.51,66.12,2022-10-16,17:27:38,1130.15
paleo,Spicy Avocado Shrimp Tower recipes,south american,7.46,24.73,87.84,2022-10-16,17:27:38,603.77
paleo,Barilla Turkey Sausage Meatball Hero Subs + Giveaway,american,149.37,161.26,67.43,2022-10-16,17:27:38,2318.54
paleo,Paleo Berry Cobbler,french,70.95,495.23,258.21,2022-10-16,17:27:45,5773.71
paleo,Paleo Cheesecake recipes,mediterranean,46.61,112.79,239.75,2022-10-16,17:27:45,2160.55
paleo,Paleo Eggplant Meatballs,eastern europe,34.86,81.96,71.02,2022-10-16,17:27:45,1161.1599999999999
paleo,Paleo Chicken Strips,american,120.01,13.19,115.84,2022-10-16,17:27:45,1062.1100000000001
paleo,Paleo Turkey Meatballs,american,142.25,147.48,353.72,2022-10-16,17:27:45,3311.2
paleo,Paleo Chicken Tenders,american,79.75,175.06,81.41,2022-10-16,17:27:45,2220.18
paleo,Easy Pot Roast Crock Pot recipes,chinese,323.19,230.68,74.72,2022-10-16,17:27:45,3667.76
paleo,Paleo Peppermint Patties,american,26.8,227.58,233.46,2022-10-16,17:27:45,3089.26
paleo,Paleo Stuffed Peppers,italian,212.2,126.47,233.63,2022-10-16,17:27:45,2921.55
paleo,Paleo Pita Chips,french,55.69,45.56,112.34,2022-10-16,17:27:45,1082.1599999999999
paleo,Paleo Pulled Pork,american,363.86,41.0,258.48,2022-10-16,17:27:53,2858.36
paleo,Paleo Sesame Pasta,italian,35.12,70.83,237.2,2022-10-16,17:27:53,1726.75
paleo,Paleo White Christmas,mediterranean,34.52,80.74,102.14,2022-10-16,17:27:53,1273.3
paleo,Paleo Salisbury Steak,british,200.74,47.0,170.27,2022-10-16,17:27:53,1907.04
paleo,Paleo Taco Bowl,mexican,21.47,11.82,26.3,2022-10-16,17:27:53,297.46
paleo,Crockpot Drumsticks | Paleo,american,125.17,37.02,62.51,2022-10-16,17:27:53,1083.9
paleo,Blueberry Cobbler {Paleo},american,34.41,144.65,130.08,2022-10-16,17:27:53,1959.8100000000004
paleo,Yummy Paleo Flatbread,american,7.16,5.48,11.53,2022-10-16,17:27:53,124.08000000000001
paleo,Paleo Pizza Crust,italian,56.89,154.26,135.9,2022-10-16,17:27:53,2159.5
paleo,Paleo Baked Chicken,american,293.67,43.68,141.43,2022-10-16,17:27:53,2133.5200000000004
paleo,Paleo guacamole recipe,mexican,4.98,22.1,29.73,2022-10-16,17:27:53,337.74
paleo,Pumpkin Dutch Baby,central europe,51.94,78.05,132.72,2022-10-16,17:27:53,1441.09
paleo,Paleo Peach Crisp,american,39.58,126.88,97.83,2022-10-16,17:27:53,1691.56
paleo,Paleo chicken Marsala,italian,81.21,14.37,100.85,2022-10-16,17:27:53,857.5699999999999
paleo,Salmon Cobb Salad,nordic,86.32,52.34,193.65,2022-10-16,17:27:59,1590.94
paleo,PALEO PULLED PORK,american,240.95,21.38,170.76,2022-10-16,17:27:59,1839.26
paleo,Paleo Coleslaw recipes,mediterranean,8.05,49.05,89.95,2022-10-16,17:27:59,833.45
paleo,Paleo Braised Cabbage,french,21.85,113.36,69.95,2022-10-16,17:27:59,1387.44
paleo,Paleo Cauliflower Tabouli,middle eastern,9.04,30.15,28.7,2022-10-16,17:27:59,422.31
paleo,Paleo Gyros recipes,mediterranean,156.23,22.07,197.86,2022-10-16,17:27:59,1614.99
paleo,Paleo Carrot Cake,american,28.87,176.52,124.04,2022-10-16,17:27:59,2200.32
paleo,Paleo Sandwich Bread,nordic,82.9,96.1,203.88,2022-10-16,17:27:59,2012.02
paleo,Paleo Carrot Cake,british,56.59,372.24,166.67,2022-10-16,17:27:59,4243.2
paleo,Everyday Paleo Meatloaf,american,222.77,73.67,180.94,2022-10-16,17:27:59,2277.87
paleo,Paleo Chicken Tacos,mexican,88.54,25.39,90.34,2022-10-16,17:27:59,944.0300000000001
paleo,Paleo Whole30 Meatballs,italian,49.65,25.33,31.86,2022-10-16,17:28:06,554.01
paleo,Grilled Cilantro Lime Chicken recipes,mediterranean,137.17,20.55,43.28,2022-10-16,17:28:06,906.75
paleo,"5-Min Microwave Paleo Chocolate Cake Recipe [Paleo, GF]",american,14.34,43.94,44.76,2022-10-16,17:28:06,631.86
paleo,Broiled Paleo Burger,american,147.0,98.03,245.1,2022-10-16,17:28:06,2450.67
paleo,Paleo Cabbage Hash,french,94.84,47.81,54.27,2022-10-16,17:28:06,1026.73
paleo,Paleo Vanilla Wafers,american,54.39,171.17,173.06,2022-10-16,17:28:06,2450.33
paleo,Paleo Strawberry Sundae,american,78.6,428.36,388.56,2022-10-16,17:28:06,5723.88
paleo,Paleo Lamingtons recipes,french,57.82,215.83,226.98,2022-10-16,17:28:06,3081.67
paleo,Paleo Fudgy Brownies,french,82.58,181.14,215.9,2022-10-16,17:28:06,2824.18
paleo,Crock Pot Chile Verde,mexican,201.78,29.12,81.49,2022-10-16,17:28:06,1395.16
paleo,Paleo Zucchini Hummus,mediterranean,13.47,25.56,47.07,2022-10-16,17:28:06,472.20000000000005
paleo,Paleo Venison Burgers,french,108.33,30.05,39.3,2022-10-16,17:28:06,860.97
paleo,Paleo Pumpkin Scones,british,99.59,336.0,235.0,2022-10-16,17:28:13,4362.360000000001
paleo,Paleo Chocolate Pudding,british,19.89,122.56,101.95,2022-10-16,17:28:13,1590.3999999999999
paleo,Paleo Orange Chicken,french,110.54,52.28,39.95,2022-10-16,17:28:13,1072.48
paleo,Paleo Hamburger Soup,nordic,140.81,255.09,63.29,2022-10-16,17:28:13,3112.21
paleo,Paleo Honey Cake,kosher,87.32,258.25,207.98,2022-10-16,17:28:13,3505.45
paleo,Paleo Fried Chicken,american,208.66,32.76,375.11,2022-10-16,17:28:13,2629.92
paleo,Tasty Paleo Borscht,nordic,15.58,86.02,25.4,2022-10-16,17:28:13,938.1
paleo,Delicious Paleo Meatballs,american,196.24,26.33,247.65,2022-10-16,17:28:13,2012.5300000000002
paleo,Paleo Zuppa Toscana,italian,123.43,124.25,194.74,2022-10-16,17:28:13,2390.9300000000003
paleo,Gluten-Free Buckwheat Blinis with All the Fixings,eastern europe,38.05,140.05,129.25,2022-10-16,17:28:13,1929.65
paleo,Paleo Asian Meatballs,indian,155.39,13.86,206.43,2022-10-16,17:28:13,1572.02
paleo,Paleo Coffee Creamer,french,10.48,183.87,47.85,2022-10-16,17:28:13,1888.15
paleo,Paleo Cantaloupe Custard,french,18.09,77.28,73.54,2022-10-16,17:28:13,1062.04
paleo,Paleo Bunny Bites,american,39.14,114.78,142.85,2022-10-16,17:28:13,1760.98
paleo,Paleo Fettuccine Alfredo,italian,69.5,237.82,25.43,2022-10-16,17:28:19,2520.1
paleo,Paleo Pie Crust,american,49.41,83.14,129.24,2022-10-16,17:28:19,1462.8600000000001
paleo,Paleo Paella recipes,mediterranean,114.28,67.22,23.74,2022-10-16,17:28:19,1157.06
paleo,Paleo Pita Crisps,mediterranean,52.77,543.93,1094.53,2022-10-16,17:28:19,9484.57
paleo,Paleo Chocolate Pudding,british,38.41,187.18,204.57,2022-10-16,17:28:19,2656.54
paleo,"Paleo Baked Apples with Pecan Crumble (Paleo, Primal, GAPS)",american,17.04,196.36,153.33,2022-10-16,17:28:19,2448.7200000000003
paleo,Paleo Chicken Piccata,italian,114.48,38.79,146.83,2022-10-16,17:28:19,1394.35
paleo,Paleo Pizza Quiches,italian,68.7,16.57,86.7,2022-10-16,17:28:19,770.73
paleo,Paleo Meatballs recipes,french,94.91,9.62,62.19,2022-10-16,17:28:19,714.98
paleo,Gluten Free Caramelized Onion Gravy,eastern europe,2.91,52.72,54.94,2022-10-16,17:28:19,705.88
paleo,Pineapple Muffins (Paleo),british,78.26,90.12,180.1,2022-10-16,17:28:19,1844.52
paleo,“Pho” Slow Cooker Pulled Pork Sandwiches recipes,american,284.71,240.0,268.1,2022-10-16,17:28:19,4371.24
paleo,PALEO BEEF JERKY,american,259.42,103.71,96.66,2022-10-16,17:28:19,2357.71
paleo,Paleo Venison Stroganoff,eastern europe,171.5,59.19,132.4,2022-10-16,17:28:19,1748.31
paleo,Paleo Mushroom Risotto,italian,27.18,92.53,59.88,2022-10-16,17:28:26,1181.01
paleo,Paleo Skillet Frittata,italian,95.19,51.98,103.55,2022-10-16,17:28:26,1262.78
paleo,Paleo Pig Burger,french,215.41,54.5,248.86,2022-10-16,17:28:26,2347.58
paleo,Paleo Salmon Slaw,nordic,165.67,25.68,200.27,2022-10-16,17:28:26,1694.88
paleo,Paleo Banana Muffins,british,101.95,204.31,286.85,2022-10-16,17:28:26,3393.9900000000002
paleo,Paleo Chocolate Chippers,french,286.58,822.4,979.01,2022-10-16,17:28:26,12463.96
paleo,Paleo Cashews Fudge,french,50.26,225.6,141.56,2022-10-16,17:28:26,2797.6800000000003
paleo,Paleo Pumpkin Pie,american,46.99,331.12,136.78,2022-10-16,17:28:26,3715.16
paleo,Paleo Gingersnaps recipes,british,43.14,289.83,136.28,2022-10-16,17:28:26,3326.1499999999996
paleo,Paleo pepperoni pizza,italian,66.53,212.2,71.37,2022-10-16,17:28:26,2461.4
paleo,Paleo-ish Sangria,world,7.08,110.19,1.18,2022-10-16,17:28:26,1024.75
paleo,Paleo Strawberry Crumble,british,14.7,154.05,64.63,2022-10-16,17:28:33,1703.77
paleo,Paleo Lemon Bars,american,33.65,272.71,143.06,2022-10-16,17:28:33,3161.2299999999996
paleo,Paleo Gingersnaps recipes,british,76.06,245.59,206.39,2022-10-16,17:28:33,3340.11
paleo,Paleo Banana Loaf,british,65.05,169.97,121.5,2022-10-16,17:28:33,2275.9300000000003
paleo,Paleo Energy Bites,french,40.56,182.5,183.14,2022-10-16,17:28:33,2537.3
paleo,Paleo Cake – recipes,american,54.06,199.51,244.21,2022-10-16,17:28:33,2988.67
paleo,Paleo Chocolate Cake,american,59.12,213.93,153.54,2022-10-16,17:28:33,2776.0099999999998
paleo,Beef Curry (Paleo),south east asian,112.87,76.07,111.59,2022-10-16,17:28:33,1582.4699999999998
paleo,Paleo Chicken Nuggets,american,175.8,40.7,158.93,2022-10-16,17:28:33,1705.22
paleo,Salmon With Lemon And Ginger Marinade recipes,nordic,95.45,20.67,88.85,2022-10-16,17:28:33,923.23
paleo,Paleo Shrimp Scampi,chinese,94.63,21.46,12.7,2022-10-16,17:28:33,622.4599999999999
paleo,Paleo Coffee Cake,american,67.02,311.15,242.85,2022-10-16,17:28:33,4039.83
paleo,Paleo Sandwich Bread,nordic,82.9,96.1,203.88,2022-10-16,17:28:33,2012.02
paleo,Paleo/Keto Pizza,italian,78.8,24.95,119.75,2022-10-16,17:28:40,1018.75
paleo,Paleo Chicken Parma,italian,178.18,285.14,271.06,2022-10-16,17:28:40,4363.219999999999
paleo,Creamy Paleo Fudge,american,16.83,232.82,253.79,2022-10-16,17:28:40,3177.86
paleo,Paleo Steak Diane,american,63.68,8.04,82.25,2022-10-16,17:28:40,656.0799999999999
paleo,"Slow Cooker Chicken Pot Pie (Gluten-Free, Dairy-Free) recipes",american,245.93,128.16,72.98,2022-10-16,17:28:40,2429.08
paleo,Chicken Creole,american,83.36,39.13,45.01,2022-10-16,17:28:40,865.65
paleo,Paleo Lemon Cake,italian,14.61,187.9,38.98,2022-10-16,17:28:40,1905.4600000000003
paleo,Paleo Shrimp Scampi,chinese,94.64,21.55,12.71,2022-10-16,17:28:40,623.35
paleo,Strawberry Paleo Galette,french,5.97,13.82,5.75,2022-10-16,17:28:40,171.26
paleo,Val's Paleo Ketchup,italian,10.16,83.67,1.52,2022-10-16,17:28:46,799.75
paleo,Deviled Eggs with Garlic and Parsley | Healthy Natural,french,40.66,7.92,76.44,2022-10-16,17:28:46,539.68
paleo,Paleo Spaghetti Carbonara,italian,80.93,46.8,198.95,2022-10-16,17:28:46,1540.72
paleo,Paleo Chicken Veloute,american,258.98,696.3,234.84,2022-10-16,17:28:46,8241.98
paleo,Paleo Chili recipes,american,292.46,96.19,138.73,2022-10-16,17:28:46,2590.47
paleo,Paleo Zucchini Fritters,south east asian,18.02,39.43,10.15,2022-10-16,17:28:46,467.55
paleo,Paleo Taco Salad,mexican,96.83,93.25,232.5,2022-10-16,17:28:46,2156.5699999999997
paleo,Paleo Beef Stew,american,234.83,145.29,51.71,2022-10-16,17:28:46,2453.77
paleo,"Paleo Shrimp Linguini (Gluten Free, Grain Free, Paleo)",italian,43.06,33.92,55.64,2022-10-16,17:28:46,700.08
paleo,Paleo Salmon Croquette,nordic,41.97,40.54,51.19,2022-10-16,17:28:46,737.5
paleo,Paleo Berry Crumble,french,86.07,236.88,212.25,2022-10-16,17:28:46,3325.2
paleo,Gluten-Free Buckwheat Blinis with All the Fixings recipes,eastern europe,38.05,140.05,129.25,2022-10-16,17:28:46,1929.65
paleo,Paleo Pizza Crust,italian,53.81,81.55,122.71,2022-10-16,17:28:46,1440.03
paleo,Paleo Antipasto Salad,italian,24.91,44.96,95.18,2022-10-16,17:28:46,885.0
paleo,Paleo Cowboy Chili,american,161.78,90.59,208.39,2022-10-16,17:28:46,2295.99
paleo,Paleo Elk Chili,american,286.03,110.86,231.19,2022-10-16,17:28:53,3066.62
paleo,Paleo Christmas Pudding,british,68.83,427.12,256.43,2022-10-16,17:28:53,5145.12
paleo,Fudgy Paleo Brownies,french,53.12,237.39,247.94,2022-10-16,17:28:53,3340.75
paleo,Paleo Stuffed Cabbage,middle eastern,229.77,232.27,217.06,2022-10-16,17:28:53,3877.75
paleo,{Paleo} Broccoli Salad,american,23.77,43.62,96.87,2022-10-16,17:28:53,875.14
paleo,Paleo Gingerbread Cake,american,87.36,174.46,247.75,2022-10-16,17:28:53,2910.58
paleo,Gluten Free Easy Herbed Chicken and Biscui,french,78.65,58.36,94.28,2022-10-16,17:28:53,1216.96
paleo,Paleo Coffee Cake,american,81.97,94.52,200.18,2022-10-16,17:28:53,1979.28
paleo,Paleo Blueberry Bars,american,92.97,1628.09,195.87,2022-10-16,17:28:53,15808.169999999998
paleo,Onion Bacon Rosemary Dip (with Dairy Free Option) recipes,american,22.71,47.18,208.94,2022-10-16,17:28:53,1351.22
paleo,Paleo Watercress Soup,french,43.8,86.63,107.0,2022-10-16,17:28:53,1382.87
paleo,Paleo Beef Stroganoff,eastern europe,109.57,33.41,183.38,2022-10-16,17:29:00,1472.4899999999998
paleo,Harvest Stuffed Sweet Potatoes,american,12.23,186.71,24.24,2022-10-16,17:29:00,1826.2700000000002
paleo,Paleo Seafood Chili,american,111.9,73.58,24.01,2022-10-16,17:29:00,1205.8600000000001
paleo,Paleo Empanadas recipes,south american,100.52,258.19,107.18,2022-10-16,17:29:00,3154.51
paleo,Paleo Blueberry Muffins,british,156.8,770.8,251.17,2022-10-16,17:29:00,8569.08
paleo,Paleo banana muffins,american,71.16,171.09,198.55,2022-10-16,17:29:00,2618.6499999999996
paleo,Blueberry Almond Chicken Salad,american,99.12,36.69,135.75,2022-10-16,17:29:00,1269.69
paleo,Paleo Lettuce Wraps,american,108.99,45.41,90.71,2022-10-16,17:29:00,1207.4899999999998
paleo,Paleo Crab Cakes,eastern europe,103.0,18.43,63.56,2022-10-16,17:29:00,832.11
paleo,Paleo Orange Chicken,french,97.53,54.15,60.35,2022-10-16,17:29:00,1118.8700000000001
paleo,Paleo Popcorn Chicken,american,109.81,264.74,208.88,2022-10-16,17:29:00,3657.4199999999996
paleo,Paleo Seafood Chowder,american,233.41,204.85,214.69,2022-10-16,17:29:00,3636.05
paleo,Paleo Spicy Chili,american,194.54,99.84,119.95,2022-10-16,17:29:00,2156.52
paleo,Paleo Ketchup recipes,italian,11.34,225.53,1.71,2022-10-16,17:29:00,2081.9700000000003
paleo,Paleo sandwich bread,nordic,75.03,110.71,150.27,2022-10-16,17:29:07,1897.5900000000001
paleo,Paleo Chicken Soup,american,240.89,79.86,89.39,2022-10-16,17:29:07,2039.86
paleo,Paleo Tortillas recipes,mediterranean,25.82,82.77,77.45,2022-10-16,17:29:07,1158.01
paleo,Paleo Fajita Meatza,mexican,284.13,139.22,256.16,2022-10-16,17:29:07,3414.1400000000003
paleo,Paleo Pumpkin Blondies,american,64.63,236.43,169.61,2022-10-16,17:29:07,3064.83
paleo,Paleo Cashew Chicken,mediterranean,108.97,137.78,144.37,2022-10-16,17:29:07,2253.38
paleo,paleo stuffed peppers,italian,135.82,90.19,170.12,2022-10-16,17:29:07,2035.47
paleo,Paleo Pizza Soup,italian,99.14,770.63,116.36,2022-10-16,17:29:07,7797.67
paleo,Sweet Potato Salad recipes,south american,41.38,110.47,169.99,2022-10-16,17:29:07,1839.71
paleo,Paleo Spaghetti Bake,italian,102.94,90.53,142.52,2022-10-16,17:29:07,1796.6100000000001
paleo,Paleo Plantain Falafel,south american,14.12,87.17,14.09,2022-10-16,17:29:07,897.37
paleo,Paleo Tuna Burgers,american,120.05,17.93,85.49,2022-10-16,17:29:07,983.53
paleo,Paleo Chilli Bowl,italian,20.04,81.07,10.95,2022-10-16,17:29:07,853.5899999999998
paleo,Paleo Spaghetti recipes,italian,102.38,62.87,111.67,2022-10-16,17:29:07,1422.03
paleo,Paleo Banana Bread,american,46.7,127.5,94.72,2022-10-16,17:29:07,1713.1799999999998
paleo,No-Fail Paleo Mayo,mediterranean,5.47,1.61,220.1,2022-10-16,17:29:07,916.77
paleo,Paleo Moroccan Chicken,middle eastern,238.78,80.5,216.52,2022-10-16,17:29:13,2545.7
paleo,Paleo Dump Soup,american,192.42,107.77,55.62,2022-10-16,17:29:13,1962.09
paleo,PALEO CHICKEN NUGGETS,american,112.16,38.87,111.23,2022-10-16,17:29:13,1243.39
paleo,Paleo Chili recipes,american,259.74,188.02,173.73,2022-10-16,17:29:13,3426.0600000000004
paleo,Paleo Banana Bread,american,63.87,79.46,151.21,2022-10-16,17:29:13,1575.46
paleo,Paleo Artichoke Bruschetta,mediterranean,14.74,50.52,54.99,2022-10-16,17:29:13,733.6
paleo,Paleo Pizza recipes,italian,95.14,122.74,168.95,2022-10-16,17:29:13,2161.0199999999995
paleo,Paleo Seafood Gumbo,american,211.09,117.5,66.52,2022-10-16,17:29:13,2167.94
paleo,Zesty Paleo Meatloaf,american,255.56,60.15,128.16,2022-10-16,17:29:13,2076.23
paleo,Paleo Southwest Meatloaf,american,146.75,48.65,198.36,2022-10-16,17:29:13,1818.29
paleo,5-Ingredient Low Carb Clam Chowder (Gluten-free) recipes,american,114.23,68.24,103.49,2022-10-16,17:29:13,1485.04
paleo,Ropa Vieja Paleo,caribbean,165.47,187.81,89.37,2022-10-16,17:29:13,2709.65
paleo,Paleo Pasta Bolognese,italian,162.8,223.06,125.13,2022-10-16,17:29:20,3159.2599999999998
paleo,Cuban Vaca Frita recipes,caribbean,196.62,28.07,103.81,2022-10-16,17:29:20,1454.3500000000001
paleo,Paleo Dirty Rice,caribbean,16.24,49.41,18.3,2022-10-16,17:29:20,582.8499999999999
paleo,Paleo Chicken Marsala,italian,329.35,110.0,248.22,2022-10-16,17:29:20,3300.28
paleo,"Paleo Salmon Meal Prep Bowls (Paleo, AIP, Whole30)",nordic,266.24,71.73,204.75,2022-10-16,17:29:20,2529.53
paleo,Honey Garlic Glazed Pork Chops recipes,american,113.13,126.15,46.69,2022-10-16,17:29:20,1774.63
paleo,Paleo Profiteroles recipes,french,33.0,201.88,241.51,2022-10-16,17:29:20,2914.96
paleo,paleo meatloaf with apples,american,95.89,31.49,39.27,2022-10-16,17:29:20,824.0500000000001
paleo,Paleo Vegetable Curry,south east asian,34.06,129.1,103.3,2022-10-16,17:29:20,1711.34
paleo,Paleo Broccoli Slaw,italian,32.48,57.74,155.95,2022-10-16,17:29:20,1273.3799999999999
paleo,Paleo Pizza recipes,italian,34.44,206.25,101.83,2022-10-16,17:29:20,2401.33
paleo,Paleo Tuna Patties,american,121.47,55.66,73.88,2022-10-16,17:29:20,1282.34
paleo,Bacon-Ranch Meatloaf recipes,american,188.15,36.64,270.76,2022-10-16,17:29:20,2165.4
paleo,Paleo Caesar Salad,american,54.23,296.63,184.04,2022-10-16,17:29:20,3622.75
paleo,PALEO LASAGNA SOUP,italian,213.64,480.19,167.62,2022-10-16,17:29:27,5846.75
paleo,"Instant Pot Paleo Beef and Broccoli {Whole30, Paleo, GF}",nordic,192.22,71.34,126.24,2022-10-16,17:29:27,1915.9
paleo,Lemon Herb Garlic Chicken,mediterranean,229.75,32.4,304.84,2022-10-16,17:29:27,2429.96
paleo,Paleo Picadillo recipes,mediterranean,167.32,112.61,221.8,2022-10-16,17:29:27,2569.9700000000003
paleo,"Tayste of Paleo, Paleo Brussel Sprout, Kale & Peach Salad",mediterranean,68.84,47.85,21.84,2022-10-16,17:29:27,793.37
paleo,Farmhouse Paleo Meatloaf,american,172.13,31.99,190.52,2022-10-16,17:29:27,1738.51
paleo,Chicken Salad with Apples and Almonds recipes,american,240.46,40.33,201.22,2022-10-16,17:29:27,2129.69
paleo,Creamy Pumpkin Sausage & Kale Soup recipes,american,107.08,92.09,76.81,2022-10-16,17:29:27,1564.3700000000001
paleo,Paleo Chicken Casserole,italian,69.22,63.43,112.03,2022-10-16,17:29:27,1295.87
paleo,Paleo Chili recipes,american,141.21,108.72,141.23,2022-10-16,17:29:27,2108.2400000000002
paleo,100 Calorie Paleo Crepes,french,15.86,103.19,13.94,2022-10-16,17:29:27,1047.91
paleo,Thai Green Curry Guacamole recipes,south east asian,14.23,100.98,68.13,2022-10-16,17:29:27,1238.26
paleo,Paleo Enchiladas recipes,mexican,147.34,107.16,233.4,2022-10-16,17:29:27,2487.4
paleo,Gluten-Free “Pho” Slow Cooker Pulled Pork Sandwiches,south east asian,360.56,239.96,323.42,2022-10-16,17:29:27,4895.56
paleo,Paleo Stuffed Peppers,italian,166.76,254.78,178.21,2022-10-16,17:29:27,3672.9
paleo,5 Minute Paleo Sorbet,italian,5.57,53.23,36.58,2022-10-16,17:29:34,647.6700000000001
paleo,Paleo Lamb Stew,mediterranean,160.18,61.01,224.54,2022-10-16,17:29:34,2087.97
paleo,Paleo Pumpkin Chili,american,95.99,127.2,111.62,2022-10-16,17:29:34,1975.24
paleo,April’s Spicy Pumpkin Soup,american,15.46,181.09,63.21,2022-10-16,17:29:34,1944.4899999999998
paleo,Chicken Marbella recipes,mediterranean,185.47,111.73,130.32,2022-10-16,17:29:34,2268.73
paleo,4 Ingredient Paleo Crêpes,french,15.37,56.89,83.58,2022-10-16,17:29:34,907.81
paleo,Hearty Paleo Chili,american,107.05,97.55,65.79,2022-10-16,17:29:34,1569.31
paleo,Chocolate Paleo Chili,american,183.19,98.27,215.87,2022-10-16,17:29:34,2480.67
paleo,Paleo Samosa recipes,mediterranean,50.45,292.24,104.86,2022-10-16,17:29:34,3251.4
paleo,Spicy Salmon Cakes,nordic,111.33,1.41,90.55,2022-10-16,17:29:34,820.21
paleo,Paleo cherry ripe,french,68.86,567.7,328.48,2022-10-16,17:29:34,6698.66
paleo,Paleo Italian Meatballs,italian,285.68,142.68,253.66,2022-10-16,17:29:34,3441.48
paleo,Paleo Chipotle Chili,american,180.36,96.73,204.05,2022-10-16,17:29:34,2408.21
paleo,BBQ Chicken Sweet Potato Skins recipes,american,119.62,218.24,135.41,2022-10-16,17:29:40,2984.28
paleo,Paleo Vindaloo recipes,indian,321.93,336.61,105.04,2022-10-16,17:29:40,4737.37
paleo,Paleo Chicken Mole,italian,97.24,71.3,142.43,2022-10-16,17:29:40,1600.3799999999999
paleo,Dreamy Hasselback Apples recipes,american,11.22,80.87,53.86,2022-10-16,17:29:40,988.1500000000001
paleo,Paleo Hamburger Soup,american,140.59,254.11,63.22,2022-10-16,17:29:40,3102.2300000000005
paleo,Paleo Jambalaya recipes,american,127.08,67.44,41.11,2022-10-16,17:29:40,1279.72
paleo,Paleo Pad Thai,south east asian,66.62,69.34,59.48,2022-10-16,17:29:40,1128.46
paleo,Paleo Orange Beef,mediterranean,219.95,316.31,165.19,2022-10-16,17:29:40,4387.35
paleo,Paleo Mini Meatloaves,middle eastern,231.55,43.61,295.86,2022-10-16,17:29:40,2502.13
paleo,Paleo Donuts recipes,american,56.41,169.52,179.66,2022-10-16,17:29:40,2469.96
paleo,Paleo cauliflower crunch,nordic,58.01,44.33,67.81,2022-10-16,17:29:40,902.25
paleo,Paleo Coconut Walnut Squash,american,5.98,54.41,30.59,2022-10-16,17:29:40,635.9699999999999
paleo,Paleo Rolls recipes,french,50.08,227.02,94.75,2022-10-16,17:29:40,2622.5
paleo,Paleo Hamburg and Squash,mediterranean,83.33,27.42,105.06,2022-10-16,17:29:40,1000.34
paleo,Day 3 - Paleo Restart,american,18.67,124.0,91.33,2022-10-16,17:29:40,1556.0
paleo,Instant Pot Sweet Potato Casserole,south american,39.73,349.82,167.44,2022-10-16,17:29:47,3977.0600000000004
paleo,Paleo Chili recipes,american,341.92,141.14,392.34,2022-10-16,17:29:47,4207.299999999999
paleo,Paleo Pumpkin Pie,american,81.77,300.44,215.51,2022-10-16,17:29:47,3893.08
paleo,Paleo Orange Beef,mediterranean,219.95,316.31,165.19,2022-10-16,17:29:47,4387.35
paleo,"Seared Scallops with Sweet Corn Purée, Crumbled Bacon, and Tomato Chive Salsa",south american,48.76,94.38,52.89,2022-10-16,17:29:47,1256.02
paleo,Paleo Antipasto Salad,italian,72.54,69.05,38.89,2022-10-16,17:29:47,1067.1699999999998
paleo,Thai Mango Sweet Potato Salad,south east asian,7.93,75.25,27.61,2022-10-16,17:29:47,819.4100000000001
paleo,Pork Steaks recipes,french,464.85,89.22,445.73,2022-10-16,17:29:47,4445.3
paleo,Oven Pork Steaks,mediterranean,464.85,89.22,445.73,2022-10-16,17:29:47,4445.3
paleo,{Paleo} Beef Rendang,american,225.77,131.53,157.67,2022-10-16,17:29:47,2717.5299999999997
paleo,Paleo Steak and Veggies,american,24.48,13.2,13.09,2022-10-16,17:29:47,269.08
paleo,Creamy Whole30 Potato Salad recipes,italian,68.76,203.71,207.16,2022-10-16,17:29:47,2937.07
paleo,Paleo Beef Chili,american,115.08,137.47,81.33,2022-10-16,17:29:47,2022.87
paleo,Sesame Pineapple Sausage Bites,chinese,5.68,124.15,18.27,2022-10-16,17:29:54,1213.15
paleo,Paleo Shepherd’s Pie,american,183.04,127.54,299.75,2022-10-16,17:29:54,3079.02
paleo,Whole 30 Zucchini Noodle Bake,asian,60.53,42.02,75.73,2022-10-16,17:29:54,923.22
paleo,The Best Paleo Buckeyes,american,13.78,186.0,111.81,2022-10-16,17:29:54,2176.3599999999997
paleo,Gluten Free Chicken Marsala recipes,italian,265.87,68.02,60.11,2022-10-16,17:29:54,1916.1
paleo,Creole Apple Turkey Burgers,american,119.33,32.54,45.24,2022-10-16,17:29:54,951.1400000000001
paleo,Smoky and Sweet Broccoli Chicken Salad recipes,american,85.42,84.28,124.61,2022-10-16,17:29:54,1598.64
paleo,Slow-cooked Pork Roast recipes,american,298.94,44.15,117.59,2022-10-16,17:29:54,2063.47
paleo,Creamy Cashew Thai Chicken with Cilantro Lime Cauliflower Rice,south east asian,151.09,115.62,95.11,2022-10-16,17:29:54,2025.38
paleo,Paleo Meat Pockets from The Paleo Kids Cookbook recipes,american,88.91,182.92,186.11,2022-10-16,17:29:54,2746.36
paleo,Paleo Eggrolls recipes,french,29.26,76.21,188.09,2022-10-16,17:29:54,1555.29
paleo,Italian Primal Pizza with Free-Range Chicken,italian,62.29,93.97,67.14,2022-10-16,17:29:54,1363.45
paleo,Paleo Swedish Meatballs,nordic,123.49,48.93,150.26,2022-10-16,17:29:54,1535.37
paleo,Slow Cooker Red Pepper Paprika Chicken recipes,mediterranean,195.64,60.83,39.2,2022-10-16,17:29:54,1486.83
paleo,Paleo Orange Chicken,french,234.69,98.07,97.05,2022-10-16,17:29:54,2209.5899999999997
paleo,Paleo Apple Meatloaf,american,175.03,199.06,191.3,2022-10-16,17:29:54,3256.8599999999997
paleo,Instant Pot Chicken Soup with Mushrooms and Kale,french,271.76,95.75,240.31,2022-10-16,17:30:01,2910.0299999999997
paleo,Paleo Cassava Flour Tortillas,mexican,0.0,124.8,51.1,2022-10-16,17:30:01,1327.6000000000001
paleo,Paleo Shepherd's Pie,american,103.98,191.55,131.64,2022-10-16,17:30:01,2666.43
paleo,Healthy Turkey Meatloaf,american,105.48,55.14,41.85,2022-10-16,17:30:01,1085.5800000000002
paleo,Grass-Fed Bison Stuffed Peppers,american,170.1,79.27,107.66,2022-10-16,17:30:01,1824.4699999999998
paleo,Easy Salmon Tacos recipes,nordic,118.62,105.19,115.07,2022-10-16,17:30:01,1881.47
paleo,"Paleo Shrimp Creole (Paleo, gluten-free roux) recipes",american,198.22,83.15,113.4,2022-10-16,17:30:01,1994.83
paleo,Paleo Carrot Cake,french,120.47,462.74,758.62,2022-10-16,17:30:01,7681.02
paleo,Beef Stroganoff recipes,eastern europe,109.57,33.41,183.38,2022-10-16,17:30:01,1472.4899999999998
paleo,The Perfect Paleo Meatballs,french,91.01,61.2,101.35,2022-10-16,17:30:01,1320.2400000000002
paleo,"Roasted Garlic Turnip Puree with Chorizo - Low Carb, Gluten Free",french,124.04,80.89,326.42,2022-10-16,17:30:01,2529.8500000000004
paleo,Paleo Pad Thai,south east asian,132.06,82.17,223.93,2022-10-16,17:30:01,2163.49
paleo,Brussels Sprout & Kale Slaw recipes,central europe,38.53,163.13,124.5,2022-10-16,17:30:07,2120.29
paleo,Spaghetti Carbonara-Paleo Style,italian,45.08,47.92,167.43,2022-10-16,17:30:07,1281.3200000000002
paleo,Paleo Chocolate Protein Truffles,american,29.5,12.09,17.69,2022-10-16,17:30:07,297.57
paleo,Paleo Pizza Crust #1,italian,31.08,121.36,58.78,2022-10-16,17:30:07,1451.6799999999998
paleo,Avocado Cucumber Salad recipes,mediterranean,15.8,81.26,74.48,2022-10-16,17:30:07,1092.46
paleo,Slow Cooker Pumpkin Salsa Shredded Beef,mexican,199.83,31.93,57.61,2022-10-16,17:30:07,1317.13
paleo,Najib's Special Lebanese Cauliflower recipes,mediterranean,17.38,56.94,27.53,2022-10-16,17:30:07,692.1
paleo,PALEO HASH BROWNS recipes,south american,4.78,114.92,36.36,2022-10-16,17:30:07,1198.84
paleo,Gluten Free Beef Bourguignon (Beef Burgundy) recipes,french,331.01,124.34,96.36,2022-10-16,17:30:07,2828.54
paleo,Tomato Avocado Burgers (Low Carb and Gluten-Free) recipes,american,90.67,45.15,135.0,2022-10-16,17:30:07,1309.03
paleo,Paleo Chocolate Protein Truffles,american,29.51,19.72,17.74,2022-10-16,17:30:07,366.47999999999996
paleo,Stuffed Pork Tenderloin recipes,american,197.23,51.76,48.64,2022-10-16,17:30:07,1449.32
paleo,Easy Paleo Chicken Fajitas,mexican,55.21,41.5,49.55,2022-10-16,17:30:07,792.54
paleo,Paleo Prawn Cocktail recipes,american,69.5,10.88,82.21,2022-10-16,17:30:07,704.76
paleo,Easy Lemon Curd (paleo),french,15.41,94.7,15.33,2022-10-16,17:30:07,975.2600000000001
paleo,Grain Free Double Chocolate Banana Bread,american,73.61,224.75,186.62,2022-10-16,17:30:14,3063.67
paleo,Clafoutis ~ The Paleo Mom,french,23.78,170.14,105.78,2022-10-16,17:30:14,2049.4999999999995
paleo,Hawaiian Chicken Recipe,south east asian,153.03,132.16,79.17,2022-10-16,17:30:14,2118.24
paleo,Creamy Artichoke Chicken recipes,mediterranean,294.34,167.48,152.06,2022-10-16,17:30:14,3292.92
paleo,Fluffy Paleo Cauliflower Mash,american,16.37,41.77,25.39,2022-10-16,17:30:14,542.97
paleo,Paleo Shepard's Pie,american,187.09,160.46,263.51,2022-10-16,17:30:14,3246.54
paleo,Paleo Coconut Lemon Cake,american,29.46,120.26,73.21,2022-10-16,17:30:14,1493.02
paleo,"Best Keto & Paleo Tortillas, Taco Shells & Nachos recipes",mexican,57.32,98.71,161.51,2022-10-16,17:30:14,1763.71
paleo,Homemade Paleo Protein Bars,american,88.19,289.27,122.03,2022-10-16,17:30:14,3444.3099999999995
paleo,Paleo Spaghetti Squash Primavera,italian,16.53,88.52,32.47,2022-10-16,17:30:14,992.68
paleo,"Easiest Paleo ""Ice Cream""",american,6.07,82.98,25.25,2022-10-16,17:30:14,872.1
paleo,Paleo Chocolate Chip Scones,american,37.98,145.35,114.58,2022-10-16,17:30:14,1918.3899999999999
paleo,Sriracha Ranch Cobb Salad recipes,american,117.7,21.91,154.52,2022-10-16,17:30:14,1286.0700000000002
paleo,Paleo Garlic Mashed Cauliflower,mediterranean,11.29,29.24,47.61,2022-10-16,17:30:14,498.75999999999993
paleo,Spiced Vanilla Pumpkin Milk Steamer,american,21.95,105.25,20.23,2022-10-16,17:30:14,1115.97
paleo,Delicious Paleo Chocolate Muffins,american,30.08,120.13,124.29,2022-10-16,17:30:14,1698.65
paleo,Paleo Plantain Fries recipes,south american,4.65,114.17,29.32,2022-10-16,17:30:21,1163.4099999999999
paleo,10 Paleo Lunch Ideas,italian,17.11,89.38,32.11,2022-10-16,17:30:21,1001.3
paleo,Paleo Paella recipes,mediterranean,165.01,120.66,192.24,2022-10-16,17:30:21,2514.94
paleo,Blueberry and macadamia yoghurt bark,french,24.89,74.19,67.42,2022-10-16,17:30:21,1036.95
paleo,Baked Vanilla Paleo Donuts,american,40.41,91.57,140.95,2022-10-16,17:30:21,1549.5699999999997
paleo,Paleo Cauliflower Rice recipes,mediterranean,16.4,43.41,29.44,2022-10-16,17:30:21,574.05
paleo,Homemade Paleo Chocolates recipes,french,12.69,108.27,172.4,2022-10-16,17:30:21,1714.79
paleo,Chocolate Paleo Snack Cake,american,38.57,266.83,135.99,2022-10-16,17:30:21,3099.71
paleo,Baked Keto Chicken Wings - Sweet & Spicy,south american,241.71,22.98,252.73,2022-10-16,17:30:21,2184.58
paleo,The Best Paleo Ketchup,italian,18.58,96.02,16.04,2022-10-16,17:30:21,1002.66
paleo,Paleo Power Baked Cauliflower,american,20.54,52.74,73.87,2022-10-16,17:30:21,852.3000000000001
paleo,PALEO CHICKEN FINGERS recipes,italian,70.92,198.74,61.64,2022-10-16,17:30:21,2318.9
paleo,Zucchini Noodles with Shrimp,asian,103.79,39.61,46.35,2022-10-16,17:30:21,957.0500000000001
paleo,Paleo Plantain Fries (Whole30),south american,4.65,114.17,29.32,2022-10-16,17:30:28,1163.4099999999999
paleo,Paleo Peach Cobbler recipes,british,18.73,161.9,29.61,2022-10-16,17:30:28,1650.4600000000003
paleo,Paleo Chick-fil-A,american,102.57,17.37,139.06,2022-10-16,17:30:28,1122.85
paleo,Bean-Free Paleo Chili,american,168.33,61.1,198.81,2022-10-16,17:30:28,2018.46
paleo,Paleo Fried Plantains recipes,south american,4.76,116.26,14.96,2022-10-16,17:30:28,1125.22
paleo,Paleo Strawberry Creamsicles recipes,french,8.94,36.01,90.47,2022-10-16,17:30:28,721.73
paleo,Easy Paleo Cauliflower Rice,mediterranean,10.69,28.78,15.58,2022-10-16,17:30:28,364.09999999999997
paleo,Pupusas - taco style Paleo,mexican,4.58,16.68,4.1,2022-10-16,17:30:28,184.84
paleo,The Best Paleo Snickerdoodles,french,45.91,155.32,113.15,2022-10-16,17:30:28,2034.12
paleo,One Pan Lemon Garlic Chicken and Asparagus recipes,british,100.0,121.41,109.85,2022-10-16,17:30:28,1932.0900000000001
paleo,Paleo Banana Egg rolls,american,43.42,352.63,38.01,2022-10-16,17:30:28,3499.39
paleo,Garlic Shrimp with Zucchini Noodles,asian,128.54,498.9,42.12,2022-10-16,17:30:28,5172.739999999999
paleo,Paleo BBQ Chicken recipes,american,149.29,40.41,145.3,2022-10-16,17:30:28,1542.05
paleo,Paleo Chicken Taco Burger,mexican,294.48,74.04,212.66,2022-10-16,17:30:28,2694.92
paleo,Perfect Paleo Ice Cream,italian,24.81,74.45,123.19,2022-10-16,17:30:34,1262.0500000000002
paleo,Paleo Mushroom Leek Frittata,italian,87.05,26.49,73.66,2022-10-16,17:30:34,881.25
paleo,Paleo Sweet Potato Mousse,french,9.45,123.59,22.28,2022-10-16,17:30:34,1239.23
paleo,Paleo Apple Pie Nachos,nordic,14.47,124.98,69.95,2022-10-16,17:30:34,1462.5
paleo,Paleo Mini Egg Cakes,american,43.83,13.43,72.69,2022-10-16,17:30:34,586.95
paleo,Quick Shrimp Scampi with Squash Noodles recipes,asian,108.12,51.58,79.72,2022-10-16,17:30:34,1215.58
paleo,Crab Stuffed Mushrooms recipes,american,32.53,14.87,64.25,2022-10-16,17:30:34,520.95
paleo,Crab-Stuffed Avocados (Paleo),mediterranean,39.34,38.27,74.0,2022-10-16,17:30:34,797.79
paleo,Paleo Banana & Blueberry Muffins,american,60.55,303.43,137.4,2022-10-16,17:30:34,3522.6699999999996
paleo,Paleo Avocado Tuna Salad,mexican,32.45,24.27,31.05,2022-10-16,17:30:34,472.43
paleo,Paleo Blueberry Bread Pudding,british,57.43,176.46,103.41,2022-10-16,17:30:34,2231.5
paleo,Paleo Pumpkin Caramels recipes,american,4.22,115.7,116.49,2022-10-16,17:30:34,1524.14
paleo,Spiced Paleo Apple Dip,american,24.53,175.16,109.81,2022-10-16,17:30:41,2113.8
paleo,Paleo Salted Caramel Dip,american,0.67,35.58,26.24,2022-10-16,17:30:41,427.85999999999996
paleo,Paleo Peppermint Ice Cream,italian,6.9,36.42,72.59,2022-10-16,17:30:41,645.74
paleo,Greek Orange Salad with Fresh Mint recipes,mediterranean,5.97,96.51,59.3,2022-10-16,17:30:41,1129.67
paleo,Paleo Sweet Potato Casserole,italian,49.47,291.72,151.36,2022-10-16,17:30:41,3428.8000000000006
paleo,Vegan Paleo Chocolate Mousse,american,16.72,192.81,79.34,2022-10-16,17:30:41,2119.53
paleo,Crispy Paleo Plantain Chips,south american,2.55,58.61,55.34,2022-10-16,17:30:48,759.0500000000001
paleo,Paleo Sweet Potato Waffles,american,23.49,39.24,18.88,2022-10-16,17:30:48,522.64
paleo,Honey Roasted Carrots (Paleo),american,4.44,61.71,21.39,2022-10-16,17:30:48,658.71
paleo,Paleo Gingerbread Mini Donuts,american,8.57,298.18,74.54,2022-10-16,17:30:48,3016.06
paleo,Homemade Paleo Nutella recipes,french,30.36,148.62,175.53,2022-10-16,17:30:48,2161.14
paleo,'Croodité' Paleo Basil Dip,american,6.35,7.27,127.41,2022-10-16,17:30:48,600.47
paleo,Paleo Cumin Cauliflower Rice,indian,24.31,99.2,26.28,2022-10-16,17:30:48,1095.16
paleo,Cherry Garcia Paleo Milkshake with DIY Paleo Magic Hardshell recipes,american,5.57,59.44,21.59,2022-10-16,17:30:48,643.6
paleo,German Tomato Salad (Tomatensalat) recipes,central europe,7.25,38.69,42.06,2022-10-16,17:30:48,545.45
paleo,Low Carb Paleo Biscuits,american,61.56,45.53,181.46,2022-10-16,17:30:48,1381.85
paleo,Paleo Pineapple & Beef Tacos,mexican,90.52,119.93,96.46,2022-10-16,17:30:48,1827.29
paleo,Paleo Bison Burger recipes,american,92.2,35.47,102.26,2022-10-16,17:30:55,1097.07
paleo,(Nut-Free) Basil Pesto recipes,italian,30.12,22.06,103.28,2022-10-16,17:30:55,732.14
paleo,Crockpot Paleo Apple Butter,american,6.53,347.37,4.66,2022-10-16,17:30:55,3171.0899999999997
paleo,Gluten Free Easy Herbed Chicken and Biscuit Bake recipes,eastern europe,110.29,58.36,119.9,2022-10-16,17:30:55,1446.0
paleo,Apricot Jalapeno Paleo Jam,british,18.08,213.75,5.09,2022-10-16,17:30:55,2016.4299999999998
paleo,Paleo Egg Drop Soup,chinese,56.95,69.25,60.75,2022-10-16,17:30:55,1094.05
paleo,Paleo Chocolate Almond Bark,french,34.16,153.55,57.23,2022-10-16,17:30:55,1747.5100000000002
paleo,Paleo Berry Compote or Cobbler,french,17.31,63.01,53.15,2022-10-16,17:30:55,848.9300000000001
paleo,Paleo Lemon Curd recipes,french,19.67,103.25,96.17,2022-10-16,17:30:55,1392.6100000000001
paleo,Paleo Candy Apple Wedges,french,7.85,80.52,52.89,2022-10-16,17:30:55,967.6399999999999
paleo,Paleo Cashew Cream Cheese,american,32.86,55.49,78.97,2022-10-16,17:30:55,946.73
paleo,Paleo 7-Layer Dip,mexican,133.18,76.45,179.73,2022-10-16,17:30:55,1939.69
paleo,Paleo Spaghetti Squash Noodles,asian,8.45,64.39,59.9,2022-10-16,17:30:55,852.91
paleo,Paleo Pureed Cauliflower recipes,american,12.05,31.38,45.55,2022-10-16,17:31:04,512.8199999999999
paleo,Paleo Caramel Date Slice,french,83.93,245.88,331.29,2022-10-16,17:31:04,3873.8
paleo,Paleo Baked Fries recipes,american,13.74,118.86,28.61,2022-10-16,17:31:04,1239.14
paleo,Paleo Cassava Flour Tortillas,mexican,0.0,224.64,81.0,2022-10-16,17:31:04,2345.7599999999998
paleo,Sweet Potato Hash recipes,american,27.89,64.1,66.82,2022-10-16,17:31:04,955.74
paleo,Paleo Greek Roasted Lamb,mediterranean,115.42,15.53,1305.07,2022-10-16,17:31:04,5821.73
paleo,Paleo Curry Leeks recipes,indian,5.61,47.41,12.98,2022-10-16,17:31:04,501.04999999999995
paleo,Paleo Banana & Blueberry Muffins,american,64.16,260.81,146.33,2022-10-16,17:31:04,3189.25
paleo,Paleo Pecan Tart Crust,american,20.15,24.96,111.99,2022-10-16,17:31:04,753.2
paleo,Paleo Ginger Snaps recipes,italian,50.38,109.88,112.1,2022-10-16,17:31:04,1638.8400000000001
paleo,Coconut-Crusted Tilapia - Paleo,mediterranean,118.32,42.58,75.47,2022-10-16,17:31:11,1158.38
paleo,"Amazing Paleo Pizza Crust - vegan, autoimmune paleo & cauliflower free recipes",italian,8.28,167.87,33.64,2022-10-16,17:31:11,1678.5099999999998
paleo,"Paleo Slow Cooker Apple Honey Chicken Drumsticks Recipe [Paleo, AIP]",american,181.88,94.85,92.71,2022-10-16,17:31:11,1952.01
paleo,Paleo Coconut Shrimp recipes,mediterranean,159.33,41.29,134.16,2022-10-16,17:31:11,1545.5700000000002
paleo,Paleo Shepherd’s Pie,american,124.01,230.07,181.24,2022-10-16,17:31:11,3291.63
paleo,"Paleo Apple Crisp (Paleo, GF, Vegan + Refined Sugar-Free) recipes",american,31.89,298.07,109.02,2022-10-16,17:31:11,3246.27
paleo,Paleo Peach Frangipane Muffins,french,60.35,140.67,201.48,2022-10-16,17:31:11,2313.35
paleo,Paleo green bean recipe,american,15.37,18.31,35.08,2022-10-16,17:31:11,366.59
paleo,Paleo Mango Cake recipes,american,64.28,108.36,46.38,2022-10-16,17:31:11,1417.88
paleo,Paleo Sweet Potato Soup,american,27.29,156.45,7.57,2022-10-16,17:31:11,1547.49
paleo,Paleo Crispy Noodles recipes,asian,2.7,33.62,40.93,2022-10-16,17:31:11,477.1
paleo,Herb Paleo Cauliflower Mash,french,29.89,99.19,552.98,2022-10-16,17:31:18,3224.19
paleo,Decadent Paleo Custard recipes,american,30.45,51.96,106.8,2022-10-16,17:31:18,1016.6399999999999
paleo,Paleo Shepherd's Pie,american,197.56,123.66,253.41,2022-10-16,17:31:18,2916.82
paleo,Paleo Berry Crumble Bars,french,3.4,206.17,1.6,2022-10-16,17:31:18,1875.53
paleo,Paleo + Vegan Chocolate Frosting,american,24.97,280.27,162.7,2022-10-16,17:31:18,3273.1099999999997
paleo,Sunday Slow Cooker: Thai Curry Ground Beef recipes,south east asian,104.82,34.94,32.89,2022-10-16,17:31:18,865.3
paleo,Paleo Chicken Nuggets recipes,american,211.64,47.69,100.54,2022-10-16,17:31:18,1677.93
paleo,Paleo Bacon-Wrapped Cauliflower,american,70.23,224.84,424.27,2022-10-16,17:31:18,4001.56
paleo,Green Eggs and Bacon,american,28.37,13.96,101.73,2022-10-16,17:31:18,646.04
paleo,Kitchen Sink Paleo Lunch,american,94.21,25.93,36.16,2022-10-16,17:31:18,754.85
paleo,Herb Paleo Cauliflower Mash,french,29.89,99.19,552.98,2022-10-16,17:31:24,3224.19
paleo,Decadent Paleo Custard recipes,american,30.45,51.96,106.8,2022-10-16,17:31:24,1016.6399999999999
paleo,Paleo Shepherd's Pie,american,197.56,123.66,253.41,2022-10-16,17:31:24,2916.82
paleo,Paleo Berry Crumble Bars,french,3.4,206.17,1.6,2022-10-16,17:31:24,1875.53
paleo,Paleo + Vegan Chocolate Frosting,american,24.97,280.27,162.7,2022-10-16,17:31:24,3273.1099999999997
paleo,Sunday Slow Cooker: Thai Curry Ground Beef recipes,south east asian,104.82,34.94,32.89,2022-10-16,17:31:24,865.3
paleo,Paleo Chicken Nuggets recipes,american,211.64,47.69,100.54,2022-10-16,17:31:24,1677.93
paleo,Paleo Bacon-Wrapped Cauliflower,american,70.23,224.84,424.27,2022-10-16,17:31:24,4001.56
paleo,Green Eggs and Bacon,american,28.37,13.96,101.73,2022-10-16,17:31:24,646.04
paleo,Kitchen Sink Paleo Lunch,american,94.21,25.93,36.16,2022-10-16,17:31:24,754.85
vegan,Spiked Vegan Eggnog,american,46.36,84.52,42.61,2022-10-16,20:02:29,1116.56
vegan,Vegan Cucumber Tea Sandwiches,american,41.73,143.91,73.88,2022-10-16,20:02:29,1757.63
vegan,Vegan Broccoli Soup Recipe,american,103.83,82.54,139.3,2022-10-16,20:02:29,1715.38
vegan,Baked Vegan Mac and Cheese Recipe,american,140.19,524.38,221.29,2022-10-16,20:02:29,6165.34
vegan,Vegan Nachos,american,73.05,266.38,166.64,2022-10-16,20:02:29,3356.18
vegan,The Best Vegan Breakfast Sandwich,american,143.13,208.42,189.86,2022-10-16,20:02:29,3207.7400000000002
vegan,{Vegan} Peanut Butter & Honey Muffins recipes,american,29.53,168.46,59.83,2022-10-16,20:02:29,1873.5800000000002
vegan,Vegan Pots de Crème,american,45.25,106.45,98.01,2022-10-16,20:02:29,1531.0900000000001
vegan,Vegan tiffin,american,60.38,272.18,287.22,2022-10-16,20:02:29,3840.02
vegan,Vegan Stovetop Lasagna,american,124.77,512.21,147.15,2022-10-16,20:02:29,5697.570000000001
vegan,Vegan Italian Cold Cut Sandwich,american,54.22,143.1,81.73,2022-10-16,20:02:29,1831.6999999999998
vegan,Vegan Chocolate Pie,american,71.19,428.01,248.98,2022-10-16,20:02:29,5132.77
vegan,Vegan Mushroom Tea Sandwiches,american,36.74,127.18,60.04,2022-10-16,20:02:29,1531.7400000000002
vegan,Vegan Chicken Nuggets,american,119.69,80.59,33.4,2022-10-16,20:02:29,1337.67
vegan,Creamy Vegan Butternut Squash Mac And Cheese,american,132.14,453.36,72.61,2022-10-16,20:02:35,4899.24
vegan,Vegan Candied Almonds,american,120.98,530.66,289.27,2022-10-16,20:02:35,6416.94
vegan,Vegan Cinnamon Rolls Recipe,american,62.84,884.18,321.47,2022-10-16,20:02:35,9494.86
vegan,"Classic American Fare, Now In Vegan! recipes",american,103.83,82.54,139.3,2022-10-16,20:02:35,1715.38
vegan,Simple Vegan Tofu Lasagna,asian,129.45,317.99,86.68,2022-10-16,20:02:35,3726.4300000000003
vegan,Vegan Stroganoff recipes,american,52.69,40.66,37.09,2022-10-16,20:02:35,725.06
vegan,Vegan Meatballs,american,61.47,269.97,68.85,2022-10-16,20:02:35,2951.0100000000007
vegan,Vegan Pie Crust,american,14.53,107.31,78.16,2022-10-16,20:02:35,1336.55
vegan,Vegan Sesame Strugglaire’s Shortbread,american,55.94,468.46,400.53,2022-10-16,20:02:35,6042.0199999999995
vegan,Vegan Chocolate Frosting recipes,american,33.03,663.3,541.54,2022-10-16,20:02:35,8267.98
vegan,Vegan Lasagna,american,144.17,284.74,54.78,2022-10-16,20:02:35,3358.4599999999996
vegan,"The Best ""Beefy"" Vegan Burgers",american,86.16,548.23,129.69,2022-10-16,20:02:35,5797.47
vegan,Vegan Chocolate Peanut Butter Cups recipes,american,66.4,239.64,284.24,2022-10-16,20:02:35,3559.3199999999997
vegan,Vegan Pumpkin Pie,american,42.83,344.63,121.93,2022-10-16,20:02:42,3760.71
vegan,Vegan Scallops,american,31.9,66.68,13.49,2022-10-16,20:02:42,781.6800000000002
vegan,Vegan Caesar Salad Dressing,american,28.01,37.29,67.87,2022-10-16,20:02:42,719.1300000000001
vegan,Vegan (Or Not) Peach Creamsicle Sherbet,american,55.03,439.96,52.51,2022-10-16,20:02:42,4389.8
vegan,Vegan pizza Margherita,italian,113.8,391.09,97.24,2022-10-16,20:02:42,4363.969999999999
vegan,Vegan Classic Cheesecake,american,105.08,635.06,243.29,2022-10-16,20:02:42,7109.019999999999
vegan,Vegan Chocolate-Dipped Frozen Banana Bites,american,29.04,178.5,73.99,2022-10-16,20:02:42,2018.6200000000001
vegan,Vegan brownies,french,56.1,486.28,195.65,2022-10-16,20:02:42,5383.5199999999995
vegan,Vegan Spinach and Mushroom Lasagna,american,161.61,304.45,175.45,2022-10-16,20:02:42,4088.29
vegan,Vegan Pumpkin Pull-Apart Loaf,american,55.62,662.7,93.64,2022-10-16,20:02:42,6561.34
vegan,Vegan Potato Salad,american,20.77,129.36,26.85,2022-10-16,20:02:42,1354.7200000000003
vegan,Vegan white pizza,american,74.83,374.84,36.75,2022-10-16,20:02:42,3819.88
vegan,Vegan Macaroni Salad,american,42.07,170.89,42.08,2022-10-16,20:02:42,1874.6099999999997
vegan,Asparagus and Arugula Pizza with Vegan Pesto,italian,24.25,80.63,40.53,2022-10-16,20:02:42,984.79
vegan,Vegan Eton mess,american,46.27,297.82,26.19,2022-10-16,20:02:42,2970.2200000000003
vegan,Vegan Cornbread Stuffing,american,64.42,421.16,91.7,2022-10-16,20:02:42,4414.92
vegan,Vegan potato salad,american,21.37,121.44,48.19,2022-10-16,20:02:42,1371.2
vegan,Vegan French Onion Dip,american,57.38,134.68,188.77,2022-10-16,20:02:42,2196.7200000000003
vegan,Vegan Jambalaya,american,49.54,220.02,59.7,2022-10-16,20:02:42,2417.1400000000003
vegan,Vegan Meyer Lemon Poppyseed Shortbread,american,37.78,425.18,271.62,2022-10-16,20:02:49,5064.219999999999
vegan,Vegan bolognese,american,80.8,335.2,27.94,2022-10-16,20:02:49,3451.7599999999998
vegan,Vegan Creamy Coleslaw,american,6.76,40.99,68.13,2022-10-16,20:02:49,668.47
vegan,Vegan chocolate ice cream,american,34.96,284.85,220.65,2022-10-16,20:02:49,3586.09
vegan,Vegan Ginger Sticky Date Pudding & Cardamom Toffee,british,43.95,859.11,287.58,2022-10-16,20:02:49,9058.11
vegan,‘Cheesy’ vegan scones,american,68.49,279.16,49.72,2022-10-16,20:02:49,2985.28
vegan,Vegan Mushroom Stroganoff,american,50.67,221.8,68.92,2022-10-16,20:02:49,2474.56
vegan,Vegan Fig Galette,american,52.72,880.99,346.35,2022-10-16,20:02:49,9525.19
vegan,Vegan fry-up,american,100.27,167.06,279.46,2022-10-16,20:02:49,3022.46
vegan,Traditional Vegan Caesar Salad,american,46.34,126.68,66.66,2022-10-16,20:02:49,1592.12
vegan,Vegan Mushroom Bolognese,american,57.26,229.43,36.96,2022-10-16,20:02:49,2441.75
vegan,Vegan White Peach Mug Cobbler With Cardamom,american,5.51,70.81,16.13,2022-10-16,20:02:49,723.8499999999999
vegan,Easy vegan tacos,american,26.13,153.72,15.67,2022-10-16,20:02:49,1550.68
vegan,Gluten-Free Walnut & Portobello Mushroom Vegan Burgers,american,34.55,97.14,30.74,2022-10-16,20:02:49,1135.42
vegan,Vegan Cauliflower Alfredo Bake,american,114.36,389.31,28.11,2022-10-16,20:02:49,4073.67
vegan,Zesty Italian Vegan Meatballs,american,55.19,100.02,66.46,2022-10-16,20:02:49,1386.78
vegan,Vegan lasagne,american,169.83,604.54,100.68,2022-10-16,20:02:56,6522.9
vegan,Gluten-Free Walnut & Portobello Mushroom Vegan Burgers,american,37.37,99.68,42.81,2022-10-16,20:02:56,1217.8400000000001
vegan,Carrot Cake With Vegan Cream Cheese Frosting,american,74.47,1032.32,465.91,2022-10-16,20:02:56,11452.399999999998
vegan,Vegan Pizza,american,35.92,223.73,71.83,2022-10-16,20:02:56,2444.57
vegan,Vegan moussaka,american,129.49,548.31,119.91,2022-10-16,20:02:56,5932.389999999999
vegan,Vegan Sushi Burger,japanese,24.23,198.01,32.0,2022-10-16,20:02:56,2007.01
vegan,Vegan Brownies recipes,french,35.2,405.49,129.47,2022-10-16,20:02:56,4308.09
vegan,Beefless Vegan Tacos,american,57.67,132.69,72.92,2022-10-16,20:02:56,1716.5700000000002
vegan,Vegan Chocolate and Raspberry Panna Cotta,american,33.99,158.29,73.24,2022-10-16,20:02:56,1853.53
vegan,Vegan Pav-Bhaji,american,17.71,99.41,32.22,2022-10-16,20:02:56,1094.4099999999999
vegan,Vegan toffee apple upside-down cake,american,33.97,422.06,151.76,2022-10-16,20:02:56,4541.46
vegan,Vegan BLATs (BLTs with Avocado),american,41.62,119.38,71.62,2022-10-16,20:02:56,1527.38
vegan,Vegan rhubarb & custard bake,american,39.49,531.36,211.22,2022-10-16,20:02:56,5785.08
vegan,Vegan Pasta Pie,american,71.56,310.5,39.6,2022-10-16,20:02:56,3239.14
vegan,Vegan Eggplant Parmesan,american,53.02,221.99,68.26,2022-10-16,20:02:56,2483.03
vegan,Vegan Creme Brulee Buttermilk Cupcakes,american,41.75,1133.7,415.07,2022-10-16,20:02:56,12030.580000000002
vegan,Bean and Potato Vegan Enchiladas recipes,american,65.85,324.88,152.74,2022-10-16,20:03:03,3798.28
vegan,Vegan Blueberry Pie,american,27.46,448.09,131.15,2022-10-16,20:03:03,4667.25
vegan,Cinnamon Sugar Vegan Donuts,american,14.41,411.22,64.83,2022-10-16,20:03:03,4017.9400000000005
vegan,Vegan pie,american,102.33,552.11,240.21,2022-10-16,20:03:03,6339.15
vegan,The best gluten-free vegan pesto pasta,american,227.6,502.31,462.82,2022-10-16,20:03:03,7282.469999999999
vegan,Spicy Thai Vegan Burger,south east asian,80.51,190.71,52.97,2022-10-16,20:03:03,2250.31
vegan,Vegan Kale And Leek Bake recipes,american,40.32,217.22,141.53,2022-10-16,20:03:03,2682.38
vegan,Vegan Quinoa Lentil Curry Burger,american,40.15,136.6,18.22,2022-10-16,20:03:03,1462.8799999999997
vegan,Vegan Chocolate Cheesecake,american,107.55,859.49,382.54,2022-10-16,20:03:03,9695.77
vegan,Vegan Cauliflower Buffalo Wings,american,52.39,263.63,47.66,2022-10-16,20:03:03,2772.87
vegan,Vegan Mac and Cheese recipes,american,166.81,444.38,25.66,2022-10-16,20:03:03,4769.3
vegan,Vegan Shepherd's Pie,american,106.76,425.81,101.91,2022-10-16,20:03:03,4666.97
vegan,Vegan Lemon Vanilla Cupcakes with Lemon Buttercream Frosting,american,27.77,619.26,207.28,2022-10-16,20:03:03,6513.54
vegan,Vegan Chocolate Cheesecake,american,98.03,714.56,314.5,2022-10-16,20:03:03,8081.159999999999
vegan,Spicy Thai Vegan Burger,american,80.51,190.71,52.97,2022-10-16,20:03:03,2250.31
vegan,Vegan Sweet Potato Biscuits,american,54.63,448.19,138.11,2022-10-16,20:03:03,4804.67
vegan,Vegan Banana Chocolate Chip Muffins,american,36.93,418.54,106.0,2022-10-16,20:03:03,4338.58
vegan,Vegan Thai green curry,south east asian,43.56,247.53,57.67,2022-10-16,20:03:10,2632.69
vegan,Vegan Black Bean Burgers,american,70.79,256.3,113.3,2022-10-16,20:03:10,3043.06
vegan,Vegan Cream Of Broccoli Soup,american,75.06,161.94,111.21,2022-10-16,20:03:10,2202.54
vegan,Vegan Lentil Burgers,american,84.93,331.31,43.1,2022-10-16,20:03:10,3493.9100000000003
vegan,Vegan Sweet Potato & Pear Soup,american,11.66,164.77,28.96,2022-10-16,20:03:10,1645.41
vegan,Classic Vegan Date Bars,american,70.29,1101.77,331.04,2022-10-16,20:03:10,11521.25
vegan,Gluten-Free Vegan Creole Jalapeno Hush Puppies,american,37.11,384.44,135.66,2022-10-16,20:03:10,4151.04
vegan,Vegan Cream Of Mushroom Soup With Not So Vegan Herb Bread,american,71.33,222.41,121.53,2022-10-16,20:03:10,2773.13
vegan,Ian's Vegan Chili,american,155.27,571.66,106.53,2022-10-16,20:03:10,6192.139999999999
vegan,EASY VEGAN COCONUT CURRY NOODLE BOWLS,asian,24.54,181.37,107.56,2022-10-16,20:03:10,2160.73
vegan,"Vegan ""B.L.A.T.""s: Lettuce, Tomato, Avocado, and Crispy Smoked Mushroom Sandwiches Recipe",american,20.82,77.06,45.26,2022-10-16,20:03:10,957.8599999999999
vegan,Vegan Chickpea Crab Cakes,american,81.59,304.48,221.1,2022-10-16,20:03:10,3951.0800000000004
vegan,No-churn Vegan Peanut Butter Chocolate Chip Ice Cream recipes,american,95.88,416.83,477.74,2022-10-16,20:03:17,6045.95
vegan,Fully Loaded Vegan Baked Potato Soup Recipe,american,59.15,222.48,150.25,2022-10-16,20:03:17,2839.92
vegan,"Vegan Sausage, Kale and Cauliflower Potpie",american,149.81,395.9,150.42,2022-10-16,20:03:17,4764.02
vegan,Vegan Misir Wot Pierogi,central europe,168.87,870.67,50.77,2022-10-16,20:03:17,8714.59
vegan,You Won't Believe it's Vegan Pumpkin Pie,american,36.0,304.6,92.59,2022-10-16,20:03:17,3255.76
vegan,Vegan Lasagna alla Bolognese Recipe,italian,72.92,373.65,54.98,2022-10-16,20:03:17,3874.45
vegan,Vegan and Gluten-Free Fruit and Almond Shortbread Bars,american,31.11,463.9,275.34,2022-10-16,20:03:17,5400.899999999999
vegan,Vegan Spiced Pumpkin Pie Glo Bites,american,38.34,243.38,68.53,2022-10-16,20:03:17,2617.9
vegan,Black-Bottom Peanut Butter Freezer Pie,american,94.34,522.29,354.72,2022-10-16,20:03:17,6496.849999999999
vegan,Vegan Shepherd's Pie,american,98.26,498.68,200.96,2022-10-16,20:03:17,5685.0
vegan,Vegan Italian Roasted Eggplant Bisque,american,22.05,79.91,36.02,2022-10-16,20:03:17,951.47
vegan,"Bacon Ranch Salad, Now In Vegan Form!",american,37.9,51.12,156.63,2022-10-16,20:03:17,1238.1999999999998
vegan,Chef Chloe's Best-Ever Vegan Baked Macaroni and Cheese,american,133.22,511.08,63.01,2022-10-16,20:03:17,5384.64
vegan,GRAIN FREE + VEGAN LIME PIE BARS,american,24.81,143.11,186.7,2022-10-16,20:03:17,2134.03
vegan,Vegan Cream of Mushroom Soup With Crispy Shiitake Chips Recipe,american,38.03,122.84,130.18,2022-10-16,20:03:17,1778.3999999999999
vegan,Chocolate Chip Cake with Buttercream Icing (Vegan),american,50.97,1002.35,676.53,2022-10-16,20:03:17,11931.149999999998
vegan,Mushroom and Pea Tart (vegan friendly),american,73.9,378.91,130.61,2022-10-16,20:03:23,4228.23
vegan,Can't-Believe-It's-Vegan Chili,american,214.61,484.66,105.34,2022-10-16,20:03:23,5641.740000000001
vegan,This Ain’t Grandma’s Sweet Potato Casserole (Vegan) recipes,american,26.46,323.89,132.46,2022-10-16,20:03:23,3550.69
vegan,Tomato and basil bruschetta (for vegans and non vegans alike),american,25.17,97.93,57.09,2022-10-16,20:03:23,1210.4100000000003
vegan,Heirloom Tomato BLTs recipes,american,259.09,789.39,168.65,2022-10-16,20:03:23,8815.47
vegan,"Instant Pot Buffalo Sweet Potato Soup {Vegan, Whole30, Paleo, Gluten-Free}",american,14.26,79.07,109.53,2022-10-16,20:03:23,1206.79
vegan,Itty Bitty Herbed Garlic Pumpkin Knots With Vegan Parmesan Cheese,american,23.25,124.6,45.81,2022-10-16,20:03:23,1397.6399999999999
vegan,Vegan Chocolate-Covered Digestive Biscuits Recipe,american,37.68,313.69,226.63,2022-10-16,20:03:23,3880.45
vegan,Vegan Slow-Cooker Sweet Potato Chili,american,65.82,224.74,32.78,2022-10-16,20:03:23,2417.06
vegan,Vegan Chickpea Cakes with Mashed Avocado Recipe,american,74.62,351.32,160.23,2022-10-16,20:03:23,4101.28
vegan,Classic Vegan Gumbo,american,122.54,442.68,229.02,2022-10-16,20:03:23,5390.36
vegan,Vegan Spinach and Artichoke Dip Recipe,mediterranean,66.61,157.17,89.84,2022-10-16,20:03:23,2040.33
vegan,Vegan Black Bean and Squash Chili Recipe,american,97.48,229.27,101.69,2022-10-16,20:03:30,2860.1100000000006
vegan,Gluten Free Vegan Fudgy Black Bean Brownies Recipe,french,40.59,314.63,95.06,2022-10-16,20:03:30,3374.2700000000004
vegan,"Easy Cucumber Noodles with a Vegan Basil Cream, Tomatoes and Pine Nuts recipes",american,46.69,165.17,170.8,2022-10-16,20:03:30,2356.49
vegan,Vegan Chocolate Cake and Frosting recipes,american,76.8,1295.31,756.82,2022-10-16,20:03:30,14992.27
vegan,Vegan katsu curry,american,79.46,265.89,116.58,2022-10-16,20:03:30,3177.17
vegan,"Super Healthy, But Doesn’t Taste It Vegan Banana Bread",american,38.31,441.56,109.48,2022-10-16,20:03:30,4565.2
vegan,Mexican Hot Chocolate Cupcakes with Whipped Cream (vegan),american,38.34,330.17,174.65,2022-10-16,20:03:30,3823.4900000000002
vegan,Vegan Egg Salad Sandwich recipes,american,74.95,102.31,85.59,2022-10-16,20:03:30,1562.9499999999998
vegan,Vegan Chocolate Tart With Salted Oat Crust,american,61.46,529.8,330.19,2022-10-16,20:03:30,6334.8
vegan,Smoky Tomato & Garlic Spelt Risotto with Crumbled Vegan Feta,mediterranean,66.35,290.35,116.51,2022-10-16,20:03:30,3344.59
vegan,Vegan Chocolate Tart with Salted Oat Crust recipes,american,61.46,529.8,330.19,2022-10-16,20:03:30,6334.8
vegan,Wholegrain Pitta with Tomatoes and Pesto,italian,6.98,31.38,12.07,2022-10-16,20:03:30,358.62
vegan,The Best Vegan Baked Mac & Cheese Recipe,american,83.66,441.39,81.04,2022-10-16,20:03:30,4631.3099999999995
vegan,Try This Vegan Recipe For Stuffed Mushroom Burgers recipes,american,99.49,616.7,137.2,2022-10-16,20:03:30,6497.06
vegan,Grits Cheesecake,american,65.26,514.5,240.49,2022-10-16,20:03:30,5853.5
vegan,"Vegan, Gluten-Free Double Chocolate Muffins",american,44.62,454.71,320.21,2022-10-16,20:03:30,5551.71
vegan,Gluten-Free Sweet Potato Cardamom Macadamia Brownies,french,22.67,234.49,171.88,2022-10-16,20:03:30,2888.6099999999997
vegan,Lime Cheesecake,american,56.74,279.19,145.24,2022-10-16,20:03:37,3320.63
vegan,Crowd-Pleasing Vegan Caesar Salad recipes,american,87.84,199.83,121.3,2022-10-16,20:03:37,2635.0299999999997
vegan,Crowd-Pleasing Vegan Caesar Salad recipes,american,88.56,202.18,124.26,2022-10-16,20:03:37,2670.9
vegan,Vegan Frosting,american,1.45,0.1,301.59,2022-10-16,20:03:37,1213.06
vegan,Beluga Lentil Caviar on Blini,eastern europe,49.59,180.15,91.1,2022-10-16,20:03:37,2184.11
vegan,Chocolate-Covered Matzo Bark,french,30.6,270.36,103.89,2022-10-16,20:03:37,2971.2000000000003
vegan,Vegan pesto,american,25.51,22.8,172.61,2022-10-16,20:03:37,997.6800000000001
vegan,Hadley’s Vegan Apple Spice Muffins With Oatmeal Streusel Topping,american,43.71,505.55,89.84,2022-10-16,20:03:37,5084.15
vegan,Matcha Green Tea Ice Cream Sandwich with Vegan Ginger Molasses Cookies Recipe,american,92.89,1079.21,330.99,2022-10-16,20:03:37,11408.41
vegan,Carrot & caraway crackers,american,19.35,185.39,46.89,2022-10-16,20:03:37,1933.4699999999998
vegan,Chocolate Walnut Bites Recipe,american,70.47,524.05,165.8,2022-10-16,20:03:37,5661.53
vegan,Vegan Queso,american,43.24,61.71,62.75,2022-10-16,20:03:37,979.35
vegan,Vegan Root Beer Coconut Ice Cream,american,12.15,177.57,91.47,2022-10-16,20:03:37,2012.6099999999997
vegan,Vegan Meringues,american,29.98,240.24,11.78,2022-10-16,20:03:37,2329.2
vegan,Vegan Pesto,american,15.28,24.1,75.12,2022-10-16,20:03:44,578.5
vegan,Vegan burritos,american,135.16,595.7,98.97,2022-10-16,20:03:44,6297.820000000001
vegan,Vegan Masa,american,99.13,891.96,223.08,2022-10-16,20:03:44,9316.48
vegan,Vegan fajitas,american,42.5,182.74,52.72,2022-10-16,20:03:44,2025.54
vegan,Vegan nuggets,american,91.67,262.84,45.06,2022-10-16,20:03:44,2912.4799999999996
vegan,Vegan meatballs,american,55.2,233.31,79.82,2022-10-16,20:03:44,2639.87
vegan,Vegan Dumplings,american,8.71,102.45,18.76,2022-10-16,20:03:44,1031.93
vegan,Barbecue Pulled Jackfruit Sandwiches,american,27.91,406.7,94.66,2022-10-16,20:03:44,4150.58
vegan,Vegan Queso,american,54.39,74.21,73.09,2022-10-16,20:03:44,1177.81
vegan,Vegan Lasagna,american,101.15,272.84,66.63,2022-10-16,20:03:44,3126.68
vegan,Vegan Sushi,japanese,31.81,295.6,11.96,2022-10-16,20:03:44,2835.48
vegan,Vegan Kimchi,american,104.24,539.25,14.78,2022-10-16,20:03:44,5329.33
vegan,Classic Cinnamon Rolls recipes,nordic,81.33,788.44,176.4,2022-10-16,20:03:44,8126.880000000001
vegan,Vegan Meatballs,american,55.47,198.88,69.92,2022-10-16,20:03:44,2291.48
vegan,Vegan Gyoza,american,198.89,851.59,80.86,2022-10-16,20:03:50,8783.310000000001
vegan,Fancy Green Beans,american,9.51,33.92,11.36,2022-10-16,20:03:50,388.76000000000005
vegan,Raw Chocolate Mousse recipes,american,55.3,385.05,192.81,2022-10-16,20:03:50,4457.89
vegan,Vegan Gravy,american,16.42,50.17,27.99,2022-10-16,20:03:50,629.1700000000001
vegan,Hummus Tartine with Sprouts recipes,mediterranean,8.37,34.76,18.01,2022-10-16,20:03:50,418.36
vegan,Vegan Mayonnaise,american,22.97,25.13,106.85,2022-10-16,20:03:50,745.4499999999999
vegan,Vegan Eggnog,american,28.72,151.67,136.98,2022-10-16,20:03:50,2027.83
vegan,Gluten-Free Sweet Potato Pie,american,22.83,226.55,165.84,2022-10-16,20:03:50,2793.63
vegan,Vegan Vichysoisse,american,34.11,254.47,41.28,2022-10-16,20:03:50,2591.79
vegan,Vegan Nachos,american,119.72,312.06,136.44,2022-10-16,20:03:50,3833.1800000000003
vegan,Heirloom Tomato BLT,american,67.86,133.37,114.89,2022-10-16,20:03:50,1931.33
vegan,Toasted Coconut and Almond Butter,american,66.39,96.28,197.65,2022-10-16,20:03:50,1922.6799999999998
vegan,Summer Baked Beans recipes,american,12.72,3204.43,53.92,2022-10-16,20:03:50,29106.43
vegan,Vegan Gravy,american,15.33,88.78,63.28,2022-10-16,20:03:50,1113.46
vegan,Sweet Potato Turnovers with Sweet Kraut,french,18.53,340.31,95.89,2022-10-16,20:03:50,3520.47
vegan,Vegan Chili,american,77.37,290.62,53.2,2022-10-16,20:03:57,3137.86
vegan,Vegan Chili,american,83.07,289.12,24.89,2022-10-16,20:03:57,3033.9199999999996
vegan,Vegan Cassoulet,american,32.89,192.7,911.66,2022-10-16,20:03:57,5512.5
vegan,Chocolate Chip Pumpkin Bread,american,41.34,466.58,154.67,2022-10-16,20:03:57,4983.26
vegan,Vegan Lasagna,american,175.6,469.02,121.44,2022-10-16,20:03:57,5409.34
vegan,Cherry Tomato Zucchini Noodles,asian,11.46,39.76,14.13,2022-10-16,20:03:57,460.19999999999993
vegan,"Pb, J & Chocolate Love Pie",american,62.69,275.49,262.8,2022-10-16,20:03:57,3781.37
vegan,Red lentil & sweet potato pâté,french,37.67,118.32,15.72,2022-10-16,20:03:57,1278.44
vegan,Double-Chocolate Glazed Doughnuts,american,26.65,316.79,119.73,2022-10-16,20:03:57,3436.63
vegan,Vegan cashew Parmesan,american,59.46,65.69,67.7,2022-10-16,20:03:57,1099.8500000000001
vegan,Vegan Mayonnaise Recipe,american,9.89,4.19,341.1,2022-10-16,20:03:57,1441.67
vegan,Rustic Garlic and Asparagus Tofu Quiche Is a Slice of Sunshine,french,16.32,119.85,87.04,2022-10-16,20:03:57,1492.09
vegan,Vegan Corn Soup,american,29.92,164.72,38.37,2022-10-16,20:03:57,1755.64
vegan,Chocolate Sunflower Butter Spread recipes,american,9.19,136.89,228.0,2022-10-16,20:03:57,2180.7699999999995
vegan,Vegan Cauliflower Soup,american,26.33,36.65,29.47,2022-10-16,20:03:57,553.05
vegan,Vegan Yorkshire puddings,british,28.33,194.44,41.45,2022-10-16,20:03:57,2029.08
vegan,"Vegan ""Ice Cream""",american,3.15,28.35,4.84,2022-10-16,20:03:57,287.11
vegan,Vegan Christmas pudding,american,60.68,1131.87,113.81,2022-10-16,20:04:04,10884.789999999997
vegan,Grilled Avocado Sandwich,american,7.0,31.62,8.68,2022-10-16,20:04:04,347.29999999999995
vegan,Vegan Asparagus Risotto,american,30.84,247.0,16.36,2022-10-16,20:04:04,2411.8
vegan,Vegan lemon cheesecake,american,80.07,223.02,266.4,2022-10-16,20:04:04,3393.06
vegan,Vegan Mushroom Gravy,american,10.93,37.1,41.71,2022-10-16,20:04:04,544.46
vegan,Vegan Blueberry Crisp,american,30.9,196.29,153.5,2022-10-16,20:04:04,2504.21
vegan,Vegan lemon cake,american,29.37,568.68,97.64,2022-10-16,20:04:04,5626.16
vegan,Chocolate-Covered Banana Ice Cream Bars,american,43.88,239.08,154.42,2022-10-16,20:04:04,2944.92
vegan,Vegan Lemon Cake,american,27.09,473.21,76.49,2022-10-16,20:04:04,4673.209999999999
vegan,"Oat Milk Tres ""Leches"" Cake",south american,118.03,713.21,278.89,2022-10-16,20:04:04,8006.57
vegan,"Steamed Buns with Simmered Daikon and Shiitake, Pickled Bean Sprouts, and Spicy Mayonnaise (Vegan) Recipe",american,78.57,442.46,59.91,2022-10-16,20:04:04,4536.06
vegan,Easy vegan pho,american,18.65,106.31,15.27,2022-10-16,20:04:04,1092.4699999999998
vegan,Vegan Chocolate Sorbet,american,7.27,173.78,51.9,2022-10-16,20:04:10,1800.6999999999998
vegan,Vegan Black Beans,american,104.19,316.86,49.68,2022-10-16,20:04:10,3467.22
vegan,Easy vegan burgers,american,49.36,466.88,24.18,2022-10-16,20:04:10,4496.08
vegan,Vegan Chocolate Cake,american,50.01,722.29,229.58,2022-10-16,20:04:10,7618.969999999999
vegan,Vegan Sourdough Stuffing,american,64.61,290.67,54.0,2022-10-16,20:04:10,3090.4700000000003
vegan,Vegan Sweet Potato and 2-Bean Chili With Hominy Recipe,american,135.92,583.76,59.5,2022-10-16,20:04:10,6035.52
vegan,Vegan Chickpea Curry,american,71.67,244.33,64.8,2022-10-16,20:04:10,2744.85
vegan,Vegan Baked Beans,american,98.26,403.51,48.14,2022-10-16,20:04:10,4217.1900000000005
vegan,Vegan Mapo Tofu,american,52.07,60.56,56.37,2022-10-16,20:04:10,978.8
vegan,Vegan Chili Mac,american,74.67,242.04,66.9,2022-10-16,20:04:10,2744.64
vegan,Vegan Scalloped Potatoes,american,37.1,298.65,73.61,2022-10-16,20:04:10,3130.69
vegan,Vegan Christmas cake,american,101.45,1210.44,371.51,2022-10-16,20:04:17,12785.8
vegan,Vegan Rice Pudding,british,27.49,328.04,84.0,2022-10-16,20:04:17,3398.32
vegan,Vegan Spring Risotto,italian,25.13,212.46,16.39,2022-10-16,20:04:17,2078.2200000000003
vegan,Vegan mince pies,american,71.56,727.39,268.62,2022-10-16,20:04:17,7907.23
vegan,Vegan Eggplant Lasagna,italian,130.69,183.5,96.88,2022-10-16,20:04:17,2561.78
vegan,Simple Vegan Pesto,american,35.18,28.08,155.98,2022-10-16,20:04:17,1017.3599999999999
vegan,Vegan Mayonnaise recipes,american,2.4,16.16,82.56,2022-10-16,20:04:17,485.28
vegan,Vegan Hoppin' John,american,45.97,391.64,27.27,2022-10-16,20:04:17,3817.72
vegan,Vegan Chocolate Ganache Cupcakes with Salted Caramel and Dark Chocolate Buttercream,american,120.61,1486.52,685.22,2022-10-16,20:04:17,16602.0
vegan,Vegan Thai curry,south east asian,81.25,376.16,143.38,2022-10-16,20:04:17,4283.96
vegan,Vegan Miso Pesto,american,10.76,16.9,79.51,2022-10-16,20:04:24,513.1800000000001
vegan,Roasted Veggie Mason Jar Salad,asian,30.27,24.73,22.72,2022-10-16,20:04:24,434.53
vegan,Vegan Mac & Cheese,american,85.38,300.79,83.5,2022-10-16,20:04:24,3382.63
vegan,Vegan Chocolate Mousse,american,41.81,212.07,100.09,2022-10-16,20:04:24,2476.23
vegan,Korean Shrimp Cocktail,american,185.31,22.83,93.78,2022-10-16,20:04:24,1321.83
vegan,Vegan Anytime Risotto,american,67.37,327.18,59.52,2022-10-16,20:04:24,3452.18
vegan,Vegan Salad Nicoise,american,74.16,120.17,380.98,2022-10-16,20:04:24,2902.09
vegan,Vegan Mashed Potatoes,american,11.66,96.4,54.73,2022-10-16,20:04:24,1133.16
vegan,Low-key Iridofu Or Scrambled Tofu With Vegetables recipes,asian,74.74,32.31,40.2,2022-10-16,20:04:24,750.55
vegan,Vegan Sesame Grill,american,12.67,77.56,12.17,2022-10-16,20:04:24,797.3999999999999
vegan,Vegan Jackfruit Tacos,american,63.86,303.01,67.49,2022-10-16,20:04:24,3252.4900000000002
vegan,Tofu Salad,asian,18.76,32.32,17.91,2022-10-16,20:04:24,437.56
vegan,Deviled Potatoes,mediterranean,120.85,767.12,18.23,2022-10-16,20:04:24,7460.4
vegan,Vegan Potato Soup,american,79.69,262.1,130.71,2022-10-16,20:04:24,3200.5
vegan,Vegan Caesar Dressing,american,22.05,31.41,44.91,2022-10-16,20:04:24,550.53
vegan,Vegan Summer Succotash,american,28.19,112.52,25.87,2022-10-16,20:04:30,1228.92
vegan,Vegan Tikka Masala,american,106.33,309.79,144.92,2022-10-16,20:04:30,3793.11
vegan,Vegan Enchilada Casserole,american,151.55,654.47,56.44,2022-10-16,20:04:30,6722.1900000000005
vegan,Vegan Chocolate Milkshake,american,21.17,120.27,41.1,2022-10-16,20:04:30,1331.5100000000002
vegan,Jalapeño Pesto Potato Tamales,south american,43.71,343.61,198.67,2022-10-16,20:04:30,4062.01
vegan,Vegan Basil Pesto,american,20.29,25.97,96.69,2022-10-16,20:04:30,701.65
vegan,Vegan Banana Muffins,american,22.36,316.56,118.11,2022-10-16,20:04:30,3410.92
vegan,Massaged Kale Salad recipes,mediterranean,37.56,101.22,88.18,2022-10-16,20:04:30,1413.94
vegan,Vegan Basil “Chicken”,american,70.45,43.51,63.81,2022-10-16,20:04:30,928.63
vegan,Vegan Lentil Soup,american,62.9,181.19,31.82,2022-10-16,20:04:30,2009.59
vegan,Vegan Pumpkin Bread,american,43.54,417.73,112.34,2022-10-16,20:04:30,4383.09
vegan,Gena Hamshaw's (Vegan) Deli Bowls With Smashed Chickpea Salad,american,121.33,340.49,177.38,2022-10-16,20:04:30,4259.25
vegan,Decadent Vegan Brownies,french,23.33,339.8,113.64,2022-10-16,20:04:30,3606.0800000000004
vegan,Vegan Pear Tart,american,28.5,296.05,112.24,2022-10-16,20:04:37,3227.4100000000003
vegan,Vegan Blueberry Muffins,american,33.07,422.0,94.49,2022-10-16,20:04:37,4308.24
vegan,Vegan Penne Vodka,american,86.64,434.2,76.53,2022-10-16,20:04:37,4560.48
vegan,Vegan Scalloped Potatoes,american,61.88,199.46,65.27,2022-10-16,20:04:37,2303.7400000000002
vegan,Beet Jerky recipes,american,15.59,69.3,0.97,2022-10-16,20:04:37,689.9399999999999
vegan,Vegan Chickpea Alfredo,american,142.21,512.07,75.14,2022-10-16,20:04:37,5478.030000000001
vegan,Vegan Buddha Bowl,american,57.85,227.15,105.16,2022-10-16,20:04:37,2696.39
vegan,7 layer mexican dip,mexican,102.31,337.22,197.22,2022-10-16,20:04:37,4233.1
vegan,Vegan Coconut Bars,world,14.76,330.45,79.45,2022-10-16,20:04:37,3350.89
vegan,Vegan Zucchini kofta,american,37.62,152.18,196.5,2022-10-16,20:04:37,2306.1000000000004
vegan,Vegan Portobello Muffuletta,american,47.7,190.91,70.41,2022-10-16,20:04:37,2190.63
vegan,Vegan Chocolate Babka,american,38.94,333.75,88.42,2022-10-16,20:04:37,3513.19
vegan,Vegan Brownies recipes,french,66.43,400.61,228.71,2022-10-16,20:04:37,4786.05
vegan,Seitan,asian,186.43,70.93,30.6,2022-10-16,20:04:37,1506.4900000000002
vegan,Vegan tarka dal,american,116.89,316.1,45.52,2022-10-16,20:04:37,3494.54
vegan,Southeast Asian Inspired Vegan Apple Blackberry Pie With Coconut Crumb Topping And Coconut Scented Crust,american,55.31,770.24,267.22,2022-10-16,20:04:44,8222.279999999999
vegan,"Dark Chocolate, Chia, and Cherry Pecan Bar",american,10.48,94.15,67.01,2022-10-16,20:04:44,1157.31
vegan,Vegan Pumpkin Chili,american,61.67,276.87,37.83,2022-10-16,20:04:44,2889.83
vegan,Vegan Chocolate Dipped Strawberries,american,8.66,83.05,46.09,2022-10-16,20:04:44,966.4499999999999
vegan,Plain Cake Donut,american,14.71,558.56,76.65,2022-10-16,20:04:44,5392.48
vegan,Vegan Pad Thai,south east asian,123.43,287.59,133.03,2022-10-16,20:04:44,3614.1499999999996
vegan,Vegan Peach Cobbler,american,75.12,622.73,68.91,2022-10-16,20:04:44,6180.69
vegan,Couscous with Pine Nuts and Currants,american,18.2,105.12,32.85,2022-10-16,20:04:44,1150.28
vegan,Baby Bok Choy Salad with Mama O's Kimchi Paste,chinese,6.02,21.02,0.95,2022-10-16,20:04:44,217.06
vegan,Vegan cashew cream cheese,american,62.25,90.89,110.77,2022-10-16,20:04:44,1510.09
vegan,Easy Vegan Chocolate Truffles,american,50.68,309.97,200.92,2022-10-16,20:04:44,3796.13
vegan,Vegan Pumpkin Pie,american,44.62,371.87,350.17,2022-10-16,20:04:44,4925.99
vegan,Vegan Chocolate & Pumpkin Pudding,british,4.65,77.96,4.75,2022-10-16,20:04:44,739.24
vegan,Easiest ever vegan gravy,american,3.12,9.71,5.39,2022-10-16,20:04:44,121.43000000000002
vegan,Cranberry-Carrot Cake Recipe,american,63.64,457.67,101.36,2022-10-16,20:04:44,4779.03
vegan,Massaged Kale Salad Recipe,american,37.56,101.22,80.74,2022-10-16,20:04:50,1384.18
vegan,Vegan Saffron Risotto,american,72.96,427.95,33.85,2022-10-16,20:04:50,4278.789999999999
vegan,Vegan Lasagna recipes,american,141.85,361.97,150.89,2022-10-16,20:04:50,4428.6900000000005
vegan,Vegan French-Fried Onions,american,7.01,45.29,7.68,2022-10-16,20:04:50,466.37
vegan,Vegan Double Caramel Flan,american,23.14,313.45,51.01,2022-10-16,20:04:50,3117.6499999999996
vegan,Vegan Mocha Mousse Recipe,american,75.54,201.64,83.46,2022-10-16,20:04:50,2450.7599999999998
vegan,Purple Carrot's Jalapeño Popper Potato Skins,american,83.47,343.82,132.41,2022-10-16,20:04:50,3957.9
vegan,Vegan Palak Paneer,indian,69.07,87.68,64.8,2022-10-16,20:04:50,1324.6000000000001
vegan,Vegan kale pesto pasta,american,85.33,299.08,87.91,2022-10-16,20:04:50,3384.68
vegan,Vegan vanilla ice cream,american,17.39,209.12,171.18,2022-10-16,20:04:50,2636.3599999999997
vegan,Chunky Peanut Butter Fudge Squares,american,57.88,212.55,153.01,2022-10-16,20:04:50,2756.51
vegan,Vegan Spaghetti alla Puttanesca,american,67.2,375.92,56.82,2022-10-16,20:04:50,3879.3600000000006
vegan,Vegan Bistro Lunch Box,american,8.25,28.23,8.52,2022-10-16,20:04:50,321.15
vegan,Vegan Avocado Ice Cream,american,14.45,190.05,130.85,2022-10-16,20:04:50,2291.65
vegan,Vanilla Torte With Raspberry Filling And Chocolate Frosting,american,114.32,908.43,238.33,2022-10-16,20:04:50,9586.47
vegan,Vegan Asparagus Avocado Soup,american,40.99,112.72,125.04,2022-10-16,20:04:57,1678.6000000000001
vegan,Kale Slaw recipes,american,12.4,57.01,20.99,2022-10-16,20:04:57,646.6500000000001
vegan,Inclusive Vegan Sour Cream,american,8.61,15.68,36.19,2022-10-16,20:04:57,320.32
vegan,Vegan Chocolate-Ganache Frosting,american,19.52,191.74,165.39,2022-10-16,20:04:57,2465.3
vegan,Smoky spiced veggie rice,american,72.5,477.82,76.99,2022-10-16,20:04:57,4898.34
vegan,Vegan mac 'n' cheese,american,120.58,520.01,162.1,2022-10-16,20:04:57,5810.8099999999995
vegan,Easy Vegan Bacon Bits,american,59.11,49.68,0.38,2022-10-16,20:04:57,685.0799999999999
vegan,Healthy Vegan Snacking recipes,american,6.02,127.9,1.98,2022-10-16,20:04:57,1183.1000000000001
vegan,Vegan BBQ teriyaki tofu,asian,71.0,62.88,53.38,2022-10-16,20:04:57,1063.44
vegan,Vegan Lentil Soup Recipe,american,117.97,329.04,33.72,2022-10-16,20:04:57,3568.1200000000003
vegan,Vegan Carbonara Pasta Recipe,american,114.96,383.39,128.65,2022-10-16,20:04:57,4424.95
vegan,Vegan Coconut Chickpea Curry,american,86.87,501.32,53.58,2022-10-16,20:04:57,5073.68
vegan,Vegan Sweet Potato Casserole,american,36.04,307.12,110.7,2022-10-16,20:04:57,3351.04
vegan,Vegan Basil Cashew Pesto,american,28.42,30.95,99.52,2022-10-16,20:04:57,790.31
vegan,Vegan lemon meringue pie,american,26.72,385.51,193.03,2022-10-16,20:04:57,4348.59
vegan,Vegan Grape Jelly recipes,american,1.09,99.98,0.24,2022-10-16,20:05:04,905.1400000000001
vegan,Vegan Chickpea Coconut Curry,american,19.93,100.18,134.96,2022-10-16,20:05:04,1521.1800000000003
vegan,Chargrilled Artichokes Hummus [vegan],mediterranean,35.61,115.73,43.49,2022-10-16,20:05:04,1357.97
vegan,Easy Brown Rice & Veggie Wrap,chinese,11.03,52.26,19.43,2022-10-16,20:05:04,592.18
vegan,Vegan Olive Oil Cake,american,36.09,492.72,221.5,2022-10-16,20:05:04,5464.84
vegan,Vegan Kaju Matar Masala | Vegan Cashew and Green Peas Curry,indian,39.11,104.85,97.12,2022-10-16,20:05:04,1488.57
vegan,Vegan Fettuccine Alfredo Recipe,american,125.93,357.2,139.6,2022-10-16,20:05:04,4276.919999999999
vegan,Asparagus Garlic Scape Pesto Spaghetti recipes,italian,16.02,42.41,54.27,2022-10-16,20:05:04,662.8499999999999
vegan,Vegan Chocolate Frosting recipes,american,7.27,143.81,160.91,2022-10-16,20:05:04,1967.0099999999998
vegan,The best vegan tacos,american,73.62,221.55,34.38,2022-10-16,20:05:04,2425.9500000000003
vegan,Vegan Superfood Buddha Bowls,american,74.84,234.13,70.8,2022-10-16,20:05:04,2689.73
vegan,Whole Spelt Vegan Pasta,american,17.2,98.28,15.52,2022-10-16,20:05:04,1015.4
vegan,Vegan Vanilla Ice Cream,american,25.52,107.14,61.4,2022-10-16,20:05:04,1311.9399999999998
vegan,Root Vegetables Jazzed Up!,american,8.66,99.05,14.91,2022-10-16,20:05:04,985.7299999999999
vegan,Vegan Cashew Caesar Salad,american,38.86,89.46,101.6,2022-10-16,20:05:11,1366.98
vegan,Raw Vegan Coconut Macaroons,american,31.57,95.83,112.34,2022-10-16,20:05:11,1438.1100000000001
vegan,Vegan Strawberry Ice Cream,american,5.79,222.43,5.76,2022-10-16,20:05:11,2048.07
vegan,Simplest Chocolate Mousse,british,46.49,138.98,128.96,2022-10-16,20:05:11,1952.62
vegan,Vegan Peach Ice Scream,american,13.42,177.68,9.47,2022-10-16,20:05:11,1690.6800000000003
vegan,Roasted Veggie Brown Rice Buddha Bowl,asian,29.38,45.68,19.5,2022-10-16,20:05:11,606.64
vegan,Simple Vegan Pesto Zoodles,american,29.84,63.91,92.41,2022-10-16,20:05:11,1064.19
vegan,Vegan Mango Lassi recipes,world,5.81,155.67,10.77,2022-10-16,20:05:11,1467.35
vegan,Vegan Nectarine Ice Cream,american,12.36,151.54,97.35,2022-10-16,20:05:11,1802.6999999999998
vegan,Vegan Vanilla Ice Cream,american,17.21,115.94,180.87,2022-10-16,20:05:11,1835.78
vegan,Grilled Corn with Sriracha Mayo,mediterranean,21.18,84.51,72.18,2022-10-16,20:05:11,1134.0300000000002
vegan,Saweet! Potato Casserole with a Crunchy Nut Crumble recipes,american,66.71,586.67,225.24,2022-10-16,20:05:11,6447.83
vegan,Recent stonesoup vegan recipes,american,7.62,17.64,9.59,2022-10-16,20:05:11,227.59999999999997
vegan,"Vegan ""Cheesy"" Pumpkin Seeds",american,83.58,32.84,153.89,2022-10-16,20:05:11,1245.44
vegan,Vegan Butternut Squash Soup,american,17.34,91.39,115.59,2022-10-16,20:05:11,1354.23
vegan,Vegan Lemon Asparagus Risotto,american,54.8,225.11,31.22,2022-10-16,20:05:11,2370.07
vegan,Satoimo (taro Root) Cooked In Miso With Tofu recipes,asian,41.19,114.26,19.73,2022-10-16,20:05:11,1272.0200000000002
vegan,Cold Avocado Soup With Sweet Corn And Bacon,south american,28.33,85.11,94.31,2022-10-16,20:05:17,1256.55
vegan,Cranberry-topped Sourdough Coffee Cake,american,43.4,518.9,141.93,2022-10-16,20:05:17,5411.42
vegan,No-Bake Strawberry Pie,american,18.95,373.66,70.16,2022-10-16,20:05:17,3719.38
vegan,Vegan Baked Banana Donuts,american,6.02,308.57,4.73,2022-10-16,20:05:17,2820.13
vegan,Jerseylicious Vegan Peach Pie,american,32.45,368.31,113.84,2022-10-16,20:05:17,3899.9500000000003
vegan,Vegan Caprese Salad recipes,american,61.81,46.18,75.54,2022-10-16,20:05:17,965.02
vegan,Vegan Raw Plantain Salad,american,8.8,139.47,2.19,2022-10-16,20:05:17,1299.19
vegan,Vegan Fresh Pasta Dough.,american,35.58,262.82,7.89,2022-10-16,20:05:17,2539.26
vegan,Hearts of Baltimore Crab Cakes,mediterranean,30.74,84.99,104.24,2022-10-16,20:05:17,1304.83
vegan,Garlicky Baked Butternut Squash recipes,american,32.14,190.38,39.93,2022-10-16,20:05:17,2001.7
vegan,Green Tea Ice Cream,american,11.9,143.33,92.97,2022-10-16,20:05:17,1709.4499999999998
vegan,Asparagus recipes,chinese,11.74,10.23,32.11,2022-10-16,20:05:17,267.47
vegan,Ultimate Vegan Thanksgiving Gravy,american,27.2,102.17,42.17,2022-10-16,20:05:17,1197.01
vegan,Perfect Vegan Pie Crust,american,29.06,223.51,111.76,2022-10-16,20:05:17,2574.87
vegan,Thyme roasted vegetables,american,8.56,146.03,42.54,2022-10-16,20:05:17,1518.67
vegan,Vegan Banana Cashew Yogurt,american,29.25,102.35,62.48,2022-10-16,20:05:17,1288.0700000000002
vegan,Homemade Vegan Kimchi Recipe,american,33.83,108.25,14.19,2022-10-16,20:05:24,1166.33
vegan,Easy Vegan Pad Thai,south east asian,69.47,523.83,45.24,2022-10-16,20:05:24,5173.31
vegan,Tomato Tart,french,17.48,100.57,44.06,2022-10-16,20:05:24,1151.29
vegan,Vegan Chocolate Orange Muffins,american,34.66,266.45,64.99,2022-10-16,20:05:24,2796.6499999999996
vegan,Pecan Butter,american,18.36,47.61,162.93,2022-10-16,20:05:24,1153.65
vegan,Vegan Seafood Spelt Pasta,american,54.91,264.71,49.65,2022-10-16,20:05:24,2800.6299999999997
vegan,Raw vegan spag bol,american,78.97,245.02,44.98,2022-10-16,20:05:24,2700.9800000000005
vegan,Maple Frosted Pumpkin Cake Recipe,american,66.83,938.29,252.26,2022-10-16,20:05:24,9720.970000000001
vegan,Vegan Vanilla Cashew Cream,american,18.23,31.25,43.86,2022-10-16,20:05:24,529.61
vegan,Vegan Mediterranean Pita Pockets,american,120.28,197.28,115.53,2022-10-16,20:05:24,2718.7599999999998
vegan,Vegan Green-Goddess Dip,american,3.6,13.98,71.09,2022-10-16,20:05:24,424.58000000000004
vegan,Vegan Caprese Salad recipes,american,57.58,46.33,29.68,2022-10-16,20:05:24,766.01
vegan,Easy Green Chile Quesadilla Recipe With Sprouted Corn Tortillas,mexican,34.34,48.42,50.87,2022-10-16,20:05:24,776.6200000000001
vegan,"Beetroot, hummus & crispy chickpea sub sandwich",mediterranean,59.07,262.48,42.64,2022-10-16,20:05:24,2769.1600000000003
vegan,Vegan Mushroom Gravy recipes,american,17.32,106.32,57.73,2022-10-16,20:05:24,1257.08
vegan,Simple Vegan Chocolate Cake,american,38.71,545.64,135.55,2022-10-16,20:05:31,5607.8
vegan,Vegan Banana Ice Cream,american,11.88,169.1,97.21,2022-10-16,20:05:31,1958.2599999999998
vegan,Vegan Spiced Cashew Rice,american,45.72,211.44,86.92,2022-10-16,20:05:31,2433.52
vegan,Vegan Carrot Jalapeño Soup,american,20.77,90.18,59.76,2022-10-16,20:05:31,1133.7400000000002
vegan,Vegan Sweet Squash Soup,american,6.77,102.28,23.03,2022-10-16,20:05:31,1039.72
vegan,Vegan Avocado Ceviche recipes,american,9.15,39.7,43.86,2022-10-16,20:05:31,569.34
vegan,5-Minute Vegan Breakfast Burritos,american,76.01,132.07,50.95,2022-10-16,20:05:31,1696.4699999999998
vegan,Veggie Veggie Vegan Soup,american,20.35,123.04,29.02,2022-10-16,20:05:31,1304.8400000000001
vegan,Best-Ever Vegan Meatballs,american,35.95,114.25,28.96,2022-10-16,20:05:31,1287.8899999999999
vegan,Vegan Lemon Fettuccine Alfredo,american,85.42,292.08,91.47,2022-10-16,20:05:31,3336.2799999999997
vegan,No-Oil Balsamic Dressing,american,33.28,101.9,2.99,2022-10-16,20:05:31,1062.18
vegan,Vegan bean chilli fries,american,50.83,249.54,90.69,2022-10-16,20:05:31,2811.9400000000005
vegan,All the 'melon Ceviche (vegan),american,14.32,122.56,31.66,2022-10-16,20:05:31,1286.96
vegan,Vegan Moroccan Harira recipes,middle eastern,127.16,430.33,43.33,2022-10-16,20:05:31,4554.929999999999
vegan,Vegan Cream Of Broccoli Soup,american,41.97,142.86,18.91,2022-10-16,20:05:38,1529.2600000000004
vegan,Vegan Caesar Salad recipes,american,55.62,193.4,143.75,2022-10-16,20:05:38,2538.08
vegan,Vegan and Gluten-Free Gravy,american,29.69,49.33,16.42,2022-10-16,20:05:38,628.4100000000001
vegan,Miso-Agave Mayonnaise (Vegan) Recipe,japanese,18.36,51.95,84.05,2022-10-16,20:05:38,877.19
vegan,Vegan Sweet Potato Chili,american,44.2,231.63,39.97,2022-10-16,20:05:38,2421.3500000000004
vegan,Orange-Walnut Biscotti,italian,82.16,393.23,137.8,2022-10-16,20:05:38,4418.91
vegan,Vegan Kale Caesar Salad,american,44.65,114.84,53.56,2022-10-16,20:05:38,1426.3999999999999
vegan,Vegan “Cheese” Spread recipes,american,70.39,99.61,130.81,2022-10-16,20:05:38,1701.29
vegan,Smoky Black Bean Enchiladas,mexican,99.51,308.46,48.72,2022-10-16,20:05:38,3369.06
vegan,Raw Vegan Zoodles with Romesco,american,52.57,234.71,59.35,2022-10-16,20:05:38,2560.07
vegan,Vegan Chorizo for Omnivores Recipe,american,170.52,351.7,94.17,2022-10-16,20:05:38,4224.0599999999995
vegan,15 Minute Cauliflower Fried Rice recipes,chinese,40.74,57.84,43.11,2022-10-16,20:05:38,855.96
vegan,Spicy Vegan Sloppy Joes,american,52.1,233.65,50.05,2022-10-16,20:05:38,2511.45
vegan,Vegan Thai Cucumber Salad,south east asian,16.75,48.12,47.06,2022-10-16,20:05:44,688.3199999999999
vegan,Eggless Molten Lava Cake (In the Microwave),american,4.73,38.99,18.82,2022-10-16,20:05:44,445.11
vegan,Vegan Cauliflower Fried Rice,chinese,42.07,84.73,76.58,2022-10-16,20:05:44,1237.17
vegan,Vegetable Stock From 'Afro-Vegan',american,0.56,3.29,0.06,2022-10-16,20:05:44,32.09
vegan,Pecan-stuffed dates,american,23.83,282.81,103.33,2022-10-16,20:05:44,3053.9300000000003
vegan,Reeses Pie recipes,american,119.7,385.64,191.84,2022-10-16,20:05:44,4716.92
vegan,Spicy Vegan Sloppy Joes,american,52.1,233.65,50.05,2022-10-16,20:05:44,2511.45
vegan,Vegan Dal Makhni recipes,american,68.31,177.32,70.78,2022-10-16,20:05:44,2152.24
vegan,Vegan White Bean Chili,american,89.72,304.98,67.7,2022-10-16,20:05:44,3374.5000000000005
vegan,Raw Walnut Brownies (vegan + gf),american,8.87,112.76,41.16,2022-10-16,20:05:44,1214.96
vegan,Vegan: Breakfast Garlic Toast Recipe,american,33.25,115.8,63.11,2022-10-16,20:05:44,1427.64
vegan,Vegan Pad Thai with Tofu,asian,66.38,195.01,63.49,2022-10-16,20:05:44,2274.5699999999997
vegan,Vegan Black Sesame Milkshakes,american,18.8,76.81,117.06,2022-10-16,20:05:44,1234.73
vegan,Delicious Vegan Chili recipes,american,42.13,167.98,24.93,2022-10-16,20:05:44,1780.06
vegan,Vegan Pinto Bean Chili,american,381.55,1264.46,37.23,2022-10-16,20:05:44,13055.26
vegan,Vegan Chili and Cornbread Casserole,american,319.54,1159.0,291.7,2022-10-16,20:05:51,12875.96
vegan,Healthy Vegan Yoga Bowl,american,60.73,188.21,18.76,2022-10-16,20:05:51,2011.8500000000001
vegan,Vegan Portobello Muffuletta recipes,american,47.45,189.36,70.33,2022-10-16,20:05:51,2175.36
vegan,Baked Vegan Doughnuts recipes,american,15.23,304.34,67.71,2022-10-16,20:05:51,3070.82
vegan,Vegan Chipotle Lentil Tacos,american,136.34,428.83,53.51,2022-10-16,20:05:51,4618.87
vegan,Purple Carrot’s Loaded Nachos,mexican,126.73,425.71,338.92,2022-10-16,20:05:51,5693.99
vegan,Vegan Black Bean Burgers,american,113.81,338.17,38.43,2022-10-16,20:05:51,3652.4900000000002
vegan,Chocolate Mocha Pie,american,39.03,348.34,75.65,2022-10-16,20:05:51,3593.7799999999997
vegan,Vegan Crispy Roasted Cauliflower,american,33.34,42.56,46.01,2022-10-16,20:05:51,700.44
vegan,Vegan Mixed Berry Panna Cotta,american,14.9,111.97,50.97,2022-10-16,20:05:51,1271.21
vegan,Vegan Butter Chicken recipes,american,52.94,121.02,76.27,2022-10-16,20:05:51,1606.02
vegan,Hearty Vegetable Stock (Vegan) Recipe,american,0.46,2.66,0.12,2022-10-16,20:05:51,26.26
vegan,Beetroot & red onion tarte tatin,french,47.43,319.17,232.71,2022-10-16,20:05:51,3993.09
vegan,Raspberry Lemon Cake,american,26.36,279.82,58.73,2022-10-16,20:05:51,2858.7400000000002
vegan,Vegan Pulled Mushroom BBQ Sandwiches,american,50.04,300.89,48.65,2022-10-16,20:05:51,3102.7699999999995
vegan,Vegan Bakery-Style Blueberry Muffins,american,60.67,558.45,19.72,2022-10-16,20:05:51,5347.610000000001
vegan,Carnitas tenderloin tacos,mexican,71.06,54.84,66.08,2022-10-16,20:05:58,1042.1200000000001
vegan,Canadian apple butter,american,2.49,135.45,25.78,2022-10-16,20:05:58,1332.13
vegan,"Pantry Bacon (vegan, gluten free)",american,0.92,79.66,27.61,2022-10-16,20:05:58,831.06
vegan,Raw Vegan Coconut Almond Macaroons,american,36.09,114.15,126.25,2022-10-16,20:05:58,1676.71
vegan,Burgers with Chunky Grilled Vegetables,american,52.87,100.71,28.39,2022-10-16,20:05:58,1231.4299999999998
vegan,Vegan Broccoli Cream Soup Recipe,american,23.5,92.68,28.95,2022-10-16,20:05:58,1043.92
vegan,Vegan chocolate banana ice cream,american,1.61,27.46,0.63,2022-10-16,20:05:58,256.1
vegan,Patatas Bravas,mediterranean,25.85,207.13,64.9,2022-10-16,20:05:58,2227.17
vegan,"Big Quesadillas with Refried Beans, Spinach, and Avocado",mexican,51.06,204.95,54.93,2022-10-16,20:05:58,2268.5099999999998
vegan,"Charred cauliflower, lemon & caper orzo",italian,19.38,93.24,11.53,2022-10-16,20:05:58,962.8
vegan,Mango-Raspberry Vegan Shake recipes,american,4.2,164.16,14.87,2022-10-16,20:05:58,1553.72
vegan,Healthy Vegan German Potato Salad,american,28.42,244.78,1.47,2022-10-16,20:05:58,2322.58
vegan,Red cabbage with coriander seed,american,4.48,111.57,15.81,2022-10-16,20:05:58,1085.2899999999997
vegan,Chickpeas With Spring Greens (Vegan),american,39.1,139.69,22.25,2022-10-16,20:05:58,1502.6100000000001
vegan,Fully Loaded Vegan Burritos,american,67.39,364.68,36.02,2022-10-16,20:05:58,3695.7599999999998
vegan,Spicy Vegan Refried Beans Recipe,american,100.45,309.31,61.96,2022-10-16,20:05:58,3433.4300000000003
vegan,Cheesy Vegan Brussels Sprout Chips,american,12.37,27.62,14.54,2022-10-16,20:06:05,356.22
vegan,Trinidad Pholourie (Gluten Free & Vegan),american,52.36,390.02,84.29,2022-10-16,20:06:05,4056.7799999999997
vegan,Vegan Whipped Coconut Sweet Potatoes,american,7.42,82.5,24.29,2022-10-16,20:06:05,869.3399999999999
vegan,Olive-Artichoke Eggplant Rolls,mediterranean,21.24,79.57,92.14,2022-10-16,20:06:05,1169.6499999999999
vegan,Vegan Jelly-Filled Muffins Recipe,american,20.55,440.45,79.32,2022-10-16,20:06:05,4363.53
vegan,RAW VEGAN BLOODY MARY recipes,american,5.99,29.77,1.48,2022-10-16,20:06:05,297.81
vegan,Hungarian Apple Crumb Kugel,french,17.65,504.27,94.97,2022-10-16,20:06:05,4988.910000000001
vegan,Zucchini Verde Vegan Enchiladas,american,91.98,243.48,112.79,2022-10-16,20:06:05,3010.3999999999996
vegan,Asian-Style Lettuce Wraps,japanese,50.77,54.64,18.12,2022-10-16,20:06:05,767.32
vegan,Vegan chickpea curry jacket potatoes,american,76.95,355.52,41.04,2022-10-16,20:06:05,3671.64
vegan,Vegan Fluffy Buttercream Frosting recipes,american,1.19,424.99,193.24,2022-10-16,20:06:05,4602.63
vegan,Vegan Thai Summer Squash Vichyssoise,south east asian,44.26,154.44,61.48,2022-10-16,20:06:05,1812.92
vegan,Vegan Cream of Broccoli Soup,american,50.28,107.77,31.46,2022-10-16,20:06:11,1296.8899999999999
vegan,Vegan Vanilla Ice Cream recipes,american,25.52,107.14,61.4,2022-10-16,20:06:11,1311.9399999999998
vegan,Raw Vegan Fig-Vanilla Jam,american,3.26,61.03,3.23,2022-10-16,20:06:11,575.2299999999999
vegan,Vegan Bakery-Style Banana Muffins,american,54.07,584.1,8.27,2022-10-16,20:06:11,5506.26
vegan,Banana Cake with Peanut Butter Frosting recipes,american,33.4,355.7,147.51,2022-10-16,20:06:11,3924.9399999999996
vegan,Banana Bread for One,american,2.58,40.25,14.28,2022-10-16,20:06:11,429.69
vegan,Vegan Spinach and Artichoke Dip,american,51.29,101.78,127.63,2022-10-16,20:06:11,1631.7
vegan,Vegan Stuffing with Mushrooms and Leeks,american,66.77,281.85,107.09,2022-10-16,20:06:11,3232.09
vegan,Vegan Tofu and Spinach Scramble,american,70.95,39.43,62.98,2022-10-16,20:06:11,890.59
vegan,Spicy Cabbage Slaw (vegan) Recipe,american,5.78,84.31,0.89,2022-10-16,20:06:11,785.4699999999999
vegan,VEGAN PENNE WITH VODKA SAUCE,american,107.55,480.93,253.29,2022-10-16,20:06:11,5771.73
vegan,Vegan Pumpkin Pie Ice Cream,american,16.63,173.09,43.5,2022-10-16,20:06:11,1798.33
vegan,Vegan Mint Chip Ice Cream,american,39.05,157.15,134.2,2022-10-16,20:06:11,2107.3500000000004
vegan,Grilled Portobello Mushroom Burgers,world,43.5,164.35,27.76,2022-10-16,20:06:11,1764.1899999999998
vegan,Raspberry Mousse recipes,french,39.86,167.6,36.62,2022-10-16,20:06:18,1814.32
vegan,Cajun Portobello Sandwich with Avocado and Rémoulade,american,57.79,210.99,172.74,2022-10-16,20:06:18,2821.03
vegan,Vegan Macaroni and Cheese recipes,american,193.15,523.06,199.57,2022-10-16,20:06:18,6278.419999999999
vegan,Vegan Tofu Green Goddess Dressing,american,6.27,18.38,77.51,2022-10-16,20:06:18,500.54
vegan,Vegan Sweet Potato Malai Kofta,american,36.9,128.0,128.65,2022-10-16,20:06:18,1814.1999999999998
vegan,Easy Vegan Pad Thai Supreme,american,97.94,217.78,168.32,2022-10-16,20:06:18,3025.0599999999995
vegan,Gluten-Free Balsamic Zucchini Scones,american,20.83,236.24,117.68,2022-10-16,20:06:18,2680.2
vegan,Vegan Lasagna with Roasted Vegetables,american,163.88,380.69,90.7,2022-10-16,20:06:18,4444.53
vegan,RAW VEGAN CHOCOLATE CAKE recipes,american,64.58,545.79,182.41,2022-10-16,20:06:18,5900.07
vegan,Creamy Vegan Butternut Squash Carbonara,american,109.29,444.43,60.41,2022-10-16,20:06:18,4678.67
vegan,RAW VEGAN DONUT HOLES recipes,american,27.04,203.88,72.04,2022-10-16,20:06:18,2231.2400000000002
vegan,Spring Has Sprung Salad recipes,american,17.79,61.94,14.16,2022-10-16,20:06:18,685.26
vegan,Vegan Roasted Sweet Potato Quesadillas,mexican,77.95,361.1,76.6,2022-10-16,20:06:18,3868.1000000000004
vegan,Homemade 'Reese's Cups' Recipe,american,95.7,445.64,398.74,2022-10-16,20:06:25,5988.5199999999995
vegan,Vegan Green Bean Casserole Recipe,american,41.54,127.28,418.85,2022-10-16,20:06:25,2987.08
vegan,Chilled Avocado Soup,american,11.34,45.35,81.6,2022-10-16,20:06:25,779.9100000000001
vegan,Creamy Vegan Herb Salad Dressing,american,14.5,6.77,34.26,2022-10-16,20:06:25,255.96999999999997
vegan,Super Healthy Vegan Hummus Wrap,american,22.54,64.48,36.5,2022-10-16,20:06:25,816.48
vegan,Vegan Portobello and Peach Burger,american,79.96,381.1,254.75,2022-10-16,20:06:25,4768.74
vegan,Creamy Vegan Avocado Potato Salad,american,26.81,185.65,60.99,2022-10-16,20:06:25,2022.0500000000002
vegan,Vegan Pumpkin Pie Ice Cream,american,16.63,173.09,43.5,2022-10-16,20:06:25,1798.33
vegan,Vegan Cauliflower Steaks with Mushroom Gravy,american,37.21,111.41,69.17,2022-10-16,20:06:25,1428.21
vegan,"The Happy Herbivore's Easy, Mock Tuna Salad Recipe",american,102.57,315.32,37.81,2022-10-16,20:06:25,3399.3999999999996
vegan,Vegan Cauliflower Fettuccine Alfredo with Kale,american,75.91,290.12,71.3,2022-10-16,20:06:25,3199.9199999999996
vegan,Smokin' Hot Vegan Vaquero Chili,american,57.35,191.42,17.06,2022-10-16,20:06:25,2020.42
vegan,Soy-Free Vegan Mayonnaise recipes,american,2.47,12.91,173.68,2022-10-16,20:06:25,820.79
vegan,Paleo Honey Cake,eastern europe,87.32,258.25,259.21,2022-10-16,20:06:25,3710.37
vegan,"Homemade Vegan ""Kit Kat"" Bars",american,54.69,511.03,283.58,2022-10-16,20:06:25,5952.349999999999
vegan,Spinach & Dill Pasta Salad,american,17.4,70.76,24.13,2022-10-16,20:06:25,802.96
vegan,Vegan Cream of Broccoli Soup recipes,american,41.97,142.86,18.91,2022-10-16,20:06:32,1529.2600000000004
vegan,Indian Cauliflower with Black Mustard Seeds,mediterranean,14.68,48.25,45.34,2022-10-16,20:06:32,674.33
vegan,5 Minute Vegan Kale Pesto recipes,american,13.62,20.92,135.28,2022-10-16,20:06:32,783.88
vegan,Mexican Quinoa Bake,middle eastern,146.79,496.75,81.22,2022-10-16,20:06:32,5382.79
vegan,Pantry Thai vegan chickpea pasta,south east asian,119.07,530.39,176.66,2022-10-16,20:06:32,5956.43
vegan,Raw Mini Key Lime Pies,american,8.55,164.25,92.62,2022-10-16,20:06:32,1882.93
vegan,Vegan Italian Garbanzo Bean Soup,american,29.6,113.87,21.94,2022-10-16,20:06:32,1230.99
vegan,Recipe: Vegan Sweet Potato Chowder,american,17.31,201.34,28.75,2022-10-16,20:06:32,1996.3
vegan,Italian Wedding Soup,italian,125.25,163.89,50.35,2022-10-16,20:06:32,2177.41
vegan,Vegan Carrot Ginger Coconut Soup,american,29.08,129.28,68.93,2022-10-16,20:06:32,1555.56
vegan,RAW VEGAN SPECIAL BROWNIES recipes,american,33.59,250.48,358.36,2022-10-16,20:06:32,3822.12
vegan,Vegan Dark Chocolate Coconut Tart,american,32.24,221.1,103.54,2022-10-16,20:06:32,2533.0199999999995
vegan,Vegan Burrito Bowls with Cauliflower Rice,mexican,25.61,50.07,58.11,2022-10-16,20:06:32,785.51
vegan,Soy-Free Vegan Mac and Cheese,american,74.62,161.63,11.77,2022-10-16,20:06:32,1800.23
vegan,Paleo and Vegan Pesto stuffed mushrooms,american,10.73,15.5,49.29,2022-10-16,20:06:32,379.58000000000004
vegan,Vegan Dan Dan Noodles Recipe,asian,45.41,189.76,105.4,2022-10-16,20:06:32,2311.08
vegan,Eggless Tofu Salad,asian,54.39,29.82,38.61,2022-10-16,20:06:32,640.38
vegan,The Best Vegan Tacos Ever,american,66.84,319.94,135.48,2022-10-16,20:06:38,3688.7400000000002
vegan,Vegan Lemon-Dill Cashew Dip,american,57.76,99.83,193.27,2022-10-16,20:06:38,1902.5900000000001
vegan,Summer Baked Beans,american,10.34,402.59,7.31,2022-10-16,20:06:38,3693.91
vegan,Green Goddess Dressing (Vegan) recipes,american,6.86,26.61,84.01,2022-10-16,20:06:38,602.97
vegan,Carrot Mustard Soup,american,69.1,147.26,30.53,2022-10-16,20:06:38,1723.8599999999997
vegan,Vegan Creamy Curried Pumpkin Soup,american,63.88,290.85,179.29,2022-10-16,20:06:38,3590.33
vegan,Vegan Banana Coconut Ice Cream Recipe,american,12.53,369.55,105.65,2022-10-16,20:06:38,3798.67
vegan,Crabless Cakes with Hearts of Palm and Corn,mediterranean,30.54,144.93,42.23,2022-10-16,20:06:38,1595.4500000000003
vegan,"Chana Saag (vegan, gluten free)",american,60.24,155.38,44.87,2022-10-16,20:06:38,1818.8600000000001
vegan,Tofu Burger,asian,122.37,445.66,80.26,2022-10-16,20:06:38,4821.46
vegan,Mushroom Sun Burger,american,45.55,85.84,81.32,2022-10-16,20:06:38,1280.04
vegan,Mushroom Chia Risotto,italian,42.76,409.11,63.48,2022-10-16,20:06:38,4106.95
vegan,Tangy Vegan Potato Salad Recipe,american,57.93,304.53,130.47,2022-10-16,20:06:45,3494.3699999999994
vegan,Spicy Pumpkin Soup,british,23.85,148.88,17.78,2022-10-16,20:06:45,1506.44
vegan,Creamy Vegan Fingerling Potato Salad Recipe,american,20.82,185.35,55.76,2022-10-16,20:06:45,1974.4699999999998
vegan,Pumpkin Spice Whoopie Pies (Vegan),american,44.86,408.68,110.29,2022-10-16,20:06:45,4298.72
vegan,Petite Quiches Three Ways,french,115.56,354.44,204.12,2022-10-16,20:06:45,4468.68
vegan,"Vegan ""Pancit Bihon"" with Spaghetti Squash",american,14.17,90.83,32.26,2022-10-16,20:06:45,1003.1899999999999
vegan,Vegan Garlic Scrape and Mushroom Rice,american,29.91,145.23,15.92,2022-10-16,20:06:45,1490.39
vegan,Baked Eggplant Fries Recipe,french,61.99,238.33,30.15,2022-10-16,20:06:45,2513.53
vegan,Toasted Hazelnut and Fig Cake (Vegan),american,63.19,453.89,357.0,2022-10-16,20:06:45,5765.7699999999995
vegan,Naughty & Nice Vegan Enchilada Casserole,american,84.97,339.36,32.59,2022-10-16,20:06:45,3524.4800000000005
vegan,Vegan Harvest Vegetable Tart recipes,american,92.46,214.57,116.61,2022-10-16,20:06:45,2767.41
vegan,Peanut-Tamarind Dipping Sauce for Spring Rolls or Satay Recipe,south east asian,24.35,36.34,66.36,2022-10-16,20:06:45,689.9000000000001
vegan,Vegan Pumpkin Pecan Pie recipes,american,87.99,496.82,335.19,2022-10-16,20:06:45,6164.1
vegan,Gluten-Free Vegan Stuffed Potatoes,american,98.63,691.07,33.85,2022-10-16,20:06:45,6749.549999999999
vegan,Miso-Marinated Portobello Carpaccio (Vegan) Recipe,japanese,11.93,38.64,69.78,2022-10-16,20:06:45,674.6
vegan,Vegan Avocado Lime Ice Cream Recipe,american,12.58,259.48,88.12,2022-10-16,20:06:45,2738.1200000000003
vegan,Oatmeal Banana Chocolate Chip Cake {Vegan},american,46.97,639.42,212.42,2022-10-16,20:06:45,6792.34
vegan,Vegan Peach Crumble Coffee Cake,american,34.97,392.01,164.88,2022-10-16,20:06:52,4327.49
vegan,Recipe: 6-Ingredient Vegan Enchilada Casserole,american,51.99,239.48,95.83,2022-10-16,20:06:52,2746.6
vegan,Best-Ever Vegan Mac & Cheese,american,134.86,514.32,144.12,2022-10-16,20:06:52,5744.799999999999
vegan,Wholesome Holiday Cookies (vegan + gluten-free),american,36.43,157.33,208.54,2022-10-16,20:06:52,2395.85
vegan,Vegan Mint Chip Ice Cream Recipe,american,28.89,288.27,249.93,2022-10-16,20:06:52,3709.71
vegan,"Tofu ""Egg"" Salad",asian,68.9,30.83,70.95,2022-10-16,20:06:52,836.8699999999999
vegan,"Strawberry Kiwi Daiquiri Cupcakes with Kiwi Curd, Strawberry Rum Frosting, and Strawberry Rum Shooter Garnish",american,92.28,2314.02,665.2,2022-10-16,20:06:52,23856.1
vegan,Loaded Organic Baked Potato with Broccoli and Cheese,italian,59.69,179.9,109.31,2022-10-16,20:06:52,2295.1000000000004
vegan,Vegan Soft Serve Ice Cream recipes,american,7.04,90.76,3.39,2022-10-16,20:06:52,858.56
vegan,Zucchini Za’atar Vegan Scones recipes,american,37.77,213.68,129.79,2022-10-16,20:06:52,2593.36
vegan,VIETNAMESE RICE NOODLE SOUP (VEGAN PHO),south east asian,31.1,207.84,18.92,2022-10-16,20:06:52,2070.64
vegan,Deep Dish Chocolate Peanut Butter Ice Cream Cake recipes,american,112.35,575.76,249.51,2022-10-16,20:06:52,6629.28
vegan,Japanese Pancakes (Okonomiyaki) recipes,american,27.62,110.94,35.07,2022-10-16,20:06:52,1249.22
vegan,Spiced Coconut Lentil Soup recipes,south american,56.77,157.3,68.75,2022-10-16,20:06:52,1917.78
vegan,Veggie Kebabs With Vegan Pesto Sauce,american,107.45,103.38,222.45,2022-10-16,20:06:52,2250.02
vegan,Aromatic Coconut Rice recipes,indian,35.06,342.77,69.42,2022-10-16,20:06:59,3502.85
vegan,Fruit & nut butternut squash quinoa,south american,79.26,308.07,131.58,2022-10-16,20:06:59,3615.9900000000002
vegan,Slow-Cooker Vegan Lentil Curry,american,112.09,408.52,18.4,2022-10-16,20:06:59,4198.64
vegan,Instant-Pot Vegan Cauliflower Queso,american,27.68,59.25,18.02,2022-10-16,20:06:59,716.0500000000001
vegan,Vegan Pumpkin Pecan Pie recipes,american,84.98,439.4,274.26,2022-10-16,20:06:59,5391.5599999999995
vegan,Vegan Carrot Spice Muffins recipes,american,52.3,443.44,47.22,2022-10-16,20:06:59,4389.04
vegan,5 Minute Vegan Pumpkin Soup recipes,american,30.87,168.45,44.04,2022-10-16,20:06:59,1815.69
vegan,Date parcels stuffed with frangipane and pomegranate,american,45.98,511.58,285.24,2022-10-16,20:06:59,5929.1
vegan,Vegan Coconut Banana Ice Cream recipes,american,12.71,127.44,84.77,2022-10-16,20:06:59,1536.8799999999999
vegan,Vegan Lentil Bolognese with Cashew Parmesan,american,113.48,482.33,37.83,2022-10-16,20:06:59,4946.21
vegan,Grilled Broccoli and Bread Salad with Pickled Shallots,american,42.75,263.75,130.8,2022-10-16,20:06:59,3067.95
vegan,"Celeriac, hazelnut & truffle soup",french,52.69,168.76,110.68,2022-10-16,20:06:59,2172.3199999999997
vegan,Rice Spaghetti with Green Vegan Basil Pesto,american,19.28,141.13,67.74,2022-10-16,20:06:59,1618.25
vegan,Easy Vegan Garlic Scape Pesto recipes,american,84.75,33.82,112.08,2022-10-16,20:06:59,1091.7
vegan,Vegan Saffron-Almond Rice Pudding Recipe,british,42.64,336.11,40.95,2022-10-16,20:07:05,3359.3500000000004
vegan,The Best Vegan Mapo Tofu Recipe,asian,75.35,69.27,136.84,2022-10-16,20:07:05,1472.19
vegan,15-Minute Creamy Tomato Soup (Vegan) Recipe,american,27.5,129.28,116.19,2022-10-16,20:07:05,1738.28
vegan,Eggless Salad,french,42.76,30.02,25.53,2022-10-16,20:07:05,543.34
vegan,"Mushroom, Zucchini, and Black Bean Enchiladas",south american,69.31,322.33,106.83,2022-10-16,20:07:05,3605.53
vegan,The Trifecta Burger,american,105.55,94.95,227.09,2022-10-16,20:07:05,2185.11
vegan,"King Oyster Mushroom ""BLT"" with Basil Mayonnaise recipes",american,25.16,78.74,51.15,2022-10-16,20:07:05,1013.9
vegan,Callaloo - Trinidadian (Vegan) Cream of Spinach,american,23.33,58.48,125.79,2022-10-16,20:07:05,1122.8
vegan,Crispy Fish 'n' Rainbow Chips,american,203.23,155.01,146.44,2022-10-16,20:07:05,2793.7699999999995
vegan,Naan,indian,72.17,442.77,69.4,2022-10-16,20:07:05,4551.21
vegan,"Chocolate-Covered Potato Chips with Coconut, Chile Powder, & Toasted Almonds",american,65.69,379.93,327.43,2022-10-16,20:07:05,4991.85
vegan,Vegan Coconut Zucchini Chocolate Chip Bread,american,45.07,364.82,232.78,2022-10-16,20:07:05,4394.780000000001
vegan,Roasted Cauliflower and Almond Risotto,italian,71.43,255.83,115.68,2022-10-16,20:07:05,3050.9100000000008
vegan,Vegan Kale and White Bean Korma,american,110.61,344.48,46.11,2022-10-16,20:07:05,3727.2000000000003
vegan,Vegan Stovetop-Style Macaroni and Cheese Recipe,american,57.7,264.11,151.45,2022-10-16,20:07:12,3213.59
vegan,Vegan Shiitake Miso Cleansing Soup recipes,american,39.68,202.63,9.48,2022-10-16,20:07:12,2020.3100000000002
vegan,Salmon with Stone Fruit and Parmesan Salad,nordic,87.02,43.49,122.55,2022-10-16,20:07:12,1229.69
vegan,Vegan Caesar Salad with Polenta Croutons,american,75.65,219.09,54.16,2022-10-16,20:07:12,2491.0499999999997
vegan,Mango Rice with Mustard,indian,18.61,178.66,51.56,2022-10-16,20:07:12,1888.6200000000001
vegan,Satay sweet potato curry,south east asian,30.05,156.04,107.5,2022-10-16,20:07:12,1954.56
vegan,Bean & halloumi stew,french,54.94,133.87,72.08,2022-10-16,20:07:12,1712.9099999999999
vegan,Yellow Split-Pea Soup,french,113.42,313.22,12.41,2022-10-16,20:07:12,3322.3
vegan,Lamington babka - chocolate and coconut vegan brioche,american,67.84,520.26,136.02,2022-10-16,20:07:12,5497.78
vegan,(Absolutely not a Falafel) Vegan Lentil Falafel,american,46.33,133.73,2.36,2022-10-16,20:07:12,1398.33
vegan,Vegan Lentil Bolognese with Cashew Parmesan,american,170.99,544.44,105.64,2022-10-16,20:07:12,6006.480000000001
vegan,Spinach Fettuccine with Tangy Grilled Summer Squash,american,79.87,404.91,132.08,2022-10-16,20:07:12,4491.99
vegan,Spicy Vegan Dragon Noodle Salad Recipe,american,57.2,255.09,90.89,2022-10-16,20:07:12,2888.17
vegan,Meal-Prep Vegan Moroccan Lettuce Wraps,american,181.37,572.53,54.59,2022-10-16,20:07:12,6096.61
vegan,Savory Vegan Chickpea Crêpes With Vegetable Ragout,american,47.23,162.33,31.12,2022-10-16,20:07:19,1774.3700000000001
vegan,Fudgy Brownies recipes,french,61.79,603.55,215.47,2022-10-16,20:07:19,6540.99
vegan,Papadums With Whipped Dal,indian,55.86,135.98,58.81,2022-10-16,20:07:19,1682.5
vegan,Oil-free Vegan Pesto Pasta Salad,american,31.33,303.87,42.21,2022-10-16,20:07:19,3028.9900000000002
vegan,Vegan Pasta Alfredo With Two Stroganoff Variations,american,70.53,254.29,34.09,2022-10-16,20:07:19,2707.09
vegan,Repair and Recover Vegan Chia Pudding recipes,british,8.47,26.41,9.87,2022-10-16,20:07:19,311.05
vegan,Kimchi Udon Noodle Soup,asian,55.59,161.65,24.36,2022-10-16,20:07:19,1774.65
vegan,Orange Chocolate Vegan Cheese Cake recipes,american,79.19,398.7,470.33,2022-10-16,20:07:19,5786.379999999999
vegan,Vegan Chocolate-Peanut Butter Pudding Cups,british,65.49,340.58,271.16,2022-10-16,20:07:19,4411.82
vegan,Creamy Vegan Linguine with Wild Mushrooms recipes,american,102.78,374.81,91.03,2022-10-16,20:07:19,4148.53
vegan,Shiny Happy Poppers,french,32.06,200.02,115.51,2022-10-16,20:07:19,2390.46
vegan,Spinach Dip,american,30.78,43.04,132.01,2022-10-16,20:07:19,1038.52
vegan,Vegan Salty Peanut Butter Ice Cream Recipe,american,79.44,310.67,351.96,2022-10-16,20:07:19,4521.63
vegan,Vegan Sweet Potato and Pumpkin Pudding Cups,british,17.94,154.04,73.94,2022-10-16,20:07:19,1753.8799999999999
vegan,Sticky toffee pear pudding,british,38.94,975.75,206.75,2022-10-16,20:07:19,9764.51
vegan,Foolproof Vegan Vanilla Coconut Ice Cream Recipe,american,22.14,253.66,219.45,2022-10-16,20:07:26,3249.3
vegan,KALE + EDAMAME DUMPLINGS w/ SIMPLE DIPPING SAUCE recipes,chinese,74.92,368.27,22.84,2022-10-16,20:07:26,3705.47
vegan,Vegan Quinoa-Stuffed Grilled Zucchini recipes,american,36.15,107.22,72.8,2022-10-16,20:07:26,1400.78
vegan,"Vegan, Gluten Free Butternut Squash Gratin",american,104.45,273.06,62.21,2022-10-16,20:07:26,3124.1800000000003
vegan,Vegan Toasted Coconut And Pistachio Ice Cream,american,15.14,143.93,108.29,2022-10-16,20:07:26,1789.0900000000001
vegan,Vegan Dark Chocolate-Avocado Cake recipes,american,70.04,956.9,298.71,2022-10-16,20:07:26,10087.1
vegan,Chana Masala Pockets with Tofu and Arugula,asian,212.76,609.53,108.18,2022-10-16,20:07:26,6769.53
vegan,Vegan Chocolate Cake with Creamy Chocolate Filling,american,82.81,942.6,262.43,2022-10-16,20:07:26,9864.359999999999
vegan,Vegan Quinoa-Cranberry Stuffed Acorn Squash,american,45.69,339.78,67.84,2022-10-16,20:07:26,3512.14
vegan,Karina's Gluten-Free Pumpkin Pie With Praline And Coconut-Pecan Crust,american,43.53,604.47,340.12,2022-10-16,20:07:26,6974.83
vegan,Vegan Vanilla Bean Coconut Milk Ice Cream,american,17.2,154.45,180.78,2022-10-16,20:07:26,2181.97
vegan,Strawberries with Pomegranate Molasses and Vegan Whip Cream,american,16.29,206.68,134.38,2022-10-16,20:07:26,2462.8
vegan,Vegan Wild-Rice-Stuffed Butternut Squash,american,37.1,306.15,77.66,2022-10-16,20:07:32,3214.39
vegan,Vegan Seitan and Mushroom Ragù Bolognese Recipe,american,132.82,110.63,99.64,2022-10-16,20:07:32,1925.5099999999998
vegan,Mini Vegan Key Lime Icebox Pies,american,34.73,315.21,801.39,2022-10-16,20:07:32,6181.37
vegan,Foolproof Vegan Chocolate Coconut Ice Cream Recipe,american,28.47,271.83,223.87,2022-10-16,20:07:32,3455.83
vegan,Vegan Shepherd’s Pie with Gravy recipes,american,42.83,360.03,54.61,2022-10-16,20:07:32,3630.0299999999997
vegan,Recipe: Vegan Creamy Curried Cauliflower Soup,american,32.73,97.53,95.5,2022-10-16,20:07:32,1390.69
vegan,Creamy Vegan Saag Paneer (With Tofu) Recipe,asian,50.62,81.39,62.87,2022-10-16,20:07:32,1186.47
vegan,Spiced Butternut Squash Lentil Soup (Vegan),american,64.65,236.09,33.82,2022-10-16,20:07:32,2518.69
vegan,"Gluten-Free, Vegan Cranberry-Almond Tartlets",american,71.0,418.03,177.94,2022-10-16,20:07:32,4758.03
vegan,Flying Tofu Wedges,asian,56.97,25.88,37.72,2022-10-16,20:07:32,611.68
vegan,"Vegan Quinoa, Broccoli, and Kale Curry Recipe",american,42.54,161.71,55.0,2022-10-16,20:07:32,1845.5500000000002
vegan,"Vegan Coconut, Lime, and Rum Ice Cream Recipe",american,22.2,253.22,219.46,2022-10-16,20:07:32,3245.6200000000003
vegan,Easy Vegan Pressure-Cooker Miso Risotto Recipe,japanese,37.37,347.3,87.9,2022-10-16,20:07:32,3626.78
vegan,Mak Kimchi,south east asian,16.34,36.04,1.92,2022-10-16,20:07:39,397.40000000000003
vegan,Amaretto-spiked Chocolate Mousse recipes,italian,51.89,188.64,99.61,2022-10-16,20:07:39,2303.7599999999998
vegan,"Easy Flaked Almond ""Tuna"" Salad recipes",american,36.59,50.97,86.5,2022-10-16,20:07:39,951.09
vegan,Southern Skillet Black-Eyed Peas with Quick Buttery Biscuits,mediterranean,83.85,497.26,304.42,2022-10-16,20:07:39,6028.42
vegan,"Butternut, chestnut & lentil cake",south east asian,123.25,624.69,113.28,2022-10-16,20:07:39,6568.330000000001
vegan,Pink Pasta - with a creamy vegan vegetable sauce,american,63.96,356.1,16.77,2022-10-16,20:07:39,3527.82
vegan,Garlic Potato Kale Cakes,central europe,39.38,301.21,42.49,2022-10-16,20:07:39,3038.37
vegan,Ultimate Vegan Lentil Walnut Loaf recipes,american,76.55,333.74,32.63,2022-10-16,20:07:39,3440.3799999999997
vegan,"Homemade Baileys Irish Cream, made vegan. recipes",world,8.86,93.2,117.82,2022-10-16,20:07:39,1345.52
vegan,"Vegan Potato, Pepper and Olive Phyllo Cups",mediterranean,65.91,373.92,94.34,2022-10-16,20:07:39,4006.28
vegan,Barbecued Tofu Burger,asian,66.13,259.53,41.51,2022-10-16,20:07:46,2766.3299999999995
vegan,5 Ingredient No Bake Vegan Date Squares recipes,american,100.09,831.04,179.01,2022-10-16,20:07:46,8595.759999999998
vegan,Colin Quinn's Irish Lamb Stew recipes,british,282.7,351.37,349.13,2022-10-16,20:07:46,5689.65
vegan,Sweet Potato-Black Bean Burgers,american,78.61,299.8,66.66,2022-10-16,20:07:46,3279.28
vegan,Gluten- and Dairy-Free Pie Crust,american,19.84,146.62,117.59,2022-10-16,20:07:46,1869.2999999999997
vegan,Homemade Vegan Burgers That Don't Suck Recipe,american,116.52,408.38,173.73,2022-10-16,20:07:46,4836.42
vegan,Baked mini gluten free vegan vanilla donuts,american,6.74,206.28,51.41,2022-10-16,20:07:46,2089.12
vegan,Dark Chocolate Cherry Walnut Truffles recipes,french,29.78,210.49,152.54,2022-10-16,20:07:46,2623.69
vegan,Vegan Beet Burgers with Sweet Chili Slaw,american,55.2,303.88,59.95,2022-10-16,20:07:46,3195.5200000000004
vegan,Appetizer Recipe: Miso Sweet Potato Bites,japanese,29.62,206.76,42.3,2022-10-16,20:07:46,2148.52
vegan,Vegan Snack Recipe: Toast with Hummus & Veggies,american,8.85,33.92,4.8,2022-10-16,20:07:46,359.88
vegan,Vegan dal | Hidden veg red lentil dal,american,80.1,235.31,7.74,2022-10-16,20:07:46,2469.15
vegan,Vegan Olive Oil Cake w/Candied Rosemary,american,39.73,686.82,352.54,2022-10-16,20:07:46,7750.46
vegan,Red Lentil Soup with Lime,french,53.51,161.56,19.46,2022-10-16,20:07:46,1745.9199999999998
vegan,Our Favorite Chocolate Cake,american,25.32,408.54,105.86,2022-10-16,20:07:46,4201.58
vegan,Who Cares Vegan Mac and Cheese recipes,american,303.66,681.96,245.27,2022-10-16,20:07:46,8333.36
vegan,"SEXY CARAMEL SLICE (RAW, VEGAN, XO) recipes",american,99.61,812.75,256.02,2022-10-16,20:07:46,8737.27
vegan,The Saint Jamez Benedict,american,67.18,126.42,168.33,2022-10-16,20:07:46,2079.82
vegan,Mexican Mushroom and Spinach Sandwich (Vegan Torta) Recipe,american,47.97,185.14,66.94,2022-10-16,20:07:46,2125.8999999999996
vegan,"Vegan Mushroom ""Jerky"" (Slow-Roasted Mushroom Strips)",american,6.67,32.45,14.0,2022-10-16,20:07:53,374.73
vegan,Roasted Vegan Cauliflower Soup with Parsley-Chive Swirl,american,125.49,260.01,367.16,2022-10-16,20:07:53,4310.6900000000005
vegan,Vegan “Cream” Of Broccoli Soup With Leeks And Scallions,american,27.64,114.23,30.7,2022-10-16,20:07:53,1261.4299999999998
vegan,Spaghetti and Soyballs,italian,129.78,282.3,84.87,2022-10-16,20:07:53,3399.3
vegan,Vegan Pumpkin Pie With Rustic Spelt Crust,american,50.19,470.24,154.08,2022-10-16,20:07:53,5049.24
vegan,Raw Chili recipes,american,70.26,284.92,93.63,2022-10-16,20:07:53,3219.84
vegan,Vegan Southern-Style Collard Greens With Mushrooms Recipe,american,55.98,115.89,160.31,2022-10-16,20:07:53,1908.17
vegan,Organic Lentil and Rice Stuffed Peppers,mediterranean,115.69,347.98,40.9,2022-10-16,20:07:53,3758.18
vegan,Blender Sweet Potato Pie,south american,20.34,253.96,98.65,2022-10-16,20:07:53,2761.6
vegan,Vegan Hot and Sour Soup with Tofu recipes,american,81.76,53.77,82.74,2022-10-16,20:07:53,1141.93
vegan,Jackfruit Sloppy Joes,american,24.71,272.95,26.66,2022-10-16,20:07:53,2662.0299999999997
vegan,Plain Cake Donut,american,14.5,404.4,76.58,2022-10-16,20:07:53,4003.92
vegan,"Vegan Farro Risotto with Fennel, Peas and Greens",italian,41.38,190.32,76.47,2022-10-16,20:07:53,2184.2799999999997
vegan,Crisp Tofu and Thai Cucumber Raita,south east asian,26.96,34.41,40.89,2022-10-16,20:07:53,581.0899999999999
vegan,CrisSpi Asian Tofu Sandwich,asian,150.3,464.12,119.07,2022-10-16,20:07:53,5254.5599999999995
vegan,Vegan Coconut-Lime Panna Cotta with Mango Jam,american,17.71,157.36,54.27,2022-10-16,20:07:53,1704.16
vegan,Asian Asparagus Salad With Peanuts and Mint Dressing [vegan],american,35.41,104.48,84.24,2022-10-16,20:07:53,1418.92
vegan,Vegan Kale and Black Sesame Sushi Bowl,japanese,33.12,258.51,45.52,2022-10-16,20:07:59,2641.15
vegan,Roasted Sweet Potato Salad with Candied Walnuts recipes,south american,18.51,117.15,64.52,2022-10-16,20:07:59,1386.47
vegan,Vegan Curry Butternut Squash Soup With Kale Recipe,american,37.46,163.3,59.63,2022-10-16,20:07:59,1858.06
vegan,Vegan Cream of Mushroom and Wild Rice Soup,american,47.23,183.97,66.42,2022-10-16,20:07:59,2110.33
vegan,Vegetarian Pasta Puttanesca,italian,54.02,303.41,75.85,2022-10-16,20:07:59,3250.17
vegan,Baked Yam Fries with Sriracha Hummus (Vegan + GF),american,33.02,169.41,42.68,2022-10-16,20:07:59,1827.49
vegan,Corn Soup with Tofu Larb,asian,88.69,267.57,77.5,2022-10-16,20:07:59,3072.8900000000003
vegan,"Tomato, pepper & bean one pot",mexican,161.21,531.46,26.21,2022-10-16,20:07:59,5532.820000000001
vegan,THE BEST VEGAN CORN TACOS WITH BELL PEPPER AND CILANTRO,american,19.99,144.88,41.58,2022-10-16,20:07:59,1550.2
vegan,Basil Scalloped Tomatoes and Croutons recipes,american,40.71,83.13,49.37,2022-10-16,20:07:59,1108.49
vegan,"Carrot, Pea, and Mint Salad Recipe",mediterranean,17.22,75.91,82.92,2022-10-16,20:07:59,1083.75
vegan,Beet and Citrus Salad With Pine Nut Vinaigrette Recipe,american,24.74,156.71,107.6,2022-10-16,20:07:59,1939.75
vegan,Stir Fried Singapore Noodles with Garlic Ginger Sauce recipes,asian,35.17,166.07,18.47,2022-10-16,20:07:59,1709.19
vegan,Easy Vegan Soba Noodles with Peanut Sauce Recipe,asian,100.27,392.87,70.17,2022-10-16,20:07:59,4217.59
vegan,"Eat your veggies, risotto!",italian,57.83,172.85,39.19,2022-10-16,20:07:59,1943.7299999999998
vegan,Vegan Coconut Cream Tart with White Peaches and Blueberries,american,39.45,285.88,109.49,2022-10-16,20:08:06,3168.6800000000003
vegan,Tomato-Garlic Focaccia - My Vegan Italian Flatbread,american,29.81,323.46,24.1,2022-10-16,20:08:06,3126.7799999999997
vegan,Gluten-Free Low-Fat Vegan Oatmeal Muffins Recipe,american,36.6,395.9,52.33,2022-10-16,20:08:06,3918.82
vegan,Light Yakisoba Noodles,asian,26.81,120.31,35.64,2022-10-16,20:08:06,1332.59
vegan,Barbecue Slawpy Jacks,american,28.7,376.7,56.48,2022-10-16,20:08:06,3731.02
vegan,Gigante Beans a la Zaytinya,american,29.56,98.08,46.07,2022-10-16,20:08:06,1185.24
vegan,Vegan Chickpea Chile Soup with Greens and Grains,american,56.37,226.91,31.65,2022-10-16,20:08:06,2394.27
vegan,Vegan Garden Pesto With Miso and Mixed Herbs Recipe,american,10.74,18.94,124.83,2022-10-16,20:08:06,712.74
vegan,Fig Salad inspired by Yotam Ottolenghi,american,22.07,156.75,49.11,2022-10-16,20:08:06,1695.47
vegan,Seared Maitake Mushrooms recipes,french,13.6,57.03,197.0,2022-10-16,20:08:06,1355.67
vegan,Cheater’s Maple Baked Beans on Toast recipes,american,34.0,133.4,9.01,2022-10-16,20:08:06,1372.64
vegan,Chickpea Salad recipes,american,35.34,109.62,26.9,2022-10-16,20:08:06,1235.54
vegan,The Vegan Divas Cookbook: Smoky Tomato-Bean Soup,american,70.3,187.93,32.62,2022-10-16,20:08:06,2103.05
vegan,Mexican Fried Eggplant Sandwich (Vegan Tortas and Pambazos) Recipe,american,61.37,316.97,274.04,2022-10-16,20:08:06,4194.370000000001
vegan,Summer tomato lazy bruschetta,italian,37.03,180.61,44.77,2022-10-16,20:08:06,1952.69
vegan,"""Refried"" Black Beans and Walnut Meat Tacos (Vegan)",american,133.18,332.91,127.84,2022-10-16,20:08:06,4040.27
vegan,Vegan Roasted Vegetable Quinoa Bowl with Creamy Green Sauce,american,56.14,170.34,81.83,2022-10-16,20:08:06,2084.94
vegan,Herb and Cheese Drop Biscuits recipes,british,36.3,205.92,94.25,2022-10-16,20:08:06,2375.48
vegan,"Vegan Eggnog (Dairy Free, Egg Free, Gluten Free)",american,91.05,155.31,215.85,2022-10-16,20:08:13,2625.39
vegan,Butternut Squash Salad With Farro And Pepitas recipes,italian,67.75,229.64,124.65,2022-10-16,20:08:13,2836.3599999999997
vegan,"Vegan raw corn, avocado and black bean salad",american,44.72,195.48,34.04,2022-10-16,20:08:13,2074.3599999999997
vegan,Vegan Chocolate Layer Cake With Creamy Chocolate Filling,american,82.81,942.6,262.43,2022-10-16,20:08:13,9864.359999999999
vegan,Seared Maitake Mushrooms,french,13.34,55.4,196.91,2022-10-16,20:08:13,1339.6
vegan,Chive Vegan Cheese Spread and Veggie Crackers recipes,american,138.65,214.34,302.54,2022-10-16,20:08:13,3693.8199999999997
vegan,Zucchini Gratin,french,48.89,133.58,108.22,2022-10-16,20:08:13,1830.6599999999999
vegan,Salmon Burgers with Tartar Sauce,nordic,172.89,109.41,191.28,2022-10-16,20:08:13,2441.37
vegan,Vegan Huevos Rancheros Are 10/10 Would Make Again,american,93.69,284.36,66.49,2022-10-16,20:08:13,3199.96
vegan,Whole Wheat Eggless Garlic Bread Rolls,american,95.06,500.82,65.36,2022-10-16,20:08:13,5149.0599999999995
vegan,French Apple Tart (Tarte Fine aux Pommes) [vegan],american,5.76,154.65,42.27,2022-10-16,20:08:13,1583.97
vegan,Toasted Coconut Chocolate Cream Pie,american,96.57,276.56,234.17,2022-10-16,20:08:13,3811.9999999999995
vegan,Vegan Pesto Spaghetti Squash with Mushrooms & Sun-Dried Tomatoes,american,30.43,110.1,81.2,2022-10-16,20:08:13,1437.4199999999998
vegan,Pasta e fagioli,italian,100.0,327.59,46.54,2022-10-16,20:08:13,3534.47
vegan,The Whole Wheat,american,80.52,395.26,102.03,2022-10-16,20:08:13,4287.54
vegan,"Eggplant, Mushroom & Pesto Pizza recipes",italian,66.43,309.21,113.02,2022-10-16,20:08:20,3500.6899999999996
vegan,Rotini Tomato Pasta with 3 Minute Vegan Parmesan Cheese recipes,american,28.77,26.8,36.72,2022-10-16,20:08:20,503.16
vegan,Portobello Sliders with Pepita Pesto,american,67.2,211.29,116.76,2022-10-16,20:08:20,2637.45
vegan,Savory Vegan Chickpea Crêpes with Spring Vegetable Ragout,american,47.23,162.33,31.12,2022-10-16,20:08:20,1774.3700000000001
vegan,Slow-Cooker Vegan Butternut Squash Soup with Apple,american,49.4,225.93,112.78,2022-10-16,20:08:20,2682.09
vegan,Vegan: Japanese Simmered Daikon with Bok Choy and Edamame Recipe,world,22.13,75.04,6.6,2022-10-16,20:08:20,790.28
vegan,Grilled Broccoli And Bread Salad With Pickled Shallots,american,42.75,263.75,130.8,2022-10-16,20:08:20,3067.95
vegan,"Green Bean Casserole (The Vegan, Gluten Free Sequel)",american,37.46,211.74,147.84,2022-10-16,20:08:20,2646.86
vegan,Vegan Crispy Stir-Fried Tofu With Broccoli Recipe,asian,67.23,204.3,282.72,2022-10-16,20:08:20,3238.5
vegan,Vegan Stuffed Squash with Brown Rice and Mushrooms recipes,american,70.59,564.75,78.83,2022-10-16,20:08:20,5680.429999999999
vegan,Quinoa chilli with avocado & coriander,south american,63.63,199.77,62.16,2022-10-16,20:08:20,2301.09
vegan,Aloo Gobi,indian,26.33,176.83,12.93,2022-10-16,20:08:20,1748.51
vegan,Apple-Cranberry Cobbler,american,88.21,772.5,75.84,2022-10-16,20:08:20,7608.7
vegan,"From the Pantry: Vegan Pear, Cranberry and Pecan Muffins",american,31.57,444.44,162.63,2022-10-16,20:08:20,4776.76
vegan,Springtime Strawberry Lime Mango Crisp (Vegan + GF) recipes,american,48.9,300.82,142.18,2022-10-16,20:08:20,3471.7
vegan,Gluten-Free Tuesday: Vegan Apple Doughnuts Recipe,american,29.04,712.15,210.64,2022-10-16,20:08:26,7368.07
vegan,The Most Delicious Vegan Pad Kee Mao Recipe,american,86.42,497.8,386.06,2022-10-16,20:08:26,6370.12
vegan,Vegan Seared Pepper Tacos With Pintos And Avocado Crema,american,25.68,158.11,103.65,2022-10-16,20:08:26,1940.3100000000004
vegan,Charred aubergines with white beans & salsa verde,mexican,100.96,337.54,186.26,2022-10-16,20:08:26,4186.74
vegan,Yogurt Pancakes with Clementine Raspberry Compote,american,26.62,228.04,54.43,2022-10-16,20:08:26,2376.56
vegan,Curried Carrot Ginger Soup,indian,27.43,175.59,121.69,2022-10-16,20:08:26,2176.79
vegan,Tomato Bisque with Cashew Cream,mediterranean,63.64,156.49,170.3,2022-10-16,20:08:26,2344.17
vegan,"Apple, Pear, And Sage Pie With Maple Walnut Crunch And Salted Honey Yogurt",american,77.2,673.23,194.71,2022-10-16,20:08:26,7146.71
vegan,Crunchy Summer Salad with Creamy Vegan Avocado Dressing,american,65.41,268.37,97.67,2022-10-16,20:08:26,3067.6499999999996
vegan,RAW VEGAN TIRAMISU with VANILLA CREAM & COFFEE LADYFINGERS recipes,american,102.51,578.68,263.97,2022-10-16,20:08:26,6674.04
vegan,"Oatmeal, Fig, and Walnut Bars",american,73.43,1059.84,223.88,2022-10-16,20:08:26,10727.8
vegan,Chickpea Miso Gravy Bowl with Sweet and Tangy Portobello Mushrooms recipes,japanese,32.73,191.92,39.61,2022-10-16,20:08:26,2016.64
vegan,"Oatmeal, Fig, And Walnut Bars",american,54.06,916.76,219.49,2022-10-16,20:08:26,9345.04
vegan,Vegan Spinach and Hominy Enchiladas With Spicy Cashew Cream Recipe,american,95.94,460.5,120.71,2022-10-16,20:08:26,5011.1
vegan,Crabless Cakes with Hearts of Palm & Corn recipes,american,34.41,152.22,43.18,2022-10-16,20:08:26,1680.34
vegan,"Braised Red Cabbage (Rotkraut) - (Vegan, Gluten Free, Low Fat)",american,19.6,91.74,39.84,2022-10-16,20:08:26,1063.42
vegan,High Protein Quinoa Almond Berry Salad (Vegan & GF) recipes,american,39.67,220.91,45.97,2022-10-16,20:08:33,2330.75
vegan,Nut Meat Tacos with Pickled Red Onions,american,43.71,165.56,91.56,2022-10-16,20:08:33,2031.12
vegan,"Zucchini Noodles with Roasted Tomato Sauce (Gluten-Free, Vegan)",american,22.79,88.69,39.57,2022-10-16,20:08:33,1047.65
vegan,End Of Summer Peach Apple Cobbler (Gluten-Free & Vegan),american,25.99,293.33,56.32,2022-10-16,20:08:33,2969.21
vegan,"Cranberry, Apricot And Pecan Wild Rice Pilaf (Gf + Vegan)",american,36.91,263.46,75.99,2022-10-16,20:08:33,2822.74
vegan,Fried Eggplant Sandwich With Eggplant Mayo Recipe,mediterranean,60.32,323.46,333.19,2022-10-16,20:08:33,4485.18
vegan,Overnight Cherry Chia Seed Pudding – Paleo/Gluten Free/Vegan,american,12.77,112.92,56.84,2022-10-16,20:08:33,1294.7199999999998
vegan,Fernanda Capobianco’s Pissaladière with Vegetables and Olives,french,43.32,292.33,229.46,2022-10-16,20:08:33,3722.09
vegan,Vegan Lentil Shepherd’s Pie With Parsnip And And Potato Mash,american,123.18,591.98,66.46,2022-10-16,20:08:33,6086.38
vegan,Ruby and Emerald Jeweled Rice,american,71.39,635.59,83.8,2022-10-16,20:08:33,6341.070000000001
vegan,Creamy Penne Pasta Bake With Zucchini,italian,72.39,391.05,92.19,2022-10-16,20:08:33,4177.77
vegan,Quinoa Greek Salad recipes,mediterranean,40.99,145.69,88.66,2022-10-16,20:08:33,1829.81
vegan,Pumpkin Polenta Recipe With Tomatillo-Avocado Salsa,south american,25.55,215.41,94.48,2022-10-16,20:08:33,2418.81
vegan,Gluten-Free Black Bean Burgers,south east asian,167.98,551.67,21.39,2022-10-16,20:08:33,5722.51
vegan,Creamy Polenta with Tempeh Sausage and Tomatoes,american,149.12,256.35,113.0,2022-10-16,20:08:33,3355.63
vegan,Pineapple and Shrimp Fried Quinoa recipes,south east asian,88.52,225.53,98.9,2022-10-16,20:08:33,2779.45
vegan,STRAWBERRY + CHOCOLATE CHEESECAKE recipes,american,90.62,426.23,303.42,2022-10-16,20:08:33,5412.2300000000005
vegan,French Toast with Caramelized Bananas (Vegan and Gluten-Free) recipes,american,30.81,252.81,116.54,2022-10-16,20:08:40,2864.6899999999996
vegan,Black Bean And Butternut Squash Burritos,mexican,80.91,322.43,60.9,2022-10-16,20:08:40,3469.1099999999997
vegan,Jicama and Pomelo Salad With Spicy Thai Dressing (Vegan) Recipe,south east asian,20.97,83.67,19.59,2022-10-16,20:08:40,915.27
vegan,Recipe: Best-Ever Veggie Burger,american,78.27,305.53,27.28,2022-10-16,20:08:40,3171.9699999999993
vegan,Red Lentil Spaghetti With Vegan Cauliflower Rosa Sauce and Arugula,american,68.96,372.57,26.63,2022-10-16,20:08:40,3735.4900000000002
vegan,Dried Olive and Miso Shake (The Best Vegan Parmesan Substitute) Recipe,american,12.55,40.94,74.64,2022-10-16,20:08:40,717.22
vegan,Vietnamese-Style Tofu Hero with Asian Slaw,south east asian,49.71,65.14,96.03,2022-10-16,20:08:40,1169.22
vegan,"A Recipe For Long Grain Brown Rice Pilaf (Vegan, Gluten Free)",mediterranean,43.94,188.1,47.11,2022-10-16,20:08:40,2057.1
vegan,Hazelnut Fig Crackers with Sage and Black Pepper,american,167.2,358.87,455.11,2022-10-16,20:08:40,5719.07
vegan,crunchy quinoa & veggie roaster,american,47.61,172.48,94.06,2022-10-16,20:08:40,2119.0
vegan,Chocolate Cake with Chocolate-Orange Frosting,american,37.4,726.63,235.54,2022-10-16,20:08:40,7631.43
vegan,Aloo Gobi,indian,27.03,181.02,31.83,2022-10-16,20:08:40,1864.6200000000001
vegan,Vegan Olive Oil Cake (adapted from Maialino's Olive Oil Cake),american,59.98,595.67,315.33,2022-10-16,20:08:40,6862.2699999999995
vegan,Cashew Cheesecake,american,87.42,376.41,316.17,2022-10-16,20:08:40,5002.05
vegan,Creamy Coconut & Roasted Beet Soup with Pistachios & Greek Yogurt,mediterranean,53.36,194.74,139.46,2022-10-16,20:08:40,2523.94
vegan,"Pasta With Snap Peas, Garlic, Lemon Zest, and Black Pepper (Vegan) Recipe",american,43.66,212.0,58.57,2022-10-16,20:08:40,2316.92
vegan,Curried Chickpea Sandwich,indian,81.73,310.6,118.26,2022-10-16,20:08:40,3595.36
vegan,"Gluten-Free, Vegan, and Oil-Free Walnut Chip Brownies recipes",american,48.32,425.34,81.89,2022-10-16,20:08:47,4348.900000000001
vegan,Gluten Free Green Bean Casserole,south east asian,101.87,445.89,688.94,2022-10-16,20:08:47,7176.25
vegan,Cashew cream fettuccine Alfredo with sauteed spinach and cheese crisps (gluten-free),italian,134.51,486.89,259.0,2022-10-16,20:08:47,5956.05
vegan,"Vegan Peanut, Sweet Potato, and Kale Soup With Coconut Recipe",american,102.57,257.64,466.14,2022-10-16,20:08:47,4593.6
vegan,Maple-Glazed Sweet Potatoes (Japanese Daigaku Imo Style) w/Vegan option,american,9.74,183.18,83.83,2022-10-16,20:08:47,2022.9
vegan,Sweet Potato and Mushroom Cannelloni with Braised Escarole and Butter Beans (Vegan) Recipe,american,98.62,443.0,40.15,2022-10-16,20:08:47,4542.08
vegan,"A Recipe for Long Grain Brown Rice Pilaf (Vegan, Gluten Free)",mediterranean,31.85,171.16,41.35,2022-10-16,20:08:47,1833.2400000000002
vegan,Creamy Zucchini Soup With Scallions And Brazil Nut Chili Oil (Vegan),american,18.0,47.86,115.43,2022-10-16,20:08:47,964.46
vegan,20 Minute Apple Turnovers,french,10.46,194.67,32.94,2022-10-16,20:08:47,1925.6299999999999
vegan,"Fat Tommy’s Three-Bean, Gluten-Free, Vegan Chili Recipe",american,171.0,580.93,51.33,2022-10-16,20:08:47,6117.69
vegan,"Cumin Scented Kale with Onions, Tomatoes and Mushrooms (Vegan and Gluten Free)",american,23.34,55.86,6.25,2022-10-16,20:08:47,621.1
vegan,Grilled Marinated Heart of Palm Tacos With Spicy Cabbage Slaw (vegan) Recipe,american,37.49,199.1,58.73,2022-10-16,20:08:47,2176.7799999999997
vegan,"Spicy, Smoky Bean Cakes with Lime Slaw and Charred Avocado Recipe",south american,66.35,249.4,71.01,2022-10-16,20:08:47,2794.04
vegan,Curried Lentils with Quick-Pickled Veggies,indian,225.55,590.44,50.12,2022-10-16,20:08:47,6416.64
vegan,Whole-Grain Vegan Carrot Cake Loaf with Lemon Glaze recipes,american,49.39,381.92,102.7,2022-10-16,20:08:47,4045.6400000000003
vegan,Chocolate Cake with Chocolate-Orange Frosting recipes,american,37.4,726.63,235.54,2022-10-16,20:08:47,7631.43
vegan,Hearty Vegan Polenta and Kale Soup With Miso and Toasted Sesame Oil Recipe,japanese,23.03,167.07,101.79,2022-10-16,20:08:47,2002.91
vegan,Mushroom and Eggplant Veggie Burgers,nordic,118.09,385.66,106.3,2022-10-16,20:08:47,4368.5
vegan,Blissful Blueberry Banana Spelt Muffins (vegan + refined sugar-free) recipes,american,63.99,445.42,104.56,2022-10-16,20:08:53,4682.98
vegan,Pesto Knots,american,67.14,203.94,87.54,2022-10-16,20:08:53,2454.18
vegan,J. Kenji López-Alt's 15-Minute Creamy (Vegan) Tomato Soup,american,27.5,129.28,116.19,2022-10-16,20:08:53,1738.28
vegan,Southwestern Crispy Fish Taco Salad,american,115.47,258.63,243.6,2022-10-16,20:08:53,3763.9500000000003
vegan,Sinless Sticky Toffee Pecan Pudding recipes,british,26.85,625.68,137.41,2022-10-16,20:08:53,6288.16
vegan,Kentucky fried seitan,mediterranean,317.43,703.99,534.41,2022-10-16,20:08:53,9743.27
vegan,Quinoa Maki with Avocado and Cajun Portobello Fillets,american,30.0,115.55,99.36,2022-10-16,20:08:53,1557.39
vegan,Indian Stuffed Eggplant,mediterranean,66.39,327.51,151.81,2022-10-16,20:08:53,3820.3900000000003
vegan,"Spicy Peanut Noodle Salad With Cucumbers, Red Peppers, and Basil (Vegan) Recipe",american,97.38,284.55,128.74,2022-10-16,20:08:53,3465.4300000000003
vegan,Vegan Pumpkin Pie Squares with Gluten-Free Graham Cracker Crust recipes,american,12.97,240.28,95.85,2022-10-16,20:08:53,2597.8
vegan,Lemon Glazed Spice Cake With Whipped Cream,american,29.85,482.83,78.11,2022-10-16,20:08:53,4777.3099999999995
vegan,Cozy Yellow Curry Vegetable Soup,indian,46.9,136.01,90.04,2022-10-16,20:08:53,1771.85
vegan,"Japanese Udon With Mushroom-Soy Broth, Stir-Fried Mushrooms, and Cabbage (Vegan) Recipe",american,6.82,20.1,3.16,2022-10-16,20:08:53,220.82
vegan,"Tempeh, Pepper, and Spinach-Pesto Sandwich",mediterranean,88.15,164.82,78.16,2022-10-16,20:08:53,2148.62
vegan,Sweet potato & black bean chilli with zesty quinoa,south american,70.17,302.2,66.07,2022-10-16,20:08:53,3264.7599999999993
vegan,"ULTIMATE RAW VEGAN PIZZA (LOW-FAT, OIL-FREE, SALT-FREE) recipes",italian,26.97,147.83,5.81,2022-10-16,20:08:53,1461.59
vegan,"Oven Roasted Portobello Mushrooms marinated in Balsamic (Vegan, Gluten Free) Vinegar, Shallots and Thyme",american,10.23,86.04,1.3,2022-10-16,20:08:53,820.48
vegan,Yellow Split Pea Soup recipes,french,122.34,325.46,68.41,2022-10-16,20:08:53,3692.14
vegan,Banana-Coconut Cake Recipe,caribbean,55.36,1063.72,621.42,2022-10-16,20:09:03,12280.6
vegan,Party Vegan's Porcini-stuffed Seitan with Wild Mushroom Sauce Recipe,american,273.14,433.03,89.55,2022-10-16,20:09:03,5348.03
vegan,Steamed Buns with Tempura King Oyster Mushrooms and Agave-Miso Mayonnaise (Vegan) Recipe,japanese,75.31,498.92,898.55,2022-10-16,20:09:03,8385.72
vegan,Mexican Chocolate Cake,mexican,37.67,460.63,87.47,2022-10-16,20:09:03,4646.2300000000005
vegan,"All the Veggies In Your Fridge, Stir-Fry (Low Oil, Vegan, GF)",american,10.96,123.44,15.73,2022-10-16,20:09:03,1217.72
vegan,CHIPOTLE JACKFRUIT TACOS WITH SIMPLE GUAC AND LEMON ORANGE CREMA,mexican,35.85,463.12,106.43,2022-10-16,20:09:03,4737.2
vegan,Crispy Bánh Mì Spring Rolls With Creamy Chili Mayo Recipe,american,12.93,389.9,1831.34,2022-10-16,20:09:03,10886.18
vegan,"Mediterranean White Beans with Sun Dried Tomatoes, Mushrooms, Garlic and Thyme (vegan, gluten free)",american,96.57,251.63,30.86,2022-10-16,20:09:03,2774.39
vegan,The Ultimate Rich and Creamy Vegan Ramen With Roasted Vegetables and Miso Broth Recipe,japanese,3.4,15.57,9.12,2022-10-16,20:09:03,190.20999999999998
vegan,Jeweled Rice (Iranian / Persian Morausa Polo),middle eastern,66.05,572.85,202.78,2022-10-16,20:09:03,6230.97
vegan,Ginger-Apple Crumble Pie (Gluten And Dairy-Free),american,43.69,447.5,213.05,2022-10-16,20:09:03,5054.46
vegan,"Look Ma No Dairy! - Creamy Parnsnip Soup with Granny Smith Apples (Vegan, Gluten Free)",american,125.36,322.67,170.22,2022-10-16,20:09:03,4086.3500000000004
vegan,Sassy Springtime Rolls,south east asian,53.3,189.63,35.99,2022-10-16,20:09:03,2063.83
vegan,"Spicy Sauteed Kale with Pan Roasted Garlic, Currants and Sun Flower Seeds (Vegan, gluten free)",american,22.66,74.51,50.5,2022-10-16,20:09:03,963.23
vegan,"Don't Die on Me Man - A Comforting and Healing Spicy Soup (Vegan, Gluten Free)",american,55.94,109.29,19.87,2022-10-16,20:09:03,1286.85
vegan,Maple Cinnamon Mashed Sweet Potatoes recipes,american,41.97,402.47,162.37,2022-10-16,20:09:09,4439.59
vegan,"Sichuan Shirataki Sesame Noodle Salad With Cucumber, Sichuan Peppercorn, Chili Oil, and Peanuts (Vegan) Recipe",american,54.67,207.71,111.88,2022-10-16,20:09:09,2535.59
vegan,Basil Thai Noodles with Bison and Zucchini + Spicy Quick Pickled Cucumber,south east asian,130.67,270.48,126.89,2022-10-16,20:09:09,3464.56
vegan,Beetroot Tart Tatin,french,26.4,161.98,184.31,2022-10-16,20:09:09,2300.66
vegan,Beetroot & squash Wellingtons with kale pesto,british,125.44,610.67,332.9,2022-10-16,20:09:09,7329.389999999999
vegan,Warm Couscous Salad w/ Olives + Pine Nuts,french,46.78,201.6,85.61,2022-10-16,20:09:09,2343.96
vegan,15 Minute No Bake Energy Bites,american,25.38,166.43,34.64,2022-10-16,20:09:09,1737.95
vegan,"Carrot ""Lox""",british,2.53,16.67,0.7,2022-10-16,20:09:09,162.95000000000005
vegan,Coconut Mashed Sweet Potatoes,american,23.13,253.62,48.98,2022-10-16,20:09:09,2571.02
vegan,Buckwheat Tortillas,mexican,45.44,255.23,44.91,2022-10-16,20:09:09,2658.47
vegan,Coconut chutney,indian,11.96,48.23,47.49,2022-10-16,20:09:09,671.87
vegan,Rich Chocolate Ganache Topping Recipe,french,5.78,103.65,34.42,2022-10-16,20:09:09,1093.65
vegan,Stuffed Mediterranean Baked Potato,mediterranean,38.87,199.05,9.32,2022-10-16,20:09:09,1984.21
vegan,Sweet potato crisps,south american,0.38,4.9,6.76,2022-10-16,20:09:09,72.66
vegan,Tangerine Thyme Cooler,american,13.56,282.89,5.09,2022-10-16,20:09:09,2620.6099999999997
vegan,Cashew Cream Recipe,american,51.27,112.82,123.1,2022-10-16,20:09:09,1712.8599999999997
vegan,Raspberry sorbet,french,6.64,265.07,3.42,2022-10-16,20:09:09,2425.87
vegan,Warm Shredded Carrot Salad with Carrot Greens,american,4.78,37.16,14.42,2022-10-16,20:09:09,411.23999999999995
vegan,"Creamy, Zesty ""Cheese"" Dip",american,70.88,81.86,64.78,2022-10-16,20:09:16,1279.38
vegan,Coconut Whipped Cream,american,14.41,34.64,137.64,2022-10-16,20:09:16,919.9599999999999
vegan,Fudgy Oat Milk Frappuccino Dream,american,35.75,172.96,95.0,2022-10-16,20:09:16,2079.6400000000003
vegan,Spinach & chickpea dhal,american,39.86,108.47,68.16,2022-10-16,20:09:16,1408.31
vegan,Apple Pie Overnight Oats Recipe,american,74.41,185.78,142.31,2022-10-16,20:09:16,2538.8999999999996
vegan,Georgian Spinach Walnut Dip- Ispanakhis Pkhali,american,10.33,24.49,46.08,2022-10-16,20:09:16,446.05
vegan,Spicy roast chickpeas,american,29.12,93.28,16.66,2022-10-16,20:09:16,1022.64
vegan,Tuscan Tomato Soup,italian,53.19,174.27,38.44,2022-10-16,20:09:16,1934.95
vegan,Sesame stir-fry wrap,chinese,14.55,52.11,22.85,2022-10-16,20:09:16,618.59
vegan,Black Bean-Sweet Potato Burritos,mexican,173.91,779.52,60.98,2022-10-16,20:09:16,7955.240000000001
vegan,Tofu Scramble Fried Rice,asian,33.95,117.22,28.08,2022-10-16,20:09:16,1303.1
vegan,Mint Chocolate Chip Nice Cream,american,10.98,112.7,61.85,2022-10-16,20:09:23,1305.6200000000001
vegan,Minted green bean salad,american,11.75,46.65,41.95,2022-10-16,20:09:23,634.65
vegan,Wilted Spinach Salad with Coconut Bacon,american,1.02,3.37,6.74,2022-10-16,20:09:23,61.370000000000005
vegan,Cucumber-Jalapeño Popsicles,american,6.27,72.05,1.17,2022-10-16,20:09:23,678.2099999999999
vegan,Spaghetti Carbonara,italian,89.88,234.58,104.78,2022-10-16,20:09:23,2889.86
vegan,"Bean, tomato & watercress salad",south american,98.39,331.35,36.72,2022-10-16,20:09:23,3522.59
vegan,Minted green bean salad,american,12.0,47.97,41.97,2022-10-16,20:09:23,647.61
vegan,Baked Almond Feta,mediterranean,47.14,46.8,154.91,2022-10-16,20:09:23,1229.4
vegan,Raspberry ripple chia pudding,british,20.18,81.74,23.28,2022-10-16,20:09:23,909.5
vegan,Indian Spiced Lentil Soup,indian,146.81,474.58,40.73,2022-10-16,20:09:23,5021.38
vegan,Classic Cashew Cheese,mediterranean,58.6,67.87,63.93,2022-10-16,20:09:23,1100.95
vegan,Roasted Squash and Raw Carrot Soup Recipe,american,36.24,277.34,126.3,2022-10-16,20:09:23,3146.22
vegan,Keep it green sandwich,south east asian,14.92,53.41,32.27,2022-10-16,20:09:23,669.4499999999999
vegan,Smoky Charred Cauliflower and Potato Soup With Kale Recipe,american,38.9,228.69,31.37,2022-10-16,20:09:23,2339.29
vegan,Onigiri,south american,28.7,312.65,29.67,2022-10-16,20:09:23,3047.33
vegan,Chilli-charred Brussels sprouts,mediterranean,22.01,64.6,57.28,2022-10-16,20:09:30,898.56
vegan,"Colcannon Inspired, Spicy Asian Sweet Potato Salad",south american,49.57,318.05,40.73,2022-10-16,20:09:30,3223.6500000000005
vegan,Miso aubergines,japanese,27.61,143.46,19.33,2022-10-16,20:09:30,1478.9
vegan,Golden beet hummus,eastern europe,40.89,119.51,112.69,2022-10-16,20:09:30,1689.91
vegan,Eggplant Arrabbiata,french,65.83,370.1,76.85,2022-10-16,20:09:30,3901.6200000000003
vegan,Coconut Nice,american,48.71,819.39,262.56,2022-10-16,20:09:30,8619.59
vegan,Cashew “Hollandaise”,french,6.59,13.61,42.48,2022-10-16,20:09:30,318.77
vegan,ORANGE TARRAGON FRUIT LEATHER,american,10.5,71.22,25.36,2022-10-16,20:09:30,784.4200000000001
vegan,Roasted pear with walnut & ginger filling,american,17.33,176.0,60.98,2022-10-16,20:09:30,1897.24
vegan,Dairy Free Chocolate Coconut Ice Cream,american,10.2,73.41,86.47,2022-10-16,20:09:30,1047.37
vegan,Hearty Winter Vegetable Soup Recipe,mediterranean,34.01,168.55,21.55,2022-10-16,20:09:30,1739.19
vegan,Spinach & chickpea curry,indian,70.74,222.0,26.18,2022-10-16,20:09:30,2385.68
vegan,Roasted cherry tomato and eggplant pasta,italian,71.33,454.7,9.06,2022-10-16,20:09:30,4413.86
vegan,Cassava Bacon,american,11.08,186.49,22.83,2022-10-16,20:09:30,1814.05
vegan,Crispy Fried Chickpea Cake and Slaw Sandwiches Recipe,american,102.28,465.63,170.32,2022-10-16,20:09:30,5281.07
vegan,"Linguine with avocado, tomato & lime",italian,24.41,137.68,32.28,2022-10-16,20:09:30,1465.88
vegan,Gluten Free Cauliflower Kale Pesto Pizza,italian,25.86,42.4,84.09,2022-10-16,20:09:30,821.4
vegan,Pumpkin Pie Tarts,american,121.77,431.62,291.01,2022-10-16,20:09:36,5535.7
vegan,Melon Milk Pops,american,14.53,133.36,11.26,2022-10-16,20:09:36,1303.4
vegan,Vegetarian Enchiladas,mexican,70.42,272.88,34.95,2022-10-16,20:09:36,2877.4
vegan,"""Chorizo"" Tacos From 'The VB6 Cookbook'",asian,92.83,143.99,76.85,2022-10-16,20:09:36,1974.63
vegan,Parsnip and Chestnut Bisque,french,14.41,225.76,55.78,2022-10-16,20:09:36,2312.6
vegan,Barley & broccoli risotto with lemon & basil,italian,18.12,99.9,31.15,2022-10-16,20:09:36,1096.18
vegan,Butter bean & tomato salad,middle eastern,38.38,123.71,46.77,2022-10-16,20:09:36,1453.9899999999998
vegan,"Fried Plantains With Black Beans, Roasted Poblanos, Avocado, and Pickled Red Onion Recipe",south american,45.04,349.94,318.04,2022-10-16,20:09:36,4601.78
vegan,Avocado hummus & crudités,mediterranean,55.34,192.09,43.34,2022-10-16,20:09:36,2123.53
vegan,Watermelon-Strawberry Popsicles,american,4.81,76.54,1.69,2022-10-16,20:09:36,714.86
vegan,Dairy Free Tzatziki,mediterranean,33.82,88.14,62.31,2022-10-16,20:09:36,1177.78
vegan,Cook the Book: Lasagna with Roasted Cauliflower Ricotta and Spinach,italian,96.05,125.05,37.69,2022-10-16,20:09:36,1660.41
vegan,Mexican chocolate chickpea brownie,french,140.86,703.55,233.35,2022-10-16,20:09:43,7828.789999999999
vegan,Squash & spinach fusilli with pecans,american,26.33,128.24,19.96,2022-10-16,20:09:43,1339.32
vegan,Guacamole & mango salad with black beans,mexican,32.88,143.89,25.03,2022-10-16,20:09:43,1526.6499999999996
vegan,Butter bean & tomato salad,middle eastern,39.49,126.57,47.07,2022-10-16,20:09:43,1485.37
vegan,Leek seeni sambol,japanese,6.42,47.99,23.82,2022-10-16,20:09:43,552.87
vegan,Parsnip gnocchi,french,48.6,271.55,78.89,2022-10-16,20:09:43,2953.9100000000003
vegan,Soondubu Jjigae (Korean Soft Tofu Stew) Recipe,asian,131.98,56.1,190.38,2022-10-16,20:09:43,1794.34
vegan,Syrian Hummus,mediterranean,60.77,194.69,122.04,2022-10-16,20:09:43,2483.45
vegan,Kohlrabi Fritters,south east asian,27.12,73.76,56.02,2022-10-16,20:09:43,996.4000000000001
vegan,Luxury hummus,mediterranean,148.12,462.54,174.66,2022-10-16,20:09:43,5453.9800000000005
vegan,Strawberry-Mango Nice Cream,american,4.37,69.68,1.98,2022-10-16,20:09:43,652.5200000000001
vegan,Peanut and Coke Sorbet Recipe,american,46.68,276.31,102.94,2022-10-16,20:09:43,3085.2699999999995
vegan,Tofu Tacos,asian,74.68,180.41,66.77,2022-10-16,20:09:43,2189.4900000000002
vegan,Fennel Pistachio Cauliflower Steaks,mediterranean,34.0,89.7,59.78,2022-10-16,20:09:43,1182.42
vegan,Quinoa and lentil salad with arugula,middle eastern,77.4,272.33,67.77,2022-10-16,20:09:43,3031.6499999999996
vegan,Cauliflower steaks with roasted red pepper & olive salsa,american,16.25,39.91,39.3,2022-10-16,20:09:43,581.3899999999999
vegan,Asparagus & lemon spaghetti with peas,italian,34.55,164.06,31.77,2022-10-16,20:09:43,1741.82
vegan,Veggie tahini lentils,mediterranean,84.45,227.58,59.23,2022-10-16,20:09:50,2622.9400000000005
vegan,Roasted squash & red onion with pistachios,american,16.0,115.48,42.67,2022-10-16,20:09:50,1274.0
vegan,Citrus Lime Tofu Salad,asian,27.09,20.25,31.08,2022-10-16,20:09:50,414.93
vegan,Burnt leeks on toast with romesco,mediterranean,52.01,258.41,57.4,2022-10-16,20:09:50,2763.33
vegan,Marinated Kale and Chickpea Salad With Sumac Onions Recipe,american,50.3,135.85,33.68,2022-10-16,20:09:50,1558.57
vegan,Beefless Ground Beef,american,41.35,11.42,32.61,2022-10-16,20:09:50,398.62
vegan,Veggie-loaded flatbread,mediterranean,51.57,187.8,72.72,2022-10-16,20:09:50,2187.36
vegan,Gluten-Free Apple and Walnut Pakoda/Fritters,american,21.6,152.21,42.09,2022-10-16,20:09:50,1624.65
vegan,Beet Tartare,french,27.2,108.07,62.82,2022-10-16,20:09:50,1332.7099999999998
vegan,Slow-Cooker Creamy Lentil Soup Freezer Pack,american,71.2,184.75,16.0,2022-10-16,20:09:50,2011.55
vegan,Egg-Free and Dairy-Free Pumpkin Pudding,british,17.97,108.25,91.53,2022-10-16,20:09:50,1412.25
vegan,Spaghetti with a Creamy Zucchini & Mint Sauce,french,38.17,194.22,12.32,2022-10-16,20:09:50,1949.94
vegan,Pesto Tortilla Pizza,italian,56.56,269.32,155.67,2022-10-16,20:09:50,3272.7999999999997
vegan,Gluten-Free Apple Hand Pies Recipe,american,23.5,425.1,101.1,2022-10-16,20:09:56,4324.3
vegan,Veggie Sandwich,indian,9.87,48.35,10.98,2022-10-16,20:09:56,518.5500000000001
vegan,Toasted Paprika Chickpeas,mediterranean,30.39,99.03,28.82,2022-10-16,20:09:56,1128.11
vegan,Healthy Broccoli and Cheese Soup,american,67.06,97.78,8.01,2022-10-16,20:09:56,1180.3
vegan,Garlic Mashed Cauliflower,mediterranean,17.51,49.52,43.95,2022-10-16,20:09:56,691.52
vegan,Butternut Squash and Quinoa Pilaf,mediterranean,28.77,160.17,42.8,2022-10-16,20:09:56,1727.81
vegan,Crispy sweet potatoes with chickpeas & tahini yogurt,mediterranean,55.06,246.11,100.18,2022-10-16,20:09:56,2835.9500000000007
vegan,Sweet potato Tex-Mex salad,mexican,51.93,283.57,91.4,2022-10-16,20:09:56,3125.45
vegan,Mushroom Beet Black Bean Burger,american,60.14,138.46,27.25,2022-10-16,20:09:56,1595.7
vegan,Cauliflower Steaks with Olive Salsa and Roasted Tomato Sauce,american,23.27,96.18,29.35,2022-10-16,20:09:56,1076.1000000000001
vegan,Veggie olive wraps with mustard vinaigrette,american,6.84,34.45,13.26,2022-10-16,20:09:56,390.45000000000005
vegan,Smoky Potato and Caper Empanadas With Cilantro Sauce Recipe,south american,48.15,374.31,1930.24,2022-10-16,20:09:56,11282.35
vegan,Aubergine & chickpea bites,french,60.56,259.79,59.97,2022-10-16,20:09:56,2820.2300000000005
vegan,Shortbread Pecan Pie Crust,american,30.42,129.38,155.44,2022-10-16,20:09:56,1907.8600000000001
vegan,Zucchini Cannelloni with Cashew sauce,italian,42.87,80.26,34.37,2022-10-16,20:09:56,1031.3
vegan,Sweet potato & cauliflower lentil bowl,indian,66.52,222.82,47.41,2022-10-16,20:09:56,2461.1
vegan,Summertime Lentil Salad With Mango,indian,15.05,51.05,17.71,2022-10-16,20:09:56,590.49
vegan,Curried parsnip soup shots,american,30.68,141.37,32.54,2022-10-16,20:10:03,1525.21
vegan,Chilli & avocado salsa sweet potatoes,mexican,46.0,212.41,40.19,2022-10-16,20:10:03,2256.45
vegan,Autumn Apple Pumpkin Soup,american,16.38,140.73,50.33,2022-10-16,20:10:03,1533.4099999999999
vegan,Cook the Book: Garlicky Mushrooms and Kale,american,24.96,50.66,9.31,2022-10-16,20:10:03,593.02
vegan,Raspberry-Banana Sorbet,french,10.18,107.83,4.89,2022-10-16,20:10:03,1030.75
vegan,Miso roasted tofu with sweet potato,asian,80.17,115.44,75.36,2022-10-16,20:10:03,1661.0800000000002
vegan,Citrus Collards with Raisins Redux,american,6.65,92.0,14.69,2022-10-16,20:10:03,913.36
vegan,My children love beet salad!,american,21.29,95.81,50.29,2022-10-16,20:10:03,1148.61
vegan,Edamame & Veggie Rice Bowl,japanese,9.58,43.75,26.11,2022-10-16,20:10:03,536.51
vegan,Sautéed Spinach,french,14.23,19.32,10.81,2022-10-16,20:10:03,274.04
vegan,Tuscan Hummus,italian,77.06,228.87,73.14,2022-10-16,20:10:03,2660.6299999999997
vegan,Tangy Teriyaki Salmon,nordic,431.1,39.47,276.51,2022-10-16,20:10:03,3185.67
vegan,Graham Cracker Cinnamon Rolls (the best ever!),american,41.53,395.99,94.71,2022-10-16,20:10:03,4108.87
vegan,"""Chocomole"" Pudding",british,37.32,445.2,117.05,2022-10-16,20:10:03,4624.28
vegan,Broccoli Slaw w/ Mustard Vinaigrette,american,11.45,50.78,15.07,2022-10-16,20:10:03,563.1
vegan,Pesto Stuffed Mushrooms,italian,16.01,40.09,31.17,2022-10-16,20:10:03,549.5300000000001
vegan,Edamame Spread,japanese,1.65,4.08,18.65,2022-10-16,20:10:03,117.91999999999999
vegan,Escalivada (Smoky Slow-Roasted Vegetables),mediterranean,15.04,78.65,74.96,2022-10-16,20:10:10,1067.85
vegan,Coconut Almond Chia Seed Pudding Recipe,british,26.13,107.65,60.6,2022-10-16,20:10:10,1315.7700000000002
vegan,Cucumber-Avocado Cauliflower Rice Sushi,japanese,18.14,60.4,149.24,2022-10-16,20:10:10,1213.1200000000001
vegan,"Amaranth ""Risotto"" With Mushrooms",italian,87.04,417.85,126.84,2022-10-16,20:10:10,4616.17
vegan,Garlicky mushroom penne,mediterranean,41.4,171.31,23.15,2022-10-16,20:10:10,1799.9899999999998
vegan,West Indian spiced aubergine curry,indian,11.25,69.45,15.4,2022-10-16,20:10:10,731.6500000000001
vegan,Roasted aubergine & tomato curry,indian,20.68,90.56,125.12,2022-10-16,20:10:10,1398.24
vegan,"Cauliflower, squash, coconut & lentil curry",indian,77.02,241.44,118.3,2022-10-16,20:10:10,2954.24
vegan,Ripe's Eggplant Romesco Rigatoni,mediterranean,64.71,293.29,70.69,2022-10-16,20:10:10,3181.21
vegan,Date and Fennel Tofu Scramble,asian,78.01,165.29,65.14,2022-10-16,20:10:10,2060.21
vegan,Caramelized Onion Hummus,mediterranean,73.91,236.99,191.25,2022-10-16,20:10:10,3193.5499999999997
vegan,Asian Bulgur Wheat Salad,chinese,20.18,99.19,29.31,2022-10-16,20:10:10,1090.67
vegan,Roast asparagus bowls with tahini lemon dressing,mediterranean,38.85,152.63,26.53,2022-10-16,20:10:10,1635.19
vegan,"Tomato, Fennel, and Crab Soup",french,76.04,175.31,101.06,2022-10-16,20:10:10,2286.19
vegan,Pasta with Broccoli and Cauliflower,italian,71.61,273.57,34.28,2022-10-16,20:10:17,2885.69
vegan,Tuscan Black Cabbage Bruschetta - (Crostoni Di Cavolo Nero),italian,15.29,69.67,4.0,2022-10-16,20:10:17,704.1899999999999
vegan,Black-Eyed Pea and Tempeh Beanballs,italian,89.8,120.96,41.04,2022-10-16,20:10:17,1612.0
vegan,"Spanish Rice with Chorizo, Beans and Peas",mediterranean,176.64,432.46,209.06,2022-10-16,20:10:17,5434.94
vegan,Cauliflower Cilantro Salad Recipe,mediterranean,11.07,41.95,42.2,2022-10-16,20:10:17,590.6300000000001
vegan,"Spicy, Peanutty Udon with Kale",american,32.54,85.66,35.11,2022-10-16,20:10:17,1041.54
vegan,Satay noodle soup,asian,13.54,53.94,39.2,2022-10-16,20:10:17,696.4200000000001
vegan,Raw Chocolate Ganache Cake,french,42.13,240.67,153.62,2022-10-16,20:10:17,2949.0299999999997
vegan,"#SPINACH #LASAGNA my #Caribbean favourite, #Delicious #Nutritious #Vegetarian",italian,165.9,333.74,548.55,2022-10-16,20:10:17,5861.459999999999
vegan,"Tempeh ""Chicken"" Salad",american,26.8,23.75,24.2,2022-10-16,20:10:17,417.75
vegan,Easy Chickpea Curry,indian,201.31,843.44,267.99,2022-10-16,20:10:17,9468.16
vegan,Mint & basil griddled peach salad,mediterranean,23.36,118.14,42.51,2022-10-16,20:10:17,1326.74
vegan,Seasoned Black-Eyed Peas,south american,16.32,101.48,30.38,2022-10-16,20:10:17,1100.1200000000001
vegan,Southwest Sweet Potato Salad,american,52.07,266.82,62.04,2022-10-16,20:10:17,2857.82
vegan,Braised Green Beans with Tomatoes,mediterranean,17.49,77.86,70.2,2022-10-16,20:10:17,1051.5
vegan,Curried Cauliflower Soup with Roasted Tomatoes,american,22.49,77.48,52.77,2022-10-16,20:10:17,998.3600000000001
vegan,Gluten-Free Banana Flapjacks,eastern europe,21.33,185.77,33.69,2022-10-16,20:10:17,1892.01
vegan,Baked Potato Soup with Crunchy Potato Skins,american,36.82,279.22,56.47,2022-10-16,20:10:17,2886.140000000001
vegan,Baked Sweet Potatoes with Spiced Lentil Salad & Lemon Tahini Dressing,mediterranean,98.97,347.21,116.32,2022-10-16,20:10:17,3986.05
vegan,Pistachio Gelato,italian,0.48,75.19,155.03,2022-10-16,20:10:24,1298.75
vegan,Japanese Tabbouleh with Cilantro & Tofu,asian,57.81,24.75,42.47,2022-10-16,20:10:24,623.87
vegan,Dairy-Free Spinach Stuffed Shells,american,156.82,426.75,85.12,2022-10-16,20:10:24,4808.51
vegan,Greek Potato Salad,mediterranean,49.15,416.81,110.81,2022-10-16,20:10:24,4391.13
vegan,West Coast Avocado Toast,american,15.07,42.1,21.11,2022-10-16,20:10:24,523.6200000000001
vegan,Cook the Book: Brussels Sprout-Potato Hash,french,18.46,110.8,10.42,2022-10-16,20:10:24,1112.72
vegan,Red Lentil Dhal,indian,93.79,232.77,13.92,2022-10-16,20:10:24,2525.77
vegan,Chilled spicy tahini noodle bowl,asian,147.05,367.86,120.65,2022-10-16,20:10:24,4381.540000000001
vegan,Stuffed pumpkin,american,45.99,241.59,104.45,2022-10-16,20:10:24,2776.07
vegan,Chickpea & roasted parsnip curry,south east asian,80.48,352.46,142.46,2022-10-16,20:10:24,4063.9
vegan,Charred Green Beans with Mustard Vinaigrette & Hazelnuts,american,13.8,38.34,62.36,2022-10-16,20:10:24,649.7
vegan,Summer Vegetable Tian,italian,11.57,52.41,74.19,2022-10-16,20:10:24,814.7299999999999
vegan,Maple Walnut Banana Bread,american,19.51,192.39,49.08,2022-10-16,20:10:24,2005.8699999999997
vegan,Mushroom Quinoa Soup,mediterranean,32.24,133.05,34.29,2022-10-16,20:10:24,1463.5700000000002
vegan,My children love beet salad!,american,20.11,92.55,50.04,2022-10-16,20:10:30,1113.55
vegan,Egyptian courgettes with dukkah sprinkle,french,61.46,188.94,43.4,2022-10-16,20:10:30,2119.9
vegan,Cream of Cashew Pea Soup,mediterranean,84.33,232.63,196.13,2022-10-16,20:10:30,3215.51
vegan,Banana “Ice Cream”,american,5.11,106.25,1.93,2022-10-16,20:10:30,984.4100000000001
vegan,Peach Pie Ice Cream,american,14.16,188.15,45.56,2022-10-16,20:10:30,1932.2300000000002
vegan,Cider & Honey Kohlrabi Slaw with Radicchio,chinese,11.24,94.37,47.86,2022-10-16,20:10:30,1085.73
vegan,Pumpkin Seed Dip,american,222.79,307.84,1042.73,2022-10-16,20:10:30,7832.639999999999
vegan,Lentil ragu with courgetti,french,147.6,431.43,42.09,2022-10-16,20:10:30,4641.629999999999
vegan,Indian Spiced Broccoli and Potato Hash,nordic,9.39,47.36,10.47,2022-10-16,20:10:30,505.68
vegan,Eggplant Pide (or Eggplant Boats),mediterranean,87.94,350.33,36.43,2022-10-16,20:10:30,3650.4499999999994
vegan,Jambalaya,american,109.58,533.45,39.66,2022-10-16,20:10:30,5398.01
vegan,Curried Millet with Chickpeas and Currants,indian,43.83,222.77,55.67,2022-10-16,20:10:30,2402.93
vegan,Spaghetti puttanesca with red beans & spinach,italian,34.11,141.84,20.31,2022-10-16,20:10:30,1494.24
vegan,"Chilaquiles With Pepitas, Charred Corn, and Black Beans Recipe",american,73.23,371.82,160.37,2022-10-16,20:10:30,4280.780000000001
vegan,Pumpkin Maple Milkshake,american,1.87,21.6,4.41,2022-10-16,20:10:31,219.51999999999998
vegan,Tofu Jerky,asian,73.15,29.96,40.14,2022-10-16,20:10:37,722.8
vegan,Carrot Cake Bites,british,33.15,320.19,189.16,2022-10-16,20:10:37,3770.95
vegan,Vegetarian Jambalaya,american,110.18,519.84,39.84,2022-10-16,20:10:37,5278.64
vegan,"Roast Chicken Dinner Potato Chips With Mushrooms, Lemon, and Thyme Recipe",french,24.46,16.85,1.91,2022-10-16,20:10:37,257.13
vegan,Zucchini Curry,indian,27.75,90.49,123.34,2022-10-16,20:10:37,1418.77
vegan,Hearty lentil one pot,french,84.58,333.89,48.88,2022-10-16,20:10:37,3538.85
vegan,Mom's Favorite Blueberry-Bran Muffins,american,32.27,312.66,80.36,2022-10-16,20:10:37,3264.46
vegan,Creamy Instant Pot Coconut Red Lentils,south east asian,122.43,334.72,54.58,2022-10-16,20:10:37,3720.520000000001
vegan,Quinoa Bowl With Tahini Dressing,mediterranean,67.06,209.97,112.65,2022-10-16,20:10:37,2608.57
vegan,Lentil lasagne,italian,128.98,425.86,24.86,2022-10-16,20:10:37,4448.099999999999
vegan,Spiced mushroom & lentil hotpot,south american,211.12,617.15,37.22,2022-10-16,20:10:37,6547.71
vegan,Roasted Vegetable & Black Bean Tacos,mexican,19.25,94.02,28.49,2022-10-16,20:10:37,1037.1399999999999
vegan,Pumpkin curry with chickpeas,south east asian,46.43,174.03,112.36,2022-10-16,20:10:37,2201.43
vegan,Cook the Book: Lentil and Eggplant Chili Mole,american,67.53,234.06,14.49,2022-10-16,20:10:37,2434.62
vegan,"Spinach, sweet potato & lentil dhal",middle eastern,73.66,251.11,18.46,2022-10-16,20:10:37,2628.4700000000003
vegan,"Crispy Potato, Onion, and Mushroom Rösti Recipe",french,12.68,80.54,68.43,2022-10-16,20:10:37,1049.3000000000002
vegan,Carrot Dog Pigs in a Blanket,american,27.61,150.93,9.46,2022-10-16,20:10:44,1506.65
vegan,Mung Dal shorba (mung dal soup),american,9.88,25.24,76.3,2022-10-16,20:10:44,571.88
vegan,Quinoa Chickpea Salad with Roasted Red Pepper Hummus Dressing,mediterranean,26.62,89.01,9.54,2022-10-16,20:10:44,945.73
vegan,Stuffed Mediterranean Baked Potato,mediterranean,45.76,218.21,22.86,2022-10-16,20:10:44,2238.3700000000003
vegan,Homemade Seitan,italian,253.43,128.26,12.5,2022-10-16,20:10:44,2218.06
vegan,Tastiest Miso Soup,japanese,43.75,124.7,46.01,2022-10-16,20:10:44,1481.34
vegan,Black Bean Corn Avocado Salsa,mexican,46.41,182.86,145.78,2022-10-16,20:10:44,2414.5
vegan,Spinach with Pine Nuts and Raisins,american,37.77,162.01,62.19,2022-10-16,20:10:44,1857.9299999999998
vegan,Pasta with Broccoli Pesto,italian,82.43,393.15,60.18,2022-10-16,20:10:44,4108.79
vegan,"Squash, Kale, and Wild Rice Pilaf",mediterranean,38.08,199.4,27.49,2022-10-16,20:10:44,2056.88
vegan,Sesame parsnip & wild rice tabbouleh,middle eastern,40.07,233.5,72.6,2022-10-16,20:10:44,2552.1800000000003
vegan,"Cabbage, Bean and Crispy Cale Soup",french,95.38,399.58,45.6,2022-10-16,20:10:44,4160.139999999999
vegan,Creamy Matcha White Chocolate Pudding,british,13.22,81.76,47.48,2022-10-16,20:10:44,978.64
vegan,Strawberry Nice Cream,american,5.66,89.79,2.18,2022-10-16,20:10:44,839.47
vegan,"Chickpea, tomato & spinach curry",indian,79.3,242.05,65.03,2022-10-16,20:10:44,2755.77
vegan,Avocado Pesto Pasta,italian,31.84,118.21,296.65,2022-10-16,20:10:44,2377.8499999999995
vegan,Chole Masala,indian,48.03,168.93,27.82,2022-10-16,20:10:44,1823.7700000000002
vegan,Asian Eggplant Stir fry,asian,15.96,120.62,15.11,2022-10-16,20:10:44,1209.86
vegan,Quinoa Chili,american,89.06,298.89,14.26,2022-10-16,20:10:51,3103.29
vegan,Mushroom Tacos with Charred-Corn Salsa,mexican,31.89,162.99,116.81,2022-10-16,20:10:51,2061.71
vegan,Thai-Scented Asparagus Soup,south east asian,39.86,85.84,109.29,2022-10-16,20:10:51,1369.16
vegan,General Tso's Cauliflower,chinese,26.4,58.48,52.18,2022-10-16,20:10:51,840.64
vegan,Brown Rice Risotto with Mushrooms,italian,42.67,384.54,95.64,2022-10-16,20:10:51,4014.1
vegan,Sweet Potato Chickpea Curry,mexican,52.71,195.01,46.65,2022-10-16,20:10:51,2152.5299999999997
vegan,Choc-cherry fudge torte with cherry sorbet,mediterranean,62.73,1054.37,159.57,2022-10-16,20:10:51,10378.529999999999
vegan,Hearty White Bean and Spinach Soup with Rosemary and Garlic Recipe,french,38.21,121.5,56.68,2022-10-16,20:10:51,1473.06
vegan,"Cucumber, Shallot, and Tomato Salad",american,5.57,39.21,14.3,2022-10-16,20:10:51,432.36999999999995
vegan,Recipe: Curried Cauliflower Chowder,american,30.01,134.87,86.19,2022-10-16,20:10:51,1678.6299999999999
vegan,Corn & split pea chowder,american,76.4,287.4,27.47,2022-10-16,20:10:51,3002.08
vegan,Pumpkin Pie Nice Cream,american,9.86,168.39,3.01,2022-10-16,20:10:51,1566.9899999999998
vegan,Warm Farro with Mushrooms and Crispy Beets,japanese,32.67,143.15,30.32,2022-10-16,20:10:51,1540.3100000000002
vegan,Tofu Cashew Noodles With Snow Peas,asian,132.93,276.79,137.04,2022-10-16,20:10:51,3570.99
vegan,Cannellini Bean & Roasted Red Pepper Sandwich,italian,88.04,263.7,20.91,2022-10-16,20:10:51,2809.0999999999995
vegan,Spicy Pineapple and Tequila Sorbet Recipe,italian,5.46,326.46,1.24,2022-10-16,20:10:51,2964.94
vegan,Ají (Colombian-Style Tomato and Onion Salsa) Recipe,mexican,2.92,12.61,0.63,2022-10-16,20:10:51,127.68999999999998
vegan,Smoked Cauliflower Soup,american,49.78,134.47,17.29,2022-10-16,20:10:58,1478.51
vegan,No-Cook Black Bean Salad,american,44.49,159.15,61.72,2022-10-16,20:10:58,1857.19
vegan,Buffalo-Style Quinoa Chili,american,39.63,187.22,25.32,2022-10-16,20:10:58,1944.78
vegan,Seitan & black bean stir-fry,asian,119.84,191.43,53.95,2022-10-16,20:10:58,2418.03
vegan,Kadala curry,indian,73.23,254.76,89.89,2022-10-16,20:10:58,2945.32
vegan,Greek Salad Wraps,mediterranean,62.05,275.99,93.62,2022-10-16,20:10:58,3106.5899999999997
vegan,Cauliflower curry,indian,26.67,98.4,82.57,2022-10-16,20:10:58,1322.56
vegan,Savory Tempeh Crumbles,american,43.86,24.95,34.17,2022-10-16,20:10:58,536.6700000000001
vegan,Thai-Style Chopped Salad with Sriracha Tofu,south east asian,73.37,51.78,97.29,2022-10-16,20:10:58,1148.66
vegan,Steamed Jackfruit Buns,mediterranean,32.97,516.13,79.82,2022-10-16,20:10:58,5096.33
vegan,Roasted Sweet Potato Salad,south american,18.94,150.93,49.5,2022-10-16,20:10:58,1632.13
vegan,Spiced aubergine bake,indian,45.99,265.59,132.97,2022-10-16,20:10:58,3106.15
vegan,Raw Kale Salad With Honey Apple Cider Vinaigrette,american,14.09,68.15,77.95,2022-10-16,20:10:58,981.51
vegan,Cook the Book: Bengali Squash with Chickpeas,indian,19.96,116.01,49.17,2022-10-16,20:10:58,1320.6100000000001
vegan,Sri Lankan runner bean curry,indian,34.33,107.96,119.4,2022-10-16,20:10:58,1586.56
vegan,"Ajo Blanco (Spanish Chilled ""White Gazpacho"" Bread and Almond Soup) Recipe",mediterranean,43.39,90.72,95.4,2022-10-16,20:10:58,1371.6399999999999
vegan,Chickpea patties,american,55.28,157.14,36.8,2022-10-16,20:11:04,1782.5799999999997
vegan,Twice-Roasted Miniature Pumpkins with Onions and Thyme,american,31.28,151.92,57.22,2022-10-16,20:11:04,1721.2800000000002
vegan,Raw hazelnut brownies with chocolate ganache,french,64.45,516.22,181.61,2022-10-16,20:11:04,5630.220000000001
vegan,Miso Ramen with Roasted Vegetables,japanese,103.59,601.06,169.47,2022-10-16,20:11:04,6501.779999999999
vegan,Curried Potato and Carrot Soup Recipe,american,42.88,322.28,109.06,2022-10-16,20:11:04,3508.2799999999997
vegan,Roasted Cauliflower with Tahini and Goji Berries Recipe,mediterranean,17.46,53.43,37.31,2022-10-16,20:11:04,699.95
vegan,Thai Curry Ice Cream,south east asian,18.6,248.87,156.02,2022-10-16,20:11:04,2938.31
vegan,Butternut Squash and Black Bean Tacos,mexican,49.82,230.23,66.95,2022-10-16,20:11:04,2539.15
vegan,Quinoa Black Bean Summer Salad with Tahini Dressing,mediterranean,118.34,461.48,66.81,2022-10-16,20:11:04,4893.919999999999
vegan,Spicy Beet and Spinach Stir-Fry Over Sesame Rice,south east asian,22.09,186.31,39.09,2022-10-16,20:11:04,1921.5099999999998
vegan,Sticky noodles with homemade hoisin,asian,28.65,123.53,25.96,2022-10-16,20:11:04,1330.2099999999998
vegan,Coconut curry noodle bowl,asian,109.71,374.79,157.21,2022-10-16,20:11:04,4440.79
vegan,"Roasted cauliflower, tomato and chickpea bowl",mediterranean,73.87,345.96,60.67,2022-10-16,20:11:04,3651.7999999999997
vegan,Teriyaki Tofu Summer Rolls,asian,71.8,259.72,28.1,2022-10-16,20:11:04,2737.0800000000004
vegan,Kisir,middle eastern,42.33,270.29,107.38,2022-10-16,20:11:04,3031.4500000000003
vegan,Black Bean Burgers,american,77.08,309.03,45.43,2022-10-16,20:11:04,3271.3099999999995
vegan,Thai Zucchini-Coconut Soup,south east asian,14.83,79.0,57.34,2022-10-16,20:11:04,999.6800000000001
vegan,Press-In Gluten-Free Pie Crust,american,36.74,100.91,130.56,2022-10-16,20:11:11,1577.3899999999999
vegan,Spice-crusted tofu with kumquat radish salad,asian,49.48,66.44,56.12,2022-10-16,20:11:11,1020.36
vegan,Cauliflower + Red Lentil Curry,indian,71.24,193.75,117.33,2022-10-16,20:11:11,2498.03
vegan,Indian Saag with Chickpeas,indian,84.13,249.24,57.59,2022-10-16,20:11:11,2810.04
vegan,Lots O'Laksa (Malaysian-Style Chicken Soup),south east asian,153.7,174.14,182.31,2022-10-16,20:11:11,2911.2999999999993
vegan,Balsamic Mushroom Pasta,italian,69.05,225.51,60.5,2022-10-16,20:11:11,2547.79
vegan,Healthy & Delicious: Herb-Scalloped Potatoes Recipe,french,44.55,169.93,17.37,2022-10-16,20:11:11,1777.0500000000002
vegan,Moroccan Pumpkin and Chickpea Stew,middle eastern,13.47,63.18,4.32,2022-10-16,20:11:11,639.78
vegan,Marshmallow Cream,american,71.91,730.58,0.09,2022-10-16,20:11:11,6863.22
vegan,Sweet Potato Hash Stuffed Portobello Mushrooms,south american,25.75,112.86,81.42,2022-10-16,20:11:11,1444.42
vegan,Pickled Red Onions,american,3.43,38.47,0.31,2022-10-16,20:11:11,361.19000000000005
vegan,"Potato, Asparagus & Mushroom Hash",american,25.67,131.88,43.33,2022-10-16,20:11:11,1462.92
vegan,Pasta With Braised Broccoli and Tomato Recipe,italian,99.53,467.16,68.61,2022-10-16,20:11:11,4877.0
vegan,German American Potato Salad,central europe,30.46,213.44,110.53,2022-10-16,20:11:11,2484.92
vegan,Chocolate Icebox Cake,american,66.39,297.87,259.06,2022-10-16,20:11:11,3982.63
vegan,Lentil Burgers,nordic,99.48,315.18,31.22,2022-10-16,20:11:11,3359.42
vegan,"Summer Quinoa Salad, Mexican-Style",mexican,34.44,181.0,48.88,2022-10-16,20:11:18,1962.28
vegan,Kale and Potato Mash with Romesco Sauce,mediterranean,31.94,198.87,30.33,2022-10-16,20:11:18,2038.9099999999999
vegan,Creamy Ginger-Asparagus Soup,mediterranean,15.29,60.62,81.98,2022-10-16,20:11:18,934.6599999999999
vegan,"Sweet Potato, Kale & Chicken Salad with Peanut Dressing",mediterranean,126.37,117.56,71.8,2022-10-16,20:11:18,1850.72
vegan,Whipped Frozen Pink Lemonade,french,6.45,137.75,48.82,2022-10-16,20:11:18,1460.83
vegan,Buddha bowl with grilled tofu and gluten-free white beer,asian,91.78,255.89,70.28,2022-10-16,20:11:18,2951.2499999999995
vegan,Stewed Chickpeas and Chard over Garlic Toast,french,59.12,224.37,60.29,2022-10-16,20:11:18,2496.97
vegan,Tuscan white beans w/ roasted vegetables,italian,149.35,411.98,43.73,2022-10-16,20:11:18,4480.14
vegan,"Tamari Roasted ""Crack"" Almonds",british,64.31,63.69,142.94,2022-10-16,20:11:18,1402.21
vegan,Chia Chipotle Dressing From 'Salad Samurai',american,3.5,34.27,31.23,2022-10-16,20:11:18,447.35
vegan,Squash Risotto,italian,59.38,209.97,32.81,2022-10-16,20:11:18,2258.49
vegan,Hippie Loaf,american,44.17,172.18,17.81,2022-10-16,20:11:18,1797.5400000000002
vegan,"Carrot and Rye Berry Salad With Celery, Cilantro, and Marcona Almonds Recipe",american,38.18,117.41,114.49,2022-10-16,20:11:18,1667.3700000000001
vegan,Smoky Tofu Chili,asian,69.77,135.28,48.41,2022-10-16,20:11:18,1690.2399999999998
vegan,Quinoa Stuffed Peppers,mediterranean,114.85,276.83,160.19,2022-10-16,20:11:18,3591.63
vegan,Gobhi Mussallam,indian,44.76,75.01,68.9,2022-10-16,20:11:18,1129.73
vegan,Roasted aloo gobi,indian,36.81,175.89,66.91,2022-10-16,20:11:18,1997.8899999999999
vegan,Tahini Noodles,asian,97.68,440.21,72.93,2022-10-16,20:11:25,4644.33
vegan,Chocolate Coconut Ice Cream Mochi,american,45.56,469.36,233.65,2022-10-16,20:11:25,5341.08
vegan,Rainbow Swiss Chard and Lemon Stir-Fry,chinese,29.15,167.53,51.66,2022-10-16,20:11:25,1831.0099999999998
vegan,'Akara' aka bean or lentil fritters,mediterranean,48.67,130.15,44.12,2022-10-16,20:11:25,1542.5100000000002
vegan,Braised Winter Vegetable Pasta,italian,59.4,297.09,35.46,2022-10-16,20:11:25,3053.25
vegan,Favorite Fall Orzo Salad,american,50.82,207.74,89.08,2022-10-16,20:11:25,2429.26
vegan,Sneaky Collards Recipe,american,55.67,118.96,38.34,2022-10-16,20:11:25,1446.6799999999998
vegan,Best veggie stir fry,chinese,46.21,246.43,202.85,2022-10-16,20:11:25,3214.11
vegan,The Crisper Whisperer: Gingered Butternut Soup Recipe,american,62.04,340.05,47.92,2022-10-16,20:11:25,3500.29
vegan,Tofu Poke,asian,72.95,157.18,65.14,2022-10-16,20:11:25,1966.98
vegan,Hummus and Mint Veggie Burgers,nordic,75.73,270.57,86.9,2022-10-16,20:11:25,3085.65
vegan,Thin Mint Smoothie,world,5.29,44.03,10.04,2022-10-16,20:11:25,457.59000000000003
vegan,Beans and Mushrooms,american,20.79,96.31,56.46,2022-10-16,20:11:25,1175.79
vegan,"Lentil Salad With Cauliflower, Walnuts, and Roasted Orange Vinaigrette Recipe",american,127.46,364.61,229.66,2022-10-16,20:11:25,4709.97
vegan,Quick & Dirty Slow Cooker Vegetarian Chili,american,98.97,331.17,43.99,2022-10-16,20:11:25,3552.3700000000003
vegan,Chickpea & Jackfruit Curry,indian,45.55,246.68,68.46,2022-10-16,20:11:25,2676.16
vegan,Grilled Tofu with Chimichurri on Toast,asian,91.17,111.42,160.34,2022-10-16,20:11:25,2008.8200000000002
vegan,Korean Stewed Tofu with a Green Onion Salad and Crisp Bacon,asian,79.06,64.73,74.17,2022-10-16,20:11:25,1195.49
vegan,Jackfruit Carnitas,mexican,23.56,421.86,49.12,2022-10-16,20:11:32,4087.46
vegan,Vegetarian Mushroom Thyme Gravy,south american,14.75,67.01,72.71,2022-10-16,20:11:32,952.9300000000001
vegan,Well-Crafted Macaroni and Cheese Mix,american,127.15,164.38,70.78,2022-10-16,20:11:32,2271.14
vegan,Easy Black-Bean Corn Salad,mexican,64.0,208.35,10.35,2022-10-16,20:11:32,2172.5499999999997
vegan,Banana Heavens Little Pig (Spanish Custard Dessert),mediterranean,48.41,518.39,148.52,2022-10-16,20:11:32,5453.2300000000005
vegan,The Ultimate Raw Taco,mexican,9.88,40.98,30.65,2022-10-16,20:11:32,530.9399999999999
vegan,Rosemary Alu Paratha (Potato Parathas with Fresh Rosemary),american,41.76,256.51,19.4,2022-10-16,20:11:32,2553.23
vegan,One-Pot Lentils & Rice with Spinach,middle eastern,58.84,235.58,48.83,2022-10-16,20:11:32,2550.9000000000005
vegan,Toni Fiore's Millet Beet Burger,american,47.33,241.3,45.89,2022-10-16,20:11:32,2544.5800000000004
vegan,Smoky Tempeh and Hummus Sandwiches,mediterranean,119.5,247.13,98.81,2022-10-16,20:11:32,3097.41
vegan,Mini nut roasts with candied carrots,american,421.72,1636.67,267.25,2022-10-16,20:11:32,17485.91
vegan,Chickpea Cashew Curry,indian,59.38,196.66,104.83,2022-10-16,20:11:32,2426.78
vegan,Easy Middle Eastern Fried Tomatoes: Jordanian Galayet Bandora,middle eastern,6.26,33.5,55.18,2022-10-16,20:11:38,547.26
vegan,"Whole-Grain Wraps with Quinoa, Beans, and Roasted Veggies",american,126.07,229.3,164.88,2022-10-16,20:11:38,3227.5000000000005
vegan,White Beans with Herbes de Provence,world,29.17,125.36,49.62,2022-10-16,20:11:38,1443.4
vegan,Chickpea Piccata,italian,39.19,142.48,14.77,2022-10-16,20:11:38,1498.1599999999999
vegan,Recipe: Purple Cauliflower Hummus,mediterranean,3.34,19.69,67.86,2022-10-16,20:11:38,462.01
vegan,Instant Pot Vegetarian Chili,american,99.51,330.95,22.49,2022-10-16,20:11:38,3466.5499999999997
vegan,"No-Churn Mango Sherbet (Sorbet, Frozen Yogurt, or Ice Cream!)",american,7.92,125.36,6.46,2022-10-16,20:11:38,1185.76
vegan,Feta Stuffed Eggplant Polpetti,mediterranean,20.16,85.67,20.56,2022-10-16,20:11:38,933.91
vegan,Cinnamon Spiced Nuts,american,94.41,129.09,412.23,2022-10-16,20:11:38,3188.37
vegan,Israeli Couscous Salad,middle eastern,42.92,203.37,40.93,2022-10-16,20:11:38,2165.73
vegan,Cranberry Curry and Mint Cashew Butter,american,9.16,16.16,41.83,2022-10-16,20:11:38,349.4
vegan,Tofu Pesto,asian,49.91,68.57,242.68,2022-10-16,20:11:38,1787.4899999999998
vegan,"Tofu and Kale Salad With Avocado, Grapefruit, and Miso-Tahini Dressing Recipe",mediterranean,46.85,81.27,131.61,2022-10-16,20:11:38,1445.27
vegan,Mediterranean Cabbage Soup,mediterranean,47.06,183.94,31.28,2022-10-16,20:11:38,1968.8200000000002
vegan,Mother's Day Mexican Veggie Burgers,mexican,122.64,405.33,43.13,2022-10-16,20:11:38,4311.05
vegan,"Pasta Sauce, Elevated",italian,63.83,211.59,40.86,2022-10-16,20:11:38,2323.07
vegan,Jackfruit Barbacoa Burrito Bowls,mexican,40.22,496.18,35.97,2022-10-16,20:11:38,4770.38
vegan,Spicy Thai Peanut Kelp Noodle Pad Thai,south east asian,92.67,357.52,68.86,2022-10-16,20:11:45,3863.7999999999997
vegan,Make-Ahead Zucchini and Quinoa Dill Bisque Recipe,french,36.29,102.42,28.8,2022-10-16,20:11:45,1182.14
vegan,Pearl Couscous Chicken Salad with Roasted Asparagus and Herbs,nordic,203.05,397.74,97.26,2022-10-16,20:11:45,4780.9
vegan,Slow-Cooker Creamy Butternut Squash-Apple Soup,french,17.22,204.62,24.8,2022-10-16,20:11:45,2009.66
vegan,Potato Salad with Parsley Pesto,french,24.8,160.68,133.13,2022-10-16,20:11:45,2077.84
vegan,Vietnamese Citrus and Noodle Salad With Fresh Herbs and Fried Yuba (Tofu Skin) Recipe,asian,53.49,256.92,308.86,2022-10-16,20:11:45,3761.6800000000003
vegan,Andrea Nguyen's Saag Soy Paneer,indian,50.48,52.34,95.34,2022-10-16,20:11:45,1054.3400000000001
vegan,Harvest-Stuffed Portobello Mushrooms,mediterranean,86.71,237.42,95.53,2022-10-16,20:11:45,2865.74
vegan,Thai Summer Squash Curry,south east asian,77.15,228.01,65.94,2022-10-16,20:11:45,2624.45
vegan,Stir-Fried Broccoli and Shiitake Mushrooms with Oyster Sauce,mediterranean,23.13,64.29,31.52,2022-10-16,20:11:45,797.21
vegan,Instant Pot Vegetable Soup,italian,45.98,152.64,31.25,2022-10-16,20:11:45,1682.6799999999998
vegan,Stuffed Portobello Mushroom Caps with Roasted Root Vegetable Risotto,italian,57.13,259.37,52.6,2022-10-16,20:11:45,2773.25
vegan,Chickpea Spaghetti With Roasted Vegetables,italian,62.65,351.35,43.49,2022-10-16,20:11:45,3586.71
vegan,Gluten-Free Chocolate-Chip Zucchini Bread Squares Recipe,american,29.52,285.85,115.17,2022-10-16,20:11:45,3151.41
vegan,Black Girl Baking is a Journey in Food Memories Told Through the Senses,american,60.23,403.78,375.91,2022-10-16,20:11:45,5378.58
vegan,Homemade Crunchy Nutella Recipe,american,32.92,349.55,252.31,2022-10-16,20:11:45,4286.87
vegan,Tofu Mexicali Scramble Recipe,asian,63.61,154.85,64.2,2022-10-16,20:11:45,1904.8899999999999
vegan,Green Coconut Zoodle Soup,american,24.81,104.19,130.69,2022-10-16,20:11:45,1559.71
vegan,"Sticky Rice Cake with Coconut, Ginger & Condensed Coconut Milk",south east asian,56.93,434.64,324.66,2022-10-16,20:11:45,5438.12
vegan,Cook the Book: Quinoa with Chimichurri Herbs,south american,27.28,135.59,51.58,2022-10-16,20:11:52,1535.7499999999998
vegan,Quinoacado Tacos with Charred Corn and Fruit Salsa,mexican,42.79,258.64,86.54,2022-10-16,20:11:52,2845.0799999999995
vegan,Summertime Potluck Puttanesca,italian,80.09,424.04,125.3,2022-10-16,20:11:52,4637.92
vegan,The Best Vegetarian Bean Chili Recipe,american,138.0,434.9,67.01,2022-10-16,20:11:52,4734.14
vegan,"Cranberry Orange Cornbread with Orange ""Butter""",american,43.91,543.24,123.1,2022-10-16,20:11:52,5557.2
vegan,Dairy-Free Pumpkin Pie,american,27.39,364.75,119.43,2022-10-16,20:11:52,3870.0299999999997
vegan,Autumn Curry with Pumpkin and Chickpeas,indian,121.86,507.04,158.57,2022-10-16,20:11:52,5685.08
vegan,'Clean Start': Chewy Chocolate Macaroons Recipe,french,23.58,248.33,174.13,2022-10-16,20:11:52,3025.8100000000004
vegan,"Zucchini, Almond, and Mint Soup with Lemony Lentils",french,70.76,141.49,112.43,2022-10-16,20:11:52,2006.17
vegan,Spanish Chickpea Gratin,mediterranean,83.94,288.01,108.84,2022-10-16,20:11:52,3363.2100000000005
vegan,French in a Flash: Parsnip Purée with Olive Oil and Sage,american,12.47,172.38,71.85,2022-10-16,20:11:52,1888.7000000000003
vegan,Easy Walnut Pesto,italian,85.28,44.39,80.87,2022-10-16,20:11:52,1064.1100000000001
vegan,Country-Style Tomato and Cilantro Broth,mediterranean,0.36,1.83,0.1,2022-10-16,20:11:52,18.31
vegan,Quinoa & Sweet Potato Chili,american,58.05,237.62,28.37,2022-10-16,20:11:52,2484.2599999999998
vegan,Quinoa Salad with Roasted Beets and Baby Spinach,american,76.97,301.5,97.26,2022-10-16,20:11:52,3410.42
vegan,Dinner Tonight: Caramelized Tofu with Brussels Sprouts Recipe,asian,29.77,57.5,74.44,2022-10-16,20:11:52,934.34
vegan,Stir-Fried Garlic Eggplant with Ground Pork Recipe,south east asian,29.35,42.31,68.44,2022-10-16,20:11:52,771.95
vegan,Sweet Potato Cake with Cashew Cream Cheese Frosting,american,48.54,390.74,138.94,2022-10-16,20:11:58,4266.58
vegan,Black Bean Corn Tamales,south american,152.27,798.89,84.75,2022-10-16,20:11:58,8138.09
vegan,Pappardelle with Artichoke Chickpea Meatballs,mediterranean,252.44,1115.32,150.17,2022-10-16,20:11:58,11648.32
vegan,Curried Cauliflower Soup with Tamarind Glazed Kabocha Squash and Apple,american,49.51,207.1,47.15,2022-10-16,20:11:58,2250.54
vegan,Citrus Ginger Tofu Salad with Buckwheat Soba Noodles,asian,88.65,188.32,96.04,2022-10-16,20:11:58,2433.64
vegan,Cook the Book: Coconut Rice with Variations,south american,14.84,118.9,44.97,2022-10-16,20:11:58,1309.3400000000001
vegan,Maple Hasselback Butternut Squash Recipe,american,10.25,146.75,18.23,2022-10-16,20:11:58,1434.67
vegan,Fresh Tomato Soup,italian,11.49,61.53,48.05,2022-10-16,20:11:58,791.9300000000001
vegan,Dinner Tonight: Farro Salad with Roasted Kale and Beets Recipe,italian,104.08,384.58,73.85,2022-10-16,20:11:58,4172.94
vegan,Tom Kha Udon Soup With Mushrooms Recipe,south east asian,134.56,719.89,87.81,2022-10-16,20:11:58,7368.49
vegan,Lemon and Saffron Risotto,italian,39.75,341.75,61.86,2022-10-16,20:11:58,3482.19
vegan,Vegetarian Butternut Squash Chili with Black Beans,american,78.55,261.64,35.03,2022-10-16,20:11:58,2809.0799999999995
vegan,Instant Pot Curry,south east asian,53.58,198.48,112.46,2022-10-16,20:11:58,2450.48
vegan,Sweet Potato Soup with Crispy Tortilla Topping,french,92.0,316.83,126.56,2022-10-16,20:11:58,3725.71
vegan,Edamame Gyoza,south east asian,72.45,357.2,30.33,2022-10-16,20:11:58,3625.92
vegan,Raw Harvest Kale Salad,american,13.24,95.77,49.0,2022-10-16,20:11:58,1110.8899999999999
vegan,Rye and Butternut Squash Dressing,american,93.11,546.51,72.18,2022-10-16,20:11:58,5579.75
vegan,Classic Beans and Greens Tacos,mexican,102.35,375.3,101.68,2022-10-16,20:11:58,4193.820000000001
vegan,Spring Vegetarian Cassoulet,french,32.57,148.59,123.4,2022-10-16,20:11:58,1961.19
vegan,Gluten-Free Tuesday: Allergen-free Chocolate Pumpkin Spice Cake,american,26.21,445.66,124.96,2022-10-16,20:12:05,4615.62
vegan,Vegetarian Slow-Cooker Chili Recipe,american,57.47,182.49,20.72,2022-10-16,20:12:05,1955.17
vegan,Rich Roll's Ultra Meatless Tempeh Loaf,american,132.02,238.22,222.53,2022-10-16,20:12:05,3562.18
vegan,French Toast with Blueberry Compote,french,58.55,366.33,222.47,2022-10-16,20:12:05,4421.049999999999
vegan,Whipped Frozen Creamsicle,world,5.17,46.29,24.93,2022-10-16,20:12:05,537.01
vegan,Pandan Khanom Chan (Layered Rice Sweets) Recipe,south east asian,32.01,974.19,55.15,2022-10-16,20:12:05,9116.350000000002
vegan,Recipe: Garlicky Soba Noodle Bowls,asian,38.89,187.15,11.12,2022-10-16,20:12:05,1884.39
vegan,Basic Chili Paste to Replace Chili Powder Recipe,american,22.16,24.7,9.29,2022-10-16,20:12:05,348.1
vegan,"Instant Pot Bengali Red Lentil, Potato, Pea, and Cauliflower Risotto",italian,58.03,232.18,74.27,2022-10-16,20:12:05,2618.8199999999997
vegan,Southwest-Stuffed Sweet Potato Skins,american,83.88,491.68,44.65,2022-10-16,20:12:05,4939.24
vegan,Red Lentil Soup,british,62.77,197.6,24.27,2022-10-16,20:12:05,2126.56
vegan,Vegetarian Gumbo,american,115.35,568.37,92.32,2022-10-16,20:12:05,5946.009999999999
vegan,Slow-Cooker Mediterranean Stew,american,46.14,170.31,56.55,2022-10-16,20:12:05,1943.55
vegan,Tempeh and Eggplant Pot Pies,american,34.58,204.76,101.42,2022-10-16,20:12:05,2386.8399999999997
vegan,"Avocado with Pomegranate Molasses, Tomatoes, Citrus, and Basil",american,11.52,57.04,57.09,2022-10-16,20:12:05,787.8000000000001
vegan,Grilled Cauliflower Steaks with Almond Pesto & Butter Beans,british,111.57,303.83,116.4,2022-10-16,20:12:05,3646.35
vegan,French Caramelized Onion Tart,american,34.83,216.01,134.76,2022-10-16,20:12:05,2622.45
vegan,Sri Lankan braised roots stew & coconut dhal dumplings,american,73.76,361.63,159.57,2022-10-16,20:12:12,4187.99
vegan,curried lentils with sweet potatoes.,indian,89.51,311.47,14.88,2022-10-16,20:12:12,3220.7900000000004
vegan,One-Pot Coconut Milk Curry with Chickpeas,indian,51.92,198.04,128.18,2022-10-16,20:12:12,2502.76
vegan,Zucchini-Chickpea Veggie Burgers with Tahini-Ranch Sauce,mediterranean,67.07,233.11,68.11,2022-10-16,20:12:12,2638.7100000000005
vegan,"Squash, chickpea & coconut curry",indian,61.08,278.25,160.2,2022-10-16,20:12:12,3389.37
vegan,"Gardein ""Chicken"" Scaloppini with Shiitake Sake Sauce, Pea Shoots, and Udon Noodle Cakes",asian,34.07,155.84,189.14,2022-10-16,20:12:12,2295.3999999999996
vegan,Lisa's Delicious 3-Bean Chili,american,117.41,384.6,19.06,2022-10-16,20:12:12,4007.2799999999997
vegan,Matcha Mint Chip Ice Cream,american,15.15,165.73,147.34,2022-10-16,20:12:12,2141.5299999999997
vegan,Tomato and Farro Minestrone,italian,76.22,303.4,23.42,2022-10-16,20:12:12,3129.16
vegan,"Chickpea, Potato, and Spinach Jalfrezi With Cilantro Chutney Recipe",indian,57.59,242.68,57.44,2022-10-16,20:12:12,2644.24
vegan,Midtown Greek Salad,mediterranean,57.49,93.94,130.53,2022-10-16,20:12:12,1597.54
vegan,Flat-Belly Soup,french,42.63,188.44,28.24,2022-10-16,20:12:12,1979.44
vegan,"Charred Corn, Radish, Jicama, and Green Bean Salad With Lime Dressing Recipe",japanese,13.52,81.22,72.01,2022-10-16,20:12:12,1073.1000000000001
vegan,Vegetarian Ghormeh Sabzi for times of plague,mediterranean,151.41,566.8,118.61,2022-10-16,20:12:12,6181.28
vegan,Seitan and Polenta Skillet with Fresh Greens,japanese,161.96,480.09,71.68,2022-10-16,20:12:12,5255.37
vegan,Strawberry Oat Crumble Bars,american,46.72,547.43,158.32,2022-10-16,20:12:12,5747.03
vegan,Sweet Potato & Spinach Dal,central europe,61.47,175.5,31.64,2022-10-16,20:12:12,1951.94
vegan,"Roasted Garlic, White Bean & Kale Pizz'alad",italian,81.4,351.98,63.0,2022-10-16,20:12:12,3745.42
vegan,Cook the Book: Moroccan-Style Braised Vegetables,middle eastern,47.3,150.7,40.81,2022-10-16,20:12:19,1708.74
vegan,Slow-Cooker Vegetarian Tex-Mex Casserole,mexican,76.56,248.92,115.38,2022-10-16,20:12:19,3008.0399999999995
vegan,Greek Style Chickpea soup,mediterranean,99.72,335.36,145.56,2022-10-16,20:12:19,3999.3600000000006
vegan,Roasted Mediterranean Vegetables with Chickpeas,mediterranean,56.91,237.33,42.09,2022-10-16,20:12:19,2531.9700000000003
vegan,Potato Cauliflower Chaat (for an American kitchen),american,50.51,311.9,83.16,2022-10-16,20:12:19,3341.7799999999997
vegan,Pad Thai Redux,south east asian,19.72,132.77,52.76,2022-10-16,20:12:19,1484.85
vegan,Asian-style Cabbage Slaw w/Tofu and Crunchy Ramen,japanese,35.24,95.9,42.98,2022-10-16,20:12:19,1175.98
vegan,Roasted-Carrot Salad With Peanut-Sesame Mole Recipe,italian,36.63,126.8,114.44,2022-10-16,20:12:19,1745.48
vegan,Mushroom-Tofu-Pecan Stuffed Vegetables,american,188.05,220.59,262.31,2022-10-16,20:12:19,3786.75
vegan,Quinoa with Curried Cauliflower & Potatoes,indian,26.99,130.18,67.17,2022-10-16,20:12:19,1548.2600000000002
vegan,Low-Carb Portobello Mushroom Fajitas,mexican,41.49,111.46,148.41,2022-10-16,20:12:19,1762.7399999999998
vegan,Healthy and Delicious: Confetti Quinoa Salad Recipe,south american,105.2,380.79,31.22,2022-10-16,20:12:19,3972.7900000000004
vegan,Pistachio-Crusted Tofu with Red Chimichurri Recipe,asian,69.87,99.93,149.91,2022-10-16,20:12:19,1778.4900000000002
vegan,Baby Artichokes with Lemon and Olive Oil,mediterranean,90.34,307.15,220.77,2022-10-16,20:12:19,4008.79
vegan,"Portobello Mushrooms Stuffed with Spinach, Parmesan and Fennel",mediterranean,88.96,74.56,105.46,2022-10-16,20:12:19,1448.7199999999998
vegan,Chili Lime Black Bean and Quinoa Salad,american,75.94,358.72,75.25,2022-10-16,20:12:19,3833.2400000000007
vegan,Holiday Slow Cooker Veggie Chili,american,126.44,521.3,33.18,2022-10-16,20:12:19,5330.18
vegan,Pumpkin Tiramisu Recipe,italian,62.91,1228.6,366.25,2022-10-16,20:12:19,12774.039999999999
vegan,"Carrot, Ginger, and Basil Soup Recipe",american,35.0,62.3,18.06,2022-10-16,20:12:26,772.9399999999999
vegan,Eat for Eight Bucks: Farro and Cauliflower Salad with Currants Recipe,mediterranean,63.82,237.21,44.88,2022-10-16,20:12:26,2569.69
vegan,"Healthy and Delicious: Shredded Beet, Apple, and Currant Salad with Apple Vinaigrette Recipe",french,8.36,137.62,28.48,2022-10-16,20:12:26,1385.94
vegan,Versatile Lentil Stew,italian,64.06,178.01,50.35,2022-10-16,20:12:26,2059.73
vegan,Spicy Tortilla Crisps with Queso Fundito from 'Salty Snacks',american,54.74,49.59,93.59,2022-10-16,20:12:26,1039.63
vegan,Radishes With Avocado Dip From 'The VB6 Cookbook',american,19.88,71.62,42.65,2022-10-16,20:12:26,894.7
vegan,Simple Kale Salad,american,52.89,93.69,116.43,2022-10-16,20:12:26,1520.49
vegan,Chickpea and Kale Curry,indian,34.63,104.0,98.87,2022-10-16,20:12:26,1470.0
vegan,Meat Lite: Portobello Burgers with Crispy Prosciutto and Arugula Mayo Recipe,mediterranean,85.6,123.67,87.8,2022-10-16,20:12:26,1806.6299999999999
vegan,Slow-Cooker Vegetarian Chili,american,53.11,279.09,7.67,2022-10-16,20:12:26,2754.93
vegan,Gluten-Free Tuesday: Graham Crackers Recipe,american,20.99,344.46,67.13,2022-10-16,20:12:26,3452.62
vegan,Braised Artichokes With Leeks and Peas From 'The New Vegetarian Cooking for Everyone',mediterranean,50.89,224.38,53.68,2022-10-16,20:12:26,2437.7
vegan,Apple Fennel Casserole with a Coconut-Turmeric Twist,italian,5.6,46.5,18.34,2022-10-16,20:12:26,514.26
vegan,Healthy & Delicious: Tabbouleh Salad Recipe,middle eastern,27.75,136.96,57.17,2022-10-16,20:12:26,1572.3200000000002
vegan,Apricot Kuchen,american,71.48,744.37,79.76,2022-10-16,20:12:26,7304.29
vegan,"'The Food Matters Cookbook': Spicy Fried Rice with Bean Sprouts, Chicken, and Peanuts Recipe",south east asian,111.5,337.99,105.43,2022-10-16,20:12:26,3909.63
vegan,French Lentil and Arugula Salad with Herbed Cashew Cheese,french,175.8,371.72,229.85,2022-10-16,20:12:26,4968.08
vegan,Healthy & Delicious: Greek Orzo Salad Recipe,mediterranean,74.66,303.36,108.39,2022-10-16,20:12:33,3462.44
vegan,Sichuan-Style Braised Eggplant With Pickled Chilies and Garlic (Yu Xiang Qie Zi) Recipe,chinese,14.06,79.82,45.68,2022-10-16,20:12:33,957.3399999999999
vegan,Roasted Strawberry Margaritas with Aquafaba Whip,world,38.66,291.21,15.16,2022-10-16,20:12:33,2836.1699999999996
vegan,"Butternut Squash, Kale, and Crunchy Pepitas Taco",american,41.35,123.69,102.21,2022-10-16,20:12:33,1687.45
vegan,Saag Paneer,indian,82.6,88.55,33.27,2022-10-16,20:12:33,1260.4299999999998
vegan,Kolkata Style Chickpea Rolls,american,39.57,203.13,154.75,2022-10-16,20:12:33,2605.45
vegan,The Occasional Vegetarian's Bibimbap,chinese,22.9,185.2,24.96,2022-10-16,20:12:33,1858.2399999999998
vegan,This Roasted Beet Hummus Recipe Can’t Be Beat,mediterranean,45.83,157.32,64.12,2022-10-16,20:12:33,1855.6799999999998
vegan,Persian Eggplant Stew // Khoresh Bademjan,south american,27.57,188.51,59.1,2022-10-16,20:12:33,2043.27
vegan,Healthy and Delicious: Mexican Potato Soup Recipe,mexican,12.18,86.8,1.45,2022-10-16,20:12:33,835.7199999999999
vegan,Michael Natkin's Soba Noodles in Shiitake-Shoyu Broth with Spring Vegetables,japanese,128.8,494.56,102.46,2022-10-16,20:12:33,5376.08
vegan,Shauna James Ahern's Quinoa-Stuffed Peppers,south american,38.4,221.84,93.74,2022-10-16,20:12:33,2525.12
vegan,Braised Eggplant With Tofu in Garlic Sauce Recipe,asian,44.86,102.6,59.6,2022-10-16,20:12:33,1341.24
vegan,Coconut-Mango Rice Noodle Salad,asian,45.56,237.57,135.07,2022-10-16,20:12:33,2860.6499999999996
vegan,Blueberry Mug Cake,american,6.67,61.95,16.73,2022-10-16,20:12:33,651.15
vegan,Recipe: Sesame Ginger Shrimp and Cabbage Stew,chinese,173.09,219.9,75.42,2022-10-16,20:12:33,2973.14
vegan,Pretzel- and Cashew-Crusted Tofu,asian,124.14,587.22,98.82,2022-10-16,20:12:33,6176.820000000001
vegan,Hominy Stew Is Soul-Soothing on a Chilly Fall Morning,american,136.2,62.09,373.84,2022-10-16,20:12:40,2598.9700000000003
vegan,Black Bean and Butternut Squash Chili,american,63.6,221.25,29.06,2022-10-16,20:12:40,2361.89
vegan,Pasta e Fagioli (Pasta and Beans),italian,64.73,230.05,74.06,2022-10-16,20:12:40,2625.6100000000006
vegan,Tofu Bánh Mì,asian,88.99,201.36,131.58,2022-10-16,20:12:40,2694.5200000000004
vegan,Moosewood’s Classic Tofu Burgers,asian,166.91,108.07,215.9,2022-10-16,20:12:40,2503.87
vegan,Beef and Chinese Broccoli Chow Fun Recipe,chinese,127.79,432.09,139.84,2022-10-16,20:12:40,4959.33
vegan,Sara's Green Harissa,mediterranean,5.17,24.8,162.85,2022-10-16,20:12:40,895.28
vegan,Black Bean Tostadas,south american,102.05,538.95,113.14,2022-10-16,20:12:40,5711.31
vegan,Quinoa Fried ‘Rice’,chinese,82.5,226.38,156.54,2022-10-16,20:12:40,2993.58
vegan,Phat Phrik Khing With Tofu and Long Beans (Thai Dry-Curry Stir-Fry) Recipe,south east asian,80.34,179.92,82.62,2022-10-16,20:12:40,2271.12
vegan,Corn and Coconut Salad,american,26.28,185.69,40.05,2022-10-16,20:12:40,1936.53
vegan,Crêpes with Chicken and Morels,mediterranean,106.42,116.25,173.88,2022-10-16,20:12:40,2167.45
vegan,French in a Flash: Campanelle with Eggplant Caviar Recipe,french,76.47,416.03,85.99,2022-10-16,20:12:40,4394.11
vegan,Apple-Chestnut Cornbread Stuffing,american,55.26,424.43,86.48,2022-10-16,20:12:40,4386.83
vegan,Wet Bean Burritos,mexican,136.76,434.28,68.66,2022-10-16,20:12:40,4730.2
vegan,Cook the Book: Pan-Roasted Striped Bass with Tunisian Chickpea Salad and Yogurt Sauce,american,236.43,225.35,203.05,2022-10-16,20:12:40,3786.0699999999997
vegan,"Scooped: Kaffir Lime, Ginger, Star Anise Sorbet Recipe",american,7.39,242.33,2.83,2022-10-16,20:12:46,2221.8500000000004
vegan,A Sweet Potato Burrito Packs Your Morning with Power,mexican,27.38,237.56,30.22,2022-10-16,20:12:46,2368.44
vegan,Sun Dried Tomato Yumballs,south east asian,95.79,135.95,117.94,2022-10-16,20:12:46,2078.4700000000003
vegan,Red Minestrone from 'Stewed',american,36.43,179.27,77.9,2022-10-16,20:12:46,2070.75
vegan,Healthy & Delicious: West African Vegetable Stew Recipe,american,47.57,291.86,27.71,2022-10-16,20:12:46,2927.8600000000006
vegan,Recipe: Roasted Sweet Potato Slices with Cilantro Pesto,italian,39.8,229.88,151.44,2022-10-16,20:12:46,2833.88
vegan,Mother-in-Law's Signature Kimchi from 'The Kimchi Cookbook',south east asian,89.53,150.15,20.36,2022-10-16,20:12:46,1790.9100000000003
vegan,"'Clean Start': Polenta Pizzas with Kale, Chard, and Parsley Pesto Recipe",italian,64.97,448.84,180.1,2022-10-16,20:12:46,5019.839999999999
vegan,Old School French Onion Soup Gratinée,french,187.25,102.14,200.92,2022-10-16,20:12:46,2471.94
vegan,Recipe: Braised Coconut Spinach & Chickpeas with Lemon,american,57.94,161.09,108.55,2022-10-16,20:12:46,2115.77
vegan,"Gluten-Free Tuesday: Dairy-Free, Egg-Free Coconut-Pumpkin Pie Recipe",american,19.46,343.44,141.52,2022-10-16,20:12:46,3734.88
vegan,Recipe: Socca Flatbread with Spring Pesto and Salad,american,85.66,170.49,285.1,2022-10-16,20:12:46,3017.4500000000003
vegan,"Braised Chickpeas and Vegetables with Couscous, Harissa Yogurt, and Soft Eggs from 'Flour, Too'",american,118.52,330.85,107.74,2022-10-16,20:12:46,3882.69
vegan,Veggie Masala Burgers with Cilantro Chutney Aioli,indian,78.08,362.33,365.09,2022-10-16,20:12:46,5033.65
vegan,Curry Noodles With Chicken (Kuai-Tiao Kaeng Sai Kai) From 'Simple Thai Food',south east asian,219.17,398.38,298.2,2022-10-16,20:12:46,5654.900000000001
vegan,"Crispy Fried Spinach with Tomato, Onion, Tamarind, and Yogurt Recipe",american,39.75,149.57,124.56,2022-10-16,20:12:46,2003.37
vegan,Sweet Potato–Chickpea-Quinoa Burgers,south american,122.26,381.65,275.06,2022-10-16,20:12:46,5024.13
vegan,Vegan S'mores,american,6.55,59.48,27.17,2022-10-16,20:12:53,670.2
vegan,Vegan Chocolate Frosting | Vegan Chocolate | Vegetarian Chocolate,american,6.93,227.99,35.67,2022-10-16,20:12:53,2222.3099999999995
vegan,Vegan Candy | Vegan Chocolate | Vegetarian Chocolate,american,77.84,299.39,211.54,2022-10-16,20:12:53,3852.0299999999997
vegan,Vegan Thanksgiving Sandwich,american,34.66,41.97,24.09,2022-10-16,20:12:53,612.73
vegan,Vegan BLT,american,26.6,57.13,55.22,2022-10-16,20:12:53,841.45
vegan,Vegan Campfire Smores,american,26.2,237.91,108.67,2022-10-16,20:12:53,2680.67
vegan,Vegan Chocolate Ganache,american,8.48,114.52,95.53,2022-10-16,20:12:53,1446.7200000000003
vegan,White Pizza {Vegan},italian,72.6,279.01,87.99,2022-10-16,20:12:53,3153.4500000000003
vegan,Vegan Rice Krispie Squares,american,9.04,118.65,35.72,2022-10-16,20:12:53,1246.8900000000003
vegan,Vegan Spinach Balls,american,76.78,159.24,103.72,2022-10-16,20:12:53,2155.1600000000003
vegan,the best vegan cheesecake,american,63.31,346.83,174.07,2022-10-16,20:12:53,4070.99
vegan,Vegan Spaghetti,american,170.62,530.82,117.23,2022-10-16,20:12:53,5928.780000000001
vegan,VEGAN COLESLAW,american,10.9,28.5,38.95,2022-10-16,20:12:53,455.90000000000003
vegan,Vegan Eggnog,american,12.5,61.52,6.74,2022-10-16,20:12:53,630.6400000000001
vegan,Vegan Stuffing,american,48.86,255.15,102.43,2022-10-16,20:12:53,2901.51
vegan,Gluten-free vegan hashbrowns,american,80.01,561.1,457.19,2022-10-16,20:13:00,7198.700000000001
vegan,Vegan Ranch Dressing,american,4.9,13.07,93.73,2022-10-16,20:13:00,512.15
vegan,Smoked Vegan Mac and Cheese,american,144.9,405.77,142.12,2022-10-16,20:13:00,4800.01
vegan,Vegan Eclairs,american,24.67,231.46,65.08,2022-10-16,20:13:00,2442.14
vegan,Vegan Beer Brats,american,315.1,112.22,86.61,2022-10-16,20:13:00,2616.82
vegan,Joey's Vegan Cream Cheese Frosting,american,15.39,115.03,88.13,2022-10-16,20:13:00,1449.35
vegan,Vegan Chocolate Pie,american,19.81,275.17,73.25,2022-10-16,20:13:00,2848.77
vegan,Vegan Eggplant Lasagna,american,47.9,97.41,28.47,2022-10-16,20:13:00,1182.17
vegan,Vegan Cheese Pumpkin,american,117.38,147.3,248.45,2022-10-16,20:13:00,2789.02
vegan,Vegan Coconut Caramel,american,4.63,54.29,77.54,2022-10-16,20:13:00,817.29
vegan,Vegan Cheesy Corn Casserole recipes,american,42.68,350.4,179.88,2022-10-16,20:13:00,4043.8399999999997
vegan,Vegan Pigs in a Blanket,american,25.87,26.58,72.29,2022-10-16,20:13:07,631.86
vegan,Pretzel Dipping Sauces {Vegetarian/Vegan},american,5.53,38.17,30.82,2022-10-16,20:13:07,488.93000000000006
vegan,{Vegan} Homemade Peanut Butter Cups,american,34.86,156.24,112.15,2022-10-16,20:13:07,1994.2000000000003
vegan,Vegan Vanilla Pudding recipes,british,3.6,162.64,33.81,2022-10-16,20:13:07,1613.3999999999999
vegan,Vegan Garlic Butter,american,10.0,5.68,114.04,2022-10-16,20:13:07,547.28
vegan,Vegan Strawberry Freezer Pie,american,12.81,146.64,56.35,2022-10-16,20:13:07,1596.3999999999999
vegan,Mushroom Stroganoff {Vegan},american,18.16,39.22,64.8,2022-10-16,20:13:07,684.8199999999999
vegan,Vegan Pumpkin Pie Cheesecake,american,53.69,369.5,218.47,2022-10-16,20:13:07,4414.14
vegan,Vegan Cherry Pie recipes,american,87.4,1168.14,445.86,2022-10-16,20:13:07,12646.300000000001
vegan,Vegan Jalapeno Poppers,american,21.44,93.99,63.25,2022-10-16,20:13:07,1184.67
vegan,Easy Vegan Artichoke Dip,mediterranean,12.61,24.05,60.55,2022-10-16,20:13:07,509.09
vegan,Vegan Tiramisu,italian,17.4,89.84,80.29,2022-10-16,20:13:07,1199.3200000000002
vegan,Vegan Creamed Spinach,american,36.05,57.08,38.48,2022-10-16,20:13:07,811.84
vegan,Vegan Aioli,american,10.34,20.64,38.41,2022-10-16,20:13:07,380.76
vegan,Vegan Toffee Squares recipes,british,37.17,459.92,196.03,2022-10-16,20:13:07,5072.08
vegan,Vegan Cheese Enchiladas,american,86.0,180.46,97.22,2022-10-16,20:13:07,2357.02
vegan,Vegan vegetable pizza,italian,48.03,106.56,47.69,2022-10-16,20:13:13,1341.9199999999998
vegan,Fancy Vegan Sausage Rolls,american,40.01,27.86,97.86,2022-10-16,20:13:13,802.22
vegan,NO-BAKE VEGAN CHEESECAKE,american,9.43,152.64,150.35,2022-10-16,20:13:13,2012.8799999999997
vegan,Vegan “Egg” Mayo,american,38.26,12.77,49.9,2022-10-16,20:13:13,467.56999999999994
vegan,Butternut Squash and Spinach Lasagna (Vegan),italian,114.38,356.37,130.93,2022-10-16,20:13:13,4188.57
vegan,Vegan Baileys Truffles,american,16.69,137.19,298.32,2022-10-16,20:13:13,2494.75
vegan,Vegan Mocha Latte,american,5.27,17.74,43.43,2022-10-16,20:13:13,354.46000000000004
vegan,Vegan Eggnog Martini,world,1.32,11.41,1.27,2022-10-16,20:13:13,113.05
vegan,"Vegan Sausage, Kale, Dijon & Sesame Ba",american,32.25,64.16,22.55,2022-10-16,20:13:13,796.64
vegan,Vegan Tiramisu,american,5.78,30.64,40.05,2022-10-16,20:13:13,459.08
vegan,Vegan Kale Pesto Gnocchi,american,40.87,187.62,41.62,2022-10-16,20:13:13,2018.54
vegan,Vegan Apple Betty,american,16.14,360.76,60.46,2022-10-16,20:13:13,3553.2400000000002
vegan,Vegan Russian Dressing,american,28.43,199.03,78.89,2022-10-16,20:13:13,2220.55
vegan,Vegan Cream Cheese Frosting,american,7.3,246.7,84.86,2022-10-16,20:13:13,2588.9399999999996
vegan,Fries Supreme Vegan recipes,american,73.88,138.47,106.78,2022-10-16,20:13:13,1968.87
vegan,Vegan Creamed Spinach Phyllo Tart,american,37.19,110.15,134.27,2022-10-16,20:13:13,1677.19
vegan,Vegan Pecan Pie,american,39.45,316.43,215.21,2022-10-16,20:13:20,3866.51
vegan,Vegan Pizza Snacks,american,85.06,73.15,89.7,2022-10-16,20:13:20,1357.39
vegan,Vegan Peppermint Patties,american,14.54,544.16,129.8,2022-10-16,20:13:20,5474.799999999999
vegan,Unbelievable Vegan Mashed Potatoes,american,23.17,144.98,35.42,2022-10-16,20:13:20,1539.18
vegan,Vegan Sweet Noodle Kugel,asian,83.08,340.35,162.71,2022-10-16,20:13:20,4046.3100000000004
vegan,Vegan Champagne Truffles,american,36.43,187.43,149.5,2022-10-16,20:13:20,2430.59
vegan,Animal-Style Patty Melts (Vegan),american,70.0,50.08,167.2,2022-10-16,20:13:20,1399.52
vegan,Vegan Kale Caesar Salad,american,18.09,31.38,9.93,2022-10-16,20:13:20,394.5
vegan,Vegan Gravy,american,2.71,39.3,13.89,2022-10-16,20:13:20,420.09999999999997
vegan,Vegan Chocolate Gingerbread Bourbon Balls,american,47.1,482.04,216.53,2022-10-16,20:13:20,5392.88
vegan,Vegan Cheesecake,american,81.6,408.57,249.34,2022-10-16,20:13:20,5000.89
vegan,Vegan Pecan Crusted Toffee Bites,american,55.15,401.71,518.46,2022-10-16,20:13:20,5909.83
vegan,Vegan French Onion Dip,american,26.35,71.65,38.96,2022-10-16,20:13:20,906.09
vegan,Vegan Jambalaya,american,75.39,241.05,53.46,2022-10-16,20:13:27,2684.8500000000004
vegan,Vegan Chanterelle Quiche,french,43.26,200.51,30.65,2022-10-16,20:13:27,2100.23
vegan,Vegan BLT Sandwich,american,21.41,32.94,51.84,2022-10-16,20:13:27,589.46
vegan,Vegan Grits,american,3.98,41.13,28.01,2022-10-16,20:13:27,498.13000000000005
vegan,Ultimate Loaded Grilled Vegan BLT,american,46.21,92.01,60.29,2022-10-16,20:13:27,1254.0900000000001
vegan,Vegan Spaghetti,american,53.89,268.55,54.49,2022-10-16,20:13:27,2850.4700000000003
vegan,Vegan Herb Butter,american,0.73,1.97,109.17,2022-10-16,20:13:27,457.33
vegan,Vegan Sabzi Polow,american,80.49,533.39,49.0,2022-10-16,20:13:27,5318.47
vegan,Vegan Caesar Dressing,american,3.69,7.89,174.62,2022-10-16,20:13:27,784.25
vegan,Frosted Vegan Cinnamon Rolls,american,23.15,531.0,68.82,2022-10-16,20:13:27,5146.88
vegan,Vegan Scallops with King Oyster Mushrooms,american,16.08,37.24,86.97,2022-10-16,20:13:27,747.36
vegan,Vegan Coleslaw,american,12.89,49.08,58.2,2022-10-16,20:13:27,726.0799999999999
vegan,Vegan Meatball Bahn Mi,american,315.67,284.3,149.4,2022-10-16,20:13:27,4418.9800000000005
vegan,Vegan-friendly Chocolate Bites,american,27.1,176.27,136.12,2022-10-16,20:13:27,2239.3100000000004
vegan,Strawberry Rhubarb Jam {Vegan},american,2.48,155.82,22.73,2022-10-16,20:13:34,1503.22
vegan,Vegan Cafe Corn Chowder,american,27.46,269.14,100.24,2022-10-16,20:13:34,2933.06
vegan,Easy Vegan Brownies,french,39.69,294.28,191.92,2022-10-16,20:13:34,3574.9599999999996
vegan,Zesty Vegan Italian Casserole,american,81.37,88.44,166.22,2022-10-16,20:13:34,1786.3200000000002
vegan,Strawberry Rhubarb Jam {Vegan},american,2.48,155.82,22.73,2022-10-16,20:13:34,1503.22
vegan,Vegan Macaroni Salad,american,30.26,177.35,66.65,2022-10-16,20:13:34,1983.79
vegan,Vegan Parmesan-Crusted Cauliflower Wings,american,56.28,65.62,90.77,2022-10-16,20:13:34,1178.78
vegan,Vegan Spice Cake,american,34.4,551.66,193.42,2022-10-16,20:13:34,5876.22
vegan,Fudgy Vegan Brownies,french,28.65,364.77,168.68,2022-10-16,20:13:34,4072.25
vegan,Vegan Spinach Pinwheels recipes,american,44.84,59.62,60.33,2022-10-16,20:13:34,957.26
vegan,Vegan Noodle Kugel recipes,asian,60.29,469.33,108.76,2022-10-16,20:13:34,4900.17
vegan,Strawberry Rhubarb Jam {Vegan},american,2.48,155.82,22.73,2022-10-16,20:13:40,1503.22
vegan,Vegan Cafe Corn Chowder,american,27.46,269.14,100.24,2022-10-16,20:13:40,2933.06
vegan,Easy Vegan Brownies,french,39.69,294.28,191.92,2022-10-16,20:13:40,3574.9599999999996
vegan,Zesty Vegan Italian Casserole,american,81.37,88.44,166.22,2022-10-16,20:13:40,1786.3200000000002
vegan,Strawberry Rhubarb Jam {Vegan},american,2.48,155.82,22.73,2022-10-16,20:13:40,1503.22
vegan,Vegan Macaroni Salad,american,30.26,177.35,66.65,2022-10-16,20:13:40,1983.79
vegan,Vegan Parmesan-Crusted Cauliflower Wings,american,56.28,65.62,90.77,2022-10-16,20:13:40,1178.78
vegan,Vegan Spice Cake,american,34.4,551.66,193.42,2022-10-16,20:13:40,5876.22
vegan,Fudgy Vegan Brownies,french,28.65,364.77,168.68,2022-10-16,20:13:40,4072.25
vegan,Vegan Spinach Pinwheels recipes,american,44.84,59.62,60.33,2022-10-16,20:13:40,957.26
vegan,Vegan Noodle Kugel recipes,asian,60.29,469.33,108.76,2022-10-16,20:13:40,4900.17
keto,Keto Fat Bombs,american,49.19,79.78,264.4,2022-10-16,17:58:03,1972.3799999999999
keto,Keto Egg Bites Recipe,american,92.86,16.19,86.51,2022-10-16,17:58:03,863.19
keto,Keto Key Lime Mousse,american,27.49,23.58,177.43,2022-10-16,17:58:03,1031.9
keto,Keto Peanut Butter Squares,american,130.0,507.48,362.36,2022-10-16,17:58:03,6536.76
keto,"YOGURT RICE, REINVENTED THE KETO WAY!",mediterranean,21.23,34.78,27.74,2022-10-16,17:58:03,508.9
keto,Keto Chicken Pot Pie Casserole Recipe,american,183.07,66.95,330.43,2022-10-16,17:58:03,2656.55
keto,Chocolate Mousse (Paleo! Keto!),french,20.23,126.01,153.36,2022-10-16,17:58:03,1828.4500000000003
keto,Low-Carb Cloud Bread,american,21.42,4.95,29.16,2022-10-16,17:58:03,246.87
keto,Cheesy Chaffle Sandwiches with Avocado & Bacon,american,118.4,41.7,171.12,2022-10-16,17:58:03,1533.38
keto,SF/GF Orange & Clove Olive Oil Cake (Low-Carb/Keto Friendly),british,74.1,68.95,411.47,2022-10-16,17:58:03,2562.83
keto,Zucchini Noodles with Spicy Meatballs Recipe,asian,57.79,39.1,86.53,2022-10-16,17:58:03,929.1800000000001
keto,Cauliflower Rice Recipe,south east asian,21.07,60.61,42.28,2022-10-16,17:58:03,798.89
keto,Pesto Shrimp Skewers,italian,17.98,12.66,19.42,2022-10-16,17:58:03,263.54
keto,Keto Everything Bagel Chicken,american,214.84,17.29,140.76,2022-10-16,17:58:10,1578.01
keto,Keto Chocolate Cake,american,145.06,455.76,576.59,2022-10-16,17:58:10,6988.4400000000005
keto,Celery Leaf & Fennel Poached Salmon,nordic,32.41,17.25,24.49,2022-10-16,17:58:10,382.84999999999997
keto,Keto Taco Casserole,italian,264.06,32.98,358.49,2022-10-16,17:58:10,2787.02
keto,Keto Burger Stuffed Onions,american,104.16,50.23,172.2,2022-10-16,17:58:10,1557.51
keto,Keto Tuna Melt Bites,american,115.3,11.02,160.48,2022-10-16,17:58:10,1202.3
keto,Keto Dogs,american,175.33,76.24,384.92,2022-10-16,17:58:10,2927.16
keto,Keto Taquitos,mexican,166.99,30.53,217.99,2022-10-16,17:58:10,1814.69
keto,Keto Meatballs,american,125.59,78.78,147.26,2022-10-16,17:58:10,1800.42
keto,Keto Crunchwrap,american,205.38,54.38,343.99,2022-10-16,17:58:10,2686.9
keto,Keto Chili,american,184.02,64.82,222.02,2022-10-16,17:58:16,2207.54
keto,Keto Tortilla Chips,american,75.52,29.82,106.27,2022-10-16,17:58:16,995.54
keto,Keto Chocolate Truffles,american,22.41,113.66,110.0,2022-10-16,17:58:16,1552.58
keto,Keto Bacon Sushi,japanese,35.01,42.21,137.85,2022-10-16,17:58:16,1071.33
keto,Keto Egg Salad,american,89.52,26.35,153.53,2022-10-16,17:58:16,1209.35
keto,Keto Sausage Puffs,american,133.15,30.15,278.75,2022-10-16,17:58:16,1918.95
keto,Rosemary Keto Crackers,american,91.17,88.91,176.7,2022-10-16,17:58:16,1871.6699999999998
keto,Keto Garlic Bread,american,50.71,24.36,81.73,2022-10-16,17:58:16,749.0
keto,Keto Breaded Shrimp,mediterranean,152.34,12.96,142.33,2022-10-16,17:58:16,1295.3200000000002
keto,Keto Cloud Bread,american,27.49,12.15,39.9,2022-10-16,17:58:16,378.90999999999997
keto,Keto Stuffed Peppers,american,163.23,67.97,218.55,2022-10-16,17:58:16,2138.8500000000004
keto,Keto Taco Cups,mexican,137.32,27.53,192.25,2022-10-16,17:58:16,1566.05
keto,Keto Beef Stew,french,231.53,51.85,78.22,2022-10-16,17:58:16,1705.65
keto,Keto Stuffed Cabbage,mediterranean,145.97,45.22,218.91,2022-10-16,17:58:16,1866.5
keto,Keto Chicken Potpie,american,238.42,116.44,365.53,2022-10-16,17:58:16,3463.7599999999998
keto,Zucchini Cheesy Bread,mediterranean,121.69,76.34,105.89,2022-10-16,17:58:16,1597.38
keto,Keto Shepherd's Pie,american,143.91,63.05,224.7,2022-10-16,17:58:16,2041.8899999999999
keto,Keto Burger Fat Bombs,american,94.75,12.94,142.06,2022-10-16,17:58:23,1063.7
keto,Keto Garlic Butter Salmon,nordic,107.18,4.77,116.69,2022-10-16,17:58:23,938.4100000000001
keto,Best-Ever Keto Tortillas,mexican,35.92,44.49,64.82,2022-10-16,17:58:23,803.37
keto,Keto Chicken Parm Pizza,italian,132.9,13.32,79.22,2022-10-16,17:58:23,968.36
keto,Keto Corned Beef & Cabbage,eastern europe,244.44,56.91,286.48,2022-10-16,17:58:23,2635.87
keto,Best-Ever Keto Quesadillas,mexican,275.81,42.37,348.36,2022-10-16,17:58:23,2878.01
keto,Keto Sugar-Free Cheesecake,american,93.56,114.96,479.12,2022-10-16,17:58:23,3325.3599999999997
keto,Spaghetti Squash Cheesy Bread,italian,117.11,83.6,119.8,2022-10-16,17:58:23,1700.04
keto,Keto Broccoli Cheddar Soup,american,68.77,52.09,150.23,2022-10-16,17:58:23,1344.81
keto,Bacon-Wrapped Keto Meatloaf,american,234.84,39.35,330.09,2022-10-16,17:58:23,2613.87
keto,Cauliflower Taco Bake,italian,280.65,50.7,450.6,2022-10-16,17:58:23,3381.3
keto,Keto Bacon and Cheese Biscuits,american,126.35,51.37,283.52,2022-10-16,17:58:23,2101.81
keto,Meatball Zucchini Boats,italian,153.1,74.7,177.63,2022-10-16,17:58:23,1995.22
keto,Keto Creamy Cheddar Bacon Chicken,french,319.46,31.24,294.22,2022-10-16,17:58:23,2735.88
keto,Keto Peanut Butter Cup Fat Bombs,british,69.74,426.21,264.2,2022-10-16,17:58:23,5171.65
keto,Keto Bolognese,italian,137.31,96.81,149.41,2022-10-16,17:58:30,2018.17
keto,Keto Jalapeño Popper Stuffed Burgers,french,134.96,326.88,162.47,2022-10-16,17:58:30,4131.64
keto,Custard Keto Donuts,american,37.15,92.23,182.83,2022-10-16,17:58:30,1709.9900000000002
keto,Keto Ketchup Recipe,italian,8.33,42.04,1.01,2022-10-16,17:58:30,415.72
keto,"Blueberry Donut Holes (Keto, Paleo, Vegan)",american,41.52,121.43,114.45,2022-10-16,17:58:30,1716.75
keto,Keto Broccoli Casserole,american,90.44,45.17,347.03,2022-10-16,17:58:30,2156.41
keto,Keto Salad Dressing,american,14.04,2.67,29.15,2022-10-16,17:58:30,196.79
keto,Keto Chocolate Chip Toffee,british,10.45,258.87,148.46,2022-10-16,17:58:30,2965.4700000000003
keto,Chocolate Peanut Butter Fat Bombs (Keto) recipes,french,31.3,84.19,177.1,2022-10-16,17:58:30,1591.31
keto,(Salted Caramel!) Pecan Keto Turtle Candy,american,16.65,62.95,111.16,2022-10-16,17:58:30,1077.79
keto,Keto Mixed Green Spring Salad recipes,south east asian,18.26,7.44,61.26,2022-10-16,17:58:30,385.03999999999996
keto,Vegetarian Keto Burgers recipes,american,34.76,54.1,62.81,2022-10-16,17:58:30,877.1800000000001
keto,Keto Crab Dip,american,47.21,7.99,89.28,2022-10-16,17:58:30,617.87
keto,Keto Vegan Peanut Butter Eggs | Blog,american,150.29,471.7,382.7,2022-10-16,17:58:30,6377.26
keto,Keto Salmon Poke Bowl,nordic,52.64,22.77,84.28,2022-10-16,17:58:36,752.61
keto,Keto Almond Butter Fudge Cups,british,41.17,103.31,317.19,2022-10-16,17:58:36,2363.23
keto,Keto Crack Coffee,american,1.8,17.86,24.88,2022-10-16,17:58:36,267.46
keto,Juicy Keto Oven Baked Ribs Recipe,american,413.71,62.77,380.04,2022-10-16,17:58:36,3739.9300000000003
keto,Keto Crepes recipes,french,39.16,37.06,57.48,2022-10-16,17:58:36,720.1
keto,Keto Pepper Steak,american,54.18,23.45,24.95,2022-10-16,17:58:36,527.5699999999999
keto,Air Fried Keto Thai Chili Cauliflower Bites,american,23.02,51.98,59.55,2022-10-16,17:58:36,798.0999999999999
keto,Keto Chocolate Cake recipes,american,42.08,384.28,102.22,2022-10-16,17:58:36,4035.72
keto,Easy Keto Berry Side Salad,american,13.07,14.86,21.18,2022-10-16,17:58:36,270.74
keto,Healthy Keto Shamrock Shake,american,9.02,51.03,48.16,2022-10-16,17:58:36,687.99
keto,Classic Keto Eggs Benedict Recipe,french,80.04,69.54,216.85,2022-10-16,17:58:36,1813.42
keto,Pulled Pork Keto Stuffed Mushrooms,american,66.88,54.19,99.83,2022-10-16,17:58:36,1154.55
keto,Keto Cheddar Bay Biscuits and Bacon Butter,american,118.99,49.71,352.89,2022-10-16,17:58:36,2334.91
keto,Keto BBQ Liver Meatballs,american,101.05,132.42,112.01,2022-10-16,17:58:36,2044.02
keto,Coffee Rubbed Steak (Paleo + Keto),american,93.25,17.35,37.13,2022-10-16,17:58:43,677.67
keto,Keto Collagen Chocolate Peanut Butter Mousse,american,48.19,119.65,234.69,2022-10-16,17:58:43,2208.37
keto,Keto Philly Cheesesteak Pizza,italian,229.51,354.47,245.24,2022-10-16,17:58:43,5089.2300000000005
keto,Keto Meatballs alla Parmigiana,italian,208.71,39.45,232.99,2022-10-16,17:58:43,2121.8500000000004
keto,Keto Loaded Egg Salad,american,120.99,22.48,258.43,2022-10-16,17:58:43,1720.0
keto,"Turmeric Chicken Skillet (Paleo, Whole30 + Keto)",mediterranean,168.36,218.61,79.87,2022-10-16,17:58:43,2960.4100000000003
keto,"Keto and Gluten-Free Spinach, Feta, and Tomato Wraps for Two",mediterranean,33.52,26.78,42.5,2022-10-16,17:58:43,545.1
keto,"One Pan Mediterranean Chicken Skillet (Paleo, Whole30 + Keto)",mediterranean,260.71,74.84,46.11,2022-10-16,17:58:43,1900.8400000000001
keto,"Low Carb Pumpkin French Toast Bake (Keto, Grain Free, Sugar Free)",french,60.86,237.65,154.36,2022-10-16,17:58:43,2999.73
keto,"Blueberry cream cheese low-carb, Keto filling",american,14.57,31.47,78.15,2022-10-16,17:58:43,654.11
keto,Sara Louise's Keto Tuna Melt On A Log,american,180.96,46.92,145.47,2022-10-16,17:58:43,1728.0
keto,Taco Stuffed Bell Peppers (Whole30 + Keto),mexican,112.86,365.36,96.42,2022-10-16,17:58:43,4125.360000000001
keto,Keto Hash Browns with Grated Radishes,american,15.06,43.85,71.71,2022-10-16,17:58:43,741.73
keto,Keto Chicken and Broccoli Alfredo Bake,italian,218.7,94.24,140.6,2022-10-16,17:58:43,2285.36
keto,Keto Stuffed Chicken Breast Recipe,mediterranean,85.75,31.59,170.38,2022-10-16,17:58:43,1308.83
keto,Creamy Keto Meatballs and Slaw,american,256.2,79.15,384.89,2022-10-16,17:58:43,3276.71
keto,"Low carb, keto friendly buffalo chicken meatballs",american,115.64,9.41,95.36,2022-10-16,17:58:49,928.69
keto,Keto Double Chocolate Chip Mug Cake,american,14.01,39.76,35.37,2022-10-16,17:58:49,555.36
keto,Classic Deviled Eggs,french,76.19,8.31,153.07,2022-10-16,17:58:49,991.8299999999999
keto,Sugar Free Maple Almond Fudge Fat Bomb,american,26.69,36.97,142.62,2022-10-16,17:58:49,1009.97
keto,Raspberry Chocolate Chip Magic Squares,american,21.98,189.39,186.6,2022-10-16,17:58:49,2538.83
keto,Mango Popsicles,american,27.85,88.59,53.01,2022-10-16,17:58:49,1120.75
keto,Thai River Noodles with Chicken (Pad See Ew),south east asian,262.88,767.83,35.73,2022-10-16,17:58:49,8104.91
keto,Spicy Pulled Pork Lettuce Wraps recipes,american,117.2,9.28,73.87,2022-10-16,17:58:49,847.8000000000001
keto,Sambal Oelek,caribbean,1.87,11.05,0.44,2022-10-16,17:58:49,108.69000000000001
keto,Titanic Stuffed Marrow Farci,italian,34.09,75.25,73.94,2022-10-16,17:58:49,1109.37
keto,Keto ciabatta with keto toppings,italian,67.62,30.0,143.76,2022-10-16,17:58:49,1115.52
keto,Low Carb Pasta a la Carbonara recipes,italian,49.4,14.58,88.64,2022-10-16,17:58:49,683.38
keto,Low Carb Pepperoni Pizza Meatballs (Gluten,italian,146.41,34.31,207.44,2022-10-16,17:58:49,1724.19
keto,Butternut Squash Mac and Cheese,american,116.54,100.72,190.88,2022-10-16,17:58:49,2136.16
keto,Keto pizza,italian,28.1,24.98,20.21,2022-10-16,17:58:56,418.06000000000006
keto,Keto Mousse,french,25.2,31.84,205.74,2022-10-16,17:58:56,1210.3200000000002
keto,Keto Cheesecake,american,121.6,142.87,563.86,2022-10-16,17:58:56,4027.67
keto,Keto Pizza,italian,91.26,49.34,162.22,2022-10-16,17:58:56,1457.98
keto,Scalloped Cabbage,french,73.91,74.89,139.84,2022-10-16,17:58:56,1529.01
keto,Cucumber Radish Salad,south american,4.39,21.65,54.75,2022-10-16,17:58:56,431.40999999999997
keto,Keto Tortillas,mexican,33.86,39.85,65.7,2022-10-16,17:58:56,756.8900000000001
keto,Garlic Shrimp with Zucchini Noodles,asian,67.66,212.8,40.87,2022-10-16,17:58:56,2349.32
keto,Keto Flan,mediterranean,26.5,17.99,121.35,2022-10-16,17:58:56,753.31
keto,Keto Flappers,american,54.66,39.12,80.76,2022-10-16,17:58:56,893.76
keto,Paleo Vegan Chocolate Chia Seed Pudding,british,13.07,31.71,15.51,2022-10-16,17:58:56,399.71
keto,Low-Carb Roasted Pumpkin Spice Pecans,american,18.5,33.1,170.41,2022-10-16,17:58:56,1053.54
keto,Keto Lasagna,italian,215.67,55.1,246.82,2022-10-16,17:58:56,2345.8599999999997
keto,Keto Meatloaf,american,152.26,15.98,131.28,2022-10-16,17:58:56,1277.98
keto,Keto Roti,american,10.49,19.64,6.35,2022-10-16,17:58:56,244.12
keto,Keto Onigiri,nordic,51.46,29.37,68.14,2022-10-16,17:59:03,742.73
keto,Keto Vinaigrette,french,1.72,7.79,162.12,2022-10-16,17:59:03,725.47
keto,Keto Chili,american,226.36,100.88,353.17,2022-10-16,17:59:03,3226.04
keto,Keto chili,american,155.73,45.43,34.82,2022-10-16,17:59:03,1171.07
keto,Keto Meatloaf,american,220.66,106.85,330.59,2022-10-16,17:59:03,3166.6499999999996
keto,Keto Waffles,mediterranean,33.53,25.78,75.41,2022-10-16,17:59:03,667.78
keto,Keto Hashbrowns,american,31.03,15.4,33.51,2022-10-16,17:59:03,396.76
keto,Keto Gnocchi,italian,12.28,8.66,10.59,2022-10-16,17:59:03,169.42000000000002
keto,Keto Waffles,mediterranean,34.05,25.78,127.4,2022-10-16,17:59:03,877.82
keto,Keto Moussaka,mediterranean,145.21,116.99,297.39,2022-10-16,17:59:03,2823.31
keto,Instant Pot Beef and Broccoli,french,155.16,73.22,110.52,2022-10-16,17:59:03,1721.6999999999998
keto,Keto Chili,american,221.88,120.27,56.6,2022-10-16,17:59:03,2196.35
keto,Keto bread from Keto connect recipe,american,162.14,921.24,86.36,2022-10-16,17:59:03,9285.16
keto,Keto Bagels,american,53.48,39.05,87.62,2022-10-16,17:59:03,915.85
keto,Keto Quesadillas,mexican,97.96,95.68,150.46,2022-10-16,17:59:03,1854.8000000000002
keto,Keto Crepes,mediterranean,65.09,22.34,207.96,2022-10-16,17:59:10,1293.26
keto,Keto Bagels,eastern europe,111.83,49.08,180.49,2022-10-16,17:59:10,1611.0
keto,Chocolate Lava Cakes,american,18.22,50.69,80.62,2022-10-16,17:59:10,851.5699999999999
keto,Keto Steak,italian,90.75,0.94,87.86,2022-10-16,17:59:10,722.9
keto,Keto Meatballs,american,148.81,15.9,58.97,2022-10-16,17:59:10,974.22
keto,Keto Lasagna,italian,170.08,34.75,109.11,2022-10-16,17:59:10,1429.51
keto,Keto Waffles,central europe,24.18,19.04,141.86,2022-10-16,17:59:10,835.52
keto,Keto~Mayo,mediterranean,7.82,1.24,224.41,2022-10-16,17:59:10,940.0799999999999
keto,Keto Pizza,italian,135.0,67.2,173.37,2022-10-16,17:59:10,1838.2800000000002
keto,Keto Bread,american,8.06,7.16,45.79,2022-10-16,17:59:10,279.84000000000003
keto,Keto Chili,american,192.56,71.15,257.12,2022-10-16,17:59:10,2439.07
keto,Keto Chili,american,168.47,49.71,211.85,2022-10-16,17:59:10,1968.67
keto,Keto Frittata,italian,95.83,26.91,120.55,2022-10-16,17:59:16,1107.71
keto,Keto Chili,american,320.69,157.71,399.98,2022-10-16,17:59:16,4302.07
keto,Fat Burning Deviled Eggs,mediterranean,33.09,13.35,54.99,2022-10-16,17:59:16,472.47
keto,Spooky Halloween Blackberry Jelly Bats,american,59.59,23.29,1.15,2022-10-16,17:59:16,452.57000000000005
keto,Keto Sausage Balls,american,162.23,43.18,273.12,2022-10-16,17:59:16,2130.02
keto,Cauliflower Chicken Fried Rice,chinese,136.76,50.43,89.11,2022-10-16,17:59:16,1357.35
keto,Keto Cauliflower Bake,american,65.77,36.13,180.24,2022-10-16,17:59:23,1309.21
keto,Keto Creme Brulee,french,18.35,20.2,190.42,2022-10-16,17:59:23,1016.8799999999999
keto,Keto Chia Pudding,british,34.45,38.45,18.68,2022-10-16,17:59:23,558.57
keto,Cabbage~Brussel Sprout Slaw,central europe,3.18,23.75,94.74,2022-10-16,17:59:23,605.43
keto,Keto Condensed Milk,american,3.48,11.42,141.73,2022-10-16,17:59:23,683.62
keto,Keto hamburger hash,american,159.34,26.84,65.4,2022-10-16,17:59:23,1140.52
keto,Keto Whipped Cream,french,4.88,18.88,88.06,2022-10-16,17:59:23,541.6800000000001
keto,Keto Margaritas recipes,world,0.47,7.08,0.13,2022-10-16,17:59:23,66.11999999999999
keto,Keto Garlic Chicken,american,278.5,37.38,202.14,2022-10-16,17:59:23,2258.98
keto,Keto Nacho Crisps,mexican,40.88,3.16,57.38,2022-10-16,17:59:23,421.48
keto,Keto Pumpkin Bake,american,43.45,48.79,98.11,2022-10-16,17:59:23,1005.3500000000001
keto,Chocolate Truffles,french,97.43,199.83,317.72,2022-10-16,17:59:23,3459.07
keto,Keto bounty balls,american,5.95,71.26,101.43,2022-10-16,17:59:23,1070.8600000000001
keto,Keto Deviled Eggs,american,48.84,3.52,60.07,2022-10-16,17:59:23,467.32000000000005
keto,Keto Cheesecake recipes,british,63.55,32.56,264.45,2022-10-16,17:59:29,1605.04
keto,Keto Beef Enchiladas,american,309.41,42.76,360.05,2022-10-16,17:59:29,3062.6800000000003
keto,Keto Coconut Shrimp,mediterranean,94.21,63.27,198.81,2022-10-16,17:59:29,1741.51
keto,Keto Lemon Bars,american,43.31,37.35,150.99,2022-10-16,17:59:29,1113.3500000000001
keto,Keto Zuppa Toscana,italian,129.91,60.36,288.78,2022-10-16,17:59:29,2218.0
keto,Keto Lava Cake,italian,7.98,10.31,11.61,2022-10-16,17:59:29,171.15
keto,Keto Chicken Parmesan,american,251.06,28.09,173.88,2022-10-16,17:59:29,1952.57
keto,Keto Deviled Eggs,italian,38.0,8.02,51.08,2022-10-16,17:59:29,428.5
keto,Keto Noodles Recipe,asian,79.74,13.36,115.28,2022-10-16,17:59:29,900.3199999999999
keto,Cajun Keto Crackers,american,114.88,28.39,160.4,2022-10-16,17:59:29,1356.63
keto,Keto Pumpkin Soup,american,29.99,78.79,135.78,2022-10-16,17:59:29,1372.19
keto,Keto Pizza Crust,italian,63.02,33.96,51.77,2022-10-16,17:59:29,764.8000000000001
keto,Keto Peppermint Mocha,american,2.07,4.72,1.19,2022-10-16,17:59:29,55.519999999999996
keto,Keto Chicken Salad,mexican,56.25,43.55,149.58,2022-10-16,17:59:29,1215.27
keto,Lemonade Chicken,american,373.62,18.7,43.71,2022-10-16,17:59:29,1837.62
keto,Keto Vanilla Pudding,british,15.8,23.68,112.3,2022-10-16,17:59:36,725.52
keto,Keto Cheesy Eggs,american,43.94,3.04,96.5,2022-10-16,17:59:36,589.12
keto,Keto Crescent Dogs,american,166.49,34.93,267.99,2022-10-16,17:59:36,2052.29
keto,Keto Egg Salad,american,21.8,2.06,17.74,2022-10-16,17:59:36,176.7
keto,Keto BLT Bites,american,62.15,43.66,73.72,2022-10-16,17:59:36,936.42
keto,Keto Cheese Meatballs,american,118.08,6.55,131.91,2022-10-16,17:59:36,1058.9099999999999
keto,Keto Avocado Fries,american,93.17,66.17,168.71,2022-10-16,17:59:36,1643.0500000000002
keto,Keto Sausage Balls,eastern europe,119.73,14.14,193.29,2022-10-16,17:59:36,1379.3400000000001
keto,Keto Pumpkin Bread,american,28.78,31.33,113.55,2022-10-16,17:59:36,851.29
keto,Keto Sriracha Mayo,south east asian,0.22,3.83,178.0,2022-10-16,17:59:36,747.35
keto,Keto Avocado Dip,caribbean,11.03,59.95,59.43,2022-10-16,17:59:36,821.3900000000001
keto,Keto Orange Creamsicles,american,4.88,48.22,88.06,2022-10-16,17:59:36,805.74
keto,Keto Crustless Quiche,french,145.52,23.95,286.14,2022-10-16,17:59:43,1942.19
keto,Coconut Macaroons,french,11.76,75.07,62.84,2022-10-16,17:59:43,974.0299999999999
keto,Keto Stuffed Artichokes,mediterranean,34.57,40.75,114.23,2022-10-16,17:59:43,961.95
keto,Keto Pie Crust,american,57.68,96.27,155.31,2022-10-16,17:59:43,1718.3899999999999
keto,Keto Cabbage Salad,middle eastern,6.05,13.76,25.26,2022-10-16,17:59:43,249.07999999999998
keto,Keto Waffles recipes,mediterranean,34.01,71.95,127.4,2022-10-16,17:59:43,1293.19
keto,Keto Pizza Chicken,italian,312.74,44.29,307.03,2022-10-16,17:59:43,2877.69
keto,Keto Pizza Chicken,italian,300.94,28.82,128.27,2022-10-16,17:59:43,1976.2199999999998
keto,Keto Pink Lemonade,caribbean,5.98,51.45,1.69,2022-10-16,17:59:43,493.73
keto,Keto Shrimp Scampi,south american,133.83,331.82,58.61,2022-10-16,17:59:43,3756.1400000000003
keto,Keto Panna Cotta,italian,38.73,121.28,222.83,2022-10-16,17:59:43,2137.76
keto,Keto Chocolate Shake,american,21.1,38.16,195.52,2022-10-16,17:59:43,1209.92
keto,Keto Eggnog recipes,american,39.75,76.44,243.62,2022-10-16,17:59:43,1821.44
keto,Keto Chicken Parmesan,french,78.07,12.2,68.31,2022-10-16,17:59:43,695.3199999999999
keto,Nutty Keto Chcocolate,american,13.45,27.01,180.93,2022-10-16,17:59:43,1020.61
keto,Keto Fried Chicken,american,144.72,30.81,202.39,2022-10-16,17:59:43,1665.73
keto,Keto Fried Chicken,american,89.93,24.98,112.01,2022-10-16,17:59:50,1032.58
keto,Keto Jalapeño Poppers,french,31.03,11.72,96.54,2022-10-16,17:59:50,615.76
keto,Keto Chocolate Mousse,french,8.77,36.14,99.24,2022-10-16,17:59:50,757.3
keto,"Keto Chocolate Cashew Cream Bites - Keto, Paleo, Vegan",american,54.58,120.22,210.31,2022-10-16,17:59:50,2141.54
keto,Keto Cauliflower Gratin,french,31.08,31.9,61.99,2022-10-16,17:59:50,659.38
keto,Keto Pumpkin Pie,american,35.05,55.79,79.23,2022-10-16,17:59:50,959.23
keto,Keto Parmesan Meatballs,italian,236.97,17.45,244.23,2022-10-16,17:59:50,2081.85
keto,Keto Honey Mustard,american,0.62,3.08,89.16,2022-10-16,17:59:50,386.84
keto,Keto Antipasto Skewers,italian,165.42,8.11,276.26,2022-10-16,17:59:50,1839.71
keto,Deviled Eggs (Keto),mediterranean,101.59,15.32,104.48,2022-10-16,17:59:50,962.1600000000001
keto,Keto Potato Salad,american,20.46,83.52,62.05,2022-10-16,17:59:50,1081.72
keto,Keto Chocolate Mousse,french,11.18,24.49,91.01,2022-10-16,17:59:50,629.1700000000001
keto,Keto Fat Bombs,french,18.54,384.27,41.57,2022-10-16,17:59:50,3698.87
keto,Keto Mashed Cauliflower,american,32.19,75.85,117.07,2022-10-16,17:59:50,1279.69
keto,Keto Fudge recipes,american,5.36,44.76,233.0,2022-10-16,17:59:56,1356.28
keto,Keto Pizza recipes,italian,87.58,41.23,149.7,2022-10-16,17:59:56,1320.19
keto,Keto almond bread,american,12.67,8.04,30.28,2022-10-16,17:59:56,244.16
keto,Keto Jalapeno Poppers,mexican,35.31,14.29,125.68,2022-10-16,17:59:56,772.57
keto,Keto Pot Pie,american,233.05,384.96,231.92,2022-10-16,17:59:56,5324.52
keto,Keto Chicken Cutlets,french,237.83,41.18,181.19,2022-10-16,17:59:56,2046.7
keto,Keto Casserole recipes,italian,207.98,31.56,355.12,2022-10-16,17:59:56,2536.44
keto,Keto Beef Brisket,british,325.11,16.4,431.93,2022-10-16,17:59:56,3175.76
keto,Keto Shrimp Alfredo,italian,161.94,48.16,207.62,2022-10-16,17:59:56,1911.6799999999998
keto,Keto Chicken Strips,american,163.47,4.71,176.78,2022-10-16,17:59:56,1403.3899999999999
keto,Keto Pumpkin Chili,american,215.81,178.43,129.92,2022-10-16,17:59:56,2988.79
keto,Keto Pizza with Pepperoni,italian,63.06,32.31,79.06,2022-10-16,17:59:56,859.27
keto,Almond Keto Hummus,mediterranean,36.9,47.5,106.68,2022-10-16,17:59:56,1001.82
keto,Keto Butter Burgers,american,91.8,1.77,121.45,2022-10-16,17:59:56,868.9300000000001
keto,Keto fried fish,south east asian,80.16,14.58,79.57,2022-10-16,17:59:56,770.14
keto,Fish Nuggets (Keto),mediterranean,121.07,3.12,72.49,2022-10-16,18:00:03,802.3199999999999
keto,Keto Fried Fish,south east asian,110.93,20.28,53.53,2022-10-16,18:00:03,840.36
keto,Keto Teriyaki Beef,japanese,101.88,5.57,27.28,2022-10-16,18:00:03,566.77
keto,Keto Taco Salad,mexican,159.84,62.11,241.17,2022-10-16,18:00:03,2163.0299999999997
keto,Keto Sushi recipes,japanese,50.73,50.43,80.83,2022-10-16,18:00:03,980.1099999999999
keto,Keto Okonomi Sauce,world,5.59,26.02,9.62,2022-10-16,18:00:03,295.02000000000004
keto,Keto Homemade Mayo,american,5.45,2.27,225.06,2022-10-16,18:00:03,942.47
keto,Keto taco shells,mexican,21.47,22.41,28.4,2022-10-16,18:00:03,401.16999999999996
keto,Crustless Keto Cheesecake,american,79.51,105.99,423.9,2022-10-16,18:00:03,2967.55
keto,Keto Avocado Dessert,american,5.27,21.55,51.49,2022-10-16,18:00:03,420.99
keto,Keto Zuppa Toscana,italian,140.0,105.13,341.34,2022-10-16,18:00:10,2871.5299999999997
keto,Keto Chicken Taquitos,mexican,95.91,23.38,106.85,2022-10-16,18:00:10,1021.4599999999999
keto,Spooky Halloween Spiced Carrot Jellies,american,49.71,27.03,0.59,2022-10-16,18:00:10,444.47
keto,Keto Chicken Piccata,french,194.27,13.27,160.06,2022-10-16,18:00:10,1536.75
keto,Keto Caesar Salad,american,25.94,15.13,37.12,2022-10-16,18:00:10,388.40999999999997
keto,Keto Rye Bagel,eastern europe,119.08,43.44,167.82,2022-10-16,18:00:10,1538.56
keto,Keto Mug Lasagne,italian,49.11,11.62,73.96,2022-10-16,18:00:10,596.8599999999999
keto,Keto Pizza Dip,italian,70.78,33.6,119.7,2022-10-16,18:00:10,1064.32
keto,EZ Keto Pizza,italian,127.5,25.61,213.62,2022-10-16,18:00:10,1594.97
keto,Tuscan Keto Chicken,italian,271.64,29.01,169.33,2022-10-16,18:00:10,2024.9700000000003
keto,Keto Pimento Cheese,south american,69.63,21.08,199.18,2022-10-16,18:00:10,1264.96
keto,Keto Chocolate Cake,american,78.03,256.83,380.19,2022-10-16,18:00:10,4144.349999999999
keto,Keto Butter Chicken,american,157.6,55.84,114.83,2022-10-16,18:00:10,1592.28
keto,Keto Waldorf Salad,american,6.74,27.28,63.62,2022-10-16,18:00:10,526.96
keto,Keto Cheddar Biscuits,american,68.93,173.85,46.0,2022-10-16,18:00:16,2024.37
keto,Keto Salad recipes,american,47.16,30.61,65.69,2022-10-16,18:00:16,726.89
keto,Keto Tuna Salad,american,169.41,24.22,90.26,2022-10-16,18:00:16,1256.66
keto,Ultimate Keto Hamburgers,american,60.89,64.68,115.62,2022-10-16,18:00:16,1288.16
keto,Keto Krab Kakes,american,95.15,26.93,93.95,2022-10-16,18:00:16,998.77
keto,Dublin Coddle | Keto,american,108.42,71.48,203.66,2022-10-16,18:00:16,1891.6399999999999
keto,Keto Sausage Balls,american,211.1,620.21,208.52,2022-10-16,18:00:16,7260.37
keto,Greek Keftedes (keto),mediterranean,104.13,27.04,94.8,2022-10-16,18:00:16,1039.08
keto,Keto Tuna Salad,american,85.02,10.29,113.08,2022-10-16,18:00:16,885.01
keto,Keto Za'atar Buns,mediterranean,43.81,28.82,124.03,2022-10-16,18:00:16,930.74
keto,Instant Pot Chicken Soup with Mushrooms and Kale,french,271.76,95.75,240.31,2022-10-16,18:00:16,2910.0299999999997
keto,Paleo/Keto Pizza,italian,78.8,24.95,119.75,2022-10-16,18:00:16,1018.75
keto,Keto Taco Casserole,italian,141.68,33.58,139.03,2022-10-16,18:00:16,1425.06
keto,Easy Keto Meatballs,american,274.94,18.12,323.69,2022-10-16,18:00:16,2557.6
keto,Low Carb Meatballs alla Parmigiana,italian,184.22,36.65,205.05,2022-10-16,18:00:16,1886.93
keto,Keto Chicken Parmesan,italian,195.76,30.86,148.65,2022-10-16,18:00:23,1655.38
keto,Keto Beef Wellington,british,53.77,11.15,86.13,2022-10-16,18:00:23,659.95
keto,Keto Pumpkin Soup,american,38.95,116.24,54.05,2022-10-16,18:00:23,1418.1599999999999
keto,Keto Salmon Nuggets,nordic,200.55,58.29,132.99,2022-10-16,18:00:23,1858.77
keto,Keto Mozzarella Sticks,italian,75.05,18.11,66.24,2022-10-16,18:00:23,728.15
keto,Keto Raspberry Fudge,american,28.45,40.64,302.77,2022-10-16,18:00:23,1690.6399999999999
keto,Avocado Keto Hummus,mediterranean,19.39,46.51,77.36,2022-10-16,18:00:23,805.5899999999999
keto,Keto Meatloaf Recipe,american,134.58,37.58,265.63,2022-10-16,18:00:23,1939.06
keto,Keto Avocado Salsa,mexican,10.92,50.64,87.58,2022-10-16,18:00:23,849.76
keto,Keto Zucchini Lasagna,italian,319.91,94.76,360.94,2022-10-16,18:00:23,3576.24
keto,Keto Apple Crisp,american,25.26,64.02,110.89,2022-10-16,18:00:23,1120.78
keto,Keto Blueberry Biscuits,american,89.7,208.07,367.33,2022-10-16,18:00:23,3700.75
keto,Sara Louise's Keto Keto Southern Chicken Fried Steak,american,418.37,46.63,434.84,2022-10-16,18:00:23,3832.51
keto,Keto Chicken Divan,american,248.66,51.4,246.64,2022-10-16,18:00:23,2443.8
keto,Keto Lobster Cakes,american,98.58,9.85,43.58,2022-10-16,18:00:23,657.29
keto,Keto Steak and Eggs,american,40.01,5.81,47.38,2022-10-16,18:00:23,401.85
keto,2 Ingredient Keto Pasta,italian,58.83,7.03,68.54,2022-10-16,18:00:30,572.75
keto,Keto Cauliflower Tabbouleh,middle eastern,17.9,50.93,90.54,2022-10-16,18:00:30,892.1300000000001
keto,Keto Caramel Cake,american,123.47,527.23,258.11,2022-10-16,18:00:30,6271.389999999999
keto,Keto Okonomiyaki recipes,french,21.37,23.35,100.43,2022-10-16,18:00:30,697.35
keto,Keto Chili recipes,american,156.97,69.74,236.85,2022-10-16,18:00:30,2202.94
keto,Keto NY Cheesecake,american,67.15,42.75,314.17,2022-10-16,18:00:30,1910.0300000000002
keto,Keto Stuffed Peppers,american,158.77,60.31,175.56,2022-10-16,18:00:30,1880.11
keto,Creamy Keto Carbonara,italian,45.83,80.89,92.68,2022-10-16,18:00:30,1282.05
keto,Keto Cuban Sandwich,caribbean,143.61,59.18,229.7,2022-10-16,18:00:30,2025.86
keto,Homemade Keto MoonPies,american,67.75,296.29,248.01,2022-10-16,18:00:30,3929.65
keto,Keto Marinated Cheese,american,63.28,24.95,253.05,2022-10-16,18:00:30,1489.87
keto,Zucchini Breadsticks,italian,83.48,19.97,89.71,2022-10-16,18:00:30,872.49
keto,Keto taco skillet,mexican,249.07,34.5,118.19,2022-10-16,18:00:37,1779.54
keto,Keto Chicken Fritters,american,133.95,21.22,163.38,2022-10-16,18:00:37,1380.3
keto,Keto Italian Grilled Fish | Low-Carb Keto Fish Recipe,italian,201.26,1.92,71.41,2022-10-16,18:00:37,1107.96
keto,Keto Fish Pie,american,136.85,84.33,269.44,2022-10-16,18:00:37,2384.13
keto,Keto Mug Cake,american,19.73,87.96,30.93,2022-10-16,18:00:37,994.28
keto,Keto Banana Pudding,british,49.05,187.27,345.3,2022-10-16,18:00:37,3262.83
keto,Keto Chicken and Peppers,british,91.62,86.47,117.3,2022-10-16,18:00:37,1613.91
keto,Keto Pizza with Pepperoni,italian,40.27,51.97,48.7,2022-10-16,18:00:37,823.6100000000001
keto,Keto Chocolate-Coconut Mousse,french,15.39,9.46,16.57,2022-10-16,18:00:37,212.98000000000002
keto,Keto Cocoa Mug Cake,american,22.33,17.21,57.84,2022-10-16,18:00:37,475.57000000000005
keto,Keto 90 second bread,french,13.67,10.03,24.27,2022-10-16,18:00:37,242.02999999999997
keto,Blueberry cheesecake Keto,american,93.43,382.29,131.79,2022-10-16,18:00:37,4341.49
keto,Keto Chocolate Mini Cheesecakes,american,42.28,47.39,212.13,2022-10-16,18:00:43,1444.15
keto,Mounds Keto Fat Bomb,american,12.02,45.95,193.48,2022-10-16,18:00:43,1235.55
keto,Keto Pumpkin Spice Martini,american,3.06,3.93,25.23,2022-10-16,18:00:43,148.53
keto,Keto Bacon Cheeseburger Casserole,american,176.27,11.32,352.91,2022-10-16,18:00:43,2218.6000000000004
keto,Keto Fried Coconut Shrimp,mediterranean,32.8,63.57,146.25,2022-10-16,18:00:43,1288.33
keto,Filipino Chicken Adobo,asian,45.84,34.22,50.88,2022-10-16,18:00:43,694.86
keto,Keto smothered pork chops,american,206.46,49.06,218.8,2022-10-16,18:00:43,2142.58
keto,Easy Keto Zucchini Frittata,italian,51.07,29.01,98.83,2022-10-16,18:00:43,860.69
keto,Simple Cauliflower Keto Casserole,italian,34.78,18.28,83.0,2022-10-16,18:00:43,635.64
keto,Brazilian Keto Shrimp Stew,south american,146.23,33.22,107.08,2022-10-16,18:00:43,1312.22
keto,Easy Keto Beef Tacos,mexican,151.48,26.84,216.18,2022-10-16,18:00:43,1712.2
keto,Keto Chicken Taco Shells,mexican,99.9,3.12,61.28,2022-10-16,18:00:43,672.8
keto,Keto Cauliflower Hash Browns,american,49.86,20.03,61.7,2022-10-16,18:00:43,626.51
keto,Spooky Halloween Low-Carb Pizza,italian,60.56,213.5,53.45,2022-10-16,18:00:43,2377.54
keto,KETO! Avocodo chocolate pudding,british,8.24,29.86,32.41,2022-10-16,18:00:50,431.34
keto,Keto Sweetened Condensed Milk,american,9.87,93.1,214.32,2022-10-16,18:00:50,1734.6599999999999
keto,Keto Spinach Stuffed Chicken,italian,230.26,4.42,149.39,2022-10-16,18:00:50,1558.3799999999999
keto,Keto Egg Drop Soup,chinese,21.31,9.11,60.88,2022-10-16,18:00:50,410.75
keto,Keto-Friendly Cinnamon Biscuits,american,50.8,32.85,118.02,2022-10-16,18:00:50,970.9300000000001
keto,Keto Brown Butter Pralines,american,25.17,35.37,398.91,2022-10-16,18:00:50,2014.65
keto,Keto Blueberry Lemon Muffins,american,71.25,66.39,258.79,2022-10-16,18:00:50,1917.67
keto,Keto Cabbage Beef Stew,american,350.23,146.21,71.28,2022-10-16,18:00:50,3001.9300000000003
keto,Keto Maple Glazed Ham,american,603.05,211.03,312.79,2022-10-16,18:00:50,5562.629999999999
keto,Keto Smothered Chicken Thighs,mediterranean,127.15,15.34,174.88,2022-10-16,18:00:50,1346.18
keto,Keto Smothered Green Beans,american,93.62,38.53,169.33,2022-10-16,18:00:50,1398.5700000000002
keto,Keto Chicken Nuggets recipes,american,32.52,3.99,23.14,2022-10-16,18:00:50,258.55
keto,Keto Pizza Chips recipes,italian,120.21,1.61,211.79,2022-10-16,18:00:50,1342.49
keto,Keto Parmesan Roasted Broccoli,british,36.86,21.07,48.44,2022-10-16,18:00:57,530.8299999999999
keto,Lazy Keto Chicken recipes,american,115.17,7.89,116.85,2022-10-16,18:00:57,999.09
keto,Keto Chocolate Mousse recipes,french,26.65,90.2,127.47,2022-10-16,18:00:57,1428.2800000000002
keto,Keto Chicken Crust Pizza,italian,121.29,8.74,78.52,2022-10-16,18:00:57,877.9000000000001
keto,Keto Zucchini Dip recipes,american,7.53,12.68,120.49,2022-10-16,18:00:57,626.2
keto,Keto Low Carb Tortillas,mexican,22.27,20.22,35.77,2022-10-16,18:00:57,414.14
keto,Keto Broccoli Cheddar Soup,italian,84.89,169.9,158.46,2022-10-16,18:00:57,2502.5
keto,Keto Egg Salad recipes,american,52.53,13.15,157.18,2022-10-16,18:00:57,957.19
keto,Classic Pub Goulash (Keto),american,108.19,55.27,63.37,2022-10-16,18:00:57,1183.67
keto,keto Strawberry fat bombs,french,14.41,21.27,159.68,2022-10-16,18:00:57,887.79
keto,Mayo-Free Avocado Green Goddess Dressing,caribbean,5.34,22.77,138.31,2022-10-16,18:00:57,779.53
keto,Keto Bone Broth Latte,american,0.26,1.53,26.54,2022-10-16,18:00:57,120.97
keto,Keto Strawberry Ice Cream,american,12.68,23.77,220.37,2022-10-16,18:00:57,1146.13
keto,Keto Egg Drop Soup,american,40.17,5.65,56.92,2022-10-16,18:00:57,439.21000000000004
keto,Keto Sausage Egg Casserole,italian,163.99,16.37,220.17,2022-10-16,18:00:57,1683.97
keto,Keto Low Carb Flatbread,american,137.31,25.3,174.15,2022-10-16,18:00:57,1473.54
keto,Keto Nut Pralines recipes,american,48.65,96.64,332.16,2022-10-16,18:00:57,2393.0
keto,Keto Zucchini Fritters Recipe,south east asian,35.11,92.12,76.4,2022-10-16,18:01:03,1275.12
keto,Keto Creamsicle Jello recipes,american,11.21,21.29,133.44,2022-10-16,18:01:03,770.21
keto,Keto Chocolate Pudding recipes,british,8.25,17.91,24.85,2022-10-16,18:01:03,293.59000000000003
keto,Easy Keto Fried Halloumi,chinese,32.29,9.76,75.29,2022-10-16,18:01:03,518.1600000000001
keto,Keto lemon mug cake,british,11.76,27.03,28.81,2022-10-16,18:01:03,405.55
keto,Collagen Keto Chocolate Mousse,american,13.73,44.37,30.89,2022-10-16,18:01:03,577.81
keto,Keto Cinnamon Fat Bombs,indian,4.85,13.46,253.72,2022-10-16,18:01:03,1155.42
keto,Creamy Mushroom Keto Casserole,french,286.77,58.87,341.38,2022-10-16,18:01:03,3042.43
keto,"CinnaBombs (Keto, Paleo, Vegan)",american,17.52,17.89,100.77,2022-10-16,18:01:03,634.17
keto,Keto Blueberry Ice Cream,american,7.11,18.59,98.01,2022-10-16,18:01:03,587.79
keto,Walnut Keto Fudge recipes,american,17.41,45.35,166.73,2022-10-16,18:01:03,1144.71
keto,Keto Brussel Sprouts Casserole,italian,62.81,84.39,64.27,2022-10-16,18:01:03,1267.83
keto,Keto Pancake Breakfast Sandwich,american,21.78,3.68,52.63,2022-10-16,18:01:10,330.76
keto,Keto Buddha Bowl Recipe,british,31.21,73.78,112.43,2022-10-16,18:01:10,1238.58
keto,Keto Parmesan Cauliflower Risotto,italian,22.27,30.04,55.67,2022-10-16,18:01:10,582.12
keto,Keto Bacon Burger Bombs,american,177.36,13.04,336.54,2022-10-16,18:01:10,2172.96
keto,Cheesy Keto Pizza Crust,italian,34.24,7.21,47.55,2022-10-16,18:01:10,392.05
keto,Keto Egg Drop Soup,chinese,8.81,6.11,5.21,2022-10-16,18:01:10,111.07000000000001
keto,Keto Chocolate Fat Bombs,french,34.63,60.92,184.27,2022-10-16,18:01:10,1423.88
keto,Keto Guacamole Egg Stacks,american,14.96,15.11,23.24,2022-10-16,18:01:10,288.79
keto,Keto Bacon Cheeseburger Soup,american,160.71,64.62,240.86,2022-10-16,18:01:10,2187.86
keto,Low Carb Baked Beans with Beef,american,183.68,114.11,166.31,2022-10-16,18:01:10,2426.95
keto,Keto Raspberry Valentines recipes,american,7.55,17.0,139.56,2022-10-16,18:01:10,741.44
keto,Keto Fried Mozzarella Bites,italian,57.18,39.42,113.75,2022-10-16,18:01:10,1038.5
keto,Keto Chicken-Broccoli Casserole,italian,136.12,26.1,214.11,2022-10-16,18:01:10,1635.8200000000002
keto,Keto Chicken Pesto Burgers,american,131.09,14.73,107.32,2022-10-16,18:01:10,1086.21
keto,Keto Breakfast Tacos recipes,mexican,113.6,18.01,170.84,2022-10-16,18:01:10,1299.85
keto,Keto Spinach Pesto Flatbread,italian,92.48,32.8,148.68,2022-10-16,18:01:17,1259.8400000000001
keto,Keto Flatbread Pizza Recipe,italian,77.72,59.31,169.34,2022-10-16,18:01:17,1522.03
keto,Garlic Parmesan Keto Croutons,italian,23.3,37.68,44.5,2022-10-16,18:01:17,610.3199999999999
keto,Keto Pizza in a bowl,italian,64.92,1.03,105.03,2022-10-16,18:01:17,689.0699999999999
keto,Keto Pancakes: Cinnamon Delight,american,28.94,36.86,157.86,2022-10-16,18:01:17,1078.94
keto,Keto Jalapeno Popper Bites,french,158.56,49.97,277.41,2022-10-16,18:01:17,2193.61
keto,Keto Cream Cheese Waffles,american,53.57,28.28,94.38,2022-10-16,18:01:17,846.3199999999999
keto,Keto Buffalo Chicken Taquitos,american,101.01,4.97,174.56,2022-10-16,18:01:17,1147.01
keto,Savory Keto Cauliflower Mash,british,19.56,49.45,17.55,2022-10-16,18:01:17,593.49
keto,Keto Garlic Gnocchi recipes,italian,56.61,8.61,63.76,2022-10-16,18:01:17,558.97
keto,Keto Neapolitan Chia Pudding,british,19.05,52.65,34.11,2022-10-16,18:01:17,686.49
keto,Keto Philly Cheesesteak Omelet,american,61.45,8.99,83.91,2022-10-16,18:01:17,662.35
keto,Quick Keto Chocolate Mousse,american,9.6,13.79,74.63,2022-10-16,18:01:17,461.03
keto,Keto Chocolate Souffle' recipes,french,50.09,44.97,99.54,2022-10-16,18:01:17,1003.25
keto,Keto Taco Bake Recipe,mexican,139.96,33.93,128.84,2022-10-16,18:01:24,1380.5700000000002
keto,Keto Cheddar Bay Biscuits,american,47.64,22.76,109.96,2022-10-16,18:01:24,835.24
keto,Keto Jalapeño Popper Bread,mexican,63.28,189.3,176.56,2022-10-16,18:01:24,2663.0600000000004
keto,Keto Lemon Garlic Shrimp,mediterranean,92.9,10.08,39.16,2022-10-16,18:01:24,618.96
keto,Keto Pumpkin Carbonara recipes,italian,91.37,253.9,138.47,2022-10-16,18:01:24,3204.46
keto,Rosemary Almond Keto Crackers,french,94.02,65.15,195.65,2022-10-16,18:01:24,1745.0300000000002
keto,Keto Spinach-Artichoke Chicken,mediterranean,263.01,36.24,163.05,2022-10-16,18:01:24,2030.4
keto,Keto Peanut Butter Mousse,french,23.49,22.81,115.99,2022-10-16,18:01:24,763.21
keto,Keto Hazelnut Truffles recipes,american,12.9,55.5,74.01,2022-10-16,18:01:24,847.1400000000001
keto,Keto Pie Crust recipes,american,34.13,79.9,72.89,2022-10-16,18:01:24,1147.18
keto,Keto Paprika Chicken recipes,mediterranean,247.63,28.25,71.03,2022-10-16,18:01:24,1528.8899999999999
keto,Keto White Chicken Chili,american,264.33,52.56,469.1,2022-10-16,18:01:24,3406.76
keto,Keto Paleo Fat Bomb,french,24.77,61.79,99.51,2022-10-16,18:01:24,1053.23
keto,Keto Classic Salad Recipe,american,15.98,14.88,13.42,2022-10-16,18:01:30,251.52000000000004
keto,Keto Chocolate Fat Bombs,french,12.21,52.95,129.45,2022-10-16,18:01:30,1043.19
keto,Keto Spaghetti alla Carbonara,italian,187.41,497.15,156.57,2022-10-16,18:01:30,5850.2699999999995
keto,Keto Peanut Butter mousse,french,9.16,77.88,82.86,2022-10-16,18:01:30,1069.0
keto,Blueberry Keto Cake recipes,american,52.14,68.4,138.8,2022-10-16,18:01:30,1379.3600000000001
keto,Keto Crab Dip Soup,american,156.46,46.93,205.16,2022-10-16,18:01:30,1868.85
keto,Keto Burger Fat Bombs,nordic,91.8,1.77,121.45,2022-10-16,18:01:30,868.9300000000001
keto,Keto Stuffed Pork Chops,american,213.19,14.68,172.91,2022-10-16,18:01:30,1676.52
keto,Easy Keto Berry Pavlova,eastern europe,15.09,32.01,44.72,2022-10-16,18:01:30,527.3299999999999
keto,Keto Chicken Queso Flameado,caribbean,71.25,3.28,58.38,2022-10-16,18:01:30,548.04
keto,Pork Rind Keto bread,american,144.68,15.62,206.49,2022-10-16,18:01:30,1545.26
keto,Keto Creamed Spinach Recipe,french,12.52,13.59,129.29,2022-10-16,18:01:30,689.55
keto,Whole30 + Keto Ranch Dressing,american,1.51,5.32,14.23,2022-10-16,18:01:30,110.84
keto,Keto Pesto Chicken Pasta,italian,93.66,25.74,125.36,2022-10-16,18:01:30,1107.74
keto,Keto chicken parmi bowl,italian,176.23,91.02,205.88,2022-10-16,18:01:37,2347.62
keto,Easy Keto Sesame Broccoli,chinese,18.72,36.85,33.67,2022-10-16,18:01:37,541.21
keto,Cheesy Keto Pinwheels recipes,american,82.63,342.01,105.41,2022-10-16,18:01:37,3830.25
keto,Easy Baked Keto Goulash,american,230.67,109.89,111.04,2022-10-16,18:01:37,2355.85
keto,Spinach & Watercress Keto Salad,middle eastern,32.9,26.88,103.77,2022-10-16,18:01:37,788.5999999999999
keto,Crunchy Keto Pita Chips,middle eastern,32.99,20.05,52.57,2022-10-16,18:01:37,522.69
keto,Keto Crab Stuffed Mushrooms,american,77.73,14.88,74.3,2022-10-16,18:01:37,742.04
keto,Keto Sausage Balls recipes,american,168.99,32.34,270.93,2022-10-16,18:01:37,2050.7400000000002
keto,Easy Keto Marinara Chicken,italian,59.28,7.53,26.75,2022-10-16,18:01:37,411.89
keto,Keto-Pesto-Cauliflower-Casserole,italian,95.72,68.1,207.92,2022-10-16,18:01:37,1827.46
keto,Keto Kentucky Bourbon Balls,american,11.89,205.13,175.95,2022-10-16,18:01:37,2597.5299999999997
keto,Keto Fudge Popsicles Recipe,american,11.95,24.17,125.38,2022-10-16,18:01:37,766.85
keto,Bacon and Mushroom Smothered Pork Chops,american,217.87,39.37,244.39,2022-10-16,18:01:37,2203.37
keto,Keto Cheesy Chicken Fritters,american,103.22,8.42,89.1,2022-10-16,18:01:44,845.06
keto,Soft Keto Tortilla Recipe,mexican,31.11,39.02,53.09,2022-10-16,18:01:44,687.98
keto,Keto Chocolate Bundt Cake,central europe,47.43,331.85,192.87,2022-10-16,18:01:44,3947.85
keto,Keto Spinach Pizza Frittata,italian,128.65,15.66,174.49,2022-10-16,18:01:44,1353.5
keto,Keto Eggplant Lasagna Recipe,italian,220.56,91.59,238.69,2022-10-16,18:01:44,2661.3100000000004
keto,Keto Parmesan Fish Patties,american,514.29,47.58,134.68,2022-10-16,18:01:44,3024.0999999999995
keto,Keto Bacon Cheeseburger Wellington,british,90.93,19.05,150.76,2022-10-16,18:01:44,1138.21
keto,Keto Spicy Fried Chicken,american,285.4,7.74,198.71,2022-10-16,18:01:44,2006.1
keto,Easy Raspberry Keto Cheesecake,american,20.24,34.03,146.91,2022-10-16,18:01:44,974.8699999999999
keto,Keto Cheesecake Stuffed Strawberries,american,18.09,98.65,118.1,2022-10-16,18:01:44,1432.6100000000001
keto,Keto Egg Casserole Bake,italian,99.69,17.75,138.94,2022-10-16,18:01:44,1114.27
keto,Keto Chocolate Waffles recipes,mediterranean,38.23,84.39,130.34,2022-10-16,18:01:44,1433.79
keto,Keto Jalapeno Poppers Dip,mexican,74.96,50.23,158.17,2022-10-16,18:01:44,1384.59
keto,Keto Cheesy Shrimp Fritters,south east asian,96.15,13.16,62.85,2022-10-16,18:01:44,754.44
keto,Keto Cabbage With Bacon recipes,american,16.43,9.6,46.18,2022-10-16,18:01:44,336.84000000000003
keto,Keto Lupin Flour Biscuits,american,105.88,100.07,158.19,2022-10-16,18:01:44,1956.9099999999999
keto,Keto Bacon Ranch Dressing,american,24.91,8.19,180.78,2022-10-16,18:01:44,896.47
keto,Keto Brownie Mug Cake,french,4.23,16.7,19.84,2022-10-16,18:01:44,246.57999999999998
keto,Keto Cauliflower Pepper Soup,american,12.08,23.42,59.09,2022-10-16,18:01:51,495.46000000000004
keto,Keto Spaghetti Squash Carbonara,italian,38.48,33.93,54.81,2022-10-16,18:01:51,678.53
keto,Vegetarian Keto Club Salad,american,51.38,19.65,83.01,2022-10-16,18:01:51,714.4100000000001
keto,Keto Orange Fat Bombs,mediterranean,8.45,10.49,138.45,2022-10-16,18:01:51,682.01
keto,Keto Tomato Bisque Soup,french,37.69,95.54,92.09,2022-10-16,18:01:51,1378.98
keto,Keto Ceasar Salad recipes,american,46.87,10.31,144.09,2022-10-16,18:01:51,856.63
keto,Keto Mocha Mousse recipes,american,22.27,103.4,169.47,2022-10-16,18:01:51,1697.56
keto,Keto Vanilla-Nutmeg “Oatmeal”,american,7.58,16.28,56.01,2022-10-16,18:01:51,400.88
keto,Low Carb Keto Biscuits,british,66.98,42.21,181.33,2022-10-16,18:01:51,1373.13
keto,No-Crust Keto Pumpkin Pie,british,28.95,57.48,107.78,2022-10-16,18:01:51,1064.2399999999998
keto,Cheesy Keto Creamed Spinach,french,37.82,21.6,76.83,2022-10-16,18:01:51,653.0
keto,Keto Paleo Tzatziki recipes,mediterranean,9.81,23.49,110.44,2022-10-16,18:01:51,692.41
keto,Keto Tater Tot Casserole,american,151.71,42.19,151.02,2022-10-16,18:01:51,1590.63
keto,Keto Food Journal — Steemit,mediterranean,33.93,22.29,108.8,2022-10-16,18:01:51,771.53
keto,Keto Mississippi Roast recipes,british,373.37,34.63,185.77,2022-10-16,18:01:51,2548.23
keto,NSNG Keto Salmon Patties,nordic,107.0,18.99,62.94,2022-10-16,18:01:57,850.67
keto,Keto Zucchini Noodles With Meatballs,asian,101.73,17.72,107.67,2022-10-16,18:01:57,997.0799999999999
keto,Easy Keto Naan Recipe,indian,127.89,45.96,193.52,2022-10-16,18:01:57,1699.2800000000002
keto,Keto Southern Style Meatloaf,american,177.5,47.0,196.68,2022-10-16,18:01:57,1919.72
keto,Keto Crispy Pork Cutlets,american,157.36,6.05,227.96,2022-10-16,18:01:57,1595.73
keto,Keto Mock Potato Salad,american,45.67,66.83,110.63,2022-10-16,18:01:57,1226.67
keto,Keto Chili Stuffed Peppers,american,149.48,99.44,213.19,2022-10-16,18:01:57,2345.6400000000003
keto,Keto Tuna Fish Salad,american,69.72,31.61,36.04,2022-10-16,18:01:57,707.53
keto,Keto Chicken Zucchini Meatballs,american,49.88,9.38,29.89,2022-10-16,18:01:57,403.5
keto,Keto Bacon and Roasted Cabbage,american,25.56,34.74,58.12,2022-10-16,18:01:57,647.38
keto,Keto Bunless Bacon Cheeseburger,american,128.3,12.66,182.48,2022-10-16,18:01:57,1357.06
keto,Keto Easter Chocolate Nests,french,44.04,118.92,184.6,2022-10-16,18:01:57,1984.8400000000001
keto,Keto Philly Cheesesteak Skillet,american,172.49,60.51,188.29,2022-10-16,18:01:57,1987.71
keto,Keto Honey Mustard Dressing,american,4.89,17.01,182.03,2022-10-16,18:01:57,900.77
keto,Keto Cauliflower Spanish Rice,mediterranean,15.96,56.49,56.98,2022-10-16,18:01:57,800.17
keto,Keto cheesy broccoli soup,american,83.78,44.26,232.15,2022-10-16,18:01:57,1662.06
keto,Keto Pepperoni Pizza Cups,italian,72.25,19.07,109.24,2022-10-16,18:01:57,897.5899999999999
keto,Keto Eggplant Burgers Recipe,french,44.02,51.68,53.63,2022-10-16,18:01:57,855.72
keto,Keto egg and cheese bites,american,28.24,2.5,21.47,2022-10-16,18:02:04,221.33999999999997
keto,Loaded Keto Zucchini Skins,british,37.25,24.91,98.63,2022-10-16,18:02:04,767.71
keto,Simple Keto Zucchini Hash,south american,34.93,19.26,75.51,2022-10-16,18:02:04,615.1
keto,Keto Pesto Chicken with Mozzarella,italian,99.96,9.57,70.32,2022-10-16,18:02:04,767.25
keto,Keto Pork Stir Fry,chinese,134.97,41.97,77.18,2022-10-16,18:02:04,1226.33
keto,Keto Chicken Broccoli Casserole,italian,185.08,40.1,277.66,2022-10-16,18:02:04,2211.86
keto,Salty Salsa Keto Crackers,american,51.11,60.83,91.88,2022-10-16,18:02:04,1119.43
keto,Keto Creamy Broccoli Soup,italian,30.6,66.58,8.2,2022-10-16,18:02:04,754.42
keto,Sherried Chicken Salad,american,248.62,135.04,278.71,2022-10-16,18:02:04,3324.6800000000003
keto,Vegetarian Keto “Crab” Cakes,american,31.19,25.1,117.96,2022-10-16,18:02:04,822.5
keto,Keto Parmesan Crusted Tilapia,mediterranean,162.89,8.05,48.77,2022-10-16,18:02:04,919.09
keto,Keto Bacon Ranch Dressing,american,24.92,8.75,180.77,2022-10-16,18:02:04,901.51
keto,Keto Chocolate Espresso Sorbet,american,26.1,294.79,129.39,2022-10-16,18:02:04,3275.07
keto,Paleo Mississippi Roast with Lotus Root recipes,british,163.04,58.41,164.26,2022-10-16,18:02:11,1834.8899999999999
keto,Keto Cauliflower Pizza Muffins,italian,80.58,37.67,111.44,2022-10-16,18:02:11,1107.1100000000001
keto,"Keto-Friendly ""Candied"" Nuts",american,47.46,65.9,326.97,2022-10-16,18:02:11,2090.82
keto,Keto Chicken Stir-Fry,chinese,260.75,74.86,47.21,2022-10-16,18:02:11,1905.58
keto,Keto Stuffed Pepper Casserole,italian,155.64,87.18,172.22,2022-10-16,18:02:11,2096.06
keto,Keto Dill Pickle Soup,american,28.65,19.08,182.75,2022-10-16,18:02:11,1017.3199999999999
keto,Keto Zucchini and Walnut Bread,american,45.08,42.88,126.73,2022-10-16,18:02:11,1073.16
keto,Keto Mexican Chocolate Pudding,british,7.47,68.74,24.82,2022-10-16,18:02:11,747.8199999999999
keto,Keto Chicken Pizza Dip,italian,152.56,28.64,248.55,2022-10-16,18:02:11,1862.2
keto,Keto Sandwich Bread recipes,nordic,136.11,180.33,71.42,2022-10-16,18:02:11,2453.0899999999997
keto,Easy Clam Chowder | Keto,american,168.99,80.18,199.3,2022-10-16,18:02:11,2194.78
keto,Keto Zone Green Beans,american,27.59,50.91,100.41,2022-10-16,18:02:11,970.1899999999999
keto,Keto Almond Ricotta Cake,italian,120.78,163.57,298.48,2022-10-16,18:02:11,3149.17
keto,Keto Scampi-Style Chicken,italian,128.84,27.69,112.92,2022-10-16,18:02:11,1216.25
keto,Healthy Keto Avocado Hummus,mediterranean,19.67,44.02,167.91,2022-10-16,18:02:11,1146.5
keto,Keto Mock Crab Salad,american,41.66,6.18,35.3,2022-10-16,18:02:11,363.46
keto,Keto Bruschetta Stuffed Avocado,italian,23.48,45.71,95.98,2022-10-16,18:02:18,889.23
keto,Keto Green Bean Casserole,south american,50.28,59.84,137.96,2022-10-16,18:02:18,1291.52
keto,Chicken Roulades (Keto-friendly!),italian,92.87,25.36,124.34,2022-10-16,18:02:18,1097.08
keto,Keto Egg Foo Young,chinese,52.16,31.35,45.33,2022-10-16,18:02:18,672.11
keto,Keto Tuna Salad recipes,american,47.58,5.3,46.8,2022-10-16,18:02:18,425.21999999999997
keto,Keto Cabbage Soup Recipe,american,240.9,60.16,139.88,2022-10-16,18:02:18,2064.56
keto,Keto Cheesy Spinach Burger,nordic,125.38,38.78,235.01,2022-10-16,18:02:18,1790.58
keto,Keto Coconut Cream Pie,american,73.43,81.16,263.72,2022-10-16,18:02:18,2079.04
keto,Keto Tuscan Garlic Chicken,italian,246.2,29.8,147.47,2022-10-16,18:02:18,1842.88
keto,Easy Tomato Soup (Keto),french,21.21,31.95,78.66,2022-10-16,18:02:18,687.03
keto,Keto Mediterranean Steak Pinwheels,mediterranean,167.9,26.46,110.15,2022-10-16,18:02:18,1350.3400000000001
keto,Keto Avocado Stuffed Chicken,american,292.73,22.82,87.72,2022-10-16,18:02:18,1727.1800000000003
keto,Keto Bison Meatballs recipes,american,128.91,27.8,197.3,2022-10-16,18:02:18,1555.04
keto,Keto Strawberry Mini Clafoutis,french,21.13,38.71,67.86,2022-10-16,18:02:18,704.3499999999999
keto,Creamy Keto Cauliflower Risotto,italian,69.2,44.59,135.46,2022-10-16,18:02:18,1219.9500000000003
keto,Keto Crab Stuffed Mushrooms,american,64.46,26.34,70.05,2022-10-16,18:02:18,775.0999999999999
keto,Keto Chocolate Orange Macaroons,american,65.05,342.67,341.77,2022-10-16,18:02:24,4711.3099999999995
keto,"Chicken Adobo | Keto, Paleo",asian,238.4,34.46,244.29,2022-10-16,18:02:24,2240.9
keto,Keto Lemon Poppyseed Cheesecake,american,116.08,94.11,511.43,2022-10-16,18:02:24,3357.0299999999997
keto,Easy Weeknight Keto Pizza,italian,128.57,30.32,213.79,2022-10-16,18:02:24,1642.32
keto,Cinnamon Keto Mug Cake,british,12.05,22.51,29.46,2022-10-16,18:02:24,368.63
keto,Keto Peanut Butter Cups,american,48.03,84.45,295.72,2022-10-16,18:02:24,2135.05
keto,Keto Korean Fried Chicken,french,188.06,31.45,401.07,2022-10-16,18:02:24,2639.5699999999997
keto,Creamy Keto Avocado Soup,american,37.36,91.84,228.56,2022-10-16,18:02:24,1890.24
keto,Roasted Keto Cauliflower Mash,british,19.69,58.39,53.84,2022-10-16,18:02:24,819.63
keto,Crunchy Keto Salad Toppers,american,24.57,20.64,69.23,2022-10-16,18:02:24,560.96
keto,Keto Zuppa Toscana Soup,italian,98.45,55.02,234.93,2022-10-16,18:02:24,1828.7
keto,Keto Cauliflower Rice Stuffing,south american,54.3,63.97,69.31,2022-10-16,18:02:24,1070.17
keto,Keto Celeriac Cauli-Mash,french,23.49,45.45,185.07,2022-10-16,18:02:24,1243.29
keto,Keto Butternut Squash Risotto,italian,43.64,48.26,95.41,2022-10-16,18:02:24,990.54
keto,Keto Cheese Stuffed Meatballs,american,237.8,67.71,323.06,2022-10-16,18:02:24,2852.83
keto,Keto Taco Breakfast Skillet,mexican,198.8,58.6,272.0,2022-10-16,18:02:31,2410.6
keto,Keto Strawberry Cheesecake Jars,american,23.96,80.46,199.52,2022-10-16,18:02:31,1618.06
keto,Keto-Friendly Brownie Cakes,french,17.2,16.5,72.99,2022-10-16,18:02:31,509.26
keto,Keto BBQ Meatball Skewers,american,158.34,16.49,200.84,2022-10-16,18:02:31,1585.13
keto,Keto Meat Pie recipes,american,190.75,223.91,406.66,2022-10-16,18:02:31,4404.83
keto,Keto Crab Stuffed Avocado,american,34.09,20.33,65.63,2022-10-16,18:02:31,581.8499999999999
keto,Keto Avocado Deviled Eggs,mexican,55.07,24.19,67.89,2022-10-16,18:02:31,709.55
keto,Keto Easter Cheese Ball,french,100.2,35.88,278.97,2022-10-16,18:02:31,1839.6000000000001
keto,Keto Blueberry Mug Cake,british,6.18,12.64,17.23,2022-10-16,18:02:31,207.40000000000003
keto,Keto Chicken and Broccoli Casserole,french,189.85,133.93,465.14,2022-10-16,18:02:31,3825.33
keto,Keto Mashed Cauliflower with Cheese,american,25.67,55.41,42.74,2022-10-16,18:02:31,772.3299999999999
keto,Easy Keto Pound Cake,british,73.42,138.29,206.61,2022-10-16,18:02:31,2364.73
keto,Keto Grilled Steak Rolls,french,65.32,18.74,93.62,2022-10-16,18:02:31,804.42
keto,Keto Banana Blueberry Muffins,american,89.35,97.24,225.45,2022-10-16,18:02:31,2134.3599999999997
keto,Instant Pot Keto Chili,american,101.33,79.12,93.85,2022-10-16,18:02:31,1492.8000000000002
keto,Keto Baked Chicken Fajitas,mexican,186.9,51.98,64.46,2022-10-16,18:02:38,1473.26
keto,3 Ingredient Keto Japanese Cheesecake,japanese,48.34,145.03,150.77,2022-10-16,18:02:38,2101.71
keto,Keto English Cottage Pie,american,194.19,53.91,244.83,2022-10-16,18:02:38,2241.27
keto,Keto Chicken and Broccoli Casserole,italian,159.45,35.97,273.25,2022-10-16,18:02:38,2054.5299999999997
keto,Keto Berry Mug Cake,british,12.55,24.44,39.27,2022-10-16,18:02:38,427.24
keto,5 Minute Keto Pesto recipes,italian,47.93,14.09,203.9,2022-10-16,18:02:38,1134.13
keto,Air Fryer Keto Chicken Wings,american,238.79,4.96,188.08,2022-10-16,18:02:38,1752.12
keto,Keto Chicken Pad Thai,south east asian,196.91,209.26,249.58,2022-10-16,18:02:38,3669.3
keto,Keto Cheeseburger Muffins recipes,american,135.85,53.67,181.35,2022-10-16,18:02:38,1751.83
keto,5-layer Keto Dip recipes,mexican,108.3,101.44,381.15,2022-10-16,18:02:38,2870.76
keto,Sara louise's Keto Schnitzel,central europe,336.02,109.23,629.04,2022-10-16,18:02:38,4843.3099999999995
keto,Low Carb Lasagna Meatballs Recipe,italian,308.21,32.78,328.73,2022-10-16,18:02:38,2842.7799999999997
keto,Sara Louise's Keto Yapchik,american,174.05,130.65,226.62,2022-10-16,18:02:38,2778.53
keto,Keto Chocolate Mousse (Low Carb),french,25.33,45.96,255.26,2022-10-16,18:02:45,1536.0
keto,Keto Paleo Meatloaf recipes,american,143.36,37.65,172.61,2022-10-16,18:02:45,1602.73
keto,KETO Egg and Ham Soup,american,29.54,10.62,19.55,2022-10-16,18:02:45,291.94
keto,Keto Bacon Cheeseburger Cups,american,185.37,55.26,224.12,2022-10-16,18:02:45,2135.3
keto,Special Dark fat bombs - Keto,american,3.09,7.01,202.54,2022-10-16,18:02:45,885.6099999999999
keto,Low Carb/Keto pizza crust,italian,65.2,23.02,108.07,2022-10-16,18:02:45,900.26
keto,Keto Pizza Florentine recipes,italian,112.53,258.9,128.67,2022-10-16,18:02:45,3294.8999999999996
keto,KETO Shrimp and Asparagus Alfredo,italian,243.63,41.0,432.48,2022-10-16,18:02:45,3073.44
keto,Low-Carb Keto Lasagna,italian,284.21,119.23,401.06,2022-10-16,18:02:45,3814.1499999999996
keto,Easy Keto Mozzarella Chicken,italian,162.11,44.11,79.41,2022-10-16,18:02:45,1363.0700000000002
keto,Keto Strawberry Ice Cream,american,29.56,52.43,291.93,2022-10-16,18:02:45,1757.83
keto,Pecan Coconut Butter (Keto Diet),american,16.51,35.55,177.99,2022-10-16,18:02:45,1097.95
keto,Keto Matcha Mint Bars,american,52.13,167.75,322.48,2022-10-16,18:02:45,3008.19
keto,Keto Recipes - Baked Parmesan Chips,american,101.35,9.13,73.23,2022-10-16,18:02:45,780.49
keto,Keto Mediterranean Chicken Skillet,mediterranean,167.51,78.39,150.47,2022-10-16,18:02:51,1977.4299999999998
keto,Keto Shrimp Stir-Fry,chinese,99.02,38.73,21.15,2022-10-16,18:02:51,829.25
keto,Keto Chicken and Rice Casserole,italian,154.43,60.76,219.59,2022-10-16,18:02:51,2042.92
keto,Keto Blueberry Coconut Crumble Recipe,american,15.78,49.78,98.32,2022-10-16,18:02:51,904.42
keto,Keto Roti John recipes,american,165.21,72.4,275.59,2022-10-16,18:02:51,2414.8
keto,Low-Carb Keto Moscow Mule,world,0.25,36.46,0.06,2022-10-16,18:02:51,329.38
keto,Quick keto chips and dip,american,5.11,2.04,14.36,2022-10-16,18:02:51,96.24
keto,5 Minute Keto Pizza recipes,italian,29.07,23.2,33.98,2022-10-16,18:02:51,461.0
keto,Keto Bacon Cheeseburger Casserole,italian,342.16,63.19,560.81,2022-10-16,18:02:51,4180.59
keto,Keto Cinnamon Donut Holes Recipe,american,33.05,84.74,115.99,2022-10-16,18:02:51,1358.82
keto,Rebekah's Keto Egg Casserole,american,159.45,18.8,249.64,2022-10-16,18:02:51,1805.56
keto,Keto Salmon and Zucchini Noodles,nordic,102.67,29.96,81.16,2022-10-16,18:02:51,1004.9599999999999
keto,Vegan Keto Lemon Fat Bombs,american,6.06,24.7,109.39,2022-10-16,18:02:51,684.1
keto,Keto Jalapeno Popper Chicken Casserole,mexican,291.41,18.1,326.85,2022-10-16,18:02:51,2635.9400000000005
keto,Keto Chicken Mushroom Casserole Recipe,american,268.91,35.22,314.52,2022-10-16,18:02:51,2650.7
keto,Steak with Keto Mushroom Stroganoff,eastern europe,28.67,10.15,49.72,2022-10-16,18:02:51,404.91
keto,Keto Jalapeño Cheese Crisps Recipe,south american,49.55,7.42,42.87,2022-10-16,18:02:51,436.46000000000004
keto,Chocolate-Peanut Butter Keto Cups,american,37.23,43.07,310.17,2022-10-16,18:02:58,1777.23
keto,Keto Quick Asparagus Sauté Recipe,mediterranean,5.72,10.5,41.42,2022-10-16,18:02:58,283.06
keto,Magic Low-Carb Keto Gnocchi,italian,56.2,7.18,60.85,2022-10-16,18:02:58,532.82
keto,Creamy Keto Chicken-Poblano Soup,american,145.33,34.3,206.91,2022-10-16,18:02:58,1717.6599999999999
keto,"Jambalaya Kabobs | Keto, Paleo",american,199.3,53.04,179.69,2022-10-16,18:02:58,1993.32
keto,Keto Broccoli and Cheese Cauliflower,british,29.75,46.64,113.48,2022-10-16,18:02:58,992.6800000000001
keto,Sara Louise's Keto Matboucha,italian,26.61,124.82,115.33,2022-10-16,18:02:58,1691.1399999999999
keto,Keto Low Carb Ice Cream,american,4.86,24.12,77.37,2022-10-16,18:02:58,546.0
keto,Kat's Keto Turkey Meatballs,american,211.39,16.03,181.52,2022-10-16,18:02:58,1715.9099999999999
keto,Keto Beef Goulash Recipe,mediterranean,101.36,22.52,112.77,2022-10-16,18:02:58,1059.2
keto,Keto Brussels Sprouts with Bacon,central europe,74.47,91.38,104.66,2022-10-16,18:02:58,1538.94
keto,Keto Cheeseburger Casserole with Bacon,italian,351.06,56.31,598.18,2022-10-16,18:02:58,4303.75
keto,Keto Chicken Korma Recipe,south east asian,79.81,33.57,157.25,2022-10-16,18:02:58,1250.37
keto,Low-carb keto-friendly pizza,italian,68.94,22.73,85.55,2022-10-16,18:02:58,822.53
keto,Baked Brie with a Keto Crust,french,187.02,31.84,254.44,2022-10-16,18:02:58,2052.4
keto,Keto Air Fryer Jalapeno Poppers,mexican,35.33,16.34,142.17,2022-10-16,18:02:58,857.06
keto,Keto Cream Cheese Ranch Dip,american,25.21,49.16,125.24,2022-10-16,18:03:05,1044.24
keto,Keto Spinach Stuffed Chicken recipes,italian,230.26,4.42,149.39,2022-10-16,18:03:05,1558.3799999999999
keto,Keto Cauliflower Mac and Cheese,american,64.54,53.42,145.33,2022-10-16,18:03:05,1320.2600000000002
keto,Keto Herb and Cheese Spread,american,25.13,13.4,176.96,2022-10-16,18:03:05,928.96
keto,LCHF CHOCOLATE WALNUT KETO FUDGE,american,22.07,74.13,169.99,2022-10-16,18:03:05,1435.4099999999999
keto,Cheesy Broccoli Fritters,japanese,67.87,64.91,170.29,2022-10-16,18:03:05,1536.83
keto,Keto Strawberry Cheesecake Mousse recipes,french,20.47,38.07,174.0,2022-10-16,18:03:05,1120.51
keto,No-Churn Keto Ice Cream,italian,4.9,9.47,88.06,2022-10-16,18:03:05,457.07000000000005
keto,Smoked Keto Armadillo Eggs Recipe,american,104.37,15.8,189.76,2022-10-16,18:03:05,1318.72
keto,Keto Broccoli Cheese Soup,american,131.61,76.43,253.19,2022-10-16,18:03:05,2227.07
keto,Keto Friendly Creamsicle Melts Recipe,american,11.33,34.71,176.13,2022-10-16,18:03:05,1062.23
keto,PERFECT KETO CAULIFLOWER PIZZA CRUST,italian,34.9,46.14,19.99,2022-10-16,18:03:05,634.82
keto,Keto Chicken Lo Mein,chinese,180.51,300.53,90.16,2022-10-16,18:03:05,3787.4499999999994
keto,Keto Shepherd’s Pie recipes,british,175.49,158.54,327.6,2022-10-16,18:03:05,3439.22
keto,Keto Fish Pie recipes,american,239.73,47.73,293.85,2022-10-16,18:03:05,2563.8900000000003
keto,Best Low-Carb Keto Meatballs,american,135.58,26.91,162.06,2022-10-16,18:03:05,1432.75
keto,"Keto-Friendly, Low-Carb Bagels",american,193.85,54.39,272.94,2022-10-16,18:03:05,2356.67
keto,Low Carb Keto Tasty Buns,british,37.74,12.79,65.04,2022-10-16,18:03:11,526.23
keto,Keto creamy chicken bacon chowder,american,94.9,41.56,295.74,2022-10-16,18:03:11,1936.6000000000001
keto,"Chicken Alfredo Bake Recipe {Paleo, Clean Eating, Gluten-Free, Dairy-Free, Whole30} recipes",italian,134.66,68.36,106.66,2022-10-16,18:03:11,1580.52
keto,"Low Carb Keto ""Cornbread"" recipes",american,39.46,26.2,99.89,2022-10-16,18:03:11,793.2
keto,Keto Chocolate Coffee Fat Bombs,french,26.07,49.77,193.61,2022-10-16,18:03:11,1326.65
keto,Keto bomb chocolate coconut mousse,american,18.23,28.04,268.99,2022-10-16,18:03:11,1401.24
keto,Keto Avocado Cheese Dip recipes,american,106.87,66.56,314.87,2022-10-16,18:03:11,2286.0
keto,Keto Parmesan Crusted Pork Chops,mediterranean,225.74,8.9,132.4,2022-10-16,18:03:11,1512.66
keto,Keto Roasted Eggplant Dip Recipe,mediterranean,11.49,52.78,16.39,2022-10-16,18:03:11,586.54
keto,Keto Bacon Wrapped Chicken Tenders,american,329.65,278.16,424.63,2022-10-16,18:03:11,5520.5599999999995
keto,Keto -- Baked Mockaroni and Cheese,american,99.24,71.58,167.66,2022-10-16,18:03:11,1711.8200000000002
keto,Keto Air Fryer Breaded Cod,american,495.0,68.41,532.07,2022-10-16,18:03:11,4723.97
keto,Keto Mini Pecan Pies Recipe,american,33.17,97.26,163.76,2022-10-16,18:03:11,1663.06
keto,Keto Lemon Coconut Fat Bombs,french,2.81,11.79,27.11,2022-10-16,18:03:11,225.78999999999996
keto,Chocolate Peanut Butter Keto Cups,american,35.53,70.55,199.04,2022-10-16,18:03:11,1573.23
keto,Salt N Vinegar Keto Crackers,british,59.54,54.14,127.7,2022-10-16,18:03:11,1236.22
keto,Keto Bacon Ranch Stuffed Burger,american,122.45,90.56,196.66,2022-10-16,18:03:11,2091.48
keto,Keto Beef Egg Roll Slaw,chinese,127.9,81.03,203.37,2022-10-16,18:03:18,2054.35
keto,Chocolate Keto Fat Bomb Recipe,french,74.16,115.69,362.29,2022-10-16,18:03:18,2787.01
keto,Mascarpone Cream Mousse Dessert (Keto),american,20.87,62.84,152.53,2022-10-16,18:03:18,1259.16
keto,Keto Peppered Maple Pecan Bacon,american,24.04,19.32,84.41,2022-10-16,18:03:18,607.68
keto,Keto - friendly Chocolate Mousse recipes,british,13.19,44.96,47.03,2022-10-16,18:03:18,645.52
keto,Keto Sheet Pan Chicken Dinner,american,107.78,115.14,183.07,2022-10-16,18:03:18,2199.66
keto,Keto Blinis with Smoked Salmon,nordic,61.62,19.13,105.27,2022-10-16,18:03:18,839.73
keto,Keto Buffalo Blue Cheese Dressing,american,37.37,10.81,166.95,2022-10-16,18:03:18,914.5699999999999
keto,Keto Blueberry Pancake Mug Cake,american,7.93,16.14,10.0,2022-10-16,18:03:18,216.98
keto,Spicy Jalapeno Keto Chicken Wings,south american,321.4,13.94,240.3,2022-10-16,18:03:18,2372.26
keto,Easy Keto Tortilla Chips Recipe,american,64.23,22.42,94.97,2022-10-16,18:03:18,838.58
keto,Keto Jalapeno Popper Stuffed Chicken,french,285.85,15.56,110.2,2022-10-16,18:03:18,1724.24
keto,Parmesan Garlic Keto-Friendly Zoodles,italian,18.18,24.5,63.28,2022-10-16,18:03:25,546.34
keto,Easy Keto Taco Stuffed Avocados,mexican,30.46,25.5,68.29,2022-10-16,18:03:25,624.5
keto,Keto Greek Meatballs Salad Recipe,mediterranean,77.56,16.24,160.84,2022-10-16,18:03:25,1099.76
keto,Low-Carb Broccoli Cheese Quiche,french,70.98,140.69,143.36,2022-10-16,18:03:25,2123.57
keto,Piña Colada Keto Fat Bombs,french,2.8,11.76,27.12,2022-10-16,18:03:25,225.52
keto,Megan R keto dinner rolls,american,230.69,115.28,310.3,2022-10-16,18:03:25,3201.48
keto,Keto Parmesan-Breaded Eggplant Pizzas,italian,221.16,147.15,286.38,2022-10-16,18:03:25,3354.51
keto,"Whole30 Pickled Onions (Keto, Paleo)",american,0.82,6.86,13.57,2022-10-16,18:03:25,119.3
keto,Keto Jalapeno Popper Fat Bomb,french,16.42,6.92,63.74,2022-10-16,18:03:25,382.92
keto,90-Second Keto Bread in a Mug,british,13.88,7.98,34.26,2022-10-16,18:03:25,264.38
keto,Keto Spaghetti Squash Lasagna Boats,italian,274.34,196.1,288.84,2022-10-16,18:03:25,4017.62
keto,Keto Chia Pudding with Almond & Cinnamon,british,11.77,19.94,27.13,2022-10-16,18:03:25,335.06
keto,Keto Stuffed Pork Chops recipes,american,96.92,11.06,53.21,2022-10-16,18:03:25,700.0600000000001
keto,Jaynee's Keto Cinnamon Roll,french,13.05,18.22,80.12,2022-10-16,18:03:32,536.6600000000001
keto,Keto Chicken Thigh Roll-Ups,south east asian,187.56,15.53,305.48,2022-10-16,18:03:32,2111.9300000000003
keto,Keto Egg Fast Fettuccini Alfredo,british,17.68,3.61,41.52,2022-10-16,18:03:32,269.29
keto,Keto Egg Fast Snickerdoodle Crepes,french,41.95,23.76,124.21,2022-10-16,18:03:32,878.48
keto,Keto Blackberry Cheese Danish Turnovers,nordic,41.74,11.73,72.34,2022-10-16,18:03:32,561.8900000000001
keto,Keto Tortillas with Ground Beef,mexican,78.03,46.62,102.81,2022-10-16,18:03:32,1142.94
keto,Keto Lemon Butter White Fish,french,51.91,5.85,62.58,2022-10-16,18:03:32,510.60999999999996
keto,Best Keto Tuna Salad recipes,american,46.47,3.3,43.75,2022-10-16,18:03:32,390.58
keto,Keto Oven-Baked Brie Cheese,american,58.49,10.98,125.08,2022-10-16,18:03:32,833.1
keto,Keto Sausage Balls - Low Carb,british,304.46,54.52,466.5,2022-10-16,18:03:32,3574.52
keto,Easy Cheesy Keto Cabbage Casserole,middle eastern,190.65,9.21,293.37,2022-10-16,18:03:32,2018.97
keto,Keto Coconut Chip Ice Cream,american,38.64,154.5,289.88,2022-10-16,18:03:32,2704.58
keto,Low-carb keto pizza dough,italian,50.46,15.03,72.79,2022-10-16,18:03:32,628.27
keto,4-Ingredient Keto Chicken Curry Recipe,indian,93.24,29.98,147.63,2022-10-16,18:03:32,1233.3
keto,Easy Keto Sandwich Bread Recipe,american,214.17,74.98,142.91,2022-10-16,18:03:32,2103.14
keto,Keto Sticky Balsamic Pork Belly,chinese,98.0,35.4,555.44,2022-10-16,18:03:39,2932.36
keto,Kale-Coconut Dry Curry {keto},indian,9.04,31.16,20.59,2022-10-16,18:03:39,398.96000000000004
keto,Keto Cream Cheese Egg Cups,american,98.93,29.64,161.75,2022-10-16,18:03:39,1309.48
keto,Keto Bacon Green Beans Recipe,british,28.17,19.94,111.09,2022-10-16,18:03:39,736.5
keto,Keto Low Carb Cauliflower Pizza,italian,65.08,20.28,43.97,2022-10-16,18:03:39,618.72
keto,Easy Keto Creamed Spinach recipes,french,23.94,17.19,42.22,2022-10-16,18:03:39,419.35
keto,Strawberry Shortcake Keto Fat Bombs,british,25.28,47.81,73.61,2022-10-16,18:03:39,825.8500000000001
keto,Crispy Baked Keto Chicken Wings,american,242.23,52.28,156.28,2022-10-16,18:03:39,2064.56
keto,Buffalo Keto Chicken Tenders recipes,american,135.48,91.72,140.91,2022-10-16,18:03:39,1931.04
keto,Keto Shrimp and Grits Recipe,japanese,77.27,41.96,198.3,2022-10-16,18:03:39,1479.92
keto,Keto Apple Pork Chops recipes,american,254.91,15.11,245.28,2022-10-16,18:03:39,2136.75
keto,Keto Friendly Chocolate Mug Cake,american,99.51,26.02,26.45,2022-10-16,18:03:39,738.02
keto,Keto Saganaki Greek Fried Cheese,mediterranean,31.71,17.88,81.43,2022-10-16,18:03:39,613.48
keto,Peanut Butter Fat Bombs (Keto),french,29.14,29.87,166.79,2022-10-16,18:03:39,1052.55
keto,Keto-Friendly Grilled Stuffed Chicken,british,306.25,29.48,221.42,2022-10-16,18:03:39,2376.0
keto,Keto Low Carb Microwave Cheesecake,american,10.29,4.86,35.27,2022-10-16,18:03:45,225.98000000000002
keto,Keto Avocado Tuna Melt Bites,american,81.32,28.45,214.0,2022-10-16,18:03:45,1437.33
keto,Beef Back Ribs Keto Style,american,185.8,31.24,316.87,2022-10-16,18:03:45,2291.84
keto,Keto Crockpot Beef Stroganoff Recipe,eastern europe,201.35,45.1,158.06,2022-10-16,18:03:45,1843.54
keto,Keto Grilled Cheese Sandwich recipes,american,29.69,31.72,70.23,2022-10-16,18:03:45,685.1600000000001
keto,Keto Mixed Berry Crumble Pots,american,21.58,89.0,106.92,2022-10-16,18:03:45,1315.0
keto,Chicken Parmesan Casserole - Low Carb &,italian,193.22,72.22,121.77,2022-10-16,18:03:45,1909.94
keto,Easy Keto Dijon Chicken Thighs,french,133.93,16.49,166.39,2022-10-16,18:03:45,1349.69
keto,Keto Creamy Spinach Egg Casserole,italian,32.89,19.54,68.87,2022-10-16,18:03:45,582.9
keto,Keto Pepperoni Pizza Cauliflower Casserole,italian,60.43,28.29,89.31,2022-10-16,18:03:45,853.5699999999999
keto,low carb keto stuffed eggs,italian,69.15,5.93,102.39,2022-10-16,18:03:45,739.53
keto,Begedil Keto Potato Patties recipes,eastern europe,20.34,28.74,70.27,2022-10-16,18:03:45,621.0999999999999
keto,Keto Three Cheese Bacon Asparagus,american,43.03,26.12,95.54,2022-10-16,18:03:45,789.3600000000001
keto,Keto Root Beer Float Pops,american,3.66,41.93,66.05,2022-10-16,18:03:52,656.21
keto,Paleo Breakfast Burger (Whole30 + Keto),nordic,125.93,35.2,153.02,2022-10-16,18:03:52,1432.6
keto,"Avocado Yogurt Dip {Vegetarian, Keto}",american,16.35,34.24,42.04,2022-10-16,18:03:52,541.72
keto,Chive Horseradish Keto Cauliflower Mash,british,47.24,58.15,79.34,2022-10-16,18:03:52,1029.67
keto,White Chocolate Keto Truffles recipes,american,3.17,203.58,226.54,2022-10-16,18:03:52,2751.06
keto,Keto Cheesy Spinach and Egg Casserole,italian,120.23,23.36,100.03,2022-10-16,18:03:52,1091.2800000000002
keto,Coconut Flour Keto Donut Holes,american,12.73,60.53,81.62,2022-10-16,18:03:52,922.17
keto,Keto Chicken Cauliflower Fried Rice,chinese,77.71,41.36,94.03,2022-10-16,18:03:52,1059.1999999999998
keto,Low Carb Snickerdoodles - Keto & Glute,british,51.2,47.26,204.0,2022-10-16,18:03:52,1446.1399999999999
keto,"Bacon Wrapped Asparagus, Keto Style",american,40.04,31.92,146.48,2022-10-16,18:03:52,1033.3600000000001
keto,Keto White Pizza Frittata recipes,italian,160.92,26.9,194.95,2022-10-16,18:03:52,1665.58
keto,Slow Cooker Keto Barbecue Meatloaf,central europe,261.46,139.57,317.04,2022-10-16,18:03:52,3570.13
keto,"Whole30 Cajun Seasoning (Keto, Paleo)",american,5.7,29.08,2.76,2022-10-16,18:03:52,295.56
keto,Keto “Apple” Cheesecake Danish recipes,nordic,6.68,26.71,55.25,2022-10-16,18:03:52,488.11
keto,Keto Pesto-stuffed Chicken Thighs,italian,145.34,20.19,197.97,2022-10-16,18:03:59,1554.95
keto,Keto & Paleo Condensed Milk recipes,american,18.87,93.73,180.8,2022-10-16,18:03:59,1642.25
keto,Hot Melt (keto-approved) Spaghetti,italian,75.0,47.1,158.3,2022-10-16,18:03:59,1357.1000000000001
keto,Keto SOUTHERN BACON-FRIED CABBAGE,american,40.66,94.41,70.56,2022-10-16,18:03:59,1294.57
keto,Megan R Buffalo chicken keto,american,181.29,29.17,287.05,2022-10-16,18:03:59,2135.8900000000003
keto,Easy Keto Pumpkin Bread recipes,american,67.87,199.54,220.58,2022-10-16,18:03:59,2949.6600000000003
keto,Keto Blueberry Cheesecake Squares recipes,american,40.07,56.05,215.87,2022-10-16,18:03:59,1528.21
keto,Keto Rosemary Dill Salmon recipes,nordic,515.92,6.24,160.09,2022-10-16,18:03:59,2760.2
keto,Stuffed portobello Caps Keto style,italian,145.9,45.31,127.07,2022-10-16,18:03:59,1499.67
keto,Keto Lemon Meringue Custard recipes,french,21.21,236.78,141.58,2022-10-16,18:03:59,2782.1800000000003
keto,"Korean Ground Beef | Keto, Paleo",french,85.32,11.64,112.27,2022-10-16,18:03:59,895.1199999999999
keto,Fathead Keto Gnocchi - Low Carb,italian,172.39,57.04,341.32,2022-10-16,18:03:59,2568.2
keto,Keto Crockpot Clam Chowder recipes,american,254.11,99.29,343.88,2022-10-16,18:03:59,3285.57
keto,Keto Buffalo Chicken Soup Recipe,american,106.16,49.65,125.53,2022-10-16,18:04:06,1373.6100000000001
keto,Creamy Keto Tuscan Soup Recipe,italian,108.42,64.15,279.58,2022-10-16,18:04:06,2129.35
keto,Keto Turkey Meatballs with Pesto,american,96.36,32.12,111.46,2022-10-16,18:04:06,1120.36
keto,Keto Lemon Mug Cake Recipe,american,23.08,38.12,28.75,2022-10-16,18:04:06,550.4
keto,Keto No-Churn Strawberry Ice Cream,italian,5.24,13.36,88.21,2022-10-16,18:04:06,494.03999999999996
keto,Easy Keto Chicken Verde Enchiladas,mexican,167.63,18.64,93.98,2022-10-16,18:04:06,1214.2
keto,Roast Pumpkin & Feta - Keto Salad,mediterranean,35.51,55.26,94.81,2022-10-16,18:04:06,1018.62
keto,KETO SPICY CHIPOTLE DEVILED EGGS,mexican,38.98,7.45,80.07,2022-10-16,18:04:06,543.25
keto,Pesto Keto Chicken Stuffed Peppers,italian,146.22,58.28,151.35,2022-10-16,18:04:06,1714.8000000000002
keto,Keto Shrimp Cauliflower Fried Rice,chinese,61.29,43.43,75.34,2022-10-16,18:04:06,937.39
keto,Keto-Friendly Soft Tacos — Steemit,mexican,87.04,24.12,123.81,2022-10-16,18:04:06,1060.48
keto,Keto Italian Chicken Salad recipes,italian,315.23,34.66,147.1,2022-10-16,18:04:06,2161.26
keto,Keto-Approved Ranch Dressing recipes,american,12.98,10.19,207.76,2022-10-16,18:04:12,974.67
keto,Keto Broccoli Cheese Soup Recipe,american,138.32,59.75,342.99,2022-10-16,18:04:12,2462.99
keto,Philly Cheesesteak Keto Roll recipes,american,46.48,11.73,60.67,2022-10-16,18:04:12,534.1700000000001
keto,Keto Chocolate Almond Fudge Slices,french,120.91,573.8,494.62,2022-10-16,18:04:12,7626.32
keto,Keto turkey egg roll casserole,american,225.51,115.2,60.91,2022-10-16,18:04:12,2182.48
keto,Keto Chocolate Toast Crunch Cereal,french,54.78,110.72,192.3,2022-10-16,18:04:12,1984.8
keto,10 Minute Keto Country Gravy recipes,british,22.82,10.92,139.25,2022-10-16,18:04:12,746.56
keto,Keto Mini Pepper Pizza Cups,italian,65.96,38.66,73.02,2022-10-16,18:04:12,903.8599999999999
keto,Keto Paleo Tuna Taquitos Recipe,mexican,46.45,79.45,75.1,2022-10-16,18:04:12,1201.25
keto,Best Keto Cabbage Salad Recipe,middle eastern,80.7,32.89,123.75,2022-10-16,18:04:12,1113.81
keto,Air Fryer Keto Pork Chops,mexican,176.8,10.24,92.62,2022-10-16,18:04:12,1169.8400000000001
keto,Keto Cilantro Lime Cauliflower Rice,mediterranean,14.02,39.98,29.53,2022-10-16,18:04:12,534.02
keto,Sara Louise's Keto Roasted Endives,nordic,4.79,22.28,108.66,2022-10-16,18:04:12,654.3199999999999
keto,Keto Instant Pot Pulled Chicken,french,86.97,9.53,110.61,2022-10-16,18:04:12,876.0899999999999
keto,Keto Chicken Thighs with Creamed Spinach,american,273.02,47.05,450.31,2022-10-16,18:04:12,3316.77
keto,Keto Chicken Pesto Cauliflower Casserole,italian,168.26,44.33,138.35,2022-10-16,18:04:19,1625.4099999999999
keto,Low Carb Keto Hamburger Buns,american,49.44,135.19,60.36,2022-10-16,18:04:19,1655.91
keto,Keto Neapolitan Ice-Cream recipes,american,30.88,46.4,127.99,2022-10-16,18:04:19,1053.08
keto,"Chunky Guacamole (Paleo, Whole30 + Keto)",mexican,21.59,103.56,118.8,2022-10-16,18:04:19,1493.6
keto,Cheese Wafers {Keto/Low Carb,american,83.66,58.74,285.17,2022-10-16,18:04:19,2003.98
keto,Keto Sheet Pan Steak Fajitas,mexican,155.71,37.09,176.53,2022-10-16,18:04:19,1662.77
keto,Keto Parmesan Crisps with Tomato Slices,american,36.24,5.41,25.98,2022-10-16,18:04:19,297.57
keto,Keto Diet Sloppy Joe Recipe,french,79.29,120.71,91.06,2022-10-16,18:04:19,1767.79
keto,Keto Crustless Mushroom Spinach Pie,italian,109.02,41.52,108.35,2022-10-16,18:04:19,1243.1599999999999
keto,Keto Faux French Onion Dip Recipe,american,2.05,12.68,89.18,2022-10-16,18:04:19,479.04
keto,Keto Chicken Enchiladas - White Version,central europe,420.57,63.04,240.6,2022-10-16,18:04:19,3212.04
keto,Keto Creamy Chicken and Vegetable Bake,mexican,262.5,116.17,319.91,2022-10-16,18:04:19,3375.17
keto,Crockpot Keto Buffalo Chicken Soup,american,52.28,29.91,124.92,2022-10-16,18:04:19,977.99
keto,Easy Keto Spinach Cheese Manicotti,italian,199.82,51.36,148.43,2022-10-16,18:04:19,1855.24
keto,Easy Keto Curry Chicken Recipe,south east asian,273.63,62.25,136.67,2022-10-16,18:04:19,2201.45
keto,Keto Chicken Skewers with Rustic Vegetables,mediterranean,132.42,21.87,69.28,2022-10-16,18:04:19,1003.63
keto,5 Minute Keto Raspberry Vinaigrette recipes,french,0.74,9.21,108.4,2022-10-16,18:04:26,519.45
keto,Keto Chicken Cordon Bleu Recipe,french,266.86,50.52,323.19,2022-10-16,18:04:26,2814.88
keto,Vivica's Keto Roast Chicken recipes,american,224.0,4.69,181.41,2022-10-16,18:04:26,1663.85
keto,Deep Dish Skillet Keto Pizza,italian,85.1,38.27,146.3,2022-10-16,18:04:26,1270.03
keto,Keto-Friendly Low-Carb Bread,american,45.87,32.41,102.19,2022-10-16,18:04:26,883.93
keto,Ultra Moist Keto Blackberry Muffins,american,82.78,137.32,228.07,2022-10-16,18:04:26,2479.2799999999997
keto,Keto Hot Chili Soup recipes,american,106.42,61.05,175.46,2022-10-16,18:04:26,1676.9699999999998
keto,Keto Egg Fried Rice recipes,chinese,48.45,52.66,88.21,2022-10-16,18:04:26,1020.5799999999999
keto,Keto Mini Pepperoni Guacamole Bites,mexican,50.7,47.63,122.37,2022-10-16,18:04:26,1120.95
keto,Keto Taco Stuffed Mini Peppers,american,64.53,66.96,87.66,2022-10-16,18:04:26,1211.4
keto,KETO BEEF BRISKET Slow Cooker,french,335.26,33.16,444.27,2022-10-16,18:04:26,3416.56
keto,Parmesan-Garlic Keto Chicken Wings,american,492.67,12.78,404.5,2022-10-16,18:04:26,3703.7000000000003
keto,Sara Louise's Keto Israeli Salad,middle eastern,7.1,42.83,41.67,2022-10-16,18:04:26,580.55
keto,Keto Fat Bombs with Cacao and Cashew,italian,90.86,130.47,428.13,2022-10-16,18:04:26,3250.19
keto,Roasted Butternut Squash Apple Soup,american,15.46,144.09,64.19,2022-10-16,18:04:33,1615.4099999999999
keto,Strawberry Cheesecake Fat Bombs *Keto*,american,15.29,37.36,97.5,2022-10-16,18:04:33,787.4
keto,Keto Broccoli Cheddar Biscuits recipes,american,90.25,53.71,192.45,2022-10-16,18:04:33,1614.19
keto,Keto Chicken Cordon Bleu Casserole,french,136.74,18.57,195.65,2022-10-16,18:04:33,1496.69
keto,Crispy Keto Cauliflower Cakes recipes,american,55.65,41.77,99.24,2022-10-16,18:04:33,995.49
keto,EZ Truckers Chili (Keto Style),american,112.74,71.89,24.19,2022-10-16,18:04:33,1194.73
keto,Keto Cheesy Steak Zucchini Boats,mediterranean,77.03,27.55,85.24,2022-10-16,18:04:33,897.03
keto,Keto Zucchini Rollatini - Low Carb,italian,190.8,64.39,216.6,2022-10-16,18:04:33,2209.11
keto,Keto Thai Red Curry Paste,south east asian,8.29,44.37,63.96,2022-10-16,18:04:33,688.33
keto,"Keto Cauliflower, Eggs, and Bacon Salad",american,56.73,63.32,143.25,2022-10-16,18:04:33,1369.8
keto,Tasty and Easy Keto Dinner Rolls,american,251.34,85.55,419.16,2022-10-16,18:04:33,3451.95
keto,Spicy Keto Chicken-and-Cheese Casserole,south american,180.55,33.49,130.18,2022-10-16,18:04:33,1544.3300000000002
keto,Keto Meal Prep Breakfast Bombs,french,147.45,52.42,281.67,2022-10-16,18:04:39,2188.26
keto,Keto Mulled Berry Chia Parfaits,french,22.78,76.66,101.11,2022-10-16,18:04:39,1185.5
keto,Texas Style Keto Venison Chili,american,213.89,91.92,69.02,2022-10-16,18:04:39,1958.9199999999998
keto,Sara Louise's Keto Asparagus Soup,french,78.66,121.92,79.18,2022-10-16,18:04:39,1728.64
keto,Keto Bacon Cauliflower Mac and Cheese,american,113.43,42.36,361.84,2022-10-16,18:04:39,2282.3199999999997
keto,Sara Louise's Keto Falafel Balls,middle eastern,35.71,29.64,53.59,2022-10-16,18:04:39,623.96
keto,Low Carb Keto Cheese Crisps Recipe,american,80.1,7.19,68.05,2022-10-16,18:04:39,657.31
keto,Paleo/Keto Greek Cabbage with Bacon,mediterranean,27.58,75.5,36.77,2022-10-16,18:04:39,936.9
keto,Keto Creamy Asparagus and Shrimp Alfredo,italian,90.79,24.77,128.9,2022-10-16,18:04:39,1101.69
keto,No-Bake Keto Chocolate Roll recipes,american,32.13,102.8,227.02,2022-10-16,18:04:39,1961.8000000000002
keto,Keto 5 Minute Caesar Dressing recipes,american,2.77,7.08,134.38,2022-10-16,18:04:39,612.3199999999999
keto,Easy Keto Cordon Bleu recipes,french,177.02,29.23,288.14,2022-10-16,18:04:39,2123.71
keto,Keto Sun-Dried Tomato Chicken,american,144.95,89.92,248.65,2022-10-16,18:04:39,2383.68
keto,One-Pan Keto Shrimp and Asparagus,british,63.54,17.38,50.49,2022-10-16,18:04:39,612.54
keto,Keto Chicken Curry With Coconut Milk,indian,66.63,14.21,79.56,2022-10-16,18:04:39,712.65
keto,Keto Gourmet: Bacon Wrapped Lobster!,american,118.42,18.61,262.26,2022-10-16,18:04:39,1690.21
keto,Instant Pot® Keto Hamburger Soup,american,119.3,31.47,294.26,2022-10-16,18:04:39,1937.47
keto,Keto King Ranch Chicken recipes,american,213.09,123.92,306.16,2022-10-16,18:04:39,3192.2799999999997
keto,"AIP Italian Burgers Recipe [Paleo, Keto]",nordic,92.56,23.41,58.4,2022-10-16,18:04:39,814.5300000000001
keto,Keto Peanut Butter Fudge Fat Bomb,american,57.66,66.58,351.17,2022-10-16,18:04:46,2234.54
keto,Pork Tenderloin with Roasted Veggies (Keto),british,183.61,57.84,84.55,2022-10-16,18:04:46,1593.2
keto,KETO Chicken with sundried tomato and cream,american,24.41,10.18,53.51,2022-10-16,18:04:46,403.29999999999995
keto,Ham and Cheese Keto Stromboli recipes,italian,129.07,33.43,145.31,2022-10-16,18:04:46,1398.3899999999999
keto,Keto Pepperoni Pizza with Fathead Crust,italian,217.33,51.8,278.81,2022-10-16,18:04:46,2450.76
keto,Keto Cauliflower Pizza Casserole recipes,italian,217.65,84.99,388.93,2022-10-16,18:04:46,3191.23
keto,3 Ingredient Keto Chocolate Mug Cake,british,8.17,7.26,6.05,2022-10-16,18:04:46,122.22000000000001
keto,Keto Sesame Zoodles with Roasted Pork,chinese,42.65,13.86,93.35,2022-10-16,18:04:46,668.74
keto,Keto Chicken Pad Thai recipes,south east asian,220.94,520.75,207.98,2022-10-16,18:04:46,6402.43
keto,Sweet Chili Keto Pork Chops,american,165.77,42.29,88.2,2022-10-16,18:04:46,1396.49
keto,The BEST Keto Broccoli Cheese Soup,american,104.29,77.81,300.87,2022-10-16,18:04:46,2320.9300000000003
keto,Easy Keto Pork and Cabbage Casserole,nordic,98.41,24.98,21.26,2022-10-16,18:04:46,703.5
keto,Keto Stuffed Chicken Breast Recipe,american,84.0,31.5,157.88,2022-10-16,18:04:46,1251.02
keto,Instant Pot® Keto Chicken Curry,indian,71.08,24.35,100.57,2022-10-16,18:04:46,905.75
keto,Healthy Keto Salmon Paté recipes,nordic,62.34,22.75,145.42,2022-10-16,18:04:53,1035.79
keto,"Keto Sriracha “Spaghetti"" + Meatballs recipes",italian,118.99,74.23,176.92,2022-10-16,18:04:53,1851.71
keto,Keto Pesto Chicken Bake with Haloumi,american,225.01,27.62,283.77,2022-10-16,18:04:53,2283.7
keto,Spinach and Artichoke Keto Egg Bake,mediterranean,94.04,54.02,69.66,2022-10-16,18:04:53,1140.98
keto,Keto Double Chocolate Macaroons recipes,french,38.35,90.62,220.18,2022-10-16,18:04:53,1849.7
keto,Keto Chocolate Silk Pie recipes,american,85.52,262.71,417.14,2022-10-16,18:04:53,4375.03
keto,Thin Keto Pizza Crust recipes,italian,52.74,87.16,112.08,2022-10-16,18:04:53,1443.72
keto,Keto Low Carb Curry recipes,south east asian,83.53,111.03,132.41,2022-10-16,18:04:53,1863.0299999999997
keto,Easy Keto Ranch Dressing recipes,american,7.25,14.4,156.6,2022-10-16,18:04:53,785.0
keto,Keto Mini Pumpkin-Pecan Cheesecakes,american,35.87,36.91,145.82,2022-10-16,18:04:53,1058.9499999999998
keto,Keto Overnight Oats with Coconut and Blueberries,french,17.69,18.17,33.66,2022-10-16,18:04:53,368.93
keto,Raspberry White Chocolate Keto Fat Bombs,american,21.42,68.67,347.44,2022-10-16,18:04:53,2093.4700000000003
keto,The Keto Diet for $30 per Week,french,36.67,6.73,34.9,2022-10-16,18:04:53,346.85
keto,Cheesy Sausage and Egg Keto Casserole,american,128.64,46.61,177.76,2022-10-16,18:04:53,1645.09
keto,The Best Keto Mashed Cauliflower Recipe,american,18.85,46.91,35.38,2022-10-16,18:04:53,639.1099999999999
keto,Keto Paleo Seafood Paella recipes,mediterranean,202.38,73.21,80.26,2022-10-16,18:04:53,1789.4499999999998
keto,Pork Meatballs (keto and gluten free),nordic,132.98,16.47,173.98,2022-10-16,18:04:53,1376.07
keto,Instant Pot® Keto Green Beans,french,32.77,37.71,89.68,2022-10-16,18:04:53,829.19
keto,Creamy Keto Spinach and Celery Soup,american,4.89,11.33,30.9,2022-10-16,18:04:59,245.13
keto,KETO-LICIOUS SUGAR FREE CHOCOLATE FONDANT,french,36.91,126.07,197.27,2022-10-16,18:04:59,2071.35
keto,Vegan Keto Tangy Coconut Soup,american,135.31,231.2,911.26,2022-10-16,18:04:59,6267.08
keto,Keto Doritos Safe Cheat-oh ~ Dorketos ~,american,26.98,5.03,36.3,2022-10-16,18:04:59,298.39
keto,Smoked Salmon Keto Mini Quiches,nordic,95.74,15.59,108.51,2022-10-16,18:04:59,957.31
keto,Sara Louise's Keto Tuna Croquettes,japanese,197.3,27.95,142.2,2022-10-16,18:04:59,1609.55
keto,Keto Spinach Mushroom Bacon Saute Recipe,american,31.06,12.9,70.07,2022-10-16,18:04:59,520.62
keto,Keto Chicken Cordon Bleu Meatballs,french,177.14,26.54,175.12,2022-10-16,18:04:59,1647.9
keto,"Keto Jalapeno Poppers | Cheesy, Bacon Goodness",french,45.52,14.65,64.04,2022-10-16,18:04:59,570.09
keto,Keto Omelet with Zucchini and Chanterelle Mushrooms,french,26.34,7.23,36.07,2022-10-16,18:04:59,314.71000000000004
keto,Bacon Cheeseburger Pizza - Keto Recipe,italian,151.43,229.41,179.32,2022-10-16,18:04:59,3387.6899999999996
keto,Sara Louise's Keto Cabbage Soup,central europe,320.2,85.31,765.52,2022-10-16,18:04:59,5110.67
keto,Keto BBQ Salad with Shredded Chicken,american,94.91,66.22,138.39,2022-10-16,18:04:59,1529.1799999999998
keto,Keto Friendly Lemon Fat Bomb recipes,french,7.26,6.2,139.42,2022-10-16,18:04:59,642.52
keto,TLC - Easy Keto Avocado Dessert recipes,american,8.91,39.98,74.67,2022-10-16,18:04:59,694.14
keto,Priya’s #Keto Baked Cauliflower recipes,american,21.55,65.36,14.96,2022-10-16,18:05:06,734.2800000000001
keto,Three Ingredient Keto Pie Crust recipes,american,25.32,49.46,112.54,2022-10-16,18:05:06,996.5799999999999
keto,Sara Louise's Keto Creamed Spinach,italian,29.48,34.96,231.05,2022-10-16,18:05:06,1356.76
keto,Dairy-Free Keto Bacon Wrapped Zucchini,american,38.76,27.35,94.59,2022-10-16,18:05:06,779.55
keto,Sara Louise's Keto Beef Kebabs,middle eastern,241.19,46.91,300.87,2022-10-16,18:05:06,2590.43
keto,Keto Loco Moco Burger Recipe,french,63.06,31.86,166.3,2022-10-16,18:05:06,1204.18
keto,Keto Baked Spinach-Artichoke Chicken Breasts,mediterranean,431.02,61.48,279.11,2022-10-16,18:05:06,3393.8399999999997
keto,Keto Chicken and Vegetables Stir Fry,chinese,68.24,19.76,38.4,2022-10-16,18:05:06,604.4
keto,Keto Crispy Sesame Beef recipes,chinese,89.63,42.47,128.53,2022-10-16,18:05:06,1254.87
keto,Mexican Rice With Chorizo - Keto Recipe,mexican,67.6,35.57,136.47,2022-10-16,18:05:06,1136.4099999999999
keto,Mini Cheesecakes Recipe {low carb / keto},british,37.71,19.79,163.49,2022-10-16,18:05:06,982.9100000000001
keto,Sara Louise's Keto Stuffed Mushrooms,american,105.8,109.7,81.26,2022-10-16,18:05:06,1735.54
keto,Keto Chocolate Fudge Haystacks - No Bake,american,23.7,43.78,214.12,2022-10-16,18:05:06,1345.3
keto,Keto Carb Free Whipped Cream recipes,french,9.76,51.84,176.13,2022-10-16,18:05:06,1210.1200000000001
keto,Keto Italian Cheese Stuffed Mushrooms,italian,84.77,53.03,158.48,2022-10-16,18:05:06,1450.27
keto,Keto Deviled Green Eggs and Ham,eastern europe,132.31,26.16,181.38,2022-10-16,18:05:06,1490.2
keto,Sara Louise's Keto Pepper Steak,american,191.85,70.7,172.74,2022-10-16,18:05:06,2094.66
keto,Keto Fat Head Dough Pizza Recipe,italian,124.29,29.7,168.16,2022-10-16,18:05:13,1437.1
keto,Sara Louise's Keto Stuffed Peppers,italian,65.89,89.94,142.27,2022-10-16,18:05:13,1642.1
keto,5-Minute Creamy Keto Cucumber Salad,american,2.18,13.72,22.67,2022-10-16,18:05:13,222.88000000000002
keto,Keto Chicken and Bacon Lettuce Wraps,american,124.23,8.24,177.52,2022-10-16,18:05:13,1281.16
keto,"Glazed Ham | Keto, No Added Sugar",american,570.28,162.39,297.48,2022-10-16,18:05:13,4932.549999999999
keto,40 Minute Fresh Keto Chili recipes,american,172.37,55.88,201.08,2022-10-16,18:05:13,1996.7200000000003
keto,Keto Chicken a la King Recipe,american,210.23,44.42,276.8,2022-10-16,18:05:13,2347.9
keto,Keto Mini Chocolate Donuts recipes,american,50.79,121.09,239.93,2022-10-16,18:05:13,2252.69
keto,No Churn Keto Chocolate Ice Cream,italian,43.03,160.97,245.96,2022-10-16,18:05:13,2604.69
keto,Crispy Keto Fried Chicken recipes,american,115.83,20.78,209.13,2022-10-16,18:05:13,1486.8600000000001
keto,LCHF Keto Coconut lemon vanilla custard,american,24.56,67.07,93.94,2022-10-16,18:05:13,1077.6299999999999
keto,Keto Friendly Chocolate Fat Bombs recipes,french,7.93,7.57,139.89,2022-10-16,18:05:13,659.41
keto,Easy Keto Taco Salad Bowl for 2,mexican,47.46,31.33,100.33,2022-10-16,18:05:13,873.1299999999999
keto,Keto Open-Faced Chicken Cordon Bleu,french,188.45,29.82,194.79,2022-10-16,18:05:13,1801.34
keto,Keto Beef and Broccoli Stir Fry,chinese,49.94,15.93,40.33,2022-10-16,18:05:13,504.45
keto,Mad Creations Keto Creamy Cauliflower Dauphinoise,mediterranean,52.59,41.65,251.4,2022-10-16,18:05:13,1590.81
keto,Keto Fathead Pizza with Chorizo and Salsa,italian,153.39,40.88,214.66,2022-10-16,18:05:13,1840.12
keto,Easy Keto Lasagna Stuffed Portobellos - Lo,italian,162.32,55.35,243.42,2022-10-16,18:05:13,2121.11
keto,Keto Sweet Pecan Tuna Salad recipes,american,131.66,30.76,202.26,2022-10-16,18:05:20,1612.52
keto,Egg-Free Gluten-Free Keto Wraps,american,4.17,126.79,18.82,2022-10-16,18:05:20,1233.0700000000002
keto,Low-Carb Keto Salmon Curry Recipe,nordic,119.66,57.89,242.72,2022-10-16,18:05:20,1970.53
keto,Spicy Seasoned Keto Zucchini Fries Recipe,south american,31.24,114.41,19.94,2022-10-16,18:05:20,1234.41
keto,Keto Mozzarella and Tomato Broiled Shrimp,italian,99.78,20.24,87.74,2022-10-16,18:05:20,932.24
keto,Keto Mexican Rice with Chorizo recipes,mexican,79.12,65.39,138.15,2022-10-16,18:05:20,1457.5900000000001
keto,Sara Louise's Keto Zucchini Soup,mediterranean,12.25,32.96,14.57,2022-10-16,18:05:20,403.91999999999996
keto,Healthy Keto No-Cook Bento Lunchbox,british,66.03,16.08,50.21,2022-10-16,18:05:20,609.68
keto,Keto Steak and Mushroom Soup Recipe,american,128.51,104.27,25.43,2022-10-16,18:05:20,1554.1899999999998
keto,Keto Bacon Wrapped Chicken Tenders recipes,american,68.83,5.53,98.26,2022-10-16,18:05:20,718.13
keto,Lamb Meatballs with Mint Gremolata - Keto,nordic,175.9,21.94,276.35,2022-10-16,18:05:20,2006.46
keto,Keto Taco Cups with Avocado Salsa,mexican,140.76,46.68,196.07,2022-10-16,18:05:20,1767.44
keto,"Roasted Radishes (Paleo, Low Carb, Keto)",american,5.05,25.46,27.73,2022-10-16,18:05:20,360.26
keto,Keto Pulled Pork for the Slow Cooker,french,285.67,73.91,181.25,2022-10-16,18:05:20,2532.87
keto,"Keto Cauliflower Casserole, The Perfect Sidedish",italian,110.12,44.45,220.02,2022-10-16,18:05:26,1720.6100000000001
keto,Keto Green Bean Skillet Pizza recipes,italian,227.07,34.74,269.1,2022-10-16,18:05:26,2297.34
keto,Low Carb Keto Coconut Cauliflower Rice,british,17.45,42.51,77.14,2022-10-16,18:05:26,760.95
keto,"Sausage, Zucchini, and Cauli Keto Risotto",italian,82.19,47.82,150.11,2022-10-16,18:05:26,1359.58
keto,Keto 3 Bean Salad - Low Carb,american,24.31,39.47,49.81,2022-10-16,18:05:26,651.71
keto,Vegan Keto-Friendly Thai Yellow Curry,south east asian,72.13,329.13,173.05,2022-10-16,18:05:26,3942.8900000000003
keto,Keto Chicken Thighs with Charred Lemon,italian,131.04,20.47,154.99,2022-10-16,18:05:26,1328.35
keto,Keto Low Carb Beef and Broccoli,mediterranean,55.94,29.11,42.98,2022-10-16,18:05:26,657.67
keto,Coconut Flour Chocolate Keto Mug Cake,british,17.36,31.7,36.4,2022-10-16,18:05:26,500.34000000000003
keto,Sara Louise's Keto Chicken Saltimbocca,italian,250.23,41.75,93.5,2022-10-16,18:05:26,1750.67
keto,Keto No Bake Orange Creamsicle Cheesecake,american,106.71,112.87,498.58,2022-10-16,18:05:26,3436.99
keto,Keto Salmon in Foil Packets with Pesto,nordic,98.78,20.26,109.87,2022-10-16,18:05:26,1016.94
keto,Vegan Keto Shortbread Pie Crust recipes,american,16.55,53.02,125.8,2022-10-16,18:05:26,1046.58
keto,Almond Flour Fried Chicken (Keto-Friendly),american,128.8,116.32,307.62,2022-10-16,18:05:33,2792.56
keto,New Recipe: Peanut Butter Keto Cups,american,46.36,88.44,296.04,2022-10-16,18:05:33,2165.5600000000004
keto,Keto Raspberry No-Bake Cheesecake recipes,american,31.97,63.83,198.52,2022-10-16,18:05:33,1496.43
keto,Keto Chicken Salad Stuffed Avocados recipes,mediterranean,41.52,92.24,171.62,2022-10-16,18:05:33,1682.72
keto,Keto Beef and Broccoli Lo Mein,chinese,132.13,277.41,62.27,2022-10-16,18:05:33,3274.29
keto,"Keto Roasted Eggplant, Lemon, and Caper Salad",mediterranean,8.39,48.51,55.71,2022-10-16,18:05:33,692.99
keto,Keto Salisbury Steak with Mushroom Gravy,british,226.77,46.16,146.65,2022-10-16,18:05:33,1909.12
keto,Keto Spicy Mango Mojitos - Low Carb,world,1.81,28.3,0.81,2022-10-16,18:05:33,265.18
keto,Keto Chocolate Cake in a Mug recipes,british,12.53,14.74,36.95,2022-10-16,18:05:33,330.58000000000004
keto,Portobello Pizza Keto Stuffed Mushrooms Recipe,italian,59.73,32.92,71.87,2022-10-16,18:05:33,822.6800000000001
keto,Keto Strawberry Coconut Chia Seed Pudding,british,6.51,18.23,25.06,2022-10-16,18:05:33,290.34999999999997
keto,Keto Slow Cooker Mexican Chicken Thighs,mexican,118.81,13.06,116.16,2022-10-16,18:05:33,1057.42
keto,No Eggs! Keto Mini Pizzas recipes,italian,32.18,37.9,17.21,2022-10-16,18:05:33,538.66
keto,Sara Louise's Keto Beef and Broccoli,british,112.87,62.46,50.88,2022-10-16,18:05:33,1217.14
keto,Keto Pesto Shrimp Skewers - Low Carb,italian,19.66,19.02,50.1,2022-10-16,18:05:33,450.22
keto,Keto Garlic Parm Buffalo Chicken Dip,american,102.57,17.28,179.68,2022-10-16,18:05:33,1284.52
keto,Keto Mushroom and Bok Choy Stir-Fry,chinese,19.48,29.85,55.78,2022-10-16,18:05:33,569.69
keto,"Loaded Cauliflower (low carb, keto) recipes",british,49.5,30.1,109.97,2022-10-16,18:05:40,908.78
keto,Savory Keto Pie Crust recipes,british,60.68,38.08,99.19,2022-10-16,18:05:40,982.1999999999999
keto,Air Fryer Keto Garlic Cheese 'Bread',american,75.96,9.1,78.4,2022-10-16,18:05:40,699.3399999999999
keto,Keto Kebab Salad with Tahini Sauce,mediterranean,110.29,85.73,194.24,2022-10-16,18:05:40,1989.69
keto,Keto Mushroom Wild Rice Pilaf recipes,mediterranean,69.75,79.3,121.41,2022-10-16,18:05:40,1478.34
keto,Keto Pizza – Turkey Crust Meatza recipes,italian,184.18,12.71,98.31,2022-10-16,18:05:40,1244.35
keto,Keto Coconut Flour Sausage Balls recipes,american,161.85,79.83,276.87,2022-10-16,18:05:40,2473.35
keto,Keto Mac and Cheese with Pulled Pork,american,163.68,38.99,177.36,2022-10-16,18:05:40,1715.0700000000002
keto,Keto Pork Rind Puppy Chow recipes,american,51.9,75.76,181.53,2022-10-16,18:05:40,1615.56
keto,"Southwest Turkey Meatballs (Paleo, Whole30 + Keto)",american,185.17,29.6,71.86,2022-10-16,18:05:40,1294.52
keto,Air Fryer Keto Onion Rings Recipe,american,40.48,32.67,34.71,2022-10-16,18:05:40,594.7900000000001
keto,St. Louis Ribs - Keto Style! recipes,american,478.31,27.99,717.47,2022-10-16,18:05:40,5035.030000000001
keto,Keto Chicken and Cauliflower Rice Soup,american,324.98,105.18,323.29,2022-10-16,18:05:40,3539.7
keto,Keto Twice Baked Cauliflower Casserole recipes,italian,93.63,61.71,187.39,2022-10-16,18:05:40,1679.4699999999998
keto,Sara Louise's Keto Speed Chili,american,172.88,76.16,257.67,2022-10-16,18:05:40,2407.6400000000003
keto,Ultimate Keto Burger | The Bacon Smash Burger,american,82.93,10.5,176.6,2022-10-16,18:05:40,1132.62
keto,Keto Spaghetti Squash Puttanesca - Low Carb,italian,8.13,44.53,62.07,2022-10-16,18:05:40,681.5699999999999
keto,Low Carb Keto Mexican Pizza #ketolicious,italian,104.0,144.34,186.68,2022-10-16,18:05:46,2461.7799999999997
keto,"Mustard Sardines Salad Recipe [Paleo, Keto]",american,32.18,3.95,14.99,2022-10-16,18:05:46,224.23000000000002
keto,Keto Cottage Cheese and Dill Popovers,american,97.91,79.24,187.06,2022-10-16,18:05:46,1853.04
keto,Creamy Keto Taco Soup with Ground Beef,mexican,114.4,72.09,218.99,2022-10-16,18:05:46,1982.3700000000001
keto,"Simple Roasted Radishes (Paleo, Whole30 + Keto)",american,6.61,32.74,26.67,2022-10-16,18:05:46,427.78000000000003
keto,Keto Low-Carb Roasted Garlic Gnocchi,italian,59.87,8.27,115.24,2022-10-16,18:05:46,774.8699999999999
keto,"Crustless Spinach, Mushroom, and Tomato Quiche (Keto)",french,54.28,32.5,151.42,2022-10-16,18:05:46,1115.3
keto,Megan R keto lemon fat bombs,british,20.43,70.24,205.65,2022-10-16,18:05:46,1536.48
keto,Crispy Keto Corned Beef & Radish Hash,south american,93.65,8.96,64.49,2022-10-16,18:05:46,713.2
keto,Keto Butter Rum Blondies - Low Carb,american,63.39,138.63,234.16,2022-10-16,18:05:46,2437.87
keto,Easy Keto Korean Beef with Cauli Rice,south east asian,89.67,32.44,105.26,2022-10-16,18:05:46,1071.68
keto,Keto Mushroom Spinach Stuffed Pork Loin,american,325.28,30.37,153.51,2022-10-16,18:05:46,2188.49
keto,Instant Pot Keto Crack Chicken Recipe,french,315.49,8.65,311.39,2022-10-16,18:05:46,2585.37
keto,Low Carb Biscuits Recipe (Keto Friendly),british,65.22,42.11,180.0,2022-10-16,18:05:46,1359.87
keto,Sara Louise's Keto Cream Of ”Risotto”,italian,18.06,40.33,103.34,2022-10-16,18:05:46,848.5699999999999
keto,Keto Apple Dijon Pork Chops Recipe,british,51.28,6.13,99.19,2022-10-16,18:05:46,657.05
keto,Keto Chocolate Peanut Butter Fatbombs recipes,italian,5.91,75.3,169.73,2022-10-16,18:05:53,1380.2599999999998
keto,Sara Louise's Keto Beef Stew,american,320.1,116.95,136.22,2022-10-16,18:05:53,2877.83
keto,"Peach Pulled Pork (Whole30, Paleo, Keto)",american,276.4,58.43,230.98,2022-10-16,18:05:53,2555.39
keto,"Raspberry Almond Chia Pudding | Keto, Vegan",british,34.91,37.2,21.84,2022-10-16,18:05:53,561.8
keto,Keto Low Carb Rosemary-garlic Croutons,american,45.96,61.58,160.76,2022-10-16,18:05:53,1381.1
keto,"Chicken and Waffles | Keto, Gluten Free",mediterranean,281.57,261.91,512.6,2022-10-16,18:05:53,5533.870000000001
keto,Keto Single Serve Chocolate Lava Cake,american,12.25,54.31,30.22,2022-10-16,18:05:53,658.67
keto,Keto Pumpkin Pie Spice Latte recipes,american,6.91,16.88,83.05,2022-10-16,18:05:53,511.76
keto,Sara Louise's Keto Almond Lemon Macaroons,french,58.66,192.51,118.08,2022-10-16,18:05:53,2439.55
keto,Keto Shredded Chicken - Mexican White Chilli,mexican,197.46,46.5,116.63,2022-10-16,18:05:53,1674.8600000000001
keto,Keto Slow Cooker Braised Oxtails recipes,american,185.39,26.71,227.55,2022-10-16,18:05:53,1892.15
keto,"Tuna Omelette - Low Carb, Keto, GF",french,54.44,10.68,46.53,2022-10-16,18:05:53,500.0
keto,Keto Mini Vanilla Cloud Cakes recipes,american,69.99,144.48,236.68,2022-10-16,18:05:53,2527.0
keto,Keto Spaghetti Squash Primavera - Low Carb,italian,33.92,34.2,67.44,2022-10-16,18:05:53,713.24
keto,Keto Dutch Baby with Chocolate and Macadamia,central europe,36.97,39.12,87.22,2022-10-16,18:05:53,848.8399999999999
keto,Easy Four Cheese Pesto Zoodles - Keto,italian,139.89,240.56,195.19,2022-10-16,18:05:53,3505.3599999999997
keto,One Minute Keto Chocolate Mug Cake,american,13.57,39.67,43.91,2022-10-16,18:06:00,586.95
keto,Pork & Egg Pie (Quiche) recipes,french,158.17,141.1,294.22,2022-10-16,18:06:00,3079.46
keto,Keto Sushi Smoked Salmon Roll-Ups,nordic,51.57,14.8,64.0,2022-10-16,18:06:00,595.48
keto,Keto Chocolate Bacon Toffee Ice Cream,british,57.47,377.19,328.13,2022-10-16,18:06:00,4937.110000000001
keto,Keto Philly Cheese Steak Skillet Dinner,american,170.91,26.06,235.09,2022-10-16,18:06:00,1858.54
keto,KETO BEEF SHIN WITH CREAMED BRUSSELS SPROU,south american,108.95,2.93,32.08,2022-10-16,18:06:00,590.49
keto,Homemade Queso Dip {keto / low carb},caribbean,113.94,18.23,217.03,2022-10-16,18:06:00,1487.9499999999998
keto,Keto Sheet Pan Curried Chicken - SCKC,american,137.45,27.93,167.71,2022-10-16,18:06:00,1472.01
keto,Keto Salted Chocolate Olive Oil Mousse,french,36.81,110.46,154.97,2022-10-16,18:06:00,1761.2600000000002
keto,Italian Meatball Casserole {Keto/Low Carb},italian,288.53,80.47,314.77,2022-10-16,18:06:00,3137.43
keto,"Keto Creamy Spinach, Mushroom, and Tomato Risotto",italian,11.46,27.52,84.72,2022-10-16,18:06:00,632.4
keto,Asian Inspired Keto Pork Chops recipes,chinese,150.08,16.64,65.35,2022-10-16,18:06:00,1011.48
keto,Keto Strawberry Jello Salad - Low Carb,french,53.12,73.19,213.66,2022-10-16,18:06:00,1725.83
keto,Keto Crock Pot Chocolate Cake recipes,american,67.87,92.06,253.91,2022-10-16,18:06:00,2115.66
keto,90 SECOND KETO BREAD WITHOUT EGGY TASTE,american,19.7,7.74,38.36,2022-10-16,18:06:00,301.9
keto,5 Minute Keto Egg Drop Soup recipes,chinese,22.16,14.92,26.79,2022-10-16,18:06:00,330.08000000000004
keto,Keto FatHead Rolls (Almond Flour Free),south east asian,136.14,88.31,173.2,2022-10-16,18:06:07,2032.1499999999999
keto,Keto Pork and Veggie Cauliflower Fried Rice,chinese,133.39,42.64,74.11,2022-10-16,18:06:07,1213.76
keto,Keto Matcha Crème Brûlée recipes,french,23.96,29.75,198.68,2022-10-16,18:06:07,1158.31
keto,5-Ingredient Keto and Vegan Chocolate Almond Balls,american,49.36,85.59,132.62,2022-10-16,18:06:07,1498.23
keto,Easy Keto Grilled Pork Chops Marinade,french,314.0,21.42,281.38,2022-10-16,18:06:07,2574.3
keto,Keto Grilled Radish Skewers with Herb Butter,mediterranean,2.02,7.45,46.27,2022-10-16,18:06:07,260.21000000000004
keto,Keto Chipotle Red Pepper Cheese Dip,south american,13.12,43.43,45.06,2022-10-16,18:06:07,623.59
keto,Moroccan Ketchup - Keto Spicy Tomato Dip,middle eastern,13.1,70.58,1.78,2022-10-16,18:06:07,694.74
keto,Tzatziki: Indian Style {Low Carb and Keto},mediterranean,29.68,29.92,10.49,2022-10-16,18:06:07,429.96
keto,Spicy Keto Deviled Eggs without Mayo,south american,53.93,28.2,92.82,2022-10-16,18:06:07,840.8
keto,Low Carb Keto Green Bean Casserole,french,47.32,67.02,110.74,2022-10-16,18:06:07,1235.4199999999998
keto,Keto Instant Pot Broccoli Cheese Soup,french,106.32,105.68,180.41,2022-10-16,18:06:07,2098.04
keto,Keto Brown Butter Pecan Ice Cream,american,38.35,93.45,389.26,2022-10-16,18:06:07,2551.49
keto,Keto Peanut Butter and Jelly Sandwiches recipes,french,18.51,9.35,32.54,2022-10-16,18:06:07,288.35
keto,Keto Grilled Lobster Tails with Creole Butter,american,114.36,5.29,97.18,2022-10-16,18:06:13,893.77
keto,Keto Asian Chicken Meatballs (Nut Free),south east asian,172.75,18.9,82.14,2022-10-16,18:06:13,1189.66
keto,Keto Chili Cheese Dog Casserole recipes,american,243.39,72.42,346.65,2022-10-16,18:06:13,3011.9399999999996
keto,Keto Cheesy Beef taco skillet with Cauliflower,mexican,162.87,41.5,91.85,2022-10-16,18:06:13,1392.38
keto,Sara Louise's Keto Roasted Red Peppers,italian,13.56,82.23,30.98,2022-10-16,18:06:13,918.23
keto,Keto Stuffed Artichokes in the Instant Pot,mediterranean,74.08,94.95,145.35,2022-10-16,18:06:13,1732.27
keto,Shamrock Cheesecake Bars,american,53.94,167.33,224.97,2022-10-16,18:06:13,2621.61
keto,Low Carb Keto Chicken Parmesan Recipe,italian,306.99,25.95,216.65,2022-10-16,18:06:13,2328.11
keto,No-Carb Keto Chocolate Fudge - Ketogenic Dessert,french,12.44,36.18,143.93,2022-10-16,18:06:13,951.1
keto,"Instant Pot Meatloaf (Keto, Low Carb)",french,117.72,21.45,114.73,2022-10-16,18:06:13,1122.85
keto,Mexican Mocha Chia Seed Pudding (Keto),british,35.62,90.72,63.23,2022-10-16,18:06:13,1211.88
keto,Keto Key Lime Pie Fat Bombs,american,24.03,87.75,262.5,2022-10-16,18:06:13,1935.87
keto,Baked Keto Chicken Wings - Sweet & Spicy,south american,241.71,22.98,252.73,2022-10-16,18:06:13,2184.58
keto,Easy Keto Ham and Cheese Rolls Recipe,french,119.77,16.59,120.99,2022-10-16,18:06:20,1112.35
keto,SUGAR FREE KETO ALMOND CHOCOLATE FUDGE (Ma,italian,7.55,1.49,126.42,2022-10-16,18:06:20,549.29
keto,Keto Broccoli & Cheese Soup {low carb},french,184.47,79.17,335.24,2022-10-16,18:06:20,2791.37
keto,Delicious Bacon and Chive Keto Deviled Eggs,eastern europe,39.39,4.88,69.2,2022-10-16,18:06:20,478.28000000000003
keto,Keto Teriyaki Turkey Rice Bowl Recipe,japanese,100.37,52.69,64.77,2022-10-16,18:06:20,1134.77
keto,Bacon Cups with Keema Beef {KETO FRIENDLY},british,151.07,19.05,293.68,2022-10-16,18:06:20,1950.45
keto,Keto Lamb Shanks in the Instant Pot,middle eastern,173.98,21.25,169.66,2022-10-16,18:06:20,1565.81
keto,Instant Pot Keto Mississippi Pot Roast,british,197.35,68.73,287.83,2022-10-16,18:06:20,2559.29
keto,3 Ingredient Keto Peanut Butter Mug Cake,british,15.19,10.34,25.3,2022-10-16,18:06:20,255.01999999999998
keto,Sugar and dairy free keto Easter eggs,french,17.85,111.24,298.01,2022-10-16,18:06:20,2264.6
keto,Keto Almond-Crusted Bacon and Tomato Quiche,french,150.09,58.33,420.32,2022-10-16,18:06:20,2806.6099999999997
keto,Keto Jalapeno Popper Frittata – Low Carb,french,88.72,17.21,196.03,2022-10-16,18:06:20,1293.8899999999999
keto,Buttered Brussels Sprouts recipes,american,125.95,93.59,266.94,2022-10-16,18:06:20,2413.87
keto,The BEST Creamy Keto Skillet Eggs Recipe,american,70.86,7.98,100.93,2022-10-16,18:06:20,758.98
keto,Sara Louise’s Keto First Spanish Omelette,mediterranean,39.65,18.22,49.19,2022-10-16,18:06:20,519.3399999999999
keto,Easy Peanut Chicken Keto Stir Fry,chinese,156.27,56.12,210.47,2022-10-16,18:06:20,1972.04
keto,Keto Mini Chicken Pot Pies recipes,american,329.1,126.32,581.0,2022-10-16,18:06:20,4777.28
keto,"KETO FRIENDLY Cauilflower, bacon and pumpkin soup",american,35.14,46.36,97.42,2022-10-16,18:06:20,947.48
keto,Easy Bacon Cheeseburger Soup (Keto Friendl,italian,129.5,33.88,262.29,2022-10-16,18:06:20,1872.0800000000002
keto,One-Pot Keto Jambalaya with Cauliflower Rice,american,232.61,80.3,234.1,2022-10-16,18:06:27,2589.54
keto,Okra In Spiced Yogurt {Keto Low Carb},indian,53.04,55.6,60.83,2022-10-16,18:06:27,955.8800000000001
keto,Easy Keto Turkey Fried Rice Recipe,american,111.17,53.31,72.95,2022-10-16,18:06:27,1216.27
keto,Keto Au Gratin Brussels Sprouts recipes,french,40.86,29.51,112.5,2022-10-16,18:06:27,879.03
keto,Low Carb Chicken and Broccoli (Keto-Friendly),british,86.82,112.26,153.23,2022-10-16,18:06:27,1970.54
keto,Keto and Low Carb Hamburger Casserole Recipe,american,115.63,60.1,161.99,2022-10-16,18:06:27,1651.38
keto,Sara Louise's Keto Smoked Holiday Turkey,american,1092.0,49.28,313.81,2022-10-16,18:06:27,6066.76
keto,Pressure-Cooked Keto Butternut Squash Soup,american,25.81,234.3,77.69,2022-10-16,18:06:27,2522.7
keto,Instant Pot Keto Smothered Pork Chops,french,128.37,11.05,161.84,2022-10-16,18:06:27,1260.29
keto,Bacon Wrapped Cheese Sticks {keto/low carb},american,58.64,6.42,162.47,2022-10-16,18:06:27,942.22
keto,Keto satay chicken bowl with zoodle salad,south east asian,93.75,80.88,189.76,2022-10-16,18:06:27,1861.96
keto,Keto Peppermint Coffee Flavor Shots (Fat Bombs),british,0.24,0.95,386.46,2022-10-16,18:06:27,1555.35
keto,"Crispy Chicken Thighs | Keto, Paleo, Whole 30",italian,164.03,17.95,176.27,2022-10-16,18:06:27,1522.75
keto,Tuna Egg Salad with Sour Cream (Keto),american,98.33,6.68,74.47,2022-10-16,18:06:27,751.3199999999999
keto,Easy Low-Carb Keto Broccoli Cheddar Soup,american,102.64,36.71,230.98,2022-10-16,18:06:27,1664.87
keto,Keto Spicy Prawn Hand Rolls recipes,british,51.15,29.26,116.43,2022-10-16,18:06:27,933.6600000000001
keto,"Keto Buffalo Cauliflower Chorizo ""Mac""-N-Cheese",american,110.33,45.42,209.09,2022-10-16,18:06:34,1686.46
keto,Instant Pot® Keto Chicken and Kale Stew,french,85.08,34.62,48.18,2022-10-16,18:06:34,844.62
keto,Keto Vanilla Pudding ( egg and starch free),british,24.38,19.47,96.01,2022-10-16,18:06:34,656.79
keto,Keto Jalapeño Popper Deviled Eggs recipes,mexican,37.05,3.73,63.0,2022-10-16,18:06:34,433.77
keto,Easy Instant Pot® Keto Crack Chicken,american,251.8,14.6,235.28,2022-10-16,18:06:34,2079.7200000000003
keto,Sara Louise's Keto Cheesy Squash Casserole,italian,67.87,165.33,251.08,2022-10-16,18:06:34,2763.77
keto,Easy Keto Lava Cake-Singe Serve,american,10.18,25.42,29.31,2022-10-16,18:06:34,386.74
keto,Tex Mex Chicken Salad,mexican,82.05,57.0,85.93,2022-10-16,18:06:34,1184.92
keto,KETO Mexican Melty Chicken Queso Casserole,american,341.59,41.72,253.56,2022-10-16,18:06:34,2756.08
keto,Keto Spaghetti Squash with Bacon and Blue Cheese,italian,28.81,31.47,81.97,2022-10-16,18:06:34,726.35
keto,Sara Louise's Keto Instant Chicken Soup,french,455.0,72.21,444.33,2022-10-16,18:06:34,4247.21
keto,ULTIMATE KETO LOW CARB BACON CHEESE BURGER,american,23.41,10.49,70.25,2022-10-16,18:06:34,469.05
keto,Sara Louise's Keto Grilled Chicken Fantastics,american,115.87,29.67,154.88,2022-10-16,18:06:34,1350.03
keto,"Air Fryer Cauliflower {Whole30, Paleo, Vegan, Keto}",american,8.73,29.85,5.77,2022-10-16,18:06:34,326.65000000000003
keto,Bacon Cabbage Chuck Roast Stew - Keto Makeover,american,338.74,43.32,399.95,2022-10-16,18:06:34,3344.6400000000003
keto,Easy Keto Chicken Shawarma - Low Carb,middle eastern,197.21,22.43,169.76,2022-10-16,18:06:34,1669.75
keto,Instant Pot Keto Spinach Artichoke Dip Recipe,mediterranean,124.2,51.8,296.81,2022-10-16,18:06:34,2150.24
keto,Keto Diet: Cost Breakdowns of Popular Recipes,american,227.31,27.27,430.02,2022-10-16,18:06:34,2874.75
keto,Crispy Keto Fried Chicken in the Air Fryer,chinese,166.09,124.39,158.29,2022-10-16,18:06:34,2417.0299999999997
keto,"Spaghetti Squash Chow Mein | Keto, Paleo",italian,239.49,58.31,65.29,2022-10-16,18:06:40,1743.91
keto,BEST KETO ITALIAN RAGÚ aka BOLOGNES,italian,113.22,28.98,68.25,2022-10-16,18:06:40,986.7
keto,Sara Louise's Keto Chicken Crack Slaw,american,136.49,53.8,144.39,2022-10-16,18:06:40,1607.72
keto,Pull-Apart Keto Pizza Bread recipes,italian,128.97,82.16,146.26,2022-10-16,18:06:40,1840.36
keto,Vegetable beef soup keto friendly recipe,french,152.27,71.6,62.25,2022-10-16,18:06:40,1502.48
keto,SUGAR FREE KETO NEW YORK BAKED CHEESECAKE,american,22.21,13.73,42.8,2022-10-16,18:06:40,383.61
keto,"Chicken Drumsticks - Keto, paleo and under an hour",american,291.07,17.53,148.15,2022-10-16,18:06:40,1914.65
keto,Keto sausage egg casserole recipe (no heavy cream),american,109.7,11.65,134.41,2022-10-16,18:06:40,1081.29
keto,Sara Louise's Keto Baked Cauliflower Florets,mediterranean,81.75,98.68,140.13,2022-10-16,18:06:40,1775.64
keto,"Tres Leches Cake | Keto, Gluten Free",south american,76.73,44.47,268.12,2022-10-16,18:06:40,1779.63
keto,Keto Malaysian Curry Puffs / Karipap recipes,indian,269.32,88.03,278.36,2022-10-16,18:06:40,2982.99
keto,Keto Coconut Curry Chicken Tenders recipes,south east asian,138.13,32.21,210.53,2022-10-16,18:06:40,1684.53
keto,Keto Chicken Pot Pie - Low Carb,american,184.43,58.62,207.79,2022-10-16,18:06:40,2096.46
keto,Keto Slow Cooker Brisket Chili Recipe,american,148.04,60.43,212.34,2022-10-16,18:06:40,1985.3899999999999
keto,Keto Egg Recipe: Asiago Cheese Cloud Eggs,american,55.71,4.86,41.04,2022-10-16,18:06:40,430.74
keto,Keto Stuffed Peppers With Cauliflower Rice Recipe,mediterranean,88.5,49.93,106.59,2022-10-16,18:06:40,1229.73
keto,Keto pork chops recipe for busy family,american,133.19,33.45,192.7,2022-10-16,18:06:40,1604.61
keto,Sara Louise's Keto Lemon Zucchini Bread,american,35.96,137.03,60.51,2022-10-16,18:06:47,1619.1499999999999
keto,Keto Tex-Mex Ground Beef Casserole,mexican,190.56,57.05,239.65,2022-10-16,18:06:47,2234.29
keto,Keto Thai Chicken Flatbread Pizza recipes,south east asian,255.67,97.13,359.99,2022-10-16,18:06:47,3336.81
keto,Keto No Bake Noatmeal Fudge Bars recipes,american,145.02,207.35,507.65,2022-10-16,18:06:47,4476.83
keto,Keto Eggplant Burgers Recipe (Chinese Qiezi He),chinese,55.52,40.04,53.65,2022-10-16,18:06:47,797.0400000000001
keto,Low Carb & Keto-friendly Baked Onion Rings,american,55.31,46.35,45.23,2022-10-16,18:06:47,819.3100000000001
keto,Pork chops keto recipe with asparagus and mushrooms,american,111.27,39.74,87.27,2022-10-16,18:06:47,1151.82
keto,"Creamy Roasted Sesame Dressing (Paleo, Whole30, Keto)",mediterranean,3.3,13.24,57.69,2022-10-16,18:06:47,363.12
keto,Keto Cheesy Shrimp Soup Recipe LCHF recipes,american,224.31,46.31,271.65,2022-10-16,18:06:47,2400.63
keto,"Keto Beef Tips with Mushrooms, Onions, and Gravy",french,96.76,19.16,63.61,2022-10-16,18:06:47,813.9200000000001
keto,Sara Louise's Keto Turkey Zucchini Burgers,american,101.03,19.67,95.98,2022-10-16,18:06:47,965.0700000000002
keto,Keto No Bake Pumpkin Pie Cheesecake recipes,american,41.06,49.82,206.62,2022-10-16,18:06:47,1439.1
keto,Keto Strawberry Mousse Cake - Low Carb,french,160.15,189.37,612.58,2022-10-16,18:06:47,4795.25
keto,Why Salmon The Best For Keto Diet — Steemit,nordic,53.17,5.94,34.58,2022-10-16,18:06:47,404.46
keto,Sara Louise's Keto Tunisian Spicy Tuna,south american,261.41,43.76,114.79,2022-10-16,18:06:47,1898.64
keto,Creamy Keto Cucumber Salad [5-Min Recipe],american,1.58,10.39,22.57,2022-10-16,18:06:47,190.11
keto,"Keto Salmon Curry Recipe [Paleo, Low-Carb]",nordic,100.2,30.96,104.15,2022-10-16,18:06:54,1096.04
keto,"Carrot Cake Cheesecake | Keto, Instant Pot",american,59.9,122.72,232.24,2022-10-16,18:06:54,2273.04
keto,Keto Vegan Roasted Garlic Smashed Cauliflower | Blog,american,12.97,33.4,44.15,2022-10-16,18:06:54,529.0799999999999
keto,Sara Louise's Keto Chicken Fried “Rice”,chinese,134.49,45.94,83.48,2022-10-16,18:06:54,1285.3400000000001
keto,"Sausage Stuffed Portobello Mushrooms (Paleo, Whole30 + Keto)",italian,157.17,63.84,229.46,2022-10-16,18:06:54,2121.08
keto,Roasted Leeks with Eggs (Paleo and Keto-Friendly),french,24.25,58.84,242.0,2022-10-16,18:06:54,1594.56
keto,Keto Adobo Air Fried Chicken Thighs Recipe,mediterranean,160.26,8.18,174.45,2022-10-16,18:06:54,1412.46
keto,Easy Keto Thai Skillet Chicken recipes,south east asian,118.1,70.22,178.22,2022-10-16,18:06:54,1817.2600000000002
keto,Keto Sausage and Wild Cauliflower Rice Casserole,american,127.3,106.15,219.08,2022-10-16,18:06:54,2340.87
keto,Keto French Fries - Low Carb Jicama Fries,american,4.9,48.95,55.11,2022-10-16,18:06:54,680.59
keto,Sara Louise's Keto Louisiana Chicken Gumbo,american,189.01,102.88,274.89,2022-10-16,18:06:54,2781.52
keto,Keto Lemon-Garlic Chicken Thighs in the Air Fryer,mediterranean,128.65,11.21,155.67,2022-10-16,18:06:54,1238.17
keto,Broccoli Cauliflower Soup,central europe,50.26,100.93,27.18,2022-10-16,18:06:54,1218.13
keto,Instant Pot® Keto Pumpkin Soup with Sausage,american,60.47,72.4,107.03,2022-10-16,18:06:54,1321.6
keto,Raw Vegan Keto Strawberry Crumble (sweetener-free),american,14.11,52.65,56.69,2022-10-16,18:06:54,757.05
keto,Sara Louise's Keto Vegetable Meat Loaf,american,253.14,86.4,94.61,2022-10-16,18:06:54,2168.6
keto,Giant Stuffed 3 Cheese Meatballs | Keto recipes,american,180.13,12.63,134.44,2022-10-16,18:07:03,1371.9499999999998
keto,Jalapeno And Cheddar Cauliflower Muffins - Keto Recipe,british,125.8,41.11,157.48,2022-10-16,18:07:03,1503.1100000000001
keto,Dark Chocolate Espresso Paleo and Keto Mug Cake,french,16.95,58.01,70.58,2022-10-16,18:07:03,872.21
keto,"Whole30 + Paleo Frittata {Dairy-Free, GF, Keto}",italian,52.67,21.36,49.83,2022-10-16,18:07:03,602.24
keto,Brown Butter Pecan Keto Ice Cream recipes,american,10.94,16.48,169.72,2022-10-16,18:07:03,870.96
keto,Easy Keto Low Carb Taco Soup Recipe,mexican,88.18,55.1,173.29,2022-10-16,18:07:03,1541.7800000000002
keto,Sara Louise's Keto Beef Zucchini Lasagna,italian,203.78,144.66,305.14,2022-10-16,18:07:03,3337.62
keto,Low Carb Lemon Bar Recipe - Keto & Glu,american,52.28,59.98,273.09,2022-10-16,18:07:03,1841.2999999999997
keto,Low Carb Keto Asiago Alfredo Brussels Sprouts,italian,95.67,97.25,191.06,2022-10-16,18:07:03,2022.17
keto,Easy Low Carb Keto Creamed Spinach Recipe,french,18.56,23.32,118.65,2022-10-16,18:07:03,758.72
keto,Keto Teriyaki Beef on a Stick - Low Carb,japanese,101.88,5.57,27.28,2022-10-16,18:07:03,566.77
keto,Keto Egg Roll in a Bowl [Recipe] recipes,italian,96.71,72.16,111.75,2022-10-16,18:07:03,1483.28
keto,Keto Coconut Flour Tortillas/ from primaledgehealth.com,mexican,15.17,7.84,36.47,2022-10-16,18:07:03,277.12
keto,Keto Carrot Cake with Cream Cheese Frosting,american,76.43,155.74,250.22,2022-10-16,18:07:03,2708.26
keto,Keto Gluten-Free Almond Carrot Cake recipes,british,49.48,46.71,202.89,2022-10-16,18:07:03,1429.87
keto,Keto Salmon and Creamy Turmeric Veggies recipes,nordic,156.7,68.03,160.89,2022-10-16,18:07:03,1882.6299999999999
keto,[DRESSING INGREDIENTS MISSING] Keto Mediterranean Broccoli Salad,mediterranean,27.66,71.18,25.82,2022-10-16,18:07:03,854.5400000000001
keto,"Chinese Chicken and Broccoli | Keto, Low Calorie",chinese,232.64,63.01,46.03,2022-10-16,18:07:03,1681.77
keto,Instant Pot Bacon Cheddar Egg Bites (KETO),french,93.03,10.26,162.68,2022-10-16,18:07:10,1115.18
keto,Sara Louise's Keto Fat Bomb Lettuce Wraps,french,29.45,22.69,158.24,2022-10-16,18:07:10,954.97
keto,"Chinese Bamboo Salad Recipe [Paleo, AIP, Keto]",chinese,3.94,7.38,14.61,2022-10-16,18:07:10,140.62
keto,"Mini Bacon Wrapped Meatloaf (Paleo, Whole30, Keto)",american,108.19,19.83,220.57,2022-10-16,18:07:10,1493.51
keto,Loaded Keto Potato Dip (Low Carb Friendly),british,12.8,10.69,82.27,2022-10-16,18:07:10,476.49
keto,Cajun Butter Steak Bites,american,134.33,16.43,171.92,2022-10-16,18:07:10,1372.87
keto,The Best Keto Beef Stew Crockpot Recipe,south american,229.55,90.35,76.82,2022-10-16,18:07:10,2038.6299999999999
keto,Keto Chicken Broccoli Casserole with Cream Cheese,american,202.77,62.82,227.46,2022-10-16,18:07:10,2286.3
keto,Cabbage Soup Recipe [Keto & Low Carb] recipes,middle eastern,176.06,97.47,184.35,2022-10-16,18:07:10,2318.87
keto,"Whole30 Ground Beef Taco Meat (Keto, Paleo)",mexican,89.43,47.16,106.19,2022-10-16,18:07:10,1206.92
keto,"Leftover Turkey Stir-fry (Paleo, Whole30 + Keto)",american,131.1,36.31,31.61,2022-10-16,18:07:10,977.6300000000001
keto,Keto Waffles Stuffed with Cream Cheese [Recipe] recipes,american,28.41,3.95,81.41,2022-10-16,18:07:10,474.83
keto,Keto Pumpkin Cheesecake with Almond Pecan Crust,american,114.22,141.2,294.77,2022-10-16,18:07:10,2906.7599999999998
keto,"Mayo Free Deviled Eggs (Paleo, Whole30 + Keto)",italian,766.99,41.29,287.59,2022-10-16,18:07:10,4589.93
keto,Keto Chocolate Peanut Butter Mug Cake recipes,american,13.48,34.39,44.04,2022-10-16,18:07:10,539.59
keto,Pressure Cooker Keto Creamy Shrimp Scampi recipes,chinese,156.32,179.87,64.86,2022-10-16,18:07:10,2503.5499999999997
keto,"Crispy Turnip Fries {Whole30, Paleo, Vegan, Keto}",american,2.93,26.02,29.02,2022-10-16,18:07:10,361.98
keto,"Creamy Asparagus Mash Recipe [Paleo, Keto, AIP]",mediterranean,5.21,12.02,13.93,2022-10-16,18:07:10,184.73999999999998
keto,Low Carb Sugar Free Keto Blueberry Muffins,american,92.13,110.8,264.5,2022-10-16,18:07:16,2423.72
keto,Keto Broccoli Cottage cheese balls (Low carb),american,57.88,40.87,72.68,2022-10-16,18:07:16,890.07
keto,Keto Fried Chicken {Asiago & Parmesan Breading} recipes,american,295.13,8.26,159.48,2022-10-16,18:07:16,1892.7799999999997
keto,Keto Air Fryer Salmon Cakes with Sriracha Mayo,nordic,106.95,10.4,128.73,2022-10-16,18:07:16,1036.32
keto,Vegan Keto Spaghetti Squash (Happy Thanksgiving!) recipes,american,4.32,40.55,30.4,2022-10-16,18:07:16,503.83000000000004
keto,"Paleo Chicken Noodle Soup Recipe [AIP, Keto]",asian,57.43,33.95,53.48,2022-10-16,18:07:16,749.1899999999999
keto,Southern Green Beans {Keto Friendly/Low Carb},american,19.77,76.72,45.05,2022-10-16,18:07:16,949.76
keto,"Keto Short Rib Ragu - Instant Pot, SCKC",french,219.27,47.01,566.84,2022-10-16,18:07:16,3567.53
keto,"Low-Carb, Keto Cheeseburger Stuffed Peppers Recipe",american,106.98,76.95,106.47,2022-10-16,18:07:16,1546.35
keto,"Flourless Pumpkin Mug Cake (Keto, Low Carb)",american,13.43,30.38,29.87,2022-10-16,18:07:16,446.62
keto,Keto Instant Pot® Soup (Low Carb),american,116.4,108.63,148.25,2022-10-16,18:07:16,2036.27
keto,Low/Carb - Keto Friendly Cauliflower Crust Pizza,italian,219.29,29.05,302.26,2022-10-16,18:07:16,2347.6499999999996
keto,Simple Keto BBQ Pulled Chicken recipes,american,439.53,51.04,372.3,2022-10-16,18:07:16,3706.6800000000003
keto,"Lemon Garlic Baked Shrimp Recipe [Paleo, Keto]",mediterranean,99.82,31.72,29.53,2022-10-16,18:07:16,802.88
keto,One-Pan Keto Chicken Breast with Vegetable Ragout,american,137.9,46.56,80.18,2022-10-16,18:07:16,1291.3600000000001
keto,"Easy Low-Carb, Keto Spinach Dip Recipe",american,84.62,30.05,163.5,2022-10-16,18:07:23,1262.93
keto,Easy Creamy Garlic Parmesan Keto Pork Chops,american,188.74,22.87,217.86,2022-10-16,18:07:23,1832.23
keto,Mad Creations Keto Greek Garlic Lemon Marinade,mediterranean,2.66,19.09,109.09,2022-10-16,18:07:23,618.81
keto,"Low-Carb Almond Coconut Sandies (Keto, Gluten-Free)",american,33.79,44.65,183.53,2022-10-16,18:07:23,1271.13
keto,Keto Chilli Chicken | Andhra Style Chicken Recipe,french,297.22,50.45,301.39,2022-10-16,18:07:23,2848.49
keto,"Raspberry Arugula Salad Recipe [Paleo, Keto, AIP]",mediterranean,5.06,21.21,19.52,2022-10-16,18:07:23,289.21000000000004
keto,Aunt Rocky’s Crustless Quiche Lorraine (LCHF/Keto),french,71.79,35.12,138.53,2022-10-16,18:07:23,1157.3600000000001
keto,Dairy-Free Keto and Vegan Chocolate Fat Bombs,american,34.63,48.42,184.27,2022-10-16,18:07:23,1311.38
keto,Sara Louise's Keto Lemon Basil Roasted Chicken,mediterranean,348.25,20.35,322.36,2022-10-16,18:07:23,2865.59
keto,"Homemade Ketchup Recipe | Sugar Free, Keto, and Paleo",american,8.27,42.17,1.08,2022-10-16,18:07:23,416.93
keto,Keto Turkey Meatballs with Sour Cream-Horseradish Dip,american,139.58,32.11,136.32,2022-10-16,18:07:23,1392.5900000000001
keto,Sara Louise's Keto Lime Cilantro Grilled Chicken,mediterranean,113.65,12.88,221.16,2022-10-16,18:07:23,1455.1599999999999
keto,White Chocolate Nut-Free Keto and Vegan Fat Bombs,american,0.0,0.45,218.0,2022-10-16,18:07:23,876.05
keto,Keto Diet Recipe - Bacon Wrapped Asparagus with Eggs,american,40.95,12.42,74.19,2022-10-16,18:07:23,572.34
keto,Low-Carb Keto Chicken “Noodle” Soup recipes,asian,171.31,285.58,77.14,2022-10-16,18:07:30,3564.02
keto,"Chicken Alfredo Spaghetti Squash Low-Carb, Keto",italian,96.92,47.95,231.94,2022-10-16,18:07:30,1746.99
keto,"Sesame Ginger Fish Cakes (Paleo, Whole30 + Keto)",south east asian,99.21,50.6,44.65,2022-10-16,18:07:30,1030.84
keto,Sara Louise's Keto Overnight Marinated Rosemary Chicken,american,142.56,10.1,171.38,2022-10-16,18:07:30,1346.6599999999999
keto,"Paleo Kimchi Beef Stir-Fry (Whole30, Keto)",american,66.68,45.64,31.42,2022-10-16,18:07:30,803.1600000000001
keto,Keto Pumpkin Spice Haystack Cookies - Low Carb,american,21.43,49.02,245.96,2022-10-16,18:07:30,1510.74
keto,Easiest Keto Meatza You’ll Ever Make! recipes,american,149.54,21.9,110.64,2022-10-16,18:07:30,1237.82
keto,Green Buttered Eggs - Keto and Low Carb recipes,american,23.48,6.11,53.51,2022-10-16,18:07:30,362.95
keto,Easy Keto Shrimp Scampi - Low Carb & G,chinese,127.05,39.09,61.23,2022-10-16,18:07:30,1104.93
keto,"Keto Shrimp Fried Rice [Grain-free, Paleo]",chinese,55.56,22.35,61.89,2022-10-16,18:07:30,670.95
keto,Instant Pot® Keto Crustless Spinach and Gouda Quiche,french,65.94,23.16,110.41,2022-10-16,18:07:30,913.8399999999999
keto,Keto Faux Sous Vide Egg Bites recipes,french,143.67,18.13,200.66,2022-10-16,18:07:30,1540.4899999999998
keto,"Crockpot Chicken Enchilada Bowls (Paleo, Whole30 + Keto)",south american,139.86,76.81,135.28,2022-10-16,18:07:30,1791.85
keto,Keto Pecan-Crusted Pork Chops in the Air Fryer,american,184.97,22.69,183.99,2022-10-16,18:07:30,1680.0500000000002
keto,"Caesar Turkey Burger Bowls (Paleo, Whole30 + Keto)",american,169.12,30.04,230.99,2022-10-16,18:07:30,1870.8000000000002
keto,Aunt Rocky’s Keto Pumpkin Spice Latte (Sugar-Free),world,1.13,41.1,11.31,2022-10-16,18:07:37,419.66
keto,Quick and Easy Keto Sweet and Sour Sesame Chicken,chinese,77.35,14.08,103.7,2022-10-16,18:07:37,850.9200000000001
keto,Slow Cooker Keto Chicken Tikka Masala recipes,indian,204.39,59.2,354.32,2022-10-16,18:07:37,2767.6400000000003
keto,"Crispy Cauliflower Salad | Paleo, Keto, Low-carb",french,35.07,72.95,78.1,2022-10-16,18:07:37,1109.23
keto,"Bacon Sausage and Zucchini Casserole (Paleo, Whole30 + Keto)",italian,153.22,37.26,235.3,2022-10-16,18:07:37,1889.42
keto,Air Fried Asparagus with Garlic and Parmesan | Keto Friendly,american,3.75,1.26,6.93,2022-10-16,18:07:37,54.06
keto,Keto Instant Pot Red Wine Pork Stew,french,109.86,35.36,164.8,2022-10-16,18:07:37,1416.88
keto,"5-Min Prosciutto Avocado Fat Bomb Recipe [Paleo, Keto]",italian,50.36,24.7,43.33,2022-10-16,18:07:37,597.06
keto,"Turkey Meatballs (Low-carb, Keto, Gluten-free)",american,231.23,17.2,298.63,2022-10-16,18:07:37,2274.24
keto,Priya’s #Keto Chocolate and Peanut Butter Fingers recipes,american,28.94,131.03,133.98,2022-10-16,18:07:37,1830.9499999999998
keto,Priya's Yummy Keto Yogurt Soup - Vegetarian Recipe,american,5.66,13.22,17.28,2022-10-16,18:07:37,210.74
keto,Keto Lo Mein - Low Carb & Gluten Free,chinese,74.91,92.07,55.57,2022-10-16,18:07:37,1350.55
keto,"Low Carb Salmon Cakes (Keto, Grain Free)",nordic,656.95,13.25,501.19,2022-10-16,18:07:37,4751.81
keto,Easy Keto Broccoli Slaw Recipe (Low Carb a,american,11.34,29.01,75.19,2022-10-16,18:07:37,607.21
keto,Sara louise's Keto Sweet Chicken And Jalapeno Slices,american,285.5,115.26,126.23,2022-10-16,18:07:37,2684.26
keto,"Easy Keto Tuna Salad - Low Carb, Paleo, Wh",american,122.72,1.61,39.47,2022-10-16,18:07:37,663.25
keto,Keto Pork Chops al Pastor - Low Carb,italian,108.02,12.96,151.9,2022-10-16,18:07:44,1156.3200000000002
keto,Keto Grain-free Bacon and Shrimp Risotto recipes,italian,34.81,20.43,18.95,2022-10-16,18:07:44,398.91
keto,"Roasted Radish Hash (AIP, Paleo, Keto, Low-FODMAP)",american,4.02,19.88,20.85,2022-10-16,18:07:44,278.4
keto,"Moo Goo Gai Pan | Keto, Gluten Free",chinese,242.32,149.7,68.24,2022-10-16,18:07:44,2589.54
keto,Keto Low-Carb Creamy Garlic Shrimp Alfredo,italian,114.37,32.89,177.04,2022-10-16,18:07:44,1461.65
keto,Crock-Pot Beef Stew {Keto/Low Carb},american,159.54,77.39,69.35,2022-10-16,18:07:44,1612.0700000000002
keto,Keto Nutty Chocolate Cups - Delicious Low Carb Snack,american,62.39,153.83,158.72,2022-10-16,18:07:44,2268.91
keto,"Gluten Free, Keto Friendly, Low Carb, Pie crust",british,43.48,102.28,134.1,2022-10-16,18:07:44,1630.8400000000001
keto,"Fish and Leek Saute Recipe [Paleo, AIP, Keto]",mediterranean,49.88,13.97,18.07,2022-10-16,18:07:44,397.53
keto,"Greek Chicken Burgers (Paleo, Whole30, Keto, AIP)",mediterranean,95.51,45.45,74.93,2022-10-16,18:07:44,1090.81
keto,KETO LOW CARB GREEN THAI CHICKEN CURRY,south east asian,211.52,246.0,397.35,2022-10-16,18:07:44,4649.48
keto,"Paleo Egg Frittata Muffins Recipe [Keto, Dairy-Free]",american,48.87,17.02,57.69,2022-10-16,18:07:44,579.42
keto,Low Carb and Keto Chicken Alfredo Pasta Re,italian,141.3,117.92,276.21,2022-10-16,18:07:44,2731.3199999999997
keto,Sara Louise's Keto Korean Beef Zo Mein,italian,220.23,57.19,115.84,2022-10-16,18:07:50,1858.9900000000002
keto,Keto Smoky Chicken and Vegetable Sheet Pan Dinner,british,211.65,96.02,237.49,2022-10-16,18:07:50,2660.74
keto,Instant pot or Foodi Keto Steak Rolls and Asparagus,french,194.45,33.01,170.3,2022-10-16,18:07:50,1756.09
keto,"Crispy Air Fryer Pork Chops | Keto, Gluten Free",nordic,167.82,12.79,85.36,2022-10-16,18:07:50,1127.83
keto,"Paleo Passion Fruit Side Salad Recipe [Keto, AIP]",italian,2.05,7.75,11.34,2022-10-16,18:07:50,123.31
keto,Keto Low Carb Baked Crack Chicken Cups Recipe,american,313.07,12.35,114.87,2022-10-16,18:07:50,1822.91
keto,"Strawberry Matcha Chia Pudding Recipe [Paleo, Keto, Vegan]",british,6.4,13.74,40.33,2022-10-16,18:07:50,310.58
keto,"Turkey and Summer Vegetable Soup (Paleo, Whole30 + Keto)",american,242.35,156.35,111.04,2022-10-16,18:07:50,2820.7099999999996
keto,Keto low carb vanilla and Chocolate Fudgesicle #ketolicious,american,16.18,35.57,187.88,2022-10-16,18:07:50,1136.37
keto,Sausage Cheese Balls – Low Carb / Keto Friendly Recipe,american,108.39,291.76,97.26,2022-10-16,18:07:50,3448.44
keto,Sara Louise's Keto Thai Coconut Curry Soup,south east asian,31.54,151.04,285.54,2022-10-16,18:07:50,2627.6800000000003
keto,"Keto Cauliflower Hash Browns (Grain Free, Low Carb)",french,45.28,19.44,29.66,2022-10-16,18:07:50,474.72
keto,Keto Lime Pork Chops {Crock Pot Meals} recipes,american,342.17,18.79,96.14,2022-10-16,18:07:50,1922.35
keto,Air Fryer Keto Low Carb Fried Chicken Recipe,american,235.37,21.22,126.31,2022-10-16,18:07:50,1637.7
keto,The Best Keto Low Carb Vegetable Soup Recipe,american,77.09,187.62,56.07,2022-10-16,18:07:50,2221.2200000000003
keto,Keto Fathead Pizza and Pigs in a Blanket (GAPS too!),italian,125.05,28.72,160.02,2022-10-16,18:07:57,1398.7600000000002
keto,"Raw Italian Cauliflower Salad Recipe [Paleo, Keto, AIP]",italian,4.57,13.59,29.47,2022-10-16,18:07:57,258.47
keto,"Gluten Free, Keto Friendly, Low Carb, Pound Cake",french,120.27,368.37,341.92,2022-10-16,18:07:57,5164.09
keto,"keto broccoli salad - Low Carb, Gluten-Free, Ketogenic",american,57.87,29.67,284.12,2022-10-16,18:07:57,1634.99
keto,"Air Fryer Keto Fried Chicken | Paleo, Gluten Free",american,286.43,23.91,262.67,2022-10-16,18:07:57,2411.59
keto,"Keto Cauliflower Pizza Crust | Thin, Crispy, Dairy Free",italian,33.04,54.69,37.79,2022-10-16,18:07:57,775.53
keto,Keto Mongolian Beef | Instant Pot or Slow Cooker,asian,209.09,30.18,107.41,2022-10-16,18:07:57,1537.62
keto,Keto BBQ Chicken Pizza (Dairy Free Crust) recipes,italian,118.21,93.01,118.82,2022-10-16,18:07:57,1785.21
keto,Shan's Wilted Spinach Salad (Keto/Low carb friendly),american,13.16,17.92,12.79,2022-10-16,18:07:57,265.08000000000004
keto,Keto Eggs Benedict Casserole with Easy Hollandaise Sauce,french,216.64,76.64,396.84,2022-10-16,18:07:57,3143.68
keto,Keto Collard Greens with Burst Cherry Tomatoes [Recipe] recipes,south american,25.79,30.46,36.65,2022-10-16,18:07:57,523.9
keto,"Keto Beef Barley Soup - Instant Pot, Whole 30",american,345.68,67.33,154.08,2022-10-16,18:07:57,2605.01
keto,Cheese spinach stuffed chicken breast (keto / low carb),british,216.17,7.21,76.41,2022-10-16,18:07:57,1235.21
keto,Herb-loaded keto pork meatballs with zucchini noodles,asian,309.63,1047.29,161.25,2022-10-16,18:07:57,11309.130000000001
keto,keto Low Carb Hot Tuscan Chicken casserole #ketolicious,italian,111.85,23.42,244.27,2022-10-16,18:08:04,1635.2600000000002
keto,"Easy Keto Basil Pesto Recipe [Dairy-Free, No Cheese]",italian,9.5,11.52,12.53,2022-10-16,18:08:04,191.8
keto,Keto Chicken Breast Pot Pie with Cauliflower Crust,british,104.27,73.24,126.48,2022-10-16,18:08:04,1582.16
keto,Aunt Rocky’s Strawberry Crème Fraîche Instant Keto Dessert,french,0.94,10.41,11.08,2022-10-16,18:08:04,141.77
keto,"Cauliflower Tabouli (Tabbouleh) Salad Recipe [Paleo, Keto, AIP]",middle eastern,3.13,12.46,14.1,2022-10-16,18:08:04,181.06
keto,Oven-Baked Keto Chicken Thighs with Creamed Spinach and Mushrooms,american,363.53,90.5,491.97,2022-10-16,18:08:04,4236.5
keto,Paleo Beef with Broccoli (Whole30/Keto friendly) recipes,italian,105.64,79.35,132.76,2022-10-16,18:08:04,1667.75
keto,Sara Louise's Keto Creamy Lemon Fillet Of Fish,american,196.46,33.36,214.78,2022-10-16,18:08:04,1945.1999999999998
keto,"Keto Chicken Sausage Salad with Bacon, Cheese, and Avocado",american,48.16,47.76,150.23,2022-10-16,18:08:04,1223.4
keto,Keto Cheddar Biscuits with Coconut Flour and Sesame Flour,american,277.07,53.8,262.18,2022-10-16,18:08:04,2641.2
keto,"Crunchy Salad Toppers (Whole30, Paleo, GF, Keto, Vegan)",american,34.27,20.99,72.53,2022-10-16,18:08:04,616.11
keto,Ketogenic Til Laddoo or Sesame Sweet | Indian Keto Dessert,indian,21.12,31.11,100.74,2022-10-16,18:08:04,767.4300000000001
keto,"Low Carb Onion Rings - Gluten-Free, Keto recipes",american,115.23,51.5,183.16,2022-10-16,18:08:04,1657.06
keto,"Keto Chicken Cabbage Casserole (Low Carb, Primal, GAPS)",middle eastern,194.51,44.51,159.21,2022-10-16,18:08:04,1815.4699999999998
keto,Thai Chicken Wings - Peak Gai Yang - Keto - LCHF,south east asian,11.64,26.01,19.29,2022-10-16,18:08:04,357.80999999999995
keto,"Avocado Cucumber Ginger Salad Recipe [Paleo, Keto, AIP]",american,3.69,19.07,24.77,2022-10-16,18:08:04,285.46999999999997
keto,Keto Lemon Chicken with Asparagus | Easy Low Carb Recipe,british,143.31,31.76,152.31,2022-10-16,18:08:10,1468.3200000000002
keto,"Low-Carb, Keto Tarts With Berries And Mascarpone Cream",american,69.25,93.92,271.34,2022-10-16,18:08:10,2207.64
keto,Keto Beef Rags – Low Carb & Diabetic Friendly recipes,british,262.54,21.82,293.64,2022-10-16,18:08:10,2421.1
keto,"Parmesan Chicken Nuggets Recipe – Low Carb, Keto Diet recipes",american,120.19,5.53,119.48,2022-10-16,18:08:10,1008.45
keto,Keto Roasted Raan | Delicious Low-Carb Lamb Recipe,british,266.77,74.77,375.73,2022-10-16,18:08:10,3242.93
keto,Sara Louise's Keto Smoked Salmon and Feta Cheese Quiche,nordic,140.39,13.64,119.4,2022-10-16,18:08:10,1161.92
keto,"Marinated Mushrooms Recipe – {Vegan, Keto, Paleo, Gluten-Free}",american,25.12,77.07,436.57,2022-10-16,18:08:10,2540.39
keto,Keto Protein Desserts: Made With your Favourite Protien Powder,american,28.08,9.29,18.37,2022-10-16,18:08:10,269.40999999999997
keto,"Garlic Oregano Olive Tapenade Recipe [Paleo, AIP, Keto]",mediterranean,50.64,21.61,63.52,2022-10-16,18:08:10,651.13
keto,"Mushroom, Spinach and Bacon Egg Muffins (Paleo, Whole30 + Keto)",american,106.32,58.7,215.74,2022-10-16,18:08:10,1816.54
keto,Keto Instant Pot or Slow Cooker Chili Queso Dip,american,42.21,8.19,84.89,2022-10-16,18:08:10,582.11
keto,"Keto Lemon Cake With Blueberries {Low-Carb, Gluten-Free}",american,59.87,46.37,100.58,2022-10-16,18:08:10,1059.1299999999999
keto,Keto Low Carb Pot Roast Slow Cooker Recipe,american,398.82,45.74,127.03,2022-10-16,18:08:10,2515.06
keto,"Slow Cooker Zuppa Toscana (low carb, keto friendly)",italian,151.15,101.29,398.5,2022-10-16,18:08:10,3110.21
keto,"Low Carb Hamburger Soup Recipe (Whole30, Keto, Paleo)",american,173.6,73.82,208.8,2022-10-16,18:08:10,2193.9799999999996
keto,Keto Low Carb Pizza Casserole Recipe (Easy) - 5 Ingredients,italian,147.72,89.22,188.27,2022-10-16,18:08:10,2146.94
keto,"No Churn Mint Chip Ice Cream | Keto, Sugar Free",american,12.69,171.37,212.24,2022-10-16,18:08:10,2442.05
keto,"Orange and Five-Spice Roasted Chicken Legs | Keto, Paleo",mediterranean,677.22,41.71,686.9,2022-10-16,18:08:10,5831.87
keto,"Cream Cheese Spinach Stuffed Chicken (Low-carb, Keto)",american,112.64,15.78,98.81,2022-10-16,18:08:17,987.8199999999999
keto,"Easy Crockpot Chicken Stew (Low Carb, Keto) recipes",american,149.85,46.0,182.67,2022-10-16,18:08:17,1744.08
keto,"Chocolate Coconut Coffee Creamer {Paleo, Dairy-Free, Keto, Vegan}",american,2.21,14.72,28.6,2022-10-16,18:08:17,255.72000000000003
keto,Broccoli Cheddar Soup (Keto-3.7 net carbs per serving),american,116.23,192.1,347.33,2022-10-16,18:08:17,3583.1399999999994
keto,"Super Sloppy Joe Stuffed Peppers (keto, low carb)",american,130.71,44.36,163.82,2022-10-16,18:08:17,1577.3600000000001
keto,Easy Keto Low Carb Meatballs Recipe - Italian Style,italian,104.51,28.37,114.97,2022-10-16,18:08:17,1133.25
keto,"Taco Salad - Low Carb, Keto, Gluten-Free recipes",mexican,57.77,33.73,80.7,2022-10-16,18:08:17,857.45
keto,Low Carb Keto Sausage Balls Recipe With Cream Cheese,american,197.31,65.09,391.43,2022-10-16,18:08:17,2940.7700000000004
keto,"Chicken Skillet with Bacon Brussels Sprouts (Paleo, Whole30 + Keto)",italian,284.3,60.25,99.57,2022-10-16,18:08:17,2077.73
keto,Easy Keto Shrimp Scampi - Low Carb & Gluten Free,south east asian,127.05,39.09,61.23,2022-10-16,18:08:17,1104.93
keto,Chicken Parmigiana (Keto/Gluten-free/Low-carb) recipes,italian,248.2,64.35,171.14,2022-10-16,18:08:17,2256.5099999999998
keto,The Best Low Carb Keto Psyllium-Flax Bread recipes,american,107.72,187.02,171.45,2022-10-16,18:08:17,2799.8599999999997
keto,Chicken Pot Pie Soup | Keto | Low carb recipe,american,59.87,20.07,102.26,2022-10-16,18:08:17,829.1500000000001
keto,"Mini Zucchini Avocado Burgers Recipe [Paleo, Keto, AIP]",american,44.44,15.24,93.04,2022-10-16,18:08:17,687.0799999999999
keto,"Coconut Oil Baked Spaghetti Squash Recipe [Paleo, AIP, Keto]",italian,2.59,27.92,16.12,2022-10-16,18:08:17,326.12000000000006
keto,"Paleo Caesar Dressing Recipe (2 Methods) [Keto, Dairy-Free]",american,12.28,5.99,227.86,2022-10-16,18:08:17,1014.47
keto,Low carb and Keto Chocolate Candy Kisses (Baci) recipes,american,16.84,37.21,139.49,2022-10-16,18:08:17,960.21
keto,Low Carb Keto Soy Wrapped Spicy Salmon Sushi Roll,nordic,88.9,8.65,91.63,2022-10-16,18:08:24,799.97
keto,"Keto Chicken Cauliflower Casserole Recipe [Dairy-Free, Paleo]",italian,114.07,102.01,147.95,2022-10-16,18:08:24,1966.1699999999998
keto,Instant Pot Broccoli Cheese Soup--HUGE Batch KETO,american,186.92,148.87,801.84,2022-10-16,18:08:24,5294.87
keto,"Low Carb Mexican Pizza - Keto, Gluten Free recipes",italian,138.46,38.44,208.23,2022-10-16,18:08:24,1732.7199999999998
keto,"Baked Tuna Melt Jalapeño Poppers (Keto, Gluten-Free)",mexican,294.53,187.42,280.9,2022-10-16,18:08:24,3988.4999999999995
keto,Keto Pizza Cauliflower Casserole (low carb and gluten free),italian,270.18,78.05,406.22,2022-10-16,18:08:24,3408.05
keto,Sara Louise's Keto Hungarian Chicken Paprikash (Instant Pot),central europe,243.48,67.79,230.33,2022-10-16,18:08:24,2505.35
keto,"Paleo Passion Fruit Coconut Yogurt Parfait Recipe [AIP, Keto]",french,1.69,507.23,3.13,2022-10-16,18:08:24,4584.35
keto,Wednesday Keto Diet Plan | Veg and Non-Vegetarian Recipes,american,187.76,47.75,276.05,2022-10-16,18:08:24,2284.99
keto,"Almond Butter Freezer Fudge (Keto, Vegan, Gluten-free, Paleo)",american,55.06,75.09,200.22,2022-10-16,18:08:24,1696.93
keto,Keto Rocket Fuel Cafe Mocha with Chia Seeds recipes,american,4.5,9.77,27.72,2022-10-16,18:08:24,216.81
keto,Priya's Keto Avocado Garlic Chutney - Step by Step Recipe,indian,7.46,32.94,32.35,2022-10-16,18:08:31,455.69999999999993
keto,Broccoli Kale Pizza Crust Recipe | Crispy Keto Pizza Crust,italian,47.53,71.41,39.84,2022-10-16,18:08:31,992.17
keto,"BLTA Stuffed Tomatoes - Low Carb, Paleo, Keto, GF recipes",italian,26.2,35.95,110.12,2022-10-16,18:08:31,868.83
keto,Sara Louise's Keto Herbed Mustard Cod With Cauliflower Rice,mediterranean,126.08,15.35,51.93,2022-10-16,18:08:31,850.19
keto,4-Ingredient THM Chocolate Coconut Candy (easy keto fat bombs!),french,4.22,13.09,220.95,2022-10-16,18:08:31,1018.49
keto,Instant Pot® Keto Thai Chicken Soup (Tom Kha Gai),south east asian,175.18,57.38,209.5,2022-10-16,18:08:31,2055.1400000000003
keto,"Chocolate Keto Brownies (Low Carb, Sugar-free, Grain-Free)",french,34.4,32.72,123.11,2022-10-16,18:08:31,924.52
keto,"Dry Rubbed Ribs - Low Carb, Keto, Gluten-Free recipes",american,210.22,23.49,180.76,2022-10-16,18:08:31,1775.33
keto,Coconut Curry Chicken: A Keto Low Carb Curry Recipe,indian,109.96,48.36,141.36,2022-10-16,18:08:31,1440.52
keto,"Keto Chicken Jalapeno Poppers Recipe [Dairy-Free, Low Carb, Paleo]",american,58.62,4.96,85.31,2022-10-16,18:08:31,620.36
keto,"Pumpkin Spice Vegan Keto Doughnuts (paleo, nut free) recipes",american,8.88,36.52,37.88,2022-10-16,18:08:31,515.72
keto,Sheet Pan Keto Chicken Sausage with Roasted Brussels Sprouts and Tomatoes,mediterranean,27.5,27.64,76.82,2022-10-16,18:08:31,666.04
keto,Ultimate Keto Fathead Cauliflower Pizza Crust in the Known Universe,italian,53.33,34.03,79.24,2022-10-16,18:08:31,836.55
keto,"Creamy Avocado Zoodles with Bacon {Keto, Low Carb, Paleo} — Steemit",american,22.38,35.8,75.69,2022-10-16,18:08:31,714.48
keto,"Creamy Paleo Cauliflower Mash Recipe [Dairy-Free, Keto, AIP]",american,6.39,15.09,38.84,2022-10-16,18:08:31,316.73
keto,"Dijon Chicken Drummies - Low Carb, Gluten-Free, Keto recipes",french,42.48,41.15,69.99,2022-10-16,18:08:31,820.23
keto,Making Low Carb Keto Ice Cream For The First Time recipes,american,14.34,22.86,120.23,2022-10-16,18:08:31,744.02
keto,Meat Lover's Scramble Keto Egg Bake (Low Carb Friendly),american,136.56,16.11,216.83,2022-10-16,18:08:38,1558.5500000000002
keto,"Gluten Free, Keto Friendly, Low Carb, Buffalo Chicken Casserole",american,130.95,51.54,216.56,2022-10-16,18:08:38,1853.9
keto,"Keto Cauliflower Fried Rice Recipe, Low Calorie, Low Carb",chinese,32.67,58.26,39.18,2022-10-16,18:08:38,811.74
keto,Creamy Blue Cheese Dressing – Low Carb Keto Nom! recipes,american,14.56,5.83,64.8,2022-10-16,18:08:38,369.90999999999997
keto,Sara Louise's Keto Four Cheese Zucchini And Cauliflower Gratin,french,194.27,92.43,382.12,2022-10-16,18:08:38,3137.4300000000003
keto,"Keto Samoa Bars {THM:S, Low Carb, Ketogenic, Sugar-Free}",american,11.3,63.57,163.0,2022-10-16,18:08:38,1269.33
keto,Easy Low Carb Egg Salad and Day One Back on Keto,american,32.7,3.07,46.98,2022-10-16,18:08:38,346.35
keto,Easy Fresh Salsa – Low Carb Keto | Sugar Free recipes,mexican,8.54,45.23,29.4,2022-10-16,18:08:38,558.83
keto,"No-Cook Refreshing Mint Avocado Chilled Soup [Paleo, Keto, AIP]",american,8.96,25.55,78.44,2022-10-16,18:08:38,579.55
keto,Zesty keto chicken broth with broccoli rice and leafy greens,american,138.71,89.43,122.45,2022-10-16,18:08:38,1849.51
keto,Instant Pot® Keto Chicken Thighs in Lemon-Garlic Cream Sauce,american,137.9,29.16,225.61,2022-10-16,18:08:38,1716.48
keto,Easy Keto Broccoli Slaw Recipe (Low Carb and Gluten Free),american,11.34,29.01,75.19,2022-10-16,18:08:38,607.21
keto,Keto Broccoli Cheddar Muffins (Gluten-free/Low Carb) recipes,italian,107.72,67.4,185.7,2022-10-16,18:08:38,1780.28
keto,"Keto Strip Steak Lettuce Wraps (Low Carb, Grain Free)",american,180.65,51.49,165.55,2022-10-16,18:08:44,1848.21
keto,"Best Keto & Paleo Tortillas, Taco Shells & Nachos recipes",mexican,57.32,98.71,161.51,2022-10-16,18:08:44,1763.71
keto,"Oven Roasted Garlic Parmesan Cabbage Steaks (Keto, GAPS, Low-Carb)",american,17.59,21.55,44.56,2022-10-16,18:08:44,442.55
keto,Interested in the keto diet? Try this noodle bowl | CBC News,asian,37.81,86.64,22.39,2022-10-16,18:08:44,1020.56
keto,"Broccoli & Chicken Stir Fry Recipe – Low Carb, Keto & Paleo recipes",chinese,104.47,48.84,99.09,2022-10-16,18:08:44,1253.8000000000002
keto,Fat Bomb Chive Cream Cheese Dip | Keto Fat Bomb Recipe,american,15.82,13.9,133.7,2022-10-16,18:08:44,723.18
keto,"Fresh Chive and Bacon Fat Roasted Black Radishes (AIP/Paleo, Keto)",french,3.48,15.94,51.88,2022-10-16,18:08:44,364.9
keto,"AIP Lime Pickled Radishes [Paleo, Keto] – An Easy Side Dish Recipe",american,0.4,4.35,0.09,2022-10-16,18:08:44,41.11
keto,"Low Carb Crispy Walnut Shrimp - Gluten-Free, Keto, LCHF recipes",american,100.18,10.03,103.53,2022-10-16,18:08:44,905.11
keto,Bombay Sloppy Joe on Low-Carb Buns recipes,american,109.33,71.68,135.26,2022-10-16,18:08:44,1623.48
keto,"Crispy Fried Onions {Gluten-Free Fried Onions} - Whole30, Paleo, Keto",french,29.05,107.97,99.77,2022-10-16,18:08:44,1487.01
keto,Low-Carb Chocolate Hazelnut Spread aka Keto Nutella recipes,american,67.45,177.68,352.47,2022-10-16,18:08:44,3278.8
keto,Have A Very Keto Christmas With These 4-Ingredient Chocolate Orange Fat Bombs,italian,6.29,16.14,204.76,2022-10-16,18:08:44,989.4599999999999
keto,"Easy Baked Jicama Fries | Low-Carb, Keto, GF + Vegan",american,5.83,53.49,69.01,2022-10-16,18:08:44,780.77
keto,Keto Dinner rolls - egg and dairy free! (none of that fathead here),american,61.44,25.9,50.74,2022-10-16,18:08:51,681.82
keto,"Strawberry Oregano Turkey Burgers (Whole30, Paleo, Keto, Nut Free) recipes",american,198.47,49.07,120.95,2022-10-16,18:08:51,1719.31
keto,"Low Carb Chicken and Cheese Quesadillas {Gluten-free, Keto-friendly} recipes",mexican,105.69,24.26,73.94,2022-10-16,18:08:51,936.86
keto,Pork Curry over Cauliflower Rice | Low Carb | Keto | Gluten Free,south east asian,105.75,38.83,45.28,2022-10-16,18:08:51,953.59
keto,"Low Carb Chocolate Peanut Butter Cups {Gluten Free, Keto-Friendly} recipes",american,25.59,44.3,268.92,2022-10-16,18:08:51,1576.74
keto,"Aunt Rocky’s Chorizo and Spaghetti Squash Casserole (Low Carb, Keto)",italian,126.73,77.95,197.8,2022-10-16,18:08:51,1999.67
keto,Keto Chicken Pad Thai - Low Carb Stir Fried Noodles Recipe,south east asian,161.6,409.17,151.65,2022-10-16,18:08:51,4935.530000000001
keto,"Easy Tomato Feta Soup Recipe - Low Calorie, Low Carb, Keto",mediterranean,28.7,68.45,82.08,2022-10-16,18:08:51,1059.17
keto,4 Ingredient Mushroom Soup Recipe – Dairy Free + Low Carb + Keto Diet recipes,american,16.16,21.95,93.82,2022-10-16,18:08:51,637.47
keto,"Baked Low Carb Zucchini Fries (Paleo, AIP, Keto, Dairy Free)",french,25.33,57.48,97.11,2022-10-16,18:08:51,1007.0799999999999
keto,"Keto Asian Meatballs Recipe with Dipping Sauce [Paleo, Dairy-Free]",italian,93.72,34.87,119.12,2022-10-16,18:08:51,1165.19
keto,"Low Carb Vegan Ranch Dressing (dairy free, soy-free, keto) recipes",american,37.85,41.23,80.91,2022-10-16,18:08:51,846.11
keto,Keto Lamb Shanks Recipe Pressure Cooker [or Slow] - Falls Off The Bone,middle eastern,221.08,32.92,208.59,2022-10-16,18:08:51,2014.96
keto,"Aunt Rocky’s Keto Hot Cocoa Mix (Sugar Free, Dairy Free, Low Carb)",american,37.91,165.84,34.48,2022-10-16,18:08:58,1782.12
keto,"The Best Keto Pizza - Gluten-Free, Low Carb and Protein-Packed! recipes",italian,139.68,44.42,177.88,2022-10-16,18:08:58,1670.02
keto,"Vietnamese Pho-Inspired Tomato Beef Soup (Paleo, Whole30, Keto) recipes",south east asian,100.9,39.23,73.2,2022-10-16,18:08:58,1049.47
keto,"Low Carb Beef and Cheddar Cauliflower Bake, THM S meal, Keto too",british,710.81,112.56,1154.61,2022-10-16,18:08:58,8474.72
keto,"Vegan Keto Buffalo Jackfruit Dip (soy-free, dairy-free, coconut-free)",american,26.97,171.28,102.15,2022-10-16,18:08:58,2058.0
keto,Easy keto and Low Carb Chicken Broccoli Casserole (Paleo and Gluten Free),italian,137.72,43.49,113.95,2022-10-16,18:08:58,1398.09
keto,Creamy Chicken Alfredo Zoodles with Mushrooms – Low Carb Keto Ease! recipes,french,42.13,22.91,59.02,2022-10-16,18:08:58,610.7900000000001
keto,Keto-Friendly Watergate Salad (aka Pistachio Cheesecake Mousse with Pineapple and Cherries),american,17.99,47.38,120.16,2022-10-16,18:08:58,979.02
keto,"No Bake Pumpkin Keto Cheesecake Bars (Low Carb, Sugar Free, Gluten Free)",american,35.57,37.07,168.33,2022-10-16,18:08:58,1149.23
keto,Large Family Keto Instant Pot Beef Stew (Low Carb/THM S),french,268.97,68.02,57.98,2022-10-16,18:08:58,1919.98
keto,Sara Louise's Keto Salmon Burgers With Homemade Thai Sweet Chilli Sauce,south east asian,237.19,43.08,207.35,2022-10-16,18:08:58,2165.88
keto,Pumpkin in Browned Butter – aka Refried Pumpkin | Keto Allergy KISS Day 2 recipes,american,10.58,24.24,40.3,2022-10-16,18:08:58,421.68
keto,"Low Carb Blueberry Cheesecake Ice Cream (Keto, Sugar Free, Gluten Free)",american,20.32,21.36,115.31,2022-10-16,18:08:58,734.76
keto,"Kung Pao Cauliflower Chicken - Low Carb, Keto, Paleo and Gluten-Free! recipes",eastern europe,264.42,103.62,53.3,2022-10-16,18:08:58,2203.46
keto,"Wedge Salad with Homemade Blue Cheese Dressing - Low Carb, Keto, GF recipes",american,79.65,51.24,369.24,2022-10-16,18:08:58,2256.7200000000003
keto,"Low Carb Taco Soup for the Instant Pot or Slow Cooker, Keto, THM too",french,581.42,102.78,677.8,2022-10-16,18:08:58,5961.9
keto,Never Fail Hollandaise – Low Carb Keto | Gluten Free | Egg Fast Magic recipes,french,7.63,4.35,114.38,2022-10-16,18:08:58,527.1899999999999
keto,"Peanut Butter Chocolate Chip Mason Jar Ice Cream (Keto, L/C, S/F)",american,13.33,58.46,111.04,2022-10-16,18:09:05,1023.6200000000001
keto,This super-greens keto omelette with prawn and avocado is your new weeknight saviour,japanese,77.64,90.8,154.27,2022-10-16,18:09:05,1744.8400000000001
keto,"Healthy Homemade Keto Ice Cream in a Jar | Low Carb, Trim Healthy Mama S, too",american,18.98,51.67,194.03,2022-10-16,18:09:05,1317.0700000000002
keto,"Paleo Chocolate Mousse Cake (dairy Free, Raw Dessert, Keto, Paleo, Gluten Free) recipes",american,48.81,278.15,264.65,2022-10-16,18:09:05,3757.19
keto,Dinners don't get easier than this maple-glazed keto salmon and greens recipe,american,111.38,79.04,86.58,2022-10-16,18:09:05,1503.2
keto,"Pork rind tortillas: A keto-friendly recipe that replicates our go-to shells for tacos, fajitas and more",mexican,56.65,1.08,61.73,2022-10-16,18:09:05,483.24
keto,"No-Beans Hummus from The Keto Diet (reprinted with permission, ©Leanne Vogel, Victory, 2017) recipes",mediterranean,23.05,49.3,119.18,2022-10-16,18:09:05,1012.62
keto,Egg Fast Recipe – Tex Mex White Egg Pizza a Low Carb Keto Pizza Bonanza! recipes,italian,25.66,8.52,60.58,2022-10-16,18:09:05,421.64
keto,"Thai Coconut Red Curry Chicken Thighs with Bok Choy - Paleo, Gluten-Free, Keto, Low Carb recipes",south east asian,280.52,59.34,454.58,2022-10-16,18:09:05,3474.46
keto,Fried cabbage and sausage,middle eastern,29.91,60.68,98.6,2022-10-16,18:09:05,1060.1599999999999
keto,"Low Carb ""Breading""",american,57.11,6.27,40.34,2022-10-16,18:09:05,446.23
keto,Banana chia pudding,british,8.59,22.53,55.6,2022-10-16,18:09:05,459.53
keto,Aunt Rocky’s Spam Scramble,american,64.52,11.65,77.07,2022-10-16,18:09:05,671.21
keto,Orange cream jello cups,mediterranean,6.45,23.85,44.03,2022-10-16,18:09:05,416.57000000000005
keto,Aunt Rocky’s Garlic Butter Shrimp with Asparagus,french,50.72,12.14,70.62,2022-10-16,18:09:05,594.62
keto,Egg and mozzarella pizza crust (1/2 pie),italian,137.39,14.28,147.09,2022-10-16,18:09:05,1266.44
keto,Aunt Rocky’s Chicken & Avocado Wraps Filling,american,12.29,6.47,38.41,2022-10-16,18:09:05,261.03
keto,Orange Dream,british,16.27,90.19,133.44,2022-10-16,18:09:12,1410.5500000000002
keto,Adam's Vanilla Chia Pudding,british,19.78,51.14,76.19,2022-10-16,18:09:12,844.14
keto,"Aunt Rocky’s Quick Protein Eggnog (Sugar Free, Low Carb)",world,7.09,40.72,16.1,2022-10-16,18:09:12,459.24
keto,Sausage and Cheese Balls,american,217.14,13.59,335.53,2022-10-16,18:09:12,2332.99
keto,Macadamia Crusted Mahi Mahi,mediterranean,80.72,9.01,59.89,2022-10-16,18:09:12,643.53
keto,Fully loaded pan fried radishes,british,25.59,8.78,25.2,2022-10-16,18:09:12,282.18
keto,Fathead pizza crust,italian,83.43,479.9,34.44,2022-10-16,18:09:12,4790.58
keto,Tuscan Pork Tenderloin,italian,375.92,8.09,64.63,2022-10-16,18:09:12,1835.01
keto,Aunt Rocky’s Almond Butter Fat Bomb,american,26.23,64.01,110.21,2022-10-16,18:09:12,1121.85
keto,"Aunt Rocky’s Sausage & Cheddar Biscuit Snacks (Gluten-Free, Low Carb)",american,142.12,37.8,245.26,2022-10-16,18:09:12,1889.72
keto,Aunt Rocky’s Spaghetti Squash Carbonara,italian,107.46,42.39,203.11,2022-10-16,18:09:12,1623.79
keto,Chocolate mug cake,british,9.72,12.63,19.06,2022-10-16,18:09:12,228.79000000000002
keto,Chicken appetizer,british,167.65,124.1,306.51,2022-10-16,18:09:12,3013.54
keto,Beef Crust for Pizza,italian,75.92,4.27,121.14,2022-10-16,18:09:12,826.6700000000001
keto,Strawberry chocolate chip cheesecake,american,22.66,70.33,197.06,2022-10-16,18:09:18,1511.85
keto,Spinach feta fritatta,mediterranean,21.91,3.42,33.67,2022-10-16,18:09:18,253.10000000000002
keto,Bacon Wrapped Meatloaf,american,232.88,6.28,215.88,2022-10-16,18:09:18,1851.56
keto,Chocolate Almond Coconut Fat Bombs,french,24.61,45.84,351.68,2022-10-16,18:09:18,1917.72
keto,Stuffed Pork Chops,american,188.32,5.75,133.89,2022-10-16,18:09:18,1340.59
keto,Mascarpone Mousse,american,18.61,20.85,166.17,2022-10-16,18:09:18,926.77
keto,Mushroom Base,french,19.67,32.14,132.2,2022-10-16,18:09:18,896.74
keto,Aunt Rocky’s Colored Sprinkles (Sugar Free),american,0.0,12.0,0.0,2022-10-16,18:09:18,108.0
keto,Ham and egg salad,american,70.04,10.85,128.41,2022-10-16,18:09:18,891.45
keto,Succulent Sous Vide Chicken Thighs,american,255.23,4.89,275.25,2022-10-16,18:09:18,2165.9300000000003
keto,Cream of Mushrooms,american,10.45,20.25,75.25,2022-10-16,18:09:18,525.05
keto,Macadamia Fat Bread,french,53.77,79.92,266.07,2022-10-16,18:09:18,1998.6399999999999
keto,"Beef, cream cheese & shredded cheese",american,169.13,7.26,239.23,2022-10-16,18:09:18,1698.78
keto,No Carb (No Cauliflower) Pizza Crust,italian,225.2,10.55,94.58,2022-10-16,18:09:18,1374.07
keto,Indian Coconut Curry Salmon,nordic,62.59,39.71,65.81,2022-10-16,18:09:18,870.99
keto,Eggnog,french,11.78,30.36,140.04,2022-10-16,18:09:18,880.52
keto,Strawberry chocolate chip cheesecake,american,22.66,70.33,197.06,2022-10-16,18:09:25,1511.85
keto,Spinach feta fritatta,mediterranean,21.91,3.42,33.67,2022-10-16,18:09:25,253.10000000000002
keto,Bacon Wrapped Meatloaf,american,232.88,6.28,215.88,2022-10-16,18:09:25,1851.56
keto,Chocolate Almond Coconut Fat Bombs,french,24.61,45.84,351.68,2022-10-16,18:09:25,1917.72
keto,Stuffed Pork Chops,american,188.32,5.75,133.89,2022-10-16,18:09:25,1340.59
keto,Mascarpone Mousse,american,18.61,20.85,166.17,2022-10-16,18:09:25,926.77
keto,Mushroom Base,french,19.67,32.14,132.2,2022-10-16,18:09:25,896.74
keto,Aunt Rocky’s Colored Sprinkles (Sugar Free),american,0.0,12.0,0.0,2022-10-16,18:09:25,108.0
keto,Ham and egg salad,american,70.04,10.85,128.41,2022-10-16,18:09:25,891.45
keto,Succulent Sous Vide Chicken Thighs,american,255.23,4.89,275.25,2022-10-16,18:09:25,2165.9300000000003
keto,Cream of Mushrooms,american,10.45,20.25,75.25,2022-10-16,18:09:25,525.05
keto,Macadamia Fat Bread,french,53.77,79.92,266.07,2022-10-16,18:09:25,1998.6399999999999
keto,"Beef, cream cheese & shredded cheese",american,169.13,7.26,239.23,2022-10-16,18:09:25,1698.78
keto,No Carb (No Cauliflower) Pizza Crust,italian,225.2,10.55,94.58,2022-10-16,18:09:25,1374.07
keto,Indian Coconut Curry Salmon,nordic,62.59,39.71,65.81,2022-10-16,18:09:25,870.99
keto,Eggnog,french,11.78,30.36,140.04,2022-10-16,18:09:25,880.52
mediterranean,Mediterranean Cucumber Tonic,mediterranean,0.25,12.01,0.33,2022-10-16,16:43:14,110.41
mediterranean,Loup de Mer (Mediterranean Seabass),mediterranean,306.14,43.1,26.55,2022-10-16,16:43:14,1718.66
mediterranean,"Mediterranean Baked Trout with Olives, Fennel & Tomatoes recipes",mediterranean,187.14,42.31,87.94,2022-10-16,16:43:14,1481.11
mediterranean,Mediterranean Salmon Risotto recipes,nordic,395.5,287.1,291.04,2022-10-16,16:43:14,5330.0599999999995
mediterranean,Mediterranean Pita Melts,mediterranean,46.57,139.71,37.7,2022-10-16,16:43:14,1594.47
mediterranean,Mediterranean Salmon Stuffed Shells,nordic,333.01,414.66,230.05,2022-10-16,16:43:14,5984.179999999999
mediterranean,Easy Stuffed Peppers,italian,76.64,429.13,58.98,2022-10-16,16:43:14,4404.650000000001
mediterranean,Mediterranean Spiced Cucumber Medallions,mediterranean,29.67,23.24,28.44,2022-10-16,16:43:14,441.6
mediterranean,Marinated Mediterranean Olives,mediterranean,4.76,34.08,50.12,2022-10-16,16:43:14,526.24
mediterranean,Loup De Mer (Mediterranean Seabass),mediterranean,306.68,45.78,26.54,2022-10-16,16:43:14,1744.9
mediterranean,Mediterranean Chicken,mediterranean,281.25,78.76,167.28,2022-10-16,16:43:14,2502.96
mediterranean,Grilled Tofu with a Mediterranean Chopped Salad,asian,33.62,16.2,30.37,2022-10-16,16:43:14,401.76
mediterranean,Mediterranean Rub,mediterranean,1.09,4.56,0.18,2022-10-16,16:43:14,46.12
mediterranean,Mediterranean Chicken Lettuce Wrap Tacos recipes,mediterranean,96.62,37.84,74.64,2022-10-16,16:43:14,1025.6000000000001
mediterranean,Mediterranean Lasagna,italian,218.34,271.22,268.81,2022-10-16,16:43:14,4389.580000000001
mediterranean,Mediterranean Olive Hummus,mediterranean,25.97,78.69,57.46,2022-10-16,16:43:14,1041.93
mediterranean,Mediterranean Chicken,mediterranean,99.66,116.78,118.14,2022-10-16,16:43:14,1922.2199999999998
mediterranean,Flatbread Pizza With Prosciutto & Gorgonzola,italian,216.49,528.48,215.02,2022-10-16,16:43:14,6482.36
mediterranean,Mediterranean Mix,mediterranean,8.11,9.59,14.64,2022-10-16,16:43:14,177.31
mediterranean,Mediterranean Wrap,mediterranean,135.85,31.94,40.02,2022-10-16,16:43:14,990.94
mediterranean,Mediterranean Marinade,mediterranean,1.5,12.79,68.75,2022-10-16,16:43:20,396.11
mediterranean,Mediterranean Wrap,mediterranean,14.19,36.47,40.3,2022-10-16,16:43:20,546.19
mediterranean,Mediterranean Spatchcock Chicken,mediterranean,159.58,10.45,168.86,2022-10-16,16:43:20,1407.81
mediterranean,"Crab, Scallion And Tomato Quiche",french,108.21,136.89,138.56,2022-10-16,16:43:20,2219.0899999999997
mediterranean,Mediterranean Chicken,mediterranean,156.48,26.53,88.33,2022-10-16,16:43:20,1218.01
mediterranean,Mediterranean Appetizer Board,mediterranean,88.77,305.3,112.14,2022-10-16,16:43:20,3551.34
mediterranean,Mediterranean Chicken,mediterranean,327.56,57.06,146.5,2022-10-16,16:43:20,2409.7799999999997
mediterranean,Homemade Labneh,mexican,25.18,12.46,59.23,2022-10-16,16:43:20,449.78
mediterranean,Mediterranean Slices,mediterranean,64.35,201.3,192.7,2022-10-16,16:43:20,2839.8999999999996
mediterranean,Tapenade,mediterranean,8.08,22.69,56.26,2022-10-16,16:43:20,461.57
mediterranean,Mediterranean Marinade,mediterranean,1.5,12.79,68.75,2022-10-16,16:43:20,396.11
mediterranean,Mediterranean Tuna,mediterranean,69.04,28.09,42.29,2022-10-16,16:43:20,698.13
mediterranean,Mediterranean Couscous,mediterranean,47.95,284.92,8.88,2022-10-16,16:43:20,2791.6000000000004
mediterranean,Mediterranean Pasta,mediterranean,77.45,363.81,112.54,2022-10-16,16:43:20,4034.25
mediterranean,Mediterranean Pizza,italian,62.07,192.5,41.81,2022-10-16,16:43:20,2148.02
mediterranean,Mediterranean Pizza,italian,64.24,213.66,49.41,2022-10-16,16:43:20,2377.54
mediterranean,Mediterranean Herb Rub,mediterranean,1.69,5.68,14.25,2022-10-16,16:43:20,114.88
mediterranean,Herby Mediterranean Fish with Wilted Greens & Mushrooms,mediterranean,68.27,41.25,50.83,2022-10-16,16:43:20,847.6499999999999
mediterranean,Mediterranean Guacamole,mediterranean,10.34,47.1,66.56,2022-10-16,16:43:20,731.5
mediterranean,Mediterranean Crostini,mediterranean,44.88,166.3,100.32,2022-10-16,16:43:20,2077.5
mediterranean,Mediterranean scones,mediterranean,68.48,300.62,96.8,2022-10-16,16:43:27,3366.7
mediterranean,Mediterranean Guacamole,mediterranean,18.05,80.87,119.28,2022-10-16,16:43:27,1277.15
mediterranean,Mediterranean Brisket,mediterranean,206.85,29.03,258.03,2022-10-16,16:43:27,2120.79
mediterranean,Mediterranean Succotash,american,55.63,217.06,33.77,2022-10-16,16:43:27,2311.14
mediterranean,Mediterranean Pizza,italian,74.32,394.77,69.24,2022-10-16,16:43:27,4127.17
mediterranean,Mediterranean Tuna Melt,mediterranean,140.01,68.39,108.71,2022-10-16,16:43:27,1610.3899999999999
mediterranean,Mediterranean Chicken,mediterranean,345.61,150.24,392.03,2022-10-16,16:43:27,4302.72
mediterranean,Mediterranean Chicken,mediterranean,119.31,240.48,89.59,2022-10-16,16:43:27,2999.9199999999996
mediterranean,Mediterranean Ratatouille,french,28.88,150.49,59.84,2022-10-16,16:43:27,1709.29
mediterranean,Mediterranean Bruschetta,mediterranean,90.59,253.26,127.67,2022-10-16,16:43:27,3152.38
mediterranean,Chicken Souvlaki Kebabs with Mediterranean Couscous,mediterranean,132.49,123.37,61.32,2022-10-16,16:43:27,1885.57
mediterranean,Mediterranean Chicken,mediterranean,197.86,48.16,84.59,2022-10-16,16:43:27,1563.2400000000002
mediterranean,Easy Mediterranean Spice,mediterranean,0.74,3.93,0.16,2022-10-16,16:43:27,38.970000000000006
mediterranean,Mediterranean Cod,mediterranean,88.36,39.99,25.91,2022-10-16,16:43:27,816.99
mediterranean,Mediterranean Potato Salad,mediterranean,35.22,172.83,72.64,2022-10-16,16:43:27,1986.9099999999999
mediterranean,Mediterranean Bruschetta,mediterranean,100.86,254.0,124.95,2022-10-16,16:43:27,3189.2400000000002
mediterranean,Mediterranean Risotto,italian,83.82,325.59,120.42,2022-10-16,16:43:27,3747.27
mediterranean,Mediterranean Marinade,mediterranean,4.06,22.62,163.26,2022-10-16,16:43:27,872.86
mediterranean,Middle Eastern Salad Bowls with Farro & Chicken,italian,131.92,106.72,28.87,2022-10-16,16:43:27,1603.6399999999999
mediterranean,Mediterranean Flounder,mediterranean,72.24,32.18,21.62,2022-10-16,16:43:27,665.06
mediterranean,Mediterranean Toast,mediterranean,9.99,21.92,8.78,2022-10-16,16:43:34,272.36
mediterranean,Mediterranean Chicken,mediterranean,206.03,90.4,74.48,2022-10-16,16:43:34,1935.64
mediterranean,Mediterranean Salad,mediterranean,86.43,430.82,121.02,2022-10-16,16:43:34,4707.18
mediterranean,Mediterranean Salad,mediterranean,46.13,82.86,166.28,2022-10-16,16:43:34,1595.38
mediterranean,Mediterranean Veggie Sandwiches,mediterranean,39.85,109.52,42.36,2022-10-16,16:43:34,1314.52
mediterranean,Mediterranean Chicken,mediterranean,94.96,46.31,85.96,2022-10-16,16:43:34,1140.47
mediterranean,Mediterranean Eggs,mediterranean,72.83,50.7,62.3,2022-10-16,16:43:34,996.8199999999999
mediterranean,Mediterranean Focaccia,italian,112.38,549.98,90.39,2022-10-16,16:43:34,5760.900000000001
mediterranean,Mediterranean Pizza,italian,274.45,491.11,321.61,2022-10-16,16:43:34,6804.23
mediterranean,Mediterranean Brisket,mediterranean,256.51,70.19,312.08,2022-10-16,16:43:34,2906.0699999999997
mediterranean,Mediterranean Shrimp,mediterranean,162.9,260.05,110.64,2022-10-16,16:43:34,3434.61
mediterranean,Mediterranean Tabbouleh,middle eastern,27.05,120.15,46.85,2022-10-16,16:43:34,1376.9500000000003
mediterranean,Orecchiette with Mixed Greens and Goat Cheese,italian,24.37,84.92,9.07,2022-10-16,16:43:34,898.04
mediterranean,Mediterranean Burgers,nordic,60.55,277.05,57.72,2022-10-16,16:43:34,2966.53
mediterranean,Mediterranean Herb Mix,mediterranean,1.89,13.86,2.01,2022-10-16,16:43:34,140.33999999999997
mediterranean,Mediterranean Pork Chops,mediterranean,93.07,3.7,59.04,2022-10-16,16:43:34,641.74
mediterranean,Chopped Mediterranean Salad,mediterranean,7.71,12.57,12.37,2022-10-16,16:43:34,193.45
mediterranean,Mediterranean-Stuffed Chicken,mediterranean,251.23,12.72,54.64,2022-10-16,16:43:34,1337.9599999999998
mediterranean,Mediterranean Bento Lunch,mediterranean,39.83,92.83,19.93,2022-10-16,16:43:34,1074.51
mediterranean,Mediterranean Picnic Snack,mediterranean,7.17,20.8,5.87,2022-10-16,16:43:34,239.36
mediterranean,Mediterranean Omelet recipes,mediterranean,17.88,6.39,21.62,2022-10-16,16:43:41,215.51
mediterranean,Mediterranean Fish Fillets,mediterranean,45.03,18.04,8.17,2022-10-16,16:43:41,375.16
mediterranean,Mediterranean Orzo Salad,mediterranean,52.08,191.86,79.51,2022-10-16,16:43:41,2253.1000000000004
mediterranean,Grilled Mediterranean Snapper,mediterranean,145.7,35.22,41.89,2022-10-16,16:43:41,1067.34
mediterranean,Mediterranean Salmon Skewers,nordic,94.73,17.42,69.99,2022-10-16,16:43:41,815.6600000000001
mediterranean,Mediterranean Herb Rub,mediterranean,6.62,24.47,7.57,2022-10-16,16:43:41,276.99
mediterranean,Mediterranean Zucchini Hash,mediterranean,14.73,76.43,12.57,2022-10-16,16:43:41,797.07
mediterranean,Mediterranean Pressed Sandwich,italian,119.01,180.49,96.61,2022-10-16,16:43:41,2486.8900000000003
mediterranean,Mediterranean Lentil Salad,mediterranean,81.66,138.32,99.65,2022-10-16,16:43:41,1970.12
mediterranean,Mediterranean Pasta Salad,mediterranean,31.63,47.39,23.33,2022-10-16,16:43:41,646.3499999999999
mediterranean,Mediterranean Chicken recipes,mediterranean,146.34,20.28,109.94,2022-10-16,16:43:41,1207.6399999999999
mediterranean,Mediterranean Creamsicle Floats,american,9.24,189.03,29.04,2022-10-16,16:43:41,1854.39
mediterranean,Mediterranean Rice Noodles,asian,33.97,395.16,41.01,2022-10-16,16:43:41,3856.36
mediterranean,Mediterranean Pasta Salad,mediterranean,27.21,140.11,44.56,2022-10-16,16:43:41,1548.0700000000002
mediterranean,MEDITERRANEAN CORN SALAD,mediterranean,136.26,391.03,123.88,2022-10-16,16:43:41,4559.83
mediterranean,Mediterranean Baked Cod,mediterranean,167.34,14.3,6.9,2022-10-16,16:43:41,825.6600000000001
mediterranean,Mediterranean Crunch Salad,mediterranean,37.09,129.25,13.45,2022-10-16,16:43:41,1365.41
mediterranean,Mediterranean Quinoa Bowl,mediterranean,65.37,233.41,74.62,2022-10-16,16:43:41,2660.65
mediterranean,Mediterranean prawn salad,mediterranean,32.23,36.16,56.83,2022-10-16,16:43:41,681.6799999999998
mediterranean,Mediterranean Vegetable Hash,mediterranean,14.73,76.5,1.77,2022-10-16,16:43:41,754.5
mediterranean,Speedy Mediterranean gnocchi,mediterranean,26.53,151.27,14.91,2022-10-16,16:43:47,1527.1900000000003
mediterranean,Mediterranean Grain Salad,mediterranean,14.02,48.13,16.24,2022-10-16,16:43:47,554.21
mediterranean,Mediterranean Beef Pitas,mediterranean,111.97,137.91,140.62,2022-10-16,16:43:47,2251.55
mediterranean,Mediterranean Cauliflower Pizza,italian,83.4,75.67,97.28,2022-10-16,16:43:47,1403.75
mediterranean,Mediterranean Grain Salad,mediterranean,14.02,48.13,16.24,2022-10-16,16:43:47,554.21
mediterranean,Mediterranean sardine salad,mediterranean,51.52,5.77,40.72,2022-10-16,16:43:47,420.89
mediterranean,Mediterranean stuffed peppers,mediterranean,23.98,86.02,30.6,2022-10-16,16:43:47,992.4999999999999
mediterranean,Mediterranean Slaw Dogs,mediterranean,13.54,16.4,72.72,2022-10-16,16:43:47,492.64
mediterranean,Mediterranean Mackerel Salad,mediterranean,57.9,10.27,59.68,2022-10-16,16:43:47,562.75
mediterranean,Mediterranean Lamb Chops,mediterranean,134.07,41.94,245.28,2022-10-16,16:43:47,1894.8600000000001
mediterranean,Mediterranean Tuna Salad,mediterranean,70.36,23.76,19.48,2022-10-16,16:43:47,573.1999999999999
mediterranean,Mediterranean Fish Parcels,mediterranean,69.49,52.45,11.42,2022-10-16,16:43:47,795.6899999999999
mediterranean,Mediterranean Fish Stew,mediterranean,115.25,167.93,32.56,2022-10-16,16:43:47,2102.61
mediterranean,Mediterranean Shrimp Caesar,mediterranean,9.52,6.4,82.52,2022-10-16,16:43:47,425.76
mediterranean,Mediterranean potato salad,mediterranean,33.04,183.28,22.2,2022-10-16,16:43:47,1870.48
mediterranean,Mediterranean Tuna Wrap,mediterranean,115.43,130.82,40.33,2022-10-16,16:43:47,1800.4199999999998
mediterranean,Mediterranean Quesadillas recipes,mexican,35.9,36.23,36.47,2022-10-16,16:43:47,615.55
mediterranean,Mediterranean Tuna Sandwiches,mediterranean,45.57,66.57,20.23,2022-10-16,16:43:47,862.3299999999998
mediterranean,Mediterranean Marinated Vegetables,mediterranean,34.59,147.52,142.69,2022-10-16,16:43:47,2036.8
mediterranean,Mediterranean Tuna Salad,mediterranean,164.46,115.51,125.52,2022-10-16,16:43:47,2199.51
mediterranean,Mediterranean potato salad,mediterranean,9.92,75.91,17.29,2022-10-16,16:43:54,792.0299999999999
mediterranean,Mediterranean Pasta Shells,mediterranean,38.58,168.61,42.05,2022-10-16,16:43:54,1840.0100000000002
mediterranean,Mediterranean Quinoa Salad,mediterranean,84.71,273.79,171.33,2022-10-16,16:43:54,3488.2700000000004
mediterranean,Mediterranean Chicken Meatballs,mediterranean,131.67,60.02,68.43,2022-10-16,16:43:54,1340.5800000000002
mediterranean,Mediterranean Chicken Couscous,mediterranean,171.8,202.28,75.79,2022-10-16,16:43:54,2810.88
mediterranean,Mediterranean Fish Stew,mediterranean,130.32,52.35,38.71,2022-10-16,16:43:54,1147.27
mediterranean,Romaine Hearts Mediterranean,mediterranean,20.78,69.35,76.67,2022-10-16,16:43:54,1013.95
mediterranean,Mediterranean Chicken Stew,mediterranean,90.89,185.11,22.93,2022-10-16,16:43:54,2121.27
mediterranean,Mediterranean Shrimp Wraps,mediterranean,37.18,159.12,37.76,2022-10-16,16:43:54,1731.84
mediterranean,Mediterranean Lima Beans,mediterranean,25.08,106.65,31.38,2022-10-16,16:43:54,1185.69
mediterranean,Mediterranean Chicken Stew,mediterranean,236.11,198.49,272.65,2022-10-16,16:43:54,3821.4500000000003
mediterranean,Mediterranean Salsa Couscous,mediterranean,43.46,157.3,54.19,2022-10-16,16:43:54,1806.3
mediterranean,Mediterranean Olive Bread,mediterranean,52.1,227.41,82.75,2022-10-16,16:43:54,2586.09
mediterranean,Roasted Mediterranean Chicken,mediterranean,166.33,154.45,133.42,2022-10-16,16:43:54,2589.0499999999997
mediterranean,Mediterranean Deviled Eggs,mediterranean,18.06,4.74,18.24,2022-10-16,16:43:54,187.86
mediterranean,Mediterranean Olive Relish,mediterranean,3.88,23.5,65.63,2022-10-16,16:43:54,489.53999999999996
mediterranean,Mediterranean Potato Topper,mediterranean,16.57,93.13,28.15,2022-10-16,16:43:54,1017.05
mediterranean,Mediterranean Style Linguini,italian,92.57,283.83,44.19,2022-10-16,16:43:54,3101.51
mediterranean,Mediterranean Spiced Burgers,mediterranean,103.26,124.01,106.03,2022-10-16,16:43:54,1953.25
mediterranean,Warm Mediterranean Olives,mediterranean,5.16,63.53,100.92,2022-10-16,16:44:03,996.0899999999999
mediterranean,Mediterranean Chopped Salad,mediterranean,54.74,145.83,77.87,2022-10-16,16:44:03,1842.91
mediterranean,Mediterranean Eggs (Shakshuka),mediterranean,46.56,120.71,99.2,2022-10-16,16:44:03,1669.4299999999998
mediterranean,Mediterranean Chickpea Salad,mediterranean,74.82,139.48,108.53,2022-10-16,16:44:03,1988.7199999999998
mediterranean,Mediterranean Chicken Soup,mediterranean,291.3,388.61,204.18,2022-10-16,16:44:03,5479.410000000001
mediterranean,Mediterranean Tuna Melt,mediterranean,202.42,228.61,64.46,2022-10-16,16:44:03,3125.01
mediterranean,Mediterranean Chicken recipes,mediterranean,201.51,56.78,217.33,2022-10-16,16:44:03,2186.38
mediterranean,Mediterranean Chopped Salad,mediterranean,4.17,19.13,31.41,2022-10-16,16:44:03,314.49
mediterranean,Mediterranean Mixed Grill,mediterranean,254.79,121.16,217.51,2022-10-16,16:44:03,2979.64
mediterranean,Mediterranean Garbanzo Salad,mediterranean,19.9,103.46,8.1,2022-10-16,16:44:03,1043.14
mediterranean,Eggplant Mediterranean Style,mediterranean,7.39,38.84,29.79,2022-10-16,16:44:03,498.2800000000001
mediterranean,Mediterranean Chuck Roast,mediterranean,193.16,58.12,46.71,2022-10-16,16:44:03,1482.5599999999997
mediterranean,Mediterranean Marinated Shrimp,mediterranean,197.38,37.84,129.9,2022-10-16,16:44:03,1649.6799999999998
mediterranean,Mediterranean Tofu Salad,asian,79.91,31.75,68.77,2022-10-16,16:44:03,880.47
mediterranean,Mediterranean Catfish Spaghetti,mediterranean,342.11,1796.28,42.97,2022-10-16,16:44:03,17706.84
mediterranean,Mediterranean-Style Tuna,mediterranean,107.1,28.0,51.06,2022-10-16,16:44:03,884.64
mediterranean,Mediterranean Pepper Soup,mediterranean,108.38,99.73,120.17,2022-10-16,16:44:03,1811.7700000000002
mediterranean,Mini Mediterranean Pizzas,italian,31.3,117.03,38.37,2022-10-16,16:44:03,1331.95
mediterranean,Mediterranean Deviled Eggs,mediterranean,77.75,15.51,91.47,2022-10-16,16:44:03,816.47
mediterranean,Mediterranean Orzo Salad,mediterranean,57.29,204.87,200.13,2022-10-16,16:44:03,2873.5099999999998
mediterranean,Chopped Mediterranean Salad,mediterranean,46.21,149.64,49.47,2022-10-16,16:44:10,1729.4799999999996
mediterranean,Mediterranean Breakfast Sandwiches,mediterranean,50.25,111.92,52.68,2022-10-16,16:44:10,1419.0
mediterranean,Mediterranean Beef Ragout,mediterranean,215.1,87.94,80.07,2022-10-16,16:44:10,1972.14
mediterranean,Mediterranean Chicken Pizza,italian,132.19,188.73,117.34,2022-10-16,16:44:10,2696.69
mediterranean,Mediterranean Hummus Trifle,mediterranean,158.51,400.73,182.47,2022-10-16,16:44:10,4970.490000000001
mediterranean,Mediterranean Tuna Wrap,mediterranean,48.73,54.13,13.12,2022-10-16,16:44:10,734.57
mediterranean,Mediterranean Bean Salad,mediterranean,51.53,121.44,71.63,2022-10-16,16:44:10,1585.6
mediterranean,Mediterranean Shrimp Salad,mediterranean,122.76,142.57,38.35,2022-10-16,16:44:10,1927.57
mediterranean,Mediterranean Steak Salad,mediterranean,82.5,46.84,121.42,2022-10-16,16:44:10,1237.24
mediterranean,Mediterranean Tuna Panini,italian,161.8,120.49,36.58,2022-10-16,16:44:10,1877.9299999999998
mediterranean,Mediterranean Chickpea Salad,mediterranean,34.42,122.29,21.7,2022-10-16,16:44:10,1325.0900000000001
mediterranean,Mediterranean Salad-Wraps,mediterranean,39.99,123.57,30.42,2022-10-16,16:44:10,1393.77
mediterranean,Mediterranean Salmon Spread,nordic,42.54,28.04,12.41,2022-10-16,16:44:10,472.15999999999997
mediterranean,Mediterranean Portobello Burger,mediterranean,50.92,214.43,46.68,2022-10-16,16:44:10,2320.27
mediterranean,Mediterranean Deviled Eggs,mediterranean,77.75,15.51,91.47,2022-10-16,16:44:10,816.47
mediterranean,Spicy Mediterranean Vinaigrette,mediterranean,3.6,35.43,55.33,2022-10-16,16:44:10,554.5899999999999
mediterranean,Mediterranean Salad Tarts,mediterranean,62.33,231.79,162.89,2022-10-16,16:44:10,2986.9900000000002
mediterranean,Mediterranean Artichoke Dip,mediterranean,199.98,127.87,391.13,2022-10-16,16:44:10,3515.27
mediterranean,Mediterranean Tuna Salad,mediterranean,115.89,185.04,90.82,2022-10-16,16:44:10,2492.2
mediterranean,Mediterranean Chopped Salad,mediterranean,137.13,149.69,36.17,2022-10-16,16:44:10,2040.41
mediterranean,Mediterranean Beef Stew,mediterranean,98.1,168.47,129.44,2022-10-16,16:44:16,2426.3900000000003
mediterranean,Mediterranean Chickpea Salad,mediterranean,75.79,228.21,155.77,2022-10-16,16:44:16,2980.1299999999997
mediterranean,Mediterranean snack wrap,mediterranean,12.48,17.54,35.05,2022-10-16,16:44:16,347.97999999999996
mediterranean,Mediterranean Chickpea Burgers,mediterranean,116.19,238.09,58.18,2022-10-16,16:44:16,2840.2899999999995
mediterranean,Mediterranean Fish Tacos,mediterranean,246.13,356.22,122.85,2022-10-16,16:44:16,4681.9
mediterranean,Mediterranean Orzo Salad,mediterranean,115.71,449.14,160.0,2022-10-16,16:44:16,5145.099999999999
mediterranean,Mediterranean Orzo Salad,mediterranean,66.87,264.16,108.36,2022-10-16,16:44:16,3078.36
mediterranean,Mediterranean Grilled Eggplant,mediterranean,34.38,112.75,162.01,2022-10-16,16:44:16,1800.31
mediterranean,Mediterranean Tuna Melts,mediterranean,157.43,142.85,80.43,2022-10-16,16:44:16,2237.09
mediterranean,Mediterranean Bison Sliders,american,304.97,668.16,248.16,2022-10-16,16:44:16,8225.96
mediterranean,Mediterranean Pasta Salad,mediterranean,73.89,371.77,176.18,2022-10-16,16:44:16,4346.21
mediterranean,Mediterranean Baked Penne,mediterranean,186.1,469.49,137.13,2022-10-16,16:44:16,5518.33
mediterranean,Mediterranean Turkey Burgers,american,104.48,26.48,135.66,2022-10-16,16:44:16,1198.88
mediterranean,Mediterranean Roast Turkey,american,369.58,69.97,124.59,2022-10-16,16:44:16,2606.4100000000003
mediterranean,Mediterranean Vegetables recipes,mediterranean,16.19,88.02,29.36,2022-10-16,16:44:16,974.3799999999999
mediterranean,Mediterranean Tuna Wrap,mediterranean,85.78,114.06,62.98,2022-10-16,16:44:16,1621.58
mediterranean,Mediterranean Orzo Pilaf,mediterranean,39.38,194.4,53.3,2022-10-16,16:44:16,2120.32
mediterranean,Mediterranean-Style Frittata,italian,58.32,28.12,39.16,2022-10-16,16:44:16,643.0
mediterranean,Roasted Mediterranean Vegetables,mediterranean,26.17,162.14,73.21,2022-10-16,16:44:16,1856.7799999999997
mediterranean,Mediterranean Chicken Salad,mediterranean,126.39,137.7,59.16,2022-10-16,16:44:16,1981.5
mediterranean,Mediterranean fish gratins,french,276.13,118.02,84.93,2022-10-16,16:44:23,2506.42
mediterranean,Mediterranean Turkey Burgers,american,148.73,79.54,113.29,2022-10-16,16:44:23,1763.94
mediterranean,Mediterranean Vegetable Salad,mediterranean,28.89,120.63,97.89,2022-10-16,16:44:23,1592.79
mediterranean,Mediterranean Summer Salad,mediterranean,55.89,205.66,72.34,2022-10-16,16:44:23,2363.86
mediterranean,Mediterranean Cornish Hens,indian,201.99,305.31,155.22,2022-10-16,16:44:23,4176.63
mediterranean,Mediterranean Lamb Salad,mediterranean,127.34,143.93,91.39,2022-10-16,16:44:23,2170.29
mediterranean,Mediterranean Farro Salad,mediterranean,85.01,216.9,97.87,2022-10-16,16:44:23,2683.6200000000003
mediterranean,Mediterranean mac and cheese,american,92.93,346.28,85.18,2022-10-16,16:44:23,3828.96
mediterranean,Tapas Night Shrimp,mediterranean,63.46,12.11,207.31,2022-10-16,16:44:23,1192.07
mediterranean,Stuffed Mediterranean Baked Potato,mediterranean,38.87,199.05,9.32,2022-10-16,16:44:23,1984.21
mediterranean,Mediterranean Fish Stew,mediterranean,157.38,149.14,33.65,2022-10-16,16:44:23,2106.3799999999997
mediterranean,Mediterranean Lettuce Wraps,mediterranean,83.08,245.78,128.92,2022-10-16,16:44:23,3060.02
mediterranean,Mediterranean Deviled Eggs,mediterranean,63.16,15.43,92.25,2022-10-16,16:44:23,760.51
mediterranean,Mediterranean Pasta Salad,mediterranean,55.96,176.21,24.88,2022-10-16,16:44:23,1909.25
mediterranean,Mediterranean Cod Packets,mediterranean,135.89,107.54,73.46,2022-10-16,16:44:23,1805.26
mediterranean,Helen’s Mediterranean pie,mediterranean,118.05,472.46,69.56,2022-10-16,16:44:23,5002.579999999999
mediterranean,Mediterranean-Style Chicken,mediterranean,192.56,246.8,76.6,2022-10-16,16:44:23,3297.8400000000006
mediterranean,Mediterranean Cabbage Soup,mediterranean,47.06,183.94,31.28,2022-10-16,16:44:23,1968.8200000000002
mediterranean,Mediterranean Fish Stew,french,219.81,241.58,69.68,2022-10-16,16:44:30,3332.1800000000003
mediterranean,Mediterranean Potato Salad,mediterranean,51.53,385.4,94.8,2022-10-16,16:44:30,4053.9199999999996
mediterranean,5 Layer Mediterranean Dip,mediterranean,14.33,17.24,21.07,2022-10-16,16:44:30,296.76
mediterranean,Mediterranean Bulgar Salad,mediterranean,87.67,300.32,166.03,2022-10-16,16:44:30,3717.68
mediterranean,Mediterranean Halibut Sandwiches,mediterranean,108.97,205.46,131.17,2022-10-16,16:44:30,2809.7
mediterranean,Savory Beet and Brussels Sprout Tart,american,79.92,157.36,256.33,2022-10-16,16:44:30,2761.2400000000002
mediterranean,Mediterranean Whole Roasted Cauliflower,mediterranean,21.09,45.43,96.95,2022-10-16,16:44:30,881.03
mediterranean,Mediterranean Madness Salad,mediterranean,68.41,261.92,74.05,2022-10-16,16:44:30,2927.12
mediterranean,Mediterranean Vegetable Salad,mediterranean,46.25,214.54,100.01,2022-10-16,16:44:30,2515.8999999999996
mediterranean,Mediterranean Mac and Cheese,american,114.32,399.02,98.32,2022-10-16,16:44:30,4441.74
mediterranean,Mediterranean vegetables with lamb,mediterranean,66.63,61.59,29.73,2022-10-16,16:44:30,939.75
mediterranean,Mediterranean Spinach Strata,american,193.5,358.13,119.93,2022-10-16,16:44:30,4476.89
mediterranean,Easy Mediterranean Grilled Chicken,french,226.5,25.46,235.68,2022-10-16,16:44:30,2077.86
mediterranean,Mediterranean Chicken Salad,mediterranean,122.02,103.08,133.39,2022-10-16,16:44:30,1949.36
mediterranean,Mediterranean Pasta With Broccoli,mediterranean,91.7,315.68,111.15,2022-10-16,16:44:30,3652.52
mediterranean,Penne Rigate with Mixed Greens and Pine Nuts,italian,98.21,362.25,126.16,2022-10-16,16:44:30,4157.7300000000005
mediterranean,Mediterranean Shrimp and Bulgur,mediterranean,119.32,113.6,44.36,2022-10-16,16:44:30,1677.12
mediterranean,Mediterranean Penne with Sausage,mediterranean,114.96,295.14,44.41,2022-10-16,16:44:30,3293.74
mediterranean,Mediterranean Mostaccioli with Feta,mediterranean,94.74,204.03,43.24,2022-10-16,16:44:30,2388.19
mediterranean,Mediterranean Roasted Broccoli & Tomatoes,mediterranean,12.75,37.15,18.78,2022-10-16,16:44:30,460.46999999999997
mediterranean,Mediterranean Olive Hummus recipes,mediterranean,22.48,72.94,28.65,2022-10-16,16:44:36,860.98
mediterranean,Mediterranean Tuna Cold Plate,mediterranean,19.93,38.85,28.8,2022-10-16,16:44:36,544.57
mediterranean,Stuffed Mediterranean Baked Potato,mediterranean,45.76,218.21,22.86,2022-10-16,16:44:36,2238.3700000000003
mediterranean,Mediterranean Chile Chicken Wings,mediterranean,119.97,72.43,99.75,2022-10-16,16:44:36,1530.75
mediterranean,Grilled Mediterranean Chicken Salad,mediterranean,156.63,146.77,89.22,2022-10-16,16:44:36,2304.33
mediterranean,Mediterranean Broccoli Pasta Salad,mediterranean,46.8,214.62,146.55,2022-10-16,16:44:36,2704.9799999999996
mediterranean,Mediterranean Chicken Wrap recipes,mediterranean,27.28,54.43,11.69,2022-10-16,16:44:36,645.75
mediterranean,Mediterranean Shrimp and Pasta,mediterranean,75.5,124.6,46.83,2022-10-16,16:44:36,1610.7199999999998
mediterranean,Mediterranean Stuffed Chicken Breasts,mediterranean,216.89,14.55,57.17,2022-10-16,16:44:36,1227.19
mediterranean,Mediterranean chicken tray bake,mediterranean,168.78,35.86,101.78,2022-10-16,16:44:36,1404.98
mediterranean,Crowd-Pleasing Mediterranean Salad,mediterranean,40.06,82.28,122.78,2022-10-16,16:44:36,1391.88
mediterranean,Chicken-Arugula Focaccia Sandwiches,italian,63.36,103.49,44.53,2022-10-16,16:44:36,1362.9699999999998
mediterranean,Mediterranean Grilled Vegetable Soup,mediterranean,13.42,66.73,7.59,2022-10-16,16:44:36,684.61
mediterranean,Mediterranean-style Grilled Sardines,mediterranean,24.99,30.4,46.94,2022-10-16,16:44:36,561.3199999999999
mediterranean,Mediterranean Chickpea Quinoa Bowl,mediterranean,61.46,208.07,99.16,2022-10-16,16:44:36,2515.1099999999997
mediterranean,Mediterranean-Style Bean Salad,mediterranean,77.52,122.27,71.98,2022-10-16,16:44:36,1698.43
mediterranean,Mediterranean Shrimp and Pasta,mediterranean,135.8,196.97,49.74,2022-10-16,16:44:36,2514.8900000000003
mediterranean,Six Layer Mediterranean Dip,mediterranean,29.4,77.5,73.15,2022-10-16,16:44:36,1107.7
mediterranean,Stuffed Roasted Bell Peppers (Poivrons Farcis),middle eastern,33.96,33.52,63.65,2022-10-16,16:44:36,692.12
mediterranean,Mediterranean Grilled Veggie Wraps,mediterranean,35.34,131.79,38.0,2022-10-16,16:44:36,1479.4699999999998
mediterranean,Mediterranean Lentil & Kale Salad,mediterranean,76.31,187.12,35.35,2022-10-16,16:44:43,2130.72
mediterranean,Mediterranean Hummus Flat Bread,mediterranean,383.71,1117.03,407.58,2022-10-16,16:44:43,13218.43
mediterranean,Mediterranean Tuna Salad recipes,mediterranean,70.89,16.12,7.68,2022-10-16,16:44:43,459.36
mediterranean,"Grilled Whole Fish, Greek-Style",mediterranean,314.63,10.1,196.5,2022-10-16,16:44:43,2135.42
mediterranean,Mediterranean Chicken Packets recipes,mediterranean,207.97,77.55,52.58,2022-10-16,16:44:43,1740.1499999999999
mediterranean,Mediterranean Lamb Burgers recipes,mediterranean,133.6,104.57,186.81,2022-10-16,16:44:43,2222.7699999999995
mediterranean,Mediterranean fig & mozzarella salad,italian,39.62,102.71,97.15,2022-10-16,16:44:43,1471.4699999999998
mediterranean,Mediterranean Grilled Cheese Skewers,mediterranean,68.59,38.41,161.2,2022-10-16,16:44:43,1264.85
mediterranean,Mediterranean Tuna-Noodle Casserole,asian,343.82,471.09,209.11,2022-10-16,16:44:43,6451.529999999999
mediterranean,Mediterranean Stuffed Pork Chops,mediterranean,174.71,9.39,98.21,2022-10-16,16:44:43,1176.19
mediterranean,Mediterranean Orzo Salad recipes,mediterranean,112.64,444.14,118.56,2022-10-16,16:44:43,4922.0599999999995
mediterranean,Mediterranean Crescent Pinwheels recipes,mediterranean,109.67,127.98,86.41,2022-10-16,16:44:43,1936.1399999999999
mediterranean,Mediterranean Lemon Hummus Wrap,mediterranean,21.45,76.91,12.84,2022-10-16,16:44:43,829.3499999999999
mediterranean,Mediterranean Tuna-Spinach Salad,mediterranean,71.64,25.0,23.37,2022-10-16,16:44:43,605.04
mediterranean,Mediterranean Yogurt Dip recipes,mediterranean,46.18,57.38,32.25,2022-10-16,16:44:43,830.1400000000001
mediterranean,Mediterranean Chicken Bake recipes,mediterranean,457.76,209.37,413.59,2022-10-16,16:44:43,5369.73
mediterranean,Mediterranean fig & mozzarella salad,italian,42.51,103.0,100.06,2022-10-16,16:44:43,1497.28
mediterranean,Mediterranean Chopped Salad recipes,mediterranean,52.77,140.38,77.39,2022-10-16,16:44:43,1784.06
mediterranean,Mediterranean Mezze Platter recipes,mediterranean,68.83,266.19,132.63,2022-10-16,16:44:43,3201.55
mediterranean,Mediterranean Mashed Broccoli And Potatoes,mediterranean,33.22,134.41,57.05,2022-10-16,16:44:50,1570.7700000000002
mediterranean,Greek Barley Salad,mediterranean,35.38,106.67,55.96,2022-10-16,16:44:50,1325.3899999999999
mediterranean,Mediterranean Chicken Salad Pitas,mediterranean,188.74,286.48,72.65,2022-10-16,16:44:50,3623.88
mediterranean,Slow-Cooker Mediterranean Stew,american,46.14,170.31,56.55,2022-10-16,16:44:50,1943.55
mediterranean,Mediterranean Jalapeño Poppers recipes,mediterranean,21.35,26.15,87.65,2022-10-16,16:44:50,671.35
mediterranean,Mediterranean Quinoa Salad recipes,mediterranean,62.71,225.97,74.79,2022-10-16,16:44:50,2583.73
mediterranean,Grilled Mediterranean Potato Salad,mediterranean,28.22,185.36,98.99,2022-10-16,16:44:50,2177.0800000000004
mediterranean,Mediterranean White Bean Salad,mediterranean,198.07,241.66,110.27,2022-10-16,16:44:50,3408.3
mediterranean,Mixed Mediterranean Vegetable Bake,mediterranean,29.25,177.06,30.37,2022-10-16,16:44:50,1832.02
mediterranean,Mediterranean Grilled Chicken Kebabs,mediterranean,157.09,84.48,169.12,2022-10-16,16:44:50,2065.16
mediterranean,Mediterranean Lamb Burger recipes,mediterranean,149.82,145.23,290.32,2022-10-16,16:44:50,3067.63
mediterranean,Mediterranean Chicken Stew recipes,mediterranean,165.83,183.79,32.66,2022-10-16,16:44:50,2448.0699999999997
mediterranean,Mediterranean Turkey Meat Loaf,american,120.07,72.86,57.3,2022-10-16,16:44:50,1365.22
mediterranean,Mediterranean Roast Beef Pita,mediterranean,82.54,173.17,66.01,2022-10-16,16:44:50,2152.73
mediterranean,Cold Provençal White Bean Salad,american,78.35,213.41,126.95,2022-10-16,16:44:50,2741.8900000000003
mediterranean,Mediterranean Braised Chard recipes,mediterranean,26.24,67.75,62.97,2022-10-16,16:44:50,966.59
mediterranean,Mediterranean Couscous Salad with Chickpeas,mediterranean,62.92,261.21,46.11,2022-10-16,16:44:50,2787.0099999999998
mediterranean,Mediterranean Grilled Steak Wraps,mediterranean,107.46,145.52,115.87,2022-10-16,16:44:50,2203.0
mediterranean,Mediterranean Grilled Chicken Salad,mediterranean,169.19,99.96,176.9,2022-10-16,16:44:50,2284.0
mediterranean,Mediterranean inspired fish tacos,mediterranean,201.82,263.9,82.54,2022-10-16,16:44:50,3512.54
mediterranean,Mediterranean Turkey Sliders recipes,american,171.62,276.81,100.32,2022-10-16,16:44:56,3579.05
mediterranean,Mediterranean Udon Salad recipes,mediterranean,28.69,131.26,44.41,2022-10-16,16:44:56,1473.7399999999998
mediterranean,Zesty Mediterranean Quinoa Salad,mediterranean,44.57,175.14,114.78,2022-10-16,16:44:56,2213.66
mediterranean,Mediterranean Lamb Burger recipes,mediterranean,150.52,112.82,298.33,2022-10-16,16:44:56,2810.7799999999997
mediterranean,Mediterranean Roast Vegetables Pasta,mediterranean,20.46,67.02,37.55,2022-10-16,16:44:56,835.22
mediterranean,Mediterranean Chicken Salad Sandwiches,mediterranean,65.28,133.12,65.89,2022-10-16,16:44:56,1722.7599999999998
mediterranean,Mediterranean Beef Stew recipes,mediterranean,98.1,168.47,129.44,2022-10-16,16:44:56,2426.3900000000003
mediterranean,Mediterranean Cucumber Salad recipes,mediterranean,64.85,129.27,126.54,2022-10-16,16:44:56,1928.99
mediterranean,Beetroot Pasta with Mediterranean Flavors,mediterranean,54.14,148.37,47.94,2022-10-16,16:44:56,1743.6499999999999
mediterranean,Mediterranean Tuna Pasta recipes,mediterranean,179.69,280.95,123.53,2022-10-16,16:44:56,3741.4299999999994
mediterranean,Mediterranean Fish En Papillote,american,65.75,17.32,9.5,2022-10-16,16:44:56,456.88
mediterranean,Mediterranean Warm Partridge Salad,mediterranean,65.74,134.05,43.7,2022-10-16,16:44:56,1644.21
mediterranean,Mediterranean Veggie Burgers recipes,mediterranean,23.05,98.49,10.43,2022-10-16,16:44:56,1020.33
mediterranean,Mediterranean Chicken and Mushroom Skillet,mediterranean,139.15,41.59,47.86,2022-10-16,16:44:56,1122.3500000000001
mediterranean,Mediterranean Couscous Salad recipes,mediterranean,125.93,479.51,173.01,2022-10-16,16:44:56,5511.35
mediterranean,Pan-Seared Mediterranean Chicken,mediterranean,147.65,44.13,59.24,2022-10-16,16:44:56,1224.73
mediterranean,Seared Mediterranean Tuna Steaks,mediterranean,169.63,19.19,32.74,2022-10-16,16:44:56,982.19
mediterranean,Mediterranean Shrimp Caesar Salad,mediterranean,136.5,103.98,127.58,2022-10-16,16:44:56,1992.14
mediterranean,Mediterranean Vegetable-Cheese Pie,mediterranean,71.89,108.28,34.5,2022-10-16,16:44:56,1400.08
mediterranean,Mediterranean Rice-Stuffed Escarole,italian,89.29,219.85,159.32,2022-10-16,16:44:56,2973.09
mediterranean,Mediterranean White Bean Soup,mediterranean,10.61,47.92,56.1,2022-10-16,16:45:04,698.12
mediterranean,Mediterranean Chicken Quinoa Bowl,south american,133.61,112.72,99.29,2022-10-16,16:45:04,1946.0800000000002
mediterranean,Mediterranean Cod with Roasted Tomatoes,mediterranean,86.61,29.54,30.67,2022-10-16,16:45:04,734.98
mediterranean,Mediterranean Kale Soup Recipe,mediterranean,36.8,99.83,4.21,2022-10-16,16:45:04,1062.51
mediterranean,Mediterranean radicchio and farro salad,mediterranean,65.64,201.94,81.84,2022-10-16,16:45:04,2407.38
mediterranean,Mediterranean Salmon en Papillote,nordic,62.61,22.08,52.67,2022-10-16,16:45:04,659.8399999999999
mediterranean,Mediterranean Chicken with Orzo Salad,mediterranean,96.13,76.13,85.73,2022-10-16,16:45:04,1412.6100000000001
mediterranean,Silvana's Mediterranean & Basil Pasta,mediterranean,68.45,353.45,40.49,2022-10-16,16:45:04,3616.81
mediterranean,Mediterranean Tuna Antipasto Salad,mediterranean,160.84,321.64,85.89,2022-10-16,16:45:04,3881.68
mediterranean,Mediterranean-Style Poached Eggs,mediterranean,81.71,211.34,46.37,2022-10-16,16:45:04,2414.38
mediterranean,Mediterranean Salmon Cooked in Parchment,nordic,96.98,37.39,72.95,2022-10-16,16:45:04,1016.23
mediterranean,Zesty Mediterranean Couscous Salad,mediterranean,101.57,285.16,136.31,2022-10-16,16:45:04,3517.96
mediterranean,Mediterranean Macaroni and Cheese recipes,mediterranean,85.21,247.19,119.88,2022-10-16,16:45:04,3045.07
mediterranean,Mediterranean Poached Eggs with Quinoa,mediterranean,78.76,211.12,90.15,2022-10-16,16:45:04,2575.72
mediterranean,Mediterranean Flavors: Tzatziki Recipe,mediterranean,46.45,44.94,31.28,2022-10-16,16:45:04,715.38
mediterranean,Mediterranean Vegetable Soup with Couscous,mediterranean,24.29,83.22,6.49,2022-10-16,16:45:04,872.1
mediterranean,Mediterranean Chicken and Couscous Salad,mediterranean,114.91,154.47,63.75,2022-10-16,16:45:04,2104.87
mediterranean,Vegan Mediterranean Pita Pockets,american,120.28,197.28,115.53,2022-10-16,16:45:04,2718.7599999999998
mediterranean,Mediterranean Vinaigrette for Pasta Salad,mediterranean,23.57,49.84,180.53,2022-10-16,16:45:04,1264.96
mediterranean,Mediterranean Shrimp & Rice Soup,mediterranean,181.55,156.15,34.61,2022-10-16,16:45:04,2269.9900000000002
mediterranean,Mediterranean chicken with roasted vegetables,mediterranean,80.43,95.36,59.9,2022-10-16,16:45:10,1419.56
mediterranean,Mediterranean Couscous Cabbage Rolls,mediterranean,37.34,177.4,42.9,2022-10-16,16:45:10,1917.56
mediterranean,Mediterranean Roasted Fish & Vegetables,mediterranean,155.9,253.69,47.55,2022-10-16,16:45:10,3097.0099999999998
mediterranean,Silvana's Mediterranean & basil pasta,mediterranean,68.54,353.53,40.51,2022-10-16,16:45:10,3617.9699999999993
mediterranean,Mediterranean Pressed Picnic Sandwich,south east asian,124.61,62.55,91.28,2022-10-16,16:45:10,1426.5099999999998
mediterranean,Mediterranean Salad With Chickpea Patties,mediterranean,46.57,146.44,42.64,2022-10-16,16:45:10,1674.8
mediterranean,Marinated Shrimp With Mediterranean Salad,mediterranean,186.72,110.23,84.7,2022-10-16,16:45:10,2077.75
mediterranean,Mediterranean Salad with Halloumi Croutons,mediterranean,37.01,50.13,94.2,2022-10-16,16:45:10,976.01
mediterranean,Mediterranean Salad with Feta Cheese,mediterranean,38.3,93.48,77.28,2022-10-16,16:45:10,1303.6399999999999
mediterranean,Whole Branzino Roasted in Sea Salt with Aromatic Herbs,mediterranean,188.47,29.81,32.72,2022-10-16,16:45:10,1153.05
mediterranean,Mediterranean Tuna And Artichoke Pasta,mediterranean,222.7,231.4,131.14,2022-10-16,16:45:10,3497.9599999999996
mediterranean,Ultimate Roast Chicken,american,175.44,20.12,155.5,2022-10-16,16:45:10,1504.8400000000001
mediterranean,Grilled Salmon with Mediterranean Salsa,nordic,101.94,9.54,100.76,2022-10-16,16:45:10,896.6600000000001
mediterranean,Mediterranean Beef and Bean Stew,mediterranean,230.79,131.98,104.49,2022-10-16,16:45:10,2528.94
mediterranean,Braised Mediterranean Chicken with Polenta,mediterranean,276.26,137.25,298.42,2022-10-16,16:45:10,3533.9700000000003
mediterranean,Mediterranean Chicken with Soft Polenta,mediterranean,262.68,194.06,285.81,2022-10-16,16:45:10,3940.5
mediterranean,Sidekick Tomato Soup,american,12.97,66.16,51.97,2022-10-16,16:45:10,855.1999999999999
mediterranean,Mediterranean Salad with Grilled Chicken,mediterranean,140.06,67.18,154.02,2022-10-16,16:45:10,1780.94
mediterranean,Lamb Meatballs with Mediterranean Dips,mediterranean,143.24,331.15,362.73,2022-10-16,16:45:10,5004.23
mediterranean,Big Batch Mediterranean Herb Rub,american,9.75,31.85,4.29,2022-10-16,16:45:10,342.81000000000006
mediterranean,Slow-Cooker Mediterranean Chicken & Orzo,mediterranean,121.95,84.05,21.39,2022-10-16,16:45:17,1329.81
mediterranean,Mediterranean Swordfish Wrapped in Prosciutto,american,443.89,121.59,250.79,2022-10-16,16:45:17,3873.0299999999997
mediterranean,Mediterranean Ravioli with Artichokes & Olives,mediterranean,108.1,351.54,63.13,2022-10-16,16:45:17,3848.78
mediterranean,Mediterranean Tuna Salad with Croutons,mediterranean,123.77,111.23,94.53,2022-10-16,16:45:17,1874.27
mediterranean,Mediterranean Chicken and Vegetables recipes,mediterranean,276.3,157.66,291.99,2022-10-16,16:45:17,3692.1000000000004
mediterranean,Mediterranean Pasta with Feta And Olives,mediterranean,89.7,373.02,45.09,2022-10-16,16:45:17,3896.34
mediterranean,Fresh City Mediterranean Salmon Spaghetti,nordic,161.71,368.53,79.63,2022-10-16,16:45:17,4282.129999999999
mediterranean,Dinner Tonight: Mediterranean Poached Eggs,mediterranean,26.35,68.86,43.69,2022-10-16,16:45:17,899.9
mediterranean,Mediterranean Pasta with Tomatoes and Arugula,mediterranean,66.83,321.2,57.11,2022-10-16,16:45:17,3386.56
mediterranean,Mediterranean Salad with Prosciutto and Pomegranate,mediterranean,56.52,46.97,57.12,2022-10-16,16:45:17,877.2900000000001
mediterranean,Herb-Crusted Mediterranean Sea Bass,mediterranean,275.35,127.17,88.71,2022-10-16,16:45:17,2600.7700000000004
mediterranean,Mediterranean Fish Stew with Chard,french,242.5,249.96,23.45,2022-10-16,16:45:17,3313.44
mediterranean,Farmer's Fridge Mediterranean Salad,mediterranean,11.95,46.81,35.36,2022-10-16,16:45:17,610.53
mediterranean,Artichoke & Black Olive Tart,mediterranean,102.45,237.63,78.35,2022-10-16,16:45:17,2861.8700000000003
mediterranean,Eggplant Bruschetta with Pita Chips,italian,145.7,594.59,261.44,2022-10-16,16:45:17,6979.870000000001
mediterranean,Spiralized Mediterranean Cucumber Salad recipes,mediterranean,15.43,30.89,74.44,2022-10-16,16:45:17,637.49
mediterranean,Mediterranean Tuna-Noodle Casserole recipes,asian,351.62,499.77,209.24,2022-10-16,16:45:17,6741.37
mediterranean,Mediterranean Herbed Pork Roast recipes,mediterranean,342.31,24.32,147.2,2022-10-16,16:45:17,2176.92
mediterranean,Mediterranean Bean and Bacon Soup,american,149.69,341.02,131.89,2022-10-16,16:45:17,4195.5
mediterranean,Roasted Mediterranean Vegetables with Chickpeas,mediterranean,56.91,237.33,42.09,2022-10-16,16:45:17,2531.9700000000003
mediterranean,Mediterranean Chopped-Chicken Pita recipes,mediterranean,125.96,175.09,74.4,2022-10-16,16:45:24,2377.25
mediterranean,Whole Roasted Mediterranean-Style Fish,mediterranean,165.02,24.3,46.4,2022-10-16,16:45:24,1064.38
mediterranean,Mediterranean Brown Rice Salad recipes,mediterranean,46.05,193.53,129.0,2022-10-16,16:45:24,2441.9700000000003
mediterranean,Mediterranean fish stew with garlic toasts,french,369.38,291.68,149.5,2022-10-16,16:45:24,4700.639999999999
mediterranean,"Mediterranean tuna, pepper & courgette tart",mediterranean,115.09,250.06,196.55,2022-10-16,16:45:24,3497.1000000000004
mediterranean,Loaded Mediterranean Chicken-Quinoa Salad,south american,43.45,38.05,30.13,2022-10-16,16:45:24,636.77
mediterranean,Mediterranean Vegetable Stew with Olives,mediterranean,56.65,227.36,53.62,2022-10-16,16:45:24,2487.32
mediterranean,Mediterranean Chicken and Bulgur Skillet,mediterranean,143.33,85.48,83.26,2022-10-16,16:45:24,1675.68
mediterranean,Grilled Mediterranean Veg With Bean Mash,mediterranean,41.97,143.05,31.75,2022-10-16,16:45:24,1582.33
mediterranean,Mediterranean Grilled Shrimp Lettuce Wraps,mediterranean,102.42,26.37,132.34,2022-10-16,16:45:24,1176.37
mediterranean,Roasted Guinea Hen Mediterranean Style,mediterranean,293.92,92.77,191.76,2022-10-16,16:45:24,2777.65
mediterranean,Mediterranean Tortellini Pasta Salad recipes,italian,40.38,134.05,69.41,2022-10-16,16:45:24,1645.6100000000001
mediterranean,"Chicken with Olives, Caramelized Onions, and Sage",mediterranean,453.98,311.78,529.02,2022-10-16,16:45:24,6738.0199999999995
mediterranean,Mediterranean Brown Rice Salad Recipe,mediterranean,46.41,195.73,129.11,2022-10-16,16:45:24,2463.65
mediterranean,Mediterranean Chicken and Couscous Bowls,mediterranean,131.8,227.55,96.14,2022-10-16,16:45:24,2959.71
mediterranean,Vegetable Couscous,mediterranean,56.11,344.85,31.98,2022-10-16,16:45:24,3456.01
mediterranean,Mediterranean Quiche with Sweet Potato Crust,french,65.86,73.77,68.32,2022-10-16,16:45:24,1200.6499999999999
mediterranean,Mediterranean Roasted Chickpea and Spinach Salad,mediterranean,35.73,113.93,95.39,2022-10-16,16:45:24,1549.8500000000001
mediterranean,Slow-Cooker Mediterranean Quinoa with Arugula,mediterranean,83.86,294.94,82.96,2022-10-16,16:45:24,3321.7400000000002
mediterranean,Two -Acid Mediterranean Pasta Salad,mediterranean,89.74,405.64,260.21,2022-10-16,16:45:24,5050.5599999999995
mediterranean,A Mediterranean Twist to your BBQ,american,28.74,191.58,28.33,2022-10-16,16:45:30,1952.5
mediterranean,Mediterranean Roast Vegetables With Bulgar Wheat,mediterranean,34.76,223.52,32.97,2022-10-16,16:45:30,2282.6000000000004
mediterranean,Eat-Your-Veggies Mediterranean Meatballs,mediterranean,140.09,134.08,76.19,2022-10-16,16:45:30,2071.84
mediterranean,Mediterranean Sardines with Lemon and Garlic,mediterranean,41.21,39.23,284.62,2022-10-16,16:45:30,1656.3899999999999
mediterranean,Mediterranean Salmon Cooked in Parchment recipes,nordic,99.21,50.53,75.7,2022-10-16,16:45:30,1154.4099999999999
mediterranean,Braised Mediterranean Chicken with Polenta recipes,mediterranean,276.26,137.25,298.42,2022-10-16,16:45:30,3533.9700000000003
mediterranean,Spaghetti Puttanesca,italian,83.5,410.36,65.98,2022-10-16,16:45:30,4291.16
mediterranean,Mediterranean Potato Salad with Haricots Verts,mediterranean,30.37,249.23,84.95,2022-10-16,16:45:30,2704.35
mediterranean,"Mediterranean Pasta with Artichokes, Olives, and Tomatoes",mediterranean,72.52,299.04,47.31,2022-10-16,16:45:30,3170.6800000000003
mediterranean,Spinach Salad with Grilled Mediterranean Vegetables,mediterranean,28.79,59.5,75.02,2022-10-16,16:45:30,950.74
mediterranean,Mediterranean Mini Tuna Cakes With Pesto,american,106.3,28.87,87.74,2022-10-16,16:45:30,1035.99
mediterranean,Mediterranean Orzo and Chicken Salad recipes,mediterranean,122.02,103.08,133.39,2022-10-16,16:45:30,1949.36
mediterranean,Mediterranean Grilled Chicken and Grape Skewers,mediterranean,97.38,54.11,123.84,2022-10-16,16:45:30,1371.87
mediterranean,Mediterranean Feta Salad With Pomegranate Dressing,mediterranean,51.84,175.52,195.42,2022-10-16,16:45:30,2568.72
mediterranean,Mediterranean Eggplant Dip with Sizzled Garlic,mediterranean,19.61,35.1,65.1,2022-10-16,16:45:30,654.74
mediterranean,Mediterranean feta salad with pomegranate dressing,mediterranean,51.84,175.52,195.42,2022-10-16,16:45:30,2568.72
mediterranean,Mediterranean Flavors: Baba Ghanoush Recipe,mediterranean,13.49,58.44,51.42,2022-10-16,16:45:30,785.6000000000001
mediterranean,Mediterranean Chopped Salad With Shrimp Recipe,mediterranean,182.05,381.92,101.23,2022-10-16,16:45:30,4570.400000000001
mediterranean,Mediterranean Salad with Lemon-Herb Vinaigrette,mediterranean,36.81,91.24,164.3,2022-10-16,16:45:30,1625.6
mediterranean,Weekday Vegetarian Roast and Mediterranean Salada,mediterranean,17.79,144.7,49.16,2022-10-16,16:45:37,1570.1
mediterranean,Zesty Roasted Chicken with Mediterranean Potatoes,mediterranean,100.23,182.1,145.95,2022-10-16,16:45:37,2623.62
mediterranean,Mediterranean-Style Chicken And Bean Stew,mediterranean,265.63,145.05,270.15,2022-10-16,16:45:37,3448.57
mediterranean,Mediterranean Salad with Smoked Paprika Vinaigrette,mediterranean,46.76,251.61,129.47,2022-10-16,16:45:37,2969.4100000000003
mediterranean,Mediterranean Slow-Cooker Chicken Noodle Soup,asian,178.92,194.05,41.63,2022-10-16,16:45:37,2628.65
mediterranean,Swordfish Baked in Foil with Mediterranean Flavors,mediterranean,161.94,89.31,38.95,2022-10-16,16:45:37,1607.35
mediterranean,Mediterranean Mackerel With A Tomato Panzanella Salad,mediterranean,106.42,110.37,109.31,2022-10-16,16:45:37,1856.25
mediterranean,Mediterranean Tuna Antipasto Salad for Two,mediterranean,54.84,82.03,35.4,2022-10-16,16:45:37,1099.23
mediterranean,Slow-Cooker Mediterranean Chicken Thigh Stew,mediterranean,286.36,66.04,73.74,2022-10-16,16:45:37,2034.7600000000002
mediterranean,Four-Cheese Baked Penne,italian,189.69,441.86,86.94,2022-10-16,16:45:37,5083.26
mediterranean,Mediterranean Salad with Chickpeas and Arugula recipes,mediterranean,89.1,144.34,118.55,2022-10-16,16:45:37,2129.66
mediterranean,Mini Mediterranean Chicken Meatloaf with Chimichurri,mediterranean,105.07,49.59,82.15,2022-10-16,16:45:37,1195.19
mediterranean,Dutch Baby Takes a Mediterranean Holiday,american,46.03,103.49,99.18,2022-10-16,16:45:37,1512.25
mediterranean,Mediterranean Fish Soup With Garlicky Rouille,mediterranean,443.98,276.18,385.16,2022-10-16,16:45:37,5802.18
mediterranean,Mediterranean Flavors: Spinach and Artichoke Dip Recipe,mediterranean,24.03,32.4,97.42,2022-10-16,16:45:37,777.4
mediterranean,Hummus-and-Rice Fritters with Mediterranean Salad,mediterranean,58.16,290.41,73.18,2022-10-16,16:45:37,3139.05
mediterranean,Mediterranean Tuna Salad with Roasted Potato Wedges,mediterranean,127.99,303.53,44.31,2022-10-16,16:45:37,3420.9699999999993
mediterranean,Mediterranean Potato Salad with Haricots Verts recipes,mediterranean,30.37,249.23,84.95,2022-10-16,16:45:44,2704.35
mediterranean,Chicken Chopped Mediterranean Salad with Feta Vinaigrette,mediterranean,92.17,48.22,126.85,2022-10-16,16:45:44,1310.06
mediterranean,Mediterranean Rice Salad with Roasted Red Peppers,mediterranean,60.67,519.99,83.21,2022-10-16,16:45:44,5255.43
mediterranean,Marinated Mediterranean Chicken Pita & Slaw Recipe,mediterranean,183.83,243.83,101.02,2022-10-16,16:45:44,3333.8700000000003
mediterranean,Mediterranean Chicken Stew with Prunes and Pumpkin,mediterranean,199.71,260.08,201.94,2022-10-16,16:45:44,3947.3199999999997
mediterranean,Mediterranean Chicken Kebabs with Lemon-Tahini Sauce,mediterranean,117.97,40.32,54.52,2022-10-16,16:45:44,1052.84
mediterranean,Four-Cheese Baked Penne,italian,189.69,441.8,117.57,2022-10-16,16:45:44,5205.24
mediterranean,Slow-Cooker Mediterranean Chicken & Chickpea Soup,mediterranean,235.11,284.52,177.74,2022-10-16,16:45:44,4212.08
mediterranean,Lamb Loin Chops With Mediterranean Stuffing recipes,mediterranean,182.21,134.25,289.28,2022-10-16,16:45:44,3094.21
mediterranean,Mediterranean Salad With Creamy Herb Dressing recipes,mediterranean,80.8,394.49,66.59,2022-10-16,16:45:44,4139.969999999999
mediterranean,Baked Red Snapper in a Mediterranean Tomato Sauce,mediterranean,440.58,109.18,39.36,2022-10-16,16:45:44,2902.38
mediterranean,Mediterranean Salad with Green Beans and Feta recipes,mediterranean,71.48,180.63,67.65,2022-10-16,16:45:44,2182.19
mediterranean,Seared Fresh Sardines and Tomato Soup,south east asian,50.03,136.55,157.33,2022-10-16,16:45:44,2058.3900000000003
mediterranean,Shredded Mediterranean Chicken A La Crock Pot,mediterranean,93.37,99.32,56.08,2022-10-16,16:45:44,1491.6799999999998
mediterranean,Mediterranean zucchini ribbon sauté with balsamic reduction,mediterranean,6.01,46.96,28.11,2022-10-16,16:45:44,559.12
mediterranean,Grilled Peppered Pork Chops with Mediterranean Relish,mediterranean,246.45,27.14,97.85,2022-10-16,16:45:44,1621.46
mediterranean,"Mediterranean Bean, Potato and Vegetable Salad Platter",mediterranean,42.14,238.2,19.21,2022-10-16,16:45:44,2389.2
mediterranean,Mediterranean Country Pasta Salad with fresh Herbs,mediterranean,111.04,399.52,172.24,2022-10-16,16:45:44,4728.799999999999
mediterranean,Mediterranean Salad with Olive-Bread Croutons recipes,mediterranean,36.17,88.18,126.69,2022-10-16,16:45:44,1445.0600000000002
mediterranean,BEST Ever Mediterranean Grilled Lamb Chops,mediterranean,280.74,59.41,495.9,2022-10-16,16:45:44,3641.25
mediterranean,"Sheet-Pan Mediterranean Chicken, Brussels Sprouts & Gnocchi",mediterranean,191.74,204.42,91.57,2022-10-16,16:45:50,2973.0199999999995
mediterranean,"Mediterranean chicken with Dijon mustard, tomato and lemon",mediterranean,45.15,39.74,59.25,2022-10-16,16:45:50,775.26
mediterranean,Mediterranean Grilled Chicken Salad with Hummus recipes,mediterranean,263.07,130.94,148.11,2022-10-16,16:45:50,2823.18
mediterranean,Mayo-Free Mediterranean Tuna Salad Sandwiches Recipe,mediterranean,193.1,128.94,195.48,2022-10-16,16:45:50,2714.78
mediterranean,Mediterranean Portobello Mushroom Pizzas with Arugula Salad,italian,71.58,105.74,76.67,2022-10-16,16:45:50,1544.66
mediterranean,A Healthy Mediterranean Dip for Super Bowl Sunday,mediterranean,92.93,183.79,136.57,2022-10-16,16:45:50,2572.1099999999997
mediterranean,Mediterranean Egg and Tomato Skillet with Pita (Shakshouka),mediterranean,59.22,131.34,53.08,2022-10-16,16:45:50,1631.26
mediterranean,Pistou: Mediterranean Vegetable Soup with Basil Sauce,french,131.9,263.82,194.07,2022-10-16,16:45:50,3678.26
mediterranean,Mediterranean Mussel And Chickpea Soup With Fennel And Lemon,mediterranean,126.24,181.78,55.14,2022-10-16,16:45:50,2361.54
mediterranean,Mediterranean Spinach Salad with Tomatoes and Lemon Dressing,mediterranean,30.9,57.09,92.21,2022-10-16,16:45:50,1006.25
mediterranean,"Mediterranean ""Salad Pasta"" (not to be confused with ""Pasta Salad"")",mediterranean,76.7,349.79,58.29,2022-10-16,16:45:50,3688.07
mediterranean,"Mediterranean Sausage, Fennel, Canellini Bean And Tomato Gratin",french,55.88,152.46,41.88,2022-10-16,16:45:50,1763.18
mediterranean,The Ultimate Greek Salad Recipe,mediterranean,22.26,37.87,138.39,2022-10-16,16:45:50,983.43
mediterranean,Mediterranean Farro Bowl With Lemon-Tahini-Yogurt Dressing,mediterranean,199.7,837.65,117.79,2022-10-16,16:45:50,8808.81
mediterranean,"Mediterranean Chopped Salad With Tomatoes, Peppers, Feta, and Basil Recipe",mediterranean,23.0,39.76,66.29,2022-10-16,16:45:50,715.0
mediterranean,Mediterranean Sweet & Spicy Salad with Greek Vinaigrette Dressing,mediterranean,33.21,97.68,93.28,2022-10-16,16:45:50,1385.0800000000002
mediterranean,"Cranberry Sauce with Red Wine, Pomegranate Molasses, and Mediterranean Herbs",american,2.01,361.31,0.63,2022-10-16,16:45:50,3262.35
mediterranean,Mark Bittman's Grilled Mediterranean Chicken Thighs Recipe,mediterranean,257.37,20.68,280.46,2022-10-16,16:45:57,2337.4399999999996
mediterranean,Pan-Seared Mediterranean Chicken Burgers with Whipped Feta,mediterranean,186.01,44.61,155.54,2022-10-16,16:45:57,1767.69
mediterranean,My Favorite Falafel Sandwich,american,166.85,609.84,248.82,2022-10-16,16:45:57,7151.24
mediterranean,Grilled Greek-Style Meatloaf with Herbed Potatoes and Grilled Lemon Recipe,mediterranean,199.9,261.85,240.23,2022-10-16,16:45:57,4117.17
mediterranean,Gigante Beans,caribbean,60.36,137.21,69.17,2022-10-16,16:45:57,1753.0100000000002
mediterranean,Mediterranean chicken and fennel bake with preserved lemon and harissa,mediterranean,197.25,41.64,247.52,2022-10-16,16:45:57,2153.84
mediterranean,Mediterranean Vegetable Sandwich with Sundried Tomato Pesto and Fresh Mozzarella,italian,74.43,233.24,103.37,2022-10-16,16:45:57,2810.36
mediterranean,Zucchini Pastitsio (Mediterranean Baked Beef and Pasta Casserole) Recipe,italian,320.52,358.1,388.93,2022-10-16,16:45:57,6060.7
mediterranean,Mediterranean Veggie Burgers with Mint-Yogurt Sauce and Carrot Salad,mediterranean,73.73,218.66,62.93,2022-10-16,16:45:57,2514.58
mediterranean,"Mediterranean Salad with Artichokes, Penne, and Sun-Dried Tomatoes recipes",mediterranean,88.87,246.89,65.12,2022-10-16,16:45:57,2837.97
mediterranean,Mediterranean Flavors: White Bean Spread with Za'atar Recipe,mediterranean,37.49,123.55,165.87,2022-10-16,16:45:57,1925.39
mediterranean,"Mediterranean Chicken, Feta, and Herb Wrap With Stewed Potatoes Recipe",mediterranean,372.14,112.53,106.82,2022-10-16,16:45:57,2928.6099999999997
mediterranean,Mediterranean Grilled Tuna Steaks And Sicilian-Style Potato Salad,mediterranean,192.74,181.7,97.7,2022-10-16,16:45:57,2797.0600000000004
mediterranean,"Chicken Sausage, Pepper And Onion Stoup With Tomato-Basil Gobble-'Ums",italian,107.95,347.26,143.44,2022-10-16,16:45:57,4130.900000000001
mediterranean,Mediterranean Grilled Whole Snapper with Fennel and a Pernod Butter Sauce,mediterranean,289.65,60.75,116.53,2022-10-16,16:45:57,2171.47
mediterranean,"Mediterranean Rotisserie Leg of Lamb with Potatoes, Fennel, and Olives recipes",mediterranean,269.85,179.15,243.65,2022-10-16,16:45:57,3666.35
mediterranean,Mediterranean Veggie Burgers with Mint-Yogurt Sauce and Carrot Salad recipes,mediterranean,78.62,229.63,63.14,2022-10-16,16:45:57,2633.71
mediterranean,"Mediterranean Squid (calamari) filled with Shellfish, Saffron Risotto and Ink Sauce",italian,283.8,82.89,71.18,2022-10-16,16:45:57,2165.9300000000003
mediterranean,"Mediterranean Farro and Green Lentil Bowl with Feta, Olives&Sundried Tomatoes",mediterranean,95.21,285.36,88.55,2022-10-16,16:45:57,3303.28
mediterranean,Bouillabaisse,american,312.48,248.86,205.87,2022-10-16,16:45:57,4313.14
mediterranean,"Mediterranean White Beans with Sun Dried Tomatoes, Mushrooms, Garlic and Thyme (vegan, gluten free)",american,96.57,251.63,30.86,2022-10-16,16:46:04,2774.39
mediterranean,Mediterranean Grilled Chicken and Roasted Red Pepper Pizza with Feta and Balsamic Glaze recipes,mediterranean,133.53,164.18,137.67,2022-10-16,16:46:04,2562.42
mediterranean,Mediterranean Citrus Olive Oil Cake With Sweet Basil Drizzle And Candied Olives (Gluten Free),american,22.02,713.9,160.83,2022-10-16,16:46:04,7156.499999999999
mediterranean,Tomato and Black Olive Orzo Salad,mediterranean,100.69,314.24,375.24,2022-10-16,16:46:04,4731.88
mediterranean,Chard Stalk Hummus,mediterranean,30.55,47.32,86.47,2022-10-16,16:46:04,893.96
mediterranean,Minted courgette salad,french,6.54,24.63,28.59,2022-10-16,16:46:04,362.19
mediterranean,Tuscan White Beans,italian,108.6,291.91,76.37,2022-10-16,16:46:04,3367.07
mediterranean,Grilled Lamb and Onion Kabobs with Olive Aioli,mediterranean,173.7,49.02,219.77,2022-10-16,16:46:04,2015.06
mediterranean,Crispy garlic & rosemary slices,french,30.25,260.19,41.96,2022-10-16,16:46:04,2630.55
mediterranean,Fig & Honey Yogurt,mediterranean,10.03,47.06,2.83,2022-10-16,16:46:04,474.98
mediterranean,"Pork, fennel & chilli meatballs",american,88.07,23.33,134.21,2022-10-16,16:46:04,1099.0900000000001
mediterranean,Rosemary Pork Chops,american,106.38,3.92,86.73,2022-10-16,16:46:04,807.72
mediterranean,"Warm chickpea, chorizo & pepper salad",mediterranean,104.19,257.47,110.55,2022-10-16,16:46:04,3176.1900000000005
mediterranean,Tangy roasted peppers,mediterranean,4.83,23.97,68.51,2022-10-16,16:46:04,509.09000000000003
mediterranean,Tortellini with pesto & broccoli,italian,20.87,51.53,38.62,2022-10-16,16:46:04,701.73
mediterranean,Sticky lemon chicken,american,95.55,33.1,42.2,2022-10-16,16:46:04,848.9000000000001
mediterranean,Italian butter beans,italian,60.18,190.28,21.48,2022-10-16,16:46:04,2039.16
mediterranean,"Red Potatoes with Olive, Feta, and Mint",mediterranean,50.1,156.78,113.96,2022-10-16,16:46:04,2067.26
mediterranean,Olive-Garlic Deviled Eggs,italian,51.2,6.31,100.89,2022-10-16,16:46:11,665.1500000000001
mediterranean,Roasted Chicken Souvlaki,mediterranean,137.05,4.98,43.18,2022-10-16,16:46:11,765.7400000000001
mediterranean,Courgette & quinoa-stuffed peppers,mediterranean,89.99,359.55,50.55,2022-10-16,16:46:11,3798.11
mediterranean,Chicken & chorizo traybake,mediterranean,278.51,183.35,259.41,2022-10-16,16:46:11,3801.83
mediterranean,Gin Mare's Red Tonic,world,0.17,19.3,0.06,2022-10-16,16:46:11,174.62000000000003
mediterranean,Deli pasta salad,american,77.67,269.73,40.34,2022-10-16,16:46:11,2899.61
mediterranean,"Flash-fried prawns with chilli, lemon & parsley",mediterranean,42.29,11.62,30.6,2022-10-16,16:46:11,396.14
mediterranean,Lemon & parsley butter beans,american,58.54,184.62,21.07,2022-10-16,16:46:11,1980.02
mediterranean,Fig & Ricotta Toast,mediterranean,11.72,30.74,10.4,2022-10-16,16:46:11,365.14
mediterranean,Baked Hummus,mediterranean,59.63,73.86,114.77,2022-10-16,16:46:11,1362.34
mediterranean,School of Tapas: Catalan cod brandada,italian,75.66,6.74,405.28,2022-10-16,16:46:11,1984.4199999999998
mediterranean,Spice Route Chicken,mediterranean,264.82,80.26,249.16,2022-10-16,16:46:11,2778.2599999999998
mediterranean,Roasted Veggie & Hummus Pita Pockets,mediterranean,13.19,41.15,10.48,2022-10-16,16:46:11,465.03
mediterranean,Deli couscous,mediterranean,85.79,357.52,114.03,2022-10-16,16:46:11,4016.9599999999996
mediterranean,Rosemary roast lamb chops,mediterranean,147.94,195.26,245.52,2022-10-16,16:46:11,3331.18
mediterranean,Endive and Fennel with Tarragon Avgolemono Sauce,mediterranean,21.32,43.53,24.99,2022-10-16,16:46:11,577.01
mediterranean,Grilled Eggplant with Rosemary,american,7.14,42.74,41.91,2022-10-16,16:46:11,580.86
mediterranean,Honey yogurt cheesecake,american,106.14,420.12,409.12,2022-10-16,16:46:11,5842.120000000001
mediterranean,Grilled Fennel-Cumin Lamb Chops,indian,83.69,3.61,196.71,2022-10-16,16:46:17,1154.0900000000001
mediterranean,Spanish rice & prawn one-pot,mediterranean,63.01,235.56,37.66,2022-10-16,16:46:17,2522.72
mediterranean,Tostones with Herbed Salt,mediterranean,5.0,115.96,433.39,2022-10-16,16:46:17,2797.2
mediterranean,Rosemary-Roasted Leg of Lamb,mediterranean,392.94,4.74,306.31,2022-10-16,16:46:17,2839.66
mediterranean,Rouille,south american,3.67,20.16,41.82,2022-10-16,16:46:17,363.4
mediterranean,Piedmontese peppers,mediterranean,46.08,59.35,88.77,2022-10-16,16:46:17,1073.55
mediterranean,Herbed lamb cutlets with roasted vegetables,french,135.21,68.9,217.87,2022-10-16,16:46:17,2032.42
mediterranean,Orange & Black Olive Salad,mediterranean,7.88,93.25,16.75,2022-10-16,16:46:17,937.77
mediterranean,Salmon Steaks with White-Bean and Olive Saute,mediterranean,243.73,174.96,158.3,2022-10-16,16:46:17,3182.76
mediterranean,Olive-Topped Orange Slices,american,4.07,47.79,9.58,2022-10-16,16:46:17,484.71
mediterranean,Italian-style chicken burger & chips,nordic,164.68,503.04,109.98,2022-10-16,16:46:17,5626.000000000001
mediterranean,Vegan Bistro Lunch Box,american,8.25,28.23,8.52,2022-10-16,16:46:17,321.15
mediterranean,Roasted pepper salad with capers & pine nuts,south east asian,8.51,39.76,53.35,2022-10-16,16:46:17,605.28
mediterranean,Cook the Book: Turkish Yogurt Soup with Mint,middle eastern,105.69,131.7,55.13,2022-10-16,16:46:17,1828.58
mediterranean,Garlic-Mint Yogurt Spread Recipe,american,12.97,11.85,8.16,2022-10-16,16:46:17,191.17000000000002
mediterranean,Garlicky Escarole,italian,38.37,116.47,15.47,2022-10-16,16:46:17,1263.5900000000001
mediterranean,"Aubergine, chilli & bacon pasta",italian,75.33,300.22,104.05,2022-10-16,16:46:17,3419.5000000000005
mediterranean,Lamb Chops with Pistachio Sauce and Vegetable Saute,mediterranean,177.96,70.81,308.26,2022-10-16,16:46:17,2582.17
mediterranean,Lamb Chops with Asparagus and Farro,italian,329.78,282.19,732.29,2022-10-16,16:46:17,6787.99
mediterranean,Panzanella (Tuscan tomato and bread salad),italian,6.78,38.12,95.71,2022-10-16,16:46:17,753.04
mediterranean,Cold Pudding with Bulgur Grain,british,49.03,116.12,148.69,2022-10-16,16:46:24,1835.9599999999998
mediterranean,The Corsican Cocktail Recipe,world,1.75,155.39,0.99,2022-10-16,16:46:24,1409.4699999999998
mediterranean,Roasted Red Pepper and Feta Dip,mediterranean,33.94,19.35,58.05,2022-10-16,16:46:24,542.1099999999999
mediterranean,Spanikopi-taters,american,47.11,182.6,39.28,2022-10-16,16:46:24,1988.96
mediterranean,"Eggplant, Pepper and Feta-Stuffed Phyllo Boreks",mediterranean,41.25,170.46,236.04,2022-10-16,16:46:24,2643.3
mediterranean,Zucchini Babaghanouj,mediterranean,18.73,43.96,73.73,2022-10-16,16:46:24,765.48
mediterranean,Pomegranate Martini Recipe,world,0.13,8.42,0.2,2022-10-16,16:46:24,77.1
mediterranean,Baked Ham with Rosemary and Sweet Vermouth,american,450.55,176.05,315.42,2022-10-16,16:46:24,4648.33
mediterranean,Vegan Seafood Spelt Pasta,american,54.91,264.71,49.65,2022-10-16,16:46:24,2800.6299999999997
mediterranean,Lemony Orzo with Tuna,mediterranean,238.42,358.03,140.01,2022-10-16,16:46:24,4735.99
mediterranean,Eggplant Dip (Baba Ghanoush),middle eastern,29.02,110.85,79.73,2022-10-16,16:46:24,1432.65
mediterranean,Slow-Baked Salmon with Lemon and Thyme,nordic,325.06,11.85,233.29,2022-10-16,16:46:24,2340.05
mediterranean,Sardine beccafico,mediterranean,41.45,146.5,53.19,2022-10-16,16:46:24,1697.06
mediterranean,Crudités with Feta Pistachio Dip,mediterranean,51.97,44.78,128.17,2022-10-16,16:46:24,1123.58
mediterranean,Broccoli with Red Pepper Flakes and Toasted Garlic,british,13.32,25.55,10.61,2022-10-16,16:46:24,325.67
mediterranean,"Tilapia with Arugula, Capers, and Tomatoes",american,48.26,7.99,18.59,2022-10-16,16:46:24,339.31
mediterranean,Tuna with Warm Cucumber and Fennel Salad,mediterranean,171.33,62.31,88.67,2022-10-16,16:46:24,1600.7900000000002
mediterranean,Spicy Red-Pepper and Eggplant Confit,french,21.97,121.53,221.82,2022-10-16,16:46:31,2068.9300000000003
mediterranean,Classic Cookbooks: Elizabeth David's Ratatouille Recipe,french,24.77,141.96,38.07,2022-10-16,16:46:31,1529.0
mediterranean,Tomato and Cucumber Couscous,middle eastern,24.2,112.28,10.19,2022-10-16,16:46:31,1148.08
mediterranean,Mini Mezze Bento Box,mediterranean,15.02,35.93,17.64,2022-10-16,16:46:31,454.01
mediterranean,Zucchini Tapenade,mediterranean,6.94,17.34,55.8,2022-10-16,16:46:31,407.02
mediterranean,Black Olive Tapenade,french,8.37,14.68,92.56,2022-10-16,16:46:31,535.84
mediterranean,Warm Quinoa Salad,mexican,73.78,249.0,37.79,2022-10-16,16:46:31,2687.2799999999997
mediterranean,Greek lamb & macaroni bake,mediterranean,264.91,358.69,202.33,2022-10-16,16:46:31,5097.17
mediterranean,Orzo & mozzarella salad,italian,128.71,282.28,165.42,2022-10-16,16:46:31,3717.0399999999995
mediterranean,Baked Shrimp with Tomatoes and Feta,mediterranean,136.89,107.9,60.69,2022-10-16,16:46:31,1761.4199999999998
mediterranean,"Chicken with ham, spinach & pine nuts",british,530.63,75.37,212.81,2022-10-16,16:46:31,3652.09
mediterranean,"Mahimahi with Onion, Capers, and Lemon",mediterranean,129.0,19.34,80.39,2022-10-16,16:46:31,1011.6199999999999
mediterranean,Coney Island Skewered Shrimp,mediterranean,247.98,23.15,45.62,2022-10-16,16:46:31,1382.75
mediterranean,Spinach Tabbouleh,middle eastern,24.7,97.07,57.77,2022-10-16,16:46:31,1203.5099999999998
mediterranean,Garbanzo Bean Stew with Escarole,south east asian,45.16,133.63,14.41,2022-10-16,16:46:31,1440.95
mediterranean,Greek Kale Salad with Quinoa & Chicken,mediterranean,63.71,48.83,49.45,2022-10-16,16:46:31,892.1099999999999
mediterranean,"Zucchini, Lamb, and Summer Squash with Buttermilk Dill Marinade",american,148.79,57.98,132.77,2022-10-16,16:46:31,1648.06
mediterranean,Eggplant & Chickpea Baked Pasta,italian,59.71,220.29,52.11,2022-10-16,16:46:31,2429.89
mediterranean,"Tomato, Onion, Black Olive, and Feta Fish Packets",mediterranean,132.3,22.39,74.82,2022-10-16,16:46:37,1029.99
mediterranean,Mini Lamb Burgers with Pineapple Salsa,nordic,124.59,154.6,157.35,2022-10-16,16:46:37,2519.16
mediterranean,Birds Eye® Greek Veggie & Hummus Wrap,mediterranean,147.3,594.51,227.82,2022-10-16,16:46:37,6851.07
mediterranean,White Bean Soup (Fassoulatha),american,114.77,335.39,32.6,2022-10-16,16:46:37,3607.99
mediterranean,Spanish meatball & butter bean stew,mediterranean,99.28,150.74,90.43,2022-10-16,16:46:37,2115.5
mediterranean,Radicchio and Haricot Vert Salad with Candied Walnuts,american,7.65,76.77,66.46,2022-10-16,16:46:37,987.3699999999999
mediterranean,Orange and Cumin Leg of Lamb with Roasted Tomatoes and Garlic Recipe,mediterranean,607.03,109.27,489.93,2022-10-16,16:46:37,5371.2699999999995
mediterranean,Grilled Radicchio Salad with Gorgonzola and Balsamic Vinaigrette Recipe,mediterranean,28.47,18.27,87.46,2022-10-16,16:46:37,628.15
mediterranean,Frozen Apricot Soufflé,french,34.52,256.36,177.34,2022-10-16,16:46:37,3154.6800000000003
mediterranean,Corn on the Cob with Mint-Feta Butter,mediterranean,74.2,304.9,103.62,2022-10-16,16:46:37,3455.38
mediterranean,White Bean Salad with Carrots and Tomatoes,south american,51.11,151.17,43.07,2022-10-16,16:46:37,1737.25
mediterranean,Portobello “Pizza” Margherita,italian,35.08,46.33,31.2,2022-10-16,16:46:37,682.0899999999999
mediterranean,"Pan-Seared Rib-Eye Steaks with Goat Cheese, Caper and Sun-Dried Tomato Butter",american,140.37,3.65,176.65,2022-10-16,16:46:37,1300.93
mediterranean,"Radicchio with Pine Nuts, Currants, and Aged Balsamic",mediterranean,5.7,26.33,66.04,2022-10-16,16:46:37,523.9300000000001
mediterranean,Roasted Vegetable and Prosciutto Lasagna with Alfredo Sauce,italian,47.39,131.33,35.18,2022-10-16,16:46:37,1512.25
mediterranean,Raw Artichoke Salad with Mint and Feta Vinaigrette,mediterranean,60.95,186.23,85.08,2022-10-16,16:46:37,2260.19
mediterranean,Chickpea Spread,mediterranean,145.6,489.97,274.51,2022-10-16,16:46:37,6090.17
mediterranean,Tabbouleh With Edamame and Feta,mediterranean,59.57,180.26,41.17,2022-10-16,16:46:37,2025.3
mediterranean,Hake with stewed peppers,eastern europe,137.59,109.12,90.22,2022-10-16,16:46:37,1893.3200000000002
mediterranean,"Balsamic-Glazed Salmon with Spinach, Olives, and Golden Raisins",nordic,76.13,94.2,72.1,2022-10-16,16:46:37,1440.7200000000003
mediterranean,Panzanella,mediterranean,43.1,237.81,221.51,2022-10-16,16:46:44,3198.73
mediterranean,"Tabouli Salad with Cucumber, Tomato, Feta, and Olives",mediterranean,34.78,137.31,79.1,2022-10-16,16:46:44,1691.31
mediterranean,Tuna Salad,american,82.73,40.17,21.91,2022-10-16,16:46:44,780.09
mediterranean,Roasted Fish Catalan,mediterranean,96.52,32.82,20.63,2022-10-16,16:46:44,763.98
mediterranean,Grilled Peaches with Franklin's Teleme,mediterranean,30.57,69.51,46.1,2022-10-16,16:46:44,932.27
mediterranean,Lemon and Mint Seafood Skewers with Tabbouleh,middle eastern,132.09,144.52,19.92,2022-10-16,16:46:44,1908.72
mediterranean,Easy Shrimp Skillet,mediterranean,63.81,178.34,52.16,2022-10-16,16:46:44,2068.94
mediterranean,Chicken with Cherry Tomato and Olive Topping,american,155.25,10.07,31.41,2022-10-16,16:46:44,837.27
mediterranean,PointsPlus Bulgur Pilaf with Pistachios and Raisins,mediterranean,29.87,171.54,36.44,2022-10-16,16:46:44,1809.1
mediterranean,Greek Layer Dip,mediterranean,86.52,207.99,53.49,2022-10-16,16:46:44,2431.9500000000003
mediterranean,Niçoise toasts,french,50.13,177.58,60.1,2022-10-16,16:46:44,2039.14
mediterranean,Cat Cora's Olive Oil Chocolate Cake,american,72.74,336.95,148.19,2022-10-16,16:46:44,3916.2699999999995
mediterranean,Lentil Stew with Spinach and Potatoes,middle eastern,60.81,189.87,30.64,2022-10-16,16:46:44,2074.63
mediterranean,Skewered Greek Meatballs,mediterranean,176.19,29.61,218.5,2022-10-16,16:46:44,1845.25
mediterranean,Fava Beans and Orzo Salad,mediterranean,94.19,276.06,53.22,2022-10-16,16:46:44,3074.1800000000003
mediterranean,"Braised Chicken With Artichokes, Olives, and Lemon",mediterranean,241.76,159.0,214.7,2022-10-16,16:46:44,3256.84
mediterranean,Pan-Fried Tomatoes with a Cornmeal Crust,american,12.46,92.77,74.97,2022-10-16,16:46:51,1184.65
mediterranean,Spicy Brussels Sprouts with Fried Capers,italian,36.59,89.88,76.79,2022-10-16,16:46:51,1262.44
mediterranean,Grilled Lamb Meatballs,middle eastern,84.91,25.57,138.48,2022-10-16,16:46:51,1123.69
mediterranean,Honey-Glazed Doughnuts with Raisins and Pine Nuts,american,55.5,750.0,46.32,2022-10-16,16:46:51,7157.28
mediterranean,"Onion, Pepper & Feta Quiche",mediterranean,60.01,160.48,149.63,2022-10-16,16:46:51,2282.88
mediterranean,Greek Vegetarian Stuffed Zucchini,mediterranean,32.34,92.2,39.11,2022-10-16,16:46:51,1115.6000000000001
mediterranean,Cook the Book: Pita Bread,mediterranean,44.66,319.61,58.39,2022-10-16,16:46:51,3288.69
mediterranean,Salmon with salsa verde,nordic,357.97,189.46,315.0,2022-10-16,16:46:51,4397.02
mediterranean,Moutabal,mediterranean,34.92,112.17,24.8,2022-10-16,16:46:51,1248.41
mediterranean,Sea bass & seafood Italian one-pot,american,163.9,50.07,45.18,2022-10-16,16:46:51,1286.95
mediterranean,Fattoush with Yogurt-Tahini Dressing,mediterranean,22.88,49.4,26.34,2022-10-16,16:46:51,641.48
mediterranean,"Roasted Red Pepper, Spinach & Feta Penne Pasta",mediterranean,79.14,306.42,84.84,2022-10-16,16:46:51,3413.7000000000003
mediterranean,Grilled Chicken with Rustic Mustard Cream,american,154.38,6.93,54.97,2022-10-16,16:46:51,899.77
mediterranean,Orzo Olive Salad,mediterranean,35.83,141.46,70.35,2022-10-16,16:46:51,1697.8600000000001
mediterranean,Moroccan Ratatouille,middle eastern,28.14,151.73,41.51,2022-10-16,16:46:51,1644.1699999999998
mediterranean,Vegetarian Mezze Lunch to Go,mediterranean,31.83,50.32,56.31,2022-10-16,16:46:51,805.44
mediterranean,Tuna and Olive Salad Sandwich,mediterranean,132.98,167.73,110.4,2022-10-16,16:46:51,2483.0899999999997
mediterranean,Hamburger Imbottiti (Stuffed Hamburgers),american,146.05,23.09,175.75,2022-10-16,16:46:51,1495.01
mediterranean,Grilled Squid With Olive Oil and Lemon Recipe,mediterranean,71.04,15.83,20.36,2022-10-16,16:46:57,508.07
mediterranean,Corn and Fregola with Grilled Halloumi Cheese,italian,74.43,272.88,137.59,2022-10-16,16:46:57,3304.0000000000005
mediterranean,Greek Roasted Fish with Vegetables,mediterranean,146.81,132.48,117.38,2022-10-16,16:46:57,2249.08
mediterranean,Spiced Silverbeet and Pumpkin Hash,american,20.99,88.57,107.25,2022-10-16,16:46:57,1310.09
mediterranean,Greek Chicken Sheet Pan Dinner with Green Beans and Feta,mediterranean,247.52,176.44,55.68,2022-10-16,16:46:57,2800.7599999999998
mediterranean,Mykonos Pork Roast with Tzatziki Sauce,mediterranean,347.08,35.21,183.42,2022-10-16,16:46:57,2438.89
mediterranean,Salmon with Roasted Red Pepper Quinoa Salad,nordic,139.98,98.53,138.01,2022-10-16,16:46:57,1998.73
mediterranean,Greek Stuffed Portobello Mushrooms,mediterranean,17.61,26.48,54.76,2022-10-16,16:46:57,527.8
mediterranean,Ratatouille,french,10.97,56.46,56.84,2022-10-16,16:46:57,779.38
mediterranean,Cheesy Greek-Style Baked Quinoa,mediterranean,73.56,143.19,89.34,2022-10-16,16:46:57,1940.31
mediterranean,Branzino al Forno,italian,431.11,70.42,122.31,2022-10-16,16:46:57,2847.46
mediterranean,"Zucchini Noodle ""Pasta"" Salad",asian,111.27,362.9,123.01,2022-10-16,16:46:57,4203.22
mediterranean,Vegetable Saute,american,56.93,186.48,32.98,2022-10-16,16:46:57,2037.96
mediterranean,Lamb Chops with Mint Gremolata,american,65.75,11.65,218.95,2022-10-16,16:46:57,1243.65
mediterranean,Fresh ATHENOS® Salsa,mexican,41.67,55.89,91.17,2022-10-16,16:46:57,1034.3700000000001
mediterranean,Almond-Apricot Chicken with Mint Pesto,italian,199.63,84.21,194.66,2022-10-16,16:46:57,2335.0499999999997
mediterranean,Greek Burgers with Herb-Feta Sauce,mediterranean,122.62,83.43,118.48,2022-10-16,16:46:57,1715.2700000000002
mediterranean,Lamb & Eggplant Ragu,italian,63.04,198.15,41.35,2022-10-16,16:46:57,2200.9100000000003
mediterranean,Shepherd's Salad,american,14.98,32.93,40.38,2022-10-16,16:46:57,517.8100000000001
mediterranean,Tomatoes Stuffed with Puréed Cauliflower and Feta,mediterranean,44.16,57.12,80.85,2022-10-16,16:46:57,1014.1199999999999
mediterranean,"Pork Roast Stuffed with Roasted Red Peppers, Feta, and Spinach",mediterranean,308.94,55.85,222.81,2022-10-16,16:47:04,2629.65
mediterranean,Pita Bread,middle eastern,89.23,583.51,83.38,2022-10-16,16:47:04,5942.030000000001
mediterranean,North African Vegetable Stew with Poached Eggs,mexican,80.33,196.54,47.17,2022-10-16,16:47:04,2278.8599999999997
mediterranean,Slow-Cooked Lamb with Lemons & Pomegranate,mediterranean,193.76,128.33,232.77,2022-10-16,16:47:04,2861.09
mediterranean,Gluten-Free Greek Halva Recipe,mediterranean,36.4,550.77,134.86,2022-10-16,16:47:04,5641.970000000001
mediterranean,Spanish Clam Soup,mediterranean,304.84,226.63,109.62,2022-10-16,16:47:04,3697.5099999999998
mediterranean,Wilted Dandelion Greens with Toasted Matzo Crumbles,eastern europe,10.35,122.36,55.72,2022-10-16,16:47:04,1365.52
mediterranean,Tilapia & Summer Vegetable Packets,mediterranean,97.34,33.28,25.89,2022-10-16,16:47:04,792.44
mediterranean,Holly Clegg’s Eight Layered Greek Dip,mediterranean,30.48,67.11,49.64,2022-10-16,16:47:04,924.47
mediterranean,Greek-Style Chicken Salad,mediterranean,68.33,42.72,122.26,2022-10-16,16:47:04,1146.84
mediterranean,DIY Amaretto Recipe,world,13.6,299.79,19.72,2022-10-16,16:47:04,2831.3900000000003
mediterranean,Pomegranate Molasses-Glazed Chicken and Carrots,american,117.65,112.5,141.64,2022-10-16,16:47:04,2049.66
mediterranean,Raw Artichoke Salad,mediterranean,17.84,92.7,136.41,2022-10-16,16:47:04,1451.3000000000002
mediterranean,"Warm black-eyed peas salad with collard greens, spinach, feta & sun-dried tomato",mediterranean,35.35,90.7,73.71,2022-10-16,16:47:04,1252.54
mediterranean,Lamb Chops with Moroccan Salad,middle eastern,193.58,121.61,339.61,2022-10-16,16:47:04,3227.25
mediterranean,"Cucumber, Tomato & Feta Salad",mediterranean,11.2,27.29,50.67,2022-10-16,16:47:04,493.09
mediterranean,Greek Cauliflower Rice Bowls with Grilled Chicken,mediterranean,118.21,44.88,107.69,2022-10-16,16:47:04,1307.52
mediterranean,Herbed Lima Bean Hummus,mediterranean,42.95,140.33,73.51,2022-10-16,16:47:04,1728.81
mediterranean,Sun-Dried-Tomato Relish With Cayenne Toasts,american,85.58,194.56,170.81,2022-10-16,16:47:04,2776.6000000000004
mediterranean,Vegetarian Stuffed Grape Leaves,mediterranean,57.9,363.37,98.45,2022-10-16,16:47:11,3895.73
mediterranean,Turkish Meat Bread,middle eastern,59.02,186.01,62.86,2022-10-16,16:47:11,2161.6099999999997
mediterranean,ATHENOS Seven-Layer Dip,american,107.37,302.39,100.57,2022-10-16,16:47:11,3553.2699999999995
mediterranean,Hummus with Slow-Roasted Vegetables,mediterranean,59.16,153.47,119.03,2022-10-16,16:47:11,2093.99
mediterranean,"Baked Chicken Legs with Chickpeas, Olives, and Greens",mediterranean,290.36,192.97,380.9,2022-10-16,16:47:11,4421.77
mediterranean,Bistro Chicken-Pasta Salad,french,103.41,194.15,67.1,2022-10-16,16:47:11,2429.3900000000003
mediterranean,Orzo Salad with Chickpeas & Artichoke Hearts,mediterranean,43.47,137.98,24.82,2022-10-16,16:47:11,1514.9799999999998
mediterranean,Greek-Style Shrimp and Feta Tacos Recipe,mediterranean,112.06,150.51,98.17,2022-10-16,16:47:11,2195.5099999999998
mediterranean,Hazelnut Panna Cotta with Berry Compote,italian,34.69,212.32,265.0,2022-10-16,16:47:11,3109.64
mediterranean,"Greek Turkey Burgers with Spinach, Feta & Tzatziki",mediterranean,120.5,84.5,76.57,2022-10-16,16:47:11,1548.78
mediterranean,Vegetarian casserole,french,41.67,149.77,19.93,2022-10-16,16:47:11,1594.3300000000002
mediterranean,"Marinated Olives with Lemon, Thyme & Rosemary",mediterranean,7.05,50.56,113.5,2022-10-16,16:47:11,937.24
mediterranean,Marinated Chickpeas,mediterranean,65.86,202.86,47.13,2022-10-16,16:47:11,2277.7000000000003
mediterranean,Grilled Portabella Burgers with Pesto Mayo,american,80.69,141.91,103.0,2022-10-16,16:47:11,2011.95
mediterranean,Tomato Dolma with Roasted Eggplant (Köz Patlicanli Domates Dolmasi),middle eastern,107.48,149.43,123.96,2022-10-16,16:47:11,2270.63
mediterranean,Baby-Artichoke Sandwich,mediterranean,128.75,376.68,160.56,2022-10-16,16:47:11,4547.36
mediterranean,Pita Chip Nachos,mexican,134.26,154.66,68.87,2022-10-16,16:47:11,2204.46
mediterranean,Herb and Mustard-Crusted Rack of Lamb,mediterranean,101.96,21.02,232.49,2022-10-16,16:47:11,1526.98
mediterranean,Kale Salad with Preserved Lemon & Walnuts,mediterranean,16.94,29.43,97.55,2022-10-16,16:47:11,722.8299999999999
mediterranean,Chickpea-Farro Salad,eastern europe,53.42,184.36,41.09,2022-10-16,16:47:17,2037.2800000000002
mediterranean,Mexican Roasted Corn Salad With Buttermilk Dressing,mexican,40.09,145.0,37.25,2022-10-16,16:47:17,1614.3600000000001
mediterranean,Sumac Hummus,mediterranean,29.36,76.22,66.49,2022-10-16,16:47:17,1069.38
mediterranean,Walnut-Date Torte,mediterranean,54.68,383.6,112.39,2022-10-16,16:47:17,4120.68
mediterranean,"Mussels with Tomatoes, Wine, and Anise",italian,117.86,116.72,76.96,2022-10-16,16:47:17,1829.76
mediterranean,Sea bream with a courgette salad with fresh mint and rocket,mediterranean,179.26,66.72,234.79,2022-10-16,16:47:17,2256.68
mediterranean,Caramelized Onion and Sour Cream Spread,american,78.92,277.84,151.23,2022-10-16,16:47:17,3421.16
mediterranean,Braised Lamb Shanks & Eggplant,middle eastern,224.43,78.02,183.6,2022-10-16,16:47:17,2334.3
mediterranean,Rouget and Shrimp with Lemon Sauce,american,175.91,50.03,138.15,2022-10-16,16:47:17,1706.5099999999998
mediterranean,Bacon Baklava,mediterranean,163.49,823.99,554.46,2022-10-16,16:47:17,10287.71
mediterranean,Lemon-Avocado Spaghetti with Shrimp,mediterranean,111.44,379.01,53.54,2022-10-16,16:47:17,4071.01
mediterranean,"Stuffed Peppers, Tomatoes, and Mushrooms",italian,71.26,254.86,101.36,2022-10-16,16:47:17,2984.2200000000003
mediterranean,Roman-Jewish Fried Artichokes (Carciofi alla Giudia) Recipe,mediterranean,46.41,159.23,235.33,2022-10-16,16:47:17,2560.03
mediterranean,Yogurt-Marinated Lamb Kebabs,middle eastern,91.02,277.49,64.45,2022-10-16,16:47:17,3119.29
mediterranean,Zaatar and Lemon Grilled Chicken,french,262.62,43.46,368.27,2022-10-16,16:47:17,2914.7
mediterranean,Tzatziki,mediterranean,50.78,68.75,32.66,2022-10-16,16:47:17,952.51
mediterranean,Fish Niçoise,french,76.03,41.4,24.7,2022-10-16,16:47:17,775.52
mediterranean,Greek Salad Chicken Pita,mediterranean,133.23,281.65,82.39,2022-10-16,16:47:17,3397.33
mediterranean,Tomato & Artichoke Gnocchi,mediterranean,65.29,296.05,47.01,2022-10-16,16:47:17,3113.65
mediterranean,Couscous-Stuffed Chicken,italian,166.03,46.07,64.46,2022-10-16,16:47:17,1336.59
mediterranean,One-Pot Greek Pasta,mediterranean,138.67,512.17,98.42,2022-10-16,16:47:24,5557.89
mediterranean,Roasted Garlic and Olive Salsa Recipe,mediterranean,32.22,78.46,72.25,2022-10-16,16:47:24,1124.02
mediterranean,Warm Tuna Salad Niçoise,french,77.19,129.82,31.19,2022-10-16,16:47:24,1601.8999999999999
mediterranean,Acorn Squash Stuffed with Chard & White Beans,italian,67.87,233.76,52.7,2022-10-16,16:47:24,2586.1200000000003
mediterranean,"Peppers Stuffed with Lamb, Feta, Couscous, and Black Olives",mediterranean,173.33,227.55,281.84,2022-10-16,16:47:24,3868.63
mediterranean,Mustard Aioli-Grilled Potatoes with Fines Herbes,american,25.75,206.27,91.42,2022-10-16,16:47:24,2325.11
mediterranean,Broiled Lamb Chops with Walnut and Mint Gremolata,american,178.2,14.66,343.4,2022-10-16,16:47:24,2218.34
mediterranean,Our paella,mediterranean,436.65,283.86,388.51,2022-10-16,16:47:24,5855.38
mediterranean,Cod Baked with Tomatoes and Feta,mediterranean,107.81,69.5,59.74,2022-10-16,16:47:24,1295.7
mediterranean,Tangy-Sweet Lemon Chicken,american,235.01,289.66,164.76,2022-10-16,16:47:24,4206.02
mediterranean,Whipped Salt-Cod Spread (Brandade de Morue) Recipe,mediterranean,297.98,79.44,304.11,2022-10-16,16:47:24,3123.32
mediterranean,Grilled Lamb and Pistachio Burgers,american,100.79,14.53,160.58,2022-10-16,16:47:24,1176.25
mediterranean,Fish Soup with Saffron and Fennel,mediterranean,329.4,106.49,93.1,2022-10-16,16:47:24,2648.41
mediterranean,Bacon Swiss Burgers with Tomato and Avocado,american,174.59,97.06,164.78,2022-10-16,16:47:24,2231.02
mediterranean,Orgeat Recipe,mediterranean,60.49,361.57,142.8,2022-10-16,16:47:24,4067.29
mediterranean,Provençal Baked Fish with Roasted Potatoes & Mushrooms,mediterranean,98.38,104.75,34.74,2022-10-16,16:47:24,1475.23
mediterranean,Roasted Kale and Eggplant Tapenade,mediterranean,18.29,68.88,30.22,2022-10-16,16:47:24,813.9599999999999
mediterranean,"Chickpea, Chorizo & Spinach Soup",mediterranean,87.97,182.05,76.83,2022-10-16,16:47:24,2297.65
mediterranean,Skordalia Trio,mediterranean,31.51,144.29,90.4,2022-10-16,16:47:31,1786.25
mediterranean,Labneh Stuffed Grape Leaves Preserved in Oil,mediterranean,95.12,34.35,784.56,2022-10-16,16:47:31,3827.87
mediterranean,Acorn Squash Stuffed with Chard & White Beans for Two,french,34.18,115.22,27.23,2022-10-16,16:47:31,1282.6200000000001
mediterranean,Dinner Tonight: Red Snapper with Tomatoes and Olives Baked in Foil Recipe,american,73.25,19.56,35.43,2022-10-16,16:47:31,610.76
mediterranean,Greek-Style Chicken Breasts,mediterranean,163.25,36.27,61.89,2022-10-16,16:47:31,1226.99
mediterranean,Spring Lamb with Grilled Baby Artichokes – Mr. Bean,mediterranean,247.58,224.63,259.78,2022-10-16,16:47:31,4051.11
mediterranean,"Skillet Cod with Bulgur, Zucchini, and Tomatoes",italian,205.84,145.35,50.36,2022-10-16,16:47:31,2332.95
mediterranean,Eggs Baked Over a Spicy Vegetable Ragout,south american,46.52,78.19,41.24,2022-10-16,16:47:31,1054.75
mediterranean,Instant Pot Chicken Breast,french,102.22,1.1,25.48,2022-10-16,16:47:31,520.6999999999999
mediterranean,Baccalà in Zimino (Salted Cod with Greens),american,297.23,43.93,53.0,2022-10-16,16:47:31,1796.29
mediterranean,Chicken-Garbanzo Salad,mediterranean,97.63,143.47,37.37,2022-10-16,16:47:31,1831.23
mediterranean,Spicy Lamb Burgers with Grilled Eggplant,south east asian,251.96,152.38,325.38,2022-10-16,16:47:31,3680.78
mediterranean,Spiced Braised Lamb with Carrots and Spinach,mediterranean,294.18,100.24,375.0,2022-10-16,16:47:31,3578.88
mediterranean,Cook the Book: Piedmontese Peppers,french,14.67,55.62,67.77,2022-10-16,16:47:31,830.3399999999999
mediterranean,Greek Meatball Mezze Bowls,mediterranean,129.23,118.99,93.66,2022-10-16,16:47:31,1962.4699999999998
mediterranean,Dinner Tonight: Zucchini Galette,american,48.52,37.77,40.98,2022-10-16,16:47:31,697.93
mediterranean,Vasilopita,french,103.98,798.0,274.18,2022-10-16,16:47:31,8694.64
mediterranean,Yellow Tomato Gazpacho,mediterranean,20.33,90.1,22.66,2022-10-16,16:47:31,982.86
mediterranean,Lamb Meatballs With Dilled Carrots,mediterranean,143.68,100.92,181.74,2022-10-16,16:47:31,2209.96
mediterranean,Ratatouille & Tabouleh,french,30.7,197.55,113.49,2022-10-16,16:47:37,2354.71
mediterranean,Sweet Orange Couscous with Dried Fruit,mediterranean,18.2,288.56,1.71,2022-10-16,16:47:37,2676.6800000000003
mediterranean,Provençal Turkey Kebabs with Grilled Lemon,american,127.42,27.02,58.44,2022-10-16,16:47:37,986.62
mediterranean,Whole-Grain Orzo & Grilled Vegetable Salad,mediterranean,82.67,149.58,128.16,2022-10-16,16:47:37,2189.54
mediterranean,Persian Spinach and Yogurt Dip (Borani Esfanaj),american,17.38,27.36,16.82,2022-10-16,16:47:37,383.03999999999996
mediterranean,Sheet-Pan Chicken & Vegetables with Romesco Sauce,mediterranean,130.42,169.05,169.26,2022-10-16,16:47:37,2720.17
mediterranean,Shrimp Prepared in the Scampi Style,south east asian,220.9,37.84,136.03,2022-10-16,16:47:37,1768.2800000000002
mediterranean,Slow-Cooker Turkish Lamb & Vegetable Stew,middle eastern,152.35,165.11,122.58,2022-10-16,16:47:37,2585.7100000000005
mediterranean,Grilled Merguez with Ratatouille,french,99.76,107.78,307.18,2022-10-16,16:47:37,2597.7799999999997
mediterranean,Fava Bean Salad with Mountain Ham and Mint,american,970.31,823.34,322.84,2022-10-16,16:47:37,12582.66
mediterranean,Golden Panko Latkes with Sour Cream and Chives,american,48.52,268.05,278.23,2022-10-16,16:47:37,3719.4500000000003
mediterranean,Roasted Black Sea Bass with Tomato and Olive Salad,french,103.41,42.09,97.54,2022-10-16,16:47:37,1182.6100000000001
mediterranean,Veal Meatballs with Braised Vegetables,italian,113.91,113.69,164.46,2022-10-16,16:47:37,2136.69
mediterranean,Escabeche,mediterranean,218.54,308.96,147.28,2022-10-16,16:47:37,4243.92
mediterranean,Kimchi-Sesame Hummus,mediterranean,42.04,115.5,71.36,2022-10-16,16:47:37,1493.1000000000001
mediterranean,"Mussels with Spices, Ginger, Lemongrass and Coriander",mediterranean,111.01,63.06,49.44,2022-10-16,16:47:37,1209.34
mediterranean,Korean Hummus,mediterranean,101.15,309.08,67.03,2022-10-16,16:47:37,3454.4399999999996
mediterranean,Espinacas con Garbanzos/Spinach and Garbanzos,mediterranean,46.05,128.0,51.71,2022-10-16,16:47:37,1543.04
mediterranean,Quinoa Salad with Pistachios and Currants,mediterranean,43.09,209.08,59.17,2022-10-16,16:47:37,2290.7599999999998
mediterranean,Chicken in Garlic-Vinegar Sauce,french,181.1,69.02,141.49,2022-10-16,16:47:44,1911.54
mediterranean,Ouzo Poached Shrimp with Tomatoes and Corn Salad,mediterranean,66.88,66.05,73.57,2022-10-16,16:47:44,1156.25
mediterranean,Greek Salmon Salad,nordic,13.44,99.69,22.25,2022-10-16,16:47:44,1039.97
mediterranean,"Dinner Tonight: Orzo with Cherry Tomatoes, Capers, and Lemon Recipe",italian,35.82,115.03,31.12,2022-10-16,16:47:44,1303.03
mediterranean,Cider Doughnuts with Maple-Tahini Glaze,american,39.26,347.85,83.29,2022-10-16,16:47:44,3620.85
mediterranean,"Falafel, Feta, and Tomato Salad",mediterranean,37.66,84.02,108.06,2022-10-16,16:47:44,1339.06
mediterranean,Seaside Salad,mediterranean,227.93,51.62,184.65,2022-10-16,16:47:44,2114.9
mediterranean,Southeast Asian Carrot Salad with Mint and Roasted Peanuts,south east asian,22.49,54.43,46.33,2022-10-16,16:47:44,765.1500000000001
mediterranean,Tunisian Leblebi,mediterranean,98.69,215.1,32.2,2022-10-16,16:47:44,2459.46
mediterranean,Stuffed Red Bell Peppers,middle eastern,127.0,151.18,150.93,2022-10-16,16:47:44,2472.34
mediterranean,"Whole Wheat Spaghetti Salad With Grilled Zucchini, Kalamata Olives, and Feta Recipe",mediterranean,102.41,387.6,126.97,2022-10-16,16:47:44,4405.92
mediterranean,Braised Leg of Lamb with Juniper,french,355.04,112.89,304.93,2022-10-16,16:47:44,3655.8900000000003
mediterranean,"Swordfish with Olives, Capers & Tomatoes over Polenta",italian,100.42,85.94,51.15,2022-10-16,16:47:44,1379.74
mediterranean,Falafel Pizza,italian,71.31,218.32,60.34,2022-10-16,16:47:44,2491.48
mediterranean,Spanakopita Grilled Cheese,mediterranean,44.64,80.82,70.43,2022-10-16,16:47:44,1187.6599999999999
mediterranean,Autumn Olive Medley,french,363.39,112.36,306.17,2022-10-16,16:47:44,3689.4800000000005
mediterranean,Greek Tomato and Cucumber Salad with Farro,mediterranean,43.63,168.35,66.91,2022-10-16,16:47:44,1957.31
mediterranean,Ancient Arabic Coffee Shows Guests You Think They’re Worth It,middle eastern,1.64,10.27,0.2,2022-10-16,16:47:44,99.78999999999999
mediterranean,Lemon-Herb Salmon with Caponata & Farro,nordic,152.24,158.87,79.49,2022-10-16,16:47:44,2356.75
mediterranean,Fried Squid Po' Boy with Avocado and Black Chile Oil Recipe,american,99.63,192.2,220.65,2022-10-16,16:47:51,3010.9199999999996
mediterranean,Roasted Tomatoes and Sage Pesto,italian,54.18,114.77,258.04,2022-10-16,16:47:51,2281.8100000000004
mediterranean,Sea Bass Crusted with Moroccan Spices,middle eastern,129.58,20.8,30.88,2022-10-16,16:47:51,829.0400000000001
mediterranean,"Rustic Rosemary, Grape and Feta Galette with Caramelized Onions",mediterranean,38.36,154.91,79.92,2022-10-16,16:47:51,1867.3100000000002
mediterranean,Piled-High Greek Vegetable Pitas,mediterranean,51.34,172.22,41.36,2022-10-16,16:47:51,1920.7800000000002
mediterranean,Greek Chicken & Cucumber Pita Sandwiches with Yogurt Sauce,mediterranean,104.99,164.17,98.54,2022-10-16,16:47:51,2291.65
mediterranean,Honeyed Prawns & Polenta,italian,96.31,318.46,47.83,2022-10-16,16:47:51,3442.7000000000003
mediterranean,Pâtes aux Cêpes (Tagliatelle with Porcini Mushrooms and Crème Fraîche) Recipe,french,71.92,389.19,57.18,2022-10-16,16:47:51,4019.1099999999997
mediterranean,Savory Lamb Shanks with Eggplant and Barley,american,377.68,241.99,275.44,2022-10-16,16:47:51,4790.39
mediterranean,Artichokes with Broad Beans and Almonds,mediterranean,63.55,128.47,254.0,2022-10-16,16:47:51,2426.4300000000003
mediterranean,"Salad with Kale, Snap Peas and Lemony Feta Dressing",mediterranean,35.42,78.76,93.12,2022-10-16,16:47:51,1223.0
mediterranean,Irish Pizza,italian,110.38,202.45,185.25,2022-10-16,16:47:51,3004.5699999999997
mediterranean,Chickpea Salad with Cumin Vinaigrette Recipe,american,66.72,205.83,159.5,2022-10-16,16:47:51,2757.35
mediterranean,Scrambled Eggs with Goat Cheese and Aleppo Pepper,mediterranean,51.0,14.13,75.57,2022-10-16,16:47:51,633.45
mediterranean,Za'atar-Crusted Chicken Schnitzel,central europe,255.46,81.7,166.3,2022-10-16,16:47:51,2422.34
mediterranean,Pita Panzanella Salad with Meatballs,italian,158.84,149.37,128.05,2022-10-16,16:47:51,2491.8900000000003
mediterranean,Chicken Hash Recipe,french,145.1,112.03,134.68,2022-10-16,16:47:51,2127.3900000000003
mediterranean,Hamachi Carpaccio with Piquillo peppers and Grilled lemon,mediterranean,108.86,29.66,132.56,2022-10-16,16:47:51,1232.62
mediterranean,Linguine with Shellfish Sauce,italian,398.42,444.69,118.77,2022-10-16,16:47:51,6070.97
mediterranean,Braised Chicken with Fennel and Dried Figs,french,218.73,156.01,193.1,2022-10-16,16:47:58,3051.41
mediterranean,Garlic Croutons with Eggplant and Roasted Pepper Spread Topped with Grilled Shrimp,mediterranean,43.83,78.64,72.47,2022-10-16,16:47:58,1172.96
mediterranean,Tabbouleh Tacos with Tahini-Garlic Dressing,mediterranean,97.53,371.53,54.73,2022-10-16,16:47:58,3952.8099999999995
mediterranean,Fennel Braised with Artichokes,mediterranean,28.54,114.37,58.47,2022-10-16,16:47:58,1377.37
mediterranean,Sweet Chile Pork over Cumin Beans and Cilantro Rice,mexican,407.45,881.0,145.87,2022-10-16,16:47:58,10142.279999999999
mediterranean,Roasted Garlic Vegetable Soup,american,70.08,161.99,152.23,2022-10-16,16:47:58,2347.15
mediterranean,Spicy Shrimp Tortillitas with Mango Mayonnaise,mediterranean,84.45,218.71,191.1,2022-10-16,16:47:58,3070.59
mediterranean,Ripe's Radicchio Salad with Tahini Lemon Drizzle,mediterranean,18.08,62.76,102.97,2022-10-16,16:47:58,1049.04
mediterranean,Beef and Vegetable Shish Kebabs Recipe,middle eastern,168.59,57.28,183.82,2022-10-16,16:47:58,1925.16
mediterranean,Watermelon Feta Tomato Salad with Basil Vinaigrette,mediterranean,14.91,97.1,77.79,2022-10-16,16:47:58,1244.7
mediterranean,Eggplant Napoleon,mediterranean,66.6,308.96,526.89,2022-10-16,16:47:58,5154.6
mediterranean,Sheep's-Milk Yogurt Cheesecakes with Grilled Figs and Pistachios,american,30.45,202.73,138.23,2022-10-16,16:47:58,2499.29
mediterranean,Greek Grilled Salmon Kebabs with Tzatziki & Green Beans,mediterranean,141.41,99.83,114.17,2022-10-16,16:47:58,1920.7900000000002
mediterranean,Salmon and Potatoes Roasted on Fig Leaves with Fresh Fig Salad,nordic,175.17,163.48,189.39,2022-10-16,16:47:58,2929.56
mediterranean,"Salad of Limas, Green Beans, and Chickpeas with Lemon and Parsley",american,30.56,113.35,31.73,2022-10-16,16:47:58,1269.31
mediterranean,Dinner Tonight: Curried Pork Noodles Recipe,asian,97.73,201.04,127.89,2022-10-16,16:47:58,2711.8399999999997
mediterranean,Lamb Dumplings with Cucumber Vinegar Dipping Sauce,chinese,128.29,324.19,135.9,2022-10-16,16:47:58,3974.47
mediterranean,Pulled Blackened Chicken with Toasted Couscous,american,216.24,210.88,260.79,2022-10-16,16:47:58,3806.04
mediterranean,Beef Stew,american,168.43,101.65,50.5,2022-10-16,16:48:04,1790.5700000000002
mediterranean,"Lamb Meatballs with Yogurt, Eggs, and Mint",american,265.8,228.03,337.78,2022-10-16,16:48:04,4466.59
mediterranean,"Cook the Book: Cumin Seed Roasted Cauliflower with Salted Yogurt, Mint, and Pomegranate Seeds",mediterranean,23.51,99.19,35.13,2022-10-16,16:48:04,1127.27
mediterranean,Provencal Seafood Pie,mediterranean,190.2,302.85,254.22,2022-10-16,16:48:04,4503.33
mediterranean,"Chicken, Sausage, and Red Pepper Paella",mediterranean,247.13,394.06,303.66,2022-10-16,16:48:04,5749.7
mediterranean,Monkfish and Clam Bourride,american,146.42,197.86,56.9,2022-10-16,16:48:04,2594.02
mediterranean,"Grilled Swordfish with Artichokes, Tomatoes, and Olives",mediterranean,192.6,54.69,196.83,2022-10-16,16:48:04,2049.93
mediterranean,"Sabich Sandwiches (Pitas With Eggplant, Eggs, Hummus, and Tahini) Recipe",mediterranean,89.55,241.62,359.36,2022-10-16,16:48:04,3970.22
mediterranean,Lamb Kofta With Pomegranate Glaze,american,55.89,62.62,46.94,2022-10-16,16:48:04,974.8999999999999
mediterranean,Healthy & Delicious: Irio Recipe,american,38.49,221.18,3.83,2022-10-16,16:48:04,2159.9
mediterranean,"Meat, Bulgur, and Rice Dolmades",mediterranean,59.78,108.31,72.74,2022-10-16,16:48:04,1504.87
mediterranean,Cardoon Soup with Black Truffle Carpaccio Recipe,french,20.65,136.09,67.09,2022-10-16,16:48:04,1575.77
mediterranean,Must-Try Hummus and Tortilla Chips,mediterranean,55.11,194.3,53.91,2022-10-16,16:48:04,2184.78
mediterranean,Irish Soda Bread with Ancient Grains,american,62.34,282.4,54.59,2022-10-16,16:48:04,3009.32
mediterranean,Zuk’s Grilled Octopus Salad,south american,287.5,138.38,174.66,2022-10-16,16:48:04,3094.06
mediterranean,Pork Chile Verde with Red Chile Salsa,mexican,294.51,207.31,334.53,2022-10-16,16:48:04,4381.95
mediterranean,"Slow-Cooker Pork Shoulder With Tomatoes, Fennel, and Pasta Recipe",italian,502.47,659.32,429.03,2022-10-16,16:48:04,9659.880000000001
mediterranean,Cook the Book: Harissa Ravioli,italian,63.35,183.09,112.59,2022-10-16,16:48:04,2351.57
mediterranean,Cook the Book: Stuffed Baby Eggplants and Zucchini in Pomegranate Sauce,middle eastern,148.0,503.8,1004.58,2022-10-16,16:48:04,9144.52
mediterranean,Pasta with Saffron,mediterranean,74.99,263.03,102.01,2022-10-16,16:48:11,3075.2699999999995
mediterranean,Cooking from the Glossies: White Bean and Roasted Garlic Hummus Recipe,mediterranean,110.67,340.66,85.54,2022-10-16,16:48:11,3850.7799999999997
mediterranean,Butternut Squash Soup with Apple and Ginger,american,81.03,403.57,496.19,2022-10-16,16:48:11,5941.01
mediterranean,Lemony Chicken with Root Vegetables,mediterranean,191.64,220.82,212.79,2022-10-16,16:48:11,3605.0999999999995
mediterranean,Cook the Book: Middle Eastern Lamb Pizza,italian,94.42,262.65,113.23,2022-10-16,16:48:11,3194.45
mediterranean,Easy Provençal Lamb,french,446.71,234.62,448.83,2022-10-16,16:48:11,5693.74
mediterranean,Dinner Recipe for Two: Duck Breast with Pomegranate-Citrus Glaze,french,66.43,23.5,14.25,2022-10-16,16:48:11,534.22
mediterranean,Cook the Book: Al Halabi Style Kebabs with Potato Moutabel,middle eastern,155.62,177.35,250.51,2022-10-16,16:48:11,3220.67
mediterranean,Capers: What's Not to Love? Recipe,italian,82.98,25.84,105.67,2022-10-16,16:48:11,987.1600000000001
mediterranean,Herby Lamb and Turkey Meatballs,american,174.42,19.0,148.2,2022-10-16,16:48:11,1461.48
mediterranean,Chickpeas with Spinach,indian,198.07,208.61,102.58,2022-10-16,16:48:11,3080.0900000000006
mediterranean,Meat Lite: Eggs Any Style Shaksouka Recipe,mediterranean,34.97,15.12,39.65,2022-10-16,16:48:11,434.55999999999995
mediterranean,Sweet Potato Bisteeya,south american,88.12,518.34,245.25,2022-10-16,16:48:11,5998.540000000001
mediterranean,Cook the Book: Fried Halloumi Salad,asian,40.3,66.18,121.73,2022-10-16,16:48:11,1243.7400000000002
mediterranean,Eat for Eight Bucks: Sardine Linguine with Sundried Tomatoes and Olives Recipe,american,73.02,276.1,85.51,2022-10-16,16:48:11,3119.02
mediterranean,Italian Mixed Seafood Soup,italian,309.78,107.85,55.37,2022-10-16,16:48:11,2431.25
mediterranean,Recipe: Spiced Oven Fries with Garlic Spread,american,4.45,22.53,15.58,2022-10-16,16:48:11,282.89000000000004
mediterranean,"Casserole of Lentils, Eggplant, and Mint",middle eastern,49.8,189.68,77.8,2022-10-16,16:48:11,2217.52
mediterranean,Red Snapper with Provencal Tomato Sauce,french,202.0,168.47,119.43,2022-10-16,16:48:11,2801.95
mediterranean,Egyptian Fried Fish Fillets,american,211.86,236.26,235.28,2022-10-16,16:48:18,3914.9
mediterranean,Chicken Souvlaki With Tzatziki Sauce and Greek Salad Recipe,mediterranean,288.73,236.89,176.56,2022-10-16,16:48:18,3993.17
mediterranean,Cook the Book: Pan-Roasted Striped Bass with Tunisian Chickpea Salad and Yogurt Sauce,american,236.43,225.35,203.05,2022-10-16,16:48:18,3786.0699999999997
mediterranean,Meatballs Braised with Kale,mediterranean,531.48,279.16,566.41,2022-10-16,16:48:18,6904.0
mediterranean,"Balsamic-Braised Pot Roast with Tomatoes, Lemons, Raisins, and Black Olive–Pine Nut Relish",american,280.68,268.31,211.91,2022-10-16,16:48:18,4385.150000000001
mediterranean,Det Burgers,japanese,211.09,119.36,144.07,2022-10-16,16:48:18,2494.88
mediterranean,Poached Salt Cod with Vegetables and Garlic Mayonnaise,mediterranean,656.65,315.52,73.73,2022-10-16,16:48:18,5761.2
mediterranean,"Scooped: Rosemary, Olive Oil, and Pine Honey Ice Cream",mediterranean,35.31,176.89,213.81,2022-10-16,16:48:18,2588.49
mediterranean,Crabby Falafel 'Sliders' Recipe,american,161.34,442.12,189.36,2022-10-16,16:48:18,5381.879999999999
mediterranean,Chicken Thighs Confit,mediterranean,226.06,20.76,1092.92,2022-10-16,16:48:18,5462.76
mediterranean,Meat Lite: Eggplant Lamb Lavash Wraps Recipe,american,119.73,253.72,95.35,2022-10-16,16:48:18,3143.8
mediterranean,"Braised Chicken with Saffron Onions, Italian Couscous, and Dates",italian,442.1,603.47,503.79,2022-10-16,16:48:18,9214.79
mediterranean,The Secret Ingredient: Preserved Lemons Recipe,american,326.24,283.27,390.59,2022-10-16,16:48:18,5416.75
mediterranean,Mediterranean Dip,mediterranean,21.71,40.46,32.12,2022-10-16,16:48:18,579.46
mediterranean,Mediterranean Dip,mediterranean,21.71,40.46,32.12,2022-10-16,16:48:18,579.46
mediterranean,Mediterranean Pan Roasted Salmon,nordic,97.73,52.22,84.28,2022-10-16,16:48:18,1198.02
mediterranean,Mediterranean Olive Spread,mediterranean,2.2,5.02,11.12,2022-10-16,16:48:18,98.45999999999998
mediterranean,Lamb with mediterranean couscous,mediterranean,186.2,214.33,118.24,2022-10-16,16:48:18,3146.73
mediterranean,"Hummus Pizza, Mediterranean Style",italian,54.84,188.68,89.59,2022-10-16,16:48:18,2275.84
mediterranean,Mediterranean Antipasto Salad,mediterranean,64.98,63.17,110.36,2022-10-16,16:48:24,1269.89
mediterranean,Roasted Mediterranean Chick Pea’s recipes,mediterranean,14.51,51.09,15.81,2022-10-16,16:48:24,581.09
mediterranean,Mediterranean Elote,mediterranean,16.26,70.2,21.02,2022-10-16,16:48:24,780.9200000000001
mediterranean,Mediterranean Pasta,mediterranean,63.92,283.44,115.42,2022-10-16,16:48:24,3268.3199999999997
mediterranean,5 Ingredient Mediterranean Dip recipes,mediterranean,22.95,13.03,52.44,2022-10-16,16:48:24,418.83
mediterranean,Mediterranean Hummus,mediterranean,36.11,111.87,52.67,2022-10-16,16:48:24,1361.95
mediterranean,Chunky Mediterranean Vegetable Soup Recipe,mediterranean,53.71,128.07,19.18,2022-10-16,16:48:24,1444.1899999999998
mediterranean,Mediterranean Feta and avo stack with balsamic tomatoes,mediterranean,49.4,169.6,62.28,2022-10-16,16:48:24,1973.12
mediterranean,Mediterranean Mussels With Lemon Basil & Shallot,mediterranean,120.08,118.34,48.7,2022-10-16,16:48:24,1740.1799999999998
mediterranean,Healthy Mediterranean Veggie Omelette recipes,french,17.82,10.57,19.72,2022-10-16,16:48:24,245.29
mediterranean,Mediterranean Chicken Soup,mediterranean,133.84,83.83,32.43,2022-10-16,16:48:24,1419.55
mediterranean,Mediterranean Vegetable Chip Crusted Chicken,mediterranean,103.54,88.85,144.51,2022-10-16,16:48:24,1791.85
mediterranean,Mediterranean Stuffed Mushroom Appetizer recipes,mediterranean,15.59,28.52,36.19,2022-10-16,16:48:24,463.8
mediterranean,3-Minute Mediterranean Vegetable Lasagne recipes,italian,107.91,287.32,75.99,2022-10-16,16:48:24,3321.48
mediterranean,Creamy Mediterranean Chicken Pasta Primavera,italian,156.4,254.11,60.3,2022-10-16,16:48:24,3153.79
mediterranean,Mediterranean Flatbread Sandwiches,mediterranean,36.69,156.32,46.86,2022-10-16,16:48:24,1741.08
mediterranean,Mediterranean Pasta Salad,mediterranean,98.06,392.51,122.25,2022-10-16,16:48:24,4413.83
mediterranean,Mediterranean White Bean Bruschetta,mediterranean,66.11,256.88,90.16,2022-10-16,16:48:24,2937.0
mediterranean,Mediterranean Chicken Salad,mediterranean,43.84,31.94,44.49,2022-10-16,16:48:24,640.7800000000001
mediterranean,Easy Mediterranean Pot Roast,mediterranean,263.44,73.29,102.77,2022-10-16,16:48:24,2124.45
mediterranean,Mediterranean Chickpea Burger Phyllo Bites,mediterranean,127.39,473.44,96.86,2022-10-16,16:48:31,5157.96
mediterranean,Mediterranean Chicken Salad recipes,mediterranean,34.06,54.17,35.91,2022-10-16,16:48:31,767.41
mediterranean,Sheet Pan Mediterranean Cod,mediterranean,88.21,40.02,12.85,2022-10-16,16:48:31,764.42
mediterranean,Roasted Mediterranean vegetables with fetta and olives,mediterranean,37.88,106.66,56.81,2022-10-16,16:48:31,1338.7
mediterranean,Mediterranean Pasta Salad,mediterranean,98.06,392.51,122.25,2022-10-16,16:48:31,4413.83
mediterranean,Mediterranean Quinoa with Cashew Tzatziki,mediterranean,65.39,232.64,74.8,2022-10-16,16:48:31,2654.5199999999995
mediterranean,Mediterranean Pasta Salad,mediterranean,88.07,352.89,122.97,2022-10-16,16:48:31,4020.17
mediterranean,Alouette Crumbled Feta Mediterranean Caponata,mediterranean,37.35,64.48,107.8,2022-10-16,16:48:31,1160.92
mediterranean,Alouette Crumbled Feta Mediterranean Caponata Recipe,mediterranean,37.35,64.48,107.8,2022-10-16,16:48:31,1160.92
mediterranean,Mediterranean Grilled Chicken,mediterranean,78.2,12.18,44.72,2022-10-16,16:48:31,601.3
mediterranean,Mediterranean Couscous with Steamed Beets and Microgreens,mediterranean,81.52,130.91,182.29,2022-10-16,16:48:31,2233.43
mediterranean,Sam's Mediterranean Rotini Pasta Salad,italian,64.44,294.7,252.4,2022-10-16,16:48:31,3919.6599999999994
mediterranean,Mediterranean Chicken Lettuce Wrap Salad,mediterranean,96.62,37.84,74.64,2022-10-16,16:48:31,1025.6000000000001
mediterranean,Mediterranean Salad with Crispy Chickpeas,mediterranean,51.99,192.73,36.48,2022-10-16,16:48:31,2088.45
mediterranean,Mediterranean Stuffed Peppers Recipe,mediterranean,246.19,479.71,243.89,2022-10-16,16:48:31,6277.709999999999
mediterranean,Seared Chicken Thighs with Mediterranean Orzo Salad recipes,mediterranean,301.35,303.15,79.53,2022-10-16,16:48:31,4251.87
mediterranean,Cheesy Chicken Mediterranean Pasta Bake recipes,mediterranean,222.04,249.55,218.59,2022-10-16,16:48:31,4008.4700000000003
mediterranean,Mediterranean mackerel and potato patties,mediterranean,104.59,301.23,68.45,2022-10-16,16:48:31,3403.2300000000005
mediterranean,Mediterranean Cauliflower White Bean Dip,mediterranean,54.04,158.03,72.18,2022-10-16,16:48:38,1927.15
mediterranean,Greek Chicken Roulade recipes,mediterranean,212.92,20.97,131.37,2022-10-16,16:48:38,1565.8899999999999
mediterranean,Provolone Tartare,mediterranean,58.89,7.65,83.83,2022-10-16,16:48:38,639.73
mediterranean,Quick And Easy Grilled Potatoes (4 Pts),mediterranean,15.79,133.36,27.59,2022-10-16,16:48:38,1373.7600000000002
mediterranean,Mediterranean Tomato Stew with Braised Swo,mediterranean,175.75,78.91,115.15,2022-10-16,16:48:38,1873.79
mediterranean,Mediterranean Shrimp ‘n Couscous Salad recipes,mediterranean,160.22,230.34,93.64,2022-10-16,16:48:38,3088.5
mediterranean,Kalamata Basil Cream Cheese Spread,american,14.57,15.71,84.57,2022-10-16,16:48:38,537.95
mediterranean,Mediterranean Pizza with Whole Wheat Crust,italian,164.08,374.81,182.37,2022-10-16,16:48:38,4759.09
mediterranean,Il Panino Toscano,italian,100.19,74.38,101.21,2022-10-16,16:48:38,1475.0199999999998
mediterranean,Almond Apricot Dips Recipe,british,13.63,100.74,49.17,2022-10-16,16:48:38,1157.86
mediterranean,Mediterranean Salad with Hummus and Fried Halloumi,mediterranean,85.27,189.55,257.96,2022-10-16,16:48:38,3078.87
mediterranean,Yogurt Cheese and Pistachio Spread,american,181.29,95.95,231.94,2022-10-16,16:48:38,2516.4700000000003
mediterranean,Fresh Dates filled with Mascarpone Cheese,american,19.24,58.76,83.7,2022-10-16,16:48:38,940.6000000000001
mediterranean,Za'atar and Lemon Roast Chickpeas,mediterranean,32.76,108.11,26.86,2022-10-16,16:48:38,1211.47
mediterranean,Italian Pork Chops,italian,219.7,16.96,119.67,2022-10-16,16:48:38,1510.1200000000001
mediterranean,Cucumber and Feta Appetizer Bites,mediterranean,11.97,10.18,16.2,2022-10-16,16:48:38,204.3
mediterranean,Paprika Beyond Chicken - and Tofu!,asian,3.79,26.17,0.77,2022-10-16,16:48:38,253.77000000000004
mediterranean,Italian Herb Seasoning,italian,0.49,3.01,0.47,2022-10-16,16:48:38,30.929999999999996
mediterranean,Dijon Pork Medallions with Roasted Carrot and Zucchini Fries,french,78.18,59.79,14.87,2022-10-16,16:48:44,910.3100000000001
mediterranean,Fried Provolone Stuffed Olives,italian,32.09,143.97,253.87,2022-10-16,16:48:44,2439.57
mediterranean,Prosciutto-Wrapped Apricots Recipe,american,37.97,45.47,66.82,2022-10-16,16:48:44,828.39
mediterranean,Tuscan Chicken And Artichokes With Toasted Pine Nut Couscous Recipe,mediterranean,194.02,217.71,153.61,2022-10-16,16:48:44,3349.9100000000003
mediterranean,Lemon Garlic Olives,mediterranean,5.56,42.09,48.92,2022-10-16,16:48:44,596.73
mediterranean,Herb Braised Chicken With Mushrooms And Tomatoes,french,124.82,254.42,152.74,2022-10-16,16:48:44,3400.0199999999995
mediterranean,Holiday Bark w/Toasted Quinoa recipes,south american,123.91,368.32,94.37,2022-10-16,16:48:44,4188.0
mediterranean,Greek Salad,mediterranean,14.99,66.76,35.63,2022-10-16,16:48:44,803.32
mediterranean,Spanish bruschetta (pan con tomate),mediterranean,14.74,66.78,9.22,2022-10-16,16:48:44,696.86
mediterranean,Warm Pasta Salad,italian,42.2,192.58,63.85,2022-10-16,16:48:44,2157.42
mediterranean,Spicy Feta Spread,mediterranean,36.4,31.12,63.61,2022-10-16,16:48:44,680.1199999999999
mediterranean,Baccala with Tomato and Olives,mediterranean,153.5,161.76,99.42,2022-10-16,16:48:44,2467.52
mediterranean,Tzatziki,mediterranean,20.31,40.51,16.6,2022-10-16,16:48:44,512.23
mediterranean,Dijon Pork Medallions with Roasted Carrot and Zucchini Fries,french,78.27,60.43,14.94,2022-10-16,16:48:44,916.71
mediterranean,Grilled Mackerel,american,299.3,17.94,246.42,2022-10-16,16:48:44,2344.34
mediterranean,Israeli Couscous Salad with Mediterranean Roasted Vegetables recipes,middle eastern,55.29,259.84,175.55,2022-10-16,16:48:44,3261.92
mediterranean,Easy Lemon Parmesan Baked Salmon,nordic,54.37,5.12,63.36,2022-10-16,16:48:44,517.0
mediterranean,Fava Bean and Farfalle Soup,american,196.11,424.6,56.58,2022-10-16,16:48:44,4832.16
mediterranean,Baked Feta Cheese with Canned Sardines and Olives,mediterranean,30.47,6.71,79.32,2022-10-16,16:48:44,499.54999999999995
mediterranean,Feta Stuffed Lamb and Beef Burgers,mediterranean,157.08,4.13,203.02,2022-10-16,16:48:44,1477.5700000000002
mediterranean,Egg Casserole for Two,italian,69.95,117.51,42.43,2022-10-16,16:48:51,1507.1100000000001
mediterranean,Egg Casserole For Two,italian,69.95,117.51,42.43,2022-10-16,16:48:51,1507.1100000000001
mediterranean,Lemony Kale Salad,mediterranean,12.42,16.03,47.0,2022-10-16,16:48:51,381.95000000000005
mediterranean,Marinated Olives,mediterranean,9.33,66.12,151.73,2022-10-16,16:48:51,1239.3200000000002
mediterranean,Pickling Spice,american,8.17,24.54,9.86,2022-10-16,16:48:51,292.98
mediterranean,Linguini with Coriander Pesto and Chilli Calamari,italian,51.98,75.46,20.73,2022-10-16,16:48:51,969.9799999999999
mediterranean,Best Ever Gluten Free Veggie Supreme Pizza recipes,italian,202.68,347.95,223.18,2022-10-16,16:48:51,4834.99
mediterranean,Spinach & Watercress Keto Salad,middle eastern,32.9,26.88,103.77,2022-10-16,16:48:51,788.5999999999999
mediterranean,Rustic New Potato and Bean Salad,american,25.91,173.42,1.76,2022-10-16,16:48:51,1671.46
mediterranean,Stuffed baby capsicums,mediterranean,28.99,275.69,22.43,2022-10-16,16:48:51,2686.89
mediterranean,Easy Sausage Vegetable Bake,american,91.34,114.09,305.39,2022-10-16,16:48:51,2613.73
mediterranean,Easy Lemon Parmesan Baked Salmon,nordic,54.37,5.12,63.36,2022-10-16,16:48:51,517.0
mediterranean,Roasted vegetable & ham pasta salad,italian,73.61,211.5,34.84,2022-10-16,16:48:51,2337.3
mediterranean,Mushroom Steaks,american,7.83,23.26,28.67,2022-10-16,16:48:51,355.34000000000003
mediterranean,Mediterranean chicken,mediterranean,78.14,54.23,110.34,2022-10-16,16:48:51,1241.99
mediterranean,Italian Sausage & Vegetable Stew recipes,italian,120.35,97.18,216.44,2022-10-16,16:48:51,2221.7799999999997
mediterranean,Mediterranean Salad,mediterranean,97.66,148.43,128.5,2022-10-16,16:48:51,2240.51
mediterranean,Easy Lemon Parmesan Baked Salmon recipes,nordic,60.17,5.18,67.17,2022-10-16,16:48:51,555.98
mediterranean,Simple herb roasted carrots,american,9.61,97.15,56.73,2022-10-16,16:48:51,1139.71
mediterranean,Fugazza,italian,93.01,295.81,63.97,2022-10-16,16:48:58,3290.21
mediterranean,Mediterranean Tapenade,mediterranean,4.91,17.12,52.21,2022-10-16,16:48:58,382.56000000000006
mediterranean,Herbed Vegetable Ribbons,mediterranean,17.04,79.11,58.81,2022-10-16,16:48:58,1015.39
mediterranean,Pasta with Olives and Tomatoes,italian,48.11,194.24,58.47,2022-10-16,16:48:58,2174.48
mediterranean,Mediterranean steak,mediterranean,398.62,14.54,362.06,2022-10-16,16:48:58,3173.58
mediterranean,Fetta fennel and dill salad,american,20.4,112.23,20.73,2022-10-16,16:48:58,1174.5900000000001
mediterranean,Mediterranean smash,mediterranean,1.33,6.1,76.91,2022-10-16,16:48:58,367.86
mediterranean,Mediterranean Nachos,mediterranean,171.56,558.02,137.66,2022-10-16,16:48:58,6259.06
mediterranean,Mediterranean Scramble,mediterranean,16.06,3.49,26.79,2022-10-16,16:48:58,202.81
mediterranean,Mediterranean pizzas,italian,126.18,271.03,129.4,2022-10-16,16:48:58,3461.5899999999997
mediterranean,Fugazza,french,93.01,295.81,63.97,2022-10-16,16:48:58,3290.21
mediterranean,Mediterranean Wraps,mediterranean,18.51,71.82,19.35,2022-10-16,16:48:58,797.8199999999998
mediterranean,Mediterranean Lamburgers,mediterranean,105.38,132.84,138.37,2022-10-16,16:48:58,2170.56
mediterranean,Chipotle Roast Chicken,mexican,305.15,255.9,216.68,2022-10-16,16:48:58,4390.42
mediterranean,Mediterranean Herbs,mediterranean,0.78,4.29,0.58,2022-10-16,16:48:58,44.05
mediterranean,Mediterranean fritters,mediterranean,41.31,137.53,44.65,2022-10-16,16:48:58,1581.61
mediterranean,Feta-Stuffed Romano peppers,mediterranean,36.98,30.73,49.97,2022-10-16,16:48:58,624.37
mediterranean,Mediterranean mince,mediterranean,86.6,141.45,46.35,2022-10-16,16:48:58,1804.85
mediterranean,"Aubergine, Pepper and Feta Parcels recipes",mediterranean,72.02,234.74,114.23,2022-10-16,16:48:58,2857.66
mediterranean,Mediterranean Quinoa,mediterranean,72.84,164.58,31.77,2022-10-16,16:48:58,1899.6599999999999
mediterranean,Mediterranean sandwich,mediterranean,38.53,66.3,37.83,2022-10-16,16:49:05,902.1399999999999
mediterranean,Mediterranean quinoa,mediterranean,37.62,128.86,37.84,2022-10-16,16:49:05,1461.5800000000004
mediterranean,Mediterranean Pinwheels,mediterranean,9.34,20.65,24.42,2022-10-16,16:49:05,320.89
mediterranean,Mediterranean Capriata,mediterranean,117.79,341.13,117.64,2022-10-16,16:49:05,4011.89
mediterranean,Mediterranean Marinade,mediterranean,1.3,7.99,108.28,2022-10-16,16:49:05,510.23
mediterranean,Mediterranean Eggs,mediterranean,36.94,16.97,50.1,2022-10-16,16:49:05,500.89
mediterranean,Mediterranean Peppers,mediterranean,7.46,62.84,28.91,2022-10-16,16:49:05,711.0400000000001
mediterranean,Mediterranean Kebabs,mediterranean,25.42,29.5,57.79,2022-10-16,16:49:05,598.34
mediterranean,Asparagus And Brie Open Pastry,french,48.32,39.28,65.74,2022-10-16,16:49:05,809.76
mediterranean,Mediterranean Quinoa,mediterranean,51.65,170.52,50.8,2022-10-16,16:49:05,1944.48
mediterranean,Mediterranean Salmon,nordic,71.42,18.31,153.77,2022-10-16,16:49:05,1065.5500000000002
mediterranean,Greek Edamame Salad,mediterranean,83.46,103.01,76.1,2022-10-16,16:49:05,1565.33
mediterranean,Mediterranean meatloaf,mediterranean,181.08,106.71,192.38,2022-10-16,16:49:05,2454.23
mediterranean,Mediterranean platter,mediterranean,112.56,256.94,174.63,2022-10-16,16:49:05,3461.22
mediterranean,Mediterranean Salsa,mediterranean,24.3,86.45,29.49,2022-10-16,16:49:05,993.2100000000002
mediterranean,"Arugula, Feta, Artichoke & Tomato Flat",mediterranean,92.69,133.64,134.27,2022-10-16,16:49:05,2110.6
mediterranean,Courgette Mediterranean,mediterranean,11.39,34.69,29.76,2022-10-16,16:49:05,476.81
mediterranean,Mediterranean Dip,mediterranean,52.25,79.67,130.93,2022-10-16,16:49:05,1449.75
mediterranean,Mediterranean Palmiers,french,56.22,241.15,243.69,2022-10-16,16:49:05,3369.99
mediterranean,Mediterranean Soup,mediterranean,99.81,27.97,91.99,2022-10-16,16:49:05,1018.9300000000001
mediterranean,Mediterranean Mackerel,mediterranean,170.71,23.08,195.12,2022-10-16,16:49:12,1671.04
mediterranean,Mediterranean Kale,mediterranean,7.54,20.8,15.11,2022-10-16,16:49:12,277.8
mediterranean,Braised Herb Chicken with Shallots and Garlic,mediterranean,142.2,56.24,162.61,2022-10-16,16:49:12,1725.4
mediterranean,Mediterranean Pasta,mediterranean,77.45,363.81,112.54,2022-10-16,16:49:12,4034.25
mediterranean,Mediterranean Chard,mediterranean,4.04,15.53,5.2,2022-10-16,16:49:12,176.73
mediterranean,Branzino Mediterranean,mediterranean,67.5,27.99,33.7,2022-10-16,16:49:12,656.71
mediterranean,Vegan Basil Hummus Stuffed Mushrooms,american,9.35,21.07,1.7,2022-10-16,16:49:12,233.83
mediterranean,Mediterranean Pizza,italian,43.65,124.89,46.1,2022-10-16,16:49:12,1483.01
mediterranean,Mediterranean Salsa,mediterranean,18.75,18.86,51.67,2022-10-16,16:49:12,451.42
mediterranean,Mediterranean Chicken,mediterranean,248.4,144.45,76.69,2022-10-16,16:49:12,2600.41
mediterranean,Mediterranean Salad,mediterranean,38.93,110.67,28.15,2022-10-16,16:49:12,1264.35
mediterranean,mediterranean ribs,mediterranean,348.41,13.85,368.92,2022-10-16,16:49:12,2993.9700000000003
mediterranean,Mediterranean Salsa,mediterranean,1.43,6.65,27.35,2022-10-16,16:49:12,174.97000000000003
mediterranean,Mediterranean Tapanade,mediterranean,2.07,9.93,34.55,2022-10-16,16:49:12,235.85
mediterranean,Zucchini Mediterranean,mediterranean,11.34,34.34,29.74,2022-10-16,16:49:12,473.38000000000005
mediterranean,Mediterranean Pizzas,italian,86.73,313.4,95.07,2022-10-16,16:49:12,3547.8
mediterranean,Mediterranean Couscous,mediterranean,171.66,241.69,38.67,2022-10-16,16:49:12,3016.5299999999997
mediterranean,Mediterranean Chicken,mediterranean,313.35,12.54,45.94,2022-10-16,16:49:12,1550.02
mediterranean,Mediterranean Quesadillas,mexican,130.34,128.61,162.46,2022-10-16,16:49:12,2328.6900000000005
mediterranean,Mediterranean Scallops,mediterranean,88.05,54.15,42.11,2022-10-16,16:49:18,1007.99
mediterranean,Mediterranean Quiche,french,125.65,66.02,208.96,2022-10-16,16:49:18,1932.62
mediterranean,Mediterranean Chicken,mediterranean,276.21,92.24,51.21,2022-10-16,16:49:18,2139.84
mediterranean,Mediterranean Pizza,italian,222.58,269.66,378.06,2022-10-16,16:49:18,4829.5
mediterranean,Mediterranean Beans,mediterranean,21.97,70.41,14.4,2022-10-16,16:49:18,779.17
mediterranean,Mediterranean Salad,mediterranean,55.19,211.54,29.4,2022-10-16,16:49:18,2242.22
mediterranean,Mediterranean Quinoa,mediterranean,28.94,148.29,38.09,2022-10-16,16:49:18,1602.73
mediterranean,Mediterranean Mushrooms,mediterranean,19.64,64.67,2.54,2022-10-16,16:49:18,670.7499999999999
mediterranean,Mediterranean Flatbread,mediterranean,105.38,276.44,109.64,2022-10-16,16:49:18,3348.04
mediterranean,Mediterranean Salad,mediterranean,100.61,324.12,41.24,2022-10-16,16:49:18,3484.48
mediterranean,Mediterranean frittata,mediterranean,67.17,31.66,81.51,2022-10-16,16:49:18,879.6600000000001
mediterranean,Mediterranean Chicken,mediterranean,118.06,89.77,166.34,2022-10-16,16:49:18,1945.5300000000002
mediterranean,Mediterranean Chicken,mediterranean,450.05,38.55,632.42,2022-10-16,16:49:18,4676.83
mediterranean,Mediterranean Spread,mediterranean,32.18,21.15,113.26,2022-10-16,16:49:18,772.11
mediterranean,Mediterranean Quiche,french,86.6,146.39,142.78,2022-10-16,16:49:18,2235.0299999999997
mediterranean,Mediterranean Frittata,mediterranean,22.33,13.91,19.41,2022-10-16,16:49:18,292.15
mediterranean,Mediterranean Shrimp,mediterranean,83.34,33.39,29.8,2022-10-16,16:49:18,753.07
mediterranean,Mediterranean Halibut,mediterranean,4.78,16.13,54.57,2022-10-16,16:49:18,382.57
mediterranean,Mediterranean Omelet,mediterranean,60.23,23.96,68.92,2022-10-16,16:49:18,732.24
mediterranean,Garmugia (Spring Vegetable Soup),italian,106.28,201.71,155.3,2022-10-16,16:49:25,2861.71
mediterranean,Mediterranean Lamb,mediterranean,46.24,60.14,127.25,2022-10-16,16:49:25,1235.22
mediterranean,Mediterranean Pizza,italian,131.06,333.39,111.16,2022-10-16,16:49:25,3969.39
mediterranean,Mediterranean Eggs,mediterranean,66.32,80.08,77.63,2022-10-16,16:49:25,1296.52
mediterranean,Mediterranean Sandwich,mediterranean,81.46,159.34,72.98,2022-10-16,16:49:25,2051.8199999999997
mediterranean,Mediterranean Quesadilla,mexican,85.99,106.14,113.46,2022-10-16,16:49:25,1753.06
mediterranean,Mediterranean Chicken,mediterranean,263.29,58.47,292.73,2022-10-16,16:49:25,2750.3100000000004
mediterranean,Salmon Mediterranean,nordic,146.51,256.79,100.11,2022-10-16,16:49:25,3297.59
mediterranean,Mediterranean Vegetables,mediterranean,8.74,34.9,48.95,2022-10-16,16:49:25,544.8599999999999
mediterranean,Botanical Sandwich,american,39.09,100.57,13.04,2022-10-16,16:49:25,1113.6499999999999
mediterranean,Mediterranean Salad,mediterranean,38.46,117.26,32.69,2022-10-16,16:49:25,1339.94
mediterranean,Mediterranean Chicken,mediterranean,191.01,483.66,289.81,2022-10-16,16:49:25,6276.22
mediterranean,Mediterranean Bruschetta,italian,129.3,160.68,124.17,2022-10-16,16:49:25,2460.0
mediterranean,Mediterranean Muffins,mediterranean,72.87,259.08,135.85,2022-10-16,16:49:25,3166.6
mediterranean,Mediterranean Pasta,mediterranean,73.23,334.02,63.35,2022-10-16,16:49:25,3552.5
mediterranean,Mediterranean Chicken,mediterranean,230.45,36.8,261.35,2022-10-16,16:49:25,2298.4
mediterranean,Miss Kitty's Oven-Roasted Potatoes,mediterranean,10.79,86.97,28.13,2022-10-16,16:49:25,938.41
mediterranean,Mediterranean Eggs,mediterranean,23.12,7.63,21.32,2022-10-16,16:49:25,246.43
mediterranean,Mediterranean Burger,mediterranean,106.2,125.7,188.29,2022-10-16,16:49:25,2309.2599999999998
mediterranean,Mediterranean Omelet,mediterranean,107.91,139.13,133.72,2022-10-16,16:49:25,2218.69
mediterranean,Mediterranean Focaccia,italian,307.22,816.17,401.13,2022-10-16,16:49:32,10178.93
mediterranean,Mediterranean Spinach,mediterranean,26.51,34.25,14.15,2022-10-16,16:49:32,470.89000000000004
mediterranean,Mediterranean Pasta,mediterranean,86.09,151.77,141.22,2022-10-16,16:49:32,2275.17
mediterranean,Mediterranean Meatloaf,mediterranean,177.75,58.5,237.46,2022-10-16,16:49:32,2187.34
mediterranean,Mediterranean Pizzas,italian,86.73,313.4,95.07,2022-10-16,16:49:32,3547.8
mediterranean,Mediterranean Skillet,mediterranean,93.0,143.27,99.0,2022-10-16,16:49:32,2057.4300000000003
mediterranean,Mediterranean Dip,mediterranean,62.99,246.69,38.29,2022-10-16,16:49:32,2625.33
mediterranean,Mediterranean Nachos,mediterranean,22.75,62.92,44.78,2022-10-16,16:49:32,836.4
mediterranean,Mediterranean muffins,mediterranean,56.86,156.85,104.19,2022-10-16,16:49:32,2055.85
mediterranean,Mediterranean Pasta,mediterranean,151.81,210.45,101.45,2022-10-16,16:49:32,2907.09
mediterranean,Mediterranean Muffins,mediterranean,54.25,230.67,78.12,2022-10-16,16:49:32,2605.5099999999998
mediterranean,Mediterranean Shrimp,mediterranean,72.64,50.26,17.2,2022-10-16,16:49:32,811.6999999999999
mediterranean,Mediterranean Soup,mediterranean,11.5,52.16,31.03,2022-10-16,16:49:32,639.56
mediterranean,Mediterranean Couscous,mediterranean,41.83,162.21,28.8,2022-10-16,16:49:32,1742.41
mediterranean,Mediterranean Salsa,mediterranean,24.3,86.45,29.49,2022-10-16,16:49:32,993.2100000000002
mediterranean,Mediterranean Carp,mediterranean,171.12,57.68,106.51,2022-10-16,16:49:32,1629.6399999999999
mediterranean,Mediterranean Dip,mediterranean,69.3,87.61,153.15,2022-10-16,16:49:32,1678.29
mediterranean,Mediterranean Chicken,mediterranean,262.62,30.43,85.48,2022-10-16,16:49:32,1666.27
mediterranean,Mediterranean Lamb,mediterranean,398.81,81.23,296.25,2022-10-16,16:49:32,3511.31
mediterranean,Mediterranean Pasta,mediterranean,151.81,210.45,101.45,2022-10-16,16:49:39,2907.09
mediterranean,Mediterranean roast,mediterranean,105.42,96.43,48.64,2022-10-16,16:49:39,1484.1100000000001
mediterranean,Mediterranean Chicken,mediterranean,122.07,21.35,70.87,2022-10-16,16:49:39,963.91
mediterranean,Mediterranean Chicken,mediterranean,373.31,33.07,52.94,2022-10-16,16:49:39,2002.6299999999999
mediterranean,Mediterranean Spinach,mediterranean,26.51,34.25,14.15,2022-10-16,16:49:39,470.89000000000004
mediterranean,Mediterranean Pesto,mediterranean,36.6,30.78,238.38,2022-10-16,16:49:39,1376.94
mediterranean,Mediterranean Scampi,mediterranean,111.07,36.19,35.41,2022-10-16,16:49:39,911.63
mediterranean,Mediterranean Wrap,mediterranean,14.19,36.47,40.3,2022-10-16,16:49:39,546.19
mediterranean,Mediterranean Salad,mediterranean,130.66,278.76,198.9,2022-10-16,16:49:39,3827.08
mediterranean,Mediterranean Halibut,mediterranean,315.42,26.47,37.99,2022-10-16,16:49:39,1651.8700000000001
mediterranean,Italian French Bread Pizza,italian,85.6,204.82,132.69,2022-10-16,16:49:39,2716.54
mediterranean,Crock Pot Pull Apart Pizza Bread recipes,italian,177.78,408.92,203.05,2022-10-16,16:49:39,5203.6
mediterranean,5-Ingredient Lemon Yogurt Marinated Grilled Chicken Breasts,american,129.13,8.13,73.69,2022-10-16,16:49:39,884.4499999999999
mediterranean,Greek Potatoes with Lemons and Oregano Recipe,mediterranean,32.87,279.11,56.05,2022-10-16,16:49:39,2867.67
mediterranean,Mediterranean Couscous,mediterranean,58.03,270.82,27.04,2022-10-16,16:49:39,2777.66
mediterranean,Mediterranean Nachos,mediterranean,112.74,149.35,109.85,2022-10-16,16:49:39,2234.5099999999998
mediterranean,Mediterranean Vegetables,mediterranean,10.66,46.93,19.96,2022-10-16,16:49:39,544.85
mediterranean,Mediterranean Salad,mediterranean,13.18,30.07,12.17,2022-10-16,16:49:39,372.03000000000003
mediterranean,Mediterranean Nachos,mediterranean,108.18,116.48,78.68,2022-10-16,16:49:39,1795.76
mediterranean,Mediterranean Pizza,italian,628.29,3405.55,333.76,2022-10-16,16:49:45,34498.15
mediterranean,Baked tomato and olive risotto,italian,37.17,363.43,39.18,2022-10-16,16:49:45,3576.2699999999995
mediterranean,Penne Mediterranean,mediterranean,30.4,154.47,59.88,2022-10-16,16:49:45,1751.35
mediterranean,Mediterranean pasta,mediterranean,135.89,414.04,52.52,2022-10-16,16:49:45,4480.0
mediterranean,Mediterranean Nachos,mediterranean,22.94,63.2,43.04,2022-10-16,16:49:45,832.72
mediterranean,Mediterranean Pizza,italian,38.43,177.62,19.1,2022-10-16,16:49:45,1828.7
mediterranean,Mediterranean chicken,mediterranean,167.58,48.5,103.85,2022-10-16,16:49:45,1522.2200000000003
mediterranean,Mediterranean Wrap,mediterranean,15.61,49.44,14.73,2022-10-16,16:49:45,566.3199999999999
mediterranean,Mediterranean Quinoa,mediterranean,27.8,134.01,24.77,2022-10-16,16:49:45,1416.37
mediterranean,Mediterranean Orzo,mediterranean,53.13,124.98,40.1,2022-10-16,16:49:45,1497.74
mediterranean,Mediterranean Farfalle,mediterranean,192.03,286.46,352.75,2022-10-16,16:49:45,4757.26
mediterranean,Mediterranean Quesadillas,mexican,122.02,292.21,123.83,2022-10-16,16:49:45,3613.29
mediterranean,Mediterranean Couscous,mediterranean,31.25,137.82,25.67,2022-10-16,16:49:45,1468.06
mediterranean,Mediterranean Frittata,mediterranean,60.57,26.31,71.94,2022-10-16,16:49:45,766.8299999999999
mediterranean,Mediterranean Dip,mediterranean,60.4,88.3,63.35,2022-10-16,16:49:45,1289.7
mediterranean,Mediterranean Fish,mediterranean,146.76,49.0,47.11,2022-10-16,16:49:45,1216.48
mediterranean,Mediterranean fish,mediterranean,170.57,179.81,43.83,2022-10-16,16:49:45,2475.89
mediterranean,Mediterranean Salad,mediterranean,9.14,63.49,42.05,2022-10-16,16:49:45,776.1700000000001
mediterranean,Mediterranean Pizza,italian,129.12,353.11,119.32,2022-10-16,16:49:45,4171.75
mediterranean,Mediterranean Chicken,mediterranean,251.43,19.76,74.71,2022-10-16,16:49:45,1482.3999999999999
mediterranean,Mediterranean Chicken,mediterranean,350.83,55.57,398.14,2022-10-16,16:49:52,3496.0099999999998
mediterranean,Mediterranean Fish,mediterranean,146.76,49.0,47.11,2022-10-16,16:49:52,1216.48
mediterranean,Mediterranean Chicken,mediterranean,96.92,26.12,71.46,2022-10-16,16:49:52,908.5999999999999
mediterranean,Mediterranean Risotto,italian,26.76,141.68,55.75,2022-10-16,16:49:52,1605.16
mediterranean,Mediterranean fish,mediterranean,11.84,53.35,15.66,2022-10-16,16:49:52,590.15
mediterranean,Mediterranean Chicken,mediterranean,135.33,315.5,59.15,2022-10-16,16:49:52,3617.42
mediterranean,Mediterranean Salad,mediterranean,79.11,261.67,111.74,2022-10-16,16:49:52,3118.4300000000003
mediterranean,Mediterranean Salad,mediterranean,51.59,188.76,89.75,2022-10-16,16:49:52,2264.2
mediterranean,Mediterranean Frittata,mediterranean,95.4,32.96,137.63,2022-10-16,16:49:52,1228.76
mediterranean,Mediterranean Chicken,mediterranean,180.78,688.83,83.05,2022-10-16,16:49:52,7254.79
mediterranean,Mediterranean chicken,mediterranean,141.96,222.05,61.19,2022-10-16,16:49:52,2811.05
mediterranean,Mediterranean Salsa,mediterranean,11.56,29.91,43.57,2022-10-16,16:49:52,489.71000000000004
mediterranean,Mediterranean Scones,mediterranean,123.05,579.37,138.81,2022-10-16,16:49:52,6261.7699999999995
mediterranean,Mediterranean Rice,mediterranean,21.47,181.58,30.31,2022-10-16,16:49:52,1841.34
mediterranean,Mediterranean Salad:,mediterranean,6.45,18.39,18.8,2022-10-16,16:49:52,266.51
mediterranean,Mediterranean Bruschetta,mediterranean,71.5,244.12,92.82,2022-10-16,16:49:52,2854.3599999999997
mediterranean,Mediterranean Chicken,mediterranean,117.42,38.05,87.38,2022-10-16,16:49:52,1161.65
mediterranean,Mediterranean Nachos,mediterranean,137.88,343.99,191.5,2022-10-16,16:49:52,4413.43
mediterranean,Mediterranean Chicken,mediterranean,137.24,321.47,28.23,2022-10-16,16:49:52,3555.1100000000006
mediterranean,Mediterranean Chicken,mediterranean,344.68,336.25,91.18,2022-10-16,16:49:52,4769.6900000000005
mediterranean,Mediterranean Chicken,mediterranean,197.84,63.17,58.21,2022-10-16,16:49:59,1592.7299999999998
mediterranean,Mediterranean Grits,mediterranean,64.69,138.02,127.42,2022-10-16,16:49:59,2010.6200000000001
mediterranean,Mediterranean fettuccine,mediterranean,70.87,315.74,67.61,2022-10-16,16:49:59,3395.58
mediterranean,Flounder Mediterranean,mediterranean,71.77,29.34,52.22,2022-10-16,16:49:59,760.02
mediterranean,Mediterranean Pasta,mediterranean,42.14,198.46,26.02,2022-10-16,16:49:59,2058.78
mediterranean,Mediterranean Potatoes,mediterranean,50.06,240.54,66.9,2022-10-16,16:49:59,2632.7000000000003
mediterranean,Mediterranean Strata,mediterranean,440.81,1309.5,246.42,2022-10-16,16:49:59,14534.42
mediterranean,Mediterranean muffins,mediterranean,62.61,198.84,104.81,2022-10-16,16:49:59,2459.24
mediterranean,Mediterranean Chili,american,49.8,154.59,40.87,2022-10-16,16:49:59,1753.99
mediterranean,Mediterranean Panzanella,mediterranean,41.93,166.85,37.79,2022-10-16,16:49:59,1820.53
mediterranean,Mediterranean Chicken,mediterranean,169.65,125.36,85.39,2022-10-16,16:49:59,2148.4
mediterranean,Mediterranean Salmon,nordic,142.92,19.53,139.76,2022-10-16,16:49:59,1306.4899999999998
mediterranean,Mediterranean Burgers,mediterranean,215.8,222.47,259.02,2022-10-16,16:49:59,3901.51
mediterranean,Calamari Mediterranean,mediterranean,32.17,33.94,54.83,2022-10-16,16:49:59,653.46
mediterranean,Rigatoni Mediterranean,mediterranean,161.18,479.59,140.64,2022-10-16,16:49:59,5523.59
mediterranean,Mediterranean Scampi,mediterranean,111.07,36.19,35.41,2022-10-16,16:49:59,911.63
mediterranean,Mediterranean Morsels,mediterranean,44.28,204.34,48.32,2022-10-16,16:49:59,2209.46
mediterranean,Mediterranean Chicken,mediterranean,374.62,41.9,60.35,2022-10-16,16:49:59,2116.98
mediterranean,Mediterranean Wontados,mediterranean,340.89,1540.91,273.57,2022-10-16,16:49:59,16326.03
mediterranean,Mediterranean Pizza,italian,138.99,151.85,175.94,2022-10-16,16:50:05,2626.37
mediterranean,Mediterranean Couscous,mediterranean,25.63,145.44,9.52,2022-10-16,16:50:05,1449.56
mediterranean,Mediterranean Salad,mediterranean,12.42,67.18,418.9,2022-10-16,16:50:05,2329.9
mediterranean,Tapenade,mediterranean,8.07,22.65,29.26,2022-10-16,16:50:05,353.17
mediterranean,Mediterranean Salad,mediterranean,78.98,223.25,33.87,2022-10-16,16:50:05,2460.65
mediterranean,MEDITERRANEAN NOODLES,asian,145.88,322.04,150.4,2022-10-16,16:50:05,4083.48
mediterranean,Mediterranean Flatbread,mediterranean,91.64,294.27,161.8,2022-10-16,16:50:05,3662.1899999999996
mediterranean,Mediterranean Couscous,mediterranean,35.8,164.42,16.26,2022-10-16,16:50:05,1688.02
mediterranean,Shrimp Mediterranean,mediterranean,40.69,120.6,37.82,2022-10-16,16:50:05,1399.4399999999998
mediterranean,Mediterranean Burgers,mediterranean,27.77,112.44,21.51,2022-10-16,16:50:05,1209.08
mediterranean,Mediterranean Cod,mediterranean,64.47,68.21,52.51,2022-10-16,16:50:05,1081.81
mediterranean,Mediterranean Scallops,mediterranean,99.04,259.03,21.87,2022-10-16,16:50:05,2814.9099999999994
mediterranean,Mediterranean Penne,mediterranean,71.0,411.54,22.85,2022-10-16,16:50:05,4079.26
mediterranean,Mediterranean Swai,mediterranean,24.77,27.31,31.06,2022-10-16,16:50:05,469.11
mediterranean,Mediterranean Pie,mediterranean,281.54,435.21,505.95,2022-10-16,16:50:05,7066.85
mediterranean,Polenta Pizzas With Herbed Goat Cheese,italian,80.19,552.52,56.64,2022-10-16,16:50:05,5520.000000000001
mediterranean,Mediterranean Salad,mediterranean,105.56,143.68,113.1,2022-10-16,16:50:05,2167.76
mediterranean,Mediterranean pizza,italian,63.3,180.81,48.55,2022-10-16,16:50:05,2074.69
mediterranean,Mediterranean Pasta,mediterranean,73.68,386.23,93.56,2022-10-16,16:50:05,4145.03
mediterranean,Pollo Mediterranean,mediterranean,280.29,307.74,346.05,2022-10-16,16:50:05,5275.0199999999995
mediterranean,Mediterranean Chicken,mediterranean,122.99,62.6,85.09,2022-10-16,16:50:12,1395.7199999999998
mediterranean,Mediterranean Flounder,mediterranean,87.19,154.22,40.48,2022-10-16,16:50:12,1898.66
mediterranean,Mediterranean pizza,italian,125.62,181.54,182.68,2022-10-16,16:50:12,2867.0600000000004
mediterranean,Mediterranean Pizza,italian,140.17,273.14,161.53,2022-10-16,16:50:12,3665.0599999999995
mediterranean,Mediterranean Squash,mediterranean,29.91,125.14,19.34,2022-10-16,16:50:12,1323.26
mediterranean,Mediterranean Chicken,mediterranean,162.47,39.46,196.29,2022-10-16,16:50:12,1790.1799999999998
mediterranean,Mediterranean Torte,mediterranean,245.46,399.69,192.34,2022-10-16,16:50:12,5348.41
mediterranean,Mediterranean Chicken,mediterranean,108.94,183.42,32.29,2022-10-16,16:50:12,2215.7
mediterranean,Mediterranean Salad,mediterranean,57.87,207.63,63.58,2022-10-16,16:50:12,2354.4700000000003
mediterranean,Mediterranean Quinoa,mediterranean,37.29,142.11,55.95,2022-10-16,16:50:12,1651.9500000000003
mediterranean,Mediterranean Burgers,mediterranean,35.57,150.33,51.7,2022-10-16,16:50:12,1702.05
mediterranean,Mediterranean salad,mediterranean,145.46,121.62,92.06,2022-10-16,16:50:12,2044.66
mediterranean,Mediterranean Salad,mediterranean,15.91,41.88,129.32,2022-10-16,16:50:12,957.8399999999999
mediterranean,Mediterranean Salad,mediterranean,22.94,76.22,43.43,2022-10-16,16:50:12,951.46
mediterranean,Homemade Greek Salad Dressing,mediterranean,0.67,4.8,108.3,2022-10-16,16:50:12,479.08
mediterranean,Mediterranean Stew,mediterranean,267.95,94.63,56.41,2022-10-16,16:50:12,2149.1099999999997
mediterranean,Mediterranean Burgers,mediterranean,118.23,110.53,78.84,2022-10-16,16:50:12,1783.0500000000002
mediterranean,Mediterranean Meatballs,mediterranean,121.99,159.24,111.56,2022-10-16,16:50:12,2367.36
mediterranean,Pear and Apple Pork Chop Skillet,american,85.41,74.04,50.78,2022-10-16,16:50:12,1211.12
mediterranean,Mediterranean Chicken,mediterranean,269.54,74.79,244.14,2022-10-16,16:50:19,2727.83
mediterranean,Mediterranean Chicken,mediterranean,197.51,99.69,41.37,2022-10-16,16:50:19,1852.73
mediterranean,Mediterranean Chicken,mediterranean,259.28,93.06,71.54,2022-10-16,16:50:19,2160.8199999999997
mediterranean,Mediterranean asparagus,nordic,68.02,196.24,241.91,2022-10-16,16:50:19,3005.88
mediterranean,"Provence on a Plate - Roasted Eggplant, Tomato and Tapenade Pizza with Goat Cheese",italian,50.08,160.41,50.8,2022-10-16,16:50:19,1847.21
mediterranean,Mediterranean Frittata,mediterranean,43.94,30.83,33.21,2022-10-16,16:50:19,586.0699999999999
mediterranean,Mediterranean risoni,mediterranean,57.02,141.24,87.62,2022-10-16,16:50:19,1849.72
mediterranean,Mediterranean meatloaf,mediterranean,98.79,114.26,56.14,2022-10-16,16:50:19,1648.0600000000002
mediterranean,Mediterranean Flatbread,mediterranean,59.97,175.09,58.73,2022-10-16,16:50:19,2050.61
mediterranean,Mediterranean Salad,mediterranean,23.05,95.51,140.45,2022-10-16,16:50:19,1513.5900000000001
mediterranean,Mediterranean Lasagna,italian,311.35,225.58,425.7,2022-10-16,16:50:19,4978.42
mediterranean,Mediterranean Chicken,mediterranean,527.57,132.31,314.72,2022-10-16,16:50:19,4559.950000000001
mediterranean,Mediterranean Rice,mediterranean,60.32,413.17,46.16,2022-10-16,16:50:19,4144.450000000001
mediterranean,Mediterranean Chicken,mediterranean,165.23,29.57,47.17,2022-10-16,16:50:19,1115.73
mediterranean,Seafood in garlic butter,french,338.21,345.34,77.24,2022-10-16,16:50:19,4769.86
mediterranean,Grilled Vegetables,american,45.74,95.12,113.15,2022-10-16,16:50:19,1491.6399999999999
mediterranean,STEAK AND PESTO SPAGHETTI,italian,172.43,252.29,163.0,2022-10-16,16:50:19,3612.33
mediterranean,Mediterranean Ravioli,italian,111.85,173.92,211.19,2022-10-16,16:50:19,2857.4399999999996
mediterranean,Mediterranean Wraps,mediterranean,125.98,162.34,82.14,2022-10-16,16:50:19,2293.54
mediterranean,Mediterranean Quiche,french,78.78,210.05,240.84,2022-10-16,16:50:25,3168.9300000000003
mediterranean,Mediterranean Pizza,italian,153.2,363.39,176.94,2022-10-16,16:50:25,4591.07
mediterranean,Mediterranean Orzo,mediterranean,44.39,80.7,67.79,2022-10-16,16:50:25,1175.0200000000002
mediterranean,Mediterranean Salad,mediterranean,175.76,66.7,182.1,2022-10-16,16:50:25,2031.7400000000002
mediterranean,Mediterranean Muffuletta,italian,191.86,244.34,210.3,2022-10-16,16:50:25,3807.7
mediterranean,Mediterranean Calzone,mediterranean,109.85,244.76,73.04,2022-10-16,16:50:25,2934.4
mediterranean,Mediterranean Burgers,mediterranean,163.65,153.36,267.38,2022-10-16,16:50:25,3104.36
mediterranean,Mediterranean tarts,mediterranean,74.0,340.61,209.49,2022-10-16,16:50:25,4199.450000000001
mediterranean,Mediterranean soup,american,14.05,77.71,3.07,2022-10-16,16:50:25,767.87
mediterranean,Mediterranean Pasta,mediterranean,49.02,174.17,77.15,2022-10-16,16:50:25,2072.21
mediterranean,"Riso, cozze e patate Recipe",french,163.16,519.7,81.16,2022-10-16,16:50:25,5654.580000000001
mediterranean,Mediterranean Scampi,mediterranean,140.82,94.66,111.77,2022-10-16,16:50:25,1862.2999999999997
mediterranean,Mediterranean Pasta,mediterranean,51.1,214.62,79.52,2022-10-16,16:50:25,2454.06
mediterranean,Tunisian Potato & Olive Salad,mediterranean,11.0,91.99,47.62,2022-10-16,16:50:25,1062.3899999999999
mediterranean,Greek Turkey Burgers,american,124.68,105.99,56.89,2022-10-16,16:50:25,1680.19
mediterranean,Vanilla Shrimp Crostini,italian,111.52,164.39,76.33,2022-10-16,16:50:25,2230.91
mediterranean,Feta-Olive Bison Sliders recipes,mediterranean,214.21,14.59,62.09,2022-10-16,16:50:25,1236.5100000000002
mediterranean,the mediterranean [sandwich],mediterranean,53.13,158.56,71.36,2022-10-16,16:50:25,1925.0
mediterranean,Melanzane ripiene,italian,62.99,145.51,116.56,2022-10-16,16:50:32,2027.79
mediterranean,Mackerel Stuffed with Lime and Herbs,american,305.28,32.01,297.48,2022-10-16,16:50:32,2699.13
mediterranean,Salad Lyonnaise,french,80.41,248.81,39.6,2022-10-16,16:50:32,2719.33
mediterranean,Greek Salad Dressing,mediterranean,20.54,17.46,133.1,2022-10-16,16:50:32,771.7
mediterranean,Tomato Pickle Mix recipes,american,5.61,25.78,28.7,2022-10-16,16:50:32,369.26
mediterranean,Creamy Mediterranean Bites,mediterranean,64.35,42.01,164.34,2022-10-16,16:50:32,1292.85
mediterranean,Italian Hoagie Sandwich recipes,italian,69.48,26.37,114.28,2022-10-16,16:50:32,972.37
mediterranean,Pasta with Olives and Tomatoes,italian,48.11,194.24,58.47,2022-10-16,16:50:32,2174.48
mediterranean,Mediterranean lemon rub,mediterranean,6.47,40.12,2.25,2022-10-16,16:50:32,395.96
mediterranean,Mediterranean Pork Kabobs,mediterranean,102.72,23.97,53.77,2022-10-16,16:50:32,841.69
mediterranean,Mediterranean Veggie Sandwich,mediterranean,15.45,45.81,9.41,2022-10-16,16:50:32,511.73
mediterranean,Mediterranean lamb salad,mediterranean,171.67,35.61,247.09,2022-10-16,16:50:32,1995.53
mediterranean,"Roasted Acorn Squash Stuffed with Fennel Sausage, Farro, Goat Cheese & Spinach recipes",italian,64.53,133.6,130.47,2022-10-16,16:50:32,1982.4
mediterranean,Mediterranean Stuffed Chicken,mediterranean,260.18,12.51,101.24,2022-10-16,16:50:32,1558.27
mediterranean,Mediterranean Chicken & Pasta,mediterranean,302.2,189.34,77.69,2022-10-16,16:50:32,3223.62
mediterranean,Mediterranean Zucchini Boats,mediterranean,46.87,48.09,40.92,2022-10-16,16:50:32,783.97
mediterranean,Squid ink fettuccine with crab and chilli,italian,57.6,308.47,47.09,2022-10-16,16:50:32,3194.9900000000007
mediterranean,Mediterranean Red Snapper,mediterranean,188.31,13.38,53.22,2022-10-16,16:50:32,1086.54
mediterranean,Brandade De Morue,south american,289.65,9.87,241.83,2022-10-16,16:50:32,2214.75
mediterranean,Mediterranean Crescent Pinwheels,mediterranean,104.44,124.69,71.82,2022-10-16,16:50:39,1827.25
mediterranean,Oven Roasted Lechon Asado,american,237.99,38.81,245.99,2022-10-16,16:50:39,2285.21
mediterranean,Mediterranean chopped salad,mediterranean,20.38,50.79,33.34,2022-10-16,16:50:39,671.99
mediterranean,Mediterranean potato salad,mediterranean,44.04,201.55,184.53,2022-10-16,16:50:39,2728.23
mediterranean,Mediterranean BBQ Chicken,mediterranean,148.98,296.25,65.78,2022-10-16,16:50:39,3525.29
mediterranean,Mediterranean Marinated Cucumbers,mediterranean,3.2,24.32,0.83,2022-10-16,16:50:39,235.0
mediterranean,Mediterranean lamb sub,mediterranean,291.27,183.3,367.56,2022-10-16,16:50:39,4285.0199999999995
mediterranean,Mediterranean Tomato Salad,mediterranean,13.35,13.37,16.76,2022-10-16,16:50:39,240.76999999999998
mediterranean,Mediterranean Pita Pizza,italian,107.03,106.72,136.32,2022-10-16,16:50:39,1933.8799999999999
mediterranean,Mediterranean Style Eggplant,mediterranean,11.44,66.82,42.37,2022-10-16,16:50:39,816.6199999999999
mediterranean,Mediterranean Ratatouille Chicken,french,166.18,378.9,57.98,2022-10-16,16:50:39,4306.74
mediterranean,Mediterranean Chopped Salad,mediterranean,107.24,295.63,94.26,2022-10-16,16:50:39,3466.67
mediterranean,Mediterranean Style Quesadilla,mexican,1.8,6.98,0.31,2022-10-16,16:50:39,71.26
mediterranean,Mediterranean Pasta Salad,mediterranean,17.35,106.17,27.99,2022-10-16,16:50:39,1136.89
mediterranean,Mediterranean Starter Sticks,mediterranean,57.92,47.91,76.64,2022-10-16,16:50:39,969.4299999999998
mediterranean,Mediterranean Breakfast Sandwich,mediterranean,48.66,136.81,41.74,2022-10-16,16:50:39,1592.8899999999999
mediterranean,Mediterranean Quinoa Salad,mediterranean,30.65,62.27,59.26,2022-10-16,16:50:39,920.07
mediterranean,Mediterranean Orzo Salad,mediterranean,52.21,193.39,79.48,2022-10-16,16:50:39,2267.2699999999995
mediterranean,Mediterranean Kale recipes,mediterranean,9.37,22.46,15.46,2022-10-16,16:50:39,301.46000000000004
mediterranean,Mediterranean Pasta Salad,mediterranean,42.77,197.96,47.92,2022-10-16,16:50:39,2144.4
mediterranean,Quick Mediterranean Vegetables,mediterranean,7.29,49.74,15.09,2022-10-16,16:50:46,537.1800000000001
mediterranean,Mediterranean Salad Recipe,mediterranean,5.6,27.96,14.45,2022-10-16,16:50:46,331.84000000000003
mediterranean,Mediterranean antipasto tart,mediterranean,14.2,47.61,65.84,2022-10-16,16:50:46,748.6500000000001
mediterranean,Mediterranean roast vegetables,mediterranean,47.73,339.45,30.88,2022-10-16,16:50:46,3369.49
mediterranean,Mediterranean Stuffed Peppers,mediterranean,37.51,49.78,58.73,2022-10-16,16:50:46,832.9799999999999
mediterranean,Mediterranean baked sausages,mediterranean,135.03,56.64,207.86,2022-10-16,16:50:46,1881.3200000000002
mediterranean,homemade Greek seasoning mix,mediterranean,4.4,20.74,1.09,2022-10-16,16:50:46,208.62
mediterranean,Mediterranean Lemon Chicken,mediterranean,339.33,13.64,343.03,2022-10-16,16:50:46,2852.2
mediterranean,Mediterranean Kale Salad,mediterranean,165.98,434.59,177.45,2022-10-16,16:50:46,5285.03
mediterranean,Mediterranean Spice Mix,mediterranean,4.33,23.41,6.15,2022-10-16,16:50:46,252.60999999999999
mediterranean,Mediterranean Chickpea Salad,mediterranean,43.04,110.04,52.15,2022-10-16,16:50:46,1371.12
mediterranean,Mediterranean Jewel Cocktail,world,0.17,32.52,0.22,2022-10-16,16:50:46,294.24
mediterranean,Mediterranean chicken bake,mediterranean,297.99,77.43,255.25,2022-10-16,16:50:46,2909.83
mediterranean,Chicken Yakitori,japanese,425.71,41.07,356.44,2022-10-16,16:50:46,3498.2299999999996
mediterranean,Mediterranean Chicken Pitas,mediterranean,62.93,77.31,49.84,2022-10-16,16:50:46,1146.87
mediterranean,Mediterranean Greek Salad,mediterranean,4.06,24.72,0.89,2022-10-16,16:50:46,242.28
mediterranean,Mediterranean Stuffed Chicken,mediterranean,259.78,10.05,101.12,2022-10-16,16:50:46,1534.05
mediterranean,Quick Mediterranean Pasta,mediterranean,33.43,189.81,18.43,2022-10-16,16:50:52,1915.73
mediterranean,Mediterranean Lamb Chops,mediterranean,152.21,24.81,282.77,2022-10-16,16:50:52,1963.21
mediterranean,Mediterranean Pork Chops,mediterranean,93.4,8.0,167.2,2022-10-16,16:50:52,1114.4
mediterranean,Mediterranean Carrot Dip,mediterranean,4.95,70.02,41.6,2022-10-16,16:50:52,816.3799999999999
mediterranean,Mediterranean Grilled Vegetables,mediterranean,12.12,52.16,64.52,2022-10-16,16:50:52,776.0
mediterranean,Mediterranean Flatbread recipes,mediterranean,48.42,166.33,39.19,2022-10-16,16:50:52,1847.41
mediterranean,Mediterranean Chicken Orzo,mediterranean,270.66,361.56,73.83,2022-10-16,16:50:52,4632.0
mediterranean,Ricotta Mediterranean Pita,mediterranean,10.04,17.74,22.29,2022-10-16,16:50:52,288.98
mediterranean,Mediterranean Turkey Bagelwiches,american,109.0,249.03,32.58,2022-10-16,16:50:52,2807.59
mediterranean,Mediterranean Orzo Salad,mediterranean,34.64,140.78,46.0,2022-10-16,16:50:52,1589.58
mediterranean,Mediterranean Tuna Salad,mediterranean,20.66,6.6,16.35,2022-10-16,16:50:52,207.44
mediterranean,Mediterranean London Broil,mediterranean,103.07,8.12,40.11,2022-10-16,16:50:52,645.8
mediterranean,Mediterranean Summer Tomatoes,mediterranean,45.36,240.07,116.79,2022-10-16,16:50:52,2809.23
mediterranean,Mediterranean Balsamic Mushrooms,mediterranean,14.45,24.17,55.61,2022-10-16,16:50:52,497.77000000000004
mediterranean,Chicken ala Mediterranean,mediterranean,87.67,51.19,65.71,2022-10-16,16:50:52,1074.23
mediterranean,Mediterranean Chicken Bake,mediterranean,221.49,36.3,110.78,2022-10-16,16:50:52,1655.7800000000002
mediterranean,Mediterranean Quinoa Salad,mediterranean,30.65,62.27,59.26,2022-10-16,16:50:52,920.07
mediterranean,Mediterranean sausage bake,mediterranean,110.91,41.82,171.06,2022-10-16,16:50:52,1504.26
mediterranean,Mediterranean Polenta Rounds,italian,45.14,415.71,64.81,2022-10-16,16:50:59,4181.19
mediterranean,Mediterranean Sandwich Recipe,mediterranean,24.15,41.64,25.66,2022-10-16,16:50:59,574.0
mediterranean,Mediterranean Turkey Bagelwiches,american,109.0,249.03,32.58,2022-10-16,16:50:59,2807.59
mediterranean,Mediterranean Sandwich Recipe - How To Make Mediterranean Sandwich - How To Prepare Mediterranean Sandwich Recipe,mediterranean,51.62,218.53,109.59,2022-10-16,16:50:59,2611.61
mediterranean,Warm Mediterranean salad,mediterranean,55.8,277.97,91.88,2022-10-16,16:50:59,3092.4500000000003
mediterranean,Mediterranean bread bake,mediterranean,133.83,188.22,156.16,2022-10-16,16:50:59,2853.94
mediterranean,Mediterranean Baked Spinach,mediterranean,68.38,37.24,94.82,2022-10-16,16:50:59,987.96
mediterranean,Mediterranean Crushed Potatoes,mediterranean,11.4,92.65,24.94,2022-10-16,16:50:59,979.21
mediterranean,Bouillabaisse with Rouille,american,240.19,255.96,259.63,2022-10-16,16:50:59,4302.92
mediterranean,Mediterranean chicken rolls,mediterranean,111.25,26.36,62.11,2022-10-16,16:50:59,930.6800000000001
mediterranean,Mediterranean Tuna Bruschetta,mediterranean,81.41,244.7,202.18,2022-10-16,16:50:59,3336.66
mediterranean,Mediterranean Pinwheel Appetizers,mediterranean,44.21,133.17,51.31,2022-10-16,16:50:59,1580.61
mediterranean,Mediterranean Pesto Pizza,italian,77.34,272.43,86.57,2022-10-16,16:50:59,3107.51
mediterranean,Mediterranean Ravioletti Salad,mediterranean,159.23,36.33,322.68,2022-10-16,16:50:59,2254.6099999999997
mediterranean,Whole30 Mediterranean Chicken,mediterranean,105.78,27.81,60.87,2022-10-16,16:50:59,916.89
mediterranean,Mediterranean Naan Pizza,italian,99.1,104.32,144.97,2022-10-16,16:50:59,1915.1599999999999
mediterranean,Mediterranean Hummus Pizza,italian,89.62,205.69,114.48,2022-10-16,16:50:59,2667.61
mediterranean,Mediterranean Stuffed Swordfish,mediterranean,46.55,4.22,33.37,2022-10-16,16:50:59,357.65999999999997
mediterranean,Mediterranean Buttermilk Chicken,mediterranean,120.69,31.78,18.44,2022-10-16,16:50:59,842.54
mediterranean,Marinated Mediterranean Steaks,mediterranean,471.11,39.21,195.93,2022-10-16,16:50:59,3021.05
mediterranean,Mediterranean Halibut Bake,mediterranean,322.35,102.48,25.62,2022-10-16,16:51:05,2314.2000000000003
mediterranean,Mediterranean Style Cod,mediterranean,175.38,47.96,36.52,2022-10-16,16:51:05,1279.2399999999998
mediterranean,Mediterranean Roast Lamb,mediterranean,295.85,11.02,262.57,2022-10-16,16:51:05,2332.86
mediterranean,Mediterranean Bento Box,mediterranean,71.14,325.72,101.73,2022-10-16,16:51:05,3622.9600000000005
mediterranean,Gyro Burgers with Tzatziki recipes,mediterranean,137.89,60.12,161.56,2022-10-16,16:51:05,1738.8799999999999
mediterranean,Mediterranean Tuna Wrap,mediterranean,99.73,34.25,25.48,2022-10-16,16:51:05,809.09
mediterranean,Mediterranean Chicken Recipe,mediterranean,116.22,29.22,110.62,2022-10-16,16:51:05,1170.3400000000001
mediterranean,Mediterranean Deviled Eggs,mediterranean,32.72,4.22,71.58,2022-10-16,16:51:05,455.17999999999995
mediterranean,MEDITERRANEAN BARLEY SALAD,mediterranean,7.58,44.38,17.9,2022-10-16,16:51:05,501.34000000000003
mediterranean,Mediterranean Red Snapper,mediterranean,47.97,20.25,3.55,2022-10-16,16:51:05,388.33
mediterranean,Mediterranean Deviled Eggs,mediterranean,30.93,5.0,85.77,2022-10-16,16:51:05,511.79999999999995
mediterranean,Mediterranean Tuna Capellini,mediterranean,145.5,406.38,92.94,2022-10-16,16:51:05,4611.18
mediterranean,Lorraine's Grilled Pork Chops,french,184.63,23.21,102.71,2022-10-16,16:51:05,1358.25
mediterranean,Mediterranean Vegetable Soup,mediterranean,64.16,191.01,30.18,2022-10-16,16:51:05,2096.45
mediterranean,Mediterranean Broccoli Salad,mediterranean,68.9,159.98,78.87,2022-10-16,16:51:05,2030.9
mediterranean,Mediterranean Tuna Salad,mediterranean,2.75,7.13,46.49,2022-10-16,16:51:05,261.13
mediterranean,PHILLY Mediterranean Dip,american,21.86,15.11,67.9,2022-10-16,16:51:05,495.03000000000003
mediterranean,Mediterranean Lentil Patties,mediterranean,257.34,920.2,366.13,2022-10-16,16:51:05,10775.680000000002
mediterranean,Mediterranean Deviled Eggs,mediterranean,38.09,3.39,73.23,2022-10-16,16:51:05,475.79
mediterranean,Skillet Mediterranean Chicken,mediterranean,131.41,18.79,50.07,2022-10-16,16:51:05,895.03
mediterranean,Mediterranean Tuna Salad,mediterranean,20.63,6.47,15.85,2022-10-16,16:51:12,204.15
mediterranean,Mediterranean Casserole Recipe,mediterranean,135.97,100.77,99.0,2022-10-16,16:51:12,1846.81
mediterranean,Turkey & Mediterranean Melt,american,110.27,93.77,72.73,2022-10-16,16:51:12,1575.93
mediterranean,Nutty Mediterranean Buns,american,78.87,485.67,98.6,2022-10-16,16:51:12,5080.91
mediterranean,Mediterranean Tuna Steaks,mediterranean,229.34,58.14,94.59,2022-10-16,16:51:12,1818.98
mediterranean,Mediterranean Style Corn,mediterranean,19.37,110.72,34.91,2022-10-16,16:51:12,1213.6
mediterranean,Mediterranean Chicken Wrap,mediterranean,41.38,55.18,45.58,2022-10-16,16:51:12,844.46
mediterranean,Mediterranean Chicken Salad,mediterranean,153.09,34.81,65.95,2022-10-16,16:51:12,1189.45
mediterranean,Mediterranean Stuffed Swordfish,mediterranean,57.45,5.76,43.23,2022-10-16,16:51:12,454.55999999999995
mediterranean,Mediterranean Chicken Meatballs,mediterranean,101.91,38.31,54.92,2022-10-16,16:51:12,972.1100000000001
mediterranean,Quick Mediterranean bolognaise,mediterranean,178.37,460.01,88.99,2022-10-16,16:51:12,5209.53
mediterranean,Mediterranean Tuna Salad,mediterranean,1.91,3.77,28.61,2022-10-16,16:51:12,156.01
mediterranean,Frozen Mediterranean Delite,mediterranean,63.72,323.17,55.77,2022-10-16,16:51:12,3386.4900000000002
mediterranean,Mediterranean Lemon Chicken,mediterranean,101.1,9.13,94.61,2022-10-16,16:51:12,865.01
mediterranean,Mediterranean Pasta Salad,mediterranean,55.29,118.22,24.0,2022-10-16,16:51:12,1381.14
mediterranean,Mediterranean Guacamole recipes,mediterranean,15.88,54.24,84.01,2022-10-16,16:51:12,887.72
mediterranean,Mediterranean prawn salad,mediterranean,214.64,56.48,125.46,2022-10-16,16:51:12,1868.7199999999998
mediterranean,Mediterranean Harvest Pasta,mediterranean,75.73,402.65,44.31,2022-10-16,16:51:12,4104.01
mediterranean,Mediterranean Pasta Salad,mediterranean,0.69,3.69,34.64,2022-10-16,16:51:12,174.53
mediterranean,Mediterranean Cod recipes,mediterranean,167.58,14.49,37.43,2022-10-16,16:51:12,950.45
mediterranean,Mediterranean Farro Dish,mediterranean,38.86,188.14,60.51,2022-10-16,16:51:19,2090.74
mediterranean,Lemony Sprouts and Shoots,mediterranean,17.4,46.08,10.77,2022-10-16,16:51:19,527.4
mediterranean,Mediterranean scrambled eggs,mediterranean,25.77,22.91,33.02,2022-10-16,16:51:19,441.35
mediterranean,Mediterranean Spice Rub,mediterranean,4.05,28.59,6.07,2022-10-16,16:51:19,297.78999999999996
mediterranean,Mediterranean Potato Salad,mediterranean,36.46,179.52,96.0,2022-10-16,16:51:19,2145.52
mediterranean,Mediterranean Pork Chops,mediterranean,175.44,56.6,109.14,2022-10-16,16:51:19,1647.72
mediterranean,Mediterranean Chickpea Stew,mediterranean,9.92,58.09,56.15,2022-10-16,16:51:19,787.09
mediterranean,Mediterranean Mini Meatloaves,mediterranean,168.62,376.92,54.76,2022-10-16,16:51:19,4285.8
mediterranean,Mediterranean Carrot Salad,mediterranean,2.59,25.3,27.67,2022-10-16,16:51:19,348.74
mediterranean,Mediterranean Vegetable Skewers,mediterranean,22.18,53.17,58.03,2022-10-16,16:51:19,799.37
mediterranean,Mediterranean Meatless Pizza,italian,27.54,177.77,57.07,2022-10-16,16:51:19,1938.3700000000001
mediterranean,Mediterranean-style Focaccia,mediterranean,83.29,338.17,95.9,2022-10-16,16:51:19,3760.29
mediterranean,Mediterranean Roast Vegetables,mediterranean,54.35,453.4,85.29,2022-10-16,16:51:19,4639.16
mediterranean,Mediterranean Pasta Salad,mediterranean,20.38,89.0,26.82,2022-10-16,16:51:19,989.8
mediterranean,Mediterranean Kale Salad,mediterranean,13.53,14.72,47.75,2022-10-16,16:51:19,377.6
mediterranean,Mediterranean Remix Pasta,mediterranean,72.81,370.69,29.16,2022-10-16,16:51:19,3744.0899999999997
mediterranean,Mediterranean Dip Recipe,mediterranean,32.91,98.66,73.52,2022-10-16,16:51:19,1313.6599999999999
mediterranean,Mediterranean Stuffed Zucchini,mediterranean,169.85,155.51,245.76,2022-10-16,16:51:19,3062.0299999999997
mediterranean,Mediterranean Chicken Patties,mediterranean,121.53,59.26,57.06,2022-10-16,16:51:26,1247.7
mediterranean,Mediterranean Chicken Tostadas,south american,42.61,82.49,48.25,2022-10-16,16:51:26,1105.85
mediterranean,Mediterranean Chicken Salad,mediterranean,182.08,138.15,111.86,2022-10-16,16:51:26,2419.11
mediterranean,Mediterranean Herb Oil,mediterranean,4.5,23.45,865.66,2022-10-16,16:51:26,3691.69
mediterranean,Mediterranean Pizza Pocket,italian,69.57,257.77,77.07,2022-10-16,16:51:26,2906.49
mediterranean,Mediterranean pasta salad,mediterranean,143.32,280.48,98.52,2022-10-16,16:51:26,3491.6800000000003
mediterranean,Mediterranean Kale Salad,mediterranean,36.2,12.31,13.9,2022-10-16,16:51:26,311.19000000000005
mediterranean,Mediterranean Quick Bread,mediterranean,55.92,241.32,112.54,2022-10-16,16:51:26,2845.72
mediterranean,mediterranean couscous salad,mediterranean,92.89,275.53,85.94,2022-10-16,16:51:26,3195.0899999999992
mediterranean,Creamy Mediterranean Spread,mediterranean,36.57,45.6,111.89,2022-10-16,16:51:26,1004.24
mediterranean,Mediterranean Green Beans,mediterranean,9.06,37.93,12.41,2022-10-16,16:51:26,427.25
mediterranean,Mediterranean Deviled Eggs,mediterranean,51.04,6.25,73.12,2022-10-16,16:51:26,552.89
mediterranean,Hot Mediterranean Dip,mediterranean,41.67,93.7,180.27,2022-10-16,16:51:26,1731.06
mediterranean,Mediterranean Quinoa Bowl,mediterranean,161.01,274.42,112.24,2022-10-16,16:51:26,3562.78
mediterranean,Mediterranean Chicken Thighs:,mediterranean,191.18,10.24,100.86,2022-10-16,16:51:26,1260.32
mediterranean,Mediterranean Couscous recipes,mediterranean,41.65,155.0,45.03,2022-10-16,16:51:26,1741.7199999999998
mediterranean,Mediterranean Stuffed Chicken,mediterranean,232.85,12.17,109.03,2022-10-16,16:51:26,1477.0500000000002
mediterranean,Mediterranean Baked Halibut,mediterranean,86.03,7.97,41.09,2022-10-16,16:51:26,580.21
mediterranean,Mediterranean Chopped Salad,mediterranean,4.17,19.13,31.41,2022-10-16,16:51:26,314.49
mediterranean,Feta Mediterranean Hummus,mediterranean,53.64,116.58,86.54,2022-10-16,16:51:32,1609.94
mediterranean,Mediterranean toasted roll,mediterranean,112.64,170.45,120.89,2022-10-16,16:51:32,2468.17
mediterranean,Mediterranean chicken bake,mediterranean,229.82,173.49,126.51,2022-10-16,16:51:32,2986.73
mediterranean,Mediterranean Style Corn,mediterranean,19.37,110.72,34.91,2022-10-16,16:51:32,1213.6
mediterranean,Mediterranean Cucumber Salad,mediterranean,4.65,26.18,65.66,2022-10-16,16:51:32,516.86
mediterranean,Mediterranean Watermelon Salad,mediterranean,13.65,53.95,52.21,2022-10-16,16:51:32,748.99
mediterranean,Mediterranean Quinoa Salad,mediterranean,131.97,287.93,137.53,2022-10-16,16:51:32,3669.37
mediterranean,Mediterranean Chicken Focaccia,mediterranean,127.55,186.18,174.71,2022-10-16,16:51:32,2884.6600000000003
mediterranean,Mediterranean Stir Fry,mediterranean,27.82,123.41,29.41,2022-10-16,16:51:32,1339.6100000000001
mediterranean,Mediterranean Pasta Salad,mediterranean,43.17,200.43,47.99,2022-10-16,16:51:32,2168.51
mediterranean,Mediterranean Farro Salad,mediterranean,141.06,489.45,157.84,2022-10-16,16:51:32,5600.65
mediterranean,Mediterranean Stuffed Eggplant,mediterranean,52.9,241.17,48.61,2022-10-16,16:51:32,2576.5699999999997
mediterranean,Mediterranean Baked Peppers,mediterranean,12.17,32.61,20.58,2022-10-16,16:51:32,424.49
mediterranean,Mediterranean Eggplant Dip,mediterranean,12.78,82.05,56.22,2022-10-16,16:51:32,1014.4499999999999
mediterranean,Mediterranean Potato Salad,mediterranean,68.3,273.88,116.05,2022-10-16,16:51:32,3202.3199999999997
mediterranean,Mediterranean Bread Salad,mediterranean,35.72,179.17,101.63,2022-10-16,16:51:32,2161.93
mediterranean,Mediterranean Greek Salad,mediterranean,45.45,82.17,69.35,2022-10-16,16:51:32,1198.73
mediterranean,Mediterranean layered meatloaf,mediterranean,220.05,183.93,310.21,2022-10-16,16:51:32,3776.41
mediterranean,Mediterranean Couscous Fritters,south east asian,54.53,142.01,103.18,2022-10-16,16:51:32,1908.93
mediterranean,Mediterranean Couscous Salad,mediterranean,68.13,254.19,129.64,2022-10-16,16:51:39,3078.79
mediterranean,Mediterranean bruschetta (dip),mediterranean,27.21,97.8,57.11,2022-10-16,16:51:39,1217.48
mediterranean,Mediterranean chicken bake,mediterranean,171.72,219.81,97.27,2022-10-16,16:51:39,3054.25
mediterranean,Mediterranean Zucchini Salad,mediterranean,24.04,47.78,21.2,2022-10-16,16:51:39,610.9799999999999
mediterranean,Mediterranean Rice Bowl,mediterranean,45.76,236.0,82.43,2022-10-16,16:51:39,2636.76
mediterranean,Mediterranean Chicken Salad,mediterranean,272.1,60.5,320.08,2022-10-16,16:51:39,2913.2200000000003
mediterranean,Lemon Turkey Rice Soup recipes,american,144.51,400.54,85.45,2022-10-16,16:51:39,4524.7
mediterranean,Mediterranean Marinated Cheese,mediterranean,16.14,28.33,141.54,2022-10-16,16:51:39,885.6899999999999
mediterranean,Mediterranean Marinated Cheese,mediterranean,15.81,25.62,141.62,2022-10-16,16:51:39,860.3
mediterranean,Mediterranean Layered Dip,mediterranean,31.71,94.69,73.45,2022-10-16,16:51:39,1272.8500000000001
mediterranean,Mediterranean Braised Cucumbers,mediterranean,23.12,44.4,65.52,2022-10-16,16:51:39,754.16
mediterranean,Layered Mediterranean Pie,mediterranean,134.27,280.41,221.68,2022-10-16,16:51:39,3947.49
mediterranean,Mediterranean Tapas Potatoes,mediterranean,11.57,85.65,60.96,2022-10-16,16:51:39,1060.97
mediterranean,Mediterranean Egg Muffins,mediterranean,69.61,78.68,42.98,2022-10-16,16:51:39,1158.4800000000002
mediterranean,Stuffed Mediterranean Meatballs,mediterranean,136.78,107.33,143.7,2022-10-16,16:51:39,2087.8900000000003
mediterranean,Mediterranean Turkey Bake,american,73.2,47.64,37.72,2022-10-16,16:51:39,872.4399999999999
mediterranean,NUTRITION – Mediterranean Hummus,mediterranean,98.78,301.25,97.85,2022-10-16,16:51:39,3497.77
mediterranean,Mediterranean Bean Salad,mediterranean,39.77,129.64,29.29,2022-10-16,16:51:39,1442.9999999999998
mediterranean,Stuffed Mediterranean beef,world,43.66,211.49,56.75,2022-10-16,16:51:39,2305.05
mediterranean,Mediterranean Quinoa Salad,mediterranean,54.17,137.29,45.75,2022-10-16,16:51:39,1635.29
mediterranean,Mediterranean Bean Dip,mediterranean,30.22,84.53,55.66,2022-10-16,16:51:46,1104.29
mediterranean,Mediterranean toasted roll,mediterranean,17.98,10.07,22.23,2022-10-16,16:51:46,251.47000000000003
mediterranean,Mediterranean Caesar Salad,mediterranean,44.68,194.48,112.39,2022-10-16,16:51:46,2378.6
mediterranean,Mediterranean Watermelon Salad,mediterranean,13.74,50.03,25.29,2022-10-16,16:51:46,606.39
mediterranean,Mediterranean roast vegetables,mediterranean,42.58,139.2,66.84,2022-10-16,16:51:46,1690.48
mediterranean,Mediterranean Quinoa Salad,mediterranean,46.08,146.28,62.87,2022-10-16,16:51:46,1752.32
mediterranean,Mediterranean Lima Beans,mediterranean,49.79,179.8,34.41,2022-10-16,16:51:46,1955.0
mediterranean,Mediterranean Stuffed Swordfish,mediterranean,57.45,5.76,43.23,2022-10-16,16:51:46,454.55999999999995
mediterranean,Mediterranean Tortellini Salad,italian,44.15,108.14,152.42,2022-10-16,16:51:46,1759.54
mediterranean,Mediterranean Chicken Panini,italian,143.8,18.11,161.24,2022-10-16,16:51:46,1383.15
mediterranean,Mediterranean Tuna Wrap,mediterranean,44.45,28.54,32.95,2022-10-16,16:51:46,566.46
mediterranean,Mediterranean Quinoa Salad,mediterranean,120.32,75.73,89.26,2022-10-16,16:51:46,1519.8899999999999
mediterranean,Mediterranean Tuna Pizza,italian,78.1,205.28,66.05,2022-10-16,16:51:46,2424.12
mediterranean,Mediterranean Chickpea Salad,mediterranean,42.93,79.02,85.72,2022-10-16,16:51:46,1225.78
mediterranean,Mediterranean Potato Salad,mediterranean,30.23,224.46,63.87,2022-10-16,16:51:46,2396.54
mediterranean,Mediterranean Pasta Salad,mediterranean,42.67,220.74,39.53,2022-10-16,16:51:46,2315.46
mediterranean,Mediterranean Orzo Salad,mediterranean,98.41,386.62,115.44,2022-10-16,16:51:46,4334.98
mediterranean,Baked Mediterranean Quesadillas,mexican,171.37,266.83,201.51,2022-10-16,16:51:46,3892.99
mediterranean,Mediterranean Zucchini Salad,mediterranean,26.15,70.08,55.19,2022-10-16,16:51:46,956.08
mediterranean,Grilled Mediterranean Pizza,italian,134.36,151.1,92.61,2022-10-16,16:51:46,2267.7799999999997
mediterranean,mediterranean orzo salad,mediterranean,26.05,117.15,65.08,2022-10-16,16:51:52,1418.8700000000001
mediterranean,Grilled Mediterranean Quesadillas,mexican,103.18,225.17,110.42,2022-10-16,16:51:52,2880.93
mediterranean,Mediterranean Baked Catfish,american,74.18,23.64,41.91,2022-10-16,16:51:52,677.12
mediterranean,Mediterranean Chopped Salad,mediterranean,54.04,131.34,40.92,2022-10-16,16:51:52,1561.9
mediterranean,Mediterranean Tilapia recipes,mediterranean,49.36,11.93,6.35,2022-10-16,16:51:52,330.21
mediterranean,Mediterranean Sardine Dish,mediterranean,109.58,40.75,44.44,2022-10-16,16:51:52,982.8299999999999
mediterranean,Mediterranean Summer Salad,mediterranean,28.78,70.29,33.78,2022-10-16,16:51:52,882.85
mediterranean,Mediterranean Bagel Snacks,mediterranean,45.15,114.29,9.79,2022-10-16,16:51:52,1248.3700000000001
mediterranean,Mediterranean Cod recipes,mediterranean,167.18,25.15,52.99,2022-10-16,16:51:52,1107.03
mediterranean,Mediterranean Potato Salad,mediterranean,52.11,164.2,132.85,2022-10-16,16:51:52,2217.64
mediterranean,Mediterranean Tortilla Pizza,italian,60.98,119.92,90.42,2022-10-16,16:51:52,1684.88
mediterranean,Mediterranean Cheese Spread,mediterranean,23.21,18.59,92.69,2022-10-16,16:51:52,630.91
mediterranean,Grilled Mediterranean Chicken,mediterranean,130.0,17.89,28.89,2022-10-16,16:51:52,796.5699999999999
mediterranean,Mediterranean Tuna Salad,mediterranean,77.27,17.59,51.56,2022-10-16,16:51:52,673.63
mediterranean,Mediterranean Olive Bread,mediterranean,84.62,656.75,133.62,2022-10-16,16:51:52,6783.709999999999
mediterranean,Mediterranean Greek Salad,mediterranean,45.45,82.17,69.35,2022-10-16,16:51:52,1198.73
mediterranean,Mediterranean Tuna Cups,mediterranean,94.14,50.34,15.1,2022-10-16,16:51:52,890.0200000000001
mediterranean,Mediterranean Veggie Wrap,mediterranean,20.52,60.14,24.79,2022-10-16,16:51:52,722.5
mediterranean,Mediterranean Tuna Linguine,mediterranean,93.42,234.27,27.0,2022-10-16,16:51:52,2590.11
mediterranean,Mediterranean Bulgur Wheat,mediterranean,46.67,190.01,22.49,2022-10-16,16:51:59,1986.73
mediterranean,Mediterranean Pasta recipes,mediterranean,151.81,210.45,101.45,2022-10-16,16:51:59,2907.09
mediterranean,Mediterranean Baked Cod,mediterranean,127.37,29.93,68.81,2022-10-16,16:51:59,1054.0900000000001
mediterranean,Mediterranean Broccoflower Salad,mediterranean,17.15,86.23,32.71,2022-10-16,16:51:59,975.5100000000001
mediterranean,Mediterranean Quinoa Salad,mediterranean,33.99,131.08,29.47,2022-10-16,16:51:59,1433.56
mediterranean,Mediterranean Pork Kabobs,mediterranean,102.72,23.97,53.77,2022-10-16,16:51:59,841.69
mediterranean,Mediterranean Palmiers Recipe,french,55.71,240.03,247.16,2022-10-16,16:51:59,3371.75
mediterranean,Mediterranean Chicken Marinade,mediterranean,1.71,13.79,55.0,2022-10-16,16:51:59,350.95
mediterranean,Mediterranean Fish Stew,mediterranean,125.54,130.24,35.93,2022-10-16,16:51:59,1818.0400000000002
mediterranean,Mediterranean Tuna Pasta,mediterranean,81.25,202.44,55.02,2022-10-16,16:51:59,2367.04
mediterranean,Mediterranean Quinoa Salad,mediterranean,35.58,137.71,52.42,2022-10-16,16:51:59,1591.39
mediterranean,Mediterranean Avocado Dip,mediterranean,40.33,86.13,97.19,2022-10-16,16:51:59,1325.25
mediterranean,Marinated Mediterranean Steaks,mediterranean,42.01,39.21,164.32,2022-10-16,16:51:59,1178.21
mediterranean,Mediterranean Fish Marinade,mediterranean,4.25,26.14,56.76,2022-10-16,16:51:59,479.29999999999995
mediterranean,Mediterranean Salad Recipe,mediterranean,157.78,366.84,513.94,2022-10-16,16:51:59,5988.4400000000005
mediterranean,Mediterranean Medley Salad,mediterranean,20.93,56.59,44.63,2022-10-16,16:51:59,771.5500000000001
mediterranean,Mediterranean Chickpea Salad,mediterranean,98.45,287.54,127.43,2022-10-16,16:51:59,3491.38
mediterranean,Mediterranean Hummus Bites,mediterranean,52.13,142.15,53.65,2022-10-16,16:51:59,1702.47
mediterranean,Mediterranean Tomatoes & Mozzarella,italian,54.64,29.97,84.16,2022-10-16,16:51:59,824.9300000000001
mediterranean,Mediterranean Quinoa Salad,mediterranean,69.35,269.75,55.58,2022-10-16,16:51:59,2927.4700000000003
mediterranean,Mediterranean meatball subs,mediterranean,216.92,699.93,171.56,2022-10-16,16:52:06,7853.29
mediterranean,Mediterranean baked sausages,mediterranean,135.14,57.15,208.01,2022-10-16,16:52:06,1886.9499999999998
mediterranean,Mediterranean Cod recipes,mediterranean,130.29,669.57,27.17,2022-10-16,16:52:06,6655.97
mediterranean,Mediterranean Chopped Salad,mediterranean,4.17,19.13,31.41,2022-10-16,16:52:06,314.49
mediterranean,Mediterranean Salad recipes,mediterranean,27.65,69.18,64.67,2022-10-16,16:52:06,991.9000000000001
mediterranean,Mediterranean Quinoa — Steemit,mediterranean,78.17,338.55,51.33,2022-10-16,16:52:06,3564.9500000000003
mediterranean,Mediterranean Tortellini Salad,italian,99.42,287.03,81.28,2022-10-16,16:52:06,3306.0699999999993
mediterranean,Mediterranean Macaroni Salad,mediterranean,42.82,186.66,112.92,2022-10-16,16:52:06,2302.9
mediterranean,Mediterranean Pasta Salad,mediterranean,66.87,236.67,25.59,2022-10-16,16:52:06,2499.87
mediterranean,Mediterranean Rice Pilaf,mediterranean,29.19,178.41,51.61,2022-10-16,16:52:06,1928.89
mediterranean,Mediterranean capsicum rolls,mediterranean,24.69,72.29,104.29,2022-10-16,16:52:06,1166.53
mediterranean,Mediterranean Fried Rice,mediterranean,30.3,98.92,60.28,2022-10-16,16:52:06,1252.6
mediterranean,Mediterranean Tuna Salad,mediterranean,48.32,6.0,44.4,2022-10-16,16:52:06,424.88
mediterranean,Rigatoni Mediterranean Casserole,mediterranean,234.6,526.92,216.68,2022-10-16,16:52:06,6547.4
mediterranean,Mediterranean Turkey Wrap,american,106.31,126.39,55.61,2022-10-16,16:52:06,1785.19
mediterranean,Mediterranean Tofu Pie,asian,83.38,214.44,56.91,2022-10-16,16:52:06,2491.12
mediterranean,Mediterranean Pasta Salad,mediterranean,64.66,287.97,70.56,2022-10-16,16:52:06,3132.6100000000006
mediterranean,Mediterranean American Loaf,mediterranean,190.26,202.28,98.83,2022-10-16,16:52:06,2976.88
mediterranean,Easy Mediterranean Chicken,mediterranean,130.73,12.48,33.59,2022-10-16,16:52:06,769.6
mediterranean,Mediterranean Potato Salad,mediterranean,24.04,176.53,83.77,2022-10-16,16:52:06,2020.01
mediterranean,Mediterranean Summer Salad,mediterranean,38.29,32.83,50.66,2022-10-16,16:52:12,651.27
mediterranean,Mediterranean Potatoes recipes,mediterranean,42.19,232.08,74.11,2022-10-16,16:52:12,2553.9200000000005
mediterranean,Mediterranean Layered Dip,mediterranean,56.91,64.23,217.7,2022-10-16,16:52:12,1676.51
mediterranean,Mediterranean Tomato Salad,mediterranean,31.51,63.05,88.72,2022-10-16,16:52:12,1048.37
mediterranean,Mediterranean Quinoa Salad,mediterranean,47.42,153.25,146.6,2022-10-16,16:52:12,2155.33
mediterranean,Mediterranean Vegetarian Bites,mediterranean,86.94,17.12,97.85,2022-10-16,16:52:12,893.24
mediterranean,Mediterranean Chicken Wrap,mediterranean,112.21,199.81,121.64,2022-10-16,16:52:12,2733.69
mediterranean,Chicken Mediterranean recipes,mediterranean,76.68,104.36,49.95,2022-10-16,16:52:12,1445.76
mediterranean,Mediterranean Mussel Salad,mediterranean,52.19,286.24,77.77,2022-10-16,16:52:12,3096.0
mediterranean,Mediterranean Quesadillas recipes,mexican,122.02,292.21,123.83,2022-10-16,16:52:12,3613.29
mediterranean,Mediterranean Barley Salad,mediterranean,74.7,256.95,142.49,2022-10-16,16:52:12,3181.31
mediterranean,Mediterranean Avocado Toast,mediterranean,17.06,48.92,39.44,2022-10-16,16:52:12,666.28
mediterranean,Mediterranean vegie cakes,mediterranean,43.86,127.06,33.68,2022-10-16,16:52:12,1453.7
mediterranean,Mediterranean Crunch Salad,mediterranean,6.84,30.44,12.97,2022-10-16,16:52:12,353.20000000000005
mediterranean,Mediterranean Pizza recipes,italian,370.85,86.18,160.17,2022-10-16,16:52:12,2899.7000000000003
mediterranean,Mediterranean Mashed Potatoes,mediterranean,20.33,164.14,55.36,2022-10-16,16:52:12,1780.0199999999998
mediterranean,Mediterranean Salmon Burgers,nordic,76.28,24.09,48.76,2022-10-16,16:52:12,716.97
mediterranean,Mediterranean Cauliflower Salad,mediterranean,38.39,113.01,40.4,2022-10-16,16:52:12,1332.25
mediterranean,Mediterranean Pasta Frittata,mediterranean,96.39,126.2,90.21,2022-10-16,16:52:12,1882.1999999999998
mediterranean,Mediterranean Chicken Salad,mediterranean,120.5,94.66,126.0,2022-10-16,16:52:19,1837.94
mediterranean,Mediterranean Chicken Packets,mediterranean,207.97,77.55,52.58,2022-10-16,16:52:19,1740.1499999999999
mediterranean,Mediterranean Baked Fish,mediterranean,100.07,36.49,52.77,2022-10-16,16:52:19,939.7700000000001
mediterranean,Mediterranean Filled Loaf,mediterranean,80.75,244.13,68.82,2022-10-16,16:52:19,2795.45
mediterranean,Mediterranean Feta Dip,mediterranean,25.25,15.49,80.5,2022-10-16,16:52:19,562.41
mediterranean,Mediterranean Roasted Fingerlings,mediterranean,32.81,191.19,45.05,2022-10-16,16:52:19,2032.15
mediterranean,Mediterranean Garden Salad,mediterranean,15.46,41.16,55.98,2022-10-16,16:52:19,656.1999999999999
mediterranean,Mediterranean Spinach Pie,mediterranean,62.45,53.28,75.4,2022-10-16,16:52:19,1030.92
mediterranean,Mediterranean Cauliflower Steaks,mediterranean,41.47,81.91,45.07,2022-10-16,16:52:19,1083.35
mediterranean,Mediterranean Peasant Soup,mediterranean,23.25,72.91,8.86,2022-10-16,16:52:19,784.6299999999999
mediterranean,Mediterranean veggie tart,mediterranean,74.04,250.85,236.13,2022-10-16,16:52:19,3498.33
mediterranean,Mediterranean Mozza-Chicken,mediterranean,163.5,37.93,100.69,2022-10-16,16:52:19,1398.13
mediterranean,Mediterranean Roasted Cauliflower,mediterranean,18.89,27.15,37.67,2022-10-16,16:52:19,470.59
mediterranean,Mediterranean fish bake,mediterranean,145.21,124.45,38.28,2022-10-16,16:52:19,1854.0099999999998
mediterranean,Mediterranean Chicken Salad,mediterranean,74.67,82.62,151.94,2022-10-16,16:52:19,1650.02
mediterranean,Mediterranean Broccoflower Salad,mediterranean,17.62,88.33,32.77,2022-10-16,16:52:19,996.5300000000001
mediterranean,Mediterranean Layer Dip,mediterranean,63.35,234.24,79.27,2022-10-16,16:52:19,2678.64
mediterranean,Mediterranean Egg Salad,mediterranean,67.0,39.79,50.55,2022-10-16,16:52:19,828.31
mediterranean,Mediterranean Marinated Chicken,mediterranean,103.28,5.78,84.19,2022-10-16,16:52:19,801.9
mediterranean,Mediterranean Bean Salad,mediterranean,56.25,178.12,54.63,2022-10-16,16:52:19,2046.6
mediterranean,Mediterranean Turkey Patties,american,100.48,6.75,91.45,2022-10-16,16:52:26,828.47
mediterranean,Chicken Mediterranean Pizza,italian,189.16,525.3,209.89,2022-10-16,16:52:26,6323.9
mediterranean,Mediterranean Eggs Paleo,mediterranean,12.24,9.38,23.7,2022-10-16,16:52:26,228.18
mediterranean,Chopped Mediterranean Salad,mediterranean,52.33,138.3,45.16,2022-10-16,16:52:26,1634.6599999999999
mediterranean,mediterranean chickpea salad,mediterranean,97.52,240.29,96.66,2022-10-16,16:52:26,2939.33
mediterranean,Mediterranean Chicken Bake,mediterranean,114.37,43.53,71.47,2022-10-16,16:52:26,1135.13
mediterranean,Mediterranean Quinoa Salad,mediterranean,60.72,219.69,105.97,2022-10-16,16:52:26,2643.9700000000003
mediterranean,Mediterranean Tuna Casserole,mediterranean,188.35,255.65,139.76,2022-10-16,16:52:26,3613.29
mediterranean,Mediterranean Salmon Burgers,nordic,79.51,28.19,61.12,2022-10-16,16:52:26,816.23
mediterranean,Mediterranean Vegetable Gratin,french,40.47,72.77,65.54,2022-10-16,16:52:26,1078.97
mediterranean,Chopped Mediterranean Salad,mediterranean,5.61,27.4,28.19,2022-10-16,16:52:26,381.8
mediterranean,Mediterranean Pita Triangles,mediterranean,23.21,87.56,22.26,2022-10-16,16:52:26,969.92
mediterranean,Mediterranean Quinoa Salad,mediterranean,49.3,170.85,66.13,2022-10-16,16:52:26,1999.37
mediterranean,Mediterranean Tuna Salad,mediterranean,121.19,182.23,65.25,2022-10-16,16:52:26,2385.83
mediterranean,Mediterranean Couscous Salad,mediterranean,73.14,123.49,68.58,2022-10-16,16:52:26,1678.2899999999997
mediterranean,Mediterranean Green Beans,mediterranean,5.48,24.72,23.65,2022-10-16,16:52:26,339.0
mediterranean,Mediterranean Asparagus Quiche,french,102.08,279.38,265.32,2022-10-16,16:52:26,3984.0200000000004
mediterranean,Mediterranean Pork Medallions,mediterranean,130.01,325.07,130.98,2022-10-16,16:52:26,3969.59
mediterranean,Mediterranean Tuna Salad,mediterranean,58.35,50.85,60.53,2022-10-16,16:52:26,933.1700000000001
mediterranean,Mediterranean watermelon salsa,mediterranean,22.44,74.32,37.82,2022-10-16,16:52:26,909.9199999999998
mediterranean,Mediterranean Lentil Soup,mediterranean,242.28,653.67,38.43,2022-10-16,16:52:32,7005.87
mediterranean,Lamb Shanks Mediterranean,mediterranean,353.38,106.35,293.06,2022-10-16,16:52:32,3542.91
mediterranean,Mediterranean Pork Roulade,american,214.74,22.19,155.9,2022-10-16,16:52:32,1682.27
mediterranean,Mediterranean Tuna Salad,mediterranean,48.24,24.79,44.95,2022-10-16,16:52:32,595.87
mediterranean,Mediterranean Vegan Bowl,american,33.75,147.86,66.38,2022-10-16,16:52:32,1731.2600000000002
mediterranean,Mediterranean Quinoa Bowl,mediterranean,105.76,301.74,69.35,2022-10-16,16:52:32,3416.1
mediterranean,Mediterranean Breakfast Wrap,mediterranean,18.12,34.75,12.27,2022-10-16,16:52:32,434.31
mediterranean,Mediterranean Chicken Casserole,mediterranean,103.02,75.06,46.85,2022-10-16,16:52:32,1275.02
mediterranean,Mediterranean Lentil Salad,mediterranean,20.6,51.31,7.77,2022-10-16,16:52:32,575.2700000000001
mediterranean,Mediterranean Tuna Salad,mediterranean,109.33,95.02,78.61,2022-10-16,16:52:32,1606.94
mediterranean,Mediterranean Seafood Salad,mediterranean,122.99,103.28,369.35,2022-10-16,16:52:32,2898.88
mediterranean,Mediterranean Pasta Salad,mediterranean,140.34,345.98,258.55,2022-10-16,16:52:32,4709.38
mediterranean,MEDITERRANEAN PASTA SALAD,mediterranean,44.48,220.77,62.48,2022-10-16,16:52:32,2414.77
mediterranean,Grilled Mediterranean Chicken,mediterranean,124.75,104.39,128.97,2022-10-16,16:52:32,1954.3899999999999
mediterranean,Mediterranean Pork Loin,mediterranean,224.93,67.17,271.27,2022-10-16,16:52:32,2589.33
mediterranean,Mediterranean Orzo Salad,mediterranean,74.84,383.19,138.89,2022-10-16,16:52:32,4303.63
mediterranean,Mediterranean Potato Salad,mediterranean,26.28,132.87,72.74,2022-10-16,16:52:32,1591.9099999999999
mediterranean,Mediterranean Pasta Salad,mediterranean,139.88,281.21,147.63,2022-10-16,16:52:32,3680.93
mediterranean,Mediterranean Tuna Salad,mediterranean,87.83,144.25,40.02,2022-10-16,16:52:32,1809.6499999999999
mediterranean,Mediterranean Vegetable Pizza,italian,109.51,146.24,109.73,2022-10-16,16:52:32,2193.12
mediterranean,Mediterranean Deviled Eggs,mediterranean,37.22,5.64,59.98,2022-10-16,16:52:39,439.55999999999995
mediterranean,Mediterranean Kale Salad,mediterranean,65.73,50.0,89.07,2022-10-16,16:52:39,1069.2
mediterranean,Mediterranean-style prawns,mediterranean,151.49,92.26,50.03,2022-10-16,16:52:39,1636.42
mediterranean,Mediterranean Vegetable Broth,mediterranean,0.44,3.1,1.16,2022-10-16,16:52:39,34.300000000000004
mediterranean,Mediterranean Bean Salad,mediterranean,59.4,175.16,88.37,2022-10-16,16:52:39,2167.52
mediterranean,Mediterranean Cauliflower Couscous,mediterranean,27.41,72.07,63.71,2022-10-16,16:52:39,1013.1099999999999
mediterranean,Mediterranean Pasta Salad,mediterranean,152.48,343.16,257.39,2022-10-16,16:52:39,4727.92
mediterranean,Mediterranean Chicken Alfredo,mediterranean,217.5,192.13,79.72,2022-10-16,16:52:39,2918.05
mediterranean,Mediterranean-Style Onions,mediterranean,9.76,135.61,28.19,2022-10-16,16:52:39,1372.2900000000002
mediterranean,Mediterranean Style Couscous,mediterranean,48.27,202.1,44.22,2022-10-16,16:52:39,2188.8599999999997
mediterranean,Mediterranean Salmon recipes,nordic,193.03,49.31,139.65,2022-10-16,16:52:39,1774.5100000000002
mediterranean,Mediterranean Olive Spread,mediterranean,15.33,15.12,92.69,2022-10-16,16:52:39,568.16
mediterranean,Flounder Mediterranean recipes,mediterranean,69.04,17.28,51.6,2022-10-16,16:52:39,638.08
mediterranean,Mediterranean Quinoa Patties,mediterranean,56.32,231.83,11.15,2022-10-16,16:52:39,2356.3500000000004
mediterranean,Mediterranean Orzo Salad,mediterranean,98.41,386.62,115.44,2022-10-16,16:52:39,4334.98
mediterranean,Grilled Mediterranean Chicken,mediterranean,187.83,14.67,197.64,2022-10-16,16:52:39,1673.9099999999999
mediterranean,Mediterranean Turkey Skillet,american,132.14,300.03,100.99,2022-10-16,16:52:39,3632.7899999999995
mediterranean,Mediterranean Rice Salad,mediterranean,19.36,189.03,56.95,2022-10-16,16:52:39,2006.51
mediterranean,Half-Sours Pickles | Fermenting! recipes,american,4.03,21.76,0.84,2022-10-16,16:52:39,215.32000000000002
mediterranean,Mediterranean Grilled Vegetables,mediterranean,12.77,39.65,29.21,2022-10-16,16:52:39,524.77
mediterranean,Mediterranean Bean Patties,mediterranean,27.53,257.47,9.55,2022-10-16,16:52:46,2465.55
mediterranean,Mediterranean Calamari Stew,mediterranean,86.38,95.3,40.58,2022-10-16,16:52:46,1365.5399999999997
mediterranean,PHILADELPHIA Mediterranean Dip,american,19.36,34.69,100.56,2022-10-16,16:52:46,791.89
mediterranean,Mediterranean Stuffed Mushrooms,mediterranean,40.79,48.42,81.02,2022-10-16,16:52:46,923.02
mediterranean,Mediterranean Quinoa Salad,mediterranean,35.48,181.53,21.6,2022-10-16,16:52:46,1862.0900000000001
mediterranean,Mediterranean Salad recipes,mediterranean,32.33,89.86,44.19,2022-10-16,16:52:46,1114.82
mediterranean,Mediterranean Layered Dip,mediterranean,150.88,434.7,133.59,2022-10-16,16:52:46,5050.179999999999
mediterranean,Healthy Mediterranean Cooking,mediterranean,84.44,215.58,96.75,2022-10-16,16:52:46,2664.98
mediterranean,Mediterranean Chickpea Guacamole,mediterranean,71.54,236.41,77.58,2022-10-16,16:52:46,2724.17
mediterranean,Mediterranean lamb pizza,italian,141.2,146.67,184.09,2022-10-16,16:52:46,2621.19
mediterranean,Mediterranean Pasta Salad,mediterranean,32.05,147.24,37.25,2022-10-16,16:52:46,1602.3600000000001
mediterranean,Speedy Mediterranean Chicken,mediterranean,138.74,133.68,129.21,2022-10-16,16:52:46,2274.92
mediterranean,Mediterranean Pita Pizzas,italian,42.1,172.33,30.48,2022-10-16,16:52:46,1841.2900000000002
mediterranean,Mediterranean Tuna Wrap,mediterranean,44.45,28.54,32.95,2022-10-16,16:52:46,566.46
mediterranean,Mediterranean Quinoa Salad,mediterranean,36.01,136.89,28.95,2022-10-16,16:52:46,1491.8499999999997
mediterranean,Mediterranean Orzo Salad,mediterranean,96.09,186.19,158.95,2022-10-16,16:52:46,2695.87
mediterranean,Mediterranean Pasta Salad,mediterranean,59.07,354.42,83.53,2022-10-16,16:52:46,3760.1800000000003
mediterranean,Mediterranean Bean Salad,mediterranean,135.61,452.17,22.44,2022-10-16,16:52:46,4701.7300000000005
mediterranean,Mediterranean Chicken Salad,mediterranean,164.19,40.57,135.96,2022-10-16,16:52:52,1565.73
mediterranean,Mediterranean Bulgur Salad,mediterranean,48.49,210.31,40.92,2022-10-16,16:52:52,2250.43
mediterranean,Mediterranean pasta salad,mediterranean,71.99,324.78,195.05,2022-10-16,16:52:52,3991.1799999999994
mediterranean,Mediterranean Socca Pizza,italian,37.44,93.87,54.63,2022-10-16,16:52:52,1213.1100000000001
mediterranean,Organic Grilled Portabella Mushroom Burger With Roasted Red Peppers And Goat Cheese Recipe,american,43.98,84.11,53.6,2022-10-16,16:52:52,1147.31
mediterranean,Mediterranean Pork Roast,mediterranean,223.24,108.67,214.68,2022-10-16,16:52:52,2729.71
mediterranean,Mediterranean Quinoa Salad,mediterranean,35.5,137.02,52.39,2022-10-16,16:52:52,1584.74
mediterranean,Mediterranean Chicken & Rice,mediterranean,264.03,116.86,112.5,2022-10-16,16:52:52,2557.8599999999997
mediterranean,Mediterranean Shrimp Wraps,mediterranean,88.45,159.05,41.17,2022-10-16,16:52:52,1949.93
mediterranean,Mediterranean Chicken Drumsticks,mediterranean,98.55,20.63,103.39,2022-10-16,16:52:52,993.4300000000001
mediterranean,Mediterranean Tuna Casserole,mediterranean,365.34,489.82,232.64,2022-10-16,16:52:52,6800.299999999999
mediterranean,Mediterranean Chickpea Wrap,mediterranean,13.99,106.7,31.26,2022-10-16,16:52:52,1141.3000000000002
mediterranean,Mediterranean Chicken Stew,mediterranean,119.84,91.82,172.78,2022-10-16,16:52:52,1996.8599999999997
mediterranean,Mediterranean Crunch Salad,mediterranean,27.22,97.18,9.99,2022-10-16,16:52:52,1023.4600000000002
mediterranean,Mediterranean Grilled Artichokes,mediterranean,24.84,52.46,198.55,2022-10-16,16:52:52,1365.7
mediterranean,Roasted Mediterranean Cauliflower,mediterranean,36.65,119.52,90.97,2022-10-16,16:52:52,1586.1599999999999
mediterranean,Mediterranean Stuffed Peppers,mediterranean,97.35,155.86,52.33,2022-10-16,16:52:52,2001.4600000000003
mediterranean,Mediterranean Chicken Salad,mediterranean,61.22,207.0,133.96,2022-10-16,16:52:52,2643.7200000000003
mediterranean,Mediterranean Shrimp recipes,mediterranean,97.71,29.56,33.95,2022-10-16,16:52:52,792.6799999999998
mediterranean,Mediterranean Grilled Veggies,mediterranean,27.55,151.75,75.31,2022-10-16,16:52:52,1777.19
mediterranean,Penne Rigate with Mixed Greens and Pine Nuts,italian,98.21,362.25,126.16,2022-10-16,16:52:59,4157.7300000000005
mediterranean,Mediterranean Pita Pizzas,italian,396.48,370.46,589.02,2022-10-16,16:52:59,7276.139999999999
mediterranean,Mediterranean Chicken Bake,mediterranean,83.63,96.73,105.44,2022-10-16,16:52:59,1626.8500000000001
mediterranean,Mediterranean Chickpea Salad,mediterranean,118.0,302.32,68.15,2022-10-16,16:52:59,3465.48
mediterranean,Mediterranean Chicken Stacks,mediterranean,154.81,64.44,131.11,2022-10-16,16:52:59,1723.64
mediterranean,Mediterranean baguette pizza,italian,90.49,185.8,124.37,2022-10-16,16:52:59,2531.6400000000003
mediterranean,Mediterranean inspired Shrimp,mediterranean,55.43,15.4,115.03,2022-10-16,16:52:59,820.44
mediterranean,Mediterranean Chicken Recipe,mediterranean,284.78,69.32,97.59,2022-10-16,16:52:59,2153.3599999999997
mediterranean,Skillet Mediterranean Chicken,mediterranean,139.66,40.31,79.24,2022-10-16,16:52:59,1238.39
mediterranean,Mediterranean Melt recipes,mediterranean,100.94,320.71,125.91,2022-10-16,16:52:59,3793.7899999999995
mediterranean,Mediterranean Veggie Sandwich,mediterranean,12.89,46.06,8.4,2022-10-16,16:52:59,499.70000000000005
mediterranean,Mediterranean-style sandwiches,mediterranean,68.58,128.32,100.43,2022-10-16,16:52:59,1830.9199999999998
mediterranean,Mediterranean Couscous Salad,mediterranean,50.44,159.69,71.5,2022-10-16,16:52:59,1924.97
mediterranean,Mediterranean Potato Salad,mediterranean,40.83,286.82,125.46,2022-10-16,16:52:59,3246.5400000000004
mediterranean,Mediterranean Chicken recipes,mediterranean,251.35,38.08,124.93,2022-10-16,16:52:59,1847.84
mediterranean,Poached Mediterranean Salmon,nordic,141.28,12.85,92.73,2022-10-16,16:52:59,1051.69
mediterranean,Brownies Mediterranean Fish,french,87.39,44.94,36.23,2022-10-16,16:52:59,898.9399999999999
mediterranean,Mediterranean Spaghetti Squash,mediterranean,17.52,57.97,53.3,2022-10-16,16:52:59,805.01
mediterranean,Mediterranean Fish Stew,mediterranean,79.89,78.38,9.03,2022-10-16,16:52:59,1061.1
mediterranean,Mediterranean Pasta Salad,mediterranean,89.25,383.59,155.75,2022-10-16,16:52:59,4432.3099999999995
mediterranean,Mediterranean Feta Dip,mediterranean,29.4,57.93,33.6,2022-10-16,16:53:06,773.37
mediterranean,Mediterranean chopped salad,mediterranean,29.81,83.7,54.1,2022-10-16,16:53:06,1088.94
mediterranean,Mediterranean Quinoa Salad,mediterranean,136.69,462.72,44.88,2022-10-16,16:53:06,4890.760000000001
mediterranean,Mediterranean Bulgur Salad,mediterranean,36.0,172.28,16.76,2022-10-16,16:53:06,1761.56
mediterranean,Quick Mediterranean Chicken,mediterranean,126.34,39.98,77.67,2022-10-16,16:53:06,1175.8600000000001
mediterranean,MEDITERRANEAN SUMMER PASTA,mediterranean,24.86,143.12,30.54,2022-10-16,16:53:06,1509.68
mediterranean,Mediterranean Seafood Pasta,mediterranean,163.61,444.26,73.31,2022-10-16,16:53:06,4946.02
mediterranean,Mediterranean Chicken Kabobs,mediterranean,158.27,40.29,100.87,2022-10-16,16:53:06,1399.17
mediterranean,Mediterranean Quinoa Salad,mediterranean,55.08,154.39,92.82,2022-10-16,16:53:06,1981.1099999999997
mediterranean,Mediterranean Roast Peppers,mediterranean,24.63,55.06,64.83,2022-10-16,16:53:06,853.3800000000001
mediterranean,Mediterranean baked sausages,mediterranean,135.14,57.15,208.01,2022-10-16,16:53:06,1886.9499999999998
mediterranean,Mediterranean Lemon Chicken,mediterranean,112.07,36.37,43.39,2022-10-16,16:53:06,949.1699999999998
mediterranean,Veggie Frittata Breakfast Sandwiches,italian,140.19,229.04,88.4,2022-10-16,16:53:06,2975.72
mediterranean,Greek Pasta Salad recipes,mediterranean,85.26,372.58,115.38,2022-10-16,16:53:06,4155.78
mediterranean,Mediterranean Flatbread recipes,mediterranean,19.89,74.99,37.22,2022-10-16,16:53:06,903.35
mediterranean,Mediterranean Vegetable Salad,mediterranean,56.26,84.68,85.02,2022-10-16,16:53:06,1327.24
mediterranean,Pumpkin Amaretti Mousse,french,18.66,147.52,107.98,2022-10-16,16:53:06,1834.2400000000002
mediterranean,Mediterranean Quinoa Salad,mediterranean,38.62,136.32,88.22,2022-10-16,16:53:06,1734.2399999999998
mediterranean,Mediterranean Quinoa recipes,mediterranean,40.07,137.12,41.06,2022-10-16,16:53:06,1558.6
mediterranean,Mediterranean lamb pizza,italian,73.29,151.48,57.0,2022-10-16,16:53:06,1884.48
mediterranean,Mediterranean Skillet Chicken,mediterranean,155.19,27.48,86.89,2022-10-16,16:53:12,1215.6399999999999
mediterranean,Crockpot Mediterranean Chicken,mediterranean,230.09,69.01,80.62,2022-10-16,16:53:12,1863.93
mediterranean,Mediterranean Chicken Breasts,mediterranean,238.41,392.19,34.03,2022-10-16,16:53:12,4619.47
mediterranean,Mediterranean Stuffed Mushrooms,mediterranean,20.55,19.6,27.96,2022-10-16,16:53:12,370.44000000000005
mediterranean,Mediterranean Spaghetti Squash,mediterranean,30.0,119.71,66.82,2022-10-16,16:53:12,1464.6699999999998
mediterranean,Baked Mediterranean Tilapia,mediterranean,110.34,127.93,68.38,2022-10-16,16:53:12,1866.25
mediterranean,The Mediterranean Pasta Salad,mediterranean,56.57,239.05,89.2,2022-10-16,16:53:12,2734.5300000000007
mediterranean,Mediterranean Couscous Salad,mediterranean,24.33,84.56,35.1,2022-10-16,16:53:12,998.7599999999999
mediterranean,Mediterranean Baked Fish,mediterranean,92.45,53.77,27.72,2022-10-16,16:53:12,964.61
mediterranean,Beefy Mediterranean Soup,american,99.92,40.15,108.74,2022-10-16,16:53:12,1195.99
mediterranean,Mediterranean Veggie Saute,mediterranean,7.15,32.31,10.82,2022-10-16,16:53:12,362.6700000000001
mediterranean,Mediterranean Salad recipes,mediterranean,10.34,36.17,28.73,2022-10-16,16:53:12,481.81000000000006
mediterranean,Mediterranean Roast Peppers,mediterranean,24.63,55.06,64.83,2022-10-16,16:53:12,853.3800000000001
mediterranean,Mediterranean Chicken Recipe,mediterranean,107.59,183.51,20.94,2022-10-16,16:53:12,2165.71
mediterranean,Mediterranean mince tarts,american,71.68,93.69,116.02,2022-10-16,16:53:12,1594.01
mediterranean,Mediterranean Cheese Strata,mediterranean,97.62,128.44,84.26,2022-10-16,16:53:12,1883.48
mediterranean,Mediterranean-Style Mushrooms,mediterranean,9.3,18.75,28.35,2022-10-16,16:53:12,319.35
mediterranean,Mediterranean baked fish,mediterranean,249.18,47.03,49.35,2022-10-16,16:53:12,1617.39
mediterranean,Mediterranean Spring Salad,mediterranean,39.45,79.5,29.97,2022-10-16,16:53:12,993.18
mediterranean,Mediterranean Herbed Rice,mediterranean,22.45,167.61,16.09,2022-10-16,16:53:12,1662.65
mediterranean,Mediterranean Skillet Chicken,mediterranean,155.19,27.48,86.89,2022-10-16,16:53:19,1215.6399999999999
mediterranean,Crockpot Mediterranean Chicken,mediterranean,230.09,69.01,80.62,2022-10-16,16:53:19,1863.93
mediterranean,Mediterranean Chicken Breasts,mediterranean,238.41,392.19,34.03,2022-10-16,16:53:19,4619.47
mediterranean,Mediterranean Stuffed Mushrooms,mediterranean,20.55,19.6,27.96,2022-10-16,16:53:19,370.44000000000005
mediterranean,Mediterranean Spaghetti Squash,mediterranean,30.0,119.71,66.82,2022-10-16,16:53:19,1464.6699999999998
mediterranean,Baked Mediterranean Tilapia,mediterranean,110.34,127.93,68.38,2022-10-16,16:53:19,1866.25
mediterranean,The Mediterranean Pasta Salad,mediterranean,56.57,239.05,89.2,2022-10-16,16:53:19,2734.5300000000007
mediterranean,Mediterranean Couscous Salad,mediterranean,24.33,84.56,35.1,2022-10-16,16:53:19,998.7599999999999
mediterranean,Mediterranean Baked Fish,mediterranean,92.45,53.77,27.72,2022-10-16,16:53:19,964.61
mediterranean,Beefy Mediterranean Soup,american,99.92,40.15,108.74,2022-10-16,16:53:19,1195.99
mediterranean,Mediterranean Veggie Saute,mediterranean,7.15,32.31,10.82,2022-10-16,16:53:19,362.6700000000001
mediterranean,Mediterranean Salad recipes,mediterranean,10.34,36.17,28.73,2022-10-16,16:53:19,481.81000000000006
mediterranean,Mediterranean Roast Peppers,mediterranean,24.63,55.06,64.83,2022-10-16,16:53:19,853.3800000000001
mediterranean,Mediterranean Chicken Recipe,mediterranean,107.59,183.51,20.94,2022-10-16,16:53:19,2165.71
mediterranean,Mediterranean mince tarts,american,71.68,93.69,116.02,2022-10-16,16:53:19,1594.01
mediterranean,Mediterranean Cheese Strata,mediterranean,97.62,128.44,84.26,2022-10-16,16:53:19,1883.48
mediterranean,Mediterranean-Style Mushrooms,mediterranean,9.3,18.75,28.35,2022-10-16,16:53:19,319.35
mediterranean,Mediterranean baked fish,mediterranean,249.18,47.03,49.35,2022-10-16,16:53:19,1617.39
mediterranean,Mediterranean Spring Salad,mediterranean,39.45,79.5,29.97,2022-10-16,16:53:19,993.18
mediterranean,Mediterranean Herbed Rice,mediterranean,22.45,167.61,16.09,2022-10-16,16:53:19,1662.65
dash,100-Mile Dash,american,1.9,236.76,1.02,2022-10-16,20:29:20,2142.52
dash,Goulash In A Dash,french,137.31,120.32,35.92,2022-10-16,20:29:20,1775.8
dash,Garlicky Wilted Kale (with a dash of Nutmeg),american,29.41,75.78,47.8,2022-10-16,20:29:20,990.8599999999999
dash,Modern Cocktail No. 2 Recipe,world,0.06,18.81,0.17,2022-10-16,20:29:20,170.21
dash,Three Dots And A Dash,american,0.51,139.67,0.0,2022-10-16,20:29:20,1259.07
dash,Brooklyn Cocktail recipes,world,0.02,1.06,0.0,2022-10-16,20:29:20,9.620000000000001
dash,Pegu,world,0.12,10.92,0.1,2022-10-16,20:29:20,99.16000000000001
dash,Aztec Chocolate Bark,american,34.28,227.68,134.18,2022-10-16,20:29:20,2722.96
dash,Celery Cider,mediterranean,0.07,7.07,0.08,2022-10-16,20:29:20,64.23
dash,Spaghetti Squash with Maple Syrup and Shallots recipes,american,8.54,128.66,39.43,2022-10-16,20:29:20,1349.8200000000002
dash,Emeril's Sazerac,world,0.09,5.2,0.02,2022-10-16,20:29:20,47.24
dash,Al's Bloody Best,world,1.0,4.81,0.35,2022-10-16,20:29:20,48.69
dash,My Favorite Bloody Mary,world,0.81,4.85,0.26,2022-10-16,20:29:20,47.93
dash,The Fourth Regiment Cocktail recipes,world,0.11,1.76,0.02,2022-10-16,20:29:20,16.36
dash,Vieux Carré Recipe,world,0.02,1.53,0.01,2022-10-16,20:29:20,13.889999999999999
dash,The Berkeley Free Speech Cocktail,world,0.08,11.69,0.04,2022-10-16,20:29:20,105.68999999999998
dash,Sazerac,world,0.0,4.87,0.0,2022-10-16,20:29:20,43.83
dash,H-O-T Hot Boneless Buffalo Wings,american,274.74,32.48,228.5,2022-10-16,20:29:20,2305.2799999999997
dash,Garbo Gargle Cocktail recipes,world,0.06,6.05,0.02,2022-10-16,20:29:27,54.769999999999996
dash,Pinnacleandreg; Sunday Funday,world,4.34,19.35,0.99,2022-10-16,20:29:27,195.47
dash,The Red Snapper from the King Cole Bar recipes,world,0.56,2.84,0.25,2022-10-16,20:29:27,28.799999999999997
dash,3 Delicious Ways To Roast Your Cauliflower recipes,american,2.85,15.5,1.13,2022-10-16,20:29:27,155.42000000000002
dash,Lemon-Basil Risotto with Tomato Topping,italian,2.28,11.32,7.3,2022-10-16,20:29:27,140.2
dash,Green Beans with Shallots,british,22.61,103.61,15.74,2022-10-16,20:29:27,1085.89
dash,The Cool Cucumber,world,0.41,4.71,0.09,2022-10-16,20:29:27,44.39
dash,Asparagus with Warm Vinaigrette,french,10.38,31.92,0.63,2022-10-16,20:29:27,331.32
dash,Agave Lime Chicken recipes,american,150.85,124.57,144.13,2022-10-16,20:29:27,2301.0499999999997
dash,The Ginger Side,world,0.03,5.49,0.0,2022-10-16,20:29:27,49.53
dash,Cuba Libre,world,0.18,9.9,0.05,2022-10-16,20:29:27,90.02000000000001
dash,Spiced Old Fashioned,american,0.25,9.07,0.15,2022-10-16,20:29:27,83.22999999999999
dash,Agave Lime Chicken,american,228.97,115.98,222.1,2022-10-16,20:29:27,2848.1
dash,Love In Jalisco,world,0.05,5.45,0.05,2022-10-16,20:29:27,49.45000000000001
dash,Biriyani,indian,284.38,496.15,245.96,2022-10-16,20:29:27,6586.709999999999
dash,Pomegranate Chicken with Preserved Lemon and Almond Rice Pilaf Recipe,mediterranean,280.03,290.25,277.65,2022-10-16,20:29:27,4842.969999999999
dash,Pecan Butter,american,18.36,47.61,162.93,2022-10-16,20:29:27,1153.65
dash,La Paloma,world,0.23,3.59,0.07,2022-10-16,20:29:27,33.510000000000005
dash,Bonus Recipe: Do the Cabbage Pack!,american,10.9,35.69,34.85,2022-10-16,20:29:33,504.21000000000004
dash,Michelada,world,2.12,19.87,0.14,2022-10-16,20:29:33,187.87
dash,I Love Ny Veggie Pizza,italian,51.86,169.4,30.88,2022-10-16,20:29:33,1855.5600000000002
dash,The Ginger Side,world,0.03,5.49,0.0,2022-10-16,20:29:33,49.53
dash,Baked Cheese Spread,american,66.25,36.82,440.83,2022-10-16,20:29:33,2359.7
dash,Healthy Whiskey & Ginger,world,0.11,6.38,0.04,2022-10-16,20:29:33,58.019999999999996
dash,Maple-Gingerbread Pots de Crème,american,34.51,152.25,85.14,2022-10-16,20:29:33,1848.85
dash,Bloody Mary,world,1.08,5.44,0.36,2022-10-16,20:29:33,54.72
dash,Easy Pot Roast,nordic,492.51,78.8,153.25,2022-10-16,20:29:33,3292.24
dash,"Garganelli Pasta with Scallops, Tomatoes and Green Beans",italian,65.15,303.67,36.05,2022-10-16,20:29:33,3137.83
dash,Bourbon Old Fashioned Recipe,british,0.0,10.42,0.0,2022-10-16,20:29:33,93.78
dash,Jalapeño-Spiked Cherry Preserves,american,7.28,593.23,2.23,2022-10-16,20:29:33,5377.11
dash,"Potato, Leek and Parmesan Cheese Dumplings",chinese,219.19,653.27,99.29,2022-10-16,20:29:33,7153.35
dash,Old-Fashioned Cornbread Stuffing,american,62.04,264.05,147.9,2022-10-16,20:29:33,3216.21
dash,Mezcal Paloma,world,0.06,1.25,0.01,2022-10-16,20:29:33,11.53
dash,Avocado-Sprout Toast,american,5.54,17.37,9.62,2022-10-16,20:29:33,216.97
dash,Pepperoni Pizza Wrap,italian,50.91,31.1,84.27,2022-10-16,20:29:33,820.62
dash,"Peaches With Creme Fraiche, Brown Sugar, Cinnamon And Nutmeg",french,1.51,19.1,3.2,2022-10-16,20:29:33,190.74
dash,Men Are From Mars,world,0.27,10.65,0.1,2022-10-16,20:29:40,97.33000000000001
dash,Crunchy Baked Fish,american,131.61,14.66,21.66,2022-10-16,20:29:40,745.0200000000001
dash,Simple Savory Scallops,american,3.03,0.92,0.14,2022-10-16,20:29:40,20.959999999999997
dash,Karthago Cocktail,world,0.46,4.56,0.15,2022-10-16,20:29:40,43.480000000000004
dash,Pink Pasta,italian,72.88,388.59,124.26,2022-10-16,20:29:40,4285.87
dash,Candy Corn Milkshake,american,20.41,105.95,44.92,2022-10-16,20:29:40,1214.8700000000001
dash,Coconut Black Beans,south east asian,60.77,177.7,92.44,2022-10-16,20:29:40,2212.14
dash,Pasta with tuna and roasted asparagus,italian,57.42,217.37,45.53,2022-10-16,20:29:40,2368.1299999999997
dash,Spiked Eggnog,british,5.47,27.03,4.28,2022-10-16,20:29:40,282.27000000000004
dash,Sweet Potato Hash,south american,36.91,132.92,48.02,2022-10-16,20:29:40,1536.0
dash,Ketel One Vodka Dutch Chocolate,eastern europe,28.26,83.18,27.33,2022-10-16,20:29:40,970.98
dash,Mezcal Michelada,world,0.38,15.01,0.03,2022-10-16,20:29:40,136.73000000000002
dash,Screwdriver Recipe,world,0.0,0.07,0.0,2022-10-16,20:29:40,0.6300000000000001
dash,Stuffed Shells with Creamy Tomato Parmesan Sauce,italian,315.57,424.32,326.86,2022-10-16,20:29:40,6388.6
dash,Very Merry Bourbon Alexander,american,9.27,18.46,7.19,2022-10-16,20:29:40,231.98000000000002
dash,Milk and Honey Recipe,american,7.18,16.97,7.37,2022-10-16,20:29:40,210.92999999999998
dash,Carrot Gnocchi with Chard two ways,italian,64.63,207.5,139.97,2022-10-16,20:29:40,2685.9
dash,Oven-Dried Kale,mediterranean,8.76,18.4,15.38,2022-10-16,20:29:40,262.15999999999997
dash,kale and cheese calzone,italian,24.56,37.88,24.28,2022-10-16,20:29:40,536.28
dash,Chocolate Hummus with Candied Bacon,mediterranean,91.45,177.59,193.53,2022-10-16,20:29:47,2738.23
dash,All-Purpose Citrus Dressing,mediterranean,0.64,3.77,27.41,2022-10-16,20:29:47,146.13
dash,Honey Walnut Crusted Salmon,nordic,151.1,80.12,151.21,2022-10-16,20:29:47,1930.3200000000002
dash,Sriracha Bloody Mary Recipe,world,1.06,5.58,0.39,2022-10-16,20:29:47,56.02
dash,Raw Shiitake Kale Salad recipes,mediterranean,10.38,22.63,38.08,2022-10-16,20:29:47,397.51
dash,Cod with Rosemary Polenta and Beans,italian,23.91,41.84,11.13,2022-10-16,20:29:47,516.72
dash,Pineapple Mango Salsa recipes,mexican,9.22,183.91,2.68,2022-10-16,20:29:47,1702.7900000000002
dash,Burrata Pizza,italian,72.76,130.13,59.23,2022-10-16,20:29:47,1699.13
dash,"Sweet, Spicy, Easy Green Beans",mexican,29.4,14.45,21.51,2022-10-16,20:29:47,333.69
dash,Scones with Currants,british,18.2,137.06,25.92,2022-10-16,20:29:47,1410.02
dash,Double Avocado Cobb Salad,american,71.44,82.8,276.64,2022-10-16,20:29:47,2137.52
dash,The Ultimate Ketel One Bloody Mary,world,1.35,9.04,0.41,2022-10-16,20:29:47,88.39999999999999
dash,Carrots and Blue Cheese,american,12.18,38.19,38.32,2022-10-16,20:29:47,545.7099999999999
dash,Raita (Indian Yogurt and Cucumber Condiment),indian,19.64,41.6,16.6,2022-10-16,20:29:47,519.36
dash,Roast Chicken,american,399.78,44.14,355.83,2022-10-16,20:29:47,3419.7
dash,Chicken with Mango Salsa,mexican,250.16,65.49,52.86,2022-10-16,20:29:47,1801.49
dash,Dinner Tonight: Jacques Pépin's Spicy Ginger and Lemon Chicken Recipe,french,116.46,43.58,121.62,2022-10-16,20:29:47,1344.54
dash,Carrot-Thyme Soup with Cream,american,12.39,212.88,46.59,2022-10-16,20:29:53,2151.84
dash,Crab Cakes With Green Onion And Mustard,french,49.36,17.16,7.27,2022-10-16,20:29:53,380.96
dash,Sweet Potato & Broccoli Shepard's Pie,american,94.3,87.07,111.87,2022-10-16,20:29:53,1608.31
dash,Macaroni and Cheese,italian,223.44,468.96,277.66,2022-10-16,20:29:53,6225.04
dash,Roasted Pencil-thin Asparagus,american,5.82,4.76,9.29,2022-10-16,20:29:53,103.28
dash,Sweet Potato Julius,italian,5.14,63.09,2.9,2022-10-16,20:29:53,599.97
dash,The Rolls-Royce,world,0.21,3.35,0.03,2022-10-16,20:29:53,31.110000000000003
dash,151 Swizzle,world,0.14,31.75,0.03,2022-10-16,20:29:53,286.43
dash,Three Cheese Hot Artichoke Dip,mediterranean,78.45,59.07,300.49,2022-10-16,20:29:53,2047.39
dash,Pork Medallions with Cranberry-Onion Relish,american,75.19,59.98,45.96,2022-10-16,20:29:53,1024.4199999999998
dash,The Manchester,world,0.0,10.42,0.0,2022-10-16,20:29:53,93.78
dash,Aperol Spritz Cocktail,world,0.29,6.1,0.02,2022-10-16,20:29:53,56.13999999999999
dash,Fiesta Chicken Drummettes,italian,80.04,3.94,60.14,2022-10-16,20:29:53,596.1800000000001
dash,Scallops Ceviche And Kumquats,south american,33.27,40.05,16.09,2022-10-16,20:29:53,557.89
dash,Emerald Cocktail,world,0.02,0.83,0.0,2022-10-16,20:29:53,7.55
dash,Oven-Roasted Rosemary Potatoes,mediterranean,17.94,161.41,14.76,2022-10-16,20:29:53,1583.49
dash,Swiss Chard au Gratin,french,106.11,150.75,398.24,2022-10-16,20:29:53,3374.15
dash,Savory Zucchini Puff Pastry Tarts,french,7.77,32.46,34.39,2022-10-16,20:29:53,460.78
dash,Pizza in a bread bowl Recipe,italian,186.16,105.55,210.63,2022-10-16,20:30:03,2537.1099999999997
dash,Fancy Free Recipe,french,0.01,4.62,0.04,2022-10-16,20:30:03,41.779999999999994
dash,The Augustus Club,world,0.12,15.56,0.08,2022-10-16,20:30:03,140.83999999999997
dash,Green Onion and Mustard Crab Cakes,french,49.36,17.16,7.27,2022-10-16,20:30:03,380.96
dash,Juice Marinara Recipe,south american,6.47,36.7,1.64,2022-10-16,20:30:03,362.74
dash,The Old Hickory Cocktail Recipe,american,0.06,2.31,0.0,2022-10-16,20:30:03,21.029999999999998
dash,The Sherry Martini,italian,0.11,6.62,0.0,2022-10-16,20:30:03,60.019999999999996
dash,Southern Comfort Champagne Cocktail,world,0.2,13.04,0.1,2022-10-16,20:30:03,118.55999999999999
dash,"Apricot, Cucumber, Pluot, and Lime Basil Salad",american,3.14,28.6,0.86,2022-10-16,20:30:03,273.40000000000003
dash,Chickpea & Butternut Squash Soup,american,43.03,182.75,93.72,2022-10-16,20:30:03,2191.75
dash,Apple and cabbage salad with apple molasses dressing,middle eastern,52.14,217.83,197.97,2022-10-16,20:30:03,2960.9100000000003
dash,Duck breast stuffed with dried fruits,american,22.18,299.11,44.09,2022-10-16,20:30:03,2957.07
dash,Homemade Strawberry Conserve,mediterranean,2.12,124.18,0.93,2022-10-16,20:30:03,1129.8200000000002
dash,Oysters,mediterranean,38.98,30.54,9.75,2022-10-16,20:30:03,469.78
dash,Lemon Lavender Fizz,world,0.07,32.57,0.05,2022-10-16,20:30:03,293.60999999999996
dash,New Columbia Harvest,world,0.2,7.04,0.18,2022-10-16,20:30:03,64.88
dash,Black River Pearl,world,0.08,14.18,0.08,2022-10-16,20:30:03,128.26
dash,Broccoli Bacon Quiches,french,32.59,9.49,78.87,2022-10-16,20:30:03,531.25
dash,Arugula With Steak,american,183.23,9.68,134.77,2022-10-16,20:30:03,1359.12
dash,Gazpacho,mediterranean,17.5,101.58,58.73,2022-10-16,20:30:10,1219.14
dash,Appetizer Meatballs (Frozen Meatballs),american,161.54,279.67,181.99,2022-10-16,20:30:10,3891.15
dash,Spinach and Italian Cheese Omelet,italian,20.07,4.42,21.83,2022-10-16,20:30:10,207.38
dash,Cucumber Gazpacho,mediterranean,5.01,32.66,54.86,2022-10-16,20:30:10,533.42
dash,Time for a Drink: the Gypsy Recipe,world,0.03,9.13,0.09,2022-10-16,20:30:10,82.65
dash,Alaska Cocktail Recipe,world,0.01,4.56,0.04,2022-10-16,20:30:10,41.239999999999995
dash,Mom’s Blueberry Pie,american,20.57,346.14,210.47,2022-10-16,20:30:10,4039.42
dash,Asian-Spiced Pecans,american,39.9,62.85,293.97,2022-10-16,20:30:10,1901.13
dash,Golden Milk Tea,indian,10.18,36.91,96.75,2022-10-16,20:30:10,759.91
dash,Individual Chili-Cheddar Meatloaves,american,48.59,58.25,21.74,2022-10-16,20:30:10,805.57
dash,Whiskey Ginger Recipe,british,0.0,0.08,0.0,2022-10-16,20:30:10,0.72
dash,Eggplant Lasagna,italian,143.09,221.09,106.68,2022-10-16,20:30:10,2988.8900000000003
dash,Fifty-Fifty Martini recipes,world,0.67,6.56,0.17,2022-10-16,20:30:10,62.4
dash,Gin and Sin recipes,world,0.21,4.13,0.1,2022-10-16,20:30:10,38.410000000000004
dash,Classic Baked Acorn Squash,american,3.6,71.5,11.96,2022-10-16,20:30:10,705.74
dash,Cranberry Salsa,american,2.22,98.65,0.56,2022-10-16,20:30:10,898.97
dash,Norwegian Wood,world,0.02,2.86,0.02,2022-10-16,20:30:10,25.899999999999995
dash,Winter Solstice Recipe,world,0.23,4.02,0.09,2022-10-16,20:30:10,37.459999999999994
dash,Easy Spanish Chicken Breast for 1-or more,mediterranean,23.99,1.64,10.84,2022-10-16,20:30:17,154.07999999999998
dash,World Cup Cucumber & Lamb Sosatie,mediterranean,21.19,43.59,195.01,2022-10-16,20:30:17,1257.1100000000001
dash,His & Hers,world,0.04,7.03,0.07,2022-10-16,20:30:17,63.71
dash,Oven Roasted Elote,south american,71.36,136.73,141.19,2022-10-16,20:30:17,2080.77
dash,Rum punch,british,2.0,87.01,0.52,2022-10-16,20:30:17,793.1700000000001
dash,Edamame Crunch,south east asian,8.96,8.41,5.52,2022-10-16,20:30:17,133.61
dash,Creamy Pesto Tiger Shrimp and Asparagus Lasagna Bundles,italian,135.94,210.92,139.86,2022-10-16,20:30:17,3001.48
dash,Microwave Shepherds Pie,british,115.92,218.04,156.39,2022-10-16,20:30:17,3051.6
dash,Butternut Squash Puree,american,5.5,85.3,46.35,2022-10-16,20:30:17,975.0999999999999
dash,The Darby's Three Cheese Macaroni,american,68.24,66.5,119.84,2022-10-16,20:30:17,1350.8200000000002
dash,Beer-Braised Pork Chops with Pears and Apples Recipe,american,172.36,144.92,123.38,2022-10-16,20:30:17,2487.24
dash,The Ultimate Raw Taco,mexican,9.88,40.98,30.65,2022-10-16,20:30:17,530.9399999999999
dash,The New American Omelet,french,30.4,8.98,29.77,2022-10-16,20:30:17,321.5
dash,Tokyo Geisha,world,0.07,5.4,0.06,2022-10-16,20:30:17,49.120000000000005
dash,Cranberry Chicken Tagine,american,191.07,319.25,74.17,2022-10-16,20:30:17,3934.2099999999996
dash,Crustless Quiche with Goat Cheese and Scallions,french,56.1,29.92,104.26,2022-10-16,20:30:17,910.72
dash,Homemade Cavatelli Recipe,american,159.49,342.31,128.03,2022-10-16,20:30:17,4230.87
dash,Tropical Salad with Sriracha,south east asian,13.21,132.56,47.51,2022-10-16,20:30:17,1435.9199999999998
dash,Garlic Mashed Potatoes,american,59.21,356.0,11.8,2022-10-16,20:30:23,3488.04
dash,Sloe Gin,world,0.13,27.64,0.19,2022-10-16,20:30:23,250.04
dash,Avocado-Tomato Open-Face Sandwich,american,5.47,19.42,8.72,2022-10-16,20:30:23,231.54000000000002
dash,Prescription Julep #2,american,0.54,203.77,0.12,2022-10-16,20:30:23,1836.5700000000002
dash,Tunacado Salad,french,28.47,28.5,62.93,2022-10-16,20:30:23,622.1
dash,Fresh Summer Succotash,american,59.68,201.56,78.2,2022-10-16,20:30:23,2365.56
dash,Creamy Sweet Potato Soup,chinese,19.67,91.77,4.79,2022-10-16,20:30:23,923.7699999999999
dash,Hot Sazerac,world,0.88,16.45,0.67,2022-10-16,20:30:23,154.25
dash,Galbi Jjim (Korean Braised Short Ribs),mediterranean,185.9,314.07,385.82,2022-10-16,20:30:23,5113.51
dash,Ratatouille Tatin Tartlets,french,76.73,317.64,152.49,2022-10-16,20:30:23,3775.64
dash,Apple 'Cider' Soup,american,20.42,186.74,10.57,2022-10-16,20:30:23,1804.6200000000001
dash,Lemon-Dill Orzo Pilaf,mediterranean,11.79,43.05,17.02,2022-10-16,20:30:23,502.69
dash,Greenpoint,world,0.03,2.7,0.02,2022-10-16,20:30:23,24.5
dash,Blue Cheese Dressing,american,31.05,13.44,234.32,2022-10-16,20:30:23,1182.44
dash,Curried Chicken Salad with Fruit,eastern europe,135.82,99.45,50.83,2022-10-16,20:30:23,1641.6499999999999
dash,Kona Swizzle,world,1.63,31.42,0.35,2022-10-16,20:30:23,290.7
dash,Red And Orange Pavlovas,eastern europe,14.47,165.86,60.1,2022-10-16,20:30:23,1791.0200000000004
dash,Nicky Finn,world,0.28,3.88,0.1,2022-10-16,20:30:23,36.44
dash,Celebration Manhattans,world,0.02,2.66,0.01,2022-10-16,20:30:23,24.06
dash,Shamrock Shake Recipe,world,0.12,11.35,0.04,2022-10-16,20:30:30,102.78999999999999
dash,Planter's Punch Cocktail recipes,world,0.16,2.19,0.07,2022-10-16,20:30:30,20.630000000000003
dash,Cucumber-Coconut,mediterranean,3.91,45.97,1.09,2022-10-16,20:30:30,433.73
dash,Icecream French Toast,french,46.42,107.64,33.22,2022-10-16,20:30:30,1287.3200000000002
dash,New Fashioned,world,0.04,10.28,0.05,2022-10-16,20:30:30,92.88
dash,Gin Sangria,world,1.38,34.85,0.32,2022-10-16,20:30:30,320.45
dash,Lemon Stinger Swizzle,mediterranean,0.12,21.88,0.07,2022-10-16,20:30:30,197.67999999999998
dash,Rusty Nail Recipe,world,0.01,4.56,0.04,2022-10-16,20:30:30,41.239999999999995
dash,Classic Martini,world,0.15,1.1,1.86,2022-10-16,20:30:30,17.94
dash,Sweet and Salty Prosciutto-Wrapped Asparagus,italian,287.78,73.74,85.09,2022-10-16,20:30:30,2155.14
dash,Fallen Angel,world,0.02,12.59,0.09,2022-10-16,20:30:30,113.75
dash,Broccoli Cheese Strata,american,48.67,44.68,40.35,2022-10-16,20:30:30,758.1999999999999
dash,Clementini,world,1.26,17.79,0.22,2022-10-16,20:30:30,166.02999999999997
dash,Raspberry Pops,american,10.61,53.77,9.12,2022-10-16,20:30:30,562.85
dash,Sidecar,world,0.12,11.25,0.15,2022-10-16,20:30:30,102.33
dash,Louis Dressing,american,3.03,21.45,182.6,2022-10-16,20:30:30,935.5699999999999
dash,Bourbon Maple Cider Recipe,world,2.11,54.23,0.03,2022-10-16,20:30:30,496.63
dash,Between The Sheets Cocktail Recipe,world,0.15,12.12,0.1,2022-10-16,20:30:30,110.08
dash,White wine sardines with chickpeas and sliced potatoes,american,65.01,134.91,38.25,2022-10-16,20:30:37,1627.23
dash,Pineapple Cobbler,mediterranean,0.55,14.26,0.19,2022-10-16,20:30:37,131.29999999999998
dash,Maple Bourbon Old-Fashioned,world,0.05,11.45,0.02,2022-10-16,20:30:37,103.33
dash,Lillet Spritz,world,1.1,9.73,0.26,2022-10-16,20:30:37,93.01000000000002
dash,Gabriella's Farmer Cheese Gnocchi,italian,66.49,63.92,28.47,2022-10-16,20:30:37,955.12
dash,Liquid Autumn,world,0.61,11.66,0.17,2022-10-16,20:30:37,108.06
dash,Torino,world,0.06,2.37,0.0,2022-10-16,20:30:37,21.57
dash,Squash and Sweet Potato Croquettes,french,13.05,70.28,17.24,2022-10-16,20:30:37,753.6800000000001
dash,Stuffed Mushrooms,american,70.69,164.03,70.38,2022-10-16,20:30:37,2040.55
dash,Maple Old-Fashioned,american,0.0,4.46,0.0,2022-10-16,20:30:37,40.14
dash,Piping Plum Recipe,american,0.05,20.01,0.13,2022-10-16,20:30:37,180.81
dash,Bobby Axelrod,world,0.03,0.22,0.34,2022-10-16,20:30:37,3.46
dash,Cauliflower Soup,american,26.69,18.64,34.75,2022-10-16,20:30:37,413.52
dash,Time for a Drink: Bijou Cocktail Recipe,world,0.05,9.9,0.09,2022-10-16,20:30:37,89.66000000000001
dash,Day At The Beach by LaPlaya Beach & Golf Resort,world,0.53,23.58,0.24,2022-10-16,20:30:37,215.29999999999998
dash,Zelma's Punch,french,2.69,25.53,1.3,2022-10-16,20:30:37,245.73
dash,Velveeta Tuna Shell Casserole,american,135.24,160.67,75.9,2022-10-16,20:30:37,2290.59
dash,El Guapo Cocktail Recipe With Mezcal recipes,world,0.5,20.54,0.11,2022-10-16,20:30:37,187.29999999999998
dash,Very Rustic Custard Tart with Guava Sauce,american,56.23,184.04,62.54,2022-10-16,20:30:37,2131.44
dash,Russian REBBL,eastern europe,24.78,169.9,6.24,2022-10-16,20:30:43,1653.1800000000003
dash,Martini Recipe,world,0.02,0.77,0.0,2022-10-16,20:30:43,7.01
dash,L.A. Burdick Classic Hot Chocolate,american,10.09,61.27,30.93,2022-10-16,20:30:43,715.5100000000001
dash,Charred Onion Dip,italian,14.76,47.42,96.49,2022-10-16,20:30:43,871.78
dash,Poison Arrow,world,0.25,13.74,0.09,2022-10-16,20:30:43,125.02
dash,Cucumber-Tomato Salad,mediterranean,8.87,43.96,33.17,2022-10-16,20:30:43,563.8
dash,Dimitri Lezinska's Maple Leaf Martini,world,0.1,19.63,0.08,2022-10-16,20:30:43,177.39
dash,Purple Tai Rice Cooker Sticky Rice,chinese,15.16,168.81,1.59,2022-10-16,20:30:43,1586.29
dash,Simple Trout Duxelles,mediterranean,286.76,22.38,106.3,2022-10-16,20:30:43,1773.66
dash,Barbecue Bloody Mary,american,29.66,296.55,22.83,2022-10-16,20:30:43,2878.9100000000003
dash,Liquid Fireworks,world,0.59,6.78,0.17,2022-10-16,20:30:43,64.06
dash,Dark Mojito,world,0.3,21.41,0.08,2022-10-16,20:30:43,194.20999999999998
dash,Sherry Martini,world,0.33,9.72,0.03,2022-10-16,20:30:43,88.92
dash,Americano Cocktail,world,0.22,3.51,0.02,2022-10-16,20:30:43,32.55
dash,Spicy Steak Fries,british,15.94,135.69,28.34,2022-10-16,20:30:43,1398.33
dash,Vegan Roasted Sweet Potato Quesadillas,mexican,77.95,361.1,76.6,2022-10-16,20:30:43,3868.1000000000004
dash,Classic Sazerac,american,0.0,0.06,0.0,2022-10-16,20:30:43,0.54
dash,Gazpacho,mediterranean,125.27,131.24,75.08,2022-10-16,20:30:50,1982.56
dash,Potted Shrimp Recipe,mediterranean,97.31,11.02,370.83,2022-10-16,20:30:50,1971.74
dash,The Claridge Cocktail,world,0.03,1.16,0.0,2022-10-16,20:30:50,10.559999999999999
dash,Butternut Squash Bisque,french,11.78,169.06,24.22,2022-10-16,20:30:50,1665.54
dash,Cotton Candy Cocktail,american,0.06,21.87,0.2,2022-10-16,20:30:50,197.87000000000003
dash,Police Gazette Cocktail,world,0.11,6.14,0.06,2022-10-16,20:30:50,55.94
dash,Tequila Sunrise Jelly Shots,american,13.87,50.79,0.51,2022-10-16,20:30:50,514.63
dash,Bacon-Wrapped Scallops With Chili Butter,american,139.74,34.63,186.92,2022-10-16,20:30:50,1618.31
dash,Lemon Dipping Sauce,american,5.43,14.46,45.56,2022-10-16,20:30:50,334.1
dash,Some Like It Hot Recipe,french,10.43,22.9,2.79,2022-10-16,20:30:50,258.98
dash,German CREPES,french,91.1,361.99,51.75,2022-10-16,20:30:50,3829.31
dash,Slaw and Order,british,22.63,43.87,9.36,2022-10-16,20:30:50,522.79
dash,Chile-Salt Michelada,world,1.21,10.95,0.06,2022-10-16,20:30:50,103.63
dash,Blackthorn Cocktail Recipe,italian,0.08,19.03,0.17,2022-10-16,20:30:50,172.27
dash,Grilled Chicken,american,148.38,57.14,79.0,2022-10-16,20:30:50,1423.78
dash,Shrimp Po Boy Sandwich Recipe,american,153.25,280.77,1860.2,2022-10-16,20:30:56,10580.73
dash,Pisco Sour,world,1.5,16.84,0.03,2022-10-16,20:30:56,157.68
dash,Grilled Salmon Steak,nordic,23.22,1.08,19.76,2022-10-16,20:30:56,181.64
dash,"""Fruit Cocktail"" Crisp",american,10.34,166.68,26.0,2022-10-16,20:30:56,1645.48
dash,The Pumpkin Martini,world,0.12,40.11,0.33,2022-10-16,20:30:56,362.79
dash,Recipe: The Income Tax Cocktail,world,0.21,3.33,0.06,2022-10-16,20:30:56,31.049999999999997
dash,Lychee Martini,world,0.11,15.44,0.13,2022-10-16,20:30:56,139.92000000000002
dash,Cider Delighter,world,0.96,16.01,1.32,2022-10-16,20:30:56,153.21
dash,Pineapple Saffron Martini,world,0.34,29.59,0.15,2022-10-16,20:30:56,268.27000000000004
dash,Leap Year Cocktail Recipe,world,0.01,0.43,0.0,2022-10-16,20:30:56,3.91
dash,Foil Pack Cinnamon Apples,middle eastern,0.99,61.56,6.23,2022-10-16,20:30:56,582.92
dash,Pumpkin Old Fashioned,world,0.38,22.03,0.11,2022-10-16,20:30:56,200.23000000000002
dash,Tarragon-Mustard Rémoulade,french,0.89,1.87,44.98,2022-10-16,20:30:56,200.31
dash,Neely's BBQ Pulled Pork Egg Rolls,south east asian,165.77,492.02,480.58,2022-10-16,20:30:56,7013.58
dash,Sweet and Crunchy Garden Salad,american,41.32,246.54,282.63,2022-10-16,20:30:56,3514.6600000000003
dash,A Cuban version of a Manhattan Recipe,american,0.01,0.39,0.0,2022-10-16,20:30:56,3.5500000000000003
dash,Watermelon and Basil Martini,world,1.07,12.35,0.26,2022-10-16,20:30:56,116.47
dash,White Knight,american,0.03,3.85,0.02,2022-10-16,20:31:04,34.849999999999994
dash,Grilled Vegetable Pitas,mediterranean,22.8,48.47,19.7,2022-10-16,20:31:04,606.23
dash,Hearty Chicken and Rice Casserole,american,277.77,185.65,48.77,2022-10-16,20:31:04,2977.01
dash,Vanilla Bean Crème Brûlée,french,52.16,163.36,53.35,2022-10-16,20:31:04,1892.2800000000002
dash,Hummus Tartine with Sprouts recipes,mediterranean,8.37,34.76,18.01,2022-10-16,20:31:04,418.36
dash,Vegan (Or Not) Peach Creamsicle Sherbet,american,55.03,439.96,52.51,2022-10-16,20:31:04,4389.8
dash,Cîroc Champagne Cosmo,world,1.31,23.07,0.21,2022-10-16,20:31:04,213.71
dash,Adonis Recipe,british,0.13,7.39,0.0,2022-10-16,20:31:04,67.02999999999999
dash,Shrimp Newburg on Toast Points,american,70.99,61.58,22.27,2022-10-16,20:31:04,927.2600000000001
dash,Oven roasted brussel sprouts with rosemary,american,6.02,16.17,14.13,2022-10-16,20:31:04,226.13000000000002
dash,Turkey Burgers,american,89.86,5.98,34.81,2022-10-16,20:31:04,552.5
dash,Sepia's Death & Taxes Recipe,american,0.33,218.13,0.16,2022-10-16,20:31:04,1965.13
dash,Healthy & Delicious: Broiled Grapefruit Recipe,american,1.72,23.93,4.19,2022-10-16,20:31:04,239.01
dash,Oeufs En Cocotte,mediterranean,98.02,3.33,72.21,2022-10-16,20:31:04,710.8899999999999
dash,Simple Buttermilk Biscuits Recipe,american,34.91,205.9,96.26,2022-10-16,20:31:04,2377.78
dash,Grilled Coconut Rum French Toast,french,68.16,232.38,46.14,2022-10-16,20:31:04,2548.62
dash,Blueberry Tart,central europe,14.68,223.12,61.31,2022-10-16,20:31:04,2312.04
dash,Coconut Macaroons,french,9.06,115.8,33.32,2022-10-16,20:31:04,1211.72
dash,Pumpkin Soup recipes,american,58.63,302.3,104.44,2022-10-16,20:31:04,3372.9800000000005
dash,Sage-Butter Gnocchi recipes,italian,35.31,145.17,60.43,2022-10-16,20:31:11,1689.49
dash,O' Mai Mai Juice,american,6.78,139.45,2.46,2022-10-16,20:31:11,1292.0099999999998
dash,Grilled Bread with Goat Cheese & Green Olives,mediterranean,186.54,751.87,133.44,2022-10-16,20:31:11,8046.75
dash,Tomato Daiquiri,world,0.2,23.49,0.03,2022-10-16,20:31:11,212.33
dash,Lady Genevieve,french,0.07,20.97,0.09,2022-10-16,20:31:11,189.37
dash,Grilled Cheese with Roasted Tomato Spread,american,63.54,115.83,103.45,2022-10-16,20:31:11,1710.43
dash,Watercress Salad with Fennel and Citrus,mediterranean,9.0,73.4,21.63,2022-10-16,20:31:11,783.12
dash,Delmonico's Eggs Benedict,french,151.62,239.33,238.3,2022-10-16,20:31:11,3713.6500000000005
dash,Sparkling Apricot Sorbet,french,10.03,289.77,2.69,2022-10-16,20:31:11,2658.81
dash,The Lumière,world,0.16,27.62,0.22,2022-10-16,20:31:11,250.1
dash,Apple Cinnamon Rum recipes,world,0.2,11.97,0.15,2022-10-16,20:31:11,109.13
dash,"Bloody Carrot ""Bacon""",american,2.44,53.64,14.15,2022-10-16,20:31:11,549.12
dash,Green Monster Recipe,world,0.16,10.71,0.12,2022-10-16,20:31:11,97.51000000000002
dash,Chef Phil's Deviled Eggs Recipe,japanese,34.33,5.62,114.35,2022-10-16,20:31:11,645.3
dash,Champs-Élysées Cocktail,world,0.09,7.86,0.08,2022-10-16,20:31:11,71.42
dash,A Spanish Potato Tortilla On Hiking Trails,mediterranean,33.91,71.29,28.06,2022-10-16,20:31:11,889.49
dash,Widow's Kiss,world,0.03,10.16,0.09,2022-10-16,20:31:11,91.92
dash,Lime Rickey Recipe,mediterranean,0.51,125.75,0.08,2022-10-16,20:31:11,1134.11
dash,The Presidential Cocktail,world,1.47,30.72,0.98,2022-10-16,20:31:17,286.28000000000003
dash,Horn & Hardart’s Macaroni and Cheese,american,76.33,208.33,86.88,2022-10-16,20:31:17,2527.81
dash,Avocado Dressing,american,4.18,18.97,118.42,2022-10-16,20:31:17,661.13
dash,Corpse Reviver No. 2,french,0.12,2.73,0.07,2022-10-16,20:31:17,25.330000000000002
dash,Little Black Dress,british,14.88,128.37,58.96,2022-10-16,20:31:17,1450.6899999999998
dash,One-Eyed Sailor,american,121.62,68.3,200.02,2022-10-16,20:31:17,1901.2599999999998
dash,The Obamatini Cocktail Recipe,world,0.44,28.44,0.13,2022-10-16,20:31:17,258.24
dash,Time for a Drink: Fallen Leaves Recipe,world,0.02,0.77,0.0,2022-10-16,20:31:17,7.01
dash,DIY Vinaigrette,french,1.15,29.18,109.03,2022-10-16,20:31:17,703.34
dash,Deviled Eggs,italian,66.49,6.44,94.97,2022-10-16,20:31:17,703.8
dash,Easy Roasted Potatoes with Garlic recipes,american,32.71,273.54,74.46,2022-10-16,20:31:17,2890.5400000000004
dash,Grilled Pesto Potato Salad,mediterranean,77.6,110.33,539.65,2022-10-16,20:31:17,3461.97
dash,Bourbon Renewal,world,0.11,19.01,0.11,2022-10-16,20:31:17,171.97
dash,Collard Green and Artichoke Dip,mediterranean,94.87,128.8,271.76,2022-10-16,20:31:17,2625.7200000000003
dash,Cinnamon Honey Butter,american,2.11,65.66,184.19,2022-10-16,20:31:17,1336.1399999999999
dash,Chicken Anticuchos,american,119.55,29.61,79.74,2022-10-16,20:31:24,1063.65
dash,Rosemary-Grapefruit Fizz,world,4.37,172.29,1.91,2022-10-16,20:31:24,1575.73
dash,Carrot Ribbons with Sesame,mediterranean,1.71,17.71,4.95,2022-10-16,20:31:24,186.03000000000003
dash,Rum Swizzle,british,0.85,51.98,0.16,2022-10-16,20:31:24,471.85999999999996
dash,Steak?And?Egg Salad Sandwiches,american,204.63,110.44,235.8,2022-10-16,20:31:24,2755.6800000000003
dash,Gin & Gomme,world,0.27,6.33,0.13,2022-10-16,20:31:24,58.57
dash,Middle Eastern Hummus,mediterranean,73.13,183.21,155.98,2022-10-16,20:31:24,2565.33
dash,Yogurt Pops,american,9.07,34.05,7.9,2022-10-16,20:31:24,374.33000000000004
dash,Dad's Eggnog,world,54.72,167.63,145.07,2022-10-16,20:31:24,2307.83
dash,Wine Spritzer,world,0.24,3.66,0.04,2022-10-16,20:31:24,34.059999999999995
dash,Baileys Cherry Cafe,world,1.5,27.77,6.77,2022-10-16,20:31:24,283.01
dash,El Presidente Recipe,american,0.04,7.98,0.06,2022-10-16,20:31:24,72.22
dash,Crunch Top Apple Pie,french,25.57,407.29,44.01,2022-10-16,20:31:24,3943.9300000000003
dash,Gabriella's Farmers Cheese Gnocchi,italian,66.49,63.92,28.47,2022-10-16,20:31:24,955.12
dash,Nick'S Chipotle Grilled Shrimp With Black Bean Salsa,mexican,16.66,4.35,28.34,2022-10-16,20:31:24,219.14999999999998
dash,Carrot-Thyme Soup With Cream,american,12.37,212.76,46.58,2022-10-16,20:31:24,2150.64
dash,Spring Spice,american,0.63,19.31,0.23,2022-10-16,20:31:24,177.23
dash,Whipped Butternut Squash and Red Onions,south american,14.49,148.93,64.02,2022-10-16,20:31:24,1654.41
dash,Warm Bulgur & Lentil Salad,middle eastern,24.1,79.63,7.4,2022-10-16,20:31:31,842.67
dash,French 95 Cocktail Recipe,world,1.98,59.79,0.17,2022-10-16,20:31:31,546.7099999999999
dash,Cajun Grilled Chicken,american,246.33,20.33,41.76,2022-10-16,20:31:31,1335.33
dash,Brown Rice Sushi Balls,japanese,24.34,155.96,40.16,2022-10-16,20:31:31,1661.6399999999999
dash,Orrechiette with red Kale and Bacon cubes,american,55.18,133.72,74.68,2022-10-16,20:31:31,1722.92
dash,Chocolate-Pomegranate Toasted Walnuts,american,2.6,99.34,72.74,2022-10-16,20:31:31,1195.42
dash,Maple Manhattan,american,0.03,9.6,0.01,2022-10-16,20:31:31,86.56
dash,Midnight Ride Cocktail Recipe,world,0.51,13.62,0.17,2022-10-16,20:31:31,125.30000000000001
dash,Vanilla Roasted Walnuts,american,1.24,33.92,18.73,2022-10-16,20:31:31,385.16
dash,Parchment Candied Beets & Greens with Blood Orange & Balsamic,american,30.83,246.37,44.16,2022-10-16,20:31:31,2517.29
dash,Scofflaw recipes,world,0.24,13.0,0.07,2022-10-16,20:31:31,118.24
dash,Herb-Infused Pisco Sour,world,2.25,23.82,0.44,2022-10-16,20:31:31,225.14
dash,Cranberry-Chipotle Turkey,american,150.43,219.51,51.6,2022-10-16,20:31:31,2783.71
dash,Parmesan Flans with Tomatoes and Basil,mediterranean,70.88,48.99,44.47,2022-10-16,20:31:31,902.3100000000001
dash,Fast Blue Cheese Dressing,american,12.83,6.31,115.22,2022-10-16,20:31:31,568.99
dash,Slow Roast Tomatoes,mediterranean,3.55,24.14,1.22,2022-10-16,20:31:31,236.33999999999997
dash,Tivoli cakes,american,20.25,380.96,60.85,2022-10-16,20:31:31,3753.04
dash,"Sweet Potato, Cranberry and Pecan Salad",american,9.55,140.8,65.44,2022-10-16,20:31:31,1567.16
dash,Orange Chicken,chinese,142.59,58.69,299.67,2022-10-16,20:31:38,2297.25
dash,Time for a Drink: Suffering Bastard Recipe,world,0.12,12.36,0.02,2022-10-16,20:31:38,111.8
dash,Sloe 75,world,0.39,68.49,0.26,2022-10-16,20:31:38,619.0099999999999
dash,Ginger-Champagne Cocktail,world,0.23,6.24,0.05,2022-10-16,20:31:38,57.28000000000001
dash,Endive with sweet cheese,italian,24.7,75.98,60.12,2022-10-16,20:31:38,1023.1
dash,Nana's Chicken Seafood Gumbo,american,277.57,200.76,152.65,2022-10-16,20:31:38,3527.72
dash,Peach Cooler Recipe,mediterranean,0.37,29.1,0.09,2022-10-16,20:31:38,263.74000000000007
dash,Peanut Butter Banana Cake,american,78.91,255.43,140.81,2022-10-16,20:31:38,3177.75
dash,Seafood Pizza,italian,43.62,36.3,32.35,2022-10-16,20:31:38,630.5799999999999
dash,Deviled Eggs,italian,66.49,6.44,94.97,2022-10-16,20:31:38,703.8
dash,Mexicali Chicken,american,128.05,3.77,28.7,2022-10-16,20:31:38,660.93
dash,Meatloaf,american,278.3,196.48,308.54,2022-10-16,20:31:38,4115.68
dash,Scotch Negroni Recipe,american,0.05,9.9,0.09,2022-10-16,20:31:38,89.66000000000001
dash,Pomegranate Clementine Martini,world,0.18,6.59,0.14,2022-10-16,20:31:38,60.59
dash,Chile Mustard Pork Kabobs,middle eastern,15.83,20.59,77.1,2022-10-16,20:31:38,557.03
dash,Chicken Fried Rice,chinese,161.83,242.99,106.94,2022-10-16,20:31:38,3261.99
dash,Oysters Rockefeller Soup Recipe,american,95.87,209.19,135.19,2022-10-16,20:31:38,2806.95
dash,Manhattan Jelly Shots,american,12.2,77.48,0.01,2022-10-16,20:31:38,746.16
dash,Overnight Eggnog French Toast,french,111.8,686.83,435.71,2022-10-16,20:31:44,8371.51
dash,Chili Fries Recipe,american,116.64,210.6,190.5,2022-10-16,20:31:44,3123.96
dash,Sesame Asparagus recipes,chinese,13.1,24.59,32.71,2022-10-16,20:31:44,404.54999999999995
dash,The Leviathan,world,0.09,1.82,0.02,2022-10-16,20:31:44,16.819999999999997
dash,Lemon-Basil Risotto with Tomato Topping,italian,89.49,310.5,73.18,2022-10-16,20:31:44,3445.1800000000003
dash,Oven-Roasted Rack of Pork,american,284.2,357.58,170.08,2022-10-16,20:31:44,5035.339999999999
dash,"Absinthe, Anyone? Try The Necromancer Cocktail recipes",world,0.11,12.0,0.11,2022-10-16,20:31:44,108.88
dash,Glazed Walnuts,american,0.46,19.59,1.79,2022-10-16,20:31:44,185.31
dash,The Kilbeggan Dubliner Cocktail,world,0.23,16.04,0.01,2022-10-16,20:31:44,145.31999999999996
dash,Cheeto-Crusted Jalapeño Poppers With Bacon,mexican,76.49,84.83,274.91,2022-10-16,20:31:44,2169.07
dash,Norwegian Wood Recipe,mediterranean,0.02,2.86,0.02,2022-10-16,20:31:44,25.899999999999995
dash,Wine-Poached Peaches,american,11.54,161.96,59.71,2022-10-16,20:31:44,1742.64
dash,Shrimp Kebabs,middle eastern,95.89,27.69,31.84,2022-10-16,20:31:44,760.13
dash,Singapore Fling,world,0.19,11.13,0.04,2022-10-16,20:31:44,101.09
dash,Pumpkin Soup,american,56.71,299.68,69.76,2022-10-16,20:31:44,3203.0
dash,Citrus Grilled Salmon,nordic,27.34,38.86,21.63,2022-10-16,20:31:44,545.62
dash,Mashed potatoes with reconstituted milk,british,44.0,326.99,49.53,2022-10-16,20:31:44,3317.0299999999997
dash,2 GINGERS Hot Toddy,world,0.13,32.69,0.15,2022-10-16,20:31:51,295.33
dash,Yellow Jacket Recipe,american,0.05,20.11,0.15,2022-10-16,20:31:51,181.79
dash,Tuna-Quinoa Toss,italian,24.2,33.28,15.96,2022-10-16,20:31:51,460.15999999999997
dash,Off The Wagon,world,1.33,57.28,0.51,2022-10-16,20:31:51,522.88
dash,Celebrate Fat Tuesday with the Pinnacle® Creole Mary!,american,15.63,64.48,5.44,2022-10-16,20:31:51,664.6
dash,Chess Pie,american,31.15,430.47,134.83,2022-10-16,20:31:51,4538.150000000001
dash,Broccoli Chicken Tortellini,italian,69.02,95.75,58.41,2022-10-16,20:31:51,1371.4699999999998
dash,"Masala Soda (Lime, Whiskey, Blackcurrant, Etc.)",world,0.17,45.13,0.17,2022-10-16,20:31:51,407.53000000000003
dash,Sizzlin' Skillet Baked Chicken,french,246.41,13.9,55.01,2022-10-16,20:31:51,1330.78
dash,Salsa,mexican,3.86,20.82,0.67,2022-10-16,20:31:51,205.5
dash,Cabbage Orange Salad,american,7.29,47.48,14.41,2022-10-16,20:31:51,514.12
dash,Spicy Maple and Rum Tottie,world,0.26,12.87,0.12,2022-10-16,20:31:51,117.35000000000001
dash,Orange-Asparagus Salad,french,6.54,27.63,9.58,2022-10-16,20:31:51,313.15
dash,Baked Chicken,american,108.97,0.86,48.36,2022-10-16,20:31:51,637.06
dash,Spicy Deviled Eggs,italian,66.49,6.44,94.97,2022-10-16,20:31:51,703.8
dash,Blackberry Smash,world,0.55,17.19,0.17,2022-10-16,20:31:51,157.59
dash,Persimmons Grand Marnier,world,0.53,17.02,11.72,2022-10-16,20:31:58,202.18
dash,Simple cheeseburger and handcut fries,american,44.37,110.53,64.95,2022-10-16,20:31:58,1432.05
dash,Mimosa Granita,world,2.77,140.8,0.74,2022-10-16,20:31:58,1281.24
dash,Cupid's Cider Cocktail,world,0.12,7.71,0.1,2022-10-16,20:31:58,70.27000000000001
dash,Ultimat Sparkler,world,0.32,16.32,0.08,2022-10-16,20:31:58,148.48
dash,Shrimp Creole,american,206.36,76.37,38.81,2022-10-16,20:31:58,1668.01
dash,Roasted Delicata with Bacon-Shallots and Pomegranate,american,32.85,132.06,45.75,2022-10-16,20:31:58,1502.94
dash,Virgin Mary,american,10.81,56.54,3.63,2022-10-16,20:31:58,566.62
dash,Mashed Rutabagas recipes,american,10.22,43.35,5.28,2022-10-16,20:31:58,452.15000000000003
dash,New Cuban,world,3.0,17.62,0.07,2022-10-16,20:31:58,170.86
dash,Herbed Lemon Chicken Breasts,french,246.71,16.47,55.44,2022-10-16,20:31:58,1356.83
dash,"Coconut, caramel & pecan dairy-free ice cream",american,26.43,77.92,209.71,2022-10-16,20:31:58,1645.8400000000001
dash,Good Eats Meatloaf,american,240.63,181.67,134.31,2022-10-16,20:31:58,3134.79
dash,Pisco Sour Recipe,world,3.0,18.13,0.06,2022-10-16,20:32:04,175.41
dash,Remontel Toddy Recipe,world,0.98,25.76,0.29,2022-10-16,20:32:04,236.92
dash,Emerald Martini,world,0.48,18.37,0.21,2022-10-16,20:32:04,168.09
dash,Fried Oysters,mediterranean,204.24,339.24,617.63,2022-10-16,20:32:04,6340.639999999999
dash,Grilled Asparagus Rafts,chinese,8.25,13.59,7.87,2022-10-16,20:32:04,186.79
dash,Summer's Delight,world,1.46,40.52,0.37,2022-10-16,20:32:04,372.0
dash,Garden Fresh Israeli Couscous,middle eastern,34.49,205.58,30.03,2022-10-16,20:32:04,2108.3
dash,Blue Crab Deviled Eggs,mediterranean,90.81,12.42,229.51,2022-10-16,20:32:04,1393.06
dash,Rosemary Roasted Almonds,french,0.68,1.98,14.59,2022-10-16,20:32:04,78.9
dash,Red Snapper,world,0.69,4.5,0.22,2022-10-16,20:32:04,44.14
dash,Vanilla Bean Crème Brûlée,french,52.16,163.36,53.35,2022-10-16,20:32:04,1892.2800000000002
dash,The Yellow Jacket Recipe,world,0.23,22.03,0.18,2022-10-16,20:32:04,199.91
dash,Tippled Red Wine Linguine,french,76.67,195.98,76.25,2022-10-16,20:32:04,2375.5
dash,Hungry Girl’s Spiced Apple Salad,south american,2.86,20.04,4.11,2022-10-16,20:32:04,208.23999999999998
dash,Meatloaf Muffins,american,88.25,29.18,97.16,2022-10-16,20:32:04,1004.26
dash,Knickerbocker Swizzle,world,1.34,33.32,0.22,2022-10-16,20:32:04,306.12
dash,Cashew-Crusted Tilapia With Wild Rice,mediterranean,13.7,46.89,12.95,2022-10-16,20:32:04,528.61
dash,Pok Pok's Rhubarb Blush Recipe,south east asian,0.14,3.16,0.02,2022-10-16,20:32:04,29.08
dash,Poor Man's Soup,american,28.98,93.73,10.66,2022-10-16,20:32:11,1002.13
dash,Garlic Herb Chicken,mediterranean,103.2,8.17,21.79,2022-10-16,20:32:11,573.49
dash,Blue Cheese Dressing recipes,american,18.7,8.48,23.38,2022-10-16,20:32:11,244.64
dash,Faux Fried Chicken,american,38.07,117.44,13.4,2022-10-16,20:32:11,1262.84
dash,Butternut Souffle,italian,6.17,20.92,4.17,2022-10-16,20:32:11,229.64000000000004
dash,Spinach & Cheese Strata,american,180.08,220.14,166.89,2022-10-16,20:32:11,3369.14
dash,Chicken chow mein,italian,98.55,134.91,37.38,2022-10-16,20:32:11,1757.91
dash,The Lion's Tail Recipe,world,0.92,16.29,1.24,2022-10-16,20:32:11,155.25
dash,Sesame Chicken,chinese,138.91,86.9,83.5,2022-10-16,20:32:11,1671.74
dash,Grandmother's Banana Pudding,british,38.24,293.61,29.81,2022-10-16,20:32:11,2914.69
dash,Come Fly With Us,world,0.34,17.03,0.09,2022-10-16,20:32:11,154.99000000000004
dash,Portmanteau Cocktail Recipe,world,0.34,11.73,0.12,2022-10-16,20:32:11,107.41000000000001
dash,The Chanel 75 Cocktail,world,0.09,14.0,0.04,2022-10-16,20:32:11,126.52
dash,Grandma's Rice Pudding,british,91.7,481.48,182.6,2022-10-16,20:32:11,5430.5199999999995
dash,Pink Passion,world,0.07,14.77,0.09,2022-10-16,20:32:11,133.57000000000002
dash,Cheesy Onion Artichoke Dip,mediterranean,95.87,106.94,184.28,2022-10-16,20:32:18,2083.06
dash,Wildly Interesting Wild Mushroom & Arugula Tart,american,80.66,199.24,697.65,2022-10-16,20:32:18,4906.4
dash,3-Ingredient Walnut Flourless Cake,american,72.47,293.63,202.57,2022-10-16,20:32:18,3742.83
dash,Gazpacho,mediterranean,4.24,15.49,0.59,2022-10-16,20:32:18,158.73000000000002
dash,Easy Roasted Potatoes With Garlic Recipe,american,33.27,276.96,74.64,2022-10-16,20:32:18,2924.2799999999997
dash,Far-Out Curry Dip,indian,0.7,4.17,178.24,2022-10-16,20:32:18,753.2900000000001
dash,Sparkling Julep,world,0.12,18.16,0.01,2022-10-16,20:32:18,163.95999999999998
dash,Rusty Gate,world,0.04,3.03,0.03,2022-10-16,20:32:18,27.55
dash,Chicken with Black Bean Salsa,mexican,47.6,34.91,18.33,2022-10-16,20:32:18,577.9099999999999
dash,Zombie Cocktail Recipe,american,0.79,9.05,0.22,2022-10-16,20:32:18,85.49
dash,Warm Turnip Spread,french,12.56,30.23,20.62,2022-10-16,20:32:18,404.79
dash,Peanut Butter Macaroons,french,24.82,163.56,66.47,2022-10-16,20:32:18,1837.1999999999998
dash,Whiskey Cream Sauce,world,5.7,12.43,79.33,2022-10-16,20:32:18,451.99
dash,Porcini Mushroom Risotto,italian,37.1,179.31,79.93,2022-10-16,20:32:18,2081.91
dash,BBQ Pot Stickers,american,136.57,670.24,279.41,2022-10-16,20:32:18,7696.08
dash,Chocolate Coconut Nests with Jelly Bean Eggs Recipe,french,10.45,97.09,51.51,2022-10-16,20:32:18,1121.65
dash,Chicken Sausage And Potato Skillet,american,20.94,65.36,19.01,2022-10-16,20:32:18,748.04
dash,Maryland Style Mac 'n' Cheese recipes,american,362.96,580.46,428.77,2022-10-16,20:32:24,8391.060000000001
dash,No Fail Black Beans And Rice Garnished With Crispy Baked Plantain Chips,south american,49.39,374.13,20.78,2022-10-16,20:32:24,3647.85
dash,Raw Vegan Coconut Macaroons,american,31.57,95.83,112.34,2022-10-16,20:32:24,1438.1100000000001
dash,Lithuanian Summer Borscht,south east asian,42.28,128.69,25.92,2022-10-16,20:32:24,1431.01
dash,Don't Mind If I Do Recipe,world,0.1,18.79,0.06,2022-10-16,20:32:24,169.75
dash,Fennel-Mint Green Mix recipes,mediterranean,0.72,2.17,0.6,2022-10-16,20:32:24,24.81
dash,Homemade Mayonnaise,american,8.65,7.07,341.31,2022-10-16,20:32:24,1463.47
dash,Korean Hwayo Negroni,world,0.02,0.86,0.0,2022-10-16,20:32:24,7.82
dash,Mint Cream Dream,french,78.0,157.1,73.96,2022-10-16,20:32:24,2021.7399999999998
dash,Apple Pie Grilled Cheese Sandwich recipes,american,20.42,63.28,44.17,2022-10-16,20:32:24,827.8800000000001
dash,Espresso Crème Brûlée,french,55.77,186.45,49.84,2022-10-16,20:32:24,2100.49
dash,Spiced Oven Fries,american,11.23,93.43,14.7,2022-10-16,20:32:24,944.59
dash,Commodity Pasta,italian,93.43,344.51,88.59,2022-10-16,20:32:24,3828.6700000000005
dash,Creamy Tomato Lasagna,italian,268.39,213.68,246.97,2022-10-16,20:32:24,3984.5600000000004
dash,The Pessimist's Requiem,world,0.21,33.93,0.15,2022-10-16,20:32:24,306.81
dash,Baby Takes a Nap Recipe,world,0.0,10.48,0.0,2022-10-16,20:32:24,94.32000000000001
dash,Cold Pudding with Bulgur Grain,british,49.03,116.12,148.69,2022-10-16,20:32:24,1835.9599999999998
dash,Celery & Blue Cheese Dip with Tomato Juice,american,10.32,10.65,9.37,2022-10-16,20:32:31,174.60999999999999
dash,Spiked Vanilla Chai Froth,world,1.49,20.07,2.87,2022-10-16,20:32:31,198.07
dash,Roasted Asparagus with Balsamic Browned Butter,american,11.22,20.01,23.66,2022-10-16,20:32:31,319.61
dash,Thai spinach bites,south east asian,8.83,36.33,9.66,2022-10-16,20:32:31,400.92999999999995
dash,Raw Kale Shiitake Salad recipes,mediterranean,10.38,22.63,38.08,2022-10-16,20:32:31,397.51
dash,Fruit Crisp,american,25.33,316.89,99.11,2022-10-16,20:32:31,3349.77
dash,Foolproof Chocolate Fudge,american,70.61,568.83,240.49,2022-10-16,20:32:31,6363.87
dash,Cheese Straws,american,73.91,383.47,217.48,2022-10-16,20:32:31,4616.79
dash,Lime Scallops,mediterranean,110.91,53.3,45.31,2022-10-16,20:32:31,1104.58
dash,Cheddar Ginger Wafers Recipe,american,64.84,109.96,123.89,2022-10-16,20:32:31,1744.56
dash,Lemon & Walnut Crusted Cod,american,47.49,17.28,44.54,2022-10-16,20:32:31,523.64
dash,Cranberry-Whiskey Sour Slush,world,1.93,258.75,0.7,2022-10-16,20:32:31,2339.27
dash,Carpaccio of Cherries with Creme Fraiche,french,1.72,22.07,11.15,2022-10-16,20:32:31,250.10999999999999
dash,Chicken with Apricot Dijon Mustard,french,104.02,118.15,12.87,2022-10-16,20:32:31,1530.91
dash,10-Minute Egg Drop Soup,chinese,43.17,69.38,42.96,2022-10-16,20:32:31,968.9399999999999
dash,Cheese Balls Three Ways,american,16.27,13.57,179.47,2022-10-16,20:32:31,905.0899999999999
dash,Ooey-Gooey Jam Jar Bars,american,28.27,508.59,164.98,2022-10-16,20:32:31,5350.3099999999995
dash,Apple Pie,american,20.96,564.57,142.26,2022-10-16,20:32:31,5734.01
dash,Scottish Breakfast,world,0.6,11.14,10.5,2022-10-16,20:32:37,144.66000000000003
dash,Hibiscus Mojito recipes,caribbean,0.24,82.21,0.07,2022-10-16,20:32:37,741.13
dash,Hand-Formed Parmesan Tater Tots,italian,36.61,85.51,30.3,2022-10-16,20:32:37,1037.23
dash,Fines-Herbes Omelet: Conventional and Classic,french,19.4,4.6,20.42,2022-10-16,20:32:37,200.68
dash,Patriots Punch,world,0.13,16.28,0.1,2022-10-16,20:32:37,147.44000000000003
dash,Ultimate Country Style Soup,american,78.05,104.08,175.56,2022-10-16,20:32:37,1951.16
dash,Heavenly Bread,american,69.85,179.1,466.66,2022-10-16,20:32:37,3757.9399999999996
dash,Prairie Fizz,world,0.59,15.67,0.17,2022-10-16,20:32:37,144.07000000000002
dash,Couscous with Orange,italian,9.97,54.46,0.5,2022-10-16,20:32:37,532.02
dash,Champagne and Summer Fruit Wedding Jelly recipes,french,24.82,70.45,0.26,2022-10-16,20:32:37,734.37
dash,Tennessee Hollow,world,0.04,1.12,0.0,2022-10-16,20:32:37,10.240000000000002
dash,Kerouac Cocktail,american,0.18,8.32,0.1,2022-10-16,20:32:37,76.0
dash,Roasted Cedar-Plank Salmon with Mustard-Maple Glaze,nordic,149.32,77.47,41.86,2022-10-16,20:32:37,1461.95
dash,Honeyed Cherry Daiquiri,world,0.85,31.88,0.17,2022-10-16,20:32:37,291.0
dash,Summer-Squash Bowl,caribbean,47.7,18.17,24.89,2022-10-16,20:32:37,453.89000000000004
dash,Grilled Fuji-n-Chick 'Wich,american,38.03,41.48,24.15,2022-10-16,20:32:37,622.0400000000001
dash,Fresh Peach Salsa,mexican,5.4,59.11,1.47,2022-10-16,20:32:37,559.47
dash,Beet and Hearts of Palm Salad Recipe,mediterranean,20.58,34.45,14.46,2022-10-16,20:32:44,450.21000000000004
dash,Lemon-Blueberry with Mascarpone Oatmeal,american,7.57,40.93,9.9,2022-10-16,20:32:44,438.25
dash,Green Beans with Caramelized Onions,italian,9.98,70.43,23.38,2022-10-16,20:32:44,767.3100000000001
dash,Original Ranchandreg; Pork Chops,american,106.57,19.57,35.82,2022-10-16,20:32:44,745.6899999999999
dash,The White Gold of Norway?!,french,47.49,17.28,44.54,2022-10-16,20:32:44,523.64
dash,Bite-size Cherry Pie Bites,french,35.04,310.51,186.53,2022-10-16,20:32:44,3680.87
dash,Apple Cinnamon Turnovers,middle eastern,13.99,155.78,36.19,2022-10-16,20:32:44,1602.74
dash,Spicy Chicken Salad,south american,52.15,3.69,6.73,2022-10-16,20:32:44,268.73
dash,"Strawberry, Arugula, And Goat Cheese Pizza",italian,51.79,191.02,56.56,2022-10-16,20:32:44,2152.58
dash,Hasselback Eggplant Parmesan,american,139.61,159.23,148.51,2022-10-16,20:32:44,2585.55
dash,Neely Clam Chowder,american,203.96,186.92,73.13,2022-10-16,20:32:44,2790.64
dash,Intro to Aperol Recipe,french,0.11,8.19,0.05,2022-10-16,20:32:44,74.35
dash,Cauliflower Canapés,mediterranean,39.8,171.75,77.97,2022-10-16,20:32:44,2016.83
dash,"grilled rock cod with miso, leek, and nectarine compote",japanese,67.22,66.34,33.57,2022-10-16,20:32:44,1000.22
dash,Pépa (Cognac And Vodka Cocktail),world,0.12,2.12,0.02,2022-10-16,20:32:51,19.64
dash,Original Martini,american,0.1,6.69,0.01,2022-10-16,20:32:51,60.65
dash,Asian (Soy and Citrus) Glazed Chicken Thighs,indian,152.58,28.84,145.1,2022-10-16,20:32:51,1450.2800000000002
dash,Southern Green Beans,american,207.94,82.62,58.92,2022-10-16,20:32:51,1811.0200000000002
dash,The Cherry Bomb,world,1.03,19.76,0.23,2022-10-16,20:32:51,182.88
dash,Super Breakfast Burritos,mexican,76.58,143.62,61.97,2022-10-16,20:32:51,1846.7799999999997
dash,Paloma Point (Mezcal Negroni With Grapefruit) Recipe,world,0.21,2.96,0.03,2022-10-16,20:32:51,27.6
dash,Smoky Iced Tea and Whiskey Cooler Recipe,british,0.13,11.37,0.15,2022-10-16,20:32:51,103.44999999999999
dash,Prosciutto-Melon Toast,italian,9.18,18.61,7.48,2022-10-16,20:32:51,234.13
dash,Breaded Chicken Fingers,american,102.95,36.31,43.9,2022-10-16,20:32:51,914.19
dash,"Dark Chocolate, Chia, and Cherry Pecan Bar",american,10.48,94.15,67.01,2022-10-16,20:32:51,1157.31
dash,Cucumber-Radish Salad,south american,9.69,28.35,2.38,2022-10-16,20:32:51,303.43
dash,Grilled Corn Casserole,american,16.45,80.78,103.62,2022-10-16,20:32:51,1207.3
dash,Country Chicken Pâté,french,151.74,33.72,65.53,2022-10-16,20:32:51,1172.56
dash,The Scarlet Snake Cocktail,world,1.6,12.84,0.12,2022-10-16,20:32:51,122.44000000000001
dash,Ghanaian Inspired Black Eye Pea's,american,31.83,58.2,16.77,2022-10-16,20:32:51,718.2000000000002
dash,Ultra-Creamy Mashed Potatoes,american,69.03,370.79,77.97,2022-10-16,20:32:51,3925.11
dash,Time for a Drink: Hai Karate Recipe,world,0.42,13.38,0.11,2022-10-16,20:32:58,122.54
dash,Simple Cucumber Salad,american,2.63,17.19,6.21,2022-10-16,20:32:58,190.07000000000002
dash,Fresh Mint Ice Cream,french,29.59,187.4,46.72,2022-10-16,20:32:58,1991.8400000000001
dash,Rise and Shine,american,21.19,27.6,20.95,2022-10-16,20:32:58,416.96000000000004
dash,"Assorted Greens with Feta, Cinnamon Dusted Pecans and Raspberry Vinaigrette",american,24.97,173.85,306.44,2022-10-16,20:32:58,2890.29
dash,Microwave Brownie in a Mug (single serving) Recipe recipes,french,3.74,55.72,29.63,2022-10-16,20:32:58,634.96
dash,Bloody Mary,world,0.92,5.55,0.3,2022-10-16,20:32:58,54.83
dash,Three Onion Mac and Cheese,american,113.95,285.32,126.13,2022-10-16,20:32:58,3528.2000000000003
dash,Gin-To-The-Fire,american,0.19,9.84,0.08,2022-10-16,20:32:58,89.64
dash,Spicy Butterscotch Pudding,british,15.18,110.08,47.34,2022-10-16,20:32:58,1240.8000000000002
dash,Savory Chinese Soybean Milk Soup,chinese,57.41,157.76,96.96,2022-10-16,20:32:58,2037.32
dash,Tomatillo-Avocado Salsa Fresca Recipe,south american,6.28,35.79,24.24,2022-10-16,20:32:58,444.19
dash,Strega's Walnut Manhattan,world,0.2,9.32,0.08,2022-10-16,20:32:58,84.99999999999999
dash,Oregon Thanksgiving Special Recipe,world,0.77,0.8,0.02,2022-10-16,20:32:58,10.360000000000001
dash,Spicy Haddock Fish Cakes,mediterranean,102.58,164.23,3.68,2022-10-16,20:32:58,1903.11
dash,Scotch Bonnet Marmalade Cocktail,world,0.34,22.14,0.13,2022-10-16,20:32:58,201.14000000000001
dash,Old Fashioned (Bourbon and Orange) Ice Cream Recipe,american,30.29,178.43,205.5,2022-10-16,20:32:58,2549.03
dash,Barbecue Wings,american,400.36,49.21,656.96,2022-10-16,20:32:58,4672.17
dash,Zucchini Custards with Tomatoes and Basil,italian,71.88,86.68,47.81,2022-10-16,20:33:04,1258.88
dash,Bananas Foster,american,17.42,295.9,181.86,2022-10-16,20:33:04,3460.22
dash,Skinnygirl Sweet Potato Pie Cocktail,world,1.1,20.76,4.2,2022-10-16,20:33:04,208.04000000000002
dash,Cranberry Citrus Dressing,american,7.64,747.92,3.26,2022-10-16,20:33:04,6774.88
dash,Apple-Pecan Mini Pies recipes,american,48.31,380.02,104.58,2022-10-16,20:33:04,4031.7400000000002
dash,Ring-My-Bella Mushroom Sandwich,american,15.21,40.5,28.64,2022-10-16,20:33:04,539.9000000000001
dash,City Lights,world,1.86,13.12,0.2,2022-10-16,20:33:04,126.32
dash,Blackwood's Gin Spring,world,0.58,14.85,0.17,2022-10-16,20:33:04,136.65
dash,Rice Pudding,british,60.7,608.7,195.5,2022-10-16,20:33:04,6503.1
dash,Individual Sausage Casseroles recipes,british,134.95,21.16,121.68,2022-10-16,20:33:04,1216.96
dash,Sammy’s Maui Mama,world,0.49,20.96,0.15,2022-10-16,20:33:04,191.20000000000002
dash,Toasted Paprika Chickpeas,mediterranean,30.39,99.03,28.82,2022-10-16,20:33:04,1128.11
dash,The Prince Of Wales' Cocktail,world,0.31,9.79,0.06,2022-10-16,20:33:04,89.58999999999997
dash,Bloody Mary-Flavored Gazpacho Recipe,american,10.49,52.84,110.43,2022-10-16,20:33:04,959.2400000000001
dash,Meat Lite: Lentil Sausage Ragout,middle eastern,81.5,181.04,71.26,2022-10-16,20:33:04,2240.4
dash,Bacon Cheddar Frittata,italian,37.88,9.08,56.85,2022-10-16,20:33:04,460.64
dash,Bourbon-Caramel Truffles,american,11.06,141.96,46.94,2022-10-16,20:33:11,1509.64
dash,Marissa Hermer’s Apple Pie,british,34.18,397.77,194.93,2022-10-16,20:33:11,4496.37
dash,Swiss Chard with Garlic and Oregano,eastern europe,5.33,11.86,5.1,2022-10-16,20:33:11,148.46
dash,School of Tapas: Garlic Soup Shots,mediterranean,101.61,36.44,228.64,2022-10-16,20:33:11,1648.96
dash,Bourbon Renewal Recipe,world,0.33,19.7,0.13,2022-10-16,20:33:11,179.14
dash,French Toast ‘n’ Cheese Sandwich,french,15.51,60.45,29.26,2022-10-16,20:33:11,723.13
dash,Aunt Trish’s Salad Dressing,american,14.9,14.82,172.03,2022-10-16,20:33:11,881.1
dash,Tiramisu Truffles,italian,29.48,191.81,161.76,2022-10-16,20:33:11,2491.25
dash,Caramel Pears,american,2.06,97.72,0.56,2022-10-16,20:33:11,889.96
dash,Turmeric Carrot Spread,mediterranean,7.34,31.2,44.58,2022-10-16,20:33:11,488.48
dash,Ruby Can't Fail,world,0.31,13.35,0.07,2022-10-16,20:33:11,121.66999999999999
dash,Chocolate Peanut Butter Sea Salt Power Bites,american,200.51,393.97,138.58,2022-10-16,20:33:11,4902.09
dash,Chili Cheese Egg Bake recipes,american,226.5,94.25,314.04,2022-10-16,20:33:11,3010.41
dash,Dinner Tonight: Chipped Beef Gravy,american,27.23,46.93,24.22,2022-10-16,20:33:11,628.17
dash,Crunchy Snow Peas with Toasted Almonds,american,17.31,44.63,37.23,2022-10-16,20:33:11,619.83
dash,Pommes De Terre En Robe Des Champs,mediterranean,40.14,259.98,40.45,2022-10-16,20:33:18,2662.1800000000003
dash,Cheddar Potato Casserole,italian,20.46,122.46,48.55,2022-10-16,20:33:18,1378.1799999999998
dash,Sweet-and-Sour Almond Chicken,chinese,22.41,30.71,7.18,2022-10-16,20:33:18,394.75
dash,Sunchoke Chips with Warm Blue-Cheese Dip,american,52.84,171.55,50.66,2022-10-16,20:33:18,1957.9499999999998
dash,Blue Cheese-Topped Pork Chops,mediterranean,129.81,4.35,102.9,2022-10-16,20:33:18,969.99
dash,A Creamy Sauced Pasta With Artichokes And Bacon,mediterranean,136.18,322.0,152.19,2022-10-16,20:33:18,4051.4800000000005
dash,Sensational Turkey Noodle Soup,american,65.4,50.29,16.52,2022-10-16,20:33:18,780.2900000000001
dash,Velvety Bittersweet Chocolate Pudding,british,26.76,207.68,74.93,2022-10-16,20:33:18,2275.88
dash,Guacamole,mexican,18.66,86.54,118.41,2022-10-16,20:33:18,1327.1399999999999
dash,Turkey Caesar Sandwich recipes,american,30.13,29.58,19.5,2022-10-16,20:33:18,464.73999999999995
dash,Pots De Creme A L’orange,french,36.91,221.5,123.57,2022-10-16,20:33:18,2635.42
dash,Grilled Asparagus Rafts,british,12.59,21.26,8.11,2022-10-16,20:33:18,274.14
dash,Chicken Sicilian,italian,178.89,83.44,230.66,2022-10-16,20:33:18,2389.16
dash,Fennel Coleslaw,mediterranean,8.9,64.51,1.39,2022-10-16,20:33:18,621.75
dash,Holiday Brunch Bake,american,151.32,153.24,256.1,2022-10-16,20:33:18,3008.84
dash,Fire Roasted Tomato Soup,american,8.14,40.92,29.6,2022-10-16,20:33:18,519.24
dash,Pickled Cucumber and Onion Appetizer,american,12.86,94.98,10.46,2022-10-16,20:33:18,948.1
dash,The Rosita,american,0.02,0.77,0.0,2022-10-16,20:33:18,7.01
dash,Apple Phyllo Cornucopias recipes,mediterranean,33.67,458.82,59.43,2022-10-16,20:33:24,4501.780000000001
dash,"Lime, Soy, and Maple Drizzle",american,2.37,32.94,7.83,2022-10-16,20:33:24,337.26
dash,Coconut Meringues,french,13.19,110.55,14.37,2022-10-16,20:33:24,1105.19
dash,"Vidalia Onion Burger with Honeydew Melon, Caramelized Onions and Goat Cheese",american,108.71,170.01,117.39,2022-10-16,20:33:24,2434.49
dash,Pumpkin Maple Milkshake,american,1.87,21.6,4.41,2022-10-16,20:33:24,219.51999999999998
dash,Jicama Salad With Cucumber And Lime,mexican,6.54,70.37,0.97,2022-10-16,20:33:24,663.37
dash,Peanut Butter Soufflé recipes,american,58.43,145.31,157.47,2022-10-16,20:33:24,2171.39
dash,Sour Cream Cheesecake,american,48.13,274.31,275.52,2022-10-16,20:33:24,3763.39
dash,Cherry-Grapefruit Basil Sorbet,american,6.69,193.45,1.25,2022-10-16,20:33:24,1772.81
dash,Aunt Trish’s Salad Dressing recipes,american,14.9,14.82,172.03,2022-10-16,20:33:24,881.1
dash,Muckraker Punch Recipe,world,0.17,11.19,0.11,2022-10-16,20:33:24,101.83
dash,Overnight Quinoa Pudding,british,32.93,142.61,20.24,2022-10-16,20:33:24,1496.1700000000003
dash,Fresh Mozzarella on Bruschetta with Garlic Pesto,italian,83.6,179.14,262.64,2022-10-16,20:33:24,2997.22
dash,Lemon Verbena-Buttermilk Sherbet,british,20.83,234.28,5.53,2022-10-16,20:33:24,2213.96
dash,Kim in the Swim,american,0.19,23.46,0.04,2022-10-16,20:33:24,212.06
dash,Turkey Caesar Sandwich,american,30.09,29.48,19.49,2022-10-16,20:33:24,463.64
dash,Chocolate Chip Meringues with Strawberries,american,4.63,46.28,3.72,2022-10-16,20:33:31,449.91999999999996
dash,"100-Year-Old Cigar (Rum, Scotch, and Cynar Cocktail) Recipe",world,0.03,9.13,0.09,2022-10-16,20:33:31,82.65
dash,Hot Crab Dip Recipe,american,44.74,13.73,112.39,2022-10-16,20:33:31,752.09
dash,Kicked Up Out of the Can French Onion Soup,french,66.72,185.0,40.84,2022-10-16,20:33:31,2095.2400000000002
dash,Quick and Simple No-Tahini Hummus,mediterranean,62.57,209.24,240.07,2022-10-16,20:33:31,3093.7200000000003
dash,Spinach Oshitashi Style recipes,american,21.28,26.44,5.36,2022-10-16,20:33:31,344.52000000000004
dash,Kimchi Avocado Quesadilla recipes,mexican,60.22,68.31,112.34,2022-10-16,20:33:31,1305.03
dash,Mama Jean's Chicken Noodle Soup,asian,195.69,234.27,75.4,2022-10-16,20:33:31,3192.7900000000004
dash,Golden Yellow Mustard,american,9.35,27.11,39.38,2022-10-16,20:33:31,438.90999999999997
dash,Fall Classic,american,2.59,115.57,0.83,2022-10-16,20:33:31,1053.8099999999997
dash,Cranberry-Chocolate Fudge,american,27.92,370.54,145.28,2022-10-16,20:33:31,4027.66
dash,Roasted Fish Sauce Brussels Sprouts,italian,38.73,144.8,29.92,2022-10-16,20:33:31,1577.8000000000002
dash,Cheese & Chutney Tostados,indian,59.66,66.27,43.85,2022-10-16,20:33:31,1010.4699999999999
dash,Butternut Squash 'Chawanmushi',south east asian,31.57,47.15,18.66,2022-10-16,20:33:38,625.27
dash,Goguma Twigim (Pan-Fried Sweet Potatoes),american,19.05,173.92,28.42,2022-10-16,20:33:38,1755.16
dash,Chocolate-Hazelnut Meringue Kisses,british,21.28,207.12,32.13,2022-10-16,20:33:38,2077.72
dash,Grilled Sweet and Tangy Pork Chops,american,168.38,37.09,73.51,2022-10-16,20:33:38,1301.3700000000001
dash,Grilled Steak and Onion Salad,mediterranean,105.7,47.67,75.37,2022-10-16,20:33:38,1153.31
dash,Stir-Fried Shrimp With Snow Peas And Ginger,chinese,98.51,20.68,31.74,2022-10-16,20:33:38,707.1200000000001
dash,Martha's Sandwich with Bitter Greens recipes,american,51.45,99.25,42.49,2022-10-16,20:33:38,1269.01
dash,The Sea Grill's Grilled Day Boat Sea Scallops,mediterranean,29.83,57.47,231.72,2022-10-16,20:33:38,1563.4299999999998
dash,Mashed Potatoes and Parsnips,american,28.46,227.57,44.81,2022-10-16,20:33:38,2341.21
dash,Sweet & Smoky Brisket,french,341.99,126.64,446.5,2022-10-16,20:33:38,4293.72
dash,Smooth guacamole,mexican,8.77,59.99,23.14,2022-10-16,20:33:38,667.55
dash,Creamy Broccoli Soup recipes,american,22.52,56.59,18.39,2022-10-16,20:33:38,672.95
dash,West Indies Salad,french,83.88,39.07,112.79,2022-10-16,20:33:38,1138.31
dash,Parmesan Shrimp Quesadillas,mexican,96.53,80.5,75.63,2022-10-16,20:33:38,1413.1399999999999
dash,Le Bleu Glacier,world,0.19,5.71,0.05,2022-10-16,20:33:38,52.35
dash,Roasted Root Vegetable Soup with Grilled Cheese Croutons,american,80.42,267.79,85.29,2022-10-16,20:33:38,3072.95
dash,Glazed Aebleskivers,american,32.85,242.76,64.39,2022-10-16,20:33:44,2573.8
dash,Chocolate-Caramel Angel Food Cake,american,34.76,484.98,95.62,2022-10-16,20:33:44,4886.34
dash,Garlic Cheese Spread,american,266.51,510.79,542.37,2022-10-16,20:33:44,7832.630000000001
dash,Singapore Sling,south east asian,1.52,99.02,0.39,2022-10-16,20:33:44,898.8199999999999
dash,Slushies For Grownups,world,2.01,85.23,0.78,2022-10-16,20:33:44,778.23
dash,Kitchen Sink Vegetable Lasagna with Spiced Tofu Cream Sauce,italian,144.81,168.57,118.63,2022-10-16,20:33:44,2570.89
dash,Gazpacho of Cucumber and Fennel with Tomato Sorbet Recipe,mediterranean,16.22,161.66,56.54,2022-10-16,20:33:44,1745.9800000000002
dash,Chinese Lions Head Meatballs,chinese,233.08,260.15,243.08,2022-10-16,20:33:44,4245.99
dash,Maui's Hot Dog Soprano,american,25.56,19.2,67.0,2022-10-16,20:33:44,543.04
dash,Extra-Crispy Lasagna,italian,221.61,261.56,202.3,2022-10-16,20:33:44,4049.6800000000003
dash,Test Pilot,world,0.09,20.31,0.07,2022-10-16,20:33:44,183.43
dash,Pineapple Sage Mojito,world,0.87,20.62,0.71,2022-10-16,20:33:44,191.9
dash,Danish Hakkebøf with Soft Onions - Hakkebøf med Bløde Løg,nordic,25.53,50.33,40.86,2022-10-16,20:33:44,718.53
dash,Indian-Spiced Cashews,american,26.32,78.92,70.76,2022-10-16,20:33:44,1098.6
dash,Zagorski Å¡Trukli,american,156.71,210.95,292.55,2022-10-16,20:33:44,3695.59
dash,Ultra Creamy Mashed Potatoes,american,45.32,217.52,71.01,2022-10-16,20:33:44,2423.0
dash,Anaheim Shrimp Scampi,chinese,125.48,102.63,151.58,2022-10-16,20:33:51,2031.9099999999999
dash,Chocolate Coeurs a la Creme,french,31.19,180.37,229.52,2022-10-16,20:33:51,2666.17
dash,Pisco Sour,south american,0.3,206.45,0.04,2022-10-16,20:33:51,1859.41
dash,The Singapore Sling,south east asian,0.28,20.08,0.14,2022-10-16,20:33:51,182.39999999999998
dash,Shallot Parsley Dip,american,22.8,20.99,19.91,2022-10-16,20:33:51,359.75
dash,Roti with Curried Filling,indian,50.34,204.19,22.93,2022-10-16,20:33:51,2130.79
dash,Roasted Raw Bananas,american,8.11,80.46,75.44,2022-10-16,20:33:51,1058.34
dash,Grilled Breadsticks,american,4.36,14.07,12.97,2022-10-16,20:33:51,195.95
dash,Test Pilot Recipe,world,0.06,10.68,0.01,2022-10-16,20:33:51,96.4
dash,Kastel's Pumpkin Punch Cocktail Recipe,american,0.48,19.07,0.18,2022-10-16,20:33:51,174.26999999999998
dash,Shrimp Scampi,italian,162.42,401.28,113.57,2022-10-16,20:33:51,4715.48
dash,Strawberry-Pecan Quick Bread,american,35.86,387.64,106.1,2022-10-16,20:33:51,4056.6
dash,Spinach and Feta Puff Pastry Bites,mediterranean,27.72,36.65,36.38,2022-10-16,20:33:51,586.25
dash,Christmas Egg Pie,american,130.01,52.81,161.37,2022-10-16,20:33:51,1640.81
dash,Drunken Cranberry-Orange Relish,world,4.94,230.76,5.56,2022-10-16,20:33:51,2118.84
dash,Thai Iced Tea Ice Cream,south east asian,55.92,248.18,145.6,2022-10-16,20:33:51,3039.7
dash,Absinthe and Old Lace Cocktail Recipe,american,3.19,17.14,5.47,2022-10-16,20:33:51,188.89999999999998
dash,Candy Corn Trifle,british,51.1,734.24,112.55,2022-10-16,20:33:51,7262.759999999999
dash,The Pink Drink,world,2.87,52.66,0.6,2022-10-16,20:33:58,487.81999999999994
dash,Manhattan Ice Cream Float,american,26.99,198.89,146.97,2022-10-16,20:33:58,2485.85
dash,Cuban Pulled Pork Tacos,mexican,278.39,72.47,287.15,2022-10-16,20:33:58,2914.39
dash,Almond Meal Encrusted Chicken Nuggets - REAL FOOD Healing Recipe from Mee Tracy McCormick,american,191.06,25.06,137.85,2022-10-16,20:33:58,1541.1799999999998
dash,Campbell's Classic Green Bean Casserole,south east asian,25.26,147.27,63.74,2022-10-16,20:33:58,1681.43
dash,Acorn Squash Fondue,french,71.36,81.84,191.57,2022-10-16,20:33:58,1788.28
dash,"Twice Baked Sweet Potatoes with Rosemary, Gruyere and Coffee Spiced Pecans",american,14.69,85.49,46.72,2022-10-16,20:33:58,1015.05
dash,Prosciutto-Wrapped Shrimp with Bourbon Barbecue Sauce recipes,american,83.39,95.48,45.97,2022-10-16,20:33:58,1376.7600000000002
dash,The Bijou,world,0.03,5.34,0.04,2022-10-16,20:33:58,48.339999999999996
dash,Pork Chops with Peach Salsa,mexican,169.44,44.83,73.07,2022-10-16,20:33:58,1373.51
dash,Iceberg Salad With Benihana Ginger Dressing,mediterranean,11.46,57.99,55.89,2022-10-16,20:33:58,791.31
dash,Quesadillas,mexican,120.6,295.0,177.32,2022-10-16,20:33:58,3846.6800000000003
dash,Sensational Turkey Noodle Soup,american,65.41,49.96,16.52,2022-10-16,20:33:58,777.36
dash,Seared Salmon,nordic,81.1,1.38,59.35,2022-10-16,20:33:58,574.22
dash,Shaved Brussels Sprouts Salad,american,21.91,69.71,44.26,2022-10-16,20:34:04,892.0699999999999
dash,Stir-Fried Beef with Tomato and Basil,chinese,60.87,41.45,75.79,2022-10-16,20:34:04,919.69
dash,Seared Salmon With Cinnamon And Chili Powder,nordic,81.1,1.38,59.35,2022-10-16,20:34:04,574.22
dash,Pumpkin-Swirl Cheesecake,american,116.18,1331.1,374.13,2022-10-16,20:34:04,13941.14
dash,Spinach-Artichoke Potato Topper,mediterranean,19.57,115.32,67.56,2022-10-16,20:34:04,1386.3999999999999
dash,Basil Butter Broiled Oysters,american,115.45,63.68,119.49,2022-10-16,20:34:04,1512.88
dash,East India Cocktail,american,0.08,10.95,0.02,2022-10-16,20:34:04,98.94999999999999
dash,Au Gratin Potatoes (Scalloped Potatoes),french,89.15,279.78,129.73,2022-10-16,20:34:04,3393.5399999999995
dash,Asian Salmon Burgers with Grilled Scallions recipes,nordic,95.73,13.53,81.57,2022-10-16,20:34:04,830.97
dash,Quick Chicken Chasseur,american,185.75,32.21,158.22,2022-10-16,20:34:04,1665.77
dash,Cilantro Grilled Chicken Breast,mediterranean,105.17,13.32,132.24,2022-10-16,20:34:04,1069.52
dash,Roasted Brussels Sprouts and Chestnuts,american,26.1,140.25,33.81,2022-10-16,20:34:04,1501.89
dash,Firecracker Chicken,american,179.41,42.81,82.87,2022-10-16,20:34:04,1434.41
dash,Grandma Dora’s Chopped Liver,kosher,108.64,19.45,75.73,2022-10-16,20:34:04,912.53
dash,Smoked Tuna Dip,american,47.69,2.4,15.61,2022-10-16,20:34:04,274.79999999999995
dash,Savory Green Apple Salad,american,4.25,29.14,19.39,2022-10-16,20:34:11,356.82
dash,Macaroni and Cheese,american,132.92,224.58,224.77,2022-10-16,20:34:11,3451.98
dash,Blue Cheese Turkey Rolls,american,30.85,3.56,31.32,2022-10-16,20:34:11,280.72
dash,Blackberry Mary,world,1.19,17.3,0.35,2022-10-16,20:34:11,161.86
dash,Chicken Stir Fry,chinese,124.52,11.77,42.06,2022-10-16,20:34:11,772.25
dash,Decadent Skinny Slaw,american,8.93,54.21,45.49,2022-10-16,20:34:11,705.57
dash,Pasion Andina,world,0.69,27.55,0.22,2022-10-16,20:34:11,251.59
dash,Mellow Yellow Spaghetti Squash Casserole,italian,65.58,267.24,43.81,2022-10-16,20:34:11,2842.7200000000003
dash,El Chupacabra,mediterranean,4.02,54.42,0.82,2022-10-16,20:34:11,509.14
dash,Quick tomato soup with cheesy garlic dippers,american,41.38,87.13,41.62,2022-10-16,20:34:11,1116.1699999999998
dash,Quinoa and Black eyed pea salad,american,30.28,151.97,39.21,2022-10-16,20:34:11,1645.6899999999998
dash,Grits Cheesecake,american,65.26,514.5,240.49,2022-10-16,20:34:11,5853.5
dash,Gentlemen's Relish Recipe,british,67.75,2.34,206.23,2022-10-16,20:34:11,1116.98
dash,Corn Fritters a la New England,american,27.97,159.14,20.77,2022-10-16,20:34:11,1627.2199999999998
dash,Louisiana Crab Cakes,french,44.18,47.47,26.8,2022-10-16,20:34:11,711.1500000000001
dash,Lemony Kale and Roasted Mushroom Salad with Pecans recipes,american,31.75,83.78,100.03,2022-10-16,20:34:18,1281.1399999999999
dash,Agave teriyaki salmon and brown rice,nordic,225.47,399.61,133.27,2022-10-16,20:34:18,5031.45
dash,"Purple sprouting broccoli, poached eggs & hollandaise",french,71.55,164.24,194.83,2022-10-16,20:34:18,2543.6800000000003
dash,Easy Green Chile Quesadilla Recipe With Sprouted Corn Tortillas,mexican,34.34,48.42,50.87,2022-10-16,20:34:18,776.6200000000001
dash,Mediterranean Pasta Shells,mediterranean,38.58,168.61,42.05,2022-10-16,20:34:18,1840.0100000000002
dash,Sweet 'n' Sassy Grilled Flank Steak,american,169.61,27.33,78.02,2022-10-16,20:34:18,1236.49
dash,Rum-Raisin Rice Pudding,british,21.66,175.77,25.54,2022-10-16,20:34:18,1770.7300000000002
dash,Chipotle Flourless Chocolate Cake recipes,mexican,44.5,395.17,189.79,2022-10-16,20:34:18,4493.6900000000005
dash,Mini ginger latkes with dipping sauce,italian,35.33,118.37,16.72,2022-10-16,20:34:18,1273.5299999999997
dash,Butternut Squash and Bacon Bloody Mary,american,2.09,19.71,0.57,2022-10-16,20:34:18,188.03
dash,Seared Salmon with Cinnamon and Chile Powder,nordic,81.1,1.38,59.35,2022-10-16,20:34:18,574.22
dash,Smoked Salmon Spread,nordic,43.65,13.74,106.8,2022-10-16,20:34:18,725.46
dash,Egg fried rice with tomatoes,chinese,34.1,111.44,45.35,2022-10-16,20:34:18,1320.7600000000002
dash,My Family’s Noodle Kugel,asian,208.36,757.6,114.75,2022-10-16,20:34:18,8110.84
dash,Chile Hold The Beans Add The Vegs,mexican,117.27,71.13,26.36,2022-10-16,20:34:18,1214.69
dash,Low-Fat Warm Eggnog,british,31.97,105.23,14.15,2022-10-16,20:34:18,1131.55
dash,Guinness Float,american,29.8,130.28,127.51,2022-10-16,20:34:18,1801.76
dash,Shrimp Scampi for the Feast of the Fishes,south east asian,108.98,87.19,192.62,2022-10-16,20:34:18,1991.1100000000001
dash,Eggs Benedict recipes,american,86.48,58.51,159.2,2022-10-16,20:34:25,1509.31
dash,Edible Pantries Recipe,world,0.01,2.55,0.0,2022-10-16,20:34:25,22.99
dash,Slow-Cooked Swedish Meatballs,nordic,175.53,319.14,129.57,2022-10-16,20:34:25,4092.66
dash,Raw Chocolate Mousse,american,14.37,132.29,62.11,2022-10-16,20:34:25,1496.53
dash,Caesar Salad,american,66.86,123.94,247.55,2022-10-16,20:34:25,2373.1000000000004
dash,Easy Green Bean Casserole,italian,21.41,139.31,58.84,2022-10-16,20:34:25,1574.79
dash,Grilled shrimp with olives and feta,mediterranean,67.66,9.4,70.22,2022-10-16,20:34:25,636.12
dash,"Roasted Chicken Butternut Squash, Potatoes and Leeks",american,49.4,116.2,26.29,2022-10-16,20:34:25,1348.56
dash,Don't Be Sour,french,2.96,21.57,0.1,2022-10-16,20:34:25,206.37
dash,Guy Fieri's Fried Plantains with Sweet Heat,south american,11.84,206.46,120.46,2022-10-16,20:34:25,2387.34
dash,Beef and Vegetable Kabob,middle eastern,98.58,18.15,87.59,2022-10-16,20:34:25,908.03
dash,Sweet & Spicy Roasted Carrots,south american,6.09,76.45,30.24,2022-10-16,20:34:25,833.3700000000001
dash,"Easy, Lemony Chicken & Rice Soup with Dill",japanese,200.16,277.52,67.05,2022-10-16,20:34:25,3566.5199999999995
dash,Moist and Savory Stuffing,american,61.47,343.49,21.05,2022-10-16,20:34:25,3421.49
dash,Apple-Bacon Egg Bake,american,43.18,48.95,76.63,2022-10-16,20:34:25,919.79
dash,Balsamic-glazed scallops,mediterranean,83.39,33.31,49.65,2022-10-16,20:34:25,831.95
dash,Grilled Mango and Marinated Sirloin Kebabs,american,115.86,96.18,25.33,2022-10-16,20:34:31,1430.38
dash,Caesar Dressing recipes,american,12.08,6.85,64.18,2022-10-16,20:34:31,366.69000000000005
dash,Hot Artichoke-Parmesan Spread,mediterranean,70.23,52.11,60.7,2022-10-16,20:34:31,992.71
dash,"Spicy, Smoky Homemade Kale Chips",south american,11.21,23.5,36.59,2022-10-16,20:34:31,402.70000000000005
dash,Classic Chicken Salad recipes,american,26.47,2.52,28.67,2022-10-16,20:34:31,243.24
dash,Pad See Ew,south east asian,28.98,155.63,65.99,2022-10-16,20:34:31,1780.5500000000002
dash,Lime-Glazed Angel Food Cake,american,34.65,596.87,15.97,2022-10-16,20:34:31,5574.31
dash,Lobster With Thermidor Butter,american,70.84,21.45,128.56,2022-10-16,20:34:31,990.65
dash,Roasted Tomato Hummus,mediterranean,42.35,128.35,50.71,2022-10-16,20:34:31,1527.3899999999999
dash,Sauteed fiddlehead ferns,french,25.99,32.7,29.31,2022-10-16,20:34:31,515.5
dash,Spicy Green Bean Salad,mediterranean,20.84,120.41,47.94,2022-10-16,20:34:31,1358.81
dash,Drinking in Season: Cranberry Crush Recipe,american,0.44,218.38,0.13,2022-10-16,20:34:31,1967.7
dash,Lemon Linguine recipes,italian,73.7,184.16,57.89,2022-10-16,20:34:31,2183.8
dash,Himalayan Salt Bowl Chocolate Fondue Recipe,italian,34.66,246.9,186.26,2022-10-16,20:34:31,3105.7799999999997
dash,Caesar Brussels Sprouts Salad with Almonds,american,22.56,39.91,35.15,2022-10-16,20:34:31,590.03
dash,Quinoa Eetch (Red Quinoa Tabouli),middle eastern,35.52,169.51,28.17,2022-10-16,20:34:38,1780.35
dash,Strawberry Love Dessert And Its Coconut Cream,french,16.52,119.84,76.99,2022-10-16,20:34:38,1452.6
dash,Chocolate and Berry-Covered Meringue,american,21.74,252.41,15.87,2022-10-16,20:34:38,2422.13
dash,Chinese Vegetarian Chicken,chinese,39.62,67.92,56.91,2022-10-16,20:34:38,997.4
dash,"Sautè of Liver, Bacon, and Shallots",central europe,103.84,59.26,145.62,2022-10-16,20:34:38,1531.18
dash,Classic Canadian Bacon Eggs Benedict recipes,american,58.98,34.73,155.33,2022-10-16,20:34:38,1169.81
dash,Chipotle Flourless Chocolate Cake,mexican,44.5,395.17,189.79,2022-10-16,20:34:38,4493.6900000000005
dash,Roasted Fig Cocktail Recipe,mediterranean,5.0,135.28,1.88,2022-10-16,20:34:38,1245.04
dash,Lemony Prawns & Avocado,british,187.4,413.56,190.68,2022-10-16,20:34:38,5234.360000000001
dash,Apple and Cashew Spread Sandwich,mediterranean,15.98,54.71,33.77,2022-10-16,20:34:38,691.39
dash,Sweet Heat Green Beans,south east asian,7.14,35.39,24.66,2022-10-16,20:34:38,445.71
dash,Baked Rice and Cheese,american,149.2,594.04,152.41,2022-10-16,20:34:38,6552.8
dash,Party Cheese Ball,american,66.98,27.37,196.47,2022-10-16,20:34:38,1300.13
dash,Cold Japanese Soba Noodles with Green Onion,asian,38.9,150.13,9.94,2022-10-16,20:34:38,1546.53
dash,Ginger-Glazed Grilled Carrot And Pea Shoot Salad,south american,7.59,73.68,28.64,2022-10-16,20:34:38,808.0400000000002
dash,Fried ham and cheese sandwich,italian,94.87,36.26,157.3,2022-10-16,20:34:38,1335.02
dash,The Chicago Hot Dog,american,12.32,38.71,14.84,2022-10-16,20:34:38,457.03
dash,Chipotle-Honey Roast Cauliflower with Basil,mediterranean,13.16,90.45,43.85,2022-10-16,20:34:45,1042.0900000000001
dash,Lump Crab Cakes from Bowens Island,american,94.81,57.85,131.8,2022-10-16,20:34:45,1427.0900000000001
dash,Ultra Creamy Mashed Potatoes,american,68.23,376.47,78.66,2022-10-16,20:34:45,3975.7900000000004
dash,Caramelised Apple Cake With Cointreau Custard,american,56.46,389.76,159.32,2022-10-16,20:34:45,4370.96
dash,Cheddar and Pumpkin-seed Oatcakes,mediterranean,43.5,92.78,61.37,2022-10-16,20:34:45,1254.5
dash,Pimento Cheese recipes,south american,57.05,16.17,166.2,2022-10-16,20:34:45,1038.53
dash,Pesto Cottage Cheese Dip,american,86.52,298.87,131.06,2022-10-16,20:34:45,3560.1499999999996
dash,Fresh Raspberry Lemon Cheesecake Tart,american,34.42,314.07,177.51,2022-10-16,20:34:45,3674.35
dash,Fig-Pecan Macaroons,american,18.18,249.45,78.93,2022-10-16,20:34:45,2633.49
dash,Cilantro Chicken Milanese with Raita recipes,american,132.73,97.51,89.35,2022-10-16,20:34:45,1765.9099999999999
dash,Fig & Squash Blossom Salad,mexican,6.35,30.01,46.25,2022-10-16,20:34:45,480.49
dash,Garlic Cheese Bread,italian,196.95,173.29,393.45,2022-10-16,20:34:45,3921.21
dash,Cheater Baked beans,american,50.04,263.64,37.63,2022-10-16,20:34:45,2723.4399999999996
dash,Grilled Plum & Strawberry Skewers with Sweet Mint Pesto,american,8.83,56.42,24.92,2022-10-16,20:34:45,642.78
dash,East of Ireland Recipe,american,1.32,331.48,1.09,2022-10-16,20:34:45,2992.9600000000005
dash,Memphis Magic,american,3.89,39.52,35.41,2022-10-16,20:34:45,512.88
dash,“Gypsy” Celebration Soup,south american,79.32,295.36,55.55,2022-10-16,20:34:45,3197.7200000000003
dash,Cheese Straws,american,258.22,398.13,493.73,2022-10-16,20:34:45,6590.97
dash,Fresh Mint Ice Cream,french,28.01,205.21,44.29,2022-10-16,20:34:52,2136.09
dash,Sugar Biscuits recipes,american,50.63,938.69,301.03,2022-10-16,20:34:52,9854.850000000002
dash,The Blood Orange Marmalade Sour,world,1.68,25.24,0.08,2022-10-16,20:34:52,234.2
dash,Spiced Butternut Soup with Crab,south american,52.77,79.05,8.49,2022-10-16,20:34:52,956.49
dash,Summer Spaghetti,italian,89.64,160.8,82.64,2022-10-16,20:34:52,2136.32
dash,Honey-Orange Marshmallows,american,72.31,648.5,12.14,2022-10-16,20:34:52,6174.3
dash,Fresh Strawberry Ice Cream,american,21.66,216.5,191.25,2022-10-16,20:34:52,2800.1400000000003
dash,Roasted Cumin-Rubbed Snapper,mediterranean,123.34,66.65,66.84,2022-10-16,20:34:52,1360.5700000000002
dash,Strawberry Yogurt Tartelette,american,48.96,185.03,50.98,2022-10-16,20:34:52,2065.0299999999997
dash,Carmelized onion with bacon and green apple dip/spread,american,22.08,49.91,91.59,2022-10-16,20:34:52,903.87
dash,Frosted Cauliflower Recipe,american,32.93,20.61,112.92,2022-10-16,20:34:52,768.8900000000001
dash,Shrimp Toast,french,120.65,391.69,83.07,2022-10-16,20:34:52,4340.09
dash,Black Skillet Cornbread,american,72.12,264.58,101.56,2022-10-16,20:34:52,3075.9399999999996
dash,The Awesome-Est Blueberry Muffins,american,18.65,286.51,135.67,2022-10-16,20:34:52,3195.87
dash,Frog Legs with Garlic and Parsley,french,89.79,6.43,21.01,2022-10-16,20:34:52,501.07000000000005
dash,Maple Water Golden Milk,american,0.41,4.7,27.34,2022-10-16,20:34:52,153.3
dash,Cranberry-Almond Green Salad with Honey Mustard Vinaigrette recipes,american,22.64,20.37,196.99,2022-10-16,20:34:52,1061.85
dash,Scallops beurre blanc,french,19.13,25.49,102.68,2022-10-16,20:34:58,716.6500000000001
dash,Spiced-Pomegranate Poached Pears,american,6.72,108.36,20.4,2022-10-16,20:34:58,1083.72
dash,Alexander McCream Spiced Pumpkin Ice Cream,american,15.35,136.14,59.35,2022-10-16,20:34:58,1524.06
dash,Orange Sling,french,0.35,40.21,0.33,2022-10-16,20:34:58,364.60999999999996
dash,Viewing Party Cocktail: A Brief History of Thyme,world,0.6,11.19,0.29,2022-10-16,20:34:58,104.27
dash,Deviled ‘Guacamole’ Eggs Dip,south american,46.05,15.74,64.83,2022-10-16,20:34:58,585.1800000000001
dash,Hot Roast Beef Sandwiches,american,254.49,291.71,260.4,2022-10-16,20:34:58,4684.95
dash,Funky Monkey Parfaits,french,32.04,381.37,60.28,2022-10-16,20:34:58,3801.6099999999997
dash,Salmon Ceviche with Avocado and Ginger Recipe,nordic,74.69,31.41,75.43,2022-10-16,20:34:58,883.1700000000001
dash,Apple Injected Smoked Pork,mediterranean,422.8,112.22,300.14,2022-10-16,20:34:58,3901.7400000000002
dash,Fudge Cake,american,66.2,508.28,342.13,2022-10-16,20:34:58,6207.84
dash,Peach and Cardamon Crisp,american,11.19,171.65,48.76,2022-10-16,20:34:58,1784.65
dash,Individual Sausage Casseroles recipes,british,204.66,25.38,234.08,2022-10-16,20:34:58,1983.38
dash,Chorizo-and-Cilantro Eggs,mediterranean,71.88,7.22,159.5,2022-10-16,20:34:58,990.5
dash,Blood Mary Pickles,world,6.64,43.62,1.55,2022-10-16,20:35:05,425.34
dash,"Stuffed Red Peppers ,Creole.",american,26.61,84.66,41.17,2022-10-16,20:35:05,1033.06
dash,Red Hot Apple Pie in a Mug,french,6.73,121.93,42.92,2022-10-16,20:35:05,1295.9700000000003
dash,Flourless Chocolate Cake,american,57.67,392.69,297.45,2022-10-16,20:35:05,4954.69
dash,Sweet-and-Spicy Yogurt,mediterranean,21.83,14.19,15.88,2022-10-16,20:35:05,278.54999999999995
dash,Cucumber Dill Yogurt Salad recipes,american,16.59,56.3,9.33,2022-10-16,20:35:05,610.38
dash,Heirloom Tomato with Mango Vinaigrette on a Toasted Baguette,american,75.82,261.78,138.47,2022-10-16,20:35:05,3213.1799999999994
dash,Homegrown Microgreens Salad recipes,american,9.83,36.62,47.89,2022-10-16,20:35:05,560.46
dash,Tomatillo Corn Salsa Recipe,south american,4.85,35.43,2.54,2022-10-16,20:35:05,348.43
dash,Eat for Eight Bucks: Roasted Tomato Quesadillas with Cilantro Cream Recipe,mexican,47.77,95.1,93.53,2022-10-16,20:35:05,1421.1
dash,Balsamic Onion and Thyme Carrots,american,6.59,66.0,28.25,2022-10-16,20:35:05,733.36
dash,Sneaky Stovetop Mac ’N‘ Cheese,american,138.13,224.79,151.29,2022-10-16,20:35:05,3180.79
dash,Butternut Bowl o' Soup,south american,23.21,151.88,15.54,2022-10-16,20:35:05,1521.92
dash,Thai Turkey Noodle Soup,american,162.99,246.95,80.25,2022-10-16,20:35:05,3195.5099999999998
dash,Charleston Bread Pudding With Whiskey-Soaked Raisins,british,70.01,544.27,129.05,2022-10-16,20:35:05,5694.67
dash,"Roast Beef, Arugula, and Pickled Onion Wrap",american,19.61,46.91,10.93,2022-10-16,20:35:05,544.3499999999999
dash,Honey-Pear Pizza,italian,37.72,183.99,64.54,2022-10-16,20:35:05,2064.95
dash,Bloody Marys,french,10.36,42.54,2.9,2022-10-16,20:35:05,435.90000000000003
dash,Pimento Cheese,south american,132.27,48.53,232.39,2022-10-16,20:35:12,1895.4099999999999
dash,Sauteed Bananas with Tangy Sweet Cream,american,7.59,166.29,34.2,2022-10-16,20:35:12,1663.7699999999998
dash,MARINATED ZUCCHINI & TOMATO LASAGNA with CASHEW HERB CHEESE recipes,italian,35.64,80.72,78.88,2022-10-16,20:35:12,1184.56
dash,Breakfast Burritos For 2,mexican,53.78,66.4,66.15,2022-10-16,20:35:12,1077.3200000000002
dash,Balsamic Mushroom Quinoa,south american,27.03,136.63,37.38,2022-10-16,20:35:12,1487.31
dash,Roasted Garlic Aioli,mediterranean,15.48,49.44,190.19,2022-10-16,20:35:12,1267.6399999999999
dash,Garlic Cheese Bread recipes,italian,196.95,173.29,393.45,2022-10-16,20:35:12,3921.21
dash,Pumpkin Flip,american,2.97,23.78,0.91,2022-10-16,20:35:12,229.54
dash,Game Day BBQ Chicken Pizzettes recipes,american,165.63,496.59,474.25,2022-10-16,20:35:12,7028.83
dash,Swiss Chard Tzatziki (Yogurt Dip) recipes,mediterranean,22.94,90.83,31.37,2022-10-16,20:35:12,1034.71
dash,The Pit Authentic Barbecue's Coleslaw,central europe,13.75,89.28,252.18,2022-10-16,20:35:12,1867.24
dash,Vegetarian Pad See Ew,south east asian,28.98,155.63,65.99,2022-10-16,20:35:12,1780.5500000000002
dash,Italian Pork and Pepper Stew ~ Crock Pot Style,italian,187.76,64.41,116.05,2022-10-16,20:35:12,1794.93
dash,Baby Vegetable Antipasto,italian,38.01,117.57,38.46,2022-10-16,20:35:12,1364.0099999999998
dash,My crumble topping,american,12.21,159.36,63.06,2022-10-16,20:35:12,1735.3200000000002
dash,Leftover-Babka Bread Pudding Recipe,british,77.22,342.09,144.45,2022-10-16,20:35:12,3965.49
dash,End of summer golden gazpacho,italian,38.72,203.87,90.84,2022-10-16,20:35:12,2353.07
dash,Two Turtledoves Cocktail Recipe,american,1.72,163.83,1.87,2022-10-16,20:35:12,1488.8300000000002
dash,Salmon BLT,nordic,94.29,128.53,134.93,2022-10-16,20:35:18,2073.65
dash,Quinoa Stuffed Zucchini,mediterranean,28.09,116.91,74.06,2022-10-16,20:35:18,1460.79
dash,Smoked Salmon Potato Nests,nordic,19.77,42.04,52.16,2022-10-16,20:35:18,666.0799999999999
dash,Du Barry Chocolate Cake,american,49.1,298.95,337.55,2022-10-16,20:35:18,4237.15
dash,Mai Tai,world,0.49,16.72,0.14,2022-10-16,20:35:18,153.0
dash,Spinach Salad with Warm Bacon Dressing recipes,american,54.64,34.66,132.98,2022-10-16,20:35:18,1062.42
dash,Asian Chicken Meatballs,south east asian,92.17,29.28,70.63,2022-10-16,20:35:18,914.72
dash,Fried Deviled Eggs,south east asian,95.46,145.3,237.92,2022-10-16,20:35:18,2641.22
dash,Candied Orange Slices with Ganache Dipping Sauce,american,6.14,978.63,26.75,2022-10-16,20:35:18,8939.23
dash,Pan-Fried Smoked Salmon With Green Beans & Chives,nordic,38.53,79.65,63.01,2022-10-16,20:35:18,1123.01
dash,Sensational Chicken Noodle Soup,asian,62.76,54.19,21.87,2022-10-16,20:35:18,826.23
dash,Spaghetti with homemade canned tomatoes,italian,75.56,407.06,47.01,2022-10-16,20:35:18,4153.82
dash,Grilled Peaches with Honey Cream,american,18.55,114.81,40.04,2022-10-16,20:35:18,1267.65
dash,Creamy Vegan Butternut Squash Mac And Cheese,american,132.14,453.36,72.61,2022-10-16,20:35:18,4899.24
dash,Spinach and Bacon Quiche,french,146.22,201.45,270.74,2022-10-16,20:35:18,3480.89
dash,Marcie's Aioli Recipe,american,8.77,25.98,129.22,2022-10-16,20:35:25,785.78
dash,Turkey Re-Hash,american,303.67,566.02,183.75,2022-10-16,20:35:25,7043.860000000001
dash,Shredded Beef with Red Jalapeno Peppers,american,61.78,34.25,75.4,2022-10-16,20:35:25,856.97
dash,Ginger cran apple upside down cake,british,38.62,403.47,109.64,2022-10-16,20:35:25,4224.27
dash,Mega Egga Macaroni Salad,american,191.16,689.16,625.54,2022-10-16,20:35:25,9469.24
dash,Spanish Baked Chicken,mediterranean,228.28,87.12,285.21,2022-10-16,20:35:25,2838.04
dash,Grilled Hanging Tenderloin,american,39.63,28.81,48.1,2022-10-16,20:35:25,610.2099999999999
dash,"Oysters with Creme Fraiche, Lemon, and Tarragon",french,16.31,17.86,26.95,2022-10-16,20:35:25,333.78000000000003
dash,Blueberry Pie Sundaes,american,40.69,218.37,19.61,2022-10-16,20:35:25,2206.53
dash,Potato Latkes Made Simple: A Twitter Recipe,kosher,31.55,110.84,118.28,2022-10-16,20:35:25,1596.88
dash,Green Bean Casserole,american,38.7,146.44,4.81,2022-10-16,20:35:25,1492.0
dash,Crispy Pan-Fried Chicken with Ranch Dipping Sauce,american,36.92,34.66,54.64,2022-10-16,20:35:25,678.18
dash,Amalfi Style Shrimp,mediterranean,103.99,68.59,33.41,2022-10-16,20:35:25,1166.9099999999999
dash,Quick Quarter-Pounders,mediterranean,120.63,35.91,66.3,2022-10-16,20:35:25,1070.9099999999999
dash,Light Lemon Mayonnaise,mediterranean,5.63,2.76,167.25,2022-10-16,20:35:25,716.36
dash,Four-Onion Pizza with Goat Cheese,italian,52.32,201.89,100.59,2022-10-16,20:35:25,2428.6499999999996
dash,Tabbouleh with Persimmons and Almonds recipes,middle eastern,27.0,110.27,69.26,2022-10-16,20:35:32,1377.4699999999998
dash,Pasta Pomodoro,italian,26.9,134.36,88.3,2022-10-16,20:35:32,1670.0400000000002
dash,Spiked Hot Chocolate,american,29.23,177.05,72.21,2022-10-16,20:35:32,1999.21
dash,"Lemony Green Bean Salad with Feta, Red Onion, and Marjoram",mediterranean,25.7,46.68,79.5,2022-10-16,20:35:32,840.92
dash,Quick Cajun Chicken Alfredo,american,231.28,506.64,194.97,2022-10-16,20:35:32,6264.76
dash,Shrimp Scampi,south east asian,103.75,47.06,82.09,2022-10-16,20:35:32,1166.9
dash,Stuffed Acorn Squash,american,105.52,384.43,120.66,2022-10-16,20:35:32,4364.59
dash,Orange Roughy with Parmesan and Green Onions,italian,139.15,5.86,103.46,2022-10-16,20:35:32,1023.1800000000001
dash,Poc Chuc,mediterranean,147.72,34.08,67.33,2022-10-16,20:35:32,1166.9199999999998
dash,Macaroni and Cheese Waffles Recipe,italian,204.41,419.87,229.87,2022-10-16,20:35:32,5515.950000000001
dash,Almond-Crusted Tilapia,mediterranean,78.56,19.76,39.02,2022-10-16,20:35:32,648.1600000000001
dash,Garden Vegetable Quiche,french,60.6,159.55,109.18,2022-10-16,20:35:32,2115.07
dash,Halibut With Ginger & Cilantro,american,138.95,207.71,15.9,2022-10-16,20:35:32,2488.79
dash,Bacon-Broccoli Quiche Cups,french,39.39,10.05,68.11,2022-10-16,20:35:32,520.45
dash,Crab Cake BLT,american,138.95,233.26,479.88,2022-10-16,20:35:32,4574.66
dash,Baked Crabcakes Recipe,american,86.41,31.56,59.05,2022-10-16,20:35:32,865.8799999999999
dash,Shrimp Spaghetti And Asparagus Pesto,italian,187.85,288.56,100.95,2022-10-16,20:35:38,3752.2400000000002
dash,Crema de Frijol (spicy cream of black bean),mexican,183.4,568.12,29.72,2022-10-16,20:35:38,5965.56
dash,Browned Butter Bananas with Toasted Pecans,american,9.74,149.0,72.34,2022-10-16,20:35:38,1669.3200000000002
dash,Fried Plantains with Sweet Heat,south american,11.85,206.52,120.48,2022-10-16,20:35:38,2388.0
dash,Spicy Chili Chocolate Tofu Fries,asian,45.52,36.7,33.35,2022-10-16,20:35:38,645.78
dash,"Turkey, Apple and Havarti Sandwich",american,29.61,34.92,25.63,2022-10-16,20:35:38,535.24
dash,Cauliflower Soup,american,13.65,47.15,15.94,2022-10-16,20:35:38,542.71
dash,"Grilled Chicken, Mango And Jicama Salad With Tequila-Lime Vinaigrette",mexican,246.15,112.35,77.7,2022-10-16,20:35:38,2306.55
dash,Chicken Stuffed with Spinach and Feta recipes,mediterranean,136.76,10.28,46.96,2022-10-16,20:35:38,827.4
dash,Slow-Cooker Italian Beef Sandwiches,italian,47.16,18.98,22.67,2022-10-16,20:35:38,450.14
dash,Pomato Ricotta Salad,mediterranean,17.93,87.45,13.46,2022-10-16,20:35:38,912.6100000000001
dash,Wedge Salad Dippers,american,31.66,27.84,214.78,2022-10-16,20:35:38,1236.32
dash,Beet Pizza with Caramelized Onions and Goat Cheese,italian,35.43,159.53,72.93,2022-10-16,20:35:38,1869.21
dash,Mama Mia!,italian,96.96,271.73,87.05,2022-10-16,20:35:38,3181.61
dash,Chocolate-Hazelnut Meringue Kisses,british,21.28,207.12,32.13,2022-10-16,20:35:38,2077.72
dash,Vanilla And Chocolate Tuiles,american,15.19,105.42,47.49,2022-10-16,20:35:38,1199.5
dash,Holiday Brunch Bake,american,137.06,65.26,181.8,2022-10-16,20:35:45,1862.78
dash,"Stella! (Gin Fizz with Cointreau, Orange Juice & Orange Flower Water)",world,2.35,9.79,10.59,2022-10-16,20:35:45,139.87
dash,Creamy Avocado Pasta,italian,62.16,288.86,111.61,2022-10-16,20:35:45,3294.82
dash,Blackberry Cobbler,american,26.87,245.56,55.54,2022-10-16,20:35:45,2539.68
dash,Cranberry-and-Sweet Potato Bake,american,24.95,424.78,47.33,2022-10-16,20:35:45,4112.139999999999
dash,Beef & Vegetable Casserole,french,124.13,62.52,105.02,2022-10-16,20:35:45,1479.28
dash,Creamy Cheddar Soup,american,34.58,91.19,181.05,2022-10-16,20:35:45,1683.23
dash,Petite Vanilla Bean Scones,british,54.95,738.21,262.12,2022-10-16,20:35:45,7912.17
dash,Green With Envy,world,0.78,17.57,0.27,2022-10-16,20:35:45,162.33
dash,Gougères,american,120.01,122.01,143.68,2022-10-16,20:35:45,2152.8500000000004
dash,Strawberries Tuiles,british,44.73,294.32,163.68,2022-10-16,20:35:45,3482.5200000000004
dash,Pan-Seared Shrimp with Rosemary Spaghetti Squash,mediterranean,36.25,16.92,10.94,2022-10-16,20:35:45,341.04
dash,The Awesome-est Blueberry Muffins recipes,american,18.65,275.33,135.67,2022-10-16,20:35:45,3095.2499999999995
dash,Bulgur with Steak and Chickpeas,middle eastern,20.12,40.09,20.02,2022-10-16,20:35:45,521.3700000000001
dash,Deep-Fried Guacamole,mexican,17.21,122.67,180.51,2022-10-16,20:35:45,1894.9099999999999
dash,Ramos Gin Fizz,world,4.13,13.39,1.73,2022-10-16,20:35:45,143.95
dash,Sardines and Fennel,italian,35.0,36.49,32.48,2022-10-16,20:35:45,598.33
dash,Broccoli Cheese Soup recipes,american,239.95,319.04,333.96,2022-10-16,20:35:45,5167.0
dash,Roasted Horseradish Hummus,mediterranean,95.93,286.79,84.42,2022-10-16,20:35:45,3302.5099999999998
dash,Simple Grilled Beef with Rosemary,south american,247.34,21.15,72.77,2022-10-16,20:35:52,1470.79
dash,Fritto del' Orto - Carbonated Water Batter,italian,107.54,766.4,87.63,2022-10-16,20:35:52,7678.279999999999
dash,Chicken Bulgur Pilaf,mediterranean,296.78,342.32,322.5,2022-10-16,20:35:52,5558.0
dash,Spicy Spaghetti,french,133.45,382.41,154.24,2022-10-16,20:35:52,4592.45
dash,Steak Fajitas with Avocado Lime Crema,mexican,1.85,8.83,1.8,2022-10-16,20:35:52,94.07000000000001
dash,Concord Cocktail,american,0.99,220.27,0.37,2022-10-16,20:35:52,1987.8700000000001
dash,Best Tuna Salad,mediterranean,77.94,41.53,30.14,2022-10-16,20:35:52,806.0899999999999
dash,Piquant Potatoes,mediterranean,17.16,133.24,42.08,2022-10-16,20:35:52,1436.1200000000001
dash,The Best Vegan Baked Mac & Cheese Recipe,american,83.66,441.39,81.04,2022-10-16,20:35:52,4631.3099999999995
dash,Chicken Dippers Lunch,mediterranean,51.68,5.47,25.19,2022-10-16,20:35:52,356.71
dash,Bay-Scented Vanilla Pudding,british,20.75,110.57,26.23,2022-10-16,20:35:52,1183.05
dash,Almond Potato Puff,french,58.57,147.97,154.35,2022-10-16,20:35:52,2183.41
dash,Lemon Linguine,italian,73.59,183.61,57.86,2022-10-16,20:35:52,2178.2900000000004
dash,Dark Chocolate Orange Cake,french,24.72,166.25,37.84,2022-10-16,20:35:52,1746.4900000000002
dash,Mulligatawny Soup,indian,76.13,178.31,120.07,2022-10-16,20:35:52,2389.59
dash,Crab Canapés with Cumin,indian,31.1,53.92,19.81,2022-10-16,20:35:52,688.9200000000001
dash,"Baby Artichoke, Parsley, and Celery Salad",mediterranean,41.56,140.14,75.12,2022-10-16,20:35:52,1727.9799999999998
dash,Best-Ever Guacamole,mexican,14.17,68.1,88.94,2022-10-16,20:35:59,1025.34
dash,Jane's Crab Cakes,american,180.66,39.65,167.32,2022-10-16,20:35:59,1748.77
dash,"Avocado Tartine with Quail Eggs, Prosciutto & Goat Cheese",italian,33.69,103.03,33.54,2022-10-16,20:35:59,1196.19
dash,Loaded Baked Potatoes with Broccoli & Cheese,italian,54.83,144.76,108.95,2022-10-16,20:35:59,1957.9599999999998
dash,Lemon Cloud with Strawberry-Mint Compote,mediterranean,22.05,236.94,17.82,2022-10-16,20:35:59,2291.94
dash,School for tapas: alioli potatoes,american,23.26,152.69,221.96,2022-10-16,20:35:59,2355.09
dash,Vegetables Stacks with Mozzarella and Basil,italian,65.37,50.09,97.05,2022-10-16,20:35:59,1100.49
dash,Scrambled Egg Burritos,mexican,36.61,55.52,43.66,2022-10-16,20:35:59,820.76
dash,Swiss and Mushroom BBQ Burger,french,283.11,228.84,312.78,2022-10-16,20:35:59,4443.12
dash,Smoked Cauliflower Soup,american,49.78,134.47,17.29,2022-10-16,20:35:59,1478.51
dash,Houlihan's Smashed Potatoes,american,36.6,278.59,9.95,2022-10-16,20:35:59,2693.51
dash,Olive Crema,mediterranean,2.07,13.67,14.29,2022-10-16,20:35:59,188.47
dash,Soba Noodle Salad With Smoked Duck,asian,82.95,262.7,195.8,2022-10-16,20:35:59,3479.3
dash,Garlic Lentil Soup,french,58.19,179.51,31.15,2022-10-16,20:35:59,1972.9499999999998
dash,Roasted Herb and Garlic Smashed Potato Casserole,french,64.44,175.02,53.03,2022-10-16,20:35:59,2045.06
dash,Curry Chicken Salad Lettuce Wraps,indian,56.33,42.53,14.11,2022-10-16,20:35:59,664.53
dash,Freezer Meal Moroccan-Spiced Chickpeas,middle eastern,64.69,218.26,39.61,2022-10-16,20:35:59,2381.54
dash,Spiced Carrot Salad,south american,5.53,53.72,10.53,2022-10-16,20:36:05,547.72
dash,Celery Daisy,world,0.16,7.17,0.05,2022-10-16,20:36:05,65.37
dash,Blackberry Whole Wheat Coffee Cake Recipe,american,53.24,569.34,85.25,2022-10-16,20:36:05,5678.02
dash,Charleston Cheese Dip,american,94.62,48.36,339.5,2022-10-16,20:36:05,2171.7200000000003
dash,Pimento Cheese Potato Skins,american,83.54,163.84,206.78,2022-10-16,20:36:05,2635.84
dash,Mrs Cobb's Meatloaf,american,142.09,183.21,152.63,2022-10-16,20:36:05,2827.77
dash,Key Lime Pie Ice Cream,american,47.57,258.96,80.3,2022-10-16,20:36:05,2842.12
dash,Swamp Dip,american,25.46,73.28,228.86,2022-10-16,20:36:05,1676.8000000000002
dash,Horiatiki Salata (Greek Salad) recipes,mediterranean,4.61,13.6,12.27,2022-10-16,20:36:05,189.92000000000002
dash,Zucchini Quiche,french,96.2,65.37,87.78,2022-10-16,20:36:05,1324.25
dash,Breakfast Burrito,mexican,78.51,156.56,111.0,2022-10-16,20:36:05,2167.08
dash,Eggless Tofu Salad,asian,54.39,29.82,38.61,2022-10-16,20:36:05,640.38
dash,Yellow Zucchini Tarte Fine on a Yogurt-Based Crust,french,43.88,170.91,88.28,2022-10-16,20:36:05,2066.83
dash,Time for a Drink: Reveillon Cocktail Recipe,world,0.87,10.42,1.23,2022-10-16,20:36:05,102.18
dash,BBQ Lentils recipes,american,26.77,127.78,10.4,2022-10-16,20:36:05,1298.6999999999998
dash,Lime-y Veggie Stir-Fry with Crispy Tofu,asian,28.12,52.02,41.37,2022-10-16,20:36:05,746.14
dash,Shrimp-Pineapple Skewers,mediterranean,195.73,176.92,190.56,2022-10-16,20:36:05,3137.4399999999996
dash,Potato-and-Rutabaga Gratin,french,65.19,243.04,215.84,2022-10-16,20:36:05,3311.48
dash,Zucchini Custard Bake,mediterranean,52.26,61.57,81.18,2022-10-16,20:36:12,1087.8899999999999
dash,Mocha Silk Pie,american,44.38,534.86,317.66,2022-10-16,20:36:12,6261.900000000001
dash,Chinese Shrimp & Egg Flower Soup (蛋花湯),chinese,75.51,116.87,43.08,2022-10-16,20:36:12,1526.1899999999998
dash,Gluten-Free Roasted Vegetable Lasagna Recipe,italian,403.63,2772.11,274.51,2022-10-16,20:36:12,27661.550000000003
dash,Sake Ginger Glazed Salmon,nordic,148.83,74.87,106.95,2022-10-16,20:36:12,1696.95
dash,Baked Bolognese,italian,220.24,464.83,266.83,2022-10-16,20:36:12,6131.75
dash,Sweet Potato Fries With Avocado “Mayo” recipes,south american,17.74,176.05,92.39,2022-10-16,20:36:12,2024.97
dash,Bordertown Beef and Bean Torta recipes,south american,159.3,215.68,180.55,2022-10-16,20:36:12,3300.5200000000004
dash,Creamy Bacon Cheese Grits recipes,american,131.97,294.29,346.82,2022-10-16,20:36:12,4563.77
dash,Essentials: Stuffed Eggs Recipe,italian,34.91,3.89,277.69,2022-10-16,20:36:12,1285.4099999999999
dash,Dreamy Creamy Macaroni and Cheese,american,79.5,156.97,78.18,2022-10-16,20:36:12,2043.45
dash,Soy Roast Duck With Hoisin Gravy,chinese,135.32,89.31,34.6,2022-10-16,20:36:12,1483.47
dash,Braised Stuffed Tofu,asian,68.66,40.42,63.62,2022-10-16,20:36:12,892.9000000000001
dash,Two -Acid Mediterranean Pasta Salad,mediterranean,89.74,405.64,260.21,2022-10-16,20:36:12,5050.5599999999995
dash,Blackberry Peach Bread Pudding With Toasted Pecans,british,115.26,679.82,192.89,2022-10-16,20:36:12,7350.98
dash,Myron's Crab Cocktail,american,186.67,91.39,128.73,2022-10-16,20:36:12,2084.11
dash,Butter Turnip-It-Up Creamy Comfort Soup,french,7.96,46.36,147.53,2022-10-16,20:36:12,1039.2
dash,Sumac-Spiced Eggplant Schnitzel recipes,central europe,58.84,252.2,42.25,2022-10-16,20:36:12,2674.16
dash,Dawn's Scampi,italian,182.36,188.74,217.6,2022-10-16,20:36:19,3298.5000000000005
dash,Drinking in Season: Spiced and Spiked Blood Orange Cocktail Recipe,american,0.99,223.21,1.0,2022-10-16,20:36:19,2016.8500000000001
dash,Spinach And Feta Turnovers,mediterranean,59.01,224.63,156.0,2022-10-16,20:36:19,2881.71
dash,Minced beef pie,american,129.95,203.97,285.17,2022-10-16,20:36:19,3496.21
dash,Kale-Ing Your Way Through Meatless Monday recipes,mediterranean,125.51,532.14,128.21,2022-10-16,20:36:19,5804.14
dash,Broccoli Crescent Appetizers,mediterranean,51.31,137.46,36.24,2022-10-16,20:36:19,1587.3400000000001
dash,Chocolate Lava Cakes with Pistachio Cream,american,70.17,462.65,101.81,2022-10-16,20:36:19,4851.7699999999995
dash,Tomato Basil Sandwich with Feta Aioli,mediterranean,8.84,31.82,9.76,2022-10-16,20:36:19,360.78000000000003
dash,Easy Kalamata Hummus Recipe,mediterranean,46.6,125.28,95.83,2022-10-16,20:36:19,1697.24
dash,Chickadee - Spinach and Chick Peas,south american,48.14,144.05,30.19,2022-10-16,20:36:19,1609.77
dash,S'mores Martini,american,25.55,204.33,42.22,2022-10-16,20:36:19,2110.05
dash,Blueberry Almond Rum Cake,american,69.75,630.1,365.2,2022-10-16,20:36:19,7410.700000000001
dash,Plum and Berry Crumble,american,23.5,295.77,107.02,2022-10-16,20:36:19,3184.0099999999998
dash,Blue Cheese & Berry Tossed Salad,american,38.01,45.54,212.73,2022-10-16,20:36:19,1412.82
dash,Herb Meatballs with Maple Sweet and Sour,american,136.57,118.71,164.0,2022-10-16,20:36:25,2270.67
dash,Stuffed 'n Squashed Mushroom Foil Pack,mediterranean,24.47,20.31,18.3,2022-10-16,20:36:25,353.86999999999995
dash,Southern Barbecue Bowl,american,29.03,99.62,28.99,2022-10-16,20:36:25,1128.66
dash,Ham-Broccoli Strata,american,140.21,137.64,106.47,2022-10-16,20:36:25,2225.48
dash,Sunday Brunch: Deviled Kidneys on Toast Recipe,french,320.79,164.51,82.22,2022-10-16,20:36:25,3092.63
dash,My Family’s Noodle Kugel recipes,asian,210.34,891.81,115.2,2022-10-16,20:36:25,9328.449999999999
dash,Cream of Cauliflower or Broccoli Soup,american,44.84,60.7,97.28,2022-10-16,20:36:25,1114.7800000000002
dash,Middle Eastern Eggplant Salad,middle eastern,10.59,58.25,56.07,2022-10-16,20:36:25,790.89
dash,Spanish Baked Chicken recipes,mediterranean,228.28,87.12,285.21,2022-10-16,20:36:25,2838.04
dash,"Pistachio, Golden Raisin, Cardamom-Scented Pilaf",mediterranean,32.36,208.39,25.57,2022-10-16,20:36:25,2107.23
dash,Lavender-Chamomile Tequila,american,0.71,143.0,0.38,2022-10-16,20:36:25,1291.36
dash,Dreamy Apple Pie,american,26.85,422.09,246.43,2022-10-16,20:36:25,4891.93
dash,Beef and Mushroom Cobbler,french,88.64,129.87,94.59,2022-10-16,20:36:25,1901.75
dash,Borscht,french,22.55,60.76,24.55,2022-10-16,20:36:25,735.2400000000001
dash,Little Neck Clams with Sungold Tomatoes,south american,79.37,169.99,58.91,2022-10-16,20:36:25,2083.03
dash,Lasagna Grilled Cheese,italian,58.51,80.45,76.09,2022-10-16,20:36:25,1262.45
dash,Quinoa-Stuffed Acorn Squash recipes,mexican,55.63,243.6,49.09,2022-10-16,20:36:25,2611.28
dash,Apple Camembert Salad,mediterranean,15.0,43.27,59.51,2022-10-16,20:36:25,687.47
dash,Samuel Adams Boston Lager Glazed Early Winter Roots,american,7.58,44.85,93.19,2022-10-16,20:36:32,806.73
dash,Greek Spaghetti Squash Toss,mediterranean,20.48,60.8,16.18,2022-10-16,20:36:32,693.8399999999999
dash,Andrew Zimmern’s Hot Crab and Artichoke Dip,mediterranean,108.01,53.22,159.59,2022-10-16,20:36:32,1549.38
dash,Cold-Poached Trout With Watercress Mayo,british,74.56,57.82,66.87,2022-10-16,20:36:32,1086.1
dash,Baked Apple Rings with Caramel Sauce,american,20.58,267.05,13.55,2022-10-16,20:36:32,2539.9700000000003
dash,"Pomegranate, Cranberry & Brie Bruschetta",american,56.15,147.49,58.78,2022-10-16,20:36:32,1787.13
dash,"Lemon Herb Quinoa with Hemp Seeds, Spring Peas, and Basil",south american,47.43,153.89,59.65,2022-10-16,20:36:32,1813.3299999999997
dash,Sticky Sesame Wings,chinese,245.19,56.22,191.61,2022-10-16,20:36:32,2253.1800000000003
dash,Nutted Chicken-Rice Noodle Casserole,asian,123.95,236.09,189.42,2022-10-16,20:36:32,3378.29
dash,Bbq Meatballs,american,160.95,291.62,175.4,2022-10-16,20:36:32,3969.98
dash,Bacon and Egg Sandwiches with Caramelized Onions and Arugula,american,37.52,51.14,75.39,2022-10-16,20:36:32,911.9000000000001
dash,Fresh Fusilli and Prosciutto di Parma with a Pumpkin Cream Sauce,american,177.51,342.22,275.06,2022-10-16,20:36:32,4890.26
dash,Curried Egg Salad with Mango Chutney recipes,indian,32.09,113.28,37.24,2022-10-16,20:36:32,1296.8400000000001
dash,Creamy Bacon Cheese Grits,american,131.97,294.29,346.82,2022-10-16,20:36:32,4563.77
dash,Barbecue Baked Onion Rings,american,32.23,190.67,33.66,2022-10-16,20:36:32,1979.5900000000001
dash,Bordertown Beef and Bean Torta,mediterranean,159.3,215.68,180.55,2022-10-16,20:36:32,3300.5200000000004
dash,Broccoli Shrimp Alfredo,italian,182.84,391.59,209.82,2022-10-16,20:36:32,5094.95
dash,Old-Time Beef Stew,american,200.99,61.12,72.78,2022-10-16,20:36:32,1645.1599999999999
dash,Collard Greens Braised in Coconut Milk,south american,21.76,46.18,52.82,2022-10-16,20:36:32,713.94
dash,Chicken Salad with Apples and Cranberries,american,73.48,192.44,123.08,2022-10-16,20:36:32,2518.2000000000003
dash,Classic Potato Latkes,kosher,28.31,199.21,60.18,2022-10-16,20:36:39,2146.85
dash,Kentucky Hot Brown Recipe,american,123.28,69.8,298.59,2022-10-16,20:36:39,2315.68
dash,"Smoked Trout Salad With Apples, Fennel And Creamy Horseradish Dressing",mediterranean,13.51,56.2,73.46,2022-10-16,20:36:39,853.6800000000001
dash,Marinated Flank Steak with Blue Cheese Sauce,american,131.23,25.4,83.55,2022-10-16,20:36:39,1087.72
dash,Crab and Avocado Mimosa recipes,british,55.88,47.19,101.47,2022-10-16,20:36:39,1054.1100000000001
dash,Ultimate Mashed Potatoes,american,75.03,360.54,129.02,2022-10-16,20:36:39,4061.06
dash,Garlic Chive Shrimp Fried Rice With Garlic Chips,chinese,26.5,95.49,23.71,2022-10-16,20:36:39,1060.25
dash,Noodles For Sunday Brunch,asian,15.45,31.52,20.69,2022-10-16,20:36:39,428.24
dash,Turkey Re-Hash,american,149.37,272.83,91.91,2022-10-16,20:36:39,3420.5899999999997
dash,Lamb chops with blood orange and mint compote and feta mash potatos,mediterranean,55.83,84.18,110.31,2022-10-16,20:36:39,1422.18
dash,Kale and Feta Burrito,mediterranean,53.53,184.53,32.14,2022-10-16,20:36:39,2003.4499999999998
dash,The last of the good pears tart,american,16.87,255.14,93.35,2022-10-16,20:36:39,2737.14
dash,Kafta Mishwiyyeh - Lebanese Meatballs,nordic,177.6,22.82,223.44,2022-10-16,20:36:39,1809.54
dash,Cheese and Bacon Soufflé Recipe,american,124.88,40.01,217.71,2022-10-16,20:36:39,1730.4499999999998
dash,Cheesy Bruschetta Chicken,italian,276.85,23.72,201.23,2022-10-16,20:36:39,2125.8
dash,Butternut Penne with Feta and Pecans,mediterranean,83.87,421.77,87.9,2022-10-16,20:36:39,4483.01
dash,Roasted Foie Gras with Apple Onion Compote,mediterranean,43.99,60.12,161.61,2022-10-16,20:36:39,1363.48
dash,Creamy Carrot Soup,french,23.53,126.72,32.81,2022-10-16,20:36:39,1365.84
dash,12th Man Hot Wings,american,807.03,49.17,649.49,2022-10-16,20:36:46,6268.610000000001
dash,Anything-But-Clementine Clafoutis,french,34.82,237.19,100.71,2022-10-16,20:36:46,2676.8300000000004
dash,Deluxe Redeye Gravy with Pork Shoulder Picnic,american,123.97,39.42,124.93,2022-10-16,20:36:46,1350.38
dash,Loaded Organic Baked Potato with Broccoli and Cheese,italian,59.69,179.9,109.31,2022-10-16,20:36:46,2295.1000000000004
dash,Tuna Melt,american,101.24,72.96,40.45,2022-10-16,20:36:46,1223.3999999999999
dash,Grated Carrot Salad (Carottes Râpées),american,9.42,92.42,56.52,2022-10-16,20:36:46,1095.54
dash,Hoisin pork with garlic & ginger greens,american,120.25,75.21,81.17,2022-10-16,20:36:46,1482.57
dash,Tarragon Corn recipes,french,17.31,96.28,52.21,2022-10-16,20:36:46,1144.6
dash,Daniel Mancini’s Pasta Fa-zool! (Fagioli),italian,144.39,437.36,65.44,2022-10-16,20:36:46,4775.56
dash,Daisy Brand Quiche,french,126.22,144.57,288.43,2022-10-16,20:36:46,2959.7299999999996
dash,Eat For Eight Bucks: Curried Yellow Split Pea Soup,american,113.42,328.21,41.12,2022-10-16,20:36:46,3572.0499999999997
dash,Coronation Chicken Rolls,south east asian,81.93,29.04,855.17,2022-10-16,20:36:46,4009.7599999999998
dash,Roasted Squash Soup with Turkey Croquettes,american,146.13,268.78,77.29,2022-10-16,20:36:46,3312.6999999999994
dash,Pineapple Fried Rice,chinese,92.1,292.94,63.35,2022-10-16,20:36:46,3258.26
dash,Barbecue Chicken Legs,mediterranean,1017.25,241.93,1002.07,2022-10-16,20:36:46,10254.65
dash,Big Daddy's Sloppy Joe Burgers,american,117.28,164.56,118.84,2022-10-16,20:36:46,2425.52
dash,Milky Way Cake,american,78.91,1041.58,401.55,2022-10-16,20:36:46,11296.06
dash,Crab Cakes,mediterranean,257.31,481.08,424.05,2022-10-16,20:36:46,7055.16
dash,Barbecue Lentils,american,27.17,132.5,14.97,2022-10-16,20:36:52,1361.0600000000002
dash,Beet Reuben,american,39.57,57.94,91.25,2022-10-16,20:36:52,1044.74
dash,Roasted Pork and Potatoes With Creamy Applesauce,american,146.79,161.51,49.88,2022-10-16,20:36:52,2240.27
dash,Veal in Savoy Cabbage with Mushroom Sauce,british,330.04,184.29,255.12,2022-10-16,20:36:52,3999.25
dash,Nana's Chocolate Sheet Cake,american,63.37,1114.02,122.62,2022-10-16,20:36:52,10770.14
dash,"Broccoli, Pancetta, and Parmesan Frittata",italian,73.47,22.99,69.66,2022-10-16,20:36:52,779.43
dash,"Bulgur And Freekeh Pilaf With Roasted Butternut Squash, Feta And Parsley",mediterranean,65.04,281.37,94.95,2022-10-16,20:36:52,3172.29
dash,Black Bean Jalapeno Burritos,mexican,54.85,258.13,51.91,2022-10-16,20:36:52,2750.21
dash,Prime Angus Beef Short Ribs,american,213.2,146.8,542.99,2022-10-16,20:36:52,4345.96
dash,"Romaine, Celery, and Parmesan Salad",american,14.31,7.08,21.01,2022-10-16,20:36:52,205.0
dash,Lemon Chiffon Cake Recipe,american,64.76,864.34,201.65,2022-10-16,20:36:52,8844.7
dash,Chipotle Ranch Egg Salad Wraps,american,19.88,59.61,39.48,2022-10-16,20:36:52,773.93
dash,Creamy Cucumber Chive Cups,eastern europe,37.79,46.16,7.48,2022-10-16,20:36:52,596.5199999999999
dash,Pasta Salad with Links,italian,55.65,179.63,99.26,2022-10-16,20:36:52,2236.31
dash,A Better Mug Cake - from the Oven,french,11.86,90.85,27.46,2022-10-16,20:36:52,974.93
dash,Guacamole,mexican,13.3,62.46,93.13,2022-10-16,20:36:52,987.86
dash,Sumac-Spiced Eggplant Schnitzel Recipe,central europe,58.84,252.2,195.33,2022-10-16,20:36:52,3286.48
dash,Chicken And Avocado Salad,asian,57.41,114.18,235.61,2022-10-16,20:36:59,2199.7000000000003
dash,Vegan Nachos,american,119.72,312.06,136.44,2022-10-16,20:36:59,3833.1800000000003
dash,BBQ Chicken Tacos with Red Cabbage Slaw,mexican,80.86,173.4,13.31,2022-10-16,20:36:59,1937.2800000000002
dash,Fresh Fennel and Red Pepper Chow-Chow,italian,9.56,156.79,73.52,2022-10-16,20:36:59,1743.4299999999998
dash,Jarlsberg® Cheesy Corn Muffins,british,86.85,324.54,221.89,2022-10-16,20:36:59,4155.82
dash,Creamy Clam Chowder,american,106.41,148.0,70.36,2022-10-16,20:36:59,2039.08
dash,Buttery Apple Crumble,british,49.06,528.35,128.98,2022-10-16,20:36:59,5467.31
dash,Sour Cream-Chicken Enchiladas,mexican,434.75,317.89,312.75,2022-10-16,20:36:59,5851.01
dash,Garlic Cheese Bread,italian,198.49,177.69,416.73,2022-10-16,20:36:59,4060.09
dash,Skillet Steak with Mushroom Sauce,american,99.25,58.82,61.16,2022-10-16,20:36:59,1171.02
dash,Keto Breaded Shrimp,mediterranean,152.34,12.96,142.33,2022-10-16,20:36:59,1295.3200000000002
dash,Hot Cocoa with Tipsy Peppermint Marshmallows,american,135.35,574.6,52.75,2022-10-16,20:36:59,5923.8
dash,Samuel Adams OctoberFest Soft Pretzel,american,59.75,421.13,33.44,2022-10-16,20:36:59,4162.93
dash,Garlic Cashew Chicken,south american,130.32,54.75,161.96,2022-10-16,20:36:59,1661.87
dash,Salad With Caramelized Fennel And Apples,mediterranean,23.16,55.26,69.17,2022-10-16,20:36:59,866.6600000000001
dash,Grilled Salmon with Kale Sauté,nordic,65.86,19.13,42.0,2022-10-16,20:36:59,603.61
dash,Perfect Guacamole,mexican,9.64,45.21,59.22,2022-10-16,20:36:59,682.3299999999999
dash,Polish Style Nachos,mexican,143.73,308.56,260.77,2022-10-16,20:36:59,4395.04
dash,Quick Punjabi Dal Fry,indian,55.03,152.18,51.74,2022-10-16,20:36:59,1796.7000000000003
dash,The Ultimate Cheesecake,american,54.89,433.72,291.48,2022-10-16,20:36:59,5288.960000000001
dash,Crustless Broccoli Quiche,french,55.57,61.83,48.54,2022-10-16,20:37:06,972.91
dash,Old Fashioned,world,0.12,9.66,0.02,2022-10-16,20:37:06,87.5
dash,"Grilled Chicken, Mango, and Jicama Salad with Tequila-Lime Vinaigrette",american,247.16,119.4,78.32,2022-10-16,20:37:06,2376.5200000000004
dash,Mediterranean Quinoa Bowl,mediterranean,65.37,233.41,74.62,2022-10-16,20:37:06,2660.65
dash,Smashed Raspberry Chocolate Chunk Pancakes,american,33.11,160.57,63.97,2022-10-16,20:37:06,1833.4499999999998
dash,Aunt Trish's Salad Dressing,american,16.96,25.42,172.45,2022-10-16,20:37:06,986.42
dash,"Halibut ""Lobster"" Roll with Green Goddess Slaw",south east asian,83.48,37.02,41.84,2022-10-16,20:37:06,834.46
dash,Tuna Melt,american,99.25,72.94,40.35,2022-10-16,20:37:06,1214.8600000000001
dash,Double Crust Cherry Pie,american,45.17,549.08,201.12,2022-10-16,20:37:06,5926.880000000001
dash,Latke-Maki,japanese,38.76,321.27,215.81,2022-10-16,20:37:06,3909.71
dash,Sticky Sesame Wings recipes,chinese,245.19,56.22,191.61,2022-10-16,20:37:06,2253.1800000000003
dash,Spinach-and-Watermelon Salad,middle eastern,9.54,71.32,8.83,2022-10-16,20:37:06,715.3599999999999
dash,Rigatoni with Kale Pesto,italian,100.29,382.32,148.04,2022-10-16,20:37:06,4434.2
dash,Butternut Buttermilk Biscuits,american,47.9,364.29,124.87,2022-10-16,20:37:06,3969.69
dash,Tiny Meat Cakes (Bolos de Carne),mexican,100.98,26.94,59.47,2022-10-16,20:37:06,884.26
dash,Hamburger And Macaroni,italian,135.67,757.61,120.41,2022-10-16,20:37:06,7842.81
dash,Game Day Chicken Wings,american,279.2,21.12,469.5,2022-10-16,20:37:06,3184.88
dash,Goodbye Summer Salad,american,60.48,54.5,102.75,2022-10-16,20:37:06,1143.42
dash,Tomato and Shrimp Stew,american,117.64,153.72,34.16,2022-10-16,20:37:06,1990.6799999999998
dash,Mexi-Latkes recipes,kosher,31.3,182.24,264.75,2022-10-16,20:37:13,2824.36
dash,Tulsi Tamatar Shorba,mediterranean,13.74,82.25,38.29,2022-10-16,20:37:13,948.37
dash,Shrimp “Egg Roll” Stir Fry,chinese,27.22,22.4,8.0,2022-10-16,20:37:13,342.48
dash,Gluten-Free Winter Squash Gnocchi recipes,italian,19.82,137.94,43.56,2022-10-16,20:37:13,1494.98
dash,Kid Friendly Pasta Salad,american,121.47,282.11,221.64,2022-10-16,20:37:13,3911.4300000000003
dash,Southwestern Breakfast Tostadas,american,29.53,47.08,23.4,2022-10-16,20:37:13,635.4399999999999
dash,Elliott's Easy Chocy Pudding,british,27.26,188.63,86.85,2022-10-16,20:37:13,2154.11
dash,"Spicy, Peanutty Udon with Kale",american,32.54,85.66,35.11,2022-10-16,20:37:13,1041.54
dash,Always Wonderful Refried Bean Dip,mexican,148.19,436.35,22.94,2022-10-16,20:37:13,4611.67
dash,The Ultimate Cheesecake,american,68.34,442.95,369.14,2022-10-16,20:37:13,5736.469999999999
dash,Grilled Burgers with Curry Mustard,american,83.13,110.24,83.21,2022-10-16,20:37:13,1657.5199999999998
dash,Stuffed Potatoes With Mushrooms,nordic,47.73,263.16,59.28,2022-10-16,20:37:13,2796.48
dash,Grilled Flat Iron Steak with Pistachio Pesto Butter,italian,175.12,13.27,319.23,2022-10-16,20:37:13,2096.83
dash,Lasagna Bella,italian,77.58,82.52,45.57,2022-10-16,20:37:13,1235.28
dash,Asian Ketchup – “Cheater Method”,asian,19.45,146.57,8.88,2022-10-16,20:37:13,1432.4499999999998
dash,Lightened-Up Chicken Caesar Platter recipes,mediterranean,51.04,26.35,83.95,2022-10-16,20:37:13,777.11
dash,Individual Cherry Almond Crisps,french,39.22,526.16,342.95,2022-10-16,20:37:13,6264.12
dash,Hot Brown Burgers Recipe,american,146.68,73.99,369.77,2022-10-16,20:37:13,2731.71
dash,Red Wine-Braised Lentils With (Veggie) Sausage,british,53.44,144.3,31.19,2022-10-16,20:37:19,1637.22
dash,Kiddie (Goat) Stew,french,423.02,97.36,131.29,2022-10-16,20:37:19,3093.4799999999996
dash,Jane's Crab Cakes,american,180.27,37.27,167.2,2022-10-16,20:37:19,1725.31
dash,Steak with Smothered Caramelized Onion (Bistec Encebollado),american,192.47,50.95,393.12,2022-10-16,20:37:19,2800.91
dash,Mocha Buttercream Cake recipes,american,78.6,1166.97,426.07,2022-10-16,20:37:19,12521.41
dash,No-Bake Orange And Cream Pie,american,37.03,425.78,285.12,2022-10-16,20:37:19,5120.619999999999
dash,Chocolate Whiskey Tangerine Pie,american,81.4,533.83,409.52,2022-10-16,20:37:19,6768.150000000001
dash,Posole,american,99.16,83.4,36.92,2022-10-16,20:37:19,1294.92
dash,Tilapia with a Neo-Soul Touch,mediterranean,87.56,121.6,125.1,2022-10-16,20:37:19,1945.04
dash,Slow Cooker Shredded Pork with 'Skillet Apples',american,255.77,199.43,160.89,2022-10-16,20:37:19,3461.51
dash,Chocolate Waffles with a Fresh Raspberry Syrup,american,58.18,417.01,220.63,2022-10-16,20:37:19,4868.33
dash,Cook the Book: Cherry Tomato and Tofu Salad,asian,56.28,20.64,49.31,2022-10-16,20:37:19,608.12
dash,Gina's Simple Lemon Bars,american,54.98,595.01,192.04,2022-10-16,20:37:19,6343.17
dash,Sweet Potato Casserole Trifle Recipe,american,39.71,377.61,414.27,2022-10-16,20:37:19,5214.41
dash,Steamed Meat Bao with Preserved Vegetables,american,95.55,234.64,79.52,2022-10-16,20:37:19,2812.0399999999995
dash,Turkey Meatballs,american,171.34,58.53,92.37,2022-10-16,20:37:19,1581.6100000000001
dash,Asparagus Wrapped in Prosciutto,italian,77.41,12.4,96.55,2022-10-16,20:37:19,807.44
dash,Loco Moco,mexican,163.31,80.29,346.56,2022-10-16,20:37:26,2762.09
dash,Not Red Velvet Cake With Fudge Glaze,american,64.86,736.98,242.18,2022-10-16,20:37:26,7860.98
dash,Summer Melon and Ham Salad with Burrata and Chile,italian,49.86,139.98,63.23,2022-10-16,20:37:26,1712.18
dash,Warm German Potato Salad,central europe,63.59,173.98,140.3,2022-10-16,20:37:26,2381.38
dash,Spinach-Turkey Roll-Ups,american,28.47,7.15,25.42,2022-10-16,20:37:26,279.91
dash,Vegetarian Green Chile Recipe,mexican,9.34,52.88,2.28,2022-10-16,20:37:26,522.4
dash,Fal Harvest Quinoa Salad,american,28.64,157.66,42.75,2022-10-16,20:37:26,1704.5
dash,"Cook the Book: Tomato, Montrachet, and Basil Salad",american,13.44,50.88,64.42,2022-10-16,20:37:26,769.36
dash,Frozen Pina Colada with Mango Puree,world,5.49,117.69,13.74,2022-10-16,20:37:26,1136.13
dash,Dreamy Apple Pie recipes,american,26.63,483.85,246.3,2022-10-16,20:37:26,5446.370000000001
dash,Chocolate Cream Puffs with Salted Caramel Custard Filling,american,62.7,588.39,235.07,2022-10-16,20:37:26,6486.59
dash,Cherry Almond Crisp,american,49.43,650.46,346.01,2022-10-16,20:37:26,7435.900000000001
dash,Catfish with Red Pepper Sauce,american,21.06,19.43,34.77,2022-10-16,20:37:26,398.19000000000005
dash,Restorative Turmeric Elixir,mediterranean,1.82,29.21,0.58,2022-10-16,20:37:26,272.48999999999995
dash,Bake Me Crazy Chicken with Gravy,american,145.68,76.57,125.32,2022-10-16,20:37:26,1773.1299999999999
dash,Strawberry Goat Cheese Oat Pie with Whipped Goat Cheese,american,70.35,174.17,159.67,2022-10-16,20:37:33,2487.6099999999997
dash,Lime Caesar Salad,american,26.9,43.45,90.48,2022-10-16,20:37:33,860.5699999999999
dash,Couscous with Mushrooms & Sun-Dried Tomatoes,italian,51.57,237.83,12.24,2022-10-16,20:37:33,2395.7100000000005
dash,Cream of Spinach Bake,american,38.64,35.86,42.98,2022-10-16,20:37:33,649.22
dash,Sweet Challah,french,61.96,354.83,60.53,2022-10-16,20:37:33,3683.43
dash,"Brussels Sprout Stir Fry With Egg, Chilli, Ginger And Garlic",chinese,36.52,306.37,24.63,2022-10-16,20:37:33,3001.93
dash,Classic Shrimp Roll,american,115.87,132.85,34.84,2022-10-16,20:37:33,1798.4899999999998
dash,Red Pepper-and-Pear Soup,french,34.13,160.31,45.42,2022-10-16,20:37:33,1760.99
dash,Chicken and Dumplings,american,274.06,134.61,211.06,2022-10-16,20:37:33,3151.9700000000003
dash,Black Cat Sandwich Cookies,american,29.35,430.88,109.86,2022-10-16,20:37:33,4434.76
dash,"101 ""Whaler"" Fish Sandwich",american,166.86,291.0,206.96,2022-10-16,20:37:33,4114.28
dash,Seafood Soup,american,70.67,70.08,7.64,2022-10-16,20:37:33,943.96
dash,Early Girl Tomato Soup,french,7.22,33.34,26.6,2022-10-16,20:37:33,435.34000000000003
dash,Spiced Carrot-Butternut Squash Soup with Pine Nut Cream,american,30.0,116.45,116.06,2022-10-16,20:37:33,1632.29
dash,Vanilla Date Pudding,british,38.76,343.76,94.42,2022-10-16,20:37:33,3626.56
dash,Sweet 'N Spicy Red Eye Ham Steaks With Cheese Grits And Seared Chard,american,215.37,172.29,174.02,2022-10-16,20:37:33,3108.17
dash,Apple-Cranberry Crumb Pie,american,13.61,578.56,25.03,2022-10-16,20:37:33,5361.5999999999985
dash,The Addictive Pot Stickers,chinese,204.27,303.45,110.41,2022-10-16,20:37:33,3989.7699999999995
dash,PB 'n Chocolate Bread Pudding Bonanza,british,43.47,186.05,58.66,2022-10-16,20:37:33,2082.97
dash,Time for a Drink: the 151 Swizzle Recipe,british,0.1,12.31,0.02,2022-10-16,20:37:40,111.27000000000001
dash,Turkey Meatball Sandwich,american,169.52,201.71,130.74,2022-10-16,20:37:40,3016.4300000000003
dash,cream of tomato soup with orzo,american,40.34,154.42,61.38,2022-10-16,20:37:40,1796.6599999999999
dash,Beet Spinach Salad (Mint And Raspberries),middle eastern,9.9,59.34,55.7,2022-10-16,20:37:40,796.46
dash,Gertie’s Crab Cakes,mediterranean,88.64,16.1,119.92,2022-10-16,20:37:40,979.1400000000001
dash,Date Butterscotch Pancakes,american,40.75,330.86,182.0,2022-10-16,20:37:40,3868.7400000000002
dash,Baked Chicken Tenders,american,142.56,226.86,286.38,2022-10-16,20:37:40,3757.5000000000005
dash,Stuffed Main Lobster,american,340.2,195.57,158.58,2022-10-16,20:37:40,3755.25
dash,Quick Chicken Cacciatore,italian,93.61,51.65,25.34,2022-10-16,20:37:40,940.65
dash,Salisbury Steak with Onion Gravy,american,207.91,100.43,195.49,2022-10-16,20:37:40,2517.4700000000003
dash,Chicken Souvlaki Salad,mediterranean,105.26,42.11,96.52,2022-10-16,20:37:40,1186.11
dash,Drink the Book: The Dahlgren Recipe,world,1.83,94.39,0.7,2022-10-16,20:37:40,859.63
dash,Individual Cherry Almond Crisps recipes,american,49.43,650.46,346.01,2022-10-16,20:37:40,7435.900000000001
dash,Soba Noodle Broth with Chicken,asian,87.96,136.87,34.0,2022-10-16,20:37:40,1719.6699999999998
dash,Mini Vanilla Scones with Vanilla Bean Glaze,british,54.95,937.12,262.76,2022-10-16,20:37:40,9704.919999999998
dash,Smoky Pear & Ginger Margarita,world,0.68,24.6,0.24,2022-10-16,20:37:46,225.08
dash,Butternut Squash Soup with Spiced Seeds,american,39.32,215.7,59.78,2022-10-16,20:37:46,2337.7
dash,Creamy Stove-Top Mac and Cheese,american,170.47,404.64,245.26,2022-10-16,20:37:46,5304.679999999999
dash,Scrambled Egg Burritos,mexican,24.04,62.54,33.16,2022-10-16,20:37:46,791.66
dash,Leek And Comté Tartlets,french,31.84,38.97,68.42,2022-10-16,20:37:46,751.77
dash,Blue Cheese-Topped Steaks,american,98.69,16.43,94.04,2022-10-16,20:37:46,918.79
dash,Easy Green Gazpacho,mediterranean,16.9,88.24,83.5,2022-10-16,20:37:46,1195.76
dash,Citrus Dressing and Arugula Salad,mediterranean,33.27,93.71,252.59,2022-10-16,20:37:46,1986.83
dash,Chicken and Onion Kebabs,american,185.38,167.8,36.71,2022-10-16,20:37:46,2398.5600000000004
dash,Beef Stew In Red Wine Sauce,american,227.75,96.07,139.91,2022-10-16,20:37:46,2335.27
dash,Quick Paella,american,139.15,442.48,54.34,2022-10-16,20:37:46,4756.28
dash,Classic Chicken Parmigiana,italian,310.39,158.83,98.56,2022-10-16,20:37:46,3065.2699999999995
dash,Scoopy Salmon Salad,nordic,40.55,13.2,9.04,2022-10-16,20:37:46,317.15999999999997
dash,Mini Grilled Artichoke Hearts with Low Fat Spinach and Artichoke Dip,mediterranean,90.58,107.23,72.04,2022-10-16,20:37:46,1615.5500000000002
dash,Christmas Eve Seafood Salad,mediterranean,421.73,83.36,69.74,2022-10-16,20:37:46,2716.12
dash,Hazelnut-Pear Soufflé Recipe,french,43.06,411.15,51.88,2022-10-16,20:37:46,4080.11
dash,"Potato, Porcini And Squash Gratin",french,88.74,252.69,184.56,2022-10-16,20:37:53,3367.41
dash,Ceviche-Style Shrimp and Chips,south american,74.92,108.51,43.39,2022-10-16,20:37:53,1449.83
dash,Shrimp Cocktail recipes,american,28.52,114.27,3.39,2022-10-16,20:37:53,1156.07
dash,Easy cucumber peanut salad--Thai style,south east asian,39.42,92.91,52.35,2022-10-16,20:37:53,1203.27
dash,Fresh Tomato Pie,italian,69.68,139.83,164.17,2022-10-16,20:37:53,2193.87
dash,Oven-Roasted Spicy Potatoes and Glazed Carrots,italian,59.95,651.14,111.13,2022-10-16,20:37:53,6544.58
dash,Baked Alaskas,french,115.08,312.14,65.99,2022-10-16,20:37:53,3533.54
dash,Bread Salad,american,44.09,153.84,86.03,2022-10-16,20:37:53,1905.04
dash,Spanish Chicken,mediterranean,252.59,217.32,213.23,2022-10-16,20:37:53,3819.16
dash,Pumpkin Spice-Cream,american,73.33,351.16,91.91,2022-10-16,20:37:53,3821.4
dash,Broccoli Biscuit Squares,american,200.94,193.97,235.72,2022-10-16,20:37:53,3492.37
dash,Sweet Jewel Box Cookies,italian,54.63,543.54,197.01,2022-10-16,20:37:53,5898.42
dash,Garlic roasted potato and spinach (or cauliflower) curry,south east asian,40.31,241.4,14.76,2022-10-16,20:37:53,2392.88
dash,Classic Wedge Salad with Blue Cheese Dressing recipes,mediterranean,42.53,30.13,154.3,2022-10-16,20:37:53,1058.49
dash,Candied Sweet Potato Ricotta Tart,south american,38.28,179.53,117.32,2022-10-16,20:37:53,2238.17
dash,Brown Butter Pecan Pie,american,81.46,860.34,463.21,2022-10-16,20:37:53,9921.74
dash,Fresh Crab Springrolls,south east asian,129.64,198.43,122.16,2022-10-16,20:37:53,2793.07
dash,Flank Steak Tostadas,south american,67.9,114.46,54.53,2022-10-16,20:37:53,1519.8599999999997
dash,Fallen Chocolate Cake with Cherry Red Wine Sauce,french,63.83,579.87,99.45,2022-10-16,20:38:00,5871.95
dash,Blackened Catfish,indian,100.98,21.68,155.19,2022-10-16,20:38:00,1219.8
dash,Ropa Vieja,caribbean,380.12,78.55,288.35,2022-10-16,20:38:00,3380.83
dash,Chicken Parmesan with Broccolini,italian,70.21,41.05,30.67,2022-10-16,20:38:00,772.97
dash,Sopa de Lima - Mexican Chicken Lime Soup,mexican,179.81,101.55,106.95,2022-10-16,20:38:00,2060.9900000000002
dash,Les Oeufs Jeannette,american,50.71,14.05,122.47,2022-10-16,20:38:00,819.1700000000001
dash,The Kale Mary Recipe,american,5.26,14.06,1.01,2022-10-16,20:38:00,151.62
dash,Hot Fudge Hat,american,40.21,442.35,213.56,2022-10-16,20:38:00,4996.23
dash,Thai Beef Salad,south east asian,105.25,78.69,67.46,2022-10-16,20:38:00,1399.05
dash,Paula Deen's Crab and Spinach Casserole,italian,248.3,167.04,147.31,2022-10-16,20:38:00,3085.8
dash,Chilli Paneer,indian,58.34,97.07,20.16,2022-10-16,20:38:00,1187.6299999999999
dash,Salmon and Asparagus Wraps,nordic,36.32,59.09,12.08,2022-10-16,20:38:00,725.4100000000001
dash,Apple Spinach Salad With Zippy Dressing,mediterranean,13.44,75.06,46.69,2022-10-16,20:38:00,916.06
dash,Sweet Potato & Spinach Dal,central europe,61.47,175.5,31.64,2022-10-16,20:38:00,1951.94
dash,Chicken Salad with Asian Vinaigrette,asian,108.51,31.19,39.27,2022-10-16,20:38:00,871.83
dash,Fusilli with Basil Shiso Parmigiano-Reggiano Pesto,italian,34.63,81.23,102.17,2022-10-16,20:38:00,1278.27
dash,Asian Meatballs with Shitake Mushrooms recipes,japanese,98.3,49.13,68.5,2022-10-16,20:38:00,1109.37
dash,Veggie-Filled Burgers,nordic,91.74,117.89,37.23,2022-10-16,20:38:07,1576.89
dash,Vegan Mediterranean Pita Pockets,american,120.28,197.28,115.53,2022-10-16,20:38:07,2718.7599999999998
dash,Smokey Red Pepper Risotto with Pimentón,italian,75.01,307.04,33.42,2022-10-16,20:38:07,3197.08
dash,Giant Beans Baked with Sorrel,american,35.3,147.08,223.91,2022-10-16,20:38:07,2360.56
dash,Rosemary Cauliflower Soup,french,17.92,94.84,41.29,2022-10-16,20:38:07,1090.4
dash,Greek Lemon Soup —Avgolemono,mediterranean,83.64,212.01,26.48,2022-10-16,20:38:07,2348.57
dash,Grits and Sausage Casserole,italian,88.86,134.81,91.7,2022-10-16,20:38:07,1935.53
dash,Lemon Rosemary Scones,british,57.52,948.19,285.25,2022-10-16,20:38:07,9904.79
dash,Big Blue Buffalo Jala' Poppers,american,43.99,78.68,45.7,2022-10-16,20:38:07,1066.88
dash,My Caesar Salad,american,39.2,96.25,178.76,2022-10-16,20:38:07,1738.09
dash,Banana Chocolate Chip Cake,american,60.67,652.83,176.61,2022-10-16,20:38:07,6824.59
dash,Rhubarb Berry Pie,central europe,16.94,275.56,61.79,2022-10-16,20:38:07,2794.96
dash,Southern Yellow-Squash Casserole,italian,172.47,371.15,324.63,2022-10-16,20:38:07,5328.75
dash,Trout Parmesan,french,418.33,347.7,519.37,2022-10-16,20:38:07,6880.1
dash,Ham and Cheese Chicken,italian,167.25,27.17,53.89,2022-10-16,20:38:07,1129.09
dash,The Ultimate Fully-Loaded Bloody Mary Recipe,world,1.69,8.33,0.55,2022-10-16,20:38:07,83.93
dash,"Tomato, Cucumber, and Fresh Herb Salad",mediterranean,34.89,52.87,135.0,2022-10-16,20:38:07,1155.3899999999999
dash,Sweet & Savory Peach Tart,american,29.44,169.03,164.26,2022-10-16,20:38:07,2296.0699999999997
dash,Cajun BBQ Chicken,american,111.01,135.57,38.95,2022-10-16,20:38:13,1819.9699999999998
dash,Slow-Cooked Venison,french,423.07,149.48,103.45,2022-10-16,20:38:13,3451.4
dash,English Pea Salad,british,125.12,276.04,149.07,2022-10-16,20:38:13,3581.12
dash,Pasta Salad with Tomatoes and Grilled Salmon,nordic,243.23,328.71,144.12,2022-10-16,20:38:13,4507.79
dash,Ginger Tofu Stir-Fry,asian,28.31,39.49,35.86,2022-10-16,20:38:13,612.09
dash,Mushroom Pie,british,75.84,112.14,194.46,2022-10-16,20:38:13,2090.46
dash,Susan Feniger's Kaya Toast,south east asian,39.43,241.45,95.03,2022-10-16,20:38:13,2710.8899999999994
dash,Rustic Plum-and-Almond Tart,french,42.82,341.54,66.27,2022-10-16,20:38:13,3510.2200000000003
dash,Pull-Apart Bread,american,81.82,1238.87,248.68,2022-10-16,20:38:13,12471.829999999998
dash,Caesar Salad with Baby Romaine,mexican,46.73,112.64,89.06,2022-10-16,20:38:13,1556.92
dash,Homemade Ranch Dressing,american,6.43,12.16,201.69,2022-10-16,20:38:13,941.92
dash,Red berry fruit compote (German rote grütze),american,34.32,196.14,37.01,2022-10-16,20:38:13,2050.58
dash,Herring and Apple Salad,british,98.93,44.22,52.24,2022-10-16,20:38:13,1002.6600000000001
dash,Christmas chocolate yule log,nordic,81.29,787.82,525.49,2022-10-16,20:38:13,9517.5
dash,Grilled Vegetable Sandwiches,mediterranean,50.31,199.05,81.23,2022-10-16,20:38:13,2317.61
dash,Double Winter Delights,middle eastern,36.47,96.83,35.48,2022-10-16,20:38:13,1159.27
dash,Tomatoey Shrimp and Polenta,italian,61.31,99.14,15.23,2022-10-16,20:38:13,1198.42
dash,Chop-Chop Beef Stir-Fry,chinese,34.66,25.15,22.12,2022-10-16,20:38:13,453.47
dash,Buche De Noel,french,52.37,530.77,137.42,2022-10-16,20:38:13,5536.09
dash,Grilled Snapper with Red Pepper Sauce,south american,120.65,20.65,35.72,2022-10-16,20:38:20,811.33
dash,Broad bean and runner bean risotto,italian,65.08,314.49,102.18,2022-10-16,20:38:20,3499.45
dash,Snapper Piccata,italian,120.02,11.85,33.02,2022-10-16,20:38:20,718.8100000000001
dash,Grilled Apples with Herbes de Provence and Micro Greens,american,7.74,93.4,77.17,2022-10-16,20:38:20,1180.24
dash,Italian Seafood Salad (Insalata di Mare) Recipe,italian,272.1,82.36,264.57,2022-10-16,20:38:20,2887.92
dash,Chinese Braised Shrimp E-Fu Noodles (伊麵 - Yee Mein),asian,62.17,256.65,18.66,2022-10-16,20:38:20,2633.1699999999996
dash,Chicken Fajita Bar Party!,american,366.0,68.53,154.22,2022-10-16,20:38:20,2697.65
dash,Ultra Moist Carrot Cake recipes,american,76.66,904.06,327.66,2022-10-16,20:38:20,9753.819999999998
dash,Creole Red Snapper,american,143.96,23.58,23.81,2022-10-16,20:38:20,883.3
dash,Hachis Parmentier,french,28.24,129.69,44.58,2022-10-16,20:38:20,1458.49
dash,A Little Fruit with My Crisp,american,60.88,628.45,274.77,2022-10-16,20:38:20,6998.650000000001
dash,Smoked Fish & Cherry Tomato Rarebit,italian,232.28,126.99,163.44,2022-10-16,20:38:20,2725.79
dash,'Dragon prawn' noodles,asian,165.01,267.89,49.48,2022-10-16,20:38:20,3268.97
dash,Instant Pot Adobo Chicken Thighs with Bok Choy & Green Onions,chinese,119.35,41.79,66.65,2022-10-16,20:38:20,1120.1100000000001
dash,"Zucchini, Kale And Onion Quiche",french,61.82,184.89,137.5,2022-10-16,20:38:20,2461.29
dash,Christmas Sugar Wafers with Vanilla Icing,american,27.16,386.56,54.21,2022-10-16,20:38:20,3804.52
dash,Demon Pork,american,93.98,0.22,49.97,2022-10-16,20:38:20,577.78
dash,English Pea Salad recipes,british,125.12,276.04,149.07,2022-10-16,20:38:20,3581.12
dash,Savory Stuffed Acorn Squash,american,55.43,211.39,22.19,2022-10-16,20:38:27,2212.99
dash,Roasted Sicilian Potatoes,italian,23.73,222.52,57.55,2022-10-16,20:38:27,2327.7999999999997
dash,Happy Birthday Pancakes Recipe,french,19.52,88.59,74.39,2022-10-16,20:38:27,1172.95
dash,CINNAMON ROLLS with COCONUT FROSTING & CARAMEL RAISIN FILLING recipes,american,50.73,649.31,66.02,2022-10-16,20:38:27,6310.789999999999
dash,Un-Fried Chicken,american,283.53,198.39,384.62,2022-10-16,20:38:27,4458.11
dash,Skillet-Roasted Citrus Salmon with Grilled Vegetables,nordic,123.83,75.03,104.1,2022-10-16,20:38:27,1586.9899999999998
dash,Chinois Grilled Lamb Chops,chinese,220.84,68.4,689.02,2022-10-16,20:38:27,4255.04
dash,Salmon Mousse,nordic,1239.47,22.4,983.36,2022-10-16,20:38:27,9092.92
dash,Sunny's Warm German Potato Salad,central europe,42.93,127.64,93.71,2022-10-16,20:38:27,1695.32
dash,Gordon Ramsay's Christmas Pudding,british,80.69,922.26,264.56,2022-10-16,20:38:27,9681.34
dash,"Penne With Chicken, Chorizo And Chile",mediterranean,172.16,341.05,161.09,2022-10-16,20:38:27,4402.45
dash,Squash Casserole from 'Mastering the Art of Southern Cooking',american,132.65,235.16,463.56,2022-10-16,20:38:27,4501.28
dash,Fresh Cheese And Cilantro Dip,mediterranean,17.26,22.3,16.45,2022-10-16,20:38:27,335.54
dash,Peppermint Patty Sheet Cake,american,49.45,1066.72,200.63,2022-10-16,20:38:27,10600.8
dash,Tuna Burgers With Lemon Paprika Aioli,mediterranean,67.16,57.33,110.11,2022-10-16,20:38:27,1225.05
dash,Potato Gateau,mediterranean,176.76,224.46,221.7,2022-10-16,20:38:27,3613.9800000000005
dash,Gazpacho,italian,13.19,63.67,58.29,2022-10-16,20:38:27,858.9499999999999
dash,Arugula Salad with Chicken and Apricots,mediterranean,83.16,36.04,59.89,2022-10-16,20:38:27,896.56
dash,Seared Spiced Tuna With Zucchini,italian,62.56,27.81,57.81,2022-10-16,20:38:27,731.77
dash,French style lemon yogurt cake with fresh basil,french,49.82,357.35,163.89,2022-10-16,20:38:33,4070.9900000000002
dash,Turkey Burger Pitas with Tahini Sauce,american,113.57,70.03,62.69,2022-10-16,20:38:33,1335.31
dash,Mediterranean Pita Melts,mediterranean,46.57,139.71,37.7,2022-10-16,20:38:33,1594.47
dash,Deep Dark Chocolate Layer Cake,american,68.46,1027.98,177.08,2022-10-16,20:38:33,10233.98
dash,Healthy & Delicious: Italian Egg-Drop Soup Recipe,italian,113.9,193.71,47.54,2022-10-16,20:38:33,2389.15
dash,Warm Brownie Pudding Slow-Cooker Dessert,french,40.09,538.92,71.08,2022-10-16,20:38:33,5294.959999999999
dash,Beautiful Lamb Shanks,middle eastern,370.1,154.13,307.04,2022-10-16,20:38:33,4095.7300000000005
dash,Bacon And Tomato Salad,american,57.16,70.62,281.46,2022-10-16,20:38:33,1990.06
dash,Easy Caramel Apple upside-down cake,american,65.34,710.83,190.01,2022-10-16,20:38:33,7418.87
dash,Black Bean Burgers,american,77.08,309.03,45.43,2022-10-16,20:38:33,3271.3099999999995
dash,"Spinach, Green Onion, and Smoked Gouda Quiche",french,70.65,141.46,129.23,2022-10-16,20:38:33,2072.6600000000003
dash,Crab Cakes Chiarello with Shaved Fennel Salad,italian,193.07,116.06,500.84,2022-10-16,20:38:33,3820.18
dash,Creamy Cabbage Soup with Chive Oil and Cumin Seeds,eastern europe,21.88,66.11,133.42,2022-10-16,20:38:33,1216.19
dash,Cherry Tomato and Watermelon Salad,south american,11.14,70.22,58.18,2022-10-16,20:38:33,909.26
dash,Pasta e Fagioli,italian,139.39,321.44,87.42,2022-10-16,20:38:33,3800.2
dash,Fresh Tomato Sandwiches,italian,39.91,63.19,37.71,2022-10-16,20:38:33,879.19
dash,Winter Fruit Compote with Selection of Cheese,eastern europe,19.85,411.72,19.35,2022-10-16,20:38:33,3862.2800000000007
dash,Baked French Toast Casserole with Maple Syrup,american,128.81,541.41,374.69,2022-10-16,20:38:40,6886.69
dash,The Ultimate Rosemary BLT recipes,american,167.72,603.67,318.46,2022-10-16,20:38:40,7377.75
dash,The Michelada,world,4.01,31.24,0.14,2022-10-16,20:38:40,297.76
dash,Artichoke Fritters,mediterranean,44.63,174.64,69.66,2022-10-16,20:38:40,2028.9199999999996
dash,Sticky Date and Coconut Cake,american,32.29,667.58,96.44,2022-10-16,20:38:40,6523.14
dash,Indian Spiced Swiss Chard,indian,25.08,80.76,4.99,2022-10-16,20:38:40,847.1200000000001
dash,Cranberry Salsa recipes,american,1.58,86.84,0.52,2022-10-16,20:38:40,789.9600000000002
dash,Fried Onion Dip,american,11.26,45.62,100.02,2022-10-16,20:38:40,855.7
dash,Buffalo Chicken Salad,american,78.28,20.3,148.43,2022-10-16,20:38:40,1089.54
dash,Amish Pumpkin Cinnamon Rolls with Caramel Icing recipes,american,56.31,494.69,107.09,2022-10-16,20:38:40,5105.8099999999995
dash,Cranberry-orange cloud ice cream,american,20.8,366.9,56.27,2022-10-16,20:38:40,3610.3799999999997
dash,Garlic and Herb Roast Pork and Vegetables,mediterranean,235.78,156.25,140.79,2022-10-16,20:38:40,2912.5299999999997
dash,Pecan and Cranberry Crusted Salmon with Cran-Apple Drizzle,american,149.3,216.12,170.76,2022-10-16,20:38:40,3225.3199999999997
dash,Dad's Chorizo and Egg Breakfast Tacos,mediterranean,50.96,127.37,83.64,2022-10-16,20:38:40,1684.7299999999998
dash,Sweet Potato and Poblano Salad with Honey and Rosemary,south american,21.2,276.24,74.68,2022-10-16,20:38:40,2869.6800000000003
dash,"Spicy, Creamy Chickpeas & Spinach (Chana Saag-ish)",indian,83.76,238.44,118.21,2022-10-16,20:38:40,2953.84
dash,Tomato Bon Bons,american,187.36,261.5,1180.89,2022-10-16,20:38:47,7826.5
dash,Lasagne that used to be Manicotti,italian,487.56,618.19,466.13,2022-10-16,20:38:47,9378.470000000001
dash,The Perfect Potato Chip,american,40.71,281.17,25.54,2022-10-16,20:38:47,2795.53
dash,Cobb Salad recipes,american,290.17,147.07,594.46,2022-10-16,20:38:47,4862.15
dash,Quinoa Pilau,south american,26.28,126.28,51.7,2022-10-16,20:38:47,1448.4399999999998
dash,Vegetable Sushi with Asian Dipping Sauce,japanese,21.74,101.81,74.18,2022-10-16,20:38:47,1299.97
dash,Old Bay Green Bean Casserole with Crab Recipe,american,81.74,160.38,91.31,2022-10-16,20:38:47,2135.62
dash,Sour Cream Mushroom Soup,american,63.73,116.71,45.05,2022-10-16,20:38:47,1485.51
dash,Potato Gnocchi with Lemon-Thyme Sauce,mediterranean,25.61,159.87,88.42,2022-10-16,20:38:47,1894.95
dash,Roasted Oysters with Lemon-Anise Stuffing,mediterranean,80.02,81.98,34.97,2022-10-16,20:38:47,1197.7800000000002
dash,Das Pear Pineapple Strudel,american,7.0,104.57,83.1,2022-10-16,20:38:47,1301.5299999999997
dash,Berrylicious Sour Cream Pie,american,26.11,448.18,89.37,2022-10-16,20:38:47,4495.539999999999
dash,Spiced Jerk Turkey with Mango Salsa,american,51.49,19.44,30.32,2022-10-16,20:38:47,502.20000000000005
dash,Baked French Toast Casserole,french,129.12,543.33,398.98,2022-10-16,20:38:47,7002.370000000001
dash,Recipe: Braised Coconut Spinach & Chickpeas with Lemon,american,57.94,161.09,108.55,2022-10-16,20:38:54,2115.77
dash,Turkey Pot-au-Feu,american,110.82,63.85,36.56,2022-10-16,20:38:54,1164.17
dash,Individual Spinach-Asiago Gratins,french,31.99,56.85,23.33,2022-10-16,20:38:54,732.9300000000001
dash,Carrot Cake Whoopie Pies with Cinnamon Cream Cheese Frosting,american,59.66,719.77,202.56,2022-10-16,20:38:54,7526.81
dash,"Canoas (Ripe Plantain ""Canoes"" Stuffed with Ground Meat)",south american,90.42,470.78,110.69,2022-10-16,20:38:54,5041.46
dash,Miso and Corn Soup,japanese,102.07,176.96,79.36,2022-10-16,20:38:54,2318.36
dash,Rioja-braised lamb shanks with chorizo and garlic,mediterranean,390.93,121.0,685.39,2022-10-16,20:38:54,5394.280000000001
dash,Avocado and Corn Tostaditas,mexican,23.18,112.72,53.92,2022-10-16,20:38:54,1322.88
dash,Chicken & Mushroom Ragout,mediterranean,100.23,19.18,73.81,2022-10-16,20:38:54,868.78
dash,Cantaloupe & Green Tomato Salad,french,7.87,59.6,9.8,2022-10-16,20:38:54,607.08
dash,My killer guacamole,mexican,16.3,83.63,100.66,2022-10-16,20:38:54,1220.51
dash,Apple Turnovers recipes,french,39.2,323.65,191.08,2022-10-16,20:38:54,3833.9700000000003
dash,New York Strip Steaks,american,155.77,210.05,203.06,2022-10-16,20:38:54,3325.7700000000004
dash,Mushy Peas With Oven Baked Chips,american,25.94,127.29,15.6,2022-10-16,20:38:54,1311.7700000000002
dash,Double-Chocolate Soufflé with Vanilla Custard Sauce,french,61.74,291.87,58.58,2022-10-16,20:38:54,3108.11
dash,Buttered-Pecan French Toast with Bourbon Maple Syrup,american,82.66,445.96,259.08,2022-10-16,20:38:54,5380.599999999999
dash,Chicken Salad Crostini with Pepitas and Cilantro,american,99.16,171.5,275.33,2022-10-16,20:38:54,3041.46
dash,Crunchy Quinoa Salad,south american,33.82,137.61,11.39,2022-10-16,20:38:54,1419.3300000000002
dash,Ramos Gin Fizz,world,4.93,10.77,18.54,2022-10-16,20:38:54,190.81
dash,Grilled Butterflied Lamb with African Spices and Herbed Yogurt,american,326.72,27.72,299.81,2022-10-16,20:39:03,2755.6000000000004
dash,Pat's Smoked Catfish,american,164.38,72.04,121.89,2022-10-16,20:39:03,1793.44
dash,Pumpkin Sheet Cake recipes,american,63.05,1102.87,367.85,2022-10-16,20:39:03,11649.429999999998
dash,Seelbach,world,0.19,6.63,0.0,2022-10-16,20:39:03,60.43
dash,BALSAMIC GLAZED FIGS w/PANCETTA & MASCARPONE,american,21.73,268.42,48.52,2022-10-16,20:39:03,2696.78
dash,Cold Noodle Salad With Peanut Butter Dressing,asian,70.51,210.97,237.98,2022-10-16,20:39:03,3132.69
dash,Vegetarian Beyond Meat Juicy Lucy Burger,american,85.94,34.23,43.45,2022-10-16,20:39:03,825.6299999999999
dash,Mexican Stuffed Acorn Squash,mexican,89.45,176.5,101.1,2022-10-16,20:39:03,2350.7
dash,Asian Vegetable Noodle Toss,asian,77.6,250.83,13.97,2022-10-16,20:39:03,2623.7500000000005
dash,Dr. Zhivago Borscht,american,17.55,133.73,34.56,2022-10-16,20:39:03,1412.01
dash,Cook the Book: Barbecued Lentils,indian,30.82,125.45,15.07,2022-10-16,20:39:03,1312.61
dash,Caesar Bread Salad Or Panzanella Giulio,american,98.97,303.62,180.76,2022-10-16,20:39:03,3851.5
dash,the most delicious chinese chicken salad,chinese,160.68,40.78,428.75,2022-10-16,20:39:03,2724.74
dash,Roasted Pepper Pesto Cheesecake,italian,163.66,382.56,289.6,2022-10-16,20:39:03,5256.08
dash,Pasta e Fagioli,italian,63.84,191.71,21.73,2022-10-16,20:39:03,2067.67
dash,Wedge Salad with Parmesan-Peppercorn Ranch,american,56.5,185.26,225.97,2022-10-16,20:39:03,2797.22
dash,Low Carb Praline Pumpkin Pie,american,43.14,93.16,275.08,2022-10-16,20:39:03,2111.3199999999997
dash,Chicken Stir-Fry Lettuce Wraps,chinese,112.82,59.38,56.02,2022-10-16,20:39:03,1209.78
dash,Atf Gingerbread Cake With Gingery Cream Cheese Frosting,american,43.7,834.47,175.62,2022-10-16,20:39:03,8387.51
dash,Kentucky Chocolate Nut Tartlets,american,16.77,242.78,56.69,2022-10-16,20:39:09,2478.8599999999997
dash,Quinoa Blueberry Muffins,american,68.27,413.95,90.63,2022-10-16,20:39:09,4361.15
dash,Pear Crisp with Oat Streusel Topping,french,45.12,509.29,83.29,2022-10-16,20:39:09,5097.25
dash,Duo of New England and Manhattan Clam Chowders,american,130.22,279.43,65.2,2022-10-16,20:39:09,3296.55
dash,"Lamb tajine with apricots, saffron and ginger",middle eastern,213.18,224.76,312.84,2022-10-16,20:39:09,4126.92
dash,"Potato Salad With Watercress, Cucumber And Radish",mediterranean,16.38,105.19,50.35,2022-10-16,20:39:09,1213.63
dash,Spiked cranberry nut bread pudding,british,66.76,302.61,185.07,2022-10-16,20:39:09,3730.8100000000004
dash,Sweet Potato And Beet Fritters With Herbed Buttermilk Dip recipes,south american,39.19,149.9,76.25,2022-10-16,20:39:09,1810.8600000000001
dash,'Bella Asada Fajitas,mexican,12.39,85.11,14.77,2022-10-16,20:39:09,874.63
dash,A Charoset-inspired sweet relish,french,10.42,80.79,28.06,2022-10-16,20:39:09,881.03
dash,Chocolate Cupcakes with Vanilla Cream Cheese Frosting,american,49.88,577.51,142.08,2022-10-16,20:39:09,5965.43
dash,Slow-Cooker Carrot Cake With Cream Cheese Frosting,american,33.42,286.1,144.75,2022-10-16,20:39:09,3287.58
dash,Poached Eggs with Chipotle Dressing and Avocado Relish and Andouille Hollandaise,american,101.69,211.33,845.81,2022-10-16,20:39:09,5691.969999999999
dash,Turkey-Stuffed Mushrooms with Roasted Tomato Aioli,american,36.12,29.26,29.06,2022-10-16,20:39:09,524.0600000000001
dash,Cranberry-Apple French Toast Casserole,american,104.28,514.44,118.58,2022-10-16,20:39:09,5521.400000000001
dash,Caesar Salad,american,39.59,98.24,178.79,2022-10-16,20:39:09,1757.6799999999998
dash,Chocolate And Peanut Butter Ice Cream Sandwiches recipes,american,108.02,614.91,525.87,2022-10-16,20:39:09,8069.75
dash,Chicken Pastilla,mediterranean,205.32,191.6,203.38,2022-10-16,20:39:16,3359.2
dash,Simple Butternut Squash,south american,11.86,85.54,14.96,2022-10-16,20:39:16,877.14
dash,Apple Inception Cocktail,world,0.23,7.09,0.1,2022-10-16,20:39:16,65.13000000000001
dash,Artichokes alla Romana,mediterranean,32.8,150.19,3.86,2022-10-16,20:39:16,1498.3500000000001
dash,"Spinach Salad with Bacon, Blue Cheese, Pecans, and Cranberries",american,76.1,181.73,222.42,2022-10-16,20:39:16,2829.6499999999996
dash,"Mixed Greens with Jicama, Orange, and Pickled Red Onions",american,20.13,122.65,161.22,2022-10-16,20:39:16,1829.25
dash,Spicy Pickle Fries with Homemade Ranch Dip,south american,36.86,154.88,54.84,2022-10-16,20:39:16,1760.7200000000003
dash,Seelbach Cocktail,world,0.13,10.32,0.07,2022-10-16,20:39:16,93.67999999999999
dash,Crawfish Beignets with Spicy Remoulade,american,40.9,238.4,203.47,2022-10-16,20:39:16,3123.08
dash,Chocolate-Almond Cheesecake Bars,american,75.36,299.24,164.61,2022-10-16,20:39:16,3653.04
dash,"Crostini with Gorgonzola, Caramelized Onions, and Fig Jam",italian,64.82,265.84,57.67,2022-10-16,20:39:16,2882.52
dash,Grilled Chicken and Egg Potato Salad,south american,205.37,139.85,110.64,2022-10-16,20:39:16,2522.69
dash,Cashew Chicken Bake,south american,149.18,173.27,113.57,2022-10-16,20:39:16,2610.4300000000003
dash,Texas Caviar,american,48.42,178.41,46.04,2022-10-16,20:39:16,1983.5300000000002
dash,Crispy White Fish + Sweet Potato & Beet Curly Fries,french,118.58,117.11,67.47,2022-10-16,20:39:16,1798.19
dash,"Pasta with Lemon Cream Sauce, Asparagus, and Peas",italian,44.91,213.35,45.4,2022-10-16,20:39:16,2281.39
dash,Peppermint Patty Cake with Vanilla Mint Frosting recipes,american,52.51,1212.98,571.51,2022-10-16,20:39:23,13412.900000000001
dash,Rum Old Fashioned recipes,british,0.35,284.46,0.0,2022-10-16,20:39:23,2561.54
dash,Black Bottom Banana-Cream Pie,american,45.4,294.66,73.43,2022-10-16,20:39:23,3127.26
dash,Italian Wedding Soup,italian,154.59,166.97,138.85,2022-10-16,20:39:23,2676.4900000000002
dash,Young Corn And Celery Soup,south american,44.54,162.83,58.11,2022-10-16,20:39:23,1876.0700000000002
dash,Crisp Crab Cakes,american,113.3,55.98,56.34,2022-10-16,20:39:23,1182.38
dash,Spinach Stuffed Spicy Panko Crusted Pork Chops with Creamy Rustic Pan Sauce,american,139.32,118.24,111.07,2022-10-16,20:39:23,2065.72
dash,"Tagliata With Green Tomatoes, Oregano And Mustard Recipe",french,106.35,55.28,151.0,2022-10-16,20:39:23,1526.92
dash,Strawberry Shortcake Cake,british,60.15,1218.48,404.79,2022-10-16,20:39:23,12826.08
dash,Green Chile Tortilla Bake,mexican,196.16,486.11,289.14,2022-10-16,20:39:23,6316.1900000000005
dash,Crab Cake Poppers,american,107.96,73.39,280.89,2022-10-16,20:39:23,2215.91
dash,Potato-Zucchini Skillet Pancakes with Cherry Tomato Salad,american,20.1,199.24,26.91,2022-10-16,20:39:23,1981.2000000000003
dash,Vermouth Cocktail Recipe,world,0.13,3.87,0.02,2022-10-16,20:39:23,35.43
dash,A&O Pasta (Almonds & Oysters Pasta),italian,77.66,256.82,169.44,2022-10-16,20:39:23,3299.7799999999997
dash,Red-Braised Pork (Hong Shao Rou),chinese,79.05,67.02,340.88,2022-10-16,20:39:23,2282.8999999999996
dash,Apple Crostata with Oat Crumble Topping,french,47.82,676.38,178.16,2022-10-16,20:39:23,6991.34
dash,Mississippi Mud Pie,american,46.55,437.23,114.57,2022-10-16,20:39:23,4579.55
dash,Queens Park Swizzle Recipe,world,0.23,18.61,0.06,2022-10-16,20:39:23,168.65
dash,Chocolate-Zucchini Loaf Cake,american,50.92,441.54,144.43,2022-10-16,20:39:23,4755.26
dash,Sazerac,world,1.06,7.23,0.95,2022-10-16,20:39:23,73.11
dash,Salmon & Puy lentil salad with olive dressing,nordic,193.4,362.68,124.98,2022-10-16,20:39:30,4537.639999999999
dash,Capellini Primavera,italian,98.3,490.73,107.99,2022-10-16,20:39:30,5241.73
dash,The Jameson Black Barrel Old Fashioned,world,0.23,14.99,0.14,2022-10-16,20:39:30,136.39
dash,"Gin and Tonic, Remixed",world,2.96,30.28,0.56,2022-10-16,20:39:30,286.59999999999997
dash,Pumpkin-Sweet Potato Soup,south american,15.75,107.52,75.15,2022-10-16,20:39:30,1331.2799999999997
dash,Roast Chicken with Boiled Potatoes and Boston Lettuce Salad,south east asian,384.37,505.28,156.57,2022-10-16,20:39:30,6711.28
dash,Baked Pita Chips with Charred Three Onion Dip,mediterranean,63.59,252.6,237.73,2022-10-16,20:39:30,3478.6800000000003
dash,Toasted-Coconut Layer Cake,american,56.64,922.88,203.66,2022-10-16,20:39:30,9347.119999999999
dash,Amazing Apple Tart,american,13.39,175.6,55.28,2022-10-16,20:39:30,1855.08
dash,Mozzarella in Carrozza with Sun-Dried Tomato and Roasted Red Pepper Jam,italian,58.61,232.13,93.34,2022-10-16,20:39:30,2696.9700000000003
dash,Curry Potato Salad,indian,34.92,205.47,119.76,2022-10-16,20:39:30,2467.9500000000003
dash,"Chicken Curry with Bananas, Raisins, and Peanuts recipes",south east asian,114.85,122.56,157.97,2022-10-16,20:39:30,2194.32
dash,Bonnie’s Fish Stew,french,400.08,147.52,155.6,2022-10-16,20:39:30,3550.4
dash,Cucumber Gazpacho with Shrimp Relish,american,79.47,53.8,31.92,2022-10-16,20:39:30,929.76
dash,Har Gow,chinese,73.27,143.16,38.56,2022-10-16,20:39:30,1735.76
dash,"Halibut with Grapefruit, Parsley, Red Onion, and Shiitake Mushrooms recipes",american,137.2,67.4,323.06,2022-10-16,20:39:30,2447.6400000000003
dash,Coffee Seafood Risotto,italian,72.08,210.69,86.22,2022-10-16,20:39:30,2529.4100000000003
dash,Salsa,mexican,10.75,50.01,4.15,2022-10-16,20:39:30,509.69
dash,Ground Beef Tacos with a Zesty Guacamole,mexican,154.56,209.25,265.7,2022-10-16,20:39:30,3564.29
dash,Chocolate Covered Pears Poached in Mulled Wine,american,11.36,255.41,122.76,2022-10-16,20:39:36,2835.17
dash,"Broccoli, Cheddar, and Ranch Chicken Calzones",italian,83.38,16.85,102.3,2022-10-16,20:39:36,894.3699999999999
dash,Sara's Famous Sausage-Apple Gravy,american,98.23,96.41,184.67,2022-10-16,20:39:36,1999.29
dash,Summer Tomato and Bell Pepper Soup,italian,30.35,42.33,69.84,2022-10-16,20:39:36,781.73
dash,Almond-Thyme-Crusted Mahi Mahi with Lemon Chardonnay Sauce,mediterranean,33.78,27.43,28.67,2022-10-16,20:39:36,496.67
dash,Flank Steak with Tomatillo Salsa Verde,south american,136.79,185.81,272.5,2022-10-16,20:39:36,3309.45
dash,Taco Night,mexican,144.61,324.37,175.17,2022-10-16,20:39:36,4198.45
dash,Coconut-Panko Shrimp With Orange-Glazed Sweet Potatoes,mediterranean,120.75,271.21,104.41,2022-10-16,20:39:36,3341.5299999999997
dash,Fully-Loaded Cheesy Potato Soup with Gina's Spinach Salad,american,182.49,306.34,403.79,2022-10-16,20:39:36,5102.18
dash,Squash Cheese Pie,american,112.04,79.92,118.34,2022-10-16,20:39:36,1640.8000000000002
dash,Buffalo Chicken Sandwiches & Ranch,american,186.08,186.44,227.67,2022-10-16,20:39:36,3332.96
dash,Strawberry And White Chocolate Passion Fruit Soups With Mixed Berry Muffins,american,86.53,606.03,390.41,2022-10-16,20:39:36,7362.03
dash,Red Snapper Cocktail Recipe,world,1.64,8.71,0.61,2022-10-16,20:39:36,87.39000000000001
dash,Neely's Fish and Chips,british,215.31,470.7,621.31,2022-10-16,20:39:36,7582.78
dash,Salmon & Crab Cakes,nordic,93.88,85.94,63.4,2022-10-16,20:39:36,1402.58
dash,Maple Leaf Sazerac From Minetta Tavern,world,0.02,17.27,0.02,2022-10-16,20:39:36,155.59000000000003
dash,Triple cheese & aubergine lasagne,italian,201.57,460.02,245.9,2022-10-16,20:39:36,5930.06
dash,Squash & Sprout Orzo Salad With Ginger-Walnut Dressing,mediterranean,133.61,684.05,107.04,2022-10-16,20:39:36,7119.049999999999
dash,Man About Town,french,0.02,0.77,0.0,2022-10-16,20:39:36,7.01
dash,Family-Style Taco Night,mexican,226.45,173.83,190.15,2022-10-16,20:39:43,3230.87
dash,Shrimp Cakes with Peach Jalapeno Relish,kosher,136.68,184.84,51.69,2022-10-16,20:39:43,2417.04
dash,Potstickers with Spicy Dipping Sauce,chinese,111.69,463.15,85.39,2022-10-16,20:39:43,4956.67
dash,Turkey Tetrazzini,american,78.39,131.57,21.1,2022-10-16,20:39:43,1582.09
dash,Neely's Fried Zucchini,italian,64.97,168.72,322.27,2022-10-16,20:39:43,3067.44
dash,Salmon & Puy Lentil Salad With Olive Dressing,nordic,188.3,362.68,121.63,2022-10-16,20:39:43,4503.84
dash,Bloody Mary,french,1.71,10.42,0.56,2022-10-16,20:39:43,102.86
dash,Thai Turkey Salad,south east asian,67.43,50.79,79.95,2022-10-16,20:39:43,1046.63
dash,Cardamom Blush Cocktail Recipe,world,0.11,23.24,0.07,2022-10-16,20:39:43,209.88
dash,Cobb Salad with Blue Cheese Dressing,american,290.22,160.03,596.29,2022-10-16,20:39:43,4986.3099999999995
dash,Seafood Salad with Creamy Ginger Dressing,mediterranean,111.64,68.46,21.8,2022-10-16,20:39:43,1149.9
dash,Zucchini Cheddar Hand Pies recipes,british,74.82,285.55,220.66,2022-10-16,20:39:43,3751.8700000000003
dash,Crab Benedict,french,81.76,17.94,197.57,2022-10-16,20:39:43,1278.78
dash,Southwestern Steak Pizza,italian,95.55,137.54,116.04,2022-10-16,20:39:43,2084.22
dash,L’Artusi’s Famous Mushroom Ragu With Fresh Garganelli,italian,162.0,550.0,254.34,2022-10-16,20:39:43,6615.36
dash,Gazpacho,mediterranean,32.28,118.15,127.5,2022-10-16,20:39:43,1702.4700000000003
dash,Fresh Macaroni Salad,american,34.47,94.43,29.91,2022-10-16,20:39:43,1107.39
dash,Orange-Hazelnut Dacquoise,italian,65.0,445.9,190.77,2022-10-16,20:39:43,5036.18
dash,Joanie's Moules Ravigote,french,116.41,78.57,134.81,2022-10-16,20:39:43,1712.01
dash,Vegetarian Banh Mi,south east asian,99.62,305.36,266.51,2022-10-16,20:39:50,4212.76
dash,Carrot Cake Gelly Shots,british,31.96,155.41,22.11,2022-10-16,20:39:50,1614.97
dash,Lentil-Red Pepper Salad,south american,42.98,129.67,3.98,2022-10-16,20:39:50,1354.8700000000001
dash,My children love beet salad!,american,20.11,92.55,50.04,2022-10-16,20:39:50,1113.55
dash,"Farro, Golden Beet, and Feta Salad with Pecans and Chive-Sage Dressing",mediterranean,40.66,186.3,111.8,2022-10-16,20:39:50,2286.54
dash,Off the Cuff Turmeric Risotto,italian,50.28,319.5,14.67,2022-10-16,20:39:50,3135.2999999999997
dash,Berry-Mandarin Tossed Salad,french,34.25,196.26,140.0,2022-10-16,20:39:50,2463.34
dash,Spaghetti & Meatballs,italian,154.9,167.71,105.1,2022-10-16,20:39:50,2549.3900000000003
dash,Mushroom and Bell Pepper Chicken with Linguine,italian,222.08,290.21,110.97,2022-10-16,20:39:50,3944.09
dash,Cardamom Blush Cocktail recipes,world,0.11,23.24,0.07,2022-10-16,20:39:50,209.88
dash,Suzhou-Style Mooncakes,italian,93.64,288.31,151.0,2022-10-16,20:39:50,3573.35
dash,Braised Coconut Spinach with Chickpeas and Lemon Recipe,french,63.68,218.05,109.19,2022-10-16,20:39:50,2653.9300000000003
dash,Baked French Toast Casserole,french,130.39,774.89,403.71,2022-10-16,20:39:50,9110.41
dash,Grilled Vegetable Sandwiches,mediterranean,51.19,205.38,82.67,2022-10-16,20:39:50,2383.86
dash,Homemade ranch with iceberg wedge,american,15.77,43.1,205.37,2022-10-16,20:39:50,1272.46
dash,Gougères recipes,french,219.81,200.28,302.05,2022-10-16,20:39:50,3889.96
dash,Hungarian Sour Cherry Soup (Meggyleves),world,27.96,180.99,120.39,2022-10-16,20:39:50,2222.31
dash,Summer Melon Salad,italian,20.76,50.15,44.85,2022-10-16,20:39:57,713.79
dash,Old-Fashioned Caramel Layer Cake,american,61.21,1019.34,105.84,2022-10-16,20:39:57,9842.26
dash,Caesar Salad With Red Romaine,american,92.98,117.64,161.31,2022-10-16,20:39:57,2075.92
dash,Orange Sweet Rolls,american,85.62,1314.61,276.55,2022-10-16,20:39:57,13280.17
dash,Chicken with Green Olives,mediterranean,183.41,432.21,140.98,2022-10-16,20:39:57,5187.45
dash,Curried Squash Soup,indian,37.22,144.41,69.73,2022-10-16,20:39:57,1727.4900000000002
dash,Chicken & Cornmeal Dumplings,american,86.0,105.24,80.77,2022-10-16,20:39:57,1614.2399999999998
dash,Asian Stir Fried String Beans with Pork,south east asian,49.65,47.34,78.72,2022-10-16,20:39:57,939.5400000000001
dash,Zombie Punch Recipe,world,0.25,89.85,0.06,2022-10-16,20:39:57,809.89
dash,Raw Veggies with Chipotle Ranch Dressing,american,32.63,217.23,207.25,2022-10-16,20:39:57,2914.59
dash,Mini Black Jack Burgers,american,190.75,205.38,158.75,2022-10-16,20:39:57,3246.42
dash,Time for a Drink: Bloody Mary Recipe,world,1.03,5.12,0.37,2022-10-16,20:39:57,51.67999999999999
dash,Caesar Salad Le Cirque recipes,american,96.12,98.43,353.39,2022-10-16,20:39:57,2683.91
dash,Preserved Lime Tabbouleh Salad,middle eastern,50.82,235.1,57.13,2022-10-16,20:39:57,2547.7000000000003
dash,Quick-Marinated Cherry Tomato Salad recipes,french,242.97,618.82,571.91,2022-10-16,20:39:57,8828.9
dash,Broiled Marinated Skirt Steak with Cilantro and Preserved Lemon Gremolata,american,92.32,12.71,65.46,2022-10-16,20:39:57,745.51
dash,Pumpkin Polenta Recipe With Tomatillo-Avocado Salsa,south american,25.55,215.41,94.48,2022-10-16,20:39:57,2418.81
dash,"Chicken, Spring Pea and Farro Risotto with Lemon",italian,77.06,66.69,32.36,2022-10-16,20:39:57,1037.89
dash,3-Bean Chili,american,114.28,422.73,65.73,2022-10-16,20:39:57,4524.610000000001
dash,"Sweet Potato, Orange and Ginger Cream Soup with Crispy Sweet Potatoes and Chilli Flakes",american,40.58,294.06,77.81,2022-10-16,20:39:57,3120.1000000000004
dash,Plum Galette With A Whole-Wheat Crust,french,31.79,313.9,101.44,2022-10-16,20:40:03,3358.0199999999995
dash,Shrimpylicious Egg Rolls,chinese,41.58,173.55,77.57,2022-10-16,20:40:03,2038.55
dash,Cheesecake Factory's Fresh Banana Cream Cheesecake recipes,american,120.61,762.65,686.38,2022-10-16,20:40:03,10091.81
dash,Garlic Chicken Lasagna,italian,316.09,434.39,311.08,2022-10-16,20:40:03,6418.19
dash,Cockerel in Riesling Mushroom Sauce with Ribbon Noodles,asian,256.12,196.68,656.17,2022-10-16,20:40:03,5419.280000000001
dash,Pepper Confetti Macaroni and Cheese,mediterranean,102.48,341.31,64.1,2022-10-16,20:40:03,3738.11
dash,Corn and Crab Cakes,american,68.03,89.88,110.77,2022-10-16,20:40:03,1524.12
dash,Melty Chocolate-Stuffed French Toast with Lemon-Orange Syrup,french,105.45,422.23,98.8,2022-10-16,20:40:03,4617.07
dash,Potato-Butternut Gratin With Poblano Béchamel,french,74.93,191.52,90.82,2022-10-16,20:40:03,2386.6800000000003
dash,Italian Tomato Tart,italian,70.67,300.07,63.38,2022-10-16,20:40:03,3236.83
dash,Arugula Salad with Shrimp and Grapes,american,59.82,74.45,23.0,2022-10-16,20:40:03,1001.33
dash,Myrtle's Meatball Recipe,american,230.47,120.48,108.19,2022-10-16,20:40:03,2438.96
dash,Crab Cakes,american,105.56,79.67,46.01,2022-10-16,20:40:03,1323.31
dash,Buffalo Shrimp Salad with Spicy Pita Croutons,italian,23.61,44.49,29.27,2022-10-16,20:40:03,611.9300000000001
dash,Bean Cabbage Soup,middle eastern,21.49,58.32,8.68,2022-10-16,20:40:10,645.5600000000001
dash,"Polenta With Winter Salad, Poached Egg, and Blue Cheese From 'Feast'",american,62.66,135.6,128.75,2022-10-16,20:40:10,1986.04
dash,Fall Lasagna with Pumpkin and Italian Sausage,italian,163.02,270.26,336.19,2022-10-16,20:40:10,4429.18
dash,Chicken Taco Salad,mexican,111.69,182.51,124.41,2022-10-16,20:40:10,2586.99
dash,Fireside Fajitas,mexican,149.74,251.38,58.06,2022-10-16,20:40:10,3093.62
dash,Chocolate Raspberry Tart with White Chocolate Cream,american,50.95,337.64,101.7,2022-10-16,20:40:10,3649.36
dash,Mita Mary,world,2.09,15.26,4.68,2022-10-16,20:40:10,164.42
dash,"Harvest pie with swiss chard, cheese, orange zest and fennel",american,289.73,1088.52,263.99,2022-10-16,20:40:10,12011.560000000001
dash,Classic Lasagna,italian,345.28,521.73,260.35,2022-10-16,20:40:10,7118.09
dash,Parchment-Roasted Cornish Game Hens with Maple Root Vegetables,american,248.55,275.74,282.54,2022-10-16,20:40:10,4606.0199999999995
dash,Time for a Drink: Cocktail à la Louisiane Recipe,world,0.04,7.45,0.06,2022-10-16,20:40:10,67.44999999999999
dash,Improved Negroni,american,3.51,56.44,0.72,2022-10-16,20:40:10,524.88
dash,Loaded Nachos,mexican,145.11,165.79,212.25,2022-10-16,20:40:10,2921.55
dash,Lemon Asparagus Penne,italian,94.29,269.41,81.81,2022-10-16,20:40:10,3129.09
dash,"Saffron Couscous with Roast Autumn Vegetables, Pecans, Cranberries and Figs",american,54.88,301.31,134.71,2022-10-16,20:40:10,3470.15
dash,City of Lights Salad Nicoise,french,125.33,208.46,112.92,2022-10-16,20:40:10,2829.14
dash,Braised Pork Belly Sandwich with Pesto Mayo,italian,196.72,279.07,713.11,2022-10-16,20:40:10,6150.950000000001
dash,Spicy Vegetable Bake,american,80.5,154.94,117.4,2022-10-16,20:40:10,2186.06
dash,Pluot Galettes with Apple Mint and Calvados-Laced Whipped Cream,french,56.7,634.09,258.15,2022-10-16,20:40:17,6966.210000000001
dash,Denis Leary's Zesty Baked Chicken Wings,american,160.74,149.65,152.85,2022-10-16,20:40:17,2601.21
dash,Seelbach Cocktail Recipe,world,0.1,3.71,0.0,2022-10-16,20:40:17,33.79
dash,Improved Scotch Cocktail Recipe,world,0.0,3.73,0.01,2022-10-16,20:40:17,33.61
dash,Spicy Chicken and Butternut Squash Tortilla Soup,mexican,168.64,192.95,179.09,2022-10-16,20:40:17,3127.47
dash,Song of Songs Cocktail,american,0.0,17.47,0.01,2022-10-16,20:40:17,157.26999999999998
dash,Jazzed Up Turkey Tetrazzini,american,517.47,575.58,377.75,2022-10-16,20:40:17,8761.1
dash,Manhattan Cocktail Recipe,world,0.02,0.83,0.0,2022-10-16,20:40:17,7.55
dash,Ratatouille Galette,french,63.51,229.84,157.88,2022-10-16,20:40:17,2954.12
dash,Tropical Gingerbread Cake,american,58.73,700.8,138.0,2022-10-16,20:40:17,7094.12
dash,Southern Grits And Greens Casserole,american,79.85,166.58,135.26,2022-10-16,20:40:17,2359.66
dash,Serious Salsa: (Not Exactly) My Uncle's Salsa Recipe,american,4.31,21.54,2.68,2022-10-16,20:40:17,221.82
dash,"Marinated zucchini noodles with tomato basil sauce, dried baby tomatoes + garlic portobello meatless balls",asian,13.92,85.7,19.91,2022-10-16,20:40:17,906.62
dash,Big Mama's Nacho Dip,american,135.46,118.26,161.92,2022-10-16,20:40:17,2253.86
dash,Dumplings: those little Humpty-Dumptys,chinese,111.1,457.42,92.58,2022-10-16,20:40:17,4931.499999999999
dash,Class Act,world,1.63,7.6,0.04,2022-10-16,20:40:24,75.07999999999998
dash,Crafty Crescent Lasagna,italian,202.59,298.24,188.17,2022-10-16,20:40:24,4247.2
dash,Homemade Turkey Alphabet Soup,american,1190.35,49.13,297.45,2022-10-16,20:40:24,6393.37
dash,Lighter Beef Stroganoff,eastern europe,112.22,82.68,101.61,2022-10-16,20:40:24,1599.44
dash,Sweet Chile Pork over Cumin Beans and Cilantro Rice,mexican,407.45,881.0,145.87,2022-10-16,20:40:24,10142.279999999999
dash,The Ultimate Ketel One Blood Mary,world,1.35,9.04,0.41,2022-10-16,20:40:24,88.39999999999999
dash,Marinated Portobello Stuffed Whole Chicken with Roasted Sweet Potatoes and Red Onion,american,187.41,123.19,389.06,2022-10-16,20:40:24,3414.59
dash,"Broiled Fish with Maple Glaze, Braised Fennel, and Sautéed Chard Recipe",american,66.0,75.9,40.88,2022-10-16,20:40:24,1110.6200000000001
dash,Shrimp Bisque,mediterranean,95.65,85.82,28.44,2022-10-16,20:40:24,1268.74
dash,Fresh Tomato Bloody Mary with Garden Herbs and Celery Bitters recipes,french,8.38,38.04,2.26,2022-10-16,20:40:24,384.92
dash,"Beets, Tahini, Flatbread + Lentils",mediterranean,98.37,354.82,75.16,2022-10-16,20:40:24,3887.5
dash,asian ginger & soy coleslaw salad,chinese,34.06,170.14,176.45,2022-10-16,20:40:24,2373.2999999999997
dash,Pumpkin Chutney,indian,14.38,349.29,30.28,2022-10-16,20:40:24,3322.25
dash,The Outcider from Prime Meats Recipe,world,2.13,58.24,0.7,2022-10-16,20:40:24,535.4799999999999
dash,In A Jiffy Spelt Veggie Burgers recipes,american,41.05,169.73,16.48,2022-10-16,20:40:24,1757.69
dash,Best Ever Turkey Chili,american,135.54,135.43,67.71,2022-10-16,20:40:24,2031.8700000000001
dash,Caesar Salad Le Cirque Recipe,american,96.11,98.41,353.39,2022-10-16,20:40:24,2683.6899999999996
dash,Lillet of the Valley Recipe,world,0.42,14.98,0.15,2022-10-16,20:40:24,137.1
dash,Cinnamon Rolls,nordic,163.98,2450.17,709.82,2022-10-16,20:40:30,25546.729999999996
dash,Crab Cakes,american,105.82,81.28,46.09,2022-10-16,20:40:30,1339.1599999999999
dash,Southern BBQ Pork Bowls,american,361.44,143.36,280.07,2022-10-16,20:40:30,3856.2799999999997
dash,Pork Stew,british,250.91,128.52,216.81,2022-10-16,20:40:30,3027.5600000000004
dash,Shrimp Hushpuppies with Vidalia Onion Dip,american,111.36,286.42,549.88,2022-10-16,20:40:30,5222.74
dash,Potato Spinach Sausage Casserole,italian,93.44,164.59,165.22,2022-10-16,20:40:30,2515.95
dash,Caesar Salad,american,61.36,94.97,126.22,2022-10-16,20:40:30,1605.0500000000002
dash,New England Fish Chowder,american,209.48,117.08,163.87,2022-10-16,20:40:30,2547.12
dash,"Old-Fashioned Fans, Meet The American Trilogy recipes",world,0.0,4.26,0.0,2022-10-16,20:40:30,38.339999999999996
dash,Lean Lasagna,italian,194.53,435.09,78.18,2022-10-16,20:40:30,5006.650000000001
dash,Classic Hot Wings,american,152.04,8.53,312.86,2022-10-16,20:40:30,1936.37
dash,Pumpkin Cheesecake With Bourbon-Spiked Cream,american,143.68,698.64,727.58,2022-10-16,20:40:30,9772.800000000001
dash,Pumpkin Gingersnap Cheesecake with Salted Caramel Sauce,american,93.08,887.87,519.63,2022-10-16,20:40:30,10441.67
dash,Cognac Sparklers recipes,world,0.25,28.02,0.32,2022-10-16,20:40:30,254.46
dash,Fish Chowder,american,209.48,117.08,163.87,2022-10-16,20:40:30,2547.12
dash,Smoked Pork Ribs,american,413.24,73.34,609.09,2022-10-16,20:40:30,4749.38
dash,"Grilled Salmon & Cucumber, Fresh Herb & Feta Salad",mediterranean,157.58,50.82,149.36,2022-10-16,20:40:30,1685.14
dash,Grilled Chicken Banh-Mi with Pickled Vegetables and Sriracha Mayo,japanese,118.37,215.29,102.24,2022-10-16,20:40:30,2820.05
dash,Meatball Stroganoff,eastern europe,113.71,186.13,108.46,2022-10-16,20:40:30,2563.8500000000004
dash,Mango and Quinoa Chopped Salad with Ancho-Mango Dressing,south american,75.39,362.92,18.19,2022-10-16,20:40:37,3640.6000000000004
dash,Spinach & Feta Squash Quiche,mediterranean,53.45,54.58,61.72,2022-10-16,20:40:37,951.9
dash,Pomegranate Americano Recipe,french,0.09,7.44,0.16,2022-10-16,20:40:37,67.96000000000001
dash,Fresh Ginger Cake with Candied Citrus Glaze,american,65.37,787.82,181.09,2022-10-16,20:40:37,8076.22
dash,Bloody Mary recipes,world,1.2,6.82,0.43,2022-10-16,20:40:37,67.9
dash,Pimento Cheese Sandwiches,american,137.16,27.73,516.8,2022-10-16,20:40:37,2865.41
dash,Black Bean and Mushroom Vegetarian Meatless Balls,french,94.86,274.81,39.33,2022-10-16,20:40:37,3010.05
dash,Manhattan,world,0.03,2.95,0.01,2022-10-16,20:40:37,26.71
dash,Neelys Egg Benedict on a Pork Croquette,italian,165.34,209.29,431.44,2022-10-16,20:40:37,4270.73
dash,No Man's Land,world,0.05,15.26,0.03,2022-10-16,20:40:37,137.66
dash,Brown Butter-Sunchoke Soup With Brussels Sprouts and Bacon Recipe,italian,85.2,288.14,137.15,2022-10-16,20:40:37,3482.66
dash,Make-Your-Own-Salad,american,141.98,123.18,323.5,2022-10-16,20:40:37,2970.54
dash,Luis Buñuel Dry Martini,world,0.01,0.39,0.0,2022-10-16,20:40:37,3.5500000000000003
dash,Cornflake Semi-Fried Chicken Tenders,american,155.38,239.88,260.84,2022-10-16,20:40:37,3823.8
dash,Emeril's Classic Manhattan,american,0.02,0.83,0.0,2022-10-16,20:40:37,7.55
dash,Mango and Quinoa Chopped Salad with Ancho-Mango Dressing,south american,75.39,362.92,18.19,2022-10-16,20:40:44,3640.6000000000004
dash,Spinach & Feta Squash Quiche,mediterranean,53.45,54.58,61.72,2022-10-16,20:40:44,951.9
dash,Pomegranate Americano Recipe,french,0.09,7.44,0.16,2022-10-16,20:40:44,67.96000000000001
dash,Fresh Ginger Cake with Candied Citrus Glaze,american,65.37,787.82,181.09,2022-10-16,20:40:44,8076.22
dash,Bloody Mary recipes,world,1.2,6.82,0.43,2022-10-16,20:40:44,67.9
dash,Pimento Cheese Sandwiches,american,137.16,27.73,516.8,2022-10-16,20:40:44,2865.41
dash,Black Bean and Mushroom Vegetarian Meatless Balls,french,94.86,274.81,39.33,2022-10-16,20:40:44,3010.05
dash,Manhattan,world,0.03,2.95,0.01,2022-10-16,20:40:44,26.71
dash,Neelys Egg Benedict on a Pork Croquette,italian,165.34,209.29,431.44,2022-10-16,20:40:44,4270.73
dash,No Man's Land,world,0.05,15.26,0.03,2022-10-16,20:40:44,137.66
dash,Brown Butter-Sunchoke Soup With Brussels Sprouts and Bacon Recipe,italian,85.2,288.14,137.15,2022-10-16,20:40:44,3482.66
dash,Make-Your-Own-Salad,american,141.98,123.18,323.5,2022-10-16,20:40:44,2970.54
dash,Luis Buñuel Dry Martini,world,0.01,0.39,0.0,2022-10-16,20:40:44,3.5500000000000003
dash,Cornflake Semi-Fried Chicken Tenders,american,155.38,239.88,260.84,2022-10-16,20:40:44,3823.8
dash,Emeril's Classic Manhattan,american,0.02,0.83,0.0,2022-10-16,20:40:44,7.55
