Category,Description,Carbohydrate,Cholesterol,Choline,Fiber,Kilocalories,Protein,Sugar Total,Water,Monosaturated Fat,Polysaturated Fat,Saturated Fat,Total Lipid,1st Household Weight,1st Household Weight Description
BUTTER,"BUTTER,WITH SALT",0.06,215,19,0.0,717,0.85,0.059999999,15.87,21.021,3.043,51.368,81.11,227.0,1 cup
BUTTER,"BUTTER,WHIPPED,WITH SALT",0.06,219,19,0.0,717,0.85,0.059999999,15.87,23.426,3.012,50.489,81.11,151.0,1 cup
BUTTER OIL,"BUTTER OIL,ANHYDROUS",0.0,256,22,0.0,876,0.28,0.0,0.24,28.732,3.694,61.924,99.48,205.0,1 cup
CHEESE,"CHEESE,BLUE",2.34,75,15,0.0,353,21.4,0.5,42.41,7.778,0.8,18.669,28.74,28.35,1 oz
CHEESE,"CHEESE,BRICK",2.79,94,15,0.0,371,23.24,0.50999999,41.11,8.598,0.784,18.764,29.68,132.0,"1 cup, diced"
CHEESE,"CHEESE,BRIE",0.45,100,15,0.0,334,20.75,0.449999988,48.42,8.013,0.826,17.41,27.68,240.0,"1 cup, melted"
CHEESE,"CHEESE,CAMEMBERT",0.46,72,15,0.0,300,19.8,0.460000008,51.8,7.023,0.724,15.259,24.26,246.0,1 cup
CHEESE,"CHEESE,CARAWAY",3.06,93,0,0.0,376,25.18,0.0,39.28,8.275,0.83,18.584,29.2,28.35,1 oz
CHEESE,"CHEESE,CHEDDAR",1.28,105,16,0.0,403,24.9,0.519999981,36.75,9.391,0.942,21.092,33.14,132.0,"1 cup, diced"
CHEESE,"CHEESE,CHESHIRE",4.78,103,0,0.0,387,23.37,0.0,37.65,8.671,0.87,19.475,30.6,28.35,1 oz
CHEESE,"CHEESE,COLBY",2.57,95,15,0.0,394,23.76,0.519999981,38.2,9.28,0.953,20.218,32.11,132.0,"1 cup, diced"
CHEESE,"CHEESE,COTTAGE,CRMD,LRG OR SML CURD",3.38,17,18,0.0,98,11.12,2.670000076,79.79,0.778,0.123,1.718,4.3,113.0,4 oz
CHEESE,"CHEESE,COTTAGE,CRMD,W/FRUIT",4.61,13,18,0.200000003,97,10.69,2.380000114,79.64,1.036,0.124,2.311,3.85,226.0,"1 cup,  (not packed)"
CHEESE,"CHEESE,COTTAGE,NONFAT,UNCRMD,DRY,LRG OR SML CURD",6.66,7,18,0.0,72,10.34,1.850000024,81.01,0.079,0.003,0.169,0.29,145.0,"1 cup,  (not packed)"
CHEESE,"CHEESE,COTTAGE,LOWFAT,2% MILKFAT",3.66,10,16,0.0,86,11.83,3.670000076,80.69,0.443,0.07,0.979,2.45,226.0,"1 cup,  (not packed)"
CHEESE,"CHEESE,COTTAGE,LOWFAT,1% MILKFAT",2.72,4,18,0.0,72,12.39,2.720000029,82.48,0.291,0.031,0.645,1.02,226.0,"1 cup,  (not packed)"
CHEESE,"CHEESE,CREAM",4.07,110,27,0.0,342,5.93,3.210000038,54.44,8.62,1.437,19.292,34.24,232.0,1 cup
CHEESE,"CHEESE,EDAM",1.43,89,15,0.0,357,24.99,1.429999948,41.56,8.125,0.665,17.572,27.8,28.35,1 oz
CHEESE,"CHEESE,FETA",4.09,89,15,0.0,264,14.21,4.090000153,55.22,4.623,0.591,14.946,21.28,150.0,"1 cup, crumbled"
CHEESE,"CHEESE,FONTINA",1.55,116,15,0.0,389,25.6,1.549999952,37.92,8.687,1.654,19.196,31.14,132.0,"1 cup, diced"
CHEESE,"CHEESE,GJETOST",42.65,94,0,0.0,466,9.65,0.0,13.44,7.879,0.938,19.16,29.51,28.35,1 oz
CHEESE,"CHEESE,GOUDA",2.22,114,15,0.0,356,24.94,2.220000029,41.46,7.747,0.657,17.614,27.44,28.35,1 oz
CHEESE,"CHEESE,GRUYERE",0.36,110,15,0.0,413,29.81,0.360000014,33.19,10.043,1.733,18.913,32.34,132.0,"1 cup, diced"
CHEESE,"CHEESE,LIMBURGER",0.49,90,15,0.0,327,20.05,0.49000001,48.42,8.606,0.495,16.746,27.25,134.0,1 cup
CHEESE,"CHEESE,MONTEREY",0.68,89,15,0.0,373,24.48,0.5,41.01,8.751,0.899,19.066,30.28,132.0,"1 cup, diced"
CHEESE,"CHEESE,MOZZARELLA,WHL MILK",2.19,79,15,0.0,300,22.17,1.029999971,50.01,6.573,0.765,13.152,22.35,112.0,"1 cup, shredded"
CHEESE,"CHEESE,MOZZARELLA,WHL MILK,LO MOIST",2.47,89,15,0.0,318,21.6,1.00999999,48.38,7.027,0.778,15.561,24.64,28.35,1 oz
CHEESE,"CHEESE,MOZZARELLA,PART SKIM MILK",2.77,64,15,0.0,254,24.26,1.129999995,53.78,4.51,0.472,10.114,15.92,28.35,1 oz
CHEESE,"CHEESE,MOZZARELLA,PART SKIM MILK,LO MOIST",3.83,54,14,0.0,302,25.96,0.600000024,46.46,5.73,0.626,12.67,20.03,132.0,"1 cup, diced"
CHEESE,"CHEESE,MUENSTER",1.12,96,15,0.0,368,23.41,1.120000005,41.77,8.711,0.661,19.113,30.04,132.0,"1 cup, diced"
CHEESE,"CHEESE,NEUFCHATEL",3.59,74,0,0.0,253,9.15,3.190000057,63.11,5.784,0.97,12.79,22.78,28.35,1 oz
CHEESE,"CHEESE,PARMESAN,GRATED",4.06,88,15,0.0,431,38.46,0.899999976,20.84,8.375,1.173,17.301,28.61,100.0,1 cup
CHEESE,"CHEESE,PARMESAN,HARD",3.22,68,15,0.0,392,35.75,0.800000012,29.16,7.515,0.569,16.41,25.83,28.35,1 oz
CHEESE,"CHEESE,PORT DE SALUT",0.57,123,15,0.0,352,23.78,0.569999993,45.45,9.338,0.729,16.691,28.2,132.0,"1 cup, diced"
CHEESE,"CHEESE,PROVOLONE",2.14,69,15,0.0,351,25.58,0.560000002,40.95,7.393,0.769,17.078,26.62,132.0,"1 cup, diced"
CHEESE,"CHEESE,RICOTTA,WHOLE MILK",3.04,51,18,0.0,174,11.26,0.270000011,71.7,3.627,0.385,8.295,12.98,246.0,1 cup
CHEESE,"CHEESE,RICOTTA,PART SKIM MILK",5.14,31,18,0.0,138,11.39,0.310000002,74.41,2.314,0.26,4.927,7.91,246.0,1 cup
CHEESE,"CHEESE,ROMANO",3.63,104,15,0.0,387,31.8,0.730000019,30.91,7.838,0.593,17.115,26.94,28.35,1 oz
CHEESE,"CHEESE,ROQUEFORT",2.0,90,0,0.0,369,21.54,0.0,39.38,8.474,1.32,19.263,30.64,28.35,1 oz
CHEESE,"CHEESE,SWISS",5.38,92,16,0.0,380,26.93,1.320000052,37.12,7.274,0.972,17.779,27.8,132.0,"1 cup, diced"
CHEESE,"CHEESE,TILSIT",1.88,102,0,0.0,340,24.41,0.0,42.86,7.136,0.721,16.775,25.98,28.35,1 oz
CHEESE,"CHEESE,PAST PROCESS,AMERICAN,W/DI NA PO4",1.6,94,36,0.0,375,22.15,0.50999999,39.16,8.951,0.99,19.694,31.25,140.0,"1 cup, diced"
CHEESE,"CHEESE,PAST PROCESS,PIMENTO",1.73,94,36,0.100000001,375,22.13,0.629999995,39.08,8.937,0.988,19.663,31.2,140.0,"1 cup, diced"
CHEESE,"CHEESE,PAST PROCESS,SWISS,W/DI NA PO4",2.1,85,36,0.0,334,24.73,1.230000019,42.31,7.046,0.622,16.045,25.01,140.0,"1 cup, diced"
CHEESE FD,"CHEESE FD,COLD PK,AMERICAN",8.32,64,0,0.0,331,19.66,0.0,43.12,7.165,0.719,15.355,24.46,28.35,1 oz
CHEESE FD,"CHEESE FD,PAST PROCESS,AMERICAN,WO/DI NA PO4",7.83,80,36,0.0,330,18.4,7.429999828,43.21,7.214,1.108,14.895,25.18,113.0,1 cup
CHEESE FD,"CHEESE FD,PAST PROCESS,SWISS",4.5,82,0,0.0,323,21.92,0.0,43.67,6.801,0.6,15.487,24.14,28.35,1 oz
CHEESE SPRD,"CHEESE SPRD,PAST PROCESS,AMERICAN,WO/DI NA PO4",8.73,55,36,0.0,290,16.41,7.320000172,47.65,6.219,0.624,13.327,21.23,140.0,"1 cup, diced"
CREAM,"CREAM,FLUID,HALF AND HALF",4.3,37,19,0.0,130,2.96,0.159999996,80.57,3.321,0.427,7.158,11.5,242.0,1 cup
CREAM,"CREAM,FLUID,LT (COFFEE CRM OR TABLE CRM)",3.66,66,17,0.0,195,2.7,0.140000001,73.75,5.577,0.717,12.02,19.31,240.0,1 cup
CREAM,"CREAM,FLUID,LT WHIPPING",2.96,111,17,0.0,292,2.17,0.109999999,63.5,9.093,0.884,19.337,30.91,120.0,"1 cup,  whipped"
CREAM,"CREAM,FLUID,HVY WHIPPING",2.79,137,17,0.0,345,2.05,0.109999999,57.71,10.686,1.374,23.032,37.0,119.5,"1 cup,  whipped"
CREAM,"CREAM,WHIPPED,CRM TOPPING,PRESSURIZED",12.49,76,17,0.0,257,3.2,8.0,61.33,6.418,0.825,13.831,22.22,60.0,1 cup
CREAM,"CREAM,SOUR,RED FAT,CULTURED",4.26,39,19,0.0,135,2.94,0.159999996,80.14,3.466,0.446,7.47,12.0,242.0,1 cup
CREAM,"CREAM,SOUR,CULTURED",2.88,52,19,0.0,193,2.07,3.5,74.46,5.068,0.84,11.507,19.73,230.0,1 cup
No Category,EGGNOG,13.54,59,52,0.0,135,3.81,8.409999847,74.37,2.233,0.339,4.443,7.48,254.0,1 cup
SOUR DRSNG,"SOUR DRSNG,NON-BUTTERFAT,CULTURED,FILLED CREAM-TYPE",4.68,5,15,0.0,178,3.25,4.679999828,74.79,1.958,0.468,13.272,16.57,235.0,1 cup
MILK,"MILK,FILLED,FLUID,W/BLEND OF HYDR VEG OILS",4.74,2,0,0.0,63,3.33,0.0,87.67,1.783,0.75,0.768,3.46,244.0,1 cup
MILK,"MILK,FILLED,FLUID,W/LAURIC ACID OIL",4.74,2,15,0.0,63,3.33,4.739999771,87.73,0.1,0.01,3.101,3.4,244.0,1 cup
CREAM SUB,"CREAM SUB,LIQ,W/HYDR VEG OIL&SOY PROT",11.38,0,0,0.0,136,1.0,11.38000011,77.27,7.551,0.027,1.937,9.97,240.0,1 cup
CREAM SUB,"CREAM SUB,LIQ,W/LAURIC ACID OIL&NA CASEINATE",11.38,0,0,0.0,136,1.0,0.0,77.27,0.106,0.003,9.304,9.97,15.0,"1 container,  individual"
CREAM SUBSTITUTE,"CREAM SUBSTITUTE,POWDERED",54.88,0,2,0.0,545,4.79,54.88000107,2.21,0.968,0.014,32.525,35.48,94.0,1 cup
DESSERT TOPPING,"DESSERT TOPPING,POWDERED",52.54,0,0,0.0,577,4.9,52.54000092,1.47,0.6,0.447,36.723,39.92,42.5,1.5 oz
DESSERT TOPPING,"DESSERT TOPPING,PDR,1.5 OZ PREP W/1/2 CUP MILK",16.53,10,11,0.0,188,3.6,16.53000069,66.65,0.843,0.201,10.684,12.41,80.0,1 cup
DESSERT TOPPING,"DESSERT TOPPING,PRESSURIZED",16.07,0,0,0.0,264,0.98,16.06999969,60.37,1.927,0.241,18.912,22.3,70.0,1 cup
DESSERT TOPPING,"DESSERT TOPPING,SEMI SOLID,FRZ",23.05,0,0,0.0,318,1.25,23.04999924,50.21,1.616,0.523,21.783,25.31,75.0,1 cup
SOUR CRM,"SOUR CRM,IMITN,CULTURED",6.63,0,0,0.0,208,2.4,6.630000114,71.15,0.588,0.056,17.791,19.52,230.0,1 cup
MILK SUBSTITUTES,"MILK SUBSTITUTES,FLUID W/HYDR VEG OILS",6.16,0,0,0.0,61,1.75,6.159999847,88.18,1.998,0.488,0.767,3.41,244.0,1 cup
MILK SUBSTITUTES,"MILK SUBSTITUTES,FLUID,W/LAURIC ACID OIL",6.16,0,0,0.0,61,1.75,0.0,88.18,0.176,0.008,3.037,3.41,244.0,1 cup
MILK,"MILK,WHL,3.25% MILKFAT",4.52,10,14,0.0,60,3.22,5.260000229,88.32,0.812,0.195,1.865,3.25,244.0,1 cup
MILK,"MILK,PRODUCER,FLUID,3.7% MILKFAT",4.65,14,0,0.0,64,3.28,0.0,87.69,1.057,0.136,2.278,3.66,244.0,1 cup
MILK,"MILK,RED FAT,FLUID,2%MILKFAT,W/ADDED VIT A",4.68,8,16,0.0,50,3.3,5.059999943,89.33,0.56,0.073,1.257,1.97,244.0,1 cup
MILK,"MILK,RED FAT,FLUID,2% MILKFAT,W/ NONFAT MILK SOL&VIT A",4.97,8,0,0.0,51,3.48,0.0,88.86,0.555,0.071,1.195,1.92,245.0,1 cup
MILK,"MILK,RED FAT,FLUID,2% MILKFAT,PROT FORT,W/ VIT A",5.49,8,0,0.0,56,3.95,5.260000229,87.71,0.572,0.074,1.232,1.98,246.0,1 cup
MILK,"MILK,LOWFAT,FLUID,1% MILKFAT,W/ VIT A",4.99,5,18,0.0,42,3.37,5.199999809,89.92,0.277,0.035,0.633,0.97,244.0,1 cup
MILK,"MILK,LOWFAT,FLUID,1% MILKFAT,W/ NONFAT MILK SOL&VIT A",4.97,4,0,0.0,43,3.48,0.0,89.81,0.28,0.036,0.604,0.97,245.0,1 cup
MILK,"MILK,LOWFAT,FLUID,1% MILKFAT,PROT FORT,W/ VIT A",5.52,4,0,0.0,48,3.93,0.0,88.74,0.338,0.043,0.728,1.17,246.0,1 cup
MILK,"MILK,NONFAT,FLUID,W/ VIT A (FAT FREE OR SKIM)",4.96,2,16,0.0,34,3.37,5.090000153,90.84,0.021,0.003,0.051,0.08,245.0,1 cup
MILK,"MILK,NONFAT,FLUID,W/ NONFAT MILK SOL&VIT A (FAT FREE/SKIM)",5.02,2,16,0.0,37,3.57,5.019999981,90.38,0.065,0.009,0.162,0.25,245.0,1 cup
MILK,"MILK,NONFAT,FLUID,PROT FORT,W/ VIT A (FAT FREE/SKIM)",5.56,2,0,0.0,41,3.96,0.0,89.36,0.065,0.009,0.162,0.25,246.0,1 cup
MILK,"MILK,BTTRMLK,FLUID,CULTURED,LOWFAT",4.79,4,16,0.0,40,3.31,4.789999962,90.13,0.254,0.033,0.548,0.88,245.0,1 cup
MILK,"MILK,LOW SODIUM,FLUID",4.46,14,16,0.0,61,3.1,4.460000038,88.2,0.999,0.128,2.154,3.46,244.0,1 cup
MILK,"MILK,DRY,WHOLE",38.42,97,119,0.0,496,26.32,38.41999817,2.47,7.924,0.665,16.742,26.71,128.0,1 cup
MILK,"MILK,DRY,NONFAT,REG,WO/ VIT A",51.98,20,169,0.0,362,36.16,51.97999954,3.16,0.201,0.03,0.499,0.77,120.0,1 cup
MILK,"MILK,DRY,NONFAT,INST,W/ VIT A",52.19,18,168,0.0,358,35.1,52.18999863,3.96,0.187,0.028,0.467,0.72,68.0,1 cup
MILK,"MILK,DRY,NONFAT,CA RED",51.8,2,0,0.0,354,35.5,0.0,4.9,0.058,0.007,0.124,0.2,28.35,1 oz
MILK,"MILK,BUTTERMILK,DRIED",49.0,69,119,0.0,387,34.3,49.0,2.97,1.669,0.215,3.598,5.78,120.0,1 cup
MILK,"MILK,CND,COND,SWTND",54.4,34,89,0.0,321,7.91,54.40000153,27.16,2.427,0.337,5.486,8.7,306.0,1 cup
MILK,"MILK,CND,EVAP,WO/ VIT A",10.04,29,32,0.0,134,6.81,10.03999996,74.04,2.335,0.245,4.591,7.56,252.0,1 cup
MILK,"MILK,CND,EVAP,NONFAT",11.35,4,25,0.0,78,7.55,11.35000038,79.4,0.062,0.006,0.121,0.2,256.0,1 cup
MILK,"MILK,CHOC,FLUID,COMM,",10.34,12,17,0.800000012,83,3.17,9.539999962,82.3,0.99,0.124,2.104,3.39,250.0,1 cup
MILK,"MILK,CHOC,FLUID,COMM,RED FAT",12.13,8,17,0.699999988,76,2.99,9.550000191,82.17,0.455,0.089,1.177,1.9,250.0,1 cup
MILK,"MILK,CHOC,FLUID,COMM,LOWFAT",10.44,3,17,0.5,63,3.24,9.93999958,84.5,0.3,0.035,0.616,1.0,250.0,1 cup
MILK,"MILK,CHOC BEV,HOT COCOA,HOMEMADE",10.63,8,0,1.0,77,3.52,9.670000076,82.57,0.677,0.034,1.431,2.33,250.0,1 cup
MILK,"MILK,GOAT,FLUID",4.45,11,16,0.0,69,3.56,4.449999809,87.03,1.109,0.149,2.667,4.14,244.0,1 cup
MILK,"MILK,HUMAN,MATURE,FLUID",6.89,14,16,0.0,70,1.03,6.889999866,87.5,1.658,0.497,2.009,4.38,246.0,1 cup
MILK,"MILK,INDIAN BUFFALO,FLUID",5.18,19,0,0.0,97,3.75,0.0,83.39,1.787,0.146,4.597,6.89,244.0,1 cup
MILK,"MILK,SHEEP,FLUID",5.36,27,0,0.0,108,5.98,0.0,80.7,1.724,0.308,4.603,7.0,245.0,1 cup
MILK SHAKES,"MILK SHAKES,THICK CHOC",21.15,11,0,0.300000012,119,3.05,20.85000038,72.2,0.78,0.1,1.681,2.7,28.35,1 fl oz
MILK SHAKES,"MILK SHAKES,THICK VANILLA",17.75,12,0,0.0,112,3.86,17.75,74.45,0.875,0.113,1.886,3.03,28.35,1 fl oz
WHEY,"WHEY,ACID,FLUID",5.12,1,16,0.0,24,0.76,5.119999886,93.42,0.025,0.004,0.057,0.09,246.0,1 cup
WHEY,"WHEY,ACID,DRIED",73.45,3,225,0.0,339,11.73,73.44999695,3.51,0.149,0.021,0.342,0.54,57.0,1 cup
WHEY,"WHEY,SWEET,FLUID",5.14,2,16,0.0,27,0.85,5.139999866,93.12,0.1,0.011,0.23,0.36,246.0,1 cup
WHEY,"WHEY,SWEET,DRIED",74.46,6,225,0.0,353,12.93,74.45999908,3.19,0.297,0.034,0.684,1.07,145.0,1 cup
YOGURT,"YOGURT,PLN,WHL MILK,8 GRAMS PROT PER 8 OZ",4.66,13,15,0.0,61,3.47,4.659999847,87.9,0.893,0.092,2.096,3.25,245.0,"1 cup,  (8 fl oz)"
YOGURT,"YOGURT,PLN,LOFAT,12 GRAMS PROT PER 8 OZ",7.04,6,15,0.0,63,5.25,7.039999962,85.07,0.426,0.044,1.0,1.55,245.0,"1 cup,  (8 fl oz)"
YOGURT,"YOGURT,PLN,SKIM MILK,13 GRAMS PROT PER 8 OZ",7.68,2,15,0.0,56,5.73,7.679999828,85.23,0.049,0.005,0.116,0.18,245.0,"1 cup,  (8 fl oz)"
YOGURT,"YOGURT,VANILLA,LOFAT,11 GRAMS PROT PER 8 OZ",13.8,5,15,0.0,85,4.93,13.80000019,79.0,0.343,0.036,0.806,1.25,245.0,"1 cup,  (8 fl oz)"
YOGURT,"YOGURT,FRUIT,LOFAT,9 GRAMS PROT PER 8 OZ",18.64,5,15,0.0,99,3.98,18.63999939,75.3,0.316,0.033,0.742,1.15,245.0,"1 cup,  (8 fl oz)"
YOGURT,"YOGURT,FRUIT,LOFAT,10 GRAMS PROT PER 8 OZ",19.05,4,14,0.0,102,4.37,19.04999924,74.48,0.297,0.031,0.697,1.08,245.0,"1 cup,  (8 fl oz)"
YOGURT,"YOGURT,FRUIT,LOFAT,11 GRAMS PROT PER 8 OZ",18.6,6,0,0.0,105,4.86,0.0,74.1,0.387,0.04,0.909,1.41,227.0,"1 container,  (8 oz)"
EGG,"EGG,WHOLE,RAW,FRESH",0.77,423,251,0.0,143,12.58,0.769999981,75.84,3.81,1.364,3.099,9.94,243.0,"1 cup,  (4.86 large eggs)"
EGG,"EGG,WHITE,RAW,FRESH",0.73,0,1,0.0,48,10.9,0.709999979,87.57,0.0,0.0,0.0,0.17,243.0,1 cup
EGG,"EGG,YOLK,RAW,FRSH",3.59,1234,682,0.0,317,15.86,0.560000002,52.31,11.738,4.204,9.551,26.54,243.0,1 cup
EGG,"EGG,YOLK,RAW,FROZEN",1.15,1075,682,0.0,303,15.5,0.50999999,56.2,9.747,3.628,7.82,25.6,227.0,.5 lb
EGG,"EGG,YOLK,RAW,FRZ,SUGARED",10.8,959,0,0.0,307,13.8,0.0,51.25,8.614,3.244,6.97,22.75,227.0,.5 lb
EGG,"EGG,WHL,CKD,FRIED",0.88,457,273,0.0,196,13.63,0.829999983,69.13,6.346,2.66,4.294,15.31,46.0,1 large
EGG,"EGG,WHL,CKD,HARD-BOILED",1.12,424,225,0.0,155,12.58,1.120000005,74.62,4.077,1.414,3.267,10.61,136.0,"1 cup, chopped"
EGG,"EGG,WHOLE,COOKED,OMELET",0.68,356,212,0.0,157,10.59,0.649999976,75.87,4.971,2.252,3.296,12.03,15.2,1 tbsp
EGG,"EGG,WHL,CKD,POACHED",0.76,422,200,0.0,142,12.53,0.769999981,75.54,3.795,1.359,3.087,9.9,50.0,1 large
EGG,"EGG,WHL,CKD,SCRMBLD",2.2,352,190,0.0,167,11.09,1.730000019,73.15,4.768,2.148,3.679,12.21,220.0,1 cup
EGG,"EGG,WHOLE,DRIED",4.95,1715,1007,0.0,594,47.35,3.079999924,3.1,15.337,5.804,12.727,40.95,85.0,"1 cup,  sifted"
EGG,"EGG,WHL,DRIED,STABILIZED,GLUCOSE RED",2.38,2017,0,0.0,615,48.17,0.0,1.87,17.564,5.713,13.198,43.95,85.0,"1 cup,  sifted"
EGG,"EGG,WHITE,DRIED,FLAKES,GLUCOSE RED",4.17,0,0,0.0,351,76.92,4.170000076,14.62,0.0,0.0,0.0,0.04,227.0,.5 lb
EGG,"EGG,WHITE,DRIED,PDR,GLUCOSE RED",4.47,0,8,0.0,376,82.4,4.46999979,8.54,0.0,0.0,0.0,0.04,107.0,"1 cup,  sifted"
EGG,"EGG,YOLK,DRIED",3.6,2335,1388,0.0,666,34.25,3.599999905,2.95,21.129,7.895,17.154,55.8,67.0,"1 cup,  sifted"
EGG,"EGG,DUCK,WHOLE,FRESH,RAW",1.45,884,263,0.0,185,12.81,0.930000007,70.83,6.525,1.223,3.681,13.77,70.0,1 egg
EGG,"EGG,GOOSE,WHOLE,FRESH,RAW",1.35,852,263,0.0,185,13.87,0.939999998,70.43,5.747,1.672,3.595,13.27,144.0,1 egg
EGG,"EGG,QUAIL,WHOLE,FRESH,RAW",0.41,844,263,0.0,158,13.05,0.409999996,74.35,4.324,1.324,3.557,11.09,9.0,1 egg
EGG,"EGG,TURKEY,WHL,FRSH,RAW",1.15,933,0,0.0,171,13.68,0.0,72.5,4.571,1.658,3.632,11.88,79.0,1 egg
EGG SUBSTITUTE,"EGG SUBSTITUTE,FROZEN",3.2,2,2,0.0,160,11.29,3.200000048,73.1,2.435,6.241,1.93,11.11,240.0,1 cup
EGG SUBSTITUTE,"EGG SUBSTITUTE,LIQUID",0.64,1,2,0.0,84,12.0,0.639999986,82.75,0.896,1.603,0.659,3.31,251.0,1 cup
EGG SUBSTITUTE,"EGG SUBSTITUTE,POWDER",21.8,572,118,0.0,444,55.5,21.79999924,3.86,5.341,1.683,3.766,13.0,9.9,.35 oz
BUTTER,"BUTTER,WITHOUT SALT",0.06,215,19,0.0,717,0.85,0.059999999,17.94,21.021,3.043,51.368,81.11,227.0,1 cup
CHEESE,"CHEESE,PARMESAN,SHREDDED",3.41,72,0,0.0,415,37.86,0.0,25.0,8.734,0.661,17.37,27.34,5.0,1 tbsp
CHEESE,"CHEESE,PAST PROCESS,AMERICAN,WO/DI NA PO4",1.6,94,0,0.0,375,22.15,0.50999999,39.16,8.951,0.99,19.694,31.25,28.35,1 oz
CHEESE,"CHEESE,PAST PROCESS,SWISS,WO/DI NA PO4",2.1,85,0,0.0,334,24.73,0.0,42.31,7.046,0.622,16.045,25.01,28.35,1 oz
CHEESE FD,"CHEESE FD,PAST PROCESS,AMERICAN,W/DI NA PO4",7.29,64,0,0.0,328,19.61,7.429999828,43.15,7.206,0.723,15.443,24.6,28.35,1 oz
CHEESE SPRD,"CHEESE SPRD,PAST PROCESS,AMERICAN,W/DI NA PO4",8.73,55,0,0.0,290,16.41,0.0,47.65,6.219,0.624,13.327,21.23,28.35,1 oz
MILK,"MILK,NONFAT,FLUID,WO/ VIT A (FAT FREE OR SKIM)",4.85,2,0,0.0,35,3.41,5.090000153,90.8,0.047,0.007,0.117,0.18,245.0,1 cup
MILK,"MILK,RED FAT,FLUID,2% MILKFAT,W/ NONFAT MILK SOL,WO/ VIT A",5.49,8,0,0.0,56,3.95,0.0,87.71,0.065,0.009,1.232,1.98,245.0,1 cup
MILK,"MILK,CND,EVAP,W/ VIT A",10.04,29,0,0.0,134,6.81,0.0,74.04,2.335,0.245,4.591,7.56,31.5,1 fl oz
MILK,"MILK,DRY,NONFAT,REG,W/ VIT A",51.98,20,169,0.0,362,36.16,51.97999954,3.16,0.2,0.03,0.499,0.77,120.0,1 cup
MILK,"MILK,DRY,NONFAT,INST,WO/ VIT A",52.19,18,0,0.0,358,35.1,52.18999863,3.96,0.19,0.03,0.47,0.72,68.0,1 cup
CHEESE,"CHEESE,GOAT,HARD TYPE",2.17,105,15,0.0,452,30.52,2.170000076,29.01,8.117,0.845,24.609,35.59,28.35,1 oz
CHEESE,"CHEESE,GOAT,SEMISOFT TYPE",2.54,79,15,0.0,364,21.58,2.539999962,45.52,6.808,0.709,20.639,29.84,28.35,1 oz
CHEESE,"CHEESE,GOAT,SOFT TYPE",0.89,46,15,0.0,268,18.52,0.889999986,60.75,4.807,0.501,14.575,21.08,28.35,1 oz
EGG,"EGG,YOLK,RAW,FRZ,SALTED",1.6,955,0,0.0,274,14.0,0.0,50.8,8.849,3.15,7.028,23.0,227.0,.5 lb
CHEESE SUB,"CHEESE SUB,MOZZARELLA",23.67,0,14,0.0,248,11.47,23.67000008,47.36,6.243,1.738,3.711,12.22,113.0,"1 cup, shredded"
No Category,CHEESE FONDUE,3.77,45,0,0.0,229,14.23,0.0,61.61,3.563,0.484,8.721,13.47,215.0,1 cup
CHEESE SAU,"CHEESE SAU,PREP FROM RECIPE",5.48,38,0,0.100000001,197,10.33,0.0,66.86,4.735,1.397,8.034,14.92,243.0,1 cup
CHEESE,"CHEESE,MEXICAN,QUESO ANEJO",4.63,105,15,0.0,373,21.44,4.630000114,38.06,8.528,0.901,19.033,29.98,132.0,"1 cup, crumbled"
CHEESE,"CHEESE,MEXICAN,QUESO ASADERO",2.87,105,15,0.0,356,22.6,2.869999886,42.16,8.038,0.85,17.939,28.26,132.0,"1 cup, diced"
CHEESE,"CHEESE,MEXICAN,QUESO CHIHUAHUA",5.56,105,15,0.0,374,21.56,5.559999943,39.13,8.443,0.892,18.843,29.68,132.0,"1 cup, diced"
CHEESE,"CHEESE,LOFAT,CHEDDAR OR COLBY",1.91,21,15,0.0,173,24.35,0.519999981,63.1,2.082,0.222,4.342,7.0,132.0,"1 cup, diced"
CHEESE,"CHEESE,LOW-SODIUM,CHEDDAR OR COLBY",1.91,100,15,0.0,398,24.35,0.49000001,38.98,9.189,0.972,20.768,32.62,132.0,"1 cup, diced"
EGG,"EGG,WHOLE,RAW,FROZEN",1.05,432,0,0.0,148,11.95,0.0,75.85,3.886,1.412,3.147,10.2,0.0,
EGG,"EGG,WHITE,RAW,FROZEN",1.05,0,0,0.0,47,9.8,0.0,88.55,0.0,0.0,0.0,0.0,0.0,
EGG,"EGG,WHITE,DRIED",7.8,0,0,0.0,382,81.1,5.400000095,5.8,0.0,0.0,0.0,0.0,0.0,
SOUR CREAM,"SOUR CREAM,REDUCED FAT",7.0,35,19,0.0,181,7.0,0.300000012,71.0,4.1,0.5,8.7,14.1,0.0,
SOUR CREAM,"SOUR CREAM,LIGHT",7.1,35,19,0.0,136,3.5,0.219999999,78.1,3.1,0.4,6.6,10.6,0.0,
SOUR CREAM,"SOUR CREAM,FAT FREE",15.6,9,19,0.0,74,3.1,0.389999986,80.6,0.0,0.0,0.0,0.0,0.0,
USDA COMMODITY,"USDA COMMODITY,CHS,CHEDDAR,RED FAT",2.0,56,15,0.0,282,27.2,0.579999983,48.2,5.02,0.75,11.6,18.3,0.0,
YOGURT,"YOGURT,VAN OR LEM FLAV,NONFAT MILK,SWTND W/LOW-CALORIE SWTNR",7.5,2,15,0.0,47,3.86,7.5,87.43,0.049,0.005,0.116,0.18,0.0,
PARMESAN CHS TOPPING,"PARMESAN CHS TOPPING,FAT FREE",40.0,20,15,0.0,370,40.0,1.5,8.6,1.446,0.186,3.11,5.0,0.0,
CHEESE,"CHEESE,CREAM,FAT FREE",7.66,12,65,0.0,105,15.69,5.480000019,71.87,0.25,0.057,0.644,1.0,0.0,
YOGURT,"YOGURT,CHOC,NONFAT MILK",23.53,1,15,1.200000048,108,3.53,14.97000027,71.57,0.0,0.0,0.0,0.0,0.0,
No Category,KRAFT CHEEZ WHIZ PAST PROCESS CHS SAU,9.2,75,0,0.300000012,276,12.0,6.699999809,51.5,0.0,0.0,13.1,21.0,33.0,2 tbsp
No Category,KRAFT CHEEZ WHIZ LT PAST PROCESS CHS PRODUCT,16.2,35,0,0.200000003,215,16.3,8.199999809,51.5,0.0,0.0,6.4,9.5,35.0,2 tbsp
No Category,KRAFT FREE SINGLES AMERICAN NONFAT PAST PROCESS CHS PRODUCT,11.7,16,0,0.200000003,148,22.7,6.699999809,58.0,0.0,0.0,0.7,1.0,21.0,1 slice
No Category,KRAFT VELVEETA PAST PROCESS CHS SPRD,9.8,80,0,0.0,303,16.3,8.100000381,45.8,0.0,0.0,14.4,22.0,28.0,1 oz
No Category,KRAFT VELVEETA LT RED FAT PAST PROCESS CHS PRODUCT,11.8,42,0,0.0,222,19.6,8.5,51.3,0.0,0.0,7.1,10.6,28.0,1 oz
No Category,KRAFT BREAKSTONE'S RED FAT SOUR CRM,6.5,50,0,0.100000001,152,4.5,6.400000095,76.2,0.0,0.0,7.6,12.0,31.0,2 tbsp
No Category,KRAFT BREAKSTONE'S FREE FAT FREE SOUR CRM,15.1,9,0,0.0,91,4.7,7.199999809,77.7,0.0,0.0,0.8,1.3,32.0,2 tbsp
No Category,KRAFT BREYERS LOWFAT STRAWBERRY YOGURT (1% MILKFAT),18.2,9,0,0.200000003,96,3.8,17.39999962,76.5,0.0,0.0,0.5,0.8,227.0,"1 container,  (8 oz)"
No Category,KRAFT BREYERS LT N' LVLY LOWFAT STR'BERY YOGURT (1% MILKFAT),21.9,9,0,0.200000003,108,3.2,19.60000038,73.3,0.0,0.0,0.5,0.8,125.0,"1 container,  (4.4 oz)"
No Category,KRAFT BREYERS SMOTH&CRMY LOWFAT STR'BERY YOGURT (1% MILKFAT),19.9,9,0,0.300000012,102,3.8,17.20000076,74.8,0.0,0.0,0.5,0.9,227.0,"1 container,  (8 oz)"
No Category,KRAFT BREYERS LT NONFAT STR'BERY YOGURT (W/ASPRT&FRUCT SW'T),9.9,5,0,0.0,55,3.4,7.699999809,86.0,0.0,0.0,0.1,0.2,227.0,"1 container,  (8 oz)"
CREAM,"CREAM,HALF & HALF,FAT FREE",9.0,5,15,0.0,59,2.6,5.0,86.0,0.384,0.052,0.841,1.4,0.0,
No Category,REDDI WIP FAT FREE WHIPPED TOPPING,25.0,16,0,0.400000006,149,3.0,16.0,66.44,1.25,0.299,2.869,5.0,0.0,
MILK,"MILK,CHOC,FLUID,COMM,RED FAT,W/ ADDED CA",12.13,8,0,0.699999988,78,2.99,9.550000191,82.17,0.455,0.089,1.177,1.9,250.0,1 cup
YOGURT,"YOGURT,FRUIT,LOFAT,W/LO CAL SWEETENER",18.6,6,15,0.0,105,4.86,2.900000095,74.1,0.387,0.04,0.909,1.41,227.0,"1 8 oz container,  (8 oz)"
CHEESE,"CHEESE,PARMESAN,DRY GRATED,RED FAT",1.37,88,21,0.0,265,20.0,0.0,50.6,6.098,0.462,13.317,20.0,100.0,1 cup
CREAM SUB,"CREAM SUB,FLAV,LIQ",35.07,0,0,1.100000024,251,0.69,33.04000092,50.06,4.002,6.269,2.635,13.5,0.0,
CREAM SUB,"CREAM SUB,FLAV,POWDERED",75.42,0,0,1.200000048,495,0.0,58.00999832,1.52,0.618,0.229,19.446,21.47,0.0,
CHEESE,"CHEESE,PROVOLONE,RED FAT",3.5,55,13,0.0,274,24.7,0.550000012,50.6,4.89,0.51,11.3,17.6,132.0,"1 cup, diced"
CHEESE,"CHEESE,MEXICAN,BLEND,RED FAT",3.41,62,14,0.0,282,24.69,0.560000002,48.2,5.02,0.75,11.58,19.4,0.0,
EGG MIX,"EGG MIX,USDA CMDTY",23.97,1110,602,0.0,549,35.6,2.460000038,2.78,13.745,7.555,10.305,34.5,0.0,
ALLSPICE,"ALLSPICE,GROUND",72.12,0,0,21.60000038,263,6.09,0.0,8.46,0.66,2.36,2.55,8.69,6.0,1 tbsp
No Category,ANISE SEED,50.02,0,0,14.60000038,337,17.6,0.0,9.54,9.78,3.15,0.586,15.9,6.7,"1 tbsp, whole"
SPICES,"SPICES,BASIL,DRIED",60.96,0,55,40.5,251,14.37,1.710000038,6.43,0.453,2.168,0.24,3.98,0.7,"1 tsp, leaves"
SPICES,"SPICES,BAY LEAF",74.97,0,0,26.29999924,313,7.61,0.0,5.44,1.64,2.29,2.28,8.36,1.8,"1 tbsp, crumbled"
No Category,CARAWAY SEED,49.9,0,25,38.0,333,19.77,0.639999986,9.87,7.125,3.272,0.62,14.59,6.7,1 tbsp
SPICES,"SPICES,CARDAMOM",68.47,0,0,28.0,311,10.76,0.0,8.28,0.87,0.43,0.68,6.7,5.8,"1 tbsp, ground"
No Category,CELERY SEED,41.35,0,25,11.80000019,392,18.07,0.670000017,6.04,15.93,3.72,2.19,25.27,6.5,1 tbsp
CHERVIL,"CHERVIL,DRIED",49.1,0,0,11.30000019,237,23.2,0.0,7.2,1.399,1.8,0.169,3.9,1.9,1 tbsp
No Category,CHILI POWDER,54.66,0,66,34.20000076,314,12.26,7.190000057,7.79,3.574,7.458,2.953,16.76,7.5,1 tbsp
CINNAMON,"CINNAMON,GROUND",80.59,0,11,53.09999847,247,3.99,2.170000076,10.58,0.246,0.068,0.345,1.24,7.85,1 tbsp
CLOVES,"CLOVES,GROUND",61.21,0,37,34.20000076,323,5.98,2.380000114,6.86,1.471,7.088,5.438,20.07,6.6,1 tbsp
CORIANDER LEAF,"CORIANDER LEAF,DRIED",52.1,0,97,10.39999962,279,21.93,7.269999981,7.3,2.232,0.328,0.115,4.78,1.8,1 tbsp
No Category,CORIANDER SEED,54.99,0,0,41.90000153,298,12.37,0.0,8.86,13.58,1.75,0.99,17.77,5.0,1 tbsp
No Category,CUMIN SEED,44.24,0,25,10.5,375,17.81,2.25,8.06,14.04,3.279,1.535,22.27,6.0,"1 tbsp, whole"
No Category,CURRY POWDER,58.15,0,64,33.20000076,325,12.66,2.75999999,9.52,5.551,2.557,2.237,13.81,6.3,1 tbsp
No Category,DILL SEED,55.17,0,0,21.10000038,305,15.98,0.0,7.7,9.41,1.01,0.73,14.54,6.6,1 tbsp
DILL WEED,"DILL WEED,DRIED",55.82,0,0,13.60000038,253,19.96,0.0,7.3,0.0,0.0,0.234,4.36,3.1,1 tbsp
No Category,FENNEL SEED,52.29,0,0,39.79999924,345,15.8,0.0,8.81,9.91,1.69,0.48,14.87,5.8,"1 tbsp, whole"
No Category,FENUGREEK SEED,58.35,0,0,24.60000038,323,23.0,0.0,8.84,0.0,0.0,1.46,6.41,11.1,1 tbsp
No Category,GARLIC POWDER,72.71,0,68,9.899999619,332,16.8,24.29999924,6.45,0.017,0.378,0.135,0.76,8.4,1 tbsp
GINGER,"GINGER,GROUND",70.79,0,41,12.5,347,9.12,3.390000105,9.38,1.0,1.31,1.94,5.95,5.4,1 tbsp
MACE,"MACE,GROUND",50.5,0,0,20.20000076,475,6.71,0.0,8.17,11.17,4.39,9.51,32.38,5.3,1 tbsp
MARJORAM,"MARJORAM,DRIED",60.56,0,44,40.29999924,271,12.66,4.090000153,7.64,0.94,4.405,0.529,7.04,1.7,1 tbsp
MUSTARD SEED,"MUSTARD SEED,YELLOW",34.94,0,123,14.69999981,469,24.94,6.789999962,6.86,19.83,5.39,1.46,28.76,11.2,1 tbsp
NUTMEG,"NUTMEG,GROUND",49.29,0,9,20.79999924,525,5.84,28.48999977,6.23,3.22,0.35,25.94,36.31,7.0,1 tbsp
No Category,ONION POWDER,80.67,0,39,5.699999809,347,10.12,35.47999954,5.01,0.158,0.439,0.183,1.05,6.9,1 tbsp
SPICES,"SPICES,OREGANO,DRIED",64.43,0,32,42.79999924,306,11.0,4.090000153,7.16,0.67,5.23,2.66,10.25,1.0,"1 tsp, leaves"
No Category,PAPRIKA,55.74,0,52,37.40000153,289,14.76,10.34000015,9.54,1.23,8.32,2.1,12.95,6.9,1 tbsp
PARSLEY,"PARSLEY,DRIED",51.66,0,97,30.39999962,276,22.42,7.269999981,9.02,3.247,0.458,0.115,4.43,0.48,1 tsp
PEPPER,"PEPPER,BLACK",64.81,0,11,26.5,255,10.95,0.639999986,10.51,1.01,1.13,0.98,3.26,6.4,1 tbsp
PEPPER,"PEPPER,RED OR CAYENNE",56.63,0,52,27.20000076,318,12.01,10.34000015,8.05,2.75,8.37,3.26,17.27,5.3,1 tbsp
PEPPER,"PEPPER,WHITE",68.61,0,0,26.20000076,296,10.4,0.0,11.42,0.789,0.616,0.626,2.12,7.1,"1 tbsp, ground"
No Category,POPPY SEED,28.13,0,9,19.5,525,17.99,2.99000001,5.95,5.982,28.569,4.517,41.56,8.8,1 tbsp
No Category,POULTRY SEASONING,65.59,0,30,11.30000019,307,9.59,3.079999924,9.31,1.206,1.936,3.29,7.53,4.4,1 tbsp
No Category,PUMPKIN PIE SPICE,69.28,0,21,14.80000019,342,5.76,7.760000229,8.46,1.102,0.78,6.53,12.6,5.6,1 tbsp
ROSEMARY,"ROSEMARY,DRIED",64.06,0,0,42.59999847,331,4.88,0.0,9.31,3.014,2.339,7.371,15.22,3.3,1 tbsp
No Category,SAFFRON,65.37,0,0,3.900000095,310,11.43,0.0,11.9,0.429,2.067,1.586,5.85,2.1,1 tbsp
SAGE,"SAGE,GROUND",60.73,0,44,40.29999924,315,10.63,1.710000038,7.96,1.87,1.76,7.03,12.75,2.0,1 tbsp
SAVORY,"SAVORY,GROUND",68.73,0,0,45.70000076,272,6.73,0.0,9.0,0.0,0.0,3.26,5.91,4.4,1 tbsp
SPICES,"SPICES,TARRAGON,DRIED",50.22,0,0,7.400000095,295,22.77,0.0,7.74,0.474,3.698,1.881,7.24,0.6,"1 tsp, leaves"
SPICES,"SPICES,THYME,DRIED",63.94,0,44,37.0,276,9.11,1.710000038,7.79,0.47,1.19,2.73,7.43,1.0,"1 tsp, leaves"
TURMERIC,"TURMERIC,GROUND",64.93,0,49,21.10000038,354,7.83,3.210000038,11.36,1.66,2.18,3.12,9.88,6.8,1 tbsp
BASIL,"BASIL,FRESH",2.65,0,11,1.600000024,23,3.15,0.300000012,92.06,0.088,0.389,0.041,0.64,5.3,"2 tbsp, chopped"
DILL WEED,"DILL WEED,FRSH",7.02,0,0,2.099999905,43,3.46,0.0,85.95,0.802,0.095,0.06,1.12,8.9,"1 cup, sprigs"
MUSTARD,"MUSTARD,PREPARED,YELLOW",5.33,0,22,3.299999952,67,4.37,0.860000014,82.65,2.627,0.954,0.248,4.01,5.0,"1 tsp,  or 1 packet"
SALT,"SALT,TABLE",0.0,0,0,0.0,0,0.0,0.0,0.2,0.0,0.0,0.0,0.0,292.0,1 cup
VINEGAR,"VINEGAR,CIDER",0.93,0,0,0.0,21,0.0,0.400000006,93.81,0.0,0.0,0.0,0.0,239.0,1 cup
THYME,"THYME,FRSH",24.45,0,0,14.0,101,5.56,0.0,65.11,0.081,0.532,0.467,1.68,0.8,1 tsp
No Category,VANILLA EXTRACT,12.65,0,0,0.0,288,0.06,12.64999962,52.58,0.01,0.004,0.01,0.06,208.0,1 cup
VANILLA EXTRACT,"VANILLA EXTRACT,IMITN,ALCOHOL",2.41,0,0,0.0,237,0.05,0.0,64.46,0.0,0.0,0.0,0.0,13.0,1 tbsp
VANILLA EXTRACT,"VANILLA EXTRACT,IMITN,NO ALCOHOL",14.4,0,0,0.0,56,0.03,14.39999962,85.58,0.0,0.0,0.0,0.0,13.0,1 tbsp
VINEGAR,"VINEGAR,DISTILLED",0.04,0,0,0.0,18,0.0,0.039999999,94.78,0.0,0.0,0.0,0.0,238.2,1 cup
CAPERS,"CAPERS,CANNED",4.89,0,6,3.200000048,23,2.36,0.409999996,83.85,0.063,0.304,0.233,0.86,8.6,"1 tbsp,  drained"
HORSERADISH,"HORSERADISH,PREPARED",11.29,0,6,3.299999952,48,1.18,7.989999771,85.08,0.13,0.339,0.09,0.69,15.0,1 tbsp
ROSEMARY,"ROSEMARY,FRESH",20.7,0,0,14.10000038,131,3.31,0.0,67.77,1.16,0.901,2.838,5.86,1.7,1 tbsp
PEPPERMINT,"PEPPERMINT,FRESH",14.89,0,0,8.0,70,3.75,0.0,78.65,0.033,0.508,0.246,0.94,3.2,2 tbsp
SPEARMINT,"SPEARMINT,FRESH",8.41,0,0,6.800000191,44,3.29,0.0,85.55,0.025,0.394,0.191,0.73,11.4,2 tbsp
SPEARMINT,"SPEARMINT,DRIED",52.04,0,0,29.79999924,285,19.93,0.0,11.3,0.21,3.257,1.577,6.03,1.6,1 tbsp
VINEGAR,"VINEGAR,RED WINE",0.27,0,0,0.0,19,0.04,0.0,94.47,0.0,0.0,0.0,0.0,239.0,1 cup
VINEGAR,"VINEGAR,BALSAMIC",17.03,0,0,0.0,88,0.49,14.94999981,76.45,0.0,0.0,0.0,0.0,255.0,1 cup
CAMPBELL SOUP CO,"CAMPBELL SOUP CO,PACE,DRY TACO SEAS MIX",56.29,0,0,18.79999924,188,0.0,18.76000023,5.7,0.0,0.0,0.0,0.0,5.33,2 tbsp
BABYFOOD,"BABYFOOD,MEAT,BF,STR",2.43,51,38,0.0,81,12.03,0.0,82.44,0.95,0.16,1.18,2.52,14.66,1 tbsp
BABYFOOD,"BABYFOOD,MEAT,BF,STR",2.43,51,38,0.0,81,12.03,0.0,82.44,0.95,0.16,1.18,2.52,28.35,1 oz
BABYFOOD,"BABYFOOD,MEAT,VEAL,STR",1.51,33,50,0.0,81,13.12,0.0,82.37,1.054,0.157,1.063,2.45,16.16,1 tbsp
BABYFOOD,"BABYFOOD,MEAT,PORK,STR",0.0,48,0,0.0,124,14.0,0.0,78.4,3.58,0.78,2.4,7.1,28.35,1 oz
BABYFOOD,"BABYFOOD,MEAT,HAM,STR",3.7,24,45,0.0,97,11.3,0.0,80.5,1.803,0.51,1.267,3.8,15.0,1 tbsp
BABYFOOD,"BABYFOOD,MEAT,HAM,JUNIOR",3.7,29,45,0.0,97,11.3,0.0,80.5,1.804,0.516,1.271,3.8,28.35,1 oz
BABYFOOD,"BABYFOOD,MEAT,LAMB,STR",0.85,36,55,0.0,87,14.07,0.0,81.06,1.27,0.31,1.65,3.41,21.51,1 tbsp
BABYFOOD,"BABYFOOD,MEAT,LAMB,JUNIOR",0.0,38,55,0.0,112,15.2,0.0,79.6,2.06,0.22,2.56,5.2,28.35,1 oz
BABYFOOD,"BABYFOOD,MEAT,CHICK,STR",0.1,61,43,0.0,130,13.7,0.0,77.5,3.56,1.92,2.03,7.9,15.0,1 tbsp
BABYFOOD,"BABYFOOD,MEAT,CHICK,JR",0.0,59,43,0.0,146,14.0,0.0,76.0,4.33,2.33,2.47,9.6,15.0,1 tbsp
BABYFOOD,"BABYFOOD,MEAT,CHICK STKS,JR",1.5,78,43,0.200000003,188,14.6,1.399999976,68.3,6.267,2.986,4.094,14.4,10.0,1 stick
BABYFOOD,"BABYFOOD,MEAT,TURKEY,STR",1.4,58,40,0.0,111,11.5,0.0,80.32,2.384,1.741,1.641,6.2,15.0,1 tbsp
BABYFOOD,"BABYFOOD,MEAT,TURKEY,JR",1.4,58,40,0.0,111,11.5,0.0,80.32,2.384,1.741,1.641,6.2,18.86,1 tbsp
BABYFOOD,"BABYFOOD,MEAT,TURKEY STKS,JR",1.4,65,53,0.5,182,13.7,1.399999976,69.8,4.671,3.615,4.143,14.2,10.0,1 stick
BABYFOOD,"BABYFOOD,MEAT,MEAT STKS,JR",1.1,70,57,0.200000003,184,13.4,0.800000012,69.5,6.48,1.59,5.82,14.6,10.0,1 stick
BABYFOOD,"BABYFOOD,DINNER,VEG&DUMPLINGS&BF,STR",7.7,0,0,0.0,48,2.0,0.0,88.9,0.0,0.0,0.0,0.9,28.35,1 oz
BABYFOOD,"BABYFOOD,DINNER,VEG&DUMPLINGS&BF,JR",8.0,0,0,0.0,48,2.1,0.0,88.6,0.0,0.0,0.0,0.8,28.35,1 oz
BABYFOOD,"BABYFOOD,DINNER,BF LASAGNA,TODD",10.0,0,0,0.0,77,4.2,0.0,82.3,0.0,0.0,0.0,2.1,28.35,1 oz
BABYFOOD,"BABYFOOD,DINNER,MACARONI&TOMATO&BF,STR",9.45,7,10,1.200000048,61,2.36,2.089999914,86.34,0.594,0.193,0.486,1.47,16.0,1 tbsp
BABYFOOD,"BABYFOOD,DINNER,MACARONI&TOMATO&BF,JR",9.4,4,10,1.100000024,59,2.5,2.430000067,86.7,0.447,0.079,0.411,1.1,16.0,1 tbsp
BABYFOOD,"BABYFOOD,RAVIOLI,CHS FILLED,W/TOMATO SAU",16.3,7,8,0.100000001,99,3.6,0.589999974,76.5,0.57,0.48,0.96,2.2,16.0,1 tbsp
BABYFOOD,"BABYFOOD,DINNER,BF NOODLE,STR",8.18,8,9,1.299999952,63,2.44,1.419999957,86.84,0.941,0.141,0.937,2.26,16.0,1 tbsp
BABYFOOD,"BABYFOOD,MACARONI&CHS,TODD",11.2,7,3,0.5,83,3.5,0.790000021,81.7,0.7,0.17,1.53,2.6,28.35,1 oz
BABYFOOD,"BABYFOOD,DINNER,BF&RICE,TODD",8.8,0,0,0.0,82,5.0,0.0,81.9,0.0,0.0,0.0,2.9,28.35,1 oz
BABYFOOD,"BABYFOOD,DINNER,SPAGHETTI&TOMATO&MEAT,JR",11.42,5,8,1.100000024,68,2.57,2.720000029,84.17,0.497,0.185,0.543,1.37,16.0,1 tbsp
BABYFOOD,"BABYFOOD,DINNER,SPAGHETTI&TOMATO&MEAT,TODD",10.8,0,0,0.0,75,5.3,0.0,81.6,0.0,0.0,0.0,1.0,28.35,1 oz
BABYFOOD,"BABYFOOD,DINNER,BF STEW,TODD",5.5,13,16,1.100000024,51,5.1,1.389999986,86.9,0.44,0.1,0.58,1.2,28.35,1 oz
BABYFOOD,"BABYFOOD,DINNER,VEG&BF,STR",8.84,7,16,1.299999952,77,2.21,2.339999914,84.94,1.289,0.298,1.367,3.6,256.0,1 cup
BABYFOOD,"BABYFOOD,DINNER,VEG&BF,JR",8.84,7,16,1.299999952,77,2.21,2.339999914,84.94,1.289,0.298,1.367,3.6,256.0,1 cup
BABYFOOD,"BABYFOOD,DINNER,BF W/VEG",6.36,12,10,1.799999952,96,2.03,2.160000086,84.3,3.12,0.9,2.84,6.93,113.0,"1 jar,  Beech-Nut Stage 2 (4 oz)"
BABYFOOD,"BABYFOOD,DINNER,VEG&BACON,STR",8.81,4,16,1.700000048,69,1.92,1.769999981,85.75,1.347,0.377,1.063,2.95,256.0,1 cup
BABYFOOD,"BABYFOOD,DINNER,VEG&HAM,STR",7.8,5,13,1.600000024,59,2.19,1.370000005,87.47,0.963,0.234,0.764,2.14,256.0,1 cup
BABYFOOD,"BABYFOOD,DINNER,VEG&HAM,JR",8.65,3,4,1.0,60,2.02,0.99000001,87.0,0.811,0.448,0.483,1.89,256.0,1 cup
BABYFOOD,"BABYFOOD,DINNER,VEG&LAMB,STR",6.9,6,10,1.100000024,52,2.0,0.939999998,88.6,0.822,0.167,0.828,2.0,256.0,1 cup
BABYFOOD,"BABYFOOD,DINNER,VEG&LAMB,JR",7.1,5,0,1.100000024,51,2.1,0.939999998,88.6,0.69,0.154,0.696,1.7,28.35,1 oz
BABYFOOD,"BABYFOOD,DINNER,CHICK NOODLE,STR",9.08,16,10,2.099999905,66,2.69,2.5,85.64,0.854,0.461,0.595,2.06,16.0,1 tbsp
BABYFOOD,"BABYFOOD,DINNER,CHICK NOODLE,JR",8.79,9,8,0.899999976,55,2.37,1.070000052,87.25,0.467,0.272,0.338,1.18,16.0,1 tbsp
BABYFOOD,"BABYFOOD,DINNER,CHICK SOUP,STR",7.2,4,6,1.100000024,50,1.6,1.720000029,89.1,0.425,0.9,0.278,1.7,0.0,
BABYFOOD,"BABYFOOD,DINNER,CHICK STEW,TODD",6.4,29,21,0.600000024,78,5.2,1.679999948,83.3,1.7,0.77,1.1,3.7,16.0,1 tbsp
BABYFOOD,"BABYFOOD,DINNER,VEG CHICK,STR",8.42,11,10,2.099999905,59,2.47,1.580000043,86.9,0.712,0.374,0.496,1.73,256.0,1 cup
BABYFOOD,"BABYFOOD,DINNER,VEG,NOODLES&CHICK,STR",7.9,0,0,1.100000024,63,2.0,0.0,87.2,0.0,0.0,0.0,2.5,28.35,1 oz
BABYFOOD,"BABYFOOD,DINNER,VEG,NOODLES&CHICK,JR",9.1,0,0,1.100000024,64,1.7,0.0,86.2,0.0,0.0,0.0,2.2,28.35,1 oz
BABYFOOD,"BABYFOOD,DINNER,PASTA W/VEG",8.4,5,6,1.5,60,1.7,1.200000048,87.3,0.58,0.144,1.23,2.1,113.0,"1 jar,  Gerber (4 oz)"
BABYFOOD,"BABYFOOD,DINNER,VEG&NOODLES&TURKEY,STR",6.8,0,0,1.100000024,44,1.2,0.0,90.3,0.0,0.0,0.0,1.2,28.35,1 oz
BABYFOOD,"BABYFOOD,DINNER,VEG&NOODLES&TURKEY,JR",7.6,0,0,1.100000024,52,1.8,0.0,88.7,0.0,0.0,0.0,1.5,28.35,1 oz
BABYFOOD,"BABYFOOD,DINNER,TURKEY&RICE,STR",7.94,5,7,0.899999976,52,2.27,1.659999967,88.22,0.446,0.308,0.338,1.24,16.0,1 tbsp
BABYFOOD,"BABYFOOD,DINNER,TURKEY&RICE,JR",9.57,4,8,1.0,56,2.37,1.25,86.64,0.304,0.233,0.239,0.92,16.0,1 tbsp
BABYFOOD,"BABYFOOD,DINNER,VEG&TURKEY,STR",7.62,4,7,1.5,48,2.32,1.539999962,88.82,0.294,0.241,0.236,0.9,256.0,1 cup
BABYFOOD,"BABYFOOD,DINNER,VEG&TURKEY,JR",7.55,4,9,0.899999976,53,1.72,1.360000014,88.5,0.687,0.391,0.485,1.74,256.0,1 cup
BABYFOOD,"BABYFOOD,DINNER,VEG&TURKEY,TODD",8.0,0,0,0.0,80,4.8,0.0,82.3,0.0,0.0,0.0,3.4,28.35,1 oz
BABYFOOD,"BABYFOOD,DINNER,MACARONI&CHS,STR",8.95,7,3,0.699999988,67,3.14,1.269999981,85.25,0.581,0.103,1.291,2.11,28.35,1 oz
BABYFOOD,"BABYFOOD,DINNER,MACARONI&CHS,JR",8.2,6,3,0.300000012,61,2.6,1.320000052,86.5,0.534,0.132,1.175,2.0,28.35,1 oz
BABYFOOD,"BABYFOOD,VEG,GRN BNS,STR",6.29,0,23,2.200000048,27,1.2,1.879999995,91.85,0.0,0.116,0.039,0.17,240.0,1 cup
BABYFOOD,"BABYFOOD,VEG,GRN BNS,JR",5.7,0,23,1.899999976,24,1.2,1.080000043,92.5,0.004,0.052,0.023,0.1,240.0,1 cup
BABYFOOD,"BABYFOOD,GRN BNS,DICES,TODD",5.7,0,23,1.299999952,29,1.2,1.059999943,92.6,0.008,0.102,0.044,0.2,28.35,1 oz
BABYFOOD,"BABYFOOD,VEG,GRN BNS&POTATOES",9.0,5,10,1.399999976,62,2.2,2.349999905,86.2,0.539,0.132,1.117,1.9,113.0,"1 jar,  Gerber (4 oz)"
BABYFOOD,"BABYFOOD,VEG,BEETS,STR",7.7,0,5,1.899999976,34,1.3,6.090000153,90.1,0.019,0.036,0.016,0.1,224.0,1 cup
BABYFOOD,"BABYFOOD,VEG,CARROTS,STR",6.0,0,7,1.700000048,27,0.8,3.640000105,92.3,0.004,0.047,0.018,0.1,224.0,1 cup
BABYFOOD,"BABYFOOD,VEG,CARROTS,JR",7.2,0,8,1.700000048,32,0.8,3.160000086,91.0,0.009,0.093,0.036,0.2,224.0,1 cup
Babyfood,"Babyfood, vegetables, squash, strained",5.73,0,8,0.899999976,28,0.81,3.369999886,92.66,0.02,0.04,0.02,0.2,16.46,1 tbsp
BABYFOOD,"BABYFOOD,VEG,SQUASH,JR",5.73,0,8,0.899999976,24,0.81,3.24000001,92.66,0.02,0.04,0.02,0.2,16.46,1 tbsp
BABYFOOD,"BABYFOOD,VEG,SWT POTATOES,STR",13.2,0,13,1.5,57,1.1,4.050000191,84.8,0.004,0.044,0.021,0.1,224.0,1 cup
BABYFOOD,"BABYFOOD,VEG,SWT POTATOES,JR",13.9,0,13,1.5,60,1.1,4.239999771,84.1,0.004,0.044,0.021,0.1,224.0,1 cup
BABYFOOD,"BABYFOOD,POTATOES,TODDLER",11.73,0,13,0.899999976,52,1.0,0.910000026,86.8,0.002,0.025,0.015,0.1,163.0,1 cup
BABYFOOD,"BABYFOOD,VEG,BUTTERNUT SQUASH&CORN",9.3,0,12,2.0,50,2.0,2.930000067,87.3,0.166,0.28,0.095,0.6,113.0,"1 jar,  Gerber (4 oz)"
BABYFOOD,"BABYFOOD,APPLS,DICES,TODD",12.1,0,3,0.899999976,51,0.2,10.82999992,87.5,0.004,0.03,0.02,0.1,28.35,1 oz
BABYFOOD,"BABYFOOD,FRUIT,APPLSAUC,STR",10.8,0,3,1.700000048,41,0.2,9.869999886,88.6,0.008,0.056,0.032,0.2,16.0,1 tbsp
BABYFOOD,"BABYFOOD,FRUIT,APPLSAUC,JR",10.3,0,3,1.700000048,37,0.0,8.479999542,89.5,0.0,0.0,0.0,0.0,16.0,1 tbsp
BABYFOOD,"BABYFOOD,FRUIT,APRICOT W/TAPIOCA,STR",16.3,0,1,1.5,60,0.3,1.409999967,83.1,0.0,0.0,0.0,0.0,15.0,1 tbsp
BABYFOOD,"BABYFOOD,VEG,CORN,CRMD,STR",14.1,1,9,2.099999905,57,1.4,1.230000019,83.6,0.116,0.176,0.076,0.4,240.0,1 cup
BABYFOOD,"BABYFOOD,VEG,CORN,CRMD,JR",16.25,1,9,2.099999905,65,1.4,1.480000019,81.4,0.116,0.178,0.074,0.4,240.0,1 cup
BABYFOOD,"BABYFOOD,VEG,PEAS,STR",8.36,0,32,2.0,50,3.27,2.00999999,87.52,0.05,0.2,0.07,0.43,15.6,1 tbsp
BABYFOOD,"BABYFOOD,PEAS,DICES,TODD",10.3,0,15,3.900000095,64,3.9,4.130000114,84.6,0.07,0.37,0.14,0.8,28.35,1 oz
BABYFOOD,"BABYFOOD,VEG,SPINACH,CRMD,STR",5.7,5,16,1.799999952,37,2.5,2.329999924,89.6,0.332,0.133,0.702,1.3,240.0,1 cup
BABYFOOD,"BABYFOOD,FRUIT,APRICOT W/TAPIOCA,JR",17.3,0,1,1.5,63,0.3,1.399999976,82.1,0.0,0.0,0.0,0.0,15.0,1 tbsp
BABYFOOD,"BABYFOOD,FRUIT,BANANAS W/TAPIOCA,STR",15.3,0,4,1.600000024,56,0.4,0.379999995,84.0,0.01,0.019,0.035,0.1,15.0,1 tbsp
BABYFOOD,"BABYFOOD,FRUIT,PEACHES,STR",14.48,0,8,1.299999952,65,0.94,11.5,83.65,0.01,0.04,0.02,0.33,16.72,1 tbsp
BABYFOOD,"BABYFOOD,FRUIT,PEACHES,JR",14.48,0,8,1.299999952,65,0.94,11.5,83.65,0.01,0.04,0.02,0.33,16.72,1 tbsp
BABYFOOD,"BABYFOOD,FRUIT,PEARS,STR",10.8,0,4,3.599999905,42,0.3,6.980000019,88.4,0.042,0.046,0.012,0.2,16.0,1 tbsp
BABYFOOD,"BABYFOOD,FRUIT,PEARS,JR",11.6,0,2,3.599999905,43,0.3,7.340000153,87.8,0.021,0.023,0.006,0.1,16.0,1 tbsp
BABYFOOD,"BABYFOOD,FRUIT,PLUMS W/TAPIOCA,WO/VIT C,STR",19.7,0,1,1.200000048,71,0.1,13.34000015,80.0,0.0,0.0,0.0,0.0,15.0,1 tbsp
BABYFOOD,"BABYFOOD,FRUIT,PLUMS W/TAPIOCA,WO/VIT C,JR",20.5,0,1,1.200000048,74,0.1,13.64000034,79.2,0.0,0.0,0.0,0.0,15.0,1 tbsp
BABYFOOD,"BABYFOOD,FRUIT,PRUNES W/TAPIOCA,WO/VIT C,STR",18.5,0,1,2.700000048,69,0.6,10.97000027,80.3,0.066,0.022,0.008,0.1,15.0,1 tbsp
BABYFOOD,"BABYFOOD,FRUIT,PRUNES W/TAPIOCA,WO/VIT C,JR",18.7,0,0,2.700000048,70,0.6,10.97000027,80.1,0.066,0.022,0.008,0.1,28.35,1 oz
BABYFOOD,"BABYFOOD,PRUNES,WO/VIT C,STR",23.52,0,4,2.700000048,101,1.0,21.20999908,74.3,0.13,0.04,0.02,0.2,15.0,1 tbsp
BABYFOOD,"BABYFOOD,FRUIT DSSRT,MANGO W/ TAPIOCA",19.0,0,4,1.100000024,70,0.3,13.0,80.0,0.06,0.03,0.039,0.2,15.0,1 tbsp
BABYFOOD,"BABYFOOD,PEARS,DICES,TODD",13.6,0,4,1.200000048,57,0.3,8.659999847,85.6,0.043,0.046,0.01,0.1,28.35,1 oz
BABYFOOD,"BABYFOOD,FRUIT,APPLSAUC&APRICOTS,STR",11.64,0,3,1.799999952,44,0.2,9.25,87.7,0.037,0.045,0.024,0.2,16.0,1 tbsp
BABYFOOD,"BABYFOOD,FRUIT,APPLSAUC&APRICOTS,JR",12.4,0,3,1.799999952,47,0.2,8.720000267,86.9,0.03,0.051,0.028,0.2,16.0,1 tbsp
BABYFOOD,"BABYFOOD,FRUIT,APPLSAUC&CHERRIES,STR",14.1,0,5,1.100000024,51,0.0,10.81000042,85.63,0.0,0.0,0.0,0.0,28.35,1 oz
BABYFOOD,"BABYFOOD,FRUIT,APPLSAUC&CHERRIES,JR",14.1,0,5,1.100000024,51,0.0,10.60999966,85.6,0.0,0.0,0.0,0.0,28.35,1 oz
BABYFOOD,"BABYFOOD,FRUIT,APPLSAUC W/BANANA,JR",16.16,0,5,1.600000024,66,0.37,4.349999905,83.14,0.01,0.05,0.04,0.1,16.0,1 tbsp
BABYFOOD,"BABYFOOD,FRUIT,APPLSAUC&PNAPPL,STR",10.1,0,0,1.5,37,0.1,0.0,89.5,0.009,0.032,0.01,0.1,28.35,1 oz
BABYFOOD,"BABYFOOD,FRUIT,APPLSAUC&PNAPPL,JR",10.5,0,0,1.5,39,0.1,0.0,89.1,0.009,0.032,0.011,0.1,28.35,1 oz
BABYFOOD,"BABYFOOD,FRUIT,APPL & RASPBERRY,STR",15.6,0,4,2.099999905,58,0.2,12.96000004,83.8,0.008,0.062,0.033,0.2,28.35,1 oz
BABYFOOD,"BABYFOOD,FRUIT,APPL & RASPBERRY,JR",15.4,0,4,2.099999905,58,0.2,12.96000004,84.0,0.008,0.063,0.032,0.2,28.35,1 oz
BABYFOOD,"BABYFOOD,FRUIT & VEG,APPL & SWT POTATO",15.3,0,4,1.399999976,64,0.3,11.60000038,84.0,0.008,0.079,0.041,0.22,113.0,"1 jar,  Gerber (4 oz)"
BABYFOOD,"BABYFOOD,FRUIT,BANANAS&PNAPPL W/TAPIOCA,JR",18.4,0,7,1.600000024,68,0.2,8.409999847,81.1,0.009,0.02,0.036,0.1,15.0,1 tbsp
BABYFOOD,"BABYFOOD,FRUIT,BANANAS&PNAPPL W/TAPIOCA,STR",17.8,0,7,1.600000024,65,0.2,10.72999954,81.7,0.0,0.0,0.0,0.0,15.0,1 tbsp
BABYFOOD,"BABYFOOD,FRUIT,PEARS&PNAPPL,STR",10.9,0,3,2.599999905,41,0.3,7.789999962,88.5,0.016,0.029,0.007,0.1,16.0,1 tbsp
BABYFOOD,"BABYFOOD,FRUIT,PEARS&PNAPPL,JR",11.4,0,3,2.599999905,44,0.3,7.360000134,87.8,0.031,0.058,0.013,0.2,16.0,1 tbsp
BABYFOOD,"BABYFOOD,FRUIT,GUAVA&PAPAYA W/TAPIOCA,STR",17.0,0,0,0.0,63,0.2,0.0,82.5,0.0,0.0,0.0,0.1,28.35,1 oz
BABYFOOD,"BABYFOOD,PEACHES,DICES,TODD",11.8,0,8,0.800000012,51,0.5,9.489999771,87.4,0.046,0.078,0.016,0.2,28.35,1 oz
BABYFOOD,"BABYFOOD,FRUIT,PAPAYA&APPLSAUC W/TAPIOCA,STR",18.9,0,0,1.399999976,70,0.2,0.0,80.6,0.0,0.0,0.0,0.1,28.35,1 oz
BABYFOOD,"BABYFOOD,FRUIT,BANANAS W/APPLS&PEARS,STR",19.7,0,7,1.399999976,84,0.9,12.76000023,79.0,0.028,0.085,0.106,0.22,15.0,1 tbsp
BABYFOOD,"BABYFOOD,FRUIT,APPL&BLUEBERRY,STR",16.3,0,3,1.799999952,61,0.2,13.93000031,83.1,0.019,0.073,0.024,0.2,28.35,1 oz
BABYFOOD,"BABYFOOD,FRUIT,APPL&BLUEBERRY,JR",16.6,0,3,1.799999952,62,0.2,8.829999924,82.8,0.019,0.073,0.024,0.2,28.35,1 oz
BABYFOOD,"BABYFOOD,JUICE,APPLE",11.7,0,2,0.100000001,47,0.0,10.69999981,88.0,0.002,0.031,0.018,0.1,31.7,1 fl oz
BABYFOOD,"BABYFOOD,APPLE-BANANA JUC",12.3,0,2,0.200000003,51,0.2,11.0,87.1,0.004,0.034,0.018,0.1,31.2,1 fl oz
BABYFOOD,"BABYFOOD,JUC,APPL&PEACH",10.5,0,2,0.100000001,43,0.2,9.590000153,89.0,0.002,0.031,0.018,0.1,31.2,1 fl oz
BABYFOOD,"BABYFOOD,APPLE-CRANBERRY JUC",11.49,0,3,0.0,46,0.0,6.880000114,88.3,0.001,0.012,0.007,0.02,31.2,1 fl oz
BABYFOOD,"BABYFOOD,JUC,APPL&PLUM",12.3,0,2,0.100000001,49,0.1,11.53999996,87.3,0.0,0.0,0.0,0.0,31.2,1 fl oz
BABYFOOD,"BABYFOOD,JUC,APPL&PRUNE",18.0,0,2,0.100000001,72,0.2,10.57999992,81.3,0.006,0.031,0.018,0.1,31.2,1 fl oz
BABYFOOD,"BABYFOOD,JUICE,ORANGE",10.2,0,6,0.100000001,45,0.6,8.260000229,88.5,0.05,0.06,0.035,0.3,31.2,1 fl oz
BABYFOOD,"BABYFOOD,JUC,ORANGE&APPL",10.1,0,0,0.0,43,0.4,0.0,88.9,0.0,0.0,0.0,0.2,31.2,1 fl oz
BABYFOOD,"BABYFOOD,JUC,ORANGE&APPL&BANANA",11.5,0,4,0.100000001,47,0.4,10.02999973,87.6,0.007,0.027,0.016,0.1,31.2,1 fl oz
BABYFOOD,"BABYFOOD,JUC,ORANGE&APRICOT",10.9,0,0,0.100000001,46,0.8,0.0,87.8,0.022,0.02,0.011,0.1,31.2,1 fl oz
BABYFOOD,"BABYFOOD,JUC,ORANGE&BANANA",11.9,0,0,0.0,50,0.7,0.0,86.9,0.0,0.0,0.0,0.1,31.2,1 fl oz
BABYFOOD,"BABYFOOD,JUC,ORANGE&PNAPPL",11.7,0,0,0.100000001,48,0.5,0.0,87.3,0.014,0.024,0.01,0.1,31.2,1 fl oz
BABYFOOD,"BABYFOOD,JUC,PRUNE&ORANGE",16.8,0,0,0.0,70,0.6,0.0,81.9,0.0,0.0,0.0,0.3,31.2,1 fl oz
BABYFOOD,"BABYFOOD,JUC,MXD FRUIT",11.6,0,4,0.100000001,47,0.1,8.460000038,87.9,0.006,0.039,0.015,0.1,31.2,1 fl oz
BABYFOOD,"BABYFOOD,CRL,BARLEY,DRY",75.3,0,45,8.199999809,365,11.1,3.099999905,6.8,0.666,1.759,0.418,3.4,2.4,1 tbsp
BABYFOOD,"BABYFOOD,CRL,WHL WHEAT,W/APPLS,DRY",77.1,0,42,12.19999981,402,12.6,22.20000076,1.7,1.277,1.866,0.639,4.8,15.0,.5 oz
BABYFOOD,"BABYFOOD,CEREAL,MIXED,DRY",73.3,0,23,7.5,379,12.2,0.870000005,6.7,1.206,1.697,0.769,4.4,2.5,1 tbsp
BABYFOOD,"BABYFOOD,CRL,MXD,W/BANANAS,DRY",77.1,0,29,7.800000191,391,10.7,6.679999828,4.5,1.223,1.734,0.846,4.6,2.5,1 tbsp
BABYFOOD,"BABYFOOD,CRL,MXD,W/APPLSAUC&BANANAS,STR",17.9,0,4,1.200000048,82,1.2,7.789999962,80.0,0.135,0.191,0.09,0.5,28.35,1 oz
BABYFOOD,"BABYFOOD,CRL,MXD,W/ APPLSAUC & BANANAS,JR",18.4,0,4,1.200000048,83,1.2,7.789999962,79.6,0.108,0.152,0.072,0.4,28.35,1 oz
BABYFOOD,"BABYFOOD,CRL,OATMEAL,DRY",69.65,0,32,9.0,399,13.07,3.839999914,5.9,2.57,2.47,1.37,8.0,3.18,1 tbsp
BABYFOOD,"BABYFOOD,CRL,OATMEAL,W/BANANAS,DRY",73.4,0,29,5.199999809,393,12.0,13.75,4.7,1.429,2.186,1.267,6.0,2.5,1 tbsp
BABYFOOD,"BABYFOOD,CRL,OATMEAL,W/APPLSAUC&BANANAS,STR",15.4,0,4,0.800000012,74,1.3,10.48999977,82.2,0.216,0.253,0.125,0.7,28.35,1 oz
BABYFOOD,"BABYFOOD,CRL,OATMEAL,W/APPLSAUC&BANANAS,JR",15.7,0,4,0.800000012,75,1.3,9.479999542,81.8,0.216,0.253,0.126,0.7,28.35,1 oz
BABYFOOD,"BABYFOOD,CRL,OATMEAL,W/HONEY,DRY",69.3,0,0,0.0,391,13.5,0.0,5.8,0.0,0.0,0.0,7.0,2.4,1 tbsp
BABYFOOD,"BABYFOOD,CEREAL,RICE,DRY",77.6,0,18,0.5,391,7.1,0.119999997,6.7,1.26,2.016,0.919,4.9,2.5,1 tbsp
BABYFOOD,"BABYFOOD,CRL,RICE,W/APPLSAUC&BANANAS,STR",17.1,0,2,1.0,80,1.2,2.24000001,81.0,0.104,0.102,0.114,0.4,16.0,1 tbsp
BABYFOOD,"BABYFOOD,CRL,W/EGG YOLKS,STR",7.0,63,0,0.899999976,51,1.9,0.0,88.8,0.79,0.3,0.61,1.8,28.35,1 oz
BABYFOOD,"BABYFOOD,CRL,W/EGG YOLKS,JR",7.1,63,0,0.899999976,52,1.9,0.0,88.7,0.79,0.3,0.61,1.8,28.35,1 oz
BABYFOOD,"BABYFOOD,CRL,W/EGGS,STR",8.0,51,0,0.0,58,2.2,0.0,87.2,0.61,0.33,0.49,1.5,28.35,1 oz
BABYFOOD,"BABYFOOD,CRL,EGG YOLKS&BACON,JR",6.2,94,0,0.899999976,79,2.5,0.0,85.9,2.207,0.641,1.64,5.0,28.35,1 oz
BABYFOOD,"BABYFOOD,OATMEAL CRL W/FRUIT,DRY,INST,TODD",74.15,0,32,7.800000191,402,10.5,11.09000015,5.4,3.008,2.29,1.572,7.05,5.3,1 tbsp
BABYFOOD,"BABYFOOD,COOKIE,BABY,FRUIT",73.7,4,12,3.400000095,435,6.8,24.20000076,5.7,4.865,4.334,2.7,12.6,8.0,1 cookie
BABYFOOD,"BABYFOOD,CRACKERS,VEG",66.9,0,10,4.0,476,8.4,13.0,2.0,5.728,9.325,3.469,19.6,0.7,1 cracker
BABYFOOD,"BABYFOOD,CRL,RICE,W/MXD FRUIT,JR",18.3,0,6,0.600000024,82,0.9,10.5,80.4,0.04,0.05,0.06,0.2,15.0,1 tbsp
BABYFOOD,"BABYFOOD,CRL,HI PROT,W/APPL&ORANGE,DRY",57.6,0,0,7.099999905,374,25.4,0.0,5.3,1.231,3.429,0.96,6.5,2.4,1 tbsp
BABYFOOD,"BABYFOOD,CRL,RICE,W/BANANAS,DRY",79.9,0,26,1.0,404,8.7,16.70000076,4.7,0.986,1.503,0.978,4.2,2.5,1 tbsp
BABYFOOD,"BABYFOOD,COOKIES",67.1,0,28,0.200000003,433,11.8,24.89999962,5.9,7.38,1.11,3.7,13.2,28.35,1 oz
BABYFOOD,"BABYFOOD,COOKIES,ARROWROOT",71.2,1,0,0.200000003,442,7.6,0.0,5.6,8.98,0.84,3.33,14.3,28.35,1 oz
BABYFOOD,"BABYFOOD,PRETZELS",82.2,0,37,2.299999952,397,10.8,3.079999924,4.0,0.188,0.833,0.316,2.0,28.35,1 oz
BABYFOOD,"BABYFOOD,TEETHING BISCUITS",78.03,0,34,1.899999976,398,9.0,28.5,6.4,1.425,0.863,1.534,5.0,28.35,1 oz
No Category,ZWIEBACK,74.2,21,20,2.5,426,10.1,12.39999962,4.5,3.84,1.29,3.95,9.7,28.35,1 oz
BABYFOOD,"BABYFOOD,DSSRT,DUTCH APPL,STR",19.74,0,2,1.399999976,75,0.2,17.88999939,79.5,0.08,0.01,0.19,0.4,28.35,1 oz
BABYFOOD,"BABYFOOD,DSSRT,DUTCH APPL,JR",19.29,0,2,1.399999976,79,0.2,17.88999939,80.32,0.006,0.045,0.025,0.16,28.35,1 oz
BABYFOOD,"BABYFOOD,CHERRY COBBLER,JR",19.2,0,2,0.200000003,78,0.3,10.39000034,79.8,0.02,0.03,0.02,0.1,28.35,1 oz
BABYFOOD,"BABYFOOD,DSSRT,CHERRY VANILLA PUDD,STR",17.8,10,5,0.300000012,68,0.2,9.149999619,81.5,0.105,0.053,0.087,0.3,28.35,1 oz
BABYFOOD,"BABYFOOD,DSSRT,CHERRY VANILLA PUDD,JR",18.4,10,5,0.300000012,69,0.2,16.97999954,81.0,0.07,0.036,0.058,0.2,28.35,1 oz
BABYFOOD,"BABYFOOD,DSSRT,FRUIT PUDD,ORANGE,STR",17.7,3,0,0.600000024,80,1.1,0.0,79.8,0.257,0.038,0.545,0.9,28.35,1 oz
BABYFOOD,"BABYFOOD,DSSRT,PEACH COBBLER,STR",17.8,0,1,0.699999988,65,0.3,10.61999989,81.8,0.0,0.0,0.0,0.0,15.0,1 tbsp
BABYFOOD,"BABYFOOD,DSSRT,PEACH COBBLER,JR",18.3,0,1,0.699999988,67,0.3,11.89000034,81.2,0.0,0.0,0.0,0.0,15.0,1 tbsp
BABYFOOD,"BABYFOOD,DSSRT,FRUIT PUDD,PNAPPL,STR",20.3,0,5,0.699999988,81,1.3,10.27999973,77.6,0.109,0.041,0.099,0.3,15.0,1 tbsp
BABYFOOD,"BABYFOOD,DSSRT,FRUIT DSSRT,WO/VIT C,STR",16.0,0,4,0.600000024,59,0.3,12.60000038,83.4,0.0,0.0,0.0,0.0,15.0,1 tbsp
BABYFOOD,"BABYFOOD,DSSRT,FRUIT DSSRT,WO/VIT C,JR",17.2,0,4,0.600000024,63,0.3,12.0,82.2,0.0,0.0,0.0,0.0,15.0,1 tbsp
BABYFOOD,"BABYFOOD,DSSRT,TROPICAL FRUIT,JR",16.4,0,0,0.0,60,0.2,0.0,83.2,0.0,0.0,0.0,0.0,28.35,1 oz
BABYFOOD,"BABYFOOD,DSSRT,CUSTARD PUDD,VANILLA,STR",16.0,8,30,0.0,85,1.6,11.5,79.9,0.68,0.16,1.01,2.0,229.0,1 cup
BABYFOOD,"BABYFOOD,DSSRT,CUSTARD PUDD,VANILLA,JR",17.58,38,30,0.200000003,86,1.76,12.19999981,79.31,0.364,0.128,0.325,0.98,229.0,1 cup
BABYFOOD,"BABYFOOD,JUC,APPL&GRAPE",11.34,0,2,0.100000001,46,0.1,10.89999962,88.1,0.009,0.059,0.04,0.2,31.2,1 fl oz
BABYFOOD,"BABYFOOD,JUC,FRUIT PUNCH,W/CA",12.7,0,2,0.400000006,52,0.2,10.60000038,86.5,0.004,0.029,0.02,0.1,31.2,1 fl oz
BABYFOOD,"BABYFOOD,JUC,APPL&CHERRY",9.9,0,2,0.100000001,41,0.1,8.979999542,89.5,0.011,0.06,0.035,0.2,31.2,1 fl oz
BABYFOOD,"BABYFOOD,JUC,APPL,W/CA",11.1,0,2,0.400000006,46,0.06,9.0,88.3,0.005,0.032,0.018,0.1,189.0,1 serving
BABYFOOD,"BABYFOOD,DINNER,VEG&CHICK,JR",8.66,7,9,1.100000024,53,2.04,1.460000038,87.76,0.402,0.269,0.302,1.12,256.0,1 cup
BABYFOOD,"BABYFOOD,DINNER,MXD VEG,STR",9.5,0,0,0.0,41,1.2,0.0,88.7,0.0,0.0,0.0,0.1,28.35,1 oz
BABYFOOD,"BABYFOOD,DINNER,MXD VEG,JR",7.9,0,0,0.0,33,1.0,0.0,90.6,0.0,0.0,0.0,0.0,28.35,1 oz
BABYFOOD,"BABYFOOD,FRUIT,BANANAS W/TAPIOCA,JR",17.8,0,3,1.600000024,67,0.4,7.099999905,81.5,0.018,0.037,0.076,0.2,15.0,1 tbsp
BABYFOOD,"BABYFOOD,VEG,MIX VEG JR",8.2,0,10,1.5,36,1.4,1.779999971,89.4,0.025,0.186,0.079,0.4,240.0,1 cup
BABYFOOD,"BABYFOOD,VEG,GARDEN VEG,STR",6.8,0,13,1.5,32,2.3,2.569999933,90.0,0.011,0.09,0.035,0.2,28.35,1 oz
BABYFOOD,"BABYFOOD,VEG,MIX VEG STR",8.05,0,10,1.5,36,1.2,1.570000052,89.8,0.118,0.194,0.089,0.5,28.35,1 oz
BABYFOOD,"BABYFOOD,DINNER,BF NOODLE,JR",7.4,8,12,1.100000024,57,2.5,1.450000048,87.8,0.838,0.094,0.766,1.9,16.0,1 tbsp
BABYFOOD,"BABYFOOD,APPLS W/HAM,STR",10.9,8,12,1.799999952,62,2.6,7.980000019,85.3,0.36,0.111,0.25,0.9,15.0,1 tbsp
BABYFOOD,"BABYFOOD,CARROTS&BF,STR",5.7,8,16,2.599999905,59,3.4,2.039999962,87.3,1.06,0.13,0.96,2.5,15.0,1 tbsp
BABYFOOD,"BABYFOOD,PLUMS,BANANAS&RICE,STR",12.7,0,3,1.299999952,57,1.1,9.300000191,85.6,0.12,0.07,0.06,0.3,28.35,1 oz
BABYFOOD,"BABYFOOD,DINNER,TURKEY,RICE,AND VEG,TODD",7.5,7,12,0.800000012,59,3.8,0.660000026,86.3,0.555,0.309,0.5,1.6,28.35,1 oz
BABYFOOD,"BABYFOOD,DINNER,APPLS&CHICK,STR",10.87,5,9,1.799999952,65,2.16,7.900000095,85.4,0.411,0.35,0.347,1.38,28.35,1 oz
BABYFOOD,"BABYFOOD,DINNER,BROCCOLI & CHICK,JR",6.34,13,31,1.399999976,62,3.59,1.429999948,86.92,0.77,0.43,0.51,2.48,28.88,1 tbsp
BABYFOOD,"BABYFOOD,DINNER,SWT POTATOES&CHICK,STR",11.04,11,12,1.299999952,74,2.51,5.369999886,83.7,0.98,0.48,0.572,2.17,16.0,1 tbsp
BABYFOOD,"BABYFOOD,DINNER,POTATOES W/CHS&HAM,TODD",11.5,6,15,1.200000048,78,3.5,0.800000012,81.5,0.733,0.163,1.1,2.0,28.35,1 oz
BABYFOOD,"BABYFOOD,CRL,BARLEY,PREP W/WHL MILK",16.3,0,0,0.0,111,4.6,0.0,74.7,0.0,0.0,0.0,3.3,28.35,1 oz
BABYFOOD,"BABYFOOD,CRL,HI PROT,PREP W/WHL MILK",11.6,0,0,0.0,111,8.7,0.0,74.5,0.0,0.0,0.0,3.8,28.35,1 oz
BABYFOOD,"BABYFOOD,CRL,MXD,PREP W/WHL MILK",15.9,11,0,1.299999952,113,4.8,0.0,74.6,0.0,0.0,1.927,3.5,28.35,1 oz
BABYFOOD,"BABYFOOD,CRL,MXD,W/BANANAS,PREP W/WHL MILK",16.6,11,0,1.299999952,115,4.5,0.0,74.3,0.0,0.0,1.982,3.6,28.35,1 oz
BABYFOOD,"BABYFOOD,CRL,OATMEAL,PREP W/WHL MILK",15.3,11,0,1.100000024,116,5.0,0.0,74.5,0.0,0.0,2.258,4.1,28.35,1 oz
BABYFOOD,"BABYFOOD,CRL,OATMEAL,W/BANANAS,PREP W/WHL MILK",16.0,0,0,0.0,116,4.7,0.0,74.3,0.0,0.0,0.0,3.8,28.35,1 oz
BABYFOOD,"BABYFOOD,CRL,OATMEAL,W/HONEY,PREP W/WHL MILK",15.3,0,0,0.0,115,5.0,0.0,74.5,0.0,0.0,0.0,3.9,28.35,1 oz
BABYFOOD,"BABYFOOD,CRL,RICE,PREP W/WHL MILK",16.7,11,0,0.100000001,115,3.9,0.0,74.6,0.0,0.0,2.325,3.6,28.35,1 oz
BABYFOOD,"BABYFOOD,CRL,RICE,W/HONEY,PREP W/WHL MILK",17.1,0,0,0.0,115,3.9,0.0,74.4,0.0,0.0,0.0,3.3,28.35,1 oz
BABYFOOD,"BABYFOOD,CRL,MXD,W/HONEY,PREP W/WHL MILK",15.9,0,0,0.0,115,5.0,0.0,74.2,0.0,0.0,0.0,3.6,28.35,1 oz
BABYFOOD,"BABYFOOD,CRL,HI PROT,W/APPL&ORANGE,PREP W/WHL MILK",13.4,0,0,0.0,112,6.9,0.0,74.4,0.0,0.0,0.0,3.9,28.35,1 oz
BABYFOOD,"BABYFOOD,CRL,RICE,W/BANANAS,PREP W/WHL MILK",17.0,11,0,0.200000003,117,4.2,0.0,74.3,0.0,0.0,2.261,3.5,28.35,1 oz
INF FORMULA,"INF FORMULA,NESTLE,GOOD START SUPREME,W/ IRON,RTF",7.39,4,8,0.0,66,1.45,5.0,87.5,1.08,0.74,1.47,3.37,30.5,1 fl oz
INF FORMULA,"INF FORMULA,NES,G START SUPR,W/ IRON,LIQ CONC,NOT RECON",14.2,2,15,0.0,127,2.79,9.699999809,75.8,2.06,1.42,2.97,6.5,31.4,1 fl oz
INF FORMULA,"INF FORMULA,NESTLE,GOOD START SUPREME,W/ IRON,PDR",57.32,32,61,0.0,509,11.3,39.29999924,2.5,8.5,5.88,11.66,26.1,8.7,1 scoop
INFANT FORMULA,"INFANT FORMULA,MEAD JOHNSON,ENFAMIL,W/IRON,RTF",7.18,1,16,0.0,63,1.38,7.179999828,88.35,1.33,0.67,1.469,3.5,30.5,1 fl oz
INFANT FORMULA,"INFANT FORMULA,MEAD JOHNSON,ENFAMIL,W/IRON,LIQ CONC, NOT REC",13.96,1,24,0.0,128,2.68,13.96000004,75.47,2.8,1.41,3.093,7.31,31.4,1 fl oz
INF FORMULA,"INF FORMULA,MEAD JOHNSON,ENFAMIL,W/ IRON,PDR",56.2,17,124,0.0,520,10.8,56.0,3.3,10.3,5.2,11.5,27.0,8.3,1 scoop
INFANT FORMULA,"INFANT FORMULA,MEAD JOHNSON,ENFAMIL,LO IRON,RTF",7.18,1,8,0.0,63,1.38,7.179999828,88.35,1.291,0.689,1.479,3.5,30.5,1 fl oz
INFANT FORMULA,"INFANT FORMULA,MEAD JOHNSON,ENFAMIL,LO IRON,LIQ CNC, NOT REC",14.31,1,17,0.0,131,2.76,14.0,75.34,2.693,1.437,3.084,7.25,31.4,1 fl oz
INF FORMULA,"INF FORMULA,MEAD JOHNSON,ENFAMILLIPIL,W/IRN,PDR,W/ ARA & DHA",56.2,17,62,0.0,511,10.8,56.0,3.3,9.899,5.24,11.221,27.0,8.5,1 scoop
INFANT FORMULA,"INFANT FORMULA,MEAD JOHNSON,ENFAMIL,LO IRON,PDR,NOT RECON",56.2,17,62,0.0,511,10.8,56.0,3.3,10.0,5.3,11.5,27.0,8.3,1 scoop
INF FORMULA,"INF FORMULA,MEAD JOHNSON,LOFENALAC,W/ IRON,PDR,NOT RECON",60.0,0,60,0.0,462,15.0,50.40000153,3.4,4.64,10.92,2.36,18.0,9.6,1 scoop
INF FORM,"INF FORM,MEAD JOHNS,ENFAM,LIP,W/ IR,LIQ CONC,W/ ARA & DHA",14.34,1,18,0.0,131,2.76,14.0,75.34,2.656,1.418,3.08,6.96,31.34,1 oz
INF FORMULA,"INF FORMULA,MEAD JOHNSON,ENFAMIL,NUTRAMIGEN,W/ IRON,RTF",6.81,0,8,0.0,66,1.83,5.130000114,87.38,1.206,0.617,1.364,3.5,107.0,"1 Serving, 100 ml"
INF FORM,"INF FORM,MEAD JOHNSON,ENFAMIL,NUTRAMIGEN,W/IRON,PDR,NOTRECN",55.0,0,59,0.0,502,14.2,55.0,2.5,9.52,4.93,10.99,25.0,9.6,1 scoop
INF FORMMEAD JOHN,"INF FORMMEAD JOHN,ENFAMIL LIPIL,W/ IRON,RTF,W/ ARA & DHA",7.18,1,8,0.0,65,1.38,7.179999828,88.35,1.255,0.67,1.453,3.5,106.0,"1 serving, 100 ml"
INF FORM,"INF FORM,MEAD JOHNSON,ENFAMIL,NUTRAMIGEN,W/IRON,LC,NOT RECON",13.12,0,23,0.0,127,3.53,13.07999992,75.7,2.493,1.159,2.879,6.73,31.5,1 fl oz
INF FORM,"INF FORM,ME JOHNS,ENFAMIL,LIPIL,LO IRON,PDR,W/ ARA & DHA",56.2,17,62,0.0,511,10.8,56.0,3.3,9.63,5.2,11.2,27.0,8.5,1 scoop
INF FORM,"INF FORM,ME JOHNS,ENFAM,LIP,LO IRON,LIQ CONC,W/ ARA & DHA",14.24,2,17,0.0,131,2.76,14.23999977,75.32,2.659,1.419,3.078,7.16,31.34,1 oz
CHILD FORMULA,"CHILD FORMULA,MEAD JOHNSON,PORTAGEN,W/ IRON,PDR,NOT RECON",54.8,4,61,0.0,483,16.5,54.0,3.0,0.683,1.609,19.186,22.0,9.4,1 scoop
CHILD FORMULA,"CHILD FORMULA,MEAD JOHNSON,PORTAGEN,W/ IRON,PREP FROM PDR",8.57,1,11,0.0,88,3.33,7.400000095,82.86,0.143,0.333,3.953,4.48,31.0,1 fl oz
INFANT FORMULA,"INFANT FORMULA,MEAD JOHNSON,PREGESTIMIL,W/IRON,PDR,NOT RECON",52.8,2,60,0.0,519,14.0,51.0,2.0,4.6,6.5,16.8,28.0,8.8,1 scoop
INFANT FORMULA,"INFANT FORMULA,MEAD JOHNSON,PREGESTIMIL,W/IRON,PREP FROM PDR",6.63,0,8,0.0,67,1.82,6.630000114,87.5,0.583,0.809,2.172,3.65,103.0,"1 serving, 100 ml"
INF FORMULA,"INF FORMULA,MEAD JOHNSON,PROSOBEE,W/ IRON,RTF",6.11,0,8,0.0,63,1.64,6.110000134,88.35,1.292,0.651,1.443,3.5,106.0,"1 Serving, 100 ml"
INFANT FORMULA,"INFANT FORMULA,MEAD JOHNSON,PROSOBEE,W/IRON,LIQ CNC, NOT REC",13.58,0,17,0.0,131,3.19,13.57999992,75.47,2.72,1.371,3.038,7.13,30.75,1 fl oz
INF FOR,"INF FOR,ME JOHN,ENFAM,LIPIL,LO IRON,READY TO FE,W/ ARA & DHA",7.18,1,8,0.0,64,1.38,7.179999828,88.35,1.255,0.67,1.453,3.5,106.0,"1 serving, 100 ml"
INF FORMULA,"INF FORMULA,MEAD JOHNSON,ENFAMIL,PROSOBEE,IRON,PDR,NOT RECON",54.3,0,61,0.0,510,12.5,53.0,3.0,10.32,5.2,11.37,27.0,8.8,1 scoop
INF FOR,"INF FOR,ME JOHNS,ENFAMIL,LACTOF LIPIL,W/ IR,PDR,W/ ARA & DHA",57.0,7,60,0.0,521,10.9,57.0,2.2,10.4,5.5,11.9,28.0,31.34,1 oz
INF FOR,"INF FOR,MEA JO,ENF,LACT,LIPIL,W/ IR,LI CO,NO REC,W/ AR & DH",14.42,2,15,0.0,132,2.68,13.96000004,75.47,2.642,1.411,3.059,7.11,31.34,1 oz
INF FORMULA,"INF FORMULA,MEAD JOHNSON,ENFAMIL,LIPIL,RTF,W/ ARA & DHA",6.44,1,8,0.0,66,1.38,6.440000057,88.35,1.255,0.67,1.453,3.5,106.0,"1 serving, 100 ml"
INF FORM,"INF FORM,AB NUTR,SIMIL,PM 60/40,PDR,NOT RECON (FORM RO)",54.94,17,62,0.0,524,11.4,52.38000107,2.25,5.242,10.835,12.214,28.71,8.7,1 scoop
INF FOR,"INF FOR,ME JOH,ENF,NUTR LIPIL,W/ IRO,PDR,NOT RE,W/ ARA & DHA",51.0,0,60,0.0,494,13.9,51.0,3.0,9.6,5.2,11.2,26.0,9.0,1 scoop
INF FOR,"INF FOR,ABB NUT,SIMI NAT CA,ADVA,RTF,W/ ARA & DHA,(FOR ROS)",8.27,2,6,0.0,78,2.12,8.199999809,85.07,0.402,0.842,2.544,4.24,30.5,1 fl oz
INF FOR,"INF FOR,ABB NU,SIM,SP CA,AD 24,W/ IRO,R,W/ ARA & DHA,(FO RO)",8.33,2,7,0.0,70,1.8,8.300000191,85.61,0.324,0.737,2.12,3.26,30.8,1 fl oz
INF FORM,"INF FORM,ABB NUTR,SIMI,ISO,W/ IRON,RTF,(FOR RO)",6.7,0,8,0.0,66,1.61,6.699999809,87.54,1.371,0.838,1.166,3.59,30.5,1 fl oz
INF FORM,"INF FORM,ABBOTT NUTR,SIMI,ISO,W/ IRON,LIQ CONC,(FORM ROSS)",13.21,0,16,0.0,128,3.13,13.10000038,75.81,2.66,1.625,2.262,6.98,31.4,1 fl oz
INF FORMULA,"INF FORMULA,A NUTR,SIM,IS,W/ IRON,PDR,NOT RECON,(FORROSS)",53.57,0,60,0.0,517,12.6,52.97000122,2.5,10.778,6.584,9.167,28.09,8.7,1 scoop
INF FO,"INF FO,ME JO,ENF,NUTR,LIPIL,W/ IR,LIQ CO NOT RE,W/ ARA & DHA",13.12,0,15,0.0,126,3.53,9.869999886,75.7,2.486,1.327,2.798,6.73,31.64,1 oz
INF FO,"INF FO,ME JOHN,EN,NUTR LIPIL,W/ IRON,RE TO FE,W/ ARA & DHA",6.81,0,8,0.0,66,1.83,5.130000114,87.38,1.255,0.67,1.453,3.5,107.0,"1 serving, 100 ml"
INF FORM,"INF FORM,ABBO NUTR,SIMILAC,ALIMENTUM,W/ IRON,RTF,(FORM RO)",6.77,1,8,0.0,66,1.8,4.400000095,87.32,0.294,1.113,1.838,3.63,30.5,1 fl oz
INF FORM,"INF FORM,MEAD JOHNSON,ENFAMIL,ENFACARE LIPIL,PDR,ARA&DHA",54.6,0,118,0.0,508,14.0,51.0,2.5,9.1,5.9,10.8,26.0,104.0,"1 Serving, 100 ml"
INF FORMULA,"INF FORMULA,ABBOTT NUTR,SIMILAC,W/ IRON,RTF,(FORMERLY ROSS)",6.92,2,8,0.0,65,1.36,6.900000095,87.79,1.314,0.801,1.237,3.55,30.4,1 fl oz
INF FORM,"INF FORM,ABB NUTR,SIMI,W/ IRON,LIQ CONC,NOT RECON,(FORM RO)",13.76,3,16,0.0,127,2.64,13.76000023,76.16,2.551,1.555,2.401,6.89,31.4,1 fl oz
INF FO,"INF FO,ME JOHN,EN,PROS LIPIL,W/ IRON,PDR,NOT RE,W/ ARA & DHA",53.0,0,60,0.0,510,12.5,53.0,3.5,10.32,5.2,11.37,27.0,8.8,1 scoop
INF FORM,"INF FORM,ABBONUTR,SIMIL,W/ IRON,PDR,NOT REC,(FORME RO)",54.73,14,64,0.0,522,10.89,54.72999954,2.25,10.491,6.396,9.873,28.87,8.5,1 scoop
INF FORM,"INF FORM,MEJOH,ENFA,PROSO,LIPIL,LIQ CONC,NOT RE W/ ARA & DHA",13.58,0,17,0.0,131,3.19,13.57999992,75.47,2.598,1.378,2.969,7.11,31.34,1 oz
INF FORMULA,"INF FORMULA,ABBOTT NUTR,SIMILAC,LO IRON,RTF,(FORMERLY ROSS)",6.93,2,11,0.0,65,1.36,6.929999828,87.79,1.314,0.801,1.237,3.55,31.0,1 fl oz
INF FORM,"INF FORM,AB NUTR,SIMILAC,LO IRON,LIQ CONC,NOT REC,(FORM RO)",13.76,3,22,0.0,127,2.64,13.76000023,76.16,2.551,1.555,2.401,6.89,31.4,1 fl oz
INF FOR,"INF FOR,MEJOHN,PROSOBEE LIPIL,W/ IRON,RE TO FE,W/ ARA & DHA",6.11,0,8,0.0,64,1.64,6.110000134,88.35,1.255,0.671,1.453,3.5,106.0,"1 serving, 100 ml"
INF FORM,"INF FORM,ABBO NUTR,SIMI,LO IRON,PDR,NOT REC,(FORM R)",54.78,14,89,0.0,522,10.85,54.70000076,2.25,10.491,6.396,9.873,28.87,8.7,1 scoop
CHILD FORMULA,"CHILD FORMULA,ABBOTT NUTR,PEDIASURE,RTF,(FORMERLY ROSS)",11.15,2,29,0.0,99,2.86,10.5,80.47,1.936,1.068,1.256,4.77,31.0,1 fl oz
INF FORMU,"INF FORMU,MEAD JOHNS,NEXT STEP,PROSO LIPIL,PDR,W/ ARA & DHA",57.1,0,57,0.0,480,15.6,56.0,3.0,7.8,4.2,8.905,21.0,27.7,3 scoop
INF FORM,"INF FORM,ME JO,NEXT STEP,PROSO,LIPIL,REATO FEED,W/ ARA & DHA",8.09,0,0,0.0,67,2.14,7.769999981,86.4,1.078,0.573,1.242,2.91,103.0,"1 serving, 100 ml"
INF FORMULA,"INF FORMULA,MEAD JOHNSON,ENFAMIL,LACTOFREE,RTF",7.18,1,8,0.0,63,1.38,7.179999828,88.35,1.291,0.689,1.495,3.5,30.46,1 oz
INF FORMULA,"INF FORMULA,MEAD JOHNSON,ENFAMIL,LACTOFREE,W/ IRN,PDR,NOTREC",57.0,8,60,0.0,523,10.85,57.0,2.2,10.4,5.5,11.9,28.0,30.4,1 oz
INF FORMULA,"INF FORMULA,MEAD JOHNSON,ENFAMIL,LACTOFREE,W/ IRN,LQCN,NOREC",14.42,2,17,0.0,130,2.68,13.96000004,75.47,2.509,1.283,2.906,6.79,30.4,1 oz
INF FORMU,"INF FORMU,PBM PRO,ULTRA BRI BEGINN,RTF (FORME WYETH-AYERST)",6.4,4,10,0.0,63,1.4,6.400000095,88.1,1.4,0.5,1.6,3.5,30.4,1 fl oz
INF FOR,"INF FOR,PBM PR,UL BRI BEGI,LIQ CONC,NOT (FOR WYETH-AYERST)",13.9,8,20,0.0,130,2.9,13.89999962,76.0,2.8,1.0,3.2,7.0,31.4,1 fl oz
INF FORM,"INF FORM, PBM PROD, ULTRA BRIG BEGINN, PDR, ( WYETH-AYERST)",56.0,32,82,0.0,524,12.0,56.0,2.0,11.131,3.951,12.761,28.0,8.4,1 scoop
INF FORM,"INF FORM,PBM,ULTRABRIGHTBEGIN,SOY,RTF,(FORM WY-AY)",6.09,0,9,0.0,63,1.8,6.099999905,88.0,1.4,0.5,1.6,3.5,30.4,1 fl oz
INF FOR,"INF FOR,PBM PROD,ULTRA BRIGHT BEGI,S,LIQ CO,(FORME WYE-AYER)",12.18,0,18,0.0,126,3.6,12.18000031,76.0,2.8,1.0,3.2,7.0,31.4,1 fl oz
INF FORM,"INF FORM,PBM,ULTRA BRIGHT BEGIN,SOY,PDR (FORM WYETH-AYERST)",52.2,0,73,0.0,508,13.6,52.20000076,2.0,10.78,3.83,12.37,27.2,8.7,1 scoop
INF FORMULA,"INF FORMULA,NESTLE,GOOD START 2 ESSENTIALS,W/ IRON,RTF",8.54,1,8,0.0,65,1.7,6.190000057,86.6,0.87,0.6,1.18,2.7,30.5,1 fl oz
INF FOR,"INF FOR,NE,GOOD START 2 ESSENT,W/ IRON,LIQ CONC,NOT RECON",16.5,2,15,0.0,125,3.25,11.89999962,74.2,1.582,1.213,2.213,5.13,31.9,1 fl oz
INF FORMULA,"INF FORMULA,NESTLE,GOOD START 2 ESSENTIALS,W/ IRON,PDR",62.23,6,56,0.0,471,12.2,44.29999924,2.5,6.23,4.31,8.54,19.3,9.4,1 scoop
INF FORMULA,"INF FORMULA,NESTLE,GOOD START ESSENTIALS SOY,W/ IRON,RTF",7.17,0,8,0.0,65,1.63,5.690000057,87.5,1.0,0.8,1.4,3.3,30.5,1 fl oz
INF FORMULA,"INF FORMULA,NES,G START ES,SOY,W/ IRON,LIQ CONC,NOT RECON",14.1,0,16,0.0,128,3.2,11.19999981,75.4,2.03,1.317,2.8,6.5,31.4,1 fl oz
INF FORMULA,"INF FORMULA,NESTLE,GOOD START ESSENTIALS SOY,IRON,PDR",55.7,0,61,0.0,502,12.5,44.38000107,2.5,8.1,6.0,11.0,25.5,4.3,1 scoop
INF FORMULA,"INF FORMULA,MEAD JOHNSON,NEXT STEP PROSOBEE,PDR,NOT RECON",57.1,0,62,0.0,480,15.6,56.0,3.0,7.8,4.2,8.905,21.0,30.4,1 oz
INF FORMULA,"INF FORMULA,MEAD JOHNSON,NEXT STEP PROSOBEE,PREP FROM PDR",8.08,0,8,0.0,67,2.14,7.769999981,86.41,1.078,0.544,1.243,2.91,30.5,1 fl oz
BABYFOOD,"BABYFOOD,CORN & SWT POTATOES,STR",15.23,1,10,1.799999952,68,1.26,4.0,82.62,0.071,0.123,0.053,0.28,28.35,1 oz
Infa for,"Infa for, A N, SI, ALI, ADVA ready, withARA and DHA, (fo R)",6.77,1,8,0.0,67,1.8,4.400000095,87.32,0.294,1.126,1.838,3.63,30.5,1 fl oz
INF FORM,"INF FORM,PBM PRODU,STORE BRAND,RTF (FORM WYETH-AYERST)",6.39,4,10,0.0,63,1.4,6.400000095,88.1,1.4,0.5,1.6,3.5,30.4,1 fl oz
INF FORM,"INF FORM,PBM PROD,STORE BRAND,LC,NOT REC (FORM WYETH-AYERST)",13.9,8,20,0.0,130,2.9,13.89999962,76.0,2.8,1.0,3.2,7.0,31.4,1 fl oz
INF FORMULA,"INF FORMULA,PBM PRODUCTS,STORE BR,PDR,(FORME WYETH-AYERST)",56.0,32,82,0.0,524,12.0,56.0,2.0,11.131,3.951,12.761,28.0,8.4,1 scoop
INF FORMULA,"INF FORMULA,PBM PRO,STORE BRAND,SOY,RTF,(FOR WYETH-AYERST)",6.09,0,9,0.0,63,1.8,6.099999905,88.0,1.4,0.5,1.6,3.5,30.4,1 fl oz
INF FOR,"INF FOR,PBM PR,STORE BR,SOY,LIQ CONC,NOT RE (FOR WY-AYERST)",12.18,0,18,0.0,126,3.6,12.18000031,76.0,2.8,1.0,3.2,7.0,31.4,1 fl oz
INF FORM,"INF FORM,PBM PRODU,STORE BRA,SOY,PDR,(FORMER WYETH-AYERST)",52.2,0,73,0.0,508,13.6,52.20000076,2.0,10.78,3.83,12.37,27.2,8.7,1 scoop
INF FORMULA,"INF FORMULA,MEAD JOHNSON,ENFAMIL,AR LIPIL,RTF,W/ ARA & DHA",7.53,1,8,0.0,68,1.71,6.440000057,87.0,1.255,0.67,1.453,3.49,106.0,"1 serving, 100 ml"
INF FORMULA,"INF FORMULA,MEAD JOHNSON,ENFAMIL,AR LIPIL,PDR,W/ ARA & DHA",56.03,17,62,0.0,509,12.73,56.02999878,3.0,9.292,5.124,10.942,25.97,106.0,"1 serving, 100 ml"
INF FORM,"INF FORM,ABB NUTR,SIMI NEOS ADV,RTF,W/ ARA & DHA,(FORM ROSS)",6.92,2,11,0.0,69,1.92,6.900000095,87.0,0.387,0.844,2.447,3.77,30.5,1 fl oz
INF FORM,"INF FORM,ABBOTT NUTR,NEOSURE ADVANCE,PDR,ARA&DHA (FORM ROSS)",52.02,14,82,0.0,521,14.42,52.02000046,2.25,10.492,6.66,9.871,28.33,30.5,1 fl oz
INF FOR,"INF FOR,ABBOTT NUTR,LA F ADVA,RTF,W/ ARA & DHA,(FORME RO)",7.4,2,11,0.0,69,1.48,7.400000095,87.0,0.384,0.832,2.43,3.74,30.5,1 fl oz
INF FOR NUTR,"INF FOR NUTR,SI LAC ADVA,LIQ CONCENTW/ ARA & DHA,(FORME R)",13.78,4,21,0.0,129,2.73,13.77999973,75.88,0.715,1.548,4.522,6.95,30.5,1 fl oz
INF FORM,"INF FORM,ABBNUTR,LACT FREE ADVA,PDR,W/ ARA & DHA,(FOR RO)",55.67,15,84,0.0,520,11.13,55.66999817,2.2,2.894,6.27,18.305,28.14,30.5,1 fl oz
INF FORM,"INF FORM,ABB NUTR,SIMI,ADVA,W/ IRON,RTF,(FORM ROSS)",6.92,2,8,0.0,66,1.36,6.900000095,87.79,1.314,0.801,1.237,3.7,30.4,1 fl oz
INF FORM,"INF FORM,ABB NUTR,SIMI,ADVA,W/ IRON,PDR,N REC(FORMERLY ROSS)",54.73,14,64,0.0,522,10.89,54.72999954,2.25,10.491,6.396,9.873,28.87,8.5,1 scoop
INF FOR,"INF FOR,AB N,SII,ADVANCE,W/ IR,LIQ CO,NOT RECON,(FORME ROS)",13.52,3,16,0.0,127,2.64,13.52000046,76.16,2.551,1.555,2.401,6.89,31.4,1 fl oz
INF FORM,"INF FORM,ABB NUTR,SIMI,ISO,ADVANCE W/ IR,LI CONC,(FORM RO)",13.21,0,16,0.0,128,3.13,13.10000038,75.81,2.66,1.625,2.262,6.98,31.4,1 fl oz
INF FORMULA,"INF FORMULA,ABB NUTR,SIMI,ISO,ADVA W/ IRON,RTF,(FORM RO)",6.7,0,8,0.0,66,1.61,6.699999809,87.54,1.371,0.838,1.166,3.59,30.5,1 fl oz
INF FORM,"INF FORM,AB NUTR,SIMI,ISOMIL,ADV W/ IRON,PDR,NOT RE,(FOR RO)",53.57,0,60,0.0,517,12.6,52.97000122,2.5,10.778,6.584,9.167,28.09,8.7,1 scoop
INF FORMULA,"INF FORMULA,MEAD JOHNSON,ENFAMIL,ENFACARE LIPIL,RTF, ARA&DHA",7.4,1,17,0.0,71,2.0,7.400000095,86.0,1.33,0.862,1.578,3.8,30.75,1 fl oz
FAT,"FAT,BEEF TALLOW",0.0,109,80,0.0,902,0.0,0.0,0.0,41.8,4.0,49.8,100.0,205.0,1 cup
No Category,LARD,0.0,95,50,0.0,902,0.0,0.0,0.0,45.1,11.2,39.2,100.0,205.0,1 cup
SALAD DRSNG,"SALAD DRSNG,KRAFT MAYO LT MAYO",8.5,35,0,0.100000001,334,0.6,4.199999809,55.4,0.0,0.0,5.0,32.9,15.0,1 tbsp
SALAD DRSNG,"SALAD DRSNG,KRAFT MIRACLE WHIP LT DRSNG",14.4,26,0,0.100000001,231,0.6,9.899999619,63.3,0.0,0.0,2.9,18.6,16.0,1 tbsp
SALAD DRSNG,"SALAD DRSNG,KRAFT MAYO FAT FREE MAYO DRSNG",12.4,10,0,2.0,70,0.2,6.800000191,81.8,0.0,0.0,0.5,2.7,16.0,1 tbsp
SALAD DRSNG,"SALAD DRSNG,KRAFT MIRACLE WHIP FREE NONFAT DRSNG",15.5,9,0,1.899999976,84,0.2,10.30000019,78.7,0.0,0.0,0.6,2.7,16.0,1 tbsp
SALAD DRSNG,"SALAD DRSNG,RUSSIAN DRSNG",31.9,0,5,0.699999988,355,0.69,17.68000031,38.53,5.928,14.83,2.39,26.18,245.0,1 cup
SALAD DRSNG,"SALAD DRSNG,SESAME SD DRSNG,REG",8.6,0,4,1.0,443,3.1,8.319999695,39.2,11.9,25.1,6.2,45.2,15.3,1 tablespoon
SALAD DRSNG,"SALAD DRSNG,1000 ISLAND,COMM,REG",14.64,26,16,0.800000012,370,1.09,15.18000031,46.51,7.881,18.22,5.092,35.06,250.0,1 cup
SALAD DRSNG,"SALAD DRSNG,MAYO TYPE,REG,W/SALT",23.9,26,15,0.0,390,0.9,6.400000095,39.9,9.0,18.0,4.9,33.4,235.0,1 cup
SALAD DRSNG,"SALAD DRSNG,FRENCH DRSNG,RED FAT",31.22,0,4,1.5,222,0.58,16.86000061,54.28,4.518,3.852,0.842,11.52,16.3,1 tablespoon
SALAD DRSNG,"SALAD DRSNG,ITALIAN DRSNG,RED FAT",4.57,6,3,0.0,75,0.47,4.550000191,84.68,2.19,1.704,0.451,6.38,15.0,1 tablespoon
SALAD DRSNG,"SALAD DRSNG,RUSSIAN DRSNG,LO CAL",27.6,6,5,0.300000012,141,0.5,21.87000084,65.0,0.9,2.3,0.6,4.0,16.3,1 tablespoon
SALAD DRSNG,"SALAD DRSNG,1000 ISLAND DRSNG,RED FAT",24.06,11,16,1.200000048,195,0.83,17.30999947,60.73,6.468,2.692,0.746,11.32,15.3,1 tablespoon
SALAD DRSNG,"SALAD DRSNG,MAYO,SOYBN OIL,W/SALT",3.16,38,22,0.0,718,0.9,1.080000043,15.06,19.598,42.38,11.885,79.39,220.0,1 cup
SALAD DRSNG,"SALAD DRSNG,MAYO,SOYBN&SAFFLOWER OIL,W/SALT",2.7,59,0,0.0,717,1.1,0.479999989,15.3,13.0,55.0,8.6,79.4,13.8,1 tablespoon
SALAD DRSNG,"SALAD DRSNG,MAYO,IMITN,SOYBN",16.0,24,15,0.0,232,0.3,6.0,62.7,4.5,10.6,3.3,19.2,240.0,1 cup
SALAD DRSNG,"SALAD DRSNG,MAYO,IMITN,MILK CRM",11.1,43,0,0.0,97,2.1,0.0,79.6,1.7,0.3,2.8,5.1,15.0,1 tablespoon
SALAD DRSNG,"SALAD DRSNG,MAYO,IMITN,SOYBN WO/CHOL",15.8,0,1,0.0,482,0.1,6.0,34.6,10.5,27.6,7.5,47.7,14.1,1 tablespoon
SANDWICH SPRD,"SANDWICH SPRD,W/CHOPD PICKLE,REG,UNSPEC OILS",22.4,76,15,0.400000006,389,0.9,15.18000031,40.8,7.4,20.0,5.1,34.0,15.3,1 tablespoon
SHORTENING,"SHORTENING,HOUSEHOLD,SOYBN (HYDR) -COTTONSEED (HYDR)",0.0,0,0,0.0,884,0.0,0.0,0.0,44.5,26.1,25.0,100.0,205.0,1 cup
OIL,"OIL,SOYBN,SALAD OR COOKING,(PARTIALLY HYDROGENATED)",0.0,0,0,0.0,884,0.0,0.0,0.0,43.0,37.6,14.9,100.0,218.0,1 cup
OIL,"OIL,VEG,RICE BRAN",0.0,0,0,0.0,884,0.0,0.0,0.0,39.3,35.0,19.7,100.0,13.6,1 tablespoon
OIL,"OIL,WHEAT GERM",0.0,0,20,0.0,884,0.0,0.0,0.0,15.1,61.7,18.8,100.0,13.6,1 tablespoon
OIL,"OIL,PNUT,SALAD OR COOKING",0.0,0,0,0.0,884,0.0,0.0,0.0,46.2,32.0,16.9,100.0,216.0,1 cup
OIL,"OIL,SOYBN,SALAD OR COOKING",0.0,0,0,0.0,884,0.0,0.0,0.0,22.783,57.74,15.65,100.0,218.0,1 cup
VEGETABLE OIL,"VEGETABLE OIL,COCONUT",0.0,0,0,0.0,862,0.0,0.0,0.0,5.8,1.8,86.5,100.0,13.6,1 tbsp
OIL,"OIL,OLIVE,SALAD OR COOKING",0.0,0,0,0.0,884,0.0,0.0,0.0,72.961,10.523,13.808,100.0,13.5,1 tablespoon
OIL,"OIL,VEGETABLE,PALM",0.0,0,0,0.0,884,0.0,0.0,0.0,37.0,9.3,49.3,100.0,13.6,1 tbsp
OIL,"OIL,SESAME,SALAD OR COOKING",0.0,0,0,0.0,884,0.0,0.0,0.0,39.7,41.7,14.2,100.0,13.6,1 tablespoon
OIL,"OIL,VEG,SUNFLOWER,LINOLEIC (LESS THAN 60%)",0.0,0,0,0.0,884,0.0,0.0,0.0,45.4,40.1,10.1,100.0,13.6,1 tbsp
MARGARINE,"MARGARINE,REG,HARD,SOYBN (HYDR)",0.9,0,0,0.0,719,0.9,0.0,15.7,39.3,20.9,16.7,80.5,4.7,1 tsp
MARGARINE,"MARGARINE,REG,LIQ,SOYBN (HYDR&REG)&CTTNSD",0.0,0,12,0.0,721,1.9,0.0,15.8,28.1,35.8,13.2,80.6,227.0,1 cup
SALAD DRSNG,"SALAD DRSNG,ITALIAN DRSNG,COMM,REG",10.43,0,3,0.0,291,0.38,8.319999695,56.4,6.315,12.941,4.474,28.37,235.0,1 cup
SALAD DRSNG,"SALAD DRSNG,KRAFT RANCH DRSNG",4.6,28,0,0.300000012,510,1.4,4.0,36.8,0.0,0.0,8.2,53.7,29.0,2 tbsp
SALAD DRSNG,"SALAD DRSNG,KRAFT ZESTY ITALIAN DRSNG",5.7,0,0,0.5,351,0.3,4.300000191,52.7,0.0,0.0,4.0,35.9,31.0,2 tbsp
SALAD DRSNG,"SALAD DRSNG,KRAFT LT DONE RIGHT! RANCH DRSNG",10.5,28,0,0.5,256,1.2,4.199999809,61.3,0.0,0.0,1.9,22.8,30.0,2 tbsp
SALAD DRSNG,"SALAD DRSNG,KRAFT LT DONE RIGHT! ITALIAN DRSNG",8.0,1,0,1.299999952,170,1.1,4.900000095,73.0,0.0,0.0,1.3,14.4,31.0,2 tbsp
SALAD DRSNG,"SALAD DRSNG,KRAFT FREE FAT FREE RANCH DRSNG",30.6,1,0,0.600000024,138,0.7,6.099999905,63.6,0.0,0.0,0.2,1.0,35.0,2 tbsp
SALAD DRSNG,"SALAD DRSNG,FRENCH DRSNG,COMM,REG",15.58,0,5,0.0,457,0.77,15.94999981,36.56,8.433,21.029,5.648,44.81,250.0,1 cup
SALAD DRSNG,"SALAD DRSNG,KRAFT FREE FAT FREE ITALIAN DRSNG",11.0,3,0,0.699999988,62,1.4,6.599999905,81.6,0.0,0.0,0.5,0.9,33.0,2 tbsp
MARGARINE-LIKE SPRD,"MARGARINE-LIKE SPRD,(APPROXIMATELY 37% FAT),UNSPEC OILS",0.66,0,12,0.0,339,0.51,0.0,59.55,13.958,12.407,8.637,37.77,232.0,1 cup
MARGARINE,"MARGARINE,REG,UNSPEC OILS,WO/ SALT",0.5,0,12,0.0,714,0.5,0.0,18.5,36.7,25.0,15.0,80.3,4.7,1 tsp
MARGARINE,"MARGARINE,REG,UNSPEC OILS,W/SALT",0.7,0,12,0.0,717,0.16,0.0,16.52,38.877,24.302,15.189,80.71,4.7,1 tsp
SALAD DRSNG,"SALAD DRSNG,FRENCH,HOME RECIPE",3.4,0,0,0.0,631,0.1,0.0,24.2,20.7,33.7,12.6,70.2,14.0,1 tablespoon
SALAD DRSNG,"SALAD DRSNG,HOME RECIPE,CKD",14.9,57,48,0.0,157,4.2,9.069999695,69.2,3.8,2.1,2.9,9.5,255.0,1 cup
SALAD DRSNG,"SALAD DRSNG,HOME RECIPE,VINEGAR&OIL",2.5,0,0,0.0,449,0.0,2.5,47.4,14.8,24.1,9.1,50.1,16.0,1 tablespoon
SALAD DRSNG,"SALAD DRSNG,FRENCH DRSNG,COMM,REG,WO/ SALT",15.58,0,0,0.0,459,0.77,15.94999981,36.56,8.433,21.029,5.648,44.81,15.0,1 tablespoon
SALAD DRSNG,"SALAD DRSNG,FRENCH DRSNG,RED FAT,WO/ SALT",29.28,0,0,1.100000024,233,0.58,28.45000076,54.28,5.898,5.029,1.099,13.46,16.3,1 tablespoon
SALAD DRSNG,"SALAD DRSNG,ITALIAN DRSNG,COMM,REG,WO/ SALT",10.43,67,0,0.0,292,0.38,8.319999695,56.4,6.315,12.941,4.474,28.37,14.7,1 tablespoon
SALAD DRSNG,"SALAD DRSNG,ITALIAN DRSNG,RED FAT,WO/ SALT",4.57,6,0,0.0,76,0.47,4.550000191,84.68,2.19,1.704,0.451,6.38,15.0,1 tablespoon
SALAD DRSNG,"SALAD DRSNG,MAYO,SOYBN OIL,WO/SALT",2.7,59,0,0.0,717,1.1,0.0,16.7,22.7,37.1,11.8,79.4,13.8,1 tablespoon
SALAD DRSNG,"SALAD DRSNG,FRENCH,CTTNSD,OIL,HOME RECIPE",3.4,0,0,0.0,631,0.1,0.0,24.2,0.0,0.0,18.2,70.2,14.0,1 tablespoon
SALAD DRSNG,"SALAD DRSNG,FRENCH DRSNG,FAT-FREE",32.14,0,4,2.200000048,132,0.2,16.45000076,65.04,0.141,0.062,0.037,0.27,16.0,1 tablespoon
OIL,"OIL,VEG,COCOA BUTTER",0.0,0,0,0.0,884,0.0,0.0,0.0,32.9,3.0,59.7,100.0,13.6,1 tablespoon
OIL,"OIL,VEG,CTTNSD,SALAD OR COOKING",0.0,0,0,0.0,884,0.0,0.0,0.0,17.8,51.9,25.9,100.0,13.6,1 tablespoon
OIL,"OIL,VEG,SUNFLOWER,LINOLEIC,(APPROX. 65%)",0.0,0,0,0.0,884,0.0,0.0,0.0,19.5,65.7,10.3,100.0,13.6,1 tbsp
OIL,"OIL,VEG SAFFLOWER,SALAD OR COOKING,LINOLEIC,(OVER 70%)",0.0,0,0,0.0,884,0.0,0.0,0.0,14.355,74.623,6.203,100.0,218.0,1 cup
OIL,"OIL,VEG SAFFLOWER,SALAD OR COOKING,OLEIC,OVER 70%",0.0,0,0,0.0,884,0.0,0.0,0.0,74.646,14.35,6.203,100.0,13.6,1 tablespoon
VEGETABLE OIL,"VEGETABLE OIL,PALM KERNEL",0.0,0,0,0.0,862,0.0,0.0,0.0,11.4,1.6,81.5,100.0,13.6,1 tablespoon
OIL,"OIL,VEGETABLE,POPPYSEED",0.0,0,0,0.0,884,0.0,0.0,0.0,19.7,62.4,13.5,100.0,13.6,1 tablespoon
OIL,"OIL,VEGETABLE,TOMATOSEED",0.0,0,0,0.0,884,0.0,0.0,0.0,22.8,53.1,19.7,100.0,13.6,1 tablespoon
OIL,"OIL,VEGETABLE,TEASEED",0.0,0,0,0.0,884,0.0,0.0,0.0,51.5,23.0,21.1,100.0,13.6,1 tablespoon
OIL,"OIL,VEGETABLE,GRAPESEED",0.0,0,0,0.0,884,0.0,0.0,0.0,16.1,69.9,9.6,100.0,13.6,1 tablespoon
OIL,"OIL,VEG,CORN,INDUSTRIAL & RTL,ALLPURP SALAD OR COOKING",0.0,0,0,0.0,884,0.0,0.0,0.0,27.576,54.677,12.948,100.0,13.6,1 tbsp
FAT,"FAT,MUTTON TALLOW",0.0,102,80,0.0,902,0.0,0.0,0.0,40.6,7.8,47.3,100.0,205.0,1 cup
MARGARINE,"MARGARINE,REG,HARD,SUNFLOWER&SOYBN (HYDR)&CTTNSD (HYDR)",0.9,0,12,0.0,719,0.9,0.0,15.7,28.5,36.6,11.9,80.5,4.7,1 tsp
OIL,"OIL,VEGETABLE,WALNUT",0.0,0,0,0.0,884,0.0,0.0,0.0,22.8,63.3,9.1,100.0,218.0,1 cup
OIL,"OIL,VEGETABLE,ALMOND",0.0,0,0,0.0,884,0.0,0.0,0.0,69.9,17.4,8.2,100.0,13.6,1 tablespoon
OIL,"OIL,VEG,APRICOT KERNEL",0.0,0,0,0.0,884,0.0,0.0,0.0,60.0,29.3,6.3,100.0,13.6,1 tablespoon
VEGETABLE OIL,"VEGETABLE OIL,SOYBN LECITHIN",0.0,0,350,0.0,763,0.0,0.0,0.0,10.977,45.318,15.005,100.0,13.6,1 tablespoon
OIL,"OIL,VEGETABLE,HAZELNUT",0.0,0,0,0.0,884,0.0,0.0,0.0,78.0,10.2,7.4,100.0,13.6,1 tablespoon
OIL,"OIL,VEGETABLE,BABASSU",0.0,0,0,0.0,884,0.0,0.0,0.0,11.4,1.6,81.2,100.0,13.6,1 tbsp
OIL,"OIL,VEGETABLE,SHEANUT",0.0,0,0,0.0,884,0.0,0.0,0.0,44.0,5.2,46.6,100.0,13.6,1 tablespoon
SALAD DRSNG,"SALAD DRSNG,BLUE OR ROQUEFORT CHS DRSNG,COMM,REG",4.62,31,18,0.400000006,476,1.37,3.480000019,39.71,13.279,27.545,8.275,51.1,245.0,1 cup
OIL,"OIL,VEGETABLE,CUPU ASSU",0.0,0,0,0.0,884,0.0,0.0,0.0,38.7,3.8,53.2,100.0,13.6,1 tablespoon
FAT,"FAT,CHICKEN",0.0,85,122,0.0,900,0.0,0.0,0.2,44.7,20.9,29.8,99.8,205.0,1 cup
OIL,"OIL,SOYBN,SALAD OR COOKING,(HYDR)&CTTNSD",0.0,0,0,0.0,884,0.0,0.0,0.0,29.5,48.1,18.0,100.0,13.6,1 tablespoon
SHORTENING,"SHORTENING,HOUSEHOLD,LARD&VEG OIL",0.0,56,25,0.0,900,0.0,0.0,0.0,44.4,10.9,40.3,100.0,12.8,1 tablespoon
OIL,"OIL,VEG,SUNFLOWER,LINOLEIC,(HYDR)",0.0,0,0,0.0,884,0.0,0.0,0.0,46.2,36.4,13.0,100.0,13.6,1 tbsp
SHORTENING BREAD,"SHORTENING BREAD,SOYBN (HYDR)&CTTNSD",0.0,0,0,0.0,884,0.0,0.0,0.0,33.0,40.6,22.0,100.0,12.8,1 tablespoon
SHORTENING FRYING (REG),"SHORTENING FRYING (REG),SOYBN (HYDR)&CTTNSD (HYDR)",0.0,0,0,0.0,884,0.0,0.0,0.0,58.2,22.0,15.4,100.0,12.8,1 tablespoon
SHORTENING CAKE MIX,"SHORTENING CAKE MIX,SOYBN (HYDR)&CTTNSD (HYDR)",0.0,0,0,0.0,884,0.0,0.0,0.0,54.2,14.1,27.2,100.0,12.8,1 tbsp
SHORTENING INDUSTRIAL,"SHORTENING INDUSTRIAL,LARD&VEG OIL",0.0,56,0,0.0,900,0.0,0.0,0.0,40.7,19.2,35.7,100.0,12.8,1 tbsp
SHORTENING FRYING (HVY DUTY),"SHORTENING FRYING (HVY DUTY),BF TALLOW&CTTNSD",0.0,100,0,0.0,900,0.0,0.0,0.0,38.5,8.8,44.9,100.0,12.8,1 tbsp
SHORTENING CONFECTIONERY,"SHORTENING CONFECTIONERY,COCNT (HYDR)&OR PALM KERNEL (HYDR)",0.0,0,0,0.0,884,0.0,0.0,0.0,2.2,1.0,91.3,100.0,12.8,1 tbsp
SHORTENING FRYING HVY DUTY,"SHORTENING FRYING HVY DUTY,SOYBN HYDR,LINOLEIC 30% W/SILICON",0.0,0,0,0.0,884,0.0,0.0,0.0,43.7,33.5,18.4,100.0,12.8,1 tbsp
SHORTENING INDUSTRIAL,"SHORTENING INDUSTRIAL,SOYBN (HYDR)&CTTNSD",0.0,0,0,0.0,884,0.0,0.0,0.0,58.0,12.0,25.6,100.0,12.8,1 tbsp
SHORTENING FRYING (HVY DUTY),"SHORTENING FRYING (HVY DUTY),PALM (HYDR)",0.0,0,0,0.0,884,0.0,0.0,0.0,40.6,7.5,47.5,100.0,12.8,1 tbsp
No Category,SHORTENING HOUSEHOLD SOYBN (HYDR)&PALM,0.0,0,0,0.0,884,0.0,0.0,0.0,42.51,26.64,25.02,100.0,12.8,1 tbsp
SHORTENING FRYING HVY DUTY,"SHORTENING FRYING HVY DUTY,SOYBN HYDR,LINOLEIC (LESS THAN 1%",0.0,0,0,0.0,884,0.0,0.0,0.0,73.7,0.4,21.1,100.0,12.8,1 tbsp
SHORTENING,"SHORTENING,CONFECTIONERY,FRACTIONATED PALM",0.0,0,0,0.0,884,0.0,0.0,0.0,29.6,0.5,65.5,100.0,13.6,1 tbsp
OIL,"OIL,VEG,NUTMEG BUTTER",0.0,0,0,0.0,884,0.0,0.0,0.0,4.8,0.0,90.0,100.0,13.6,1 tbsp
OIL,"OIL,VEG,UCUHUBA BUTTER",0.0,0,0,0.0,884,0.0,0.0,0.0,6.7,2.9,85.2,100.0,13.6,1 tbsp
FAT,"FAT,DUCK",0.0,100,122,0.0,882,0.0,0.0,0.2,49.3,12.9,33.2,99.8,205.0,1 cup
FAT,"FAT,TURKEY",0.0,102,122,0.0,900,0.0,0.0,0.2,42.9,23.1,29.4,99.8,205.0,1 cup
FAT,"FAT,GOOSE",0.0,100,0,0.0,900,0.0,0.0,0.2,56.7,11.0,27.7,99.8,205.0,1 cup
VEGETABLE OIL,"VEGETABLE OIL,AVOCADO",0.0,0,0,0.0,884,0.0,0.0,0.0,70.554,13.486,11.56,100.0,14.0,1 tbsp
OIL,"OIL,VEG,CANOLA",0.0,0,0,0.0,884,0.0,0.0,0.0,63.276,28.142,7.365,100.0,218.0,1 cup
VEGETABLE OIL,"VEGETABLE OIL,MUSTARD",0.0,0,0,0.0,884,0.0,0.0,0.0,59.187,21.23,11.582,100.0,14.0,1 tbsp
OIL,"OIL,VEG,SUNFLOWER,HI OLEIC (70% & OVER)",0.0,0,0,0.0,884,0.0,0.0,0.0,83.594,3.798,9.748,100.0,14.0,1 tbsp
MARGARINE-BUTTER BLEND,"MARGARINE-BUTTER BLEND,SOYBN OIL & BUTTER",0.77,12,6,0.0,714,0.31,0.0,17.07,30.292,24.17,14.198,80.32,227.0,1 cup
SHORTENING,"SHORTENING,SPL PURPOSE FOR CAKES&FROSTINGS,SOYBN (HYDR)",0.0,0,0,0.0,884,0.0,0.0,0.0,36.555,37.991,20.001,100.0,12.8,1 tbsp
SHORTENING,"SHORTENING,SPL PURPOSE FOR BAKING,SOYBN (HYDR) PALM&CTTNSD",0.0,0,0,0.0,884,0.0,0.0,0.0,29.583,37.174,28.843,100.0,12.8,1 tbsp
VEGETABLE OIL,"VEGETABLE OIL,OAT",0.0,0,0,0.0,884,0.0,0.0,0.0,35.11,40.87,19.62,100.0,13.6,1 tbsp
FISH OIL,"FISH OIL,COD LIVER",0.0,570,0,0.0,902,0.0,0.0,0.0,46.711,22.541,22.608,100.0,218.0,1 cup
FISH OIL,"FISH OIL,HERRING",0.0,766,0,0.0,902,0.0,0.0,0.0,56.564,15.604,21.29,100.0,218.0,1 cup
FISH OIL,"FISH OIL,MENHADEN",0.0,521,0,0.0,902,0.0,0.0,0.0,26.694,34.197,30.427,100.0,218.0,1 cup
FISH OIL,"FISH OIL,MENHADEN,FULLY HYDR",0.0,500,0,0.0,902,0.0,0.0,0.0,0.0,0.0,95.6,100.0,205.0,1 cup
FISH OIL,"FISH OIL,SALMON",0.0,485,0,0.0,902,0.0,0.0,0.0,29.037,40.324,19.872,100.0,218.0,1 cup
FISH OIL,"FISH OIL,SARDINE",0.0,710,0,0.0,902,0.0,0.0,0.0,33.841,31.867,29.892,100.0,218.0,1 cup
SHORTENING,"SHORTENING,MULTIPURPOSE,SOYBN (HYDR)&PALM (HYDR)",0.0,0,0,0.0,884,0.0,0.0,0.0,50.973,14.204,30.423,100.0,12.8,1 tbsp
VEGETABLE OIL-BUTTER SPRD,"VEGETABLE OIL-BUTTER SPRD,TUB,SALTED",1.0,0,6,0.0,362,1.0,0.0,56.0,18.438,12.573,7.238,40.0,14.0,1 tablespoon
BUTTER,"BUTTER,LT,STK,W/SALT",0.0,106,13,0.0,509,3.3,0.0,42.1,15.927,2.046,34.321,55.1,0.0,
BUTTER,"BUTTER,LT,STK,WO/SALT",0.0,106,13,0.0,499,3.3,0.0,43.2,15.927,2.046,34.321,55.1,0.0,
MEAT DRIPPINGS (LARD,"MEAT DRIPPINGS (LARD,BF TALLOW,MUTTON TALLOW)",0.0,101,49,0.0,889,0.0,0.0,0.0,41.77,7.56,44.79,98.59,0.0,
ANIMAL FAT,"ANIMAL FAT,BACON GREASE",0.0,95,42,0.0,896,0.0,0.0,0.0,44.874,11.144,39.004,99.5,4.3,1 tsp
MARGARINE,"MARGARINE,REG,STK,COMP,80% FAT,W/SALT",0.7,0,12,0.0,717,0.16,0.0,16.52,38.877,24.302,15.189,80.71,227.0,1 cup
MARGARINE,"MARGARINE,REG,TUB,COMP,80% FAT,W/SALT",0.75,0,12,0.0,713,0.22,0.0,17.07,36.435,26.741,14.224,80.17,227.0,1 cup
MARGARINE,"MARGARINE,VEG OIL SPRD,60% FAT,STK",0.69,0,12,0.0,537,0.12,0.0,36.95,29.664,16.718,10.884,60.39,229.0,1 cup
MARGARINE,"MARGARINE,MARGARINE-LIKE VEG OIL SPRD,60% FAT,TUB",0.86,1,10,0.0,533,0.17,0.0,37.58,19.348,26.477,12.086,59.81,229.0,1 cup
MARGARINE,"MARGARINE,VEG OIL SPRD,STICK/TUB/BOTTLE,60% FAT",0.0,1,12,0.0,526,0.6,0.0,38.68,20.316,24.686,10.042,59.17,229.0,1 cup
SHORTENING,"SHORTENING,VEG,HOUSEHOLD,COMP",0.0,0,0,0.0,884,0.0,0.0,0.0,41.186,28.097,24.98,99.97,205.0,1 cup
SHORTENING,"SHORTENING,INSTITUTIONAL,COMP",0.0,0,0,0.0,894,0.0,0.0,0.0,59.56,12.09,23.95,100.0,12.8,1 tbsp
MARGARINE,"MARGARINE,REG,STK,UNSALTED,COMP,80% FAT",0.9,0,12,0.0,719,0.9,0.0,17.5,39.02,22.34,15.52,80.5,227.0,1 cup
MARGARINE,"MARGARINE,REG,TUB,UNSALTED,COMP,80% FAT",0.75,0,12,0.0,713,0.22,0.0,17.07,36.435,26.741,14.224,80.17,227.0,1 cup
MARGARINE,"MARGARINE,VEG OIL SPRD,60% FAT,STK,NO SALT",0.69,0,12,0.0,537,0.12,0.0,36.95,29.664,16.718,10.884,60.39,14.0,1 tbsp
MARGARINE,"MARGARINE, VEG OIL SPRD,60% FAT,TUB/BOTTLE,UNSALTED",0.86,1,12,0.0,533,0.17,0.0,37.58,19.348,26.477,12.086,59.81,14.0,1 tbsp
MARGARINE-LIKE SPRD,"MARGARINE-LIKE SPRD,FAT FREE,LIQ,SALTED",2.5,1,12,0.0,43,1.5,0.0,91.0,0.74,1.764,0.416,3.0,15.0,1 tbsp
MARGARINE-LIKE SPRD,"MARGARINE-LIKE SPRD,MADE W/YOGURT,STK,SALTED",0.5,0,12,0.0,630,0.3,0.0,28.0,39.9,14.0,13.3,70.0,14.0,1 tablespoon
MARGARINE-LIKE SPRD,"MARGARINE-LIKE SPRD,RED CAL,40% FAT,MADE W/YOGURT,TUB,SALTED",2.0,0,12,0.0,330,2.0,0.0,59.0,9.8,16.8,7.0,35.0,14.0,1 tablespoon
MARGARINE,"MARGARINE,80% FAT,STK,INCL REG & HYDR CORN & SOYBN OILS",0.7,0,0,0.0,717,0.16,0.0,16.52,38.877,24.302,15.189,80.71,14.0,1 tbsp
MARGARINE,"MARGARINE, VEG OIL SPRD,70% FAT,SOYBN & PART HYDR SOYBN,STK",1.53,0,0,0.0,622,0.26,0.0,26.23,33.468,20.248,13.631,70.22,14.0,"1 tbsp,  (1 NLEA serving)"
MARGARINE SPRD,"MARGARINE SPRD,APPROX 48% FAT,TUB",0.86,1,0,0.0,424,0.2,0.0,49.66,16.416,20.235,8.792,47.53,14.0,1 tbsp
MARGARINE SPRD,"MARGARINE SPRD,FAT-FREE,TUB",4.34,0,8,0.0,44,0.1,0.0,90.69,0.356,0.422,2.128,3.04,233.0,1 cup
MARGARINE,"MARGARINE,VEG OIL SPRD,20% FAT",0.4,0,12,0.0,175,0.0,0.0,78.8,7.48,8.04,2.87,19.5,240.0,1 cup
MARGARINE,"MARGARINE,VEG OIL SPRD,20% FAT,WO/ SALT",0.4,0,12,0.0,175,0.0,0.0,78.8,7.48,8.04,2.87,19.5,205.0,1 cup
SALAD DRSNG,"SALAD DRSNG,1000 ISLAND DRSNG,FAT-FREE",29.27,5,5,3.299999952,132,0.55,16.82999992,66.14,0.342,0.63,0.198,1.45,16.0,1 tbsp
SALAD DRSNG,"SALAD DRSNG,ITALIAN DRSNG,FAT-FREE",8.75,2,4,0.600000024,47,0.97,8.850000381,85.95,0.235,0.192,0.295,0.87,231.0,1 cup
SALAD DRSNG,"SALAD DRSNG,RANCH DRSNG,FAT-FREE",26.51,7,0,0.100000001,119,0.25,5.349999905,68.33,0.0,0.0,0.0,1.92,14.0,1 tablespoon
SALAD DRSNG,"SALAD DRSNG,RANCH DRSNG,COMM,REG",6.69,33,0,0.699999988,484,1.03,2.450000048,38.18,11.394,28.329,8.019,51.39,15.0,1 tablespoon
SALAD DRSNG,"SALAD DRSNG,RANCH DRSNG,RED FAT",21.33,16,0,1.100000024,196,1.25,3.769999981,62.04,2.794,4.213,1.25,12.42,15.0,1 tablespoon
SALAD DRSNG,"SALAD DRSNG,MAYO,LT",8.2,35,0,0.0,324,0.88,4.340000153,55.91,8.135,17.953,5.209,33.09,15.0,1 tablespoon
OIL,"OIL,VEG,INDUSTRIAL,MID-OLEIC,SUNFLOWER",0.0,0,0,0.0,884,0.0,0.0,0.0,57.334,28.962,9.009,100.0,13.6,1 tablespoon
OIL,"OIL,INDUSTRIAL,CANOLA W/ ANTIFOAMING AGENT",0.0,0,0,0.0,884,0.0,0.0,0.0,62.093,25.588,7.615,100.0,13.6,1 tablespoon
OIL,"OIL,VEG,INDUSTRIAL,CANOLA FOR SALADS,WOKS & LT FRYING",0.0,0,0,0.0,884,0.0,0.0,0.0,61.15,26.397,7.758,100.0,13.6,1 tablespoon
OIL,"OIL,INDUS,CANOLA (PART HYDR) OIL FOR DEEP FAT FRYING",0.0,0,0,0.0,884,0.0,0.0,0.0,71.075,14.038,10.117,100.0,218.0,1 cup
OIL,"OIL,INDUSTRIAL,COCNT",0.0,0,0,0.0,884,0.0,0.0,0.0,5.935,1.657,86.002,100.0,13.6,1 tbsp
OIL,"OIL,VEG,INDUS,SOY (PART HYDR),FOR FLAVORING",0.0,0,0,0.0,884,0.0,0.0,0.0,41.929,35.638,17.683,100.0,13.6,1 tbsp
SHORTENING,"SHORTENING,INDUS,SOY (PART HYDROG),POURABLE LIQ FRY",0.0,0,0,0.0,884,0.0,0.0,0.0,38.87,38.009,18.358,100.0,13.6,1 tbsp
OIL,"OIL,VEG,INDUSTRIAL,SOY,REFINED,FOR WOKS & LT FRYING",0.0,0,0,0.0,884,0.0,0.0,0.0,21.701,58.208,15.34,100.0,13.6,1 tbsp
OIL,"OIL,VEG,INDUSTRIAL,SOY (PART HYDR),NON-DAIRY BUTTER FLAVOR",0.0,0,0,0.0,884,0.0,0.0,0.0,40.262,36.847,18.101,100.0,13.6,1 tbsp
OIL,"OIL,VEG,INDUSTRIAL,SOY ( PART HYDROGENATED),ALLPURP",0.0,0,0,0.0,884,0.0,0.0,0.0,61.248,9.295,24.75,100.0,13.6,1 tbsp
OIL,"OIL,INDUS,SOY (PART HYDR ) & SOY (WINTERIZED),POURABLE FRY",0.0,0,0,0.0,884,0.0,0.0,0.0,34.63,45.228,15.341,100.0,13.6,1 tbsp
OIL,"OIL,INDUS,SOY (PART HYDROG) & CTTNSD,TORTILLA SHORTENING",0.0,0,0,0.0,884,0.0,0.0,0.0,59.133,10.305,25.883,100.0,13.6,1 tbsp
MARGARINE-LIKE SHORTENING,"MARGARINE-LIKE SHORTENING,INDUS,SOY(PART  HYDR),CTTNSD,& SOY",0.0,0,0,0.0,628,0.0,0.0,28.0,37.243,7.512,22.869,71.0,14.0,1 tbsp
OIL,"OIL,VEG,INDUS,PALM KERNEL,CONFECTION FAT",0.0,0,0,0.0,884,0.0,0.0,0.05,5.406,0.834,87.558,100.0,13.6,1 tbsp
OIL,"OIL,VEG,INDUSTRIAL,PALM KERNEL (HYDROGENATED),CONFECTION FAT",0.0,0,0,0.0,884,0.0,0.0,0.05,0.257,0.0,93.701,100.0,13.6,1 tbsp
OIL,"OIL,VEG,INDUS,PALM KERNEL (HYDROG),CONFECTION FAT",0.0,0,0,0.0,884,0.0,0.0,0.04,1.271,0.037,92.614,100.0,13.6,1 tbsp
OIL,"OIL,INDUS,COCNT,CONFECTION FAT,ICE CRM COATINGS",0.0,0,0,0.0,884,0.0,0.0,0.08,5.681,1.45,86.503,100.0,13.6,1 tbsp
OIL,"OIL,VEG,INDUSTRIAL,PALM KERNEL (HYDROG) WHIPPED TOPPINGS",0.0,0,0,0.0,884,0.0,0.0,0.04,4.934,0.0,88.965,100.0,13.6,1 tbsp
OIL,"OIL,INDUS,COCNT (HYDR),WHIPPED TOPPINGS&COFFEE WHITENERS",0.0,0,0,0.0,880,0.0,0.0,0.07,0.267,0.0,93.536,99.5,13.6,1 tbsp
OIL,"OIL,VEG,INDUSTRIAL,PALM & PALM KERNEL,FILLING FAT",0.0,0,24,0.0,880,0.0,0.0,0.04,19.702,3.247,71.444,99.5,13.6,1 tbsp
OIL,"OIL,INDUSTRIAL,PALM KERNEL (HYDROGENATED),FILLING FAT",0.0,0,0,0.0,884,0.0,0.0,0.08,5.705,0.0,88.209,100.0,13.6,1 tbsp
OIL,"OIL,INDUS,SOY (PARTIALLY HYDR ),PALM,FOR ICINGS & FILLINGS",0.0,0,0,0.0,884,0.0,0.0,0.0,59.715,7.095,28.421,100.0,13.6,1 tbsp
MARGARINE,"MARGARINE,INDUS,NON-DAIRY,CTTNSD,SOY OIL (PART HYDR )",0.0,0,0,0.0,714,1.9,0.0,15.8,46.692,9.265,20.442,80.2,14.0,1 tbsp
SHORTENING,"SHORTENING,INDUSTRIAL,SOY (PARTIALLY HYDR )&CORN FOR FRYING",0.0,0,0,0.0,884,0.0,0.0,0.0,40.824,36.038,17.416,100.0,12.8,1 tbsp
SHORTENING,"SHORTENING,INDUS,SOY (PART HYDR ) FOR BAKING & CONFECTIONS",0.0,0,0,0.0,884,0.0,0.0,0.0,71.023,5.4,18.788,100.0,12.8,1 tbsp
MARGARINE,"MARGARINE,INDUS,SOY & PART HYDR SOY OIL,BAKING,SAUCES,CANDY",0.71,0,0,0.0,714,0.18,0.0,17.17,37.46,22.422,16.321,80.0,227.0,1 cup
USDA CMDTY FD,"USDA CMDTY FD,OIL,VEG,SOYBN,REFINED",0.0,0,0,0.0,884,0.0,0.0,0.0,22.727,57.333,15.251,100.0,13.6,1 tablespoon
USDA CMDTY FD,"USDA CMDTY FD,OIL,VEG,LO SATURATED FAT",0.0,0,0,0.0,884,0.0,0.0,0.0,22.73,65.138,7.429,100.0,13.6,1 tbsp
USDA CMDTY FD,"USDA CMDTY FD,SHORTENING,SOYBN & SOYBN (PARTIALLY HYDROG)",0.0,0,0,0.0,884,0.0,0.0,0.0,32.666,45.209,17.139,100.0,205.0,1 cup
USDA CMDTY FD,"USDA CMDTY FD,SHORTENING,ALLPURP,SOYBN (PART HYDROG)&CTTNSD",0.0,0,0,0.0,884,0.0,0.0,0.0,64.431,6.968,23.243,100.0,205.0,1 cup
MARGARINE-LIKE SPRD,"MARGARINE-LIKE SPRD,SMART BALANCE REG BUTTERY SPRD",0.0,0,0,0.0,605,0.0,0.0,30.8,25.64,17.7,19.51,66.9,14.0,1 tablespoon
MARGARINE-LIKE SPRD,"MARGARINE-LIKE SPRD,SMART BALANCE LT BUTTERY SPRD",1.98,0,0,0.0,337,0.02,0.0,59.89,13.699,9.651,10.087,36.41,14.0,1 tbsp
MARGARINE-LIKE SPRD,"MARGARINE-LIKE SPRD,SMART BEAT SUPER LT WO/ SATURATED FAT",0.0,0,0,0.0,158,0.0,0.0,80.83,7.6,3.98,2.22,17.1,14.0,1 tablespoon
MARGARINE-LIKE SPRD,"MARGARINE-LIKE SPRD,SMART BEAT SMART SQUEEZE",7.1,0,0,0.0,47,0.0,1.0,87.91,0.47,1.18,0.31,2.1,14.0,1 tablespoon
MARGARINE-LIKE SPRD,"MARGARINE-LIKE SPRD,SMART BALANCE OMEGA PLUS SPRD",0.0,0,0,0.0,605,0.0,0.0,27.1,25.31,18.14,19.35,66.8,14.0,1 tablespoon
OIL,"OIL,VEG,NATREON CANOLA,HI STABILITY,NON TRANS,HI OLEIC (70%)",0.0,0,0,0.0,884,0.0,0.0,0.0,71.991,17.098,6.511,100.0,14.0,1 tbsp
OIL,"OIL,PAM COOKING SPRAY,ORIGINAL",20.69,0,0,0.0,792,0.26,0.0,0.11,55.79,9.82,11.6,78.69,0.27,"1 spray, , about 1/3 second (1 NLEA serving)"
MARGARINE,"MARGARINE,MARGARINE-LIKE VEG OIL SPRD,67-70% FAT,TUB",0.59,0,0,0.0,606,0.07,0.0,29.52,24.748,23.794,16.688,68.29,14.0,"1 tbsp,  (1 NLEA serving)"
MARGARINE,"MARGARINE,80% FAT,TUB,CANOLA HARVEST SOFT SPRD",1.39,0,0,0.0,730,0.41,0.0,16.06,45.262,21.344,11.648,80.32,14.0,"1 tablespoon,  (1 NLEA serving)"
OIL,"OIL,COOKING & SALAD,ENOVA,80% DIGLYCERIDES",0.0,0,0,0.0,884,0.0,0.0,0.0,37.016,53.37,4.63,100.0,14.0,"1 tbsp,  (1 NLEA serving)"
SALAD DRSNG,"SALAD DRSNG,HONEY MUSTARD DRSNG,RED CAL",29.27,0,5,0.800000012,207,0.98,18.32999992,57.19,5.573,3.152,0.833,10.0,30.0,"2 tbsp,  (1 serving)"
MARGARINE-LIKE SPRD,"MARGARINE-LIKE SPRD,BENECOL LT SPRD",5.71,0,0,0.0,357,0.0,0.0,53.73,18.932,11.948,4.77,38.71,14.0,"1 tablespoon,  (1 NLEA serving)"
SALAD DRSNG,"SALAD DRSNG,SPRAY-STYLE DRSNG,ASSORTED FLAVORS",16.6,0,0,0.300000012,165,0.16,14.28999996,71.0,0.0,0.0,1.643,10.75,8.0,"1 serving,  (approximately 10 sprays)"
CHICKEN,"CHICKEN,BROILERS OR FRYERS,MEAT&SKN&GIBLETS&NECK,RAW",0.13,90,0,0.0,213,18.33,0.0,66.34,6.08,3.19,4.24,14.83,1046.0,1 chicken
CHICKEN,"CHICKEN,BROILER OR FRYER,MEAT&SKN&GIBLETS&NECK,FRIED,BATTER",9.03,103,0,0.0,291,22.84,0.0,49.29,7.13,4.15,4.67,17.53,1028.0,1 chicken
CHICKEN,"CHICKEN,BROILERS OR FRYERS,MEAT&SKN&GIBLETS&NECK,FRIED,FLR",3.27,112,0,0.0,272,28.57,0.0,51.88,5.99,3.51,4.16,15.27,708.0,1 chicken
CHICKEN,"CHICKEN,BROILERS OR FRYERS,MEAT&SKN&GIBLETS&NECK,RSTD",0.06,107,73,0.0,234,26.78,0.0,60.11,5.17,2.9,3.7,13.27,682.0,1 chicken
CHICKEN,"CHICKEN,BROILERS OR FRYERS,MEAT&SKN&GIBLETS&NECK,STWD",0.06,97,0,0.0,216,24.49,0.0,64.04,4.82,2.7,3.45,12.37,751.0,1 chicken
CHICKEN,"CHICKEN,BROILERS OR FRYERS,MEAT & SKN,RAW",0.0,75,60,0.0,215,18.6,0.0,65.99,6.24,3.23,4.31,15.06,276.0,"1 unit,  (yield from 1 lb ready-to-cook chicken)"
CHICKEN,"CHICKEN,BROILERS OR FRYERS,MEAT&SKN,CKD,FRIED,BATTER",9.42,87,64,0.300000012,289,22.54,0.0,49.39,7.09,4.1,4.61,17.35,280.0,"1 unit,  (yield from 1 lb ready-to-cook chicken)"
CHICKEN,"CHICKEN,BROILERS OR FRYERS,MEAT&SKN,CKD,FRIED,FLR",3.15,90,80,0.100000001,269,28.56,0.0,52.41,5.89,3.41,4.06,14.92,188.0,"1 unit,  (yield from 1 lb ready-to-cook chicken)"
CHICKEN,"CHICKEN,BROILERS OR FRYERS,MEAT&SKN,CKD,RSTD",0.0,88,66,0.0,239,27.3,0.0,59.45,5.34,2.97,3.79,13.6,140.0,"1 cup, chopped or diced"
CHICKEN,"CHICKEN,BROILERS OR FRYERS,MEAT&SKN,CKD,STWD",0.0,78,57,0.0,219,24.68,0.0,63.93,4.93,2.74,3.5,12.56,140.0,"1 cup, chopped or diced"
CHICKEN,"CHICKEN,BROILERS OR FRYERS,MEAT ONLY,RAW",0.0,70,66,0.0,119,21.39,0.0,75.46,0.9,0.75,0.79,3.08,197.0,"1 unit,  (yield from 1 lb ready-to-cook chicken)"
CHICKEN,"CHICKEN,BROILERS OR FRYERS,MEAT ONLY,CKD,FRIED",1.69,94,91,0.100000001,219,30.57,0.0,57.53,3.35,2.15,2.46,9.12,140.0,"1 cup, chopped or diced"
CHICKEN,"CHICKEN,BROILERS OR FRYERS,MEAT ONLY,RSTD",0.0,89,79,0.0,190,28.93,0.0,63.79,2.66,1.69,2.04,7.41,140.0,"1 cup, chopped or diced"
CHICKEN,"CHICKEN,BROILERS OR FRYERS,MEAT ONLY,STWD",0.0,83,72,0.0,177,27.29,0.0,66.81,2.39,1.54,1.84,6.71,140.0,"1 cup, chopped or diced"
CHICKEN,"CHICKEN,BROILERS OR FRYERS,SKN ONLY,RAW",0.0,109,0,0.0,349,13.33,0.0,54.22,13.54,6.81,9.08,32.35,47.0,"1 unit,  (yield from 1 lb ready-to-cook chicken)"
CHICKEN,"CHICKEN,BROILERS OR FRYERS,SKN ONLY,CKD,FRIED,BATTER",23.15,74,0,0.0,394,10.32,0.0,36.11,12.35,6.83,7.61,28.83,114.0,"1 unit,  (yield from 1 lb ready-to-cook chicken)"
CHICKEN,"CHICKEN,BROILERS OR FRYERS,SKN ONLY,CKD,FRIED,FLR",9.34,73,0,0.0,502,19.09,0.0,28.54,18.01,9.44,11.67,42.58,33.0,"1 unit,  (yield from 1 lb ready-to-cook chicken)"
CHICKEN,"CHICKEN,BROILERS OR FRYERS,SKN ONLY,CKD,RSTD",0.0,83,46,0.0,454,20.36,0.0,40.29,17.03,8.57,11.42,40.68,34.0,"1 unit,  (yield from 1 lb ready-to-cook chicken)"
CHICKEN,"CHICKEN,BROILERS OR FRYERS,SKN ONLY,CKD,STWD",0.0,63,0,0.0,363,15.22,0.0,53.27,13.83,6.96,9.28,33.04,44.0,"1 unit,  (yield from 1 lb ready-to-cook chicken)"
CHICKEN,"CHICKEN,BROILERS OR FRYERS,GIBLETS,RAW",1.8,262,0,0.0,124,17.88,0.0,74.87,1.12,1.09,1.36,4.47,23.0,"1 unit,  (yield from 1 lb ready-to-cook chicken)"
CHICKEN,"CHICKEN,BROILERS OR FRYERS,GIBLETS,CKD,FRIED",4.35,446,0,0.0,277,32.54,0.0,47.89,4.42,3.38,3.8,13.46,145.0,"1 cup, chopped or diced"
CHICKEN,"CHICKEN,BROILERS OR FRYERS,GIBLETS,CKD,SIMMRD",0.43,442,178,0.0,158,27.15,0.0,67.72,0.962,0.812,1.322,4.5,145.0,"1 cup, chopped or dice"
CHICKEN,"CHICKEN,GIZZARD,ALL CLASSES,RAW",0.0,240,0,0.0,94,17.66,0.0,79.33,0.512,0.357,0.529,2.06,0.0,
CHICKEN,"CHICKEN,GIZZARD,ALL CLASSES,CKD,SIMMRD",0.0,370,104,0.0,154,30.39,0.0,67.93,0.528,0.353,0.67,2.68,145.0,"1 cup, chopped or dice"
CHICKEN,"CHICKEN,HEART,ALL CLASSES,RAW",0.71,136,0,0.0,153,15.55,0.0,73.56,2.37,2.71,2.66,9.33,6.1,1 heart
CHICKEN,"CHICKEN,HEART,ALL CLASSES,CKD,SIMMRD",0.1,242,0,0.0,185,26.41,0.0,64.85,2.01,2.3,2.26,7.92,145.0,"1 cup, chopped or diced"
CHICKEN,"CHICKEN,LIVER,ALL CLASSES,RAW",0.0,345,194,0.0,116,16.92,0.0,76.46,1.249,1.306,1.563,4.83,0.0,
CHICKEN,"CHICKEN,LIVER,ALL CLASSES,CKD,SIMMRD",0.87,563,290,0.0,167,24.46,0.0,66.81,1.416,1.988,2.06,6.51,0.0,
CHICKEN,"CHICKEN,BROILERS OR FRYERS,LT MEAT,MEAT & SKN,RAW",0.0,67,0,0.0,186,20.27,0.0,68.6,4.52,2.34,3.16,11.07,116.0,"1 unit,  (yield from 1 lb ready-to-cook chicken)"
CHICKEN,"CHICKEN,BROILERS OR FRYERS,LT MEAT,MEAT&SKN,CKD,FRIED,BATTER",9.5,84,0,0.0,277,23.55,0.0,50.23,6.37,3.6,4.12,15.44,113.0,"1 unit,  (yield from 1 lb ready-to-cook chicken)"
CHICKEN,"CHICKEN,BROILERS OR FRYERS,LT MEAT,MEAT&SKN,CKD,FRIED,FLR",1.82,87,81,0.100000001,246,30.45,0.0,54.66,4.8,2.69,3.32,12.09,78.0,"1 unit,  (yield from 1 lb ready-to-cook chicken)"
CHICKEN,"CHICKEN,BROILERS OR FRYERS,LT MEAT,MEAT&SKN,CKD,RSTD",0.0,84,0,0.0,222,29.02,0.0,60.51,4.26,2.31,3.05,10.85,79.0,"1 unit,  (yield from 1 lb ready-to-cook chicken)"
CHICKEN,"CHICKEN,BROILERS OR FRYERS,LT MEAT,MEAT&SKN,CKD,STWD",0.0,74,0,0.0,201,26.14,0.0,65.13,3.92,2.12,2.8,9.97,90.0,"1 unit,  (yield from 1 lb ready-to-cook chicken)"
CHICKEN,"CHICKEN,BROILERS OR FRYERS,DK MEAT,MEAT & SKN,RAW",0.0,81,0,0.0,237,16.69,0.0,65.42,7.65,3.96,5.26,18.34,160.0,"1 unit,  (yield from 1 lb ready-to-cook chicken)"
CHICKEN,"CHICKEN,BROILERS OR FRYERS,DK MEAT,MEAT&SKN,CKD,FRIED,BATTER",9.38,89,0,0.0,298,21.85,0.0,48.82,7.58,4.43,4.95,18.64,167.0,"1 unit,  (yield from 1 lb ready-to-cook chicken)"
CHICKEN,"CHICKEN,BROILERS OR FRYERS,DK MEAT,MEAT&SKN,CKD,FRIED,FLR",4.08,92,0,0.0,285,27.22,0.0,50.82,6.66,3.91,4.58,16.91,110.0,"1 unit,  (yield from 1 lb ready-to-cook chicken)"
CHICKEN,"CHICKEN,BROILERS OR FRYERS,DK MEAT,MEAT&SKN,CKD,RSTD",0.0,91,0,0.0,253,25.97,0.0,58.63,6.19,3.49,4.37,15.78,101.0,"1 unit,  (yield from 1 lb ready-to-cook chicken)"
CHICKEN,"CHICKEN,BROILERS OR FRYERS,DK MEAT,MEAT&SKN,CKD,STWD",0.0,82,0,0.0,233,23.5,0.0,62.99,5.75,3.24,4.06,14.66,110.0,"1 unit,  (yield from 1 lb ready-to-cook chicken)"
CHICKEN,"CHICKEN,BROILERS OR FRYERS,LT MEAT,MEAT ONLY,RAW",0.0,58,0,0.0,114,23.2,0.0,74.86,0.39,0.37,0.44,1.65,88.0,"1 unit,  (yield from 1 lb ready-to-cook chicken)"
CHICKEN,"CHICKEN,BROILERS OR FRYERS,LT MEAT,MEAT ONLY,CKD,FRIED",0.42,90,0,0.0,192,32.82,0.0,60.14,1.97,1.26,1.52,5.54,140.0,1 cup
CHICKEN,"CHICKEN,BROILERS OR FRYERS,LT MEAT,MEAT ONLY,CKD,RSTD",0.0,85,84,0.0,173,30.91,0.0,64.76,1.54,0.98,1.27,4.51,140.0,"1 cup, chopped or diced"
CHICKEN,"CHICKEN,BROILERS OR FRYERS,LT MEAT,MEAT ONLY,CKD,STWD",0.0,77,77,0.0,159,28.88,0.0,68.02,1.35,0.87,1.12,3.99,140.0,"1 cup, chopped or diced"
CHICKEN,"CHICKEN,BROILERS OR FRYERS,DK MEAT,MEAT ONLY,RAW",0.0,80,0,0.0,125,20.08,0.0,75.99,1.34,1.07,1.1,4.31,109.0,"1 unit,  (yield from 1 lb ready-to-cook chicken)"
CHICKEN,"CHICKEN,BROILERS OR FRYERS,DK MEAT,MEAT ONLY,CKD,FRIED",2.59,96,0,0.0,239,28.99,0.0,55.7,4.32,2.77,3.12,11.62,140.0,1 cup
CHICKEN,"CHICKEN,BROILERS OR FRYERS,DK MEAT,MEAT ONLY,CKD,RSTD",0.0,93,74,0.0,205,27.37,0.0,63.06,3.56,2.26,2.66,9.73,140.0,"1 cup, chopped or diced"
CHICKEN,"CHICKEN,BROILERS OR FRYERS,DK MEAT,MEAT ONLY,CKD,STWD",0.0,88,69,0.0,192,25.97,0.0,65.83,3.26,2.09,2.45,8.98,140.0,"1 cup, chopped or diced"
CHICKEN,"CHICKEN,BROILERS OR FRYERS,FAT,RAW",0.0,58,16,0.0,629,3.73,0.0,28.91,30.3,14.2,20.25,67.95,12.8,1 tbsp
CHICKEN,"CHICKEN,BROILERS OR FRYERS,BACK,MEAT&SKN,RAW",0.0,79,0,0.0,319,14.05,0.0,58.1,12.25,6.14,8.34,28.74,59.0,"1 unit,  (yield from 1 lb ready-to-cook chicken)"
CHICKEN,"CHICKEN,BROILERS OR FRYERS,BACK,MEAT&SKN,CKD,FRIED,BATTER",10.25,88,0,0.0,331,21.97,0.0,44.51,8.91,5.2,5.83,21.91,72.0,"1 unit,  (yield from 1 lb ready-to-cook chicken)"
CHICKEN,"CHICKEN,BROILERS OR FRYERS,BACK,MEAT&SKN,CKD,FRIED,FLR",6.5,89,0,0.0,331,27.79,0.0,43.96,8.18,4.81,5.61,20.74,44.0,"1 unit,  (yield from 1 lb ready-to-cook chicken)"
CHICKEN,"CHICKEN,BROILERS OR FRYERS,BACK,MEAT&SKN,CKD,RSTD",0.0,88,62,0.0,300,25.95,0.0,53.52,8.29,4.62,5.82,20.97,32.0,"1 unit,  (yield from 1 lb ready-to-cook chicken)"
CHICKEN,"CHICKEN,BROILERS OR FRYERS,BACK,MEAT&SKN,CKD,STWD",0.0,78,51,0.0,258,22.18,0.0,60.93,7.13,4.0,5.02,18.14,160.0,"1 cup, chopped or diced"
CHICKEN,"CHICKEN,BROILERS OR FRYERS,BACK,MEAT ONLY,RAW",0.0,81,0,0.0,137,19.56,0.0,75.31,1.84,1.47,1.52,5.92,31.0,"1 unit,  (yield from 1 lb ready-to-cook chicken)"
CHICKEN,"CHICKEN,BROILERS OR FRYERS,BACK,MEAT ONLY,CKD,FRIED",5.68,93,0,0.0,288,29.99,0.0,47.87,5.73,3.64,4.12,15.32,35.0,"1 unit,  (yield from 1 lb ready-to-cook chicken)"
CHICKEN,"CHICKEN,BROILERS OR FRYERS,BACK,MEAT ONLY,CKD,RSTD",0.0,90,0,0.0,239,28.19,0.0,58.75,4.83,3.05,3.6,13.16,24.0,"1 unit,  (yield from 1 lb ready-to-cook chicken)"
CHICKEN,"CHICKEN,BROILERS OR FRYERS,BACK,MEAT ONLY,CKD,STWD",0.0,85,0,0.0,209,25.31,0.0,64.33,4.02,2.62,3.04,11.19,26.0,"1 unit,  (yield from 1 lb ready-to-cook chicken)"
CHICKEN,"CHICKEN,BROILERS OR FRYERS,BREAST,MEAT&SKN,RAW",0.0,64,67,0.0,172,20.85,0.0,69.46,3.82,1.96,2.66,9.25,87.0,".5 breast, bone removed (yield from 1 lb ready-to-cook chicken)"
CHICKEN,"CHICKEN,BROILERS OR FRYERS,BREAST,MEAT&SKN,CKD,FRIED,BATTER",8.99,85,65,0.300000012,260,24.84,0.0,51.64,5.46,3.08,3.52,13.2,84.0,"1 unit,  (yield from 1 lb ready-to-cook chicken)"
CHICKEN,"CHICKEN,BROILERS OR FRYERS,BREAST,MEAT&SKN,CKD,FRIED,FLR",1.64,89,0,0.100000001,222,31.84,0.0,56.59,3.5,1.96,2.45,8.87,59.0,"1 unit,  (yield from 1 lb ready-to-cook chicken)"
CHICKEN,"CHICKEN,BROILERS OR FRYERS,BREAST,MEAT&SKN,CKD,RSTD",0.0,84,73,0.0,197,29.8,0.0,62.44,3.03,1.66,2.19,7.78,140.0,"1 cup, chopped or diced"
CHICKEN,"CHICKEN,BROILERS OR FRYERS,BREAST,MEAT&SKN,CKD,STWD",0.0,75,64,0.0,184,27.39,0.0,66.21,2.9,1.58,2.08,7.42,140.0,"1 cup, chopped or diced"
CHICKEN,"CHICKEN,BROILERS OR FRYERS,BREAST,MEAT ONLY,RAW",0.0,58,73,0.0,110,23.09,0.0,74.76,0.3,0.28,0.33,1.24,71.0,"1 unit,  (yield from 1 lb ready-to-cook chicken)"
CHICKEN,"CHICKEN,BROILERS OR FRYERS,BREAST,MEAT ONLY,CKD,FRIED",0.51,91,96,0.0,187,33.44,0.0,60.21,1.72,1.07,1.29,4.71,52.0,"1 unit,  (yield from 1 lb ready-to-cook chicken)"
CHICKEN,"CHICKEN,BROILERS OR FRYERS,BREAST,MEAT ONLY,CKD,RSTD",0.0,85,85,0.0,165,31.02,0.0,65.26,1.24,0.77,1.01,3.57,140.0,"1 cup, chopped or diced"
CHICKEN,"CHICKEN,BROILERS OR FRYERS,BREAST,MEAT ONLY,CKD,STWD",0.0,77,78,0.0,151,28.98,0.0,68.27,1.03,0.66,0.85,3.03,140.0,"1 cup, chopped or diced"
CHICKEN,"CHICKEN,BROILERS OR FRYERS,DRUMSTK,MEAT&SKN,RAW",0.0,81,59,0.0,161,19.27,0.0,72.46,3.37,1.94,2.39,8.68,44.0,"1 unit,  (yield from 1 lb ready-to-cook chicken)"
CHICKEN,"CHICKEN,BROILERS OR FRYERS,DRUMSTK,MEAT&SKN,CKD,FRIED,BATTER",8.28,86,0,0.300000012,268,21.95,0.0,52.77,6.43,3.79,4.14,15.75,43.0,"1 unit,  (yield from 1 lb ready-to-cook chicken)"
CHICKEN,"CHICKEN,BROILERS OR FRYERS,DRUMSTK,MEAT&SKN,CKD,FRIED,FLR",1.63,90,0,0.100000001,245,26.96,0.0,56.73,5.42,3.23,3.66,13.72,29.0,"1 unit,  (yield from 1 lb ready-to-cook chicken)"
CHICKEN,"CHICKEN,BROILERS OR FRYERS,DRUMSTK,MEAT&SKN,CKD,RSTD",0.0,91,64,0.0,216,27.03,0.0,62.6,4.25,2.5,3.05,11.15,140.0,"1 cup, chopped or diced"
CHICKEN,"CHICKEN,BROILERS OR FRYERS,DRUMSTK,MEAT&SKN,CKD,STWD",0.0,83,59,0.0,204,25.32,0.0,65.12,4.07,2.38,2.91,10.64,140.0,"1 cup, chopped or diced"
CHICKEN,"CHICKEN,BROILERS OR FRYERS,DRUMSTK,MEAT ONLY,RAW",0.0,77,62,0.0,119,20.59,0.0,76.38,1.06,0.85,0.88,3.42,37.0,"1 drumstick, bone and skin removed (yield from 1 lb ready-to-cook chicken)"
CHICKEN,"CHICKEN,BROILERS OR FRYERS,DRUMSTK,MEAT ONLY,CKD,FRIED",0.0,94,0,0.0,195,28.62,0.0,62.24,2.94,1.97,2.13,8.08,25.0,"1 unit,  (yield from 1 lb ready-to-cook chicken)"
CHICKEN,"CHICKEN,BROILERS OR FRYERS,DRUMSTK,MEAT ONLY,CKD,RSTD",0.0,93,76,0.0,172,28.29,0.0,66.74,1.87,1.37,1.48,5.66,140.0,"1 cup, chopped or diced"
CHICKEN,"CHICKEN,BROILERS OR FRYERS,DRUMSTK,MEAT ONLY,CKD,STWD",0.0,88,73,0.0,169,27.5,0.0,67.58,1.93,1.37,1.51,5.71,160.0,"1 cup, chopped or diced"
CHICKEN,"CHICKEN,BROILERS OR FRYERS,LEG,MEAT&SKN,RAW",0.0,83,57,0.0,187,18.15,0.0,69.91,4.89,2.65,3.41,12.12,101.0,"1 leg, bone removed (yield from 1 lb ready-to-cook chicken)"
CHICKEN,"CHICKEN,BROILERS OR FRYERS,LEG,MEAT&SKN,CKD,FRIED,BATTER",8.72,90,0,0.300000012,273,21.77,0.0,52.08,6.58,3.85,4.28,16.17,95.0,"1 unit,  (yield from 1 lb ready-to-cook chicken)"
CHICKEN,"CHICKEN,BROILERS OR FRYERS,LEG,MEAT&SKN,CKD,FRIED,FLR",2.5,94,0,0.100000001,254,26.84,0.0,55.28,5.68,3.33,3.9,14.43,67.0,"1 unit,  (yield from 1 lb ready-to-cook chicken)"
CHICKEN,"CHICKEN,BROILERS OR FRYERS,LEG,MEAT&SKN,CKD,RSTD",0.0,92,63,0.0,232,25.96,0.0,60.92,5.24,3.0,3.72,13.46,140.0,"1 cup, chopped or diced"
CHICKEN,"CHICKEN,BROILERS OR FRYERS,LEG,MEAT&SKN,CKD,STWD",0.0,84,56,0.0,220,24.17,0.0,64.01,5.04,2.87,3.57,12.92,140.0,"1 cup, chopped or diced"
CHICKEN,"CHICKEN,BROILERS OR FRYERS,LEG,MEAT ONLY,RAW",0.0,80,62,0.0,120,20.13,0.0,76.13,1.18,0.95,0.98,3.81,78.0,"1 leg, bone and skin removed (yield from 1 lb ready-to-cook chicken)"
CHICKEN,"CHICKEN,BROILERS OR FRYERS,LEG,MEAT ONLY,CKD,FRIED",0.65,99,0,0.0,208,28.38,0.0,60.61,3.43,2.22,2.49,9.32,56.0,"1 unit,  (yield from 1 lb ready-to-cook chicken)"
CHICKEN,"CHICKEN,BROILERS OR FRYERS,LEG,MEAT ONLY,CKD,RSTD",0.0,94,74,0.0,191,27.03,0.0,64.7,3.05,1.97,2.29,8.43,140.0,"1 cup, chopped or diced"
CHICKEN,"CHICKEN,BROILERS OR FRYERS,LEG,MEAT ONLY,CKD,STWD",0.0,89,70,0.0,185,26.26,0.0,66.44,2.93,1.88,2.2,8.06,160.0,"1 cup, chopped or diced"
CHICKEN,"CHICKEN,BROILERS OR FRYERS,NECK,MEAT&SKN,RAW",0.0,99,0,0.0,297,14.07,0.0,59.99,10.55,5.68,7.27,26.24,15.0,"1 unit,  (yield from 1 lb ready-to-cook chicken)"
CHICKEN,"CHICKEN,BROILERS OR FRYERS,NECK,MEAT&SKN,CKD,FRIED,BATTER",8.7,91,0,0.0,330,19.82,0.0,46.92,9.79,5.56,6.22,23.52,16.0,"1 unit,  (yield from 1 lb ready-to-cook chicken)"
CHICKEN,"CHICKEN,BROILERS OR FRYERS,NECK,MEAT&SKN,CKD,FRIED,FLR",4.24,94,0,0.0,332,24.01,0.0,47.49,9.7,5.47,6.32,23.61,11.0,"1 unit,  (yield from 1 lb ready-to-cook chicken)"
CHICKEN,"CHICKEN,BROILERS OR FRYERS,NECK,MEAT&SKN,CKD SIMMRD",0.0,70,49,0.0,247,19.61,0.0,61.73,7.22,3.94,5.0,18.1,11.0,"1 unit,  (yield from 1 lb ready-to-cook chicken)"
CHICKEN,"CHICKEN,BROILERS OR FRYERS,NECK,MEAT ONLY,RAW",0.0,83,0,0.0,154,17.55,0.0,71.17,2.73,2.18,2.25,8.78,6.0,"1 unit,  (yield from 1 lb ready-to-cook chicken)"
CHICKEN,"CHICKEN,BROILERS OR FRYERS,NECK,MEAT ONLY,CKD,FRIED",1.77,105,0,0.0,229,26.87,0.0,58.71,4.57,3.04,3.0,11.88,7.0,"1 unit,  (yield from 1 lb ready-to-cook chicken)"
CHICKEN,"CHICKEN,BROILERS OR FRYERS,NECK,MEAT ONLY,CKD,SIMMRD",0.0,79,0,0.0,179,24.56,0.0,67.05,2.54,2.03,2.1,8.18,5.0,"1 unit,  (yield from 1 lb ready-to-cook chicken)"
CHICKEN,"CHICKEN,BROILERS OR FRYERS,THIGH,MEAT&SKN,RAW",0.0,84,54,0.0,211,17.27,0.0,67.68,6.511,3.381,4.386,15.25,57.0,"1 thigh, bone removed (yield from 1 lb ready-to-cook chicken)"
CHICKEN,"CHICKEN,BROILERS OR FRYERS,THIGH,MEAT&SKN,CKD,FRIED,BATTER",9.08,93,0,0.300000012,277,21.61,0.0,51.5,6.7,3.9,4.41,16.53,52.0,"1 unit,  (yield from 1 lb ready-to-cook chicken)"
CHICKEN,"CHICKEN,BROILERS OR FRYERS,THIGH,MEAT&SKN,CKD,FRIED,FLR",3.18,97,0,0.100000001,262,26.75,0.0,54.14,5.87,3.41,4.09,14.98,38.0,"1 unit,  (yield from 1 lb ready-to-cook chicken)"
CHICKEN,"CHICKEN,BROILERS OR FRYERS,THIGH,MEAT&SKN,CKD,RSTD",0.0,93,61,0.0,247,25.06,0.0,59.42,6.15,3.42,4.33,15.49,140.0,"1 cup, chopped or diced"
CHICKEN,"CHICKEN,BROILERS OR FRYERS,THIGH,MEAT&SKN,CKD,STWD",0.0,84,54,0.0,232,23.26,0.0,63.11,5.84,3.25,4.11,14.74,41.0,"1 unit,  (yield from 1 lb ready-to-cook chicken)"
CHICKEN,"CHICKEN,BROILERS OR FRYERS,THIGH,MEAT ONLY,RAW",0.0,83,62,0.0,119,19.65,0.0,75.81,1.21,0.97,1.0,3.91,41.0,"1 thigh, bone and skin removed (yield from 1 lb ready-to-cook chicken)"
CHICKEN,"CHICKEN,BROILERS OR FRYERS,THIGH,MEAT ONLY,CKD,FRIED",1.18,102,0,0.0,218,28.18,0.0,59.31,3.82,2.43,2.78,10.3,31.0,"1 unit,  (yield from 1 lb ready-to-cook chicken)"
CHICKEN,"CHICKEN,BROILERS OR FRYERS,THIGH,MEAT ONLY,CKD,RSTD",0.0,95,72,0.0,209,25.94,0.0,62.87,4.15,2.48,3.03,10.88,140.0,"1 cup, chopped or diced"
CHICKEN,"CHICKEN,BROILERS OR FRYERS,THIGH,MEAT ONLY,CKD,STWD",0.0,90,67,0.0,195,25.0,0.0,65.59,3.7,2.24,2.71,9.79,140.0,"1 cup, chopped or diced"
CHICKEN,"CHICKEN,BROILERS OR FRYERS,WING,MEAT&SKN,RAW",0.0,77,56,0.0,222,18.33,0.0,66.21,6.35,3.39,4.48,15.97,29.0,"1 wing, bone removed (yield from 1 lb ready-to-cook chicken)"
CHICKEN,"CHICKEN,BROILERS OR FRYERS,WING,MEAT&SKN,CKD,FRIED,BATTER",10.94,79,0,0.300000012,324,19.87,0.0,46.21,8.96,5.07,5.83,21.81,29.0,"1 unit,  (yield from 1 lb ready-to-cook chicken)"
CHICKEN,"CHICKEN,BROILERS OR FRYERS,WING,MEAT&SKN,CKD,FRIED,FLR",2.39,81,0,0.100000001,321,26.11,0.0,48.62,8.89,4.95,6.06,22.16,19.0,"1 unit,  (yield from 1 lb ready-to-cook chicken)"
CHICKEN,"CHICKEN,BROILERS OR FRYERS,WING,MEAT&SKN,CKD,RSTD",0.0,84,62,0.0,290,26.86,0.0,55.04,7.64,4.14,5.45,19.46,140.0,"1 cup, chopped or diced"
CHICKEN,"CHICKEN,BROILERS OR FRYERS,WING,MEAT&SKN,CKD,STWD",0.0,70,51,0.0,249,22.78,0.0,62.18,6.6,3.58,4.71,16.82,140.0,"1 cup, chopped or diced"
CHICKEN,"CHICKEN,BROILERS OR FRYERS,WING,MEAT ONLY,RAW",0.0,57,66,0.0,126,21.97,0.0,74.95,0.85,0.8,0.94,3.54,17.0,"1 wing, bone and skin removed (yield from 1 lb ready-to-cook chicken)"
CHICKEN,"CHICKEN,BROILERS OR FRYERS,WING,MEAT ONLY,CKD,FRIED",0.0,84,0,0.0,211,30.15,0.0,59.83,3.08,2.07,2.5,9.15,12.0,"1 unit,  (yield from 1 lb ready-to-cook chicken)"
CHICKEN,"CHICKEN,BROILERS OR FRYERS,WING,MEAT ONLY,CKD,RSTD",0.0,85,80,0.0,203,30.46,0.0,62.78,2.61,1.78,2.26,8.13,13.0,"1 unit,  (yield from 1 lb ready-to-cook chicken)"
CHICKEN,"CHICKEN,BROILERS OR FRYERS,WING,MEAT ONLY,CKD,STWD",0.0,74,71,0.0,181,27.18,0.0,67.01,2.31,1.57,2.0,7.18,140.0,"1 cup, chopped or diced"
CHICKEN,"CHICKEN,ROASTING,MEAT&SKN&GIBLETS&NECK,RAW",0.09,86,0,0.0,213,17.09,0.0,65.98,6.39,3.33,4.41,15.46,1509.0,1 chicken
CHICKEN,"CHICKEN,ROASTING,MEAT&SKN&GIBLETS&NECK,CKD,RSTD",0.05,94,0,0.0,220,23.96,0.0,62.35,5.22,2.85,3.66,13.07,1072.0,1 chicken
CHICKEN,"CHICKEN,ROASTING,MEAT&SKN,RAW",0.0,73,0,0.0,216,17.14,0.0,65.5,6.64,3.4,4.53,15.85,293.0,"1 unit,  (yield from 1 lb ready-to-cook chicken)"
CHICKEN,"CHICKEN,ROASTING,MEAT&SKN,CKD,RSTD",0.0,76,0,0.0,223,23.97,0.0,62.1,5.4,2.92,3.74,13.39,210.0,"1 unit,  (yield from 1 lb ready-to-cook chicken)"
CHICKEN,"CHICKEN,ROASTING,MEAT ONLY,RAW",0.0,65,0,0.0,111,20.33,0.0,74.94,0.83,0.67,0.67,2.7,209.0,"1 unit,  (yield from 1 lb ready-to-cook chicken)"
CHICKEN,"CHICKEN,ROASTING,MEAT ONLY,CKD,RSTD",0.0,75,0,0.0,167,25.01,0.0,67.41,2.5,1.51,1.81,6.63,140.0,"1 cup, chopped or diced"
CHICKEN,"CHICKEN,ROASTING,GIBLETS,RAW",1.14,236,0,0.0,127,18.14,0.0,74.73,1.28,1.26,1.54,5.04,25.0,"1 unit,  (yield from 1 lb ready-to-cook chicken)"
CHICKEN,"CHICKEN,ROASTING,GIBLETS,CKD,SIMMRD",0.86,357,0,0.0,165,26.77,0.0,66.32,1.33,1.22,1.64,5.22,145.0,"1 cup, chopped or diced"
CHICKEN,"CHICKEN,ROASTING,LT MEAT,MEAT ONLY,RAW",0.0,57,0,0.0,109,22.2,0.0,74.3,0.48,0.4,0.37,1.63,99.0,"1 unit,  (yield from 1 lb ready-to-cook chicken)"
CHICKEN,"CHICKEN,ROASTING,LT MEAT,MEAT ONLY,CKD,RSTD",0.0,75,77,0.0,153,27.13,0.0,67.85,1.52,0.93,1.08,4.07,140.0,"1 cup, chopped or diced"
CHICKEN,"CHICKEN,ROASTING,DK MEAT,MEAT ONLY,RAW",0.0,72,0,0.0,113,18.74,0.0,75.48,1.12,0.9,0.93,3.61,113.0,"1 unit,  (yield from 1 lb ready-to-cook chicken)"
CHICKEN,"CHICKEN,ROASTING,DK MEAT,MEAT ONLY,CKD,RSTD",0.0,75,0,0.0,178,23.25,0.0,67.05,3.31,2.0,2.43,8.75,140.0,"1 cup, chopped or diced"
CHICKEN,"CHICKEN,STEWING,MEAT&SKN,&GIBLETS&NECK,RAW",0.19,87,0,0.0,251,17.48,0.0,62.5,7.82,4.27,5.48,19.52,905.0,1 chicken
CHICKEN,"CHICKEN,STEWING,MEAT & SKN,& GIBLETS & NECK,CKD,STWD",0.03,107,67,0.0,214,24.88,0.0,64.24,4.554,2.51,3.232,11.91,160.0,"1 cup, chopped or diced"
CHICKEN,"CHICKEN,STEWING,MEAT&SKN,RAW",0.0,71,0,0.0,258,17.55,0.0,61.84,8.24,4.44,5.71,20.33,271.0,"1 unit,  (yield from 1 lb ready-to-cook chicken)"
CHICKEN,"CHICKEN,STEWING,MEAT&SKN,CKD,STWD",0.0,79,0,0.0,285,26.88,0.0,53.07,7.19,4.23,5.11,18.87,178.0,"1 unit,  (yield from 1 lb ready-to-cook chicken)"
CHICKEN,"CHICKEN,STEWING,MEAT ONLY,RAW",0.0,63,0,0.0,148,21.26,0.0,72.54,1.94,1.57,1.57,6.32,194.0,"1 unit,  (yield from 1 lb ready-to-cook chicken)"
CHICKEN,"CHICKEN,STEWING,MEAT ONLY,CKD,STWD",0.0,83,0,0.0,237,30.42,0.0,56.35,4.05,2.83,3.1,11.89,140.0,"1 cup, chopped or diced"
CHICKEN,"CHICKEN,STEWING,GIBLETS,RAW",2.13,240,0,0.0,168,17.89,0.0,69.8,2.75,2.1,2.63,9.21,28.0,"1 unit,  (yield from 1 lb ready-to-cook chicken)"
CHICKEN,"CHICKEN,STEWING,GIBLETS,CKD,SIMMRD",0.11,355,0,0.0,194,25.73,0.0,64.0,2.94,1.89,2.66,9.3,145.0,"1 cup, chopped or diced"
CHICKEN,"CHICKEN,STEWING,LT MEAT,MEAT ONLY,RAW",0.0,47,0,0.0,137,23.1,0.0,73.24,1.25,1.04,0.97,4.21,89.0,"1 unit,  (yield from 1 lb ready-to-cook chicken)"
CHICKEN,"CHICKEN,STEWING,LT MEAT,MEAT ONLY,CKD,STWD",0.0,70,0,0.0,213,33.04,0.0,57.79,2.69,1.89,1.98,7.98,140.0,"1 cup, chopped or diced"
CHICKEN,"CHICKEN,STEWING,DK MEAT,MEAT ONLY,RAW",0.0,77,0,0.0,157,19.7,0.0,71.94,2.52,2.02,2.08,8.12,105.0,"1 unit,  (yield from 1 lb ready-to-cook chicken)"
CHICKEN,"CHICKEN,STEWING,DK MEAT,MEAT ONLY,CKD,STWD",0.0,95,0,0.0,258,28.14,0.0,55.09,5.24,3.65,4.07,15.28,140.0,"1 cup, chopped or diced"
CHICKEN,"CHICKEN,CAPONS,MEAT&SKN&GIBLETS&NECK,RAW",0.08,87,0,0.0,232,18.51,0.0,63.66,7.16,3.6,4.89,16.9,2152.0,1 capon
CHICKEN,"CHICKEN,CAPONS,MEAT&SKN&GIBLETS&NECK,CKD,RSTD",0.04,103,0,0.0,226,28.35,0.0,59.25,4.71,2.52,3.28,11.67,1418.0,1 capon
CHICKEN,"CHICKEN,CAPONS,MEAT&SKN,RAW",0.0,75,0,0.0,234,18.77,0.0,63.24,7.31,3.62,4.95,17.07,964.0,".5 capon, bone removed"
CHICKEN,"CHICKEN,CAPONS,MEAT&SKN,CKD,RSTD",0.0,86,0,0.0,229,28.96,0.0,58.7,4.75,2.52,3.26,11.65,637.0,".5 capon, bone removed"
CHICKEN,"CHICKEN,CAPONS,GIBLETS,RAW",1.42,292,0,0.0,130,18.28,0.0,74.12,1.32,1.19,1.64,5.18,115.0,1 giblets
CHICKEN,"CHICKEN,CAPONS,GIBLETS,CKD,SIMMRD",0.76,434,0,0.0,164,26.39,0.0,66.54,1.37,1.13,1.77,5.4,145.0,"1 cup, chopped or diced"
DUCK,"DUCK,DOMESTICATED,MEAT&SKN,RAW",0.0,76,31,0.0,404,11.49,0.0,48.5,18.69,5.08,13.22,39.34,287.0,"1 unit,  (yield from 1 lb ready-to-cook duck)"
DUCK,"DUCK,DOMESTICATED,MEAT&SKN,CKD,RSTD",0.0,84,50,0.0,337,18.99,0.0,51.84,12.9,3.65,9.67,28.35,140.0,"1 cup, chopped or diced"
DUCK,"DUCK,DOMESTICATED,MEAT ONLY,RAW",0.0,77,54,0.0,132,18.28,0.0,73.77,1.54,0.75,2.32,5.95,137.0,"1 unit,  (yield from 1 lb ready-to-cook duck)"
DUCK,"DUCK,DOMESTICATED,MEAT ONLY,CKD,RSTD",0.0,89,65,0.0,201,23.48,0.0,64.22,3.7,1.43,4.17,11.2,140.0,"1 cup, chopped or diced"
DUCK,"DUCK,DOMESTICATED,LIVER,RAW",3.53,515,0,0.0,136,18.74,0.0,71.78,0.71,0.63,1.44,4.64,44.0,1 liver
DUCK,"DUCK,WILD,MEAT&SKN,RAW",0.0,80,0,0.0,211,17.42,0.0,66.52,6.8,2.02,5.04,15.2,239.0,"1 unit,  (yield from 1 lb ready-to-cook duck)"
DUCK,"DUCK,WILD,BREAST,MEAT ONLY,RAW",0.0,77,0,0.0,123,19.85,0.0,75.51,1.21,0.58,1.32,4.25,73.0,"1 unit,  (yield from 1 lb ready-to-cook duck)"
GOOSE,"GOOSE,DOMESTICATED,MEAT&SKN,RAW",0.0,80,0,0.0,371,15.86,0.0,49.66,17.77,3.76,9.78,33.62,320.0,"1 unit,  (yield from 1 lb ready-to-cook goose)"
GOOSE,"GOOSE,DOMESTICATED,MEAT&SKN,CKD,RSTD",0.0,91,66,0.0,305,25.16,0.0,51.95,10.25,2.52,6.87,21.92,140.0,"1 cup, chopped or diced"
GOOSE,"GOOSE,DOMESTICATED,MEAT ONLY,RAW",0.0,84,0,0.0,161,22.75,0.0,68.3,1.85,0.9,2.79,7.13,185.0,"1 unit,  (yield from 1 lb ready-to-cook goose)"
GOOSE,"GOOSE,DOMESTICATED,MEAT ONLY,CKD,RSTD",0.0,96,0,0.0,238,28.97,0.0,57.23,4.34,1.54,4.56,12.67,143.0,"1 unit,  (yield from 1 lb ready-to-cook goose)"
GOOSE,"GOOSE,LIVER,RAW",6.32,515,0,0.0,133,16.37,0.0,71.78,0.81,0.26,1.59,4.28,94.0,1 liver
GUINEA HEN,"GUINEA HEN,MEAT&SKN,RAW",0.0,74,0,0.0,158,23.4,0.0,68.9,2.43,1.41,1.77,6.45,359.0,"1 unit,  (yield from 1 lb ready-to-cook guinea)"
GUINEA HEN,"GUINEA HEN,MEAT ONLY,RAW",0.0,63,0,0.0,110,20.64,0.0,74.44,0.68,0.59,0.64,2.47,275.0,"1 unit,  (yield from 1 lb ready-to-cook guinea)"
PHEASANT,"PHEASANT,RAW,MEAT&SKN",0.0,71,0,0.0,181,22.7,0.0,67.77,4.32,1.18,2.7,9.29,371.0,"1 unit,  (yield from 1 lb ready-to-eat pheasant)"
PHEASANT,"PHEASANT,RAW,MEAT ONLY",0.0,66,0,0.0,133,23.57,0.0,72.77,1.17,0.62,1.24,3.64,326.0,"1 unit,  (yield from 1 lb ready-to-eat pheasant)"
PHEASANT,"PHEASANT,BREAST,MEAT ONLY,RAW",0.0,58,0,0.0,133,24.37,0.0,72.4,1.04,0.55,1.1,3.25,169.0,"1 unit,  (yield from 1 lb ready-to-eat pheasant)"
PHEASANT,"PHEASANT,LEG,MEAT ONLY,RAW",0.0,80,0,0.0,134,22.2,0.0,73.4,1.38,0.73,1.46,4.3,99.0,"1 unit,  (yield from 1 lb ready-to-eat pheasant)"
QUAIL,"QUAIL,MEAT AND SKIN,RAW",0.0,76,0,0.0,192,19.63,0.0,69.65,4.18,2.98,3.38,12.05,109.0,1 quail
QUAIL,"QUAIL,MEAT ONLY,RAW",0.0,70,0,0.0,134,21.76,0.0,70.03,1.28,1.17,1.32,4.53,92.0,1 quail
QUAIL,"QUAIL,BREAST,MEAT ONLY,RAW",0.0,58,0,0.0,123,22.59,0.0,71.67,0.84,0.77,0.87,2.99,208.0,"1 unit,  (yield from 1 lb ready-to cook quail)"
SQUAB,"SQUAB,(PIGEON),MEAT&SKN,RAW",0.0,95,0,0.0,294,18.47,0.0,56.6,9.72,3.07,8.43,23.8,297.0,"1 unit,  (yield from 1 lb ready-to-cook squab)"
SQUAB,"SQUAB,(PIGEON),MEAT ONLY,RAW",0.0,90,0,0.0,142,17.5,0.0,72.8,2.66,1.6,1.96,7.5,251.0,"1 unit,  (yield from 1 lb ready-to-cook squab)"
SQUAB,"SQUAB,(PIGEON),LT MEAT WO/SKN,RAW",0.0,90,0,0.0,134,21.76,0.0,72.82,1.61,0.96,1.18,4.52,101.0,"1 breast, bone removed"
TURKEY,"TURKEY,ALL CLASSES,MEAT&SKN&GIBLETS&NECK,RAW",0.08,78,0,0.0,157,20.37,0.0,70.61,2.76,1.93,2.2,7.77,5554.0,1 turkey
TURKEY,"TURKEY,ALL CLASSES,MEAT&SKN&GIBLETS&NECK,CKD,RSTD",0.07,95,0,0.0,205,27.98,0.0,62.0,3.05,2.42,2.77,9.45,260.0,"1 unit,  (yield from 1 lb ready-to-cook turkey)"
TURKEY,"TURKEY,ALL CLASSES,MEAT&SKN,RAW",0.0,68,68,0.0,160,20.42,0.0,70.4,2.9,1.98,2.26,8.02,332.0,"1 unit,  (yield from 1 lb ready-to-cook turkey)"
TURKEY,"TURKEY,ALL CLASSES,MEAT&SKN,CKD,RSTD",0.0,82,70,0.0,208,28.1,0.0,61.7,3.19,2.48,2.84,9.73,140.0,"1 cup, chopped or diced"
TURKEY,"TURKEY,ALL CLASSES,MEAT ONLY,RAW",0.0,65,70,0.0,119,21.77,0.0,74.16,0.61,0.83,0.95,2.86,281.0,"1 unit,  (yield from 1 lb ready-to-cook turkey)"
TURKEY,"TURKEY,ALL CLASSES,MEAT ONLY,CKD,RSTD",0.0,76,82,0.0,170,29.32,0.0,64.88,1.03,1.43,1.64,4.97,140.0,"1 cup, chopped or diced"
TURKEY,"TURKEY,ALL CLASSES,SKN ONLY,RAW",0.0,91,0,0.0,387,12.71,0.0,49.55,15.73,8.45,9.63,36.91,51.0,"1 unit,  (yield from 1 lb ready-to-cook turkey)"
TURKEY,"TURKEY,ALL CLASSES,SKN ONLY,CKD,RSTD",0.0,113,0,0.0,442,19.7,0.0,39.65,16.9,9.08,10.34,39.66,32.0,"1 unit,  (yield from 1 lb ready-to-cook turkey)"
TURKEY,"TURKEY,ALL CLASSES,GIBLETS,RAW",2.09,282,0,0.0,129,19.36,0.0,73.18,0.91,1.03,1.26,4.2,16.0,"1 unit,  (yield from 1 lb ready-to-cook turkey)"
TURKEY,"TURKEY,ALL CLASSES,GIBLETS,CKD,SIMMRD,SOME GIBLET FAT",0.8,289,157,0.0,199,20.89,0.0,65.26,4.954,1.293,3.923,11.86,145.0,"1 cup, chopped or dice"
TURKEY,"TURKEY,GIZZARD,ALL CLASSES,RAW",0.0,197,90,0.0,118,19.14,0.0,76.18,1.588,0.777,1.312,4.58,98.67,1 gizzard
TURKEY,"TURKEY,GIZZARD,ALL CLASSES,CKD,SIMMRD",0.38,203,82,0.0,129,21.72,0.0,72.97,1.21,0.503,1.163,3.87,83.69,1 gizzard
TURKEY,"TURKEY,HEART,ALL CLASSES,RAW",0.41,147,127,0.0,113,17.13,0.0,76.62,1.391,1.272,1.316,4.79,27.15,1 heart
TURKEY,"TURKEY,HEART,ALL CLASSES,CKD,SIMMRD",0.68,184,172,0.0,136,21.47,0.0,71.98,1.138,1.191,1.289,4.64,20.71,1 heart
TURKEY,"TURKEY,LIVER,ALL CLASSES,RAW",2.26,331,222,0.0,228,17.84,0.0,62.29,7.397,1.65,5.507,16.36,100.47,1 liver
TURKEY,"TURKEY,LIVER,ALL CLASSES,CKD,SIMMRD",1.21,388,220,0.0,273,20.02,0.0,56.95,9.108,2.022,6.947,20.54,83.12,1 liver
TURKEY,"TURKEY,ALL CLASSES,NECK,MEAT ONLY,RAW",0.0,79,0,0.0,135,20.14,0.0,72.88,1.23,1.63,1.82,5.42,12.0,"1 unit,  (yield from 1 lb ready-to-cook turkey)"
TURKEY,"TURKEY,ALL CLASSES,NECK,MEAT ONLY,CKD,SIMMRD",0.0,122,75,0.0,180,26.84,0.0,65.19,1.65,2.18,2.44,7.26,10.0,"1 unit,  (yield from 1 lb ready-to-cook turkey)"
TURKEY,"TURKEY,ALL CLASSES,LT MEAT,MEAT&SKN,RAW",0.0,65,0,0.0,159,21.64,0.0,69.83,2.81,1.73,2.0,7.36,180.0,"1 unit,  (yield from 1 lb ready-to-cook turkey)"
TURKEY,"TURKEY,ALL CLASSES,LT MEAT,MEAT&SKN,CKD,RSTD",0.0,76,70,0.0,197,28.57,0.0,62.83,2.84,2.01,2.34,8.33,140.0,"1 cup, chopped or diced"
TURKEY,"TURKEY,ALL CLASSES,DK MEAT,MEAT&SKN,RAW",0.0,72,0,0.0,160,18.92,0.0,71.13,3.0,2.28,2.58,8.8,152.0,"1 unit,  (yield from 1 lb ready-to-cook turkey)"
TURKEY,"TURKEY,ALL CLASSES,DK MEAT,MEAT&SKN,CKD,RSTD",0.0,89,72,0.0,221,27.49,0.0,60.23,3.65,3.09,3.49,11.54,140.0,"1 cup, chopped or diced"
TURKEY,"TURKEY,ALL CLASSES,LT MEAT,RAW",0.0,60,0,0.0,115,23.56,0.0,73.82,0.27,0.42,0.5,1.56,150.0,"1 unit,  (yield from 1 lb ready-to-cook turkey)"
TURKEY,"TURKEY,ALL CLASSES,LT MEAT,CKD,RSTD",0.0,69,83,0.0,157,29.9,0.0,66.27,0.56,0.86,1.03,3.22,140.0,"1 cup, chopped or diced"
TURKEY,"TURKEY,ALL CLASSES,DK MEAT,RAW",0.0,69,0,0.0,125,20.07,0.0,74.48,0.99,1.31,1.47,4.38,132.0,"1 unit,  (yield from 1 lb ready-to-cook turkey)"
TURKEY,"TURKEY,ALL CLASSES,DK MEAT,CKD,RSTD",0.0,85,78,0.0,187,28.57,0.0,63.09,1.64,2.16,2.42,7.22,140.0,"1 cup, chopped or diced"
TURKEY,"TURKEY,ALL CLASSES,BACK,MEAT&SKN,RAW",0.0,74,0,0.0,196,18.11,0.0,67.78,4.94,3.23,3.66,13.11,361.0,".5 back, bone removed"
TURKEY,"TURKEY,ALL CLASSES,BACK,MEAT&SKN,CKD,RSTD",0.0,91,68,0.0,243,26.59,0.0,57.94,5.0,3.7,4.18,14.38,140.0,"1 cup, chopped or diced"
TURKEY,"TURKEY,ALL CLASSES,BREAST,MEAT&SKN,RAW",0.0,65,0,0.0,157,21.89,0.0,70.05,2.66,1.66,1.91,7.02,146.0,"1 unit,  (yield from 1 lb ready-to-cook turkey)"
TURKEY,"TURKEY,ALL CLASSES,BREAST,MEAT&SKN,CKD,RSTD",0.0,74,0,0.0,189,28.71,0.0,63.22,2.45,1.8,2.1,7.41,112.0,"1 unit,  (yield from 1 lb ready-to-cook turkey)"
TURKEY,"TURKEY,ALL CLASSES,LEG,MEAT&SKN,RAW",0.0,71,0,0.0,144,19.54,0.0,72.69,2.06,1.83,2.06,6.72,105.0,"1 unit,  (yield from 1 lb ready-to-cook turkey)"
TURKEY,"TURKEY,ALL CLASSES,LEG,MEAT&SKN,CKD,RSTD",0.0,85,71,0.0,208,27.87,0.0,61.19,2.87,2.72,3.06,9.82,71.0,"1 unit,  (yield from 1 lb ready-to-cook turkey)"
TURKEY,"TURKEY,ALL CLASSES,WING,MEAT&SKN,RAW",0.0,70,0,0.0,197,20.22,0.0,66.49,4.97,2.86,3.28,12.32,33.0,"1 unit,  (yield from 1 lb ready-to-cook turkey)"
TURKEY,"TURKEY,ALL CLASSES,WING,MEAT&SKN,CKD,RSTD",0.0,81,69,0.0,229,27.38,0.0,59.49,4.66,2.94,3.39,12.43,24.0,"1 unit,  (yield from 1 lb ready-to-cook turkey)"
TURKEY,"TURKEY,FRYER-ROASTERS,MEAT&SKN&GIBLETS&NECK,RAW",0.05,92,0,0.0,133,22.15,0.0,72.9,1.47,1.07,1.22,4.25,2410.0,1 turkey
TURKEY,"TURKEY,FRYER-ROASTERS,MEAT&SKN&GIBLETS&NECK,CKD,RSTD",0.04,118,0,0.0,171,28.08,0.0,65.95,1.89,1.44,1.64,5.64,251.0,"1 unit,  (yield from 1 lb ready-to-cook turkey)"
TURKEY,"TURKEY,FRYER-ROASTERS,MEAT&SKN,RAW",0.0,81,0,0.0,134,22.37,0.0,72.74,1.52,1.06,1.21,4.25,310.0,"1 unit,  (yield from 1 lb ready-to-cook turkey)"
TURKEY,"TURKEY,FRYER-ROASTERS,MEAT&SKN,CKD,RSTD",0.0,105,70,0.0,172,28.26,0.0,65.76,1.96,1.45,1.65,5.72,229.0,"1 unit,  (yield from 1 lb ready-to-cook turkey)"
TURKEY,"TURKEY,FRYER-ROASTERS,MEAT ONLY,RAW",0.0,73,0,0.0,110,22.32,0.0,75.42,0.35,0.47,0.53,1.58,272.0,"1 unit,  (yield from 1 lb ready-to-cook turkey)"
TURKEY,"TURKEY,FRYER-ROASTERS,MEAT ONLY,CKD,RSTD",0.0,98,0,0.0,150,29.56,0.0,67.57,0.56,0.77,0.87,2.63,140.0,"1 cup, chopped or diced"
TURKEY,"TURKEY,FRYER-ROASTERS,SKN ONLY,RAW",0.0,139,0,0.0,283,16.6,0.0,59.86,10.03,5.39,6.14,23.54,38.0,"1 unit,  (yield from 1 lb ready-to-cook turkey)"
TURKEY,"TURKEY,FRYER-ROASTERS,SKN ONLY,CKD,RSTD",0.0,144,0,0.0,299,20.94,0.0,55.46,9.92,5.33,6.07,23.28,34.0,"1 unit,  (yield from 1 lb ready-to-cook turkey)"
TURKEY,"TURKEY,FRYER-ROASTERS,LT MEAT,MEAT&SKN,RAW",0.0,76,0,0.0,133,23.09,0.0,72.49,1.52,0.89,1.02,3.81,159.0,"1 unit,  (yield from 1 lb ready-to-cook turkey)"
TURKEY,"TURKEY,FRYER-ROASTERS,LT MEAT,MEAT&SKN,CKD,RSTD",0.0,95,0,0.0,164,28.77,0.0,66.54,1.7,1.09,1.25,4.58,123.0,"1 unit,  (yield from 1 lb ready-to-cook turkey)"
TURKEY,"TURKEY,FRYER-ROASTERS,DK MEAT,MEAT&SKN,RAW",0.0,87,0,0.0,129,20.06,0.0,74.56,1.55,1.27,1.43,4.79,151.0,"1 unit,  (yield from 1 lb ready-to-cook turkey)"
TURKEY,"TURKEY,FRYER-ROASTERS,DK MEAT,MEAT&SKN,CKD,RSTD",0.0,117,0,0.0,182,27.69,0.0,64.82,2.27,1.88,2.12,7.06,106.0,"1 unit,  (yield from 1 lb ready-to-cook turkey)"
TURKEY,"TURKEY,FRYER-ROASTERS,LT MEAT,MEAT ONLY,RAW",0.0,66,0,0.0,108,24.18,0.0,74.61,0.09,0.13,0.16,0.49,136.0,"1 unit,  (yield from 1 lb ready-to-cook turkey)"
TURKEY,"TURKEY,FRYER-ROASTERS,LT MEAT,MEAT ONLY,CKD,RSTD",0.0,86,0,0.0,140,30.19,0.0,68.56,0.21,0.31,0.38,1.18,140.0,"1 cup, chopped or diced"
TURKEY,"TURKEY,FRYER-ROASTERS,DK MEAT,MEAT ONLY,RAW",0.0,81,0,0.0,111,20.46,0.0,76.22,0.61,0.8,0.9,2.67,136.0,"1 unit,  (yield from 1 lb ready-to-cook turkey)"
TURKEY,"TURKEY,FRYER-ROASTERS,DK MEAT,MEAT ONLY,CKD,RSTD",0.0,112,0,0.0,162,28.84,0.0,66.39,0.98,1.29,1.45,4.31,140.0,"1 cup, chopped or diced"
TURKEY,"TURKEY,FRYER-ROASTERS,BACK,MEAT&SKN,RAW",0.0,86,0,0.0,151,19.89,0.0,72.47,2.5,1.88,2.12,7.27,183.0,".5 back, bone removed"
TURKEY,"TURKEY,FRYER-ROASTERS,BACK,MEAT&SKN,CKD,RSTD",0.0,108,0,0.0,204,26.15,0.0,63.27,3.53,2.64,2.99,10.24,130.0,".5 back, bone removed"
TURKEY,"TURKEY,FRYER-ROASTERS,BACK,MEAT ONLY,RAW",0.0,74,0,0.0,120,20.66,0.0,75.37,0.8,1.05,1.18,3.51,43.0,"1 unit,  (yield from 1 lb ready-to-cook turkey)"
TURKEY,"TURKEY,FRYER-ROASTERS,BACK,MEAT ONLY,CKD,RSTD",0.0,95,0,0.0,170,28.02,0.0,66.01,1.28,1.69,1.89,5.64,27.0,"1 unit,  (yield from 1 lb ready-to-cook turkey)"
TURKEY,"TURKEY,FRYER-ROASTERS,BREAST,MEAT&SKN,RAW",0.0,70,0,0.0,125,23.76,0.0,72.88,1.0,0.63,0.72,2.65,123.0,"1 unit,  (yield from 1 lb ready-to-cook turkey)"
TURKEY,"TURKEY,FRYER-ROASTERS,BREAST,MEAT&SKN,CKD,RSTD",0.0,90,0,0.0,153,29.07,0.0,67.63,1.2,0.76,0.87,3.2,98.0,"1 unit,  (yield from 1 lb ready-to-cook turkey)"
TURKEY,"TURKEY,FRYER-ROASTERS,BREAST,MEAT ONLY,RAW",0.0,62,0,0.0,111,24.6,0.0,74.12,0.11,0.17,0.21,0.65,111.0,"1 unit,  (yield from 1 lb ready-to-cook turkey)"
TURKEY,"TURKEY,FRYER-ROASTERS,BREAST,MEAT ONLY,CKD,RSTD",0.0,83,84,0.0,135,30.06,0.0,68.4,0.13,0.2,0.24,0.74,87.0,"1 unit,  (yield from 1 lb ready-to-cook turkey)"
TURKEY,"TURKEY,FRYER-ROASTERS,LEG,MEAT&SKN,RAW",0.0,87,0,0.0,118,20.13,0.0,75.61,1.08,0.97,1.1,3.57,99.0,"1 unit,  (yield from 1 lb ready-to-cook turkey)"
TURKEY,"TURKEY,FRYER-ROASTERS,LEG,MEAT&SKN,CKD,RSTD",0.0,70,0,0.0,170,28.49,0.0,65.62,1.61,1.48,1.67,5.41,70.0,"1 unit,  (yield from 1 lb ready-to-cook turkey)"
TURKEY,"TURKEY,FRYER-ROASTERS,LEG,MEAT ONLY,RAW",0.0,84,0,0.0,108,20.35,0.0,76.62,0.54,0.71,0.8,2.37,93.0,"1 unit,  (yield from 1 lb ready-to-cook turkey)"
TURKEY,"TURKEY,FRYER-ROASTERS,LEG,MEAT ONLY,CKD,RSTD",0.0,119,0,0.0,159,29.19,0.0,66.54,0.86,1.13,1.27,3.77,64.0,"1 unit,  (yield from 1 lb ready-to-cook turkey)"
TURKEY,"TURKEY,FRYER-ROASTERS,WING,MEAT&SKN,RAW",0.0,98,0,0.0,159,20.85,0.0,71.19,3.09,1.8,2.06,7.72,36.0,"1 unit,  (yield from 1 lb ready-to-cook turkey)"
TURKEY,"TURKEY,FRYER-ROASTERS,WING,MEAT&SKN,CKD,RSTD",0.0,115,0,0.0,207,27.65,0.0,62.3,3.62,2.35,2.71,9.87,25.0,"1 unit,  (yield from 1 lb ready-to-cook turkey)"
TURKEY,"TURKEY,FRYER-ROASTERS,WING,MEAT ONLY,RAW",0.0,81,0,0.0,106,22.49,0.0,75.82,0.2,0.3,0.36,1.12,26.0,"1 unit,  (yield from 1 lb ready-to-cook turkey)"
TURKEY,"TURKEY,FRYER-ROASTERS,WING,MEAT ONLY,CKD,RSTD",0.0,102,85,0.0,163,30.85,0.0,65.6,0.6,0.92,1.1,3.44,17.0,"1 unit,  (yield from 1 lb ready-to-cook turkey)"
TURKEY,"TURKEY,YOUNG HEN,MEAT&SKN&GIBLETS&NECK,RAW",0.11,73,0,0.0,166,20.15,0.0,69.74,3.13,2.18,2.49,8.78,4457.0,1 turkey
TURKEY,"TURKEY,YOUNG HEN,MEAT&SKN&GIBLETS&NECK,CKD,RSTD",0.07,94,0,0.0,215,28.0,0.0,61.34,3.39,2.7,3.1,10.55,263.0,"1 unit,  (yield from 1 lb ready-to-cook turkey)"
TURKEY,"TURKEY,YOUNG HEN,MEAT&SKN,RAW",0.0,63,0,0.0,168,20.18,0.0,69.5,3.3,2.25,2.56,9.09,327.0,"1 unit,  (yield from 1 lb ready-to-cook turkey)"
TURKEY,"TURKEY,YOUNG HEN,MEAT&SKN,CKD,RSTD",0.0,78,0,0.0,218,28.09,0.0,61.04,3.54,2.78,3.18,10.88,243.0,"1 unit,  (yield from 1 lb ready-to-cook turkey)"
TURKEY,"TURKEY,YOUNG HEN,MEAT ONLY,RAW",0.0,60,0,0.0,122,21.76,0.0,73.77,0.68,0.92,1.05,3.18,276.0,"1 unit,  (yield from 1 lb ready-to-cook turkey)"
TURKEY,"TURKEY,YOUNG HEN,MEAT ONLY,CKD,RSTD",0.0,73,0,0.0,175,29.25,0.0,64.43,1.14,1.58,1.82,5.51,140.0,"1 cup, chopped or diced"
TURKEY,"TURKEY,YOUNG HEN,SKN ONLY,RAW",0.0,81,0,0.0,417,11.79,0.0,46.8,17.31,9.3,10.6,40.62,51.0,"1 unit,  (yield from 1 lb ready-to-cook turkey)"
TURKEY,"TURKEY,YOUNG HEN,SKN ONLY,CKD,RSTD",0.0,106,0,0.0,482,19.03,0.0,35.53,18.94,10.18,11.59,44.45,31.0,"1 unit,  (yield from 1 lb ready-to-cook turkey)"
TURKEY,"TURKEY,YOUNG HEN,LT MEAT,MEAT&SKN,RAW",0.0,62,0,0.0,165,21.51,0.0,69.13,3.1,1.91,2.19,8.1,175.0,"1 unit,  (yield from 1 lb ready-to-cook turkey)"
TURKEY,"TURKEY,YOUNG HEN,LT MEAT,MEAT&SKN,CKD,RSTD",0.0,74,0,0.0,207,28.64,0.0,62.14,3.15,2.28,2.65,9.4,137.0,"1 unit,  (yield from 1 lb ready-to-cook turkey)"
TURKEY,"TURKEY,YOUNG HEN,DK MEAT,MEAT&SKN,RAW",0.0,65,0,0.0,172,18.65,0.0,69.92,3.53,2.64,2.99,10.25,152.0,"1 unit,  (yield from 1 lb ready-to-cook turkey)"
TURKEY,"TURKEY,YOUNG HEN,DK MEAT,MEAT&SKN,CKD,RSTD",0.0,84,0,0.0,232,27.37,0.0,59.61,4.06,3.42,3.86,12.78,106.0,"1 unit,  (yield from 1 lb ready-to-cook turkey)"
TURKEY,"TURKEY,YOUNG HEN,LT MEAT,MEAT ONLY,RAW",0.0,58,0,0.0,116,23.64,0.0,73.57,0.29,0.44,0.53,1.66,147.0,"1 unit,  (yield from 1 lb ready-to-cook turkey)"
TURKEY,"TURKEY,YOUNG HEN,LT MEAT,MEAT ONLY,CKD,RSTD",0.0,68,0,0.0,161,29.89,0.0,65.74,0.66,1.0,1.19,3.74,140.0,"1 cup, chopped or diced"
TURKEY,"TURKEY,YOUNG HEN,DK MEAT,MEAT ONLY,RAW",0.0,62,0,0.0,130,20.07,0.0,74.03,1.11,1.46,1.64,4.88,130.0,"1 unit,  (yield from 1 lb ready-to-cook turkey)"
TURKEY,"TURKEY,YOUNG HEN,DK MEAT,MEAT ONLY,CKD,RSTD",0.0,80,0,0.0,192,28.42,0.0,62.74,1.77,2.33,2.61,7.79,140.0,"1 cup, chopped or diced"
TURKEY,"TURKEY,YOUNG HEN,BACK,MEAT&SKN,RAW",0.0,68,0,0.0,218,17.51,0.0,65.61,6.12,3.89,4.41,15.93,298.0,".5 back, bone removed"
TURKEY,"TURKEY,YOUNG HEN,BACK,MEAT&SKN,CKD,RSTD",0.0,85,0,0.0,254,26.41,0.0,56.91,5.45,4.01,4.54,15.64,217.0,".5 back, bone removed"
TURKEY,"TURKEY,YOUNG HEN,BREAST,MEAT&SKN,RAW",0.0,62,0,0.0,167,21.62,0.0,69.0,3.19,1.95,2.25,8.3,139.0,"1 unit,  (yield from 1 lb ready-to-cook turkey)"
TURKEY,"TURKEY,YOUNG HEN,BREAST,MEAT&SKN,CKD,RSTD",0.0,72,0,0.0,194,28.8,0.0,62.69,2.5,1.93,2.25,7.86,109.0,"1 unit,  (yield from 1 lb ready-to-cook turkey)"
TURKEY,"TURKEY,YOUNG HEN,LEG,MEAT&SKN,RAW",0.0,63,0,0.0,151,19.46,0.0,72.04,2.29,2.04,2.29,7.5,105.0,"1 unit,  (yield from 1 lb ready-to-cook turkey)"
TURKEY,"TURKEY,YOUNG HEN,LEG,MEAT&SKN,CKD,RSTD",0.0,82,0,0.0,213,27.73,0.0,60.73,3.04,2.91,3.28,10.5,71.0,"1 unit,  (yield from 1 lb ready-to-cook turkey)"
TURKEY,"TURKEY,YOUNG HEN,WING,MEAT&SKN,RAW",0.0,65,0,0.0,210,19.93,0.0,65.18,5.62,3.22,3.68,13.87,36.0,"1 unit,  (yield from 1 lb ready-to-cook turkey)"
TURKEY,"TURKEY,YOUNG HEN,WING,MEAT&SKN,CKD,RSTD",0.0,77,0,0.0,238,27.3,0.0,58.53,5.02,3.19,3.68,13.46,28.0,"1 unit,  (yield from 1 lb ready-to-cook turkey)"
TURKEY,"TURKEY,YOUNG TOM,MEAT&SKN&GIBLETS&NECK,RAW",0.08,81,0,0.0,152,20.39,0.0,71.14,2.55,1.79,2.05,7.21,8399.0,1 turkey
TURKEY,"TURKEY,YOUNG TOM,MEAT&SKN&GIBLETS&NECK,CKD,RSTD",0.1,96,0,0.0,199,27.97,0.0,62.18,2.86,2.26,2.58,8.81,258.0,"1 unit,  (yield from 1 lb ready-to-cook turkey)"
TURKEY,"TURKEY,YOUNG TOM,MEAT&SKN,RAW",0.0,72,0,0.0,154,20.45,0.0,70.96,2.68,1.84,2.1,7.43,338.0,"1 unit,  (yield from 1 lb ready-to-cook turkey)"
TURKEY,"TURKEY,YOUNG TOM,MEAT&SKN,CKD,RSTD",0.0,82,0,0.0,202,28.09,0.0,61.92,2.98,2.31,2.64,9.06,239.0,"1 unit,  (yield from 1 lb ready-to-cook turkey)"
TURKEY,"TURKEY,YOUNG TOM,MEAT ONLY,RAW",0.0,68,0,0.0,117,21.72,0.0,74.38,0.57,0.78,0.89,2.7,286.0,"1 unit,  (yield from 1 lb ready-to-cook turkey)"
TURKEY,"TURKEY,YOUNG TOM,MEAT ONLY,CKD,RSTD",0.0,77,0,0.0,168,29.36,0.0,65.05,0.98,1.35,1.54,4.68,140.0,"1 cup, chopped or diced"
TURKEY,"TURKEY,YOUNG TOM,SKN ONLY,RAW",0.0,95,0,0.0,368,13.24,0.0,51.25,14.73,7.92,9.02,34.56,51.0,"1 unit,  (yield from 1 lb ready-to-cook turkey)"
TURKEY,"TURKEY,YOUNG TOM,SKN ONLY,CKD,RSTD",0.0,117,0,0.0,422,20.14,0.0,41.54,15.87,8.53,9.72,37.25,32.0,"1 unit,  (yield from 1 lb ready-to-cook turkey)"
TURKEY,"TURKEY,YOUNG TOM,LT MEAT,MEAT&SKN,RAW",0.0,67,0,0.0,156,21.63,0.0,70.2,2.68,1.66,1.91,7.04,185.0,"1 unit,  (yield from 1 lb ready-to-cook turkey)"
TURKEY,"TURKEY,YOUNG TOM,LT MEAT,MEAT&SKN,CKD,RSTD",0.0,75,0,0.0,191,28.48,0.0,63.13,2.66,1.86,2.15,7.7,136.0,"1 unit,  (yield from 1 lb ready-to-cook turkey)"
TURKEY,"TURKEY,YOUNG TOM,DK MEAT,MEAT&SKN,RAW",0.0,77,0,0.0,152,19.05,0.0,71.88,2.66,2.06,2.32,7.89,152.0,"1 unit,  (yield from 1 lb ready-to-cook turkey)"
TURKEY,"TURKEY,YOUNG TOM,DK MEAT,MEAT&SKN,CKD,RSTD",0.0,91,0,0.0,216,27.58,0.0,60.33,3.41,2.91,3.28,10.85,103.0,"1 unit,  (yield from 1 lb ready-to-cook turkey)"
TURKEY,"TURKEY,YOUNG TOM,LT MEAT,MEAT ONLY,RAW",0.0,62,0,0.0,114,23.43,0.0,73.96,0.28,0.42,0.5,1.57,154.0,"1 unit,  (yield from 1 lb ready-to-cook turkey)"
TURKEY,"TURKEY,YOUNG TOM,LT MEAT,MEAT ONLY,CKD,RSTD",0.0,69,0,0.0,154,29.88,0.0,66.56,0.51,0.78,0.93,2.92,140.0,"1 cup, chopped or diced"
TURKEY,"TURKEY,YOUNG TOM,DK MEAT,MEAT ONLY,RAW",0.0,75,0,0.0,123,20.04,0.0,74.7,0.93,1.23,1.38,4.11,133.0,"1 unit,  (yield from 1 lb ready-to-cook turkey)"
TURKEY,"TURKEY,YOUNG TOM,DK MEAT,MEAT ONLY,CKD,RSTD",0.0,88,0,0.0,185,28.68,0.0,63.07,1.58,2.09,2.34,6.98,140.0,"1 cup, chopped or diced"
TURKEY,"TURKEY,YOUNG TOM,BACK,MEAT&SKN,RAW",0.0,79,0,0.0,179,18.47,0.0,69.29,4.12,2.78,3.14,11.14,524.0,".5 back, bone removed"
TURKEY,"TURKEY,YOUNG TOM,BACK,MEAT&SKN,CKD,RSTD",0.0,94,0,0.0,238,26.8,0.0,58.33,4.73,3.51,3.97,13.65,380.0,".5 back, bone removed"
TURKEY,"TURKEY,YOUNG TOM,BREAST,MEAT&SKN,RAW",0.0,67,0,0.0,151,21.96,0.0,70.68,2.36,1.5,1.73,6.34,155.0,"1 unit,  (yield from 1 lb ready-to-cook turkey)"
TURKEY,"TURKEY,YOUNG TOM,BREAST,MEAT&SKN,CKD,RSTD",0.0,75,0,0.0,189,28.61,0.0,63.3,2.51,1.79,2.08,7.39,115.0,"1 unit,  (yield from 1 lb ready-to-cook turkey)"
TURKEY,"TURKEY,YOUNG TOM,LEG,MEAT&SKN,RAW",0.0,76,0,0.0,141,19.54,0.0,72.98,1.94,1.72,1.94,6.34,107.0,"1 unit,  (yield from 1 lb ready-to-cook turkey)"
TURKEY,"TURKEY,YOUNG TOM,LEG,MEAT&SKN,CKD,RSTD",0.0,90,0,0.0,206,27.93,0.0,61.18,2.83,2.66,2.99,9.63,805.0,"1 leg, bone removed (yield after cooking)"
TURKEY,"TURKEY,YOUNG TOM,WING,MEAT&SKN,RAW",0.0,72,0,0.0,188,20.45,0.0,67.32,4.5,2.61,2.99,11.22,30.0,"1 unit,  (yield from 1 lb ready-to-cook turkey)"
TURKEY,"TURKEY,YOUNG TOM,WING,MEAT&SKN,CKD,RSTD",0.0,81,0,0.0,221,27.45,0.0,60.31,4.35,2.72,3.13,11.5,21.0,"1 unit,  (yield from 1 lb ready-to-cook turkey)"
CHICKEN,"CHICKEN,CND,MEAT ONLY,W/BROTH",0.0,62,64,0.0,165,21.77,0.0,68.65,3.15,1.75,2.2,7.95,142.0,"1 can,  (5 oz)"
PATE DE FOIE GRAS,"PATE DE FOIE GRAS,CND (GOOSE LIVER PATE),SMOKED",4.67,150,0,0.0,462,11.4,0.0,37.04,25.61,0.84,14.45,43.84,13.0,1 tbsp
TURKEY,"TURKEY,CND,MEAT ONLY,W/BROTH",0.0,66,74,0.0,163,23.68,0.0,66.07,2.26,1.75,2.0,6.86,135.0,"1 cup,  drained"
TURKEY,"TURKEY,DICED,LT&DK MEAT,SEASONED",1.0,55,0,0.0,138,18.7,0.0,71.7,1.98,1.53,1.75,6.0,28.35,1 oz
TURKEY AND GRAVY,"TURKEY AND GRAVY,FROZEN",4.61,18,0,0.0,67,5.88,0.0,85.07,0.97,0.47,0.85,2.63,240.0,1 cup
TURKEY PATTIES,"TURKEY PATTIES,BREADED,BATTERED,FRIED",15.7,75,55,0.5,283,14.0,0.319999993,49.7,7.47,4.71,4.69,18.0,28.0,"1 medium, slice (approx 3"" x 2"" x 1/4"")"
TURKEY BREAST,"TURKEY BREAST,PRE-BASTED,MEAT&SKN,CKD,RSTD",0.0,42,0,0.0,126,22.16,0.0,70.91,1.14,0.84,0.98,3.46,864.0,".5 breast, bone removed"
TURKEY THIGH,"TURKEY THIGH,PRE-BASTED,MEAT&SKN,CKD,RSTD",0.0,62,0,0.0,157,18.8,0.0,70.6,2.53,2.35,2.65,8.54,314.0,"1 thigh, bone removed"
TURKEY RST,"TURKEY RST,BNLESS,FRZ,SEASONED,LT&DK MEAT,RAW",6.4,53,0,0.0,120,17.6,0.0,70.4,0.47,0.64,0.73,2.2,1134.0,"1 box,  (net weight, 2.5 lb)"
TURKEY RST,"TURKEY RST,BNLESS,FRZ,SEASONED,LT&DK MEAT,RSTD",3.07,53,64,0.0,155,21.32,0.0,67.84,1.2,1.66,1.9,5.78,135.0,"1 cup, chopped or diced"
TURKEY STKS,"TURKEY STKS,BREADED,BATTERED,FRIED",17.0,64,0,0.0,279,14.2,0.0,49.4,6.92,4.39,4.38,16.9,64.0,"1 stick,  (2.25 oz)"
POULTRY,"POULTRY,MECHANICALLY DEBONED,FROM BACKS&NECKS W/SKN,RAW",0.0,130,0,0.0,272,11.39,0.0,62.66,10.44,4.96,7.45,24.73,227.0,.5 lb
POULTRY,"POULTRY,MECHANICALLY DEBONED,FROM BACKS&NECKS WO/SKN,RAW",0.0,104,0,0.0,199,13.79,0.0,69.29,7.41,2.28,4.71,15.48,227.0,.5 lb
POULTRY,"POULTRY,MECHANICALLY DEBONED,FROM MATURE HENS,RAW",0.0,143,0,0.0,243,14.72,0.0,62.95,9.3,4.55,4.73,19.98,227.0,.5 lb
TURKEY,"TURKEY,MECHANICALLY DEBONED,FROM TURKEY FRAMES,RAW",0.0,95,0,0.0,201,13.29,0.0,69.09,5.02,4.51,5.31,15.96,227.0,.5 lb
POULTRY FD PRODUCTS,"POULTRY FD PRODUCTS,GROUND TURKEY,RAW",0.0,79,0,0.0,149,17.46,0.0,71.97,3.1,2.0,2.25,8.26,453.6,1 lb
POULTRY FD PRODUCTS,"POULTRY FD PRODUCTS,GROUND TURKEY,CKD",0.0,102,75,0.0,235,27.36,0.0,59.42,4.89,3.23,3.39,13.15,82.0,"1 patty,  (4 oz, raw) (yield after cooking)"
CHICKEN,"CHICKEN,CORNISH GAME HENS,MEAT&SKN,RAW",0.0,101,0,0.0,200,17.15,0.0,68.18,6.16,2.77,3.89,14.02,168.0,.5 bird
CHICKEN,"CHICKEN,CORNISH GAME HENS,MEAT&SKN,CKD,RSTD",0.0,131,56,0.0,260,22.27,0.0,58.68,8.0,3.6,5.05,18.21,257.0,"1 bird, whole"
CHICKEN,"CHICKEN,CORNISH GAME HENS,MEAT ONLY,RAW",0.0,91,0,0.0,116,20.04,0.0,75.84,1.07,0.81,0.85,3.33,239.0,"1 bird, whole"
CHICKEN,"CHICKEN,CORNISH GAME HENS,MEAT ONLY,CKD,RSTD",0.0,106,66,0.0,134,23.3,0.0,71.9,1.24,0.94,0.99,3.87,220.0,"1 bird, whole"
CHICKEN,"CHICKEN,CANNED,NO BROTH",0.8,50,74,0.0,184,25.3,0.0,64.9,3.279,1.978,2.25,8.1,205.0,1 cup
CHICKEN,"CHICKEN,WING,FRZ,GLAZED,BARBECUE FLAV",3.34,126,0,0.600000024,211,19.67,2.039999962,61.79,5.766,2.359,3.321,12.67,29.33,1 piece
CHICKEN,"CHICKEN,WING,FRZ,GLAZED,BARBECUE FLAV,HTD (MICROWAVE)",3.84,156,0,0.899999976,248,25.34,2.099999905,53.89,6.297,2.599,3.655,13.9,74.32,1 serving
DUCK,"DUCK,YNG DUCKLING,DOM,WH PEKIN,BRST,MEAT&SKN,BNLESS,CKD,RSTD",0.0,136,0,0.0,202,24.5,0.0,63.25,5.428,1.632,2.922,10.85,56.0,"1 unit,  (yield from 1 lb ready-to-cook duck)"
DUCK,"DUCK,YNG DUCKL,DOM,WH PEKIN,BRST,MEAT,BNLESS,CKD WO/SKN,BRLD",0.0,143,0,0.0,140,27.6,0.0,68.25,0.871,0.378,0.578,2.5,174.0,"1 cup, chopped or diced"
DUCK,"DUCK,YNG DUCKLING,DOM,WH PEKIN,LEG,MEAT&SKN,BONE IN,CKD,RSTD",0.0,114,0,0.0,217,26.75,0.0,60.9,5.617,1.896,2.975,11.4,92.0,"1 leg, bone removed (yield after cooking)"
DUCK,"DUCK,YNG DUCKL,DOM,WH PEKIN,LEG,MEAT,BONE IN,CKD WO/SKN,BRSD",0.0,105,0,0.0,178,29.1,0.0,64.6,2.637,0.909,1.339,5.96,174.0,"1 cup, chopped or diced, cooked"
CHICKEN,"CHICKEN,WING,FRZ,GLAZED,BBQ FLAV,HTD (CONVENTIONAL OVEN)",3.36,136,0,0.5,242,22.24,1.940000057,57.25,6.737,2.838,3.966,14.87,95.96,1 serving
CHICKEN NUGGETS,"CHICKEN NUGGETS,FRZ,CKD",14.09,43,41,2.099999905,296,15.27,0.0,48.59,8.862,4.376,3.992,19.82,0.0,
CHICKEN NUGGETS,"CHICKEN NUGGETS,FRZ,UNCKD",14.38,36,46,2.400000095,276,13.89,0.0,51.55,8.266,4.393,3.575,18.06,0.0,
CHICKEN PATTY,"CHICKEN PATTY,FRZ,UNCKD",13.61,45,45,1.200000048,292,14.33,0.0,50.04,8.98,5.204,4.013,20.04,0.0,
CHICKEN PATTY,"CHICKEN PATTY,FRZ,CKD",12.84,43,34,0.300000012,287,14.85,0.0,50.82,8.337,4.805,3.662,19.58,0.0,
CHICKEN BREAST TENDERS,"CHICKEN BREAST TENDERS,CKD,CONVENTIONAL OVEN",17.0,44,39,1.299999952,293,15.78,0.409999996,47.76,6.787,3.038,3.786,17.69,0.0,
CHICKEN BREAST TENDERS,"CHICKEN BREAST TENDERS,CKD,MICROWAVED",17.56,45,41,0.0,252,16.35,0.0,51.34,5.71,2.79,3.2,12.89,0.0,
CHICKEN BREAST TENDERS,"CHICKEN BREAST TENDERS,UNCKD",15.01,41,96,1.100000024,263,14.73,0.370000005,52.74,6.48,3.34,3.26,15.75,0.0,
CHICKEN,"CHICKEN,GROUND,RAW",0.04,86,59,0.0,143,17.44,0.0,73.24,3.611,1.508,2.301,8.1,112.0,"4 oz, crumbled"
CHICKEN,"CHICKEN,GROUND,CRUMBLES,CKD,PAN-BROWNED",0.0,107,59,0.0,189,23.28,0.0,64.92,4.879,2.08,3.11,10.92,85.05,"3 oz, crumbled"
CHICK,"CHICK,FEET,BOILED",0.2,84,13,0.0,215,19.4,0.0,65.8,5.5,2.98,3.92,14.6,0.0,
USDA CMDTY CHICK,"USDA CMDTY CHICK,CND,MEAT ONLY,DRND",0.0,83,74,0.0,162,27.52,0.0,67.29,2.047,1.313,1.572,5.72,0.0,
USDA CMDTY,"USDA CMDTY,CHICK,CND,MEAT ONLY,W/ H2O",0.0,67,59,0.0,129,22.02,0.0,73.31,1.637,1.05,1.258,4.58,0.0,
USDA CMDTY,"USDA CMDTY,CHICK,CND,MEAT ONLY,W/ BROTH",0.23,67,60,0.0,133,22.41,0.029999999,72.55,1.691,1.075,1.293,4.69,0.0,
CHICKEN,"CHICKEN,BROILERS OR FRYERS,BACK,MEAT ONLY,CKD,ROTISSERIE,ORI",0.0,123,64,0.0,205,25.34,0.0,61.24,4.898,1.701,3.007,11.54,0.0,
CHICKEN,"CHICKEN,BROILERS OR FRYERS,BREAST,MEAT ONLY,CKD,ROTISSERIE,O",0.0,89,64,0.0,148,29.07,0.0,66.67,1.412,0.48,0.843,3.49,0.0,
CHICKEN,"CHICKEN,BROILERS OR FRYERS,DRUMSTK,MEAT ONLY,CKD,ROTISSERIE,",0.0,160,86,0.0,176,28.74,0.0,63.05,2.855,1.041,1.594,6.81,0.0,
CHICKEN,"CHICKEN,BROILERS OR FRYERS,SKN ONLY,CKD,ROTISSERIE,ORIGINAL",0.12,141,46,0.0,406,17.66,0.109999999,43.76,16.793,5.423,9.994,37.24,0.0,
CHICKEN,"CHICKEN,BROILERS OR FRYERS,THIGH,MEAT ONLY,CKD,ROTISSERIE,OR",0.0,130,68,0.0,196,24.06,0.0,63.89,4.878,1.673,2.866,11.09,0.0,
CHICKEN,"CHICKEN,BROILERS OR FRYERS,WING,MEAT ONLY,CKD,ROTISSERIE,ORI",0.0,140,68,0.0,197,27.69,0.0,61.13,3.766,1.323,2.223,9.53,0.0,
CHICKEN,"CHICKEN,BROILERS OR FRYERS,BACK,MEAT & SKN,CKD,ROTISSERIE,OR",0.03,128,59,0.0,260,23.23,0.029999999,56.44,8.162,2.723,4.924,18.59,0.0,
CHICKEN,"CHICKEN,BROILERS OR FRYERS,BREAST,MEAT & SKN,CKD,ROTISSERIE,",0.02,96,62,0.0,184,27.48,0.02,63.49,3.548,1.166,2.114,8.18,0.0,
CHICKEN,"CHICKEN,BROILERS OR FRYERS,DRUMSTK,MEAT & SKN,CKD,ROTISSERIE",0.02,156,79,0.0,215,26.86,0.02,59.78,5.22,1.785,3.02,11.98,0.0,
CHICKEN,"CHICKEN,BROILERS OR FRYERS,THIGH,MEAT & SKN,CKD,ROTISSERIE,O",0.02,132,64,0.0,233,22.93,0.02,60.34,6.979,2.334,4.123,15.7,0.0,
CHICKEN,"CHICKEN,BROILERS OR FRYERS,WING,MEAT & SKN,CKD,ROTISSERIE,OR",0.04,140,60,0.0,266,24.34,0.039999999,55.34,8.109,2.69,4.814,18.77,0.0,
USDA CMDTY,"USDA CMDTY,CHICK FAJITA STRIPS,FRZ",2.23,88,68,0.0,135,18.56,0.0,70.6,2.333,1.089,1.596,5.73,9.39,1 strip
USDA CMDTY,"USDA CMDTY,TURKEY TACO MEAT,FRZ,CKD",3.03,71,53,0.0,148,16.8,0.0,70.0,2.59,2.11,1.765,7.58,183.43,1 cup
USDA COMMODITY,"USDA COMMODITY,TURKEY HAM,DK MEAT,SMOKED,FRZ",3.1,64,0,0.0,118,16.3,1.200000048,73.5,1.337,0.873,1.2,4.0,28.35,1 oz
EMU,"EMU,GROUND,RAW",0.0,69,0,0.0,134,22.77,0.0,72.87,1.607,0.557,1.022,4.03,116.99,1 patty
EMU,"EMU,GROUND,CKD,PAN-BROILED",0.0,87,0,0.0,163,28.43,0.0,65.83,1.953,0.677,1.242,4.65,109.44,"1 patty,  (yield from 135.8 g raw meat)"
EMU,"EMU,FAN FILLET,RAW",0.0,71,0,0.0,103,22.5,0.0,74.62,0.319,0.109,0.201,0.8,513.02,1 fan fillet
EMU,"EMU,FAN FILLET,CKD,BRLD",0.0,82,0,0.0,154,31.27,0.0,66.43,0.917,0.318,0.583,2.3,393.67,1 steak
EMU,"EMU,FLAT FILLET,RAW",0.0,71,0,0.0,102,22.25,0.0,75.4,0.295,0.102,0.187,0.74,354.12,1 flat fillet
EMU,"EMU,FULL RUMP,RAW",0.0,85,0,0.0,112,22.83,0.0,73.79,0.516,0.329,0.448,1.64,694.62,1 full rump
EMU,"EMU,FULL RUMP,CKD,BRLD",0.0,129,0,0.0,168,33.67,0.0,61.97,1.079,0.613,0.87,2.68,495.96,"1 full rump, cooked ( yield from 695 g raw meat )"
EMU,"EMU,INSIDE DRUM,RAW",0.0,67,0,0.0,108,22.22,0.0,74.73,0.532,0.256,0.386,1.49,572.04,1 inside drum
EMU,"EMU,INSIDE DRUMS,CKD,BRLD",0.0,91,0,0.0,156,32.38,0.0,64.31,0.859,0.408,0.654,2.01,416.39,"1 inside drum, cooked ( yield from 572 g raw meat )"
EMU,"EMU,OUTSIDE DRUM,RAW",0.0,78,0,0.0,103,23.08,0.0,74.87,0.202,0.07,0.122,0.48,422.22,1 outside drum
EMU,"EMU,OYSTER,RAW",0.0,81,0,0.0,141,22.81,0.0,72.57,1.937,0.671,1.231,4.86,299.64,1 steak
EMU,"EMU,TOP LOIN,CKD,BRLD",0.0,88,0,0.0,152,29.07,0.0,67.37,1.249,0.433,0.794,3.13,244.13,1 steak
OSTRICH,"OSTRICH,GROUND,RAW",0.0,71,0,0.0,165,20.22,0.0,71.07,2.654,0.91,2.177,8.7,108.79,1 patty
OSTRICH,"OSTRICH,GROUND,CKD,PAN-BROILED",0.0,83,66,0.0,175,26.15,0.0,67.12,2.156,0.739,1.793,7.07,93.25,1 patty
OSTRICH,"OSTRICH,FAN,RAW",0.0,73,0,0.0,117,21.81,0.0,75.93,0.95,0.5,0.95,2.65,0.0,
OSTRICH,"OSTRICH,INSIDE LEG,RAW",0.0,66,0,0.0,111,22.39,0.0,75.97,0.6,0.38,0.6,1.72,85.0,"1 serving,  ( 3 oz )"
OSTRICH,"OSTRICH,INSIDE LEG,CKD",0.0,73,0,0.0,141,29.01,0.0,69.95,0.67,0.32,0.7,1.94,85.0,"1 serving,  ( 3 oz )"
OSTRICH,"OSTRICH,INSIDE STRIP,RAW",0.0,73,0,0.0,127,23.69,0.0,74.16,1.179,0.591,0.923,2.87,0.0,
OSTRICH,"OSTRICH,INSIDE STRIP,CKD",0.0,97,0,0.0,164,29.37,0.0,66.53,1.74,0.74,1.71,4.26,85.0,"1 serving,  ( 3 oz )"
OSTRICH,"OSTRICH,OUTSIDE LEG,RAW",0.0,65,0,0.0,115,22.86,0.0,75.59,0.59,0.43,0.61,1.96,0.0,
OSTRICH,"OSTRICH,OUTSIDE STRIP,RAW",0.0,79,0,0.0,120,23.36,0.0,74.58,0.874,0.462,0.771,2.21,0.0,
OSTRICH,"OSTRICH,OUTSIDE STRIP,CKD",0.0,93,0,0.0,156,28.55,0.0,66.88,1.59,0.44,1.43,3.83,85.0,"1 serving,  ( 3 oz )"
OSTRICH,"OSTRICH,OYSTER,RAW",0.0,73,0,0.0,125,21.55,0.0,75.62,1.25,0.61,1.22,3.67,0.0,
OSTRICH,"OSTRICH,OYSTER,CKD",0.0,90,0,0.0,159,28.81,0.0,67.55,1.45,0.51,1.69,3.97,85.0,"1 serving,  ( 3 oz )"
OSTRICH,"OSTRICH,RND,RAW",0.0,71,0,0.0,116,21.99,0.0,75.68,0.85,0.52,0.81,2.4,0.0,
OSTRICH,"OSTRICH,TENDERLOIN,RAW",0.0,80,0,0.0,123,22.07,0.0,74.5,1.23,0.75,1.17,3.19,0.0,
OSTRICH,"OSTRICH,TIP RAW",0.0,72,0,0.0,114,21.85,0.0,76.12,0.79,0.45,0.86,2.3,0.0,
OSTRICH,"OSTRICH,TIP CKD",0.0,85,0,0.0,145,28.49,0.0,68.51,0.97,0.44,1.0,2.57,85.0,"1 serving,  ( 3 oz )"
OSTRICH,"OSTRICH,TOP LOIN,RAW",0.0,75,0,0.0,119,21.67,0.0,75.35,1.06,0.58,1.2,2.95,0.0,
OSTRICH,"OSTRICH,TOP LOIN,CKD",0.0,93,0,0.0,155,28.12,0.0,67.95,1.27,0.38,1.32,3.87,85.0,"1 serving,  ( 3 oz )"
CHICKEN,"CHICKEN,LIVER,ALL CLASSES,CKD,PAN-FRIED",1.11,564,327,0.0,172,25.78,0.0,65.22,1.387,1.265,2.033,6.43,0.0,
SOUP,"SOUP,CRM OF ASPARAGUS,CND,COND",8.52,4,13,0.400000006,69,1.82,0.720000029,84.05,0.75,1.46,0.82,3.26,125.5,".5 cup,  (4 fl oz)"
SOUP,"SOUP,BLACK BEAN,CND,COND",15.42,0,16,6.800000191,91,4.83,2.49000001,75.33,0.48,0.41,0.34,1.32,257.0,"1 cup,  (8 fl oz)"
CAMPBELL,"CAMPBELL,CAMPBELL'S RED & WHITE,BEEFY MUSHROOM SOUP,COND",4.76,4,0,0.0,40,2.38,0.790000021,88.0,0.0,0.0,0.397,1.59,126.0,"1 serving, 1/2 cup"
SOUP,"SOUP,BEAN W/ PORK,CND,COND",16.97,2,27,5.900000095,129,5.88,3.0,70.17,1.62,1.36,1.14,4.42,326.03,"1 can, 11.5 oz"
SOUP,"SOUP,BEAN W/ FRANKFURTERS,CND,COND",16.75,9,0,4.599999905,142,7.6,0.0,67.7,2.08,1.25,1.61,5.31,263.0,"1 cup,  (8 fl oz)"
SOUP,"SOUP,BEAN W/ HAM,CND,CHUNKY,RTS",11.16,9,0,4.599999905,95,5.19,0.0,78.63,1.58,0.39,1.37,3.5,243.0,"1 cup,  (8 fl oz)"
SOUP,"SOUP,BF BROTH OR BOUILLON CND,RTS",0.04,0,3,0.0,7,1.14,0.0,97.55,0.09,0.01,0.11,0.22,240.0,1 cup
SOUP,"SOUP,BF NOODLE,CND,COND",7.16,4,14,0.600000024,67,3.85,2.059999943,84.42,0.99,0.39,0.91,2.46,125.0,.5 cup
SOUP,"SOUP,CRM OF CELERY,CND,COND",7.03,11,9,0.600000024,72,1.32,1.350000024,84.96,1.03,2.0,1.12,4.46,125.5,.5 cup
SOUP,"SOUP,CHS,CND,COND",8.19,23,13,0.800000012,121,4.22,0.600000024,77.15,2.31,0.23,5.19,8.15,128.5,.5 cup
SOUP,"SOUP,CHICK W/ DUMPLINGS,CND,COND",4.93,27,12,0.400000006,79,4.58,0.460000008,83.82,2.06,1.06,1.07,4.51,123.0,".5 cup,  (4 fl oz)"
SOUP,"SOUP,CHICK BROTH,CND,COND",0.75,1,9,0.0,31,4.42,0.349999994,91.96,0.47,0.22,0.31,1.04,125.5,".5 cup,  (4 fl oz)"
CAMPBELL SOUP,"CAMPBELL SOUP,CAMPBELL'S RED & WHITE,BROCCOLI CHS SOUP,COND",9.68,4,0,0.0,81,1.61,1.610000014,83.1,0.0,0.0,1.613,3.63,124.0,"1 serving, 1/2 cup"
SOUP,"SOUP,CHICK,CND,CHUNKY,RTS",6.88,12,8,0.600000024,71,5.06,0.870000005,84.12,1.18,0.55,0.79,2.64,245.0,1 cup
SOUP,"SOUP,CRM OF CHICK,CND,COND",7.16,8,10,0.0,90,2.38,0.540000021,82.75,2.045,1.048,1.602,5.77,125.5,".5 cup,  (4 fl oz)"
SOUP,"SOUP,CHICK GUMBO,CND,COND",6.67,3,0,1.600000024,45,2.1,1.929999948,88.02,0.52,0.28,0.26,1.14,125.5,".5 cup,  (4 fl oz)"
SOUP,"SOUP,CHUNKY CHICK NOODLE,CND,RTS",4.0,5,6,0.400000006,37,3.27,0.75,90.66,0.194,0.112,0.408,0.9,245.0,1 cup
SOUP,"SOUP,CHICK NOODLE,CND,COND",6.03,11,11,0.300000012,52,2.59,0.540000021,87.48,0.855,0.54,0.536,1.94,126.0,.5 cup
SOUP,"SOUP,CHICK RICE,CND,CHUNKY,RTS",5.41,5,5,0.400000006,53,5.11,0.600000024,86.78,0.6,0.28,0.4,1.33,240.0,1 cup
SOUP,"SOUP,CHICK W/ RICE,CND,COND",5.84,5,10,0.5,49,2.89,0.159999996,87.84,0.74,0.34,0.37,1.56,119.07,.5 cup
SOUP,"SOUP,CHICK VEG,CHUNKY,CND,RTS",7.87,7,0,0.0,69,5.13,0.0,83.44,0.9,0.42,0.6,2.01,240.0,"1 cup,  (8 fl oz)"
SOUP,"SOUP,CHICK VEG,CND,COND",7.01,7,9,0.699999988,61,2.94,1.25999999,85.52,1.04,0.49,0.69,2.32,121.34,.5 cup
SOUP,"SOUP,CHILI BF,CND,COND",18.86,10,22,2.5,117,5.09,5.090000153,70.86,1.013,0.095,1.242,2.53,263.0,"1 cup,  (8 fl oz)"
SOUP,"SOUP,CLAM CHOWDER,MANHATTAN STYLE,CND,CHUNKY,RTS",7.84,6,8,1.200000048,56,3.02,1.669999957,86.04,0.41,0.05,0.88,1.41,240.0,"1 cup,  (8 fl oz)"
SOUP,"SOUP,CLAM CHOWDER,MANHATTAN,CND,COND",9.74,2,0,1.200000048,61,1.74,2.700000048,84.3,0.305,1.027,0.305,1.76,125.5,".5 cup,  (4 fl oz)"
CAMPBELL SOUP COMPANY,"CAMPBELL SOUP COMPANY,HEALTHY REQUEST,CHICK W/ RICE,COND",7.19,4,10,0.800000012,58,1.59,0.790000021,88.8,0.397,0.0,0.397,1.19,126.0,.5 cup
SOUP,"SOUP,CLAM CHOWDER,NEW ENGLAND,CND,COND",10.32,6,7,0.699999988,72,3.17,0.379999995,81.49,0.0,0.959,0.959,2.06,126.0,.5 cup
SOUP,"SOUP,BF BROTH BOUILLON & CONSOMME,CND,COND",0.84,0,0,0.0,13,2.52,0.0,94.76,0.0,0.0,0.0,0.0,124.0,.5 cup
SOUP,"SOUP,CRAB,CND,RTS",4.22,4,0,0.300000012,31,2.25,0.0,91.5,0.28,0.16,0.16,0.62,244.0,"1 cup,  (8 fl oz)"
SOUP,"SOUP,ESCAROLE,CND,RTS",0.72,1,0,0.0,11,0.62,0.0,96.89,0.33,0.15,0.22,0.73,248.0,"1 cup,  (8 fl oz)"
SOUP,"SOUP,GAZPACHO,CND,RTS",1.8,0,3,0.200000003,19,2.9,0.589999974,93.77,0.01,0.03,0.01,0.1,244.0,"1 cup,  (8 fl oz)"
SOUP,"SOUP,LENTIL W/HAM,CND,RTS",8.16,3,0,0.0,56,3.74,0.0,85.75,0.52,0.13,0.45,1.12,248.0,"1 cup,  (8 fl oz)"
CAMPBELL COMPANY,"CAMPBELL COMPANY,CAMPBELL'S RED&WHITE,CHEDDAR CHS SOUP,COND",9.68,4,0,0.800000012,89,1.61,1.610000014,83.2,0.0,0.0,1.613,4.03,124.0,"1 serving, 1/2 cup"
SOUP,"SOUP,MINESTRONE,CND,CHUNKY,RTS",8.64,2,7,2.400000095,53,2.13,2.170000076,86.72,0.38,0.11,0.62,1.17,240.0,1 cup
SOUP,"SOUP,MINESTRONE,CND,COND",9.17,1,9,0.800000012,68,3.48,1.5,82.95,0.56,0.91,0.44,2.05,123.0,".5 cup,  (4 fl oz)"
CAMPBELL,"CAMPBELL,CAMPBELL'S RED&WHITE,CHICK & DUMPLINGS SOUP,COND",7.94,8,0,0.800000012,56,2.38,0.790000021,86.4,0.0,0.0,0.794,1.98,126.0,"1 serving, 1/2 cup"
SOUP,"SOUP,MUSHROOM BARLEY,CND,COND",9.6,0,0,0.0,61,1.5,0.0,84.9,0.8,0.57,0.35,1.8,125.5,".5 cup,  (4 fl oz)"
SOUP,"SOUP,CRM OF MUSHROOM,CND,COND",6.72,0,10,0.0,85,1.61,1.460000038,83.85,1.11,1.434,1.38,5.89,121.34,.5 cup
SOUP,"SOUP,MUSHROOM W/ BF STOCK,CND,COND",7.41,6,9,0.100000001,68,2.51,2.279999971,84.6,1.12,0.62,1.24,3.21,125.5,".5 cup,  (4 fl oz)"
SOUP,"SOUP,ONION,CND,COND",6.68,0,4,0.699999988,46,3.06,2.720000029,86.35,0.61,0.53,0.21,1.42,123.0,".5 cup,  (4 fl oz)"
SOUP,"SOUP,CRM OF ONION,CND,COND",10.4,12,11,0.400000006,88,2.2,3.640000105,81.0,1.67,1.16,1.17,4.2,125.5,.5 cup
CAMPBELL'S RED & WHITE,"CAMPBELL'S RED & WHITE,CHICK & STARS SOUP,COND",7.94,4,0,0.800000012,56,2.38,0.790000021,86.0,0.0,0.0,0.397,1.59,126.0,"1 serving, 1/2 cup"
SOUP,"SOUP,OYSTER STEW,CND,COND",3.32,11,0,0.0,48,1.72,0.0,89.88,0.74,0.13,2.04,3.13,123.0,".5 cup,  (4 fl oz)"
SOUP,"SOUP,PEA,GRN,CND,COND",20.18,0,27,3.900000095,125,6.54,6.519999981,68.54,0.76,0.29,1.07,2.23,127.6,.5 cup
SOUP,"SOUP,PEA,SPLIT W/HAM,CND,CHUNKY,RTS",11.17,3,17,1.700000048,77,4.62,1.909999967,80.95,0.68,0.24,0.66,1.66,240.0,1 cup
SOUP,"SOUP,PEA,SPLIT W/ HAM,CND,COND",20.81,6,0,1.700000048,141,7.68,0.0,65.67,1.34,0.47,1.31,3.28,135.0,".5 cup,  (4 fl oz)"
SOUP,"SOUP,PEPPERPOT,CND,COND",7.66,8,0,0.400000006,84,5.19,0.0,80.62,1.64,0.29,1.68,3.78,123.0,".5 cup,  (4 fl oz)"
SOUP,"SOUP,CRM OF POTATO,CND,COND",9.14,5,9,0.400000006,59,1.39,1.690000057,85.39,0.44,0.33,0.97,1.88,125.5,".5 cup,  (4 fl oz)"
CAMPBELL'S RED & WHITE,"CAMPBELL'S RED & WHITE,CHICK ALPHABET SOUP,COND",8.73,8,0,0.800000012,56,3.17,1.590000033,84.4,0.0,0.0,0.397,1.19,126.0,"1 serving, 1/2 cup"
SOUP,"SOUP,SCOTCH BROTH,CND,COND",7.73,4,0,1.0,66,4.05,0.0,83.78,0.63,0.45,0.91,2.14,123.0,".5 cup,  (4 fl oz)"
SOUP,"SOUP,CRM OF SHRIMP,CND,COND",6.53,13,7,0.200000003,72,2.22,0.0,84.85,1.19,0.15,2.58,4.14,125.5,".5 cup,  (8 fl oz)"
CAMPBELL SOUP COMPANY,"CAMPBELL SOUP COMPANY,CAMPBELL'S RED&WHITE,CHICK BROTH,COND",0.81,4,0,0.0,16,0.81,0.810000002,95.9,0.0,0.0,0.0,0.81,124.0,"1 serving, 1/2 cup"
CAMPBELL SOUP,"CAMPBELL SOUP,CAMPBELL'S RED & WHITE,CHICK GUMBO SOUP,COND",7.94,4,0,0.800000012,48,1.59,1.590000033,86.4,0.0,0.0,0.397,0.79,126.0,"1 serving, 1/2 cup"
SOUP,"SOUP,STOCKPOT,CND,COND",8.95,3,0,0.0,78,3.79,0.0,81.89,0.79,1.37,0.67,3.04,129.0,".5 cup,  (4 fl oz)"
SOUP,"SOUP,TOMATO BF W/ NOODLE,CND,COND",16.87,3,0,1.200000048,112,3.55,0.0,74.08,1.38,0.54,1.27,3.42,251.0,"1 cup,  (8 fl oz)"
CAMPBELL'S RED & WHITE,"CAMPBELL'S RED & WHITE,CHICK NOODLE SOUP,COND",6.35,12,0,0.800000012,48,2.38,0.790000021,87.7,0.0,0.0,0.397,1.59,126.0,"1 serving, 1/2 cup"
SOUP,"SOUP,TOMATO RICE,CND,COND",17.08,1,16,1.299999952,93,1.64,5.900000095,77.13,0.47,1.05,0.4,2.12,128.5,".5 cup,  (4 fl oz)"
SOUP,"SOUP,TURKEY,CHUNKY,CND,RTS",5.96,4,0,0.0,57,4.33,0.0,86.37,0.75,0.46,0.52,1.87,236.0,"1 cup,  (8 fl oz)"
SOUP,"SOUP,TURKEY NOODLE,CND,COND",6.88,4,12,0.600000024,55,3.11,0.409999996,86.37,0.64,0.39,0.44,1.59,125.5,".5 cup,  (4 fl oz)"
SOUP,"SOUP,TURKEY VEG,CND,COND",7.05,1,9,0.5,60,2.52,1.090000033,86.01,1.08,0.55,0.73,2.47,123.0,".5 cup,  (4 fl oz)"
SOUP,"SOUP,CHUNKY VEG,CND,RTS",7.92,0,7,0.5,51,1.46,1.830000043,87.58,0.66,0.58,0.23,1.54,245.0,1 cup
SOUP,"SOUP,VEGETARIAN VEG,CND,COND",9.78,0,8,0.5,59,1.72,3.130000114,84.91,0.68,0.59,0.24,1.58,123.0,.5 cup
SOUP,"SOUP,PEA,GRN,CND,COND,PREP W/ EQ VOLUME H2O",9.88,0,13,1.899999976,62,3.2,3.190000057,84.55,0.372,0.142,0.524,1.09,259.48,1 serving
SOUP,"SOUP,CHUNKY BF,CND,RTS",10.08,6,10,0.600000024,66,3.97,0.670000017,83.34,0.465,0.047,0.554,1.11,245.0,1 cup
SOUP,"SOUP,VEG BF,CND,COND",8.11,4,10,1.600000024,63,4.45,0.889999986,83.69,0.64,0.09,0.68,1.51,125.5,.5 cup
SOUP,"SOUP,VEG W/ BF BROTH,CND,COND",10.7,1,10,1.299999952,66,2.42,1.639999986,83.27,0.45,0.64,0.36,1.56,123.0,.5 cup
SOUP,"SOUP,BF BROTH OR BOUILLON,PDR,DRY",23.65,10,113,0.0,238,15.97,16.70999908,3.27,3.616,0.332,4.32,8.89,3.6,1 cube
SOUP,"SOUP,BEEF BROTH,CUBED,DRY",16.1,4,113,0.0,170,17.3,14.51000023,3.3,1.67,0.16,1.99,4.0,3.6,1 cube
SOUP,"SOUP,BF NOODLE,DRY,MIX",48.64,13,85,2.700000048,324,17.93,5.099999905,4.97,2.71,1.33,2.07,6.39,9.2,1 packet
SOUP,"SOUP,CHICK BROTH OR BOUILLON,DRY",18.01,13,115,0.0,267,16.66,17.36000061,2.27,5.36,4.48,3.43,13.88,4.0,1 cube
SOUP,"SOUP,CHICK BROTH CUBES,DRY",23.5,13,0,0.0,198,14.6,0.0,2.5,1.92,1.62,1.2,4.7,4.8,1 cube
CAMPBELL'S RED & WHITE,"CAMPBELL'S RED & WHITE,CHICK NOODLEO'S SOUP,COND",9.52,8,0,0.800000012,63,3.17,1.590000033,83.0,0.0,0.0,0.794,1.98,126.0,"1 serving, 1/2 cup"
CAMPBELL COMPANY,"CAMPBELL COMPANY,CAMPBELL'S RED & WHITE,CHICK VEG SOUP,COND",11.9,4,0,1.600000024,63,2.38,2.380000114,83.2,0.0,0.0,0.397,0.79,126.0,"1 serving, 1/2 cup"
CAMPBELL SOUP COMPANY,"CAMPBELL SOUP COMPANY,CAMPBELL'S RED & WHITE,BF BROTH,COND",0.81,0,0,0.0,12,2.42,0.810000002,94.9,0.0,0.0,0.0,0.0,124.0,"1 serving, 1/2 cup"
SOUP,"SOUP,ONION,DRY,MIX",65.07,0,28,6.599999905,293,7.48,4.650000095,3.79,0.067,0.164,0.089,0.34,7.53,"1 serving, 1 tbsp"
CAMPBELL SOUP COMPANY,"CAMPBELL SOUP COMPANY,CAMPBELLS RED & WHITE,BF CONSOMME,COND",0.81,0,0,0.0,16,3.23,0.810000002,93.5,0.0,0.0,0.0,0.0,124.0,"1 serving, 1/2 cup"
SOUP,"SOUP,TOMATO VEG,DRY,MIX",59.9,3,58,3.0,325,11.73,3.769999981,3.73,1.91,0.5,2.32,5.09,1.2,1 tbsp
SOUP,"SOUP,CRM OF VEG,DRY,PDR",52.1,2,58,3.0,446,8.0,17.51000023,2.9,10.73,6.29,6.03,24.1,17.7,1 packet
SAUCE,"SAUCE,CHS,DRY,PDR",33.66,51,56,1.100000024,448,22.69,25.12999916,4.09,8.44,3.66,12.05,25.44,35.0,1 packet
CAMPBELL'S RED & WHITE,"CAMPBELL'S RED & WHITE,BATMAN FUN SHAPES SOUP,COND",7.94,4,0,0.800000012,56,2.38,0.790000021,85.7,0.0,0.0,0.397,1.59,126.0,"1 serving, 1/2 cup"
SAUCE,"SAUCE,TERIYAKI,RTS",15.56,0,20,0.100000001,89,5.93,14.10000038,67.69,0.0,0.0,0.0,0.02,288.0,1 cup
GRAVY,"GRAVY,AU JUS,CANNED",2.5,0,0,0.0,16,1.2,0.0,94.5,0.08,0.01,0.1,0.2,238.4,1 cup
GRAVY,"GRAVY,AU JUS,DRY",47.49,4,0,0.0,313,9.2,0.0,2.74,4.683,0.23,2.026,9.63,3.0,1 tsp
GRAVY,"GRAVY,BF,CND,RTS",4.81,3,6,0.400000006,53,3.75,0.209999993,87.48,0.962,0.08,1.153,2.36,233.0,1 cup
CAMPBELL SOUP,"CAMPBELL SOUP,CAMPBELL'S RED & WHITE,BEAN W/ BACON SOUP,COND",19.53,4,0,6.300000191,133,6.25,3.130000114,70.2,0.781,0.391,1.172,3.13,128.0,"1 serving, 1/2 cup"
GRAVY,"GRAVY,BROWN,DRY",59.38,3,0,2.0,367,10.74,0.0,5.0,4.452,0.405,3.319,9.61,6.0,1 tbsp
GRAVY,"GRAVY,CHICK,CND,RTS",5.42,2,4,0.400000006,79,1.93,0.779999971,85.34,2.55,1.5,1.41,5.71,238.0,1 cup
GRAVY,"GRAVY,CHICKEN,DRY",62.09,19,0,0.0,381,11.27,0.0,3.85,4.648,1.877,2.92,9.73,8.0,1 tbsp
GRAVY,"GRAVY,MUSHROOM,CANNED",5.47,0,0,0.400000006,50,1.26,0.0,89.0,1.17,1.02,0.4,2.71,238.4,1 cup
GRAVY,"GRAVY,MUSHROOM,DRY,PDR",64.66,3,24,4.800000191,328,10.0,3.25999999,3.34,1.31,0.14,2.36,4.0,21.3,"1 cup,  (8 fl oz)"
GRAVY,"GRAVY,ONION,DRY,MIX",67.64,2,0,6.0,322,9.0,0.0,4.36,0.9,0.14,1.86,3.0,24.0,"1 cup,  (8 fl oz)"
GRAVY,"GRAVY,PORK,DRY,PDR",63.57,10,24,2.400000095,367,8.78,24.72999954,4.43,3.881,0.454,4.29,8.63,6.7,1 serving
GRAVY,"GRAVY,TURKEY,CND,RTS",5.1,2,3,0.400000006,51,2.6,0.209999993,88.6,0.9,0.49,0.62,2.1,238.4,1 cup
GRAVY,"GRAVY,TURKEY,DRY",65.12,14,0,0.0,367,10.42,0.0,4.67,2.575,2.196,1.975,7.19,7.0,1 serving
GRAVY,"GRAVY,UNSPEC TYPE,DRY",58.0,4,0,0.0,344,13.0,0.0,4.0,3.15,1.62,2.86,8.0,24.8,"1 cup,  (8 fl oz)"
SOUP,"SOUP,CHICK NOODLE,DRY,MIX",62.32,74,62,3.200000048,377,15.42,1.899999976,4.94,2.263,1.39,1.947,6.51,74.4,1 packet
SAUCE,"SAUCE,MOLE POBLANO,DRY MIX,SINGLE BRAND",41.7,0,0,10.10000038,571,7.48,0.0,4.12,0.0,0.0,0.0,41.58,264.81,"1 cup, sauce"
SAUCE,"SAUCE,SOFRITO,PREP FROM RECIPE",5.46,0,0,1.700000048,237,12.8,0.0,59.66,0.0,0.0,0.0,18.2,102.84,.5 cup
USDA COMMODITY,"USDA COMMODITY,SPAGHETTI SAU,MEATLESS,CND",8.7,0,0,0.0,48,1.2,4.699999809,87.1,0.21,0.51,0.162,0.9,0.0,
CAMPBELL COMPANY,"CAMPBELL COMPANY,CAMPBELL'S RED & WHITE,BF NOODLE SOUP,COND",6.35,8,0,0.800000012,56,3.17,0.790000021,85.2,0.0,0.0,0.397,1.59,126.0,"1 serving, 1/2 cup"
CAMPBELL,"CAMPBELL,CAMPBELL'S RED & WHITE,BF W/ VEG & BARLEY SOUP,COND",11.9,8,0,2.400000095,71,3.97,1.590000033,80.6,0.397,0.0,0.794,1.19,126.0,"1 serving, 1/2 cup"
SOUP,"SOUP,BF MUSHROOM,CND,COND",5.2,5,0,0.200000003,61,4.6,0.0,85.5,1.0,0.1,1.2,2.4,125.5,".5 cup,  (4 fl oz)"
SOUP,"SOUP,CHICK MUSHROOM,CND,COND",7.6,8,11,0.200000003,109,3.5,1.309999943,80.4,3.21,1.85,1.92,7.3,125.5,".5 cup,  (4 fl oz)"
SAUCE,"SAUCE,BARBECUE",36.25,0,3,0.600000024,150,0.0,26.05999947,60.34,0.074,0.17,0.0,0.29,34.51,"1 serving, 2 tbsp"
SAUCE,"SAUCE,PLUM,READY-TO-SERVE",42.81,0,0,0.699999988,184,0.89,0.0,53.71,0.24,0.588,0.153,1.04,305.0,1 cup
SAUCE,"SAUCE,PIZZA,CND,RTS",8.67,3,0,2.0,54,2.18,1.75,86.71,0.461,0.099,0.46,1.15,63.0,.25 cup
SOUP,"SOUP,TOMATO BISQUE,CND,COND",18.47,4,0,0.800000012,96,1.76,0.0,75.32,0.53,0.87,0.42,1.95,128.5,".5 cup,  (4 fl oz)"
SOUP,"SOUP,TOMATO,CND,COND",13.41,0,13,1.200000048,60,1.61,8.109999657,82.5,0.179,0.189,0.155,0.56,121.34,.5 cup
SAUCE,"SAUCE,SALSA,RTS",6.26,0,12,1.600000024,27,1.54,3.059999943,89.88,0.025,0.115,0.03,0.16,259.0,1 cup
SAUCE,"SAUCE,HOMEMADE,WHITE,THIN",7.4,8,14,0.100000001,105,3.77,4.769999981,80.66,2.67,1.586,2.152,6.73,250.0,1 cup
SAUCE,"SAUCE,HOMEMADE,WHITE,MED",9.17,7,14,0.200000003,147,3.84,4.360000134,74.89,4.42,2.862,2.854,10.63,250.0,1 cup
SAUCE,"SAUCE,HOMEMADE,WHITE,THICK",11.61,6,14,0.300000012,186,3.99,3.960000038,69.1,5.851,3.914,3.416,13.83,250.0,1 cup
SAUCE,"SAUCE,RTS,PEPPER OR HOT",1.75,0,0,0.300000012,11,0.51,1.25999999,89.98,0.03,0.196,0.052,0.37,4.7,1 tsp
SAUCE,"SAUCE,RTS,PEPPER,TABASCO",0.8,0,0,0.600000024,12,1.29,0.129999995,95.17,0.061,0.401,0.106,0.76,4.7,1 tsp
SOUP,"SOUP,STOCK,BEEF,HOME-PREPARED",1.2,0,5,0.0,13,1.97,0.540000021,95.89,0.043,0.005,0.035,0.09,240.0,1 cup
SOUP,"SOUP,STOCK,CHICK,HOME-PREPARED",3.53,3,9,0.0,36,2.52,1.580000043,92.15,0.582,0.213,0.321,1.2,240.0,1 cup
SOUP,"SOUP,STOCK,FISH,HOME-PREPARED",0.0,1,7,0.0,17,2.26,0.0,96.96,0.236,0.138,0.203,0.81,233.0,1 cup
SAUCE,"SAUCE,HOISIN,RTS",44.08,3,8,2.799999952,220,3.31,27.26000023,44.23,0.963,1.698,0.568,3.39,16.0,1 tbsp
SAUCE,"SAUCE,OYSTER,RTS",10.92,0,4,0.300000012,51,1.35,0.0,80.0,0.073,0.066,0.043,0.25,18.0,1 tbsp
SOUP,"SOUP,MINESTRONE,CND,RED NA,RTS",9.0,0,7,2.400000095,50,2.0,2.130000114,87.3,0.28,0.25,0.14,0.8,0.0,
USDA COMMODITY,"USDA COMMODITY,SALSA",7.0,0,0,1.399999976,36,1.5,0.0,89.7,0.016,0.107,0.029,0.2,0.0,
SAUCE,"SAUCE,FISH,READY-TO-SERVE",3.64,0,13,0.0,35,5.06,3.640000105,71.07,0.002,0.003,0.003,0.01,18.0,1 tbsp
SOUP,"SOUP,SHARK FIN,REST-PREP",3.8,2,0,0.0,46,3.2,0.0,90.13,0.583,0.341,0.501,2.0,216.0,1 cup
SOUP,"SOUP,CRM OF MUSHROOM,CND,COND,RED NA",8.1,3,10,0.600000024,52,1.21,2.130000114,87.26,0.44,0.56,0.53,1.69,251.0,1 cup
SOUP,"SOUP,CHICK BROTH,CND,LESS/REDUCED NA",0.38,0,3,0.0,7,1.36,0.219999999,97.32,0.0,0.0,0.0,0.0,240.0,1 cup
SAUCE,"SAUCE,TERIYAKI,RTS,RED NA",15.58,0,20,0.100000001,89,5.93,14.10000038,69.7,0.0,0.0,0.0,0.02,0.0,
SOUP,"SOUP,BEAN&HAM,CND,RED NA,PREP W/H2O OR RTS",13.66,2,18,4.0,74,4.19,3.170000076,79.91,0.415,0.269,0.252,1.03,0.0,
SPLIT PEA SOUP,"SPLIT PEA SOUP,CND,RED NA,PREP W/ H2O OR READY-TO SERVE",11.83,2,18,1.899999976,71,3.85,5.059999943,82.4,0.37,0.168,0.3,0.92,253.0,1 cup
SPLIT PEA W/ HAM SOUP,"SPLIT PEA W/ HAM SOUP,CND,RED NA,PREP W/ H2O OR RTS",11.4,3,22,1.899999976,68,4.0,1.570000052,82.8,0.282,0.135,0.294,0.7,0.0,
SOUP,"SOUP,CHICK BROTH,CND,RTS",0.4,0,0,0.400000006,7,1.0,0.0,97.8,0.045,0.021,0.029,0.1,0.0,
CAMPBELL SOUP COMPANY,"CAMPBELL SOUP COMPANY,HEALTHY REQUEST,CRM OF CHICK SOUP,COND",9.68,4,0,0.800000012,65,1.61,1.610000014,85.6,0.403,0.403,0.806,2.02,124.0,"1 serving, 1/2 cup"
SOUP,"SOUP,CRM OF ASPARAGUS,CND,PREP W/ EQ VOLUME MILK",6.61,9,0,0.300000012,65,2.55,0.0,86.0,0.84,0.9,1.34,3.3,248.0,"1 cup,  (8 fl oz)"
SOUP,"SOUP,CHICK VEG W/POTATO&CHS,CHUNKY,RTS",5.2,7,12,0.300000012,65,1.16,0.639999986,87.9,1.605,0.974,1.636,4.46,0.0,
CAMPBELL'S RED&WHITE,"CAMPBELL'S RED&WHITE,98% FAT FREE CRM OF BROCCOLI SOUP,COND",8.06,4,0,1.600000024,56,1.61,0.810000002,86.6,0.0,0.0,0.403,1.61,124.0,"1 serving, 1/2 cup"
SOUP,"SOUP,CRM OF CELERY,CND,PREP W/ EQ VOLUME MILK",5.86,13,0,0.300000012,66,2.29,0.0,86.46,0.99,1.07,1.59,3.91,248.0,"1 cup,  (8 fl oz)"
SOUP,"SOUP,CHS,CND,PREP W/ EQ VOLUME MILK",6.47,19,0,0.400000006,92,3.77,0.0,82.44,1.63,0.18,3.63,5.8,251.0,1 cup
CAMPBELL SOUP COMPANY,"CAMPBELL SOUP COMPANY,RED&WHITE,25% LESS NA CHIC NOODL,COND",6.35,12,0,0.800000012,48,2.38,0.790000021,87.8,0.0,0.0,0.397,1.59,126.0,"1 serving, 1/2 cup"
CAMPBELL SOUP COMPANY,"CAMPBELL SOUP COMPANY,RED&WHITE,25% LESS NA TOMATO SOUP,COND",16.13,0,0,0.800000012,73,1.61,9.680000305,80.6,0.0,0.0,0.0,0.0,124.0,"1 serving, 1/2 cup"
CAMPBELL SOUP COMPANY,"CAMPBELL SOUP COMPANY,RED&WHITE,25% LESS NA CRM OF MSHR,COND",7.26,4,0,1.600000024,89,0.81,0.810000002,84.2,0.0,0.0,0.403,6.45,124.0,"1 serving, 1/2 cup"
CAMPBELL SOUP COMPANY,"CAMPBELL SOUP COMPANY,RED&WHITE,98% FAT FR BRCCLI CHS,COND",9.52,4,0,0.800000012,56,2.38,1.590000033,86.6,0.0,0.0,0.794,1.19,126.0,"1 serving, 1/2 cup"
SOUP,"SOUP,CRM OF CHICK,CND,PREP W/ EQ VOLUME MILK",6.04,11,0,0.100000001,77,3.01,0.0,84.83,1.8,0.66,1.87,4.62,248.0,"1 cup,  (8 fl oz)"
SOUP,"SOUP,VEG,CND,LO NA,COND",12.11,0,9,2.099999905,65,2.2,4.309999943,82.79,0.203,0.403,0.147,0.9,0.0,
CAMPBELL'S RED & WHITE,"CAMPBELL'S RED & WHITE,98% FAT FREE CRM OF CELERY SOUP,COND",6.45,4,0,0.800000012,48,0.81,0.810000002,85.9,0.0,0.0,0.806,2.42,124.0,"1 serving, 1/2 cup"
CAMPBELL'S RED & WHITE,"CAMPBELL'S RED & WHITE,98% FAT FREE CRM OF CHICK SOUP,COND",8.06,8,0,0.800000012,56,1.61,0.810000002,85.9,0.0,0.0,0.806,2.02,124.0,"1 serving, 1/2 cup"
CAMPBELL,"CAMPBELL,PREGO PASTA,CHNKY GRD MSHRM & GRN PPPR ITAL SAU,RTS",13.08,0,0,3.099999905,85,1.54,7.690000057,81.6,0.0,0.0,0.769,3.08,130.0,"1 serving, 1/2 cup"
CAMPBELL,"CAMPBELL,PREGO PASTA,CHUNKY GARDEN MUSHROOM ITALIAN SAU,RTS",10.0,0,0,2.299999952,69,1.54,7.690000057,78.8,0.385,1.154,0.385,2.31,130.0,"1 serving, 1/2 cup"
CAMPBELL SOUP,"CAMPBELL SOUP,PREGO PASTA,DICED ONION & GARLIC ITAL SAU,RTS",13.85,0,0,2.299999952,92,1.54,9.229999542,79.7,0.0,0.0,1.154,3.46,130.0,"1 serving, 1/2 cup"
CAMPBELL SOUP COMPANY,"CAMPBELL SOUP COMPANY,PREGO PASTA,FLAV W/ MEAT ITAL SAU,RTS",14.62,4,0,2.299999952,100,1.54,9.229999542,78.5,0.0,0.0,0.769,3.85,130.0,"1 serving, 1/2 cup"
CAMPBELL SOUP COMPANY,"CAMPBELL SOUP COMPANY,PREGO PASTA,FRSH MUSHROOM ITAL SAU,RTS",13.85,0,0,2.299999952,85,1.54,8.460000038,78.9,0.0,0.0,0.769,2.69,130.0,"1 serving, 1/2 cup"
CAMPBELL SOUP,"CAMPBELL SOUP, PREGO PASTA,GARLIC SUPREME ITAL SAU,RTS",13.08,0,0,2.299999952,85,1.54,10.0,80.6,0.0,0.0,1.154,3.08,130.0,"1 serving, 1/2 cup"
CAMPBELL SOUP,"CAMPBELL SOUP,PREGO PASTA,ITAL SAUSGE & GARLIC ITAL SAU,RTS",12.8,8,0,2.400000095,96,2.4,8.0,78.6,0.0,0.0,1.2,4.0,125.0,"1 serving, 1/2 cup"
CAMPBELL SOUP,"CAMPBELL SOUP,PREGO PASTA,MINI MEATBALL ITAL SAU,RTS",15.38,8,0,2.299999952,115,3.08,9.229999542,74.1,0.0,0.0,1.538,4.62,130.0,"1 serving, 1/2 cup"
CAMPBELL SOUP,"CAMPBELL SOUP,PREGO PASTA,MUSHRM & GRLIC ITAL SAU,RTS",13.85,0,0,2.299999952,77,1.54,10.0,80.7,0.0,0.0,0.385,1.54,130.0,"1 serving, 1/2 cup"
SOUP,"SOUP,CLAM CHOWDER,NEW ENG,CND,PREP W/ EQ VLM LOFAT (2%) MILK",7.4,7,12,0.300000012,61,3.24,2.809999943,85.55,0.29,0.229,0.843,2.01,251.88,"1 serving, 1 cup"
CAMPBELL SOUP,"CAMPBELL SOUP,PREGO PASTA,MUSHRM & PARMESAN ITALIAN SAU,RTS",17.6,4,0,2.400000095,104,2.4,10.39999962,76.6,0.0,0.0,1.2,2.8,125.0,"1 serving, 1/2 cup"
CAMPBELL SOUP,"CAMPBELL SOUP,PREGO PASTA,ORGANIC MUSHROOM ITALIAN SAU,RTS",10.4,0,0,3.200000048,72,1.6,7.199999809,84.5,0.0,0.0,0.0,2.0,125.0,"1 serving, 1/2 cup"
CAMPBELL SOUP,"CAMPBELL SOUP,PREGO PASTA,ORGNIC TOMATO & BASIL ITAL SAU,RTS",12.0,0,0,3.200000048,72,1.6,8.800000191,82.5,0.0,0.0,0.0,2.0,125.0,"1 serving, 1/2 cup"
CAMPBELL SOUP,"CAMPBELL SOUP,PREGO PASTA,RICOTTA PARMESAN ITALIAN SAU,RTS",14.4,4,0,2.400000095,88,2.4,9.600000381,79.8,0.0,0.0,0.8,2.4,125.0,"1 serving, 1/2 cup"
CAMPBELL SOUP,"CAMPBELL SOUP,PREGO PASTA,RSTD GARLIC & HERB ITAL SAU,RTS",13.08,0,0,2.299999952,85,1.54,8.460000038,80.3,0.0,0.0,0.769,3.08,130.0,"1 serving, 1/2 cup"
CAMPBELL SOUP,"CAMPBELL SOUP,PREGO PASTA,RSTD GARLIC PARMESAN ITAL SAU,RTS",15.38,4,0,2.299999952,77,2.31,10.0,79.2,0.0,0.0,0.385,0.77,130.0,"1 serving, 1/2 cup"
CAMPBELL SOUP,"CAMPBELL SOUP,PREGO PASTA,RSTD RED PEPPR & GRLC ITAL SAU,RTS",15.2,0,0,2.400000095,96,1.6,9.600000381,79.1,0.0,0.0,0.4,3.2,125.0,"1 serving, 1/2 cup"
CAMPBELL SOUP,"CAMPBELL SOUP,PREGO PASTA,TOMATO,BASIL & GARLIC ITAL SAU,RTS",12.8,0,0,2.400000095,72,1.6,8.800000191,83.0,0.0,0.0,0.4,1.6,125.0,"1 serving, 1/2 cup"
CAMPBEL COMPANY,"CAMPBEL COMPANY,PREGO PASTA,ZESTY MUSHROOM ITALIAN SAU,RTS",13.85,0,0,2.299999952,85,1.54,9.229999542,80.2,0.0,0.0,0.769,2.69,130.0,"1 serving, 1/2 cup"
CAMPBELL SOUP COMPANY,"CAMPBELL SOUP COMPANY,CHNKY MICRO BOWLS,BF W/ CONTRY VEG,RTS",8.57,8,0,2.0,61,4.08,1.220000029,85.3,0.0,0.0,0.612,1.22,245.0,"1 serving, 1 cup"
CAMPBELL'S CHUNKY MICROWAVABLE BWLS,"CAMPBELL'S CHUNKY MICROWAVABLE BWLS,CHCK DMPLINGS SOUP",7.35,10,0,1.200000048,78,3.27,0.819999993,84.7,0.0,0.0,0.816,3.67,245.0,"1 serving, 1 cup"
SOUP,"SOUP,CRM OF MUSHROOM,CND,PREP W/ EQ VOLUME LOFAT (2%) MILK",5.66,4,13,0.0,67,2.49,3.329999924,86.69,0.825,0.728,1.317,3.86,251.88,"1 serving, 1 cup"
CAMPBELL SOUP COMPANY,"CAMPBELL SOUP COMPANY,CHNKY MICRO BOWLS,CLSSC CHIC NOODL,RTS",5.71,10,0,0.800000012,45,3.27,1.220000029,88.9,0.0,0.0,0.408,0.82,245.0,"1 serving, 1 cup"
CAMPBELL SOUP COMP,"CAMPBELL SOUP COMP,CHNKY MICRO BOWL,GRLLD CHIC&SAUS GMBO,RTS",7.35,6,0,1.200000048,49,2.86,2.039999962,87.8,0.0,0.0,0.408,1.02,245.0,"1 serving, 1 cup"
SOUP,"SOUP,CRM OF ONION,CND,PREP W/ EQ VOLUME MILK",7.4,13,0,0.300000012,75,2.74,0.0,84.5,1.32,0.64,1.63,3.78,248.0,"1 cup,  (8 fl oz)"
CAMPBELL SOUP COMP,"CAMPBELL SOUP COMP,CHNKY MICRO BOWL,GRLD CHIC W/VEG&PSTA,RTS",5.71,6,0,1.200000048,45,2.86,0.819999993,88.7,0.0,0.0,0.204,1.02,245.0,"1 serving, 1 cup"
SOUP,"SOUP,OYSTER STEW,CND,PREP W/ EQ VOLUME MILK",3.99,13,0,0.0,55,2.51,0.0,88.94,0.85,0.13,2.06,3.24,245.0,"1 cup,  (8 fl oz)"
SOUP,"SOUP,PEA,GRN,CND,PREP W/ EQ VOLUME MILK",12.69,7,0,1.100000024,94,4.97,0.0,77.93,0.86,0.21,1.58,2.77,254.0,"1 cup,  (8 fl oz)"
CAMPBELL SOUP COMPANY,"CAMPBELL SOUP COMPANY,CHNKY MICRO BOWL,NEW ENGL CLM CHOW,RTS",7.35,6,0,1.200000048,82,2.45,0.819999993,84.2,0.0,0.0,1.02,4.9,245.0,"1 serving, 1 cup"
CAMPBELL SOUP COMPANY,"CAMPBELL SOUP COMPANY,CHUNKY MICRO BOWLS,OLD FASH VEG BF,RTS",5.31,6,0,1.200000048,45,3.67,1.629999995,89.0,0.0,0.0,0.204,0.61,245.0,"1 serving, 1 cup"
CAMPBELL SOUP,"CAMPBELL SOUP,CHUNKY MICRO BOWLS,SIRL BRGER W/CNTRY VEG,RTS",7.35,6,0,1.600000024,65,4.08,1.629999995,85.3,0.0,0.0,0.816,1.63,245.0,"1 serving, 1 cup"
SOUP,"SOUP,CRM OF POTATO,CND,PREP W/ EQ VOLUME MILK",6.92,9,0,0.200000003,60,2.33,0.0,86.67,0.7,0.23,1.52,2.6,248.0,"1 cup,  (8 fl oz)"
SOUP,"SOUP,CRM OF SHRIMP,CND,PREP W/ EQ VOLUME LOFAT (2%) MILK",5.57,10,12,0.100000001,60,2.78,2.619999886,87.17,0.864,0.11,1.895,3.02,253.15,"1 cup,  (8 fl oz)"
SAUCE,"SAUCE,WHITE,THIN,PREPARED-FROM-RECIPE,W/ BUTTER",8.29,8,0,0.100000001,72,3.95,5.289999962,84.02,0.656,0.112,1.6,2.56,0.0,
SAUCE,"SAUCE,SWT & SOUR,PREPARED-FROM-RECIPE",16.72,1,0,0.400000006,79,1.84,10.81000042,78.56,0.253,0.117,0.144,0.58,0.0,
CAMPBELL SOUP,"CAMPBELL SOUP,CAMPBELL'S RED & WHITE,CHICK W/ RICE SOUP,COND",10.32,4,0,0.800000012,56,1.59,0.790000021,84.8,0.397,0.0,0.397,1.19,126.0,"1 serving, 1/2 cup"
CAMPBELL SOUP,"CAMPBELL SOUP,CAMPBELL'S RED&WHITE,CHICK WON TON SOUP,COND",6.35,8,0,0.0,48,3.17,0.790000021,89.1,0.0,0.0,0.397,0.79,126.0,"1 serving, 1/2 cup"
CAMPBELL,"CAMPBELL,CAMPBELL'S RED & WHITE,CRM OF ASPARAGUS SOUP,COND",7.26,4,0,2.400000095,89,1.61,1.610000014,83.9,0.0,0.0,1.21,5.65,124.0,"1 serving, 1/2 cup"
SOUP,"SOUP,HEALTHY CHOIC CHICK NOODLE SOUP,CND",5.2,5,0,0.800000012,41,3.69,0.569999993,89.73,0.0,0.18,0.4,0.63,243.0,"1 serving, 1 cup"
SOUP,"SOUP,HEALTHY CHOIC CHICK & RICE SOUP,CND",5.71,7,0,0.800000012,37,2.53,0.370000005,90.31,0.23,0.13,0.17,0.55,240.0,"1 serving, 1 cup"
SOUP,"SOUP,HEALTHY CHOIC GARDEN VEG SOUP,CND",10.04,1,0,1.899999976,51,2.13,2.130000114,86.82,0.07,0.08,0.05,0.21,246.0,"1 serving, 1 cup"
CAMPBELL SOUP COMPANY,"CAMPBELL SOUP COMPANY,CAMPBELL'S FAT FREE BF GRAVY",5.08,0,0,0.0,25,1.69,0.0,91.1,0.0,0.0,0.0,0.0,59.0,.25 cup
CAMPBELL SOUP COMPANY,"CAMPBELL SOUP COMPANY,CAMPBELL'S COUNTRY STYLE CRM GRAVY",5.08,8,0,0.0,76,1.69,1.690000057,86.8,0.0,0.0,1.695,5.08,59.0,.25 cup
CAMPBELL SOUP COMPANY,"CAMPBELL SOUP COMPANY,CAMPBELL'S COUNTRY STYLE SAUSAGE GRAVY",5.08,17,0,0.0,119,3.39,1.690000057,78.3,0.0,0.0,2.542,10.17,59.0,.25 cup
CAMPBELL SOUP COMPANY,"CAMPBELL SOUP COMPANY,CAMPBELL'S FAT FREE CHICK GRAVY",5.08,8,0,0.0,25,1.69,0.0,91.7,0.0,0.0,0.0,0.0,59.0,.25 cup
CAMPBELL SOUP COMPANY,"CAMPBELL SOUP COMPANY,CAMPBELL'S GOLDEN PORK GRAVY",5.08,8,0,0.0,76,1.69,1.690000057,87.4,0.0,0.0,2.542,5.08,59.0,.25 cup
CAMPBELL SOUP COMPANY,"CAMPBELL SOUP COMPANY,CAMPBELL'S MUSHROOM GRAVY",5.08,8,0,0.0,34,0.0,1.690000057,91.9,0.0,0.0,0.0,1.69,59.0,.25 cup
CAMPBELL SOUP COMPANY,"CAMPBELL SOUP COMPANY,CAMPBELL'S FAT FREE TURKEY GRAVY",6.67,8,0,0.0,33,1.67,0.0,90.6,0.0,0.0,0.0,0.0,60.0,.25 cup
CAMPBELL SOUP COMPANY,"CAMPBELL SOUP COMPANY,CAMPBELL'S MICROWAVABLE BF GRAVY",5.08,0,0,0.0,42,1.69,1.690000057,90.0,0.0,0.0,0.847,1.69,59.0,.25 cup
CAMPBELL SOUP COMPANY,"CAMPBELL SOUP COMPANY,CAMPBELL'S MICROWAVABLE CHICK GRAVY",5.0,8,0,0.0,67,0.0,1.669999957,88.5,0.0,0.0,1.667,5.0,60.0,.25 cup
CAMPBELL SOUP COMPANY,"CAMPBELL SOUP COMPANY,CAMPBELL'S TURKEY GRAVY",5.08,0,0,0.0,42,1.69,1.690000057,89.8,0.0,0.0,0.847,1.69,59.0,.25 cup
CAMPBELL SOUP COMPANY,"CAMPBELL SOUP COMPANY,FRANCO-AMERICN FAT FR SLW RST BF GRAVY",5.08,8,0,0.0,34,1.69,0.0,89.6,0.0,0.0,0.0,0.0,59.0,.25 cup
CAMPBELL COMPANY,"CAMPBELL COMPANY,FRANCO-AMERICAN FT FE SLW RST CHICK GRVY",6.78,8,0,0.0,34,1.69,0.0,91.2,0.0,0.0,0.0,0.0,59.0,.25 cup
CAMPBELL SOUP COMPANY,"CAMPBELL SOUP COMPANY,FRANCO-AMERICAN SLOW RST BF GRAVY",5.08,8,0,0.0,42,1.69,0.0,89.5,0.0,0.0,0.0,0.85,59.0,.25 cup
CAMPBELL SOUP COMPANY,"CAMPBELL SOUP COMPANY,FRANCO-AMERICAN SLOW RST CHICK GRAVY",5.08,8,0,0.0,34,1.69,0.0,90.5,0.0,0.0,0.0,0.85,59.0,.25 cup
CAMPBELL SOUP COMPANY,"CAMPBELL SOUP COMPANY,FRANCO-AMERICAN SLOW RST TURKEY GRAVY",6.78,8,0,0.0,42,1.69,0.0,88.6,0.0,0.0,0.0,0.85,59.0,.25 cup
CAMPBELL SOUP COMPANY,"CAMPBELL SOUP COMPANY,CAMPBELL'S MICROWAVABLE TURKEY GRAVY",5.0,0,0,0.0,42,1.67,1.669999957,89.6,0.0,0.0,0.833,1.67,60.0,.25 cup
CAMPBELL,"CAMPBELL,CAMPBELL'S RED & WHITE,CRM OF BROCCOLI SOUP,COND",9.68,4,0,0.800000012,73,1.61,2.420000076,84.8,0.0,0.0,0.806,2.82,124.0,"1 serving, 1/2 cup"
CAMPBELL,"CAMPBELL,CAMPBELL'S RED & WHITE,CRM OF CELERY SOUP,COND",7.26,4,0,2.400000095,73,0.81,0.810000002,84.4,0.0,0.0,0.403,4.84,124.0,"1 serving, 1/2 cup"
CAMPBELL,"CAMPBELL, CAMPBELL'S RED & WHITE,CRM OF CHICK SOUP,COND",8.06,8,0,1.600000024,97,2.42,0.810000002,83.8,0.0,0.0,2.016,6.45,124.0,"1 serving, 1/2 cup"
CAMPBELL,"CAMPBELL,CAMPBELL'S RED&WHITE,CRM OF CHIC W/ HERBS SOUP,COND",7.26,4,0,1.600000024,65,1.61,0.810000002,84.3,0.0,0.0,0.806,2.82,124.0,"1 serving, 1/2 cup"
CAMPBELL,"CAMPBELL,CAMPBELL'S RED & WHITE,CRM OF MUSHROOM SOUP,COND",7.26,4,0,1.600000024,81,0.81,0.810000002,84.0,0.0,0.0,1.21,4.84,124.0,"1 serving, 1/2 cup"
CAMPBELL,"CAMPBELL,CAMPBELLS RED&WHITE,CRM OF MSHRM W/ RSTD GARLC,COND",8.87,0,0,1.600000024,56,1.61,0.810000002,86.2,0.0,0.0,0.806,2.02,124.0,"1 serving, 1/2 cup"
CAMPBELL,"CAMPBELL,CAMPBELL'S RED & WHITE,CRM OF ONION SOUP,COND",8.06,4,0,2.400000095,81,0.81,3.230000019,82.2,0.0,0.0,1.21,4.84,124.0,"1 serving, 1/2 cup"
CAMPBELL,"CAMPBELL, CAMPBELL'S RED & WHITE,CRM OF POTATO SOUP,COND",12.1,4,0,1.600000024,73,1.61,0.810000002,83.0,0.403,0.403,0.806,1.61,124.0,"1 serving, 1/2 cup"
CAMPBELL,"CAMPBELL,CAMPBELL'S RED & WHITE,CRM OF SHRIMP SOUP,COND",6.45,8,0,0.800000012,73,1.61,0.0,85.8,0.0,0.0,0.806,4.03,124.0,"1 serving, 1/ 2 cup"
CAMPBELL,"CAMPBELL,CAMPBELL'S RED&WHITE,CREAMY CHICK NOODLE SOUP,COND",8.87,12,0,3.200000048,97,3.23,0.810000002,79.1,0.0,0.0,1.21,5.65,124.0,"1 serving, 1/2 cup"
CAMPBELL,"CAMPBELL,CAMPBELL'S RED&WHITE,CREAMY CHICK VERDE SOUP,COND",8.06,8,0,2.400000095,89,1.61,0.810000002,82.2,2.016,1.613,2.016,5.65,124.0,"1 serving, 1/2 cup"
COMPANY,"COMPANY,CAMPBELL'S RED & WHITE,CURLY NOODLE SOUP,COND",8.73,12,0,0.800000012,63,3.17,1.590000033,85.4,0.0,0.0,0.0,1.59,126.0,"1 serving, 1/2 cup"
CAMPBELL'S RED & WHITE,"CAMPBELL'S RED & WHITE,DANNY PHANTOM SHAPED PASTA",7.94,4,0,0.800000012,56,3.17,0.790000021,85.7,0.0,0.0,0.397,1.59,126.0,"1 serving, 1/2 cup"
CAMPBELL'S RED & WHITE,"CAMPBELL'S RED & WHITE,DORA THE EXPLORER SOUP,COND",7.94,4,0,0.800000012,56,2.38,0.790000021,85.7,0.0,0.0,0.397,1.59,126.0,"1 serving, 1/2 cup"
CAMPBELL'S RED & WHITE,"CAMPBELL'S RED & WHITE,DOUBLE NOODLE IN CHICK BROTH SOP,COND",13.49,8,0,1.600000024,79,3.17,1.590000033,79.5,0.0,0.0,0.397,1.19,126.0,"1 serving, 1/ 2 cup"
CAMPBELL'S RED & WHITE,"CAMPBELL'S RED & WHITE,OLD FASHIONED TOMATO RICE SOUP,COND",18.25,4,0,0.800000012,87,0.79,7.940000057,74.5,0.0,0.0,0.397,1.59,126.0,"1 serving, 1/2 cup"
CAMPBELL'S RED & WHITE,"CAMPBELL'S RED & WHITE,FIESTA NACHO CHS SOUP,COND",8.06,8,0,0.800000012,97,2.42,1.610000014,80.3,0.0,0.0,2.419,6.45,124.0,"1 serving, 1/2 cup"
CAMPBELL'S RED & WHITE,"CAMPBELL'S RED & WHITE,FRENCH ONION SOUP,COND",4.76,4,0,0.800000012,36,1.59,3.170000076,91.0,0.0,0.0,0.794,1.19,126.0,"1 serving, 1/2 cup"
CAMPBELL'S RED & WHITE,"CAMPBELL'S RED & WHITE,GOLDEN MUSHROOM SOUP,COND",8.06,4,0,0.800000012,65,1.61,0.810000002,87.2,0.0,0.0,0.806,2.82,124.0,"1 serving, 1/2 cup"
CAMPBELL'S RED & WHITE,"CAMPBELL'S RED & WHITE,GOLDFISH PASTA W/ CHICK",8.73,8,0,0.800000012,56,2.38,1.590000033,85.7,0.397,0.0,0.397,1.19,126.0,"1 serving, 1/2 cup"
SOUP,"SOUP,TOMATO BISQUE,CND,PREP W/ EQ VOLUME MILK",11.73,9,0,0.200000003,79,2.51,0.0,81.51,0.75,0.49,1.25,2.63,251.0,"1 cup,  (8 fl oz)"
SOUP,"SOUP,TOMATO,CND,PREP W/ EQ VOLUME LOFAT (2%) MILK",8.89,4,15,0.600000024,55,2.49,6.53000021,86.04,0.377,0.129,0.726,1.29,251.88,"1 serving, 1 cup"
CAMPBELL'S RED & WHITE,"CAMPBELL'S RED & WHITE,GOLDFISH PASTA W/ MEATBALL",8.73,8,0,1.600000024,63,3.17,0.790000021,84.0,0.0,0.0,1.19,1.98,126.0,"1 serving, 1/2 cup"
CAMPBELL'S RED & WHITE,"CAMPBELL'S RED & WHITE,GRN PEA SOUP,COND",21.88,0,0,3.099999905,141,7.03,4.690000057,66.8,0.0,0.0,0.781,2.34,128.0,"1 serving, 1/2 cup"
CAMPBELL'S RED & WHITE,"CAMPBELL'S RED & WHITE,HEARTY VEG W/ PASTA SOUP,COND",15.08,0,0,1.600000024,71,2.38,6.349999905,80.5,0.0,0.0,0.0,0.4,126.0,"1 serving, 1/2 cup"
CAMPBELL'S RED & WHITE,"CAMPBELL'S RED & WHITE,HOMESTYLE CHICK NOODLE SOUP,COND",6.35,8,0,0.800000012,56,3.17,0.790000021,86.6,0.397,0.0,0.794,1.59,126.0,"1 serving, 1/2 cup"
CAMPBELL'S RED & WHITE,"CAMPBELL'S RED & WHITE,MANHATTAN CLAM CHOWDER,COND",9.52,4,0,1.600000024,56,1.59,1.590000033,86.4,0.0,0.0,0.397,0.4,126.0,"1 serving, 1/2 cup"
CAMPBELL'S RED & WHITE,"CAMPBELL'S RED & WHITE,MEGA NOODLE IN CHICK BROTH,COND",11.11,12,0,1.600000024,71,3.17,1.590000033,82.8,0.0,0.0,0.397,1.59,126.0,"1 serving, 1/2 cup"
CAMPBELL'S RED & WHITE,"CAMPBELL'S RED & WHITE,MINESTRONE SOUP,COND",13.49,4,0,2.400000095,71,3.17,2.380000114,79.7,0.0,0.0,0.397,0.79,126.0,"1 serving, 1/2 cup"
CAMPBELL'S RED & WHITE,"CAMPBELL'S RED & WHITE,NEW ENGLAND CLAM CHOWDER,COND",10.32,4,0,0.800000012,71,3.17,0.790000021,83.3,0.0,0.397,0.397,1.98,126.0,"1 serving, 1/2 cup"
COMPANY,"COMPANY,CAMPBELL'S RED & WHITE,OYSTER STEW,COND",3.97,16,0,0.0,63,1.59,0.0,89.6,0.0,0.0,2.778,4.76,126.0,"1 serving, 1/2 cup"
SOUP COMPANY,"SOUP COMPANY,CAMPBELL'S RED & WHITE,PEPPER POT SOUP,COND",7.14,20,0,0.800000012,71,3.97,0.790000021,83.0,0.0,0.0,1.19,3.17,126.0,"1 serving, 1/2 cup"
CAMPBELL SOUP COMPANY,"CAMPBELL SOUP COMPANY,CAMPBELL'S RED & WHT,SCOTCH BRTH,COND",7.26,4,0,1.600000024,56,2.42,0.810000002,86.8,0.0,0.0,0.806,1.61,124.0,"1 serving, 1/2 cup"
CAMPBELL'S RED & WHITE,"CAMPBELL'S RED & WHITE,STHWEST STYLE PEPPER JCK SP,COND",10.48,4,0,3.200000048,89,1.61,2.420000076,80.3,0.0,0.0,1.613,4.84,124.0,"1 serving, 1/2 cup"
CAMPBELL'S RED & WHITE,"CAMPBELL'S RED & WHITE,VEGETARIAN VEG SOUP,COND",14.29,0,0,1.600000024,71,2.38,4.760000229,81.6,0.0,0.0,0.0,0.4,126.0,"1 serving, 1/2 cup"
CAMPBELL SOUP COMPANY,"CAMPBELL SOUP COMPANY,CAMPBELL'S RED & WHITE,VEG SOUP,COND",15.87,4,0,2.400000095,79,3.17,5.559999943,78.7,0.0,0.0,0.397,0.4,126.0,"1 serving, 1/2 cup"
CAMPBELL SOUP COMPANY,"CAMPBELL SOUP COMPANY,CAMPBELL'S RED & WHITE,VEG BF SOP,COND",11.9,4,0,2.400000095,63,3.97,1.590000033,81.6,0.0,0.0,0.397,0.79,126.0,"1 serving, 1/2 cup"
CAMPBELL SOUP COMPANY,"CAMPBELL SOUP COMPANY,CAMPBELL'S RED & WHITE,TOMATO SOP,COND",16.13,0,0,0.800000012,73,1.61,9.680000305,80.3,0.0,0.0,0.0,0.0,124.0,"1 serving, 1/2 cup"
CAMPBELL SOUP,"CAMPBELL SOUP,CAMPBELL'S RED & WHITE,TOMATO BISQUE,COND",18.25,4,0,0.800000012,103,1.59,11.89999962,75.4,0.0,0.0,1.19,2.78,126.0,"1 serving, 1/2 cup"
CAMPBELL'S RED & WHITE,"CAMPBELL'S RED & WHITE,SPLIT PEA W/ HAM & BACON SOUP,COND",21.09,4,0,3.900000095,141,7.81,3.130000114,66.0,0.0,0.391,1.563,2.73,128.0,"1 serving, 1/2 cup"
CAMPBELL'S RED & WHITE,"CAMPBELL'S RED & WHITE,SOUTHWESTERN-STYLE CHICK VEG SOP,COND",16.67,4,0,3.200000048,87,3.97,2.380000114,76.0,0.0,0.0,0.397,0.79,126.0,"1 serving, 1/2 cup"
CAMPBELL'S CHUNKY SOUPS,"CAMPBELL'S CHUNKY SOUPS,BKD POTATO CHEDDAR BACON BITS SOUP",9.39,2,0,0.800000012,65,1.63,1.25,83.8,0.0,0.0,0.408,2.44,245.0,1 cup
CAMPBELL'S CHUNKY SOUPS,"CAMPBELL'S CHUNKY SOUPS,BKD POTATO W/ STEAK & CHS SOUP",8.57,6,0,1.200000048,86,3.67,1.220000029,82.3,0.0,0.0,1.02,4.08,245.0,1 cup
CAMPBELL'S CHUNKY SOUPS,"CAMPBELL'S CHUNKY SOUPS,BARBEQUE SEASONED BURGER SOUP",11.43,6,0,2.0,84,4.08,4.079999924,80.7,0.0,0.0,1.02,2.45,245.0,1 cup
CAMPBELL'S CHUNKY SOUPS,"CAMPBELL'S CHUNKY SOUPS,BBQ SEASONED PORK SOUP",8.98,6,0,2.0,68,4.9,2.039999962,83.3,0.0,0.0,0.612,1.43,245.0,1 cup
CAMPBELL'S CHUNKY SOUPS,"CAMPBELL'S CHUNKY SOUPS,BF RIB RST POTATOES HERBS SOUP",6.94,4,0,1.200000048,44,3.27,2.450000048,87.7,0.0,0.0,0.408,0.41,245.0,1 cup
CAMPBELL'S CHUNKY SOUPS,"CAMPBELL'S CHUNKY SOUPS,BF W/ COUNTRY VEG SOUP",8.57,6,0,1.600000024,60,4.08,1.629999995,85.3,0.0,0.0,0.408,1.02,245.0,1 cup
CAMPBELL'S CHUNKY SOUPS,"CAMPBELL'S CHUNKY SOUPS,BF W/ WHITE & WILD RICE SOUP",9.8,4,0,1.200000048,65,3.27,2.039999962,84.3,0.0,0.0,0.408,1.02,245.0,1 cup
CAMPBELL'S CHUNKY SOUPS,"CAMPBELL'S CHUNKY SOUPS,CHICK & DUMPLINGS SOUP",7.76,12,0,1.600000024,74,3.67,1.220000029,84.7,0.0,0.0,0.816,2.86,245.0,1 cup
CAMPBELL'S CHUNKY SOUPS,"CAMPBELL'S CHUNKY SOUPS,CHICK BROCCOLI CHS & POTATO SOUP",5.71,6,0,0.400000006,82,2.86,0.819999993,85.7,0.0,0.0,1.633,4.49,245.0,1 cup
CAMPBELL'S CHUNKY SOUPS,"CAMPBELL'S CHUNKY SOUPS,CHICK CORN CHOWDER",8.16,10,0,1.200000048,79,3.27,1.629999995,83.8,0.0,0.0,0.612,3.67,245.0,1 cup
CAMPBELL'S CHUNKY SOUPS,"CAMPBELL'S CHUNKY SOUPS,CHICK MUSHROOM CHOWDER",7.76,10,0,1.200000048,78,3.27,1.629999995,83.2,0.0,0.0,0.612,3.67,245.0,1 cup
CAMPBELL'S CHUNKY SOUPS,"CAMPBELL'S CHUNKY SOUPS,CLASSIC CHICK NOODLE SOUP",6.12,8,0,0.800000012,47,3.27,0.819999993,88.3,0.0,0.0,0.408,1.02,245.0,1 cup
CAMPBELL'S CHUNKY SOUPS,"CAMPBELL'S CHUNKY SOUPS,FAJITA CHICK W/ RICE & BNS SOUP",9.39,6,0,1.600000024,58,3.67,2.859999895,83.9,0.0,0.0,0.204,0.61,245.0,1 cup
CAMPBELL'S CHUNKY SOUPS,"CAMPBELL'S CHUNKY SOUPS,FIREHOUSE - HOT SPICY BF BEAN CHILI",10.2,12,0,3.299999952,95,6.12,4.489999771,78.7,0.0,0.0,1.429,3.27,245.0,1 cup
CAMPBELL'S CHUNKY SOUPS,"CAMPBELL'S CHUNKY SOUPS,GRILLED CHICK SAUSAGE GUMBO SOUP",8.57,6,0,1.200000048,57,3.27,1.629999995,85.6,0.0,0.0,0.408,1.02,245.0,1 cup
CAMPBELL'S CHUNKY SOUPS,"CAMPBELL'S CHUNKY SOUPS,GRILLED CHICK VEG & PASTA SOUP",6.12,6,0,0.800000012,41,3.27,0.819999993,88.8,0.0,0.0,0.204,0.82,245.0,1 cup
SOUP,"SOUP,CRM OF ASPARAGUS,CND,PREP W/ EQ VOLUME H2O",4.38,2,0,0.200000003,35,0.94,0.0,91.8,0.39,0.76,0.43,1.68,244.0,"1 cup,  (8 fl oz)"
SOUP,"SOUP,BLACK BEAN,CND,PREP W/ EQ VOLUME H2O",7.71,0,8,3.400000095,46,2.42,1.24000001,87.62,0.24,0.205,0.17,0.66,247.0,1 cup
CAMPBELL'S CHUNKY SOUPS,"CAMPBELL'S CHUNKY SOUPS,GRILLED SIRLOIN STEAK HEARTY VEG SP",7.76,4,0,1.600000024,51,3.27,1.629999995,87.0,0.0,0.0,0.408,0.82,245.0,1 cup
SOUP,"SOUP,BEAN W/ PORK,CND,PREP W/ EQ VOLUME H2O",8.31,1,13,2.900000095,63,2.88,1.470000029,85.35,0.793,0.666,0.558,2.16,266.43,"1 serving, 1 cup"
CAMPBELL'S CHUNKY SOUPS,"CAMPBELL'S CHUNKY SOUPS,HEALTHY REQUEST CHICK NOODLE SOUP",6.12,8,0,0.400000006,49,2.86,0.819999993,88.9,0.0,0.0,0.204,1.02,245.0,1 cup
SOUP,"SOUP,BEAN W/ FRANKFURTERS,CND,PREP W/ EQ VOLUME H2O",8.8,5,0,0.0,75,3.99,0.0,83.03,1.09,0.66,0.85,2.79,250.0,"1 cup,  (8 fl oz)"
CAMPBELL'S CHUNKY SOUPS,"CAMPBELL'S CHUNKY SOUPS,HEALTHY REQUEST VEG SOUP",9.8,0,0,1.600000024,48,1.63,3.269999981,87.7,0.0,0.0,0.0,0.2,245.0,1 cup
SOUP,"SOUP,BF NOODLE,CND,PREP W/ EQ VOLUME H2O",3.58,2,7,0.300000012,34,1.93,1.029999971,92.16,0.495,0.195,0.455,1.23,244.0,"1 cup,  (8 fl oz)"
SOUP,"SOUP,CRM OF CELERY,CND,PREP W/ EQ VOLUME H2O",3.62,6,0,0.300000012,37,0.68,0.0,92.27,0.53,1.03,0.58,2.29,244.0,1 cup
SOUP,"SOUP,CHS,CND,PREP W/ EQ VOLUME H2O",4.26,12,0,0.400000006,63,2.19,0.0,88.12,1.2,0.12,2.7,4.24,247.0,"1 cup,  (8 fl oz)"
SOUP,"SOUP,CHICK W/ DUMPLINGS,CND,PREP W/ EQ VOLUME H2O",2.51,14,6,0.200000003,40,2.33,0.330000013,91.78,1.05,0.54,0.54,2.29,241.0,"1 cup,  (8 fl oz)"
SOUP,"SOUP,CHICK BROTH,CND,PREP W/ EQ VOLUME H2O",0.38,0,5,0.0,16,2.02,0.289999992,95.95,0.24,0.11,0.16,0.57,244.0,"1 cup,  (8 fl oz)"
CAMPBELL'S CHUNKY SOUPS,"CAMPBELL'S CHUNKY SOUPS,HEARTY BEAN 'N' HAM SOUP",12.24,4,0,3.299999952,74,4.49,2.039999962,81.6,0.0,0.0,0.204,0.82,245.0,1 cup
CAMPBELL'S CHUNKY SOUPS,"CAMPBELL'S CHUNKY SOUPS,HEARTY BF BARLEY SOUP",10.61,4,0,1.600000024,68,4.08,2.039999962,82.6,0.0,0.0,0.408,1.02,245.0,1 cup
SOUP,"SOUP,CRM OF CHICK,CND,PREP W/ EQ VOLUME H2O",3.8,4,0,0.100000001,48,1.41,0.0,90.62,1.34,0.61,0.85,3.02,244.0,1 cup
SOUP,"SOUP,CHICK GUMBO,CND,PREP W/ EQ VOLUME H2O",3.43,2,4,0.800000012,23,1.08,1.019999981,93.84,0.27,0.14,0.13,0.59,244.0,1 cup
CAMPBELL'S CHUNKY SOUPS,"CAMPBELL'S CHUNKY SOUPS,HEARTY CHICK W/ VEG SOUP",5.31,6,0,0.800000012,38,2.86,1.220000029,89.7,0.0,0.0,0.204,0.61,245.0,1 serving
SOUP,"SOUP,CHICK NOODLE,CND,PREP W/ EQ VOLUME H2O",2.95,5,6,0.200000003,25,1.27,0.270000011,93.82,0.418,0.264,0.262,0.95,247.9,"1 serving, 1 cup"
CAMPBELL'S CHUNKY SOUPS,"CAMPBELL'S CHUNKY SOUPS,HEARTY VEG W/ PASTA SOUP",9.39,2,0,1.200000048,51,1.63,3.670000076,86.7,0.0,0.0,0.0,0.82,245.0,1 cup
CAMPBELL'S CHUNKY SOUPS,"CAMPBELL'S CHUNKY SOUPS,HERB RSTD CHICK POTATOES GARLIC SOUP",6.94,6,0,1.200000048,46,3.27,1.629999995,87.2,0.0,0.0,0.408,0.61,245.0,1 cup
SOUP,"SOUP,CHICK W/ RICE,CND,PREP W/ EQ VOLUME H2O",2.92,3,5,0.300000012,24,1.45,0.079999998,93.87,0.37,0.17,0.185,0.78,243.26,"1 serving, 1 cup"
CAMPBELL'S CHUNKY SOUPS,"CAMPBELL'S CHUNKY SOUPS,HONEY RSTD HAM W/ POTATOES SOUP",8.16,6,0,1.200000048,55,3.27,2.859999895,86.1,0.0,0.0,0.408,1.02,245.0,1 cup
SOUP,"SOUP,CHICK VEG,CND,PREP W/ EQ VOLUME H2O",3.56,4,4,0.400000006,31,1.5,0.540000021,92.64,0.53,0.25,0.35,1.18,247.9,"1 cup,  (8 fl oz)"
SOUP,"SOUP,CHILI BF,CND,PREP W/ EQ VOLUME H2O",9.23,5,11,1.200000048,57,2.49,2.49000001,85.68,0.496,0.046,0.608,1.24,260.67,1 cup
CAMPBELL'S CHUNKY SOUPS,"CAMPBELL'S CHUNKY SOUPS,ITALIAN SAUSAGE & PEPPERS SOUP",8.16,8,0,1.200000048,62,2.86,3.269999981,86.0,0.0,0.0,0.612,2.04,245.0,1 cup
SOUP,"SOUP,CLAM CHOWDER,MANHATTAN,CND,PREP W/EQ VOLUME H2O",4.77,1,8,0.600000024,30,0.85,1.320000052,92.26,0.149,0.503,0.149,0.86,249.15,"1 serving, 1 cup"
CAMPBELL'S CHUNKY SOUPS,"CAMPBELL'S CHUNKY SOUPS,MANHATTEN CLAM CHOWDER",7.76,2,0,1.200000048,52,2.04,1.629999995,87.9,0.0,0.0,0.408,1.43,245.0,1 cup
SOUP,"SOUP,CLAM CHOWDER,NEW ENGLAND,CND,PREP W/ EQ VOLUME H2O",5.05,3,3,0.300000012,35,1.55,0.189999998,90.89,0.0,0.469,0.468,1.01,247.9,"1 serving, 1 cup"
CAMPBELL'S CHUNKY SOUPS,"CAMPBELL'S CHUNKY SOUPS,NEW ENGLAND CLAM CHOWDER",10.2,4,0,2.0,86,2.86,0.819999993,81.1,0.0,0.0,0.408,3.67,245.0,1 cup
SOUP,"SOUP,BF BROTH,BOUILLON,CONSOMME,PREP W/ EQ VOLUME H2O",0.73,0,0,0.0,12,2.22,0.0,96.24,0.0,0.0,0.0,0.0,241.0,"1 cup,  (8 fl oz)"
CAMPBELL'S CHUNKY SOUPS,"CAMPBELL'S CHUNKY SOUPS,OLD FASHIONED POTATO HAM CHOWDER",6.94,6,0,0.800000012,78,2.45,0.409999996,83.8,0.0,0.0,1.633,4.49,245.0,1 cup
CAMPBELL'S CHUNKY SOUPS,"CAMPBELL'S CHUNKY SOUPS,OLD FASHIONED VEG BF SOUP",7.35,6,0,1.600000024,53,3.67,1.629999995,86.9,0.0,0.0,0.408,1.02,245.0,1 cup
CAMPBELL'S CHUNKY SOUPS,"CAMPBELL'S CHUNKY SOUPS,PEPPER STEAK SOUP",7.35,6,0,1.200000048,48,3.27,1.629999995,88.1,0.0,0.0,0.204,0.61,245.0,1 cup
CAMPBELL'S CHUNKY SOUPS,"CAMPBELL'S CHUNKY SOUPS,PORK RST CARROTS POTATOES SOUP",6.53,6,0,1.200000048,50,3.27,1.220000029,85.6,0.0,0.0,0.612,1.22,245.0,1 cup
CAMPBELL'S CHUNKY SOUPS,"CAMPBELL'S CHUNKY SOUPS,ROADHOUSE - BF BEAN CHILI",10.2,12,0,3.299999952,95,6.12,4.489999771,78.7,0.0,0.0,1.429,3.27,245.0,1 cup
CAMPBELL'S CHUNKY SOUPS,"CAMPBELL'S CHUNKY SOUPS,SALISBURY STEAK MUSHRMS ONIONS SOUP",7.76,6,0,2.0,62,3.67,2.450000048,85.2,0.0,0.0,1.02,1.84,245.0,1 serving
CAMPBELL'S CHUNKY SOUPS,"CAMPBELL'S CHUNKY SOUPS,SAVORY CHICK WHITE WILD RICE SOUP",7.35,4,0,0.800000012,48,2.86,0.409999996,88.0,0.0,0.0,0.204,0.82,245.0,1 cup
SOUP,"SOUP,MINESTRONE,CND,PREP W/ EQ VOLUME H2O",4.66,1,0,0.400000006,34,1.77,0.0,91.33,0.29,0.46,0.23,1.04,241.0,"1 cup,  (8 fl oz)"
CAMPBELL'S CHUNKY SOUPS,"CAMPBELL'S CHUNKY SOUPS,SAVORY POT RST SOUP",7.35,6,0,1.200000048,48,3.27,1.629999995,87.3,0.0,0.0,0.408,0.61,245.0,1 cup
SOUP,"SOUP,MUSHROOM BARLEY,CND,PREP W/ EQ VOLUME H2O",4.8,0,0,0.300000012,30,0.77,0.0,92.4,0.41,0.29,0.18,0.93,244.0,"1 cup,  (8 fl oz)"
SOUP,"SOUP,CRM OF MUSHROOM,CND,PREP W/ EQ VOLUME H2O",3.29,0,5,0.0,42,0.79,0.720000029,92.04,0.543,0.702,0.676,2.88,247.9,"1 serving, 1 cup"
SOUP,"SOUP,MUSHROOM W/ BF STOCK,CND,PREP W/ EQ VOLUME H2O",3.81,3,0,0.300000012,35,1.29,0.0,92.08,0.58,0.32,0.64,1.65,244.0,"1 cup,  (8 fl oz)"
SOUP,"SOUP,ONION,CND,PREP W/ EQ VOLUME H2O",3.27,0,2,0.300000012,23,1.5,1.330000043,93.26,0.299,0.26,0.103,0.7,243.39,"1 serving, 1 cup"
SOUP,"SOUP,CRM OF ONION,CND,PREP W/ EQ VOLUME H2O",5.2,6,0,0.400000006,44,1.13,0.0,90.5,0.86,0.6,0.6,2.16,244.0,"1 cup,  (8 fl oz)"
CAMPBELL'S CHUNKY SOUPS,"CAMPBELL'S CHUNKY SOUPS,SAVORY VEG SOUP",8.98,0,0,1.600000024,44,1.22,2.450000048,88.2,0.0,0.0,0.204,0.41,245.0,1 cup
SOUP,"SOUP,OYSTER STEW,CND,PREP W/ EQ VOLUME H2O",1.69,6,0,0.0,24,0.87,0.0,94.86,0.38,0.07,1.04,1.59,241.0,"1 cup,  (8 fl oz)"
SOUP,"SOUP,PEA,GRN,CND,PREP W/ EQ VOLUME H2O",9.88,0,13,1.899999976,61,3.2,3.190000057,84.55,0.372,0.142,0.524,1.09,259.48,"1 serving, 1 cup"
SOUP,"SOUP,PEA,SPLIT W/ HAM,CND,PREP W/ EQ VOLUME H2O",11.05,3,0,0.899999976,75,4.08,0.0,81.77,0.71,0.25,0.7,1.74,253.0,"1 cup,  (8 fl oz)"
SOUP,"SOUP,PEPPERPOT,CND,PREP W/ EQ VOLUME H2O",3.75,4,5,0.200000003,41,2.54,0.0,90.46,0.803,0.142,0.822,1.85,243.26,"1 serving, 1 cup"
SOUP,"SOUP,CRM OF POTATO,CND,PREP W/ EQ VOLUME H2O",4.7,2,0,0.200000003,30,0.72,0.0,92.49,0.23,0.17,0.5,0.97,244.0,"1 cup,  (8 fl oz)"
CAMPBELL'S CHUNKY SOUPS,"CAMPBELL'S CHUNKY SOUPS,SIZZLIN' STEAK- GRLD STK CHILI BNS",11.02,6,0,2.900000095,81,6.53,3.670000076,80.0,0.0,0.0,0.408,1.22,245.0,1 serving
SOUP,"SOUP,SCOTCH BROTH,CND,PREP W/ EQ VOLUME H2O",3.87,2,5,0.5,33,2.03,0.25999999,91.84,0.315,0.225,0.455,1.07,241.0,1 cup
SOUP,"SOUP,CRM OF SHRIMP,CND,PREP W/ EQ VOLUME H2O",3.27,7,3,0.100000001,36,1.11,0.239999995,92.38,0.595,0.075,1.29,2.07,244.0,1 cup
CAMPBELL'S CHUNKY SOUPS,"CAMPBELL'S CHUNKY SOUPS,SLOW RSTD BF W/ MUSHROOMS SOUP",7.35,6,0,1.200000048,48,3.27,2.039999962,87.1,0.0,0.0,0.408,0.61,245.0,1 cup
CAMPBELL'S CHUNKY SOUPS,"CAMPBELL'S CHUNKY SOUPS,SMOKED CHICK W/ RSTD CORN CHOWDER",7.76,6,0,2.0,84,4.08,1.220000029,82.2,0.0,0.0,0.816,4.08,245.0,1 cup
CAMPBELL'S CHUNKY SOUPS,"CAMPBELL'S CHUNKY SOUPS,SPLIT PEA 'N' HAM SOUP",11.02,4,0,1.600000024,69,4.9,2.039999962,81.9,0.0,0.0,0.408,1.02,245.0,1 cup
SOUP,"SOUP,STOCKPOT,CND,PREP W/ EQ VOLUME H2O",4.65,2,0,0.0,40,1.97,0.0,90.58,0.41,0.71,0.35,1.58,247.0,"1 cup,  (8 fl oz)"
SOUP,"SOUP,TOMATO BF W/ NOODLE,CND,PREP W/ EQ VOLUME H2O",8.44,2,8,0.600000024,56,1.78,0.730000019,86.99,0.69,0.27,0.635,1.71,244.0,1 cup
CAMPBELL'S CHUNKY SOUPS,"CAMPBELL'S CHUNKY SOUPS,STEAK 'N' POTATO SOUP",7.35,6,0,0.800000012,53,4.08,0.819999993,86.5,0.0,0.0,0.204,0.82,245.0,1 cup
SOUP,"SOUP,TOMATO RICE,CND,PREP W/ EQ VOLUME H2O",8.54,1,8,0.699999988,47,0.82,2.950000048,88.52,0.235,0.525,0.2,1.06,247.0,1 cup
CAMPBELL'S CHNKY SOUPS,"CAMPBELL'S CHNKY SOUPS,TANTALIZIN' TRKY - TRKY CHILI BNS SP",11.02,6,0,3.299999952,78,6.12,3.670000076,80.6,0.0,0.0,0.408,1.02,245.0,1 serving
SOUP,"SOUP,TURKEY NOODLE,CND,PREP W/ EQ VOLUME H2O",3.54,2,0,0.300000012,28,1.6,0.0,92.99,0.33,0.2,0.23,0.82,244.0,1 cup
SOUP,"SOUP,TURKEY VEG,CND,PREP W/ EQ VOLUME H2O",3.58,1,0,0.200000003,30,1.28,0.0,92.89,0.55,0.28,0.37,1.26,241.0,"1 cup,  (8 fl oz)"
SOUP,"SOUP,VEGETARIAN VEG,CND,PREP W/ EQ VOLUME H2O",4.89,0,4,0.300000012,28,0.86,1.570000052,92.41,0.34,0.295,0.12,0.79,241.0,1 cup
SOUP,"SOUP,VEG BF,CND,PREP W/ EQ VOLUME H2O",4.06,2,5,0.800000012,31,2.23,0.449999988,91.8,0.32,0.045,0.34,0.76,244.0,"1 cup,  (8 fl oz)"
SOUP,"SOUP,VEG W/ BF BROTH,CND,PREP W/ EQ VOLUME H2O",5.35,1,5,0.699999988,33,1.21,0.819999993,91.59,0.225,0.32,0.18,0.78,241.0,"1 cup,  (8 fl oz)"
SOUP,"SOUP,BEAN W/ BACON,DRY,MIX,PREP W/ H2O",6.18,1,9,3.400000095,40,2.07,0.230000004,89.73,0.35,0.06,0.36,0.81,264.9,"1 cup,  (8 fl oz)"
SOUP,"SOUP,BF BROTH OR BOUILLON,PDR,PREP W/H2O",0.25,0,1,0.0,3,0.21,0.200000003,98.69,0.033,0.003,0.04,0.08,239.56,"1 serving, 1 cup"
SOUP,"SOUP,BF BROTH,CUBED,PREP W/H2O",0.25,0,1,0.0,3,0.21,0.200000003,98.69,0.033,0.003,0.04,0.08,239.56,"1 serving, 1 cup"
SOUP,"SOUP,CHICK BROTH OR BOUILLON,DRY,PREP W/ H2O",0.3,0,2,0.0,4,0.28,0.289999992,98.28,0.089,0.074,0.057,0.23,240.56,"1 cup, 8 fl oz"
SOUP,"SOUP,CHICK BROTH CUBES,DRY,PREP W/ H2O",0.62,0,0,0.0,5,0.39,0.0,97.43,0.05,0.04,0.03,0.12,243.0,"1 cup,  (8 fl oz)"
SOUP,"SOUP,CRM OF CHICK,DRY,MIX,PREP W/ H2O",5.11,1,5,0.100000001,41,0.68,1.590000033,90.94,0.45,0.16,1.3,2.04,261.1,"1 cup, 8 fl oz"
SOUP,"SOUP,CHICK RICE,DRY,MIX,PREP W/ H2O",3.66,1,5,0.300000012,24,0.97,0.289999992,93.84,0.25,0.17,0.13,0.57,240.0,"1 cup, 8 fl oz"
SOUP,"SOUP,CONSOMME W/ GELATIN,DRY,MIX,PREP W/ H2O",0.78,0,2,0.0,7,0.87,0.449999988,94.75,0.0,0.0,0.0,0.08,249.0,"1 cup, 8 fl oz"
SOUP,"SOUP,MUSHROOM,DRY,MIX,PREP W/ H2O",4.4,0,5,0.200000003,33,0.66,0.180000007,92.36,0.89,0.61,0.32,1.82,253.0,1 cup
SOUP,"SOUP,ONION,DRY,MIX,PREP W/ H2O",2.77,0,1,0.300000012,12,0.32,0.200000003,95.8,0.003,0.007,0.004,0.01,229.8,"1 serving, 1 cup"
SOUP,"SOUP,OXTAIL,DRY,MIX,PREP W/ H2O",3.54,0,1,0.100000001,28,1.11,0.980000019,92.96,0.42,0.04,0.5,1.01,244.0,1 cup
CAMPBELL'S RED & WHITE - MCRWVEABLE BOWLS,"CAMPBELL'S RED & WHITE - MCRWVEABLE BOWLS,CHICK NOODLE SOUP",4.08,6,0,0.400000006,30,1.63,0.0,92.4,0.0,0.0,0.204,0.82,245.0,1 cup
SOUP,"SOUP,TOMATO,DRY,MIX,PREP W/ H2O",7.17,2,8,0.400000006,38,0.93,3.900000095,89.88,0.237,0.063,0.286,0.61,265.0,"1 cup, 8 fl oz"
SOUP,"SOUP,TOMATO VEG,DRY,MIX,PREP W/ H2O",4.04,0,5,0.300000012,22,0.79,0.99000001,94.24,0.12,0.03,0.15,0.34,245.0,"1 cup, 8 fl oz"
SOUP,"SOUP,VEG BF,DRY,MIX,PREP W/ H2O",3.17,0,4,0.300000012,21,1.16,0.360000014,94.2,0.18,0.02,0.22,0.44,253.0,"1 cup, 8 fl oz"
CAMPBELL'S RED & WHITE - MICROWAVEABLE BOWLS,"CAMPBELL'S RED & WHITE - MICROWAVEABLE BOWLS,CHICK RICE SOUP",5.71,2,0,0.400000006,30,0.82,0.409999996,92.0,0.0,0.0,0.204,0.41,245.0,1 cup
CAMPBELL'S RED & WHITE - MCRWVEABLE BOWLS,"CAMPBELL'S RED & WHITE - MCRWVEABLE BOWLS,CREAMY TOMATO SOUP",10.2,2,0,1.200000048,64,1.22,6.53000021,84.7,0.0,0.0,0.408,2.04,245.0,1 cup
CAMPBELL'S RED & WHITE - MICROWAVEABLE BOWLS,"CAMPBELL'S RED & WHITE - MICROWAVEABLE BOWLS,TOMATO SOUP",9.8,0,0,1.200000048,44,1.22,7.349999905,87.4,0.0,0.0,0.0,0.0,245.0,1 cup
CAMPBELL'S RED & WHITE - MICROWAVEABLE BOWLS,"CAMPBELL'S RED & WHITE - MICROWAVEABLE BOWLS,VEG BF SOUP",6.12,4,0,1.200000048,34,2.04,0.819999993,90.6,0.0,0.0,0.204,0.2,245.0,1 cup
CAMPBELL'S SEL GOLD LABEL SOUPS,"CAMPBELL'S SEL GOLD LABEL SOUPS,BLNDED RED PEPP BLK BEAN SP",9.39,2,0,1.600000024,49,1.22,4.079999924,87.3,0.0,0.0,0.408,0.61,245.0,1 cup
CAMPBELL'S SEL GOLD LABEL SOUPS,"CAMPBELL'S SEL GOLD LABEL SOUPS,CRMY PORTOBELLO MSHRM SOUP",5.71,4,0,0.800000012,42,1.22,0.819999993,90.1,0.0,0.0,1.224,1.63,245.0,1 cup
CAMPBELL'S SEL GOLD LABEL SOUPS,"CAMPBELL'S SEL GOLD LABEL SOUPS,GOLDEN BUTTERNUT SQSH SOUP",7.35,2,0,1.200000048,37,0.82,3.269999981,89.8,0.0,0.0,0.408,0.61,245.0,1 cup
CAMPBELL'S SEL MCRWVABLE BOWLS,"CAMPBELL'S SEL MCRWVABLE BOWLS,98% FT FR NEW ENGL CLAM CHDER",6.53,4,0,1.200000048,43,2.45,0.409999996,88.9,0.0,0.0,0.204,0.82,245.0,1 cup
CAMPBELL'S SEL MCRWVABLE BOWLS,"CAMPBELL'S SEL MCRWVABLE BOWLS,CHICK W/ EGG NOODLES SOUP",4.9,8,0,0.800000012,38,3.27,0.819999993,89.8,0.0,0.0,0.204,0.61,245.0,1 cup
CAMPBELL'S SEL MCRWVABLE BWLS,"CAMPBELL'S SEL MCRWVABLE BWLS,ITAL SSGE PSTA & PEPRNI SOUP",6.12,6,0,0.800000012,53,2.86,2.039999962,87.5,0.0,0.0,1.02,2.45,245.0,1 cup
CAMPBELL'S SEL MCRWVABLE BOWLS,"CAMPBELL'S SEL MCRWVABLE BOWLS,ITALIAN-STYLE WEDDING SOUP",6.12,6,0,0.800000012,45,2.86,2.039999962,89.1,0.0,0.0,0.408,1.02,245.0,1 cup
CAMPBELL'S SEL MCRWVABLE BOWLS,"CAMPBELL'S SEL MCRWVABLE BOWLS,MEX STYLE CHICK TORTILLA SOUP",7.35,4,0,1.200000048,52,3.27,1.220000029,86.9,0.0,0.0,0.408,1.02,245.0,1 cup
CAMPBELL'S SEL MICROWAVEABLE BOWLS,"CAMPBELL'S SEL MICROWAVEABLE BOWLS,MINESTRONE SOUP",7.76,2,0,1.600000024,39,1.63,2.039999962,88.7,0.0,0.0,0.0,0.2,245.0,1 cup
CAMPBELL'S SEL MCRWVABLE BOWLS,"CAMPBELL'S SEL MCRWVABLE BOWLS,SVRY CHK & LONG GRN RICE SOUP",6.12,4,0,0.400000006,38,2.86,1.220000029,89.4,0.0,0.0,0.0,0.2,245.0,1 cup
SOUP,"SOUP,CHICK NOODLE,DRY,MIX,PREP W/ H2O",3.67,4,5,0.100000001,23,0.84,0.310000002,94.16,0.205,0.155,0.122,0.55,245.0,1 cup
CAMPBELL'S SEL SOUP,"CAMPBELL'S SEL SOUP,98% FAT FREE NEW ENGLAND CLAM CHOWDER",7.35,4,0,0.800000012,43,2.04,0.819999993,88.7,0.0,0.0,0.0,0.61,245.0,1 cup
CAMPBELL'S SEL SOUP,"CAMPBELL'S SEL SOUP,BF W/ RSTD BARLEY SOUP",8.98,4,0,0.800000012,54,3.67,1.629999995,85.6,0.0,0.0,0.204,0.41,245.0,1 serving
CAMPBELL'S SEL SOUP,"CAMPBELL'S SEL SOUP,CHICK & PASTA W/ RSTD GARLIC SOUP",7.35,6,0,0.800000012,46,3.27,0.819999993,88.1,0.0,0.0,0.204,0.41,245.0,1 cup
CAMPBELL'S SEL SOUP,"CAMPBELL'S SEL SOUP,CHICK VEG MEDLEY SOUP",7.76,4,0,0.800000012,44,2.86,1.629999995,88.0,0.0,0.0,0.204,0.2,245.0,1 cup
CAMPBELL'S SEL SOUP,"CAMPBELL'S SEL SOUP,CREAMY CHICK ALFREDO SOUP",7.35,4,0,0.800000012,71,4.08,0.409999996,83.0,0.0,0.0,0.408,2.86,245.0,1 cup
CAMPBELL'S SEL SOUP,"CAMPBELL'S SEL SOUP,HEALTHY REQUEST MEX STYLE CHICK TORTILLA",8.16,4,0,1.200000048,55,3.27,0.819999993,87.0,0.0,0.0,0.408,1.02,245.0,1 cup
CAMPBELL'S SEL SOUP,"CAMPBELL'S SEL SOUP,ITALIAN SAUSAGE W/ PASTA PEPPERONI SOUP",7.35,6,0,1.200000048,63,2.86,2.039999962,86.2,0.0,0.0,1.02,2.45,245.0,1 cup
CAMPBELL'S SEL SOUP,"CAMPBELL'S SEL SOUP,ITALIAN-STYLE WEDDING SOUP",6.12,6,0,0.800000012,47,2.86,1.220000029,89.2,0.0,0.0,0.612,1.22,245.0,1 cup
CAMPBELL'S SEL SOUP,"CAMPBELL'S SEL SOUP,MEDITERRANEAN MEATBALL BOWTIE PASTA SOUP",5.71,6,0,1.200000048,47,2.86,1.629999995,88.8,0.0,0.0,0.612,1.43,245.0,1 cup
CAMPBELL'S SEL SOUP,"CAMPBELL'S SEL SOUP,MEXICAN STYLE CHICK TORTILLA SOUP",8.16,4,0,1.200000048,53,3.27,0.409999996,86.4,0.0,0.0,0.408,0.82,245.0,1 cup
CAMPBELL SOUP COMPANY,"CAMPBELL SOUP COMPANY,CAMPBELL'S SEL SOUP,MINESTRONE SOUP",8.16,0,0,1.200000048,43,2.04,2.039999962,88.3,0.0,0.0,0.0,0.2,245.0,1 cup
CAMPBELL'S SEL SOUP,"CAMPBELL'S SEL SOUP,NEW ENGLAND CLAM CHOWDER",6.12,4,0,0.800000012,64,2.45,0.409999996,87.1,0.0,0.0,0.816,3.27,245.0,1 cup
CAMPBELL'S SEL SOUP,"CAMPBELL'S SEL SOUP,POTATO BROCCOLI CHS SOUP",7.35,2,0,1.600000024,49,1.22,0.819999993,89.2,0.0,0.0,0.408,1.63,245.0,1 cup
SOUP,"SOUP,BF MUSHROOM,CND,PREP W/ EQ VOLUME H2O",2.6,3,0,0.100000001,30,2.37,0.0,92.6,0.51,0.05,0.61,1.23,244.0,"1 cup,  (8 fl oz)"
CAMPBELL'S SEL SOUP,"CAMPBELL'S SEL SOUP,RSTD CHICK W/ LONG GRAIN WILD RICE SOUP",7.35,6,0,0.800000012,43,2.86,0.819999993,88.7,0.0,0.0,0.204,0.2,245.0,1 cup
SOUP,"SOUP,CHICK MUSHROOM,CND,PREP W/ EQ VOLUME H2O",3.8,4,0,0.100000001,54,1.8,0.0,90.0,1.65,0.95,0.98,3.75,244.0,"1 cup,  (8 fl oz)"
CAMPBELL'S SEL SOUP,"CAMPBELL'S SEL SOUP,RSTD CHICK W/ ROTINI & PENNE PASTA SOUP",6.53,4,0,0.800000012,41,3.27,0.819999993,88.7,0.0,0.0,0.204,0.2,245.0,1 cup
CAMPBELL'S SEL SOUP,"CAMPBELL'S SEL SOUP,SAVORY WHITE BEAN W/ RSTD HAM SOUP",12.24,2,0,2.900000095,67,3.67,1.629999995,83.1,0.0,0.0,0.204,0.41,245.0,1 cup
CAMPBELL'S SEL SOUP,"CAMPBELL'S SEL SOUP,SLOW RSTD BF & VEG SOUP",6.53,4,0,0.800000012,41,2.45,1.629999995,89.0,0.0,0.0,0.204,0.61,245.0,1 cup
CAMPBELL'S SEL SOUP,"CAMPBELL'S SEL SOUP,SPLIT PEA W/ RSTD HAM SOUP",11.84,2,0,2.0,67,4.08,2.039999962,82.8,0.0,0.0,0.0,0.41,245.0,1 cup
SOUP,"SOUP,TOMATO BISQUE,CND,PREP W/ EQ VOLUME H2O",9.6,2,0,0.200000003,50,0.92,0.0,87.17,0.28,0.45,0.22,1.02,247.0,"1 cup,  (8 fl oz)"
SOUP,"SOUP,TOMATO,CND,PREP W/EQ VOLUME H2O,COMM",6.57,0,6,0.600000024,30,0.79,3.970000029,91.38,0.088,0.093,0.076,0.28,247.9,"1 serving, 1 cup"
CAMPBELL SOUP COMPANY,"CAMPBELL SOUP COMPANY,CAMPBELL'S SEL SOUP,TOMATO GARDEN SOUP",8.57,2,0,0.800000012,41,1.22,4.900000095,88.6,0.0,0.0,0.204,0.2,245.0,1 cup
CAMPBELL SOUP COMPANY,"CAMPBELL SOUP COMPANY,CAMPBELL'S SEL SOUP,VEG MEDLEY SOUP",8.57,0,0,1.200000048,41,1.22,2.450000048,88.9,0.0,0.0,0.0,0.2,245.0,1 cup
SOUP,"SOUP,RAMEN NOODLE,ANY FLAVOR,DRY",65.5,0,86,2.400000095,453,9.3,0.730000019,4.7,6.4,2.605,7.63,17.1,43.0,1 serving
SOUP,"SOUP,BROCCOLI CHS,CND,COND,COMM",7.7,4,18,1.799999952,87,2.1,2.119999886,82.7,2.0,1.7,1.6,5.3,303.35,"1 can, 10.7 oz (10.75 oz)"
CAMPBELL'S SOUP AT HAND,"CAMPBELL'S SOUP AT HAND,BLENDED VEG MEDLEY SOUP",6.23,2,0,1.299999952,33,0.98,2.950000048,91.1,0.0,0.0,0.164,0.49,305.0,1 serving
CAMPBELL'S SOUP AT HAND,"CAMPBELL'S SOUP AT HAND,CHICK & STARS SOUP",3.28,2,0,0.699999988,21,0.98,0.330000013,94.0,0.0,0.0,0.164,0.49,305.0,1 serving
CAMPBELL'S SOUP AT HAND,"CAMPBELL'S SOUP AT HAND,CHICK W/ MINI NOODLES SOUP",3.61,3,0,0.699999988,26,1.31,0.660000026,93.5,0.0,0.0,0.164,0.66,305.0,1 serving
CAMPBELL'S SOUP AT HAND,"CAMPBELL'S SOUP AT HAND,CRM OF BROCCOLI SOUP",5.57,2,0,2.299999952,47,0.98,0.980000019,90.2,0.0,0.0,0.656,2.3,305.0,1 serving
CAMPBELL'S SOUP AT HAND,"CAMPBELL'S SOUP AT HAND,CREAMY CHICK SOUP",4.26,2,0,1.299999952,43,1.31,0.330000013,90.5,0.0,0.0,0.492,2.95,305.0,1 serving
CAMPBELL'S SOUP AT HAND,"CAMPBELL'S SOUP AT HAND,CREAMY TOMATO SOUP",11.15,2,0,1.299999952,62,1.31,7.539999962,84.8,0.0,0.0,0.328,1.31,305.0,1 serving
CAMPBELL'S SOUP AT HAND,"CAMPBELL'S SOUP AT HAND,ITALIAN STYLE WEDDING SOUP",3.28,3,0,0.300000012,24,0.98,0.980000019,93.4,0.0,0.0,0.328,0.82,305.0,1 serving
CAMPBELL'S SOUP AT HAND,"CAMPBELL'S SOUP AT HAND,NEW ENGLAND CLAM CHOWDER",4.26,2,0,1.299999952,40,1.31,0.0,91.6,0.0,0.0,0.328,1.97,305.0,1 serving
CAMPBELL SOUP COMPANY,"CAMPBELL SOUP COMPANY,CAMPBELL'S SOUP AT HAND,VEG BF SOUP",3.28,2,0,0.300000012,20,0.98,1.639999986,94.0,0.0,0.0,0.164,0.33,305.0,1 serving
CAMPBELL'S SOUP AT HAND,"CAMPBELL'S SOUP AT HAND,VELVETY POTATO SOUP",6.89,2,0,1.299999952,51,0.66,1.639999986,89.3,0.0,0.0,0.328,2.3,305.0,1 serving
CAMPBELL SOUP COMPANY,"CAMPBELL SOUP COMPANY,PACE,CHIPOTLE CHUNKY SALSA",6.25,0,0,3.099999905,25,0.0,6.25,88.6,0.0,0.0,0.0,0.0,32.0,1 serving
CAMPBELL SOUP COMPANY,"CAMPBELL SOUP COMPANY,PACE,CILANTRO CHUNKY SALSA",6.25,0,0,3.099999905,25,0.0,6.25,88.6,0.0,0.0,0.0,0.0,32.0,1 serving
CAMPBELL SOUP COMPANY,"CAMPBELL SOUP COMPANY,PACE,ENCHILADA SAU",8.33,0,0,1.700000048,40,1.67,6.670000076,87.1,0.0,0.0,0.0,0.0,60.0,.25 cup
CAMPBELL SOUP COMPANY,"CAMPBELL SOUP COMPANY,PACE,GRN TACO SAU",6.25,0,0,0.0,25,0.0,6.25,90.7,0.0,0.0,0.0,0.0,16.0,1 serving
CAMPBELL SOUP COMPANY,"CAMPBELL SOUP COMPANY,PACE,LIME & GARLIC CHUNKY SALSA",9.38,0,0,3.099999905,38,0.0,6.25,86.6,0.0,0.0,0.0,0.0,32.0,1 serving
CAMPBELL SOUP COMPANY,"CAMPBELL SOUP COMPANY,PACE,ORGANIC PICANTE SAU",6.25,0,0,3.099999905,25,0.0,6.25,89.3,0.0,0.0,0.0,0.0,32.0,1 serving
CAMPBELL SOUP COMPANY,"CAMPBELL SOUP COMPANY,PACE,PICANTE SAU",6.25,0,0,3.099999905,25,0.0,6.25,89.9,0.0,0.0,0.0,0.0,32.0,1 serving
CAMPBELL SOUP COMPANY,"CAMPBELL SOUP COMPANY,PACE,RED TACO SAU",12.5,0,0,0.0,50,0.0,6.25,85.3,0.0,0.0,0.0,0.0,16.0,1 tbsp
CAMPBELL SOUP COMPANY,"CAMPBELL SOUP COMPANY,PACE,THICK & CHUNKY SALSA",6.25,0,0,3.099999905,25,0.0,6.25,88.7,0.0,0.0,0.0,0.0,32.0,1 serving
CAMPBELL SOUP COMPANY,"CAMPBELL SOUP COMPANY,SWANSON BROTH,CERT ORGANIC VEG BROTH",1.28,0,0,0.0,5,0.0,0.850000024,98.2,0.0,0.0,0.0,0.0,235.0,1 cup
CAMPBELL SOUP COMPANY,"CAMPBELL SOUP COMPANY,SWANSON BROTH,VEG BROTH",1.28,0,0,0.0,5,0.0,0.850000024,97.6,0.0,0.0,0.0,0.0,235.0,1 cup
CAMPBELL SOUP COMPANY,"CAMPBELL SOUP COMPANY,HLTHY RQUST STYLE WEDDING SP",6.12,6,0,0.800000012,45,2.86,1.220000029,89.4,0.0,0.0,0.612,1.02,245.0,1 cup
SAUCE,"SAUCE,CHS SAU MIX,DRY",60.52,23,0,1.0,438,7.68,10.26000023,3.78,6.868,0.983,8.44,18.33,0.0,
SOUP,"SOUP,CHICK CORN CHOWDER,CHUNKY,RTS,SINGLE BRAND",7.5,11,0,0.899999976,99,3.1,0.0,82.1,1.27,1.9,1.75,6.3,539.0,"1 package,  yields"
SOUP,"SOUP,CHICK MUSHROOM CHOWDER,CHUNKY,RTS,SINGLE BRAND",7.1,6,0,1.399999976,80,3.0,0.0,84.2,0.837,1.74,1.15,4.4,539.0,"1 package,  yields"
SOUP,"SOUP,POTATO HAM CHOWDER,CHUNKY,RTS,SINGLE BRAND",5.6,9,0,0.600000024,80,2.7,0.0,85.3,2.46,0.32,1.62,5.2,539.0,"1 package,  yields"
SOUP,"SOUP,SIRLOIN BURGER W/VEG,RTS,SINGLE BRAND",6.8,11,0,2.299999952,77,4.2,0.0,84.1,1.32,0.523,1.33,3.7,539.0,"1 package,  yields"
SOUP,"SOUP,SPLIT PEA W/ HAM,CHUNKY,RED FAT,RED NA,RTS,SINGLE BRAND",11.3,6,0,0.0,76,5.2,0.0,81.0,0.404,0.198,0.3,1.1,539.0,"1 package,  yields"
SOUP,"SOUP,BEAN W/BACON,COND,SINGLE BRAND",18.0,3,0,4.599999905,117,6.5,0.0,70.9,0.747,0.446,0.601,2.1,326.0,"1 package,  yields"
SOUP,"SOUP,BF W/VEG&BARLEY,CND,COND,SINGLE BRAND",8.2,6,0,0.0,61,3.9,0.0,84.6,0.567,0.098,0.48,1.4,312.0,"1 package,  yields"
SOUP,"SOUP,CHICK W/STAR-SHAPED PASTA,CND,COND,SINGLE BRAND",7.1,4,0,0.0,50,2.3,0.0,86.8,0.546,0.303,0.342,1.4,298.0,"1 package,  yields"
SOUP,"SOUP,CRM OF CHICK,CND,COND,SINGLE BRAND",7.7,7,0,0.0,99,2.4,0.0,81.4,1.64,2.05,1.61,6.5,305.0,"1 package,  yields"
SOUP,"SOUP,SPLIT PEA W/HAM&BACON,CND,COND,SINGLE BRAND",21.2,3,0,3.0,140,8.6,0.0,65.4,0.892,0.439,0.676,2.3,326.0,"1 package,  yields"
SOUP,"SOUP,VEG BF,CND,COND,SINGLE BRAND",7.7,5,0,0.0,53,3.8,0.0,86.0,0.176,0.237,0.231,0.8,298.0,"1 package,  yields"
SOUP,"SOUP,CHICK VEG,CHUNKY,RED FAT,RED NA,RTS,SINGLE BRAND",6.3,4,0,0.0,40,2.7,0.0,89.5,0.168,0.107,0.121,0.5,454.0,"1 package,  yields"
SOUP,"SOUP,VEG BF,MICROWAVABLE,RTS,SINGLE BRAND",3.3,3,0,1.5,44,6.2,0.0,88.6,0.223,0.112,0.221,0.7,292.0,"1 package,  yields"
SOUP,"SOUP,CHUNKY BF W/ COUNTRY VEG,RTS",8.57,10,0,0.0,62,4.08,0.0,85.3,0.443,0.511,0.612,1.22,539.0,"1 package,  yields"
SAUCE,"SAUCE,CHS,RTS",6.83,29,0,0.5,174,6.71,0.419999987,70.5,3.823,2.599,6.01,13.29,63.0,.25 cup
SAUCE,"SAUCE,PASTA,SPAGHETTI/MARINARA,RTS",13.76,2,14,2.599999905,87,1.78,8.840000153,80.01,0.589,1.184,0.699,2.69,128.26,"1 serving, 1/2 cup"
CAMPBELL SOUP COMP,"CAMPBELL SOUP COMP,PREGO PASTA,TRADITIONAL ITALIAN SAU,RTS",10.0,0,0,2.299999952,62,1.54,8.460000038,78.95,0.0,0.0,0.769,2.31,130.0,"1 serving, 1/2 cup"
SOUP,"SOUP,CRM OF CHICK,CND,COND,RED NA",9.5,6,8,0.400000006,58,1.8,0.389999986,85.8,0.4,0.4,0.5,1.3,0.0,
SOUP,"SOUP,TOMATO,CND,COND,RED NA",13.41,0,13,1.200000048,65,1.61,8.109999657,82.5,0.179,0.189,0.155,0.56,303.35,"1 can, 10.7 oz"
GRAVY,"GRAVY,BROWN INST,DRY",59.78,12,47,3.200000048,380,8.53,9.229999542,5.51,5.488,0.499,5.866,11.85,454.0,1 package
GRAVY,"GRAVY,INST BF,DRY",61.1,11,48,4.300000191,369,9.8,23.89999962,4.65,3.659,0.938,4.88,9.48,6.7,1 serving
GRAVY,"GRAVY,INST TURKEY,DRY",57.56,24,24,3.799999952,409,11.72,7.599999905,5.24,5.25,4.478,4.931,14.66,6.7,1 serving
SAUCE,"SAUCE,ALFREDO MIX,DRY",36.52,56,0,2.0,535,15.32,5.400000095,2.05,13.669,8.61,13.18,36.35,0.0,
SAUCE,"SAUCE,PEPPERS,HOT,CHILI,MATURE RED,CND",3.9,0,6,0.699999988,21,0.9,2.549999952,94.1,0.411,0.074,0.08,0.6,245.0,1 cup
SAUCE,"SAUCE,CHILI,PEPPERS,HOT,IMMAT GRN,CND",5.0,0,5,1.899999976,20,0.7,2.549999952,93.9,0.068,0.012,0.013,0.1,245.0,1 cup
No Category,FISH BROTH,0.4,0,9,0.0,16,2.0,0.090000004,96.0,0.121,0.162,0.142,0.6,244.0,1 cup
SOUP,"SOUP,TOMATO,LO NA,W/H2O",6.57,0,6,0.600000024,30,0.79,3.970000029,91.38,0.088,0.093,0.076,0.28,247.9,"1 serving, 1 cup"
SOUP,"SOUP,PEA,LO NA,PREP W/ EQ VOLUME H2O",9.88,0,13,1.899999976,62,3.2,3.190000057,84.55,0.372,0.142,0.524,1.09,259.48,1 cup
SOUP,"SOUP,CHICK NOODLE,LO NA,CND,PREP W/ EQ VOLUME H2O",2.95,5,6,0.200000003,25,1.27,0.270000011,93.82,0.418,0.264,0.262,0.95,247.9,"1 serving, 1 cup"
SOUP,"SOUP,VEG SOUP,COND,LO NA,PREP W/ EQ VOLUME H2O",6.06,0,4,1.100000024,33,1.1,2.150000095,91.35,0.102,0.202,0.074,0.45,253.0,1 cup
SOUP,"SOUP,CRM OF MUSHROOM,LO NA,RTS,CND",4.53,1,6,0.200000003,53,1.0,1.720000029,90.3,0.704,1.739,1.005,3.7,244.0,1 cup
POTATO SOUP,"POTATO SOUP,INST,DRY MIX",76.14,12,56,7.599999905,343,9.2,10.0,5.8,1.185,1.025,0.613,3.1,38.98,"1 serving, 1/3 cup"
SOUP,"SOUP,CHICK BROTH,LO NA,CND",1.2,0,3,0.0,16,2.0,0.129999995,96.0,0.274,0.126,0.179,0.6,240.0,1 cup
SAUCE,"SAUCE,WORCESTERSHIRE",19.46,0,3,0.0,78,0.0,10.02999973,78.54,0.0,0.0,0.0,0.0,275.0,1 cup
SAUCE,"SAUCE,TOMATO CHILI SAU,BTLD,W/SALT",19.79,0,14,5.900000095,104,2.5,10.53999996,68.0,0.038,0.154,0.045,0.3,273.0,1 cup
SAUCE,"SAUCE,TOMATO CHILI SAU,BTLD,NO SALT,LO NA",28.73,0,14,0.5,104,2.5,8.960000038,68.0,0.042,0.137,0.044,0.3,273.0,1 cup
SOUP,"SOUP,VEG CHICK,CND,PREP W/ H2O,LO NA",8.76,7,4,0.400000006,69,5.1,1.419999957,83.4,0.895,0.418,0.597,2.0,241.0,1 cup
SAUCE,"SAUCE,BARBECUE,LO NA",36.25,0,3,0.600000024,150,0.0,26.05999947,60.34,0.074,0.17,0.0,0.29,34.51,"1 serving, 2 tbsp"
SAUCE,"SAUCE,PASTA,SPAGHETTI/MARINARA,RTS,LO NA",13.76,2,14,2.599999905,87,1.78,8.840000153,80.01,0.589,1.184,0.699,2.69,128.26,"1 serving, 1/2 cup"
GRAVY,"GRAVY,MEAT OR POULTRY,LO NA,PREP",6.16,3,6,0.300000012,53,3.8,0.01,87.5,1.068,0.095,1.003,2.4,236.0,1 cup
SOUP,"SOUP,BF & MUSHROOM,LO NA,CHUNK STYLE",9.58,6,10,0.200000003,69,4.3,0.839999974,83.3,0.394,0.068,1.621,2.3,251.0,1 cup
No Category,ADOBO FRESCO,18.6,0,2,1.299999952,271,2.0,2.029999971,22.1,14.963,2.044,2.91,20.9,288.0,1 cup
SOUP,"SOUP,BF STROGANOFF,CND,CHUNKY STYLE,RTS",9.0,21,18,0.600000024,98,5.1,1.679999948,79.9,1.556,0.246,2.324,4.6,240.0,1 cup
SOUP,"SOUP,BOUILLON CUBES&GRANULES,LO NA,DRY",64.88,13,114,0.200000003,438,16.7,14.47000027,2.3,5.365,4.485,3.433,13.89,2.6,1 tsp
SOUP,"SOUP,RAMEN NOODLE,BF FLAVOR,DRY",63.27,0,0,2.200000048,436,10.29,1.779999971,5.52,6.784,1.528,7.965,15.71,43.0,1 serving
SOUP,"SOUP,RAMEN NOODLE,CHICK FLAVOR,DRY",63.57,0,0,2.400000095,437,10.66,1.350000024,4.26,6.148,1.387,7.095,15.55,43.0,1 serving
Soup,"Soup, Swanson chickne broth",0.14,0,0,0.0,4,0.54,0.150000006,98.1,0.0,0.0,0.0,0.17,226.8,"1 serving, 1 cup 8 oz"
GRY,"GRY, HNZ Home style beef gravy",6.24,2,0,0.699999988,39,1.09,0.519999981,89.97,0.432,0.046,0.4,1.13,56.7,"1 serving, 1/4 cup 2 oz"
CAMPBELL SOUP COMPANY,"CAMPBELL SOUP COMPANY,HEALTHY REQUEST,CHICK NOODLE SOUP,COND",6.35,8,0,0.800000012,48,2.38,0.790000021,88.2,0.397,0.397,0.397,1.59,126.0,"1 serving, 1/2 cup"
CAMPBELL SOUP COMPANY,"CAMPBELL SOUP COMPANY,HEALTHY REQUEST,CRM OF CELERY,COND",9.68,4,0,0.800000012,54,0.81,1.610000014,86.5,0.403,0.806,0.0,1.61,124.0,"1 serving, 1/2 cup"
CAMPBELL SOUP COMPANY,"CAMPBELL SOUP COMPANY,HEALTHY REQUEST,CRM OF MUSHROOM ,COND",8.06,4,0,0.800000012,56,1.61,1.610000014,87.1,0.403,0.806,0.403,1.61,124.0,"1 serving, 1/2 cup"
CAMPBELL SOUP,"CAMPBELL SOUP,HEALTHY REQUEST,HOMESTYL CHICK NOODLE,COND",6.35,8,0,0.800000012,48,2.38,0.790000021,88.6,0.794,0.397,0.397,1.59,126.0,"1 serving, 1/2 cup"
CAMPBELL SOUP COMPANY,"CAMPBELL SOUP COMPANY,HEALTHY REQUEST,MINESTRONE SOUP,COND",12.5,0,0,2.5,67,2.5,3.329999924,83.2,0.0,0.0,0.0,0.42,120.0,"1 serving, 1/2 cup"
CAMPBELL SOUP COMPANY,"CAMPBELL SOUP COMPANY,HEALTHY REQUEST,TOMATO SOUP,COND",13.71,0,0,0.800000012,73,1.61,8.06000042,81.8,0.0,0.0,0.403,1.21,124.0,"1 serving, 1/2 cup"
CAMPBELL SOUP COMPANY,"CAMPBELL SOUP COMPANY,HEALTHY REQUEST,VEG SOUP,COND",15.08,0,0,2.400000095,79,3.17,3.970000029,79.1,0.0,0.0,0.0,0.79,126.0,"1 serving, 1/2 cup"
CAMPBELL SOUP,"CAMPBELL SOUP,PREGO PASTA,CHUNKY GARDEN COMB ITALIAN SAU,RTS",13.08,0,0,2.299999952,69,1.54,7.690000057,82.9,0.0,0.0,0.385,1.15,130.0,"1 serving, 1/2 cup"
CAMPBELL,"CAMPBELL,PREGO PASTA,CHNKY GRDN TMTO,ON & GRLIC ITAL SAU,RTS",10.4,0,0,2.400000095,72,1.6,8.0,80.9,0.0,0.0,0.4,2.4,125.0,"1 serving, 1/2 cup"
CAMPBELL SOUP COMPANY,"CAMPBELL SOUP COMPANY,CAMPBELL'S AU JUS GRAVY",0.0,0,0,0.0,8,1.69,0.0,97.8,0.0,0.0,0.0,0.0,59.0,.25 cup
CAMPBELL SOUP COMPANY,"CAMPBELL SOUP COMPANY,CAMPBELL'S BF GRAVY",5.08,8,0,0.0,42,1.69,1.690000057,90.2,0.0,0.0,0.847,1.69,59.0,.25 cup
CAMPBELL SOUP COMPANY,"CAMPBELL SOUP COMPANY,CAMPBELL'S BROWN GRAVY W/ ONIONS",6.78,0,0,0.0,42,0.0,3.390000105,88.2,0.0,0.0,0.0,1.69,59.0,.25 cup
CAMPBELL SOUP COMPANY,"CAMPBELL SOUP COMPANY,CAMPBELL'S CHICK GRAVY",5.08,8,0,0.0,68,0.0,1.690000057,88.3,0.0,0.0,1.695,5.08,59.0,.25 cup
BARBECUE LOAF,"BARBECUE LOAF,PORK,BEEF",6.4,37,0,0.0,173,15.84,0.0,64.82,4.14,0.81,3.17,8.9,28.35,1 oz
BEERWURST,"BEERWURST,BEER SALAMI,PORK & BF",3.76,62,67,0.899999976,277,14.0,0.0,56.71,10.105,2.08,8.438,22.53,56.0,2 oz
BEERWURST,"BEERWURST,BEER SALAMI,PORK",2.06,59,0,0.0,238,14.24,0.0,61.46,8.98,2.36,6.28,18.8,23.0,"1 slice,  (4"" dia x 1/8"" thick)"
No Category,SAUSAGE  BERLINER  PORK  BF,2.59,46,0,0.0,230,15.27,2.349999905,60.97,8.0,1.58,6.08,17.2,23.0,1 slice
No Category,BLOOD SAUSAGE,1.29,120,73,0.0,379,14.6,1.289999962,47.3,15.9,3.46,13.4,34.5,100.0,4 slices
No Category,BOCKWURST  PORK  VEAL  RAW,2.95,93,46,1.0,301,14.03,1.330000043,54.47,13.138,2.328,10.256,25.87,91.0,1 sausage
BOLOGNA,"BOLOGNA,BF",3.98,56,46,0.0,311,10.27,0.0,54.26,12.218,0.776,11.134,28.19,28.0,1 serving
BOLOGNA,"BOLOGNA,BF & PORK",5.49,60,66,0.0,308,15.2,4.420000076,51.87,10.526,1.12,9.301,24.59,100.0,3.527 oz
BOLOGNA,"BOLOGNA,PORK",0.73,59,54,0.0,247,15.3,0.0,60.6,9.78,2.12,6.88,19.87,28.35,"1 slice,  medium (4-1/2"" dia x 1/8"" thick) (1 oz)"
No Category,BOLOGNA  TURKEY,4.68,75,54,0.5,209,11.42,2.900000095,64.55,6.836,3.854,4.355,16.05,28.0,".99 oz,  1 serving"
BRATWURST,"BRATWURST,PORK,CKD",2.85,74,94,0.0,333,13.72,0.0,51.45,14.692,2.632,9.998,29.18,85.0,"1 link, cooked"
BRAUNSCHWEIGER (A LIVER SAUSAGE),"BRAUNSCHWEIGER (A LIVER SAUSAGE),PORK",3.1,180,256,0.0,327,14.5,0.0,50.6,12.731,3.193,9.307,28.5,28.35,1 oz
BROTWURST,"BROTWURST,PORK,BF,LINK",2.93,63,0,0.0,323,14.3,2.980000019,51.3,13.34,2.83,9.93,27.8,69.93,1 link
CHEESEFURTER,"CHEESEFURTER,CHS SMOKIE,PORK,BF",1.51,68,63,0.0,328,14.1,1.50999999,52.5,13.64,3.02,10.47,29.0,100.0,2.33 links
No Category,CHICKEN ROLL  LT MEAT,4.66,45,50,0.0,110,16.64,0.569999993,72.41,0.89,0.374,0.621,2.73,56.7,"2 slices,  (1 serving)"
No Category,CHICKEN SPRD,4.05,56,0,0.300000012,158,18.01,0.469999999,57.41,4.8,2.35,3.23,17.56,56.0,"1 serving,  (1 serving)"
CHORIZO,"CHORIZO,PORK AND BEEF",1.86,88,97,0.0,455,24.1,0.0,31.85,18.4,3.46,14.38,38.27,28.35,1 oz
CORNED BEEF LOAF,"CORNED BEEF LOAF,JELLIED",0.0,47,0,0.0,153,22.9,0.0,69.1,2.68,0.32,2.6,6.1,28.35,"1 slice,  (1 oz) (4"" x 4"" x 3/32"" thick)"
DUTCH BRAND LOAF,"DUTCH BRAND LOAF,CHICK,PORK & BF",3.93,60,65,0.300000012,273,12.0,0.899999976,58.1,11.433,3.053,9.043,22.91,38.0,1 slice
No Category,FRANKFURTER  BF,4.06,53,34,0.0,330,11.24,3.390000105,52.01,14.305,1.182,11.688,29.57,45.0,"1 frankfurter,  (5 in long X 3/4 in dia, 10 per lb)"
No Category,FRANKFURTER  BF & PORK,1.72,50,43,0.0,305,11.53,0.0,55.96,13.67,2.73,10.77,27.64,45.0,1 frankfurter
FRANKFURTER,"FRANKFURTER,CHICK",2.74,96,50,0.400000006,223,15.51,0.529999971,62.5,5.932,3.873,3.856,16.19,45.27,1 link
FRANKFURTER,"FRANKFURTER,TURKEY",3.81,77,48,0.0,223,12.23,1.210000038,62.99,5.736,3.949,4.028,17.29,28.35,1 oz
HAM,"HAM,CHOPPED,CANNED",0.28,49,64,0.0,239,16.06,0.0,60.77,9.17,2.05,6.28,18.83,28.35,1 oz
HAM,"HAM,CHOPPED,NOT CANNED",4.2,59,77,0.0,180,16.5,0.0,65.3,4.897,1.26,3.422,10.3,28.35,"1 slice,  (1 oz) (4"" x 4"" x 3/32"" thick)"
HAM,"HAM,SLICED,EX LN",0.75,45,62,0.0,107,18.85,0.0,73.9,0.992,0.214,0.66,2.59,27.03,"1 slice, oval"
HAM,"HAM,SLICED,REG (APPROX 11% FAT)",3.83,57,82,1.299999952,163,16.6,0.0,67.27,4.354,0.789,2.936,8.6,56.0,"56 grams,  1 serving"
HAM,"HAM,MINCED",1.85,70,69,0.0,263,16.28,0.0,57.35,9.57,2.47,7.18,20.68,28.35,1 oz
No Category,HAM SALAD SPREAD,10.65,37,69,0.0,216,8.68,0.0,62.6,7.2,2.7,5.06,15.53,15.0,1 tbsp
No Category,HAM&CHS LOAF OR ROLL,4.0,58,66,0.0,241,13.6,0.0,60.3,8.59,2.022,6.966,18.7,28.35,"1 slice,  (1 oz) (4"" x 4"" x 3/32"" thick)"
No Category,HAM AND CHEESE SPREAD,2.28,61,0,0.0,245,16.18,0.0,59.13,7.08,1.38,8.62,18.53,15.0,1 tbsp
HEADCHEESE,"HEADCHEESE,PORK",0.0,69,104,0.0,157,13.83,0.0,73.84,5.601,1.134,3.402,10.9,28.35,"1 slice,  (1 oz) (4"" x 4"" x 3/32"" thick)"
No Category,HONEY LOAF  PORK  BF,9.98,34,42,0.800000012,125,11.12,0.170000002,70.47,2.024,0.472,1.449,4.47,56.7,"2 slices,  (1 serving)"
SAUSAGE,"SAUSAGE,ITALIAN,PORK,RAW",0.65,76,0,0.0,346,14.25,0.0,51.08,14.34,4.03,11.27,31.33,113.0,"1 link,  4/lb"
KIELBASA,"KIELBASA,KOLBASSY,PORK,BF,NONFAT DRY MILK",2.81,66,59,0.0,309,12.23,1.600000024,54.58,11.8,3.884,9.233,27.29,75.0,1 link
No Category,KNACKWURST  KNOCKWURST  PORK  BF,3.2,60,55,0.0,307,11.1,0.0,55.3,12.81,2.92,10.21,27.7,72.0,1 link
No Category,LEBANON BOLOGNA  BF,0.44,55,63,0.0,172,19.03,0.0,65.77,4.436,0.258,2.794,10.44,57.0,"1 serving,  2 slices"
LIVER CHEESE,"LIVER CHEESE,PORK",2.1,174,0,0.0,304,15.2,0.0,53.6,12.26,3.42,8.96,25.6,28.35,1 oz
LIVER SAUSAGE,"LIVER SAUSAGE,LIVERWURST,PORK",2.2,158,0,0.0,326,14.1,0.0,52.1,13.34,2.6,10.6,28.5,18.0,"1 slice,  (2-1/2"" dia x 1/4"" thick)"
LUNCHEON MEAT,"LUNCHEON MEAT,BEEF,LOAVED",2.9,64,47,0.0,308,14.4,0.0,52.5,12.23,0.87,11.18,26.2,28.35,"1 slice,  (1 oz) (4"" x 4"" x 3/32"" thick)"
LUNCHEON MEAT,"LUNCHEON MEAT,BF,THIN SLICED",2.59,48,53,0.0,117,17.94,0.0,72.53,1.289,0.089,1.101,3.4,9.29,"1 slice, oval"
USDA CMDTY,"USDA CMDTY,LUNCHEON MEAT,CND",1.04,78,64,0.0,189,17.5,0.0,65.87,5.685,1.565,3.944,12.77,45.07,1 serving
LUNCHEON MEAT,"LUNCHEON MEAT,PORK,CANNED",2.1,62,62,0.0,334,12.5,0.0,51.5,14.29,3.56,10.79,30.3,28.35,1 oz
LUNCHEON MEAT,"LUNCHEON MEAT,PORK,BEEF",2.33,55,41,0.0,353,12.59,0.0,49.28,15.09,3.74,11.59,32.16,28.35,"1 slice,  (1 oz)"
MORTADELLA,"MORTADELLA,BEEF,PORK",3.05,56,72,0.0,311,16.37,0.0,52.3,11.38,3.12,9.51,25.39,28.35,1 oz
OLIVE LOAF,"OLIVE LOAF,PORK",9.2,38,67,0.0,235,11.8,0.0,58.2,7.87,1.93,5.85,16.5,28.35,"1 slice,  (1 oz) (4"" x 4"" x 3/32"" thick)"
PASTRAMI,"PASTRAMI,TURKEY",1.79,68,67,0.100000001,133,16.3,3.339999914,71.73,2.131,1.635,1.699,6.21,227.0,"1 package,  (8 oz)"
PATE,"PATE,CHICKEN LIVER,CANNED",6.55,391,229,0.0,201,13.45,0.0,65.64,5.28,2.46,4.0,13.1,13.0,1 tbsp
PATE,"PATE,GOOSE LIVER,SMOKED,CND",4.67,150,0,0.0,462,11.4,0.0,37.04,25.61,0.84,14.45,43.84,13.0,1 tbsp
PATE,"PATE,LIVER,NOT SPECIFIED,CND",1.5,255,0,0.0,319,14.2,0.0,53.9,12.36,3.16,9.57,28.0,13.0,1 tbsp
No Category,PEPPERED LOAF  PORK  BF,4.53,46,73,0.0,149,17.3,4.610000134,67.4,3.0,0.5,2.28,6.37,100.0,3.52 slices
PEPPERONI,"PEPPERONI,PORK,BEEF",0.0,105,77,0.0,494,22.68,0.0,30.72,17.166,3.426,14.86,43.98,2.04,"1 slice, round"
PICKLE&PIMIENTO LOAF,"PICKLE&PIMIENTO LOAF,PORK",8.46,58,32,1.5,225,11.23,8.460000038,60.29,7.06,2.804,5.287,15.95,38.0,1 slice
POLISH SAUSAGE,"POLISH SAUSAGE,PORK",1.63,70,0,0.0,326,14.1,0.0,53.15,13.52,3.08,10.33,28.72,227.0,"1 sausage,  (10"" long x 1-1/4"" dia)"
LUXURY LOAF,"LUXURY LOAF,PORK",4.9,36,0,0.0,141,18.4,0.0,68.2,2.33,0.51,1.58,4.8,28.35,"1 slice,  (1 oz) (4"" x 4"" x 3/32"" thick)"
MOTHER'S LOAF,"MOTHER'S LOAF,PORK",7.53,45,0,0.0,282,12.07,0.0,54.9,10.34,2.58,7.95,22.3,28.35,1 oz
PICNIC LOAF,"PICNIC LOAF,PORK,BEEF",4.76,38,0,0.0,232,14.92,0.0,60.2,7.68,1.89,6.07,16.64,28.35,"1 slice,  (1 oz) (4"" x 4"" x 3/32"" thick)"
PORK SAUSAGE,"PORK SAUSAGE,FRSH,RAW",0.0,72,53,0.0,304,15.09,0.0,56.22,11.814,3.558,8.796,26.53,0.0,
PORK SAUSAGE,"PORK SAUSAGE,FRSH,CKD",0.0,84,67,0.0,339,19.43,0.0,49.78,12.376,3.727,9.131,28.36,0.0,
PORK&BF SAUSAGE,"PORK&BF SAUSAGE,FRSH,CKD",2.7,71,59,0.0,396,13.8,0.0,44.55,17.18,3.9,12.96,36.25,13.0,"1 link,  (raw dimensions: 4"" long x 7/8"" dia), cooked"
TURKEY SAUSAGE,"TURKEY SAUSAGE,RED FAT,BROWN&SERVE,CKD",10.77,58,92,0.300000012,200,17.0,0.0,59.59,3.876,2.541,2.871,10.3,128.0,1 cup
No Category,POULTRY SALAD SNDWCH SPRD,7.41,30,50,0.0,200,11.64,0.0,66.17,3.25,6.22,3.45,13.52,13.0,1 tbsp
No Category,SALAMI  CKD  BF,1.9,71,58,0.0,261,12.6,1.5,60.0,10.648,1.036,9.865,22.2,25.5,1 slice
SALAMI,"SALAMI,CKD,BF&PORK",2.4,89,94,0.0,336,21.85,0.959999979,45.19,11.127,2.529,9.316,25.9,12.28,"1 slice, round"
SALAMI,"SALAMI,COOKED,TURKEY",0.77,76,53,0.100000001,168,19.3,1.120000005,68.93,3.172,2.466,2.783,9.21,28.0,1 serving
SALAMI,"SALAMI,DRY OR HARD,PORK",1.6,79,0,0.0,407,22.58,0.0,36.18,16.0,3.74,11.89,33.72,113.0,"1 package,  (4 oz)"
SALAMI,"SALAMI,DRY OR HARD,PORK,BF",3.8,100,106,0.0,385,23.2,0.0,37.15,14.854,2.781,10.612,30.05,27.0,"3 slices,  1 serving"
SANDWICH SPREAD,"SANDWICH SPREAD,PORK,BEEF",11.94,38,62,0.200000003,235,7.66,0.0,60.28,7.594,2.555,5.977,17.34,15.0,1 tbsp
SMOKED LINK SAUSAGE,"SMOKED LINK SAUSAGE,PORK",0.18,61,61,0.0,307,11.98,0.939999998,56.49,11.212,3.626,9.313,28.23,68.0,"1 link,  (4"" long x 1-1/8"" dia)"
SAUSAGE,"SAUSAGE,SMOKED LINK SAUSAGE,PORK & BF",2.42,58,51,0.0,320,12.0,0.0,53.97,12.238,3.927,9.769,28.73,453.6,16 oz
SMOKED LINK SAUSAGE,"SMOKED LINK SAUSAGE,PORK&BF,FLR&NONFAT DRY MILK",3.97,65,85,0.0,268,13.97,3.0,57.4,9.93,2.26,7.82,21.43,68.0,"1 link,  (4"" long x 1-1/8"" dia)"
SMOKED LINK SAUSAGE,"SMOKED LINK SAUSAGE,PORK&BF,NONFAT DRY MILK",1.92,65,0,0.0,313,13.28,0.0,53.91,12.64,3.02,9.72,27.61,68.0,"1 link,  (4"" long x 1-1/8"" dia)"
THURINGER,"THURINGER,CERVELAT,SMMR SAUSAGE,BF,PORK",3.33,74,79,0.0,362,17.45,0.850000024,45.18,12.97,1.2,11.51,30.43,56.0,"2 oz,  1 serving"
No Category,TURKEY BREAST MEAT,4.21,43,66,0.5,104,17.07,3.50999999,74.07,0.494,0.312,0.333,1.66,33.33,1 serving
TURKEY HAM,"TURKEY HAM,CURED TURKEY THIGH MEAT",2.04,72,57,0.200000003,126,17.5,1.429999948,71.92,1.902,1.319,1.526,4.84,28.0,".99 oz,  1 serving"
TURKEY ROLL,"TURKEY ROLL,LIGHT MEAT",5.03,34,42,0.0,98,14.79,0.0,74.87,0.421,0.255,0.318,1.66,25.69,"1 slice, oval"
TURKEY ROLL,"TURKEY ROLL,LT&DK MEAT",2.13,55,41,0.0,149,18.14,0.0,70.15,2.3,1.78,2.04,6.99,28.35,1 oz
SAUSAGE,"SAUSAGE,VIENNA,CND,CHICK,BF,PORK",2.6,87,44,0.0,230,10.5,0.0,64.9,9.628,1.29,7.125,19.4,16.0,"1 sausage,  (7/8"" dia x 2"" long)"
HONEY ROLL SAUSAGE,"HONEY ROLL SAUSAGE,BEEF",2.18,50,0,0.0,182,18.58,0.0,64.78,4.82,0.49,4.08,10.5,23.0,"1 slice,  (4"" dia x 1/8"" thick)"
SAUSAGE,"SAUSAGE,ITALIAN,PORK,CKD",4.27,57,78,0.100000001,344,19.12,0.860000014,47.13,11.95,3.28,9.535,27.31,83.0,"1 link,  4/lb"
LUNCHEON SAUSAGE,"LUNCHEON SAUSAGE,PORK&BF",1.58,64,0,0.0,260,15.38,0.0,58.62,9.93,2.05,7.62,20.9,23.0,"1 slice,  (4"" dia x 1/8"" thick)"
NEW ENGLAND BRAND SAUSAGE,"NEW ENGLAND BRAND SAUSAGE,PORK,BF",4.83,49,0,0.0,161,17.27,0.0,66.77,3.64,0.72,2.56,7.58,23.0,"1 slice,  (4"" dia x 1/8"" thick)"
OSCAR MAYER,"OSCAR MAYER,BOLOGNA (CHICK,PORK,BF)",2.4,103,0,0.0,318,10.9,1.399999976,53.7,14.48,3.93,10.49,29.4,28.0,1 serving
OSCAR MAYER,"OSCAR MAYER,BOLOGNA (BEEF)",2.45,64,0,0.0,316,11.05,1.399999976,54.15,15.21,1.11,12.85,29.1,28.0,"1 serving,  (1 slice)"
OSCAR MAYER,"OSCAR MAYER,BOLOGNA (BEEF LIGHT)",5.6,44,0,0.0,200,11.75,2.299999952,65.0,7.16,0.47,5.82,14.5,28.0,"1 serving,  (1 slice)"
OSCAR MAYER,"OSCAR MAYER,BOLOGNA (FAT FREE)",6.0,25,0,0.0,79,12.6,2.200000048,78.0,0.208,0.127,0.235,0.6,28.0,1 serving
No Category,OSCAR MAYER  BOLOGNA LIGHT (PORK  CHICK  BEEF),5.7,56,0,0.0,202,11.5,2.599999905,64.75,7.3,1.54,5.62,14.75,28.0,"1 serving,  (1 slice)"
No Category,OSCAR MAYER. BOLOGNA (WISCONSIN MADE RING),2.6,62,0,0.0,313,11.8,2.200000048,54.7,14.09,1.97,11.14,28.4,56.0,1 serving
OSCAR MAYER,"OSCAR MAYER,BRAUNSCHWEIGER LIVER SAUSAGE (SLICED)",2.6,178,0,0.200000003,331,14.25,1.200000048,50.5,15.48,3.73,10.94,29.35,28.0,"1 serving,  (1 slice)"
OSCAR MAYER,"OSCAR MAYER,BRAUNSCHWEIGER LIVER SAUSAGE (SAREN TUBE)",2.3,160,0,0.100000001,341,14.2,0.699999988,49.6,15.57,3.76,10.89,30.6,56.0,1 serving
No Category,OSCAR MAYER  CHICKEN BREAST (HONEY GLAZED),3.95,53,0,0.0,109,19.85,4.300000191,70.4,0.564,0.218,0.394,1.5,52.0,"1 serving,  (4 slices)"
OSCAR MAYER,"OSCAR MAYER,CHICK BREAST (OVEN RSTD,FAT FREE)",1.7,44,0,0.0,85,18.3,0.899999976,75.8,0.16,0.06,0.17,0.6,52.0,1 serving
No Category,OSCAR MAYER  HAM & CHEESE LOAF,3.75,62,0,0.0,234,13.85,3.299999952,60.5,8.278,1.798,6.561,18.2,28.0,1 serving
OSCAR MAYER,"OSCAR MAYER,HAM (CHOPPED W/ NAT JUICE)",3.65,59,0,0.0,180,16.3,2.200000048,65.25,5.829,1.275,4.056,11.15,28.0,"1 serving,  (1 slice)"
No Category,OSCAR MAYER  HAM (WATER ADDED  BKD CKD 96% FAT FREE),1.83,48,0,0.0,104,16.3,1.0,74.45,1.165,1.314,0.851,3.52,63.0,"1 serving,  (3 slices)"
OSCAR MAYER,"OSCAR MAYER,HAM (H2O ,BLD)",1.2,47,0,0.0,104,16.6,0.300000012,74.6,1.727,0.356,1.247,3.7,63.0,1 serving
OSCAR MAYER,"OSCAR MAYER,HAM (H2O ,HONEY)",3.1,45,0,0.0,111,16.7,3.099999905,72.7,1.669,0.314,1.167,3.5,63.0,1 serving
OSCAR MAYER,"OSCAR MAYER,HAM (H2O ,SMOKED,CKD)",0.1,48,0,0.0,99,16.6,0.100000001,75.8,1.673,0.345,1.222,3.6,63.0,1 serving
OSCAR MAYER,"OSCAR MAYER,HAM (40%HAM/WATER PRODUCT,SMOKED,FAT FREE)",1.9,38,0,0.0,72,14.6,1.100000024,79.2,0.272,0.136,0.221,0.7,47.0,1 serving
OSCAR MAYER,"OSCAR MAYER,HEAD CHEESE",0.0,91,0,0.0,185,15.7,0.0,67.5,6.913,1.344,4.299,13.5,28.0,1 serving
OSCAR MAYER,"OSCAR MAYER,LIVER CHS,PORK FAT WRAPPED",2.6,211,0,0.0,313,15.2,1.299999952,52.2,13.1,4.1,9.3,26.4,38.0,1 slice
OSCAR MAYER,"OSCAR MAYER,LUNCHEON LOAF (SPICED)",7.0,67,0,0.0,234,13.5,4.599999905,58.6,7.393,2.789,5.367,16.9,28.0,1 serving
OSCAR MAYER,"OSCAR MAYER,OLD FASHIONED LOAF",8.0,61,0,0.0,231,13.1,4.599999905,58.9,7.86,2.64,5.6,16.3,28.0,1 serving
OSCAR MAYER,"OSCAR MAYER,OLIVE LOAF (CHICK,PORK,TURKEY)",6.9,71,0,0.0,263,9.9,3.200000048,57.5,11.13,2.63,7.02,21.8,28.0,1 serving
OSCAR MAYER,"OSCAR MAYER,PICKLE PIMIENTO LOAF (W/CHICK)",9.1,80,0,0.0,269,9.6,6.900000095,55.8,10.43,2.81,6.99,21.6,28.0,1 serving
OSCAR MAYER,"OSCAR MAYER,PORK SAUSAGE LINKS (CKD)",1.0,77,0,0.0,343,16.3,0.899999976,49.5,14.8,3.68,10.69,30.5,48.0,"1 serving,  2 links"
OSCAR MAYER,"OSCAR MAYER,SALAMI BF COTTO",1.9,83,0,0.0,206,14.2,1.100000024,64.5,6.91,0.78,6.74,15.7,46.0,"1 serving,  2 slices"
OSCAR MAYER,"OSCAR MAYER,SALAMI COTTO (BF,PORK,CHICK)",2.2,80,0,0.0,245,13.4,1.5,60.6,10.15,1.67,8.47,20.3,46.0,"1 serving,  2 slices"
OSCAR MAYER,"OSCAR MAYER,SALAMI (FOR BEER)",1.9,69,0,0.0,225,13.5,1.100000024,62.9,8.824,1.896,6.388,18.2,46.0,"1 serving,  2 slices"
OSCAR MAYER,"OSCAR MAYER,SALAMI (GENOA)",1.2,102,0,0.0,388,20.7,0.200000003,39.1,16.75,2.71,12.04,33.3,27.0,"1 serving,  3 slices"
OSCAR MAYER,"OSCAR MAYER,SALAMI (HARD)",1.6,97,0,0.0,368,25.9,0.200000003,38.25,15.011,2.856,11.085,28.7,27.0,"1 serving,  3 slices"
OSCAR MAYER,"OSCAR MAYER,SNDWCH SPRD (PORK,CHICK,BF)",15.4,45,0,0.300000012,237,6.5,7.900000095,59.2,7.201,2.483,5.754,16.6,30.0,1 serving
OSCAR MAYER,"OSCAR MAYER,SMOKIE LINKS SAUSAGE",1.7,63,0,0.0,302,12.4,1.600000024,55.5,13.17,2.78,9.38,27.3,43.0,1 serving
No Category,OSCAR MAYER  SMOKIES (BEEF),1.95,62,0,0.0,296,12.25,1.399999976,56.3,12.8,0.9,11.25,26.65,43.0,"1 serving,  (1 link)"
OSCAR MAYER,"OSCAR MAYER,SMOKIES (CHS)",1.8,70,0,0.0,303,12.9,1.5,54.9,12.99,2.7,10.16,27.1,43.0,1 serving
OSCAR MAYER,"OSCAR MAYER,SMOKIES SAUSAGE LITTLE (PORK,TURKEY)",1.8,64,0,0.0,301,12.4,1.399999976,55.5,12.889,2.87,9.444,27.1,9.0,1 link
OSCAR MAYER,"OSCAR MAYER,SMOKIES SAUSAGE LITTLE CHS (PORK,TURKEY)",1.7,67,0,0.0,315,13.5,0.300000012,53.2,13.19,2.79,11.16,28.2,9.0,1 link
OSCAR MAYER,"OSCAR MAYER,SMMR SAUSAGE BF THURINGER CERVELAT",1.9,80,0,0.0,309,14.6,1.100000024,52.5,12.9,1.13,11.8,27.0,46.0,"1 serving,  2 slices"
OSCAR MAYER,"OSCAR MAYER,SMMR SAUSAGE THURINGER CERVALAT",0.9,84,0,0.0,304,14.9,0.5,53.3,12.142,2.229,10.727,26.7,46.0,"1 serving,  2 slices"
OSCAR MAYER,"OSCAR MAYER,TURKEY BREAST (SMOKED,FAT FREE)",3.6,31,0,0.0,80,14.9,1.100000024,77.5,0.15,0.11,0.18,0.6,52.0,"1 serving,  4 slices"
OSCAR MAYER,"OSCAR MAYER,WIENERS (PORK,TURKEY)",2.7,72,0,0.0,327,10.95,1.799999952,53.35,13.806,4.255,9.467,29.9,45.0,"1 serving,  (1 link)"
OSCAR MAYER,"OSCAR MAYER,WIENERS (BEEF FRANKS)",2.35,56,0,0.0,327,11.35,1.600000024,53.22,14.74,1.36,12.46,30.26,45.0,1 serving
No Category,OSCAR MAYER  WIENERS (BEEF FRANKS  BUN LENGTH),2.65,59,0,0.0,324,11.1,1.799999952,53.15,14.62,0.96,12.53,30.1,57.0,"1 serving,  (1 link)"
OSCAR MAYER,"OSCAR MAYER,WIENERS (BEEF FRANKS,FAT FREE)",5.1,30,0,0.0,78,13.2,3.799999952,78.0,0.19,0.049,0.225,0.5,50.0,1 serving
OSCAR MAYER,"OSCAR MAYER,WIENERS (BEEF FRANKS,LIGHT)",4.1,49,0,0.0,193,10.7,2.099999905,66.8,7.52,0.99,6.32,14.9,57.0,1 serving
OSCAR MAYER,"OSCAR MAYER,WIENERS (CHEESE HOT DOGS W/ TURKEY)",2.8,74,0,0.0,318,12.0,1.799999952,52.9,13.104,3.849,10.025,28.7,45.0,1 serving
OSCAR MAYER,"OSCAR MAYER,WIENERS (FAT FREE HOT DOGS)",4.3,29,0,0.0,73,12.6,2.099999905,78.8,0.21,0.11,0.2,0.6,50.0,1 serving
OSCAR MAYER,"OSCAR MAYER,WIENERS (LIGHT PORK,TURKEY,BEEF)",2.8,62,0,0.0,194,12.1,1.5,66.7,6.763,2.044,5.199,14.9,57.0,1 serving
OSCAR MAYER,"OSCAR MAYER,WIENERS LITTLE (PORK,TURKEY)",2.3,55,0,0.0,311,10.9,1.600000024,55.0,14.33,2.67,11.15,28.7,9.0,1 piece
LOUIS RICH,"LOUIS RICH,CHICK BREAST CLASSIC BKD /GRILL (CARVING BOARD)",3.7,52,0,0.0,98,19.7,0.699999988,72.9,0.177,0.081,0.162,0.5,45.0,1 serving
LOUIS RICH,"LOUIS RICH,CHICK BREAST (OVEN RSTD DELUXE)",2.5,49,0,0.0,101,18.3,1.5,73.7,0.821,0.317,0.541,2.0,28.0,1 serving
LOUIS RICH,"LOUIS RICH,CHICK (WHITE,OVEN RSTD)",2.3,59,0,0.0,128,17.0,1.0,71.5,2.336,0.973,1.452,5.6,28.0,1 serving
LOUIS RICH,"LOUIS RICH,FRANKS (TURKEY & CHICK CHEESE)",5.1,94,0,0.0,201,12.7,1.700000048,63.9,6.22,2.98,5.19,14.5,45.0,1 serving
LOUIS RICH,"LOUIS RICH,FRANKS (TURKEY & CHICKEN)",5.3,92,0,0.0,188,11.2,1.5,66.9,5.553,3.163,3.839,13.5,45.0,1 serving
No Category,LOUIS RICH  TURKEY BACON,1.7,90,0,0.0,250,15.1,1.799999952,59.0,7.51,4.7,5.27,20.3,14.0,1 serving
LOUIS RICH,"LOUIS RICH,TURKEY BOLOGNA",4.85,67,0,0.0,184,11.3,1.200000048,67.55,5.31,3.59,3.79,13.2,28.0,1 serving
LOUIS RICH,"LOUIS RICH,TURKEY BREAST & WHITE TURKEY (OVEN ROASTED)",3.25,41,0,0.0,99,17.1,0.800000012,74.75,0.585,0.41,0.468,2.0,28.0,1 serving
LOUIS RICH,"LOUIS RICH,TURKEY BREAST&WHITE TURKEY (SMOKED SLICED)",2.4,42,0,0.0,100,17.6,1.100000024,74.8,0.74,0.51,0.63,2.3,28.0,1 serving
LOUIS RICH,"LOUIS RICH,TURKEY (HONEY RSTD,FAT FREE)",4.5,40,0,0.0,102,19.3,3.900000095,72.0,0.239,0.143,0.234,0.8,56.0,1 serving
LOUIS RICH,"LOUIS RICH,TURKEY BREAST (OVEN RSTD,FAT FREE)",4.5,32,0,0.0,84,15.0,1.700000048,76.5,0.198,0.136,0.205,0.7,28.0,1 serving
LOUIS RICH,"LOUIS RICH,TURKEY BREAST (OVEN RSTD,PORTION FAT FREE)",1.9,40,0,0.0,90,19.1,0.400000006,74.8,0.199,0.133,0.207,0.7,56.0,1 serving
LOUIS RICH,"LOUIS RICH,TURKEY BREAST (SMOKED,CARVING BOARD)",1.6,43,0,0.0,94,19.7,0.300000012,74.3,0.33,0.19,0.3,1.0,45.0,1 serving
LOUIS RICH,"LOUIS RICH,TURKEY BREAST (SMOKED,PORTION FAT FREE)",2.2,41,0,0.0,93,19.3,0.600000024,74.0,0.219,0.163,0.234,0.8,56.0,1 serving
LOUIS RICH,"LOUIS RICH,TURKEY HAM (10% H2O)",0.9,67,0,0.0,113,18.2,0.899999976,73.1,1.14,0.7,1.06,4.1,28.0,1 serving
LOUIS RICH,"LOUIS RICH,TURKEY NUGGETS/STICKS (BREADED)",15.4,40,0,0.5,276,14.3,0.0,50.7,8.19,5.48,3.39,17.5,28.0,1 piece
LOUIS RICH,"LOUIS RICH,TURKEY SALAMI",0.4,76,0,0.0,147,15.3,0.400000006,71.9,3.146,2.342,2.783,9.4,28.0,1 serving
LOUIS RICH,"LOUIS RICH,TURKEY SALAMI COTTO",0.9,77,0,0.0,149,15.0,0.400000006,71.4,3.92,2.33,2.9,9.5,28.0,1 serving
LOUIS RICH,"LOUIS RICH,TURKEY SMOKED SAUSAGE",3.15,66,0,0.0,161,14.8,2.799999952,69.1,3.56,2.68,2.67,9.9,56.0,1 serving
BUTCHER BOY MEATS,"BUTCHER BOY MEATS,INC.,TURKEY FRANKS",4.66,104,0,0.200000003,239,13.45,2.49000001,59.06,5.542,5.046,5.86,18.17,56.0,1 serving
CARL BUDDIG,"CARL BUDDIG,CKD CORNED BF,CHOPD,PRESSED",1.0,65,0,0.0,142,19.3,0.0,69.1,0.0,0.3,2.8,6.8,71.0,1 package
CARL BUDDIG,"CARL BUDDIG,SMOKED SLICED CHICK,LT&DK MEAT",0.7,53,0,0.0,165,17.9,0.0,68.2,0.0,2.1,2.6,10.1,56.7,"1 serving,  2 oz"
CARL BUDDIG,"CARL BUDDIG,SMOKED SLICED BF",0.6,67,0,0.0,139,19.3,0.0,69.4,0.0,0.3,2.6,6.5,56.7,"1 serving,  2 oz"
CARL BUDDIG,"CARL BUDDIG,SMOKED SLICED TURKEY,LT&DK MEAT",1.8,57,0,0.0,160,17.5,0.0,68.2,0.0,2.7,3.1,9.1,56.7,"1 serving,  2 oz"
CARL BUDDIG. CKD SMOKED BF PASTRAMI,"CARL BUDDIG. CKD SMOKED BF PASTRAMI,CHOPD,PRESSED",1.0,65,0,0.0,141,19.6,0.0,69.8,0.0,0.3,3.0,6.5,56.7,"1 serving,  2 oz"
CARL BUDDIG,"CARL BUDDIG,SMOKED SLICED HAM",1.1,55,0,0.0,163,18.5,0.0,67.0,0.0,1.1,3.1,9.3,56.7,"1 serving,  2 oz"
No Category,HORMEL SPAM  LUNCHEON MEAT  PORK W/ HAM  MINCED  CND,3.03,70,0,0.0,310,13.24,0.0,52.6,13.78,2.95,9.88,27.24,56.0,"1 serving,  2 oz"
HORMEL SPAM,"HORMEL SPAM,LT LUNCH MT,PORK & CHICK,MINCED,CND,VIT C ADDED",1.35,75,0,0.0,191,15.23,1.25999999,65.72,7.02,1.47,4.49,13.9,56.0,"1 serving,  2 oz"
No Category,HORMEL PILLOW PAK SLICED TURKEY PEPPERONI,3.78,123,0,0.0,243,30.99,0.0,47.84,4.95,3.5,3.7,11.52,30.0,1 serving
No Category,HORMEL WRANGLER BEEF FRANKS,2.11,67,0,0.0,290,12.58,1.669999957,56.67,13.01,0.89,10.62,25.69,56.0,1 frankfurter
TURKEY,"TURKEY,PORK,&BF SAUSAGE,LOFAT,SMOKED",11.5,21,59,0.600000024,101,8.0,0.0,76.3,1.03,0.33,0.85,2.5,453.6,"1 lb,  16 oz"
USDA COMMODITY,"USDA COMMODITY,PORK,SAUSAGE,BULK/LINKS/PATTIES,FRZ,CKD",0.0,98,0,0.0,267,19.76,0.0,58.66,8.71,2.312,5.532,20.26,0.0,
FRANKFURTER,"FRANKFURTER,BF,PORK,& TURKEY,FAT FREE",11.21,41,75,0.0,109,12.5,0.0,71.5,0.74,0.35,0.5,1.59,57.0,"1 frank,  1 NLEA serving"
LUNCHEON MEAT,"LUNCHEON MEAT,PORK,HAM,&CHICK,MINCD,CND,RED NA,VIT C, (SPAM)",3.4,76,61,0.0,293,12.5,0.0,55.5,12.34,2.666,8.873,25.1,56.0,"2 oz,  1 NLEA serving"
USDA COMMODITY,"USDA COMMODITY,PORK SAUSAGE,BULK/LINKS/PATTIES,FRZ,RAW",0.0,73,0,0.0,231,14.95,0.0,64.92,8.061,2.246,4.968,18.56,0.0,
LUNCHEON MEAT,"LUNCHEON MEAT,PORK W/HAM,MINCED,CND,INCL SPAM (HORMEL)",4.6,71,68,0.0,315,13.4,0.0,51.7,13.505,2.019,9.987,26.6,56.0,"2 oz,  1 NLEA serving"
LUNCHEON MEAT,"LUNCHEON MEAT,PORK&CHICK,MINCED,CND,INCL SPAM LITE",1.35,75,64,0.0,196,15.23,1.25999999,65.72,7.02,1.47,4.514,13.9,56.0,"2 oz,  (1 serving)"
No Category,BRATWURST  VEAL  CKD,0.0,79,0,0.0,341,13.99,0.0,53.51,13.0,1.614,14.94,31.7,84.0,"1 serving,  2.96 oz"
No Category,LIVERWURST SPRD,5.89,118,0,2.5,305,12.38,1.649999976,53.53,12.286,2.427,9.925,25.45,55.0,.25 cup
No Category,ROAST BF SPRD,3.73,70,0,0.200000003,223,15.27,0.709999979,61.7,5.587,0.427,6.4,16.28,57.0,"1 serving,  .25 cup"
No Category,SALAMI  PORK  BF  LESS NA,15.38,90,0,0.200000003,396,15.01,6.210000038,33.74,13.32,3.067,10.58,30.5,100.0,3.527 oz
No Category,SAUSAGE  ITALIAN  SWT  LINKS,2.1,30,0,0.0,149,16.13,0.0,71.6,3.629,0.493,3.257,8.42,84.0,"1 link,  3 oz"
No Category,SAUSAGE  POLISH  BF W/ CHICK  HOT,3.6,66,0,0.0,259,17.6,0.0,55.2,9.7,0.79,8.01,19.4,55.0,"1 serving,  5 pieces"
No Category,SAUSAGE  POLISH  PORK & BF  SMOKED,1.98,71,0,0.0,301,12.07,0.0,56.58,12.302,2.826,9.207,26.56,75.6,"1 serving,  2.67 oz"
No Category,SAUSAGE  PORK & BF  W/ CHEDDAR CHS  SMOKED,2.13,63,0,0.0,296,12.89,0.109999999,56.11,12.357,2.735,9.482,25.84,76.55,"12 oz, serving 2.7 oz"
No Category,SAUSAGE  SMMR  PORK & BF  STKS  W/ CHEDDAR CHS,1.82,89,0,0.200000003,426,19.43,0.119999997,36.2,13.68,3.02,10.47,37.91,28.35,1 oz
No Category,SAUSAGE  TURKEY  BRKFST LINKS  MILD,1.56,160,34,0.0,231,15.42,0.0,63.12,5.158,4.657,3.839,18.09,56.0,"2 oz, 2 links"
No Category,SWISSWURST  PORK & BF  W/ SWISS CHS  SMOKED,1.6,61,0,0.0,307,12.69,0.0,55.31,13.68,3.02,0.0,27.37,76.55,"1 serving,  2.7 oz"
No Category,BACON & BF STKS,0.8,102,0,0.0,517,29.1,0.800000012,21.6,21.9,4.3,16.0,44.2,28.0,1 oz
No Category,BRATWURST  BF & PORK  SMOKED,2.0,78,0,0.0,297,12.2,0.0,56.65,8.0,1.58,6.08,26.34,66.0,"1 serving,  2.33 oz"
BRATWURST,"BRATWURST,CHICK,CKD",0.0,71,0,0.0,176,19.44,0.0,70.28,0.0,0.0,0.0,10.35,84.0,"1 serving,  2.96 oz"
No Category,BRATWURST  PORK  BF & TURKEY  LITE  SMOKED,1.62,56,0,0.0,186,14.45,1.570000052,65.89,7.165,0.846,0.0,13.53,66.0,"1 serving,  2.33 oz"
No Category,PASTRAMI  BF  98% FAT-FREE,1.54,47,0,0.0,95,19.6,0.0,74.3,0.56,0.04,0.0,1.16,57.0,"1 serving,  6 slices"
No Category,SALAMI  ITALIAN  PORK,1.2,80,0,0.0,425,21.7,1.200000048,34.6,18.2,3.6,13.1,37.0,28.0,1 oz
No Category,SAUSAGE  ITALIAN  TURKEY  SMOKED,4.65,53,0,0.899999976,158,15.05,3.200000048,68.5,0.0,0.0,0.0,8.75,56.0,"1 serving,  2 oz"
No Category,SAUSAGE  CHICK  BF  PORK  SKINLESS  SMOKED,8.1,120,0,0.0,216,13.6,1.899999976,60.5,7.165,0.846,4.8,14.3,84.0,1 link
No Category,SAUSAGE  TURKEY  HOT  SMOKED,4.65,53,41,0.899999976,158,15.05,3.200000048,68.5,2.38,1.572,3.401,8.75,56.0,2 oz
YACHTWURST,"YACHTWURST,W/ PISTACHIO NUTS,CKD",1.4,64,0,0.0,268,14.8,0.0,58.2,0.0,0.0,7.9,22.6,56.0,"1 serving,  2 oz"
No Category,BEERWURST  PORK & BF,4.27,62,0,0.899999976,276,14.0,0.0,56.71,10.105,2.08,8.438,22.53,56.0,"1 serving,  2 oz"
No Category,CHICKEN BREAST  FAT-FREE  MESQ FLAVOR  SLICED,2.25,36,0,0.0,80,16.8,0.200000003,76.73,0.16,0.06,0.13,0.39,42.0,"1 serving,  2 slices"
No Category,CHICKEN BREAST  OVEN-ROASTED  FAT-FREE  SLICED,2.17,36,0,0.0,79,16.79,0.100000001,76.71,0.121,0.073,0.13,0.39,42.0,"1 serving,  2 slices"
KIELBASA,"KIELBASA,POLISH,TURKEY & BF,SMOKED",3.9,70,0,0.0,226,13.1,0.0,62.0,8.27,2.33,6.23,17.6,56.0,"1 serving,  2 oz"
No Category,OVEN-ROASTED CHICK BREAST ROLL,1.79,39,0,0.0,134,14.59,0.430000007,72.98,2.816,1.456,2.48,7.65,56.0,"1 serving,  2 oz"
No Category,BOLOGNA  PORK & TURKEY  LITE,3.45,79,0,0.0,211,13.06,0.0,64.87,7.548,3.051,5.46,16.06,56.0,"1 serving,  2 oz"
No Category,BOLOGNA  PORK  TURKEY & BF,6.66,75,0,0.0,336,11.56,1.350000024,45.37,12.789,2.512,11.7,29.25,28.35,1 oz
No Category,HAM  HONEY  SMOKED  CKD,7.27,22,0,0.0,122,17.93,0.0,69.94,1.67,0.314,1.167,2.37,55.0,"1.94 oz,  (1 serving)"
FRANKFURTER,"FRANKFURTER,PORK",0.28,66,0,0.100000001,269,12.81,0.0,59.85,10.89,2.233,8.719,23.68,76.0,1 link
No Category,MACARONI & CHS LOAF  CHICK  PORK & BF,11.63,44,0,0.0,228,11.76,0.0,57.63,7.614,1.657,5.614,14.96,38.0,1 slice
No Category,SALAMI  ITALIAN  PORK & BF  DRY  SLICED  50% LESS NA,6.4,89,0,0.0,350,21.8,0.0,40.5,13.2,2.29,9.75,26.4,28.0,"1 serving,  5 slices"
No Category,PATE  TRUFFLE FLAVOR,6.3,105,0,0.0,327,11.2,0.0,51.8,13.6,3.42,10.1,28.5,56.0,"1 serving,  2 oz"
TURKEY,"TURKEY,BREAST,SMOKED,LEMON PEPPER FLAVOR,97% FAT-FREE",1.31,48,0,0.0,95,20.9,0.0,73.5,0.25,0.19,0.22,0.69,28.0,1 slice
No Category,TURKEY  WHITE  ROTISSERIE  DELI CUT,7.7,55,0,0.400000006,112,13.5,4.0,72.0,0.591,0.37,0.118,3.0,48.0,"1.69 oz,  (1 serving)"
No Category,FRANKFURTER  BF  HTD,3.77,56,0,0.0,326,11.54,3.390000105,52.18,14.321,1.064,11.436,29.46,52.0,1 serving
No Category,FRANKFURTER  MEAT  HTD,4.9,73,0,0.0,278,9.77,0.0,57.82,0.0,0.0,0.0,24.31,52.0,"1 serving,  (1 hot dog)"
No Category,FRANKFURTER  MEAT,4.17,77,0,0.0,290,10.26,0.0,56.31,0.0,0.0,0.0,25.76,52.0,"1 serving,  (1 hot dog)"
SCRAPPLE,"SCRAPPLE,PORK",14.06,49,72,0.300000012,213,8.06,0.200000003,62.47,6.156,1.664,4.732,13.87,17.2,1 cubic inch
BOLOGNA,"BOLOGNA,CHICK,TURKEY,PORK",5.65,80,53,0.0,298,9.88,0.0,55.25,10.555,4.672,7.99,26.18,28.0,1 serving
PORK SAUSAGE,"PORK SAUSAGE,PRE-COOKED",0.0,74,52,0.0,378,14.49,0.0,47.97,15.17,4.869,11.662,35.04,0.0,
BEEF SAUSAGE,"BEEF SAUSAGE,PRE-COOKED",0.03,83,43,0.0,405,15.5,0.0,43.75,16.387,0.879,15.098,37.57,0.0,
TURKEY SAUSAGE,"TURKEY SAUSAGE,FRSH,RAW",0.47,75,0,0.0,155,18.79,0.0,70.42,2.624,2.386,1.963,8.08,0.0,
BEEF SAUSAGE,"BEEF SAUSAGE,FRSH,CKD",0.35,82,51,0.0,332,18.21,0.0,51.12,12.639,0.663,10.905,27.98,0.0,
PORK & TURKEY SAUSAGE,"PORK & TURKEY SAUSAGE,PRE-COOKED",3.63,72,0,0.0,342,12.05,0.0,50.68,13.054,4.504,9.881,30.64,0.0,
TURKEY SAUSAGE,"TURKEY SAUSAGE,FRSH,CKD",0.0,92,0,0.0,196,23.89,0.0,65.06,2.99,2.706,2.266,10.44,0.0,
BOLOGNA,"BOLOGNA,CHICK,PORK,BF",5.61,83,59,0.0,272,11.33,0.0,56.42,9.698,3.475,6.997,22.73,28.0,1 serving
BOLOGNA,"BOLOGNA,CHICK,PORK",4.19,87,0,0.0,336,10.31,0.0,50.85,13.172,4.348,9.863,30.61,28.0,1 serving
CEREALS RTE,"CEREALS RTE,KELLOGG,KELLOGG'S ALL-BRAN ORIGINAL",74.24,0,49,29.29999924,260,13.14,15.68999958,2.12,0.67,2.11,0.63,4.9,31.0,".5 cup,  (1 NLEA serving)"
CEREALS RTE,"CEREALS RTE,OATS,CORN PUFFED MIXTURE,PRESWEETENED",83.5,0,23,4.099999905,405,8.5,39.0,1.3,1.175,1.487,0.8,4.1,32.0,"1 cup,  (1 NLEA serving)"
CEREALS RTE,"CEREALS RTE,KELLOGG,KELLOGG'S APPL JACKS",90.04,0,3,1.600000024,390,4.22,41.65000153,2.98,0.359,0.496,0.254,1.35,33.0,"1 cup,  ( 1 NLEA serving)"
CEREALS RTE,"CEREALS RTE,KELLOGG,KELLOGG'S ALL-BRAN BRAN BUDS",80.0,0,52,43.0,250,7.0,27.0,3.0,0.5,1.3,0.4,2.15,30.0,".333 cup,  (1 NLEA serving)"
CEREALS RTE,"CEREALS RTE,QUAKER,CAP'N CRUNCH",84.78,0,10,2.5,402,4.37,43.84000015,2.5,0.7,0.79,4.2,5.89,27.0,".75 cup,  (1 NLEA serving)"
CEREALS RTE,"CEREALS RTE,QUAKER,CAP'N CRUNCH W/ CRUNCHBERRIES",85.19,0,14,2.5,402,4.41,44.72999954,2.5,0.72,0.8,3.91,5.64,26.0,".75 cup,  (1 NLEA serving)"
CEREALS RTE,"CEREALS RTE,QUAKER,CAP'N CRUNCH'S PNUT BUTTER CRUNCH",78.72,0,15,2.700000048,416,7.1,33.11999893,2.5,2.63,2.16,4.01,9.16,27.0,".75 cup,  (1 NLEA serving)"
CEREALS RTE,"CEREALS RTE,GENERAL MILLS,CHEERIOS",74.68,0,26,10.10000038,367,11.33,4.019999981,3.76,1.917,1.973,0.954,5.9,28.0,"1 cup,  (1 NLEA serving)"
CEREALS RTE,"CEREALS RTE,KELLOGG,KELLOGG'S COCOA KRISPIES",86.05,0,9,1.899999976,381,5.22,33.95999908,2.81,0.4,0.23,1.99,2.9,31.0,".75 cup,  (1 NLEA serving)"
CEREALS RTE,"CEREALS RTE,RICE,PUFFED,PRESWEETENED,W/ COCOA,SINGLE BRAND",87.9,0,9,1.600000024,398,3.5,44.0,2.9,0.131,0.128,3.7,4.2,29.0,".75 cup,  (1 NLEA serving)"
CEREALS RTE,"CEREALS RTE,GENERAL MILLS,COOKIE CRISP",86.67,0,12,4.0,400,3.33,43.33000183,2.3,1.67,0.0,0.0,5.0,30.0,1 cup
CEREALS RTE,"CEREALS RTE,QUAKER,QUAKER CRUNCHY BRAN",84.11,0,14,17.29999924,333,6.4,20.75,2.0,0.761,1.204,2.033,4.07,27.0,".75 cup,  (1 NLEA serving)"
CEREALS RTE,"CEREALS RTE,GENERAL MILLS,CORN CHEX",85.06,0,12,4.0,367,6.67,10.0,2.5,0.381,0.657,0.381,1.67,31.0,"1 cup,  (1 NLEA serving)"
CEREALS RTE,"CEREALS RTE,KELLOGG,KELLOGG'S CORN FLAKES",87.11,0,4,2.5,361,6.61,10.5,3.76,0.11,0.32,0.19,0.59,28.0,"1 cup,  (1 NLEA serving)"
CEREALS RTE,"CEREALS RTE,CORN FLAKES,LO NA",88.8,0,3,1.100000024,399,7.7,6.110000134,3.0,0.075,0.129,0.041,0.3,25.0,1 cup
CEREALS RTE,"CEREALS RTE,KELLOGG,KELLOGG'S CRACKLIN' OAT BRAN",71.8,0,32,12.69999981,402,8.0,32.0,3.0,4.7,3.0,6.1,13.9,49.0,".75 cup,  (1 NLEA serving)"
CEREALS RTE,"CEREALS RTE,RALSTON CRISPY RICE",86.22,0,8,0.699999988,364,6.69,7.650000095,3.62,0.243,0.293,0.36,1.26,33.0,"1 serving,  (NLEA serving size = 1.25 cup)"
CEREALS RTE,"CEREALS RTE,GENERAL MILLS,WHEATIES RAISIN BRAN",81.0,0,16,9.0,333,7.0,33.0,7.0,0.169,0.644,0.4,1.7,55.0,"1 cup,  (1 NLEA serving)"
CEREALS RTE,"CEREALS RTE,KELLOGG'S ALL-BRAN COMPLETE WHEAT FLAKES",79.0,0,28,17.5,318,10.0,17.0,3.0,0.5,1.1,0.4,2.0,29.0,".75 cup,  (1 NLEA serving)"
CEREALS RTE,"CEREALS RTE,BRAN FLAKES,SINGLE BRAND",80.4,0,28,17.60000038,320,9.4,18.89999962,3.7,0.295,1.025,0.4,2.2,30.0,".75 cup,  (1 NLEA serving)"
CEREALS RTE,"CEREALS RTE,KELLOGG,KELLOGG'S FROOT LOOPS",87.5,0,10,3.099999905,393,3.4,45.0,3.0,1.0,1.2,1.9,4.1,30.0,"1 cup,  (1 NLEA serving)"
CEREALS RTE,"CEREALS RTE,KELLOGG'S FRSTD MINI-WHEATS,ORIGINAL",82.0,0,20,10.0,343,9.0,21.0,6.0,0.24,1.0,0.36,1.6,51.0,"5 biscuits,  (1 NLEA serving)"
CEREALS RTE,"CEREALS RTE,KELLOGG,KELLOGG'S FRSTD RICE KRISPIES",89.0,0,8,0.300000012,384,5.0,39.0,2.9,0.3,0.3,0.3,0.9,30.0,".75 cup,  (1 NLEA serving)"
CEREALS RTE,"CEREALS RTE,RICE,PUFFED,PRESWEETENED,FRUIT FLAV,SINGLE BRAND",87.9,0,8,0.699999988,401,3.6,44.0,3.0,1.632,1.294,0.9,3.9,27.0,".75 cup,  (1 NLEA serving)"
CEREALS RTE,"CEREALS RTE,GENERAL MILLS,GOLDEN GRAHAMS",86.53,0,11,3.299999952,400,3.33,33.33000183,2.2,1.67,0.982,0.323,3.33,30.0,".75 cup,  (1 NLEA serving)"
CEREALS RTE,"CEREALS RTE,GRANOLA,HOMEMADE",53.25,0,49,9.0,489,14.85,20.0,5.4,9.527,9.218,4.058,24.06,122.0,1 cup
CEREALS RTE,"CEREALS RTE,KRAFT,POST GRAPE-NUTS CRL",80.1,0,27,8.800000191,359,12.48,12.60999966,3.0,0.261,0.871,0.305,1.85,58.0,".5 cup,  (1 NLEA serving)"
CEREALS RTE,"CEREALS RTE,WHEAT&MALT BARLEY FLAKES",81.5,0,29,8.800000191,365,10.0,17.60000038,3.2,0.816,1.05,0.6,2.9,29.0,".75 cup,  (1 NLEA serving)"
CEREALS RTE,"CEREALS RTE,GENERAL MILLS,HONEY NUT CHEERIOS",77.33,0,26,7.099999905,393,10.71,32.13999939,2.2,1.79,1.79,0.0,5.36,28.0,".75 cup,  (1 NLEA serving)"
CEREALS RTE,"CEREALS RTE,CORN&OAT FLOURS,PUFFED PRESWEETENED,SINGLE BRAND",88.9,0,14,2.5,395,5.2,38.29999924,1.5,0.49,0.69,0.6,2.1,29.0,"1.333 cup,  (1 NLEA serving)"
CEREALS RTE,"CEREALS RTE,QUAKER,KING VITAMAN",85.0,0,14,3.5,386,6.54,20.18000031,2.0,0.65,1.14,1.58,3.47,31.0,"1.5 cup,  (1 NLEA serving)"
CEREALS RTE,"CEREALS RTE,GENERAL MILLS,KIX",82.82,0,19,8.899999619,367,7.69,9.760000229,2.79,0.99,1.277,0.576,3.46,30.0,"1.25 cup,  (1 NLEA serving)"
CEREALS RTE,"CEREALS RTE,QUAKER,QUAKER OAT LIFE,PLN",77.81,0,28,6.599999905,373,9.89,19.47999954,4.3,1.49,1.42,0.82,4.39,32.0,".75 cup,  (1 NLEA serving)"
CEREALS RTE,"CEREALS RTE,GENERAL MILLS,LUCKY CHARMS",82.9,0,16,4.699999809,407,7.02,39.93000031,3.17,1.195,1.183,0.602,3.63,27.0,".75 cup,  (1 NLEA serving)"
CEREALS RTE,"CEREALS RTE,BRAN,MALTED FLR,SINGLE BRAND",78.2,0,29,28.60000038,287,12.7,24.39999962,2.8,0.316,1.101,0.3,2.1,29.0,".333 cup,  (1 NLEA serving)"
CEREALS RTE,"CEREALS RTE,QUAKER,100% NAT GRANOLA OATS & HONEY",72.64,1,35,6.900000095,429,10.38,25.79000092,2.21,2.64,1.69,7.94,12.86,48.0,".5 cup,  (1 NLEA serving)"
CEREALS RTE,"CEREALS RTE,GENERAL MILLS,HONEY NUT CHEX",86.0,0,16,1.0,400,6.67,30.0,2.2,0.585,0.615,0.278,1.67,32.0,".75 cup,  (1 NLEA serving)"
CEREALS RTE,"CEREALS RTE,KELLOGG,KELLOGG'S PRODUCT 19",83.0,0,19,3.299999952,333,7.7,13.30000019,3.0,0.4,0.7,0.3,1.4,30.0,"1 cup,  (1 NLEA serving)"
CEREALS RTE,"CEREALS RTE,QUAKER,SWT CRUNCH/QUISP",85.03,0,9,2.299999952,405,4.5,43.36000061,2.0,0.69,0.85,4.44,6.07,27.0,"1 cup,  (1 NLEA serving)"
CEREALS RTE,"CEREALS RTE,KELLOGG,KELLOGG'S RAISIN BRAN",77.36,0,29,11.10000038,322,8.59,29.89999962,8.77,0.291,0.73,0.353,2.19,59.0,"1 cup,  ( 1 NLEA serving)"
CEREALS RTE,"CEREALS RTE,KRAFT,POST RAISIN BRAN CRL",76.84,0,28,12.10000038,317,9.33,28.05999947,8.13,0.46,1.05,0.39,2.5,56.0,1 cup
CEREALS RTE,"CEREALS RTE,GENERAL MILLS,RICE CHEX",85.42,0,8,1.0,382,6.45,7.409999847,2.5,0.552,0.525,0.348,1.61,27.0,"1 cup,  (1 NLEA serving)"
CEREALS RTE,"CEREALS RTE,KELLOGG,KELLOGG'S RICE KRISPIES",85.24,0,8,0.800000012,387,6.84,9.460000038,4.13,0.279,0.295,0.216,0.96,33.0,"1.25 cup,  (1 NLEA serving)"
CEREALS RTE,"CEREALS RTE,QUAKER,QUAKER PUFFED RICE",87.77,0,8,1.399999976,383,7.0,0.0,3.91,0.18,0.34,0.32,0.9,14.0,"1 cup,  (1 NLEA serving)"
CEREALS RTE,"CEREALS RTE,KELLOGG,KELLOGG'S SPL K",71.0,0,38,2.400000095,379,22.5,12.89999962,3.0,0.4,0.8,0.35,1.55,31.0,"1 cup,  (1 NLEA serving)"
CEREALS RTE,"CEREALS RTE,KELLOGG,KELLOGG'S CORN POPS",90.0,0,3,0.800000012,378,3.7,47.90000153,3.0,0.24,0.2,0.18,0.75,31.0,"1 cup,  (1 NLEA serving)"
CEREALS RTE,"CEREALS RTE,KELLOGG,KELLOGG'S FRSTD FLAKES",90.86,0,3,1.799999952,367,4.34,38.72000122,3.27,0.04,0.102,0.069,0.26,30.0,".75 cup,  ( 1 NLEA serving)"
CEREALS RTE,"CEREALS RTE,KELLOGG,KELLOGG'S HONEY SMACKS",89.0,0,20,3.700000048,387,6.4,56.0,2.5,0.65,0.9,0.3,1.85,27.0,".75 cup,  (1 NLEA serving)"
CEREALS RTE,"CEREALS RTE,WHEAT,PUFFED,PRESWEETENED,SINGLE BRAND",90.9,0,20,0.0,398,5.5,53.90000153,2.9,0.45,0.553,0.2,1.4,27.0,".75 cup,  (1 NLEA serving)"
CEREALS RTE,"CEREALS RTE,RALSTON TASTEEOS",74.22,0,15,10.69999981,398,11.83,4.639999866,3.68,1.746,1.87,1.023,5.97,30.0,"1 serving,  (NLEA serving size = 1 cup)"
CEREALS RTE,"CEREALS RTE,CORN FLAKES,PLN,SINGLE BRAND",86.7,0,3,4.5,360,6.7,6.5,3.5,0.03,0.051,0.0,0.1,28.0,"1 cup,  (1 NLEA serving)"
CEREALS RTE,"CEREALS RTE,GENERAL MILLS,WHL GRAIN TOTAL",77.18,0,19,9.0,333,6.67,16.67000008,2.67,0.315,0.698,0.407,1.67,30.0,".75 cup,  (1 NLEA serving)"
CEREALS RTE,"CEREALS RTE,GENERAL MILLS,TRIX",86.67,0,4,3.299999952,400,3.33,43.33000183,2.0,2.334,1.596,0.67,5.0,32.0,"1 cup,  (1 NLEA serving)"
CEREALS RTE,"CEREALS RTE,WAFFELOS",86.3,0,0,0.0,405,5.6,0.0,2.5,0.0,0.0,0.0,4.2,30.0,1 cup
CEREALS RTE,"CEREALS RTE,WHL WHEAT,SHREDDED,PRESWEETENED,SINGLE BRAND",81.22,0,20,7.699999809,385,9.82,23.07999992,3.82,1.759,1.196,0.469,3.77,52.0,1 cup
CEREALS RTE,"CEREALS RTE,GENERAL MILLS,WHEAT CHEX",81.09,0,23,10.80000019,360,10.0,10.0,2.5,0.248,0.832,0.328,2.0,47.0,".75 cup,  (1 NLEA serving)"
CEREALS RTE,"CEREALS RTE,MALT-O-MEAL,CORN BURSTS",93.7,1,4,1.799999952,394,4.0,43.59999847,0.9,0.042,0.113,0.165,0.34,31.0,1 cup
CEREALS RTE,"CEREALS RTE,WHEAT GERM,TSTD,PLN",49.6,0,178,15.10000038,382,29.1,7.800000191,5.6,1.5,6.62,1.83,10.7,113.0,1 cup
CEREALS RTE,"CEREALS RTE,QUAKER,KRETSCHMER HONEY CRUNCH WHEAT GERM",58.11,0,124,10.19999981,372,26.55,24.85000038,3.4,1.04,4.84,1.36,7.78,14.0,"1.667 tbsp,  (1 NLEA serving)"
CEREALS RTE,"CEREALS RTE,GENERAL MILLS,FRENCH TOAST CRUNCH",77.55,0,3,3.099999905,438,6.25,34.38000107,2.05,7.81,1.56,0.592,10.94,31.0,".75 cup,  (1 NLEA serving)"
CEREALS RTE,"CEREALS RTE,GENERAL MILLS,MULTI-GRAIN CHEERIOS",83.34,0,26,9.300000191,379,6.9,20.69000053,2.5,1.011,1.38,0.531,3.45,30.0,1 cup
CEREALS RTE,"CEREALS RTE,GENERAL MILLS,TEAM CHEERIOS",82.88,0,0,6.699999809,370,7.41,37.04000092,2.38,0.559,1.952,0.634,3.7,27.0,".75 cup,  (1 NLEA serving)"
CEREALS RTE,"CEREALS RTE,GENERAL MILLS,WHEATIES",80.77,0,33,10.0,367,10.0,13.32999992,2.59,1.076,1.168,0.489,3.33,27.0,".75 cup,  (1 NLEA serving)"
CEREALS,"CEREALS,CORN GRITS,WHITE,REG & QUICK,ENR,DRY",79.6,0,14,1.600000024,371,8.8,0.639999986,10.0,0.3,0.516,0.155,1.2,156.0,1 cup
CEREALS,"CEREALS,CORN GRITS,WHITE,REG & QUICK,ENR,CKD W/ H2O,WO/ SALT",12.87,0,3,0.300000012,59,1.42,0.100000001,85.35,0.048,0.083,0.025,0.19,242.0,1 cup
CEREALS,"CEREALS,QUAKER,CORN GRITS,INST,PLN,DRY",78.82,0,14,4.800000191,342,8.43,0.289999992,8.44,0.14,0.3,0.1,0.97,28.0,1 packet
CEREALS,"CEREALS,QUAKER,CORN GRITS,INST,PLN,PREP W/H2O",15.06,0,0,0.899999976,68,1.61,0.059999999,82.42,0.027,0.057,0.019,0.19,245.0,1 cup
CEREALS,"CEREALS,QUAKER,CORN GRITS,INST,CHEDDAR CHS FLAVOR,DRY",73.08,2,15,4.199999809,366,8.37,2.130000114,7.6,1.57,0.87,1.76,5.97,28.0,1 packet
CEREALS,"CEREALS,QUAKER,CORN GRITS,INST,CHEDDAR CHS FLAVOR,PREP W/H2O",14.01,0,0,0.800000012,72,1.6,0.409999996,82.26,0.284,0.142,0.308,1.1,28.35,1 packet
CEREALS,"CEREALS,QUAKER,CORN GRITS,INST,W/IMITN BACON BITS,DRY",77.35,0,0,5.300000191,349,9.85,0.270000011,7.3,0.42,0.64,0.24,1.65,28.0,1 packet
CEREALS,"CEREALS,QUAKER,CRNGRIT,INST,CNTRYBCN(IMTATN BCN BIT)PRPW/H2O",14.61,0,0,1.0,69,1.92,0.07,82.2,0.077,0.167,0.044,0.33,141.0,"1 packet,  prepared"
CEREALS,"CEREALS,CRM OF RICE,DRY",82.4,0,0,0.699999988,370,6.3,0.119999997,10.5,0.156,0.134,0.136,0.5,46.0,".25 cup,  (1 NLEA serving)"
CEREALS,"CEREALS,CRM OF RICE,CKD W/H2O,WO/SALT",11.4,0,1,0.100000001,52,0.9,0.02,87.5,0.031,0.027,0.027,0.1,244.0,1 cup
CEREALS,"CEREALS,CREAM OF WHEAT,REG,DRY",76.5,0,23,3.799999952,370,10.5,0.200000003,10.9,0.205,0.829,0.238,1.5,173.0,1 cup
CEREALS,"CEREALS,CREAM OF WHEAT,REG,CKD W/ H2O,WO/ SALT",11.0,0,0,0.5,52,1.51,0.029999999,87.1,0.029,0.119,0.034,0.22,251.0,1 cup
CEREALS,"CEREALS,CREAM OF WHEAT,QUICK,DRY",75.0,0,23,2.799999952,361,10.2,0.400000006,10.4,0.178,0.718,0.207,1.3,176.0,1 cup
CEREALS,"CEREALS,CREAM OF WHEAT,QUICK,CKD W/ H2O,WO/ SALT",11.2,0,4,0.5,54,1.5,0.0,86.6,0.027,0.11,0.034,0.2,239.0,1 cup
CEREALS,"CEREALS,CREAM OF WHEAT,INST,DRY",75.5,0,23,3.299999952,366,10.6,0.400000006,10.4,0.192,0.774,0.222,1.4,178.0,1 cup
CEREALS,"CEREALS,CREAM OF WHEAT,INST,PREP W/ H2O,WO/ SALT",13.08,0,0,0.600000024,62,1.84,0.07,84.4,0.033,0.134,0.038,0.24,241.0,1 cup
CEREALS,"CEREALS,CREAM OF WHEAT,MIX'N EAT,PLN,DRY",75.6,0,0,2.299999952,361,9.7,0.0,10.7,0.166,0.666,0.203,1.2,28.35,1 packet
CEREALS,"CEREALS,CREAM OF WHEAT,MIX'N EAT,PLN,PREP W/ H2O",15.1,0,0,0.300000012,72,1.9,0.0,82.1,0.028,0.111,0.034,0.2,142.0,"1 packet,  prepared"
CEREALS,"CEREALS,CRM OF WHEAT,MIX'N EAT,APPL,BANANA&MAPLE FLAV,DRY",81.6,0,0,2.5,373,6.9,0.0,8.0,0.0,0.0,0.0,1.1,35.4,1 packet
CEREALS,"CEREALS,CRM OF WHEAT,MIX'N EAT,APPL,BANANA&MAPLE FLAV,PREP",19.3,0,0,0.300000012,88,1.6,0.0,78.3,0.0,0.0,0.044,0.3,150.0,"1 packet,  prepared"
CEREALS,"CEREALS,FARINA,ENR,DRY",78.0,0,10,1.899999976,369,10.6,0.270000011,10.5,0.06,0.22,0.08,0.5,176.0,1 cup
CEREALS,"CEREALS,FARINA,ENR,CKD W/ H2O,WO/ SALT",10.47,0,1,0.300000012,48,1.42,0.039999999,87.9,0.01,0.03,0.01,0.07,233.0,1 cup
CEREALS,"CEREALS,MALTEX,DRY",77.3,0,19,4.199999809,352,11.2,0.660000026,7.5,0.243,0.813,0.321,2.1,151.0,1 cup
CEREALS,"CEREALS,MALTEX,CKD W/ H2O,WO/ SALT",15.81,0,0,0.899999976,76,2.29,0.129999995,81.0,0.05,0.167,0.069,0.43,249.0,1 cup
CEREALS,"CEREALS,MALT-O-MEAL,PLN,DRY",75.6,1,0,4.0,361,11.8,1.100000024,9.8,0.168,0.743,0.299,1.27,165.0,1 cup
CEREALS,"CEREALS,MAYPO,DRY",72.0,0,25,10.80000019,385,13.2,34.04999924,6.3,1.51,1.26,0.686,5.3,94.0,1 cup
CEREALS,"CEREALS,MAYPO,CKD W/ H2O,WO/ SALT",13.3,0,4,2.400000095,71,2.4,6.260000229,82.7,0.305,0.368,0.175,1.0,240.0,1 cup
CEREALS,"CEREALS,OATS,REG & QUICK & INST,NOT FORT,DRY",67.7,0,40,10.10000038,379,13.15,0.99000001,10.84,1.98,2.3,1.11,6.52,81.0,1 cup
CEREALS,"CEREALS,OATS,REG & QUICK & INST,UNENR,CKD W/ H2O,WO/ SALT",12.0,0,7,1.700000048,71,2.54,0.270000011,83.61,0.435,0.559,0.31,1.52,234.0,1 cup
CEREALS,"CEREALS,OATS,INST,FORT,PLN,DRY",67.55,0,41,10.0,375,12.72,1.50999999,10.37,2.129,2.426,1.537,6.25,28.0,1 packet
CEREALS,"CEREALS,OATS,INST,FORT,PLN,PREP W/ H2O",11.67,0,7,1.700000048,68,2.37,0.460000008,84.03,0.37,0.422,0.267,1.36,234.0,"1 cup, cooked"
CEREALS,"CEREALS,QUAKER,INST OATMEAL,APPLS & CINN,DRY",77.92,0,0,7.900000095,365,8.0,35.52999878,6.3,1.51,1.26,0.734,4.39,35.0,1 packet
CEREALS,"CEREALS,QUAKER,INST OATMEAL,APPLS & CINN,PREP W/ BOILING H2O",17.77,0,0,1.799999952,87,1.82,8.100000381,78.56,0.344,0.287,0.167,1.0,149.0,"1 packet,  prepared"
CEREALS,"CEREALS,OATS,INST,FORT,W/ CINN & SPICE,DRY",76.97,0,25,6.599999905,370,8.59,33.70000076,6.56,1.67,1.38,0.808,4.67,46.0,1 packet
CEREALS,"CEREALS,OATS,INST,FORT,W/ CINN & SPICE,PREP W/ H2O",21.52,0,0,1.799999952,107,2.4,9.420000076,73.8,0.467,0.386,0.226,1.31,240.0,1 cup
CEREALS,"CEREALS,QUAKER,INST OATMEAL,MAPLE & BROWN SUGAR,DRY",75.28,0,0,6.599999905,366,8.93,30.43000031,6.87,1.74,1.44,0.835,4.83,43.0,1 packet
CEREALS,"CEREALS,QUAKER,INST OAT, MAPLE & BR SUGAR,PREP W/ BOIL H2O",20.04,0,0,1.799999952,101,2.38,8.100000381,75.13,0.463,0.383,0.222,1.29,155.0,"1 packet,  prepared"
CEREALS,"CEREALS,OATS,INST,FORT,W/ RAISINS & SPICE,DRY",76.31,0,24,6.199999809,360,7.76,36.31000137,8.23,1.49,1.34,0.8,4.27,42.5,1 packet
CEREALS,"CEREALS,OATS,INST,FORT,W/ RAISINS & SPICE,PREP W/ H2O",20.32,0,0,1.600000024,100,2.07,9.670000076,75.49,0.397,0.357,0.198,1.14,240.0,1 cup
CEREALS,"CEREALS,RALSTON,DRY",72.1,0,0,13.39999962,341,14.1,0.0,9.9,0.0,0.0,0.0,2.1,118.0,1 cup
CEREALS,"CEREALS,RALSTON,CKD W/ H2O,WO/ SALT",11.2,0,0,2.400000095,53,2.2,0.0,86.1,0.04,0.146,0.052,0.3,253.0,1 cup
CEREALS,"CEREALS,ROMAN MEAL,PLN,DRY",72.0,0,0,17.89999962,322,14.4,0.0,9.1,0.288,1.005,0.326,2.2,93.0,1 cup
CEREALS,"CEREALS,ROMAN MEAL,PLN,CKD W/ H2O,WO/ SALT",13.7,0,0,3.400000095,61,2.7,0.0,82.7,0.0,0.0,0.053,0.4,241.0,1 cup
CEREALS RTE,"CEREALS RTE,MALT-O-MEAL,MARSHMLLW MATEYS",83.3,1,23,4.599999905,394,7.2,42.79999924,1.7,1.42,1.3,0.719,3.6,30.0,1 cup
CEREALS RTE,"CEREALS RTE,GENERAL MILLS,CINN GRAHAMS",86.0,0,14,3.200000048,378,5.0,38.0,2.63,1.012,1.04,0.5,2.8,30.0,.75 cup
CEREALS RTE,"CEREALS RTE,CHOC FLAV RINGS,PRESWEETENED,SINGLE BRAND",81.9,0,10,5.5,415,4.8,47.0,2.5,3.346,3.304,1.6,8.8,27.0,.75 cup
CEREALS,"CEREALS,WHEATENA,DRY",75.6,0,0,12.80000019,357,13.1,1.600000024,6.5,0.41,1.46,0.43,2.9,141.0,1 cup
CEREALS,"CEREALS,WHEATENA,CKD W/ H2O",11.8,0,0,2.700000048,56,2.0,0.0,85.4,0.071,0.252,0.075,0.5,243.0,1 cup
CEREALS,"CEREALS,WHL WHEAT HOT NAT CRL,DRY",75.2,0,23,9.5,342,11.2,0.419999987,9.9,0.283,1.008,0.3,2.0,94.0,1 cup
CEREALS,"CEREALS,WHL WHEAT HOT NAT CRL,CKD W/ H2O,WO/ SALT",13.7,0,4,1.600000024,62,2.0,0.079999998,83.6,0.057,0.202,0.06,0.4,242.0,1 cup
CEREALS RTE,"CEREALS RTE,QUAKER,QUAKER PUFFED WHEAT",76.39,0,23,9.399999619,366,16.26,1.360000014,3.69,0.31,1.07,0.41,2.15,15.0,"1.25 cup,  (1 NLEA serving)"
CEREALS RTE,"CEREALS RTE,WHEAT,SHREDDED,PLN,SUGAR & SALT FREE",78.76,0,23,12.0,337,11.37,0.939999998,6.1,0.35,1.26,0.45,2.21,46.0,"2 biscuits,  (1 NLEA serving)"
CEREALS RTE,"CEREALS RTE,WHEAT,SHREDDED,PLN,SUGAR&SALT FREE,SPOON SIZE",83.0,0,23,11.39999962,340,10.3,0.899999976,4.1,0.119,0.439,0.2,1.1,49.0,"1 cup,  (1 NLEA serving)"
CEREALS,"CEREALS,ROMAN MEAL WITH OATS,CKD W/ H2O,WO/ SALT",14.2,0,0,2.900000095,71,3.0,0.0,81.5,0.0,0.0,0.072,0.8,240.0,1 cup
CEREALS RTE,"CEREALS RTE,RICE,PUFFED,FORT",89.8,0,0,1.700000048,402,6.3,0.0,3.0,0.0,0.0,0.13,0.5,14.0,1 cup
CEREALS RTE,"CEREALS RTE,WHEAT,PUFFED,FORT",79.6,0,0,4.400000095,364,14.7,0.0,3.0,0.0,0.0,0.2,1.2,12.0,1 cup
CEREALS,"CEREALS,CORN GRITS,WHITE,REG & QUICK,UNENR,DRY",79.6,0,0,1.600000024,371,8.8,0.639999986,10.0,0.3,0.516,0.155,1.2,156.0,1 cup
CEREALS,"CEREALS,CORN GRITS,YEL,REG & QUICK,ENR,DRY",79.6,0,14,1.600000024,371,8.8,0.639999986,10.0,0.3,0.516,0.155,1.2,156.0,1 cup
CEREALS,"CEREALS,CORN GRITS,YEL,REG & QUICK,UNENR,DRY",79.6,0,0,1.600000024,371,8.8,0.639999986,10.0,0.3,0.516,0.155,1.2,156.0,1 cup
CEREALS,"CEREALS,CORN GRITS,WHITE,REG,QUICK,ENR,CKD W/ H2O,W/ SALT",12.87,0,0,0.300000012,59,1.42,0.100000001,85.35,0.048,0.083,0.025,0.19,242.0,1 cup
CEREALS,"CEREALS,CORN GRITS,WHITE,REG & QCK,UNENR,CKD W/ H2O,WO/ SALT",12.87,0,0,0.300000012,59,1.42,0.100000001,85.35,0.048,0.083,0.025,0.19,242.0,1 cup
CEREALS,"CEREALS,CORN GRITS,WHITE,REG,QUICK,UNENR,CKD W/ H2O,W/ SALT",13.0,0,0,0.200000003,60,1.4,0.0,85.3,0.05,0.08,0.03,0.2,242.0,1 cup
CEREALS,"CEREALS,CORN GRITS,YEL,REG & QUICK,ENR,CKD W/ H2O,WO/ SALT",12.87,0,0,0.300000012,59,1.42,0.100000001,85.35,0.048,0.083,0.025,0.19,242.0,1 cup
CEREALS,"CEREALS,CORN GRITS,YEL,REG,QUICK,ENR,CKD W/ H2O,W/ SALT",12.87,0,0,0.300000012,59,1.42,0.100000001,85.35,0.048,0.083,0.025,0.19,242.0,1 cup
CEREALS,"CEREALS,CORN GRITS,YEL,REG & QUICK,UNENR,CKD W/ H2O,WO/ SALT",12.87,0,0,0.300000012,59,1.42,0.100000001,85.35,0.048,0.083,0.025,0.19,242.0,1 cup
CEREALS,"CEREALS,CORN GRITS,YEL,REG,QUICK,UNENR,CKD W/ H2O,W/ SALT",12.87,0,0,0.300000012,59,1.42,0.100000001,85.35,0.048,0.083,0.025,0.19,242.0,1 cup
CEREALS,"CEREALS,CREAM OF RICE,CKD W/ H2O,W/ SALT",11.5,0,0,0.100000001,52,0.9,0.02,87.5,0.031,0.027,0.02,0.1,244.0,1 cup
CEREALS,"CEREALS,CRM OF WHEAT,REG,CKD W/ H2O,W/ SALT,(WHEAT)",11.0,0,0,0.5,52,1.51,0.029999999,87.1,0.029,0.119,0.034,0.22,251.0,1 cup
CEREALS,"CEREALS,CREAM OF WHEAT,QUICK,CKD W/ H2O,W/ SALT",11.2,0,0,0.5,54,1.5,0.0,86.6,0.0,0.0,0.031,0.2,239.0,1 cup
CEREALS,"CEREALS,CRM OF WHEAT,INST,PREP W/ H2O,W/ SALT,(WHEAT)",13.08,0,0,0.600000024,62,1.84,0.07,84.4,0.033,0.134,0.038,0.24,241.0,1 cup
CEREALS,"CEREALS,FARINA,UNENR,DRY",78.0,0,0,1.899999976,369,10.6,0.0,10.5,0.06,0.22,0.08,0.5,176.0,1 cup
CEREALS,"CEREALS,FARINA,ENR,CKD W/ H2O,W/ SALT",10.47,0,0,0.300000012,48,1.42,0.039999999,87.9,0.01,0.03,0.01,0.07,233.0,1 cup
CEREALS,"CEREALS,MALTEX,CKD W/ H2O,W/ SALT",15.81,0,0,0.899999976,76,2.29,0.129999995,81.0,0.046,0.155,0.061,0.43,249.0,1 cup
CEREALS,"CEREALS,MALT-O-MEAL,CHOC,DRY",79.9,1,0,4.300000191,374,10.6,24.39999962,6.7,0.265,0.521,0.462,1.31,165.0,1 cup
CEREALS,"CEREALS,MAYPO,CKD W/ H2O,W/ SALT",13.23,0,0,2.0,71,2.43,6.260000229,82.7,0.255,0.212,0.185,0.97,240.0,1 cup
CEREALS,"CEREALS,OATS,REG & QUICK & INST,UNENR,CKD W/ H2O,W/ SALT",12.0,0,7,1.700000048,71,2.54,0.270000011,83.61,0.435,0.559,0.31,1.52,234.0,1 cup
CEREALS,"CEREALS,ROMAN MEAL,PLN,CKD W/ H2O,W/ SALT",13.7,0,0,3.400000095,61,2.7,0.0,82.7,0.0,0.0,0.053,0.4,241.0,1 cup
CEREALS,"CEREALS,WHEATENA,CKD W/ H2O,W/ SALT",11.74,0,0,2.0,59,2.03,0.25,85.4,0.067,0.24,0.091,0.45,243.0,1 cup
CEREALS,"CEREALS,WHL WHEAT HOT NAT CRL,CKD W/ H2O,W/ SALT",13.7,0,4,1.600000024,62,2.0,0.079999998,83.6,0.057,0.202,0.06,0.4,242.0,1 cup
CEREALS,"CEREALS,ROMAN MEAL WITH OATS,CKD W/ H2O,W/ SALT",14.2,0,0,3.400000095,71,3.0,0.0,81.5,0.0,0.0,0.072,0.8,240.0,1 cup
CEREALS,"CEREALS,RALSTON,CKD W/ H2O,W/ SALT",11.2,0,0,2.400000095,53,2.2,0.0,86.1,0.0,0.0,0.056,0.3,253.0,1 cup
CEREALS RTE,"CEREALS RTE,KELLOGG,KELLOGG'S LOFAT GRANOLA WO/ RAISINS",81.5,0,23,6.099999905,387,8.0,28.0,3.5,2.2,1.7,1.3,5.2,49.0,".5 cup,  (1 NLEA serving)"
CEREALS RTE,"CEREALS RTE,GENERAL MILLS,OATMEAL CRISP,APPL CINN",84.0,0,21,7.300000191,382,7.27,34.54999924,2.59,1.82,0.91,0.91,3.64,55.0,"1 cup,  (1 NLEA serving)"
CEREALS RTE,"CEREALS RTE,WHEAT,SHREDDED,PRESWEETENED,SINGLE BRAND",83.8,0,20,9.600000381,352,7.8,22.29999924,6.0,0.271,0.925,0.3,1.9,52.0,"1 cup,  (1 NLEA serving)"
CEREALS RTE,"CEREALS RTE,CORN,RICE,WHEAT,OAT,PRESWEETENED,W/FRUIT&ALMONDS",78.9,0,14,3.799999952,383,6.6,20.79999924,7.2,2.008,1.466,0.6,4.5,55.0,"1.25 cup,  (1 NLEA serving)"
CEREALS RTE,"CEREALS RTE,GENERAL MILLS,REESE'S PUFFS",75.86,0,13,4.0,433,6.67,40.0,2.67,5.0,3.33,1.67,11.67,29.0,".75 cup,  (1 NLEA serving)"
CEREALS RTE,"CEREALS RTE,HEALTHY CHOIC,KELLOGG'S ALMOND CRUNCH W/RAISINS",78.6,0,14,8.399999619,360,8.7,28.10000038,5.84,2.26,1.42,0.68,4.66,55.0,"1 cup,  (1 NLEA serving)"
CEREALS,"CEREALS,QUAKER,QUAKER MULTIGRAIN OATMEAL,DRY",73.44,0,27,12.0,333,11.3,0.600000024,11.07,0.57,1.28,0.52,2.58,40.0,".5 cup,  (1 NLEA serving)"
CEREALS RTE,"CEREALS RTE,GENERAL MILLS,OATMEAL CRISP W/ ALMONDS",77.25,0,25,7.5,400,9.09,29.09000015,2.86,3.64,2.73,0.91,8.18,60.0,"1 cup,  (1 NLEA serving)"
CEREALS RTE,"CEREALS RTE,CHOCOLATE-FLAVORED FRSTD PUFFED CORN",87.2,0,4,3.799999952,405,3.34,47.0,3.42,2.079,0.231,0.961,3.5,30.0,1 cup
CEREALS RTE,"CEREALS RTE,MALT-O-MEAL,COCO-ROOS",89.5,1,4,1.799999952,396,3.7,46.5,2.0,1.61,0.419,0.464,2.6,30.0,".75 cup,  (1 NLEA serving)"
CEREALS RTE,"CEREALS RTE,QUAKER,QUAKER OAT CINN LIFE",79.27,0,0,6.199999809,373,8.93,26.12000084,4.3,1.33,1.28,0.75,4.01,32.0,".75 cup,  (1 NLEA serving)"
CEREALS RTE,"CEREALS RTE,QUAKER,HONEY GRAHAM OH!S",83.61,0,8,2.0,411,4.09,42.97000122,2.75,0.76,0.79,5.79,7.45,27.0,".75 cup,  (1 NLEA serving)"
CEREALS RTE,"CEREALS RTE,QUAKER,SUN COUNTRY GRANOLA W/ ALMONDS",67.2,0,35,5.199999809,467,11.77,20.42000008,1.37,5.84,3.18,2.22,18.02,57.0,".5 cup,  (1 NLEA serving)"
CEREALS RTE,"CEREALS RTE,QUAKER,QUAKER OATMEAL SQUARES",78.34,0,27,7.099999905,378,11.04,16.10000038,2.75,1.45,1.76,0.9,4.32,56.0,"1 cup,  (1 NLEA serving)"
CEREALS RTE,"CEREALS RTE,QUAKER,QUAKER CINN OATMEAL SQUARES",79.21,0,32,8.199999809,379,10.49,21.19000053,2.5,1.47,1.42,0.8,4.48,60.0,"1 cup,  (1 NLEA serving)"
CEREALS RTE,"CEREALS RTE,QUAKER,QUAKER OAT BRAN CRL",74.89,0,25,9.899999619,372,12.38,16.34000015,4.0,1.57,2.04,0.91,5.11,57.0,1.25 cup
CEREALS READY TO EAT,"CEREALS READY TO EAT,CHARACTER CEREALS (MOVIES,TV),BRAND A",85.9,0,7,3.599999905,389,6.13,39.25,2.68,0.975,0.775,0.525,2.33,0.0,
CEREALS RTE,"CEREALS RTE,QUAKER,100% NAT CRL W/ OATS,HONEY,& RAISINS",73.88,1,32,6.5,417,9.42,29.87000084,3.54,2.34,1.49,6.97,11.33,51.0,".5 cup,  (1 NLEA serving)"
CEREALS RTE,"CEREALS RTE,QUAKER,QUAKER TSTD OATMEAL CRL,HONEY NUT",81.24,0,28,5.5,384,9.01,25.03000069,2.5,1.19,1.12,1.25,4.07,49.0,"1 cup,  (1 NLEA serving)"
CEREALS RTE,"CEREALS RTE,QUAKER,LOFAT 100% NAT GRANOLA W/ RAISINS",81.12,0,22,5.599999905,390,7.87,33.59999847,3.5,1.37,1.08,2.57,5.54,55.0,".67 cup,  (1 NLEA serving)"
CEREALS,"CEREALS,QUAKER,CORN GRITS,INST,BUTTER FLAVOR,DRY",75.04,1,0,4.800000191,366,8.09,0.870000005,6.73,0.98,0.51,2.44,5.51,28.0,1 packet
CEREALS READY TO EAT,"CEREALS READY TO EAT,CHARACTER CEREALS (MOVIES,TV),BRAND B",90.0,0,4,0.0,388,3.33,46.66999817,2.5,1.667,0.0,0.0,1.67,0.0,
CEREALS,"CEREALS,QUAKER,INST OATMEAL,FRUIT & CRM VAR,DRY",74.72,0,0,5.800000191,386,7.99,31.20000076,6.39,2.384,1.28,1.588,7.52,35.0,1 packet
CEREALS,"CEREALS,QUAKER,INST OATMEAL,FRT& CRM VAR,PREP W/ BOILING H2O",13.56,0,0,1.100000024,72,1.45,5.659999847,82.93,0.433,0.232,0.288,1.36,193.0,"1 packet, prepared"
CEREALS,"CEREALS,QUAKER,INST OATMEAL,RAISINS,DATES & WALNUTS,DRY",73.69,0,0,6.599999905,365,8.87,0.0,8.12,1.73,2.11,0.94,5.5,37.0,1 packet
CEREALS,"CEREALS,QUAKER,INST OATMEAL,LO NA,DRY",67.29,0,0,9.800000191,365,13.0,1.090000033,9.09,2.57,2.83,1.253,7.09,28.0,1 packet
CEREALS,"CEREALS,QUAKER,FARINA,CREAMY WHEAT,ENR,DRY",76.13,0,0,2.900000095,349,10.82,0.300000012,11.66,0.08,0.48,0.24,0.95,44.0,".25 cup,  (1 NLEA serving)"
CEREALS,"CEREALS,QUAKER,OAT BRAN,QUAKER/MOTHER'S OAT BRAN,DRY",62.94,0,0,14.30000019,364,17.03,1.429999948,8.9,2.61,3.03,1.43,7.97,40.0,".5 cup,  (1 NLEA serving)"
CEREALS,"CEREALS,QUAKER,SCOTCH BARLEY,REG&QUICK,DRY",76.38,0,0,10.39999962,346,10.74,0.660000026,9.65,0.2,1.03,0.47,2.24,0.0,
CEREALS,"CEREALS,QUAKER,OATMEAL,INST,LO NA,PREP W/H2O",16.67,0,0,2.299999952,93,3.59,0.0,76.98,0.649,0.714,0.341,1.79,0.0,
CEREALS,"CEREALS,QUAKER,OATMEAL,INST,RAISINS,DATES&WALNUTS,PREP W/H2O",23.5,0,0,2.099999905,116,2.83,0.0,70.63,0.552,0.673,0.3,1.75,0.0,
CEREALS,"CEREALS,QKR,OAT BRAN,PREP W/H2O,NO SALT",7.49,0,0,1.700000048,43,2.03,0.0,89.07,0.31,0.36,0.17,0.95,0.0,
CEREALS,"CEREALS,QUAKER,CREAMY WHEAT,FARINA,ENR,PREP W/H2O,NO SALT",11.26,0,0,0.400000006,51,1.53,0.0,86.99,0.04,0.022,0.01,0.07,0.0,
CEREALS,"CEREALS,QUAKER,CORN GRITS,INST,BUTTER FLAVOR,PREP W/H2O",14.02,0,0,0.899999976,71,1.51,0.159999996,82.49,0.184,0.096,0.458,1.03,0.0,
CEREALS RTE,"CEREALS RTE,GEN MILLS,BERRY BURST CHEERIOS,ALL FLAVORS",80.0,0,26,7.300000191,367,10.0,31.11000061,2.07,2.536,1.272,0.0,4.0,27.0,".75 cup,  (1 NLEA serving)"
CEREALS,"CEREALS,OAT BRAN,QKR,QKR/MOTHER'S OAT BRAN,PREP W/H2O,SALT",7.49,0,0,1.700000048,43,2.03,0.0,88.98,0.31,0.36,0.17,0.95,0.0,
CEREALS,"CEREALS,QUAKER,CREAMY WHEAT,FARINA,ENR,PREP W/H2O,SALT",11.24,0,0,0.400000006,51,1.53,0.0,86.87,0.04,0.022,0.01,0.07,0.0,
CEREALS RTE,"CEREALS RTE,JUST RIGHT W/ CRUNCHY NUGGETS",83.7,0,19,5.099999905,371,7.7,21.20000076,3.2,0.5,1.9,0.2,2.7,55.0,"1 cup,  (1 NLEA serving)"
CEREALS RTE,"CEREALS RTE,GENERAL MILLS,HONEY NUT CLUSTERS",83.64,0,16,5.5,382,7.27,30.90999985,2.15,2.73,0.91,0.0,4.55,57.0,"1 cup,  (1 NLEA serving)"
CEREALS RTE,"CEREALS RTE,GENERAL MILLS,FIBER ONE",83.33,0,24,47.29999924,200,6.67,0.0,3.19,0.44,1.366,0.379,3.33,30.0,".5 cup,  (1 NLEA serving)"
CEREALS RTE,"CEREALS RTE,GENERAL MILLS,OATMEAL CRISP,RAISIN",80.0,0,21,6.199999809,382,9.09,32.72999954,4.73,1.82,0.91,0.91,3.64,62.0,"1 cup,  (1 NLEA serving)"
CEREALS RTE,"CEREALS RTE,GENERAL MILLS,TOTAL CORN FLAKES",85.55,0,3,2.5,373,6.05,11.0,2.56,0.214,0.368,0.4,1.61,30.0,"1.333 cup,  (1 NLEA serving)"
CEREALS RTE,"CEREALS RTE,GENERAL MILLS,TOTAL RAISIN BRAN",76.36,0,16,9.100000381,309,5.45,34.54999924,8.75,0.262,0.914,0.297,1.82,55.0,"1 cup,  (1 NLEA serving)"
CEREALS,"CEREALS,QUAKER,QUAKER MULTIGRAIN OATMEAL,PREP W/H2O,NO SALT",13.49,0,0,2.200000048,61,2.08,0.0,83.58,0.105,0.235,0.096,0.47,0.0,
CEREALS,"CEREALS,QUAKER,QUAKER MULTIGRAIN OATMEAL,PREP W/H2O,SALT",13.47,0,0,2.200000048,61,2.07,0.0,83.44,0.105,0.235,0.095,0.47,0.0,
CEREALS RTE,"CEREALS RTE,KELLOGG,KELLOGG'S ALL-BRAN W/ EX FIBER",77.0,0,49,50.0,192,11.3,0.370000005,3.0,0.7,2.2,0.6,3.5,26.0,".5 cup,  (1 NLEA serving)"
CEREALS RTE,"CEREALS RTE,APPL CINN SQUARES MINI-WHEATS",80.1,0,20,8.600000381,331,7.2,21.20000076,9.5,0.5,0.9,0.4,1.8,55.0,".75 cup,  (1 NLEA serving)"
CEREALS RTE,"CEREALS RTE,KELLOGG,KELLOGG'S COMPLETE OAT BRAN FLAKES",77.0,0,22,13.0,350,11.0,20.0,3.0,1.7,1.0,0.8,3.5,30.0,".75 cup,  (1 NLEA serving)"
CEREALS RTE,"CEREALS RTE,KELLOGG,KELLOGG'S CRISPIX",86.95,0,4,1.200000048,377,6.25,11.52999973,3.35,0.22,0.36,0.255,1.28,29.0,"1 cup,  (1 NLEA serving)"
CEREALS RTE,"CEREALS RTE,GENERAL MILLS,RAISIN NUT BRAN",76.36,0,20,9.800000191,364,7.27,27.27000046,7.54,2.73,0.91,0.91,6.36,55.0,".75 cup,  (1 NLEA serving)"
CEREALS RTE,"CEREALS RTE,GENERAL MILLS,BASIC 4",80.0,0,14,5.800000191,382,7.27,25.45000076,4.0,1.82,0.91,0.91,5.45,55.0,"1 cup,  (1 NLEA serving)"
CEREALS RTE,"CEREALS RTE,GENERAL MILLS,APPL CINN CHEERIOS",83.33,0,21,4.0,400,6.67,43.33000183,2.3,3.33,1.67,0.0,5.0,30.0,".75 cup,  (1 NLEA serving)"
CEREALS RTE,"CEREALS RTE,GENERAL MILLS,FRSTD CHEERIOS",83.25,0,21,4.300000191,393,7.14,42.86000061,2.2,1.232,1.296,0.528,3.57,28.0,".75 cup,  (1 NLEA serving)"
CEREALS RTE,"CEREALS RTE,GENERAL MILLS,FRANKENBERRY",88.88,0,3,0.899999976,400,3.33,46.66999817,2.02,1.67,0.85,0.5,3.33,33.0,"1 cup,  (1 NLEA serving)"
CEREALS RTE,"CEREALS RTE,GENERAL MILLS,COUNTRY CORN FLAKES",84.09,0,0,4.0,367,6.67,6.670000076,2.3,0.332,0.571,0.517,1.67,30.0,"1 cup,  (1 NLEA serving)"
CEREALS RTE,"CEREALS RTE,GENERAL MILLS,COUNT CHOCULA",88.37,0,13,4.0,400,3.33,43.33000183,2.02,1.633,0.703,0.692,3.3,27.0,".75 cup,  (1 NLEA serving)"
CEREALS RTE,"CEREALS RTE,GENERAL MILLS,COCOA PUFFS",86.67,0,8,5.0,400,3.33,46.66999817,1.8,3.33,0.0,0.0,5.0,27.0,".75 cup,  (1 NLEA serving)"
CEREALS RTE,"CEREALS RTE,GENERAL MILLS,CINN TOAST CRUNCH",79.73,0,9,3.799999952,433,5.27,33.15000153,2.64,3.211,3.061,1.422,9.38,31.0,".75 cup,  (1 NLEA serving)"
CEREALS RTE,"CEREALS RTE,GENERAL MILLS,BOO BERRY",88.82,0,3,0.899999976,400,3.33,46.66999817,2.02,1.67,0.0,0.522,3.33,33.0,"1 cup,  (1 NLEA serving)"
CEREALS RTE,"CEREALS RTE,GENERAL MILLS,BERRY BERRY KIX",86.67,0,9,3.299999952,400,3.33,30.0,2.3,3.0,0.0,0.0,5.0,26.0,".75 cup,  (1 NLEA serving)"
CEREALS RTE,"CEREALS RTE,GENERAL MILLS,NATURE VALLEY LOFAT FRUIT GRANOLA",80.0,0,24,5.0,386,8.0,33.40999985,6.72,2.115,1.142,0.85,4.6,55.0,".667 cup,  (1 NLEA serving)"
CEREALS RTE,"CEREALS RTE,GENERAL MILLS,KABOOM",87.26,0,13,3.299999952,400,3.33,20.0,2.37,1.116,1.341,0.452,3.33,30.0,"1.25 cup,  (1 NLEA serving)"
CEREALS RTE,"CEREALS RTE,KELLOGG,KELLOGG'S JUST RIGHT FRUIT & NUT",81.7,0,16,5.199999809,366,7.0,25.0,5.9,1.5,1.3,0.5,3.3,53.0,".75 cup,  (1 NLEA serving)"
CEREALS RTE,"CEREALS RTE,KELLOGG,KELLOGG'S LOFAT GRANOLA W/ RAISINS",81.7,0,23,6.400000095,384,7.8,29.0,3.5,2.0,1.6,1.4,5.0,60.0,".667 cup,  (1 NLEA serving)"
CEREALS RTE,"CEREALS RTE,KELLOGG,KELLOGG'S MUESLIX",73.0,0,23,7.300000191,357,9.1,31.0,8.7,2.9,1.8,0.8,5.5,55.0,".667 cup,  (1 NLEA serving)"
CEREALS RTE,"CEREALS RTE,KELLOGG,KELLOGG'S RAISIN MINI-WHEATS",79.9,0,20,8.699999809,342,9.4,22.0,7.8,0.2,0.8,0.4,1.4,55.0,".75 cup,  (1 NLEA serving)"
CEREALS RTE,"CEREALS RTE,KELLOGG,KELLOGG'S RICE KRISPIES TREATS CRL",84.7,0,5,0.200000003,399,4.8,31.0,3.5,1.6,0.6,0.9,4.6,30.0,".75 cup,  (1 NLEA serving)"
CEREALS RTE,"CEREALS RTE,KELLOGG,KELLOGG'S STRAWBERRY MINI-WHEATS",80.0,0,20,9.699999809,335,9.1,18.60000038,7.5,0.3,1.3,0.4,2.0,55.0,"1 cup,  (1 NLEA serving)"
CEREALS RTE,"CEREALS RTE,HEALTH VALLEY,FIBER 7 FLAKES",78.15,0,36,14.10000038,353,14.44,1.860000014,3.0,0.244,0.61,0.261,1.41,31.0,".75 cup,  (1 NLEA serving)"
CEREALS RTE,"CEREALS RTE,QUAKER,QUAKER APPL ZAPS",88.74,0,0,2.299999952,393,3.68,46.99000168,2.5,0.6,0.62,0.87,3.45,30.0,".75 cup,  (1 NLEA serving)"
CEREALS RTE,"CEREALS RTE,QUAKER,QUAKER COCOA BLASTS",88.7,0,5,2.5,394,3.67,48.29000092,2.5,0.64,0.59,0.95,3.54,33.0,"1 cup,  (1 NLEA serving)"
CEREALS RTE,"CEREALS RTE,QUAKER,QUAKER FRUITANGY OH!S",87.21,0,10,2.599999905,392,4.87,43.25,2.5,1.73,0.85,0.92,3.5,31.0,"1 cup,  (1 NLEA serving)"
CEREALS RTE,"CEREALS RTE,QUAKER,QUAKER MARSHMLLW SAFARI",84.27,0,11,4.199999809,396,5.79,47.27000046,2.1,2.5,1.25,1.25,5.02,30.0,".75 cup,  (1 NLEA serving)"
CEREALS RTE,"CEREALS RTE,QUAKER,QUAKER SWT PUFFS",87.99,0,14,3.400000095,391,6.76,47.47000122,2.22,0.43,0.93,0.36,1.93,34.0,1 cup
CEREALS RTE,"CEREALS RTE,OAT,CORN&WHEAT SQUARES,PRESWEETENED,MAPLE FLAV",79.9,0,10,1.799999952,430,6.0,35.45000076,2.5,4.303,4.082,1.4,9.8,30.0,"1 cup,  (1 NLEA serving)"
CEREALS RTE,"CEREALS RTE,KELLOGG,KELLOGG'S HONEY CRUNCH CORN FLAKES",87.0,0,8,3.400000095,385,6.8,33.0,3.0,1.0,0.6,0.3,1.9,30.0,".75 cup,  (1 NLEA serving)"
CEREALS,"CEREALS,QUAKER,HOMINY GRITS,WHITE,QUICK,DRY",79.16,0,0,4.800000191,347,8.53,1.0,10.48,0.2,0.68,0.26,1.36,37.0,.25 cup
CEREALS,"CEREALS,QUAKER,HOMINY GRITS,YEL,QUICK,DRY",77.76,0,0,5.599999905,337,8.26,1.080000043,11.74,0.55,0.71,0.45,1.66,37.0,.25 cup
CEREALS,"CEREALS,QUAKER,HOMINY GRITS,WHITE,REG,DRY",79.16,0,0,4.800000191,347,8.53,1.0,10.48,0.2,0.68,0.26,1.36,41.0,.25 cup
CEREALS,"CEREALS,QUAKER,FARINA,ENR CINN FLAVOR,DRY",74.54,0,0,3.700000048,346,12.11,0.289999992,12.14,0.07,0.58,0.28,0.79,0.0,
CEREALS RTE,"CEREALS RTE,KELLOGG,KELLOGG'S SMART START ANTIOXIDANT CRL",86.0,0,14,5.400000095,365,7.0,28.0,3.0,0.17,0.97,0.27,1.41,50.0,"1 cup,  (1 NLEA serving)"
CEREALS RTE,"CEREALS RTE,KELLOGG,KELLOGG'S FRSTD MINI-WHEATS,BITE SIZE",81.0,0,0,10.0,344,10.1,20.10000038,6.0,0.24,1.0,0.36,1.6,59.0,"24 biscuit,  (1 NLEA serving)"
CEREALS RTE,"CEREALS RTE,KRAFT,POST BANANA NUT CRUNCH CRL",74.0,0,0,6.800000191,422,8.5,20.39999962,4.5,0.0,0.0,1.4,10.3,59.0,"1 cup,  (1 NLEA serving)"
CEREALS RTE,"CEREALS RTE,KRAFT,POST BLUEBERRY MORNING CRL",78.9,0,0,3.799999952,383,6.6,20.79999924,7.2,0.0,0.0,0.6,4.5,55.0,"1.25 cup,  (1 NLEA serving)"
CEREALS RTE,"CEREALS RTE,KRAFT,POST BRAN FLAKES",80.4,0,0,17.60000038,320,9.4,18.89999962,3.7,0.0,0.0,0.4,2.2,30.0,".75 cup,  (1 NLEA serving)"
CEREALS RTE,"CEREALS RTE,KRAFT,POST COCOA PEBBLES CRL",87.9,0,0,1.600000024,398,3.5,44.0,2.9,0.0,0.0,3.7,4.2,29.0,".75 cup,  (1 NLEA serving)"
CEREALS RTE,"CEREALS RTE,KRAFT,POST FRUITY PEBBLES CRL",87.9,0,0,0.699999988,401,3.6,44.0,3.0,0.0,0.0,0.9,3.9,27.0,".75 cup,  (1 NLEA serving)"
CEREALS RTE,"CEREALS RTE,KRAFT,POST FRSTD ALPHA-BITS CRL",83.5,0,0,4.099999905,405,8.5,39.0,1.3,0.0,0.0,0.8,4.1,32.0,"1 cup,  (1 NLEA serving)"
CEREALS RTE,"CEREALS RTE,KRAFT,POST MARSHMLLW ALPHA-BITS CRL",86.7,0,0,1.700000048,398,5.9,43.5,1.5,0.0,0.0,0.6,3.3,29.0,"1 cup,  (1 NLEA serving)"
CEREALS RTE,"CEREALS RTE,KRAFT,POST FRUIT&FIBRE DATES,RAISINS&WALNUTS CRL",76.2,0,0,9.699999809,385,7.1,29.79999924,8.5,0.0,0.0,0.8,5.6,55.0,"1 cup,  (1 NLEA serving)"
CEREALS RTE,"CEREALS RTE,KRAFT,POST GOLDEN CRISP CRL",90.9,0,0,0.0,398,5.5,53.90000153,2.9,0.0,0.0,0.2,1.4,27.0,".75 cup,  (1 NLEA serving)"
CEREALS RTE,"CEREALS RTE,KRAFT,POST GRAPE-NUTS FLAKES",81.5,0,0,8.800000191,365,10.0,17.60000038,3.2,0.0,0.0,0.6,2.9,29.0,".75 cup,  (1 NLEA serving)"
CEREALS RTE,"CEREALS RTE,KRAFT,POST GREAT GRAINS CRUNCHY PECAN CRL",71.4,0,0,7.0,408,9.3,15.30000019,5.8,0.0,0.0,1.4,11.8,53.0,".667 cup,  (1 NLEA serving)"
CEREALS RTE,"CEREALS RTE,KRAFT,POST GREAT GRAINS RAISIN,DATE&PECAN CRL",73.2,0,0,7.400000095,377,8.0,24.60000038,8.7,0.0,0.0,1.1,8.4,54.0,".667 cup,  (1 NLEA serving)"
CEREALS RTE,"CEREALS RTE,KRAFT,POST HONEY BUNCHES OF OATS W/ALMONDS CRL",78.0,0,0,4.5,407,7.8,21.0,3.0,0.0,0.0,1.1,8.5,31.0,".75 cup,  (1 NLEA serving)"
CEREALS RTE,"CEREALS RTE,KRAFT,POST HONEYCOMB CRL",88.9,0,0,2.5,395,5.2,38.29999924,1.5,0.0,0.0,0.6,2.1,29.0,"1.333 cup,  (1 NLEA serving)"
CEREALS RTE,"CEREALS RTE,KRAFT,POST OREO O'S CRL",79.7,0,0,5.5,415,4.8,42.40000153,2.5,0.0,0.0,1.6,8.8,27.0,".75 cup,  (1 NLEA serving)"
CEREALS RTE,"CEREALS RTE,KRAFT,POST TOASTIES CORN FLAKES",86.7,0,0,4.5,360,6.7,6.5,3.5,0.0,0.0,0.0,0.1,28.0,"1 cup,  (1 NLEA serving)"
CEREALS RTE,"CEREALS RTE,KRAFT,POST FRSTD SHREDDED WHEAT BITE SIZE CRL",83.8,0,0,9.600000381,352,7.8,22.29999924,6.0,0.0,0.0,0.3,1.9,52.0,"1 cup,  (1 NLEA serving)"
CEREALS RTE,"CEREALS RTE,KRAFT,POST THE ORIGINAL SHREDDED WHEAT 'N BRAN",79.9,0,0,13.39999962,334,12.5,1.0,4.5,0.0,0.0,0.2,1.4,59.0,"1.25 cup,  (1 NLEA serving)"
CEREALS RTE,"CEREALS RTE,KRAFT,POST THE ORIGIN SHREDDED WHEAT SPOON SIZE",83.0,0,0,11.39999962,340,10.3,0.899999976,4.1,0.0,0.0,0.2,1.1,49.0,"1 cup,  (1 NLEA serving)"
CEREALS RTE,"CEREALS RTE,KRAFT,POST 100% BRAN CRL",78.2,0,0,28.60000038,287,12.7,24.39999962,2.8,0.0,0.0,0.3,2.1,29.0,".333 cup,  (1 NLEA serving)"
CEREALS RTE,"CEREALS RTE,GENERAL MILLS,MULTI-BRAN CHEX",84.06,0,13,12.10000038,328,6.9,20.69000053,2.5,0.589,0.86,0.481,2.59,47.0,".75 cup,  (1 NLEA serving)"
CEREALS RTE,"CEREALS RTE,MALT-O-MEAL,COLOSSAL CRUNCH",86.6,0,0,0.699999988,415,4.2,40.65000153,1.25,1.43,0.46,0.88,5.48,30.0,.75 cup
CEREALS RTE,"CEREALS RTE,MALT-O-MEAL,BERRY COLOSSAL CRUNCH",85.9,1,0,3.299999952,412,4.89,41.29999924,1.56,1.4,0.63,0.091,5.44,30.0,".75 cup,  (1 NLEA serving)"
CEREALS RTE,"CEREALS RTE,MALT-O-MEAL,CRISPY RICE",86.4,1,0,1.0,381,6.3,9.0,3.4,0.251,0.358,0.465,1.13,33.0,"1 cup,  (1 NLEA serving)"
CEREALS RTE,"CEREALS RTE,MALT-O-MEAL,TOOTIE FRUITIES",87.9,1,10,2.5,401,5.0,45.70000076,1.5,1.47,0.976,0.687,3.29,32.0,"1 cup,  (1 NLEA serving)"
CEREALS,"CEREALS,RTE,MALT-O-MEAL,TOASTY O'S",74.6,1,26,10.69999981,404,13.1,3.900000095,2.0,2.16,2.27,1.23,5.92,30.0,"1 cup,  (1 NLEA serving)"
CEREALS RTE,"CEREALS RTE,QUAKER,MOTHER'S PNUT BUTTER BUMPERS CRL",78.27,0,0,2.900000095,403,8.28,29.51000023,2.5,3.08,2.23,1.44,7.34,33.0,"1 cup,  (1 NLEA serving)"
CEREALS RTE,"CEREALS RTE,QUAKER,MOTHER'S TSTD OAT BRAN CRL,BROWN SUGAR",74.92,0,0,8.899999619,373,11.9,15.5,4.0,1.63,1.82,0.89,5.17,32.0,".75 cup,  (1 NLEA serving)"
CEREALS RTE,"CEREALS RTE,QUAKER,MOTHER'S CINN OAT CRUNCH",79.21,0,0,8.300000191,380,10.49,25.06999969,2.5,1.45,1.41,0.79,4.64,60.0,"1 cup,  (1 NLEA serving)"
CEREALS RTE,"CEREALS RTE,QUAKER,MOTHER'S GROOVY GRAHAMS",86.38,0,0,3.0,372,5.44,44.81999969,2.5,0.32,0.69,0.28,1.63,0.0,
CEREALS RTE,"CEREALS RTE,QUAKER,MOTHER'S COCOA BUMPERS",87.64,0,0,3.099999905,376,5.08,41.84000015,2.5,0.31,0.63,0.31,1.74,33.0,"1 cup,  (1 NLEA serving)"
CEREALS RTE,"CEREALS RTE,QUAKER,FRUITY BRONTOSAURUS BLASTS,BAGGED CRL",89.27,0,0,1.399999976,376,3.75,43.95000076,2.5,1.88,0.23,0.23,2.45,0.0,
CEREALS RTE,"CEREALS RTE,QUAKER,CRISPY CORN PUFFS CRL",83.5,0,0,4.300000191,376,7.23,20.35000038,2.5,0.83,1.17,0.52,2.88,0.0,
CEREALS RTE,"CEREALS RTE,QUAKER,FRSTD OATS",81.96,0,0,4.300000191,396,6.06,37.49000168,2.5,1.8,0.99,1.29,5.96,0.0,
CEREALS RTE,"CEREALS RTE,QUAKER,OATMEAL CRL,BROWN SUGAR BLISS",79.69,0,0,7.400000095,384,8.78,0.0,2.5,1.69,1.36,1.16,5.56,49.0,1 cup
CEREALS RTE,"CEREALS RTE,QUAKER,HONEY GRAHAM BAGGED CRL",83.64,0,0,2.799999952,395,5.6,38.36999893,2.5,0.81,0.7,1.31,5.24,0.0,
CEREALS RTE,"CEREALS RTE,QUAKER,TSTD OATS/OATMMM'S",77.91,0,0,6.599999905,380,9.23,7.989999771,3.5,1.77,1.46,0.91,5.1,0.0,
CEREALS RTE,"CEREALS RTE,QUAKER,KRETSCHMER TSTD WHEAT BRAN",59.51,0,74,41.29999924,200,17.56,0.0,11.72,0.8,2.72,0.77,5.16,16.0,".25 cup,  (1 NLEA serving)"
CEREALS RTE,"CEREALS RTE,QUAKER,CINN CRUNCH BAGGED CRL",83.67,0,0,4.0,397,5.07,0.0,2.5,1.22,0.86,1.52,6.02,0.0,
CEREALS RTE,"CEREALS RTE,QUAKER,KRETSCHMER WHEAT GERM,REG",49.38,0,0,11.89999962,366,31.43,0.0,4.78,1.25,5.98,1.66,9.56,14.0,1.67 tablespoon
CEREALS RTE,"CEREALS RTE,GENERAL MILLS,PARA SU FAMILIA RAISIN BRAN",76.36,0,0,12.39999962,309,7.27,20.0,8.14,0.0,0.0,0.0,1.82,55.0,"1.33 cup,  (1 NLEA serving)"
CEREALS RTE,"CEREALS RTE,KELLOGG,KELLOGG'S,CRISPIX CINN CRUNCH",87.0,0,0,0.5,399,4.8,30.39999962,3.0,2.1,1.1,0.5,3.7,30.0,.75 cup
CEREALS RTE,"CEREALS RTE,KELLOGG,KELLOGG'S CRUNCHEROOS",73.3,0,0,10.0,365,13.3,4.400000095,3.0,2.5,2.5,0.0,5.0,30.0,"1 cup,  (1 NLEA serving)"
CEREALS RTE,"CEREALS RTE,KELLOGG,KELLOGG'S MARSHMLLW FROOT LOOPS",90.0,0,5,1.5,394,4.0,53.0,2.5,0.3,0.8,1.3,2.4,30.0,"1 cup,  (1 NLEA serving)"
CEREALS RTE,"CEREALS RTE,KELLOGG,KELLOGG'S PUFFED WHEAT",77.0,0,0,15.0,322,15.0,0.0,4.0,0.6,0.7,0.3,1.6,9.0,".75 cup,  (1 NLEA serving)"
CEREALS RTE,"CEREALS RTE,KELLOGG,KELLOGG'S,RAISIN BRAN CRUNCH",84.9,0,12,7.599999905,354,6.1,37.70000076,5.3,0.7,0.8,0.38,1.9,53.0,"1 cup,  (1 NLEA serving)"
CEREALS RTE,"CEREALS RTE,KELLOGG,KELLOGG'S SPL K RED BERRIES",80.6,0,22,3.200000048,369,12.4,32.20000076,3.0,0.2,0.6,0.24,1.0,31.0,"1 cup,  (1 NLEA serving)"
CEREALS RTE,"CEREALS RTE,KELLOGG,KELLOGG'S SHREDDED WHEAT MINIATURES",80.0,0,0,13.0,339,11.0,2.0,5.0,0.3,1.4,0.4,2.1,30.0,"30 biscuits,  (1 NLEA serving)"
CEREALS RTE,"CEREALS RTE,KASHI GOLEAN CRUNCH! BY KELLOGG",67.9,0,47,15.19999981,377,17.5,24.60000038,4.0,3.23,2.1,0.47,5.8,53.0,"1 cup,  (1 NLEA serving)"
CEREALS RTE,"CEREALS RTE,KASHI HEART TO HEART,HONEY TSTD OAT",76.0,0,54,14.10000038,358,13.0,14.0,2.8,1.3,2.9,0.9,5.1,33.0,".75 cup,  (1 NLEA serving)"
CEREALS RTE,"CEREALS RTE,PUFFED KASHI BY KELLOGG",80.0,0,33,6.800000191,394,12.0,3.200000048,3.0,0.8,1.3,0.6,2.9,19.0,"1 cup,  (1 NLEA serving)"
CEREALS RTE,"CEREALS RTE,KASHI 7 WHL GRAIN HONEY PUFFS",82.5,0,30,6.699999809,381,10.0,23.0,3.0,0.558,0.866,0.359,3.3,30.0,"1 cup,  (1 NLEA serving)"
CEREALS RTE,"CEREALS RTE,KASHI GOOD FRIENDS BY KELLOGG",81.8,0,26,22.20000076,316,9.4,17.0,2.0,1.0,1.7,0.4,3.6,53.0,"1 cup,  (1 NLEA serving)"
CEREALS RTE,"CEREALS RTE,KASHI GOLEAN BY KELLOGG",58.0,0,64,19.60000038,284,26.1,12.0,2.2,0.4,1.1,0.4,1.9,52.0,"1 cup,  (1 NLEA serving)"
CEREALS RTE,"CEREALS RTE,QUAKER,MOTHER'S HONEY ROUNDUP",87.77,0,0,3.099999905,382,5.44,35.68000031,2.5,0.56,0.82,0.38,2.0,0.0,
CEREALS RTE,"CEREALS RTE,QUAKER,HONEY NUT OATS",84.53,0,0,4.300000191,385,6.04,38.63999939,2.5,1.44,0.95,0.63,3.65,0.0,
CEREALS RTE,"CEREALS RTE,QUAKER,HONEY CRISP CORN FLAKES",88.82,0,0,3.099999905,374,5.68,0.0,2.5,0.18,0.32,0.1,0.77,0.0,
CEREALS RTE,"CEREALS RTE,GENERAL MILLS,HARMONY",79.0,0,10,4.0,365,11.0,24.0,2.83,0.814,0.601,0.5,2.2,55.0,1.25 cup
CEREALS RTE,"CEREALS RTE,QUAKER,CRANBERRY MACADAMIA NUT CRL",76.98,0,0,6.0,408,6.64,28.72999954,4.26,6.54,0.84,1.65,9.82,60.0,1 cup
CEREALS RTE,"CEREALS RTE,QUAKER,FRUITY OCEAN ADVENTURE BAGGED CRL",87.24,0,0,3.0,394,4.86,43.11000061,2.5,0.84,0.81,0.9,3.84,0.0,
CEREALS,"CEREALS,QUAKER,QUICK OATS,DRY",68.18,0,0,9.399999619,371,13.7,1.419999957,9.37,1.98,2.3,1.11,6.87,40.0,.5 cup
CEREALS RTE,"CEREALS RTE,MALT-O-MEAL,APPL CINN TOASTY O'S",82.5,1,21,5.0,410,7.1,41.20000076,1.9,3.09,1.42,0.93,5.69,30.0,".75 cup,  (1 NLEA serving)"
CEREALS RTE,"CEREALS RTE,MALT-O-MEAL,FRSTD FLAKES",90.9,0,3,1.899999976,387,5.0,37.40000153,2.1,0.07,0.19,0.13,0.4,30.0,".75 cup,  (1 NLEA serving)"
CEREALS,"CEREALS,QUAKER,INST OATMEAL,CINNAMON-SPICE,DRY",76.97,0,0,6.599999905,370,8.59,33.70000076,6.56,1.67,1.38,0.87,4.67,46.0,1 packet
CERLS,"CERLS,QUKR,INST OTML,DNSR EGS W/ ""DNSR BNS"",BRN SGR CINN,DRY",75.85,0,0,5.599999905,389,7.67,39.0,6.04,1.52,1.21,3.501,7.47,50.0,1 packet
CEREALS,"CEREALS,QUAKER,INST OATMEAL,FRENCH VANILLA FLAVOR,DRY",75.73,0,0,6.800000191,369,9.05,29.59000015,6.88,1.77,1.47,0.89,4.93,43.0,1 packet
CEREALS,"CEREALS,QUAKER,INST OATMEAL,BKD APPL,DRY",77.09,0,0,7.300000191,363,7.99,34.79999924,6.28,1.52,1.27,0.754,4.39,40.0,1 packet
CEREALS,"CEREALS,QUAKER,INST OATMEAL EXPRESS,GOLDEN BROWN SUGAR,DRY",77.0,0,0,6.199999809,372,8.5,32.45000076,6.6,1.66,1.44,0.827,4.78,54.0,1 cup
CEREALS,"CEREALS,QUAKER,INST OATMEAL,TREASURE HUNT,DRY",76.93,0,0,5.699999809,369,7.72,36.16999817,7.06,1.57,1.24,1.151,4.76,47.0,1 packet
CEREALS,"CEREALS,QUAKER,INST OATMEAL,HONEY NUT,DRY",72.58,0,0,6.400000095,389,9.29,29.92000008,6.46,2.14,4.2,1.15,8.37,43.0,1 packet
CEREALS,"CEREALS,QUAKER,INST OATMEAL,BANANA BREAD,DRY",75.86,0,0,6.400000095,368,8.85,30.46999931,6.68,1.708,1.41,0.785,4.75,41.0,1 packet
CEREALS,"CEREALS,QUAKER,INST OATMEAL EXPRESS,BKD APPL,DRY",77.43,0,0,7.300000191,367,8.07,34.56999969,6.35,1.55,1.37,0.788,4.62,54.0,1 cup
CEREALS,"CEREALS,QUAKER,INST OATMEAL EXPRESS CINN ROLL,DRY",76.34,0,0,6.699999809,371,8.85,30.98999977,6.77,1.73,1.5,0.92,5.04,54.0,1 cup
CEREALS,"CEREALS,QUAKER,INST OATMEAL,NUTR FOR WOMEN,VANILLA CINN,DRY",72.03,0,0,6.300000191,363,11.71,29.44000053,6.47,1.63,1.41,0.799,4.65,45.0,1 packet
CEREALS,"CEREALS,QUAKER,INST OATMEAL,NUTR FOR WOMEN,GLDN BRWN SGR,DRY",71.65,0,0,6.099999905,363,11.6,27.95999908,6.52,1.63,1.39,0.808,4.72,46.0,1 packet
CEREALS,"CEREALS,QUAKER,INST OATMEAL,NUTR FOR WOMEN,APPL SPICE,DRY",74.01,0,0,6.900000095,360,10.57,34.0,5.99,1.41,1.26,0.698,4.18,47.0,1 packet
CEREALS,"CEREALS,QUAKER,INST OATMEAL,CINN SPICE,PREP W/ BOILING H2O",21.52,0,0,1.799999952,107,2.4,9.420000076,73.8,0.467,0.386,0.226,1.31,165.0,"1 packet, prepared"
CLS,"CLS,QKR,INSTOAT,DIN EGSW/ DINBNS,BRNSGRCINN,PRP W/ BOIL H2O",22.51,0,0,1.700000048,119,2.28,11.56999969,72.05,0.451,0.359,1.039,2.22,167.0,"1 packet, prepared"
CEREALS,"CEREALS,QUAKER,INST OATMEAL,FRENCH VANILLA,PREP W/ BOIL H2O",20.16,0,0,1.799999952,102,2.41,7.880000114,75.13,0.471,0.391,0.237,1.31,162.0,"1 packet, prepared"
CEREALS,"CEREALS,QUAKER,INST OATMEAL,BKD APPL,PREP W/ BOILING H2O",19.45,0,0,1.799999952,96,2.02,8.779999733,76.27,0.384,0.321,0.19,1.11,159.0,"1 packet, prepared"
CEREALS,"CEREALS,QUAKR,INST OATMEAL,TREASURE HUNT,PREP W/ BOILING H2O",21.85,0,0,1.600000024,108,2.19,10.27000046,73.53,0.446,0.352,0.327,1.35,166.0,"1 packet, prepared"
CEREALS,"CEREALS,QUAKER,INST OATMEAL,HONEY NUT,PREP W/ BOILING H2O",19.32,0,0,1.700000048,107,2.47,7.96999979,75.02,0.57,1.118,0.306,2.23,162.0,"1 packet, prepared"
CEREALS,"CEREALS,QUAKR,INST OATMEAL,EXPR BKD APPL,PREP W/ BOILING H2O",24.24,0,0,2.299999952,120,2.53,10.81999969,70.61,0.485,0.429,0.247,1.45,173.0,"1 packet, prepared"
CEREALS,"CEREALS,QUAKER,INST OATMEAL, CINN ROLL,PREP W/ BOILING H2O",23.9,0,0,2.099999905,121,2.77,9.699999809,70.75,0.542,0.47,0.267,1.58,173.0,"1 packet, prepared"
CRLS,"CRLS,QUAKR INST OTML,NUTR FOR WMN,VNLA CINN,PREP W/ BOIL H2O",19.82,0,0,1.700000048,104,3.22,8.100000381,74.19,0.449,0.388,0.22,1.28,0.0,
CEREALS,"CEREALS,QKR,INST OATMEAL,FOR WOMEN,BRSUGR,PREP W/H2O",20.04,0,0,1.700000048,105,3.24,7.820000172,73.79,0.456,0.389,0.226,1.32,165.0,"1 packet, prepared"
CERLS,"CERLS,QUKR,INST OATML,NUTR FOR WMN,APL SPCE,PREP W/ BOIL H2O",21.02,0,0,1.899999976,107,3.0,9.659999847,73.23,0.4,0.358,0.198,1.19,166.0,"1 packet, prepared"
CERLS,"CERLS,QUKR,INST OATML,EXPR,GLDN BRN SUGR,PREP W/ BOIL H2O",24.1,0,0,2.0,121,2.66,10.15999985,70.69,0.52,0.451,0.259,1.5,173.0,"1 packet, prepared"
CEREALS RTE,"CEREALS RTE,UNCLE SAM CRL",65.78,0,50,20.29999924,431,15.98,1.559999943,4.43,1.98,8.35,1.32,11.6,55.0,"1 cup,  (1 serving)"
CEREALS,"CEREALS,QUAKER,INST OATMEAL,RAISIN & SPICE,DRY",76.31,0,0,6.199999809,360,7.76,36.31000137,8.23,1.49,1.34,0.8,4.27,43.0,1 packet
CEREALS,"CEREALS,QUAKER,INST OATMEAL,RAISIN & SPICE,PREP",20.32,0,0,1.600000024,100,2.07,9.670000076,75.49,0.397,0.357,0.198,1.14,162.0,"1 packet, prepared"
CERLS,"CERLS,QUAKER,INST GRIT PRDCT W/ RDEYE GRVY&IMITN HAM BIT,DRY",76.62,0,0,4.599999905,346,9.93,0.0,7.13,0.52,0.73,0.25,1.75,28.0,1 packet
CEREALS,"CEREALS,QUAKER,MOTHER'S INST OATMEAL (NON-FORTIFIED),DRY",65.81,0,0,9.5,359,13.7,1.419999957,11.5,2.59,2.14,1.34,7.1,40.0,".25 cup,  (1 NLEA serving)"
CERLS,"CERLS,QUKR,INST GRIT PRDCT W/ IMITN BACN BIT&CHDR FLVR,DRY",72.49,0,0,4.699999809,363,10.29,2.269999981,6.96,2.53,1.43,1.2,5.35,28.0,1 packet
CEREALS,"CEREALS,QUAKER,INST GRITS PRODUCT W/ AMERICAN CHS FLAVOR,DRY",75.15,1,0,4.400000095,364,8.9,2.00999999,6.8,2.29,1.12,1.08,4.67,28.0,1 packet
CEREALS,"CEREALS,QUAKER,INST GRITS PRODUCT--HAM 'N' CHS",71.98,1,0,4.199999809,359,10.83,0.0,6.82,2.26,1.05,1.06,4.69,28.0,1 packet
CEREALS RTE,"CEREALS RTE,KELLOGG'S,FRUIT HARVEST APPL CINN",83.0,0,0,6.0,397,7.0,37.0,3.0,3.304,1.13,0.522,5.0,52.0,1 cup
CEREALS RTE,"CEREALS RTE,KELLOGG'S,FRUIT HARVEST PEACH/STRAWBERRY",87.0,0,13,5.0,368,7.0,30.0,3.0,0.3,0.6,0.3,1.2,30.0,.75 cup
CEREALS RTE,"CEREALS RTE,KELLOGG'S,FRUIT HARVEST STRAWBERRY/BLUEBERRY",87.0,0,13,4.599999905,368,6.0,34.0,3.0,0.3,0.6,0.3,1.2,29.0,".75 cup,  (1 NLEA serving)"
CEREALS RTE,"CEREALS RTE,KELLG'S,FRSTD MINI-WHTS,MPLE & BRWN SGR,BTE SZE",82.0,0,0,9.600000381,356,8.0,24.0,6.0,0.2,1.0,0.3,1.5,52.0,"24 biscuit,  (1 NLEA serving)"
CEREALS RTE,"CEREALS RTE,KELLOGG'S,TONY'S CINN KRUNCHERS",79.0,0,0,1.0,448,4.0,36.0,3.0,4.0,0.0,2.0,12.0,29.0,.75 cup
CEREALS RTE,"CEREALS RTE,KASHI,CINNA-RAISIN CRUNCH BY KELLOGG",82.0,0,0,15.10000038,330,7.9,25.0,5.0,1.0,1.4,0.4,2.8,50.0,1 cup
CEREALS RTE,"CEREALS RTE,KASHI,ORGANIC PROMISE AUTUMN WHEAT",83.0,0,0,11.19999981,353,9.7,13.39999962,3.9,0.4,1.3,0.4,2.1,54.0,"1 cup,  (1 NLEA serving)"
CEREALS RTE,"CEREALS RTE,KASHI ORGANIC PROMISE STRAWBERRY FIELDS",87.1,0,0,3.5,369,7.8,29.29999924,2.4,0.0,0.0,0.0,0.43,32.0,"1 cup,  (1 NLEA serving)"
CEREALS RTE,"CEREALS RTE,KASHI,SEVEN IN THE MORNING BY KELLOGG",81.0,0,32,11.69999981,356,12.0,5.0,3.0,0.6,1.6,0.6,2.8,50.0,.5 cup
CEREALS RTE,"CEREALS RTE,KELLOGG,SCOOBY-DOO! BERRY BONES",86.0,0,9,2.400000095,386,5.8,37.0,2.9,0.7,1.5,0.4,2.8,33.0,"1 cup,  (1 NLEA serving)"
CEREALS RTE,"CEREALS RTE,KASHI ORGANIC PROMISE CRANBERRY SUNSHINE",88.0,0,0,9.899999619,401,5.5,25.0,3.0,0.8,1.7,0.5,3.0,29.0,"1 cup,  (1 NLEA serving)"
CEREALS RTE,"CEREALS RTE,KELLOGG'S,RED SUGAR FROOT LOOPS",86.0,0,7,3.200000048,394,6.2,31.5,2.5,0.5,0.6,1.4,3.4,32.0,"1.25 cup,  (l NLEA serving)"
CEREALS RTE,"CEREALS RTE,KELLOGG'S,RED SUGAR FRSTD FLAKES CRL",90.2,0,3,1.100000024,377,5.3,27.0,3.0,0.03,0.09,0.05,0.17,31.0,"1 cup,  (1 NLEA serving)"
CEREALS RTE,"CEREALS RTE,KELLOGG'S,FRUIT HARVEST BANANA BERRY",85.0,0,0,5.5,396,5.4,29.0,3.0,0.5,0.7,4.7,5.9,30.0,".75 cup,  (1 NLEA serving)"
CEREALS RTE,"CEREALS RTE,KELLOGG'S,SPL K LO CARB LIFESTYLE PROT PLUS",47.8,0,54,17.0,349,33.7,6.699999809,3.0,2.3,5.4,2.0,9.7,29.0,".75 cup,  (1 NLEA serving)"
CEREALS RTE,"CEREALS RTE,KELLOGG'S,CORN FLAKES W/ REAL BANANAS",84.0,0,0,2.599999905,417,3.0,25.0,3.0,0.6,0.4,7.6,8.6,26.0,.75 cup
CEREALS RTE,"CEREALS RTE,MALT-O-MEAL,HONEY BUZZERS",87.6,1,0,2.900000095,395,6.3,37.40000153,1.88,0.55,0.65,0.65,2.14,29.0,1.333 cup
CEREALS RTE,"CEREALS RTE,MALT-O-MEAL,GOLDEN PUFFS",89.72,0,14,2.599999905,397,5.77,51.34000015,2.76,0.22,0.349,0.161,0.89,27.0,".75 cup,  (1 NLEA serving)"
CEREALS RTE,"CEREALS RTE,MALT-O-MEAL HONEY GRAHAM CRL",82.83,0,0,5.199999809,379,5.03,31.03000069,3.6,1.11,1.25,0.52,3.02,30.0,.75 cup
CEREALS RTE,"CEREALS RTE,MALT-O-MEAL,PUFFED WHEAT CRL",78.8,1,0,7.300000191,396,15.6,1.100000024,2.1,0.353,1.15,0.442,2.03,15.0,1 cup
CEREALS RTE,"CEREALS RTE,MALT-O-MEAL,RAISIN BRAN CRL",76.9,1,0,13.5,361,9.0,30.29999924,8.5,0.401,1.01,0.476,1.98,59.0,1 cup
CEREALS RTE,"CEREALS RTE,MALT-O-MEAL,BLUEBERRY MUFFIN TOPS CRL",80.0,0,0,4.800000191,443,4.9,35.40000153,1.1,4.49,4.63,1.84,11.5,30.0,.75 cup
CEREALS RTE,"CEREALS RTE,MALT-O-MEAL,FARINA HOT WHEAT CRL,DRY",74.3,1,0,3.900000095,362,13.3,0.699999988,9.7,0.151,0.759,0.306,1.28,35.0,3 tbsp
CEREALS RTE,"CEREALS RTE,MALT-O-MEAL,MAPLE & BRWN SGR HOT WHT CRL,DRY",84.5,1,0,3.099999905,377,8.0,35.59999847,5.9,0.096,0.428,0.19,0.75,45.0,.25 cup
CEREALS RTE,"CEREALS RTE,MALT-O-MEAL,HI FIBER BRAN FLAKES",80.8,1,0,14.89999962,388,10.6,19.5,2.5,0.464,1.36,0.588,2.51,29.0,.75 cup
CEREALS RTE,"CEREALS RTE,MALT-O-MEAL,HONEY NUT TOASTY O'S CRL",81.53,0,0,5.599999905,390,9.63,38.72999954,1.9,0.831,0.871,0.435,2.16,30.0,1 cup
CEREALS RTE,"CEREALS RTE,MALT-O-MEAL,PUFFED RICE CRL",90.2,1,0,1.0,401,7.8,0.800000012,0.6,0.255,0.377,0.297,0.97,15.0,1 cup
CEREALS RTE,"CEREALS RTE,MALT-O-MEAL,APPL ZINGS",87.3,1,0,2.799999952,395,5.4,42.90000153,2.2,1.26,0.835,0.447,2.66,33.0,1 cup
CEREALS RTE,"CEREALS RTE,MALT-O-MEAL,CINN TOASTERS",79.1,1,0,4.699999809,431,5.8,34.79999924,2.4,3.91,4.07,1.67,10.1,30.0,.75 cup
CEREALS RTE,"CEREALS RTE,MALT-O-MEAL,COCOA DYNO-BITES",89.4,1,0,1.200000048,402,4.1,45.20000076,1.5,0.256,0.211,2.43,3.06,29.0,.75 cup
CEREALS RTE,"CEREALS RTE,MALT-O-MEAL,CORN FLAKES",87.7,1,0,2.900000095,380,6.5,7.800000191,3.0,0.06,0.18,0.09,0.35,30.0,1 cup
CEREALS RTE,"CEREALS RTE,MALT-O-MEAL,FRSTD WHL WHEAT CRL",82.9,1,0,10.5,388,9.4,17.89999962,4.4,0.367,1.23,0.393,2.08,55.0,1 cup
CEREALS RTE,"CEREALS RTE,MALT-O-MEAL,FRUITY DYNO-BITES",90.1,1,0,1.0,404,3.9,42.59999847,1.2,2.12,0.258,0.64,3.15,27.0,.75 cup
CEREALS RTE,"CEREALS RTE,NATURE'S PATH,OPTIMUM",73.37,0,56,18.20000076,345,14.55,29.09000015,3.67,0.962,3.11,0.0,4.55,55.0,1 cup
CEREALS RTE,"CEREALS RTE,NATURE'S PATH,OPTIMUM SLIM",69.09,0,56,20.0,327,16.36,18.18000031,4.07,1.13,2.903,0.0,4.55,55.0,1 cup
CEREALS RTE,"CEREALS RTE,RALSTON ENR BRAN FLAKES",79.77,0,28,16.89999962,310,10.21,17.17000008,2.53,0.443,1.383,0.433,3.36,29.0,"1 serving,  (NLEA serving size = 0.75 cup)"
CEREALS RTE,"CEREALS RTE,RALSTON CORN BISCUITS",85.79,0,0,2.599999905,367,5.83,9.510000229,3.59,0.133,0.347,0.193,1.05,30.0,"1 serving,  (NLEA serving size = 1 cup)"
CEREALS RTE,"CEREALS RTE,RALSTON CORN FLAKES",88.01,0,2,2.700000048,357,5.9,7.840000153,3.31,0.107,0.293,0.227,0.91,28.0,"1 serving,  (NLEA serving size = 1 cup)"
CEREALS RTE,"CEREALS RTE,RALSTON CRISPY HEXAGONS",86.78,0,0,1.5,379,5.94,9.569999695,4.07,0.193,0.35,0.263,0.95,29.0,"1 serving,  (NLEA serving size = 1 cup)"
CEREALS RTE,"CEREALS RTE,USDA CMDTY CORN & RICE (INCLUDES ALL  BRANDS)",86.85,0,0,1.399999976,378,6.06,10.35000038,3.78,0.204,0.354,0.26,1.08,28.98,1 cup
CEREALS RTE,"CEREALS RTE,USDA CMDTY RICE CRISPS (INCLUDES ALL  BRANDS)",86.04,0,0,0.699999988,381,6.45,8.350000381,3.85,0.253,0.325,0.355,1.27,33.0,"1.25 serving,  (NLEA serving = 1.25 cup)"
No Category,MILK & CRL BAR,72.05,6,31,0.400000006,413,6.47,45.97000122,8.69,1.186,0.239,9.114,10.98,0.0,
CEREALS,"CEREALS,MALT-O-MEAL,PLN,PREP W/ H2O,WO/ SALT",8.72,0,0,0.5,42,1.36,0.129999995,89.51,0.02,0.086,0.035,0.15,267.9,"1 serving,  (3 T dry cereal plus 1 cup water)"
CEREALS,"CEREALS,MALT-O-MEAL,CHOC,PREP W/ H2O,WO/ SALT",9.22,0,0,0.5,44,1.22,2.809999943,89.15,0.031,0.061,0.054,0.15,267.9,"1 serving,  (3 T dry cereal plus 1 cup water)"
CEREALS RTE,"CEREALS RTE,GENERAL MILLS,CHOC LUCKY CHARMS",88.04,0,0,3.299999952,400,3.33,50.0,2.34,0.0,0.0,0.0,3.33,30.0,"1 cup,  (1 NLEA serving)"
CEREALS RTE,"CEREALS RTE,GENERAL MILLS,FRSTD CHEX",89.26,0,8,0.0,367,3.65,33.33000183,2.2,0.503,0.589,0.317,1.67,30.0,".75 cup,  (1 NLEA serving)"
CEREALS RTE,"CEREALS RTE,GENERAL MILLS,OATMEAL CRISP,TRIPLE BERRY",81.16,0,0,8.600000381,382,9.09,29.09000015,2.56,1.82,0.91,0.91,4.55,55.0,"1 cup,  (1 NLEA serving)"
CEREALS RTE,"CEREALS RTE,GENERAL MILLS,PNUT BUTTER COOKIE CRISP",76.01,0,0,3.299999952,433,6.67,43.33000183,2.75,3.33,1.67,1.67,11.67,30.0,".75 cup,  (1 NLEA serving)"
CEREALS RTE,"CEREALS RTE,GENERAL MILLS MILLS PNUT BUTTER TOAST CRUNCH",76.0,0,16,3.299999952,433,6.67,43.33000183,2.1,6.67,3.33,1.67,11.67,30.0,.75 cup
CEREALS RTE,"CEREALS RTE,KELLOGG,KELLOGG'S ALL-BRAN YOGURT BITES",78.8,0,0,18.0,342,11.0,13.0,2.32,0.6,1.4,3.0,5.24,56.0,"1.25 cup,  (1 NLEA serving)"
CEREALS RTE,"CEREALS RTE,KELLOGG,BERRY RICE KRISPIES",88.0,0,0,0.300000012,382,5.5,31.0,2.9,0.3,0.4,0.3,1.0,30.0,"1 cup,  (1 NLEA serving)"
CEREALS RTE,"CEREALS RTE,KELLOGG,KELLOGG'S CINN MINI SWIRLZ",83.0,0,0,3.400000095,406,5.7,11.0,1.8,2.6,1.9,1.1,6.9,30.0,"1 cup,  (1 NLEA serving)"
CEREALS RTE,"CEREALS RTE,KELLOGG,CRAN-VANILLA CRUNCH",86.0,0,0,4.699999809,373,6.0,33.0,3.5,0.2,0.7,1.3,2.2,55.0,"1.25 cup,  (1 NLEA serving)"
CEREALS RTE,"CEREALS RTE,KELLOGG,EGGO CRUNCH CRL,MAPLE FLAV",83.0,0,0,5.900000095,376,6.6,40.0,2.5,1.6,1.3,1.5,4.4,33.0,"1 cup,  (1 NLEA serving)"
CEREALS RTE,"CEREALS RTE,KELLOGG,FRSTD MINI-WHEATS BITE SIZE VANILLA",83.0,0,0,9.600000381,346,8.0,24.0,6.0,0.4,1.0,0.3,1.7,52.0,"24 biscuit,  (1 NLEA serving)"
CEREALS RTE,"CEREALS RTE,KELLOGG,MARSHMLLW FROOT LOOPS,RAINBOW BREEZE",89.0,0,0,1.5,390,4.0,53.0,2.5,0.3,0.8,1.3,2.4,30.0,"1 cup,  (1 NLEA serving)"
CEREALS RTE,"CEREALS RTE,KELLOGG,ROBOTS",86.0,0,0,2.799999952,388,6.0,38.0,3.0,1.5,0.8,0.5,3.0,29.0,"1 cup,  (1 NLEA serving)"
CEREALS RTE,"CEREALS RTE,KELLOGG,SMART START HEALTHY HEART,ORIGINAL",79.0,0,0,8.899999619,366,10.0,28.0,3.5,1.1,2.0,0.7,3.8,60.0,"1.25 cup,  (1 NLEA serving)"
CEREALS RTE,"CEREALS RTE,KELLOGG,SMART START HEALTHY HEART, BRN SUGAR",79.0,0,0,8.5,367,10.0,28.0,3.5,1.1,1.9,0.7,3.7,60.0,"1.25 cup,  (l NLEA serving)"
CEREALS RTE,"CEREALS RTE,KELLOGG,SMORZ",83.0,1,8,2.5,406,4.9,43.0,2.7,1.0,3.9,1.8,6.9,30.0,"1 cup,  (1 NLEA serving)"
CEREALS RTE,"CEREALS RTE,KELLOGG,SPL K,FRUIT & YOGURT",86.0,0,14,4.699999809,381,7.0,33.0,3.0,0.2,1.2,1.5,2.9,32.0,".75 cup,  (1 NLEA serving)"
CEREALS RTE,"CEREALS RTE,KELLOGG,SPONGEBOB SQUAREPANTS",87.0,0,0,2.0,395,5.0,42.0,2.75,1.6,0.4,0.8,3.6,30.0,"1 cup,  (1 NLEA serving)"
CEREALS RTE,"CEREALS RTE,KELLOGG,STAR WARS",84.0,0,0,5.300000191,375,6.0,43.0,2.9,1.8,1.1,0.4,3.3,29.0,"1 cup,  (1 NLEA serving)"
CEREALS RTE,"CEREALS RTE,KELLOGG,TIGER POWER",71.0,0,0,8.399999619,350,18.9,25.5,2.5,0.3,1.3,0.3,1.9,30.0,"1 cup,  (1 NLEA serving)"
CEREALS RTE,"CEREALS RTE,KELLOGG,TSTD HONEY CRUNCH",86.0,0,0,3.900000095,388,6.0,32.0,3.0,0.1,1.3,0.8,2.2,58.0,"1.25 cup,  (1 NLEA serving)"
CEREALS RTE,"CEREALS RTE,KELLOGG,MINI SWIRLZ FUDGE RIPPLE",84.0,0,0,3.099999905,391,6.0,41.0,2.5,1.8,0.9,1.0,4.6,30.0,"1 cup,  (1 NLEA serving)"
CEREALS RTE,"CEREALS RTE,KASHI 7 WHL GRAIN FLAKES BY KELLOGG",81.8,0,0,11.30000019,350,11.0,8.600000381,3.4,0.4,1.2,0.4,1.95,50.0,"1 cup,  (1 NLEA serving)"
CEREALS RTE,"CEREALS RTE,KASHI,HEART TO HEART,WILD BLUEBERRY",76.0,0,0,7.0,370,10.9,22.0,3.0,1.2,2.6,0.9,4.7,55.0,"1 cup,  (1 NLEA serving)"
CEREALS RTE,"CEREALS RTE,KASHI ORGANIC PROMISE CINN HARVEST",81.0,0,0,10.30000019,340,8.3,16.5,5.9,0.4,1.2,0.4,2.0,54.0,"1 cup,  (1 NLEA serving)"
CEREALS RTE,"CEREALS RTE,KASHI MIGHTY BITES,CINN CRL",70.0,0,0,9.0,356,17.0,16.0,2.8,1.6,1.5,0.8,3.9,33.0,"1 cup,  (1 NLEA serving)"
CEREALS RTE,"CEREALS RTE,KASHI MIGHTY BITES,HONEY CRUNCH CRL",69.0,0,0,9.0,353,17.0,17.0,2.8,1.6,1.6,0.8,4.0,33.0,"1 cup,  (1 NLEA serving)"
CEREALS RTE,"CEREALS RTE,KELLOGG,FRSTD MINI-WHEATS BITE SIZE STRAWBERRY",83.0,0,0,9.600000381,347,8.3,23.5,6.0,0.3,1.1,0.3,1.7,52.0,"24 biscuits,  (1 NLEA serving)"
CEREALS RTE,"CEREALS RTE,KELLOGG'S,SPL K VANILLA ALMOND",83.0,0,14,5.599999905,384,7.0,28.0,2.3,2.8,1.5,0.6,4.9,30.0,".75 cup,  (1 NLEA serving)"
CEREALS,"CEREALS,RTE,KRAFT,POST SELECTS CRANBERRY ALMOND CRUNCH",79.06,0,14,6.0,386,7.4,25.88999939,6.0,2.974,1.778,0.0,5.55,57.0,"1 cup,  (1 NLEA serving)"
CEREALS RTE,"CEREALS RTE,QUAKER,TSTD OATMEAL SUPREME CRL,STRAWBERRY MANGO",80.72,0,0,6.400000095,383,9.07,26.61000061,2.58,1.23,0.0,1.43,4.34,55.0,"1 cup,  (1 NLEA serving)"
No Category,RICE & WHEAT CRL BAR,72.73,0,22,1.799999952,409,9.09,31.79999924,7.5,6.567,2.049,0.0,9.09,22.0,1 bar
CEREALS RTE,"CEREALS RTE,QUAKER,PNUT BUTTER CHOCOLATEY CRUNCH CRL",79.4,0,0,2.900000095,415,7.37,32.52999878,2.5,2.65,2.18,3.38,8.65,27.0,".75 cup,  (1 NLEA serving)"
CEREALS RTE,"CEREALS RTE,QUAKER,QUAKER TSTD OATMEAL CRL",80.39,0,0,5.599999905,383,9.38,23.76000023,2.5,1.24,1.17,1.27,4.22,49.0,"1 cup,  (1 NLEA serving)"
CEREALS RTE,"CEREALS RTE,QUAKER,QUAKER HONEY GRAHAM LIFE CRL",78.56,0,0,6.300000191,373,9.33,23.12000084,4.3,1.4,1.34,0.77,4.14,32.0,".75 cup,  (1 NLEA serving)"
CEREALS RTE,"CEREALS RTE,QUAKER,CHRISTMAS CRUNCH",85.27,0,0,2.5,401,4.43,44.06999969,2.5,0.68,0.79,3.87,5.53,26.0,".75 cup,  (1 NLEA serving)"
CEREALS RTE,"CEREALS RTE,QUAKER,QUAKER LIFE VANILLA YOGURT CRUNCH CRL",77.59,0,0,6.400000095,382,9.5,22.09000015,3.98,1.56,1.39,1.92,5.58,55.0,"1.25 cup,  (1 NLEA serving)"
CEREALS RTE,"CEREALS RTE,QUAKER,SUPERMAN LIFE CRL",79.19,0,0,6.0,373,9.17,23.87999916,3.94,1.31,1.3,0.74,3.96,30.0,".75 cup,  (1 NLEA serving)"
CEREALS RTE,"CEREALS RTE,GENERAL MILLS,CHEERIOS,YOGURT BURST",81.75,0,23,6.699999809,400,6.67,33.33000183,2.23,1.667,1.667,1.667,5.23,30.0,".75 cup,  (1 NLEA serving)"
CEREALS RTE,"CEREALS RTE,ROLLED OATS,WHL WHEAT,RICE,MAPLE FLAV,W/ PECANS",76.9,0,24,6.0,422,8.3,24.5,2.6,4.0,2.2,3.5,10.5,52.0,"1 serving,  (1 NLEA serving)"
CEREAL WAFER STRAWS,"CEREAL WAFER STRAWS,KELLOGG,APPL JACKS CRL STRAWS",78.4,10,0,0.0,439,5.7,40.0,2.0,3.2,2.4,5.8,11.4,31.0,"3 straws,  (1 NLEA serving)"
CEREAL WAFER STRAWS,"CEREAL WAFER STRAWS,KELLOGG,FROOT LOOPS CRL STRAWS",78.4,0,0,0.0,438,5.4,38.59999847,2.0,3.3,2.16,5.9,11.4,31.0,"3 straws,  (1 NLEA serving)"
CEREALS RTE,"CEREALS RTE,KELLOGG'S MINI-WHEATS FRSTD STRAWBERRY DELIGHT",83.0,0,0,9.600000381,347,8.3,23.5,6.0,0.3,1.1,0.3,1.7,52.0,"24 biscuit,  (1 NLEA serving)"
CEREALS RTE,"CEREALS RTE,KELLOGG,MINI SWIRLZ PNUT BUTTER CRL",75.0,0,0,3.900000095,437,8.0,38.0,2.5,5.8,3.5,2.8,13.0,30.0,"1 cup,  (1 NLEA serving)"
CEREAL WAFER STRAWS,"CEREAL WAFER STRAWS,KELLOGG,COCOA KRISPIES CRL STRAWS",77.2,0,0,1.5,439,5.9,39.0,2.0,3.4,2.07,6.3,11.8,31.0,"3 straws,  (1 NLEA serving)"
CEREALS RTE,"CEREALS RTE,KASHI GO LN CRUNCH!,HONEY ALMOND FLAX",67.0,0,0,16.20000076,381,16.6,23.0,3.5,4.1,3.5,0.7,8.3,53.0,"1 cup,  (1 NLEA serving)"
CEREALS,"CEREALS,KASHI GO LN HOT CRL,HEARTY HONEY & CINN,DRY",63.0,1,0,19.39999962,362,22.0,15.0,5.0,1.5,3.0,1.0,5.5,40.0,"1 packet,  (1 NLEA serving)"
CEREALS,"CEREALS,KASHI,KASHI GO LN HOT CRL,TRULY VANILLA,DRY",65.0,0,0,12.80000019,362,19.0,18.0,5.0,1.8,2.8,0.7,5.3,40.0,"1 packet,  (1 NLEA serving)"
CEREALS RTE,"CEREALS RTE,KASHI GRANOLA,COCOA BEACH CRL",61.0,0,0,12.69999981,410,11.0,19.79999924,4.0,8.1,5.4,3.2,16.7,55.0,".5 cup,  (1 NLEA serving)"
CEREALS RTE,"CEREALS RTE,KASHI GRANOLA,ORCHARD SPICE CRL",67.0,0,0,11.39999962,403,11.0,20.0,3.0,6.99,4.7,1.7,13.4,55.0,".5 cup,  (1 NLEA serving)"
CEREALS RTE,"CEREALS RTE,KASHI GRANOLA,SMMR BERRY CRL",66.6,0,0,12.39999962,390,12.0,17.0,4.0,5.5,4.5,1.6,11.6,55.0,".5 cup,  (1 NLEA serving)"
CEREALS RTE,"CEREALS RTE,KASHI GRANOLA,MOUNTAIN MEDLEY CRL",66.5,0,0,11.5,397,11.0,22.0,3.0,7.2,3.7,2.1,13.0,55.0,".5 cup,  (1 NLEA serving)"
CEREALS RTE,"CEREALS RTE,KASHI 7 WHL GRAIN NUGGETS",81.0,0,0,11.69999981,356,11.8,5.0,3.0,0.6,1.6,0.6,2.8,58.0,".5 cup,  (1 NLEA serving)"
CEREALS,"CEREALS,KASHI HEART TO HEART,INST OATMEAL,APPL CINN,DRY",78.0,0,0,11.39999962,374,10.7,28.0,5.3,1.7,2.2,1.0,4.9,43.0,"1 packet,  (1 NLEA serving)"
CEREALS,"CEREALS,KASHI HEART TO HEART,INST OATMEAL,MAPLE,DRY",77.0,0,0,11.60000038,376,10.9,27.0,5.4,1.8,2.2,1.0,5.0,43.0,"1 packet,  (1 NLEA serving)"
CEREALS,"CEREALS,KASHI HEART TO HEART,INST OATMEAL,RAISIN SPICE,DRY",77.0,0,0,10.10000038,354,8.1,38.0,7.5,1.3,1.6,1.0,3.9,43.0,"1 packet,  (1 NLEA serving)"
ACEROLA,"ACEROLA,(WEST INDIAN CHERRY),RAW",7.69,0,0,1.100000024,32,0.4,0.0,91.41,0.082,0.09,0.068,0.3,98.0,1 cup
ACEROLA JUICE,"ACEROLA JUICE,RAW",4.8,0,0,0.300000012,23,0.4,4.5,94.3,0.082,0.09,0.068,0.3,242.0,1 cup
APPLES,"APPLES,RAW,WITH SKIN",13.81,0,3,2.400000095,52,0.26,10.39000034,85.56,0.007,0.051,0.028,0.17,125.0,"1 cup, quartered or chopped"
APPLES,"APPLES,RAW,WITHOUT SKIN",12.76,0,3,1.299999952,48,0.27,10.10000038,86.67,0.005,0.037,0.021,0.13,110.0,"1 cup, slices"
APPLES,"APPLES,RAW,WO/SKN,CKD,BLD",13.64,0,3,2.400000095,53,0.26,11.01000023,85.47,0.014,0.104,0.058,0.36,171.0,"1 cup, slices"
APPLES,"APPLES,RAW,WO/ SKN,CKD,MICROWAVE",14.41,0,3,2.799999952,56,0.28,11.60999966,84.63,0.017,0.122,0.068,0.42,170.0,"1 cup, slices"
APPLES,"APPLES,CND,SWTND,SLICED,DRND,UNHTD",16.7,0,3,1.700000048,67,0.18,15.0,82.36,0.02,0.144,0.08,0.49,204.0,"1 cup, slices"
APPLES,"APPLES,CND,SWTND,SLICED,DRND,HTD",16.84,0,3,2.0,67,0.18,14.84000015,82.28,0.017,0.126,0.07,0.43,204.0,"1 cup, slices"
APPLES,"APPLES,DEHYD (LO MOIST),SULFURED,UNCKD",93.53,0,23,12.39999962,346,1.32,81.12999725,3.0,0.024,0.171,0.095,0.58,60.0,1 cup
APPLES,"APPLES,DEHYD (LO MOIST),SULFURED,STWD",19.91,0,0,2.599999905,74,0.28,0.0,79.36,0.005,0.036,0.02,0.12,193.0,1 cup
APPLES,"APPLES,DRIED,SULFURED,UNCKD",65.89,0,18,8.699999809,243,0.93,57.18999863,31.76,0.013,0.093,0.052,0.32,86.0,1 cup
APPLES,"APPLES,DRIED,SULFURED,STWD,WO/ SUGAR",15.32,0,4,2.0,57,0.22,13.31999969,84.13,0.003,0.022,0.012,0.07,255.0,1 cup
APPLES,"APPLES,DRIED,SULFURED,STWD,W/ SUGAR",20.73,0,0,1.899999976,83,0.2,0.0,78.76,0.003,0.02,0.011,0.07,280.0,1 cup
APPLES,"APPLES,FRZ,UNSWTND,UNHTD",12.31,0,0,1.899999976,48,0.28,0.0,86.85,0.013,0.095,0.053,0.32,173.0,"1 cup, slices"
APPLES,"APPLES,FRZ,UNSWTND,HTD",12.0,0,0,1.899999976,47,0.29,0.0,87.16,0.013,0.095,0.053,0.33,206.0,"1 cup, slices"
APPLE JUC,"APPLE JUC,CND OR BTLD,UNSWTND,WO/ ADDED VIT C",11.3,0,2,0.200000003,46,0.1,9.619999886,88.24,0.006,0.039,0.022,0.13,248.0,1 cup
APPLE JUC,"APPLE JUC,FRZ CONC,UNSWTND,UNDIL,WO/ VIT C",41.0,0,6,0.400000006,166,0.51,38.83000183,57.0,0.015,0.108,0.06,0.37,211.0,"1 can,  (6 fl oz)"
APPLE JUC,"APPLE JUC,FRZ CONC,UNSWTND,DIL W/3 VOLUME H2O WO/ VIT C",11.54,0,2,0.100000001,47,0.14,10.93000031,87.9,0.002,0.031,0.018,0.1,239.0,1 cup
APPLESAUCE,"APPLESAUCE,CND,UNSWTND,WO/ADDED VIT C (INCLUDES USDA COMMOD)",11.27,0,2,1.100000024,42,0.17,9.390000343,88.22,0.002,0.014,0.008,0.1,243.79,1 cup
APPLESAUCE,"APPLESAUCE,CND,SWTND,WO/ SALT (INCLUDES USDA COMMODITY)",17.49,0,3,1.200000048,68,0.16,14.67000008,81.98,0.007,0.054,0.03,0.17,245.5,1 cup
APRICOTS,"APRICOTS,RAW",11.12,0,3,2.0,48,1.4,9.239999771,86.35,0.17,0.077,0.027,0.39,155.0,"1 cup,  halves"
APRICOTS,"APRICOTS,CND,H2O PK,W/SKN,SOL&LIQUIDS",6.39,0,2,1.600000024,27,0.71,4.789999962,92.36,0.069,0.031,0.011,0.16,243.0,"1 cup,  halves"
APRICOTS,"APRICOTS,CND,H2O PK,WO/SKN,SOL&LIQUIDS",5.48,0,0,1.100000024,22,0.69,0.0,93.43,0.013,0.006,0.002,0.03,227.0,"1 cup, whole, without pits"
APRICOTS,"APRICOTS,CND,JUC PK,W/SKN,SOL&LIQUIDS",12.34,0,2,1.600000024,48,0.63,10.73999977,86.62,0.017,0.007,0.003,0.04,244.0,"1 cup,  halves"
APRICOTS,"APRICOTS,CND,EX LT SYRUP PK,W/SKN,SOL&LIQUIDS",12.5,0,0,1.600000024,49,0.6,0.0,86.3,0.043,0.02,0.007,0.1,247.0,"1 cup,  halves"
APRICOTS,"APRICOTS,CND,LT SYRUP PK,W/SKN,SOL&LIQUIDS",16.49,0,2,1.600000024,63,0.53,14.89000034,82.56,0.021,0.01,0.003,0.05,253.0,"1 cup,  halves"
APRICOTS,"APRICOTS,CND,HVY SYRUP PK,W/SKN,SOL&LIQUIDS",21.47,0,2,1.600000024,83,0.53,19.87000084,77.56,0.033,0.015,0.005,0.08,258.0,"1 cup,  halves"
APRICOTS,"APRICOTS,CND,HVY SYRUP PK,WO/SKN,SOL&LIQUIDS",21.45,0,0,1.600000024,83,0.51,0.0,77.66,0.037,0.017,0.006,0.09,258.0,"1 cup, whole, without pits"
APRICOTS,"APRICOTS,CND,EX HVY SYRUP PK,WO/SKN,SOL&LIQUIDS",24.85,0,0,1.600000024,96,0.55,0.0,74.33,0.017,0.008,0.003,0.04,246.0,"1 cup, whole, without pits"
APRICOTS,"APRICOTS,DEHYD (LOW-MOISTURE),SULFURED,UNCKD",82.89,0,0,0.0,320,4.9,0.0,7.5,0.268,0.121,0.043,0.62,119.0,1 cup
APRICOTS,"APRICOTS,DEHYD (LOW-MOISTURE),SULFURED,STWD",32.62,0,0,0.0,126,1.93,0.0,63.6,0.105,0.047,0.017,0.24,249.0,1 cup
APRICOTS,"APRICOTS,DRIED,SULFURED,UNCKD",62.64,0,14,7.300000191,241,3.39,53.43999863,30.89,0.074,0.074,0.017,0.51,130.0,"1 cup,  halves"
APRICOTS,"APRICOTS,DRIED,SULFURED,STWD,WO/ SUGAR",22.15,0,5,2.599999905,85,1.2,19.56999969,75.56,0.026,0.026,0.006,0.18,250.0,"1 cup,  halves"
APRICOTS,"APRICOTS,DRIED,SULFURED,STWD,W/ SUGAR",29.26,0,0,4.099999905,113,1.17,0.0,68.45,0.064,0.029,0.01,0.15,270.0,"1 cup,  halves"
APRICOTS,"APRICOTS,FROZEN,SWEETENED",25.1,0,0,2.200000048,98,0.7,0.0,73.3,0.044,0.02,0.007,0.1,242.0,1 cup
APRICOT NECTAR,"APRICOT NECTAR,CND,WO/ VIT C",14.39,0,1,0.600000024,56,0.37,13.78999996,84.87,0.038,0.017,0.006,0.09,251.0,1 cup
AVOCADOS,"AVOCADOS,RAW,ALL COMM VAR",8.53,0,14,6.699999809,160,2.0,0.660000026,73.23,9.799,1.816,2.126,14.66,150.0,"1 cup, cubes"
AVOCADOS,"AVOCADOS,RAW,CALIFORNIA",8.64,0,14,6.800000191,167,1.96,0.300000012,72.33,9.799,1.816,2.126,15.41,230.0,"1 cup, pureed"
AVOCADOS,"AVOCADOS,RAW,FLORIDA",7.82,0,0,5.599999905,120,2.23,2.420000076,78.81,5.513,1.676,1.96,10.06,230.0,"1 cup, pureed"
BANANAS,"BANANAS,RAW",22.84,0,10,2.599999905,89,1.09,12.22999954,74.91,0.032,0.073,0.112,0.33,225.0,"1 cup, mashed"
BANANAS,"BANANAS,DEHYD,OR BANANA PDR",88.28,0,20,9.899999619,346,3.89,47.29999924,3.0,0.153,0.337,0.698,1.81,100.0,1 cup
BLACKBERRIES,"BLACKBERRIES,RAW",9.61,0,8,5.300000191,43,1.39,4.880000114,88.15,0.047,0.28,0.014,0.49,144.0,1 cup
BLACKBERRY JUC,"BLACKBERRY JUC,CND",7.8,0,7,0.100000001,38,0.3,7.699999809,90.9,0.058,0.344,0.018,0.6,250.0,1 cup
BLACKBERRIES,"BLACKBERRIES,CND,HVY SYRUP,SOL&LIQUIDS",23.1,0,6,3.400000095,92,1.31,19.70000076,75.06,0.014,0.08,0.005,0.14,256.0,1 cup
BLACKBERRIES,"BLACKBERRIES,FRZ,UNSWTND",15.67,0,8,5.0,64,1.18,10.67000008,82.21,0.041,0.245,0.015,0.43,151.0,"1 cup, unthawed"
BLUEBERRIES,"BLUEBERRIES,RAW",14.49,0,6,2.400000095,57,0.74,9.960000038,84.21,0.047,0.146,0.028,0.33,147.72,1 cup
BLUEBERRIES,"BLUEBERRIES,CND,HVY SYRUP,SOL&LIQUIDS",22.06,0,4,1.600000024,88,0.65,20.45999908,76.78,0.047,0.144,0.027,0.33,256.0,1 cup
BLUEBERRIES,"BLUEBERRIES,WILD,FRZ",13.85,0,0,4.400000095,51,0.0,0.0,85.8,0.02,0.09,0.03,0.16,140.0,"1 cup, frozen"
BLUEBERRIES,"BLUEBERRIES,FRZ,UNSWTND",12.17,0,5,2.700000048,51,0.42,8.449999809,86.59,0.091,0.279,0.053,0.64,155.0,"1 cup, unthawed"
BLUEBERRIES,"BLUEBERRIES,FRZ,SWTND",21.95,0,6,2.200000048,81,0.4,19.71999931,77.4,0.018,0.057,0.011,0.13,230.0,"1 cup, thawed"
BOYSENBERRIES,"BOYSENBERRIES,CND,HVY SYRUP",22.31,0,0,2.599999905,88,0.99,0.0,76.26,0.012,0.068,0.004,0.12,256.0,1 cup
BOYSENBERRIES,"BOYSENBERRIES,FRZ,UNSWTND",12.19,0,10,5.300000191,50,1.1,6.889999866,85.9,0.025,0.148,0.009,0.26,132.0,"1 cup, unthawed"
BREADFRUIT,"BREADFRUIT,RAW",27.12,0,10,4.900000095,103,1.07,11.0,70.65,0.034,0.066,0.048,0.23,220.0,1 cup
CARAMBOLA,"CARAMBOLA,(STARFRUIT),RAW",6.73,0,8,2.799999952,31,1.04,3.980000019,91.38,0.03,0.184,0.019,0.33,132.07,"1 cup, cubes"
CARISSA,"CARISSA,(NATAL-PLUM),RAW",13.63,0,0,0.0,62,0.5,0.0,84.17,0.0,0.0,0.0,1.3,150.0,"1 cup, slices"
CHERIMOYA,"CHERIMOYA,RAW",17.7,0,0,2.299999952,74,1.65,0.0,79.39,0.0,0.0,0.0,0.62,312.11,"1 fruit, without skin and seeds"
CHERRIES,"CHERRIES,SOUR,RED,RAW",12.18,0,6,1.600000024,50,1.0,8.489999771,86.13,0.082,0.09,0.068,0.3,155.0,"1 cup, without pits"
CHERRIES,"CHERRIES,SOUR,RED,CND,H2O PK,SOL&LIQUIDS (INCL USDA CMDTY)",8.94,0,4,1.100000024,36,0.77,7.599999905,89.93,0.027,0.03,0.023,0.1,244.0,1 cup
CHERRIES,"CHERRIES,SOUR,RED,CND,LT SYRUP PK,SOL&LIQUIDS",19.3,0,0,0.800000012,75,0.74,0.0,79.62,0.026,0.029,0.022,0.1,252.0,1 cup
CHERRIES,"CHERRIES,SOUR,RED,CND,HVY SYRUP PK,SOL&LIQUIDS",23.27,0,4,1.100000024,91,0.73,22.17000008,75.66,0.026,0.029,0.021,0.1,256.0,1 cup
CHERRIES,"CHERRIES,SOUR,RED,CND,EX HVY SYRUP PK,SOL&LIQUIDS",29.23,0,0,0.800000012,114,0.71,0.0,69.73,0.025,0.028,0.021,0.09,261.0,1 cup
CHERRIES,"CHERRIES,SOUR,RED,FRZ,UNSWTND",11.02,0,6,1.600000024,46,0.92,9.020000458,87.2,0.12,0.132,0.1,0.44,155.0,"1 cup, unthawed"
CHERRIES,"CHERRIES,SWEET,RAW",16.01,0,6,2.099999905,63,1.06,12.81999969,82.25,0.047,0.052,0.038,0.2,137.73,"1 cup, with pits yields"
CHERRIES,"CHERRIES,SWT,CND,H2O PK,SOL&LIQUIDS",11.76,0,4,1.5,46,0.77,10.26000023,87.05,0.034,0.038,0.028,0.13,248.0,"1 cup,  pitted"
CHERRIES,"CHERRIES,SWT,CND,JUC PK,SOL&LIQUIDS",13.81,0,5,1.5,54,0.91,12.31000042,84.95,0.005,0.006,0.004,0.02,250.0,"1 cup, pitted"
CHERRIES,"CHERRIES,SWT,CND,LT SYRUP PK,SOL&LIQUIDS",17.29,0,4,1.5,67,0.61,15.78999996,81.56,0.042,0.046,0.034,0.15,252.0,"1 cup, pitted"
CHERRIES,"CHERRIES,SWT,CND,PITTED,HVY SYRUP PK,SOL & LIQUIDS",21.27,0,4,1.399999976,83,0.6,16.18000031,77.61,0.041,0.045,0.034,0.15,253.0,1 cup
CHERRIES,"CHERRIES,SWT,CND,EX HVY SYRUP PK,SOL&LIQUIDS",26.23,0,0,1.5,102,0.59,0.0,72.66,0.04,0.045,0.033,0.15,261.0,"1 cup,  pitted"
CHERRIES,"CHERRIES,SWT,FRZ,SWTND",22.36,0,6,2.099999905,89,1.15,20.26000023,75.53,0.036,0.04,0.03,0.13,259.0,"1 cup, thawed"
CRABAPPLES,"CRABAPPLES,RAW",19.95,0,0,0.0,76,0.4,0.0,78.94,0.012,0.088,0.048,0.3,110.0,"1 cup, slices"
CRANBERRIES,"CRANBERRIES,RAW",12.2,0,6,4.599999905,46,0.39,4.039999962,87.13,0.018,0.055,0.011,0.13,110.0,"1 cup, chopped"
CRANBERRIES,"CRANBERRIES,DRIED,SWTND",82.36,0,4,5.699999809,308,0.07,65.0,16.0,0.198,0.658,0.103,1.37,40.0,.33 cup
CRANBERRY SAU,"CRANBERRY SAU,CND,SWTND",38.9,0,4,1.0,151,0.2,37.90000153,60.65,0.021,0.066,0.013,0.15,277.0,1 cup
CRANBERRY-ORANGE RELISH,"CRANBERRY-ORANGE RELISH,CND",46.2,0,0,0.0,178,0.3,0.0,53.2,0.0,0.0,0.012,0.1,275.0,1 cup
CURRANTS,"CURRANTS,EUROPEAN BLACK,RAW",15.38,0,0,0.0,63,1.4,0.0,81.96,0.058,0.179,0.034,0.41,112.0,1 cup
CURRANTS,"CURRANTS,RED&WHITE,RAW",13.8,0,8,4.300000191,56,1.4,7.369999886,83.95,0.028,0.088,0.017,0.2,112.0,1 cup
CURRANTS,"CURRANTS,ZANTE,DRIED",74.08,0,11,6.800000191,283,4.08,67.27999878,19.21,0.047,0.18,0.028,0.27,144.0,1 cup
CUSTARD-APPLE,"CUSTARD-APPLE,(BULLOCK'S-HEART),RAW",25.2,0,0,2.400000095,101,1.7,0.0,71.5,0.0,0.0,0.231,0.6,0.0,
DATES,"DATES,DEGLET NOOR",75.03,0,6,8.0,282,2.45,63.34999847,20.53,0.036,0.019,0.032,0.39,147.09,"1 cup, chopped"
ELDERBERRIES,"ELDERBERRIES,RAW",18.4,0,0,7.0,73,0.66,0.0,79.8,0.08,0.247,0.023,0.5,145.0,1 cup
FIGS,"FIGS,RAW",19.18,0,5,2.900000095,74,0.75,16.26000023,79.11,0.066,0.144,0.06,0.3,64.0,"1 large,  (2-1/2"" dia)"
FIGS,"FIGS,CND,H2O PK,SOL&LIQUIDS",13.99,0,3,2.200000048,53,0.4,11.78999996,85.21,0.022,0.048,0.02,0.1,248.0,1 cup
FIGS,"FIGS,CND,LT SYRUP PK,SOL&LIQUIDS",17.95,0,4,1.799999952,69,0.39,16.14999962,81.26,0.022,0.048,0.02,0.1,252.0,1 cup
FIGS,"FIGS,CND,HVY SYRUP PK,SOL&LIQUIDS",22.9,0,5,2.200000048,88,0.38,20.70000076,76.33,0.022,0.048,0.02,0.1,259.0,1 cup
FIGS,"FIGS,CND,EX HVY SYRUP PK,SOL&LIQUIDS",27.86,0,0,0.0,107,0.38,0.0,71.39,0.022,0.047,0.02,0.1,261.0,1 cup
FIGS,"FIGS,DRIED,UNCOOKED",63.87,0,16,9.800000191,249,3.3,47.91999817,30.05,0.159,0.345,0.144,0.93,149.07,1 cup
FIGS,"FIGS,DRIED,STEWED",27.57,0,7,4.199999809,107,1.42,23.35000038,69.8,0.068,0.149,0.062,0.4,259.0,1 cup
FRUIT COCKTAIL,"FRUIT COCKTAIL,CND,H2O PK,SOL&LIQUIDS",8.51,0,4,1.0,32,0.42,7.510000229,90.76,0.009,0.02,0.006,0.05,237.0,1 cup
FRUIT COCKTAIL,"FRUIT COCKTAIL,CND,JUC PK,SOL&LIQUIDS",11.86,0,4,1.0,46,0.46,10.85999966,87.44,0.002,0.004,0.001,0.01,237.0,1 cup
FRUIT COCKTAIL,"FRUIT COCKTAIL,CND,EX LT SYRUP,SOL&LIQUIDS",11.63,0,0,1.100000024,45,0.4,0.0,87.7,0.014,0.031,0.01,0.07,123.0,.5 cup
FRUIT COCKTAIL,"FRUIT COCKTAIL,CND,LT SYRUP,SOL&LIQUIDS",14.93,0,4,1.0,57,0.4,13.93000031,84.37,0.014,0.031,0.01,0.07,242.0,1 cup
FRUIT COCKTAIL,"FRUIT COCKTAIL,CND,HVY SYRUP,SOL&LIQUIDS",18.91,0,4,1.0,73,0.39,17.90999985,80.4,0.013,0.031,0.01,0.07,248.0,1 cup
FRUIT COCKTAIL,"FRUIT COCKTAIL,CND,EX HVY SYRUP,SOL&LIQUIDS",22.89,0,0,1.100000024,88,0.39,0.0,76.43,0.013,0.03,0.01,0.07,260.0,1 cup
FRUIT SALAD,"FRUIT SALAD,CND,H2O PK,SOL&LIQUIDS",7.87,0,0,1.0,30,0.35,0.0,91.5,0.013,0.028,0.009,0.07,245.0,1 cup
FRUIT SALAD,"FRUIT SALAD,CND,JUC PK,SOL&LIQUIDS",13.05,0,0,1.0,50,0.51,0.0,86.15,0.005,0.011,0.004,0.03,249.0,1 cup
FRUIT SALAD,"FRUIT SALAD,CND,LT SYRUP,SOL&LIQUIDS",15.14,0,0,1.0,58,0.34,0.0,84.24,0.012,0.028,0.009,0.07,252.0,1 cup
FRUIT SALAD,"FRUIT SALAD,CND,HVY SYRUP,SOL&LIQUIDS",19.11,0,4,1.0,73,0.34,18.11000061,80.26,0.014,0.031,0.01,0.07,255.0,1 cup
FRUIT SALAD,"FRUIT SALAD,CND,EX HVY SYRUP,SOL&LIQUIDS",22.77,0,0,1.0,88,0.33,0.0,76.64,0.012,0.027,0.009,0.06,259.0,1 cup
GOOSEBERRIES,"GOOSEBERRIES,RAW",10.18,0,0,4.300000191,44,0.88,0.0,87.87,0.051,0.317,0.038,0.58,150.0,1 cup
GOOSEBERRIES,"GOOSEBERRIES,CND,LT SYRUP PK,SOL&LIQUIDS",18.75,0,0,2.400000095,73,0.65,0.0,80.1,0.018,0.11,0.013,0.2,252.0,1 cup
GRAPEFRUIT,"GRAPEFRUIT,RAW,PINK&RED&WHITE,ALL AREAS",8.08,0,8,1.100000024,32,0.63,6.980000019,90.89,0.013,0.024,0.014,0.1,230.0,"1 cup, sections with juice"
GRAPEFRUIT,"GRAPEFRUIT,RAW,PINK&RED,ALL AREAS",10.66,0,8,1.600000024,42,0.77,6.889999866,88.06,0.02,0.036,0.021,0.14,230.0,"1 cup, sections with juice"
GRAPEFRUIT,"GRAPEFRUIT,RAW,PINK&RED,CALIFORNIA&ARIZONA",9.69,0,0,0.0,37,0.5,0.0,89.31,0.013,0.024,0.014,0.1,230.0,"1 cup, sections with juice"
GRAPEFRUIT,"GRAPEFRUIT,RAW,PINK & RED,FLORIDA",7.5,0,0,1.100000024,30,0.55,0.0,91.56,0.013,0.024,0.014,0.1,230.0,"1 cup, sections with juice"
GRAPEFRUIT,"GRAPEFRUIT,RAW,WHITE,ALL AREAS",8.41,0,8,1.100000024,33,0.69,7.309999943,90.48,0.013,0.024,0.014,0.1,230.0,"1 cup, sections with juice"
GRAPEFRUIT,"GRAPEFRUIT,RAW,WHITE,CALIFORNIA",9.09,0,0,0.0,37,0.88,0.0,89.58,0.013,0.024,0.014,0.1,230.0,"1 cup, sections with juice"
GRAPEFRUIT,"GRAPEFRUIT,RAW,WHITE,FLORIDA",8.19,0,0,0.0,32,0.63,0.0,90.76,0.013,0.024,0.014,0.1,230.0,"1 cup, sections with juice"
GRAPEFRUIT,"GRAPEFRUIT,SECTIONS,CND,H2O PK,SOL&LIQUIDS",9.15,0,5,0.400000006,36,0.58,8.75,89.85,0.014,0.024,0.014,0.1,244.0,1 cup
GRAPEFRUIT,"GRAPEFRUIT,SECTIONS,CND,JUC PK,SOL&LIQUIDS",9.21,0,5,0.400000006,37,0.7,8.800000191,89.67,0.012,0.021,0.012,0.09,249.0,1 cup
GRAPEFRUIT,"GRAPEFRUIT,SECTIONS,CND,LT SYRUP PK,SOL&LIQUIDS",15.44,0,5,0.400000006,60,0.56,15.03999996,83.59,0.013,0.024,0.014,0.1,254.0,1 cup
GRAPEFRUIT JUC,"GRAPEFRUIT JUC,WHITE,CND,UNSWTND",8.96,0,8,0.100000001,38,0.52,8.859999657,90.1,0.013,0.023,0.013,0.1,247.0,1 cup
GRAPEFRUIT JUC,"GRAPEFRUIT JUC,WHITE,CND,SWTND",11.13,0,0,0.100000001,46,0.58,11.02999973,87.38,0.012,0.021,0.012,0.09,250.0,1 cup
GRAPEFRUIT JUC,"GRAPEFRUIT JUC,WHITE,FRZ CONC,UNSWTND,UNDIL",34.56,0,24,0.400000006,146,1.97,34.15999985,62.0,0.063,0.113,0.064,0.48,207.0,"1 can,  (6 fl oz)"
GRAPEFRUIT JUC,"GRAPEFRUIT JUC,WHITE,FRZ CONC,UNSWTND,DIL W/ 3 VOLUME H2O",9.73,0,8,0.100000001,41,0.55,9.630000114,89.3,0.018,0.032,0.019,0.13,247.0,1 cup
GRAPEFRUIT JUC,"GRAPEFRUIT JUC,WHITE,RAW",9.2,0,8,0.100000001,39,0.5,9.100000381,90.0,0.013,0.024,0.014,0.1,247.0,1 cup
GRAPE JUC,"GRAPE JUC,CND OR BTLD,UNSWTND,W/ ADDED VIT C",14.77,0,3,0.200000003,60,0.37,14.19999981,84.51,0.003,0.022,0.025,0.13,253.0,1 cup
GRAPES,"GRAPES,AMERICAN TYPE (SLIP SKN),RAW",17.15,0,6,0.899999976,67,0.63,16.25,81.3,0.014,0.102,0.114,0.35,92.0,1 cup
GRAPES,"GRAPES,RED OR GRN (EURO TYPE,SUCH AS THOMPSON SEEDLESS),RAW",18.1,0,6,0.899999976,69,0.72,15.47999954,80.54,0.007,0.048,0.054,0.16,151.36,1 cup
GRAPES,"GRAPES,CND,THOMPSON SEEDLESS,H2O PK,SOL&LIQUIDS",10.3,0,4,0.600000024,40,0.5,9.699999809,88.84,0.004,0.031,0.035,0.11,245.0,1 cup
GRAPES,"GRAPES,CND,THOMPSON SEEDLESS,HVY SYRUP PK,SOL&LIQUIDS",19.65,0,4,0.600000024,76,0.48,19.04999924,79.53,0.004,0.03,0.033,0.1,256.0,1 cup
GRAPE JUC,"GRAPE JUC,CND OR BTLD,UNSWTND,WO/ ADDED VIT C",14.77,0,3,0.200000003,60,0.37,14.19999981,84.51,0.003,0.022,0.025,0.13,253.0,1 cup
GRAPE JUC COCKTAIL,"GRAPE JUC COCKTAIL,FRZ CONC,UNDIL,W/ ADDED VIT C",44.37,0,9,0.300000012,179,0.65,44.06999969,54.4,0.013,0.092,0.103,0.31,216.0,"1 can,  (6 fl oz)"
GRAPE JUC COCKTAIL,"GRAPE JUC COCKTAIL,FRZ CONC,DIL W/ 3 VOL H2O,W/ ADDED VIT C",12.75,0,3,0.100000001,51,0.19,12.64999962,86.9,0.004,0.026,0.029,0.09,250.0,1 cup
GROUNDCHERRIES,"GROUNDCHERRIES,(CAPE-GOOSEBERRIES OR POHA),RAW",11.2,0,0,0.0,53,1.9,0.0,85.4,0.0,0.0,0.0,0.7,140.0,1 cup
GUAVAS,"GUAVAS,COMMON,RAW",14.32,0,8,5.400000095,68,2.55,8.920000076,80.8,0.087,0.401,0.272,0.95,165.0,1 cup
GUAVAS,"GUAVAS,STRAWBERRY,RAW",17.36,0,0,5.400000095,69,0.58,0.0,80.66,0.055,0.253,0.172,0.6,244.0,1 cup
GUAVA SAUCE,"GUAVA SAUCE,COOKED",9.48,0,4,3.599999905,36,0.32,5.880000114,89.56,0.013,0.059,0.04,0.14,238.0,1 cup
JACKFRUIT,"JACKFRUIT,RAW",24.01,0,0,1.600000024,94,1.47,0.0,73.23,0.044,0.086,0.063,0.3,165.0,"1 cup, sliced"
JAVA-PLUM,"JAVA-PLUM,(JAMBOLAN),RAW",15.56,0,0,0.0,60,0.72,0.0,83.13,0.0,0.0,0.0,0.23,135.0,1 cup
JUJUBE,"JUJUBE,RAW",20.23,0,0,0.0,79,1.2,0.0,77.86,0.0,0.0,0.0,0.2,0.0,
JUJUBE,"JUJUBE,DRIED",73.6,0,0,0.0,287,3.7,0.0,19.7,0.0,0.0,0.0,1.1,0.0,
KIWI FRUIT,"KIWI FRUIT,(CHINESE GOOSEBERRIES),FRSH,RAW",14.66,0,8,3.0,61,1.14,8.989999771,83.07,0.047,0.287,0.029,0.52,177.0,1 cup
KUMQUATS,"KUMQUATS,RAW",15.9,0,8,6.5,71,1.88,9.359999657,80.85,0.154,0.171,0.103,0.86,19.0,"1 fruit, without refuse"
LEMONS,"LEMONS,RAW,WITHOUT PEEL",9.32,0,5,2.799999952,29,1.1,2.5,88.98,0.011,0.089,0.039,0.3,212.0,"1 cup, sections"
LEMONS,"LEMONS,RAW,WITH PEEL",10.7,0,0,4.699999809,20,1.2,0.0,87.4,0.011,0.089,0.039,0.3,108.0,"1 fruit, without seeds"
LEMON JUICE,"LEMON JUICE,RAW",8.63,0,5,0.400000006,25,0.38,2.400000095,90.73,0.0,0.0,0.0,0.0,244.0,1 cup
LEMON JUC,"LEMON JUC,CND OR BTLD",6.48,0,5,0.400000006,21,0.4,2.400000095,92.46,0.011,0.085,0.038,0.29,244.0,1 cup
LEMON JUC,"LEMON JUC,FRZ,UNSWTND,SINGLE STRENGTH",6.5,0,5,0.400000006,22,0.46,2.400000095,92.39,0.012,0.097,0.043,0.32,244.0,1 cup
LEMON PEEL,"LEMON PEEL,RAW",16.0,0,8,10.60000038,47,1.5,4.170000076,81.6,0.011,0.089,0.039,0.3,6.0,1 tbsp
LIMES,"LIMES,RAW",10.54,0,5,2.799999952,30,0.7,1.690000057,88.26,0.019,0.055,0.022,0.2,67.0,"1 fruit,  (2"" dia)"
LIME JUICE,"LIME JUICE,RAW",8.42,0,5,0.400000006,25,0.42,1.690000057,90.79,0.008,0.023,0.008,0.07,241.53,1 cup
LIME JUC,"LIME JUC,CND OR BTLD,UNSWTND",6.69,0,5,0.400000006,21,0.25,1.370000005,92.52,0.022,0.064,0.026,0.23,246.0,1 cup
LITCHIS,"LITCHIS,RAW",16.53,0,7,1.299999952,66,0.83,15.22999954,81.76,0.12,0.132,0.099,0.44,190.0,1 cup
LITCHIS,"LITCHIS,DRIED",70.7,0,13,4.599999905,277,3.8,66.09999847,22.3,0.328,0.361,0.27,1.2,2.5,1 fruit
LOGANBERRIES,"LOGANBERRIES,FROZEN",13.02,0,8,5.300000191,55,1.52,7.699999809,84.61,0.03,0.176,0.011,0.31,147.0,"1 cup, unthawed"
LONGANS,"LONGANS,RAW",15.14,0,0,1.100000024,60,1.31,0.0,82.75,0.0,0.0,0.0,0.1,3.2,"1 fruit, without refuse"
LONGANS,"LONGANS,DRIED",74.0,0,0,0.0,286,4.9,0.0,17.6,0.0,0.0,0.0,0.4,0.0,
LOQUATS,"LOQUATS,RAW",12.14,0,0,1.700000048,47,0.43,0.0,86.73,0.008,0.091,0.04,0.2,149.0,"1 cup, cubed"
MAMMY-APPLE,"MAMMY-APPLE,(MAMEY),RAW",12.5,0,0,3.0,51,0.5,0.0,86.2,0.205,0.079,0.136,0.5,846.0,"1 fruit, without refuse"
MANGOS,"MANGOS,RAW",17.0,0,8,1.799999952,65,0.51,14.80000019,81.71,0.101,0.051,0.066,0.27,165.0,"1 cup, sliced"
MANGOSTEEN,"MANGOSTEEN,CND,SYRUP PK",17.91,0,0,1.799999952,73,0.41,0.0,80.94,0.0,0.0,0.0,0.58,196.0,"1 cup,  drained"
MELONS,"MELONS,CANTALOUPE,RAW",8.16,0,8,0.899999976,34,0.84,7.860000134,90.15,0.003,0.081,0.051,0.19,177.0,"1 cup, balls"
MELONS,"MELONS,CASABA,RAW",6.58,0,8,0.899999976,28,1.11,5.690000057,91.85,0.002,0.039,0.025,0.1,170.0,"1 cup, cubes"
MELONS,"MELONS,HONEYDEW,RAW",9.09,0,8,0.800000012,36,0.54,8.119999886,89.82,0.003,0.059,0.038,0.14,177.0,"1 cup, balls"
MELON BALLS,"MELON BALLS,FROZEN",7.94,0,0,0.699999988,33,0.84,0.0,90.26,0.006,0.098,0.064,0.25,173.0,"1 cup, unthawed"
FRUIT,"FRUIT,MXD,(PEACH&PEAR&PNAPPL),CND,HVY SYRUP,SOL&LIQUIDS",18.76,0,0,1.0,72,0.37,0.0,80.56,0.019,0.042,0.014,0.1,255.0,1 cup
FRUIT,"FRUIT,MXD,(PRUNE&APRICOT&PEAR),DRIED",64.06,0,0,7.800000191,243,2.46,0.0,31.18,0.232,0.11,0.04,0.49,293.0,"1 package,  (11 oz)"
FRUIT,"FRUIT,MXD,(PCH, CHER-SWT & SR, RASPB, GRAPE, BOYS),FRZ,SWTND",24.23,0,0,1.899999976,98,1.42,0.0,73.73,0.034,0.078,0.025,0.18,250.0,"1 cup, thawed"
MULBERRIES,"MULBERRIES,RAW",9.8,0,12,1.700000048,43,1.44,8.100000381,87.68,0.041,0.207,0.027,0.39,140.0,1 cup
NECTARINES,"NECTARINES,RAW",10.55,0,6,1.700000048,44,1.06,7.889999866,87.59,0.088,0.113,0.025,0.32,142.68,"1 cup, slices"
OHELOBERRIES,"OHELOBERRIES,RAW",6.84,0,0,0.0,28,0.38,0.0,92.3,0.0,0.0,0.0,0.22,140.0,1 cup
OLIVES,"OLIVES,RIPE,CND (SMALL-EXTRA LRG)",6.26,0,10,3.200000048,115,0.84,0.0,79.99,7.888,0.911,1.415,10.68,8.4,1 tbsp
OLIVES,"OLIVES,RIPE,CND (JUMBO-SUPER COLOSSAL)",5.61,0,7,2.5,81,0.97,0.0,84.34,5.071,0.586,0.909,6.87,8.3,1 jumbo
OLIVES,"OLIVES,PICKLED,CND OR BTLD,GRN",3.84,0,14,3.299999952,145,1.03,0.540000021,75.28,11.314,1.307,2.029,15.32,2.73,1 olive
ORANGES,"ORANGES,RAW,ALL COMM VAR",11.75,0,8,2.400000095,47,0.94,9.350000381,86.75,0.023,0.025,0.015,0.12,180.0,"1 cup, sections"
ORANGES,"ORANGES,RAW,CALIFORNIA,VALENCIAS",11.89,0,0,2.5,49,1.04,0.0,86.34,0.055,0.06,0.035,0.3,180.0,"1 cup, sections without membranes"
ORANGES,"ORANGES,RAW,NAVELS",12.54,0,8,2.200000048,49,0.91,8.5,85.97,0.03,0.031,0.017,0.15,165.0,"1 cup, sections without membranes"
ORANGES,"ORANGES,RAW,FLORIDA",11.54,0,8,2.400000095,46,0.7,9.140000343,87.14,0.039,0.042,0.025,0.21,185.0,"1 cup, sections without membranes"
ORANGES,"ORANGES,RAW,WITH PEEL",15.5,0,0,4.5,63,1.3,0.0,82.3,0.055,0.06,0.035,0.3,170.0,1 cup
ORANGE JUICE,"ORANGE JUICE,RAW",10.4,0,6,0.200000003,45,0.7,8.399999619,88.3,0.036,0.04,0.024,0.2,248.0,1 cup
ORANGE JUC,"ORANGE JUC,CND,UNSWTND",11.01,0,6,0.300000012,47,0.68,8.760000229,87.72,0.025,0.034,0.018,0.15,249.0,1 cup
ORANGE JUC,"ORANGE JUC,CHILLED,INCL FROM CONC",10.19,0,6,0.200000003,44,0.8,0.0,88.4,0.023,0.032,0.014,0.13,249.0,1 cup
ORANGE JUC,"ORANGE JUC,CHILLED,INCL FROM CONC,FORT W/ CA & VITAMIN D",10.06,0,0,0.200000003,44,0.8,0.0,88.4,0.046,0.064,0.029,0.27,249.0,1 cup
ORANGE JUC,"ORANGE JUC,FRZ CONC,UNSWTND,UNDIL",38.17,0,20,0.800000012,159,2.39,37.36999893,57.85,0.038,0.041,0.024,0.21,284.0,1 cup
ORANGE JUC,"ORANGE JUC,FRZ CONC,UNSWTND,DIL W/3 VOLUME H2O",10.78,0,6,0.200000003,45,0.68,8.399999619,88.1,0.01,0.012,0.007,0.06,249.0,1 cup
ORANGE PEEL,"ORANGE PEEL,RAW",25.0,0,0,10.60000038,97,1.5,0.0,72.5,0.036,0.04,0.024,0.2,6.0,1 tbsp
ORANGE-GRAPEFRUIT JUC,"ORANGE-GRAPEFRUIT JUC,CND,UNSWTND",10.28,0,6,0.100000001,43,0.6,10.18000031,88.64,0.017,0.019,0.011,0.1,247.0,1 cup
TANGERINES,"TANGERINES,(MANDARIN ORANGES),RAW",13.34,0,10,1.799999952,53,0.81,10.57999992,85.17,0.06,0.065,0.039,0.31,195.0,"1 cup, sections"
TANGERINES,"TANGERINES,(MANDARIN ORANGES),CND,JUC PK",9.57,0,9,0.699999988,37,0.62,8.869999886,89.51,0.005,0.005,0.003,0.03,249.0,1 cup
TANGERINES,"TANGERINES,(MANDARIN ORANGES),CND,LT SYRUP PK",16.19,0,7,0.699999988,61,0.45,15.48999977,83.06,0.018,0.02,0.012,0.1,252.0,1 cup
TANGERINE JUICE,"TANGERINE JUICE,RAW",10.1,0,6,0.200000003,43,0.5,9.899999619,88.9,0.036,0.04,0.024,0.2,247.0,1 cup
TANGERINE JUC,"TANGERINE JUC,CND,SWTND",12.0,0,6,0.200000003,50,0.5,11.80000019,87.0,0.018,0.025,0.013,0.2,249.0,1 cup
TANGERINE JUC,"TANGERINE JUC,FRZ CONC,SWTND,UNDIL",38.85,0,0,0.600000024,161,1.5,0.0,58.2,0.034,0.048,0.026,0.39,214.0,"1 can,  (6 fl oz)"
TANGERINE JUC,"TANGERINE JUC,FRZ CONC,SWTND,DIL W/3 VOLUME H2O",11.06,0,0,0.0,46,0.43,0.0,88.1,0.01,0.014,0.007,0.11,241.0,1 cup
PAPAYAS,"PAPAYAS,RAW",9.81,0,6,1.799999952,39,0.61,5.900000095,88.83,0.038,0.031,0.043,0.14,140.0,"1 cup, cubes"
PAPAYA NECTAR,"PAPAYA NECTAR,CANNED",14.51,0,2,0.600000024,57,0.17,13.90999985,85.02,0.041,0.035,0.047,0.15,250.0,1 cup
PASSION-FRUIT,"PASSION-FRUIT,(GRANADILLA),PURPLE,RAW",23.38,0,8,10.39999962,97,2.2,11.19999981,72.93,0.086,0.411,0.059,0.7,236.0,1 cup
PASSION-FRUIT JUC,"PASSION-FRUIT JUC,PURPLE,RAW",13.6,0,4,0.200000003,51,0.39,13.39999962,85.62,0.006,0.029,0.004,0.05,247.0,1 cup
PASSION-FRUIT JUC,"PASSION-FRUIT JUC,YEL,RAW",14.45,0,4,0.200000003,60,0.67,14.25,84.21,0.022,0.106,0.015,0.18,247.0,1 cup
PEACHES,"PEACHES,RAW",9.54,0,6,1.5,39,0.91,8.390000343,88.87,0.067,0.086,0.019,0.25,153.83,"1 cup, slices"
PEACHES,"PEACHES,CND,H2O PK,SOL&LIQUIDS",6.11,0,4,1.299999952,24,0.44,4.809999943,93.13,0.021,0.028,0.006,0.06,244.0,"1 cup, halves or slices"
PEACHES,"PEACHES,CND,JUC PK,SOL&LIQUIDS",11.57,0,4,1.299999952,44,0.63,10.27000046,87.49,0.012,0.016,0.004,0.03,250.0,1 cup
PEACHES,"PEACHES,CND,EX LT SYRUP,SOL&LIQUIDS",11.1,0,0,1.0,42,0.4,0.0,88.2,0.036,0.048,0.011,0.1,247.0,"1 cup, halves or slices"
PEACHES,"PEACHES,CND,LT SYRUP PK,SOL&LIQUIDS",14.55,0,4,1.299999952,54,0.45,13.25,84.72,0.012,0.015,0.003,0.03,251.0,"1 cup, halves or slices"
PEACHES,"PEACHES,CND,HVY SYRUP PK,SOL&LIQUIDS",19.94,0,4,1.299999952,74,0.45,18.63999939,79.28,0.035,0.047,0.01,0.1,262.0,1 cup
PEACHES,"PEACHES,CND,EX HVY SYRUP PK,SOL&LIQUIDS",26.06,0,0,1.0,96,0.47,0.0,73.19,0.011,0.014,0.003,0.03,262.0,"1 cup, halves or slices"
PEACHES,"PEACHES,SPICED,CND,HVY SYRUP PK,SOL&LIQUIDS",20.08,0,4,1.299999952,75,0.41,18.78000069,79.2,0.036,0.048,0.011,0.1,242.0,"1 cup, whole"
PEACHES,"PEACHES,DEHYD (LOW-MOISTURE),SULFURED,UNCKD",83.18,0,0,0.0,325,4.89,0.0,7.5,0.377,0.498,0.111,1.03,116.0,1 cup
PEACHES,"PEACHES,DEHYD (LOW-MOISTURE),SULFURED,STWD",34.14,0,0,0.0,133,2.01,0.0,62.04,0.154,0.204,0.045,0.42,242.0,1 cup
PEACHES,"PEACHES,DRIED,SULFURED,UNCKD",61.33,0,13,8.199999809,239,3.61,41.74000168,31.8,0.278,0.367,0.082,0.76,160.0,"1 cup,  halves"
PEACHES,"PEACHES,DRIED,SULFURED,STWD,WO/ SUGAR",19.69,0,4,2.700000048,77,1.16,16.98999977,78.1,0.089,0.118,0.026,0.25,258.0,1 cup
PEACHES,"PEACHES,DRIED,SULFURED,STWD,W/ SUGAR",26.6,0,0,2.400000095,103,1.06,0.0,71.38,0.082,0.108,0.024,0.22,270.0,1 cup
PEACHES,"PEACHES,FRZ,SLICED,SWTND",23.98,0,5,1.799999952,94,0.63,22.18000031,74.73,0.048,0.064,0.014,0.13,250.0,"1 cup, thawed"
PEACH NECTAR,"PEACH NECTAR,CND,WO/ VIT C",13.92,0,2,0.600000024,54,0.27,13.31999969,85.64,0.008,0.011,0.002,0.02,249.0,1 cup
PEARS,"PEARS,RAW",15.46,0,5,3.099999905,58,0.38,9.800000191,83.71,0.026,0.029,0.006,0.12,148.04,1 small
PEARS,"PEARS,CND,H2O PK,SOL&LIQUIDS",7.81,0,3,1.600000024,29,0.19,6.099999905,91.81,0.006,0.007,0.002,0.03,244.0,"1 cup,  halves"
PEARS,"PEARS,CND,JUC PK,SOL&LIQUIDS",12.94,0,3,1.600000024,50,0.34,9.699999809,86.47,0.014,0.015,0.004,0.07,248.0,"1 cup,  halves"
PEARS,"PEARS,CND,EX LT SYRUP PK,SOL&LIQUIDS",12.2,0,0,1.600000024,47,0.3,0.0,87.3,0.021,0.023,0.006,0.1,247.0,"1 cup,  halves"
PEARS,"PEARS,CND,LT SYRUP PK,SOL&LIQUIDS",15.17,0,3,1.600000024,57,0.19,12.10000038,84.46,0.006,0.007,0.002,0.03,251.0,"1 cup,  halves"
PEARS,"PEARS,CND,HVY SYRUP PK,SOL&LIQUIDS",19.17,0,2,1.600000024,74,0.2,15.19999981,80.35,0.027,0.03,0.007,0.13,266.0,1 cup
PEARS,"PEARS,CND,EX HVY SYRUP PK,SOL&LIQUIDS",25.25,0,0,1.600000024,97,0.19,0.0,74.28,0.026,0.03,0.007,0.13,266.0,"1 cup,  halves"
PEARS,"PEARS,DRIED,SULFURED,UNCKD",69.7,0,23,7.5,262,1.87,62.20000076,26.69,0.132,0.148,0.035,0.63,180.0,"1 cup,  halves"
PEARS,"PEARS,DRIED,SULFURED,STWD,WO/ SUGAR",33.81,0,11,6.400000095,127,0.91,27.40999985,64.44,0.064,0.072,0.017,0.31,255.0,"1 cup,  halves"
PEARS,"PEARS,DRIED,SULFURED,STWD,W/ SUGAR",37.14,0,0,5.800000191,140,0.86,0.0,61.2,0.061,0.068,0.016,0.29,280.0,"1 cup,  halves"
PEAR NECTAR,"PEAR NECTAR,CND,WO/ VIT C",15.76,0,2,0.600000024,60,0.11,15.15999985,84.01,0.003,0.003,0.001,0.01,250.0,1 cup
PERSIMMONS,"PERSIMMONS,JAPANESE,RAW",18.59,0,8,3.599999905,70,0.58,12.52999973,80.32,0.037,0.043,0.02,0.19,168.0,"1 fruit,  (2-1/2"" dia)"
PERSIMMONS,"PERSIMMONS,JAPANESE,DRIED",73.43,0,0,14.5,274,1.38,0.0,23.01,0.0,0.0,0.0,0.59,34.0,"1 fruit, without refuse"
PERSIMMONS,"PERSIMMONS,NATIVE,RAW",33.5,0,0,0.0,127,0.8,0.0,64.4,0.0,0.0,0.0,0.4,25.0,"1 fruit, without refuse"
PINEAPPLE,"PINEAPPLE,RAW,ALL VAR",13.12,0,6,1.399999976,50,0.54,9.850000381,86.0,0.013,0.04,0.009,0.12,164.53,"1 cup, chunks"
PINEAPPLE,"PINEAPPLE,CND,H2O PK,SOL&LIQUIDS",8.3,0,4,0.800000012,32,0.43,7.5,90.82,0.011,0.031,0.006,0.09,246.0,"1 cup, crushed, sliced, or chunks"
PINEAPPLE,"PINEAPPLE,CND,JUC PK,SOL&LIQUIDS",15.7,0,5,0.800000012,60,0.42,14.44999981,83.51,0.01,0.029,0.006,0.08,249.0,"1 cup, crushed, sliced, or chunks"
PINEAPPLE,"PINEAPPLE,CND,LT SYRUP PK,SOL&LIQUIDS",13.45,0,4,0.800000012,52,0.36,12.64999962,85.73,0.013,0.04,0.009,0.12,252.0,"1 cup, crushed, sliced, or chunks"
PINEAPPLE,"PINEAPPLE,CND,HVY SYRUP PK,SOL&LIQUIDS",20.2,0,4,0.800000012,78,0.35,16.89999962,78.99,0.013,0.04,0.009,0.11,254.0,"1 cup, crushed, sliced, or chunks"
PINEAPPLE,"PINEAPPLE,CND,EX HVY SYRUP PK,SOL&LIQUIDS",21.5,0,0,0.800000012,83,0.34,0.0,77.71,0.013,0.038,0.009,0.11,260.0,"1 cup, crushed, sliced, or chunks"
PINEAPPLE,"PINEAPPLE,FRZ,CHUNKS,SWTND",22.2,0,5,1.100000024,86,0.4,21.10000038,77.1,0.012,0.035,0.007,0.1,245.0,"1 cup, chunks"
PINEAPPLE JUC,"PINEAPPLE JUC,CND,UNSWTND,WO/ VIT C",12.87,0,3,0.200000003,53,0.36,9.979999542,86.37,0.014,0.042,0.008,0.12,250.0,1 cup
PINEAPPLE JUC,"PINEAPPLE JUC,FRZ CONC,UNSWTND,UNDIL",44.3,0,12,0.699999988,179,1.3,43.59999847,53.1,0.012,0.035,0.007,0.1,216.0,"1 can,  (6 fl oz)"
PINEAPPLE JUC,"PINEAPPLE JUC,FRZ CONC,UNSWTND,DIL W/3 VOLUME H2O",12.77,0,3,0.200000003,52,0.4,12.56999969,86.5,0.003,0.01,0.002,0.03,250.0,1 cup
PITANGA,"PITANGA,(SURINAM-CHERRY),RAW",7.49,0,0,0.0,33,0.8,0.0,90.81,0.0,0.0,0.0,0.4,173.0,1 cup
PLANTAINS,"PLANTAINS,RAW",31.89,0,14,2.299999952,122,1.3,15.0,65.28,0.032,0.069,0.143,0.37,148.0,"1 cup, sliced"
PLANTAINS,"PLANTAINS,COOKED",31.15,0,13,2.299999952,116,0.79,14.0,67.3,0.015,0.033,0.069,0.18,200.0,"1 cup, mashed"
PLUMS,"PLUMS,RAW",11.42,0,2,1.399999976,46,0.7,9.920000076,87.23,0.134,0.044,0.017,0.28,165.0,"1 cup, sliced"
PLUMS,"PLUMS,CND,PURPLE,H2O PK,SOL&LIQUIDS",11.03,0,1,0.899999976,41,0.39,10.10000038,88.35,0.005,0.002,0.001,0.01,249.0,"1 cup,  pitted"
PLUMS,"PLUMS,CND,PURPLE,JUC PK,SOL&LIQUIDS",15.15,0,1,0.899999976,58,0.51,14.22000027,84.02,0.014,0.005,0.002,0.02,252.0,"1 cup,  pitted"
PLUMS,"PLUMS,CND,PURPLE,LT SYRUP PK,SOL&LIQUIDS",16.28,0,1,0.899999976,63,0.37,15.35000038,83.0,0.069,0.023,0.008,0.1,252.0,"1 cup,  pitted"
PLUMS,"PLUMS,CND,PURPLE,HVY SYRUP PK,SOL&LIQUIDS",23.24,0,1,0.899999976,89,0.36,22.30999947,76.06,0.066,0.022,0.008,0.1,258.0,"1 cup,  pitted"
PLUMS,"PLUMS,CND,PURPLE,EX HVY SYRUP PK,SOL&LIQUIDS",26.31,0,0,1.0,101,0.36,0.0,73.0,0.065,0.021,0.008,0.1,261.0,"1 cup,  pitted"
POMEGRANATES,"POMEGRANATES,RAW",18.7,0,8,4.0,83,1.67,13.67000008,77.93,0.093,0.079,0.12,1.17,282.2,"1 pomegranate,  (4"" dia)"
PRICKLY PEARS,"PRICKLY PEARS,RAW",9.57,0,0,3.599999905,41,0.73,0.0,87.55,0.075,0.213,0.067,0.51,149.0,1 cup
PRUNES,"PRUNES,CND,HVY SYRUP PK,SOL&LIQUIDS",27.8,0,0,3.799999952,105,0.87,0.0,70.67,0.13,0.043,0.016,0.2,234.0,1 cup
PRUNES,"PRUNES,DEHYD (LOW-MOISTURE),UNCKD",89.07,0,0,0.0,339,3.7,0.0,4.0,0.483,0.159,0.059,0.73,132.0,1 cup
PRUNES,"PRUNES,DEHYD (LOW-MOISTURE),STWD",29.7,0,0,0.0,113,1.23,0.0,67.99,0.161,0.053,0.02,0.24,280.0,1 cup
PLUMS,"PLUMS,DRIED (PRUNES),UNCKD",63.88,0,10,7.099999905,240,2.18,38.13000107,30.92,0.053,0.062,0.088,0.38,173.89,"1 cup, pitted"
PLUMS,"PLUMS,DRIED (PRUNES),STWD,WO/ ADDED SUGAR",28.08,0,4,3.099999905,107,0.96,24.97999954,69.73,0.08,0.026,0.01,0.16,248.0,"1 cup,  pitted"
PLUMS,"PLUMS,DRIED (PRUNES),STWD,W/ ADDED SUGAR",32.88,0,0,3.799999952,124,1.09,0.0,65.08,0.142,0.047,0.017,0.22,248.0,"1 cup,  pitted"
PRUNE JUICE,"PRUNE JUICE,CANNED",17.45,0,3,1.0,71,0.61,16.45000076,81.24,0.021,0.007,0.003,0.03,256.0,1 cup
PUMMELO,"PUMMELO,RAW",9.62,0,0,1.0,38,0.76,0.0,89.1,0.0,0.0,0.0,0.04,190.0,"1 cup, sections"
QUINCES,"QUINCES,RAW",15.3,0,0,1.899999976,57,0.4,0.0,83.8,0.036,0.05,0.01,0.1,92.0,"1 fruit, without refuse"
RAISINS,"RAISINS,GOLDEN SEEDLESS",79.52,0,11,4.0,302,3.39,59.18999863,14.97,0.019,0.135,0.151,0.46,165.0,"1 cup,  packed"
RAISINS,"RAISINS,SEEDLESS",79.18,0,11,3.700000048,299,3.07,59.18999863,15.43,0.051,0.037,0.058,0.46,165.0,"1 cup,  packed"
RAISINS,"RAISINS,SEEDED",78.47,0,0,6.800000191,296,2.52,0.0,16.57,0.022,0.159,0.178,0.54,165.0,"1 cup,  packed"
RAMBUTAN,"RAMBUTAN,CND,SYRUP PK",20.87,0,0,0.899999976,82,0.65,0.0,78.04,0.0,0.0,0.0,0.21,150.0,"1 cup,  drained"
RASPBERRIES,"RASPBERRIES,RAW",11.94,0,12,6.5,52,1.2,4.420000076,85.75,0.064,0.375,0.019,0.65,123.0,1 cup
RASPBERRIES,"RASPBERRIES,CND,RED,HVY SYRUP PK,SOL&LIQUIDS",23.36,0,8,3.299999952,91,0.83,20.05999947,75.33,0.011,0.068,0.005,0.12,256.0,1 cup
RASPBERRIES,"RASPBERRIES,FRZ,RED,SWTND",26.16,0,10,4.400000095,103,0.7,21.76000023,72.75,0.015,0.089,0.005,0.16,250.0,"1 cup, unthawed"
RHUBARB,"RHUBARB,RAW",4.54,0,6,1.799999952,21,0.9,1.100000024,93.61,0.039,0.099,0.053,0.2,122.0,"1 cup, diced"
RHUBARB,"RHUBARB,FROZEN,UNCOOKED",5.1,0,6,1.799999952,21,0.55,1.100000024,93.51,0.021,0.054,0.029,0.11,137.0,"1 cup, diced"
RHUBARB,"RHUBARB,FRZ,CKD,W/SUGAR",31.2,0,4,2.0,116,0.39,28.70000076,67.79,0.01,0.025,0.014,0.05,240.0,1 cup
ROSELLE,"ROSELLE,RAW",11.31,0,0,0.0,49,0.96,0.0,86.58,0.0,0.0,0.0,0.64,57.0,"1 cup,  without refuse"
ROSE-APPLES,"ROSE-APPLES,RAW",5.7,0,0,0.0,25,0.6,0.0,93.0,0.0,0.0,0.0,0.3,0.0,
SAPODILLA,"SAPODILLA,RAW",19.96,0,0,5.300000191,83,0.44,0.0,78.0,0.521,0.011,0.194,1.1,241.0,"1 cup,  pulp"
SAPOTES,"SAPOTES,(MARMALADE PLUM),RAW",33.76,0,0,2.599999905,134,2.12,0.0,62.43,0.0,0.0,0.0,0.6,225.0,"1 fruit, without refuse"
SOURSOP,"SOURSOP,RAW",16.84,0,8,3.299999952,66,1.0,13.53999996,81.16,0.09,0.069,0.051,0.3,225.0,"1 cup,  pulp"
STRAWBERRIES,"STRAWBERRIES,RAW",7.68,0,6,2.0,32,0.67,4.889999866,90.95,0.043,0.155,0.015,0.3,152.0,"1 cup,  halves"
STRAWBERRIES,"STRAWBERRIES,CND,HVY SYRUP PK,SOL&LIQUIDS",23.53,0,4,1.700000048,92,0.56,21.82999992,75.35,0.036,0.129,0.014,0.26,254.0,1 cup
STRAWBERRIES,"STRAWBERRIES,FRZ,UNSWTND",9.13,0,6,2.099999905,35,0.43,4.559999943,89.97,0.015,0.054,0.006,0.11,221.0,"1 cup, thawed"
STRAWBERRIES,"STRAWBERRIES,FRZ,SWTND,WHL",21.0,0,5,1.899999976,78,0.52,18.61000061,78.05,0.019,0.068,0.007,0.14,255.0,"1 cup, thawed"
STRAWBERRIES,"STRAWBERRIES,FRZ,SWTND,SLICED",25.92,0,5,1.899999976,96,0.53,24.01000023,73.18,0.018,0.064,0.007,0.13,255.0,"1 cup, thawed"
SUGAR-APPLES,"SUGAR-APPLES,(SWEETSOP),RAW",23.64,0,0,4.400000095,94,2.06,0.0,73.23,0.114,0.04,0.048,0.29,250.0,"1 cup,  pulp"
TAMARINDS,"TAMARINDS,RAW",62.5,0,9,5.099999905,239,2.8,57.40000153,31.4,0.181,0.059,0.272,0.6,120.0,"1 cup,  pulp"
FRUIT SALAD,"FRUIT SALAD,TROPICAL,CND,HVY SYRUP,SOL&LIQUIDS",22.36,0,0,1.299999952,86,0.41,0.0,76.78,0.018,0.032,0.019,0.1,257.0,1 cup
WATERMELON,"WATERMELON,RAW",7.55,0,4,0.400000006,30,0.61,6.199999809,91.45,0.037,0.05,0.016,0.15,154.0,"1 cup, balls"
MARASCHINO CHERRIES,"MARASCHINO CHERRIES,CND,DRND",41.97,0,4,3.200000048,165,0.22,38.77000046,57.27,0.049,0.055,0.039,0.21,5.0,"1 cherry,  (NLEA serving)"
FEIJOA,"FEIJOA,RAW",10.63,0,0,0.0,49,1.24,0.0,86.6,0.0,0.0,0.0,0.78,243.0,"1 cup, pureed"
PEARS,"PEARS,ASIAN,RAW",10.65,0,5,3.599999905,42,0.5,7.050000191,88.25,0.049,0.055,0.012,0.23,122.0,"1 fruit,  2-1/4"" high x 2-1/2"" dia"
FRUIT COCKTAIL,"FRUIT COCKTAIL,CND,HVY SYRUP,DRND",18.8,0,2,1.700000048,70,0.47,17.13999939,80.4,0.018,0.042,0.014,0.1,214.0,1 cup
BLUEBERRIES,"BLUEBERRIES,CND,LT SYRUP,DRND",22.66,0,0,2.599999905,88,1.04,17.45000076,75.72,0.0,0.0,0.0,0.4,243.57,1 cup
BLUEBERRIES,"BLUEBERRIES,WILD,CND,HVY SYRUP,DRND",28.32,0,0,4.900000095,107,0.56,19.28000069,70.63,0.0,0.0,0.0,0.34,318.58,1 cup
PINEAPPLE,"PINEAPPLE,CND,JUC PK,DRND",15.56,0,6,1.299999952,60,0.51,14.26000023,83.51,0.014,0.04,0.008,0.11,181.0,"1 cup, chunks"
APRICOTS,"APRICOTS,CND,HVY SYRUP,DRND",21.31,0,3,2.700000048,83,0.64,18.64999962,77.56,0.045,0.021,0.007,0.11,219.0,"1 cup,  halves"
CHERRIES,"CHERRIES,SWT,CND,PITTED,HVY SYRUP,DRND",21.07,0,3,2.299999952,83,0.73,16.18000031,77.61,0.049,0.055,0.041,0.21,179.0,1 cup
PEACHES,"PEACHES,CND,HVY SYRUP,DRND",19.79,0,4,2.200000048,77,0.54,17.62999916,79.28,0.015,0.021,0.004,0.14,222.0,1 cup
PEARS,"PEARS,CND,HVY SYRUP,DRND",19.08,0,1,2.700000048,74,0.24,16.42000008,80.35,0.037,0.041,0.01,0.18,201.0,1 cup
PLUMS,"PLUMS,CND,HVY SYRUP,DRND",23.12,0,1,1.5,89,0.44,21.57999992,76.06,0.09,0.03,0.011,0.14,183.0,"1 cup, with pits yields"
TANGERINES,"TANGERINES,(MANDARIN ORANGES),CND,JUC PK,DRND",9.41,0,6,1.200000048,38,0.75,8.25,89.51,0.007,0.007,0.004,0.04,189.0,1 cup
APPLE JUC,"APPLE JUC,CND OR BTLD,UNSWTND,W/ ADDED VIT C",11.3,0,2,0.200000003,46,0.1,9.619999886,88.24,0.006,0.039,0.022,0.13,248.0,1 cup
APPLESAUCE,"APPLESAUCE,CND,UNSWTND,W/ VIT C",11.27,0,2,1.100000024,42,0.17,9.390000343,88.22,0.002,0.014,0.008,0.1,243.79,1 cup
APPLESAUCE,"APPLESAUCE,CND,SWTND,W/SALT",19.91,0,0,1.200000048,76,0.18,0.0,79.58,0.007,0.054,0.03,0.18,255.0,1 cup
APRICOT NECTAR,"APRICOT NECTAR,CND,W/ VIT C",14.39,0,0,0.600000024,56,0.37,0.0,84.87,0.038,0.017,0.006,0.09,251.0,1 cup
GRAPEFRUIT JUICE,"GRAPEFRUIT JUICE,PINK,RAW",9.2,0,0,0.0,39,0.5,0.0,90.0,0.013,0.024,0.014,0.1,247.0,1 cup
KIWIFRUIT,"KIWIFRUIT,(CHINESE GOOSEBERRIES),HELD IN STORAGE,RAW",14.88,0,0,3.400000095,61,0.99,0.0,83.05,0.0,0.0,0.0,0.44,91.0,"1 fruit, without skin large"
ORANGE JUC,"ORANGE JUC,CALIFORNIA,CHILLED,INCL FROM CONC",10.06,0,0,0.0,44,0.8,0.0,88.4,0.046,0.064,0.029,0.27,249.0,1 cup
PEACH NECTAR,"PEACH NECTAR,CND,W/ VIT C",13.92,0,0,0.600000024,54,0.27,0.0,85.64,0.008,0.011,0.002,0.02,249.0,1 cup
PEAR NECTAR,"PEAR NECTAR,CND,W/ VIT C",15.76,0,0,0.600000024,60,0.11,0.0,84.01,0.003,0.003,0.001,0.01,250.0,1 cup
PINEAPPLE JUC,"PINEAPPLE JUC,CND,UNSWTND,W/ ADDED VIT C",12.87,0,3,0.200000003,53,0.36,9.979999542,86.37,0.014,0.042,0.008,0.12,250.0,1 cup
APPLE JUC,"APPLE JUC,FRZ CONC,UNSWTND,UNDIL,W/ VIT C",41.0,0,0,0.0,166,0.51,38.83000183,57.0,0.015,0.108,0.06,0.37,211.0,"1 can,  (6 fl oz)"
APPLE JUC,"APPLE JUC,FRZ CONC,UNSWTND,DIL W/3 VOLUME H2O,W/ VIT C",11.54,0,0,0.100000001,47,0.14,0.0,87.9,0.002,0.031,0.018,0.1,239.0,1 cup
JACKFRUIT,"JACKFRUIT,CND,SYRUP PK",23.94,0,0,0.899999976,92,0.36,0.0,75.28,0.0,0.0,0.0,0.14,178.0,"1 cup,  drained"
DATES,"DATES,MEDJOOL",74.97,0,10,6.699999809,277,1.81,66.47000122,21.32,0.0,0.0,0.0,0.15,23.52,"1 date, pitted"
DURIAN,"DURIAN,RAW OR FROZEN",27.09,0,0,3.799999952,147,1.47,0.0,64.99,0.0,0.0,0.0,5.33,243.0,"1 cup, chopped or diced"
No Category,PRUNE PUREE,65.1,0,0,3.299999952,257,2.1,39.0,30.0,0.0,0.0,0.016,0.2,36.0,2 tbsp
No Category,CANDIED FRUIT,82.74,0,2,1.600000024,322,0.34,80.68000031,16.7,0.008,0.02,0.01,0.07,0.0,
ABIYUCH,"ABIYUCH,RAW",17.6,0,0,5.300000191,69,1.5,8.550000191,79.9,0.0,0.0,0.014,0.1,114.0,.5 cup
ROWAL,"ROWAL,RAW",23.9,0,0,6.199999809,111,2.3,14.10000038,71.4,0.0,0.0,0.245,2.0,114.0,.5 cup
PINEAPPLE,"PINEAPPLE,RAW,TRADITIONAL VAR",11.82,0,6,0.0,45,0.55,8.289999962,87.24,0.0,0.0,0.0,0.13,164.53,"1 cup, chunks"
PINEAPPLE,"PINEAPPLE,RAW,EX SWT VAR",13.5,0,5,1.399999976,51,0.53,10.31999969,85.66,0.0,0.0,0.0,0.11,164.53,"1 cup, chunks"
USDA CMDTY,"USDA CMDTY,MXD FRUIT (PEACH,PEARS,GRAPES),CND,LT SYRUP,DRND",14.65,0,0,1.600000024,57,0.46,11.25,84.6,0.0,0.0,0.01,0.1,0.0,
USDA CMDTY,"USDA CMDTY,MXD FRUIT (PEACH,PEAR,GRAPE),CND,LT SYR,SOL & LIQ",14.3,0,0,1.200000048,55,0.41,11.46000004,85.02,0.0,0.0,0.01,0.08,0.0,
CLEMENTINES,"CLEMENTINES,RAW",12.02,0,14,1.700000048,47,0.85,9.180000305,86.58,0.0,0.0,0.0,0.15,74.05,1 fruit
GUANABANA NECTAR,"GUANABANA NECTAR,CND",14.93,0,2,0.100000001,59,0.11,13.06999969,84.72,0.051,0.039,0.029,0.17,251.0,1 cup
GUAVA NECTAR,"GUAVA NECTAR,CND",14.87,0,1,1.0,57,0.09,12.36999989,84.89,0.0,0.0,0.0,0.06,251.0,1 cup
MANGO NECTAR,"MANGO NECTAR,CND",13.12,0,2,0.300000012,51,0.11,12.44999981,86.63,0.022,0.011,0.014,0.06,251.0,1 cup
TAMARIND NECTAR,"TAMARIND NECTAR,CND",14.73,0,1,0.5,57,0.09,12.69999981,84.97,0.0,0.0,0.0,0.12,251.0,1 cup
USDA CMDTY PEACHES,"USDA CMDTY PEACHES,CND,LT SYRUP,DRND",15.65,0,0,0.699999988,61,0.56,10.60999966,83.43,0.0,0.0,0.0,0.15,0.0,
USDA CMDTY PEARS,"USDA CMDTY PEARS,CND,JUC PK,DRND",12.91,0,0,2.200000048,51,0.34,8.270000458,86.26,0.0,0.0,0.0,0.19,0.0,
USDA CMDTY PEARS,"USDA CMDTY PEARS,CND,LT SYRUP,DRND",16.21,0,0,1.600000024,62,0.28,11.22000027,83.16,0.0,0.0,0.0,0.15,0.0,
POMEGRANATE JUC,"POMEGRANATE JUC,BTLD",13.13,0,5,0.100000001,54,0.15,12.64999962,85.95,0.059,0.05,0.077,0.29,249.03,1 cup
JUICE,"JUICE,APPL & GRAPE BLEND,W/ ADDED VIT C",12.46,0,0,0.0,50,0.16,10.92000008,87.05,0.0,0.0,0.0,0.12,250.4,8 fl oz
JUICE,"JUICE,APPL,GRAPE & PEAR BLEND,W/ ADDED VIT C & CA",12.96,0,0,0.0,52,0.17,9.949999809,86.44,0.0,0.0,0.0,0.12,250.4,8 fl oz
PORK,"PORK,FRSH,ENHANCED,COMP OF FAT,CKD",0.32,81,46,0.0,585,10.06,0.0,28.28,24.9,8.49,21.382,60.42,0.0,
PORK,"PORK,FRSH,CARCASS,LN&FAT,RAW",0.0,74,0,0.0,376,13.91,0.0,49.83,15.93,3.8,12.44,35.07,28.35,1 oz
PORK,"PORK,FRSH,COMP OF RTL CUTS (LEG,LOIN,SHLDR),LN,RAW",0.0,61,74,0.0,143,21.07,0.0,72.34,2.66,0.63,2.03,5.88,28.35,1 oz
PORK,"PORK,FRSH,COMP OF LEG,LOIN,SHLDR,&SPARERIBS,LN&FAT,RAW",0.0,69,64,0.0,227,18.25,0.0,64.25,7.32,1.73,5.77,16.48,28.35,1 oz
PORK,"PORK,FRESH,BACKFAT,RAW",0.0,57,15,0.0,812,2.92,0.0,7.69,41.95,10.35,32.21,88.69,28.35,1 oz
PORK,"PORK,FRSH,BELLY,RAW",0.0,72,0,0.0,518,9.34,0.0,36.74,24.7,5.65,19.33,53.01,28.35,1 oz
PORK,"PORK,FRSH,FAT,RAW",0.0,77,25,0.0,665,5.82,0.0,23.97,29.22,10.218,25.082,70.99,28.35,1 oz
PORK,"PORK,FRSH,FAT,CKD",0.0,83,33,0.0,635,8.86,0.0,22.08,27.285,9.303,23.43,66.2,28.35,1 oz
PORK,"PORK,FRSH,LEG (HAM),WHL,LN&FAT,RAW",0.0,73,0,0.0,245,17.43,0.0,62.47,8.38,2.01,6.54,18.87,28.35,1 oz
PORK,"PORK,FRSH,LEG (HAM),WHL,LN&FAT,CKD,RSTD",0.0,94,92,0.0,273,26.83,0.0,55.04,7.88,1.68,6.47,17.61,135.0,"1 cup, diced"
PORK,"PORK,FRSH,LEG (HAM),WHL,LN,RAW",0.0,68,72,0.0,136,20.48,0.0,72.9,2.44,0.58,1.87,5.41,28.35,1 oz
PORK,"PORK,FRSH,LEG (HAM),WHL,LN,CKD,RSTD",0.0,94,101,0.0,211,29.41,0.0,60.66,4.45,0.85,3.3,9.44,135.0,"1 cup, diced"
PORK,"PORK,FRSH,LEG (HAM),RUMP HALF,LN&FAT,RAW",0.0,66,0,0.0,222,18.74,0.0,64.73,6.98,1.68,5.44,15.69,28.35,1 oz
PORK,"PORK,FRSH,LEG (HAM),RUMP HALF,LN&FAT,CKD,RSTD",0.0,96,99,0.0,252,28.88,0.0,56.8,6.37,1.38,5.25,14.28,135.0,"1 cup, diced"
PORK,"PORK,FRSH,LEG (HAM),RUMP HALF,LN,RAW",0.0,61,0,0.0,137,21.24,0.0,72.83,2.34,0.56,1.79,5.19,28.35,1 oz
PORK,"PORK,FRSH,LEG (HAM),RUMP HALF,LN,CKD,RSTD",0.0,96,0,0.0,206,30.94,0.0,60.95,3.77,0.76,2.87,8.14,135.0,"1 cup, diced"
PORK,"PORK,FRSH,LEG (HAM),SHANK HALF,LN&FAT,RAW",0.0,68,0,0.0,263,17.08,0.0,60.87,9.34,2.24,7.29,21.02,28.35,1 oz
PORK,"PORK,FRSH,LEG (HAM),SHANK HALF,LN&FAT,CKD,RSTD",0.0,92,0,0.0,289,25.34,0.0,53.77,9.02,1.89,7.36,20.06,135.0,"1 cup, diced"
PORK,"PORK,FRSH,LEG (HAM),SHANK HALF,LN,RAW",0.0,60,0,0.0,139,20.62,0.0,72.83,2.54,0.61,1.94,5.63,28.35,1 oz
PORK,"PORK,FRSH,LEG (HAM),SHANK HALF,LN,CKD,RSTD",0.0,92,0,0.0,215,28.21,0.0,60.43,5.02,0.91,3.63,10.5,135.0,"1 cup, diced"
PORK,"PORK,FRSH,LOIN,WHL,LN&FAT,RAW",0.0,63,70,0.0,198,19.74,0.0,66.92,5.61,1.34,4.36,12.58,453.6,1 lb
PORK,"PORK,FRSH,LOIN,WHL,LN&FAT,CKD,BRSD",0.0,80,94,0.0,239,27.23,0.0,58.27,6.06,1.17,5.11,13.62,85.0,3 oz
PORK,"PORK,FRSH,LOIN,WHL,LN&FAT,CKD,BRLD",0.0,80,94,0.0,242,27.32,0.0,57.87,6.19,1.2,5.23,13.92,85.0,3 oz
PORK,"PORK,FRSH,LOIN,WHL,LN&FAT,CKD,RSTD",0.0,82,93,0.0,248,27.09,0.0,57.51,6.51,1.21,5.37,14.65,85.0,3 oz
PORK,"PORK,FRSH,LOIN,WHL,LN,RAW",0.0,59,76,0.0,143,21.43,0.0,72.23,2.56,0.61,1.95,5.66,453.6,1 lb
PORK,"PORK,FRSH,LOIN,WHL,LN,CKD,BRSD",0.0,79,98,0.0,204,28.57,0.0,61.4,4.16,0.7,3.38,9.12,85.0,3 oz
PORK,"PORK,FRSH,LOIN,WHL,LN,CKD,BRLD",0.0,79,98,0.0,210,28.57,0.0,60.72,4.45,0.77,3.64,9.8,85.0,3 oz
PORK,"PORK,FRSH,LOIN,WHL,LN,CKD,RSTD",0.0,81,98,0.0,209,28.62,0.0,61.02,4.32,0.76,3.51,9.63,85.0,3 oz
PORK,"PORK,FRSH,LOIN,BLADE (CHOPS OR ROASTS),BONE-IN,LN&FAT,RAW",0.0,72,0,0.0,285,15.82,0.0,59.2,10.73,2.58,8.37,24.12,453.6,1 lb
PORK,"PORK,FRSH,LOIN,BLADE (CHOPS),BONE-IN,LN&FAT,CKD,BRSD",0.0,85,0,0.0,323,21.91,0.0,51.83,10.95,2.33,9.54,25.43,85.0,3 oz
PORK,"PORK,FRSH,LOIN,BLADE (CHOPS),BONE-IN,LN&FAT,CKD,BRLD",0.0,86,0,0.0,320,22.47,0.0,51.83,10.7,2.26,9.31,24.85,85.0,3 oz
PORK,"PORK,FRSH,LOIN,BLADE (ROASTS),BONE-IN,LN&FAT,CKD,RSTD",0.0,93,0,0.0,323,23.72,0.0,51.21,10.64,2.16,9.15,24.63,265.0,"1 piece, cooked, excluding refuse (yield from 1 lb raw meat with refuse)"
PORK,"PORK,FRSH,LOIN,BLADE (CHOPS OR ROASTS),BONE-IN,LN,RAW",0.0,64,0,0.0,157,19.27,0.0,71.8,3.73,0.89,2.85,8.25,453.6,1 lb
PORK,"PORK,FRSH,LOIN,BLADE (CHOPS),BONE-IN,LN,CKD,BRSD",0.0,83,86,0.0,225,25.03,0.0,61.02,5.68,1.03,4.74,13.07,85.0,3 oz
PORK,"PORK,FRSH,LOIN,BLADE (CHOPS),BONE-IN,LN,CKD,BRLD",0.0,84,0,0.0,234,25.36,0.0,59.86,6.04,1.11,5.06,13.89,85.0,3 oz
PORK,"PORK,FRSH,LOIN,BLADE (ROASTS),BONE-IN,LN,CKD,RSTD",0.0,93,0,0.0,247,26.6,0.0,58.2,6.46,1.1,5.31,14.81,213.0,"1 piece, cooked, excluding refuse (yield from 1 lb raw meat with refuse)"
PORK,"PORK,FRSH,LOIN,CNTR LOIN (CHOPS),BONE-IN,LN & FAT,RAW",0.0,69,56,0.0,170,20.71,0.0,69.7,3.548,1.19,2.993,9.03,198.55,"1 chop, without refuse (Yield from 1 raw chop, with refuse, weighing 259g)"
PORK,"PORK,FRSH,LOIN,CNTR LOIN (CHOPS),BONE-IN,LN&FAT,CKD,BRSD",0.0,86,0,0.0,247,27.94,0.0,57.4,6.2,1.24,5.32,14.15,85.0,3 oz
PORK,"PORK,FRSH,LOIN,CNTR LOIN (CHOPS),BONE-IN,LN&FAT,CKD,BRLD",0.0,84,73,0.0,209,25.61,0.0,62.27,4.22,1.359,3.518,11.06,156.82,"1 chop, without refuse (Yield from 1 cooked chop, with refuse, weighing 209g)"
PORK,"PORK,FRSH,LOIN,CNTR LOIN (ROASTS),BONE-IN,LN&FAT,CKD,RSTD",0.0,80,0,0.0,234,26.31,0.0,59.76,5.89,1.18,5.06,13.46,252.0,"1 piece, cooked, excluding refuse (yield from 1 lb raw meat with refuse)"
PORK,"PORK,FRSH,LOIN,CNTR LOIN (CHOPS),BONE-IN,LN,RAW",0.0,69,58,0.0,127,21.99,0.0,73.62,1.346,0.415,1.098,3.71,178.46,"1 chop, without refuse (Yield from 1 raw chop, with refuse, weighing 259g)"
PORK,"PORK,FRSH,LOIN,CNTR LOIN (CHOPS),BONE-IN,LN,CKD,BRSD",0.0,85,102,0.0,202,29.78,0.0,61.41,3.71,0.64,3.07,8.31,85.0,3 oz
PORK,"PORK,FRSH,LOIN,CNTR LOIN (CHOPS),BONE-IN,LN,CKD,BRLD",0.0,84,76,0.0,180,26.76,0.0,65.01,2.643,0.816,2.156,7.29,146.36,"1 chop, without refuse (Yield from 1 cooked chop, with refuse, weighing 209g)"
PORK,"PORK,FRSH,LOIN,CNTR LOIN (ROASTS),BONE-IN,LN,CKD,RSTD",0.0,79,0,0.0,199,27.55,0.0,62.98,4.0,0.72,3.34,9.01,231.0,"1 piece, cooked, excluding refuse (yield from 1 lb raw meat with refuse)"
PORK,"PORK,FRSH,LOIN,CNTR RIB (CHOPS OR ROASTS),BONE-IN,LN&FAT,RAW",0.0,58,55,0.0,186,20.28,0.0,67.83,4.566,1.438,3.824,11.04,133.12,"1 chop, without refuse (Yield from 1 raw chop, with refuse, weighing 201g)"
PORK,"PORK,FRSH,LOIN,CNTR RIB (CHOPS),BONE-IN,LN&FAT,CKD,BRSD",0.0,73,0,0.0,250,26.67,0.0,56.99,6.87,1.27,5.84,15.07,85.0,3 oz
PORK,"PORK,FRSH,LOIN,CNTR RIB (CHOPS),BONE-IN,LN&FAT,CKD,BRLD",0.0,67,70,0.0,222,24.42,0.0,61.66,5.41,1.593,4.486,13.04,112.1,"1 chop, without refuse (Yield from 1 cooked chop, with refuse, weighing 172g)"
PORK,"PORK,FRSH,LOIN,CNTR RIB (ROASTS),BONE-IN,LN&FAT,CKD,RSTD",0.0,73,0,0.0,255,27.43,0.0,55.99,6.98,1.28,5.92,15.28,224.0,"1 piece, cooked, excluding refuse (yield from 1 lb raw meat with refuse)"
PORK,"PORK,FRSH,LOIN,CNTR RIB (CHOPS OR ROASTS),BONE-IN,LN,RAW",0.0,56,58,0.0,136,21.79,0.0,72.4,1.999,0.524,1.61,4.8,121.03,"1 chop, without refuse (Yield from 1 raw chop, with refuse, weighing 201g)"
PORK,"PORK,FRSH,LOIN,CNTR RIB (CHOPS),BONE-IN,LN,CKD,BRSD",0.0,71,97,0.0,206,28.35,0.0,60.91,4.49,0.68,3.67,9.4,85.0,3 oz
PORK,"PORK,FRSH,LOIN,CNTR RIB (CHOPS),BONE-IN,LN,CKD,BRLD",0.0,66,73,0.0,186,25.79,0.0,65.14,3.482,0.913,2.816,8.36,103.48,"1 chop, without refuse (Yield from 1 cooked chop, with refuse, weighing 172g)"
PORK,"PORK,FRSH,LOIN,CNTR RIB (ROASTS),BONE-IN,LN,CKD,RSTD",0.0,71,0,0.0,223,28.72,0.0,58.77,5.25,0.85,4.35,11.16,206.0,"1 piece, cooked, excluding refuse (yield from 1 lb raw meat with refuse)"
PORK,"PORK,FRSH,LOIN,SIRLOIN (CHOPS OR ROASTS),BONE-IN,LN&FAT,RAW",0.0,70,79,0.0,168,20.48,0.0,70.29,3.581,1.147,2.978,8.96,1326.68,"1 roast, without refuse (Yield from 1 raw roast, with refuse, weighing 1817g)"
PORK,"PORK,FRSH,LOIN,SIRLOIN (CHOPS),BONE-IN,LN&FAT,CKD,BRSD",0.0,82,0,0.0,245,25.36,0.0,58.73,6.56,1.4,5.56,15.11,85.0,3 oz
PORK,"PORK,FRSH,LOIN,SIRLOIN (CHOPS),BONE-IN,LN&FAT,CKD,BRLD",0.0,86,92,0.0,259,26.65,0.0,56.4,6.99,1.5,5.93,16.09,85.0,3 oz
PORK,"PORK,FRSH,LOIN,SIRLOIN (ROASTS),BONE-IN,LN&FAT,CKD,RSTD",0.0,89,91,0.0,230,26.64,0.0,59.34,5.042,1.499,4.113,12.87,1045.56,"1 roast, without refuse (Yield from 1 cooked roast, with refuse, weighing 1515g)"
PORK,"PORK,FRSH,LOIN,SIRLOIN (CHOPS OR ROASTS),BONE-IN,LN,RAW",0.0,69,84,0.0,129,21.65,0.0,73.98,1.537,0.424,1.217,4.02,1217.31,"1 roast, without refuse (Yield from 1 raw roast, with refuse, weighing 1818g)"
PORK,"PORK,FRSH,LOIN,SIRLOIN (CHOPS),BONE-IN,LN,CKD,BRSD",0.0,81,0,0.0,197,27.0,0.0,63.16,3.97,0.78,3.2,9.01,85.0,3 oz
PORK,"PORK,FRSH,LOIN,SIRLOIN (CHOPS),BONE-IN,LN,CKD,BRLD",0.0,85,98,0.0,213,28.46,0.0,60.54,4.45,0.89,3.61,10.12,85.0,3 oz
PORK,"PORK,FRSH,LOIN,SIRLOIN (ROASTS),BONE-IN,LN,CKD,RSTD",0.0,89,94,0.0,204,27.78,0.0,61.74,3.612,0.997,2.871,9.44,85.0,"3 oz,  (Yield from 1 cooked roast, with refuse, weighing 1515g)"
No Category,PORK  FRSH  LOIN  TENDERLOIN   LN ONLY  RAW,0.0,65,81,0.0,109,20.95,0.0,76.0,0.792,0.367,0.698,2.17,247.22,"1 roast, without refuse (Yield from 1 raw roast, with refuse, weighing 504g)"
PORK,"PORK,FRSH,LOIN,TENDERLOIN,LN,CKD,RSTD",0.0,73,89,0.0,143,26.17,0.0,69.45,1.334,0.506,1.198,3.51,0.0,
PORK,"PORK,FRSH,LOIN,TOP LOIN (CHOPS),BNLESS,LN & FAT,RAW",0.0,67,58,0.0,155,21.55,0.0,70.38,2.985,0.878,2.45,6.94,184.67,1 chop
PORK,"PORK,FRSH,LOIN,TOP LOIN (CHOPS),BNLESS,LN & FAT,CKD,BRSD",0.0,75,0,0.0,233,27.82,0.0,58.22,5.7,1.04,4.71,12.68,148.1,"1 chop, boneless (yield from 193g raw meat)"
PORK,"PORK,FRSH,LOIN,TOP LOIN (CHOPS),BNLESS,LN & FAT,CKD,BRLD",0.0,73,76,0.0,197,26.6,0.0,62.86,3.942,1.061,3.196,9.23,144.93,1 chop
PORK,"PORK,FRSH,LOIN,TOP LOIN (ROASTS),BNLESS,LN&FAT,CKD,RSTD",0.0,80,76,0.0,192,26.45,0.0,63.76,3.517,0.999,2.839,8.82,848.41,1 roast
PORK,"PORK,FRSH,LOIN,TOP LOIN (CHOPS),BNLESS,LN,RAW",0.0,66,60,0.0,127,22.41,0.0,72.93,1.546,0.366,1.208,3.42,184.67,1 chop
PORK,"PORK,FRSH,LOIN,TOP LOIN (CHOPS),BNLESS,LN,CKD,BRSD",0.0,73,0,0.0,202,29.07,0.0,61.01,3.97,0.61,3.13,8.59,85.0,3 oz
PORK,"PORK,FRSH,LOIN,TOP LOIN (CHOPS),BNLESS,LN,CKD,BRLD",0.0,72,78,0.0,173,27.58,0.0,65.11,2.651,0.605,2.077,6.08,144.93,1 chop
PORK,"PORK,FRSH,LOIN,TOP LOIN (ROASTS),BNLESS,LN,CKD,RSTD",0.0,79,77,0.0,173,27.23,0.0,65.6,2.464,0.631,1.927,6.28,848.41,1 roast
PORK,"PORK,FRSH,SHLDR,WHL,LN&FAT,RAW",0.0,71,61,0.0,236,17.18,0.0,64.02,8.01,1.92,6.24,17.99,28.35,1 oz
PORK,"PORK,FRSH,SHLDR,WHL,LN&FAT,CKD,RSTD",0.0,90,80,0.0,292,23.28,0.0,54.8,9.47,2.05,7.86,21.39,135.0,"1 cup, diced"
PORK,"PORK,FRSH,SHLDR,WHL,LN,RAW",0.0,67,0,0.0,148,19.55,0.0,72.63,3.23,0.77,2.47,7.14,28.35,1 oz
PORK,"PORK,FRSH,SHLDR,WHL,LN,CKD,RSTD",0.0,90,87,0.0,230,25.33,0.0,60.64,6.17,1.25,4.79,13.54,135.0,"1 cup, diced"
PORK,"PORK,FRSH,SHLDR,ARM PICNIC,LN&FAT,RAW",0.0,71,0,0.0,253,16.69,0.0,62.06,8.97,2.16,7.0,20.19,28.35,1 oz
PORK,"PORK,FRSH,SHLDR,ARM PICNIC,LN&FAT,CKD,BRSD",0.0,109,96,0.0,329,27.99,0.0,47.65,10.38,2.28,8.49,23.22,135.0,"1 cup, diced"
PORK,"PORK,FRSH,SHLDR,ARM PICNIC,LN&FAT,CKD,RSTD",0.0,94,0,0.0,317,23.47,0.0,52.04,10.72,2.35,8.78,24.01,135.0,"1 cup, diced"
PORK,"PORK,FRSH,SHLDR,ARM PICNIC,LN,RAW",0.0,65,0,0.0,140,19.75,0.0,73.13,2.78,0.66,2.13,6.16,28.35,1 oz
PORK,"PORK,FRSH,SHLDR,ARM PICNIC,LN,CKD,BRSD",0.0,114,111,0.0,248,32.26,0.0,54.26,5.78,1.16,4.16,12.21,198.0,"1 piece, cooked, excluding refuse (yield from 1 lb raw meat with refuse)"
PORK,"PORK,FRSH,SHLDR,ARM PICNIC,LN,CKD,RSTD",0.0,95,0,0.0,228,26.68,0.0,60.27,5.98,1.2,4.3,12.62,191.0,"1 piece, cooked, excluding refuse (yield from 1 lb raw meat with refuse)"
PORK,"PORK,FRSH,SHLDR,(BOSTON BUTT),BLADE (STEAKS),LN & FAT,RAW",0.0,62,73,0.0,186,17.42,0.0,69.18,5.206,1.597,4.348,12.36,288.33,"1 steak, without refuse (Yield from 1 raw steak, with refuse, weighing 380g)"
PORK,"PORK,FRSH,SHLDR,(BOSTON BUTT),BLADE (STKS),LN & FAT,CKD,BRSD",0.0,98,102,0.0,267,25.07,0.0,54.95,7.987,2.072,6.584,17.69,184.57,"1 steak, without refuse (Yield from 1 cooked steak, with refuse, weighing 249g)"
PORK,"PORK,FRSH,SHLDR,BLADE,BOSTON (STEAKS),LN&FAT,CKD,BRLD",0.0,95,88,0.0,259,25.58,0.0,57.25,7.42,1.46,5.95,16.61,85.0,3 oz
PORK,"PORK,FRSH,SHLDR,BLADE,BOSTON (ROASTS),LN&FAT,CKD,RSTD",0.0,86,79,0.0,269,23.11,0.0,57.47,8.27,1.76,6.97,18.86,262.0,"1 piece, cooked, excluding refuse (yield from 1 lb raw meat with refuse)"
PORK,"PORK,FRSH,SHLDR,(BOSTON BUTT),BLADE (STEAKS),LN,RAW",0.0,60,79,0.0,132,18.73,0.0,74.31,2.484,0.62,1.998,5.71,257.98,"1 steak, without refuse (Yield from 1 raw steak, with refuse, weighing 379g)"
PORK,"PORK,FRSH,SHLDR,(BOSTON BUTT),BLADE (STEAKS),LN,CKD,BRSD",0.0,100,109,0.0,233,26.57,0.0,58.0,6.199,1.402,5.023,13.2,169.6,"1 steak, without refuse (Yield from 1 cooked steak, with refuse, weighing 249g)"
PORK,"PORK,FRSH,SHLDR,BLADE,BOSTON (STEAKS),LN,CKD,BRLD",0.0,94,92,0.0,227,26.74,0.0,60.07,5.64,1.08,4.45,12.54,85.0,3 oz
PORK,"PORK,FRSH,SHLDR,BLADE,BOSTON (ROASTS),LN,CKD,RSTD",0.0,85,83,0.0,232,24.21,0.0,60.94,6.34,1.29,5.19,14.3,238.0,"1 piece, cooked, excluding refuse (yield from 1 lb raw meat with refuse)"
PORK,"PORK,FRSH,SPARERIBS,LN&FAT,RAW",0.0,80,60,0.0,277,15.47,0.0,59.75,8.542,3.953,7.529,23.4,1296.7,"1 rack, without refuse (Yield from 1 raw rack, with refuse, weighing 1852g)"
PORK,"PORK,FRSH,SPARERIBS,LN&FAT,CKD,BRSD",0.0,121,100,0.0,397,29.06,0.0,40.42,13.48,2.73,11.12,30.3,177.0,"1 piece, cooked, excluding refuse (yield from 1 lb raw meat with refuse)"
PORK,"PORK,FRSH,COMP OF RTL CUTS (LEG,LOIN,&SHLDR),LN,CKD",0.0,86,101,0.0,212,29.27,0.0,60.31,4.35,0.75,3.41,9.66,231.0,"1 piece, cooked, excluding refuse (yield from 1 lb raw meat with refuse)"
PORK,"PORK,FRSH,VAR MEATS&BY-PRODUCTS,BRAIN,RAW",0.0,2195,0,0.0,127,10.28,0.0,78.36,1.659,1.429,2.079,9.21,28.35,1 oz
PORK,"PORK,FRSH,VAR MEATS&BY-PRODUCTS,BRAIN,CKD,BRSD",0.0,2552,0,0.0,138,12.14,0.0,75.88,1.72,1.47,2.15,9.51,382.0,"1 unit, cooked (yield from 1 lb raw meat)"
PORK,"PORK,FRSH,VAR MEATS&BY-PRODUCTS,CHITTERLINGS,RAW",0.0,154,0,0.0,182,7.64,0.0,76.11,5.367,0.968,7.619,16.61,28.35,1 oz
PORK,"PORK,FRSH,VAR MEATS&BY-PRODUCTS,CHITTERLINGS,CKD,SIMMRD",0.0,277,471,0.0,233,12.49,0.0,67.87,7.073,1.217,9.52,20.32,85.0,3 oz
PORK,"PORK,FRSH,VAR MEATS&BY-PRODUCTS,EARS,FRZ,RAW",0.6,82,0,0.0,234,22.45,0.0,61.25,6.86,1.61,5.39,15.1,28.35,1 oz
PORK,"PORK,FRSH,VAR MEATS&BY-PRODUCTS,EARS,FRZ,CKD,SIMMRD",0.2,90,0,0.0,166,15.95,0.0,72.65,4.91,1.15,3.86,10.8,111.0,"1 ear,  (yield after cooking)"
PORK,"PORK,FRSH,VAR MEATS&BY-PRODUCTS,FEET,RAW",0.0,88,0,0.0,212,23.16,0.0,64.99,6.289,1.092,3.57,12.59,28.35,1 oz
PORK,"PORK,FRSH,VAR MEATS&BY-PRODUCTS,HEART,RAW",1.33,131,0,0.0,118,17.27,0.0,76.21,1.02,1.12,1.16,4.36,28.35,1 oz
PORK,"PORK,FRSH,VAR MEATS&BY-PRODUCTS,HEART,CKD,BRSD",0.4,221,0,0.0,148,23.6,0.0,68.08,1.18,1.3,1.34,5.05,145.0,1 cup
PORK,"PORK,FRSH,VAR MEATS&BY-PRODUCTS,JOWL,RAW",0.0,90,0,0.0,655,6.38,0.0,22.19,32.89,8.11,25.26,69.61,28.35,1 oz
PORK,"PORK,FRSH,VAR MEATS&BY-PRODUCTS,KIDNEYS,RAW",0.0,319,0,0.0,100,16.46,0.0,80.06,1.07,0.26,1.04,3.25,28.35,1 oz
PORK,"PORK,FRSH,VAR MEATS&BY-PRODUCTS,KIDNEYS,CKD,BRSD",0.0,480,0,0.0,151,25.4,0.0,68.7,1.55,0.38,1.51,4.7,140.0,1 cup
PORK,"PORK,FRSH,VAR MEATS&BY-PRODUCTS,LEAF FAT,RAW",0.0,110,0,0.0,857,1.76,0.0,4.09,37.22,7.28,45.23,94.16,28.35,1 oz
PORK,"PORK,FRSH,VAR MEATS&BY-PRODUCTS,LIVER,RAW",2.47,301,0,0.0,134,21.39,0.0,71.06,0.52,0.87,1.17,3.65,28.35,1 oz
PORK,"PORK,FRSH,VAR MEATS&BY-PRODUCTS,LIVER,CKD,BRSD",3.76,355,0,0.0,165,26.02,0.0,64.32,0.63,1.05,1.41,4.4,354.0,"1 unit, cooked (yield from 1 lb raw meat)"
PORK,"PORK,FRSH,VAR MEATS&BY-PRODUCTS,LUNGS,RAW",0.0,320,0,0.0,85,14.08,0.0,79.52,0.61,0.34,0.96,2.72,28.35,1 oz
PORK,"PORK,FRSH,VAR MEATS&BY-PRODUCTS,LUNGS,CKD,BRSD",0.0,387,0,0.0,99,16.6,0.0,80.0,0.7,0.38,1.09,3.1,300.0,"1 unit, cooked (yield from 1 lb raw meat)"
PORK,"PORK,FRSH,VAR MEATS&BY-PRODUCTS,MECHANICALLY SEPARATED,RAW",0.0,77,0,0.0,304,15.03,0.0,56.87,12.26,2.44,9.82,26.54,28.35,1 oz
PORK,"PORK,FRSH,VAR MEATS&BY-PRODUCTS,PANCREAS,RAW",0.0,193,0,0.0,199,18.56,0.0,67.18,4.6,2.48,4.58,13.24,28.35,1 oz
PORK,"PORK,FRSH,VAR MEATS&BY-PRODUCTS,PANCREAS,CKD,BRSD",0.0,315,0,0.0,219,28.5,0.0,60.3,3.75,2.03,3.73,10.8,245.0,"1 unit, cooked (yield from 1 lb raw meat)"
PORK,"PORK,FRSH,VAR MEATS&BY-PRODUCTS,SPLEEN,RAW",0.0,363,0,0.0,100,17.86,0.0,78.43,0.69,0.19,0.86,2.59,28.35,1 oz
PORK,"PORK,FRSH,VAR MEATS&BY-PRODUCTS,SPLEEN,CKD,BRSD",0.0,504,0,0.0,149,28.2,0.0,66.7,0.86,0.23,1.06,3.2,299.0,"1 unit, cooked (yield from 1 lb raw meat)"
PORK,"PORK,FRSH,VAR MEATS&BY-PRODUCTS,STOMACH,RAW",0.0,223,195,0.0,159,16.85,0.0,73.5,3.59,0.892,4.025,10.14,28.35,1 oz
PORK,"PORK,FRSH,LOIN,BLADE (CHOPS),BONE-IN,LN,CKD,PAN-FRIED",0.0,82,85,0.0,241,24.74,0.0,59.31,6.25,1.95,5.16,15.08,85.0,3 oz
PORK,"PORK,FRSH,VAR MEATS&BY-PRODUCTS,TONGUE,RAW",0.0,101,0,0.0,225,16.3,0.0,65.9,8.13,1.78,5.96,17.2,28.35,1 oz
PORK,"PORK,FRSH,VAR MEATS&BY-PRODUCTS,TONGUE,CKD,BRSD",0.0,146,0,0.0,271,24.1,0.0,56.9,8.759,1.93,6.449,18.6,231.0,"1 piece, cooked, excluding refuse (yield from 1 lb raw meat with refuse)"
PORK,"PORK,CURED,BACON,RAW",0.66,68,47,0.0,458,11.6,0.0,40.2,20.047,5.034,14.993,45.04,0.0,
PORK,"PORK,CURED,BACON,CKD,BRLD,PAN-FRIED OR RSTD",1.43,110,123,0.0,541,37.04,0.0,12.32,18.52,4.548,13.739,41.78,8.02,"1 slice, cooked"
PORK,"PORK,CURED,BRKFST STRIPS,RAW OR UNHTD",0.7,69,0,0.0,388,11.74,0.0,47.41,16.79,5.55,12.91,37.16,340.0,"1 package,  (12 oz)"
PORK,"PORK,CURED,BRKFST STRIPS,CKD",1.05,105,96,0.0,459,28.95,0.0,26.93,16.4,5.65,12.77,36.7,170.0,"1 package,  (12 oz)"
PORK,"PORK,CURED,CANADIAN-STYLE BACON,UNHTD",1.68,50,69,0.0,157,20.64,0.0,66.93,3.15,0.63,2.22,6.97,170.0,"1 package,  (6 oz)"
PORK,"PORK,CURED,CANADIAN-STYLE BACON,GRILLED",1.35,58,81,0.0,185,24.24,0.0,61.7,4.04,0.81,2.84,8.44,139.0,"1 package,  (6 oz) yields"
PORK,"PORK,CURED,FEET,PICKLED",0.01,83,44,0.0,140,11.63,0.0,75.0,5.677,0.784,2.945,10.02,28.35,1 oz
PORK,"PORK,CURED,HAM,BNLESS,EX LN (APPROX 5% FAT),RSTD",1.5,53,85,0.0,145,20.93,0.0,67.67,2.62,0.54,1.81,5.53,140.0,1 cup
PORK,"PORK,CURED,HAM,BNLESS,REG (APPROX 11% FAT),RSTD",0.0,59,88,0.0,178,22.62,0.0,64.54,4.44,1.41,3.12,9.02,140.0,1 cup
PORK,"PORK,CURED,HAM,EX LN (APPROX 4% FAT),CND,UNHTD",0.0,38,70,0.0,120,18.49,0.0,73.52,2.21,0.39,1.51,4.56,140.0,1 cup
PORK,"PORK,CURED,HAM,EX LN (APPROX 4% FAT),CND,RSTD",0.52,30,0,0.0,136,21.16,0.0,69.45,2.49,0.44,1.6,4.88,140.0,1 cup
PORK,"PORK,CURED,HAM,REG (APPROX 13% FAT),CND,UNHTD",0.02,39,65,0.0,190,16.97,0.0,66.54,6.18,1.47,4.25,12.99,140.0,1 cup
PORK,"PORK,CURED,HAM,REG (APPROX 13% FAT),CND,RSTD",0.42,62,0,0.0,226,20.53,0.0,60.93,7.07,1.78,5.04,15.2,140.0,1 cup
PORK,"PORK,CURED,HAM,CNTR SLICE,COUNTRY-STYLE,LN,RAW",0.3,70,106,0.0,195,27.8,0.0,55.93,3.821,0.97,2.78,8.32,28.35,1 oz
PORK,"PORK,CURED,HAM,CNTR SLICE,LN&FAT,UNHTD",0.05,54,0,0.0,203,20.17,0.0,63.46,6.092,1.411,4.572,12.9,28.35,1 oz
PORK,"PORK,CURED,HAM,PATTIES,UNHTD",1.69,70,0,0.0,315,12.78,0.0,54.4,13.26,3.04,10.13,28.19,28.35,1 oz
PORK,"PORK,CURED,HAM,PATTIES,GRILLED",1.7,72,52,0.0,342,13.3,0.0,51.35,14.67,3.33,11.09,30.85,59.5,"1 patty, cooked"
PORK,"PORK,CURED,HAM,STEAK,BNLESS,EX LN,UNHTD",0.0,45,0,0.0,122,19.56,0.0,72.24,1.96,0.47,1.44,4.25,28.35,1 oz
PORK,"PORK,CURED,HAM,WHL,LN&FAT,UNHTD",0.06,56,0,0.0,246,18.49,0.0,59.71,8.7,1.64,6.62,18.52,140.0,1 cup
PORK,"PORK,CURED,HAM,WHL,LN&FAT,RSTD",0.0,62,84,0.0,243,21.57,0.0,58.4,7.88,1.81,5.98,16.77,140.0,1 cup
PORK,"PORK,CURED,HAM,WHL,LN,UNHTD",0.05,52,85,0.0,147,22.32,0.0,68.26,2.62,0.66,1.92,5.71,140.0,1 cup
PORK,"PORK,CURED,HAM,WHL,LN,RSTD",0.0,55,102,0.0,157,25.05,0.0,65.78,2.53,0.63,1.84,5.5,140.0,1 cup
USDA CMDTY,"USDA CMDTY,PORK,CND",0.59,75,102,0.0,196,19.4,0.0,65.82,5.935,1.79,4.225,12.95,815.17,1 can
PORK,"PORK,CURED,SALT PORK,RAW",0.0,86,19,0.0,748,5.05,0.0,11.0,37.94,9.4,29.38,80.5,28.35,1 oz
PORK,"PORK,CURED,FAT (FROM HAM&ARM PICNIC),UNHTD",0.09,68,23,0.0,579,5.68,0.0,31.06,29.47,6.53,22.52,61.41,28.35,1 oz
PORK,"PORK,CURED,FAT (FROM HAM&ARM PICNIC),RSTD",0.0,86,0,0.0,591,7.64,0.0,28.89,29.69,6.58,22.69,61.86,28.35,1 oz
PORK,"PORK,CURED,SHLDR,ARM PICNIC,LN&FAT,RSTD",0.0,58,80,0.0,280,20.43,0.0,54.73,10.14,2.32,7.67,21.35,140.0,1 cup
PORK,"PORK,CURED,SHLDR,ARM PICNIC,LN,RSTD",0.0,48,101,0.0,170,24.94,0.0,63.86,3.23,0.81,2.36,7.04,140.0,1 cup
PORK,"PORK,CURED,SHLDR,BLADE ROLL,LN&FAT,UNHTD",0.0,53,0,0.0,269,16.47,0.0,59.13,9.755,2.334,7.939,21.98,28.35,1 oz
PORK,"PORK,CURED,SHLDR,BLADE ROLL,LN&FAT,RSTD",0.37,67,0,0.0,287,17.28,0.0,56.18,11.03,2.51,8.38,23.48,376.0,"1 piece, cooked (yield from 1 lb unheated product)"
PORK,"PORK,FRSH,VAR MEATS&BY-PRODUCTS,FEET,CKD,SIMMRD",0.0,107,75,0.0,232,21.94,0.0,62.85,8.005,1.54,4.343,16.05,85.0,3 oz
PORK,"PORK,FRSH,VAR MEATS&BY-PRODUCTS,TAIL,RAW",0.0,97,0,0.0,378,17.75,0.0,46.05,15.8,3.68,11.64,33.5,28.35,1 oz
PORK,"PORK,FRSH,VAR MEATS&BY-PRODUCTS,TAIL,CKD,SIMMRD",0.0,129,0,0.0,396,17.0,0.0,46.7,16.89,3.94,12.45,35.8,275.0,"1 piece, cooked, excluding refuse (yield from 1 lb raw meat with refuse)"
PORK,"PORK,FRSH,LOIN,CNTR LOIN (CHOPS),BONE-IN,LN,CKD,PAN-FRIED",0.0,92,111,0.0,232,32.18,0.0,56.81,4.45,1.34,3.64,10.47,85.0,3 oz
PORK,"PORK,FRSH,LOIN,CNTR RIB (CHOPS),BONE-IN,LN,CKD,PAN-FRIED",0.0,70,97,0.0,218,28.11,0.0,59.69,4.91,1.34,3.98,10.87,85.0,3 oz
PORK,"PORK,FRSH,LOIN,BLADE (CHOPS),BONE-IN,LN&FAT,CKD,PAN-FRIED",0.0,85,74,0.0,342,21.49,0.0,49.95,11.72,3.1,10.17,27.74,85.0,3 oz
PORK,"PORK,FRSH,LOIN,CNTR LOIN CHOPS,BONE-IN,LN&FAT,CKD,PAN-FRIED",0.0,92,103,0.0,277,29.91,0.0,52.98,7.06,1.91,6.01,16.56,85.0,3 oz
PORK,"PORK,FRSH,LOIN,CNTR RIB (CHOPS),BONE-IN,LN&FAT,CKD,PAN-FRIED",0.0,73,90,0.0,265,26.28,0.0,55.5,7.49,1.92,6.34,16.97,85.0,3 oz
PORK,"PORK,FRSH,LOIN,TOP LOIN (CHOPS),BNLESS,LN,CKD,PAN-FRIED",0.0,77,105,0.0,225,30.48,0.0,57.62,4.6,1.29,3.6,10.5,85.0,3 oz
PORK,"PORK,CURED,HAM,BNLESS,EX LN&REG,UNHTD",2.28,53,70,0.0,162,18.26,0.0,66.92,3.94,0.93,2.7,8.39,140.0,1 cup
PORK,"PORK,CURED,HAM,BNLESS,EX LN&REG,RSTD",0.5,57,86,0.0,165,21.97,0.0,65.75,3.74,1.07,2.61,7.66,140.0,1 cup
PORK,"PORK,CURED,HAM,EX LN&REG,CND,UNHTD",0.0,38,69,0.0,144,17.97,0.0,71.12,3.57,0.76,2.45,7.46,140.0,1 cup
PORK,"PORK,CURED,HAM,EX LN&REG,CND,RSTD",0.49,41,82,0.0,167,20.94,0.0,66.52,4.06,0.9,2.81,8.43,140.0,1 cup
PORK,"PORK,FRSH,LOIN,TOP LOIN (CHOPS),BNLESS,LN&FAT,CKD,PAN-FRIED",0.0,78,100,0.0,257,29.0,0.0,54.84,6.45,1.7,5.3,14.83,85.0,3 oz
PORK,"PORK,FRSH,COMP (LEG,LOIN,SHLDR,&SPARERIBS),LN&FAT,RAW",0.0,67,0,0.0,216,18.95,0.0,65.11,6.63,1.55,5.28,14.95,28.35,1 oz
PORK,"PORK,FRSH,COMP (LEG,LOIN,SHLDR,&SPARERIBS),LN&FAT,CKD",0.0,91,95,0.0,273,27.57,0.0,54.55,7.64,1.45,6.22,17.18,247.0,"1 piece, cooked, excluding refuse (yield from 1 lb raw meat with refuse)"
PORK,"PORK,FRSH,BACKRIBS,LN&FAT,RAW",0.0,81,0,0.0,282,16.12,0.0,59.39,10.65,1.96,8.73,23.58,28.35,1 oz
PORK,"PORK,FRSH,BACKRIBS,LN&FAT,CKD,RSTD",0.0,118,0,0.0,370,24.26,0.0,45.44,13.46,2.32,10.99,29.58,219.0,"1 piece, cooked, excluding refuse (yield from 1 lb raw meat with refuse)"
PORK,"PORK,FRSH,LOIN,CNTR RIB (CHOPS OR ROASTS),BNLESS,LN&FAT,RAW",0.0,60,0,0.0,211,19.9,0.0,66.15,6.25,1.5,4.86,14.01,453.6,1 lb
PORK,"PORK,FRSH,LOIN,CNTR RIB (CHOPS),BNLESS,LN&FAT,CKD,BRSD",0.0,73,0,0.0,255,26.29,0.0,58.15,7.21,1.32,6.12,15.79,85.0,3 oz
PORK,"PORK,FRSH,LOIN,CNTR RIB (CHOPS),BNLESS,LN&FAT,CKD,BRLD",0.0,82,0,0.0,260,27.63,0.0,53.37,7.01,1.24,5.79,15.76,85.0,3 oz
PORK,"PORK,FRSH,LOIN,CNTR RIB (CHOPS),BNLESS,LN&FAT,CKD,PAN-FRIED",0.0,73,89,0.0,273,25.82,0.0,56.34,7.96,2.08,6.72,18.05,85.0,3 oz
PORK,"PORK,FRSH,LOIN,CNTR RIB (ROASTS),BNLESS,LN&FAT,CKD,RSTD",0.0,81,0,0.0,252,26.99,0.0,57.33,6.68,1.3,5.35,15.15,317.0,"1 piece, cooked, excluding refuse (yield from 1 lb raw meat with refuse)"
PORK,"PORK,FRSH,LOIN,CNTR RIB (CHOPS OR ROASTS),BNLESS,LN,RAW",0.0,55,0,0.0,152,21.8,0.0,71.98,2.93,0.7,2.24,6.48,453.6,1 lb
PORK,"PORK,FRSH,LOIN,CNTR RIB (CHOPS),BNLESS,LN,CKD,BRSD",0.0,71,96,0.0,211,27.95,0.0,62.25,4.85,0.73,3.96,10.14,85.0,3 oz
PORK,"PORK,FRSH,LOIN,CNTR RIB (CHOPS),BNLESS,LN,CKD,BRLD",0.0,81,0,0.0,216,29.46,0.0,56.95,4.6,0.64,3.57,10.05,85.0,3 oz
PORK,"PORK,FRSH,LOIN,CNTR RIB (CHOPS),BNLESS,LN,CKD,PAN-FRIED",0.0,70,95,0.0,224,27.68,0.0,60.86,5.31,1.49,4.3,11.8,85.0,3 oz
PORK,"PORK,FRSH,LOIN,CNTR RIB (ROASTS),BNLESS,LN,CKD,RSTD",0.0,83,0,0.0,214,28.81,0.0,60.61,4.49,0.85,3.54,10.13,283.0,"1 piece, cooked, excluding refuse (yield from 1 lb raw meat with refuse)"
PORK,"PORK,FRSH,LOIN,COUNTRY-STYLE RIBS,LN&FAT,RAW",0.0,74,81,0.0,189,19.34,0.0,68.22,5.004,1.55,4.184,11.82,127.94,"1 rib, without refuse (Yield from 1 raw rib, with refuse, weighing 196g)"
PORK,"PORK,FRSH,LOIN,COUNTRY-STYLE RIBS,LN&FAT,CKD,BRSD",0.0,103,108,0.0,273,26.49,0.0,53.9,7.654,2.138,6.302,17.71,85.88,"1 rib, without refuse (Yield from 1 cooked rib, with refuse, weighing 140g)"
PORK,"PORK,FRSH,LOIN,COUNTRY-STYLE RIBS,LN&FAT,CKD,RSTD",0.0,92,0,0.0,328,23.4,0.0,50.87,11.01,2.01,9.21,25.34,241.0,"1 piece, cooked, excluding refuse (yield from 1 lb raw meat with refuse)"
PORK,"PORK,FRSH,LOIN,COUNTRY-STYLE RIBS,LN,RAW",0.0,74,87,0.0,140,20.76,0.0,72.84,2.477,0.645,2.003,5.64,116.13,"1 rib, without refuse (Yield from 1 raw rib, with refuse, weighing 197g)"
PORK,"PORK,FRSH,LOIN,COUNTRY-STYLE RIBS,LN,CKD,BRSD",0.0,105,114,0.0,247,27.74,0.0,56.16,6.26,1.629,5.086,14.26,80.25,"1 rib, without refuse (yield from 1 cooked rib, with refuse, weighing 141g)"
PORK,"PORK,FRSH,LOIN,COUNTRY-STYLE RIBS,LN,CKD,RSTD",0.0,93,0,0.0,247,26.6,0.0,58.2,6.46,1.1,5.31,14.81,193.0,"1 piece, cooked, excluding refuse (yield from 1 lb raw meat with refuse)"
PORK,"PORK,FRSH,LOIN,SIRLOIN (CHOPS OR ROASTS),BNLESS,LN&FAT,RAW",0.0,64,0,0.0,145,20.57,0.0,71.93,2.83,0.68,2.18,6.31,453.6,1 lb
PORK,"PORK,FRSH,LOIN,SIRLOIN (CHOPS),BNLESS,LN&FAT,CKD,BRSD",0.0,81,91,0.0,189,26.54,0.0,63.6,3.66,0.75,3.03,8.38,85.0,3 oz
PORK,"PORK,FRSH,LOIN,SIRLOIN (CHOPS),BNLESS,LN&FAT,CKD,BRLD",0.0,91,105,0.0,208,30.52,0.0,60.11,3.75,0.69,2.88,8.6,85.0,3 oz
PORK,"PORK,FRSH,LOIN,SIRLOIN (ROASTS),BNLESS,LN&FAT,CKD,RSTD",0.0,86,98,0.0,207,28.5,0.0,60.48,4.12,0.85,3.42,9.43,315.0,"1 piece, cooked, excluding refuse (yield from 1 lb raw meat with refuse)"
PORK,"PORK,FRSH,LOIN,SIRLOIN (CHOPS OR ROASTS),BNLESS,LN,RAW",0.0,63,0,0.0,128,21.06,0.0,73.55,1.91,0.45,1.46,4.22,453.6,1 lb
PORK,"PORK,FRSH,LOIN,SIRLOIN (CHOPS),BNLESS,LN,CKD,BRSD",0.0,81,0,0.0,175,27.0,0.0,64.9,2.9,0.57,2.34,6.6,85.0,3 oz
PORK,"PORK,FRSH,LOIN,SIRLOIN (CHOPS),BNLESS,LN,CKD,BRLD",0.0,92,107,0.0,193,31.13,0.0,61.43,2.91,0.53,2.22,6.67,85.0,3 oz
PORK,"PORK,FRSH,LOIN,SIRLOIN (ROASTS),BNLESS,LN,CKD,RSTD",0.0,86,99,0.0,198,28.85,0.0,61.28,3.62,0.73,2.97,8.27,308.0,"1 piece, cooked, excluding refuse (yield from 1 lb raw meat with refuse)"
PORK,"PORK,FRSH,LOIN,TENDERLOIN,LN&FAT,RAW",0.0,65,80,0.0,120,20.65,0.0,74.97,1.355,0.562,1.181,3.53,504.53,"1 roast,  (Yield from 1 raw roast, with refuse, weighing 504g)"
PORK,"PORK,FRESH,GROUND,RAW",0.0,72,0,0.0,263,16.88,0.0,61.06,9.44,1.91,7.87,21.19,28.35,1 oz
PORK,"PORK,FRESH,GROUND,COOKED",0.0,94,88,0.0,297,25.69,0.0,52.75,9.25,1.87,7.72,20.77,313.0,"1 unit, cooked (yield from 1 lb raw meat)"
PORK,"PORK,FRSH,LOIN,TENDERLOIN,LN&FAT,CKD,BRLD",0.0,94,0,0.0,201,29.86,0.0,61.09,3.34,0.74,2.93,8.11,85.0,3 oz
PORK,"PORK,FRSH,LOIN,TENDERLOIN,LN&FAT,CKD,RSTD",0.0,73,88,0.0,147,26.04,0.0,69.11,1.521,0.569,1.358,3.96,401.58,1 roast
PORK,"PORK,FRSH,LOIN,TENDERLOIN,LN,CKD,BRLD",0.0,94,0,0.0,187,30.42,0.0,62.3,2.58,0.56,2.24,6.33,85.0,3 oz
PORK,"PORK,FRSH,LOIN,TOP LOIN (ROASTS),BNLESS,LN&FAT,RAW",0.0,64,57,0.0,166,21.34,0.0,70.14,3.355,1.022,2.76,8.33,2194.87,1 roast
PORK,"PORK,FRSH,LOIN,TOP LOIN (ROASTS),BNLESS,LN,RAW",0.0,63,60,0.0,132,22.39,0.0,73.28,1.595,0.396,1.241,4.06,2194.87,1 roast
PORK,"PORK,FRSH,COMP OF RTL CUTS (LOIN&SHLDR BLADE),LN&FAT,RAW",0.0,64,69,0.0,200,19.53,0.0,66.83,5.75,1.37,4.47,12.9,28.35,1 oz
PORK,"PORK,FRSH,COMP OF RTL CUTS (LOIN&SHLDR BLADE),LN&FAT,CKD",0.0,83,63,0.0,235,26.07,0.0,59.43,5.761,1.368,4.706,13.67,261.0,"1 piece, cooked, excluding refuse (yield from 1 lb raw meat with refuse)"
PORK,"PORK,FRSH,COMP OF RTL CUTS (LOIN&SHLDR BLADE),LN,RAW",0.0,60,0,0.0,144,21.23,0.0,72.23,2.66,0.63,2.03,5.88,28.35,1 oz
PORK,"PORK,FRSH,COMP OF RTL CUTS (LOIN&SHLDR BLADE),LN,CKD",0.0,85,0,0.0,211,29.47,0.0,60.3,4.22,0.71,3.34,9.44,236.0,"1 piece, cooked, excluding refuse (yield from 1 lb raw meat with refuse)"
USDA COMMODITY,"USDA COMMODITY,PORK,CURED,HAM,BNLESS,CKD,HTD",0.0,73,0,0.0,149,18.84,0.0,71.8,2.864,0.747,1.701,7.62,0.0,
USDA COMMODITY,"USDA COMMODITY,PORK,GROUND,FINE/COARSE,FRZ,CKD",0.0,105,0,0.0,265,23.55,0.0,57.08,9.141,2.337,5.515,18.19,0.0,
USDA COMMODITY,"USDA COMMODITY,PORK,CURED,HAM,BNLESS,CKD,UNHTD",0.69,71,0,0.0,133,17.44,0.0,72.42,2.655,0.777,1.673,6.16,0.0,
USDA COMMODITY,"USDA COMMODITY,PORK,GROUND,FINE/COARSE,FRZ,RAW",0.0,58,0,0.0,221,15.41,0.0,64.46,7.651,1.548,6.379,17.18,0.0,
HORMEL,"HORMEL,CURE 81 HAM",0.21,51,0,0.0,106,18.43,0.0,74.25,1.75,0.37,1.17,3.59,84.0,1 serving
HORMEL ALWAYS TENDER,"HORMEL ALWAYS TENDER,PORK TENDERLOIN,TERIYAKI-FLAVORED",4.63,46,0,0.0,119,18.2,3.329999924,71.9,1.26,0.6,1.05,3.07,112.0,4 oz
HORMEL ALWAYS TENDER,"HORMEL ALWAYS TENDER,PORK TENDERLOIN,PEPPERCORN-FLAVORED",1.82,47,0,0.0,110,17.21,0.140000001,74.44,1.45,1.05,1.16,3.8,112.0,4 oz
HORMEL ALWAYS TENDER,"HORMEL ALWAYS TENDER,PORK LOIN FILETS,LEMON GARLIC-FLAVORED",1.79,42,0,0.0,118,17.83,0.219999999,73.53,1.83,0.6,1.41,4.16,28.0,1 oz
HORMEL ALWAYS TENDER,"HORMEL ALWAYS TENDER,CNTR CUT CHOPS,FRSH PORK",0.84,52,0,0.0,167,18.74,0.280000001,69.17,4.43,0.83,3.6,9.62,28.35,1 oz
HORMEL ALWAYS TENDER,"HORMEL ALWAYS TENDER,BNLESS PORK LOIN,FRSH PORK",0.76,49,0,0.0,145,19.02,0.079999998,71.35,3.42,0.64,2.84,7.18,28.0,1 oz
No Category,HORMEL CANADIAN STYLE BACON,1.87,49,0,0.0,122,16.88,1.429999948,72.95,2.49,0.62,1.83,4.94,56.0,1 serving
PORK,"PORK,FRSH,LOIN,TOP LOIN (CHOPS),BNLESS,ENH,LN,CKD,PAN-BROIL",0.0,75,99,0.0,169,28.95,0.0,64.49,2.406,0.691,1.797,5.0,454.12,"1 ckd pr g, boneless"
PRK,"PRK,FRSH,TOP LOIN (CHPS),BNLESS,ENHCD,LN & FAT,CKD,PAN-BRLD",0.0,75,0,0.0,190,28.35,0.0,62.52,3.5,0.664,2.725,7.66,150.38,"1 chop, boneless (yield from 189g raw meat)"
PORK,"PORK,CURED,BACON,CKD,BKD",1.35,107,119,0.0,548,35.73,0.0,12.52,19.065,4.859,14.187,43.27,8.12,"1 slice, cooked"
PORK,"PORK,CURED,BACON,CKD,MICROWAVED",1.05,117,125,0.0,505,38.62,0.0,16.49,16.336,4.372,12.102,37.27,5.01,"1 slice, cooked"
PORK,"PORK,CURED,BACON,CKD,PAN-FRIED",1.5,113,131,0.0,533,38.34,0.0,12.12,17.976,4.447,13.291,40.3,7.94,"1 slice, cooked"
PORK,"PORK,FRSH,VAR MEATS & BY-PRODUCTS,STOMACH,CKD,SIMMRD",0.09,316,0,0.0,157,21.4,0.0,70.72,2.126,0.738,2.99,7.26,705.7,705.7 ckd pr g
PORK,"PORK,BACON,RENDERED FAT,CKD",0.0,97,6,0.0,898,0.07,0.0,0.25,41.435,10.535,31.991,99.5,0.0,
PORK,"PORK,CURED,HAM -- H2O ADDED,RUMP,BONE-IN,LN,HTD,RSTD",0.87,62,84,0.0,121,21.41,0.839999974,70.92,1.61,0.387,1.254,3.56,2969.76,"1 roast, rump"
PORK,"PORK,CURED,HAM -- H2O ADDED,RUMP,BONE-IN,LN,UNHTD",0.56,53,64,0.0,95,15.43,0.670000017,77.03,1.575,0.379,1.227,3.48,3455.4,"1 ham, rump (1 rump unheated or as purchased)"
PORK,"PORK,CURED,HAM -- H2O ADDED,SHANK,BONE-IN,LN,HTD,RSTD",1.2,65,91,0.0,128,20.92,0.910000026,69.97,1.911,0.641,1.402,4.43,3053.52,"1 roast, shank"
PORK,"PORK,CURED,HAM -- H2O ADDED,SLICE,BONE-IN,LN,HTD,PAN-BROIL",1.03,65,90,0.0,131,22.04,1.669999957,68.58,1.989,0.687,1.439,4.3,436.24,1 slice
PORK,"PORK,CURED,HAM & H2O PRODUCT,SLICE,BONE-IN,LN,HTD,PAN-BROIL",1.35,64,92,0.0,122,20.9,1.100000024,70.21,1.662,0.517,1.217,3.63,445.95,1 slice
PORK,"PORK,CURED,HAM & H2O PRODUCT,SLICE,BNLESS,LN,HTD,PAN-BROIL",4.38,45,65,0.0,123,15.09,4.690000057,71.2,2.125,0.69,1.528,5.06,138.23,1 slice
PORK,"PORK,CURED,HAM & H2O PRODUCT,WHL,BNLESS,LN,HTD,RSTD",4.49,43,63,0.0,123,13.88,4.610000134,72.11,2.458,0.851,1.841,5.46,1994.65,1 roast
PORK,"PORK,CURED,HAM & H2O PRODUCT,WHL,BNLESS,LN,UNHTD",4.0,43,65,0.0,116,14.07,4.21999979,73.05,2.041,0.644,1.447,4.86,453.6,1 lb
PORK,"PORK,CURED,HAM W/ NAT JUICES,RUMP,BONE-IN,LN,HTD,RSTD",0.43,72,111,0.0,137,24.14,0.479999989,67.9,1.995,0.711,1.418,4.25,2673.2,"1 roast, rump"
PORK,"PORK,CURED,HAM W/ NAT JUICES,SHANK,BONE-IN,LN,HTD,RSTD",0.01,74,104,0.0,145,24.95,0.340000004,66.98,2.38,0.6,1.564,4.97,3170.06,"1 roast, shank"
PORK,"PORK,CURED,HAM W/ NAT JUICES,SLICE,BONE-IN,LN,HTD,PAN-BROIL",0.0,80,139,0.0,150,27.75,0.0,65.87,1.351,0.577,1.11,4.38,445.27,1 slice
PRK,"PRK,CRD,HAM W/ NAT JUCS,SPRL SLC,MEAT ONLY,BNLES,LN,HTD,RSTD",0.41,63,86,0.0,126,22.56,1.080000043,69.47,1.606,0.679,1.171,3.78,144.5,1 slice
PORK,"PORK,CURED,HAM & H2O PRODUCT,RUMP,BONE-IN,LN,HTD,RSTD",1.0,66,94,0.0,131,21.28,1.149999976,69.53,2.127,0.634,1.536,4.7,2533.42,"1 roast, rump"
PORK,"PORK,CURED,HAM -- H2O ADDED,SLICE,BNLESS,LN,HTD,PAN-BROIL",1.24,54,79,0.0,117,18.82,1.75,72.06,1.879,0.54,1.401,4.09,189.03,1 slice
PORK,"PORK,CURED,HAM -- H2O ADDED,WHL,BNLESS,LN,HTD,RSTD",1.38,53,74,0.0,117,17.99,1.570000052,72.58,1.983,0.542,1.424,4.39,1866.8,"1 roast, whole"
PORK,"PORK,CURED,HAM -- H2O ADDED,WHL,BNLESS,LN,UNHTD",1.18,50,72,0.0,110,17.34,1.450000048,73.95,1.938,0.577,1.428,3.97,453.6,1 lb
PORK,"PORK,CURED,HAM & H2O PRODUCT,SHANK,BONE-IN,LN,HTD,RSTD",1.2,72,103,0.0,132,21.69,1.25999999,69.23,1.966,0.713,1.471,4.45,3204.38,"1 roast, shank"
PORK,"PORK,CURED,HAM W/ NAT JUICES,SLICE,BNLESS,LN,HTD,PAN-BROIL",0.99,57,82,0.0,116,20.95,1.049999952,71.1,1.333,0.424,0.975,3.16,276.76,1 slice
PORK,"PORK,CURED,HAM W/ NAT JUICES,WHL,BNLESS,LN,HTD,RSTD",0.84,56,80,0.0,113,20.57,0.810000002,71.71,1.422,0.437,1.044,3.01,1496.77,1 roast
PORK,"PORK,CURED,HAM W/ NAT JUICES,WHL,BNLESS,LN,UNHTD",0.95,53,75,0.0,110,19.44,1.029999971,72.85,1.274,0.4,0.934,3.21,28.35,1 oz
PORK,"PORK,CURED,HAM -- H2O ADDED,SHANK,BONE-IN,LN,UNHTD",0.0,50,77,0.0,91,18.65,0.709999979,76.53,0.806,0.27,0.592,1.87,3846.4,"1 ham, shank (1 shank unheated or as purchased)"
PORK,"PORK,CURED,HAM -- H2O ADDED,SLICE,BONE-IN,LN,UNHTD",0.32,54,70,0.0,91,17.38,1.230000019,76.75,1.061,0.367,0.768,2.29,544.9,1 slice
PORK,"PORK,CURED,HAM & H2O PRODUCT,RUMP,BONE-IN,LN,UNHTD",1.24,58,81,0.0,107,17.93,0.970000029,74.32,1.53,0.456,1.105,3.38,28.35,1 oz
PORK,"PORK,CURED,HAM & H2O PRODUCT,SLICE,BONE-IN,LN,UNHTD",2.82,49,73,0.0,103,14.47,0.910000026,75.54,1.73,0.538,1.266,3.78,449.45,1 slice
PORK,"PORK,CURED,HAM & H2O PRODUCT,SHANK,BONE-IN,UNHTD,LN",1.2,52,86,0.0,113,17.53,1.059999943,73.97,1.849,0.671,1.384,4.18,453.6,"1 lb, shank"
PORK,"PORK,CURED,HAM W/ NAT JUICES,RUMP,BONE-IN,LN,UNHTD",0.06,68,102,0.0,122,22.71,0.430000007,70.8,1.632,0.582,1.16,3.47,453.6,"1 lb, rump"
PORK,"PORK,CURED,HAM W/ NAT JUICES,SHANK,BONE-IN,LN,UNHTD",0.0,63,97,0.0,130,25.11,0.300000012,70.5,1.595,0.402,1.048,3.33,453.6,"1 lb, shank"
PORK,"PORK,CURED,HAM W/ NAT JUICES,SLICE,BONE-IN,LN,UNHTD",0.0,63,125,0.0,123,24.34,0.0,70.29,0.884,0.378,0.726,2.87,430.2,1 slice
PORK,"PORK,CURED,HAM W/ NAT JUICES,SPIRAL SLICE,BNLESS,LN,UNHTD",0.63,57,78,0.0,109,19.25,1.220000029,72.46,1.384,0.585,1.009,3.26,28.35,"1 oz, spiral slice"
PORK,"PORK,CURED,HAM,FAT,BNLESS,HTD",2.0,72,0,0.0,507,8.77,0.280000001,35.47,23.798,6.47,17.048,51.57,0.0,
PORK,"PORK,CURED,HAM,FAT,BNLESS,UNHTD",1.87,61,31,0.0,515,7.5,0.439999998,35.65,23.902,6.901,17.433,53.0,0.0,
PORK,"PORK,PICKLED PORK HOCKS",0.0,89,0,0.0,171,19.11,0.0,68.02,5.134,1.198,3.231,10.54,0.0,
PORK,"PORK,CURED,HAM,SLICE,BONE-IN,LN,HTD,PAN-BROIL",0.23,73,113,0.0,146,27.18,0.74000001,65.33,1.613,0.644,1.253,4.09,366.23,1 slice
PORK,"PORK,CURED,HAM W/ NAT JUICES,WHL,BNLESS,LN & FAT,UNHTD",0.95,53,75,0.0,112,19.38,1.019999981,72.68,1.372,0.428,1.005,3.43,28.35,"1 oz, whole"
PORK,"PORK,CURED,HAM W/ NAT JUICES,SPIRL SLCE,BNLES,LN & FAT,UNHTD",0.69,57,76,0.0,129,18.66,1.179999948,70.62,2.513,0.902,1.833,5.75,28.35,"1 oz, spiral slice"
PORK,"PORK,CURED,HAM W/ NAT JUICES,SLICE,BONE-IN,LN & FAT,UNHTD",0.17,63,117,0.0,159,22.82,0.039999999,67.16,2.965,0.967,2.236,7.4,430.2,1 slice
PORK,"PORK,CURED,HAM W/ NAT JUICES,SHANK,BONE-IN,LN & FAT,UNHTD",0.29,62,87,0.0,191,22.35,0.319999993,65.04,5.088,1.419,3.614,11.11,28.35,"1 oz, shank"
PORK,"PORK,CURED,HAM W/ NAT JUICES,RUMP,BONE-IN,LN & FAT,UNHTD",0.42,67,88,0.0,200,19.7,0.430000007,63.86,6.03,1.83,4.373,13.26,28.35,"1 oz, rump"
PORK,"PORK,CURED,HAM & H2O PRODUCT,WHL,BNLESS,LN & FAT,UNHTD",4.0,43,65,0.0,117,14.05,4.210000038,72.96,2.098,0.66,1.489,4.99,28.35,"1 oz, whole"
PORK,"PORK,CURED,HAM & H2O PRODUCT,SLICE,BONE-IN,LN & FAT,UNHTD",2.72,50,68,0.0,149,13.69,0.850000024,71.07,4.212,1.25,3.076,9.29,28.35,1 oz
PORK,"PORK,CURED,HAM & H2O PRODUCT,SHANK,BONE-IN,LN & FAT,UNHTD",1.42,55,68,0.0,243,14.28,0.860000014,61.56,8.993,2.689,6.583,20.0,28.35,"1 oz, shank"
PORK,"PORK,CURED,HAM & H2O PRODUCT,RUMP,BONE-IN,LN & FAT,UNHTD",1.35,58,72,0.0,179,16.09,0.879999995,67.5,5.475,1.592,3.984,12.13,28.35,"1 oz, rump"
PORK,"PORK,CURED,HAM -- H2O ADDED,WHL,BNLESS,LN & FAT,UNHTD",1.2,50,71,0.0,121,17.06,1.419999957,72.85,2.571,0.759,1.889,5.38,28.35,"1 oz, whole"
PORK,"PORK,CURED,HAM -- H2O ADDED,SLICE,BONE-IN,LN & FAT,UNHTD",0.58,55,63,0.0,162,15.73,1.100000024,69.88,4.88,1.459,3.554,10.77,28.35,1 oz
PORK,"PORK,CURED,HAM -- H2O ADDED,SHANK,BONE-IN,LN & FAT,UNHTD",0.33,52,69,0.0,167,16.65,0.660000026,69.21,4.975,1.457,3.607,11.02,28.35,1 oz
PORK,"PORK,CURED,HAM -- H2O ADDED,RUMP,BONE-IN,LN & FAT,UNHTD",0.8,54,58,0.0,172,13.99,0.620000005,69.49,5.639,1.566,4.176,12.5,28.35,1 oz
PORK,"PORK,CURED,HAM -- H2O ADDED,RUMP,BONE-IN,LN & FAT,HTD,RSTD",0.99,63,75,0.0,161,20.1,0.779999971,67.23,3.918,1.02,2.897,8.56,2969.76,"1 roast, rump"
PORK,"PORK,CURED,HAM -- H2O ADDED,SHANK,BONE-IN,LN & FAT,HTD,RSTD",1.35,66,74,0.0,200,18.62,0.790000021,63.43,6.143,1.746,4.371,13.37,3053.52,"1 roast, shank"
PORK,"PORK,CURED,HAM -- H2O ADDED,SLCE,BNE-IN,LN & FAT,HTD,PAN-BRL",1.12,66,82,0.0,166,20.8,1.539999962,65.48,4.032,1.229,2.901,8.73,436.24,1 slice
PORK,"PORK,CURED,HAM -- H2O ADDED,SLCE,BNLESS,LN & FAT,HTD,PAN-BRL",1.26,54,78,0.0,125,18.62,1.720000029,71.32,2.321,0.659,1.717,5.05,189.03,1 slice
PORK,"PORK,CURED,HAM -- H2O ADDED,WHL,BNLESS,LN & FAT,HTD,RSTD",1.39,54,72,0.0,126,17.77,1.539999962,71.72,2.49,0.679,1.787,5.48,1866.8,1 roast
PORK,"PORK,CURED,HAM & H2O PRODUCT,RUMP,BONE-IN,LN & FAT,HTD,RSTD",1.15,67,80,0.0,186,19.46,1.029999971,64.6,5.265,1.479,3.783,11.48,2533.42,"1 roast, rump"
PORK,"PORK,CURED,HAM & H2O PRODUCT,SHANK,BONE-IN,LN & FAT,HTD,RSTD",1.42,72,75,0.0,234,18.17,0.99000001,60.03,7.914,2.281,5.715,17.29,3204.38,"1 roast, shank"
PORK,"PORK,CURED,HAM & H2O PRDCT,SLCE,BNE-IN,LN & FAT,HTD,PAN-BRL",1.41,64,84,0.0,155,19.85,1.029999971,67.21,3.577,1.032,2.586,7.78,445.95,1 slice
PORK,"PORK,CURED,HAM & H2O PRDCT,SLICE,BNLESS,LN & FAT,HTD,PAN-BRL",4.38,45,64,0.0,124,15.08,4.690000057,71.14,2.16,0.699,1.553,5.13,136.1,1 slice
PORK,"PORK,CURED,HAM & H2O PRODUCT,WHL,BNLESS,LN & FAT,HTD,RSTD",4.49,43,63,0.0,123,13.88,4.610000134,72.11,2.458,0.851,1.841,5.46,1994.65,1 roast
PORK,"PORK,CURED,HAM W/ NAT JUICES,RUMP,BONE-IN,LN & FAT,HTD,RSTD",0.6,72,99,0.0,177,22.47,0.449999988,64.38,4.364,1.337,3.116,9.39,2673.2,"1 roast, rump"
PORK,"PORK,CURED,HAM W/ NAT JUICES,SHANK,BONE-IN,LN & FAT,HTD,RSTD",0.26,74,91,0.0,191,22.88,0.330000013,62.94,5.12,1.351,3.545,10.93,3170.06,"1 roast, shank"
PORK,"PORK,CURED,HAM W/ NAT JUICS,SLCE,BNE-IN,LN & FAT,HTD,PAN-BRL",0.17,80,127,0.0,180,26.18,0.02,63.36,3.206,1.064,2.427,8.28,445.27,1 slice
PORK,"PORK,CURED,HAM W/ NAT JUICS,SLICE,BNLES,LN & FAT,HTD,PAN-BRL",0.99,58,82,0.0,118,20.89,1.039999962,70.93,1.445,0.454,1.054,3.4,276.76,1 slice
PORK,"PORK,CURED,HAM W/ NAT JUCS,SPRL SLCE,BNLES,LN & FAT,HTD,RSTD",0.46,64,84,0.0,136,22.18,1.059999943,68.53,2.219,0.839,1.61,5.1,144.5,1 slice
PORK,"PORK,CURED,HAM W/ NAT JUICES,WHL,BNLESS,LN & FAT,HTD,RSTD",0.84,56,80,0.0,114,20.54,0.810000002,71.62,1.479,0.452,1.084,3.13,1496.77,1 roast
PORK,"PORK,CURED,HAM,RUMP,BONE-IN,LN & FAT,HTD,RSTD",0.37,71,93,0.0,177,23.95,0.639999986,63.82,3.791,1.27,2.85,8.88,2874.17,"1 roast, rump"
PORK,"PORK,CURED,HAM,RUMP,BONE-IN,LN,HTD,RSTD",0.15,71,105,0.0,132,26.02,0.680000007,67.68,1.067,0.562,0.917,3.07,2874.17,"1 roast, rump"
PORK,"PORK,CURED,HAM,RUMP,BONE-IN,LN,UNHTD",0.32,63,92,0.0,125,24.46,0.0,69.56,1.017,0.535,0.874,2.92,28.35,1 oz
PORK,"PORK,CURED,HAM,SHANK,BONE-IN,LN,HTD,RSTD",0.0,70,106,0.0,139,26.49,0.680000007,67.46,1.433,0.592,1.134,3.68,2799.63,"1 roast, shank"
PORK,"PORK,CURED,HAM,SHANK,BONE-IN,LN,UNHTD",0.18,61,90,0.0,125,23.79,0.0,69.79,1.24,0.512,0.981,3.19,28.35,1 oz
PORK,"PORK,CURED,HAM,SHANK,BONE-IN,LN & FAT,HTD,RSTD",0.24,70,94,0.0,183,24.39,0.639999986,63.67,4.082,1.288,3.018,9.35,2799.63,"1 roast, shank"
PORK,"PORK,CURED,HAM,SHANK,BONE-IN,LN & FAT,UNHTD",0.41,61,82,0.0,177,21.61,0.059999999,65.23,4.269,1.366,3.18,9.85,28.35,1 oz
PORK,"PORK,CURED,HAM,SLICE,BONE-IN,LN & FAT,HTD,PAN-BROIL",0.39,73,102,0.0,180,25.48,0.699999988,62.57,3.665,1.183,2.714,8.48,366.23,1 slice
PORK,"PORK,CURED,HAM,SLICE,BONE-IN,LN,UNHTD",0.0,65,93,0.0,130,24.36,0.0,69.97,1.414,0.565,1.099,3.59,425.08,1 slice
PORK,"PORK,CURED,HAM,SLICE,BONE-IN,LN & FAT,UNHTD",0.21,65,86,0.0,173,22.45,0.050000001,66.09,3.955,1.281,2.945,9.17,425.08,1 slice
PORK,"PORK,FRSH,SPARERIBS,LN & FAT,CKD,RSTD",0.0,105,71,0.0,361,20.89,0.0,48.11,10.709,2.996,9.242,30.86,1532.89,1 rack
PORK,"PORK,FRSH,ENHANCED,COMP OF FAT,RAW",0.0,83,34,0.0,508,9.27,0.0,38.32,21.538,7.532,18.488,52.33,0.0,
PORK,"PORK,FRSH,ENHANCED,LOIN,TENDERLOIN,LN,CKD,RSTD",0.31,57,74,0.0,116,21.61,0.0,73.07,1.199,0.455,1.077,3.15,508.28,1 roast
PORK,"PORK,FRSH,ENHANCED,LOIN,TENDERLOIN,LN,RAW",0.0,48,79,0.0,106,20.39,0.0,76.91,0.762,0.352,0.671,2.09,537.05,1 roast
PORK,"PORK,FRSH,ENHCED,SHLDR,(BOSTON BUTT),BLDE (STKS),LN,CKD,BRSD",0.0,98,113,0.0,227,27.58,0.0,59.2,5.702,1.29,4.62,12.14,264.18,1 steak
PORK,"PORK,FRSH,ENHANCED,SHLDR,(BOSTON BUTT),BLADE (STEAKS),LN,RAW",0.18,59,77,0.0,122,18.29,0.0,74.85,2.329,0.581,1.873,5.36,392.78,1 steak
PORK,"PORK,FRSH,ENHANCED,LOIN,TOP LOIN (CHOPS),BNLESS,LN,CKD,BRLD",0.0,52,70,0.0,131,24.81,0.0,70.39,1.539,0.351,1.206,3.53,134.27,1 chop
PORK,"PORK,FRSH,ENHANCED,LOIN,TOP LOIN (CHOPS),BNLESS,LN,RAW",0.0,47,58,0.0,110,21.78,0.0,74.88,1.134,0.269,0.886,2.51,157.56,1 chop
PORK,"PORK,FRSH,ENHANCED,LOIN,TOP LOIN (CHOPS),BNLESS,LN & FAT,RAW",0.0,48,57,0.0,123,21.35,0.0,73.63,1.83,0.516,1.486,4.21,157.56,1 chop
PORK,"PORK,FRSH,ENHCD,LN,TOP LOIN (CHOPS),BNLESS,LN & FAT,CKD,BRLD",0.01,53,70,0.0,142,24.46,0.0,69.4,2.085,0.542,1.678,4.86,134.27,1 chop
PORK,"PORK,FRSH,ENHANCED,LOIN,TENDERLOIN,LN & FAT,RAW",0.0,49,78,0.0,109,20.16,0.0,76.1,1.198,0.503,1.045,3.14,537.05,1 roast
PORK,"PORK,FRSH,ENHANCED,LOIN,TENDERLOIN,LN & FAT,CKD,RSTD",0.31,57,73,0.0,121,21.5,0.0,72.64,1.424,0.531,1.27,3.7,508.28,1 roast
PORK,"PORK,FRSH,ENHCD,SHLDR,(BOSTON BUTT),BLDE (STKS),LN & FAT,RAW",0.16,62,72,0.0,169,17.19,0.0,70.36,4.686,1.434,3.912,11.12,392.78,1 steak
PORK,"PORK,FRSH,ENHCD,SHLDR,(BSTN BUTT),BLDE (STKS),LN & FAT,BRSD",0.03,97,106,0.0,256,25.84,0.0,56.13,7.613,2.006,6.288,16.94,264.18,1 steak
PORK,"PORK,CURED,HAM,RUMP,BONE-IN,LN & FAT,UNHTD",0.52,62,84,0.0,176,22.27,0.059999999,65.19,3.966,1.356,3.008,9.38,453.6,"1 lb, rump"
PORK,"PORK,LOIN,LEG CAP STEAK,BNLESS,LN & FAT,CKD,BRLD",0.0,81,88,0.0,158,27.57,0.0,68.72,1.928,0.578,1.358,4.41,194.33,1 piece
PORK,"PORK,LEG CAP STEAK,BNLESS,LN & FAT,RAW",0.0,63,72,0.0,123,21.64,0.0,75.18,1.688,0.509,1.187,3.39,230.75,1 piece
PORK,"PORK,SHLDR BREAST,BNLESS,LN & FAT,RAW",0.0,60,89,0.0,127,22.54,0.0,74.37,1.473,0.488,1.074,3.4,430.04,1 piece
PORK,"PORK,SHLDR BREAST,BNLESS,LN & FAT,CKD,BRLD",0.0,78,99,0.0,162,28.47,0.0,67.26,1.802,0.578,1.325,4.49,373.15,1 piece
PORK,"PORK,SHLDR,PETITE TENDER,BNLESS,LN & FAT,CKD,BRLD",0.0,82,112,0.0,155,27.47,0.0,68.7,1.724,0.616,1.322,4.23,92.1,1 piece
PORK,"PORK,SHLDR PETITE TENDER,BNLESS,LN & FAT,RAW",0.0,66,85,0.0,128,21.65,0.0,74.57,1.324,0.469,1.012,3.91,104.8,1 piece
PORK,"PORK,LEG SIRLOIN TIP RST,BNLESS,LN & FAT,CKD,BRSD",0.0,84,107,0.0,156,31.11,0.0,66.99,1.022,0.474,0.791,2.56,609.38,1 ckd pr g
PORK,"PORK,LEG SIRLOIN TIP RST,BNLESS,LN & FAT,RAW",0.0,62,80,0.0,113,22.88,0.0,75.88,0.687,0.323,0.524,1.71,764.58,1 raw pr g
ALFALFA SEEDS,"ALFALFA SEEDS,SPROUTED,RAW",2.1,0,14,1.899999976,23,3.99,0.180000007,92.82,0.056,0.409,0.069,0.69,33.0,1 cup
AMARANTH LEAVES,"AMARANTH LEAVES,RAW",4.02,0,0,0.0,23,2.46,0.0,91.69,0.076,0.147,0.091,0.33,28.0,1 cup
AMARANTH LEAVES,"AMARANTH LEAVES,CKD,BLD,DRND,WO/SALT",4.11,0,0,0.0,21,2.11,0.0,91.49,0.041,0.08,0.05,0.18,132.0,1 cup
ARROWHEAD,"ARROWHEAD,RAW",20.23,0,0,0.0,99,5.33,0.0,72.48,0.0,0.0,0.0,0.29,25.0,1 large
ARROWHEAD,"ARROWHEAD,CKD,BLD,DRND,WO/SALT",16.14,0,0,0.0,78,4.49,0.0,77.08,0.0,0.0,0.0,0.1,12.0,1 medium
ARTICHOKES,"ARTICHOKES,(GLOBE OR FRENCH),RAW",10.51,0,34,5.400000095,47,3.27,0.99000001,84.94,0.005,0.064,0.036,0.15,128.0,"1 artichoke,  medium"
ARTICHOKES,"ARTICHOKES,(GLOBE OR FRENCH),CKD,BLD,DRND,WO/SALT",11.95,0,34,8.600000381,53,2.89,0.99000001,84.08,0.011,0.143,0.081,0.34,120.0,"1 artichoke,  medium"
ARTICHOKES,"ARTICHOKES,(GLOBE OR FRENCH),FRZ,UNPREP",7.76,0,0,3.900000095,38,2.63,0.0,88.59,0.012,0.179,0.099,0.43,255.0,"1 package,  (9 oz)"
ARTICHOKES,"ARTICHOKES,(GLOBE OR FRENCH),FRZ,CKD,BLD,DRND,WO/SALT",9.18,0,29,4.599999905,45,3.11,0.839999974,86.5,0.015,0.216,0.119,0.5,168.0,1 cup
ASPARAGUS,"ASPARAGUS,RAW",3.88,0,16,2.099999905,20,2.2,1.879999995,93.22,0.0,0.05,0.04,0.12,134.0,1 cup
ASPARAGUS,"ASPARAGUS,CKD,BLD,DRND",4.11,0,26,2.0,22,2.4,1.299999952,92.63,0.0,0.105,0.048,0.22,90.0,.5 cup
ASPARAGUS,"ASPARAGUS,CND,REG PK,SOL&LIQUIDS",2.47,0,0,1.0,15,1.8,0.0,94.32,0.006,0.085,0.044,0.18,122.0,.5 cup
ASPARAGUS,"ASPARAGUS,CND,DRND SOL",2.46,0,21,1.600000024,19,2.14,1.059999943,93.98,0.021,0.284,0.147,0.65,242.0,1 cup
ASPARAGUS,"ASPARAGUS,FRZ,UNPREP",4.1,0,0,1.899999976,24,3.23,0.0,91.82,0.007,0.101,0.052,0.23,284.0,"1 package,  (10 oz)"
ASPARAGUS,"ASPARAGUS,FRZ,CKD,BLD,DRND,WO/SALT",1.92,0,21,1.600000024,18,2.95,0.319999993,94.1,0.013,0.185,0.096,0.42,180.0,1 cup
BALSAM-PEAR (BITTER GOURD),"BALSAM-PEAR (BITTER GOURD),LEAFY TIPS,RAW",3.29,0,0,0.0,30,5.3,0.0,89.25,0.0,0.0,0.0,0.69,4.0,1 leaf
BALSAM-PEAR (BITTER GOURD),"BALSAM-PEAR (BITTER GOURD),LEAFY TIPS,CKD,BLD,DRND,WO/SALT",6.68,0,21,1.899999976,34,3.6,1.039999962,88.69,0.005,0.083,0.032,0.2,58.0,1 cup
BALSAM-PEAR (BITTER GOURD),"BALSAM-PEAR (BITTER GOURD),PODS,RAW",3.7,0,0,2.799999952,17,1.0,0.0,94.03,0.0,0.0,0.0,0.17,93.0,"1 cup,  (1/2"" pieces)"
BALSAM-PEAR (BITTER GOURD),"BALSAM-PEAR (BITTER GOURD),PODS,CKD,BLD,DRND,WO/SALT",4.32,0,11,2.0,19,0.84,1.950000048,93.95,0.033,0.078,0.014,0.18,124.0,"1 cup,  (1/2"" pieces)"
BAMBOO SHOOTS,"BAMBOO SHOOTS,RAW",5.2,0,0,2.200000048,27,2.6,3.0,91.0,0.007,0.134,0.069,0.3,151.0,"1 cup,  (1/2"" slices)"
BAMBOO SHOOTS,"BAMBOO SHOOTS,CKD,BLD,DRND,WO/SALT",1.92,0,0,1.0,12,1.53,0.0,95.92,0.005,0.098,0.051,0.22,120.0,"1 cup,  (1/2"" slices)"
BAMBOO SHOOTS,"BAMBOO SHOOTS,CND,DRND SOL",3.22,0,0,1.399999976,19,1.72,1.889999986,94.32,0.009,0.178,0.092,0.4,131.0,"1 cup,  (1/8"" slices)"
BEANS,"BEANS,KIDNEY,MATURE SEEDS,SPROUTED,RAW",4.1,0,0,0.0,29,4.2,0.0,90.7,0.039,0.276,0.072,0.5,184.0,1 cup
BEANS,"BEANS,KIDNEY,MATURE SEEDS,SPROUTED,CKD,BLD,DRND,WO/SALT",4.72,0,0,0.0,33,4.83,0.0,89.3,0.045,0.318,0.083,0.58,0.0,
LIMA BNS,"LIMA BNS,IMMAT SEEDS,RAW",20.17,0,40,4.900000095,113,6.84,1.480000019,70.24,0.05,0.419,0.198,0.86,156.0,1 cup
LIMA BNS,"LIMA BNS,IMMAT SEEDS,CKD,BLD,DRND,WO/SALT",23.64,0,44,5.300000191,123,6.81,1.629999995,67.17,0.019,0.154,0.073,0.32,170.0,1 cup
BEANS,"BEANS,LIMA,IMMAT SEEDS,CND,REG PK,SOL&LIQUIDS",13.33,0,0,3.599999905,71,4.07,0.0,81.17,0.016,0.139,0.066,0.29,124.0,.5 cup
LIMA BNS,"LIMA BNS,IMMAT SEEDS,FRZ,FORDHOOK,UNPREP",19.83,0,38,5.5,106,6.4,1.389999986,72.05,0.021,0.172,0.081,0.35,80.0,.5 cup
LIMA BNS,"LIMA BNS,IMMAT SEEDS,FRZ,FORDHOOK,CKD,BLD,DRND,WO/SALT",19.32,0,36,5.800000191,103,6.07,1.340000033,72.98,0.02,0.167,0.078,0.34,311.0,"1 package,  (10 oz) yields"
LIMA BNS,"LIMA BNS,IMMAT SEEDS,FRZ,BABY,UNPREP",25.13,0,0,6.0,132,7.59,0.0,65.46,0.026,0.216,0.102,0.44,82.0,.5 cup
LIMA BNS,"LIMA BNS,IMMAT SEEDS,FRZ,BABY,CKD,BLD,DRND,WO/SALT",19.45,0,37,6.0,105,6.65,1.370000005,72.35,0.017,0.145,0.068,0.3,311.0,"1 package,  (10 oz) yields"
MUNG BNS,"MUNG BNS,MATURE SEEDS,SPROUTED,RAW",5.94,0,14,1.799999952,30,3.04,4.130000114,90.4,0.022,0.058,0.046,0.18,104.0,1 cup
MUNG BNS,"MUNG BNS,MATURE SEEDS,SPROUTED,CKD,BLD,DRND,WO/SALT",4.19,0,10,0.800000012,21,2.03,2.839999914,93.39,0.012,0.032,0.025,0.09,124.0,1 cup
MUNG BNS,"MUNG BNS,MATURE SEEDS,SPROUTED,CKD,STIR-FRIED",10.59,0,0,1.899999976,50,4.3,0.0,84.3,0.056,0.068,0.039,0.21,124.0,1 cup
BEANS,"BEANS,NAVY,MATURE SEEDS,SPROUTED,RAW",13.05,0,0,0.0,67,6.15,0.0,79.15,0.052,0.407,0.085,0.7,104.0,1 cup
BEANS,"BEANS,NAVY,MATURE SEEDS,SPROUTED,CKD,BLD,DRND,WO/SALT",15.01,0,0,0.0,78,7.07,0.0,76.02,0.06,0.468,0.098,0.81,0.0,
BEANS,"BEANS,PINTO,IMMAT SEEDS,FRZ,UNPREP",32.5,0,0,5.699999809,170,9.8,0.0,55.8,0.037,0.291,0.061,0.5,284.0,"1 package,  (10 oz)"
BEANS,"BEANS,PINTO,IMMAT SEEDS,FRZ,CKD,BLD,DRND,WO/SALT",30.88,0,0,8.600000381,162,9.31,0.0,58.01,0.035,0.276,0.058,0.48,284.0,"1 package,  (10 oz) yields"
BEANS,"BEANS,SHELLIE,CND,SOL & LIQUIDS",6.19,0,13,3.400000095,30,1.76,0.629999995,90.69,0.014,0.11,0.023,0.19,245.0,1 cup
BEANS,"BEANS,SNAP,GREEN,RAW",7.13,0,15,3.400000095,31,1.82,1.399999976,90.27,0.005,0.059,0.026,0.12,110.0,1 cup
BEANS,"BEANS,SNAP,GRN,CKD,BLD,DRND,WO/SALT",7.88,0,17,3.200000048,35,1.89,1.549999952,89.22,0.012,0.145,0.062,0.28,125.0,1 cup
BEANS,"BEANS,SNAP,GRN VAR,CND,REG PK,SOL&LIQUIDS",3.5,0,0,1.5,15,0.8,0.0,94.68,0.004,0.052,0.023,0.1,120.0,.5 cup
BEANS,"BEANS,SNAP,GRN,CND,REG PK,DRND SOL",4.41,0,15,2.299999952,23,1.18,0.779999971,93.29,0.004,0.056,0.025,0.11,156.0,1 cup
BEANS,"BEANS,SNAP,CND,ALL STYLES,SEASONED,SOL&LIQUIDS",3.49,0,0,1.5,16,0.83,0.0,94.3,0.008,0.102,0.045,0.2,114.0,.5 cup
BEANS,"BEANS,SNAP,GRN,FRZ,ALL STYLES,UNPREP",7.54,0,0,2.599999905,39,1.79,2.210000038,89.93,0.008,0.108,0.047,0.21,121.02,1 cup
BEANS,"BEANS,SNAP,GRN,FRZ,CKD,BLD,DRND WO/SALT",6.45,0,14,3.0,28,1.49,1.230000019,91.42,0.007,0.084,0.042,0.17,135.0,1 cup
BEANS,"BEANS,SNAP,GRN,FRZ,ALL STYLES,MICROWAVED",6.98,0,0,3.400000095,40,1.98,2.599999905,89.93,0.008,0.108,0.047,0.41,111.01,1 cup
BEETS,"BEETS,RAW",9.56,0,6,2.799999952,43,1.61,6.760000229,87.58,0.032,0.06,0.027,0.17,136.0,1 cup
BEETS,"BEETS,CKD,BLD,DRND",9.96,0,6,2.0,44,1.68,7.960000038,87.06,0.035,0.064,0.028,0.18,85.0,".5 cup, slices"
BEETS,"BEETS,CND,REG PK,SOL&LIQUIDS",7.14,0,7,1.200000048,30,0.73,6.53000021,91.3,0.016,0.03,0.013,0.09,246.0,1 cup
BEETS,"BEETS,CND,DRND SOL",7.21,0,8,1.799999952,31,0.91,5.510000229,90.96,0.027,0.049,0.022,0.14,157.0,"1 cup, diced"
BEET GREENS,"BEET GREENS,RAW",4.33,0,0,3.700000048,22,2.2,0.5,91.02,0.026,0.046,0.02,0.13,38.0,1 cup
BEET GRNS,"BEET GRNS,CKD,BLD,DRND,WO/SALT",5.46,0,0,2.900000095,27,2.57,0.600000024,89.13,0.038,0.07,0.031,0.2,144.0,"1 cup,  (1"" pieces)"
BROADBEANS,"BROADBEANS,IMMAT SEEDS,RAW",11.7,0,0,4.199999809,72,5.6,0.0,81.0,0.017,0.31,0.138,0.6,109.0,1 cup
BROADBEANS,"BROADBEANS,IMMAT SEEDS,CKD,BLD,DRND,WO/SALT",10.1,0,0,3.599999905,62,4.8,0.0,83.7,0.02,0.303,0.142,0.5,0.0,
BROCCOLI,"BROCCOLI,RAW",6.64,0,19,2.599999905,34,2.82,1.700000048,89.3,0.011,0.038,0.039,0.37,90.93,"1 cup, chopped"
BROCCOLI,"BROCCOLI,CKD,BLD,DRND,WO/SALT",7.18,0,40,3.299999952,35,2.38,1.389999986,89.25,0.04,0.17,0.079,0.41,280.0,"1 stalk,  large (11""-12"" long)"
BROCCOLI,"BROCCOLI,FRZ,CHOPD,UNPREP",4.78,0,15,3.0,26,2.81,1.350000024,91.46,0.02,0.136,0.044,0.29,156.0,1 cup
BROCCOLI,"BROCCOLI,FRZ,CHOPD,CKD,BLD,DRND,WO/SALT",5.35,0,16,3.0,28,3.1,1.470000029,90.72,0.008,0.055,0.018,0.12,184.0,1 cup
BROCCOLI,"BROCCOLI,FRZ,SPEARS,UNPREP",5.35,0,0,3.0,29,3.06,1.470000029,90.55,0.024,0.162,0.052,0.34,284.0,"1 package,  (10 oz)"
BROCCOLI,"BROCCOLI,FRZ,SPEARS,CKD,BLD,DRND,WO/SALT",5.36,0,16,3.0,28,3.1,1.470000029,90.72,0.008,0.055,0.018,0.11,250.0,"1 package,  (10 oz) yields"
BROCCOLI RAAB,"BROCCOLI RAAB,RAW",2.85,0,18,2.700000048,22,3.17,0.379999995,92.55,0.026,0.13,0.05,0.49,40.3,"1 cup, chopped"
BROCCOLI RAAB,"BROCCOLI RAAB,CKD",3.12,0,34,2.799999952,33,3.83,0.620000005,91.41,0.03,0.15,0.057,0.52,436.83,"1 bunch, cooked"
BRUSSELS SPROUTS,"BRUSSELS SPROUTS,RAW",8.95,0,19,3.799999952,43,3.38,2.200000048,86.0,0.023,0.153,0.062,0.3,88.0,1 cup
BRUSSELS SPROUTS,"BRUSSELS SPROUTS,CKD,BLD,DRND,WO/SALT",7.1,0,41,2.599999905,36,2.55,1.74000001,88.9,0.038,0.255,0.102,0.5,21.0,1 sprout
BRUSSELS SPROUTS,"BRUSSELS SPROUTS,FRZ,UNPREP",7.86,0,0,3.799999952,41,3.78,0.0,87.07,0.031,0.207,0.084,0.41,284.0,"1 package,  (10 oz)"
BRUSSELS SPROUTS,"BRUSSELS SPROUTS,FRZ,CKD,BLD,DRND,WO/SALT",8.32,0,18,4.099999905,42,3.64,2.079999924,86.74,0.03,0.2,0.081,0.39,155.0,1 cup
BURDOCK ROOT,"BURDOCK ROOT,RAW",17.34,0,12,3.299999952,72,1.53,2.900000095,80.09,0.037,0.059,0.025,0.15,118.0,"1 cup,  (1"" pieces)"
BURDOCK ROOT,"BURDOCK ROOT,CKD,BLD,DRND,WO/SALT",21.15,0,14,1.799999952,88,2.09,3.549999952,75.64,0.035,0.055,0.023,0.14,125.0,"1 cup,  (1"" pieces)"
BUTTERBUR,"BUTTERBUR,(FUKI),RAW",3.61,0,0,0.0,14,0.39,0.0,94.5,0.0,0.0,0.0,0.04,94.0,1 cup
BUTTERBUR,"BUTTERBUR,CKD,BLD,DRND,WO/SALT",2.16,0,0,0.0,8,0.23,0.0,96.7,0.0,0.0,0.0,0.02,0.0,
BUTTERBUR,"BUTTERBUR,CANNED",0.38,0,0,0.0,3,0.11,0.0,97.92,0.0,0.0,0.0,0.13,124.0,"1 cup, chopped"
CABBAGE,"CABBAGE,RAW",5.8,0,11,2.5,25,1.28,3.200000048,92.18,0.017,0.017,0.034,0.1,89.0,"1 cup, chopped"
CABBAGE,"CABBAGE,CKD,BLD,DRND,WO/SALT",5.51,0,20,1.899999976,23,1.27,2.789999962,92.57,0.019,0.023,0.0,0.06,1262.0,1 head
CABBAGE,"CABBAGE,RED,RAW",7.37,0,17,2.099999905,31,1.43,3.829999924,90.39,0.012,0.08,0.021,0.16,89.0,"1 cup, chopped"
CABBAGE,"CABBAGE,RED,CKD,BLD,DRND,WO/SALT",6.94,0,21,2.599999905,29,1.51,3.319999933,90.84,0.007,0.043,0.011,0.09,22.0,1 leaf
CABBAGE,"CABBAGE,SAVOY,RAW",6.1,0,12,3.099999905,27,2.0,2.269999981,91.0,0.007,0.049,0.013,0.1,70.0,"1 cup, shredded"
CABBAGE,"CABBAGE,SAVOY,CKD,BLD,DRND,WO/SALT",5.41,0,0,2.799999952,24,1.8,0.0,92.0,0.007,0.043,0.012,0.09,145.0,"1 cup, shredded"
CABBAGE,"CABBAGE,CHINESE (PAK-CHOI),RAW",2.18,0,6,1.0,13,1.5,1.179999948,95.32,0.015,0.096,0.027,0.2,70.0,"1 cup, shredded"
CABBAGE,"CABBAGE,CHINESE (PAK-CHOI),CKD,BLD,DRND,WO/SALT",1.78,0,12,1.0,12,1.56,0.829999983,95.55,0.012,0.077,0.021,0.16,170.0,"1 cup, shredded"
CABBAGE,"CABBAGE,CHINESE (PE-TSAI),RAW",3.23,0,8,1.200000048,16,1.2,1.409999967,94.39,0.023,0.072,0.043,0.2,76.0,"1 cup, shredded"
CABBAGE,"CABBAGE,CHINESE (PE-TSAI),CKD,BLD,DRND,WO/SALT",2.41,0,0,1.700000048,14,1.5,0.0,95.24,0.02,0.061,0.036,0.17,119.0,"1 cup, shredded"
CARDOON,"CARDOON,RAW",4.07,0,0,1.600000024,17,0.7,0.0,94.0,0.018,0.041,0.011,0.1,178.0,"1 cup, shredded"
CARDOON,"CARDOON,CKD,BLD,DRND,WO/SALT",5.33,0,0,1.700000048,22,0.76,0.0,93.46,0.02,0.044,0.012,0.11,0.0,
CARROTS,"CARROTS,RAW",9.58,0,9,2.799999952,41,0.93,4.739999771,88.29,0.014,0.117,0.037,0.24,128.0,"1 cup, chopped"
CARROTS,"CARROTS,CKD,BLD,DRND,WO/SALT",8.22,0,9,3.0,35,0.76,3.450000048,90.17,0.006,0.089,0.03,0.18,9.7,1 tbsp
CARROTS,"CARROTS,CND,REG PK,SOL&LIQUIDS",5.37,0,6,1.799999952,23,0.58,2.460000038,92.99,0.006,0.065,0.025,0.14,123.0,".5 cup, slices"
CARROTS,"CARROTS,CND,REG PK,DRND SOL",5.54,0,6,1.5,25,0.64,2.480000019,92.95,0.009,0.092,0.036,0.19,228.0,"1 cup, mashed"
CARROTS,"CARROTS,FROZEN,UNPREPARED",7.9,0,8,3.299999952,36,0.78,4.760000229,90.04,0.014,0.263,0.047,0.46,284.0,"1 package,  (10 oz)"
CARROTS,"CARROTS,FRZ,CKD,BLD,DRND,WO/SALT",7.73,0,9,3.299999952,37,0.58,4.079999924,90.32,0.031,0.334,0.12,0.68,146.0,"1 cup, sliced"
CASSAVA,"CASSAVA,RAW",38.06,0,24,1.799999952,160,1.36,1.700000048,59.68,0.075,0.048,0.074,0.28,206.0,1 cup
CAULIFLOWER,"CAULIFLOWER,RAW",5.3,0,45,2.5,25,1.98,2.400000095,91.91,0.007,0.048,0.015,0.1,100.0,1 cup
CAULIFLOWER,"CAULIFLOWER,CKD,BLD,DRND,WO/SALT",4.11,0,39,2.299999952,23,1.84,2.079999924,93.0,0.032,0.217,0.07,0.45,62.0,".5 cup,  (1"" pieces)"
CAULIFLOWER,"CAULIFLOWER,FRZ,UNPREP",4.68,0,42,2.299999952,24,2.01,2.220000029,92.51,0.019,0.128,0.041,0.27,284.0,"1 package,  (10 oz)"
CAULIFLOWER,"CAULIFLOWER,FRZ,CKD,BLD,DRND,WO/SALT",3.75,0,34,2.700000048,19,1.61,1.049999952,94.0,0.015,0.105,0.034,0.22,180.0,"1 cup,  (1"" pieces)"
CELERIAC,"CELERIAC,RAW",9.2,0,9,1.799999952,42,1.5,1.600000024,88.0,0.058,0.148,0.079,0.3,156.0,1 cup
CELERIAC,"CELERIAC,CKD,BLD,DRND,WO/SALT",5.9,0,0,1.200000048,27,0.96,0.0,92.3,0.0,0.0,0.0,0.19,155.0,"1 cup, pieces"
CELERY,"CELERY,RAW",2.97,0,6,1.600000024,16,0.69,1.830000043,95.43,0.032,0.079,0.042,0.17,101.4,"1 cup, chopped"
CELERY,"CELERY,CKD,BLD,DRND,WO/SALT",4.0,0,8,1.600000024,18,0.83,2.369999886,94.11,0.03,0.075,0.04,0.16,150.0,"1 cup, diced"
CELTUCE,"CELTUCE,RAW",3.65,0,0,1.700000048,18,0.85,0.0,94.5,0.0,0.0,0.0,0.3,8.0,1 leaf
CHARD,"CHARD,SWISS,RAW",3.74,0,18,1.600000024,19,1.8,1.100000024,92.66,0.04,0.07,0.03,0.2,36.0,1 cup
CHARD,"CHARD,SWISS,CKD,BLD,DRND,WO/SALT",4.13,0,29,2.099999905,20,1.88,1.100000024,92.65,0.016,0.028,0.012,0.08,175.0,"1 cup, chopped"
CHAYOTE,"CHAYOTE,FRUIT,RAW",4.51,0,9,1.700000048,19,0.82,1.659999967,94.24,0.01,0.057,0.028,0.13,132.0,"1 cup,  (1"" pieces)"
CHAYOTE,"CHAYOTE,FRUIT,CKD,BLD,DRND,WO/SALT",5.09,0,0,2.799999952,24,0.62,0.0,93.43,0.0,0.0,0.086,0.48,160.0,"1 cup,  (1"" pieces)"
CHICORY,"CHICORY,WITLOOF,RAW",4.0,0,0,3.099999905,17,0.9,0.0,94.52,0.002,0.044,0.024,0.1,53.0,1 head
CHICORY GREENS,"CHICORY GREENS,RAW",4.7,0,13,4.0,23,1.7,0.699999988,92.0,0.006,0.131,0.073,0.3,29.0,"1 cup, chopped"
CHICORY ROOTS,"CHICORY ROOTS,RAW",17.51,0,0,0.0,73,1.4,0.0,80.0,0.004,0.087,0.048,0.2,60.0,1 root
CHIVES,"CHIVES,RAW",4.35,0,5,2.5,30,3.27,1.850000024,90.65,0.095,0.267,0.146,0.73,3.0,"1 tbsp, chopped"
CHRYSANTHEMUM,"CHRYSANTHEMUM,GARLAND,RAW",3.02,0,0,3.0,24,3.36,0.0,91.4,0.0,0.0,0.0,0.56,25.0,"1 cup,  (1"" pieces)"
CHRYSANTHEMUM,"CHRYSANTHEMUM,GARLAND,CKD,BLD,DRND,WO/SALT",4.31,0,13,2.299999952,20,1.64,2.00999999,92.49,0.002,0.039,0.022,0.09,100.0,"1 cup,  (1"" pieces)"
COLESLAW,"COLESLAW,HOME-PREPARED",12.41,8,0,1.5,78,1.29,0.0,81.5,0.708,1.351,0.385,2.61,8.0,1 tbsp
COLLARDS,"COLLARDS,RAW",5.69,0,23,3.599999905,30,2.45,0.460000008,90.55,0.03,0.201,0.055,0.42,36.0,"1 cup, chopped"
COLLARDS,"COLLARDS,CKD,BLD,DRND,WO/SALT",4.91,0,32,2.799999952,26,2.11,0.400000006,91.86,0.026,0.173,0.047,0.36,190.0,"1 cup, chopped"
COLLARDS,"COLLARDS,FRZ,CHOPD,UNPREP",6.46,0,0,3.599999905,33,2.69,0.0,89.53,0.027,0.178,0.048,0.37,284.0,"1 package,  (10 oz)"
COLLARDS,"COLLARDS,FRZ,CHOPD,CKD,BLD,DRND,WO/SALT",7.1,0,45,2.799999952,36,2.97,0.569999993,88.47,0.02,0.21,0.06,0.41,170.0,"1 cup, chopped"
CORIANDER (CILANTRO) LEAVES,"CORIANDER (CILANTRO) LEAVES,RAW",3.67,0,13,2.799999952,23,2.13,0.870000005,92.21,0.275,0.04,0.014,0.52,4.0,.25 cup
CORN,"CORN,SWEET,YELLOW,RAW",19.02,0,23,2.700000048,86,3.22,3.220000029,75.96,0.347,0.559,0.182,1.18,154.0,1 cup
CORN,"CORN,SWT,YEL,CKD,BLD,DRND,WO/SALT",25.11,0,29,2.799999952,108,3.32,3.170000076,69.57,0.374,0.603,0.197,1.28,89.0,"1 ear, small (5-1/2"" to 6-1/2"" long)"
CORN,"CORN,SWT,YEL,CND,BRINE PK,REG PK,SOL&LIQUIDS",15.41,0,0,1.700000048,64,1.95,2.829999924,81.34,0.144,0.233,0.077,0.5,128.0,.5 cup
CORN,"CORN,SWT,YEL,CND,WHL KERNEL,DRND SOL",18.8,0,16,1.899999976,81,2.64,3.039999962,76.71,0.239,0.464,0.173,0.93,164.0,1 cup
CORN,"CORN,SWT,YEL,CND,CRM STYLE,REG PK",18.13,0,20,1.200000048,72,1.74,3.230000019,78.73,0.123,0.198,0.065,0.42,256.0,1 cup
CORN,"CORN,SWT,YEL,CND,VACUUM PK,REG PK",19.44,0,22,2.0,79,2.41,3.559999943,76.58,0.147,0.237,0.077,0.5,105.0,.5 cup
CORN,"CORN,SWT,YEL,FRZ,KRNLS CUT OFF COB,UNPREP",20.71,0,24,2.099999905,88,3.02,2.5,75.0,0.227,0.366,0.119,0.78,135.5,1 cup
CORN,"CORN,SWT,YEL,FRZ,KRNLS CUT OFF COB,BLD,DRND,WO/SALT",19.3,0,22,2.400000095,81,2.55,3.069999933,77.03,0.197,0.318,0.103,0.67,284.0,"1 package,  (10 oz) yields"
CORN,"CORN,SWT,YEL,FRZ,KRNLS ON COB,UNPREP",23.5,0,0,2.799999952,98,3.28,3.779999971,71.79,0.228,0.367,0.12,0.78,125.0,"1 ear,  yields"
CORN,"CORN,SWT,YEL,FRZ,KRNLS ON COB,CKD,BLD,DRND,WO/SALT",22.33,0,0,2.799999952,93,3.11,3.589999914,73.2,0.216,0.348,0.114,0.74,63.0,"1 ear,  yields"
CORN,"CORN,YEL,WHL KERNEL,FRZ,MICROWAVED",25.87,0,30,2.599999905,131,3.62,3.359999895,68.4,0.287,0.463,0.15,1.42,141.08,1 cup
CORN W/RED&GRN PEPPERS,"CORN W/RED&GRN PEPPERS,CND,SOL&LIQUIDS",18.17,0,0,0.0,75,2.33,0.0,77.5,0.157,0.261,0.085,0.55,227.0,1 cup
CORNSALAD,"CORNSALAD,RAW",3.6,0,0,0.0,21,2.0,0.0,92.8,0.0,0.0,0.0,0.4,56.0,1 cup
COWPEAS (BLACKEYES),"COWPEAS (BLACKEYES),IMMAT SEEDS,RAW",18.83,0,0,5.0,90,2.95,3.0,77.2,0.032,0.15,0.09,0.35,145.0,1 cup
COWPEAS (BLACKEYES),"COWPEAS (BLACKEYES),IMMAT SEEDS,CKD,BLD,DRND,WO/SALT",20.32,0,33,5.0,97,3.17,3.230000019,75.48,0.034,0.161,0.096,0.38,165.0,1 cup
COWPEAS (BLACKEYES),"COWPEAS (BLACKEYES),IMMAT SEEDS,FRZ,UNPREP",25.13,0,0,5.0,139,8.98,0.0,64.15,0.063,0.297,0.185,0.7,160.0,1 cup
COWPEAS (BLACKEYES),"COWPEAS (BLACKEYES),IMMTRE SEEDS,FRZ,CKD,BLD,DRND,WO/SALT",23.76,0,46,6.400000095,132,8.49,4.460000038,66.1,0.06,0.28,0.175,0.66,170.0,1 cup
COWPEAS,"COWPEAS,YOUNG PODS W/SEEDS,RAW",9.5,0,0,0.0,44,3.3,0.0,86.0,0.027,0.127,0.079,0.3,94.0,1 cup
COWPEAS,"COWPEAS,YOUNG PODS W/SEEDS,CKD,BLD,DRND,WO/SALT",7.0,0,0,0.0,34,2.6,0.0,89.5,0.027,0.127,0.079,0.3,95.0,1 cup
YARDLONG BEAN,"YARDLONG BEAN,RAW",8.35,0,0,0.0,47,2.8,0.0,87.85,0.036,0.169,0.105,0.4,91.0,"1 cup, slices"
YARDLONG BEAN,"YARDLONG BEAN,CKD,BLD,DRND,WO/SALT",9.18,0,0,0.0,47,2.53,0.0,87.47,0.009,0.042,0.026,0.1,104.0,"1 cup, slices"
COWPEAS,"COWPEAS,LEAFY TIPS,RAW",4.82,0,0,0.0,29,4.1,0.0,89.78,0.022,0.106,0.066,0.25,36.0,"1 cup, chopped"
COWPEAS,"COWPEAS,LEAFY TIPS,CKD,BLD,DRND,WO/SALT",2.8,0,0,0.0,22,4.67,0.0,91.3,0.009,0.042,0.026,0.1,53.0,"1 cup, chopped"
CRESS,"CRESS,GARDEN,RAW",5.5,0,20,1.100000024,32,2.6,4.400000095,89.4,0.239,0.228,0.023,0.7,50.0,1 cup
CRESS,"CRESS,GARDEN,CKD,BLD,DRND,WO/SALT",3.8,0,14,0.699999988,23,1.9,3.109999895,92.5,0.205,0.196,0.02,0.6,135.0,1 cup
CUCUMBER,"CUCUMBER,WITH PEEL,RAW",3.63,0,6,0.5,15,0.65,1.669999957,95.23,0.005,0.032,0.037,0.11,52.0,".5 cup, slices"
CUCUMBER,"CUCUMBER,PEELED,RAW",2.16,0,6,0.699999988,12,0.59,1.379999995,96.73,0.002,0.003,0.013,0.16,133.0,"1 cup, pared chopped"
DANDELION GREENS,"DANDELION GREENS,RAW",9.2,0,35,3.5,45,2.7,0.709999979,85.6,0.014,0.306,0.17,0.7,55.0,"1 cup, chopped"
DANDELION GRNS,"DANDELION GRNS,CKD,BLD,DRND,WO/SALT",6.4,0,25,2.900000095,33,2.0,0.5,89.8,0.012,0.262,0.146,0.6,105.0,"1 cup, chopped"
EGGPLANT,"EGGPLANT,RAW",5.7,0,7,3.400000095,24,1.01,2.349999905,92.41,0.016,0.076,0.034,0.19,82.0,"1 cup, cubes"
EGGPLANT,"EGGPLANT,CKD,BLD,DRND,WO/SALT",8.73,0,9,2.5,35,0.83,3.200000048,89.67,0.02,0.093,0.044,0.23,99.0,"1 cup,  (1"" cubes)"
EDAMAME,"EDAMAME,FRZ,UNPREP",8.58,0,56,4.800000191,110,10.25,2.480000019,75.17,0.0,0.0,0.0,4.73,118.33,1 cup
EDAMAME,"EDAMAME,FRZ,PREP",9.94,0,56,5.199999809,122,10.88,2.180000067,72.77,1.282,2.156,0.62,5.2,155.05,1 cup
ENDIVE,"ENDIVE,RAW",3.35,0,17,3.099999905,17,1.25,0.25,93.79,0.004,0.087,0.048,0.2,513.0,1 head
GARLIC,"GARLIC,RAW",33.06,0,23,2.099999905,149,6.36,1.0,58.58,0.011,0.249,0.089,0.5,136.0,1 cup
GINGER ROOT,"GINGER ROOT,RAW",17.77,0,29,2.0,80,1.82,1.700000048,78.89,0.154,0.154,0.203,0.75,2.0,1 tsp
GOURD,"GOURD,WHITE-FLOWERED (CALABASH),RAW",3.39,0,0,0.0,14,0.62,0.0,95.54,0.004,0.009,0.002,0.02,58.0,".5 cup,  (1"" pieces)"
GOURD,"GOURD,WHITE-FLOWERED (CALABASH),CKD,BLD,DRND,WO/SALT",3.69,0,0,0.0,15,0.6,0.0,95.32,0.004,0.009,0.002,0.02,146.0,"1 cup,  (1"" cubes)"
GOURD,"GOURD,DISHCLOTH (TOWELGOURD),RAW",4.36,0,0,0.0,20,1.2,0.0,93.85,0.037,0.087,0.016,0.2,95.0,"1 cup,  (1"" pieces)"
GOURD,"GOURD,DISHCLOTH (TOWELGOURD),CKD,BLD,DRND,WO/SALT",14.34,0,0,0.0,56,0.66,0.0,84.29,0.063,0.148,0.027,0.34,178.0,"1 cup,  (1"" pieces)"
HORSERADISH-TREE LEAFY TIPS,"HORSERADISH-TREE LEAFY TIPS,RAW",8.28,0,0,2.0,64,9.4,0.0,78.66,0.0,0.0,0.0,1.4,21.0,"1 cup, chopped"
HORSERADISH-TREE,"HORSERADISH-TREE,LEAFY TIPS,CKD,BLD,DRND,WO/SALT",11.15,0,21,2.0,60,5.27,1.0,81.65,0.473,0.015,0.152,0.93,42.0,"1 cup, chopped"
HYACINTH-BEANS,"HYACINTH-BEANS,IMMAT SEEDS,RAW",9.19,0,0,0.0,46,2.1,0.0,87.87,0.095,0.008,0.088,0.2,80.0,1 cup
HYACINTH-BEANS,"HYACINTH-BEANS,IMMAT SEEDS,CKD,BLD,DRND,WO/SALT",9.2,0,0,0.0,50,2.95,0.0,86.9,0.129,0.01,0.119,0.27,87.0,1 cup
JERUSALEM-ARTICHOKES,"JERUSALEM-ARTICHOKES,RAW",17.44,0,30,1.600000024,73,2.0,9.600000381,78.01,0.004,0.001,0.0,0.01,150.0,"1 cup, slices"
JEW'S EAR,"JEW'S EAR,(PEPEAO),RAW",6.75,0,0,0.0,25,0.48,0.0,92.59,0.0,0.0,0.0,0.04,99.0,"1 cup, slices"
PEPEAO,"PEPEAO,DRIED",81.03,0,0,0.0,298,4.82,0.0,11.14,0.0,0.0,0.0,0.44,24.0,1 cup
JUTE,"JUTE,POTHERB,RAW",5.8,0,0,0.0,34,4.65,0.0,87.72,0.017,0.12,0.038,0.25,28.0,1 cup
JUTE,"JUTE,POTHERB,CKD,BLD,DRND,WO/SALT",7.29,0,13,2.0,37,3.68,1.0,87.15,0.014,0.096,0.03,0.2,87.0,1 cup
KALE,"KALE,RAW",10.01,0,0,2.0,50,3.3,0.0,84.46,0.052,0.338,0.091,0.7,67.0,"1 cup, chopped"
KALE,"KALE,CKD,BLD,DRND,WO/SALT",5.63,0,0,2.0,28,1.9,1.25,91.2,0.03,0.193,0.052,0.4,130.0,"1 cup, chopped"
KALE,"KALE,FROZEN,UNPREPARED",4.9,0,0,2.0,28,2.66,0.0,91.12,0.034,0.219,0.059,0.46,284.0,"1 package,  (10 oz)"
KALE,"KALE,FRZ,CKD,BLD,DRND,WO/SALT",5.23,0,0,2.0,30,2.84,1.340000033,90.5,0.036,0.235,0.063,0.49,130.0,"1 cup, chopped"
KANPYO,"KANPYO,(DRIED GOURD STRIPS)",65.04,0,0,0.0,258,8.58,0.0,19.97,0.103,0.244,0.045,0.56,6.3,1 strip
KOHLRABI,"KOHLRABI,RAW",6.2,0,12,3.599999905,27,1.7,2.599999905,91.0,0.007,0.048,0.013,0.1,135.0,1 cup
KOHLRABI,"KOHLRABI,CKD,BLD,DRND,WO/SALT",6.69,0,13,1.100000024,29,1.8,2.799999952,90.3,0.008,0.053,0.014,0.11,165.0,"1 cup, sliced"
MUSHROOMS,"MUSHROOMS,PORTABELLA,GRILLED",4.91,0,33,2.200000048,35,4.27,0.0,88.91,0.0,0.2,0.05,0.75,121.03,"1 cup, sliced"
LAMBSQUARTERS,"LAMBSQUARTERS,RAW",7.3,0,0,4.0,43,4.2,0.0,84.3,0.15,0.351,0.059,0.8,0.0,
LAMBSQUARTERS,"LAMBSQUARTERS,CKD,BLD,DRND,WO/SALT",5.0,0,0,2.099999905,32,3.2,0.620000005,88.9,0.131,0.307,0.052,0.7,180.0,"1 cup, chopped"
LEEKS,"LEEKS,(BULB&LOWER LEAF-PORTION),RAW",14.15,0,10,1.799999952,61,1.5,3.900000095,83.0,0.004,0.166,0.04,0.3,89.0,1 cup
LEEKS,"LEEKS,(BULB&LOWER LEAF-PORTION),CKD,BLD,DRND,WO/SALT",7.62,0,0,1.0,31,0.81,2.109999895,90.8,0.003,0.111,0.027,0.2,124.0,1 leek
LENTILS,"LENTILS,SPROUTED,RAW",22.14,0,0,0.0,106,8.96,0.0,67.34,0.104,0.219,0.057,0.55,77.0,1 cup
LENTILS,"LENTILS,SPROUTED,CKD,STIR-FRIED,WO/SALT",21.25,0,0,0.0,101,8.8,0.0,68.7,0.095,0.201,0.053,0.45,0.0,
LETTUCE,"LETTUCE,BUTTERHEAD (INCL BOSTON&BIBB TYPES),RAW",2.23,0,8,1.100000024,13,1.35,0.939999998,95.63,0.008,0.117,0.029,0.22,55.0,"1 cup, shredded or chopped"
LETTUCE,"LETTUCE,COS OR ROMAINE,RAW",3.29,0,10,2.099999905,17,1.23,1.190000057,94.61,0.012,0.16,0.039,0.3,46.9,"1 cup, shredded"
LETTUCE,"LETTUCE,ICEBERG (INCL CRISPHEAD TYPES),RAW",2.97,0,7,1.200000048,14,0.9,1.970000029,95.64,0.006,0.074,0.018,0.14,72.48,"1 cup, shredded"
LETTUCE,"LETTUCE,GRN LEAF,RAW",2.79,0,13,1.299999952,15,1.36,0.779999971,95.07,0.006,0.082,0.02,0.15,35.58,"1 cup, shredded"
LOTUS ROOT,"LOTUS ROOT,RAW",17.23,0,0,4.900000095,74,2.6,0.0,79.1,0.02,0.02,0.03,0.1,81.0,"10 slices,  (2-1/2"" dia)"
LOTUS ROOT,"LOTUS ROOT,CKD,BLD,DRND,WO/SALT",16.02,0,25,3.099999905,66,1.58,0.5,81.42,0.014,0.014,0.021,0.07,60.0,.5 cup
LETTUCE,"LETTUCE,RED LEAF,RAW",2.26,0,12,0.899999976,16,1.33,0.479999989,95.64,0.0,0.0,0.0,0.22,28.27,"1 cup, shredded"
MOUNTAIN YAM,"MOUNTAIN YAM,HAWAII,RAW",16.31,0,0,0.0,67,1.34,0.0,81.44,0.004,0.045,0.022,0.1,68.0,".5 cup, cubes"
MOUNTAIN YAM,"MOUNTAIN YAM,HAWAII,CKD,STMD,WO/SALT",20.0,0,0,0.0,82,1.73,0.0,77.14,0.003,0.036,0.018,0.08,145.0,"1 cup, cubes"
MUSHROOMS,"MUSHROOMS,WHITE,RAW",3.28,0,17,1.0,22,3.09,1.649999976,92.43,0.0,0.139,0.043,0.34,70.0,"1 cup, pieces or slices"
MUSHROOMS,"MUSHROOMS,CKD,BLD,DRND,WO/SALT",5.29,0,20,2.200000048,28,2.17,1.950000048,91.08,0.007,0.191,0.051,0.47,156.0,"1 cup, pieces"
MUSHROOMS,"MUSHROOMS,WHITE,STIR-FRIED",4.04,0,22,1.799999952,26,3.58,0.0,91.1,0.0,0.16,0.04,0.33,107.95,"1 cup, sliced"
MUSHROOMS,"MUSHROOMS,CND,DRND SOL",5.09,0,20,2.400000095,25,1.87,1.950000048,91.08,0.005,0.117,0.031,0.29,156.0,1 cup
MUSHROOMS,"MUSHROOMS,PORTABELLA,RAW",5.07,0,21,1.5,26,2.5,1.799999952,91.2,0.003,0.078,0.026,0.2,85.5,"1 cup, diced"
MUSHROOMS,"MUSHROOMS,BROWN,ITALIAN,OR CRIMINI,RAW",4.12,0,22,0.600000024,27,2.5,1.720000029,92.3,0.002,0.042,0.014,0.1,86.9,"1 cup, whole"
MUSHROOMS,"MUSHROOMS,SHIITAKE,STIR-FRIED",7.68,0,59,3.599999905,48,3.45,0.300000012,87.74,0.0,0.14,0.03,0.35,88.85,"1 cup, whole"
MUSHROOMS,"MUSHROOMS,SHIITAKE,DRIED",75.37,0,202,11.5,296,9.58,2.210000038,9.5,0.317,0.151,0.225,0.99,3.6,1 mushroom
MUSHROOMS,"MUSHROOMS,SHIITAKE,CKD,WO/SALT",14.39,0,37,2.099999905,56,1.56,3.609999895,83.48,0.07,0.034,0.05,0.22,145.0,"1 cup, pieces"
MUSTARD GREENS,"MUSTARD GREENS,RAW",4.9,0,0,3.299999952,26,2.7,1.600000024,90.8,0.092,0.038,0.01,0.2,56.0,"1 cup, chopped"
MUSTARD GRNS,"MUSTARD GRNS,CKD,BLD,DRND,WO/SALT",2.1,0,0,2.0,15,2.26,0.100000001,94.46,0.11,0.046,0.012,0.24,140.0,"1 cup, chopped"
MUSTARD GRNS,"MUSTARD GRNS,FRZ,UNPREP",3.41,0,0,3.299999952,20,2.49,0.0,93.21,0.124,0.051,0.014,0.27,146.0,"1 cup, chopped"
MUSTARD GRNS,"MUSTARD GRNS,FRZ,CKD,BLD,DRND,WO/SALT",3.11,0,0,2.799999952,19,2.27,0.319999993,93.8,0.113,0.047,0.013,0.25,150.0,"1 cup, chopped"
MUSTARD SPINACH,"MUSTARD SPINACH,(TENDERGREEN),RAW",3.9,0,0,2.799999952,22,2.2,0.0,92.2,0.138,0.057,0.015,0.3,150.0,"1 cup, chopped"
MUSTARD SPINACH,"MUSTARD SPINACH,(TENDERGREEN),CKD,BLD,DRND,WO/SALT",2.8,0,0,2.0,16,1.7,0.0,94.5,0.0,0.0,0.0,0.2,180.0,"1 cup, chopped"
NEW ZEALAND SPINACH,"NEW ZEALAND SPINACH,RAW",2.5,0,0,0.0,14,1.5,0.0,94.0,0.005,0.084,0.032,0.2,56.0,"1 cup, chopped"
NEW ZEALAND SPINACH,"NEW ZEALAND SPINACH,CKD,BLD,DRND,WO/SALT",2.2,0,0,0.0,12,1.3,0.0,94.8,0.005,0.071,0.027,0.17,180.0,"1 cup, chopped"
OKRA,"OKRA,RAW",7.03,0,12,3.200000048,31,2.0,1.200000048,90.17,0.017,0.027,0.026,0.1,100.0,1 cup
OKRA,"OKRA,CKD,BLD,DRND,WO/SALT",4.51,0,9,2.5,22,1.87,2.400000095,92.57,0.028,0.046,0.045,0.21,80.0,".5 cup, slices"
OKRA,"OKRA,FROZEN,UNPREPARED",6.63,0,11,2.200000048,30,1.69,2.970000029,90.82,0.041,0.066,0.065,0.25,284.0,"1 package,  (10 oz)"
OKRA,"OKRA,FRZ,CKD,BLD,DRND,WO/SALT",5.75,0,11,2.799999952,28,2.08,2.869999886,91.12,0.05,0.081,0.079,0.3,255.0,"1 package,  (10 oz) yields"
ONIONS,"ONIONS,RAW",9.34,0,6,1.700000048,40,1.1,4.239999771,89.11,0.013,0.017,0.042,0.1,160.0,"1 cup, chopped"
ONIONS,"ONIONS,CKD,BLD,DRND,WO/SALT",10.15,0,7,1.399999976,44,1.36,4.730000019,87.86,0.027,0.073,0.031,0.19,210.0,1 cup
ONIONS,"ONIONS,DEHYDRATED FLAKES",83.28,0,54,9.199999809,349,8.95,37.40999985,3.93,0.064,0.18,0.078,0.46,5.0,1 tbsp
ONIONS,"ONIONS,CND,SOL&LIQUIDS",4.02,0,0,1.200000048,19,0.85,2.200000048,94.1,0.013,0.036,0.016,0.09,63.0,1 onion
ONIONS,"ONIONS,YEL,SAUTEED",7.86,0,6,1.700000048,132,0.95,0.0,80.01,0.0,0.0,0.0,10.8,86.93,"1 cup, chopped"
ONIONS,"ONIONS,FRZ,CHOPD,UNPREP",6.81,0,0,1.799999952,29,0.79,0.0,91.99,0.014,0.039,0.017,0.1,284.0,"1 package,  (10 oz)"
ONIONS,"ONIONS,FRZ,CHOPD,CKD,BLD,DRND,WO/SALT",6.59,0,4,1.799999952,28,0.77,2.900000095,92.24,0.013,0.038,0.016,0.1,15.0,"1 tbsp, chopped"
ONIONS,"ONIONS,FRZ,WHL,UNPREP",8.45,0,6,1.700000048,35,0.89,3.809999943,90.22,0.009,0.025,0.011,0.06,284.0,"1 package,  (10 oz)"
ONIONS,"ONIONS,FRZ,WHL,CKD,BLD,DRND,WO/SALT",6.7,0,4,1.399999976,28,0.71,2.900000095,92.24,0.007,0.02,0.009,0.05,210.0,1 cup
ONIONS,"ONIONS,SPRING OR SCALLIONS (INCL TOPS&BULB),RAW",7.34,0,6,2.599999905,32,1.83,2.329999924,89.83,0.027,0.074,0.032,0.19,100.0,"1 cup, chopped"
ONIONS,"ONIONS,YOUNG GRN,TOPS ONLY",5.65,0,5,3.5,25,1.8,2.099999905,91.8,0.014,0.038,0.016,0.1,6.0,1 tbsp
ONIONS,"ONIONS,WELSH,RAW",6.5,0,0,0.0,34,1.9,0.0,90.5,0.056,0.156,0.067,0.4,0.0,
ONIONS,"ONIONS,SWT,RAW",7.55,0,6,0.899999976,32,0.8,5.019999981,91.24,0.0,0.0,0.0,0.08,331.48,1 onion
ONION RINGS,"ONION RINGS,BREADED,PAR FR,FRZ,UNPREP",30.53,0,0,1.799999952,258,3.15,0.0,51.22,5.738,2.7,4.534,14.1,454.0,"1 package,  (16 oz)"
ONION RINGS,"ONION RINGS,BREADED,PAR FR,FRZ,PREP,HTD IN OVEN",38.16,0,0,1.299999952,407,5.34,0.0,28.5,10.866,5.113,8.585,26.7,48.0,1 cup
PARSLEY,"PARSLEY,RAW",6.33,0,13,3.299999952,36,2.97,0.850000024,87.71,0.295,0.124,0.132,0.79,60.0,1 cup
PARSNIPS,"PARSNIPS,RAW",17.99,0,0,4.900000095,75,1.2,4.800000191,79.53,0.112,0.047,0.05,0.3,133.0,"1 cup, slices"
PARSNIPS,"PARSNIPS,CKD,BLD,DRND,WO/SALT",17.01,0,27,3.599999905,71,1.32,4.800000191,80.24,0.112,0.047,0.05,0.3,78.0,".5 cup, slices"
PEAS,"PEAS,EDIBLE-PODDED,RAW",7.55,0,17,2.599999905,42,2.8,4.0,88.89,0.021,0.089,0.039,0.2,98.0,"1 cup, chopped"
PEAS,"PEAS,EDIBLE-PODDED,BLD,DRND,WO/ SALT",7.05,0,17,2.799999952,42,3.27,3.99000001,88.91,0.023,0.1,0.044,0.23,160.0,1 cup
PEAS,"PEAS,EDIBLE-PODDED,FRZ,UNPREP",7.2,0,0,3.099999905,42,2.8,0.0,89.3,0.031,0.133,0.058,0.3,72.0,.5 cup
PEAS,"PEAS,EDIBLE-PODDED,FRZ,CKD,BLD,DRND,WO/SALT",9.02,0,21,3.099999905,52,3.5,4.820000172,86.6,0.039,0.167,0.073,0.38,160.0,1 cup
PEAS,"PEAS,GREEN,RAW",14.45,0,28,5.099999905,81,5.42,5.670000076,78.86,0.035,0.187,0.071,0.4,145.0,1 cup
PEAS,"PEAS,GRN,CKD,BLD,DRND,WO/SALT",15.63,0,30,5.5,84,5.36,5.929999828,77.87,0.019,0.102,0.039,0.22,160.0,1 cup
PEAS,"PEAS,GRN,CND,REG PK,SOL&LIQUIDS",9.75,0,19,3.299999952,53,3.19,3.200000048,85.92,0.025,0.132,0.05,0.3,124.0,.5 cup
PEAS,"PEAS,GRN (INCL BABY & LESUER TYPES),CND,DRND SOI,UNPREP",11.38,0,23,4.900000095,69,4.47,2.99000001,82.4,0.031,0.163,0.062,0.62,174.9,1 cup
PEAS,"PEAS,GRN,CND,SEASONED,SOL&LIQUIDS",9.25,0,0,2.0,50,3.09,0.0,86.51,0.024,0.127,0.048,0.27,227.0,1 cup
PEAS,"PEAS,GRN,FRZ,UNPREP",13.62,0,27,4.5,77,5.22,5.0,79.98,0.033,0.175,0.066,0.4,134.03,1 cup
PEAS,"PEAS,GRN,FRZ,CKD,BLD,DRND,WO/SALT",14.26,0,28,5.5,78,5.15,4.650000095,79.52,0.024,0.129,0.049,0.27,80.0,.5 cup
PEAS,"PEAS,MATURE SEEDS,SPROUTED,RAW",27.11,0,0,0.0,124,8.8,0.0,62.27,0.061,0.326,0.124,0.68,120.0,1 cup
PEAS,"PEAS,MATURE SEEDS,SPROUTED,CKD,BLD,DRND,WO/SALT",17.08,0,0,0.0,98,7.05,0.0,74.37,0.045,0.24,0.09,0.51,0.0,
PEAS&CARROTS,"PEAS&CARROTS,CND,REG PK,SOL&LIQUIDS",8.48,0,0,2.0,38,2.17,0.0,88.15,0.023,0.129,0.049,0.27,255.0,1 cup
PEAS&CARROTS,"PEAS&CARROTS,FRZ,UNPREP",11.15,0,0,3.400000095,53,3.4,0.0,84.36,0.039,0.221,0.084,0.47,70.0,.5 cup
PEAS&CARROTS,"PEAS&CARROTS,FRZ,CKD,BLD,DRND,WO/SALT",10.12,0,18,3.099999905,48,3.09,4.360000134,85.8,0.035,0.201,0.077,0.42,278.0,"1 package,  (10 oz) yields"
PEAS&ONIONS,"PEAS&ONIONS,CND,SOL&LIQUIDS",8.57,0,0,2.299999952,51,3.28,0.0,86.4,0.036,0.176,0.068,0.38,120.0,1 cup
PEAS&ONIONS,"PEAS&ONIONS,FRZ,UNPREP",13.51,0,0,3.5,70,3.98,0.0,81.5,0.031,0.148,0.057,0.32,69.0,.5 cup
PEAS&ONIONS,"PEAS&ONIONS,FRZ,CKD,BLD,DRND,WO/SALT",8.63,0,16,2.200000048,45,2.54,3.769999981,88.18,0.019,0.094,0.036,0.2,180.0,1 cup
PEPPERS,"PEPPERS,HOT CHILI,GRN,CND,PODS,EXCLUDING SEEDS,SOL&LIQUIDS",5.1,0,7,1.299999952,21,0.9,3.119999886,92.5,0.006,0.055,0.01,0.1,73.0,1 pepper
PEPPERS,"PEPPERS,SWT,GRN,RAW",4.64,0,6,1.700000048,20,0.86,2.400000095,93.89,0.008,0.062,0.058,0.17,149.0,"1 cup, chopped"
PEPPERS,"PEPPERS,SWT,GRN,CKD,BLD,DRND,WO/SALT",6.7,0,7,1.200000048,28,0.92,3.190000057,91.87,0.013,0.106,0.029,0.2,135.0,"1 cup,  chopped or strips"
PEPPERS,"PEPPERS,SWT,GRN,CND,SOL&LIQUIDS",3.9,0,0,1.200000048,18,0.8,0.0,91.25,0.02,0.161,0.045,0.3,140.0,"1 cup,  halves"
PEPPERS,"PEPPERS,SWT,GRN,FRZ,CHOPD,UNPREP",4.45,0,0,1.600000024,20,1.08,0.0,93.96,0.014,0.113,0.031,0.21,284.0,"1 package,  (10 oz)"
PEPPERS,"PEPPERS,SWT,GRN,FRZ,CHOPD,BLD,DRND,WO/SALT",3.9,0,0,0.899999976,18,0.95,0.0,94.7,0.012,0.099,0.027,0.18,0.0,
PEPPERS,"PEPPERS,SWT,GRN,SAUTEED",4.22,0,5,1.799999952,127,0.78,2.170000076,82.65,2.337,5.9,1.59,11.85,0.0,
PIGEONPEAS,"PIGEONPEAS,IMMAT SEEDS,RAW",23.88,0,46,5.099999905,136,7.2,3.0,65.88,0.013,0.873,0.354,1.64,154.0,1 cup
PIGEONPEAS,"PIGEONPEAS,IMMAT SEEDS,CKD,BLD,DRND,WO/SALT",19.49,0,38,6.199999809,111,5.96,2.480000019,71.8,0.017,1.149,0.112,1.36,153.0,1 cup
No Category,POI,27.23,0,17,0.400000006,112,0.38,0.389999986,71.64,0.011,0.058,0.029,0.14,240.0,1 cup
POKEBERRY SHOOTS,"POKEBERRY SHOOTS,(POKE),RAW",3.7,0,0,1.700000048,23,2.6,0.0,91.6,0.0,0.0,0.0,0.4,160.0,1 cup
POKEBERRY SHOOTS,"POKEBERRY SHOOTS,(POKE),CKD,BLD,DRND,WO/SALT",3.1,0,0,1.5,20,2.3,1.600000024,92.9,0.013,0.176,0.092,0.4,165.0,1 cup
POTATO,"POTATO,FLESH & SKN,RAW",17.47,0,12,2.200000048,77,2.02,0.779999971,79.34,0.002,0.043,0.026,0.09,369.0,"1 Potato, large (3"" to 4-1/4"" dia)"
POTATOES,"POTATOES,RUSSET,FLESH & SKN,RAW",18.07,0,13,1.299999952,79,2.14,0.620000005,78.58,0.002,0.035,0.02,0.08,369.0,"1 potato, large (3"" to 4-1/4"" dia)"
POTATOES,"POTATOES,WHITE,FLESH & SKN,RAW",15.71,0,11,2.400000095,69,1.68,1.149999976,81.58,0.002,0.041,0.025,0.1,369.0,"1 potato, large (3 to 4-1/4"" dia)"
POTATOES,"POTATOES,RED,FLESH & SKN,RAW",15.9,0,16,1.700000048,70,1.89,1.0,80.96,0.003,0.057,0.034,0.14,369.0,"1 potato, large (3"" to 4-1/4"" dia)"
POTATOES,"POTATOES,RUSSET,FLESH & SKN,BKD",21.44,0,15,2.299999952,97,2.63,1.080000043,74.45,0.002,0.042,0.025,0.13,298.9,"1 potato, large (3"" to 4-1/4"" dia."
POTATOES,"POTATOES,WHITE,FLESH & SKN,BKD",21.08,0,14,2.099999905,94,2.1,1.389999986,75.43,0.002,0.036,0.021,0.15,299.0,"1 potato, large (3"" to 4-1/4"" dia)"
POTATOES,"POTATOES,RED,FLESH & SKN,BKD",19.59,0,19,1.799999952,89,2.3,1.429999948,76.67,0.002,0.042,0.025,0.15,298.9,"1 potato, large (3"" to 4-1/4"" dia."
POTATOES,"POTATOES,FR FR,CRNKL OR REG,SALT ADDED IN PROC,FRZ,AS PURCH",29.92,0,0,2.700000048,174,2.12,0.209999993,61.08,3.102,0.287,0.975,5.05,82.07,10 strip
POTATOES,"POTATOES,FR FR,CRNKL/REG CUT,SALT ADDED IN PROC,FRZ,OVEN-HTD",27.5,0,0,2.299999952,166,2.51,0.289999992,63.07,3.446,0.319,1.082,5.13,68.88,10 strip
POTATOES,"POTATOES,RAW,SKIN",12.44,0,0,2.5,58,2.57,0.0,83.29,0.002,0.043,0.026,0.1,38.0,1 skin
POTATOES,"POTATOES,BKD,FLESH,WO/SALT",21.55,0,14,1.5,93,1.96,1.700000048,75.42,0.002,0.043,0.026,0.1,61.0,.5 cup
POTATOES,"POTATOES,BKD,SKN,WO/SALT",46.06,0,31,7.900000095,198,4.29,1.399999976,47.31,0.002,0.043,0.026,0.1,58.0,1 skin
POTATOES,"POTATOES,BLD,CKD IN SKN,FLESH,WO/SALT",20.13,0,14,1.799999952,87,1.87,0.870000005,76.98,0.002,0.043,0.026,0.1,78.0,.5 cup
POTATOES,"POTATOES,BLD,CKD IN SKN,SKN,WO/SALT",17.21,0,0,3.299999952,78,2.86,0.0,77.8,0.002,0.043,0.026,0.1,34.0,1 skin
POTATOES,"POTATOES,BLD,CKD WO/ SKN,FLESH,WO/ SALT",20.01,0,13,1.799999952,86,1.71,0.850000024,77.46,0.002,0.043,0.026,0.1,299.6,"1 large,  (3"" to 4-1/4"" dia.)"
POTATOES,"POTATOES,MICROWAVED,CKD IN SKN,FLESH,WO/SALT",23.28,0,0,1.600000024,100,2.1,0.0,73.55,0.002,0.043,0.026,0.1,78.0,.5 cup
POTATOES,"POTATOES,MICROWAVED,CKD IN SKN,SKN,WO/SALT",29.63,0,0,5.5,132,4.39,0.0,63.5,0.002,0.043,0.026,0.1,58.0,1 skin
POTATOES,"POTATOES,HASHED BROWN,HOME-PREPARED",35.11,0,23,3.200000048,265,3.0,1.49000001,47.25,5.311,4.717,1.885,12.52,156.0,1 cup
POTATOES,"POTATOES,MSHD,HOME-PREPARED,WHL MILK & MARGARINE ADDED",16.9,1,14,1.5,113,1.97,1.440000057,75.28,1.879,1.164,0.972,4.2,210.0,1 cup
POTATOES,"POTATOES,SCALLPD,HOME-PREPARED W/BUTTER",10.78,12,0,1.899999976,88,2.87,0.0,80.94,1.039,0.166,2.255,3.68,245.0,1 cup
POTATOES,"POTATOES,AU GRATIN,HOME-PREPARED FROM RECIPE USING BUTTER",11.27,23,0,1.799999952,132,5.06,0.0,74.0,2.149,0.276,4.733,7.59,245.0,1 cup
POTATOES,"POTATOES,CND,SOL&LIQUIDS",9.89,0,0,1.399999976,44,1.2,0.0,87.83,0.002,0.048,0.029,0.11,300.0,"1 cup, whole"
POTATOES,"POTATOES,CND,DRND SOL",13.61,0,0,2.299999952,60,1.41,0.0,84.28,0.005,0.089,0.054,0.21,180.0,1 cup
POTATOES,"POTATOES,MSHD,DEHYD,FLAKES WO/MILK,DRY FORM",81.17,0,55,6.599999905,354,8.34,3.359999895,6.58,0.009,0.143,0.169,0.41,60.15,1 cup
POTATOES,"POTATOES,MSHD,DEHYD,PREP FROM FLKS WO MLK,WHL MLK&BUTTR ADD",10.81,14,11,0.800000012,97,1.79,1.610000014,81.25,1.31,0.222,3.191,5.13,210.0,1 cup
POTATOES,"POTATOES,MSHD,DEHYD,GRANULES WO/MILK,DRY FORM",85.51,0,0,7.099999905,372,8.22,3.630000114,3.63,0.011,0.238,0.138,0.54,200.0,1 cup
POTATOES,"POTATOES,MSHD,DEHYD,PREP FR GRNLS WO/MILK,WHL MILK&BUTTER",14.36,14,0,2.200000048,108,2.05,0.0,77.49,1.405,0.227,3.056,4.96,210.0,1 cup
POTATOES,"POTATOES,MSHD,DEHYD,GRANULES W/MILK,DRY FORM",77.7,2,55,6.599999905,357,10.9,3.369999886,6.3,0.152,0.285,0.461,1.1,200.0,1 cup
POTATOES,"POTATOES,MSHD,DEHYD,PREP FROM GRAN W/ MILK,H2O & MARG ADDED",16.08,2,0,1.299999952,116,2.19,1.769999981,76.01,1.955,1.345,1.21,4.79,210.0,1 cup
POTATOES,"POTATOES,AU GRATIN,DRY MIX,UNPREP",74.31,0,0,4.099999905,314,8.9,0.0,4.97,1.055,0.121,2.323,3.7,156.0,"1 package,  (5.5 oz)"
POTATOES,"POTATOES,AU GRATIN,DRY MIX,PREP W/H2O,WHL MILK&BUTTER",12.84,15,0,0.899999976,93,2.3,0.0,78.98,1.175,0.134,2.586,4.12,137.0,".167 package,  (5.5 oz) yields"
POTATOES,"POTATOES,SCALLPD,DRY MIX,UNPREP",73.93,5,0,8.600000381,358,7.77,0.0,6.22,0.1,1.985,1.2,4.59,156.0,"1 package,  (5.5 oz)"
POTATOES,"POTATOES,SCALLPD,DRY MIX,PREP W/H2O,WHL MILK&BUTTER",12.77,11,0,1.100000024,93,2.12,0.0,79.17,1.213,0.194,2.633,4.3,245.0,"1 cup,  (unprepared)"
POTATOES,"POTATOES,HASHED BROWN,FRZ,PLN,UNPREP",17.72,0,0,1.399999976,82,2.06,0.0,78.85,0.014,0.269,0.163,0.62,105.0,.5 cup
POTATOES,"POTATOES,HASHED BROWN,FRZ,PLN,PREP",28.1,0,24,2.0,218,3.16,1.570000052,56.1,5.137,1.325,4.493,11.5,29.0,"1 patty, oval (approx 3"" x 1-1/2"" x 1/2"")"
POTATOES,"POTATOES,HASHED BROWN,FRZ,W/BUTTER SAU,UNPREP",18.28,0,0,2.900000095,135,1.87,0.0,72.51,2.386,1.374,2.556,6.66,170.0,"1 package,  (6 oz)"
POTATOES,"POTATOES,HASHED BROWN,FRZ,W/BUTTER SAU,PREP",24.13,23,0,3.799999952,178,2.46,0.0,63.71,3.149,1.814,3.373,8.79,0.0,
POTATOES,"POTATOES,FRENCH FR,SHOESTRING,SALT ADDED IN PROC,FRZ,AS PRCH",26.78,0,0,2.200000048,167,2.41,0.200000003,63.7,3.754,0.307,1.157,5.53,30.45,10 strip
POTATOES,"POTATOES,FRENCH FR,SHOESTRNG,SALT ADDED IN PROC,FRZ,OVEN-HTD",31.66,0,0,2.799999952,199,2.9,0.310000002,56.62,4.058,0.345,1.267,6.76,20.93,10 strip
POTATOES,"POTATOES,O'BRIEN,FRZ,UNPREP",17.47,0,0,1.899999976,76,1.83,0.0,79.97,0.006,0.061,0.032,0.14,0.0,
POTATOES,"POTATOES,O'BRIEN,FRZ,PREP",21.86,0,0,1.700000048,204,2.22,0.0,61.96,5.824,3.474,3.313,13.21,0.0,
POTATO PUFFS,"POTATO PUFFS,FRZ,UNPREP",25.97,0,0,1.899999976,175,2.03,0.209999993,62.42,5.413,0.403,1.641,7.77,128.0,1 cup
POTATO PUFFS,"POTATO PUFFS,FRZ,OVEN-HEATED",27.75,0,25,2.5,190,2.05,0.25,59.7,6.03,0.447,1.823,8.62,128.0,1 cup
POTATOES,"POTATOES,FRZ,WHL,UNPREP",17.47,0,12,1.200000048,78,2.38,0.779999971,79.3,0.003,0.067,0.041,0.16,182.0,1 cup
POTATOES,"POTATOES,FRZ,WHL,CKD,BLD,DRND,WO/SALT",14.52,0,0,1.399999976,65,1.98,0.0,82.8,0.003,0.056,0.034,0.13,0.0,
POTATOES,"POTATOES,FRENCH FR,ALL TYPES,SALT ADDED IN PROC,FRZ,UNPREP",24.81,0,22,1.899999976,147,2.24,0.200000003,66.61,3.164,0.303,1.005,4.66,88.63,10 strip
POTATOES,"POTATOES,FRENCH FR,ALL TYPES,SALT ADDED IN PROC,FRZ,OVEN HTD",27.74,0,24,2.799999952,134,2.66,0.280000001,62.48,3.237,0.321,1.029,5.22,50.0,10 strips
POTATOES,"POTATOES,FRZ,FRENCH FR,PAR FR,COTTAGE-CUT,UNPREP",23.98,0,0,3.0,153,2.42,0.0,66.82,2.345,0.433,2.743,5.78,65.0,10 strips
POTATOES,"POTATOES,FRZ,FRCH FR,PAR FR,CTTGE-CUT,PREP,HTD OVEN,WO/SALT",34.03,0,0,3.200000048,218,3.44,0.0,52.9,3.328,0.615,3.894,8.2,50.0,10 strips
POTATOES,"POTATOES,FRZ,FRENCH FR,PAR FR,EXTRUDED,UNPREP",30.15,0,0,4.5,260,2.83,0.0,49.94,8.659,1.072,4.544,14.95,65.0,10 strips
POTATOES,"POTATOES,FRZ,FRCH FR,PAR FR,EXTRUDED,PREP,HTD OVEN,WO/SALT",39.68,0,0,3.200000048,333,3.55,0.0,35.4,11.338,1.405,5.96,18.71,50.0,10 strips
USDA COMMODITY,"USDA COMMODITY,POTATO WEDGES,FRZ",25.5,0,0,2.0,123,2.7,0.300000012,68.3,1.451,0.102,0.55,2.2,0.0,
POTATOES,"POTATOES,FRENCH FR,STK FRIES,SALT ADDED IN PROC,FRZ,AS PRCH",23.51,0,0,1.899999976,133,2.19,0.200000003,69.29,2.025,0.218,0.688,3.39,153.38,10 strip
POTATOES,"POTATOES,FRENCH FR,STK FRIES,SALT ADDED IN PROC,FRZ,OVEN-HTD",26.98,0,0,2.599999905,152,2.57,0.25,64.85,2.207,0.252,0.737,3.76,132.57,10 strip
No Category,POTATO FLOUR,83.1,0,40,5.900000095,357,6.9,3.519999981,6.52,0.008,0.15,0.09,0.34,160.0,1 cup
POTATO SALAD,"POTATO SALAD,HOME-PREPARED",11.17,68,0,1.299999952,143,2.68,0.0,76.0,2.48,3.737,1.429,8.2,250.0,1 cup
PUMPKIN FLOWERS,"PUMPKIN FLOWERS,RAW",3.28,0,0,0.0,15,1.03,0.0,95.15,0.009,0.004,0.036,0.07,33.0,1 cup
PUMPKIN FLOWERS,"PUMPKIN FLOWERS,CKD,BLD,DRND,WO/SALT",3.3,0,13,0.899999976,15,1.09,2.400000095,95.2,0.01,0.004,0.041,0.08,134.0,1 cup
PUMPKIN LEAVES,"PUMPKIN LEAVES,RAW",2.33,0,0,0.0,19,3.15,0.0,92.88,0.052,0.022,0.207,0.4,39.0,1 cup
PUMPKIN LEAVES,"PUMPKIN LEAVES,CKD,BLD,DRND,WO/SALT",3.39,0,21,2.700000048,21,2.72,0.689999998,92.51,0.029,0.012,0.114,0.22,71.0,1 cup
PUMPKIN,"PUMPKIN,RAW",6.5,0,8,0.5,26,1.0,1.360000014,91.6,0.013,0.005,0.052,0.1,116.0,"1 cup,  (1"" cubes)"
PUMPKIN,"PUMPKIN,CKD,BLD,DRND,WO/SALT",4.9,0,6,1.100000024,20,0.72,1.019999981,93.69,0.009,0.004,0.037,0.07,245.0,"1 cup, mashed"
PUMPKIN,"PUMPKIN,CND,WO/SALT",8.09,0,10,2.900000095,34,1.1,3.299999952,89.97,0.037,0.015,0.146,0.28,245.0,1 cup
PUMPKIN PIE MIX,"PUMPKIN PIE MIX,CANNED",26.39,0,0,8.300000191,104,1.09,0.0,71.49,0.016,0.007,0.065,0.13,270.0,1 cup
PURSLANE,"PURSLANE,RAW",3.43,0,13,0.0,16,1.3,0.0,93.92,0.0,0.0,0.0,0.1,43.0,1 cup
PURSLANE,"PURSLANE,CKD,BLD,DRND,WO/SALT",3.55,0,0,0.0,18,1.49,0.0,93.52,0.0,0.0,0.0,0.19,115.0,1 cup
RADISHES,"RADISHES,RAW",3.4,0,6,1.600000024,16,0.68,1.860000014,95.27,0.017,0.048,0.032,0.1,116.0,"1 cup, slices"
RADISHES,"RADISHES,ORIENTAL,RAW",4.1,0,7,1.600000024,18,0.6,2.5,94.62,0.017,0.045,0.03,0.1,338.0,"1 radish,  (7"" long)"
RADISHES,"RADISHES,ORIENTAL,CKD,BLD,DRND,WO/SALT",3.43,0,7,1.600000024,17,0.67,1.830000043,95.04,0.04,0.108,0.073,0.24,147.0,"1 cup, sliced"
RADISHES,"RADISHES,ORIENTAL,DRIED",63.37,0,0,0.0,271,7.9,0.0,19.68,0.119,0.325,0.218,0.72,116.0,1 cup
RUTABAGAS,"RUTABAGAS,RAW",8.13,0,14,2.5,36,1.2,5.599999905,89.66,0.025,0.088,0.027,0.2,140.0,"1 cup, cubes"
RUTABAGAS,"RUTABAGAS,CKD,BLD,DRND,WO/SALT",8.74,0,15,1.799999952,39,1.29,6.019999981,88.88,0.027,0.095,0.029,0.22,170.0,"1 cup, cubes"
SALSIFY,"SALSIFY,(VEG OYSTER),RAW",18.6,0,0,3.299999952,82,3.3,0.0,77.0,0.0,0.0,0.0,0.2,133.0,"1 cup, slices"
SALSIFY,"SALSIFY,CKD,BLD,DRND,WO/SALT",15.36,0,26,3.099999905,68,2.73,2.900000095,81.0,0.003,0.074,0.041,0.17,135.0,"1 cup, sliced"
SAUERKRAUT,"SAUERKRAUT,CND,SOL&LIQUIDS",4.28,0,10,2.900000095,19,0.91,1.779999971,92.52,0.013,0.067,0.034,0.14,142.0,1 cup
SEAWEED,"SEAWEED,AGAR,RAW",6.75,0,6,0.5,26,0.54,0.280000001,91.32,0.003,0.01,0.006,0.03,10.0,"2 tbsp,  (1/8 cup)"
SEAWEED,"SEAWEED,IRISHMOSS,RAW",12.29,0,13,1.299999952,49,1.51,0.610000014,81.34,0.015,0.055,0.033,0.16,10.0,"2 tbsp,  (1/8 cup)"
SEAWEED,"SEAWEED,KELP,RAW",9.57,0,13,1.299999952,43,1.68,0.600000024,81.58,0.098,0.047,0.247,0.56,10.0,"2 tbsp,  (1/8 cup)"
SEAWEED,"SEAWEED,LAVER,RAW",5.11,0,10,0.300000012,35,5.81,0.49000001,85.03,0.025,0.11,0.061,0.28,26.0,10 sheets
SESBANIA FLOWER,"SESBANIA FLOWER,RAW",6.73,0,0,0.0,27,1.28,0.0,91.58,0.0,0.0,0.0,0.04,3.0,1 flower
SESBANIA FLOWER,"SESBANIA FLOWER,CKD,STMD,WO/SALT",5.23,0,0,0.0,22,1.14,0.0,93.3,0.0,0.0,0.0,0.05,104.0,1 cup
SOYBEANS,"SOYBEANS,GREEN,RAW",11.05,0,0,4.199999809,147,12.95,0.0,67.5,1.284,3.2,0.786,6.8,256.0,1 cup
SOYBEANS,"SOYBEANS,GRN,CKD,BLD,DRND,WO/SALT",11.05,0,0,4.199999809,141,12.35,0.0,68.6,1.209,3.011,0.74,6.4,180.0,1 cup
SOYBEANS,"SOYBEANS,MATURE SEEDS,SPROUTED,RAW",9.57,0,0,1.100000024,122,13.09,0.0,69.05,1.518,3.783,0.929,6.7,35.0,.5 cup
SOYBEANS,"SOYBEANS,MATURE SEEDS,SPROUTED,CKD,STMD",6.53,0,41,0.800000012,81,8.47,0.519999981,79.45,1.009,2.513,0.617,4.45,94.0,1 cup
SOYBEANS,"SOYBEANS,MATURE SEEDS,SPROUTED,CKD,STIR-FRIED",9.4,0,0,0.800000012,125,13.1,0.0,67.2,1.609,4.009,0.985,7.1,0.0,
SPINACH,"SPINACH,RAW",3.63,0,18,2.200000048,23,2.86,0.419999987,91.4,0.01,0.165,0.063,0.39,30.0,1 cup
SPINACH,"SPINACH,CKD,BLD,DRND,WO/ SALT",3.75,0,20,2.400000095,23,2.97,0.430000007,91.21,0.006,0.109,0.043,0.26,180.0,1 cup
SPINACH,"SPINACH,CND,REG PK,SOL&LIQUIDS",2.92,0,0,1.600000024,19,2.11,0.0,93.22,0.01,0.155,0.06,0.37,234.0,1 cup
SPINACH,"SPINACH,CND,DRND SOL",3.4,0,18,2.400000095,23,2.81,0.400000006,91.78,0.013,0.211,0.081,0.5,214.0,1 cup
SPINACH,"SPINACH,FRZ,CHOPD OR LEAF,UNPREP",4.21,0,22,2.900000095,29,3.63,0.649999976,90.17,0.0,0.082,0.041,0.57,156.0,1 cup
SPINACH,"SPINACH,FRZ,CHOPD OR LEAF,CKD,BLD,DRND,WO/SALT",4.8,0,25,3.700000048,34,4.01,0.50999999,88.94,0.0,0.371,0.157,0.87,220.0,"1 package,  (10 oz) yields"
SQUASH,"SQUASH,SMMR,CROOKNECK&STRAIGHTNECK,RAW",4.04,0,0,1.899999976,19,0.94,0.0,94.2,0.018,0.1,0.049,0.24,130.0,"1 cup, sliced"
SQUASH,"SQUASH,SMMR,CROOKNECK&STRAIGHTNECK,CKD,BLD,DRND,WO/SALT",4.31,0,8,1.399999976,20,0.91,1.889999986,93.7,0.023,0.131,0.064,0.31,180.0,"1 cup, sliced"
SQUASH,"SQUASH,SMMR,CROOKNECK&STRAIGHTNECK,CND,DRND,SOLID,WO/SALT",2.96,0,5,1.399999976,13,0.61,1.190000057,96.04,0.005,0.031,0.015,0.07,210.0,"1 cup, diced"
SQUASH,"SQUASH,SMMR,CROOKNECK&STRAIGHTNECK,FRZ,UNPREP",4.8,0,0,1.200000048,20,0.83,0.0,93.66,0.011,0.06,0.029,0.14,130.0,"1 cup, slices"
SQUASH,"SQUASH,SMMR,CROOKNECK&STRAIGHTNECK,FRZ,CKD,BLD,DRND,WO/SALT",5.54,0,10,1.399999976,25,1.28,2.329999924,92.24,0.015,0.082,0.04,0.2,192.0,"1 cup, slices"
SQUASH,"SQUASH,SUMMER,SCALLOP,RAW",3.84,0,0,0.0,18,1.2,0.0,94.18,0.015,0.084,0.041,0.2,130.0,"1 cup, slices"
SQUASH,"SQUASH,SMMR,SCALLOP,CKD,BLD,DRND,WO/SALT",3.3,0,6,1.899999976,16,1.03,1.5,95.0,0.013,0.072,0.035,0.17,240.0,"1 cup, mashed"
SQUASH,"SQUASH,SMMR,ZUCCHINI,INCL SKN,RAW",3.35,0,10,1.100000024,16,1.21,1.730000019,94.64,0.014,0.076,0.037,0.18,124.0,"1 cup, chopped"
SQUASH,"SQUASH,SMMR,ZUCCHINI,INCL SKN,CKD,BLD,DRND,WO/SALT",3.93,0,9,1.399999976,16,0.64,1.690000057,94.74,0.004,0.021,0.01,0.05,180.0,"1 cup, sliced"
SQUASH,"SQUASH,SMMR,ZUCCHINI,INCL SKN,FRZ,UNPREP",3.59,0,0,1.299999952,17,1.16,1.710000038,94.7,0.01,0.056,0.027,0.13,284.0,"1 package,  (10 oz)"
SQUASH,"SQUASH,SMMR,ZUCCHINI,INCL SKN,FRZ,CKD,BLD,DRND,WO/SALT",3.56,0,9,1.299999952,17,1.15,1.690000057,94.74,0.01,0.055,0.027,0.13,223.0,1 cup
SQUASH,"SQUASH,SMMR,ZUCCHINI,ITALIAN STYLE,CND",6.85,0,0,0.0,29,1.03,0.0,90.61,0.008,0.047,0.023,0.11,227.0,1 cup
SQUASH,"SQUASH,WINTER,ACORN,RAW",10.42,0,0,1.5,40,0.8,0.0,87.78,0.007,0.042,0.021,0.1,140.0,"1 cup, cubes"
SQUASH,"SQUASH,WNTR,ACORN,CKD,BKD,WO/SALT",14.58,0,0,4.400000095,56,1.12,0.0,82.9,0.01,0.059,0.029,0.14,205.0,"1 cup, cubes"
SQUASH,"SQUASH,WNTR,ACORN,CKD,BLD,MSHD,WO/SALT",8.79,0,0,2.599999905,34,0.67,0.0,89.7,0.006,0.035,0.017,0.08,245.0,"1 cup, mashed"
SQUASH,"SQUASH,WNTR,BUTTERNUT,RAW",11.69,0,0,2.0,45,1.0,2.200000048,86.41,0.007,0.042,0.021,0.1,140.0,"1 cup, cubes"
SQUASH,"SQUASH,WNTR,BUTTERNUT,CKD,BKD,WO/SALT",10.49,0,0,0.0,40,0.9,1.970000029,87.8,0.007,0.038,0.019,0.09,205.0,"1 cup, cubes"
SQUASH,"SQUASH,WNTR,BUTTERNUT,FRZ,UNPREP",14.41,0,0,1.299999952,57,1.76,2.829999924,82.5,0.007,0.042,0.021,0.1,340.0,"1 package,  (12 oz)"
SQUASH,"SQUASH,WNTR,BUTTERNUT,FRZ,CKD,BLD,WO/SALT",10.05,0,0,0.0,39,1.23,0.0,87.8,0.005,0.029,0.014,0.07,240.0,"1 cup, mashed"
SQUASH,"SQUASH,WINTER,HUBBARD,RAW",8.7,0,0,0.0,40,2.0,0.0,88.0,0.036,0.211,0.103,0.5,116.0,"1 cup, cubes"
SQUASH,"SQUASH,WNTR,HUBBARD,CKD,BKD,WO/SALT",10.81,0,0,0.0,50,2.48,0.0,85.1,0.046,0.26,0.128,0.62,205.0,"1 cup, cubes"
SQUASH,"SQUASH,WNTR,HUBBARD,CKD,BLD,MSHD,WO/SALT",6.46,0,9,2.900000095,30,1.48,2.930000067,91.1,0.028,0.156,0.076,0.37,236.0,"1 cup, mashed"
SQUASH,"SQUASH,WNTR,SPAGHETTI,RAW",6.91,0,0,0.0,31,0.64,0.0,91.6,0.042,0.239,0.117,0.57,101.0,"1 cup, cubes"
SQUASH,"SQUASH,WNTR,SPAGHETTI,CKD,BLD,DRND,OR BKD,WO/SALT",6.46,0,8,1.399999976,27,0.66,2.529999971,92.3,0.022,0.126,0.062,0.26,155.0,1 cup
SUCCOTASH,"SUCCOTASH,(CORN&LIMAS),RAW",19.59,0,0,3.799999952,99,5.03,0.0,73.1,0.198,0.489,0.19,1.02,0.0,
SUCCOTASH,"SUCCOTASH,(CORN&LIMAS),CKD,BLD,DRND,WO/SALT",24.38,0,0,4.5,115,5.07,0.0,68.37,0.155,0.381,0.148,0.8,192.0,1 cup
SUCCOTASH,"SUCCOTASH,(CORN&LIMAS),CND,W/CRM STYLE CORN",17.61,0,0,3.0,77,2.64,0.0,78.17,0.105,0.26,0.101,0.54,266.0,1 cup
SUCCOTASH,"SUCCOTASH,(CORN&LIMAS),CND,W/WHL KERNEL CORN,SOL&LIQUIDS",13.98,0,0,2.599999905,63,2.6,0.0,81.96,0.096,0.236,0.092,0.49,255.0,1 cup
SUCCOTASH,"SUCCOTASH,(CORN&LIMAS),FRZ,UNPREP",19.94,0,0,4.0,93,4.31,0.0,74.11,0.173,0.427,0.166,0.89,156.0,1 cup
SUCCOTASH,"SUCCOTASH,(CORN&LIMAS),FRZ,CKD,BLD,DRND,WO/SALT",19.95,0,29,4.099999905,93,4.31,2.210000038,74.1,0.173,0.427,0.166,0.89,170.0,1 cup
SWAMP CABBAGE,"SWAMP CABBAGE,(SKUNK CABBAGE),RAW",3.14,0,0,2.099999905,19,2.6,0.0,92.47,0.0,0.0,0.0,0.2,56.0,"1 cup, chopped"
SWAMP CABBAGE,"SWAMP CABBAGE,CKD,BLD,DRND,WO/SALT",3.71,0,0,1.899999976,20,2.08,0.0,92.93,0.007,0.1,0.039,0.24,98.0,"1 cup, chopped"
SWEET POTATO LEAVES,"SWEET POTATO LEAVES,RAW",6.38,0,0,2.0,35,4.0,0.0,87.96,0.012,0.134,0.065,0.3,35.0,"1 cup, chopped"
SWEET POTATO LEAVES,"SWEET POTATO LEAVES,CKD,STMD,WO/ SALT",7.32,0,21,1.899999976,34,2.32,5.420000076,88.71,0.012,0.134,0.065,0.3,64.0,1 cup
SWEET POTATO,"SWEET POTATO,RAW,UNPREP",20.12,0,12,3.0,86,1.57,4.179999828,77.28,0.001,0.014,0.018,0.05,133.0,"1 cup, cubes"
SWEET POTATO,"SWEET POTATO,CKD,BKD IN SKN,WO/ SALT",20.71,0,13,3.299999952,90,2.01,6.480000019,75.78,0.001,0.064,0.034,0.15,200.0,1 cup
SWEET POTATO,"SWEET POTATO,CKD,BLD,WO/ SKN",17.72,0,11,2.5,76,1.37,5.739999771,80.13,0.0,0.061,0.031,0.14,328.0,"1 cup, mashed"
SWEETPOTATO,"SWEETPOTATO,CND,VACUUM PK",21.12,0,13,1.799999952,91,1.65,5.0,76.03,0.008,0.084,0.041,0.2,255.0,"1 cup, mashed"
SWEET POTATO,"SWEET POTATO,CND,MSHD",23.19,0,0,1.700000048,101,1.98,5.449999809,73.88,0.008,0.084,0.041,0.2,255.0,1 cup
SWEET POTATO,"SWEET POTATO,FRZ,UNPREP",22.22,0,0,1.700000048,96,1.71,0.0,74.89,0.007,0.08,0.039,0.18,176.0,"1 cup, cubes"
SWEET POTATO,"SWEET POTATO,FRZ,CKD,BKD,WO/ SALT",23.4,0,0,1.799999952,100,1.71,9.170000076,73.7,0.005,0.049,0.025,0.12,176.0,"1 cup, cubes"
TARO,"TARO,RAW",26.46,0,17,4.099999905,112,1.5,0.400000006,70.64,0.016,0.083,0.041,0.2,104.0,"1 cup, sliced"
TARO,"TARO,COOKED,WITHOUT SALT",34.6,0,21,5.099999905,142,0.52,0.49000001,63.8,0.009,0.046,0.023,0.11,132.0,"1 cup, sliced"
TARO LEAVES,"TARO LEAVES,RAW",6.7,0,13,3.700000048,42,4.98,3.00999999,85.66,0.06,0.307,0.151,0.74,28.0,1 cup
TARO LEAVES,"TARO LEAVES,CKD,STMD,WO/SALT",4.02,0,21,2.0,24,2.72,0.0,92.15,0.033,0.168,0.083,0.41,145.0,1 cup
TARO SHOOTS,"TARO SHOOTS,RAW",2.32,0,0,0.0,11,0.92,0.0,95.82,0.007,0.037,0.018,0.09,43.0,".5 cup, slices"
TARO SHOOTS,"TARO SHOOTS,CKD,WO/SALT",3.2,0,0,0.0,14,0.73,0.0,95.3,0.006,0.033,0.016,0.08,140.0,"1 cup, slices"
TARO,"TARO,TAHITIAN,RAW",6.91,0,0,0.0,44,2.79,0.0,87.96,0.078,0.4,0.197,0.97,125.0,"1 cup, slices"
TARO,"TARO,TAHITIAN,CKD,WO/SALT",6.85,0,0,0.0,44,4.16,0.0,86.46,0.055,0.282,0.139,0.68,137.0,"1 cup, slices"
TOMATOES,"TOMATOES,GREEN,RAW",5.1,0,9,1.100000024,23,1.2,4.0,93.0,0.03,0.081,0.028,0.2,180.0,1 cup
TOMATOES,"TOMATOES,RED,RIPE,RAW,YEAR RND AVERAGE",3.92,0,7,1.200000048,18,0.88,2.630000114,94.5,0.031,0.083,0.028,0.2,149.0,"1 cup,  cherry tomatoes"
TOMATOES,"TOMATOES,RED,RIPE,CKD",4.01,0,7,0.699999988,18,0.95,2.49000001,94.34,0.016,0.044,0.015,0.11,240.0,1 cup
TOMATOES,"TOMATOES,RED,RIPE,CND,PACKED IN TOMATO JUC",4.0,0,7,1.0,17,0.78,2.380000114,94.28,0.021,0.052,0.018,0.13,240.0,1 cup
TOMATOES,"TOMATOES,RED,RIPE,CND,STWD",6.19,0,10,1.0,26,0.91,3.519999981,91.54,0.029,0.077,0.026,0.19,255.0,1 cup
TOMATOES,"TOMATOES,RED,RIPE,CND,W/GRN CHILIES",3.62,0,0,0.0,15,0.69,0.0,94.23,0.011,0.03,0.011,0.08,241.0,1 cup
TOMATO JUC,"TOMATO JUC,CND,W/SALT",4.24,0,7,0.400000006,17,0.76,3.559999943,93.9,0.009,0.024,0.008,0.05,243.0,1 cup
TOMATO PRODUCTS,"TOMATO PRODUCTS,CND,PASTE,WO/ SALT ADDED",18.91,0,38,4.099999905,82,4.32,12.18000031,73.5,0.067,0.16,0.1,0.47,262.0,1 cup
TOMATO PRODUCTS,"TOMATO PRODUCTS,CND,PUREE,WO/SALT",8.98,0,18,1.899999976,38,1.65,4.829999924,87.88,0.031,0.086,0.029,0.21,250.0,1 cup
No Category,TOMATO POWDER,74.68,0,0,16.5,302,12.91,43.90000153,3.06,0.066,0.179,0.062,0.44,0.0,
TOMATO PRODUCTS,"TOMATO PRODUCTS,CND,SAU",5.38,0,10,1.5,24,1.32,4.25,91.12,0.027,0.073,0.025,0.18,245.0,1 cup
TOMATO PRODUCTS,"TOMATO PRODUCTS,CND,SAU,W/MUSHROOMS",8.43,0,0,1.5,35,1.45,5.769999981,87.97,0.01,0.05,0.017,0.13,245.0,1 cup
TOMATO PRODUCTS,"TOMATO PRODUCTS,CND,SAU,W/ONIONS",9.94,0,0,1.799999952,42,1.56,0.0,86.09,0.028,0.077,0.03,0.19,245.0,1 cup
TOMATO PRODUCTS,"TOMATO PRODUCTS,CND,SAU,W/HERBS&CHS",10.24,3,0,2.200000048,59,2.13,0.0,83.43,0.38,0.825,0.627,1.93,122.0,.5 cup
TOMATO PRODUCTS,"TOMATO PRODUCTS,CND,SAU,W/ONIONS,GRN PEPPERS,&CELERY",8.77,0,13,1.399999976,41,0.94,7.360000134,88.28,0.102,0.337,0.133,0.74,250.0,1 cup
TOMATO PRODUCTS,"TOMATO PRODUCTS,CND,SAU,W/TOMATO TIDBITS",7.09,0,0,1.399999976,32,1.32,0.0,89.09,0.058,0.157,0.055,0.39,244.0,1 cup
TREE FERN,"TREE FERN,CKD,WO/SALT",10.98,0,0,3.700000048,40,0.29,0.0,88.6,0.005,0.034,0.009,0.07,71.0,".5 cup, chopped"
TURNIPS,"TURNIPS,RAW",6.43,0,11,1.799999952,28,0.9,3.799999952,91.87,0.006,0.053,0.011,0.1,130.0,"1 cup, cubes"
TURNIPS,"TURNIPS,CKD,BLD,DRND,WO/SALT",5.06,0,9,2.0,22,0.71,2.99000001,93.6,0.005,0.042,0.008,0.08,156.0,"1 cup, cubes"
TURNIPS,"TURNIPS,FROZEN,UNPREPARED",2.94,0,0,1.799999952,16,1.04,0.0,95.67,0.01,0.085,0.017,0.16,284.0,"1 package, mashed (10 oz)"
TURNIPS,"TURNIPS,FRZ,CKD,BLD,DRND,WO/SALT",4.35,0,9,2.0,23,1.53,2.349999905,93.6,0.015,0.125,0.025,0.24,156.0,1 cup
TURNIP GREENS,"TURNIP GREENS,RAW",7.13,0,0,3.200000048,32,1.5,0.810000002,89.67,0.02,0.12,0.07,0.3,55.0,"1 cup, chopped"
TURNIP GRNS,"TURNIP GRNS,CKD,BLD,DRND,WO/SALT",4.36,0,0,3.5,20,1.14,0.529999971,93.2,0.015,0.091,0.053,0.23,144.0,"1 cup, chopped"
TURNIP GRNS,"TURNIP GRNS,CND,SOL&LIQUIDS",2.42,0,0,1.700000048,14,1.36,0.0,94.69,0.02,0.12,0.07,0.3,117.0,.5 cup
TURNIP GRNS,"TURNIP GRNS,FRZ,UNPREP",3.67,0,0,2.5,22,2.47,0.0,92.93,0.02,0.125,0.073,0.31,82.0,".5 cup, chopped or diced"
TURNIP GRNS,"TURNIP GRNS,FRZ,CKD,BLD,DRND,WO/SALT",4.98,0,0,3.400000095,29,3.35,0.75,90.4,0.028,0.17,0.099,0.42,164.0,1 cup
TURNIP GRNS&TURNIPS,"TURNIP GRNS&TURNIPS,FRZ,UNPREP",3.4,0,0,2.400000095,21,2.46,0.0,93.13,0.012,0.088,0.032,0.19,284.0,"1 package,  (10 oz)"
TURNIP GRNS&TURNIPS,"TURNIP GRNS&TURNIPS,FRZ,CKD,BLD,DRND,WO/SALT",4.85,0,2,3.099999905,35,2.99,1.070000052,91.04,0.024,0.16,0.085,0.38,163.0,1 cup
VEGETABLE JUC COCKTAIL,"VEGETABLE JUC COCKTAIL,CND",4.55,0,7,0.800000012,19,0.63,3.299999952,93.52,0.014,0.038,0.013,0.09,242.0,1 cup
VEGETABLES,"VEGETABLES,MXD,CND,SOL&LIQUIDS",7.13,0,0,3.799999952,36,1.42,0.0,90.24,0.016,0.12,0.051,0.25,245.0,1 cup
VEGETABLES,"VEGETABLES,MXD,CND,DRND SOL",9.26,0,19,3.0,49,2.59,2.410000086,87.01,0.016,0.119,0.051,0.25,163.0,1 cup
VEGETABLES,"VEGETABLES,MXD,FRZ,UNPREP",13.46,0,0,4.0,64,3.33,0.0,82.08,0.031,0.235,0.098,0.52,284.0,"1 package,  (10 oz)"
VEGETABLES,"VEGETABLES,MXD,FRZ,CKD,BLD,DRND,WO/SALT",13.09,0,24,4.400000095,65,2.86,3.119999886,83.23,0.01,0.072,0.031,0.15,275.0,"1 package,  (10 oz) yields"
VINESPINACH,"VINESPINACH,(BASELLA),RAW",3.4,0,0,0.0,19,1.8,0.0,93.1,0.0,0.0,0.0,0.3,0.0,
WATERCHESTNUTS,"WATERCHESTNUTS,CHINESE,(MATAI),RAW",23.94,0,36,3.0,97,1.4,4.800000191,73.46,0.002,0.043,0.026,0.1,62.0,".5 cup, slices"
WATERCHESTNUTS,"WATERCHESTNUTS,CHINESE,CND,SOL&LIQUIDS",12.3,0,18,2.5,50,0.88,2.460000038,86.42,0.001,0.026,0.016,0.06,70.0,".5 cup, slices"
WATERCRESS,"WATERCRESS,RAW",1.29,0,9,0.5,11,2.3,0.200000003,95.11,0.008,0.035,0.027,0.1,34.0,"1 cup, chopped"
WAXGOURD,"WAXGOURD,(CHINESE PRESERVING MELON),RAW",3.0,0,0,2.900000095,13,0.4,0.0,96.1,0.037,0.087,0.016,0.2,132.0,"1 cup, cubes"
WAXGOURD,"WAXGOURD,(CHINESE PRESERVING MELON),CKD,BLD,DRND,WO/SALT",3.04,0,5,1.0,14,0.4,1.179999948,96.06,0.037,0.088,0.016,0.2,175.0,"1 cup, cubes"
WINGED BNS,"WINGED BNS,IMMAT SEEDS,RAW",4.31,0,0,0.0,49,6.95,0.0,87.04,0.25,0.186,0.238,0.87,44.0,"1 cup, slices"
WINGED BNS,"WINGED BNS,IMMAT SEEDS,CKD,BLD,DRND,WO/SALT",3.21,0,0,0.0,38,5.31,0.0,90.11,0.189,0.142,0.181,0.66,62.0,1 cup
WINGED BEAN LEAVES,"WINGED BEAN LEAVES,RAW",14.1,0,0,0.0,74,5.85,0.0,76.85,0.285,0.213,0.272,1.1,0.0,
WINGED BEAN TUBER,"WINGED BEAN TUBER,RAW",28.1,0,0,0.0,148,11.6,0.0,57.4,0.234,0.174,0.222,0.9,0.0,
YAM,"YAM,RAW",27.88,0,16,4.099999905,118,1.53,0.5,69.6,0.006,0.076,0.037,0.17,150.0,"1 cup, cubes"
YAM,"YAM,CKD,BLD,DRND,OR BKD,WO/SALT",27.48,0,16,3.900000095,116,1.49,0.49000001,70.13,0.005,0.06,0.029,0.14,136.0,"1 cup, cubes"
YAMBEAN (JICAMA),"YAMBEAN (JICAMA),RAW",8.82,0,14,4.900000095,38,0.72,1.799999952,90.07,0.005,0.043,0.021,0.09,120.0,"1 cup, slices"
YAMBEAN (JICAMA),"YAMBEAN (JICAMA),CKD,BLD,DRND,WO/SALT",8.82,0,0,0.0,38,0.72,0.0,90.07,0.0,0.0,0.0,0.09,0.0,
BEETS,"BEETS,HARVARD,CND,SOL&LIQUIDS",18.18,0,0,2.5,73,0.84,0.0,80.16,0.011,0.019,0.009,0.06,246.0,"1 cup, slices"
BEETS,"BEETS,PICKLED,CND,SOL&LIQUIDS",16.28,0,0,2.599999905,65,0.8,0.0,81.88,0.016,0.029,0.013,0.08,227.0,"1 cup, slices"
BORAGE,"BORAGE,RAW",3.06,0,0,0.0,21,1.8,0.0,93.0,0.211,0.109,0.17,0.7,89.0,"1 cup,  (1"" pieces)"
BORAGE,"BORAGE,CKD,BLD,DRND,WO/SALT",3.55,0,0,0.0,25,2.09,0.0,91.88,0.245,0.127,0.197,0.81,0.0,
CHIVES,"CHIVES,FREEZE-DRIED",64.29,0,0,26.20000076,311,21.2,0.0,2.0,0.49,1.369,0.591,3.5,0.2,1 tbsp
DOCK,"DOCK,RAW",3.2,0,0,2.900000095,22,2.0,0.0,93.0,0.0,0.0,0.0,0.7,133.0,"1 cup, chopped"
DOCK,"DOCK,CKD,BLD,DRND,WO/SALT",2.93,0,0,2.599999905,20,1.83,0.0,93.6,0.0,0.0,0.0,0.64,0.0,
EPPAW,"EPPAW,RAW",31.68,0,0,0.0,150,4.6,0.0,60.0,0.0,0.0,0.0,1.8,100.0,1 cup
HORSERADISH-TREE,"HORSERADISH-TREE,PODS,RAW",8.53,0,0,3.200000048,37,2.1,0.0,88.2,0.102,0.003,0.033,0.2,100.0,"1 cup, slices"
HORSERADISH-TREE,"HORSERADISH-TREE,PODS,CKD,BLD,DRND,WO/SALT",8.18,0,0,4.199999809,36,2.09,0.0,88.42,0.097,0.003,0.031,0.19,118.0,"1 cup, sliced"
KALE,"KALE,SCOTCH,RAW",8.32,0,0,1.700000048,42,2.8,0.0,87.0,0.045,0.289,0.078,0.6,67.0,"1 cup, chopped"
KALE,"KALE,SCOTCH,CKD,BLD,DRND,WO/SALT",5.63,0,0,1.200000048,28,1.9,0.0,91.2,0.03,0.196,0.053,0.41,130.0,"1 cup, chopped"
LEEKS,"LEEKS,(BULB&LOWER-LEAF PORTION),FREEZE-DRIED",74.65,0,0,10.39999962,321,15.2,0.0,2.0,0.029,1.161,0.279,2.1,0.2,1 tbsp
PARSLEY,"PARSLEY,FREEZE-DRIED",42.38,0,0,32.70000076,271,31.3,0.0,2.0,0.0,0.0,0.0,5.2,0.4,1 tbsp
BEANS,"BEANS,MUNG,MATURE SEEDS,SPROUTED,CND,DRND SOL",2.14,0,8,0.800000012,12,1.4,1.340000033,96.1,0.008,0.02,0.016,0.06,125.0,1 cup
PEPPERS,"PEPPERS,JALAPENO,CND,SOL&LIQUIDS",4.74,0,0,2.599999905,27,0.92,2.140000105,88.89,0.053,0.514,0.097,0.94,136.0,"1 cup, chopped"
PEPPERS,"PEPPERS,SWT,GRN,FREEZE-DRIED",68.7,0,89,21.29999924,314,17.9,38.47999954,2.0,0.202,1.607,0.447,3.0,0.4,1 tbsp
RADISHES,"RADISHES,WHITE ICICLE,RAW",2.63,0,0,1.399999976,14,1.1,0.0,95.37,0.016,0.045,0.03,0.1,50.0,".5 cup, slices"
SHALLOTS,"SHALLOTS,FREEZE-DRIED",80.7,0,0,0.0,348,12.3,0.0,2.0,0.07,0.196,0.084,0.5,0.9,1 tbsp
SQUASH,"SQUASH,SMMR,ALL VAR,RAW",3.35,0,7,1.100000024,16,1.21,2.200000048,94.64,0.016,0.089,0.044,0.18,113.0,"1 cup, sliced"
SQUASH,"SQUASH,SMMR,ALL VAR,CKD,BLD,DRND,WO/SALT",4.31,0,8,1.399999976,20,0.91,2.589999914,93.7,0.023,0.131,0.064,0.31,180.0,"1 cup, sliced"
SQUASH,"SQUASH,WNTR,ALL VAR,RAW",8.59,0,10,1.5,34,0.95,2.200000048,89.76,0.01,0.056,0.027,0.13,116.0,"1 cup, cubes"
SQUASH,"SQUASH,WNTR,ALL VAR,CKD,BKD,WO/SALT",8.85,0,11,2.799999952,37,0.89,3.299999952,89.21,0.026,0.147,0.072,0.35,205.0,"1 cup, cubes"
SWEET POTATO,"SWEET POTATO,CND,SYRUP PK,SOL & LIQUIDS",20.93,0,12,2.5,89,0.98,15.39999962,77.39,0.008,0.084,0.041,0.2,228.0,1 cup
SWEET POTATO,"SWEET POTATO,CND,SYRUP PK,DRND SOL",25.36,0,0,3.0,108,1.28,5.739999771,72.47,0.012,0.141,0.069,0.32,196.0,1 cup
TOMATO PRODUCTS,"TOMATO PRODUCTS,CND,SAU,SPANISH STYLE",7.24,0,0,1.399999976,33,1.44,0.0,89.08,0.04,0.108,0.038,0.27,244.0,1 cup
BEANS,"BEANS,PINTO,MATURE SEEDS,SPROUTED,RAW",11.6,0,0,0.0,62,5.25,0.0,81.3,0.067,0.523,0.109,0.9,0.0,
BEANS,"BEANS,PINTO,MATURE SEEDS,SPROUTED,CKD,BLD,DRND,WO/SALT",4.1,0,0,0.0,22,1.86,0.0,93.39,0.024,0.185,0.039,0.32,0.0,
CARROT JUICE,"CARROT JUICE,CANNED",9.28,0,10,0.800000012,40,0.95,3.910000086,88.87,0.007,0.071,0.027,0.15,236.0,1 cup
CORN PUDD,"CORN PUDD,HOME PREP",17.0,74,0,1.399999976,131,4.35,6.96999979,72.33,1.508,0.557,2.455,5.08,250.0,1 cup
POTATOES,"POTATOES,MSHD,HOME-PREPARED,WHL MILK ADDED",17.53,2,14,1.5,83,1.92,1.50999999,78.51,0.104,0.055,0.253,0.57,210.0,1 cup
No Category,SPINACH SOUFFLE,5.82,118,0,0.699999988,171,7.91,1.850000024,70.79,3.021,0.61,6.091,12.95,136.0,1 cup
SWEET POTATO,"SWEET POTATO,CKD,CANDIED,HOME-PREPARED",27.86,8,0,2.400000095,144,0.87,0.0,66.94,0.627,0.147,1.35,3.25,105.0,"1 piece,  (2-1/2"" x 2"" dia)"
TOMATOES,"TOMATOES,RED,RIPE,CKD,STWD",13.05,0,0,1.700000048,79,1.96,0.0,80.63,1.048,0.878,0.521,2.68,101.0,1 cup
SEAWEED,"SEAWEED,AGAR,DRIED",80.88,0,63,7.699999809,306,6.21,2.970000029,8.68,0.027,0.102,0.061,0.3,0.0,
SEAWEED,"SEAWEED,SPIRULINA,RAW",2.42,0,0,0.0,26,5.92,0.0,90.67,0.034,0.106,0.135,0.39,0.0,
SEAWEED,"SEAWEED,SPIRULINA,DRIED",23.9,0,66,3.599999905,290,57.47,3.099999905,4.68,0.675,2.08,2.65,7.72,112.0,1 cup
SEAWEED,"SEAWEED,WAKAME,RAW",9.14,0,14,0.5,45,3.03,0.649999976,79.99,0.058,0.218,0.13,0.64,10.0,"2 tbsp,  (1/8 cup)"
PEPPERS,"PEPPERS,HOT CHILI,GRN,RAW",9.46,0,11,1.5,40,2.0,5.099999905,87.74,0.011,0.109,0.021,0.2,45.0,1 pepper
POTATOES,"POTATOES,O'BRIEN,HOME-PREPARED",15.47,4,0,0.0,81,2.35,0.0,79.6,0.347,0.055,0.797,1.28,194.0,1 cup
No Category,POTATO PANCAKES,27.9,95,0,3.200000048,269,6.06,1.799999952,47.69,3.729,7.515,2.493,14.75,22.0,"1 small,  2-3/4 in. dia., 5/8 in. thick."
POTATO,"POTATO,BKD,FLESH & SKN,WO/ SALT",21.15,0,15,2.200000048,93,2.5,1.179999948,74.89,0.003,0.058,0.035,0.13,298.9,"1 potato, large"
POTATOES,"POTATOES,MICROWAVED,CKD IN SKN,FLESH&SKN,WO/SALT",24.24,0,0,2.299999952,105,2.44,0.0,72.04,0.002,0.043,0.026,0.1,202.0,"1 potato,  (2-3/4"" dia by 4-3/4"" long)"
RADISH SEEDS,"RADISH SEEDS,SPROUTED,RAW",3.6,0,0,0.0,43,3.81,0.0,90.07,0.419,1.141,0.767,2.53,38.0,1 cup
SHALLOTS,"SHALLOTS,RAW",16.8,0,0,0.0,72,2.5,0.0,79.8,0.014,0.039,0.017,0.1,10.0,"1 tbsp, chopped"
CARROT,"CARROT,DEHYDRATED",79.57,0,72,23.60000038,341,8.1,38.81999969,4.0,0.076,0.73,0.256,1.49,74.0,1 cup
TOMATOES,"TOMATOES,CRUSHED,CANNED",7.29,0,0,1.899999976,32,1.64,0.0,89.44,0.043,0.113,0.04,0.28,0.0,
TOMATOES,"TOMATOES,ORANGE,RAW",3.18,0,0,0.899999976,16,1.16,0.0,94.78,0.028,0.076,0.025,0.19,158.0,"1 cup, chopped"
TOMATOES,"TOMATOES,YELLOW,RAW",2.98,0,0,0.699999988,15,0.98,0.0,95.28,0.04,0.108,0.036,0.26,139.0,"1 cup, chopped"
ARROWROOT,"ARROWROOT,RAW",13.39,0,0,1.299999952,65,4.24,0.0,80.75,0.004,0.092,0.039,0.2,120.0,"1 cup, sliced"
CHRYSANTHEMUM LEAVES,"CHRYSANTHEMUM LEAVES,RAW",3.01,0,0,3.0,24,3.36,0.0,91.4,0.0,0.0,0.0,0.56,51.0,"1 cup, chopped"
AMARANTH LEAVES,"AMARANTH LEAVES,CKD,BLD,DRND,W/SALT",4.11,0,0,0.0,21,2.11,0.0,91.49,0.041,0.08,0.05,0.18,132.0,1 cup
ARROWHEAD,"ARROWHEAD,CKD,BLD,DRND,W/SALT",16.14,0,0,0.0,78,4.49,0.0,77.08,0.0,0.0,0.0,0.1,12.0,"1 corm,  medium"
ARTICHOKES,"ARTICHOKES,(GLOBE OR FRENCH),CKD,BLD,DRND,W/SALT",11.95,0,34,8.600000381,53,2.89,0.99000001,84.08,0.011,0.143,0.081,0.34,120.0,"1 artichoke,  medium"
ARTICHOKES,"ARTICHOKES,(GLOBE OR FRENCH),FRZ,CKD,BLD,DRND,W/SALT",9.18,0,29,4.599999905,45,3.11,0.839999974,86.5,0.015,0.216,0.119,0.5,168.0,1 cup
ASPARAGUS,"ASPARAGUS,CKD,BLD,DRND,W/SALT",4.11,0,26,2.0,22,2.4,1.299999952,92.63,0.0,0.105,0.048,0.22,90.0,.5 cup
ASPARAGUS,"ASPARAGUS,CND,NO SALT,SOL&LIQUIDS",2.48,0,0,1.0,15,1.8,1.0,94.32,0.006,0.079,0.041,0.18,122.0,.5 cup
ASPARAGUS,"ASPARAGUS,FRZ,CKD,BLD,DRND,W/SALT",1.92,0,21,1.600000024,18,2.95,0.319999993,94.1,0.013,0.185,0.096,0.42,180.0,1 cup
BALSAM-PEAR (BITTER GOURD),"BALSAM-PEAR (BITTER GOURD),LEAFY TIPS,CKD,BLD,DRND,W/SALT",6.16,0,21,1.899999976,32,3.6,1.039999962,88.69,0.0,0.0,0.0,0.2,58.0,1 cup
BALSAM-PEAR (BITTER GOURD),"BALSAM-PEAR (BITTER GOURD),PODS,CKD,BLD,DRND,W/SALT",4.32,0,11,2.0,19,0.84,1.950000048,93.95,0.0,0.0,0.0,0.18,124.0,"1 cup,  (1/2"" pieces)"
BAMBOO SHOOTS,"BAMBOO SHOOTS,CKD,BLD,DRND,W/SALT",1.52,0,0,1.0,11,1.53,0.0,95.92,0.005,0.098,0.051,0.22,120.0,"1 cup,  (1/2"" slices)"
BEANS,"BEANS,KIDNEY,MATURE SEEDS,SPROUTED,CKD,BLD,DRND,W/SALT",4.72,0,0,0.0,33,4.83,0.0,89.3,0.045,0.318,0.083,0.58,0.0,
LIMA BNS,"LIMA BNS,IMMAT SEEDS,CKD,BLD,DRND,W/SALT",23.64,0,44,5.300000191,123,6.81,1.629999995,67.17,0.019,0.154,0.073,0.32,170.0,1 cup
LIMA BNS,"LIMA BNS,IMMAT SEEDS,CND,NO SALT,SOL&LIQUIDS",13.33,0,25,3.599999905,71,4.07,0.930000007,81.17,0.016,0.139,0.066,0.29,124.0,.5 cup
LIMA BNS,"LIMA BNS,IMMAT SEEDS,FRZ,BABY,CKD,BLD,DRND,W/SALT",19.45,0,37,6.0,105,6.65,1.370000005,72.35,0.017,0.145,0.068,0.3,311.0,"1 package,  (10 oz) yields"
LIMA BNS,"LIMA BNS,IMMAT SEEDS,FRZ,FORDHOOK,CKD,BLD,DRND,W/SALT",19.32,0,36,5.800000191,103,6.07,1.340000033,72.98,0.02,0.163,0.077,0.34,311.0,"1 package,  (10 oz) yields"
MUNG BNS,"MUNG BNS,MATURE SEEDS,SPROUTED,CKD,BLD,DRND,W/SALT",3.6,0,10,0.800000012,19,2.03,2.839999914,93.39,0.012,0.032,0.025,0.09,124.0,1 cup
BEANS,"BEANS,NAVY,MATURE SEEDS,SPROUTED,CKD,BLD,DRND,W/SALT",15.01,0,0,0.0,78,7.07,0.0,76.02,0.06,0.468,0.098,0.81,0.0,
BEANS,"BEANS,PINTO,IMMAT SEEDS,FRZ,CKD,BLD,DRND,W/SALT",30.88,0,0,8.600000381,162,9.31,0.0,58.01,0.035,0.276,0.058,0.48,284.0,"1 package,  (10 oz) yields"
BEANS,"BEANS,PINTO,MATURE SEEDS,SPROUTED,CKD,BLD,DRND,W/SALT",3.5,0,0,0.0,20,1.86,0.0,93.39,0.024,0.185,0.039,0.32,0.0,
BEANS,"BEANS,SNAP,YELLOW,RAW",7.14,0,0,3.400000095,31,1.82,0.0,90.27,0.005,0.059,0.026,0.12,110.0,1 cup
BEANS,"BEANS,SNAP,GRN,CKD,BLD,DRND,W/SALT",7.88,0,17,3.200000048,35,1.89,1.549999952,89.22,0.012,0.145,0.062,0.28,125.0,1 cup
BEANS,"BEANS,SNAP,YEL,CKD,BLD,DRND,WO/SALT",7.88,0,17,3.299999952,35,1.89,1.549999952,89.22,0.012,0.145,0.062,0.28,125.0,1 cup
BEANS,"BEANS,SNAP,YEL,CKD,BLD,DRND,W/SALT",7.88,0,17,3.299999952,35,1.89,1.549999952,89.22,0.012,0.145,0.062,0.28,125.0,1 cup
BEANS,"BEANS,SNAP,GRN,CND,NO SALT,SOL&LIQUIDS",3.5,0,0,1.5,15,0.8,0.0,94.68,0.004,0.052,0.023,0.1,120.0,.5 cup
BEANS,"BEANS,SNAP,YEL,CND,REG PK,SOL&LIQUIDS",3.5,0,0,1.5,15,0.8,0.0,94.68,0.004,0.052,0.023,0.1,120.0,.5 cup
BEANS,"BEANS,SNAP,YEL,CND,NO SALT,SOL&LIQUIDS",3.5,0,0,1.5,15,0.8,0.0,94.68,0.004,0.052,0.023,0.1,120.0,.5 cup
BEANS,"BEANS,SNAP,GRN,CND,NO SALT,DRND SOL",4.5,0,10,1.899999976,20,1.15,0.769999981,93.3,0.004,0.052,0.023,0.1,135.0,1 cup
BEANS,"BEANS,SNAP,YEL,FRZ,ALL STYLES,UNPREP",7.57,0,0,2.799999952,33,1.8,0.0,89.88,0.008,0.108,0.047,0.21,124.0,1 cup
BEANS,"BEANS,SNAP,GRN,FRZ,CKD,BLD,DRND,W/SALT",5.86,0,14,3.0,26,1.49,1.230000019,91.42,0.007,0.084,0.042,0.17,135.0,1 cup
BEANS,"BEANS,SNAP,YEL,FRZ,CKD,BLD,DRND,WO/SALT",6.45,0,14,3.0,28,1.49,1.230000019,91.42,0.007,0.084,0.042,0.17,135.0,1 cup
BEANS,"BEANS,SNAP,YEL,FRZ,CKD,BLD,DRND,W/SALT",5.86,0,14,3.0,26,1.49,1.230000019,91.42,0.007,0.084,0.042,0.17,135.0,1 cup
BEETS,"BEETS,CKD,BOILED. DRND,W/SALT",9.96,0,6,2.0,44,1.68,7.960000038,87.06,0.035,0.064,0.028,0.18,85.0,".5 cup, slices"
BEETS,"BEETS,CND,NO SALT,SOL&LIQUIDS",6.57,0,7,1.200000048,28,0.8,5.380000114,91.62,0.013,0.025,0.011,0.07,246.0,1 cup
BEET GRNS,"BEET GRNS,CKD,BLD,DRND,W/SALT",5.46,0,42,2.900000095,27,2.57,0.600000024,89.13,0.038,0.07,0.031,0.2,144.0,"1 cup,  (1"" pieces)"
BORAGE,"BORAGE,CKD,BLD,DRND,W/SALT",3.55,0,0,0.0,25,2.09,0.0,91.88,0.245,0.127,0.197,0.81,0.0,
BROADBEANS,"BROADBEANS,IMMAT SEEDS,CKD,BLD,DRND,W/SALT",10.1,0,0,0.0,62,4.8,0.0,83.7,0.02,0.303,0.142,0.5,0.0,
BROCCOLI,"BROCCOLI,LEAVES,RAW",5.24,0,0,0.0,28,2.98,0.0,90.69,0.024,0.167,0.054,0.35,0.0,
BROCCOLI,"BROCCOLI,FLOWER CLUSTERS,RAW",5.24,0,0,0.0,28,2.98,0.0,90.69,0.024,0.167,0.054,0.35,71.0,"1 cup,  flowerets"
BROCCOLI,"BROCCOLI,STALKS,RAW",5.24,0,0,0.0,28,2.98,0.0,90.69,0.024,0.167,0.054,0.35,114.0,1 stalk
BROCCOLI,"BROCCOLI,CKD,BLD,DRND,W/SALT",7.18,0,40,3.299999952,35,2.38,1.389999986,89.25,0.04,0.17,0.079,0.41,280.0,"1 stalk,  large (11""-12"" long)"
BROCCOLI,"BROCCOLI,FRZ,CHOPD,CKD,BLD,DRND,W/SALT",5.35,0,16,3.0,28,3.1,1.470000029,90.72,0.008,0.055,0.018,0.12,184.0,1 cup
BROCCOLI,"BROCCOLI,FRZ,SPEARS,CKD,BLD,DRND,W/SALT",5.35,0,0,3.0,28,3.1,1.440000057,90.72,0.008,0.055,0.018,0.11,250.0,"1 package,  (10 oz) yields"
BRUSSELS SPROUTS,"BRUSSELS SPROUTS,CKD,BLD,DRND,W/SALT",7.1,0,41,2.599999905,36,2.55,1.74000001,88.9,0.038,0.255,0.102,0.5,21.0,1 sprout
BRUSSELS SPROUTS,"BRUSSELS SPROUTS,FRZ,CKD,BLD,DRND,W/SALT",8.32,0,18,4.099999905,42,3.64,2.079999924,86.74,0.03,0.2,0.081,0.39,155.0,1 cup
BURDOCK ROOT,"BURDOCK ROOT,CKD,BLD,DRND,W/SALT",21.15,0,0,1.799999952,88,2.09,3.549999952,75.64,0.0,0.0,0.0,0.14,125.0,"1 cup,  (1"" pieces)"
BUTTERBUR,"BUTTERBUR,CKD,BLD,DRND,W/SALT",2.16,0,0,0.0,8,0.23,0.0,96.7,0.0,0.0,0.0,0.02,0.0,
CABBAGE,"CABBAGE,COMMON,FRESHLY HARVEST,RAW",5.37,0,0,2.299999952,24,1.21,0.0,92.52,0.013,0.087,0.023,0.18,908.0,1 head
CABBAGE,"CABBAGE,COMMON (DANISH,DOMESTIC,&POINTED TYPES),STORED,RAW",5.37,0,0,2.299999952,24,1.21,0.0,92.52,0.013,0.087,0.023,0.18,908.0,1 head
CABBAGE,"CABBAGE,COMMON,CKD,BLD,DRND,W/SALT",5.51,0,20,1.899999976,23,1.27,2.789999962,92.57,0.019,0.023,0.0,0.06,1262.0,1 head
CABBAGE,"CABBAGE,RED,CKD,BLD,DRND,W/SALT",6.94,0,0,2.599999905,29,1.51,3.319999933,90.84,0.007,0.043,0.011,0.09,22.0,1 leaf
CABBAGE,"CABBAGE,SAVOY,CKD,BLD,DRND,W/SALT",5.41,0,0,2.799999952,24,1.8,0.0,92.0,0.007,0.043,0.012,0.09,145.0,"1 cup, shredded"
CABBAGE,"CABBAGE,CHINESE (PAK-CHOI),CKD,BLD,DRND,W/SALT",1.78,0,12,1.0,12,1.56,0.829999983,95.55,0.012,0.077,0.021,0.16,170.0,"1 cup, shredded"
CABBAGE,"CABBAGE,CHINESE (PE-TSAI),CKD,BLD,DRND,W/SALT",2.41,0,0,1.700000048,14,1.5,0.0,95.24,0.02,0.061,0.036,0.17,119.0,"1 cup, shredded"
CARDOON,"CARDOON,CKD,BLD,DRND,W/SALT",4.74,0,0,1.700000048,20,0.76,0.0,93.46,0.02,0.044,0.012,0.11,0.0,
CARROTS,"CARROTS,CKD,BLD,DRND,W/SALT",8.22,0,9,3.0,35,0.76,3.450000048,90.17,0.007,0.107,0.037,0.18,9.7,1 tbsp
CARROTS,"CARROTS,CND,NO SALT,SOL&LIQUIDS",5.36,0,6,1.799999952,23,0.59,2.460000038,92.99,0.007,0.068,0.024,0.14,123.0,".5 cup, slices"
CARROTS,"CARROTS,CND,NO SALT ,DRND SOL",5.54,0,0,1.5,25,0.64,2.480000019,92.95,0.009,0.092,0.036,0.19,228.0,"1 cup, mashed"
CARROTS,"CARROTS,FRZ,CKD,BLD,DRND,W/SALT",7.73,0,9,3.299999952,37,0.58,4.079999924,90.32,0.035,0.318,0.132,0.68,146.0,"1 cup, slices"
CAULIFLOWER,"CAULIFLOWER,CKD,BLD,DRND,W/SALT",4.11,0,39,2.299999952,23,1.84,1.860000014,93.0,0.032,0.217,0.07,0.45,62.0,".5 cup,  (1"" pieces)"
CAULIFLOWER,"CAULIFLOWER,FRZ,CKD,BLD,DRND,W/SALT",3.16,0,34,2.700000048,17,1.61,0.460000008,94.0,0.015,0.105,0.034,0.22,180.0,"1 cup,  (1"" pieces)"
CELERIAC,"CELERIAC,CKD,BLD,DRND,W/SALT",5.9,0,0,0.0,27,0.96,0.0,92.3,0.0,0.0,0.0,0.19,155.0,"1 cup, pieces"
CELERY,"CELERY,CKD,BLD,DRND,W/SALT",4.0,0,8,1.600000024,18,0.83,2.369999886,94.11,0.03,0.075,0.04,0.16,150.0,"1 cup, diced"
CHARD,"CHARD,SWISS,CKD,BLD,DRND,W/SALT",4.13,0,29,2.099999905,20,1.88,1.100000024,92.65,0.0,0.0,0.0,0.08,175.0,"1 cup, chopped"
CHAYOTE,"CHAYOTE,FRUIT,CKD,BLD,DRND,W/SALT",4.5,0,0,2.799999952,22,0.62,0.0,93.43,0.0,0.0,0.086,0.48,160.0,"1 cup,  (1"" pieces)"
CHRYSANTHEMUM,"CHRYSANTHEMUM,GARLAND,CKD,BLD,DRND,W/SALT",4.31,0,13,2.299999952,20,1.64,2.00999999,92.49,0.0,0.0,0.0,0.09,100.0,"1 cup,  (1"" pieces)"
COLLARDS,"COLLARDS,CKD,BLD,DRND,W/SALT",4.91,0,32,2.799999952,26,2.11,0.400000006,91.86,0.026,0.173,0.047,0.36,190.0,"1 cup, chopped"
COLLARDS,"COLLARDS,FRZ,CHOPD,CKD,BLD,DRND,W/SALT",7.1,0,45,2.799999952,36,2.97,0.569999993,88.47,0.0,0.0,0.04,0.41,170.0,"1 cup, chopped"
CORN,"CORN,SWT,YEL,CKD,BLD,DRND,W/SALT",25.11,0,29,2.799999952,108,3.32,3.170000076,69.57,0.374,0.603,0.197,1.28,89.0,"1 ear, small (5-1/2"" to 6-1/2"" long)"
CORN,"CORN,SWT,YEL,CND,NO SALT,SOL&LIQUIDS",15.41,0,0,1.700000048,64,1.95,2.829999924,81.34,0.144,0.234,0.077,0.5,128.0,.5 cup
CORN,"CORN,SWT,YEL,CND,CRM STYLE,NO SALT",18.13,0,20,1.200000048,72,1.74,3.230000019,78.73,0.123,0.198,0.065,0.42,256.0,1 cup
CORN,"CORN,SWT,YEL,CND,VACUUM PK,NO SALT",19.44,0,22,2.0,79,2.41,3.559999943,76.58,0.147,0.237,0.077,0.5,105.0,.5 cup
CORN,"CORN,SWT,YEL,FRZ,KRNLS,CUT OFF COB,BLD,DRND,W/SALT",18.71,0,0,2.400000095,79,2.55,3.069999933,77.03,0.126,0.203,0.066,0.67,284.0,"1 package,  (10 oz) yields"
CORN,"CORN,SWT,YEL,FRZ,KRNLS ON COB,CKD,BLD,DRND,W/SALT",22.33,0,0,2.799999952,93,3.11,3.589999914,73.2,0.216,0.348,0.114,0.74,63.0,"1 ear,  yields"
COWPEAS (BLACKEYES),"COWPEAS (BLACKEYES),IMMAT SEEDS,CKD,BLD,DRND,W/SALT",19.73,0,33,5.0,94,3.17,3.230000019,75.48,0.034,0.161,0.096,0.38,165.0,1 cup
COWPEAS (BLACKEYES),"COWPEAS (BLACKEYES),IMMAT SEEDS,FRZ,CKD,BLD,DRND,W/SALT",23.5,0,46,6.400000095,131,8.49,4.460000038,66.1,0.06,0.28,0.175,0.66,170.0,1 cup
COWPEAS,"COWPEAS,YOUNG PODS W/SEEDS,CKD,BLD,DRND,W/SALT",7.0,0,0,0.0,34,2.6,0.0,89.5,0.027,0.127,0.079,0.3,95.0,1 cup
COWPEAS,"COWPEAS,LEAFY TIPS,CKD,BLD,DRND,W/SALT",2.8,0,0,0.0,22,4.67,0.0,91.3,0.009,0.042,0.026,0.1,53.0,"1 cup, chopped"
CRESS,"CRESS,GARDEN,CKD,BLD,DRND,W/SALT",3.8,0,14,0.699999988,23,1.9,3.109999895,92.5,0.205,0.196,0.02,0.6,135.0,1 cup
DANDELION GRNS,"DANDELION GRNS,CKD,BLD,DRND,W/SALT",6.4,0,28,2.900000095,33,2.0,1.620000005,89.8,0.0,0.0,0.0,0.6,105.0,"1 cup, chopped"
EGGPLANT,"EGGPLANT,CKD,BLD,DRND,W/SALT",8.14,0,9,2.5,33,0.83,3.200000048,89.67,0.02,0.093,0.044,0.23,99.0,"1 cup,  (1"" cubes)"
GOURD,"GOURD,WHITE-FLOWERED (CALABASH),CKD,BLD,DRND,W/SALT",3.1,0,0,0.0,13,0.6,0.0,95.32,0.004,0.009,0.001,0.02,146.0,"1 cup,  (1"" cubes)"
GOURD,"GOURD,DISHCLOTH (TOWELGOURD),CKD,BLD,DRND,W/SALT",13.75,0,0,0.0,54,0.66,0.0,84.29,0.063,0.148,0.027,0.34,178.0,"1 cup,  (1"" pieces)"
HORSERADISH-TREE,"HORSERADISH-TREE,LEAFY TIPS,CKD,BLD,DRND,W/SALT",11.15,0,21,2.0,60,5.27,1.0,81.65,0.0,0.0,0.0,0.93,42.0,"1 cup, chopped"
HORSERADISH-TREE,"HORSERADISH-TREE,PODS,CKD,BLD,DRND,W/SALT",8.18,0,0,4.199999809,36,2.09,0.0,88.42,0.0,0.0,0.0,0.19,118.0,"1 cup, slices"
HYACINTH-BEANS,"HYACINTH-BEANS,IMMAT SEEDS,CKD,BLD,DRND,W/SALT",9.2,0,0,0.0,50,2.95,0.0,86.9,0.129,0.01,0.119,0.27,87.0,1 cup
JUTE,"JUTE,POTHERB,CKD,BLD,DRND,W/SALT",7.29,0,13,2.0,37,3.68,1.0,87.15,0.014,0.096,0.03,0.2,87.0,1 cup
KALE,"KALE,CKD,BLD,DRND,W/SALT",5.63,0,0,2.0,28,1.9,1.25,91.2,0.03,0.193,0.052,0.4,130.0,"1 cup, chopped"
KALE,"KALE,FRZ,CKD,BLD,DRND,W/SALT",5.23,0,0,2.0,30,2.84,1.340000033,90.5,0.036,0.235,0.063,0.49,130.0,"1 cup, chopped"
KALE,"KALE,SCOTCH,CKD,BLD,DRND,W/SALT",5.62,0,0,0.0,28,1.9,0.0,91.2,0.03,0.196,0.053,0.41,130.0,"1 cup, chopped"
KOHLRABI,"KOHLRABI,CKD,BLD,DRND,W/SALT",6.69,0,13,1.100000024,29,1.8,2.799999952,90.3,0.008,0.053,0.014,0.11,165.0,"1 cup, slices"
LAMBS QUARTERS,"LAMBS QUARTERS,CKD,BLD,DRND,W/SALT",5.0,0,0,2.099999905,32,3.2,0.620000005,88.9,0.131,0.307,0.052,0.7,180.0,"1 cup, chopped"
LEEKS,"LEEKS,(BULB&LOWER LEAF-PORTION),CKD,BLD,DRND,W/SALT",7.62,0,0,1.0,31,0.81,2.109999895,90.8,0.003,0.111,0.027,0.2,124.0,1 leek
LOTUS ROOT,"LOTUS ROOT,CKD,BLD,DRND,W/SALT",16.02,0,25,3.099999905,66,1.58,0.0,81.42,0.014,0.014,0.021,0.07,60.0,.5 cup
MUSHROOMS,"MUSHROOMS,CKD,BLD,DRND,W/SALT",5.29,0,20,2.200000048,28,2.17,1.950000048,91.08,0.008,0.194,0.052,0.47,156.0,"1 cup, pieces"
MUSHROOMS,"MUSHROOMS,SHIITAKE,CKD,W/SALT",13.8,0,0,2.099999905,54,1.56,3.609999895,83.48,0.07,0.034,0.05,0.22,145.0,"1 cup, pieces"
MUSTARD GRNS,"MUSTARD GRNS,CKD,BLD,DRND,W/SALT",2.1,0,0,2.0,15,2.26,0.100000001,94.46,0.11,0.046,0.012,0.24,140.0,"1 cup, chopped"
MUSTARD GRNS,"MUSTARD GRNS,FRZ,CKD,BLD,DRND,W/SALT",3.11,0,0,2.799999952,19,2.27,0.319999993,93.8,0.113,0.047,0.013,0.25,212.0,"1 package,  (10 oz) yields"
MUSTARD SPINACH,"MUSTARD SPINACH,(TENDERGREEN),CKD,BLD,DRND,W/SALT",2.8,0,0,2.0,16,1.7,0.0,94.5,0.0,0.0,0.0,0.2,180.0,"1 cup, chopped"
NEW ZEALAND SPINACH,"NEW ZEALAND SPINACH,CKD,BLD,DRND,W/SALT",2.13,0,0,0.0,12,1.3,0.0,94.8,0.005,0.071,0.027,0.17,180.0,"1 cup, chopped"
OKRA,"OKRA,CKD,BLD,DRND,W/SALT",4.51,0,9,2.5,22,1.87,2.400000095,92.57,0.028,0.046,0.045,0.21,80.0,".5 cup, slices"
OKRA,"OKRA,FRZ,CKD,BLD,DRND,W/SALT",5.75,0,11,2.799999952,28,2.08,2.869999886,91.12,0.05,0.081,0.079,0.3,255.0,"1 package,  (10 oz) yields"
ONIONS,"ONIONS,CKD,BLD,DRND,W/SALT",9.56,0,7,1.399999976,42,1.36,4.730000019,87.86,0.027,0.073,0.031,0.19,210.0,1 cup
ONIONS,"ONIONS,FRZ,CHOPD,CKD,BLD,DRND,W/SALT",6.0,0,4,1.700000048,26,0.77,2.900000095,92.24,0.013,0.038,0.016,0.1,15.0,"1 tbsp, chopped"
ONIONS,"ONIONS,FRZ,WHL,CKD,BLD,DRND,W/SALT",6.11,0,4,1.399999976,26,0.71,2.900000095,92.24,0.007,0.02,0.009,0.05,210.0,1 cup
PARSNIPS,"PARSNIPS,CKD,BLD,DRND,W/SALT",17.01,0,27,4.0,71,1.32,4.800000191,80.24,0.112,0.047,0.05,0.3,78.0,".5 cup, slices"
PEAS,"PEAS,EDIBLE-PODDED,CKD,BLD,DRND,W/SALT",6.46,0,17,2.799999952,40,3.27,3.99000001,88.91,0.023,0.1,0.044,0.23,160.0,1 cup
PEAS,"PEAS,EDIBLE-PODDED,FRZ,CKD,BLD,DRND,W/SALT",8.43,0,21,3.099999905,50,3.5,4.820000172,86.6,0.039,0.167,0.073,0.38,160.0,1 cup
PEAS,"PEAS,GRN,CKD,BLD,DRND,W/SALT",15.63,0,30,5.5,84,5.36,5.929999828,77.87,0.019,0.102,0.039,0.22,160.0,1 cup
PEAS,"PEAS,GRN,CND,NO SALT,SOL&LIQUIDS",9.75,0,19,3.299999952,53,3.19,3.200000048,85.92,0.027,0.142,0.054,0.3,124.0,.5 cup
PEAS,"PEAS,GRN,CND,NO SALT,DRND SOL",12.58,0,0,4.099999905,69,4.42,4.159999847,81.7,0.031,0.163,0.062,0.35,85.0,.5 cup
PEAS,"PEAS,GRN,FRZ,CKD,BLD,DRND,W/SALT",14.26,0,28,5.5,78,5.15,4.650000095,79.52,0.024,0.129,0.049,0.27,80.0,.5 cup
PEAS,"PEAS,MATURE SEEDS,SPROUTED,CKD,BLD,DRND,W/SALT",17.08,0,0,0.0,98,7.05,0.0,74.37,0.045,0.24,0.09,0.51,0.0,
PEAS&CARROTS,"PEAS&CARROTS,CND,NO SALT,SOL&LIQUIDS",8.48,0,13,3.299999952,38,2.17,2.829999924,88.15,0.023,0.129,0.049,0.27,255.0,1 cup
PEAS&CARROTS,"PEAS&CARROTS,FRZ,CKD,BLD,DRND,W/SALT",10.12,0,18,3.099999905,48,3.09,4.360000134,85.8,0.035,0.201,0.077,0.42,278.0,"1 package,  (10 oz) yields"
PEAS&ONIONS,"PEAS&ONIONS,FRZ,CKD,BLD,DRND,W/SALT",8.63,0,16,2.200000048,45,2.54,3.769999981,88.18,0.019,0.094,0.036,0.2,180.0,1 cup
PEPPERS,"PEPPERS,HOT CHILI,RED,RAW",8.81,0,11,1.5,40,1.87,5.300000191,88.02,0.024,0.239,0.042,0.44,45.0,1 pepper
PEPPERS,"PEPPERS,HOT CHILI,RED,CND,EXCLUDING SEEDS,SOL&LIQUIDS",5.1,0,7,1.299999952,21,0.9,3.319999933,92.5,0.006,0.055,0.01,0.1,73.0,1 pepper
PEPPERS,"PEPPERS,SWT,RED,RAW",6.03,0,6,2.099999905,31,0.99,4.199999809,92.21,0.003,0.07,0.027,0.3,149.0,"1 cup, chopped"
PEPPERS,"PEPPERS,SWT,GRN,CKD,BLD,DRND,W/SALT",6.11,0,7,1.200000048,26,0.92,3.190000057,91.87,0.013,0.106,0.029,0.2,11.6,1 tbsp
PEPPERS,"PEPPERS,SWT,RED,CKD,BLD,DRND,WO/SALT",6.7,0,6,1.200000048,28,0.92,4.389999866,91.87,0.013,0.106,0.029,0.2,135.0,"1 cup, strips"
PEPPERS,"PEPPERS,SWT,RED,CKD,BLD,DRND,W/SALT",6.11,0,6,1.200000048,26,0.92,4.389999866,91.87,0.013,0.106,0.029,0.2,12.0,1 tbsp
PEPPERS,"PEPPERS,SWT,GRN,FRZ,CHOPD,CKD,BLD,DRND,W/SALT",3.31,0,0,0.0,16,0.95,0.0,94.7,0.012,0.099,0.027,0.18,135.0,"1 cup,  chopped or strips"
PIGEONPEAS,"PIGEONPEAS,IMMAT SEEDS,CKD,BLD,DRND,W/SALT",19.49,0,38,6.199999809,111,5.96,2.480000019,71.8,0.017,1.149,0.112,1.36,153.0,1 cup
POKEBERRY SHOOTS,"POKEBERRY SHOOTS,(POKE),CKD,BLD,DRND,W/SALT",3.1,0,0,1.5,20,2.3,1.600000024,92.9,0.0,0.0,0.0,0.4,165.0,1 cup
POTATOES,"POTATOES,BKD,FLESH & SKN,W/ SALT",21.15,0,0,2.200000048,93,2.5,1.179999948,74.89,0.003,0.058,0.035,0.13,298.9,"1 potato, large (3"" to 4-1/4"" dia)"
POTATOES,"POTATOES,BKD,FLESH,W/SALT",21.55,0,14,1.5,93,1.96,1.700000048,75.42,0.002,0.043,0.026,0.1,61.0,.5 cup
POTATOES,"POTATOES,BKD,SKN,W/ SALT",46.06,0,31,7.900000095,198,4.29,1.399999976,47.31,0.002,0.043,0.026,0.1,58.0,1 skin
POTATOES,"POTATOES,BLD,CKD IN SKN,FLESH,W/SALT",20.13,0,14,2.0,87,1.87,0.870000005,76.98,0.002,0.043,0.026,0.1,78.0,.5 cup
POTATOES,"POTATOES,BLD,CKD IN SKN,SKN,W/SALT",17.2,0,0,3.299999952,78,2.86,0.0,77.8,0.002,0.043,0.026,0.1,34.0,1 skin
POTATOES,"POTATOES,BLD,CKD WO/ SKN,FLESH,W/ SALT",20.01,0,13,2.0,86,1.71,0.850000024,77.46,0.002,0.043,0.026,0.1,299.6,"1 large,  (3"" to 4-1/4"" dia.)"
POTATOES,"POTATOES,MICROWAVED,CKD,IN SKN,FLESH&SKN,W/SALT",24.24,0,0,2.299999952,105,2.44,0.0,72.04,0.002,0.043,0.026,0.1,202.0,"1 potato,  (2-1/3"" x 4-3/4"")"
POTATOES,"POTATOES,MICROWAVED,CKD IN SKN,FLESH,W/SALT",23.28,0,0,1.600000024,100,2.1,0.0,73.55,0.002,0.043,0.026,0.1,78.0,.5 cup
POTATOES,"POTATOES,MICROWAVED,CKD,IN SKN,SKN W/SALT",29.63,0,0,5.5,132,4.39,0.0,63.5,0.002,0.043,0.026,0.1,58.0,1 skin
POTATOES,"POTATOES,FRZ,WHL,CKD,BLD,DRND,W/SALT",13.93,0,0,1.399999976,63,1.98,0.0,82.8,0.003,0.056,0.034,0.13,0.0,
POTATOES,"POTATOES,FRZ,FRCH FR,PAR FR,CTTGE-CUT,PREP,HTD OVEN,W/SALT",34.03,0,0,3.200000048,218,3.44,0.0,52.9,3.328,0.615,3.894,8.2,50.0,10 strips
POTATOES,"POTATOES,FR FR,ALL TYPES,SALT NOT ADDED IN PROC,FRZ,OVN-HTD",28.71,0,0,2.599999905,172,2.66,0.280000001,61.51,3.237,0.321,1.029,5.22,74.13,10 strip
POTATOES,"POTATOES,FR FR,ALL TYPES,SALT NOT ADDED IN PROC,FRZ,AS PURCH",24.81,0,0,1.899999976,150,2.24,0.200000003,66.61,2.96,0.265,0.94,4.66,65.0,10 strips
POTATOES,"POTATOES,AU GRATIN,HOME-PREPARED FROM RECIPE USING MARGARINE",11.27,15,0,1.799999952,132,5.06,0.0,74.0,2.587,1.076,3.53,7.59,245.0,1 cup
POTATOES,"POTATOES,SCALLPD,HOME-PREPARED W/MARGARINE",10.78,6,0,1.899999976,88,2.87,0.0,80.94,1.352,0.746,1.377,3.68,245.0,1 cup
PUMPKIN,"PUMPKIN,CKD,BLD,DRND,W/SALT",4.9,0,6,1.100000024,20,0.72,1.019999981,93.69,0.009,0.004,0.037,0.07,245.0,"1 cup, mashed"
PUMPKIN,"PUMPKIN,CANNED,WITH SALT",8.09,0,10,2.900000095,34,1.1,3.299999952,89.97,0.037,0.015,0.146,0.28,245.0,1 cup
PUMPKIN,"PUMPKIN,FLOWERS,CKD,BLD,DRND,W/SALT",3.18,0,13,0.899999976,15,1.09,2.400000095,95.2,0.01,0.004,0.041,0.08,134.0,1 cup
PUMPKIN LEAVES,"PUMPKIN LEAVES,CKD,BLD,DRND,W/ SALT",3.39,0,0,2.700000048,21,2.72,0.689999998,92.51,0.029,0.012,0.114,0.22,71.0,1 cup
PURSLANE,"PURSLANE,CKD,BLD,DRND,W/SALT",3.55,0,0,0.0,18,1.49,0.0,93.52,0.0,0.0,0.0,0.19,115.0,1 cup
RADISHES,"RADISHES,ORIENTAL,CKD,BLD,DRND,W/SALT",3.43,0,7,1.600000024,17,0.67,1.830000043,95.04,0.04,0.108,0.073,0.24,147.0,"1 cup, slices"
RUTABAGAS,"RUTABAGAS,CKD,BLD,DRND,W/SALT",8.74,0,15,0.0,39,1.29,6.019999981,88.88,0.027,0.095,0.029,0.22,120.0,".5 cup, mashed"
SALSIFY,"SALSIFY,CKD,BLD,DRND,W/SALT",15.36,0,26,3.099999905,68,2.73,2.900000095,81.0,0.0,0.0,0.0,0.17,135.0,"1 cup, slices"
SOYBEANS,"SOYBEANS,GRN,CKD,BLD,DRND,W/SALT",11.05,0,0,4.199999809,141,12.35,0.0,68.6,1.209,3.011,0.74,6.4,180.0,1 cup
SPINACH,"SPINACH,CKD,BLD,DRND,W/SALT",3.75,0,20,2.400000095,23,2.97,0.430000007,91.21,0.006,0.109,0.043,0.26,180.0,1 cup
SPINACH,"SPINACH,CND,NO SALT,SOL&LIQUIDS",2.92,0,0,2.200000048,19,2.11,0.0,93.22,0.01,0.155,0.06,0.37,234.0,1 cup
SPINACH,"SPINACH,FRZ,CHOPD OR LEAF,CKD,BLD,DRND,W/SALT",4.8,0,25,3.700000048,34,4.01,0.50999999,88.94,0.0,0.0,0.0,0.87,220.0,"1 package,  (10 oz) yields"
SQUASH,"SQUASH,SMMR,ALL VAR,CKD,BLD,DRND,W/SALT",4.31,0,8,1.399999976,20,0.91,2.589999914,93.7,0.023,0.131,0.064,0.31,180.0,"1 cup, slices"
SQUASH,"SQUASH,SMMR,CROOKNECK&STRAIGHTNECK,CKD,BLD,DRND,W/SALT",4.31,0,8,1.399999976,20,0.91,1.889999986,93.7,0.023,0.131,0.064,0.31,180.0,"1 cup, slices"
SQUASH,"SQUASH,SMMR,CROOKNECK&STRAIGHTNECK,FRZ,CKD,BLD,DRND,W/SALT",5.54,0,10,1.399999976,25,1.28,2.329999924,92.24,0.015,0.082,0.04,0.2,192.0,"1 cup, slices"
SQUASH,"SQUASH,SMMR,SCALLOP,CKD,BLD,DRND,W/SALT",3.3,0,6,1.899999976,16,1.03,1.5,95.0,0.013,0.072,0.035,0.17,90.0,".5 cup, slices"
SQUASH,"SQUASH,SMMR,ZUCCHINI,INCL SKN,CKD,BLD,DRND,W/SALT",3.93,0,9,1.399999976,16,0.64,1.690000057,94.74,0.004,0.021,0.01,0.05,90.0,".5 cup, slices"
SQUASH,"SQUASH,SMMR,ZUCCHINI,INCL SKN,FRZ,CKD,BLD,DRND,W/SALT",2.97,0,9,1.299999952,14,1.15,1.690000057,94.74,0.01,0.055,0.027,0.13,223.0,1 cup
SQUASH,"SQUASH,WNTR,ALL VAR,CKD,BKD,W/SALT",8.74,0,11,2.799999952,39,0.89,3.299999952,89.02,0.047,0.265,0.13,0.63,205.0,"1 cup, cubes"
SQUASH,"SQUASH,WNTR,ACORN,CKD,BKD,W/SALT",14.58,0,0,4.400000095,56,1.12,0.0,82.9,0.01,0.059,0.029,0.14,205.0,"1 cup, cubes"
SQUASH,"SQUASH,WNTR,ACORN,CKD,BLD,MSHD,W/SALT",8.79,0,0,2.599999905,34,0.67,0.0,89.7,0.006,0.035,0.017,0.08,245.0,"1 cup, mashed"
SQUASH,"SQUASH,WNTR,BUTTERNUT,CKD,BKD,W/SALT",10.49,0,0,0.0,40,0.9,1.970000029,87.8,0.007,0.038,0.019,0.09,205.0,"1 cup, cubes"
SQUASH,"SQUASH,WNTR,BUTTERNUT,FRZ,CKD,BLD,W/SALT",10.04,0,0,0.0,39,1.23,0.0,87.8,0.005,0.029,0.014,0.07,240.0,"1 cup, mashed"
SQUASH,"SQUASH,WNTR,HUBBARD,CKD,BKD,W/SALT",10.81,0,0,0.0,50,2.48,0.0,85.1,0.046,0.26,0.128,0.62,205.0,"1 cup, cubes"
SQUASH,"SQUASH,WNTR,HUBBARD,CKD,BLD,MSHD,W/SALT",6.46,0,9,2.900000095,30,1.48,2.930000067,91.1,0.028,0.156,0.076,0.37,236.0,"1 cup, mashed"
SQUASH,"SQUASH,WNTR,SPAGHETTI,CKD,BLD,DRND,OR BKD,W/SALT",6.46,0,8,1.399999976,27,0.66,2.529999971,92.3,0.022,0.126,0.062,0.26,155.0,1 cup
SUCCOTASH,"SUCCOTASH,(CORN&LIMAS),CKD,BLD,DRND,W/SALT",24.37,0,0,0.0,111,5.07,0.0,68.37,0.155,0.381,0.148,0.8,192.0,1 cup
SUCCOTASH,"SUCCOTASH,(CORN&LIMAS),FRZ,CKD,BLD,DRND,W/SALT",19.95,0,29,4.099999905,93,4.31,2.210000038,74.1,0.173,0.427,0.166,0.89,170.0,1 cup
SWAMP CABBAGE,"SWAMP CABBAGE,CKD,BLD,DRND,W/SALT",3.71,0,0,1.899999976,20,2.08,0.0,92.93,0.0,0.0,0.0,0.24,98.0,"1 cup, chopped"
SWEET POTATO LEAVES,"SWEET POTATO LEAVES,CKD,STMD,W/ SALT",7.32,0,21,1.899999976,34,2.32,5.420000076,88.71,0.012,0.134,0.065,0.3,64.0,1 cup
SWEET POTATO,"SWEET POTATO,CKD,BKD IN SKN,W/ SALT",20.71,0,13,3.299999952,92,2.01,11.09000015,75.78,0.002,0.092,0.052,0.15,114.0,"1 medium,  (2"" dia, 5"" long, raw)"
SWEET POTATO,"SWEET POTATO,CKD,BLD,WO/ SKN,W/ SALT",17.72,0,11,2.5,76,1.37,5.739999771,80.13,0.0,0.061,0.031,0.14,328.0,"1 cup, mashed"
SWEET POTATO,"SWEET POTATO,FRZ,CKD,BKD,W/ SALT",23.4,0,0,1.799999952,100,1.71,0.0,73.7,0.005,0.053,0.026,0.12,176.0,"1 cup, cubes"
TARO,"TARO,COOKED,WITH SALT",34.6,0,21,5.099999905,142,0.52,0.49000001,63.8,0.009,0.046,0.023,0.11,132.0,"1 cup, slices"
TARO,"TARO,LEAVES,CKD,STMD,W/SALT",3.89,0,0,2.0,24,2.72,0.0,92.15,0.033,0.168,0.083,0.41,145.0,1 cup
TARO,"TARO,SHOOTS,CKD,W/SALT",3.19,0,0,0.0,14,0.73,0.0,95.3,0.006,0.033,0.016,0.08,140.0,"1 cup, slices"
TARO,"TARO,TAHITIAN,CKD,W/SALT",6.85,0,0,0.0,44,4.16,0.0,86.46,0.055,0.282,0.139,0.68,137.0,"1 cup, slices"
TOMATOES,"TOMATOES,RED,RIPE,CKD,W/ SALT",4.01,0,0,0.699999988,18,0.95,2.49000001,94.34,0.016,0.044,0.015,0.11,240.0,1 cup
TOMATOES,"TOMATOES,RED,RIPE,CND,PACKED IN TOMATO JUC,NO SALT ADDED",4.0,0,7,1.0,17,0.78,2.380000114,94.28,0.021,0.052,0.018,0.13,240.0,1 cup
TOMATO JUC,"TOMATO JUC,CND,WO/SALT",4.24,0,7,0.400000006,17,0.76,3.559999943,93.9,0.009,0.024,0.008,0.05,243.0,1 cup
TOMATO PRODUCTS,"TOMATO PRODUCTS,CND,PASTE,W/SALT",18.91,0,38,4.099999905,82,4.32,12.18000031,73.5,0.067,0.159,0.1,0.47,131.0,.5 cup
TOMATO PRODUCTS,"TOMATO PRODUCTS,CND,PUREE,W/SALT",8.98,0,18,1.899999976,38,1.65,4.829999924,87.88,0.031,0.086,0.029,0.21,250.0,1 cup
TURNIPS,"TURNIPS,CKD,BLD,DRND,W/SALT",5.06,0,9,2.0,22,0.71,2.99000001,93.6,0.005,0.042,0.008,0.08,156.0,"1 cup, cubes"
TURNIPS,"TURNIPS,FRZ,CKD,BLD,DRND,W/SALT",3.76,0,9,2.0,21,1.53,1.75999999,93.6,0.015,0.125,0.025,0.24,156.0,1 cup
TURNIP GRNS,"TURNIP GRNS,CKD,BLD,DRND,W/SALT",4.36,0,0,3.5,20,1.14,0.529999971,93.2,0.015,0.091,0.053,0.23,144.0,"1 cup, chopped"
TURNIP GRNS,"TURNIP GRNS,FRZ,CKD,BLD,DRND,W/SALT",4.98,0,0,3.400000095,29,3.35,0.75,90.4,0.028,0.17,0.099,0.42,220.0,"1 package,  (10 oz) yields"
TURNIP GRNS&TURNIPS,"TURNIP GRNS&TURNIPS,FRZ,CKD,BLD,DRND,W/SALT",4.74,0,2,3.099999905,34,2.99,0.949999988,91.04,0.024,0.16,0.085,0.38,163.0,1 cup
VEGETABLES,"VEGETABLES,MXD,FRZ,CKD,BLD,DRND,W/SALT",13.09,0,24,4.400000095,60,2.86,3.119999886,83.23,0.01,0.072,0.031,0.15,275.0,"1 package,  (10 oz) yields"
WAXGOURD,"WAXGOURD,(CHINESE PRESERVING MELON),CKD,BLD,DRND,W/SALT",2.45,0,5,1.0,11,0.4,1.179999948,96.06,0.037,0.088,0.016,0.2,175.0,"1 cup, cubes"
WINGED BEAN,"WINGED BEAN,IMMAT SEEDS,CKD,BLD,DRND,W/SALT",3.21,0,0,0.0,37,5.31,0.0,90.11,0.237,0.177,0.101,0.66,62.0,1 cup
YAM,"YAM,CKD,BLD,DRND,OR BKD,W/SALT",26.99,0,16,3.900000095,114,1.49,0.49000001,70.13,0.005,0.06,0.029,0.14,136.0,"1 cup, cubes"
YAMBEAN (JICAMA),"YAMBEAN (JICAMA),CKD,BLD,DRND,W/SALT",8.23,0,0,0.0,36,0.72,0.0,90.07,0.0,0.0,0.0,0.09,0.0,
YARDLONG BEAN,"YARDLONG BEAN,CKD,BLD,DRND,W/SALT",9.17,0,0,0.0,47,2.53,0.0,87.47,0.009,0.042,0.026,0.1,104.0,"1 cup, slices"
CORN,"CORN,SWEET,WHITE,RAW",19.02,0,0,2.700000048,86,3.22,3.220000029,75.96,0.347,0.559,0.182,1.18,73.0,"1 ear,  small (5-1/2"" to 6-1/2"" long)"
CORN,"CORN,SWT,WHITE,CKD,BLD,DRND,WO/SALT",25.11,0,29,2.700000048,108,3.32,4.070000172,69.57,0.374,0.603,0.197,1.28,89.0,"1 ear, small (5-1/2"" to 6-1/2"" long)"
CORN,"CORN,SWT,WHITE,CKD,BLD,DRND,W/SALT",25.11,0,29,2.700000048,108,3.32,4.070000172,69.57,0.374,0.603,0.197,1.28,89.0,"1 ear, small (5-1/2"" to 6-1/2"" long)"
CORN,"CORN,SWT,WHITE,CND,WHL KERNEL,REG PK,SOL&LIQUIDS",15.41,0,0,1.700000048,64,1.95,0.0,81.34,0.144,0.233,0.077,0.5,128.0,.5 cup
CORN,"CORN,SWT,WHITE,CND,WHL KERNEL,NO SALT,SOL&LIQUIDS",15.41,0,0,0.699999988,64,1.95,0.0,81.34,0.144,0.233,0.077,0.5,128.0,.5 cup
CORN,"CORN,SWT,WHITE,CND,WHL KERNEL,DRND SOL",18.59,0,22,2.0,81,2.62,2.400000095,76.92,0.292,0.471,0.154,1.0,164.0,1 cup
CORN,"CORN,SWT,WHITE,CND,CRM STYLE,REG PK",18.13,0,20,1.200000048,72,1.74,2.210000038,78.73,0.123,0.198,0.065,0.42,256.0,1 cup
CORN,"CORN,SWT,WHITE,CND,CRM STYLE,NO SALT",18.13,0,20,1.200000048,72,1.74,2.210000038,78.73,0.123,0.198,0.065,0.42,128.0,.5 cup
CORN,"CORN,SWT,WHITE,CND,VACUUM PK,REG PK",19.44,0,0,2.0,79,2.41,0.0,76.58,0.147,0.237,0.077,0.5,105.0,.5 cup
CORN,"CORN,SWT,WHITE,CND,VACUUM PK,NO SALT",19.44,0,0,2.0,79,2.41,0.0,76.58,0.147,0.237,0.077,0.5,105.0,.5 cup
CORN,"CORN,SWT,WHITE,FRZ,KRNLS CUT OFF COB,UNPREP",20.81,0,0,2.400000095,88,3.02,0.0,74.92,0.227,0.366,0.119,0.77,82.0,.5 cup
CORN,"CORN,SWT,WHITE,FRZ,KRNLS CUT OFF COB,BLD,DRND,WO/SALT",19.56,0,22,2.400000095,80,2.75,3.119999886,76.73,0.126,0.203,0.066,0.43,284.0,"1 package,  (10 oz) yields"
CORN,"CORN,SWT,WHITE,FRZ,KRNLS CUT OFF COB,BLD,DRND,W/SALT",19.56,0,22,2.400000095,80,2.75,3.119999886,76.73,0.126,0.203,0.066,0.43,284.0,"1 package,  (10 oz) yields"
CORN,"CORN,SWT,WHITE,FRZ,KRNLS ON COB,UNPREP",23.5,0,0,2.799999952,98,3.28,0.0,71.79,0.228,0.367,0.12,0.78,125.0,"1 ear,  yields"
CORN,"CORN,SWT,WHITE,FRZ,KRNLS ON COB,CKD,BLD,DRND,WO/SALT",22.33,0,0,2.099999905,94,3.11,0.0,73.2,0.216,0.348,0.114,0.74,63.0,"1 ear,  yields"
CORN,"CORN,SWT,WHITE,FRZ,KRNLS ON COB,CKD,BLD,DRND,W/SALT",22.33,0,0,2.799999952,94,3.11,0.0,73.2,0.216,0.348,0.114,0.74,63.0,"1 ear,  yields"
PEPPERS,"PEPPERS,SWT,RED,CND,SOL&LIQUIDS",3.9,0,0,1.200000048,18,0.8,0.0,91.25,0.02,0.161,0.045,0.3,140.0,"1 cup,  halves"
PEPPERS,"PEPPERS,SWT,RED,FRZ,CHOPD,UNPREP",4.45,0,4,1.600000024,20,1.08,3.25999999,93.96,0.014,0.113,0.031,0.21,284.0,"1 package,  (10 oz)"
PEPPERS,"PEPPERS,SWT,RED,FRZ,CHOPD,CKD,BLD,DRND,WO/SALT",3.31,0,0,0.0,16,0.95,2.859999895,94.7,0.012,0.097,0.026,0.18,135.0,"1 cup,  chopped or strips"
PEPPERS,"PEPPERS,SWT,RED,FRZ,CHOPD,CKD,BLD,DRND,W/SALT",3.31,0,0,0.0,16,0.95,2.859999895,94.7,0.012,0.099,0.027,0.18,135.0,"1 cup,  chopped or strips"
PEPPERS,"PEPPERS,SWT,RED,SAUTEED",6.57,0,6,1.799999952,133,1.04,4.28000021,78.95,2.287,5.719,1.557,12.75,0.0,
SESBANIA FLOWER,"SESBANIA FLOWER,CKD,STMD,W/SALT",5.1,0,0,0.0,21,1.14,0.0,93.3,0.0,0.0,0.0,0.05,104.0,1 cup
SOYBEANS,"SOYBEANS,MATURE SEEDS,SPROUTED,CKD,STMD,W/SALT",6.53,0,0,0.800000012,81,8.47,0.430000007,79.45,1.009,2.513,0.617,4.45,94.0,1 cup
SOYBEANS,"SOYBEANS,MATURE SEEDS,SPROUTED,CKD,STIR-FRIED,W/SALT",9.4,0,0,0.800000012,125,13.1,0.0,67.2,0.0,0.0,0.0,7.1,0.0,
DOCK,"DOCK,CKD,BLD,DRND,W/SALT",2.93,0,0,0.0,20,1.83,0.0,93.6,0.0,0.0,0.0,0.64,0.0,
LENTILS,"LENTILS,SPROUTED,CKD,STIR-FRIED,W/SALT",21.25,0,0,0.0,101,8.8,0.0,68.7,0.095,0.201,0.053,0.45,0.0,
MOUNTAIN YAM,"MOUNTAIN YAM,HAWAII,CKD,STMD,W/ SALT",19.99,0,0,0.0,82,1.73,0.0,77.14,0.003,0.036,0.018,0.08,145.0,"1 cup, cubes"
TREE FERN,"TREE FERN,CKD,W/SALT",10.78,0,0,3.700000048,40,0.29,0.0,88.6,0.0,0.0,0.0,0.07,31.0,"1 frond,  (6-1/2"" long)"
POTATOES,"POTATOES,MSHD,PREP FROM GRANULES,WO/MILK,WHL MILK&MARGARINE",14.4,3,0,2.200000048,108,2.05,0.0,77.48,2.041,1.363,1.284,4.93,210.0,1 cup
POTATOES,"POTATOES,MSHD,PREP FROM FLAKES,WO/MILK,WHL MILK&MARGARINE",15.02,4,0,2.299999952,113,1.9,0.0,76.3,2.307,1.551,1.46,5.6,210.0,1 cup
PEPPERS,"PEPPERS,SWT,RED,FREEZE-DRIED",68.7,0,0,21.29999924,314,17.9,40.77000046,2.0,0.202,1.607,0.447,3.0,0.4,1 tbsp
BEANS,"BEANS,SNAP,YEL,CND,REG PK,DRND SOL",4.5,0,10,1.299999952,20,1.15,0.959999979,93.3,0.004,0.051,0.022,0.1,135.0,1 cup
BEANS,"BEANS,SNAP,YEL,CND,NO SALT,DRND SOL",4.5,0,0,1.299999952,20,1.15,0.959999979,93.3,0.004,0.051,0.022,0.1,68.0,.5 cup
POTATOES,"POTATOES,MSHD,HOME-PREPARED,WHL MILK & BUTTER ADDED",16.77,11,0,1.5,113,1.87,1.429999948,75.64,0.851,0.16,2.078,4.22,210.0,1 cup
No Category,CATSUP,25.15,0,12,0.300000012,97,1.74,22.77000046,69.15,0.047,0.126,0.043,0.31,240.0,1 cup
PICKLES,"PICKLES,CUCUMBER,DILL OR KOSHER DILL",2.59,0,3,1.100000024,12,0.6,1.309999943,94.33,0.002,0.056,0.036,0.14,143.0,"1 cup, chopped or diced"
PICKLES,"PICKLES,CUCUMBER,SWT (INCLUDES BREAD & BUTTER PICKLES)",21.15,0,3,1.0,91,0.58,18.27000046,76.2,0.004,0.106,0.067,0.41,160.0,"1 cup, chopped"
PICKLES,"PICKLES,CUCUMBER,SOUR",2.26,0,4,1.200000048,11,0.33,1.059999943,94.08,0.003,0.081,0.052,0.2,155.0,1 cup
PIMENTO,"PIMENTO,CANNED",5.1,0,6,1.899999976,23,1.1,2.710000038,93.1,0.02,0.161,0.045,0.3,192.0,1 cup
PICKLE RELISH,"PICKLE RELISH,HOT DOG",23.35,0,0,1.5,91,1.5,0.0,71.65,0.227,0.11,0.044,0.46,15.0,1 tbsp
PICKLE RELISH,"PICKLE RELISH,SWEET",35.06,0,5,1.100000024,130,0.37,29.12999916,62.07,0.209,0.122,0.054,0.47,245.0,1 cup
PICKLES,"PICKLES,CUCUMBER,SOUR,LO NA",2.26,0,4,1.200000048,11,0.33,1.059999943,94.08,0.003,0.081,0.052,0.2,143.0,"1 cup, chopped or diced"
PICKLES,"PICKLES,CUCUMBER,DILL,LO NA",4.13,0,5,1.200000048,18,0.62,1.919999957,91.67,0.003,0.077,0.05,0.19,65.0,1 medium
PICKLES,"PICKLES,CUCUMBER,SWT,LO NA (INCLUDES BREAD & BUTTER PICKLES)",33.73,0,4,1.100000024,122,0.37,26.68000031,65.26,0.004,0.106,0.067,0.26,160.0,"1 cup, chopped or diced"
CATSUP,"CATSUP,LOW SODIUM",25.15,0,12,0.300000012,97,1.74,22.77000046,69.15,0.047,0.126,0.043,0.31,240.0,1 cup
MUSHROOMS,"MUSHROOMS,ENOKI,RAW",7.68,0,48,2.700000048,44,2.56,0.219999999,88.54,0.0,0.0,0.0,0.32,5.0,1 large
PEPPERS,"PEPPERS,SWEET,YELLOW,RAW",6.32,0,0,0.899999976,27,1.0,0.0,92.02,0.0,0.0,0.031,0.21,186.0,"1 pepper,  large (3-3/4"" long, 3"" dia)"
RADICCHIO,"RADICCHIO,RAW",4.48,0,11,0.899999976,23,1.43,0.600000024,93.14,0.01,0.11,0.06,0.25,40.0,"1 cup, shredded"
SQUASH,"SQUASH,ZUCCHINI,BABY,RAW",3.11,0,0,1.100000024,21,2.71,0.0,92.73,0.031,0.169,0.083,0.4,16.0,1 large
TOMATILLOS,"TOMATILLOS,RAW",5.84,0,8,1.899999976,32,0.96,3.930000067,91.63,0.155,0.417,0.139,1.02,34.0,1 medium
TOMATOES,"TOMATOES,SUN-DRIED",55.76,0,105,12.30000019,258,14.11,37.59000015,14.56,0.487,1.115,0.426,2.97,54.0,1 cup
TOMATOES,"TOMATOES,SUN-DRIED,PACKED IN OIL,DRND",23.33,0,0,5.800000191,213,5.06,0.0,53.83,8.663,2.06,1.893,14.08,110.0,1 cup
FENNEL,"FENNEL,BULB,RAW",7.29,0,0,3.099999905,31,1.24,0.0,90.21,0.0,0.0,0.0,0.2,87.0,"1 cup, sliced"
PICKLE RELISH,"PICKLE RELISH,HAMBURGER",34.48,0,0,3.200000048,129,0.63,0.0,61.12,0.269,0.131,0.052,0.54,15.0,1 tbsp
ARUGULA,"ARUGULA,RAW",3.65,0,15,1.600000024,25,2.58,2.049999952,91.71,0.049,0.319,0.086,0.66,2.0,1 leaf
CARROTS,"CARROTS,BABY,RAW",8.24,0,8,2.900000095,35,0.64,4.760000229,90.35,0.007,0.065,0.023,0.13,15.0,1 large
HEARTS OF PALM,"HEARTS OF PALM,CANNED",4.62,0,0,2.400000095,28,2.52,0.0,90.2,0.103,0.202,0.13,0.62,146.0,1 cup
PEPPERS,"PEPPERS,HOT CHILE,SUN-DRIED",69.86,0,84,28.70000076,324,10.58,41.06000137,7.15,0.468,3.079,0.813,5.81,37.0,1 cup
NOPALES,"NOPALES,RAW",3.33,0,7,2.200000048,16,1.32,1.149999976,94.12,0.018,0.05,0.016,0.09,86.0,"1 cup, sliced"
NOPALES,"NOPALES,CKD,WO/SALT",3.28,0,7,2.0,15,1.35,1.120000005,94.31,0.007,0.021,0.006,0.05,149.0,1 cup
CAULIFLOWER,"CAULIFLOWER,GREEN,RAW",6.09,0,57,3.200000048,31,2.95,3.029999971,89.79,0.028,0.133,0.047,0.3,64.0,1 cup
CAULIFLOWER,"CAULIFLOWER,GRN,CKD,NO SALT ADDED",6.28,0,0,3.299999952,32,3.04,0.0,89.47,0.029,0.137,0.049,0.31,90.0,.2 head
CAULIFLOWER,"CAULIFLOWER,GRN,CKD,W/ SALT",6.28,0,0,3.299999952,32,3.04,0.0,89.47,0.029,0.137,0.049,0.31,62.0,".5 cup,  (1"" pieces)"
BROCCOLI,"BROCCOLI,CHINESE,COOKED",3.81,0,25,2.5,22,1.14,0.839999974,93.54,0.05,0.33,0.11,0.72,88.0,1 cup
CABBAGE,"CABBAGE,NAPA,COOKED",2.23,0,0,0.0,12,1.1,0.0,96.33,0.0,0.0,0.0,0.17,109.0,1 cup
LEMON GRASS (CITRONELLA),"LEMON GRASS (CITRONELLA),RAW",25.31,0,0,0.0,99,1.82,0.0,70.58,0.054,0.17,0.119,0.49,67.0,1 cup
BEANS,"BEANS,FAVA,IN POD,RAW",17.63,0,0,0.0,88,7.92,0.0,72.6,0.104,0.342,0.118,0.73,126.0,1 cup
GRAPE LEAVES,"GRAPE LEAVES,RAW",17.31,0,13,11.0,93,5.6,6.300000191,73.32,0.081,1.065,0.336,2.12,14.0,1 cup
GRAPE LEAVES,"GRAPE LEAVES,CND",11.71,0,0,0.0,69,4.27,0.0,76.1,0.076,0.989,0.312,1.97,4.0,1 leaf
PEPPER,"PEPPER,BANANA,RAW",5.35,0,7,3.400000095,27,1.66,1.950000048,91.81,0.027,0.243,0.048,0.45,124.0,1 cup
PEPPER,"PEPPER,SERRANO,RAW",6.7,0,9,3.700000048,32,1.74,3.829999924,90.25,0.023,0.222,0.059,0.44,105.0,"1 cup, chopped"
PEPPER,"PEPPER,ANCHO,DRIED",51.41,0,0,21.60000038,281,11.86,0.0,22.63,0.492,4.511,0.82,8.2,17.0,1 pepper
PEPPERS,"PEPPERS,JALAPENO,RAW",5.9,0,8,2.799999952,30,1.35,3.460000038,91.69,0.033,0.319,0.062,0.62,90.0,"1 cup, sliced"
PEPPERS,"PEPPERS,CHILI,GRN,CND",4.6,0,0,1.700000048,21,0.72,0.0,93.25,0.017,0.153,0.028,0.27,139.0,1 cup
PEPPERS,"PEPPERS,HUNGARIAN,RAW",6.68,0,0,0.0,29,0.8,0.0,91.51,0.024,0.24,0.046,0.41,27.0,1 pepper
PEPPERS,"PEPPERS,PASILLA,DRIED",51.13,0,0,26.79999924,345,12.35,0.0,14.84,0.0,0.0,0.0,15.85,7.0,1 pepper
PICKLES,"PICKLES,CHOWCHOW,W/CAULIFLOWER ONION MUSTARD,SWT",26.64,0,4,1.5,121,1.5,23.87999916,68.9,0.17,0.397,0.149,0.9,245.0,1 cup
EPAZOTE,"EPAZOTE,RAW",7.44,0,0,3.799999952,32,0.33,0.0,89.21,0.0,0.0,0.0,0.52,0.8,1 tbsp
FIREWEED,"FIREWEED,LEAVES,RAW",19.22,0,0,10.60000038,103,4.71,0.0,70.78,0.0,0.0,0.0,2.75,23.0,"1 cup, chopped"
MALABAR SPINACH,"MALABAR SPINACH,COOKED",2.71,0,0,2.099999905,23,2.98,0.0,92.5,0.0,0.0,0.0,0.78,44.0,1 cup
MUSHROOM,"MUSHROOM,OYSTER,RAW",6.47,0,49,2.299999952,43,3.31,1.110000014,88.8,0.01,0.04,0.02,0.41,148.0,1 large
FUNGI,"FUNGI,CLOUD EARS,DRIED",73.01,0,0,70.09999847,284,9.25,0.0,14.8,0.0,0.0,0.0,0.73,28.0,1 cup
MUSHROOMS,"MUSHROOMS,STRAW,CND,DRND SOL",4.64,0,0,2.5,32,3.83,0.0,89.88,0.012,0.263,0.089,0.68,182.0,1 cup
WASABI,"WASABI,ROOT,RAW",23.54,0,0,7.800000191,109,4.8,0.0,69.11,0.0,0.0,0.0,0.63,130.0,"1 cup, sliced"
YAUTIA (TANNIER),"YAUTIA (TANNIER),RAW",23.63,0,0,1.5,98,1.46,0.0,73.06,0.0,0.0,0.082,0.4,135.0,"1 cup, sliced"
MUSHROOMS,"MUSHROOMS,WHITE,MICROWAVED",6.04,0,30,2.5,44,3.91,0.0,88.52,0.02,0.28,0.06,0.46,0.0,
MUSHROOMS,"MUSHROOMS,MAITAKE,RAW",6.81,0,0,2.700000048,37,1.94,2.069999933,90.53,0.03,0.09,0.03,0.19,70.45,"1 cup, diced"
FIDDLEHEAD FERNS,"FIDDLEHEAD FERNS,RAW",5.54,0,0,0.0,34,4.55,0.0,88.68,0.0,0.0,0.0,0.4,0.0,
FIDDLEHEAD FERNS,"FIDDLEHEAD FERNS,FRZ,UNPREP",5.74,0,0,0.0,34,4.31,0.0,88.91,0.0,0.0,0.0,0.35,0.0,
BREADFRUIT SEEDS,"BREADFRUIT SEEDS,RAW",29.24,0,0,5.199999809,191,7.4,0.0,56.27,0.712,2.977,1.509,5.59,28.35,1 oz
BREADFRUIT SEEDS,"BREADFRUIT SEEDS,BOILED",32.0,0,0,4.800000191,168,5.3,0.0,59.3,0.293,1.225,0.621,2.3,28.35,1 oz
BREADNUTTREE SEEDS,"BREADNUTTREE SEEDS,RAW",46.28,0,0,0.0,217,5.97,0.0,45.0,0.126,0.527,0.267,0.99,28.35,"1 oz,  (8-14 seeds)"
BREADNUTTREE SEEDS,"BREADNUTTREE SEEDS,DRIED",79.39,0,0,14.89999962,367,8.62,0.0,6.5,0.214,0.896,0.454,1.68,160.0,1 cup
CHIA SEEDS,"CHIA SEEDS,DRIED",43.85,0,0,37.70000076,490,15.62,0.0,4.9,2.115,23.335,3.176,30.75,28.35,1 oz
COTTONSEED FLR,"COTTONSEED FLR,PART DEFATTED (GLANDLESS)",40.54,0,0,3.0,359,40.96,0.0,6.3,1.133,2.958,1.588,6.2,94.0,1 cup
COTTONSEED FLR,"COTTONSEED FLR,LOFAT (GLANDLESS)",36.1,0,0,0.0,332,49.83,0.0,6.9,0.221,0.577,0.31,1.41,28.35,1 oz
COTTONSEED MEAL,"COTTONSEED MEAL,PART DEFATTED (GLANDLESS)",38.43,0,0,0.0,367,49.1,0.0,1.2,0.861,2.248,1.207,4.77,28.35,1 oz
LOTUS SEEDS,"LOTUS SEEDS,DRIED",64.47,0,0,0.0,332,15.41,0.0,14.16,0.388,1.166,0.33,1.97,32.0,1 cup
PUMPKIN&SQUASH SD KRNLS,"PUMPKIN&SQUASH SD KRNLS,DRIED",17.81,0,63,3.900000095,541,24.54,1.0,6.92,14.258,20.904,8.674,45.85,138.0,1 cup
PUMPKIN&SQUASH SD KRNLS,"PUMPKIN&SQUASH SD KRNLS,RSTD,WO/SALT",13.43,0,63,3.900000095,522,32.97,1.0,7.1,13.1,19.206,7.97,42.13,227.0,1 cup
SAFFLOWER SD KRNLS,"SAFFLOWER SD KRNLS,DRIED",34.29,0,0,0.0,517,16.18,0.0,5.62,4.848,28.223,3.682,38.45,28.35,1 oz
SAFFLOWER SD MEAL,"SAFFLOWER SD MEAL,PART DEFATTED",48.73,0,0,0.0,342,35.62,0.0,6.41,0.272,1.584,0.207,2.39,28.35,1 oz
SESAME SEEDS,"SESAME SEEDS,WHOLE,DRIED",23.45,0,26,11.80000019,573,17.73,0.300000012,4.69,18.759,21.773,6.957,49.67,144.0,1 cup
SESAME SEEDS,"SESAME SEEDS,WHL,RSTD&TSTD",25.74,0,0,14.0,565,16.96,0.0,3.3,18.127,21.039,6.722,48.0,28.35,1 oz
SESAME SD KRNLS,"SESAME SD KRNLS,TSTD,WO/SALT (DECORT)",26.04,0,26,16.89999962,567,16.96,0.479999989,5.0,18.127,21.039,6.722,48.0,128.0,1 cup
SESAME FLR,"SESAME FLR,PART DEFATTED",35.14,0,0,0.0,382,40.32,0.0,6.61,4.405,5.113,1.634,11.89,28.35,1 oz
SESAME FLOUR,"SESAME FLOUR,LOW-FAT",35.51,0,0,0.0,333,50.14,0.0,7.1,0.543,0.63,0.201,1.75,28.35,1 oz
SESAME MEAL,"SESAME MEAL,PART DEFATTED",26.04,0,0,0.0,567,16.96,0.0,5.0,18.127,21.039,6.722,48.0,28.35,1 oz
SUNFLOWER SD KRNLS,"SUNFLOWER SD KRNLS,DRIED",20.0,0,55,8.600000381,584,20.78,2.619999886,4.73,18.528,23.137,4.455,51.46,46.0,"1 cup, with hulls edible yield"
SUNFLOWER SD KRNLS,"SUNFLOWER SD KRNLS,DRY RSTD,WO/SALT",24.07,0,55,11.10000038,582,19.33,2.730000019,1.2,9.505,32.884,5.219,49.8,128.0,"1 cup,  hulled"
SUNFLOWER SD KRNLS,"SUNFLOWER SD KRNLS,OIL RSTD,WO/SALT",22.89,0,55,10.60000038,592,20.06,3.109999895,1.54,8.063,34.294,7.068,51.3,135.0,1 cup
SUNFLOWER SD KRNLS,"SUNFLOWER SD KRNLS,TSTD,WO/SALT",20.59,0,0,11.5,619,17.21,0.0,1.0,10.841,37.507,5.953,56.8,134.0,1 cup
SUNFLOWER SD BUTTER,"SUNFLOWER SD BUTTER,WO/SALT",27.42,0,0,0.0,579,19.66,0.0,1.23,9.111,31.52,5.002,47.73,16.0,1 tbsp
SUNFLOWER SD FLR,"SUNFLOWER SD FLR,PART DEFATTED",35.83,0,0,5.199999809,326,48.06,0.0,7.47,0.252,0.87,0.138,1.61,64.0,1 cup
ACORNS,"ACORNS,RAW",40.75,0,0,0.0,387,6.15,0.0,27.9,15.109,4.596,3.102,23.86,28.35,1 oz
ACORNS,"ACORNS,DRIED",53.66,0,0,0.0,509,8.1,0.0,5.06,19.896,6.052,4.084,31.41,28.35,1 oz
ACORN FLOUR,"ACORN FLOUR,FULL FAT",54.65,0,0,0.0,501,7.49,0.0,6.0,19.11,5.813,3.923,30.17,28.35,1 oz
No Category,ALMONDS,21.67,0,52,12.19999981,575,21.22,3.890000105,4.7,30.889,12.07,3.731,49.42,95.0,"1 cup, ground"
ALMONDS,"ALMONDS,BLANCHED",19.94,0,52,10.39999962,581,21.94,4.960000038,4.47,32.287,12.054,3.89,50.62,145.0,"1 cup, whole kernels"
ALMONDS,"ALMONDS,DRY RSTD,WO/SALT",19.29,0,52,11.80000019,597,22.09,4.900000095,2.6,33.658,12.649,4.047,52.83,138.0,"1 cup, whole kernels"
ALMONDS,"ALMONDS,OIL RSTD,WO/SALT",17.68,0,52,10.5,607,21.23,4.550000191,2.8,34.793,13.519,4.208,55.17,157.0,"1 cup, whole kernels"
No Category,ALMOND PASTE,47.81,0,28,4.800000191,458,9.0,36.25,14.08,18.012,5.821,2.629,27.74,227.0,"1 cup,  firmly packed"
BEECHNUTS,"BEECHNUTS,DRIED",33.5,0,0,0.0,576,6.2,0.0,6.6,21.892,20.089,5.719,50.0,28.35,1 oz
BRAZILNUTS,"BRAZILNUTS,DRIED,UNBLANCHED",12.27,0,29,7.5,656,14.32,2.329999924,3.48,24.548,20.577,15.137,66.43,133.28,"1 cup, whole"
BUTTERNUTS,"BUTTERNUTS,DRIED",12.05,0,0,4.699999809,612,24.9,0.0,3.34,10.425,42.741,1.306,56.98,120.0,1 cup
CASHEW NUTS,"CASHEW NUTS,DRY RSTD,WO/SALT",32.69,0,61,3.0,574,15.31,5.010000229,1.7,27.317,7.836,9.157,46.35,137.0,"1 cup, halves and whole"
CASHEW NUTS,"CASHEW NUTS,OIL RSTD,WO/SALT",29.87,0,61,3.299999952,580,16.84,5.010000229,3.48,25.923,8.546,8.478,47.77,129.08,"1 cup, whole"
NUTS,"NUTS,CASHEW NUTS,RAW",30.19,0,0,3.299999952,553,18.22,5.909999847,5.2,23.797,7.845,7.783,43.85,28.35,1 oz
CASHEW BUTTER,"CASHEW BUTTER,PLN,WO/SALT",27.57,0,0,2.0,587,17.56,0.0,2.96,29.122,8.354,9.763,49.41,16.0,1 tbsp
CHESTNUTS,"CHESTNUTS,CHINESE,RAW",49.07,0,0,0.0,224,4.2,0.0,43.95,0.581,0.288,0.164,1.11,28.35,1 oz
CHESTNUTS,"CHESTNUTS,CHINESE,DRIED",79.76,0,0,0.0,363,6.82,0.0,8.9,0.945,0.468,0.266,1.81,28.35,1 oz
CHESTNUTS,"CHESTNUTS,CHINESE,BLD&STMD",33.64,0,0,0.0,153,2.88,0.0,61.57,0.399,0.197,0.112,0.76,28.35,1 oz
CHESTNUTS,"CHESTNUTS,CHINESE,ROASTED",52.36,0,0,0.0,239,4.48,0.0,40.2,0.62,0.307,0.175,1.19,28.35,1 oz
CHESTNUTS,"CHESTNUTS,EUROPEAN,RAW,UNPEELED",45.54,0,0,8.100000381,213,2.42,0.0,48.65,0.78,0.894,0.425,2.26,145.0,1 cup
CHESTNUTS,"CHESTNUTS,EUROPEAN,RAW,PEELED",44.17,0,0,0.0,196,1.63,0.0,52.0,0.43,0.493,0.235,1.25,28.35,1 oz
CHESTNUTS,"CHESTNUTS,EUROPEAN,DRIED,UNPEELED",77.31,0,0,11.69999981,374,6.39,0.0,9.45,1.535,1.758,0.837,4.45,28.35,1 oz
CHESTNUTS,"CHESTNUTS,EUROPEAN,DRIED,PEELED",78.43,0,0,0.0,369,5.01,0.0,9.0,1.349,1.546,0.736,3.91,28.35,1 oz
CHESTNUTS,"CHESTNUTS,EUROPEAN,BLD&STMD",27.76,0,0,0.0,131,2.0,0.0,68.15,0.476,0.545,0.26,1.38,28.35,1 oz
COCONUT MEAT,"COCONUT MEAT,RAW",15.23,0,12,9.0,354,3.33,6.230000019,46.99,1.425,0.366,29.698,33.49,80.0,"1 cup, shredded"
COCONUT MEAT,"COCONUT MEAT,DRIED (DESICCATED),NOT SWTND",23.65,0,22,16.29999924,660,6.88,7.349999905,3.0,2.745,0.706,57.218,64.53,28.35,1 oz
COCONUT MEAT,"COCONUT MEAT,DRIED (DESICCATED),SWTND,FLAKED,PACKAGED",51.85,0,19,9.899999619,456,3.13,36.75,15.46,1.377,0.222,26.396,27.99,84.71,1 cup
COCONUT MEAT,"COCONUT MEAT,DRIED (DESICCATED),SWTND,FLAKED,CND",40.91,0,0,4.5,443,3.35,0.0,23.27,1.348,0.347,28.101,31.69,77.0,1 cup
COCONUT MEAT,"COCONUT MEAT,DRIED (DESICCATED),TSTD",44.4,0,0,0.0,592,5.3,0.0,1.0,1.999,0.514,41.678,47.0,28.35,1 oz
COCONUT CRM,"COCONUT CRM,RAW (LIQ EXPRESSED FROM GRATED MEAT)",6.65,0,0,2.200000048,330,3.63,0.0,53.9,1.475,0.379,30.753,34.68,240.0,1 cup
NUTS,"NUTS,COCNT CRM,CND,SWTND",53.21,0,7,0.200000003,357,1.17,51.5,28.97,0.679,0.159,15.472,16.31,296.0,1 cup
COCONUT MILK,"COCONUT MILK,RAW (LIQ EXPRESSED FROM GRATED MEAT&H2O)",5.54,0,8,2.200000048,230,2.29,3.339999914,67.62,1.014,0.261,21.14,23.84,240.0,1 cup
COCONUT MILK,"COCONUT MILK,CND (LIQ EXPRESSED FROM GRATED MEAT&H2O)",2.81,0,8,0.0,197,2.02,0.0,72.88,0.907,0.233,18.915,21.33,226.0,1 cup
No Category,COCONUT H2O (LIQ FROM COCONUTS),3.71,0,1,1.100000024,19,0.72,2.609999895,94.99,0.008,0.002,0.176,0.2,240.0,1 cup
No Category,HAZELNUTS OR FILBERTS,16.7,0,46,9.699999809,628,14.95,4.340000153,5.31,45.652,7.92,4.464,60.75,115.0,"1 cup, chopped"
HAZELNUTS OR FILBERTS,"HAZELNUTS OR FILBERTS,BLANCHED",17.0,0,0,11.0,629,13.7,3.49000001,5.79,48.192,5.558,4.669,61.15,28.35,1 oz
HAZELNUTS OR FILBERTS,"HAZELNUTS OR FILBERTS,DRY RSTD,WO/SALT",17.6,0,0,9.399999619,646,15.03,4.889999866,2.52,46.608,8.463,4.511,62.4,28.35,1 oz
GINKGO NUTS,"GINKGO NUTS,RAW",37.6,0,0,0.0,182,4.32,0.0,55.2,0.619,0.618,0.319,1.68,28.35,1 oz
GINKGO NUTS,"GINKGO NUTS,DRIED",72.45,0,0,0.0,348,10.35,0.0,12.4,0.739,0.737,0.381,2.0,28.35,1 oz
GINKGO NUTS,"GINKGO NUTS,CANNED",22.1,0,0,9.300000191,111,2.29,0.0,72.95,0.599,0.597,0.309,1.62,155.0,"1 cup,  (78 kernels)"
HICKORYNUTS,"HICKORYNUTS,DRIED",18.25,0,0,6.400000095,657,12.72,0.0,2.65,32.611,21.886,7.038,64.37,120.0,1 cup
MACADAMIA NUTS,"MACADAMIA NUTS,RAW",13.82,0,0,8.600000381,718,7.91,4.570000172,1.36,58.877,1.502,12.061,75.77,134.0,"1 cup, whole or halves"
MACADAMIA NUTS,"MACADAMIA NUTS,DRY RSTD,WO/SALT",13.38,0,45,8.0,718,7.79,4.139999866,1.61,59.275,1.498,11.947,76.08,131.6,"1 cup, whole or halves"
MIXED NUTS,"MIXED NUTS,DRY RSTD,W/PNUTS,WO/SALT",25.35,0,0,9.0,594,17.3,0.0,1.75,31.395,10.768,6.899,51.45,137.0,1 cup
MIXED NUTS,"MIXED NUTS,OIL RSTD,W/PNUTS,WO/SALT",21.41,0,0,9.899999619,617,16.76,0.0,2.03,31.695,13.299,8.725,56.33,142.0,1 cup
MIXED NUTS,"MIXED NUTS,OIL RSTD,WO/PNUTS,WO/SALT",22.27,0,0,5.5,615,15.52,0.0,3.15,33.137,11.449,9.087,56.17,144.0,1 cup
FORMULATED,"FORMULATED,WHEAT-BASED,UNFLAVORED,W/SALT",23.68,0,0,5.199999809,622,13.82,0.0,2.5,23.545,22.714,8.701,57.7,28.35,1 oz
No Category,PECANS,13.86,0,40,9.600000381,691,9.17,3.970000029,3.52,40.801,21.614,6.18,71.97,109.45,"1 cup, chopped"
PECANS,"PECANS,DRY RSTD,WO/SALT",13.55,0,0,9.399999619,710,9.5,4.059999943,1.12,43.957,20.572,6.283,74.27,28.35,1 oz
PECANS,"PECANS,OIL RSTD,WO/SALT",13.01,0,0,9.5,715,9.2,3.970000029,1.13,40.97,23.584,7.238,75.23,110.0,1 cup
PILINUTS-CANARYTREE,"PILINUTS-CANARYTREE,DRIED",3.98,0,0,0.0,719,10.8,0.0,2.77,37.229,7.605,31.184,79.55,120.0,1 cup
NUTS,"NUTS,PINE NUTS,DRIED",13.08,0,56,3.700000048,673,13.69,3.589999914,2.28,18.764,34.071,4.899,68.37,135.08,1 cup
PINE NUTS,"PINE NUTS,PINYON,DRIED",19.3,0,0,10.69999981,629,11.57,0.0,5.9,22.942,25.668,9.377,60.98,28.35,1 oz
PISTACHIO NUTS,"PISTACHIO NUTS,RAW",27.97,0,0,10.30000019,557,20.61,7.639999866,3.97,23.319,13.455,5.44,44.44,122.53,1 cup
PISTACHIO NUTS,"PISTACHIO NUTS,DRY RSTD,WO/SALT",27.65,0,71,10.30000019,571,21.35,7.809999943,1.99,24.216,13.899,5.555,45.97,122.53,1 cup
WALNUTS,"WALNUTS,BLACK,DRIED",9.91,0,32,6.800000191,618,24.06,1.100000024,4.56,15.004,35.077,3.368,59.0,125.0,"1 cup, chopped"
WALNUTS,"WALNUTS,ENGLISH",13.71,0,39,6.699999809,654,15.23,2.609999895,4.07,8.933,47.174,6.126,65.21,117.09,"1 cup, chopped"
BREADFRUIT SEEDS,"BREADFRUIT SEEDS,ROASTED",40.1,0,0,6.0,207,6.2,0.0,49.7,0.344,1.438,0.729,2.7,28.35,1 oz
COTTONSEED KRNLS,"COTTONSEED KRNLS,RSTD (GLANDLESS)",21.9,0,0,5.5,506,32.59,0.0,4.65,6.919,18.068,9.699,36.29,149.0,1 cup
PUMPKIN&SQUASH SEEDS,"PUMPKIN&SQUASH SEEDS,WHL,RSTD,WO/SALT",53.75,0,0,0.0,446,18.55,0.0,4.5,6.032,8.844,3.67,19.4,64.0,1 cup
SESAME BUTTER,"SESAME BUTTER,TAHINI,FROM RSTD&TSTD KRNLS (MOST COMMON TYPE)",21.19,0,26,9.300000191,595,17.0,0.49000001,3.05,20.302,23.564,7.529,53.76,15.0,1 tbsp
CHESTNUTS,"CHESTNUTS,EUROPEAN,RSTD",52.96,0,2,5.099999905,245,3.17,10.60000038,40.48,0.759,0.869,0.414,2.2,143.0,1 cup
SESAME BUTTER,"SESAME BUTTER,PASTE",24.05,0,0,5.5,586,18.08,0.0,1.6,19.209,22.296,7.124,50.87,16.0,1 tbsp
SESAME FLOUR,"SESAME FLOUR,HIGH-FAT",26.62,0,0,0.0,526,30.78,0.0,0.9,14.01,16.261,5.196,37.1,28.35,1 oz
SESAME BUTTER,"SESAME BUTTER,TAHINI,FROM UNROASTED KRNLS",17.89,0,0,9.300000191,607,17.95,0.0,3.0,21.313,24.737,7.904,56.44,14.0,1 tbsp
WATERMELON SD KRNLS,"WATERMELON SD KRNLS,DRIED",15.31,0,0,0.0,557,28.33,0.0,5.05,7.407,28.094,9.779,47.37,108.0,1 cup
CHESTNUTS,"CHESTNUTS,JAPANESE,DRIED",81.43,0,0,0.0,360,5.25,0.0,9.96,0.65,0.322,0.183,1.24,155.0,1 cup
COCONUT MILK,"COCONUT MILK,FRZ (LIQ EXPRESSED FROM GRATED MEAT&H2O)",5.58,0,0,0.0,202,1.61,0.0,71.42,0.885,0.228,18.445,20.8,240.0,1 cup
COCONUT MEAT,"COCONUT MEAT,DRIED (DESICCATED),CRMD",21.52,0,0,0.0,684,5.3,0.0,1.67,2.939,0.756,61.257,69.08,28.35,1 oz
COCONUT MEAT,"COCONUT MEAT,DRIED (DESICCATED),SWTND,SHREDDED",47.67,0,19,4.5,501,2.88,43.16999817,12.55,1.51,0.388,31.468,35.49,93.0,"1 cup, shredded"
SISYMBRIUM SP. SEEDS,"SISYMBRIUM SP. SEEDS,WHL,DRIED",58.26,0,0,0.0,318,12.14,0.0,6.1,1.486,2.023,0.902,4.6,74.0,1 cup
ALMOND BUTTER,"ALMOND BUTTER,PLN,WO/SALT",21.22,0,0,3.700000048,633,15.08,0.0,1.0,38.374,12.402,5.602,59.1,250.0,1 cup
SESAME BUTTER,"SESAME BUTTER,TAHINI,FROM RAW&STONE GROUND KRNLS",26.19,0,0,9.300000191,570,17.81,0.0,3.0,18.127,21.039,6.722,48.0,15.0,1 tbsp
FORMULATED,"FORMULATED,WHEAT-BASED,FLAV,MACADAMIA FLAV,WO/SALT",27.91,0,0,5.199999809,619,11.19,0.0,3.1,23.521,21.867,8.482,56.5,28.35,1 oz
FORMULATED,"FORMULATED,WHEAT-BASED,ALL FLAVORS XCPT MACADAMIA,WO/SALT",20.79,0,0,5.199999809,647,13.11,0.0,2.0,25.722,24.284,9.37,62.3,28.35,1 oz
SESAME SD KRNLS,"SESAME SD KRNLS,DRIED (DECORT)",11.73,0,26,11.60000038,631,20.45,0.479999989,3.75,23.924,25.491,9.055,61.21,150.0,1 cup
CHESTNUTS,"CHESTNUTS,JAPANESE,RAW",34.91,0,0,0.0,154,2.25,0.0,61.41,0.278,0.138,0.078,0.53,28.35,1 oz
CHESTNUTS,"CHESTNUTS,JAPANESE,BLD&STMD",12.64,0,0,0.0,56,0.82,0.0,86.03,0.101,0.05,0.028,0.19,28.35,1 oz
CHESTNUTS,"CHESTNUTS,JAPANESE,RSTD",45.13,0,0,0.0,201,2.97,0.0,49.9,0.419,0.207,0.118,0.8,28.35,1 oz
LOTUS SEEDS,"LOTUS SEEDS,RAW",17.28,0,0,0.0,89,4.13,0.0,77.0,0.104,0.312,0.088,0.53,28.35,1 oz
ALMONDS,"ALMONDS,HONEY RSTD,UNBLANCHED",27.9,0,0,13.69999981,594,18.17,0.0,1.7,32.402,10.472,4.73,49.9,144.0,"1 cup, whole kernels"
SEEDS,"SEEDS,FLAXSEED",28.88,0,79,27.29999924,534,18.29,1.549999952,6.96,7.527,28.73,3.663,42.16,167.71,"1 cup, whole"
PUMPKIN&SQUASH SD KRNLS,"PUMPKIN&SQUASH SD KRNLS,RSTD,W/SALT",13.43,0,63,3.900000095,522,32.97,2.299999952,7.1,13.1,19.206,7.97,42.13,227.0,1 cup
SESAME SD KRNLS,"SESAME SD KRNLS,TSTD,W/SALT (DECORT)",26.04,0,26,16.89999962,567,16.96,0.479999989,5.0,18.127,21.039,6.722,48.0,128.0,1 cup
SUNFLOWER SD KRNLS,"SUNFLOWER SD KRNLS,DRY RSTD,W/SALT",24.07,0,55,9.0,582,19.33,2.730000019,1.2,9.505,32.884,5.219,49.8,128.0,1 cup
SUNFLOWER SD KRNLS,"SUNFLOWER SD KRNLS,OIL RSTD,W/SALT",22.89,0,55,10.60000038,592,20.06,3.109999895,1.54,8.063,34.294,7.068,51.3,135.0,1 cup
SUNFLOWER SD KRNLS,"SUNFLOWER SD KRNLS,TSTD,W/SALT",20.59,0,0,11.5,619,17.21,0.0,1.0,10.841,37.507,5.953,56.8,134.0,1 cup
SUNFLOWER SD BUTTER,"SUNFLOWER SD BUTTER,W/SALT",27.42,0,0,0.0,579,19.66,0.0,1.23,9.111,31.52,5.002,47.73,16.0,1 tbsp
ALMONDS,"ALMONDS,DRY RSTD,W/SALT",19.29,0,52,11.80000019,597,22.09,4.900000095,2.6,33.658,12.649,4.047,52.83,138.0,"1 cup, whole kernels"
ALMONDS,"ALMONDS,OIL RSTD,W/SALT",17.68,0,52,10.5,607,21.23,4.550000191,2.8,34.793,13.519,4.208,55.17,157.0,"1 cup, whole kernels"
CASHEW NUTS,"CASHEW NUTS,DRY RSTD,W/SALT",32.69,0,61,3.0,574,15.31,5.010000229,1.7,27.317,7.836,9.157,46.35,137.0,"1 cup, halves and whole"
CASHEW NUTS,"CASHEW NUTS,OIL RSTD,W/SALT",30.16,0,61,3.299999952,581,16.84,5.010000229,2.34,25.923,8.546,8.478,47.77,129.08,"1 cup, whole"
CASHEW BUTTER,"CASHEW BUTTER,PLN,W/SALT",27.57,0,61,2.0,587,17.56,5.010000229,2.96,29.122,8.354,9.763,49.41,16.0,1 tbsp
MACADAMIA NUTS,"MACADAMIA NUTS,DRY RSTD,W/SALT",12.83,0,45,8.0,716,7.79,4.139999866,1.61,59.275,1.498,11.947,76.08,131.6,"1 cup, whole or halves"
MIXED NUTS,"MIXED NUTS,DRY RSTD,W/PNUTS,W/SALT",25.35,0,54,9.0,594,17.3,4.639999866,1.75,31.395,10.768,6.899,51.45,137.0,1 cup
NUTS,"NUTS,MXD NUTS,W/ PNUTS,OIL RSTD,W/ SALT ADDED",21.41,0,53,9.0,617,16.76,4.28000021,2.03,31.695,13.299,8.725,56.33,142.0,1 cup
MIXED NUTS,"MIXED NUTS,WO/PNUTS,OIL RSTD,W/SALT",22.27,0,51,5.5,615,15.52,4.380000114,3.15,33.137,11.449,9.087,56.17,144.0,1 cup
PECANS,"PECANS,DRY RSTD,W/SALT",13.55,0,0,9.399999619,710,9.5,4.059999943,1.12,43.957,20.572,6.283,74.27,28.35,1 oz
PECANS,"PECANS,OIL RSTD,W/SALT",13.01,0,0,9.5,715,9.2,3.970000029,1.13,40.97,23.584,7.238,75.23,110.0,1 cup
PISTACHIO NUTS,"PISTACHIO NUTS,DRY RSTD,W/SALT",26.78,0,71,10.30000019,568,21.35,7.809999943,2.03,24.216,13.899,5.555,45.97,122.53,1 cup
PUMPKIN&SQUASH SEEDS,"PUMPKIN&SQUASH SEEDS,WHL,RSTD,W/SALT",53.75,0,39,0.0,446,18.55,0.0,4.5,6.032,8.844,3.67,19.4,64.0,1 cup
ALMOND BUTTER,"ALMOND BUTTER,PLN,W/SALT",21.22,0,52,3.700000048,633,15.08,4.900000095,1.0,38.374,12.402,5.602,59.1,250.0,1 cup
SESAME BUTTER,"SESAME BUTTER,TAHINI,KRNLS UNSPEC",21.5,0,0,4.699999809,592,17.4,0.0,3.0,20.016,23.232,7.423,53.01,15.0,1 tbsp
BEEF,"BEEF,GRASS-FED,STRIP STEAKS,LN,RAW",0.0,55,65,0.0,117,23.07,0.0,73.42,0.995,0.108,1.032,2.69,214.16,1 steak
BEEF,"BEEF,CARCASS,LN&FAT,CHOIC,RAW",0.0,74,0,0.0,291,17.32,0.0,57.26,10.47,0.92,9.75,24.05,28.35,1 oz
BEEF,"BEEF,CARCASS,LN&FAT,SEL,RAW",0.0,74,0,0.0,278,17.48,0.0,58.21,9.82,0.86,9.16,22.55,28.35,1 oz
BEEF,"BEEF,RTL CUTS,FAT,RAW",0.0,99,0,0.0,674,8.21,0.0,20.21,30.94,2.56,29.45,70.89,28.35,1 oz
BEEF,"BEEF,RTL CUTS,FAT,CKD",0.0,95,56,0.0,680,10.65,0.0,18.58,30.45,2.66,28.5,70.33,28.35,1 oz
BEEF,"BEEF,BRISKET,WHL,LN,ALL GRDS,RAW",0.0,62,86,0.0,155,20.72,0.0,70.29,3.46,0.23,2.59,7.37,28.35,1 oz
BEEF,"BEEF,GRASS-FED,GROUND,RAW",0.0,62,67,0.0,192,19.42,0.0,67.13,4.8,0.532,5.335,12.73,0.0,
BEEF,"BEEF,BRISKET,FLAT HALF,LN & FAT,1/8"" FAT,SEL,CKD,BRSD",0.0,71,110,0.0,280,28.97,0.0,53.39,7.481,0.642,6.888,17.37,0.0,
BEEF,"BEEF,FLANK,LN&FAT,0""FAT,CHOIC,RAW",0.0,41,89,0.0,165,21.22,0.0,69.46,3.38,0.32,3.443,8.29,28.35,1 oz
BEEF,"BEEF,FLANK,LN&FAT,0""FAT,CHOIC,CKD,BRLD",0.0,51,105,0.0,202,27.55,0.0,63.33,3.751,0.364,3.84,9.31,386.63,"1 steak,  (yield from 483 g raw meat)"
BEEF,"BEEF,FLANK,LN,0"" FAT,CHOIC,RAW",0.0,42,91,0.0,149,21.72,0.0,68.72,2.477,0.245,2.612,6.29,28.35,1 oz
BEEF,"BEEF,FLANK,LN,0"" FAT,CHOIC,CKD,BRSD",0.0,71,107,0.0,237,28.02,0.0,57.27,5.44,0.39,5.54,13.0,246.0,"1 piece, cooked, excluding refuse (yield from 1 lb raw meat with refuse)"
BEEF,"BEEF,FLANK,LN,0""FAT,CHOIC,CKD,BRLD",0.0,55,106,0.0,194,27.82,0.0,64.06,3.279,0.329,3.452,8.32,386.63,1 steak
BEEF,"BEEF,RIB,EYE,SML END (RIBS 10-12),LN&FAT,0""FAT,CHOIC,RAW",0.0,68,0,0.0,274,17.51,0.0,58.03,9.58,0.77,9.0,22.07,28.35,1 oz
BF,"BF,RIB,EYE,SML END (RIB 10-12),LN & FT,0"" FAT,CHOIC,CKD,BRLD",0.0,126,0,0.0,265,26.58,0.0,55.87,6.863,0.622,6.506,16.76,235.97,"1 steak,  (yield from 297 g raw meat)"
BEEF,"BEEF,RIB,EYE,SML END (RIBS 10-12),LN,0""FAT,CHOIC,RAW",0.0,59,0,0.0,161,20.13,0.0,68.7,3.56,0.27,3.23,8.3,28.35,1 oz
BEEF,"BEEF,RIB,EYE,SML END (RIBS 10-12),LN,0""FAT,CHOIC,CKD,BRLD",0.0,91,0,0.0,205,28.88,0.0,61.3,3.595,0.332,3.43,9.01,235.97,"1 steak,  (yield from 297g raw meat)"
BEEF,"BEEF,RIB,SHORTRIBS,LN&FAT,CHOIC,RAW",0.0,76,0,0.0,388,14.4,0.0,48.29,16.39,1.32,15.76,36.23,28.35,1 oz
BEEF,"BEEF,RIB,SHORTRIBS,LN&FAT,CHOIC,CKD,BRSD",0.0,94,82,0.0,471,21.57,0.0,35.72,18.88,1.53,17.8,41.98,225.0,"1 piece, cooked, excluding refuse (yield from 1 lb raw meat with refuse)"
BEEF,"BEEF,RIB,SHORTRIBS,LN ONLY,CHOIC,RAW",0.0,59,0,0.0,173,19.05,0.0,69.38,4.38,0.38,4.33,10.19,28.35,1 oz
BEEF,"BEEF,RIB,SHORTRIBS,LN,CHOIC,CKD,BRSD",0.0,93,117,0.0,295,30.76,0.0,50.15,7.98,0.55,7.74,18.13,121.0,"1 piece, cooked, excluding refuse (yield from 1 lb raw meat with refuse)"
BEEF,"BEEF,BRISKET,FLAT HALF,LN & FAT,0"" FAT,CHOIC,CKD,BRSD",0.0,46,123,0.0,221,32.21,0.0,58.42,3.975,0.341,3.638,9.24,0.0,
USDA CMDTY,"USDA CMDTY,BF,CND",0.0,77,64,0.0,246,20.52,0.0,61.19,7.89,0.865,8.59,17.57,44.6,1 serving
BEEF,"BEEF,GROUND,PATTIES,FRZ,CKD,BRLD",0.0,84,75,0.0,295,23.05,0.0,53.91,9.358,0.636,8.805,21.83,313.0,"1 unit, cooked (yield from 1 lb raw meat)"
BEEF,"BEEF,VAR MEATS&BY-PRODUCTS,BRAIN,RAW",1.05,3010,0,0.0,143,10.86,0.0,76.29,1.89,1.586,2.3,10.3,28.35,1 oz
BEEF,"BEEF,VAR MEATS&BY-PRODUCTS,BRAIN,CKD,PAN-FRIED",0.0,1995,0,0.0,196,12.57,0.0,70.75,3.98,2.31,3.74,15.83,351.0,"1 piece, cooked, excluding refuse (yield from 1 lb raw meat with refuse)"
BEEF,"BEEF,VAR MEATS&BY-PRODUCTS,BRAIN,CKD,SIMMRD",1.48,3100,491,0.0,151,11.67,0.0,74.86,1.882,1.632,2.394,10.53,391.0,"1 piece, cooked, excluding refuse"
BEEF,"BEEF,VAR MEATS&BY-PRODUCTS,HEART,RAW",0.14,124,0,0.0,112,17.72,0.0,77.11,1.137,0.546,1.383,3.94,28.35,1 oz
BEEF,"BEEF,VAR MEATS&BY-PRODUCTS,HEART,CKD,SIMMRD",0.15,212,229,0.0,165,28.48,0.0,65.67,1.011,0.985,1.404,4.73,85.0,3 oz
BEEF,"BEEF,VAR MEATS&BY-PRODUCTS,KIDNEYS,RAW",0.29,411,0,0.0,103,17.4,0.0,77.89,0.586,0.545,0.868,3.09,28.35,1 oz
BEEF,"BEEF,VAR MEATS&BY-PRODUCTS,KIDNEYS,CKD,SIMMRD",0.0,716,513,0.0,158,27.27,0.0,66.88,0.711,0.827,1.066,4.65,85.0,3 oz
BEEF,"BEEF,VAR MEATS&BY-PRODUCTS,LIVER,RAW",3.89,275,333,0.0,135,20.36,0.0,70.81,0.479,0.481,1.233,3.63,0.0,
BEEF,"BEEF,VAR MEATS & BY-PRODUCTS,LIVER,CKD,BRSD",5.13,396,426,0.0,191,29.08,0.0,58.81,0.647,0.639,1.696,5.26,67.94,1 slice
BEEF,"BEEF, VAR MEATS&BY-PRODUCTS, LIVER, CKD, PAN-FRIED",5.16,381,418,0.0,175,26.52,0.0,62.01,0.653,0.602,1.493,4.68,81.5,1 slice
BEEF,"BEEF,VAR MEATS&BY-PRODUCTS,LUNGS,RAW",0.0,242,0,0.0,92,16.2,0.0,79.38,0.64,0.34,0.86,2.5,28.35,1 oz
BEEF,"BEEF,VAR MEATS&BY-PRODUCTS,LUNGS,CKD,BRSD",0.0,277,0,0.0,120,20.4,0.0,76.4,0.95,0.51,1.27,3.7,303.0,"1 piece, cooked, excluding refuse (yield from 1 lb raw meat with refuse)"
BEEF,"BEEF,VAR MEATS&BY-PRODUCTS,MECHANICALLY SEPARATED BF,RAW",0.0,209,0,0.0,276,14.97,0.0,59.39,8.44,0.76,11.78,23.52,28.35,1 oz
BEEF,"BEEF,VAR MEATS&BY-PRODUCTS,PANCREAS,RAW",0.0,205,0,0.0,235,15.7,0.0,65.2,6.44,3.47,6.41,18.6,28.35,1 oz
BEEF,"BEEF,VAR MEATS&BY-PRODUCTS,PANCREAS,CKD,BRSD",0.0,262,0,0.0,271,27.1,0.0,55.6,5.93,3.2,5.9,17.2,222.0,"1 piece, cooked, excluding refuse (yield from 1 lb raw meat with refuse)"
BEEF,"BEEF,VAR MEATS&BY-PRODUCTS,SPLEEN,RAW",0.0,263,0,0.0,105,18.3,0.0,77.2,0.78,0.22,1.0,3.0,28.35,1 oz
BEEF,"BEEF,VAR MEATS&BY-PRODUCTS,SPLEEN,CKD,BRSD",0.0,347,0,0.0,145,25.1,0.0,69.98,1.12,0.31,1.39,4.2,308.0,"1 piece, cooked, excluding refuse (yield from 1 lb raw meat with refuse)"
BEEF,"BEEF,VAR MEATS & BY-PRODUCTS,SUET,RAW",0.0,68,6,0.0,854,1.5,0.0,4.0,31.52,3.17,52.3,94.0,28.35,1 oz
BEEF,"BEEF,VAR MEATS&BY-PRODUCTS,THYMUS,RAW",0.0,223,0,0.0,236,12.18,0.0,67.8,7.05,3.8,7.01,20.35,28.35,1 oz
BEEF,"BEEF,VAR MEATS&BY-PRODUCTS,THYMUS,CKD,BRSD",0.0,294,0,0.0,319,21.85,0.0,52.83,8.64,4.66,8.61,24.98,381.0,"1 piece, cooked, excluding refuse (yield from 1 lb raw meat with refuse)"
BEEF,"BEEF,VAR MEATS&BY-PRODUCTS,TONGUE,RAW",3.68,87,0,0.0,224,14.9,0.0,64.53,7.24,0.9,7.0,16.09,28.35,1 oz
BEEF,"BEEF,VAR MEATS&BY-PRODUCTS,TONGUE,CKD,SIMMRD",0.0,132,155,0.0,284,19.29,0.0,57.87,10.102,0.746,8.125,22.3,85.0,3 oz
BEEF,"BEEF,VAR MEATS&BY-PRODUCTS,TRIPE,RAW",0.0,122,195,0.0,85,12.07,0.0,84.16,1.533,0.18,1.291,3.69,28.35,1 oz
BEEF,"BEEF,SNDWCH STEAKS,FLAKED,CHOPD,FORMED & THINLY SLICED,RAW",0.0,71,69,0.0,309,16.5,0.0,56.0,11.038,0.488,11.538,27.0,396.0,1 package
BEEF,"BEEF,BRISKET,FLAT HALF,LN,0"" FAT,CHOIC,CKD,BRSD",0.0,80,124,0.0,212,32.62,0.0,59.18,3.436,0.282,3.053,8.07,0.0,
BEEF,"BEEF,CURED,BRKFST STRIPS,RAW OR UNHTD",0.7,82,0,0.0,406,12.5,0.0,45.2,18.68,2.19,15.95,38.8,68.0,3 slices
BEEF,"BEEF,CURED,BRKFST STRIPS,CKD",1.4,119,119,0.0,449,31.3,0.0,26.2,16.85,1.58,14.35,34.4,34.0,3 slices
BEEF,"BEEF,CURED,CORNED BF,BRISKET,RAW",0.14,54,0,0.0,198,14.68,0.0,66.56,7.18,0.53,4.73,14.9,28.35,1 oz
BEEF,"BEEF,CURED,CORNED BF,BRISKET,CKD",0.47,98,69,0.0,251,18.17,0.0,59.79,9.22,0.67,6.34,18.98,320.0,"1 piece, cooked, excluding refuse (yield from 1 lb raw meat with refuse)"
BEEF,"BEEF,CURED,CORNED BF,CND",0.0,86,89,0.0,250,27.1,0.0,57.72,5.96,0.63,6.18,14.93,28.35,1 oz
BEEF,"BEEF,CURED,DRIED",2.76,79,0,0.0,153,31.1,2.700000048,53.8,0.84,0.07,0.95,1.94,28.0,10 slices
BEEF,"BEEF,CURED,LUNCHEON MEAT,JELLIED",0.0,34,0,0.0,111,19.0,0.0,74.6,1.45,0.17,1.41,3.3,28.35,"1 slice,  (1 oz) (4"" x 4"" x 3/32"" thick)"
BEEF,"BEEF,CURED,PASTRAMI",0.0,68,82,0.0,146,21.8,0.100000001,69.53,2.118,0.145,2.681,5.82,71.0,"1 package, 2.5 oz"
BEEF,"BEEF,CURED,SAUSAGE,CKD,SMOKED",2.42,67,0,0.0,312,14.11,0.0,53.56,12.97,1.05,11.44,26.91,43.0,1 sausage
BEEF,"BEEF,CURED,SMOKED,CHOPD BF",1.86,46,0,0.0,133,20.19,0.0,68.93,1.83,0.23,1.81,4.42,28.35,"1 slice,  (1 oz)"
BEEF,"BEEF,CURED,THIN-SLICED BF",5.71,41,83,0.0,176,28.11,0.0,58.1,1.68,0.2,1.65,3.84,28.35,1 oz
BEEF,"BEEF,COMP OF RTL CUTS,LN&FAT,0""FAT,ALL GRDS,CKD",0.0,87,104,0.0,273,27.33,0.0,53.93,7.41,0.63,6.85,17.37,279.0,"1 piece, cooked, excluding refuse (yield from 1 lb raw meat with refuse)"
BEEF,"BEEF,COMP OF RTL CUTS,LN&FAT,0""FAT,CHOIC,CKD",0.0,87,0,0.0,283,27.21,0.0,53.22,7.91,0.67,7.31,18.54,279.0,"1 piece, cooked, excluding refuse (yield from 1 lb raw meat with refuse)"
BEEF,"BEEF,COMP OF RTL CUTS,LN&FAT,0""FAT,SEL,CKD",0.0,86,0,0.0,261,27.47,0.0,54.84,6.78,0.57,6.27,15.92,279.0,"1 piece, cooked, excluding refuse (yield from 1 lb raw meat with refuse)"
BEEF,"BEEF,COMP OF RTL CUTS,LN,0"" FAT,ALL GRDS,CKD",0.0,86,114,0.0,211,29.88,0.0,59.33,3.9,0.32,3.54,9.28,242.0,"1 piece, cooked, excluding refuse (yield from 1 lb raw meat with refuse)"
BEEF,"BEEF,COMP OF RTL CUTS,LN,0""FAT,CHOIC,CKD",0.0,86,0,0.0,219,29.88,0.0,58.83,4.26,0.35,3.87,10.15,240.0,"1 piece, cooked, excluding refuse (yield from 1 lb raw meat with refuse)"
BEEF,"BEEF,COMP OF RTL CUTS,LN,0""FAT,SEL,CKD",0.0,86,0,0.0,201,29.89,0.0,60.05,3.4,0.28,3.09,8.09,244.0,"1 piece, cooked, excluding refuse (yield from 1 lb raw meat with refuse)"
BEEF,"BEEF,BRISKET,WHL,LN&FAT,0""FAT,ALL GRDS,CKD,BRSD",0.0,93,102,0.0,291,26.79,0.0,51.54,8.68,0.67,7.53,19.52,314.0,"1 piece, cooked, excluding refuse (yield from 1 lb raw meat with refuse)"
BEEF,"BEEF,BRISKET,WHL,LN,0""FAT,ALL GRDS,CKD,BRSD",0.0,93,113,0.0,218,29.75,0.0,57.71,4.65,0.3,3.63,10.08,264.0,"1 piece, cooked, excluding refuse (yield from 1 lb raw meat with refuse)"
BEEF,"BEEF,BRISKET,FLAT HALF,LN&FAT,0""FAT,ALL GRDS,CKD,BRSD",0.0,40,125,0.0,213,32.9,0.0,58.9,3.444,0.296,3.152,8.01,269.83,"1 steak,  (Yield from 418 g raw meat)"
BEEF,"BEEF,BRISKET,FLAT HALF,LN,0""FAT,ALL GRDS,CKD,BRSD",0.0,69,127,0.0,205,33.26,0.0,59.55,2.978,0.244,2.647,6.99,269.83,"1 steak,  (yield from 418g raw meat)"
BEEF,"BEEF,BRISKET,POINT HALF,LN&FAT,0""FAT,ALL GRDS,CKD,BRSD",0.0,92,90,0.0,358,23.53,0.0,46.05,12.7,0.96,11.24,28.5,314.0,"1 piece, cooked, excluding refuse (yield from 1 lb raw meat with refuse)"
BEEF,"BEEF,BRISKET,POINT HALF,LN,0""FAT,ALL GRDS,CKD,BRSD",0.0,91,107,0.0,244,28.05,0.0,55.7,6.46,0.36,5.18,13.8,232.0,"1 piece, cooked, excluding refuse (yield from 1 lb raw meat with refuse)"
BEEF,"BEEF,CHUCK,ARM POT RST,LN&FAT,0""FAT,ALL GRDS,CKD,BRSD",0.0,95,110,0.0,297,28.94,0.0,51.9,8.175,0.708,7.548,19.17,1165.72,"1 roast,  (yield from 1601 g raw meat)"
BEEF,"BEEF,CHUCK,ARM POT RST,LN & FAT,0"" FAT,SEL,CKD,BRSD",0.0,87,111,0.0,283,29.23,0.0,53.44,7.551,0.649,6.911,17.56,1235.95,"1 roast,  (yield from 1675 g raw meat)"
BEEF,"BEEF,CHUCK,ARM POT RST,LN,0""FAT,CHOIC,CKD,BRSD",0.0,76,127,0.0,212,33.36,0.0,58.83,3.267,0.268,2.903,7.67,1095.48,"1 roast,  (yield from 1528g raw meat)"
BEEF,"BEEF,CHUCK,ARM POT RST,LN,0""FAT,SEL,CKD,BRSD",0.0,57,127,0.0,195,33.37,0.0,61.2,2.469,0.202,2.194,5.8,1235.95,"1 roast,  (yield from 1675 g raw meat)"
BEEF,"BEEF,CHUCK,BLADE RST,LN&FAT,0""FAT,CHOIC,CKD,BRSD",0.0,104,103,0.0,348,26.98,0.0,46.92,11.16,0.92,10.26,25.83,238.0,"1 piece, cooked, excluding refuse (yield from 1 lb raw meat with refuse)"
BEEF,"BEEF,CHUCK,BLADE RST,LN&FAT,0""FAT,SEL,CKD,BRSD",0.0,104,0,0.0,313,27.59,0.0,49.39,9.36,0.77,8.61,21.67,235.0,"1 piece, cooked, excluding refuse (yield from 1 lb raw meat with refuse)"
BEEF,"BEEF,CHUCK,BLADE RST,LN,0""FAT,ALL GRDS,CKD,BRSD",0.0,106,118,0.0,253,31.06,0.0,54.8,5.73,0.44,5.16,13.3,191.0,"1 piece, cooked, excluding refuse (yield from 1 lb raw meat with refuse)"
BEEF,"BEEF,CHUCK,BLADE RST,LN,0""FAT,CHOIC,CKD,BRSD",0.0,106,118,0.0,265,31.06,0.0,54.0,6.34,0.48,5.7,14.7,191.0,"1 piece, cooked, excluding refuse (yield from 1 lb raw meat with refuse)"
BEEF,"BEEF,CHUCK,BLADE RST,LN,0""FAT,SEL,CKD,BRSD",0.0,106,0,0.0,238,31.06,0.0,55.7,5.04,0.38,4.54,11.7,194.0,"1 piece, cooked, excluding refuse (yield from 1 lb raw meat with refuse)"
BEEF,"BEEF,RIB,LRG END (RIBS 6-9),LN&FAT,0""FAT,CHOIC,CKD,RSTD",0.0,85,0,0.0,372,22.8,0.0,46.1,13.04,1.05,12.29,30.49,290.0,"1 piece, cooked, excluding refuse (yield from 1 lb raw meat with refuse)"
BEEF,"BEEF,RIB,LRG END (RIBS 6-9),LN&FAT,0""FAT,SEL,CKD,RSTD",0.0,84,0,0.0,331,23.48,0.0,49.53,10.93,0.89,10.3,25.54,286.0,"1 piece, cooked, excluding refuse (yield from 1 lb raw meat with refuse)"
BEEF,"BEEF,RIB,LRG END (RIBS 6-9),LN,0""FAT,ALL GRDS,CKD,RSTD",0.0,81,105,0.0,238,27.53,0.0,57.9,5.6,0.38,5.35,13.4,214.0,"1 piece, cooked, excluding refuse (yield from 1 lb raw meat with refuse)"
BEEF,"BEEF,RIB,LRG END (RIBS 6-9),LN,0""FAT,CHOIC,CKD,RSTD",0.0,81,0,0.0,253,27.53,0.0,56.8,6.27,0.43,5.99,15.0,207.0,"1 piece, cooked, excluding refuse (yield from 1 lb raw meat with refuse)"
BEEF,"BEEF,RIB,LRG END (RIBS 6-9),LN,0""FAT,SEL,CKD,RSTD",0.0,81,0,0.0,220,27.53,0.0,59.3,4.77,0.33,4.55,11.4,217.0,"1 piece, cooked, excluding refuse (yield from 1 lb raw meat with refuse)"
BEEF,"BEEF,RIB,SML END (RIBS 10-12),LN&FAT,0""FAT,ALL GRDS,CKD,BRLD",0.0,111,0,0.0,249,27.27,0.0,57.52,6.034,0.547,5.72,14.74,233.34,"1 steak,  (yield from 233 g raw meat)"
BEEF,"BEEF,RIB,SML END (RIBS 10-12),LN&FAT,0""FAT,CHOIC,CKD,BRLD",0.0,83,0,0.0,312,24.73,0.0,51.08,9.78,0.78,9.24,22.84,272.0,"1 piece, cooked, excluding refuse (yield from 1 lb raw meat with refuse)"
BEEF,"BEEF,RIB,SML END (RIBS 10-12),LN&FAT,0""FAT,SEL,CKD,BRLD",0.0,83,0,0.0,285,24.91,0.0,52.79,8.49,0.68,8.01,19.79,265.0,"1 piece, cooked, excluding refuse (yield from 1 lb raw meat with refuse)"
BEEF,"BEEF,RIB,SML END (RIBS 10-12),LN,0""FAT,ALL GRDS,CKD,BRLD",0.0,76,0,0.0,193,29.41,0.0,62.59,3.005,0.277,2.868,7.53,233.34,"1 steak,  (yield from 296 g raw meat)"
BEEF,"BEEF,RIB,SML END (RIBS 10-12),LN,0""FAT,CHOIC,CKD,BRLD",0.0,80,0,0.0,225,28.04,0.0,58.7,4.94,0.33,4.73,11.7,220.0,"1 piece, cooked, excluding refuse (yield from 1 lb raw meat with refuse)"
BEEF,"BEEF,RIB,SML END (RIBS 10-12),LN,0""FAT,SEL,CKD,BRLD",0.0,80,0,0.0,198,28.04,0.0,60.3,3.67,0.25,3.51,8.7,220.0,"1 piece, cooked, excluding refuse (yield from 1 lb raw meat with refuse)"
BEEF,"BEEF,RND,BTTM RND,LN&FAT,0""FAT,ALL GRDS,CKD,BRSD",0.0,99,128,0.0,223,33.56,0.0,57.33,3.751,0.334,3.184,8.86,184.99,"1 steak,  (yield from 290 g raw meat)"
BEEF,"BEEF,RND,BTTM RND,LN&FAT,0""FAT,ALL GRDS,CKD,RSTD",0.0,86,104,0.0,187,27.42,0.0,64.46,3.266,0.291,2.773,7.72,489.38,"1 roast,  (yield from 600 g raw meat)"
BEEF,"BEEF,RND,BTTM RND,LN&FAT,0""FAT,CHOIC,CKD,BRSD",0.0,112,125,0.0,230,32.73,0.0,56.74,4.233,0.377,3.593,10.0,191.24,"1 steak,  (yield from 299 g raw meat)"
BEEF,"BEEF,RND,BTTM RND,LN&FAT,0""FAT,CHOIC,CKD,RSTD",0.0,105,102,0.0,199,26.76,0.0,63.54,3.966,0.353,3.366,9.37,514.88,"1 roast,  (yield from 627 g raw meat)"
BEEF,"BEEF,RND,BTTM RND,LN&FAT,0""FAT,SEL,CKD,BRSD",0.0,86,131,0.0,217,34.39,0.0,57.92,3.269,0.291,2.775,7.72,178.74,"1 steak,  (yield from 281 g raw meat)"
BEEF,"BEEF,RND,BTTM RND,LN&FAT,0""FAT,SEL,CKD,RSTD",0.0,68,107,0.0,175,28.08,0.0,65.37,2.567,0.228,2.179,6.06,463.87,"1 roast,  (yield from 572 g raw meat)"
BEEF,"BEEF,RND,BTTM RND,LN,0""FAT,ALL GRDS,CKD,BRSD",0.0,104,130,0.0,214,34.0,0.0,58.09,3.231,0.286,2.675,7.67,184.99,"1 steak,  (yield from 290 g raw meat)"
BEEF,"BEEF,RND,BTTM RND,LN,0""FAT,ALL GRDS,CKD,RSTD",0.0,88,106,0.0,177,27.76,0.0,65.37,2.73,0.242,2.26,6.48,489.38,"1 roast,  (yield from 600 g raw meat)"
BEEF,"BEEF,RND,BTTM RND,LN,0""FAT,CHOIC,CKD,BRSD",0.0,122,126,0.0,223,33.08,0.0,57.36,3.807,0.337,3.152,9.03,191.24,"1 steak,  (yield from 299 g raw meat)"
BEEF,"BEEF,RND,BTTM RND,LN,0""FAT,CHOIC,CKD,RSTD",0.0,103,104,0.0,185,27.23,0.0,64.83,3.214,0.285,2.661,7.63,514.88,"1 roast,  (yield from 627 g raw meat)"
BEEF,"BEEF,RND,BTTM RND,LN,0""FAT,SEL,CKD,BRSD",0.0,85,133,0.0,206,34.93,0.0,58.82,2.655,0.235,2.198,6.3,178.74,"1 steak,  (yield from 281 g raw meat)"
BEEF,"BEEF,RND,BTTM RND RST,LN,0"" FAT,SEL,CKD,RSTD",0.0,72,108,0.0,169,28.29,0.0,65.9,2.247,0.199,1.86,5.33,463.87,"1 roast,  (yield from 572 g raw meat)"
BEEF,"BEEF,RND,EYE OF RND,LN&FAT,0""FAT,ALL GRDS,CKD,RSTD",0.0,54,111,0.0,168,29.13,0.0,65.93,2.031,0.181,1.724,4.8,345.95,"1 roast,  (yield from 436 g raw meat)"
BEEF,"BEEF,RND,EYE OF RND,LN&FAT,0""FAT,CHOIC,CKD,RSTD",0.0,54,109,0.0,166,28.58,0.0,66.02,2.062,0.183,1.75,4.87,354.53,"1 roast,  (yield from 445 g raw meat)"
BEEF,"BEEF,RND,EYE OF RND,LN&FAT,0""FAT,SEL,CKD,RSTD",0.0,53,113,0.0,169,29.67,0.0,65.84,2.0,0.178,1.697,4.72,337.36,"1 roast,  (yield from 426 g raw meat)"
BEEF,"BEEF,RND,EYE OF RND,LN,0""FAT,ALL GRDS,CKD,RSTD",0.0,55,112,0.0,162,29.33,0.0,66.45,1.722,0.153,1.426,4.09,345.95,"1 roast,  (yield from 436 g raw meat)"
BEEF,"BEEF,RND,EYE OF RND,LN,0""FAT,CHOIC,CKD,RSTD",0.0,58,109,0.0,162,28.74,0.0,66.43,1.814,0.161,1.502,4.3,354.53,"1 roast,  (yield from 445 g raw meat)"
BEEF,"BEEF,RND,EYE OF RND,LN,0""FAT,SEL,CKD,RSTD",0.0,52,114,0.0,163,29.92,0.0,66.46,1.63,0.144,1.349,3.87,337.36,"1 roast,  (yield from 426 g raw meat)"
BEEF,"BEEF,RND,TIP RND,LN&FAT,0""FAT,ALL GRDS,CKD,RSTD",0.0,93,102,0.0,188,26.79,0.0,64.67,3.405,0.305,3.007,8.21,330.0,"1 piece, cooked, excluding refuse (yield from 1 lb raw meat with refuse)"
BEEF,"BEEF,RND,TIP RND,LN&FAT,0""FAT,CHOIC,CKD,RSTD",0.0,101,103,0.0,196,27.01,0.0,63.8,3.689,0.33,3.257,8.9,1137.53,"1 roast,  (yield from 1405 g raw meat)"
BEEF,"BEEF,RND,TIP RND,LN&FAT,0""FAT,SEL,CKD,RSTD",0.0,86,101,0.0,181,26.57,0.0,65.54,3.121,0.28,2.756,7.53,1141.15,"1 roast,  (yield from 1388 g raw meat)"
BEEF,"BEEF,RND,TIP RND,LN,0"" FAT,ALL GRDS,CKD,RSTD",0.0,88,105,0.0,174,27.53,0.0,66.75,2.537,0.228,2.209,6.2,320.0,"1 piece, cooked, excluding refuse (yield from 1 lb raw meat with refuse)"
BEEF,"BEEF,RND,TIP RND,LN,0""FAT,CHOIC,CKD,RSTD",0.0,91,105,0.0,176,27.68,0.0,65.62,2.626,0.236,2.288,6.42,1137.53,"1 roast,  (yield from 1405 g raw meat)"
BEEF,"BEEF,RND,TIP RND,LN,0"" FAT,SEL,CKD,RSTD",0.0,62,104,0.0,149,27.37,0.0,67.88,1.794,0.161,1.563,4.38,1141.15,"1 roast,  (yield from 1388 g raw meat)"
BEEF,"BEEF,RND,TOP RND,LN&FAT,0""FAT,ALL GRDS,CKD,BRSD",0.0,90,136,0.0,209,35.62,0.0,57.9,2.51,0.27,2.25,6.31,267.0,"1 piece, cooked, excluding refuse (yield from 1 lb raw meat with refuse)"
BEEF,"BEEF,RND,TOP RND,LN&FAT,0""FAT,CHOIC,CKD,BRSD",0.0,90,136,0.0,216,35.62,0.0,57.31,2.82,0.31,2.52,7.09,267.0,"1 piece, cooked, excluding refuse (yield from 1 lb raw meat with refuse)"
BEEF,"BEEF,RND,TOP RND,LN&FAT,0""FAT,SEL,CKD,BRSD",0.0,90,136,0.0,200,35.62,0.0,58.49,2.13,0.23,1.92,5.33,267.0,"1 piece, cooked, excluding refuse (yield from 1 lb raw meat with refuse)"
BEEF,"BEEF,RND,TOP RND,LN,0""FAT,ALL GRDS,CKD,BRSD",0.0,90,138,0.0,199,36.12,0.0,58.7,1.94,0.22,1.72,5.0,261.0,"1 piece, cooked, excluding refuse (yield from 1 lb raw meat with refuse)"
BEEF,"BEEF,RND,TOP RND,LN,0""FAT,CHOIC,CKD,BRSD",0.0,90,138,0.0,207,36.12,0.0,58.1,2.25,0.26,1.99,5.8,261.0,"1 piece, cooked, excluding refuse (yield from 1 lb raw meat with refuse)"
BEEF,"BEEF,RND,TOP RND,LN,0""FAT,SEL,CKD,BRSD",0.0,90,138,0.0,190,36.12,0.0,59.3,1.55,0.18,1.37,4.0,261.0,"1 piece, cooked, excluding refuse (yield from 1 lb raw meat with refuse)"
BEEF,"BEEF,TENDERLOIN,LN&FAT,0""FAT,ALL GRDS,CKD,BRLD",0.0,84,105,0.0,218,27.58,0.0,61.07,4.551,0.413,4.315,11.12,85.0,3 oz
BEEF,"BEEF,TENDERLOIN,LN&FAT,0""FAT,CHOIC,CKD,BRLD",0.0,93,106,0.0,231,27.97,0.0,59.4,5.077,0.46,4.813,12.4,125.77,"1 steak,  (yield from 161 g raw meat)"
BEEF,"BEEF,TENDERLOIN,LN&FAT,0""FAT,SEL,CKD,BRLD",0.0,74,104,0.0,205,27.18,0.0,62.73,4.026,0.365,3.816,9.83,108.22,"1 steak,  (yield from 136 g raw meat)"
BEEF,"BEEF,TENDERLOIN,LN,0""FAT,ALL GRDS,CKD,BRLD",0.0,79,109,0.0,193,28.51,0.0,63.4,3.136,0.289,2.993,7.86,87.0,"1 steak, excluding refuse (yield from 1 raw steak, with refuse, weighing 135 g)"
BEEF,"BEEF,TENDERLOIN,LN,0""FAT,CHOIC,CKD,BRLD",0.0,92,110,0.0,206,28.95,0.0,61.71,3.646,0.336,3.48,9.14,125.77,"1 steak,  (yield from 161 g raw meat)"
BEEF,"BEEF,TENDERLOIN,LN,0""FAT,SEL,CKD,BRLD",0.0,66,107,0.0,179,28.08,0.0,65.1,2.626,0.242,2.506,6.58,108.22,"1 steak,  (yield from 136 g raw meat)"
BEEF,"BEEF,SHRT LOIN,TOP LOIN,LN&FAT,0""FAT,ALL GRDS,CKD,BRLD",0.0,58,110,0.0,193,28.87,0.0,63.33,3.144,0.285,2.981,7.68,85.0,3 oz
BEEF,"BEEF,SHRT LOIN,TOP LOIN,LN&FAT,0""FAT,CHOIC,CKD,BRLD",0.0,69,108,0.0,205,28.45,0.0,62.1,3.776,0.342,3.58,9.22,164.34,"1 steak,  (yield from 203 g raw meat)"
BEEF,"BEEF,SHRT LOIN,TOP LOIN,LN & FAT,0"" FAT,SEL,CKD,BRLD",0.0,46,112,0.0,180,29.29,0.0,64.56,2.513,0.228,2.382,6.14,150.45,"1 steak,  (yield from 186 g raw meat)"
BEEF,"BEEF,SHRT LOIN,TOP LOIN,LN,0""FAT,ALL GRDS,CKD,BRLD",0.0,64,111,0.0,182,29.25,0.0,64.27,2.542,0.234,2.425,6.37,150.0,"1 steak, excluding refuse (yield from 1 raw steak, with refuse, weighing 223 g)"
BEEF,"BEEF,SHRT LOIN,TOP LOIN,LN,0""FAT,CHOIC,CKD,BRLD",0.0,77,110,0.0,192,28.91,0.0,63.24,3.045,0.281,2.906,7.63,164.34,"1 steak,  (yield from 203 g raw meat)"
BEEF,"BEEF,SHRT LOIN,TOP LOIN,LN,0""FAT,SEL,CKD,BRLD",0.0,51,113,0.0,172,29.59,0.0,65.3,2.038,0.188,1.945,5.11,150.45,"1 steak,  (yield from 186 g raw meat)"
BEEF,"BEEF,TOP SIRLOIN,LN&FAT,0""FAT,ALL GRDS,CKD,BRLD",0.0,73,112,0.0,212,29.33,0.0,60.33,3.959,0.359,3.754,9.67,383.65,"1 steak,  (yield from 518 g raw meat)"
BEEF,"BEEF,TOP SIRLOIN,LN&FAT,0""FAT,CHOIC,CKD,BRLD",0.0,79,110,0.0,219,29.02,0.0,59.68,4.314,0.391,4.09,10.54,392.5,"1 steak,  (yield from 532 g raw meat)"
BEEF,"BEEF,TOP SIRLOIN,LN&FAT,0""FAT,SEL,CKD,BRLD",0.0,66,113,0.0,206,29.65,0.0,60.97,3.604,0.327,3.417,8.8,374.8,"1 steak,  (yield from 505 g raw meat)"
BEEF,"BEEF,TOP SIRLOIN,LN,0""FAT,ALL GRDS,CKD,BRLD",0.0,58,116,0.0,183,30.55,0.0,62.98,2.31,0.213,2.205,5.79,292.0,"1 piece, cooked, excluding refuse (yield from 1 lb raw meat with refuse)"
BEEF,"BEEF,TOP SIRLOIN,LN,0""FAT,CHOIC,CKD,BRLD",0.0,66,115,0.0,188,30.29,0.0,62.38,2.615,0.241,2.495,6.55,392.5,"1 steak,  (yield from 532 g raw meat)"
BEEF,"BEEF,TOP SIRLOIN,LN,0""FAT,SEL,CKD,BRLD",0.0,51,117,0.0,177,30.8,0.0,63.58,2.006,0.185,1.915,5.03,374.8,"1 steak,  (yield from 505 g raw meat)"
BEEF,"BEEF,SHRT LOIN,PRTRHS STK,LN & FAT,0"" FAT,ALL GRDS,CKD,BRLD",0.0,67,91,0.0,276,23.96,0.0,54.66,8.65,0.69,7.271,19.27,85.0,"3 oz,  ( 1 serving )"
BEEF,"BEEF,LOIN,PRTRHS STK,LN & FAT,0"" FAT,USDA CHOIC,CKD,BRLD",0.0,69,90,0.0,283,23.61,0.0,53.95,9.275,0.676,7.43,20.15,85.0,"3 oz,  ( 1 serving )"
BEEF,"BEEF,SHRT LOIN,PRTRHS STK,LN & FAT,0"" FAT,USDA SEL,CKD,BRLD",0.0,64,93,0.0,267,24.47,0.0,55.69,7.739,0.711,7.04,17.98,85.0,"3 oz,  ( 1serving )"
BEEF,"BEEF,SHRT LOIN,PRTRHS STEAK,LN,0"" FAT,ALL GRDS,CKD,BRLD",0.0,62,99,0.0,212,26.07,0.0,60.38,5.192,0.379,3.912,11.18,85.0,"3 oz,  ( 1 serving )"
BEEF,"BEEF,SHRT LOIN,PRTRHS STEAK,LN, 0"" FAT,USDA CHOIC,CKD,BRLD",0.0,65,97,0.0,224,25.51,0.0,59.13,6.175,0.385,4.345,12.8,85.0,3 oz
BEEF,"BEEF,SHRT LOIN,PRTRHS STEAK,LN ONLY,0"" FAT,USDA SEL,CKD,BRLD",0.0,58,102,0.0,194,26.89,0.0,62.19,3.76,0.37,3.28,8.81,85.0,3 oz
BEEF,"BEEF,SHRT LOIN,T-BONE STK,LN & FAT,0"" FAT,ALL GRDS,CKD,BRLD",0.0,60,92,0.0,247,24.18,0.0,57.78,7.205,0.617,6.074,15.93,85.0,"3 oz,  ( 1 serving )"
BEEF,"BEEF,LOIN,T-BONE STEAK,LN & FAT,0"" FAT,USDA CHOIC,CKD,BRLD",0.0,61,92,0.0,258,24.05,0.0,56.97,7.896,0.615,6.449,17.26,85.0,"3 oz,  ( 1 serving )"
BEEF,"BEEF,SHRT LOIN,T-BONE STK,LN & FAT,0"" FAT,USDA SEL,CKD,BRLD",0.0,59,93,0.0,230,24.38,0.0,58.97,6.197,0.62,5.527,14.0,85.0,"3 oz,  ( 1 serving )"
BEEF,"BEEF,SHRT LOIN,T-BONE STEAK,LN,0"" FAT,ALL GRDS,CKD,BRLD",0.0,55,99,0.0,189,25.99,0.0,63.0,4.114,0.344,3.087,8.69,85.0,"3 oz,  ( 1 serving )"
BEEF,"BEEF,SHRT LOIN,T-BONE STEAK,LN,0"" FAT,USDA CHOIC,CKD,BRLD",0.0,56,99,0.0,198,25.98,0.0,62.5,4.645,0.32,3.27,9.61,85.0,3 oz
BEEF,"BEEF,SHRT LOIN,T-BONE STEAK,LN, 0"" FAT,USDA SEL,CKD,BRLD",0.0,54,99,0.0,177,26.0,0.0,63.73,3.34,0.38,2.82,7.36,85.0,3 oz
BEEF,"BEEF,BRISKET,FLAT HALF,LN,0"" FAT,SEL,CKD,BRSD",0.0,59,129,0.0,198,33.9,0.0,59.92,2.521,0.207,2.241,5.92,0.0,
BEEF,"BEEF,RND,TIP RND,LN & FAT,0"" FAT,ALL GRDS,RAW",0.0,35,86,0.0,151,20.48,0.0,72.01,3.011,0.276,2.778,7.01,0.0,
BEEF,"BEEF,RND,TIP RND,LN & FAT,0"" FAT,CHOIC,RAW",0.0,38,84,0.0,156,20.16,0.0,71.4,3.324,0.305,3.066,7.73,0.0,
BEEF,"BEEF,RND,TIP RND,LN & FAT,0"" FAT,SEL,RAW",0.0,31,87,0.0,145,20.8,0.0,72.62,2.699,0.247,2.489,6.28,0.0,
BEEF,"BEEF,RIB,EYE,SML END (RIBS 10- 12) LN,0"" FAT,SEL,CKD,BRLD",0.0,61,0,0.0,182,29.93,0.0,63.87,2.416,0.223,2.305,6.05,230.7,1 steak
BEEF,"BEEF,RND,TOP RND,LN,0"" FAT,ALL GRDS,CKD,BRLD",0.0,76,121,0.0,186,31.7,0.0,62.02,2.373,0.21,1.965,5.63,276.57,1 steak
BEEF,"BEEF,RND,TOP RND,LN,0"" FAT,CHOIC,CKD,BRLD",0.0,92,121,0.0,197,31.7,0.0,60.24,2.869,0.254,2.376,6.81,283.73,1 steak
BEEF,"BEEF,RND,TOP RND,LN,0"" FAT,SEL,CKD,BRLD",0.0,60,121,0.0,176,31.7,0.0,63.81,1.877,0.166,1.554,4.45,269.4,1 steak
BEEF,"BEEF,GROUND,70% LN MEAT / 30% FAT,CRUMBLES,CKD,PAN-BROWNED",0.0,88,80,0.0,270,25.56,0.0,55.78,8.659,0.487,7.191,17.86,85.0,"1 serving,  (3 oz )"
BEEF,"BEEF,GROUND,70% LN MEAT / 30% FAT,LOAF,CKD,BKD",0.0,66,80,0.0,241,23.87,0.0,58.37,7.451,0.419,6.188,15.37,85.0,"1 serving,  ( 3 oz )"
BEEF,"BEEF,GROUND,70% LN MEAT / 30% FAT,PATTY CKD,PAN-BROILED",0.0,78,77,0.0,238,22.86,0.0,59.36,7.533,0.424,6.256,15.54,85.0,1 serving
BEEF,"BEEF,GROUND,70% LN MEAT / 30% FAT,PATTY,CKD,BRLD",0.0,82,78,0.0,273,25.38,0.0,56.26,8.825,0.497,7.329,18.21,85.0,1 serving
BEEF,"BEEF,GROUND,70% LN MEAT / 30% FAT,RAW",0.0,78,47,0.0,332,14.35,0.0,54.38,13.161,0.696,11.289,30.0,0.0,
BEEF,"BEEF,COMP OF RTL CUTS,LN&FAT,1/8""FAT,ALL GRDS,RAW",0.0,66,78,0.0,234,18.68,0.0,62.02,7.42,0.63,6.91,17.15,28.35,1 oz
BEEF,"BEEF,COMP OF RTL CUTS,LN&FAT,1/8""FAT,ALL GRDS,CKD",0.0,87,101,0.0,291,26.42,0.0,52.77,8.46,0.71,7.77,19.71,285.0,"1 piece, cooked, excluding refuse (yield from 1 lb raw meat with refuse)"
BEEF,"BEEF,COMP OF RTL CUTS,LN&FAT,1/8""FAT,CHOIC,RAW",0.0,66,78,0.0,243,18.57,0.0,61.34,7.88,0.67,7.32,18.19,28.35,1 oz
BEEF,"BEEF,COMP OF RTL CUTS,LN&FAT,1/8""FAT,CHOIC,CKD",0.0,87,100,0.0,301,26.21,0.0,52.03,8.97,0.75,8.24,20.91,285.0,"1 piece, cooked, excluding refuse (yield from 1 lb raw meat with refuse)"
BEEF,"BEEF,COMP OF RTL CUTS,LN&FAT,1/8""FAT,SEL,RAW",0.0,65,79,0.0,223,18.87,0.0,63.03,6.82,0.58,6.37,15.75,28.35,1 oz
BEEF,"BEEF,COMP OF RTL CUTS,LN&FAT,1/8""FAT,SEL,CKD",0.0,86,101,0.0,278,26.63,0.0,53.73,7.81,0.66,7.2,18.21,286.0,"1 piece, cooked, excluding refuse (yield from 1 lb raw meat with refuse)"
BEEF,"BEEF,COMP OF RTL CUTS,LN&FAT,1/8""FAT,PRIME,RAW",0.0,66,78,0.0,265,18.72,0.0,59.75,8.87,0.76,8.37,20.49,28.35,1 oz
BEEF,"BEEF,COMP OF RTL CUTS,LN&FAT,1/8""FAT,PRIME,CKD",0.0,83,100,0.0,299,26.22,0.0,52.87,8.84,0.75,8.32,20.75,296.0,"1 piece, cooked, excluding refuse (yield from 1 lb raw meat with refuse)"
BEEF,"BEEF,BRISKET,WHL,LN&FAT,1/8""FAT,ALL GRDS,RAW",0.0,68,77,0.0,251,18.42,0.0,61.08,8.52,0.66,7.53,19.06,28.35,1 oz
BEEF,"BEEF,BRISKET,WHL,LN&FAT,1/8""FAT,ALL GRDS,CKD,BRSD",0.0,93,98,0.0,331,25.85,0.0,49.58,10.89,0.85,9.44,24.5,329.0,"1 piece, cooked, excluding refuse (yield from 1 lb raw meat with refuse)"
BEEF,"BEEF,BRISKET,FLAT HALF,LN&FAT,1/8""FAT,ALL GRDS,RAW",0.0,81,75,0.0,277,17.94,0.0,59.07,9.498,0.844,8.951,22.18,452.07,1 steak
BEEF,"BEEF,BRISKET,FLAT HALF,LN&FAT,1/8""FAT,ALL GRDS,CKD,BRSD",0.0,76,110,0.0,289,28.82,0.0,52.48,7.934,0.681,7.305,18.42,379.65,"1 steak,  (yield from raw steak weighing 550 g)"
BEEF,"BEEF,BRISKET,POINT HALF,LN&FAT,1/8""FAT,ALL GRDS,RAW",0.0,71,74,0.0,265,17.65,0.0,59.96,9.53,0.69,8.42,20.98,28.35,1 oz
BEEF,"BEEF,BRISKET,POINT HALF,LN&FAT,1/8""FAT,ALL GRDS,CKD,BRSD",0.0,92,93,0.0,349,24.4,0.0,48.3,12.21,0.88,10.64,27.17,332.0,"1 piece, cooked, excluding refuse (yield from 1 lb raw meat with refuse)"
BEEF,"BEEF,CHUCK,ARM POT RST,LN&FAT,1/8""FAT,ALL GRDS,RAW",0.0,66,80,0.0,244,19.23,0.0,62.33,7.697,0.684,7.254,17.98,28.35,1 oz
BEEF,"BEEF,CHUCK,ARM POT RST,LN&FAT,1/8""FAT,ALL GRDS,CKD,BRSD",0.0,79,115,0.0,302,30.12,0.0,50.45,8.276,0.71,7.62,19.22,258.0,"1 piece, cooked, excluding refuse (yield from 1 lb raw meat with refuse)"
BEEF,"BEEF,CHUCK,ARM POT RST,LN&FAT,1/8""FAT,CHOIC,RAW",0.0,68,80,0.0,249,19.14,0.0,61.78,7.95,0.706,7.492,18.57,1801.31,1 roast
BEEF,"BEEF,CHUCK,ARM POT RST,LN&FAT,1/8""FAT,CHOIC,CKD,BRSD",0.0,82,115,0.0,309,30.2,0.0,49.35,8.583,0.737,7.902,19.93,0.0,
BEEF,"BEEF,CHUCK,ARM POT RST,LN&FAT,1/8""FAT,SEL,RAW",0.0,64,81,0.0,239,19.33,0.0,62.88,7.444,0.661,7.016,17.39,1782.72,1 roast
BEEF,"BEEF,CHUCK,ARM POT RST,LN&FAT,1/8""FAT,SEL,CKD,BRSD",0.0,76,114,0.0,295,30.05,0.0,51.56,7.969,0.684,7.337,18.5,257.0,"1 piece, cooked, excluding refuse (yield from 1 lb raw meat with refuse)"
BEEF,"BEEF,CHUCK,BLADE RST,LN&FAT,1/8""FAT,ALL GRDS,RAW",0.0,71,72,0.0,248,17.16,0.0,61.23,8.52,0.71,7.82,19.41,28.35,1 oz
BEEF,"BEEF,CHUCK,BLADE RST,LN&FAT,1/8""FAT,ALL GRDS,CKD,BRSD",0.0,104,102,0.0,341,26.78,0.0,47.67,10.86,0.9,10.0,25.12,247.0,"1 piece, cooked, excluding refuse (yield from 1 lb raw meat with refuse)"
BEEF,"BEEF,CHUCK,BLADE RST,LN&FAT,1/8""FAT,CHOIC,RAW",0.0,72,71,0.0,265,16.98,0.0,59.93,9.36,0.78,8.59,21.31,28.35,1 oz
BEEF,"BEEF,CHUCK,BLADE RST,LN&FAT,1/8""FAT,CHOIC,CKD,BRSD",0.0,103,100,0.0,359,26.37,0.0,46.32,11.78,0.97,10.86,27.26,247.0,"1 piece, cooked, excluding refuse (yield from 1 lb raw meat with refuse)"
BEEF,"BEEF,CHUCK,BLADE RST,LN&FAT,1/8""FAT,SEL,RAW",0.0,71,73,0.0,230,17.37,0.0,62.83,7.6,0.63,6.99,17.33,28.35,1 oz
BEEF,"BEEF,CHUCK,BLADE RST,LN&FAT,1/8""FAT,SEL,CKD,BRSD",0.0,104,104,0.0,318,27.33,0.0,49.4,9.66,0.8,8.89,22.35,247.0,"1 piece, cooked, excluding refuse (yield from 1 lb raw meat with refuse)"
BEEF,"BEEF,RIB,WHL (RIBS 6-12),LN&FAT,1/8""FAT,ALL GRDS,RAW",0.0,70,69,0.0,306,16.53,0.0,55.24,11.24,0.94,10.76,26.1,28.35,1 oz
BEEF,"BEEF,RIB,WHL (RIBS 6-12),LN&FAT,1/8""FAT,ALL GRDS,CKD,BRLD",0.0,82,85,0.0,337,22.42,0.0,48.47,11.38,0.98,10.85,26.75,267.0,"1 piece, cooked, excluding refuse (yield from 1 lb raw meat with refuse)"
BEEF,"BEEF,RIB,WHL (RIBS 6-12),LN&FAT,1/8""FAT,ALL GRDS,CKD,RSTD",0.0,84,87,0.0,351,22.77,0.0,48.12,12.08,1.0,11.33,28.11,289.0,"1 piece, cooked, excluding refuse (yield from 1 lb raw meat with refuse)"
BEEF,"BEEF,RIB,WHL (RIBS 6-12),LN&FAT,1/8""FAT,CHOIC,RAW",0.0,71,68,0.0,322,16.34,0.0,53.85,12.02,1.01,11.51,27.93,28.35,1 oz
BEEF,"BEEF,RIB,WHL (RIBS 6-12),LN&FAT,1/8""FAT,CHOIC,CKD,BRLD",0.0,82,85,0.0,352,22.26,0.0,47.33,12.12,1.04,11.57,28.5,267.0,"1 piece, cooked, excluding refuse (yield from 1 lb raw meat with refuse)"
BEEF,"BEEF,RIB,WHL (RIBS 6-12),LN&FAT,1/8""FAT,CHOIC,CKD,RSTD",0.0,84,86,0.0,365,22.6,0.0,46.87,12.8,1.05,12.01,29.79,289.0,"1 piece, cooked, excluding refuse (yield from 1 lb raw meat with refuse)"
BEEF,"BEEF,RIB,WHL (RIBS 6-12),LN&FAT,1/8""FAT,SEL,RAW",0.0,70,70,0.0,288,16.75,0.0,57.48,10.32,0.86,9.88,23.95,28.35,1 oz
BEEF,"BEEF,RIB,WHL (RIBS 6-12),LN&FAT,1/8""FAT,SEL,CKD,BRLD",0.0,81,87,0.0,315,22.73,0.0,50.41,10.28,0.89,9.81,24.2,264.0,"1 piece, cooked, excluding refuse (yield from 1 lb raw meat with refuse)"
BEEF,"BEEF,RIB,WHL (RIBS 6-12),LN&FAT,1/8""FAT,SEL,CKD,RSTD",0.0,84,88,0.0,330,23.1,0.0,49.9,11.01,0.91,10.32,25.63,289.0,"1 piece, cooked, excluding refuse (yield from 1 lb raw meat with refuse)"
BEEF,"BEEF,RIB,WHL (RIBS 6-12),LN&FAT,1/8""FAT,PRIME,RAW",0.0,72,68,0.0,355,16.15,0.0,51.51,13.77,1.15,13.22,31.66,28.35,1 oz
BEEF,"BEEF,RIB,WHL (RIBS 6-12),LN&FAT,1/8""FAT,PRIME,CKD,BRLD",0.0,85,0,0.0,386,21.95,0.0,44.87,14.13,1.12,13.42,32.38,274.0,"1 piece, cooked, excluding refuse (yield from 1 lb raw meat with refuse)"
BEEF,"BEEF,RIB,WHL (RIBS 6-12),LN&FAT,1/8""FAT,PRIME,CKD,RSTD",0.0,85,0,0.0,400,22.57,0.0,43.4,14.69,1.17,13.96,33.7,278.0,"1 piece, cooked, excluding refuse (yield from 1 lb raw meat with refuse)"
BEEF,"BEEF,RIB,LRG END (RIBS 6-9),LN&FAT,1/8""FAT,ALL GRDS,RAW",0.0,71,0,0.0,316,16.26,0.0,54.51,11.69,1.0,11.29,27.29,28.35,1 oz
BEEF,"BEEF,RIB,LRG END (RIBS 6-9),LN&FAT,1/8""FAT,ALL GRDS,CKD,BRLD",0.0,80,0,0.0,338,21.55,0.0,48.74,11.51,1.03,11.06,27.22,267.0,"1 piece, cooked, excluding refuse (yield from 1 lb raw meat with refuse)"
BEEF,"BEEF,RIB,LRG END (RIBS 6-9),LN&FAT,1/8""FAT,ALL GRDS,CKD,RSTD",0.0,85,88,0.0,355,23.01,0.0,47.73,12.2,0.99,11.5,28.51,292.0,"1 piece, cooked, excluding refuse (yield from 1 lb raw meat with refuse)"
BEEF,"BEEF,RIB,LRG END (RIBS 6-9),LN&FAT,1/8""FAT,CHOIC,RAW",0.0,72,0,0.0,333,16.03,0.0,53.0,12.56,1.07,12.13,29.34,28.35,1 oz
BEEF,"BEEF,RIB,LRG END (RIBS 6-9),LN&FAT,1/8""FAT,CHOIC,CKD,BRLD",0.0,81,0,0.0,370,20.86,0.0,45.96,13.21,1.18,12.67,31.18,267.0,"1 piece, cooked, excluding refuse (yield from 1 lb raw meat with refuse)"
BEEF,"BEEF,RIB,LRG END (RIBS 6-9),LN&FAT,1/8""FAT,CHOIC,CKD,RSTD",0.0,85,0,0.0,378,22.5,0.0,45.9,13.39,1.09,12.62,31.28,296.0,"1 piece, cooked, excluding refuse (yield from 1 lb raw meat with refuse)"
BEEF,"BEEF,RIB,LRG END (RIBS 6-9),LN&FAT,1/8""FAT,SEL,RAW",0.0,70,0,0.0,295,16.52,0.0,56.35,10.65,0.91,10.28,24.85,28.35,1 oz
BEEF,"BEEF,RIB,LRG END (RIBS 6-9),LN&FAT,1/8""FAT,SEL,CKD,BRLD",0.0,80,0,0.0,324,21.55,0.0,50.25,10.85,0.97,10.43,25.71,267.0,"1 piece, cooked, excluding refuse (yield from 1 lb raw meat with refuse)"
BEEF,"BEEF,RIB,LRG END (RIBS 6-9),LN&FAT,1/8""FAT,SEL,CKD,RSTD",0.0,84,0,0.0,333,23.4,0.0,49.4,11.06,0.9,10.42,25.84,292.0,"1 piece, cooked, excluding refuse (yield from 1 lb raw meat with refuse)"
BEEF,"BEEF,RIB,LRG END (RIBS 6-9),LN&FAT,1/8""FAT,PRIME,RAW",0.0,73,0,0.0,367,15.77,0.0,50.4,14.37,1.23,13.96,33.26,28.35,1 oz
BEEF,"BEEF,RIB,LRG END (RIBS 6-9),LN&FAT,1/8""FAT,PRIME,CKD,BRLD",0.0,86,0,0.0,404,20.65,0.0,43.48,15.29,1.21,14.51,34.97,278.0,"1 piece, cooked, excluding refuse (yield from 1 lb raw meat with refuse)"
BEEF,"BEEF,RIB,LRG END (RIBS 6-9),LN&FAT,1/8""FAT,PRIME,CKD,RSTD",0.0,85,0,0.0,393,22.86,0.0,44.49,14.29,1.13,13.59,32.74,281.0,"1 piece, cooked, excluding refuse (yield from 1 lb raw meat with refuse)"
BEEF,"BEEF,RIB,SML END (RIBS 10-12),LN&FAT,1/8""FAT,ALL GRDS,RAW",0.0,70,0,0.0,254,19.33,0.0,61.05,8.162,0.725,7.692,19.06,28.35,1 oz
BEEF,"BEEF,RIB,SML END (RIBS 10-12),LN&FAT,1/8""FAT,ALL GRDS,CKD,BR",0.0,105,98,0.0,291,25.85,0.0,53.65,8.355,0.742,7.894,20.04,268.0,"1 piece, cooked, excluding refuse (yield from 1 lb raw meat with refuse)"
BEEF,"BEEF,RIB,SML END (RIBS 10-12),LN&FAT,1/8""FAT,ALL GRDS,CKD,RS",0.0,83,0,0.0,341,22.54,0.0,48.97,11.73,0.99,10.92,27.14,282.0,"1 piece, cooked, excluding refuse (yield from 1 lb raw meat with refuse)"
BEEF,"BEEF,RIB,SML END (RIBS 10-12),LN&FAT,1/8""FAT,CHOIC,RAW",0.0,74,0,0.0,263,19.09,0.0,60.11,8.617,0.766,8.121,20.13,28.35,1 oz
BEEF,"BEEF,RIB,SML END (RIBS 10-12),LN&FAT,1/8""FAT,CHOIC,CKD,BRLD",0.0,116,0,0.0,304,24.53,0.0,52.93,9.208,0.818,8.7,22.09,255.81,"1 steak,  (yield from 320 g raw meat)"
BEEF,"BEEF,RIB,SML END (RIBS 10-12),LN&FAT,1/8""FAT,CHOIC,CKD,RSTD",0.0,83,0,0.0,359,22.28,0.0,47.18,12.63,1.07,11.78,29.21,278.0,"1 piece, cooked, excluding refuse (yield from 1 lb raw meat with refuse)"
BEEF,"BEEF,RIB,SML END (RIBS 10-12),LN&FAT,1/8""FAT,SEL,RAW",0.0,66,0,0.0,246,19.56,0.0,62.0,7.708,0.685,7.264,18.0,334.58,1 steak
BEEF,"BEEF,RIB,SML END (RIBS 10-12),LN&FAT,1/8""FAT,SEL,CKD,BRLD",0.0,95,0,0.0,278,27.17,0.0,54.36,7.502,0.667,7.088,18.0,245.2,"1 steak,  (yield from 1 raw steak weighing 321g)"
BEEF,"BEEF,RIB,SML END (RIBS 10-12),LN&FAT,1/8""FAT,SEL,CKD,RSTD",0.0,83,0,0.0,323,22.76,0.0,50.84,10.81,0.91,10.05,25.02,285.0,"1 piece, cooked, excluding refuse (yield from 1 lb raw meat with refuse)"
BEEF,"BEEF,RIB,SML END (RIBS 10-12),LN&FAT,1/8""FAT,PRIME,RAW",0.0,70,0,0.0,335,16.74,0.0,53.22,12.84,1.04,12.07,29.18,28.35,1 oz
BEEF,"BEEF,RIB,SML END (RIBS 10-12),LN&FAT,1/8""FAT,PRIME,CKD,BRLD",0.0,83,0,0.0,354,24.13,0.0,47.36,12.12,0.96,11.51,27.86,268.0,"1 piece, cooked, excluding refuse (yield from 1 lb raw meat with refuse)"
BEEF,"BEEF,RIB,SML END (RIBS 10-12),LN&FAT,1/8""FAT,PRIME,CKD,RSTD",0.0,84,0,0.0,411,22.15,0.0,41.82,15.28,1.22,14.51,35.12,276.0,"1 piece, cooked, excluding refuse (yield from 1 lb raw meat with refuse)"
BEEF,"BEEF,RND,FULL CUT,LN&FAT,1/8""FAT,CHOIC,RAW",0.0,62,86,0.0,195,20.56,0.0,65.44,5.14,0.46,4.63,11.92,28.35,1 oz
BEEF,"BEEF,RND,FULL CUT,LN&FAT,1/8""FAT,CHOIC,CKD,BRLD",0.0,79,105,0.0,235,27.54,0.0,56.73,5.56,0.52,4.9,12.98,313.0,"1 piece, cooked, excluding refuse (yield from 1 lb raw meat with refuse)"
BEEF,"BEEF,RND,FULL CUT,LN&FAT,1/8""FAT,SEL,RAW",0.0,62,86,0.0,184,20.56,0.0,66.62,4.62,0.41,4.2,10.68,28.35,1 oz
BEEF,"BEEF,RND,FULL CUT,LN&FAT,1/8""FAT,SEL,CKD,BRLD",0.0,79,105,0.0,218,27.58,0.0,58.49,4.76,0.44,4.23,11.08,313.0,"1 piece, cooked, excluding refuse (yield from 1 lb raw meat with refuse)"
BEEF,"BEEF,RND,BTTM RND,LN&FAT,1/8""FAT,ALL GRDS,RAW",0.0,58,86,0.0,192,20.7,0.0,66.88,4.987,0.441,4.544,11.54,28.35,1 oz
BEEF,"BEEF,RND,BTTM RND,LN&FAT,1/8""FAT,ALL GRDS,CKD,BRSD",0.0,76,125,0.0,247,32.76,0.0,54.97,5.064,0.458,4.506,11.87,281.0,"1 piece, cooked, excluding refuse (yield from 1 lb raw meat with refuse)"
BEEF,"BEEF,RND,BTTM RND,LN&FAT,1/8""FAT,ALL GRDS,CKD,RSTD",0.0,75,101,0.0,218,26.41,0.0,61.6,4.964,0.449,4.418,11.64,631.53,"1 roast,  (yield from 1 raw roast weighing 776g)"
BEEF,"BEEF,RND,BTTM RND,LN&FAT,1/8""FAT,CHOIC,RAW",0.0,61,86,0.0,198,20.71,0.0,66.32,5.251,0.464,4.784,12.15,28.35,1 oz
BEEF,"BEEF,RND,BTTM RND,LN&FAT,1/8""FAT,CHOIC,CKD,BRSD",0.0,80,125,0.0,254,32.85,0.0,54.27,5.355,0.484,4.766,12.56,226.87,"1 steak,  (yield from 341 g raw meat)"
BEEF,"BEEF,RND,BTTM RND,LN&FAT,1/8""FAT,CHOIC,CKD,RSTD",0.0,80,99,0.0,223,26.05,0.0,61.09,5.304,0.479,4.721,12.44,627.13,"1 roast,  (yield from raw roast weighing 766g)"
BEEF,"BEEF,RND,BTTM RND,LN&FAT,1/8""FAT,SEL,RAW",0.0,55,86,0.0,187,20.68,0.0,67.44,4.723,0.417,4.303,10.93,28.35,1 oz
BEEF,"BEEF,RND,BTTM RND,LN & FAT,1/8"" FAT,SEL,CKD,BRSD",0.0,72,124,0.0,240,32.67,0.0,55.67,4.772,0.431,4.247,11.19,226.26,"1 steak,  (yield from raw steak weighing 340g)"
BEEF,"BEEF,RND,BTTM RND,LN&FAT,1/8""FAT,SEL,CKD,RSTD",0.0,69,102,0.0,212,26.77,0.0,62.1,4.625,0.418,4.116,10.85,635.92,"1 roast,  (yield from 1 raw roast weighing 786g)"
BEEF,"BEEF,RND,EYE OF RND,LN&FAT,1/8""FAT,ALL GRDS,RAW",0.0,41,90,0.0,166,21.49,0.0,69.31,3.561,0.315,3.245,8.24,28.35,1 oz
BEEF,"BEEF,RND,EYE OF RND,LN&FAT,1/8""FAT,ALL GRDS,CKD,RSTD",0.0,62,108,0.0,208,28.31,0.0,61.97,4.117,0.372,3.664,9.65,333.0,"1 piece, cooked, excluding refuse (yield from 1 lb raw meat with refuse)"
BEEF,"BEEF,RND,EYE OF RND,LN&FAT,1/8""FAT,CHOIC,RAW",0.0,44,91,0.0,173,21.68,0.0,68.57,3.851,0.34,3.509,8.91,28.35,1 oz
BEEF,"BEEF,RND,EYE OF RND,LN&FAT,1/8""FAT,CHOIC,CKD,RSTD",0.0,64,108,0.0,212,28.48,0.0,61.36,4.285,0.387,3.813,10.05,333.0,"1 piece, cooked, excluding refuse (yield from 1 lb raw meat with refuse)"
BEEF,"BEEF,RND,EYE OF RND,LN&FAT,1/8""FAT,SEL,RAW",0.0,38,89,0.0,159,21.3,0.0,70.06,3.271,0.289,2.98,7.57,28.35,1 oz
BEEF,"BEEF,RND,EYE OF RND,LN&FAT,1/8""FAT,SEL,CKD,RSTD",0.0,59,107,0.0,204,28.13,0.0,62.58,3.949,0.357,3.515,9.26,416.97,"1 roast,  (yield from 530 g raw meat)"
BEEF,"BEEF,RND,TIP RND,LN&FAT,1/8""FAT,ALL GRDS,RAW",0.0,65,82,0.0,189,19.6,0.0,66.1,5.0,0.46,4.6,11.67,28.35,1 oz
BEEF,"BEEF,RND,TIP RND,LN&FAT,1/8""FAT,ALL GRDS,CKD,RSTD",0.0,82,104,0.0,219,27.45,0.0,61.56,4.68,0.44,4.24,11.34,326.0,"1 piece, cooked, excluding refuse (yield from 1 lb raw meat with refuse)"
BEEF,"BEEF,RND,TIP RND,LN&FAT,1/8""FAT,CHOIC,RAW",0.0,65,81,0.0,199,19.48,0.0,65.43,5.49,0.51,5.04,12.83,28.35,1 oz
BEEF,"BEEF,RND,TIP RND,LN&FAT,1/8""FAT,CHOIC,CKD,RSTD",0.0,82,104,0.0,228,27.27,0.0,60.92,5.11,0.48,4.63,12.34,325.0,"1 piece, cooked, excluding refuse (yield from 1 lb raw meat with refuse)"
BEEF,"BEEF,RND,TIP RND,LN&FAT,1/8""FAT,SEL,RAW",0.0,64,82,0.0,178,19.74,0.0,66.86,4.45,0.41,4.1,10.39,28.35,1 oz
BEEF,"BEEF,RND,TIP RND,LN&FAT,1/8""FAT,SEL,CKD,RSTD",0.0,82,105,0.0,210,27.63,0.0,62.31,4.22,0.4,3.81,10.24,327.0,"1 piece, cooked, excluding refuse (yield from 1 lb raw meat with refuse)"
BEEF,"BEEF,RND,TOP RND,LN,1/8"" FAT,CHOIC,CKD,PAN-FRIED",2.03,158,129,0.0,228,33.93,0.0,54.18,3.031,1.504,2.399,8.33,283.0,"1 piece, cooked, excluding refuse (yield from 1 lb raw meat with refuse)"
BEEF,"BEEF,RND,TOP RND,LN&FAT,1/8""FAT,ALL GRDS,RAW",0.0,40,92,0.0,166,22.06,0.0,69.04,3.428,0.303,3.123,7.93,28.35,1 oz
BEEF,"BEEF,RND,TOP RND,LN&FAT,1/8""FAT,ALL GRDS,CKD,BRSD",0.0,90,131,0.0,238,34.34,0.0,54.68,4.15,0.42,3.78,10.13,286.0,"1 piece, cooked, excluding refuse (yield from 1 lb raw meat with refuse)"
BEEF,"BEEF,RND,TOP RND STEAK,LN & FAT,1/8"" FAT,ALL GRDS,CKD,BRLD",0.0,58,117,0.0,204,30.67,0.0,59.59,3.837,0.347,3.415,9.0,326.0,"1 piece, cooked, excluding refuse (yield from 1 lb raw meat with refuse)"
BEEF,"BEEF,RND,TOP RND,LN&FAT,1/8""FAT,CHOIC,RAW",0.0,41,92,0.0,168,21.94,0.0,68.8,3.538,0.313,3.224,8.19,28.35,1 oz
BEEF,"BEEF,RND,TOP RND,LN&FAT,1/8""FAT,CHOIC,CKD,BRSD",0.0,90,130,0.0,250,34.09,0.0,53.83,4.76,0.48,4.33,11.61,289.0,"1 piece, cooked, excluding refuse (yield from 1 lb raw meat with refuse)"
BEEF,"BEEF,RND,TOP RND,LN&FAT,1/8""FAT,CHOIC,CKD,BRLD",0.0,66,117,0.0,224,30.7,0.0,58.46,4.379,0.396,3.898,10.27,347.01,"1 steak,  (yield from raw steak weighing 492 g)"
BEEF,"BEEF,RND,TOP RND,LN&FAT,1/8""FAT,CHOIC,CKD,PAN-FRIED",0.0,97,126,0.0,266,32.99,0.0,52.36,5.18,1.72,4.64,13.83,283.0,"1 piece, cooked, excluding refuse (yield from 1 lb raw meat with refuse)"
BEEF,"BEEF,RND,TOP RND,LN&FAT,1/8""FAT,SEL,RAW",0.0,38,93,0.0,164,22.18,0.0,69.29,3.317,0.293,3.023,7.68,28.35,1 oz
BEEF,"BEEF,RND,TOP RND,LN&FAT,1/8""FAT,SEL,CKD,BRSD",0.0,90,132,0.0,225,34.6,0.0,55.63,3.51,0.35,3.2,8.54,286.0,"1 piece, cooked, excluding refuse (yield from 1 lb raw meat with refuse)"
BEEF,"BEEF,RND,TOP RND,LN&FAT,1/8""FAT,SEL,CKD,BRLD",0.0,49,117,0.0,201,30.63,0.0,60.72,3.296,0.298,2.933,7.73,358.94,"1 steak,  (yield from raw steak weighing 491g)"
BEEF,"BEEF,RND,TOP RND,LN&FAT,1/8""FAT,PRIME,RAW",0.0,59,93,0.0,173,22.24,0.0,68.73,3.59,0.38,3.3,8.67,28.35,1 oz
BEEF,"BEEF,RND,TOP RND,LN&FAT,1/8""FAT,PRIME,CKD,BRLD",0.0,84,119,0.0,225,31.27,0.0,59.51,4.01,0.46,3.61,10.1,332.0,"1 piece, cooked, excluding refuse (yield from 1 lb raw meat with refuse)"
BEEF,"BEEF,SHRT LOIN,PRTRHS STEAK,LN&FAT,1/8""FAT,CHOIC,RAW",0.0,68,75,0.0,258,17.98,0.0,60.21,8.94,0.74,8.02,20.08,28.35,1 oz
BEEF,"BEEF,SHRT LOIN,PRTRHS STEAK,LN&FAT,1/8""FAT,CHOIC,CKD,BRLD",0.0,74,89,0.0,299,23.27,0.0,52.61,9.78,0.79,8.45,22.11,255.0,"1 piece, cooked, excluding refuse (yield from 1 lb raw meat with refuse)"
BEEF,"BEEF,SHRT LOIN,T-BONE STEAK,LN&FAT,1/8""FAT,CHOIC,RAW",0.0,62,79,0.0,232,18.9,0.0,62.28,7.47,0.62,6.7,16.81,28.35,1 oz
BEEF,"BEEF,SHRT LOIN,T-BONE STEAK,LN&FAT,1/8""FAT,CHOIC,CKD,BRLD",0.0,65,92,0.0,286,24.04,0.0,54.16,8.94,0.71,7.83,20.3,259.0,"1 piece, cooked, excluding refuse (yield from 1 lb raw meat with refuse)"
BEEF,"BEEF,SHRT LOIN,TOP LOIN,LN&FAT,1/8""FAT,ALL GRDS,RAW",0.0,57,86,0.0,228,20.61,0.0,63.43,6.633,0.589,6.251,15.49,266.01,1 steak
BEEF,"BEEF,SHRT LOIN,TOP LOIN,LN&FAT,1/8""FAT,ALL GRDS,CKD,BRLD",0.0,88,101,0.0,264,26.44,0.0,56.48,6.993,0.621,6.608,16.78,85.0,3 oz
BEEF,"BEEF,SHRT LOIN,TOP LOIN,LN & FAT,1/8"" FAT,CHOIC,RAW",0.0,58,86,0.0,232,20.63,0.0,62.91,6.828,0.607,6.435,15.95,274.27,1 steak
BEEF,"BEEF,SHRT LOIN,TOP LOIN,LN&FAT,1/8""FAT,CHOIC,CKD,BRLD",0.0,97,100,0.0,278,26.16,0.0,54.99,7.688,0.683,7.264,18.45,221.09,"1 steak,  (yield from 270 g raw meat)"
BEEF,"BEEF,SHRT LOIN,TOP LOIN,LN&FAT,1/8""FAT,SEL,RAW",0.0,55,86,0.0,224,20.59,0.0,63.95,6.438,0.572,6.067,15.04,257.75,1 steak
BEEF,"BEEF,SHRT LOIN,TOP LOIN,LN&FAT,1/8""FAT,SEL,CKD,BRLD",0.0,79,102,0.0,250,26.72,0.0,57.96,6.298,0.56,5.951,15.11,204.03,"1 steak,  (yield from raw steak weighing 248 g)"
BEEF,"BEEF,SHRT LOIN,TOP LOIN,LN&FAT,1/8""FAT,PRIME,RAW",0.0,67,79,0.0,281,19.0,0.0,58.42,9.78,0.8,9.08,22.17,453.6,1 lb
BEEF,"BEEF,SHRT LOIN,TOP LOIN,LN&FAT,1/8""FAT,PRIME,CKD,BRLD",0.0,79,99,0.0,310,25.92,0.0,51.34,9.39,0.8,8.91,22.12,85.0,3 oz
BEEF,"BEEF,TENDERLOIN,LN&FAT,1/8""FAT,ALL GRDS,RAW",0.0,66,82,0.0,247,19.61,0.0,61.52,7.774,0.691,7.327,18.16,163.57,1 steak
BEEF,"BEEF,TENDERLOIN,LN & FAT,1/8"" FAT,ALL GRDS,CKD,BRLD",0.0,90,101,0.0,267,26.46,0.0,56.04,7.136,0.634,6.743,17.12,85.0,3 oz
BEEF,"BEEF,TENDERLOIN,LN&FAT,1/8""FAT,ALL GRDS,CKD,RSTD",0.0,85,91,0.0,324,23.9,0.0,48.37,10.27,1.0,9.72,24.6,330.0,"1 piece, cooked, excluding refuse (yield from 1 lb raw meat with refuse)"
BEEF,"BEEF,TENDERLOIN,LN&FAT,1/8""FAT,CHOIC,RAW",0.0,65,83,0.0,246,19.82,0.0,61.69,7.655,0.68,7.214,17.88,176.56,1 steak
BEEF,"BEEF,TENDERLOIN,LN&FAT,1/8""FAT,CHOIC,CKD,BRLD",0.0,93,101,0.0,273,26.43,0.0,55.53,7.409,0.658,7.001,17.78,140.47,"1 steak,  (yield from 181 g raw meat)"
BEEF,"BEEF,TENDERLOIN,LN&FAT,1/8""FAT,CHOIC,CKD,RSTD",0.0,85,91,0.0,331,23.9,0.0,47.99,10.5,0.96,10.02,25.39,329.0,"1 piece, cooked, excluding refuse (yield from 1 lb raw meat with refuse)"
BEEF,"BEEF,TENDERLOIN,LN&FAT,1/8""FAT,SEL,RAW",0.0,68,81,0.0,249,19.37,0.0,61.33,7.906,0.702,7.451,18.46,149.28,"1 steak,  (yield from 1 raw steak weighing149g)"
BEEF,"BEEF,TENDERLOIN,LN&FAT,1/8""FAT,SEL,CKD,BRLD",0.0,87,101,0.0,262,26.48,0.0,56.5,6.89,0.612,6.511,16.53,119.47,"1 steak,  (yield from 1 raw steak weighing 151g)"
BEEF,"BEEF,TENDERLOIN,LN&FAT,1/8""FAT,SEL,CKD,RSTD",0.0,85,91,0.0,316,23.9,0.0,48.86,9.92,0.96,9.38,23.7,329.0,"1 piece, cooked, excluding refuse (yield from 1 lb raw meat with refuse)"
BEEF,"BEEF,TENDERLOIN,LN&FAT,1/8""FAT,PRIME,RAW",0.0,70,76,0.0,274,18.15,0.0,59.52,9.26,0.87,8.96,21.83,28.35,1 oz
BEEF,"BEEF,TENDERLOIN,LN&FAT,1/8""FAT,PRIME,CKD,BRLD",0.0,86,96,0.0,308,25.26,0.0,51.84,9.17,0.86,8.85,22.21,85.0,3 oz
BEEF,"BEEF,TENDERLOIN,LN&FAT,1/8""FAT,PRIME,CKD,RSTD",0.0,88,92,0.0,343,24.04,0.0,48.28,11.01,1.03,10.63,26.67,326.0,"1 piece, cooked, excluding refuse (yield from 1 lb raw meat with refuse)"
BEEF,"BEEF,TOP SIRLOIN,LN&FAT,1/8""FAT,ALL GRDS,RAW",0.0,47,85,0.0,201,20.3,0.0,66.09,5.44,0.483,5.127,12.71,607.73,1 steak
BEEF,"BEEF,TOP SIRLOIN,LN&FAT,1/8""FAT,ALL GRDS,CKD,BRLD",0.0,75,103,0.0,243,26.96,0.0,58.36,5.93,0.527,5.603,14.23,306.0,"1 piece, cooked, excluding refuse (yield from 1 lb raw meat with refuse)"
BEEF,"BEEF,TOP SIRLOIN,LN&FAT,1/8""FAT,CHOIC,RAW",0.0,52,83,0.0,214,19.92,0.0,64.87,6.115,0.543,5.763,14.28,28.35,1 oz
BEEF,"BEEF,TOP SIRLOIN,LN&FAT,1/8""FAT,CHOIC,CKD,BRLD",0.0,83,102,0.0,257,26.8,0.0,56.81,6.564,0.583,6.202,15.75,306.0,"1 piece, cooked, excluding refuse (yield from 1 lb raw meat with refuse)"
BEEF,"BEEF,TOP SIRLOIN,LN&FAT,1/8""FAT,CHOIC,CKD,PAN-FRIED",0.0,98,110,0.0,313,28.77,0.0,49.56,8.86,1.71,8.18,21.06,307.0,"1 piece, cooked, excluding refuse (yield from 1 lb raw meat with refuse)"
BEEF,"BEEF,TOP SIRLOIN,LN&FAT,1/8""FAT,SEL,RAW",0.0,41,86,0.0,189,20.68,0.0,67.32,4.765,0.423,4.491,11.13,593.56,1 steak
BEEF,"BEEF,TOP SIRLOIN,LN&FAT,1/8""FAT,SEL,CKD,BRLD",0.0,67,103,0.0,230,27.12,0.0,59.92,5.296,0.471,5.004,12.71,484.9,"1 steak,  (yield from 1 raw steak weighing 624g)"
BEEF,"BEEF,CHUCK,CLOD RST,LN ONLY,TO 0"" FAT,USDA CHOIC,CKD,RSTD",0.0,64,99,0.0,171,25.95,0.0,64.39,3.51,0.25,1.96,6.69,85.0,"3 oz,  ( 1 serving )"
BEEF,"BEEF,CHUCK,CLOD RST,LN ONLY,TO 0"" FAT,USDA SEL,CKD,RSTD",0.0,72,107,0.0,172,28.09,0.0,64.21,2.92,0.34,2.15,5.82,85.0,"3 oz,  ( 1 serving )"
BEEF,"BEEF,CHUCK,CLOD STEAK,LN ONLY,TO 0"" FAT,USDA CHOIC,CKD,BRSD",0.0,89,112,0.0,193,29.52,0.0,59.42,3.56,0.28,2.12,7.42,85.0,"3 oz,  ( 1 serving )"
BEEF,"BEEF,CHUCK,CLOD STEAK,LN ONLY,TO 0"" FAT,USDA SEL,CKD,BRSD",0.0,99,116,0.0,191,30.37,0.0,60.29,3.2,0.32,2.48,6.84,85.0,"3 oz,  ( 1 serving )"
BEEF,"BEEF,FLANK,LN & FAT,0"" FAT,ALL GRDS,CKD,BRLD",0.0,45,105,0.0,192,27.66,0.0,64.17,3.317,0.322,3.395,8.23,382.99,"1 steak,  (yield from 475 g raw meat)"
BEEF,"BEEF,FLANK,LN & FAT,0"" FAT,SEL,CKD,BRLD",0.0,39,106,0.0,183,27.78,0.0,65.01,2.882,0.28,2.951,7.15,379.34,"1 steak,  (yield from 467 g raw meat)"
BEEF,"BEEF,BRISKET,FLAT HALF,LN & FAT,0"" FAT,SEL,CKD,BRSD",0.0,34,128,0.0,205,33.59,0.0,59.38,2.913,0.25,2.666,6.77,247.04,"1 steak,  (yield from 388 g raw meat)"
BEEF,"BEEF,RIB EYE,SML END (RIBS 10-12),LN & FAT,0"",SEL,CKD,BRLD",0.0,96,0,0.0,230,27.95,0.0,59.16,5.205,0.472,4.934,12.71,230.7,"1 steak,  (yield from 294 g raw meat)"
BEEF,"BEEF,RIBEYE,SML END(RIBS 10-12),LN&FAT,0"",ALL GRDS,CKD,BRLD",0.0,111,0,0.0,247,27.27,0.0,57.52,6.034,0.547,5.72,14.74,233.34,"1 steak,  (yield from 295 g raw meat)"
BF,"BF,BTTM SRLOIN,TRI-TIP RST,LN & FAT,0"" FAT,ALL GRDS,CKD,RSTD",0.0,84,99,0.0,211,26.05,0.0,62.63,5.481,0.363,4.071,11.07,569.01,"1 roast,  (yield from 690g raw meat)"
BEEF,"BEEF,BTTM SIRLOIN,TRI-TIP RST,LN & FAT,0"" FAT,ALL GRDS,RAW",0.0,65,86,0.0,165,20.64,0.0,70.08,4.246,0.394,3.14,8.55,0.0,
BEEF,"BEEF,BTTM SIRLOIN,TRI-TIP RST,LN & FAT,0"" FAT,CHOIC,CKD,RSTD",0.0,94,98,0.0,221,25.66,0.0,61.82,6.121,0.406,4.546,12.36,590.7,"1 roast,  (yield from 714 g raw meat)"
BEEF,"BEEF,BTTM SIRLOIN,TRI-TIP RST,LN & FAT,0"" FAT,CHOIC,RAW",0.0,72,86,0.0,174,20.64,0.0,69.37,4.724,0.438,3.493,9.51,0.0,
BEEF,"BEEF,BTTM SIRLOIN,TRI-TIP RST,LN & FAT,0"" FAT,SEL,CKD,RSTD",0.0,74,101,0.0,201,26.44,0.0,63.45,4.841,0.321,3.595,9.78,547.32,"1 roast,  (yield from 666 g raw meat)"
BEEF,"BEEF,BTTM SIRLOIN,TRI-TIP RST,LN & FAT,0"" FAT,SEL,RAW",0.0,58,86,0.0,157,20.64,0.0,70.73,3.816,0.354,2.822,7.68,0.0,
BEEF,"BEEF,RND,TOP RND,LN & FAT,0"" FAT,ALL GRDS,CKD,BRLD",0.0,66,120,0.0,188,31.61,0.0,61.85,2.493,0.222,2.116,5.89,276.57,"1 steak,  (yield from 381 g raw meat)"
BEEF,"BEEF,CHUCK,MOCK TENDER STK,LN,0"" FAT,USDA CHOIC,CKD,BRLD",0.0,65,98,0.0,161,25.74,0.0,65.59,2.71,0.4,1.71,5.69,85.0,"3 oz,  (1 serving)"
BEEF,"BEEF,CHUCK,MOCK TENDER STK,LN,0"" FAT,USDA SEL,CKD,BRLD",0.0,59,100,0.0,157,26.13,0.0,67.26,2.46,0.36,2.0,5.02,85.0,"3 oz,  ( 1 serving )"
BEEF,"BEEF,CHUCK,TOP BLADE,LN ONLY,TO 0"" FAT,USDA CHOIC,CKD,BRLD",0.0,57,99,0.0,217,26.11,0.0,61.63,5.73,0.41,3.62,11.65,85.0,"3 oz,  ( 1 serving )"
BEEF,"BEEF,CHUCK,TOP BLADE,LN ONLY,TO 0"" FAT,USDA SEL,CKD,BRLD",0.0,66,100,0.0,184,26.16,0.0,64.32,3.33,0.31,2.71,8.0,85.0,"3 oz,  ( 1 serving )"
BEEF,"BEEF,RND,TOP RND,LN & FAT,0"" FAT,CHOIC,CKD,BRLD",0.0,80,120,0.0,200,31.57,0.0,60.0,3.037,0.27,2.578,7.17,283.73,"1 steak,  (yield from 396 g raw meat)"
BEEF,"BEEF,RND,TOP RND,LN & FAT,0"" FAT,SEL,CKD,BRLD",0.0,51,120,0.0,177,31.65,0.0,63.71,1.949,0.173,1.654,4.6,269.4,"1 steak,  (yield from 368 g meat)"
BEEF,"BEEF,FLANK,LN & FAT,0"" FAT,ALL GRDS,RAW",0.0,35,89,0.0,155,21.22,0.0,70.73,2.924,0.277,2.978,7.17,0.0,
BEEF,"BEEF,FLANK,LN & FAT,0"" FAT,SEL,RAW",0.0,30,89,0.0,145,21.22,0.0,71.99,2.469,0.234,2.514,6.06,0.0,
BEEF,"BEEF,PLATE,INSIDE SKIRT STEAK,LN,0"" FAT,ALL GRDS,CKD,BRLD",0.0,59,102,0.0,205,26.66,0.0,61.77,5.22,0.36,3.85,10.06,85.0,"3 oz,  ( 1 serving )"
BEEF,"BEEF,PLATE,OUTSIDE SKIRT STEAK,LN,0"" FAT,ALL GRDS,CKD,BRLD",0.0,58,92,0.0,233,24.18,0.0,59.17,7.38,0.6,5.97,14.37,85.0,"3 oz,  ( 1 serving )"
BF,"BF,LOIN,BTTM SIRLOIN BUTT,TRI-TIP,LN,0"" FAT,ALL GRD,CKD,RSTD",0.0,71,102,0.0,182,26.75,0.0,64.67,4.205,0.268,3.108,8.34,85.0,1 serving
BEEF,"BEEF,BTTM SIRLOIN,TRI-TIP STEAK,LN,0"" FAT,ALL GRDS,CKD,BRLD",0.0,67,117,0.0,250,30.68,0.0,51.67,6.93,0.46,4.87,13.16,85.0,"3 oz,  ( 1 serving )"
ALCOHOLIC BEV,"ALCOHOLIC BEV,BEER,REG,ALL",3.55,0,10,0.0,43,0.46,0.0,91.96,0.0,0.0,0.0,0.0,356.0,1 can
ALCOHOLIC BEV,"ALCOHOLIC BEV,BEER,REG,BUDWEISER",2.97,0,0,0.0,41,0.36,0.0,92.77,0.0,0.0,0.0,0.0,29.78,1 fl oz
ALCOHOLIC BEV,"ALCOHOLIC BEV,BEER,LT,BUDWEISER SEL",0.87,0,0,0.0,28,0.2,0.0,95.3,0.0,0.0,0.0,0.0,29.54,1 fluid ounce
ALCOHOLIC BEV,"ALCOHOLIC BEV,BEER,LT",1.64,0,9,0.0,29,0.24,0.090000004,94.88,0.0,0.0,0.0,0.0,29.5,1 fl oz
ALCOHOLIC BEV,"ALCOHOLIC BEV,BEER,LT,BUD LT",1.86,0,0,0.0,31,0.25,0.0,95.0,0.0,0.0,0.0,0.0,29.49,1 fl oz
ALCOHOLIC BEV,"ALCOHOLIC BEV,DAIQUIRI,CND",15.7,0,0,0.0,125,0.0,0.0,74.6,0.0,0.0,0.0,0.0,30.5,1 fl oz
ALCOHOLIC BEV,"ALCOHOLIC BEV,DAIQUIRI,PREPARED-FROM-RECIPE",6.94,0,0,0.100000001,186,0.06,5.579999924,69.74,0.006,0.016,0.006,0.06,30.2,1 fl oz
ALCOHOLIC BEV,"ALCOHOLIC BEV,BEER,LT,MICHELOB ULTRA",0.73,0,0,0.0,27,0.17,0.0,95.4,0.0,0.0,0.0,0.0,29.51,1 fl oz
ALCOHOLIC BEV,"ALCOHOLIC BEV,PINA COLADA,CND",27.6,0,0,0.100000001,237,0.6,0.0,54.9,0.442,0.137,6.571,7.6,32.6,1 fl oz
ALCOHOLIC BEV,"ALCOHOLIC BEV,PINA COLADA,PREPARED-FROM-RECIPE",22.66,0,0,0.300000012,174,0.42,22.32999992,64.99,0.082,0.033,1.636,1.88,31.4,1 fl oz
ALCOHOLIC BEV,"ALCOHOLIC BEV,TEQUILA SUNRISE,CND",11.3,0,0,0.0,110,0.3,0.0,78.8,0.0,0.0,0.013,0.1,31.1,1 fl oz
WHISKEY SOUR MIX,"WHISKEY SOUR MIX,PDR",97.3,0,0,0.0,383,0.6,97.30000305,0.6,0.006,0.037,0.019,0.1,16.7,1 packet
ALCOHOLIC BEV,"ALCOHOLIC BEV,WHISKEY SOUR,PREP W/ H2O,WHISKEY & PDR MIX",15.85,0,0,0.0,164,0.1,15.81000042,69.15,0.001,0.006,0.003,0.02,29.4,1 fl oz
ALCOHOLIC BEV,"ALCOHOLIC BEV,WHISKEY SOUR,CND",13.4,0,0,0.100000001,119,0.0,0.0,76.9,0.0,0.0,0.0,0.0,30.8,1 fl oz
WHISKEY SOUR MIX,"WHISKEY SOUR MIX,BTLD",21.4,0,1,0.0,87,0.1,21.39999962,78.2,0.002,0.02,0.008,0.1,32.3,1 fl oz
ALCOHOLIC BEV,"ALCOHOLIC BEV,WHISKEY SOUR,PREP FROM ITEM 14028",12.82,0,0,0.0,153,0.06,12.77999973,72.44,0.001,0.011,0.005,0.06,30.4,1 fl oz
ALCOHOLIC BEV,"ALCOHOLIC BEV,CREME DE MENTHE,72 PROOF",41.6,0,0,0.0,371,0.0,41.59999847,28.3,0.015,0.167,0.014,0.3,33.6,1 fl oz
ALCOHOLIC BEV,"ALCOHOLIC BEV,DISTILLED,ALL (GIN,RUM,VODKA,WHISKEY) 80 PROOF",0.0,0,0,0.0,231,0.0,0.0,66.6,0.0,0.0,0.0,0.0,27.8,1 fl oz
ALCOHOLIC BEV,"ALCOHOLIC BEV,DISTILLED,GIN,90 PROOF",0.0,0,0,0.0,263,0.0,0.0,62.1,0.0,0.0,0.0,0.0,27.8,1 fl oz
ALCOHOLIC BEV,"ALCOHOLIC BEV,DISTILLED,RUM,80 PROOF",0.0,0,0,0.0,231,0.0,0.0,66.6,0.0,0.0,0.0,0.0,27.8,1 fl oz
ALCOHOLIC BEV,"ALCOHOLIC BEV,DISTILLED,VODKA,80 PROOF",0.0,0,0,0.0,231,0.0,0.0,66.6,0.0,0.0,0.0,0.0,27.8,1 fl oz
ALCOHOLIC BEV,"ALCOHOLIC BEV,DISTILLED,WHISKEY,86 PROOF",0.1,0,0,0.0,250,0.0,0.100000001,63.9,0.0,0.0,0.0,0.0,27.8,1 fl oz
ALCOHOLIC BEV,"ALCOHOLIC BEV,WINE,DSSRT,SWT",13.69,0,5,0.0,160,0.2,7.78000021,70.51,0.0,0.0,0.0,0.0,29.5,1 fl oz
ALCOHOLIC BEV,"ALCOHOLIC BEV,WINE,TABLE,ALL",2.72,0,5,0.0,83,0.07,0.790000021,86.58,0.0,0.0,0.0,0.0,148.0,"1 serving,  5 fl oz"
CAMPBELL SOUP COMPANY,"CAMPBELL SOUP COMPANY,V8 SPLASH SMOOTHIES,PEACH MANGO",7.76,0,0,0.0,37,1.22,7.349999905,87.2,0.0,0.0,0.0,0.0,245.0,"1 serving, 8 oz"
CAMPBELL SOUP COMPANY,"CAMPBELL SOUP COMPANY,V8 SPLASH SMOOTHIES,STRAWBERRY BANANA",8.16,0,0,0.0,37,1.22,7.349999905,86.5,0.0,0.0,0.0,0.0,245.0,"1 serving, 8 oz"
CAMPBELL SOUP COMPANY,"CAMPBELL SOUP COMPANY,V8 SPLASH SMOOTHIES,TROPICAL COLADA",8.54,0,0,0.400000006,41,1.22,7.320000172,86.7,0.0,0.0,0.0,0.0,246.0,"1 serving, 8 oz"
ALCOHOLIC BEV,"ALCOHOLIC BEV,WINE,TABLE,RED",2.61,0,6,0.0,85,0.07,0.620000005,86.49,0.0,0.0,0.0,0.0,29.39,1 fl oz
ALCOHOLIC BEV,"ALCOHOLIC BEV,WINE,TABLE,RED,CABERNET SAUVIGNON",2.6,0,0,0.0,83,0.07,0.0,86.56,0.0,0.0,0.0,0.0,29.39,1 fluid ounce
ALCOHOLIC BEV,"ALCOHOLIC BEV,WINE,TABLE,RED,CABERNET FRANC",2.45,0,0,0.0,83,0.07,0.0,86.59,0.0,0.0,0.0,0.0,29.37,1 fluid ounce
ALCOHOLIC BEV,"ALCOHOLIC BEV,WINE,TABLE,RED,PINOT NOIR",2.31,0,0,0.0,82,0.07,0.0,86.94,0.0,0.0,0.0,0.0,29.36,1 fl oz
ALCOHOLIC BEV,"ALCOHOLIC BEV,WINE,TABLE,RED,SYRAH",2.58,0,0,0.0,83,0.07,0.0,86.53,0.0,0.0,0.0,0.0,29.39,1 fl oz
ALCOHOLIC BEV,"ALCOHOLIC BEV,WINE,TABLE,RED,BARBERA",2.79,0,0,0.0,85,0.07,0.0,86.29,0.0,0.0,0.0,0.0,29.4,1 fl oz
ALCOHOLIC BEV,"ALCOHOLIC BEV,WINE,TABLE,RED,ZINFANDEL",2.86,0,0,0.0,88,0.07,0.0,85.71,0.0,0.0,0.0,0.0,29.4,1 fl oz
ALCOHOLIC BEV,"ALCOHOLIC BEV,WINE,TABLE,RED,PETITE SIRAH",2.68,0,0,0.0,85,0.07,0.0,86.22,0.0,0.0,0.0,0.0,29.45,1 fl oz
ALCOHOLIC BEV,"ALCOHOLIC BEV,WINE,TABLE,RED,CLARET",3.01,0,0,0.0,83,0.07,0.0,86.38,0.0,0.0,0.0,0.0,29.45,1 fl oz
ALCOHOLIC BEV,"ALCOHOLIC BEV,WINE,TABLE,WHITE",2.6,0,4,0.0,82,0.07,0.959999979,86.86,0.0,0.0,0.0,0.0,29.42,1 fl oz
ALCOHOLIC BEV,"ALCOHOLIC BEV,WINE,TABLE,RED,LEMBERGER",2.46,0,0,0.0,80,0.07,0.0,87.02,0.0,0.0,0.0,0.0,29.44,1 fl oz
ALCOHOLIC BEV,"ALCOHOLIC BEV,WINE,TABLE,RED,SANGIOVESE",2.62,0,0,0.0,86,0.07,0.0,86.17,0.0,0.0,0.0,0.0,29.38,1 fl oz
ALCOHOLIC BEV,"ALCOHOLIC BEV,WINE,TABLE,RED,CARIGNANE",2.4,0,0,0.0,74,0.07,0.0,87.88,0.0,0.0,0.0,0.0,29.42,1 fl oz
ALCOHOLIC BEV,"ALCOHOLIC BEV,WINE,TABLE,WHITE,PINOT GRIS (GRIGIO)",2.06,0,0,0.0,83,0.07,0.0,86.98,0.0,0.0,0.0,0.0,29.3,1 fl oz
BEEF BROTH&TOMATO JUC,"BEEF BROTH&TOMATO JUC,CND",8.5,0,0,0.100000001,37,0.6,0.0,89.9,0.029,0.022,0.032,0.1,30.5,1 fl oz
ALCOHOLIC BEV,"ALCOHOLIC BEV,WINE,TABLE,WHITE,CHENIN BLANC",3.31,0,0,0.0,80,0.07,0.0,86.78,0.0,0.0,0.0,0.0,29.5,1 fl oz
ALCOHOLIC BEV,"ALCOHOLIC BEV,WINE,TABLE,WHITE,FUME BLANC",2.27,0,0,0.0,82,0.07,0.0,86.98,0.0,0.0,0.0,0.0,29.34,1 fl oz
MIXED VEG & FRUIT JUC DRK,"MIXED VEG & FRUIT JUC DRK,W/ ADDED NUTR",7.47,0,5,0.0,29,0.04,2.099999905,92.34,0.0,0.0,0.0,0.01,247.35,8 fl oz
ALCOHOLIC BEV,"ALCOHOLIC BEV,WINE,TABLE,WHITE,MULLER THURGAU",3.48,0,0,0.0,76,0.07,0.0,87.28,0.0,0.0,0.0,0.0,29.54,1 fl oz
CARBONATED BEV,"CARBONATED BEV,CLUB SODA",0.0,0,0,0.0,0,0.0,0.0,99.9,0.0,0.0,0.0,0.0,29.6,1 fl oz
ALCOHOLIC BEV,"ALCOHOLIC BEV,WINE,TABLE,WHITE,GEWURZTRAMINER",2.6,0,0,0.0,81,0.07,0.0,87.03,0.0,0.0,0.0,0.0,29.48,1 fl oz
ALCOHOLIC BEV,"ALCOHOLIC BEV,WINE,TABLE,WHITE,SEMILLON",3.12,0,0,0.0,82,0.07,0.0,86.54,0.0,0.0,0.0,0.0,29.5,1 fl oz
CARBONATED BEV,"CARBONATED BEV,CRM SODA",13.3,0,0,0.0,51,0.0,13.30000019,86.7,0.0,0.0,0.0,0.0,30.9,1 fl oz
DRINK MIX,"DRINK MIX,QUAKER OATS,GATORADE,LEMON-LIME FLAVOR,PDR",95.3,0,0,0.0,364,0.0,89.69999695,2.7,0.0,0.0,0.0,0.0,16.0,.75 scoop
ALCOHOLIC BEV,"ALCOHOLIC BEV,WINE,TABLE,WHITE,RIESLING",3.74,0,0,0.0,80,0.07,0.0,86.56,0.0,0.0,0.0,0.0,29.58,1 fl oz
ALCOHOLIC BEV,"ALCOHOLIC BEV,WINE,TABLE,WHITE,SAUVIGNON BLANC",2.05,0,0,0.0,81,0.07,0.0,87.16,0.0,0.0,0.0,0.0,29.35,1 fl oz
ALCOHOLIC BEV,"ALCOHOLIC BEV,WINE,TABLE,WHITE,LATE HARVEST",13.39,0,0,0.0,112,0.07,0.0,77.76,0.0,0.0,0.0,0.0,30.77,1 fl oz
CARBONATED BEV,"CARBONATED BEV,GINGER ALE",8.77,0,0,0.0,34,0.0,8.699999809,91.23,0.0,0.0,0.0,0.0,30.5,1 fl oz
TEA,"TEA,RTD,NESTLE,COOL NESTEA ICE TEA LEMON FLAVOR",9.09,0,0,0.0,36,0.0,9.090000153,91.18,0.0,0.0,0.0,0.0,30.63,1 fl oz
ALCOHOLIC BEV,"ALCOHOLIC BEV,WINE,TABLE,WHITE,PINOT BLANC",1.94,0,0,0.0,81,0.07,0.0,87.14,0.0,0.0,0.0,0.0,29.31,1 fl oz
ALCOHOLIC BEV,"ALCOHOLIC BEV,WINE,TABLE,WHITE,MUSCAT",5.23,0,0,0.0,82,0.07,0.0,85.69,0.0,0.0,0.0,0.0,29.96,1 fl oz
CARBONATED BEV,"CARBONATED BEV,GRAPE SODA",11.2,0,0,0.0,43,0.0,0.0,88.8,0.0,0.0,0.0,0.0,31.0,1 fl oz
CARBONATED BEV,"CARBONATED BEV,LO CAL,OTHER THAN COLA OR PEPPER,WO/ CAFFEINE",0.0,0,0,0.0,0,0.1,0.0,99.8,0.0,0.0,0.0,0.0,29.6,1 fl oz
CARBONATED BEV,"CARBONATED BEV,LEMON-LIME SODA,CONTAINS CAFFEINE",10.42,0,0,0.0,41,0.09,10.18999958,89.49,0.0,0.0,0.0,0.0,30.8,1 fl oz
CARBONATED BEV,"CARBONATED BEV,SPRITE,LEMON-LIME,WO/ CAFFEINE",10.14,0,0,0.0,40,0.05,8.979999542,89.78,0.0,0.0,0.0,0.02,30.75,1 fl oz
CARBONATED BEV,"CARBONATED BEV,LO CAL,COLA OR PEPPR-TYPE,W/ ASPRT,WO/ CAFFEN",0.15,0,0,0.0,1,0.12,0.0,99.74,0.0,0.0,0.0,0.0,29.6,1 fl oz
CARBONATED BEV,"CARBONATED BEV,COLA,WO/CAFFEINE",10.58,0,0,0.0,41,0.0,10.57999992,89.62,0.0,0.0,0.0,0.0,30.69,1 fl oz
CARBONATED BEV,"CARBONATED BEV,COLA,W/HIGHER CAFFEINE",10.58,0,0,0.0,41,0.0,10.57999992,89.62,0.0,0.0,0.0,0.0,30.69,1 fl oz
CARBONATED BEV,"CARBONATED BEV,RED SUGAR,COLA,CONTAINS CAFFEINE & SWEETENERS",5.16,0,0,0.0,20,0.0,5.159999847,94.78,0.0,0.0,0.0,0.0,29.6,1 fl oz
CARBONATED BEV,"CARBONATED BEV,ORANGE",12.3,0,1,0.0,48,0.0,0.0,87.6,0.0,0.0,0.0,0.0,31.0,1 fl oz
CARB BEV,"CARB BEV,LO CAL,OTHR THN COLA OR PEPPER,W/ ASPRT,CONTNS CAFF",0.0,0,0,0.0,0,0.1,0.0,99.8,0.0,0.0,0.0,0.0,29.6,1 fl oz
ALCOHOLIC BEV,"ALCOHOLIC BEV,WINE,TABLE,RED,BURGUNDY",3.69,0,0,0.0,86,0.07,0.0,85.62,0.0,0.0,0.0,0.0,29.53,1 fl oz
CARBONATED BEV,"CARBONATED BEV,PEPPER-TYPE,CONTAINS CAFFEINE",10.4,0,0,0.0,41,0.0,0.0,89.4,0.0,0.0,0.07,0.1,30.7,1 fl oz
ENGY DRK,"ENGY DRK,RED BULL,W/ ADD CAFFEINE,NIACIN,PANTO,VIT B6 & B12",10.94,0,0,0.0,45,0.25,10.06000042,88.45,0.0,0.0,0.0,0.08,255.25,"1 serving,  8.3 fl oz can"
CARBONATED BEV,"CARBONATED BEV,TONIC H2O",8.8,0,0,0.0,34,0.0,8.800000191,91.1,0.0,0.0,0.0,0.0,30.5,1 fl oz
ENG DRK,"ENG DRK,RED BULL,SGR FR,W/ADD CAFF,NIACIN,PANTO,VIT B6 & B12",0.7,0,0,0.0,5,0.25,0.0,98.35,0.0,0.0,0.0,0.08,250.0,"1 serving,  8.3 fl oz can"
CARBONATED BEV,"CARBONATED BEV,ROOT BEER",10.6,0,0,0.0,41,0.0,10.60000038,89.3,0.0,0.0,0.0,0.0,30.8,1 fl oz
ALCOHOLIC BEV,"ALCOHOLIC BEV,WINE,TABLE,RED,GAMAY",2.38,0,0,0.0,78,0.07,0.0,87.49,0.0,0.0,0.0,0.0,29.39,1 fl oz
ALCOHOLIC BEV,"ALCOHOLIC BEV,WINE,TABLE,RED,MOUVEDRE",2.64,0,0,0.0,88,0.07,0.0,85.81,0.0,0.0,0.0,0.0,29.37,1 fl oz
CARBONATED BEV,"CARBONATED BEV,LO CAL,COLA OR PEPR,W/ NA SACC,CONTAINS CAFFN",0.1,0,0,0.0,0,0.0,0.0,99.8,0.0,0.0,0.0,0.0,29.6,1 fl oz
CAROB-FLAVOR BEV MIX,"CAROB-FLAVOR BEV MIX,PDR",93.3,0,0,8.0,372,1.8,0.0,2.9,0.06,0.068,0.03,0.2,12.0,1 tbsp
CAROB-FLAVOR BEV MIX,"CAROB-FLAVOR BEV MIX,PDR,PREP W/ WHL MILK",8.68,10,0,0.400000006,75,3.16,0.0,84.32,0.777,0.189,1.779,3.11,256.0,"1 cup,  (8 fl oz)"
CHOCOLATE-FLAVOR BEV MIX FOR MILK,"CHOCOLATE-FLAVOR BEV MIX FOR MILK,PDR,WO/ ADDED NUTR",90.9,0,16,4.800000191,405,3.3,83.87999725,0.9,1.009,0.091,1.834,3.1,21.6,"1 portion,  (2-3 heaping tsp)"
CHOCOLATE-FLAVOR BEV MIX,"CHOCOLATE-FLAVOR BEV MIX,PDR,PREP W/ WHL MILK",11.91,9,0,0.400000006,85,3.23,12.10000038,80.79,0.829,0.186,1.86,3.24,266.0,"1 cup,  (8 fl oz)"
No Category,CHOCOLATE SYRUP,65.1,0,1,2.599999905,279,2.1,49.65000153,31.0,0.286,0.026,0.519,1.13,38.5,"1 serving, 2 tbsp"
CHOCOLATE SYRUP,"CHOCOLATE SYRUP,PREP W/ WHL MILK",12.78,9,0,0.300000012,90,3.07,11.31000042,80.51,0.74,0.172,1.681,2.96,282.0,"1 cup,  (8 fl oz)"
CLAM&TOMATO JUC,"CLAM&TOMATO JUC,CND",10.95,0,0,0.400000006,48,0.6,3.309999943,87.4,0.0,0.0,0.0,0.2,30.2,1 fl oz
COCOA MIX,"COCOA MIX,PDR",83.73,0,33,3.700000048,398,6.67,65.55000305,1.5,1.325,0.114,2.377,4.0,28.35,"1 serving,  (3 heaping tsp or 1 envelope)"
COCOA MIX,"COCOA MIX,PDR,PREP W/ H2O",11.54,0,5,0.5,55,0.92,9.029999733,86.34,0.183,0.016,0.328,0.55,205.77,"1 serving, 6 fl oz"
COCOA MIX,"COCOA MIX,NESTLE,HOT COCOA MIX RICH CHOC W/ MARSHMALLOWS",75.0,0,0,3.700000048,400,2.8,65.0,4.18,0.0,0.0,15.0,15.0,20.2,"1 serving, 1 envelope"
COCOA MIX,"COCOA MIX,NO SUGAR ADDED,PDR",71.93,0,115,7.5,377,15.49,37.65000153,3.4,0.979,0.088,1.777,3.0,19.1,"1 envelope Alba,  (.675 oz)"
COCOA MIX,"COCOA MIX,NESTLE,RICH CHOC HOT COCOA MIX",75.0,0,0,4.0,400,3.0,60.0,3.73,0.0,0.0,10.0,15.0,20.2,"1 serving, 1 envelope"
COFFEE,"COFFEE,BREWED FROM GROUNDS,PREP W/ TAP H2O,DECAFFEINATED",0.0,0,1,0.0,0,0.1,0.0,99.3,0.0,0.002,0.002,0.0,237.0,"1 cup,  (8 fl oz)"
COFFEE,"COFFEE,BREWED,ESPRESSO,REST-PREP,DECAFFEINATED",0.0,0,1,0.0,0,0.1,0.0,97.8,0.0,0.092,0.092,0.18,29.6,1 fluid ounce
COFFEE,"COFFEE,INST,REG,PDR,HALF THE CAFFEINE",70.6,0,102,0.0,350,14.42,0.0,3.1,0.041,0.196,0.197,0.5,1.0,1 tsp
COFFEE&COCOA (MOCHA) PDR,"COFFEE&COCOA (MOCHA) PDR,W/WHTNR&LO CAL SWTNR,DECAFFEINATED",71.4,0,17,4.800000191,257,9.0,34.97999954,3.1,0.954,0.349,11.376,13.21,6.4,"1 tsp, dry"
COFFEE,"COFFEE,BREWED FROM GROUNDS,PREP W/ TAP H2O",0.0,0,3,0.0,1,0.12,0.0,99.39,0.015,0.001,0.002,0.02,237.0,"1 cup,  (8 fl oz)"
COFFEE,"COFFEE,BREWED,ESPRESSO,REST-PREP",0.0,0,3,0.0,2,0.12,0.0,97.8,0.0,0.092,0.092,0.18,29.6,1 fluid ounce
COFFEE,"COFFEE,INST,REG,PDR",41.1,0,102,0.0,241,12.2,0.0,3.1,0.041,0.196,0.197,0.5,1.0,1 tsp
COFFEE,"COFFEE,INST,REG,PREP W/H2O",0.34,0,1,0.0,2,0.1,0.0,99.09,0.0,0.002,0.002,0.0,178.92,"1 serving, 6 fl oz"
COFFEE,"COFFEE,INST,DECAFFEINATED,PDR",42.6,0,102,0.0,224,11.6,0.0,3.2,0.021,0.101,0.101,0.2,1.8,"1 tsp,  rounded"
COFFEE,"COFFEE,INST,DECAFFEINATED,PDR,PREP W/H2O",0.43,0,0,0.0,2,0.12,0.0,98.93,0.0,0.001,0.001,0.0,179.22,"1 serving, 6 fl oz"
COFFEE,"COFFEE,INST,W/CHICORY,PDR",74.2,0,0,0.5,351,9.3,0.0,4.1,0.015,0.07,0.071,0.2,1.8,"1 tsp,  rounded"
COFFEE,"COFFEE,INST,W/ CHICORY,PREP W/ H2O",0.75,0,0,0.0,3,0.09,0.0,98.94,0.0,0.001,0.001,0.0,179.22,"1 serving, 6 fl oz"
COFFEE,"COFFEE,INST,W/SUGAR,MOCHA-FLAVOR,PDR",74.04,0,31,1.899999976,460,5.29,58.20000076,1.7,8.934,1.053,4.934,15.87,13.0,"1 serving, 2 tbsp"
COFFEE,"COFFEE,INST,W/SUGAR,CAPPUCCINO-FLAVOR PDR",85.94,2,68,1.200000048,406,3.1,69.16000366,1.3,1.604,0.241,3.422,5.56,13.0,"4 teaspoon,  (1 serving)"
COFFEE,"COFFEE,INST,W/SUGAR,FRENCH-FLAVOR,PDR",65.67,0,10,0.0,484,4.5,41.74000168,2.4,14.001,2.419,4.997,22.63,13.0,"4 teaspoon,  (1 serving)"
COFFEE SUB,"COFFEE SUB,CRL GRAIN BEV,PDR",78.42,0,13,23.29999924,360,6.01,4.630000114,7.99,0.356,1.225,0.603,2.52,3.0,"1 tsp,  (1 serving)"
COFFEE SUB,"COFFEE SUB,CRL GRAIN BEV,PREP W/ H2O",1.3,0,0,0.400000006,6,0.1,0.079999998,98.37,0.006,0.02,0.01,0.04,180.42,"1 serving, 6 fl oz"
CRANBERRY-APPLE JUC DRK,"CRANBERRY-APPLE JUC DRK,BTLD",15.85,0,1,0.0,63,0.0,14.5,83.78,0.014,0.052,0.013,0.11,245.0,"1 cup,  (8 fl oz)"
CRANBERRY-APRICOT JUC DRK,"CRANBERRY-APRICOT JUC DRK,BTLD",16.2,0,0,0.100000001,64,0.2,0.0,83.5,0.0,0.0,0.0,0.0,245.0,"1 cup,  (8 fl oz)"
CRANBERRY-GRAPE JUC DRK,"CRANBERRY-GRAPE JUC DRK,BTLD",14.0,0,0,0.100000001,56,0.2,0.0,85.6,0.004,0.023,0.033,0.1,245.0,"1 cup,  (8 fl oz)"
CRANBERRY JUC COCKTAIL,"CRANBERRY JUC COCKTAIL,BTLD",13.52,0,1,0.0,54,0.0,11.86999989,86.17,0.019,0.059,0.009,0.1,253.0,"1 cup,  (8 fl oz)"
CRANBERRY JUC COCKTAIL,"CRANBERRY JUC COCKTAIL,BTLD,LO CAL,W/CA,SACCHARIN&CORN SWTNR",4.6,0,0,0.0,19,0.02,4.590000153,95.2,0.0,0.0,0.0,0.01,237.0,"1 cup,  (8 fl oz)"
EGGNOG-FLAVOR MIX,"EGGNOG-FLAVOR MIX,PDR,PREP W/ WHL MILK",14.2,11,0,0.0,95,2.93,12.65999985,79.16,0.767,0.186,1.701,3.02,272.0,"1 cup,  (8 fl oz)"
CITRUS FRUIT JUC DRK,"CITRUS FRUIT JUC DRK,FRZ CONC",40.2,0,2,0.200000003,162,1.2,28.62999916,57.4,0.007,0.015,0.007,0.1,35.2,1 fl oz
CITRUS FRUIT JUC DRK,"CITRUS FRUIT JUC DRK,FRZ CONC,PREP W/H2O",11.42,0,0,0.100000001,46,0.34,8.130000114,87.83,0.002,0.004,0.002,0.03,247.82,"1 serving, 8 fl oz"
FRUIT PUNCH DRK,"FRUIT PUNCH DRK,WO/ ADDED NUTR,CND",11.97,0,0,0.0,48,0.0,11.28999996,87.97,0.0,0.0,0.0,0.0,0.0,
FRUIT PUNCH DRK,"FRUIT PUNCH DRK,W/ ADDED NUTR,CND",11.97,0,0,0.200000003,47,0.0,11.28999996,87.97,0.002,0.003,0.0,0.0,248.0,"1 cup,  (8 fl oz)"
FRUIT PUNCH DRK,"FRUIT PUNCH DRK,FRZ CONC",41.4,0,0,0.400000006,162,0.2,0.0,58.2,0.003,0.006,0.003,0.0,34.8,1 fl oz
FRUIT PUNCH DRK,"FRUIT PUNCH DRK,FRZ CONC,PREP W/H2O",11.66,0,0,0.100000001,46,0.06,0.0,88.15,0.001,0.002,0.001,0.0,247.02,"1 serving, 8 fl oz"
GRAPE DRINK,"GRAPE DRINK,CANNED",15.75,0,0,0.0,61,0.0,13.06000042,84.2,0.0,0.0,0.0,0.0,250.0,"1 cup,  (8 fl oz)"
GRAPE JUICE DRINK,"GRAPE JUICE DRINK,CANNED",14.55,0,0,0.100000001,57,0.0,14.10999966,85.3,0.0,0.0,0.0,0.0,250.0,"1 cup,  (8 fl oz)"
LEMONADE,"LEMONADE,POWDER",94.44,0,0,0.0,389,0.0,94.44000244,0.3,0.0,0.0,0.0,0.0,18.0,1 serving
LEMONADE,"LEMONADE,PDR,PREP W/H2O",9.72,0,0,0.0,37,0.0,9.720000267,89.65,0.0,0.0,0.0,0.0,264.2,"1 serving, 1 cup 8 fl oz"
LEMONADE,"LEMONADE,LO CAL,W/ASPRT,PDR",83.7,0,0,0.100000001,332,3.6,0.0,1.8,0.01,0.09,0.039,0.3,1.95,1 serving
LEMONADE,"LEMONADE,LO CAL,W/ASPRT,PDR,PREP W/H2O",0.68,0,0,0.0,3,0.03,0.0,99.1,0.0,0.001,0.0,0.0,238.51,"1 serving, 1 cup 8 fl oz"
LEMONADE,"LEMONADE,FRZ CONC,WHITE",47.0,0,2,0.200000003,181,0.3,45.02999878,52.3,0.008,0.059,0.025,0.2,36.5,1 fl oz
LEMONADE,"LEMONADE,FRZ CONC,WHITE,PREP W/H2O",10.42,0,0,0.0,40,0.07,9.979999542,89.35,0.002,0.013,0.006,0.04,246.96,"1 serving, 1 cup 8 fl oz"
LEMONADE-FLAVOR DRK,"LEMONADE-FLAVOR DRK,PDR",94.44,0,0,0.0,389,0.1,94.44000244,0.6,0.0,0.0,0.003,0.0,18.0,1 serving
LEMONADE-FLAVOR DRK,"LEMONADE-FLAVOR DRK,PDR,PREP W/H2O",6.68,0,0,0.0,26,0.01,6.679999828,92.88,0.0,0.0,0.0,0.0,254.56,"1 serving, 1 cup 8 fl oz"
LIMEADE,"LIMEADE,FRZ CONC",62.32,0,2,0.0,247,0.0,59.95999908,37.46,0.0,0.0,0.0,0.0,36.4,1 fl oz
LIMEADE,"LIMEADE,FRZ CONC,PREP W/H2O",13.79,0,0,0.0,52,0.0,13.27000046,86.08,0.0,0.0,0.0,0.0,246.83,"1 serving, 1 cup 8 fl oz"
No Category,MALT BEVERAGE,8.05,0,10,0.0,37,0.21,8.050000191,91.15,0.015,0.056,0.024,0.12,237.0,1 cup
MALTED DRK MIX,"MALTED DRK MIX,NAT,W/ ADDED NUTR,PDR",83.59,0,32,1.899999976,372,9.41,63.38000107,3.1,0.343,0.169,0.679,1.33,21.0,"1 individual,  serving (4-5 heaping tsp or 1 envelope)"
MALTED DRK MIX,"MALTED DRK MIX,NAT,W/ ADDED NUTR,PDR,PREP W/ WHL MILK",10.67,11,0,0.0,86,3.67,8.369999886,81.49,0.802,0.213,1.83,3.21,265.0,"1 cup,  (8 fl oz)"
MALTED DRK MIX,"MALTED DRK MIX,NAT,PDR",71.21,24,59,0.100000001,428,14.29,47.61999893,2.0,2.157,1.429,4.762,9.52,21.0,"1 serving,  (3 heaping tsp or 1 envelope)"
MALTED DRK MIX,"MALTED DRK MIX,NAT,PDR,PREP W/ WHL MILK",10.23,12,0,0.100000001,88,3.86,9.56000042,81.4,0.903,0.276,2.039,3.62,265.0,"1 cup,  (8 fl oz)"
MALTED DRK MIX,"MALTED DRK MIX,CHOC,W/ ADDED NUTR,PDR",84.6,0,6,4.699999809,389,4.9,70.55999756,2.5,0.951,0.325,1.964,3.4,78.0,1 cup
MALTED DRK MIX,"MALTED DRK MIX,CHOC,W/ ADDED NUTR,PDR,PREP W/ WHL MILK",10.92,10,0,0.400000006,84,3.36,10.48999977,81.44,0.82,0.205,1.868,3.26,265.0,"1 cup,  (8 fl oz)"
MALTED DRK MIX,"MALTED DRK MIX,CHOC,PDR",86.94,1,27,4.800000191,411,5.1,66.66999817,1.3,1.167,0.669,2.381,4.76,21.0,"1 serving,  (3 heaping tsp or 1 envelope)"
MALTED DRK MIX,"MALTED DRK MIX,CHOC,PDR,PREP W/ WHL MILK",11.2,10,0,0.5,85,3.37,6.679999828,81.34,0.827,0.208,1.883,3.29,265.0,"1 cup,  (8 fl oz)"
ORANGE DRK,"ORANGE DRK,CND,W/ ADDED VIT C",12.34,0,0,0.0,49,0.0,11.02999973,87.47,0.002,0.003,0.002,0.07,248.0,"1 cup,  (8 fl oz)"
ORANGE&APRICOT JUC DRK,"ORANGE&APRICOT JUC DRK,CND",12.7,0,0,0.100000001,51,0.3,12.06000042,86.7,0.031,0.022,0.01,0.1,250.0,"1 cup,  (8 fl oz)"
PINEAPPLE&GRAPEFRUIT JUC DRK,"PINEAPPLE&GRAPEFRUIT JUC DRK,CND",11.6,0,0,0.100000001,47,0.2,11.52000046,87.9,0.01,0.028,0.006,0.1,250.0,"1 cup,  (8 fl oz)"
PINEAPPLE&ORANGE JUC DRK,"PINEAPPLE&ORANGE JUC DRK,CND",11.8,0,0,0.100000001,50,1.3,11.59000015,86.9,0.0,0.0,0.0,0.0,250.0,"1 cup,  (8 fl oz)"
SHAKE,"SHAKE,FAST FOOD,CHOCOLATE",20.5,13,26,1.899999976,127,3.4,18.60000038,71.5,1.075,0.14,2.313,3.7,23.52,1 fl oz
SHAKE,"SHAKE,FAST FOOD,VANILLA",19.59,23,27,0.899999976,148,3.37,13.63000011,69.65,1.785,0.316,3.962,6.52,166.0,"1 cup,  (8 fl oz)"
STRAWBERRY-FLAVOR BEV MIX,"STRAWBERRY-FLAVOR BEV MIX,PDR",99.1,0,0,0.0,389,0.1,95.44999695,0.4,0.0,0.0,0.0,0.2,22.0,"1 serving,  (2-3 heaping tsp)"
STRAWBERRY-FLAVOR BEV MIX,"STRAWBERRY-FLAVOR BEV MIX,PDR,PREP W/ WHL MILK",12.3,12,0,0.0,88,3.0,0.0,80.9,0.886,0.114,1.91,3.1,266.0,"1 cup,  (8 fl oz)"
TEA,"TEA,BREWED,PREP W/TAP H2O,DECAFFEINATED",0.3,0,0,0.0,1,0.0,0.0,99.7,0.001,0.004,0.002,0.0,29.6,1 fl oz
TEA,"TEA,INST,UNSWTND,PDR,DECAFFEINATED",58.66,0,118,8.5,315,20.21,5.53000021,5.09,0.0,0.0,0.0,0.0,0.7,"1 serving,  2 tsp"
TEA,"TEA,BREWED,PREP W/TAP H2O",0.3,0,0,0.0,1,0.0,0.0,99.7,0.001,0.004,0.002,0.0,237.0,"1 cup,  (8 fl oz)"
TEA,"TEA,INST,SWTND W/NA SACCHARIN,LEMON-FLAV,PDR,DECAFFEINATED",85.4,0,40,0.0,338,3.3,1.879999995,3.5,0.0,0.0,0.0,0.6,1.6,2 tsp
TEA,"TEA,INST,SWTND W/SUGAR,LEMN-FLAV,WO/ VIT C,PDR,DECAFFEINATED",98.55,0,0,0.0,385,0.12,95.29000092,0.13,0.027,0.209,0.091,0.73,182.0,1 cup
TEA,"TEA,INST,UNSWTND,PDR",58.66,0,118,8.5,315,20.21,5.53000021,5.09,0.0,0.0,0.0,0.0,0.7,"1 serving,  1 tsp"
TEA,"TEA,INST,UNSWTND,PDR,PREP",0.17,0,0,0.0,1,0.06,0.02,99.62,0.0,0.0,0.0,0.0,237.7,"1 serving, 8 fl oz cup"
TEA,"TEA,INST,UNSWTND,LEMON-FLAVORED,PDR",78.52,0,66,5.0,345,7.4,4.519999981,4.3,0.012,0.117,0.047,0.18,1.4,"1 tsp,  rounded"
TEA,"TEA,INST,SWTND W/SUGAR,LEMON-FLAVORED,WO/ VIT C,PDR",98.55,0,1,0.699999988,401,0.12,95.29000092,0.13,0.033,0.218,0.097,0.73,182.0,1 cup
TEA,"TEA,INST,SWTND W/SUGAR,LEMON-FLAVORED,WO/ VIT C,PDR,PREP",8.61,0,0,0.100000001,35,0.01,8.329999924,91.18,0.002,0.018,0.008,0.06,259.0,"1 cup,  (8 fl oz)"
TEA,"TEA,INST,SWTND W/NA SACCHARIN,LEMON-FLAVORED,PDR",85.4,0,40,0.0,338,3.3,1.879999995,3.5,0.0,0.0,0.0,0.6,1.6,2 tsp
TEA,"TEA,INST,SWTND W/NA SACCHARIN,LEMON-FLAVORED,PREP",0.44,0,0,0.0,2,0.02,0.01,99.41,0.0,0.0,0.0,0.0,238.22,"1 serving, 8 fl oz cup"
TEA,"TEA,HERB,OTHER THAN CHAMOMILE,BREWED",0.2,0,0,0.0,1,0.0,0.0,99.7,0.001,0.005,0.002,0.0,29.6,1 fl oz
SPORTS DRK,"SPORTS DRK,FRUIT-FLAVORED,LO CAL,RTD",3.0,0,0,0.0,11,0.0,0.0,96.8,0.0,0.0,0.0,0.0,240.0,"1 cup,  (8 fl oz)"
WATER,"WATER,BTLD,PERRIER",0.0,0,0,0.0,0,0.0,0.0,99.9,0.0,0.0,0.0,0.0,29.57,1 fl oz
WATER,"WATER,BTLD,POLAND SPRING",0.0,0,0,0.0,0,0.0,0.0,100.0,0.0,0.0,0.0,0.0,29.57,1 fl oz
COCOA MIX,"COCOA MIX,W/ ASPRT,PDR,PREP W/ H2O",5.61,0,0,0.600000024,29,1.21,2.930000067,92.38,0.076,0.007,0.139,0.23,192.42,"1 serving, 6 fl oz"
CARBONATED BEV,"CARBONATED BEV,COLA,CONTAINS CAFFEINE",9.56,0,0,0.0,37,0.07,8.970000267,90.31,0.0,0.0,0.0,0.02,30.69,1 fl oz
FRUIT PUNCH JUC DRK,"FRUIT PUNCH JUC DRK,FRZ CONC",43.1,0,0,0.200000003,175,0.3,0.0,55.5,0.086,0.173,0.087,0.7,35.2,1 fl oz
FRUIT PUNCH JUC DRK,"FRUIT PUNCH JUC DRK,FRZ CONC,PREP W/H2O",10.44,0,0,0.0,42,0.07,0.0,89.15,0.021,0.042,0.021,0.17,234.12,"1 serving, 8 fl oz"
ORANGE-FLAVOR DRK,"ORANGE-FLAVOR DRK,BRKFST TYPE,PDR",98.94,0,0,0.400000006,386,0.0,92.30999756,0.14,0.0,0.0,0.0,0.0,26.0,"1 serving, 2 tbsp"
ORANGE-FLAVOR DRK,"ORANGE-FLAVOR DRK,BRKFST TYPE,PDR,PREP W/ H2O",12.65,0,0,0.100000001,49,0.0,11.80000019,87.15,0.0,0.0,0.0,0.0,203.42,"1 serving, 6 fl oz"
ORANGE-FLAVOR DRK,"ORANGE-FLAVOR DRK,BRKFST TYPE,LO CAL,PDR",85.9,0,0,3.799999952,217,3.6,2.599999905,1.8,0.0,0.0,0.0,0.0,2.5,"1 portion,  amount of dry mix to make 8 fl oz prepared"
WATER,"WATER,TAP,DRINKING",0.0,0,0,0.0,0,0.0,0.0,99.9,0.0,0.0,0.0,0.0,29.57,1 fl oz
WATER,"WATER,TAP,WELL",0.0,0,0,0.0,0,0.0,0.0,99.9,0.0,0.0,0.0,0.0,29.57,1 fl oz
ALCOHOLIC BEV,"ALCOHOLIC BEV,LIQUEUR,COFFEE,53 PROOF",46.8,0,1,0.0,326,0.1,46.43000031,31.0,0.022,0.105,0.106,0.3,34.8,1 fl oz
ALCOHOLIC BEV,"ALCOHOLIC BEV,LIQUEUR,COFFEE W/CRM,34 PROOF",20.9,58,8,0.0,327,2.8,19.76000023,46.5,4.458,0.669,9.664,15.7,31.1,1 fl oz
CARB BEV,"CARB BEV,LO CAL,COLA OR PEP,W/ ASPRT, CAF",0.29,0,0,0.0,2,0.11,0.0,99.54,0.0,0.0,0.0,0.03,29.6,1 fl oz
COFFEE SUB,"COFFEE SUB,CRL GRAIN BEV,PDR,PREP W/ WHL MILK",5.6,13,0,0.100000001,65,3.3,0.0,87.0,0.958,0.144,2.061,3.3,185.0,6 fl oz
DAIRY DRK MIX,"DAIRY DRK MIX,CHOC,RED CAL,W/ASPRT,PDR",51.4,24,128,9.399999619,329,25.0,32.93999863,12.8,0.496,0.061,1.871,2.6,21.3,"1 packet,  (.75 oz)"
DAIRY DRK MIX,"DAIRY DRK MIX,CHOC,RED CAL,W/ ASPRT,PDR,PREP W/ H2O & ICE",4.51,2,0,0.800000012,29,2.19,2.890000105,92.26,0.043,0.005,0.164,0.23,242.91,1 serving
ORANGE-FLAVOR DRK,"ORANGE-FLAVOR DRK,BRKFST TYPE,W/PULP,FRZ CONC",42.9,0,0,0.200000003,172,0.1,41.84999847,55.2,0.226,0.197,0.078,0.5,35.3,1 fl oz
ORANGE-FLAVOR DRK,"ORANGE-FLAVOR DRK,BRKFST TYPE,W/PULP,FRZ CONC,PREP W/H2O",12.21,0,0,0.0,49,0.03,11.90999985,87.18,0.064,0.056,0.022,0.14,248.02,"1 serving, 8 fl oz"
ORANGE DRK,"ORANGE DRK,BRKFST TYPE,W/ JUC & PULP,FRZ CONC",39.0,0,2,0.100000001,153,0.4,38.04999924,59.2,0.003,0.004,0.002,0.0,36.3,1 fl oz
ORANGE DRK,"ORANGE DRK,BRKFST TYPE,W/JUC&PULP,FRZ CONC,PREP W/H2O",11.32,0,0,0.0,45,0.12,11.05000019,88.08,0.001,0.001,0.001,0.0,250.02,"1 serving, 8 fl oz"
SHAKE,"SHAKE,FAST FD,STRAWBERRY",18.9,11,0,0.400000006,113,3.4,0.0,74.1,0.0,0.0,1.734,2.8,23.52,1 fl oz
WATER,"WATER,TAP,MUNICIPAL",0.0,0,0,0.0,0,0.0,0.0,99.9,0.0,0.0,0.0,0.0,29.57,1 fl oz
CRANBERRY JUC COCKTAIL,"CRANBERRY JUC COCKTAIL,FRZ CONC",51.45,0,0,0.200000003,201,0.05,42.5,48.4,0.0,0.0,0.0,0.0,36.2,1 fl oz
CRANBERRY JUC COCKTAIL,"CRANBERRY JUC COCKTAIL,FRZ CONC,PREP W/ H2O",11.81,0,0,0.0,47,0.01,9.760000229,88.08,0.0,0.0,0.0,0.0,236.69,"1 serving, 8 fl oz"
WATER,"WATER,BTLD,NON-CARBONATED,DANNON",0.0,0,0,0.0,0,0.0,0.0,99.98,0.0,0.0,0.0,0.0,29.57,1 fl oz
WATER,"WATER,BTLD,NON-CARBONATED,PEPSI,AQUAFINA",0.0,0,0,0.0,0,0.0,0.0,99.97,0.0,0.0,0.0,0.0,29.57,1 fl oz
WATER,"WATER,BTLD,NON-CARBONATED,DASANI",0.0,0,0,0.0,0,0.0,0.0,99.96,0.0,0.0,0.0,0.0,29.57,1 fl oz
ORANGE BRKFST DRK,"ORANGE BRKFST DRK,RTD",10.8,0,0,0.200000003,43,0.0,6.559999943,88.9,0.0,0.0,0.0,0.0,250.0,"1 cup,  (8 fl oz)"
ORANGE BRKFST DRK,"ORANGE BRKFST DRK,RTD,W/ ADDED NUTR",13.2,0,0,0.100000001,53,0.0,8.020000458,85.4,0.0,0.0,0.0,0.0,31.6,1 fl oz
WATER,"WATER,BTLD,NON-CARBONATED,CALISTOGA",0.0,0,0,0.0,0,0.0,0.0,100.0,0.0,0.0,0.0,0.0,29.57,1 fl oz
WATER,"WATER,BTLD,NON-CARBONATED,CRYSTAL GEYSER",0.0,0,0,0.0,0,0.0,0.0,100.0,0.0,0.0,0.0,0.0,29.57,1 fl oz
WATER,"WATER,BTLD,NON-CARBONATED,NAYA",0.0,0,0,0.0,0,0.0,0.0,100.0,0.0,0.0,0.0,0.0,29.57,1 fl oz
WATER,"WATER,BTLD,NON-CARBONATED,DANNON FLUORIDE TO GO",0.03,0,0,0.0,0,0.0,0.0,99.97,0.0,0.0,0.0,0.0,29.57,1 fl oz
DRINK MIX,"DRINK MIX,QUAKER OATS,GATORADE,ORANGE FLAVOR,PDR",94.11,0,0,0.0,388,0.0,80.5,2.51,0.0,0.0,0.0,1.23,207.3,"1 cup, powder"
SPORTS DRK,"SPORTS DRK,PEPSICO,GATORADE,FRUIT-FLAVORED,RTD",6.43,0,0,0.0,26,0.0,5.239999771,93.38,0.0,0.0,0.0,0.0,30.46,1 fl oz
SPORTS DRK,"SPORTS DRK,COCA-COLA,POWERADE,LEMON-LIME FLAV,RTD",7.84,0,0,0.0,32,0.0,6.110000134,91.91,0.011,0.028,0.008,0.05,30.45,1 fl oz
QUAKER OATS,"QUAKER OATS,PROPEL FITNESS H2O,FRUIT-FLAVORED,NON-CARBONATED",1.22,0,0,0.0,5,0.0,1.220000029,98.78,0.0,0.0,0.0,0.0,29.64,1 fluid ounce
TEA,"TEA,RTD,ARIZONA ICED TEA,W/ LEMON FLAVOR",9.77,0,0,0.0,39,0.0,9.630000114,90.15,0.0,0.0,0.0,0.0,30.63,1 fl oz
TEA,"TEA,RTD,LIPTON BRISK ICED TEA,W/ LEMON FLAVOR",8.81,0,0,0.0,35,0.0,8.68999958,91.06,0.0,0.0,0.0,0.0,30.58,1 fl oz
WHISKEY SOUR MIX,"WHISKEY SOUR MIX,BTLD,W/ K&NA",21.4,0,0,0.0,84,0.1,0.0,78.2,0.002,0.02,0.008,0.1,32.3,1 fl oz
ALCOHOLIC BEV,"ALCOHOLIC BEV,WHISKEY SOUR,PREP FROM ITEM 14530",13.1,0,0,0.0,149,0.0,0.0,72.6,0.001,0.012,0.005,0.0,30.4,1 fl oz
ALCOHOLIC BEV,"ALCOHOLIC BEV,DISTILLED,ALL (GIN,RUM,VODKA,WHISKEY) 94 PROOF",0.0,0,0,0.0,275,0.0,0.0,60.3,0.0,0.0,0.0,0.0,27.8,1 fl oz
ALCOHOLIC BEV,"ALCOHOLIC BEV,DISTILLED,ALL 100 PROOF",0.0,0,0,0.0,295,0.0,0.0,57.5,0.0,0.0,0.0,0.0,27.8,1 fl oz
ALCOHOLIC BEV,"ALCOHOLIC BEV,LIQUEUR,COFFEE,63 PROOF",32.2,0,0,0.0,308,0.1,32.20000076,41.4,0.022,0.105,0.106,0.3,34.8,1 fl oz
ALCOHOLIC BEV,"ALCOHOLIC BEV,WINE,DSSRT,DRY",11.67,0,0,0.0,152,0.2,1.090000033,72.53,0.0,0.0,0.0,0.0,29.5,1 fl oz
CARBONATED BEV,"CARBONATED BEV,LOCAL,OTHR THAN COLA OR PEP,W/ NA SAC,WO/ CAF",0.1,0,0,0.0,0,0.0,0.0,99.8,0.0,0.0,0.0,0.0,29.6,1 fl oz
COCOA MIX,"COCOA MIX,W/ ASPT,LO CAL,PDR,W/ ADD CA P,WO/ ADD NA OR VIT A",58.0,11,176,1.100000024,359,25.1,55.58000183,3.4,0.979,0.088,1.777,3.0,15.0,"1 envelope  Swiss Miss,  (.53 oz)"
FRUIT PUNCH-FLAVOR DRK,"FRUIT PUNCH-FLAVOR DRK,PDR,WO/ NA",97.7,0,0,0.0,382,0.0,95.19999695,1.4,0.007,0.011,0.057,0.1,25.4,"2 tbsp,  rounded"
FRUIT PUNCH-FLAVOR DRK,"FRUIT PUNCH-FLAVOR DRK,PDR,WO/ NA,PREP W/H2O",9.47,0,0,0.0,37,0.0,9.229999542,90.35,0.001,0.001,0.006,0.01,261.96,"1 serving, 8 fl oz"
LEMONADE,"LEMONADE,FRZ CONC,PINK",47.1,0,2,0.400000006,181,0.3,0.0,52.3,0.008,0.059,0.026,0.2,36.4,1 fl oz
LEMONADE,"LEMONADE,FRZ CONC,PINK,PREP W/H2O",10.42,0,0,0.100000001,40,0.07,0.0,89.37,0.002,0.013,0.006,0.04,246.8,"1 cup, 8 fl oz"
TEA,"TEA,BREWED,PREP W/DISTILLED H2O",0.3,0,0,0.0,1,0.0,0.0,99.7,0.001,0.004,0.002,0.0,29.6,1 fl oz
TEA,"TEA,HERB,CHAMOMILE,BREWED",0.2,0,0,0.0,1,0.0,0.0,99.7,0.001,0.005,0.002,0.0,29.6,1 fl oz
TEA,"TEA,INST,SWTND W/SUGAR,LEMON-FLAVORED,W/ VIT C,PDR",97.6,0,0,0.0,385,0.6,0.0,0.3,0.011,0.091,0.037,0.3,182.0,1 cup
ALCOHOLIC BEV,"ALCOHOLIC BEV,DISTILLED,ALL (GIN,RUM,VODKA,WHISKEY) 86 PROOF",0.1,0,0,0.0,250,0.0,0.0,63.9,0.0,0.0,0.0,0.0,27.8,1 fl oz
ALCOHOLIC BEV,"ALCOHOLIC BEV,DISTILLED,ALL (GIN,RUM,VODKA,WHISKEY) 90 PROOF",0.0,0,0,0.0,263,0.0,0.0,62.1,0.0,0.0,0.0,0.0,27.8,1 fl oz
CARBONATED BEV,"CARBONATED BEV,CHOCOLATE-FLAVORED SODA",10.7,0,0,0.0,42,0.0,10.69999981,89.2,0.0,0.0,0.0,0.0,31.0,1 fl oz
WINE,"WINE,NON-ALCOHOLIC",1.1,0,5,0.0,6,0.5,1.100000024,98.2,0.0,0.0,0.0,0.0,29.0,1 fl oz
WATER,"WATER,BTLD,GENERIC",0.0,0,0,0.0,0,0.0,0.0,99.98,0.0,0.0,0.0,0.0,29.57,1 fl oz
CHOCOLATE-FLAVOR BEV MIX FOR MILK,"CHOCOLATE-FLAVOR BEV MIX FOR MILK,PDR,W/ ADDED NUTR",90.28,0,3,4.5,400,4.55,81.81999969,1.1,0.0,0.0,2.273,2.27,22.0,1 serving
CHOC-FLV BEV MIX FOR MILK,"CHOC-FLV BEV MIX FOR MILK,PDR,W/ ADD NUTR,PREP W/ WHL MILK",11.61,10,0,0.0,88,3.33,11.59000015,81.1,0.745,0.178,1.897,3.17,266.0,1 serving
WATER,"WATER,BTLD,NON-CARBONATED,EVIAN",0.0,0,0,0.0,0,0.0,0.0,99.97,0.0,0.0,0.0,0.0,29.57,1 fl oz
TEA,"TEA,RTD,UNSWTND,WENDY'S,FAST FD,WO/ ICE",0.0,0,0,0.0,1,0.22,0.0,99.79,0.0,0.0,0.0,0.0,0.0,
ALCOHOLIC BEV,"ALCOHOLIC BEV,WINE,TABLE,RED,MERLOT",2.51,0,0,0.0,83,0.07,0.620000005,86.59,0.0,0.0,0.0,0.0,29.38,1 fl oz
WATER,"WATER,NON-CARBONATED,FRUIT FLAVORS,SWTND W/ LO CAL SWTNR",0.15,0,0,0.0,1,0.0,0.0,99.85,0.0,0.0,0.0,0.0,237.0,"1 serving,  (8 fl oz)"
WATER W/ ADDED VITAMINS & MINERALS,"WATER W/ ADDED VITAMINS & MINERALS,SWTND, FRUIT FLAVORS",5.49,0,0,0.0,22,0.0,5.489999771,94.44,0.0,0.0,0.0,0.0,237.0,"8 fl oz,  (1 NLEA serving)"
BREAKFAST TYPE DRK,"BREAKFAST TYPE DRK,ORANGE FLAVOR,RED SUGAR",0.9,0,0,0.0,4,0.04,0.029999999,98.87,0.0,0.0,0.0,0.0,0.0,
CAMPBELL SOUP COMPANY,"CAMPBELL SOUP COMPANY,V8 SPLASH JUC DRINKS,DIET BERRY BLEND",1.23,0,0,0.0,4,0.0,0.409999996,98.7,0.0,0.0,0.0,0.0,243.0,"1 serving, 8 oz"
CAMPBELL SOUP COMPANY,"CAMPBELL SOUP COMPANY,V8 SPLASH JUC DRINKS,DIET FRUIT MEDLEY",1.26,0,0,0.0,4,0.0,0.839999974,98.8,0.0,0.0,0.0,0.0,238.0,"1 serving, 8 oz"
CAMPBELL SOUP COMPANY,"CAMPBELL SOUP COMPANY,V8 SPLASH,DIET STRAWBERRY KIWI",1.26,0,0,0.0,4,0.0,0.839999974,98.8,0.0,0.0,0.0,0.0,238.0,1 serving
CAMPBELL SOUP COMPANY,"CAMPBELL SOUP COMPANY,V8 SPLASH,DIET TROPICAL BLEND",1.26,0,0,0.0,4,0.0,0.419999987,98.8,0.0,0.0,0.0,0.0,238.0,"1 serving, 8 oz"
CAMPBELL SOUP COMPANY,"CAMPBELL SOUP COMPANY,V8 SPLASH JUC DRINKS,BERRY BLEND",7.41,0,0,0.0,29,0.0,7.409999847,92.2,0.0,0.0,0.0,0.0,243.0,"1 serving, 8 oz"
CAMPBELL SOUP COMPANY,"CAMPBELL SOUP COMPANY,V8 SPLASH JUC DRINKS,FRUIT MEDLEY",7.82,0,0,0.0,33,0.0,7.820000172,91.8,0.0,0.0,0.0,0.0,243.0,"1 serving, 8 oz"
CAMPBELL SOUP COMPANY,"CAMPBELL SOUP COMPANY,V8 SPLASH JUC,GUAVA PASSION FRUIT",7.82,0,0,0.0,33,0.0,7.820000172,91.9,0.0,0.0,0.0,0.0,243.0,"1 serving, 8 oz"
CAMPBELL SOUP COMPANY,"CAMPBELL SOUP COMPANY,V8 SPLASH JUC DRINKS,MANGO PEACH",8.23,0,0,0.0,33,0.0,8.229999542,91.6,0.0,0.0,0.0,0.0,243.0,"1 serving, 8 oz"
CAMPBELL SOUP COMPANY,"CAMPBELL SOUP COMPANY,V8 SPLASH JUC DRINKS,ORANGE PNAPPL",7.41,0,0,0.0,29,0.0,7.409999847,91.9,0.0,0.0,0.0,0.0,243.0,"1 serving, 8 oz"
CAMPBELL SOUP COMPANY,"CAMPBELL SOUP COMPANY,V8 SPLASH JUC DRINKS,ORCHARD BLEND",7.82,0,0,0.0,33,0.0,7.820000172,92.2,0.0,0.0,0.0,0.0,243.0,"1 serving, 8 oz"
CAMPBELL SOUP COMPANY,"CAMPBELL SOUP COMPANY,V8 SPLASH JUC DRINKS,STRAWBERRY BANANA",7.41,0,0,0.0,29,0.0,7.409999847,92.2,0.0,0.0,0.0,0.0,243.0,"1 serving, 8 oz"
CAMPBELL SOUP COMPANY,"CAMPBELL SOUP COMPANY,V8 SPLASH JUC DRINKS,STRAWBERRY KIWI",7.41,0,0,0.0,29,0.0,7.409999847,92.4,0.0,0.0,0.0,0.0,243.0,"1 serving, 8 oz"
CAMPBELL SOUP COMPANY,"CAMPBELL SOUP COMPANY,V8 SPLASH JUC DRINKS,TROPICAL BLEND",7.41,0,0,0.0,29,0.0,7.409999847,92.4,0.0,0.0,0.0,0.0,243.0,"1 serving, 8 oz"
CAMPBELL SOUP COMPANY,"CAMPBELL SOUP COMPANY,V8 V. FUSION JUICES,PEACH MANGO",11.38,0,0,0.0,49,0.41,10.56999969,87.8,0.0,0.0,0.0,0.0,246.0,"1 serving, 8 oz"
CAMPBELL SOUP COMPANY,"CAMPBELL SOUP COMPANY,V8 V. FUSION JUICES,STRAWBERRY BANANA",11.79,0,0,0.0,49,0.41,10.15999985,87.9,0.0,0.0,0.0,0.0,246.0,"1 serving, 8 oz"
CAMPBELL SOUP COMPANY,"CAMPBELL SOUP COMPANY,V8 V. FUSION JUICES,TROPICAL",11.38,0,0,0.0,49,0.41,10.15999985,88.0,0.0,0.0,0.0,0.0,246.0,"1 serving, 8 oz"
CAMPBELL SOUP COMPANY,"CAMPBELL SOUP COMPANY,V8 V. FUSION JUICES,ACAI BERRY",10.98,0,0,0.0,45,0.0,10.56999969,88.4,0.0,0.0,0.0,0.0,246.0,"1 serving, 8 oz"
COFFEE SUB,"COFFEE SUB,RSTD GRAIN BEV,NAT TOUCH KAFFREE ROMA,PDR",84.3,0,0,0.0,358,4.5,3.5,2.2,0.0,0.0,0.0,0.3,2.0,"1 tsp, rounded (1 serving)"
ANCHOVY,"ANCHOVY,EUROPEAN,RAW",0.0,60,0,0.0,131,20.35,0.0,73.37,1.182,1.637,1.282,4.84,85.0,3 oz
ANCHOVY,"ANCHOVY,EUROPEAN,CND IN OIL,DRND SOL",0.0,85,85,0.0,210,28.89,0.0,50.3,3.77,2.562,2.203,9.71,28.35,"1 oz, boneless"
BASS,"BASS,FRSH H2O,MXD SP,RAW",0.0,68,0,0.0,114,18.86,0.0,75.66,1.431,1.062,0.78,3.69,79.0,1 fillet
BASS,"BASS,STRIPED,RAW",0.0,80,0,0.0,97,17.73,0.0,79.22,0.66,0.784,0.507,2.33,159.0,1 fillet
BLUEFISH,"BLUEFISH,RAW",0.0,59,0,0.0,124,20.04,0.0,70.86,1.793,1.06,0.915,4.24,150.0,1 fillet
BURBOT,"BURBOT,RAW",0.0,60,0,0.0,90,19.31,0.0,79.26,0.133,0.297,0.163,0.81,116.0,1 fillet
BUTTERFISH,"BUTTERFISH,RAW",0.0,65,0,0.0,146,17.28,0.0,74.13,3.38,0.59,3.38,8.02,32.0,1 fillet
CARP,"CARP,RAW",0.0,66,65,0.0,127,17.83,0.0,76.31,2.328,1.431,1.083,5.6,218.0,1 fillet
CARP,"CARP,COOKED,DRY HEAT",0.0,84,0,0.0,162,22.86,0.0,69.63,2.985,1.835,1.388,7.17,170.0,1 fillet
CATFISH,"CATFISH,CHANNEL,WILD,RAW",0.0,58,0,0.0,95,16.38,0.0,80.36,0.844,0.865,0.722,2.82,159.0,1 fillet
CATFISH,"CATFISH,CHANNEL,CKD,BREADED&FRIED",8.04,81,0,0.699999988,229,18.09,0.0,58.81,5.611,3.325,3.288,13.33,87.0,1 fillet
CAVIAR,"CAVIAR,BLACK&RED,GRANULAR",4.0,588,491,0.0,252,24.6,0.0,47.5,4.631,7.405,4.06,17.9,16.0,1 tbsp
CISCO,"CISCO,RAW",0.0,50,0,0.0,98,18.99,0.0,78.93,0.469,0.613,0.421,1.91,79.0,1 fillet
CISCO,"CISCO,SMOKED",0.0,32,95,0.0,177,16.36,0.0,69.8,5.484,2.274,1.741,11.9,28.35,1 oz
COD,"COD,ATLANTIC,RAW",0.0,43,65,0.0,82,17.81,0.0,81.22,0.094,0.231,0.131,0.67,231.0,1 fillet
COD,"COD,ATLANTIC,CKD,DRY HEAT",0.0,55,84,0.0,105,22.83,0.0,75.92,0.124,0.292,0.168,0.86,180.0,1 fillet
COD,"COD,ATLANTIC,CND,SOL&LIQ",0.0,55,85,0.0,105,22.76,0.0,75.61,0.124,0.291,0.167,0.86,312.0,1 can
COD,"COD,ATLANTIC,DRIED&SALTED",0.0,152,291,0.0,290,62.82,0.0,16.14,0.342,0.804,0.462,2.37,28.35,1 oz
COD,"COD,PACIFIC,RAW",0.0,37,65,0.0,82,17.9,0.0,81.28,0.082,0.244,0.081,0.63,116.0,1 fillet
CROAKER,"CROAKER,ATLANTIC,RAW",0.0,61,65,0.0,104,17.78,0.0,78.03,1.149,0.464,1.088,3.17,79.0,1 fillet
CROAKER,"CROAKER,ATLANTIC,CKD,BREADED&FRIED",7.54,84,0,0.400000006,221,18.2,0.0,59.76,5.32,2.917,3.476,12.67,87.0,1 fillet
CUSK,"CUSK,RAW",0.0,41,0,0.0,87,18.99,0.0,76.35,0.09,0.28,0.13,0.69,122.0,1 fillet
DOLPHINFISH,"DOLPHINFISH,RAW",0.0,73,0,0.0,85,18.5,0.0,77.55,0.121,0.165,0.188,0.7,204.0,1 fillet
DRUM,"DRUM,FRESHWATER,RAW",0.0,64,0,0.0,119,17.54,0.0,77.33,2.19,1.154,1.119,4.93,198.0,1 fillet
EEL,"EEL,MIXED SPECIES,RAW",0.0,126,65,0.0,184,18.44,0.0,68.26,7.19,0.947,2.358,11.66,204.0,1 fillet
EEL,"EEL,MXD SP,CKD,DRY HEAT",0.0,161,0,0.0,236,23.65,0.0,59.31,9.218,1.214,3.023,14.95,28.35,"1 oz, boneless"
FISH PORTIONS&STKS,"FISH PORTIONS&STKS,FRZ,PREHTD",21.18,32,36,1.399999976,249,11.04,2.5,53.08,4.21,5.701,2.758,13.25,57.0,"1 piece,  (4"" x 2"" x 1/2"")"
FLATFISH (FLOUNDER&SOLE SP),"FLATFISH (FLOUNDER&SOLE SP),RAW",0.0,48,65,0.0,91,18.84,0.0,79.06,0.233,0.329,0.283,1.19,28.35,"1 oz, boneless"
FLATFISH (FLOUNDER&SOLE SP),"FLATFISH (FLOUNDER&SOLE SP),CKD,DRY HEAT",0.0,68,81,0.0,117,24.16,0.0,73.16,0.276,0.646,0.363,1.53,127.0,1 fillet
GEFILTEFISH,"GEFILTEFISH,COMM,SWT RECIPE",7.41,30,0,0.0,84,9.07,0.0,80.35,0.824,0.285,0.412,1.73,42.0,1 piece
GROUPER,"GROUPER,MIXED SPECIES,RAW",0.0,37,0,0.0,92,19.38,0.0,79.22,0.202,0.321,0.233,1.02,259.0,1 fillet
GROUPER,"GROUPER,MXD SP,CKD,DRY HEAT",0.0,47,0,0.0,118,24.84,0.0,73.36,0.268,0.403,0.299,1.3,202.0,1 fillet
HADDOCK,"HADDOCK,RAW",0.0,57,65,0.0,87,18.91,0.0,79.92,0.118,0.241,0.13,0.72,193.0,1 fillet
HADDOCK,"HADDOCK,COOKED,DRY HEAT",0.0,74,0,0.0,112,24.24,0.0,74.25,0.151,0.309,0.167,0.93,150.0,1 fillet
HADDOCK,"HADDOCK,SMOKED",0.0,77,95,0.0,116,25.23,0.0,71.48,0.157,0.321,0.173,0.96,28.35,"1 oz, boneless"
HALIBUT,"HALIBUT,ATLANTIC&PACIFIC,RAW",0.0,32,62,0.0,110,20.81,0.0,77.92,0.75,0.73,0.325,2.29,204.0,.5 fillet
HALIBUT,"HALIBUT,ATLANTIC&PACIFIC,CKD,DRY HEAT",0.0,41,0,0.0,140,26.69,0.0,71.69,0.967,0.94,0.417,2.94,159.0,.5 fillet
HALIBUT,"HALIBUT,GREENLAND,RAW",0.0,46,62,0.0,186,14.37,0.0,70.27,8.378,1.367,2.419,13.84,204.0,.5 fillet
HERRING,"HERRING,ATLANTIC,RAW",0.0,60,65,0.0,158,17.96,0.0,72.05,3.736,2.133,2.04,9.04,28.35,"1 oz, boneless"
HERRING,"HERRING,ATLANTIC,CKD,DRY HEAT",0.0,77,81,0.0,203,23.03,0.0,64.16,4.79,2.735,2.615,11.59,143.0,1 fillet
HERRING,"HERRING,ATLANTIC,PICKLED",9.64,13,95,0.0,262,14.19,7.710000038,55.22,11.947,1.679,2.381,18.0,140.0,1 cup
HERRING,"HERRING,ATLANTIC,KIPPERED",0.0,82,95,0.0,217,24.58,0.0,59.7,5.112,2.919,2.791,12.37,28.35,"1 oz, boneless"
HERRING,"HERRING,PACIFIC,RAW",0.0,77,0,0.0,195,16.39,0.0,71.52,6.872,2.423,3.257,13.88,184.0,1 fillet
LING,"LING,RAW",0.0,40,0,0.0,87,18.99,0.0,79.63,0.09,0.22,0.12,0.64,193.0,1 fillet
LINGCOD,"LINGCOD,RAW",0.0,52,0,0.0,85,17.66,0.0,81.03,0.35,0.3,0.197,1.06,193.0,.5 fillet
MACKEREL,"MACKEREL,ATLANTIC,RAW",0.0,70,65,0.0,205,18.6,0.0,63.55,5.456,3.35,3.257,13.89,112.0,1 fillet
MACKEREL,"MACKEREL,ATLANTIC,CKD,DRY HEAT",0.0,75,0,0.0,262,23.85,0.0,53.27,7.006,4.3,4.176,17.81,88.0,1 fillet
MACKEREL,"MACKEREL,JACK,CND,DRND SOL",0.0,79,85,0.0,156,23.19,0.0,69.17,2.225,1.651,1.857,6.3,190.0,1 cup
MACKEREL,"MACKEREL,KING,RAW",0.0,53,0,0.0,105,20.28,0.0,75.85,0.764,0.46,0.363,2.0,198.0,.5 fillet
MACKEREL,"MACKEREL,PACIFIC&JACK,MXD SP,RAW",0.0,47,65,0.0,158,20.07,0.0,70.15,2.629,1.94,2.247,7.89,225.0,1 fillet
MACKEREL,"MACKEREL,SPANISH,RAW",0.0,76,65,0.0,139,19.29,0.0,71.67,1.53,1.739,1.828,6.3,187.0,1 fillet
MACKEREL,"MACKEREL,SPANISH,CKD,DRY HEAT",0.0,73,0,0.0,158,23.59,0.0,68.46,2.139,1.805,1.801,6.32,146.0,1 fillet
MILKFISH,"MILKFISH,RAW",0.0,52,0,0.0,148,20.53,0.0,70.85,2.58,1.84,1.66,6.73,85.0,3 oz
MONKFISH,"MONKFISH,RAW",0.0,25,0,0.0,76,14.48,0.0,83.24,0.24,0.61,0.34,1.52,85.0,3 oz
MULLET,"MULLET,STRIPED,RAW",0.0,49,65,0.0,117,19.35,0.0,77.01,1.078,0.715,1.116,3.79,28.35,1 oz
MULLET,"MULLET,STRIPED,CKD,DRY HEAT",0.0,63,0,0.0,150,24.81,0.0,70.52,1.382,0.917,1.431,4.86,93.0,1 fillet
OCEAN PERCH,"OCEAN PERCH,ATLANTIC,RAW",0.0,42,65,0.0,94,18.62,0.0,78.7,0.625,0.427,0.244,1.63,28.35,"1 oz, boneless"
OCEAN PERCH,"OCEAN PERCH,ATLANTIC,CKD,DRY HEAT",0.0,54,0,0.0,121,23.88,0.0,72.69,0.801,0.547,0.313,2.09,50.0,1 fillet
POUT,"POUT,OCEAN,RAW",0.0,52,0,0.0,79,16.64,0.0,81.36,0.329,0.032,0.32,0.91,176.0,.5 fillet
PERCH,"PERCH,MIXED SPECIES,RAW",0.0,90,65,0.0,91,19.39,0.0,79.13,0.152,0.368,0.185,0.92,60.0,1 fillet
PERCH,"PERCH,MXD SP,CKD,DRY HEAT",0.0,115,0,0.0,117,24.86,0.0,73.25,0.195,0.472,0.237,1.18,46.0,1 fillet
PIKE,"PIKE,NORTHERN,RAW",0.0,39,65,0.0,88,19.26,0.0,78.92,0.157,0.202,0.118,0.69,198.0,.5 fillet
PIKE,"PIKE,NORTHERN,CKD,DRY HEAT",0.0,50,0,0.0,113,24.69,0.0,72.97,0.201,0.259,0.151,0.88,155.0,.5 fillet
PIKE,"PIKE,WALLEYE,RAW",0.0,86,0,0.0,93,19.14,0.0,79.31,0.294,0.447,0.249,1.22,159.0,1 fillet
POLLOCK,"POLLOCK,ATLANTIC,RAW",0.0,71,65,0.0,92,19.44,0.0,78.18,0.112,0.483,0.135,0.98,193.0,.5 fillet
POLLOCK,"POLLOCK,WALLEYE,RAW",0.0,71,65,0.0,81,17.18,0.0,81.56,0.125,0.412,0.164,0.8,77.0,1 fillet
POLLOCK,"POLLOCK,WALLEYE,CKD,DRY HEAT",0.0,96,81,0.0,113,23.51,0.0,74.06,0.174,0.524,0.231,1.12,60.0,1 fillet
POMPANO,"POMPANO,FLORIDA,RAW",0.0,50,65,0.0,164,18.48,0.0,71.12,2.586,1.137,3.509,9.47,28.35,"1 oz, boneless"
POMPANO,"POMPANO,FLORIDA,CKD,DRY HEAT",0.0,64,0,0.0,211,23.69,0.0,62.97,3.315,1.458,4.499,12.14,88.0,1 fillet
ROCKFISH,"ROCKFISH,PACIFIC,MXD SP,RAW",0.0,35,65,0.0,94,18.75,0.0,79.26,0.33,0.482,0.37,1.57,191.0,1 fillet
ROCKFISH,"ROCKFISH,PACIFIC,MXD SP,CKD,DRY HEAT",0.0,44,81,0.0,121,24.04,0.0,73.41,0.447,0.594,0.474,2.01,149.0,1 fillet
ROE,"ROE,MIXED SPECIES,RAW",1.5,374,335,0.0,143,22.32,0.0,67.73,1.661,2.656,1.456,6.42,14.0,1 tbsp
ROUGHY,"ROUGHY,ORANGE,RAW",0.0,60,0,0.0,76,16.41,0.0,75.67,0.239,0.109,0.015,0.7,85.0,3 oz
SABLEFISH,"SABLEFISH,RAW",0.0,49,0,0.0,195,13.41,0.0,71.02,8.057,2.042,3.201,15.3,193.0,.5 fillet
SABLEFISH,"SABLEFISH,SMOKED",0.0,64,0,0.0,257,17.65,0.0,60.14,10.605,2.688,4.213,20.14,28.35,1 oz
SALMON,"SALMON,ATLANTIC,WILD,RAW",0.0,55,0,0.0,142,19.84,0.0,68.5,2.103,2.539,0.981,6.34,198.0,.5 fillet
SALMON,"SALMON,CHINOOK,SMOKED",0.0,23,95,0.0,117,18.28,0.0,72.0,2.023,0.995,0.929,4.32,136.0,"1 cup, cooked"
SALMON,"SALMON,CHINOOK,RAW",0.0,50,0,0.0,179,19.93,0.0,71.64,4.399,2.799,3.1,10.43,198.0,.5 fillet
SALMON,"SALMON,CHUM,RAW",0.0,74,0,0.0,120,20.14,0.0,75.38,1.541,0.898,0.84,3.77,198.0,.5 fillet
SALMON,"SALMON,CHUM,DRND SOL W/BONE",0.0,39,85,0.0,141,21.43,0.0,70.77,1.919,1.517,1.486,5.5,369.0,1 can
SALMON,"SALMON,COHO,WILD,RAW",0.0,45,95,0.0,146,21.62,0.0,72.66,2.134,1.992,1.26,5.93,198.0,.5 fillet
SALMON,"SALMON,COHO,WILD,CKD,MOIST HEAT",0.0,57,0,0.0,184,27.36,0.0,65.39,2.702,2.521,1.595,7.5,155.0,.5 fillet
SALMON,"SALMON,PINK,RAW",0.0,52,95,0.0,116,19.94,0.0,76.35,0.934,1.353,0.558,3.45,159.0,.5 fillet
SALMON,"SALMON,PINK,CND,SOL W/BONE&LIQ",0.0,55,88,0.0,139,19.78,0.0,68.81,1.807,2.049,1.535,6.05,453.6,1 can
SALMON,"SALMON,SOCKEYE,RAW",0.0,62,95,0.0,168,21.3,0.0,70.24,4.125,1.879,1.495,8.56,28.35,"1 oz, boneless"
SALMON,"SALMON,SOCKEYE,CKD,DRY HEAT",0.0,87,66,0.0,216,27.31,0.0,61.84,5.29,2.409,1.917,10.97,155.0,.5 fillet
SALMON,"SALMON,SOCKEYE,CND,DRND SOL W/BONE",0.0,44,83,0.0,166,23.33,0.0,67.51,2.026,2.053,1.567,7.31,369.0,1 can
SARDINE,"SARDINE,ATLANTIC,CND IN OIL,DRND SOL W/BONE",0.0,142,85,0.0,208,24.62,0.0,59.61,3.869,5.148,1.528,11.45,149.0,"1 cup,  drained"
SARDINE,"SARDINE,PACIFIC,CND IN TOMATO SAU,DRND SOL W/BONE",0.74,61,85,0.100000001,186,20.86,0.430000007,66.65,4.821,2.112,2.686,10.46,89.0,1 cup
SCUP,"SCUP,RAW",0.0,52,65,0.0,105,18.88,0.0,75.37,0.56,1.03,0.64,2.73,166.0,1 cup
SEA BASS,"SEA BASS,MXD SP,RAW",0.0,41,65,0.0,97,18.43,0.0,78.27,0.424,0.743,0.511,2.0,129.0,1 fillet
SEA BASS,"SEA BASS,MXD SP,CKD,DRY HEAT",0.0,53,0,0.0,124,23.63,0.0,72.14,0.544,0.953,0.655,2.56,101.0,1 fillet
SEATROUT,"SEATROUT,MXD SP,RAW",0.0,83,0,0.0,104,16.74,0.0,78.09,0.884,0.725,1.009,3.61,238.0,1 fillet
SHAD,"SHAD,AMERICAN,RAW",0.0,75,65,0.0,197,16.93,0.0,68.19,5.724,3.268,3.126,13.77,184.0,1 fillet
SHARK,"SHARK,MIXED SPECIES,RAW",0.0,51,65,0.0,130,20.98,0.0,73.58,1.808,1.195,0.925,4.51,0.0,
SHARK,"SHARK,MXD SP,CKD,BATTER-DIPPED&FRIED",6.39,59,0,0.0,228,18.62,0.0,60.09,5.935,3.701,3.205,13.82,85.0,3 oz
SHEEPSHEAD,"SHEEPSHEAD,RAW",0.0,50,0,0.0,108,20.21,0.0,77.97,0.728,0.518,0.609,2.41,238.0,1 fillet
SHEEPSHEAD,"SHEEPSHEAD,CKD,DRY HEAT",0.0,64,0,0.0,126,26.02,0.0,69.04,0.35,0.382,0.36,1.63,186.0,1 fillet
SMELT,"SMELT,RAINBOW,RAW",0.0,70,65,0.0,97,17.63,0.0,78.77,0.641,0.885,0.452,2.42,85.0,3 oz
SMELT,"SMELT,RAINBOW,CKD,DRY HEAT",0.0,90,0,0.0,124,22.6,0.0,72.79,0.822,1.135,0.579,3.1,85.0,3 oz
SNAPPER,"SNAPPER,MIXED SPECIES,RAW",0.0,37,65,0.0,100,20.51,0.0,76.87,0.251,0.459,0.285,1.34,218.0,1 fillet
SNAPPER,"SNAPPER,MXD SP,CKD,DRY HEAT",0.0,47,0,0.0,128,26.3,0.0,70.35,0.322,0.588,0.365,1.72,170.0,1 fillet
SPOT,"SPOT,RAW",0.0,60,0,0.0,123,18.51,0.0,75.95,1.33,1.09,1.45,4.9,64.0,1 fillet
STURGEON,"STURGEON,MXD SP,RAW",0.0,60,65,0.0,105,16.14,0.0,76.55,1.939,0.69,0.915,4.04,85.0,3 oz
STURGEON,"STURGEON,MXD SP,CKD,DRY HEAT",0.0,77,81,0.0,135,20.7,0.0,69.94,2.486,0.885,1.173,5.18,136.0,"1 cup, cooked"
STURGEON,"STURGEON,MXD SP,SMOKED",0.0,80,95,0.0,173,31.2,0.0,62.5,2.356,0.436,1.037,4.4,28.35,1 oz
SUCKER,"SUCKER,WHITE,RAW",0.0,41,0,0.0,92,16.76,0.0,79.71,0.706,0.807,0.452,2.32,159.0,1 fillet
SUNFISH,"SUNFISH,PUMPKIN SEED,RAW",0.0,67,0,0.0,89,19.4,0.0,79.5,0.117,0.246,0.139,0.7,48.0,1 fillet
No Category,SURIMI,6.85,30,0,0.0,99,15.18,0.0,76.34,0.149,0.443,0.191,0.9,28.35,1 oz
SWORDFISH,"SWORDFISH,RAW",0.0,39,65,0.0,121,19.8,0.0,75.62,1.545,0.922,1.097,4.01,136.0,"1 piece,  (4-1/2"" x 2-1/8"" x 7/8"")"
SWORDFISH,"SWORDFISH,COOKED,DRY HEAT",0.0,50,0,0.0,155,25.39,0.0,68.75,1.981,1.182,1.406,5.14,106.0,1 piece
TILEFISH,"TILEFISH,RAW",0.0,50,0,0.0,96,17.5,0.0,78.9,0.571,0.599,0.441,2.31,193.0,.5 fillet
TILEFISH,"TILEFISH,COOKED,DRY HEAT",0.0,64,0,0.0,147,24.49,0.0,70.24,1.332,1.246,0.868,4.69,150.0,.5 fillet
TROUT,"TROUT,MIXED SPECIES,RAW",0.0,58,65,0.0,148,20.77,0.0,71.42,3.254,1.499,1.149,6.61,79.0,1 fillet
TROUT,"TROUT,RAINBOW,WILD,RAW",0.0,59,0,0.0,119,20.48,0.0,71.87,1.129,1.237,0.722,3.46,159.0,1 fillet
TROUT,"TROUT,RAINBOW,WILD,CKD,DRY HEAT",0.0,69,0,0.0,150,22.92,0.0,70.5,1.746,1.831,1.619,5.82,143.0,1 fillet
TUNA,"TUNA,FRESH,BLUEFIN,RAW",0.0,38,65,0.0,144,23.33,0.0,68.09,1.6,1.433,1.257,4.9,85.0,3 oz
TUNA,"TUNA,FRSH,BLUEFIN,CKD,DRY HEAT",0.0,49,0,0.0,184,29.91,0.0,59.09,2.053,1.844,1.612,6.28,85.0,3 oz
TUNA,"TUNA,LT,CND IN OIL,DRND SOL",0.0,18,29,0.0,198,29.13,0.0,59.83,2.949,2.885,1.534,8.21,146.0,"1 cup, solid or chunks"
TUNA,"TUNA,LT,CND IN H2O,DRND SOL",0.0,30,29,0.0,116,25.51,0.0,74.51,0.159,0.337,0.234,0.82,154.0,"1 cup, solid or chunks"
TUNA,"TUNA,FRESH,SKIPJACK,RAW",0.0,47,0,0.0,103,22.0,0.0,70.58,0.19,0.315,0.328,1.01,198.0,.5 fillet
TUNA,"TUNA,WHITE,CND IN OIL,DRND SOL",0.0,31,0,0.0,186,26.53,0.0,64.02,3.262,2.972,1.28,8.08,178.0,1 can
TUNA,"TUNA,WHITE,CND IN H2O,DRND SOL",0.0,42,29,0.0,128,23.62,0.0,73.19,0.784,1.109,0.792,2.97,172.0,1 can
TUNA,"TUNA,FRESH,YELLOWFIN,RAW",0.0,45,65,0.0,108,23.38,0.0,70.99,0.154,0.284,0.235,0.95,28.35,"1 oz, boneless"
No Category,TUNA SALAD,9.41,13,0,0.0,187,16.04,0.0,63.16,2.887,4.122,1.544,9.26,205.0,1 cup
TURBOT,"TURBOT,EUROPEAN,RAW",0.0,48,0,0.0,95,16.05,0.0,76.95,0.61,0.88,0.75,2.95,204.0,.5 fillet
WHITEFISH,"WHITEFISH,MXD SP,RAW",0.0,60,65,0.0,134,19.09,0.0,72.77,1.996,2.149,0.906,5.86,198.0,1 fillet
WHITEFISH,"WHITEFISH,MXD SP,SMOKED",0.0,33,95,0.0,108,23.4,0.0,70.83,0.278,0.293,0.228,0.93,136.0,"1 cup, cooked"
WHITING,"WHITING,MIXED SPECIES,RAW",0.0,67,65,0.0,90,18.31,0.0,80.27,0.279,0.422,0.247,1.31,92.0,1 fillet
WHITING,"WHITING,MXD SP,CKD,DRY HEAT",0.0,84,81,0.0,116,23.48,0.0,74.71,0.445,0.587,0.4,1.69,72.0,1 fillet
WOLFFISH,"WOLFFISH,ATLANTIC,RAW",0.0,46,0,0.0,96,17.5,0.0,79.9,0.837,0.845,0.365,2.39,153.0,.5 fillet
YELLOWTAIL,"YELLOWTAIL,MXD SP,RAW",0.0,55,0,0.0,146,23.14,0.0,74.52,1.99,1.42,1.28,5.24,187.0,.5 fillet
CRAB,"CRAB,ALASKA KING,RAW",0.0,42,0,0.0,84,18.29,0.0,79.57,0.08,0.13,0.09,0.6,172.0,1 leg
CRAB,"CRAB,ALASKA KING,CKD,MOIST HEAT",0.0,53,0,0.0,97,19.35,0.0,77.55,0.185,0.536,0.133,1.54,134.0,1 leg
CRAB,"CRAB,ALASKA KING,IMITN,MADE FROM SURIMI",15.0,20,13,0.5,95,7.62,6.25,74.66,0.232,0.182,0.176,0.46,85.0,3 oz
CRAB,"CRAB,BLUE,RAW",0.04,78,0,0.0,87,18.06,0.0,79.02,0.192,0.387,0.222,1.08,85.0,3 oz
CRAB,"CRAB,BLUE,CKD,MOIST HEAT",0.0,100,81,0.0,102,20.2,0.0,77.43,0.28,0.68,0.228,1.77,118.0,"1 cup, flaked and pieces"
CRAB,"CRAB,BLUE,CANNED",0.0,89,34,0.0,99,20.52,0.0,76.16,0.218,0.44,0.252,1.23,135.0,1 cup
CRAB,"CRAB,BLUE,CRAB CAKES",0.48,150,0,0.0,155,20.21,0.0,71.0,2.815,2.273,1.483,7.52,60.0,1 cake
CRAB,"CRAB,DUNGENESS,RAW",0.74,59,0,0.0,86,17.41,0.0,79.18,0.167,0.317,0.132,0.97,85.0,3 oz
CRAB,"CRAB,QUEEN,RAW",0.0,55,0,0.0,90,18.5,0.0,80.58,0.256,0.422,0.143,1.18,85.0,3 oz
CRAYFISH,"CRAYFISH,MXD SP,WILD,RAW",0.0,114,81,0.0,77,15.97,0.0,82.24,0.174,0.293,0.159,0.95,85.0,3 oz
CRAYFISH,"CRAYFISH,MXD SP,WILD,CKD,MOIST HEAT",0.0,133,81,0.0,82,16.77,0.0,79.37,0.244,0.367,0.181,1.2,85.0,3 oz
LOBSTER,"LOBSTER,NORTHERN,RAW",0.5,95,81,0.0,90,18.8,0.0,76.76,0.26,0.15,0.18,0.9,150.0,1 lobster
LOBSTER,"LOBSTER,NORTHERN,CKD,MOIST HEAT",1.28,72,81,0.0,98,20.5,0.0,76.03,0.16,0.091,0.107,0.59,145.0,1 cup
SHRIMP,"SHRIMP,MIXED SPECIES,RAW",0.91,152,81,0.0,106,20.31,0.0,75.86,0.253,0.669,0.328,1.73,6.0,1 medium
SHRIMP,"SHRIMP,MXD SP,CKD,BREADED&FRIED",11.47,177,0,0.400000006,242,21.39,0.0,52.86,3.812,5.085,2.087,12.28,85.0,3 oz
SHRIMP,"SHRIMP,MXD SP,CKD,MOIST HEAT",0.0,195,81,0.0,99,20.91,0.0,77.28,0.197,0.44,0.289,1.08,85.0,3 oz
SHRIMP,"SHRIMP,MXD SP,CND",0.0,252,81,0.0,100,20.42,0.0,75.85,0.108,0.684,0.188,1.36,128.0,1 cup
SHRIMP,"SHRIMP,MXD SP,IMITN,MADE FROM SURIMI",9.13,36,0,0.0,101,12.39,0.0,74.91,0.22,0.75,0.29,1.47,85.0,3 oz
SPINY LOBSTER,"SPINY LOBSTER,MXD SP,RAW",2.43,70,0,0.0,112,20.6,0.0,74.07,0.275,0.59,0.237,1.51,209.0,1 lobster
ABALONE,"ABALONE,MIXED SPECIES,RAW",6.01,85,65,0.0,105,17.1,0.0,74.56,0.107,0.104,0.149,0.76,85.0,3 oz
ABALONE,"ABALONE,MXD SP,CKD,FRIED",11.05,94,0,0.0,189,19.63,0.0,60.1,2.741,1.676,1.646,6.78,85.0,3 oz
CLAM,"CLAM,MIXED SPECIES,RAW",2.57,34,65,0.0,74,12.77,0.0,81.82,0.08,0.282,0.094,0.97,227.0,"1 cup,  (with liquid and clams)"
CLAM,"CLAM,MXD SP,CKD,BREADED&FRIED",10.33,61,0,0.0,202,14.24,0.0,61.55,4.545,2.87,2.683,11.15,85.0,3 oz
CLAM,"CLAM,MXD SP,CKD,MOIST HEAT",5.13,67,0,0.0,148,25.55,0.0,63.64,0.172,0.552,0.188,1.95,85.0,3 oz
CLAM,"CLAM,MXD SP,CND,DRND SOL",5.13,67,81,0.0,148,25.55,0.0,63.64,0.172,0.552,0.188,1.95,160.0,1 cup
CLAM,"CLAM,MXD SP,CND,LIQ",0.1,3,13,0.0,2,0.4,0.0,97.7,0.002,0.006,0.002,0.02,240.0,1 cup
CUTTLEFISH,"CUTTLEFISH,MXD SP,RAW",0.82,112,0,0.0,79,16.24,0.0,80.56,0.081,0.134,0.118,0.7,85.0,3 oz
MUSSEL,"MUSSEL,BLUE,RAW",3.69,28,65,0.0,86,11.9,0.0,80.58,0.507,0.606,0.425,2.24,150.0,1 cup
MUSSEL,"MUSSEL,BLUE,CKD,MOIST HEAT",7.39,56,0,0.0,172,23.8,0.0,61.15,1.014,1.212,0.85,4.48,85.0,3 oz
OCTOPUS,"OCTOPUS,COMMON,RAW",2.2,48,65,0.0,82,14.91,0.0,80.25,0.162,0.239,0.227,1.04,85.0,3 oz
OYSTER,"OYSTER,EASTERN,WILD,RAW",3.91,53,65,0.0,68,7.05,0.0,85.16,0.314,0.968,0.772,2.46,248.0,1 cup
OYSTER,"OYSTER,EASTERN,CKD,BREADED&FRIED",11.62,81,0,0.0,197,8.77,0.0,64.72,4.702,3.313,3.197,12.58,85.0,3 oz
OYSTER,"OYSTER,EASTERN,WILD,CKD,MOIST HEAT",7.82,105,0,0.0,137,14.1,0.0,70.32,0.628,1.936,1.544,4.91,85.0,3 oz
OYSTER,"OYSTER,EASTERN,CANNED",3.91,55,81,0.0,69,7.06,0.0,85.14,0.25,0.739,0.631,2.47,162.0,"1 cup,  drained"
OYSTER,"OYSTER,PACIFIC,RAW",4.95,50,0,0.0,81,9.45,0.0,82.06,0.358,0.894,0.51,2.3,50.0,1 medium
SCALLOP,"SCALLOP,MIXED SPECIES,RAW",2.36,33,65,0.0,88,16.78,0.0,78.57,0.037,0.261,0.079,0.76,30.0,"1 unit,  2 large or 5 small"
SCALLOP,"SCALLOP,MXD SP,CKD,BREADED&FRIED",10.13,61,0,0.0,215,18.07,0.0,58.44,4.498,2.856,2.669,10.94,31.0,2 large
SCALLOP,"SCALLOP,MXD SP,IMITN,MADE FROM SURIMI",10.62,22,0,0.0,99,12.77,0.0,73.82,0.06,0.21,0.08,0.41,85.0,3 oz
SQUID,"SQUID,MIXED SPECIES,RAW",3.08,233,65,0.0,92,15.58,0.0,78.55,0.107,0.524,0.358,1.38,28.35,"1 oz, boneless"
SQUID,"SQUID,MXD SP,CKD,FRIED",7.79,260,0,0.0,175,17.94,0.0,64.54,2.749,2.136,1.878,7.48,85.0,3 oz
WHELK,"WHELK,UNSPECIFIED,RAW",7.76,65,65,0.0,137,23.84,0.0,66.0,0.028,0.023,0.031,0.4,85.0,3 oz
WHELK,"WHELK,UNSPEC,CKD,MOIST HEAT",15.52,130,0,0.0,275,47.68,0.0,32.0,0.056,0.046,0.062,0.8,85.0,3 oz
SALMON,"SALMON,CHINOOK,SMOKED,(LOX),REG",0.0,23,0,0.0,117,18.28,0.0,72.0,2.023,0.995,0.929,4.32,28.35,1 oz
SALMON,"SALMON,CHUM,CND,WO/SALT,DRND SOL W/BONE",0.0,39,0,0.0,141,21.43,0.0,70.77,1.919,1.517,1.486,5.5,369.0,1 can
SALMON,"SALMON,PINK,CND,WO/SALT,SOL W/BONE&LIQ",0.0,55,0,0.0,139,19.78,0.0,70.03,1.825,2.049,1.535,6.05,454.0,1 can
SALMON,"SALMON,SOCKEYE,CND,WO/SALT,DRND SOL W/BONE",0.0,44,0,0.0,153,20.47,0.0,68.72,2.776,2.277,1.644,7.31,369.0,1 can
TUNA,"TUNA,LT,CND IN OIL,WO/SALT,DRND SOL",0.0,18,0,0.0,198,29.13,0.0,59.83,2.949,2.885,1.534,8.21,171.0,1 can
TUNA,"TUNA,LT,CND IN H2O,WO/SALT,DRND SOL",0.0,30,0,0.0,116,25.51,0.0,75.21,0.159,0.337,0.234,0.82,165.0,1 can
TUNA,"TUNA,WHITE,CND IN OIL,WO/SALT,DRND SOL",0.0,31,0,0.0,186,26.53,0.0,64.02,2.48,3.38,1.65,8.08,178.0,1 can
TUNA,"TUNA,WHITE,CND IN H2O,WO/SALT,DRND SOL",0.0,42,0,0.0,128,23.62,0.0,74.02,0.784,1.109,0.792,2.97,172.0,1 can
BASS,"BASS,FRESHWATER,MXD SP,CKD,DRY HEAT",0.0,87,0,0.0,146,24.18,0.0,68.79,1.835,1.36,1.001,4.73,62.0,1 fillet
BASS,"BASS,STRIPED,CKD,DRY HEAT",0.0,103,0,0.0,124,22.73,0.0,73.36,0.846,1.005,0.65,2.99,124.0,1 fillet
BLUEFISH,"BLUEFISH,COOKED,DRY HEAT",0.0,76,0,0.0,159,25.69,0.0,62.64,2.297,1.358,1.172,5.44,117.0,1 fillet
BURBOT,"BURBOT,COOKED,DRY HEAT",0.0,77,0,0.0,115,24.76,0.0,73.41,0.17,0.381,0.209,1.04,90.0,1 fillet
BUTTERFISH,"BUTTERFISH,CKD,DRY HEAT",0.0,83,0,0.0,187,22.15,0.0,66.83,0.0,0.0,0.0,10.28,25.0,1 fillet
COD,"COD,PACIFIC,CKD,DRY HEAT",0.0,47,0,0.0,105,22.95,0.0,76.0,0.105,0.313,0.104,0.81,90.0,1 fillet
CUSK,"CUSK,COOKED,DRY HEAT",0.0,53,0,0.0,112,24.35,0.0,69.68,0.0,0.0,0.0,0.88,95.0,1 fillet
DOLPHINFISH,"DOLPHINFISH,CKD,DRY HEAT",0.0,94,0,0.0,109,23.72,0.0,71.22,0.155,0.211,0.241,0.9,159.0,1 fillet
DRUM,"DRUM,FRESHWATER,CKD,DRY HEAT",0.0,82,0,0.0,153,22.49,0.0,70.94,2.807,1.479,1.434,6.32,154.0,1 fillet
HALIBUT,"HALIBUT,GREENLAND,CKD,DRY HEAT",0.0,59,0,0.0,239,18.42,0.0,61.88,10.742,1.753,3.102,17.74,159.0,.5 fillet
HERRING,"HERRING,PACIFIC,CKD,DRY HEAT",0.0,99,0,0.0,250,21.01,0.0,63.49,8.807,3.106,4.174,17.79,144.0,1 fillet
LING,"LING,COOKED,DRY HEAT",0.0,51,0,0.0,111,24.35,0.0,73.88,0.0,0.0,0.0,0.82,151.0,1 fillet
LINGCOD,"LINGCOD,COOKED,DRY HEAT",0.0,67,0,0.0,109,22.64,0.0,75.68,0.447,0.383,0.255,1.36,151.0,.5 fillet
MACKEREL,"MACKEREL,KING,CKD,DRY HEAT",0.0,68,0,0.0,134,26.0,0.0,69.04,0.979,0.589,0.465,2.56,154.0,.5 fillet
MACKEREL,"MACKEREL,PACIFIC&JACK,MXD SP,CKD,DRY HEAT",0.0,60,81,0.0,201,25.73,0.0,61.73,3.371,2.488,2.881,10.12,28.35,"1 oz, boneless"
MILKFISH,"MILKFISH,COOKED,DRY HEAT",0.0,67,0,0.0,190,26.32,0.0,62.63,0.0,0.0,0.0,8.63,85.0,3 oz
MONKFISH,"MONKFISH,COOKED,DRY HEAT",0.0,32,0,0.0,97,18.56,0.0,78.51,0.0,0.0,0.0,1.95,85.0,3 oz
PIKE,"PIKE,WALLEYE,CKD,DRY HEAT",0.0,110,0,0.0,119,24.54,0.0,73.47,0.377,0.573,0.319,1.56,124.0,1 fillet
POLLOCK,"POLLOCK,ATLANTIC,CKD,DRY HEAT",0.0,91,0,0.0,118,24.92,0.0,72.03,0.143,0.622,0.17,1.26,151.0,.5 fillet
POUT,"POUT,OCEAN,CKD,DRY HEAT",0.0,67,0,0.0,102,21.33,0.0,76.1,0.422,0.041,0.41,1.17,137.0,.5 fillet
ROE,"ROE,MXD SP,CKD,DRY HEAT",1.92,479,0,0.0,204,28.62,0.0,58.63,2.129,3.404,1.866,8.23,28.35,1 oz
SABLEFISH,"SABLEFISH,COOKED,DRY HEAT",0.0,63,0,0.0,250,17.19,0.0,62.85,10.328,2.618,4.099,19.62,151.0,.5 fillet
SALMON,"SALMON,ATLANTIC,WILD,CKD,DRY HEAT",0.0,71,0,0.0,182,25.44,0.0,59.62,2.697,3.256,1.257,8.13,154.0,.5 fillet
SALMON,"SALMON,CHINOOK,CKD,DRY HEAT",0.0,85,0,0.0,231,25.72,0.0,65.6,5.742,2.662,3.214,13.38,154.0,.5 fillet
SALMON,"SALMON,CHUM,CKD,DRY HEAT",0.0,95,0,0.0,154,25.82,0.0,68.44,1.976,1.152,1.077,4.83,154.0,.5 fillet
SALMON,"SALMON,PINK,CKD,DRY HEAT",0.0,67,0,0.0,149,25.56,0.0,69.68,1.197,1.733,0.715,4.42,124.0,.5 fillet
SCUP,"SCUP,COOKED,DRY HEAT",0.0,67,0,0.0,135,24.21,0.0,68.42,0.0,0.0,0.0,3.5,50.0,1 fillet
SEATROUT,"SEATROUT,MXD SP,CKD,DRY HEAT",0.0,106,0,0.0,133,21.46,0.0,71.91,1.133,0.929,1.293,4.63,186.0,1 fillet
SHAD,"SHAD,AMERICAN,CKD,DRY HEAT",0.0,96,0,0.0,252,21.71,0.0,59.22,0.0,0.0,0.0,17.65,144.0,1 fillet
SPOT,"SPOT,COOKED,DRY HEAT",0.0,77,0,0.0,158,23.73,0.0,69.17,1.706,1.398,1.859,6.28,50.0,1 fillet
SUCKER,"SUCKER,WHITE,CKD,DRY HEAT",0.0,53,0,0.0,119,21.49,0.0,73.99,0.905,1.035,0.579,2.97,124.0,1 fillet
SUNFISH,"SUNFISH,PUMPKIN SD,CKD,DRY HEAT",0.0,86,0,0.0,114,24.87,0.0,73.72,0.15,0.315,0.178,0.9,37.0,1 fillet
TROUT,"TROUT,MXD SP,CKD,DRY HEAT",0.0,74,0,0.0,190,26.63,0.0,63.36,4.172,1.922,1.474,8.47,62.0,1 fillet
TUNA,"TUNA,SKIPJACK,FRSH,CKD,DRY HEAT",0.0,60,0,0.0,132,28.21,0.0,62.28,0.243,0.403,0.42,1.29,154.0,.5 fillet
TUNA,"TUNA,YELLOWFIN,FRSH,CKD,DRY HEAT",0.0,58,0,0.0,139,29.97,0.0,62.81,0.197,0.364,0.301,1.22,85.0,3 oz
TURBOT,"TURBOT,EUROPEAN,CKD,DRY HEAT",0.0,62,0,0.0,122,20.58,0.0,70.45,0.0,0.0,0.0,3.78,159.0,.5 fillet
WHITEFISH,"WHITEFISH,MXD SP,CKD,DRY HEAT",0.0,77,0,0.0,172,24.47,0.0,65.09,2.559,2.755,1.162,7.51,154.0,1 fillet
WOLFFISH,"WOLFFISH,ATLANTIC,CKD,DRY HEAT",0.0,59,0,0.0,123,22.44,0.0,74.23,1.072,1.083,0.468,3.06,119.0,.5 fillet
YELLOWTAIL,"YELLOWTAIL,MXD SP,CKD,DRY HEAT",0.0,71,0,0.0,187,29.67,0.0,67.33,0.0,0.0,0.0,6.72,146.0,.5 fillet
CRAB,"CRAB,DUNGENESS,CKD,MOIST HEAT",0.95,76,0,0.0,110,22.32,0.0,73.31,0.214,0.407,0.168,1.24,85.0,3 oz
CRAB,"CRAB,QUEEN,CKD,MOIST HEAT",0.0,71,0,0.0,115,23.72,0.0,75.1,0.328,0.54,0.183,1.51,85.0,3 oz
SPINY LOBSTER,"SPINY LOBSTER,MXD SP,CKD,MOIST HEAT",3.12,90,0,0.0,143,26.41,0.0,66.76,0.353,0.756,0.303,1.94,163.0,1 lobster
CUTTLEFISH,"CUTTLEFISH,MXD SP,CKD,MOIST HEAT",1.64,224,0,0.0,158,32.48,0.0,61.12,0.162,0.268,0.236,1.4,85.0,3 oz
OCTOPUS,"OCTOPUS,COMMON,CKD,MOIST HEAT",4.4,96,81,0.0,164,29.82,0.0,60.5,0.324,0.477,0.453,2.08,85.0,3 oz
OYSTER,"OYSTER,PACIFIC,CKD,MOIST HEAT",9.9,100,0,0.0,163,18.9,0.0,64.12,0.776,1.788,1.02,4.6,25.0,1 medium
ROUGHY,"ROUGHY,ORANGE,CKD,DRY HEAT",0.0,80,0,0.0,105,22.64,0.0,66.97,0.439,0.184,0.034,0.9,85.0,3 oz
CATFISH,"CATFISH,CHANNEL,WILD,CKD,DRY HEAT",0.0,72,0,0.0,105,18.47,0.0,77.67,1.099,0.636,0.744,2.85,143.0,1 fillet
CATFISH,"CATFISH,CHANNEL,FARMED,RAW",0.0,47,65,0.0,135,15.55,0.0,75.38,3.586,1.568,1.768,7.59,159.0,1 fillet
CATFISH,"CATFISH,CHANNEL,FARMED,CKD,DRY HEAT",0.0,64,0,0.0,152,18.72,0.0,71.58,4.155,1.392,1.789,8.02,143.0,1 fillet
SALMON,"SALMON,ATLANTIC,FARMED,RAW",0.0,55,78,0.0,208,20.42,0.0,64.89,3.77,3.886,3.05,13.42,198.0,.5 fillet
SALMON,"SALMON,ATLANTIC,FARMED,CKD,DRY HEAT",0.0,63,0,0.0,206,22.1,0.0,64.75,4.432,4.426,2.504,12.35,178.0,.5 fillet
SALMON,"SALMON,COHO,FARMED,RAW",0.0,51,0,0.0,160,21.27,0.0,70.47,3.33,1.861,1.816,7.67,159.0,1 fillet
SALMON,"SALMON,COHO,FARMED,CKD,DRY HEAT",0.0,63,0,0.0,178,24.3,0.0,67.0,3.618,1.963,1.944,8.23,143.0,1 fillet
TROUT,"TROUT,RAINBOW,FARMED,RAW",0.0,59,65,0.0,138,20.87,0.0,72.73,1.539,1.805,1.554,5.4,79.0,1 fillet
TROUT,"TROUT,RAINBOW,FARMED,CKD,DRY HEAT",0.0,68,0,0.0,169,24.27,0.0,67.53,2.096,2.33,2.105,7.2,71.0,1 fillet
CRAYFISH,"CRAYFISH,MXD SP,FARMED,RAW",0.0,107,0,0.0,72,14.85,0.0,84.05,0.178,0.313,0.163,0.97,85.0,3 oz
CRAYFISH,"CRAYFISH,MXD SP,FARMED,CKD,MOIST HEAT",0.0,137,0,0.0,87,17.52,0.0,80.8,0.251,0.413,0.216,1.3,85.0,3 oz
OYSTER,"OYSTER,EASTERN,WILD,CKD,DRY HEAT",4.8,49,0,0.0,72,8.25,0.0,83.3,0.23,0.809,0.55,1.9,85.0,3 oz
OYSTER,"OYSTER,EASTERN,FARMED,RAW",5.53,25,0,0.0,59,5.22,0.0,86.2,0.152,0.591,0.443,1.55,85.0,3 oz
OYSTER,"OYSTER,EASTERN,FARMED,CKD,DRY HEAT",7.28,38,0,0.0,79,7.0,0.0,81.95,0.23,0.713,0.683,2.12,85.0,3 oz
SALMON,"SALMON,COHO,WILD,CKD,DRY HEAT",0.0,55,72,0.0,139,23.45,0.0,71.5,1.581,1.273,1.054,4.3,178.0,.5 fillet
CONCH,"CONCH,BAKED OR BROILED",1.7,65,81,0.0,130,26.3,0.0,69.4,0.334,0.274,0.37,1.2,127.0,"1 cup, sliced"
USDA COMMODITY,"USDA COMMODITY,SALMON NUGGETS,BREADED,FRZ,HTD",13.96,26,0,0.0,212,12.69,0.0,60.38,4.625,3.028,1.57,11.72,0.0,
USDA COMMODITY,"USDA COMMODITY,SALMON NUGGETS,CKD AS PURCHASED,UNHTD",11.85,27,0,0.0,189,11.97,0.0,64.57,4.33,2.863,1.497,10.43,0.0,
SALMON,"SALMON,PINK,CND,DRND SOL W/BONE",0.0,82,88,0.0,136,23.08,0.0,70.52,0.887,1.345,0.848,4.83,0.0,
FISH,"FISH,TILAPIA,RAW",0.0,50,42,0.0,96,20.08,0.0,78.08,0.653,0.476,0.766,1.7,0.0,
FISH,"FISH,TILAPIA,CKD,DRY HEAT",0.0,57,0,0.0,128,26.15,0.0,71.59,0.955,0.6,0.94,2.65,0.0,
BEANS,"BEANS,ADZUKI,MATURE SEEDS,RAW",62.9,0,0,12.69999981,329,19.87,0.0,13.44,0.0,0.0,0.191,0.53,197.0,1 cup
BEANS,"BEANS,ADZUKI,MATURE SEEDS,CKD,BLD,WO/SALT",24.77,0,0,7.300000191,128,7.52,0.0,66.29,0.0,0.0,0.036,0.1,230.0,1 cup
BEANS,"BEANS,ADZUKI,MATURE SEEDS,CND,SWTND",55.01,0,0,0.0,237,3.8,0.0,40.58,0.0,0.0,0.011,0.03,296.0,1 cup
BEANS,"BEANS,ADZUKI,YOKAN,MATURE SEEDS",60.72,0,0,0.0,260,3.29,0.0,35.45,0.0,0.0,0.043,0.12,14.0,1 slice
BEANS,"BEANS,BAKED,HOME PREPARED",21.63,5,0,5.5,155,5.54,0.0,65.17,2.133,0.74,1.948,5.15,253.0,1 cup
BEANS,"BEANS,BKD,CND,PLN OR VEGETARIAN",21.14,0,32,4.099999905,94,4.75,7.960000038,72.0,0.095,0.121,0.071,0.37,254.0,1 cup
BEANS,"BEANS,BKD,CND,W/BF",16.91,22,0,0.0,121,6.38,0.0,71.33,1.385,0.205,1.677,3.45,266.0,1 cup
BEANS,"BEANS,BKD,CND,W/FRANKS",15.39,6,35,6.900000095,142,6.75,6.53000021,69.34,2.83,0.836,2.352,6.57,259.0,1 cup
BEANS,"BEANS,BKD,CND,W/PORK",19.99,7,0,5.5,106,5.19,0.0,71.46,0.673,0.199,0.599,1.55,253.0,1 cup
BEANS,"BEANS,BKD,CND,W/PORK&SWT SAU",21.12,7,24,4.199999809,112,5.29,8.56000042,70.61,0.498,0.376,0.491,1.44,253.0,1 cup
BEANS,"BEANS,BKD,CND,W/PORK&TOMATO SAU",18.69,7,39,4.0,94,5.15,5.670000076,73.5,0.277,0.157,0.293,0.93,246.44,1 cup
BEANS,"BEANS,BLACK,MATURE SEEDS,RAW",62.36,0,66,15.19999981,341,21.6,2.119999886,11.02,0.123,0.61,0.366,1.42,194.0,1 cup
BEANS,"BEANS,BLACK,MATURE SEEDS,CKD,BLD,WO/SALT",23.71,0,0,8.699999809,132,8.86,0.0,65.74,0.047,0.231,0.139,0.54,172.0,1 cup
BEANS,"BEANS,BLACK TURTLE SOUP,MATURE SEEDS,RAW",63.25,0,0,24.89999962,339,21.25,2.25,11.0,0.078,0.387,0.232,0.9,184.0,1 cup
BEANS,"BEANS,BLACK TURTLE SOUP,MATURE SEEDS,CKD,BLD,WO/SALT",24.35,0,33,5.300000191,130,8.18,0.319999993,65.74,0.03,0.149,0.089,0.35,185.0,1 cup
BEANS,"BEANS,BLACK TURTLE SOUP,MATURE SEEDS,CND",16.56,0,0,6.900000095,91,6.03,0.0,75.64,0.025,0.125,0.075,0.29,240.0,1 cup
BEANS,"BEANS,CRANBERRY (ROMAN),MATURE SEEDS,RAW",60.05,0,0,24.70000076,335,23.03,0.0,12.39,0.106,0.527,0.316,1.23,195.0,1 cup
BEANS,"BEANS,CRANBERRY (ROMAN),MATURE SEEDS,CKD,BLD,WO/SALT",24.46,0,0,10.0,136,9.34,0.0,64.65,0.04,0.199,0.119,0.46,177.0,1 cup
BEANS,"BEANS,CRANBERRY (ROMAN),MATURE SEEDS,CND",15.12,0,0,6.300000191,83,5.54,0.0,77.56,0.024,0.12,0.072,0.28,260.0,1 cup
BEANS,"BEANS,FRENCH,MATURE SEEDS,RAW",64.11,0,0,25.20000076,343,18.81,0.0,10.77,0.138,1.207,0.221,2.02,184.0,1 cup
BEANS,"BEANS,FRENCH,MATURE SEEDS,CKD,BLD,WO/SALT",24.02,0,0,9.399999619,129,7.05,0.0,66.57,0.052,0.453,0.083,0.76,177.0,1 cup
BEANS,"BEANS,GREAT NORTHERN,MATURE SEEDS,RAW",62.37,0,0,20.20000076,339,21.86,2.25999999,10.7,0.053,0.477,0.356,1.14,183.0,1 cup
BEANS,"BEANS,GREAT NORTHERN,MATURE SEEDS,CKD,BLD,WO/SALT",21.09,0,0,7.0,118,8.33,0.0,69.0,0.021,0.187,0.14,0.45,177.0,1 cup
BEANS,"BEANS,GREAT NORTHERN,MATURE SEEDS,CND",21.02,0,0,4.900000095,114,7.37,0.0,69.89,0.018,0.161,0.12,0.39,262.0,1 cup
BEANS,"BEANS,KIDNEY,ALL TYPES,MATURE SEEDS,RAW",60.01,0,0,24.89999962,333,23.58,2.230000019,11.75,0.064,0.457,0.12,0.83,184.0,1 cup
BEANS,"BEANS,KIDNEY,ALL TYPES,MATURE SEEDS,CKD,BLD,WO/SALT",22.8,0,30,6.400000095,127,8.67,0.319999993,66.94,0.039,0.278,0.073,0.5,177.0,1 cup
BEANS,"BEANS,KIDNEY,ALL TYPES,MATURE SEEDS,CND",14.5,0,35,5.300000191,84,5.22,1.850000024,78.04,0.382,0.263,0.141,0.6,256.0,1 cup
BEANS,"BEANS,KIDNEY,CALIFORNIA RED,MATURE SEEDS,RAW",59.8,0,0,24.89999962,330,24.37,0.0,11.75,0.019,0.138,0.036,0.25,184.0,1 cup
BEANS,"BEANS,KIDNEY,CALIFORNIA RED,MATURE SEEDS,CKD,BLD,WO/SALT",22.41,0,0,9.300000191,124,9.13,0.0,66.93,0.007,0.052,0.014,0.09,177.0,1 cup
BEANS,"BEANS,KIDNEY,RED,MATURE SEEDS,RAW",61.29,0,66,15.19999981,337,22.53,2.099999905,11.75,0.082,0.586,0.154,1.06,184.0,1 cup
BEANS,"BEANS,KIDNEY,RED,MATURE SEEDS,CKD,BLD,WO/SALT",22.8,0,30,7.400000095,127,8.67,0.319999993,66.94,0.039,0.275,0.072,0.5,177.0,1 cup
BEANS,"BEANS,KIDNEY,RED,MATURE SEEDS,CND",15.54,0,30,5.400000095,84,5.26,1.860000014,77.37,0.171,0.151,0.085,0.36,256.0,1 cup
BEANS,"BEANS,KIDNEY,ROYAL RED,MATURE SEEDS,RAW",58.33,0,0,24.89999962,329,25.33,0.0,11.9,0.035,0.249,0.065,0.45,184.0,1 cup
BEANS,"BEANS,KIDNEY,ROYAL RED,MATURE SEEDS,CKD,BLD,WO/SALT",21.85,0,0,9.300000191,123,9.49,0.0,66.99,0.013,0.093,0.024,0.17,177.0,1 cup
BEANS,"BEANS,NAVY,MATURE SEEDS,RAW",60.75,0,87,24.39999962,337,22.33,3.880000114,12.1,0.245,1.411,0.17,1.5,208.0,1 cup
BEANS,"BEANS,NAVY,MATURE SEEDS,CKD,BLD,WO/SALT",26.05,0,45,10.5,140,8.23,0.370000005,63.81,0.142,0.49,0.098,0.62,182.0,1 cup
BEANS,"BEANS,NAVY,MATURE SEEDS,CND",20.45,0,27,5.099999905,113,7.53,0.280000001,70.45,0.038,0.186,0.112,0.43,262.0,1 cup
BEANS,"BEANS,PINK,MATURE SEEDS,RAW",64.19,0,67,12.69999981,343,20.96,2.140000105,10.06,0.098,0.487,0.292,1.13,210.0,1 cup
BEANS,"BEANS,PINK,MATURE SEEDS,CKD,BLD,WO/SALT",27.91,0,37,5.300000191,149,9.06,0.360000014,61.2,0.042,0.21,0.126,0.49,169.0,1 cup
BEANS,"BEANS,PINTO,MATURE SEEDS,RAW",62.55,0,66,15.5,347,21.42,2.109999895,11.33,0.229,0.407,0.235,1.23,193.0,1 cup
BEANS,"BEANS,PINTO,MATURE SEEDS,CKD,BLD,WO/SALT",26.22,0,35,9.0,143,9.01,0.340000004,62.95,0.133,0.235,0.136,0.65,171.0,1 cup
BEANS,"BEANS,PINTO,MATURE SEEDS,CND",15.25,0,21,4.599999905,86,4.86,0.209999993,77.54,0.162,0.289,0.167,0.81,240.0,1 cup
BEANS,"BEANS,SML WHITE,MATURE SEEDS,RAW",62.25,0,0,24.89999962,336,21.11,0.0,11.71,0.102,0.507,0.304,1.18,215.0,1 cup
BEANS,"BEANS,SML WHITE,MATURE SEEDS,CKD,BLD,WO/SALT",25.81,0,0,10.39999962,142,8.97,0.0,63.24,0.056,0.276,0.166,0.64,179.0,1 cup
BEANS,"BEANS,YEL,MATURE SEEDS,RAW",60.7,0,0,25.10000038,345,22.0,0.0,11.1,0.226,1.118,0.671,2.6,196.0,1 cup
BEANS,"BEANS,YEL,MATURE SEEDS,CKD,BLD,WO/SALT",25.27,0,0,10.39999962,144,9.16,0.0,62.98,0.094,0.466,0.279,1.08,177.0,1 cup
BEANS,"BEANS,WHITE,MATURE SEEDS,RAW",60.27,0,66,15.19999981,333,23.36,2.109999895,11.32,0.074,0.364,0.219,0.85,202.0,1 cup
BEANS,"BEANS,WHITE,MATURE SEEDS,CKD,BLD,WO/SALT",25.09,0,35,6.300000191,139,9.73,0.340000004,63.08,0.031,0.152,0.091,0.35,179.0,1 cup
BEANS,"BEANS,WHITE,MATURE SEEDS,CND",21.2,0,0,4.800000191,114,7.26,0.289999992,70.1,0.026,0.126,0.076,0.29,262.0,1 cup
BROADBEANS (FAVA BEANS),"BROADBEANS (FAVA BEANS),MATURE SEEDS,RAW",58.29,0,96,25.0,341,26.12,5.699999809,10.98,0.303,0.627,0.254,1.53,150.0,1 cup
BROADBEANS (FAVA BNS),"BROADBEANS (FAVA BNS),MATURE SEEDS,CKD,BLD,WO/SALT",19.65,0,31,5.400000095,110,7.6,1.820000052,71.54,0.079,0.164,0.066,0.4,170.0,1 cup
BROADBEANS (FAVA BNS),"BROADBEANS (FAVA BNS),MATURE SEEDS,CND",12.41,0,0,3.700000048,71,5.47,0.0,80.32,0.044,0.09,0.037,0.22,256.0,1 cup
No Category,CAROB FLOUR,88.88,0,12,39.79999924,222,4.62,49.08000183,3.58,0.197,0.216,0.09,0.65,103.0,1 cup
CHICKPEAS (GARBANZO BNS,"CHICKPEAS (GARBANZO BNS,BENGAL GM),MATURE SEEDS,RAW",60.65,0,95,17.39999962,364,19.3,10.69999981,11.53,1.358,2.694,0.626,6.04,200.0,1 cup
CHICKPEAS,"CHICKPEAS ,MATURE SEEDS,CKD,BLD,WO/SALT",27.42,0,43,7.599999905,164,8.86,4.800000191,60.21,0.583,1.156,0.269,2.59,164.0,1 cup
CHICKPEAS (GARBANZO BNS,"CHICKPEAS (GARBANZO BNS,BENGAL GM),MATURE SEEDS,CND",22.61,0,33,4.400000095,119,4.95,0.0,69.69,0.257,0.51,0.118,1.14,240.0,1 cup
CHILI WITH BEANS,"CHILI WITH BEANS,CANNED",11.91,17,20,4.400000095,112,5.71,1.190000057,75.51,2.332,0.362,2.352,5.49,256.0,1 cup
COWPEAS,"COWPEAS,CATJANG,MATURE SEEDS,RAW",59.64,0,0,10.69999981,343,23.85,0.0,11.05,0.173,0.889,0.542,2.07,167.0,1 cup
COWPEAS,"COWPEAS,CATJANG,MATURE SEEDS,CKD,BLD,WO/SALT",20.32,0,0,3.599999905,117,8.13,0.0,69.7,0.059,0.303,0.185,0.71,171.0,1 cup
COWPEAS,"COWPEAS,COMMON (BLACKEYES,CROWDER,SOUTHERN),MTRE SEEDS,RAW",60.03,0,95,10.60000038,336,23.52,6.900000095,11.95,0.106,0.542,0.331,1.26,167.0,1 cup
COWPEAS,"COWPEAS,COMMON (BLKEYES,CRWDR,STHRN),MTURE,CKD,BLD,WO/SALT",20.76,0,32,6.5,116,7.73,3.299999952,70.04,0.044,0.225,0.138,0.53,172.0,1 cup
COWPEAS,"COWPEAS,COMMON,MATURE SEEDS,CND,PLN",13.63,0,0,3.299999952,77,4.74,0.0,79.63,0.046,0.237,0.144,0.55,240.0,1 cup
COWPEAS,"COWPEAS,COMMON,MATURE SEEDS,CND W/PORK",16.53,7,0,3.299999952,83,2.74,0.0,77.59,0.656,0.229,0.605,1.6,240.0,1 cup
HYACINTH BNS,"HYACINTH BNS,MATURE SEEDS,RAW",60.76,0,0,0.0,344,23.9,0.0,9.38,0.0,0.0,0.288,1.69,210.0,1 cup
HYACINTH BNS,"HYACINTH BNS,MATURE SEEDS,CKD,BLD,WO/SALT",20.7,0,0,0.0,117,8.14,0.0,69.13,0.0,0.0,0.099,0.58,194.0,1 cup
LENTILS,"LENTILS,RAW",60.08,0,96,30.5,353,25.8,2.029999971,10.4,0.189,0.516,0.156,1.06,192.0,1 cup
LENTILS,"LENTILS,MATURE SEEDS,CKD,BLD,WO/SALT",20.13,0,33,7.900000095,116,9.02,1.799999952,69.64,0.064,0.175,0.053,0.38,198.0,1 cup
LIMA BNS,"LIMA BNS,LRG,MATURE SEEDS,RAW",63.38,0,97,19.0,338,21.46,8.5,10.17,0.062,0.309,0.161,0.69,178.0,1 cup
LIMA BNS,"LIMA BNS,LRG,MATURE SEEDS,CKD,BLD,WO/SALT",20.88,0,32,7.0,115,7.8,2.900000095,69.79,0.034,0.171,0.089,0.38,188.0,1 cup
LIMA BNS,"LIMA BNS,LRG,MATURE SEEDS,CND",14.91,0,0,4.800000191,79,4.93,0.0,77.08,0.015,0.074,0.039,0.17,241.0,1 cup
LIMA BNS,"LIMA BNS,THIN SEEDED (BABY),MATURE SEEDS,RAW",62.83,0,0,20.60000038,335,20.62,8.319999695,12.07,0.084,0.42,0.219,0.93,202.0,1 cup
LIMA BNS,"LIMA BNS,THIN SEEDED (BABY),MATURE SEEDS,CKD,BLD,WO/SALT",23.31,0,0,7.699999809,126,8.04,0.0,67.15,0.034,0.169,0.088,0.38,182.0,1 cup
LUPINS,"LUPINS,MATURE SEEDS,RAW",40.38,0,0,0.0,371,36.17,0.0,10.44,3.94,2.439,1.156,9.74,180.0,1 cup
LUPINS,"LUPINS,MATURE SEEDS,CKD,BLD,WO/ SALT",9.88,0,0,2.799999952,119,15.57,0.0,71.08,1.18,0.73,0.346,2.92,166.0,1 cup
MOTHBEANS,"MOTHBEANS,MATURE SEEDS,RAW",61.52,0,0,0.0,343,22.94,0.0,9.68,0.129,0.75,0.364,1.61,196.0,1 cup
MOTHBEANS,"MOTHBEANS,MATURE SEEDS,CKD,BLD,WO/SALT",20.96,0,0,0.0,117,7.81,0.0,69.23,0.044,0.256,0.124,0.55,177.0,1 cup
MUNG BNS,"MUNG BNS,MATURE SEEDS,RAW",62.62,0,98,16.29999924,347,23.86,6.599999905,9.05,0.161,0.384,0.348,1.15,207.0,1 cup
MUNG BNS,"MUNG BNS,MATURE SEEDS,CKD,BLD,WO/SALT",19.15,0,29,7.599999905,105,7.02,2.0,72.66,0.054,0.128,0.116,0.38,202.0,1 cup
NOODLES,"NOODLES,CHINESE,CELLOPHANE OR LONG RICE (MUNG BNS),DEHYD",86.09,0,93,0.5,351,0.16,0.0,13.42,0.008,0.018,0.017,0.06,140.0,1 cup
MUNGO BNS,"MUNGO BNS,MATURE SEEDS,RAW",58.99,0,0,18.29999924,341,25.21,0.0,10.8,0.085,1.071,0.114,1.64,207.0,1 cup
MUNGO BNS,"MUNGO BNS,MATURE SEEDS,CKD,BLD,WO/SALT",18.34,0,30,6.400000095,105,7.54,2.00999999,72.51,0.029,0.359,0.038,0.55,180.0,1 cup
PEAS,"PEAS,SPLIT,MATURE SEEDS,RAW",60.37,0,96,25.5,341,24.55,8.0,11.27,0.242,0.495,0.161,1.16,197.0,1 cup
PEAS,"PEAS,SPLIT,MATURE SEEDS,CKD,BLD,WO/SALT",21.1,0,33,8.300000191,118,8.34,2.900000095,69.49,0.081,0.165,0.054,0.39,196.0,1 cup
PEANUTS,"PEANUTS,ALL TYPES,RAW",16.13,0,52,8.5,567,25.8,3.970000029,6.5,24.429,15.559,6.834,49.24,146.0,1 cup
PEANUTS,"PEANUTS,ALL TYPES,CKD,BLD,W/SALT",21.26,0,33,8.800000191,318,13.5,2.470000029,41.78,10.921,6.956,3.055,22.01,63.0,"1 cup,  in shell, edible yield"
PEANUTS,"PEANUTS,ALL TYPES,OIL-ROASTED,W/SALT",15.26,0,55,9.399999619,599,28.03,4.179999828,1.45,25.976,15.292,8.686,52.5,144.0,"1 cup, chopped"
PEANUTS,"PEANUTS,ALL TYPES,DRY-ROASTED,W/SALT",21.51,0,55,8.0,585,23.68,4.179999828,1.55,24.64,15.694,6.893,49.66,28.35,1 oz
PEANUTS,"PEANUTS,SPANISH,RAW",15.82,0,0,9.5,570,26.15,0.0,6.39,22.328,17.204,7.642,49.6,146.0,1 cup
PEANUTS,"PEANUTS,SPANISH,OIL-ROASTED,W/SALT",17.45,0,0,8.899999619,579,28.01,0.0,1.78,22.073,17.008,7.555,49.04,147.0,1 cup
PEANUTS,"PEANUTS,VALENCIA,RAW",20.91,0,0,8.699999809,570,25.09,0.0,4.26,21.414,16.5,7.329,47.58,146.0,1 cup
PEANUTS,"PEANUTS,VALENCIA,OIL-ROASTED,W/SALT",16.3,0,0,8.899999619,589,27.04,0.0,2.12,23.065,17.772,7.894,51.24,144.0,1 cup
PEANUTS,"PEANUTS,VIRGINIA,RAW",16.54,0,0,8.5,563,25.19,3.950000048,6.91,25.289,14.708,6.361,48.75,146.0,1 cup
PEANUTS,"PEANUTS,VIRGINIA,OIL-ROASTED,W/SALT",19.86,0,0,8.899999619,578,25.87,0.0,2.17,25.222,14.669,6.345,48.62,143.0,1 cup
PEANUT BUTTER,"PEANUT BUTTER,CHUNK STYLE,W/SALT",21.57,0,61,8.0,589,24.06,8.409999847,1.14,24.561,14.798,8.081,49.94,258.0,1 cup
PEANUT BUTTER,"PEANUT BUTTER,SMOOTH STYLE,W/ SALT",19.56,0,63,6.0,588,25.09,9.220000267,1.81,24.216,14.161,10.51,50.39,258.0,1 cup
PEANUT FLOUR,"PEANUT FLOUR,DEFATTED",34.7,0,109,15.80000019,327,52.2,8.220000267,7.8,0.225,0.143,0.063,0.55,60.0,1 cup
PEANUT FLOUR,"PEANUT FLOUR,LOW FAT",31.27,0,0,15.80000019,428,33.8,0.0,7.8,10.866,6.921,3.04,21.9,60.0,1 cup
PIGEON PEAS (RED GM),"PIGEON PEAS (RED GM),MATURE SEEDS,RAW",62.78,0,0,15.0,343,21.7,0.0,10.59,0.012,0.814,0.33,1.49,205.0,1 cup
PIGEON PEAS (RED GM),"PIGEON PEAS (RED GM),MATURE SEEDS,CKD,BLD,WO/SALT",23.25,0,0,6.699999809,121,6.76,0.0,68.55,0.003,0.205,0.083,0.38,168.0,1 cup
REFRIED BNS,"REFRIED BNS,CND,TRADITIONAL STYLE (INCLUDES USDA COMMODITY)",15.26,0,23,5.099999905,91,5.41,0.460000008,76.15,0.381,0.332,0.391,1.17,237.68,1 cup
BACON,"BACON,MEATLESS",6.32,0,45,2.599999905,310,10.68,0.0,48.98,7.095,15.441,4.622,29.52,144.0,1 cup
No Category,MEAT EXTENDER,38.32,0,0,17.5,313,38.11,0.0,7.48,0.648,1.657,0.424,2.97,88.0,1 cup
SAUSAGE,"SAUSAGE,MEATLESS",9.84,0,70,2.799999952,257,18.53,0.0,50.4,4.498,9.279,2.926,18.16,25.0,1 link
SOYBEANS,"SOYBEANS,MATURE SEEDS,RAW",30.16,0,116,9.300000191,446,36.49,7.329999924,8.54,4.404,11.255,2.884,19.94,186.0,1 cup
SOYBEANS,"SOYBEANS,MATURE CKD,BLD,WO/SALT",9.93,0,48,6.0,173,16.64,3.0,62.55,1.981,5.064,1.297,8.97,172.0,1 cup
SOYBEANS,"SOYBEANS,MATURE SEEDS,RSTD,SALTED",33.55,0,124,17.70000076,471,35.22,4.199999809,1.95,5.61,14.339,3.674,25.4,172.0,1 cup
SOYBEANS,"SOYBEANS,MATURE SEEDS,DRY RSTD",32.72,0,0,8.100000381,451,39.58,0.0,0.8,4.776,12.207,3.127,21.62,172.0,1 cup
No Category,MISO,26.47,0,72,5.400000095,199,11.69,6.199999809,43.02,1.242,3.204,1.139,6.01,275.0,1 cup
No Category,NATTO,14.36,0,57,5.400000095,212,17.72,4.889999866,55.02,2.43,6.21,1.591,11.0,175.0,1 cup
No Category,TEMPEH,9.39,0,0,0.0,193,18.54,0.0,59.65,3.0,3.827,2.22,10.8,166.0,1 cup
SOY FLOUR,"SOY FLOUR,FULL-FAT,RAW",35.19,0,191,9.600000381,436,34.54,7.5,5.16,4.561,11.657,2.987,20.65,84.0,"1 cup,  stirred"
SOY FLR,"SOY FLR,FULL-FAT,RSTD",33.67,0,0,9.699999809,441,34.8,7.610000134,3.81,4.829,12.341,3.162,21.86,85.0,"1 cup,  stirred"
SOY FLOUR,"SOY FLOUR,DEFATTED",38.37,0,11,17.5,330,47.01,18.87999916,7.25,0.208,0.533,0.136,1.22,105.47,1 cup
SOY FLOUR,"SOY FLOUR,LOW-FAT",34.93,0,192,16.0,375,45.51,10.52999973,4.61,1.46,4.215,1.29,8.9,88.0,"1 cup,  stirred"
SOY MEAL,"SOY MEAL,DEFATTED,RAW",40.14,0,0,0.0,339,44.95,0.0,6.94,0.409,1.045,0.268,2.39,122.0,1 cup
SOYMILK,"SOYMILK,ORIGINAL & VANILLA,UNFORTIFIED",6.28,0,24,0.600000024,54,3.27,3.99000001,88.05,0.401,0.961,0.205,1.75,243.0,1 cup
SOY PROT CONC,"SOY PROT CONC,PRODUCED BY ALCOHOL EXTRACTION",30.91,0,0,5.5,331,58.13,20.0,5.8,0.079,0.201,0.052,0.46,28.35,1 oz
No Category,SOY PROTEIN ISOLATE,7.36,0,191,5.599999905,338,80.69,0.0,4.98,0.645,1.648,0.422,3.39,28.35,1 oz
No Category,SOY SAU MADE FROM SOY&WHEAT (SHOYU),7.61,0,18,0.800000012,53,6.28,1.700000048,70.77,0.006,0.019,0.005,0.04,255.0,1 cup
No Category,SOY SAU MADE FROM SOY (TAMARI),5.57,0,38,0.800000012,60,10.51,1.700000048,66.0,0.017,0.044,0.011,0.1,18.0,1 tbsp
No Category,SOY SAU MADE FROM HYDROLYZED VEG PROT,7.73,0,28,0.5,40,2.43,1.700000048,75.66,0.009,0.022,0.006,0.08,18.0,1 tbsp
TOFU,"TOFU,FIRM,PREP W/CA SULFATE&MAGNESIUM CHLORIDE (NIGARI)",1.69,0,28,0.899999976,70,8.19,0.600000024,84.95,1.226,1.794,0.863,4.17,126.0,.5 cup
TOFU,"TOFU,SOFT,PREP W/CA SULFATE&MAGNESIUM CHLORIDE (NIGARI)",1.8,0,27,0.200000003,61,6.55,0.699999988,87.26,0.814,2.081,0.533,3.69,248.0,"1 cup,  (1/2"" cubes)"
TOFU,"TOFU,DRIED-FROZEN (KOYADOFU)",14.56,0,0,7.199999809,480,47.94,0.0,5.78,6.701,17.128,4.388,30.34,17.0,1 piece
TOFU,"TOFU,FRIED",10.49,0,106,3.900000095,271,17.19,2.720000029,50.52,4.456,11.39,2.918,20.18,28.35,1 oz
TOFU,"TOFU,OKARA",12.54,0,0,0.0,77,3.22,0.0,81.64,0.295,0.755,0.193,1.73,122.0,1 cup
TOFU,"TOFU,SALTED&FERMENTED (FUYU)",5.15,0,0,0.0,116,8.15,0.0,70.01,1.767,4.516,1.157,8.0,11.0,1 block
YARDLONG BNS,"YARDLONG BNS,MATURE SEEDS,RAW",61.91,0,0,11.0,347,24.33,0.0,8.43,0.114,0.565,0.339,1.31,167.0,1 cup
YARDLONG BNS,"YARDLONG BNS,MATURE SEEDS,CKD,BLD,WO/SALT",21.09,0,0,3.799999952,118,8.29,0.0,68.8,0.039,0.193,0.116,0.45,171.0,1 cup
WINGED BNS,"WINGED BNS,MATURE SEEDS,RAW",41.71,0,0,0.0,409,29.65,0.0,8.34,6.012,4.33,2.303,16.32,182.0,1 cup
BEANS,"BEANS,WINGED,MATURE SEEDS,CKD,BLD,WO/SALT",14.94,0,0,0.0,147,10.62,0.0,67.19,2.153,1.551,0.825,5.84,172.0,1 cup
HUMMUS,"HUMMUS,HOME PREP",20.12,0,28,4.0,177,4.86,0.270000011,64.87,4.865,2.109,1.141,8.59,246.0,1 cup
FALAFEL,"FALAFEL,HOME-PREPARED",31.84,0,0,0.0,333,13.31,0.0,34.62,10.171,4.16,2.383,17.8,17.0,"1 patty,  (approx 2-1/4"" dia)"
SOYMILK,"SOYMILK,ORIGINAL & VANILLA,W/ ADDED CA,VITAMINS A & D",4.92,0,24,0.200000003,43,2.6,3.650000095,90.36,0.382,0.858,0.205,1.47,243.0,1 cup
LENTILS,"LENTILS,PINK,RAW",59.15,0,0,10.80000019,345,24.95,0.0,11.79,0.5,1.137,0.379,2.17,192.0,1 cup
No Category,VEGGIE BURGERS OR SOYBURGERS  UNPREP,14.27,5,19,4.900000095,177,15.7,1.070000052,61.21,1.778,2.023,1.44,6.3,70.0,1 pattie
PEANUT SPRD,"PEANUT SPRD,RED SUGAR",14.23,0,67,7.800000191,650,24.8,3.339999914,1.93,26.997,16.266,10.22,54.89,31.0,2 tbsp
PEANUT BUTTER,"PEANUT BUTTER,SMOOTH,RED FAT",35.65,0,63,5.199999809,520,25.9,9.279999733,1.2,16.156,9.182,5.76,34.0,0.0,
ENSURE FIBER W/ FOS,"ENSURE FIBER W/ FOS,LIQ",16.36,0,38,1.100000024,97,3.43,4.679999828,76.0,1.276,0.722,0.201,2.38,0.0,
PEANUT BUTTER,"PEANUT BUTTER,SMOOTH,VIT & MINERAL FORT",18.75,0,63,5.599999905,591,25.72,10.47000027,1.47,24.832,13.847,10.125,50.81,258.0,1 cup
PEANUT BUTTER,"PEANUT BUTTER,CHUNKY,VITAMIN&MINERAL FORT",17.69,0,61,5.699999809,593,26.06,10.93999958,1.48,24.366,14.648,7.972,51.47,32.0,2 tbsp
No Category,CHICKPEA FLOUR (BESAN),57.82,0,0,10.80000019,387,22.39,10.85000038,10.28,1.504,2.983,0.693,6.69,92.0,1 cup
HUMMUS,"HUMMUS,COMMERCIAL",14.29,0,0,6.0,166,7.9,0.0,66.59,4.039,3.613,1.437,9.6,246.0,1 cup
TOFU,"TOFU,EX FIRM,PREP W/NIGARI",2.0,0,0,0.400000006,91,9.89,0.5,81.28,4.338,0.542,0.542,5.83,91.0,.2 block
TOFU,"TOFU,HARD,PREP W/NIGARI",4.39,0,0,0.600000024,146,12.68,0.0,71.12,2.205,5.638,1.445,9.99,122.0,.25 block
MORI-NU,"MORI-NU,TOFU,SILKEN,SOFT",2.9,0,0,0.100000001,55,4.8,1.309999943,89.0,0.522,1.55,0.357,2.7,84.0,1 slice
MORI-NU,"MORI-NU,TOFU,SILKEN,FIRM",2.4,0,0,0.100000001,62,6.9,1.269999981,87.4,0.539,1.485,0.406,2.7,84.0,1 slice
MORI-NU,"MORI-NU,TOFU,SILKEN,EX FIRM",2.0,0,0,0.100000001,55,7.4,0.99000001,88.1,0.345,1.061,0.3,1.9,84.0,1 slice
MOR-NU,"MOR-NU,TOFU,SILKEN,LITE FIRM",1.1,0,0,0.0,37,6.3,0.449999988,91.4,0.136,0.449,0.133,0.8,84.0,1 slice
MORI-NU,"MORI-NU,TOFU,SILKEN,LITE EX FIRM",1.0,0,0,0.0,38,7.0,0.419999987,90.9,0.118,0.395,0.116,0.7,84.0,1 slice
SOYMILK,"SOYMILK,CHOC,UNFORTIFIED",9.95,0,24,0.400000006,63,2.26,7.860000134,85.61,0.379,0.836,0.24,1.53,243.0,1 cup
USDA CMDTY,"USDA CMDTY,PNUT BUTTER,SMOOTH",23.98,0,66,5.699999809,588,21.93,6.5,1.55,20.726,11.331,9.519,49.54,32.0,2 tbsp
SOYMILK,"SOYMILK,CHOC,W/ ADDED CA,VITAMINS A & D",9.95,0,24,0.400000006,63,2.26,7.860000134,85.61,0.379,0.836,0.24,1.53,243.0,1 cup
REFRIED BNS,"REFRIED BNS,CND,VEGETARIAN",13.5,0,0,4.699999809,83,5.28,0.589999974,78.39,0.206,0.471,0.142,0.87,242.42,1 cup
REFRIED BNS,"REFRIED BNS,CND,FAT-FREE",13.5,0,0,4.699999809,79,5.34,0.610000014,78.69,0.044,0.287,0.093,0.45,231.08,1 cup
FRIJOLES ROJOS VOLTEADOS (REFRIED BNS,"FRIJOLES ROJOS VOLTEADOS (REFRIED BNS,RED,CANNED)",15.47,0,0,4.699999809,144,5.0,0.0,70.71,1.676,4.379,0.926,6.93,232.55,1 cup
TEMPEH,"TEMPEH,CKD",9.35,0,0,0.0,196,18.19,0.0,59.56,3.745,2.638,3.4,11.38,0.0,
SOY PROT ISOLATE,"SOY PROT ISOLATE,PROT TECHNOLOGIES INTERNATIONAL,SUPRO",0.0,0,0,0.0,388,87.75,0.0,4.42,0.671,1.729,0.871,4.0,28.35,1 oz
SOY PROT ISOLATE,"SOY PROT ISOLATE,PROT TECHNOLOGIES INTERNATIONAL,PROPLUS",0.0,0,0,0.0,380,86.0,0.0,5.0,0.7,1.7,0.4,4.0,28.35,1 oz
CAMPBELL SOUP CO.,"CAMPBELL SOUP CO.,CAMPBELL'S BRN SUGAR&BACON FLAV BKD BNS",23.08,2,0,6.199999809,123,3.85,10.0,69.4,0.0,0.0,0.385,1.92,130.0,.5 cup
CAMPBELL SOUP COMPANY,"CAMPBELL SOUP COMPANY,CAMPBELL'S PORK & BNS",19.23,4,0,5.400000095,106,4.62,6.150000095,73.7,0.0,0.0,0.385,1.15,130.0,.5 cup
CAMPBELL SOUP COMPANY,"CAMPBELL SOUP COMPANY,PACE,TRADITIONAL REFRIED BNS",10.83,0,0,4.199999809,67,4.17,2.5,82.7,0.0,0.0,0.0,0.0,120.0,.5 cup
CAMPBELL SOUP COMPANY,"CAMPBELL SOUP COMPANY,PACE,SALSA REFRIED BNS",11.67,0,0,3.299999952,60,3.33,3.329999924,82.2,0.0,0.0,0.0,0.0,120.0,.5 cup
CAMPBELL SOUP COMPANY,"CAMPBELL SOUP COMPANY,PACE,SPICY JALAPENO REFRIED BNS",11.67,0,0,4.199999809,63,4.17,3.329999924,82.4,0.0,0.0,0.0,0.0,120.0,.5 cup
VITASOY USA,"VITASOY USA,NASOYA LITE FIRM TOFU",1.3,0,0,0.600000024,54,8.3,0.200000003,87.74,0.3,0.0,0.2,1.7,79.0,.25 package
VITASOY USA,"VITASOY USA,ORGANIC NASOYA SUPER FIRM CUBED TOFU",3.9,0,0,2.200000048,122,12.4,0.600000024,76.4,1.3,3.8,1.3,6.3,79.0,1 serving
VITASOY USA,"VITASOY USA,ORGANIC NASOYA EX FIRM TOFU",2.8,0,0,1.299999952,98,10.1,0.400000006,80.96,1.4,3.1,0.7,5.2,79.0,.2 package
VITASOY USA,"VITASOY USA,ORGANIC NASOYA FIRM TOFU",2.3,0,0,0.800000012,84,8.9,0.300000012,83.81,1.2,2.7,0.5,4.4,79.0,.2 package
VITASOY USA,"VITASOY USA,VITASOY ORGANIC CREAMY ORIGINAL SOYMILK",4.5,0,0,0.400000006,44,2.9,2.0,90.27,0.4,1.0,0.2,1.6,243.0,1 cup
VITASOY USA,"VITASOY USA,VITASOY ORGNAIC CLASSIC ORIGINAL SOYMILK",4.5,0,0,0.400000006,47,3.2,2.0,89.76,0.5,1.1,0.21,1.8,243.0,1 cup
VITASOY USA,"VITASOY USA,VITASOY LT VANILLA SOYMILK",4.1,0,0,0.100000001,30,1.6,2.900000095,92.74,0.2,0.4,0.18,0.82,243.0,1 cup
SOYMILK (ALL FLAVORS),"SOYMILK (ALL FLAVORS),UNSWTND,W/ ADDED CA,VITAMINS A & D",1.74,0,0,0.5,33,2.86,0.409999996,93.14,0.392,1.009,0.206,1.61,243.0,1 cup
SOYMILK (ALL FLAVORS),"SOYMILK (ALL FLAVORS),ENHANCED",3.45,0,0,0.400000006,45,2.94,2.529999971,90.98,0.412,1.19,0.206,1.99,243.0,1 cup
SOYMILK,"SOYMILK,ORIGINAL & VANILLA,LT,W/ ADDED CA,VITAMINS A & D",3.51,0,0,0.300000012,30,2.38,2.609999895,92.69,0.202,0.426,0.005,0.77,243.0,1 cup
SOYMILK,"SOYMILK,CHOC & OTHER FLAVORS,LT,W/ ADDED CA,VITAMINS A & D",8.24,0,0,0.699999988,47,2.1,7.130000114,88.38,0.037,0.405,0.032,0.64,243.0,1 cup
SOYMILK,"SOYMILK,ORIGINAL & VANILLA,LT,UNSWTND,W/ ADDED CA,VIT A & D",3.85,0,0,0.600000024,34,2.62,0.409999996,92.03,0.263,0.558,0.078,0.85,243.0,1 cup
SOYMILK (ALL FLAVORS),"SOYMILK (ALL FLAVORS),LOWFAT,W/ ADDED CA,VITAMINS A & D",7.2,0,0,0.800000012,41,1.65,3.5,89.89,0.206,0.412,0.0,0.62,243.0,1 cup
SOYMILK (ALL FLAVORS),"SOYMILK (ALL FLAVORS),NONFAT,W/ ADDED CA,VITAMINS A & D",4.22,0,0,0.200000003,27,2.47,3.650000095,92.67,0.0,0.036,0.0,0.0,243.0,1 cup
SILK PLN,"SILK PLN,SOYMILK",3.29,0,0,0.400000006,41,2.88,2.470000029,91.53,0.0,0.0,0.206,1.65,243.0,1 cup
SILK VANILLA,"SILK VANILLA,SOYMILK",4.12,0,0,0.400000006,41,2.47,2.880000114,91.32,0.0,0.0,0.206,1.44,243.0,1 cup
SILK CHOC,"SILK CHOC,SOYMILK",9.47,0,0,0.800000012,58,2.06,7.820000172,86.39,0.0,0.0,0.206,1.44,243.0,1 cup
SILK LT PLN,"SILK LT PLN,SOYMILK",3.29,0,0,0.400000006,29,2.47,2.470000029,92.77,0.0,0.0,0.0,0.82,243.0,1 cup
SILK LT VANILLA,"SILK LT VANILLA,SOYMILK",4.12,0,0,0.400000006,33,2.47,2.880000114,91.95,0.0,0.0,0.0,0.82,243.0,1 cup
SILK LT CHOC,"SILK LT CHOC,SOYMILK",9.05,0,0,0.800000012,49,2.06,7.820000172,87.63,0.0,0.0,0.0,0.62,243.0,1 cup
SILK PLUS OMEGA-3 DHA,"SILK PLUS OMEGA-3 DHA,SOYMILK",3.29,0,0,0.400000006,45,2.88,2.470000029,91.13,0.0,0.0,0.206,2.06,243.0,1 cup
SILK PLUS FOR BONE HEALTH,"SILK PLUS FOR BONE HEALTH,SOYMILK",4.53,0,0,0.800000012,41,2.47,2.880000114,90.92,0.0,0.0,0.206,1.44,243.0,1 cup
SILK PLUS FIBER,"SILK PLUS FIBER,SOYMILK",5.76,0,0,2.099999905,41,2.47,2.880000114,89.69,0.0,0.0,0.206,1.44,243.0,1 cup
SILK UNSWTND,"SILK UNSWTND,SOYMILK",1.65,0,0,0.400000006,33,2.88,0.409999996,93.18,0.0,0.0,0.206,1.65,243.0,1 cup
SILK VERY VANILLA,"SILK VERY VANILLA,SOYMILK",7.82,0,0,0.400000006,53,2.47,6.579999924,87.41,0.0,0.0,0.206,1.65,243.0,1 cup
SILK NOG,"SILK NOG,SOYMILK",12.3,0,0,0.0,74,2.46,9.840000153,82.96,0.0,0.0,0.0,1.64,122.0,.5 cup
SILK CHAI,"SILK CHAI,SOYMILK",7.82,0,0,0.0,53,2.47,5.760000229,87.62,0.0,0.0,0.206,1.44,243.0,1 cup
SILK MOCHA,"SILK MOCHA,SOYMILK",9.05,0,0,0.0,58,2.06,7.409999847,86.8,0.0,0.0,0.206,1.44,243.0,1 cup
SILK COFFEE,"SILK COFFEE,SOYMILK",10.29,0,0,0.0,62,2.06,9.470000267,85.56,0.0,0.0,0.206,1.44,243.0,1 cup
No Category,SILK VANILLA SOY YOGURT (FAMILY SIZE),13.66,0,0,0.400000006,79,2.64,10.56999969,80.7,0.0,0.0,0.22,1.76,227.0,1 container
No Category,SILK VANILLA SOY YOGURT (SINGLE SERVING SIZE),14.71,0,0,0.600000024,88,2.94,10.59000015,79.35,0.0,0.0,0.0,1.76,170.0,1 container
No Category,SILK PLN SOY YOGURT,9.69,0,0,0.400000006,66,2.64,5.289999962,84.67,0.0,0.0,0.22,1.76,227.0,1 container
No Category,SILK STRAWBERRY SOY YOGURT,18.24,0,0,0.600000024,94,2.35,12.93999958,77.0,0.0,0.0,0.0,1.18,170.0,1 container
No Category,SILK RASPBERRY SOY YOGURT,17.65,0,0,0.600000024,88,2.35,12.93999958,77.59,0.0,0.0,0.0,1.18,170.0,1 container
No Category,SILK PEACH SOY YOGURT,18.82,0,0,0.600000024,94,2.35,14.71000004,76.41,0.0,0.0,0.0,1.18,170.0,1 container
No Category,SILK BLACK CHERRY SOY YOGURT,17.06,0,0,0.600000024,88,2.35,11.76000023,78.18,0.0,0.0,0.0,1.18,170.0,1 container
No Category,SILK BLUEBERRY SOY YOGURT,17.06,0,0,0.600000024,88,2.35,12.35000038,78.18,0.0,0.0,0.0,1.18,170.0,1 container
No Category,SILK KEY LIME SOY YOGURT,17.65,0,0,0.600000024,88,2.35,12.35000038,77.59,0.0,0.0,0.0,1.18,170.0,1 container
No Category,SILK BANANA-STRAWBERRY SOY YOGURT,17.06,0,0,0.600000024,88,2.35,10.59000015,78.18,0.0,0.0,0.0,1.18,170.0,1 container
No Category,SILK ORIGINAL CREAMER,6.67,0,0,0.0,100,0.0,0.0,86.29,0.0,0.0,0.0,6.67,15.0,1 tbsp
No Category,SILK FRENCH VANILLA CREAMER,20.0,0,0,0.0,133,0.0,20.0,72.95,0.0,0.0,0.0,6.67,15.0,1 tbsp
No Category,SILK HAZELNUT CREAMER,20.0,0,0,0.0,133,0.0,20.0,72.95,0.0,0.0,0.0,6.67,15.0,1 tbsp
BEANS,"BEANS,ADZUKI,MATURE SD,CKD,BLD,W/SALT",24.77,0,0,7.300000191,128,7.52,0.0,66.29,0.0,0.0,0.036,0.1,230.0,1 cup
BEANS,"BEANS,BLACK,MATURE SEEDS,CKD,BLD,W/SALT",23.71,0,0,8.699999809,132,8.86,0.0,65.74,0.047,0.231,0.139,0.54,172.0,1 cup
BEANS,"BEANS,BLACK TURTLE SOUP,MATURE SEEDS,CKD,BLD,W/SALT",24.35,0,33,5.300000191,130,8.18,0.319999993,65.74,0.03,0.149,0.089,0.35,185.0,1 cup
BEANS,"BEANS,CRANBERRY (ROMAN),MATURE SEEDS,CKD,BLD,W/SALT",24.46,0,0,10.0,136,9.34,0.0,64.65,0.04,0.199,0.119,0.46,177.0,1 cup
BEANS,"BEANS,FRENCH,MATURE SEEDS,CKD,BLD,W/SALT",24.02,0,0,9.399999619,129,7.05,0.0,66.57,0.052,0.453,0.083,0.76,177.0,1 cup
BEANS,"BEANS,GREAT NORTHERN,MATURE SEEDS,CKD,BLD,W/SALT",21.09,0,0,7.0,118,8.33,0.0,69.0,0.021,0.187,0.14,0.45,177.0,1 cup
BEANS,"BEANS,KIDNEY,ALL TYPES,MATURE SEEDS,CKD,BLD,W/SALT",22.8,0,0,6.400000095,127,8.67,0.319999993,66.94,0.039,0.275,0.072,0.5,177.0,1 cup
BEANS,"BEANS,KIDNEY,CALIFORNIA RED,MATURE SEEDS,CKD,BLD,W/SALT",22.41,0,0,9.300000191,124,9.13,0.0,66.93,0.007,0.052,0.014,0.09,177.0,1 cup
BEANS,"BEANS,KIDNEY,RED,MATURE SEEDS,CKD,BLD,W/SALT",22.8,0,30,7.400000095,127,8.67,0.319999993,66.94,0.039,0.275,0.072,0.5,177.0,1 cup
BEANS,"BEANS,KIDNEY,ROYAL RED,MATURE SEEDS,CKD,BLD W/SALT",21.85,0,0,9.300000191,123,9.49,0.0,66.99,0.013,0.093,0.024,0.17,177.0,1 cup
BEANS,"BEANS,NAVY,MATURE SEEDS,CKD,BLD,W/SALT",26.05,0,45,10.5,140,8.23,0.370000005,63.81,0.142,0.49,0.098,0.62,182.0,1 cup
BEANS,"BEANS,PINK,MATURE SEEDS,CKD,BLD,W/SALT",27.91,0,37,5.300000191,149,9.06,0.360000014,61.2,0.042,0.21,0.126,0.49,169.0,1 cup
BEANS,"BEANS,PINTO,MATURE SEEDS,CKD,BLD,W/SALT",26.22,0,0,9.0,143,9.01,0.340000004,62.95,0.106,0.188,0.109,0.65,171.0,1 cup
BEANS,"BEANS,SML WHITE,MATURE SEEDS,CKD,BLD,W/SALT",25.81,0,0,10.39999962,142,8.97,0.0,63.24,0.056,0.276,0.166,0.64,179.0,1 cup
BEANS,"BEANS,YEL,MATURE SEEDS,CKD,BLD,W/SALT",25.27,0,0,10.39999962,144,9.16,0.0,62.98,0.094,0.466,0.279,1.08,177.0,1 cup
BEANS,"BEANS,WHITE,MATURE SEEDS,CKD,BLD,W/ SALT",25.09,0,35,6.300000191,139,9.73,0.340000004,63.08,0.031,0.152,0.091,0.35,179.0,1 cup
BROADBEANS (FAVA BNS),"BROADBEANS (FAVA BNS),MATURE SEEDS,CKD,BLD,W/SALT",19.65,0,31,5.400000095,110,7.6,1.820000052,71.54,0.079,0.164,0.066,0.4,170.0,1 cup
CHICKPEAS,"CHICKPEAS,MATURE SEEDS,CKD,BLD,W/SALT",27.42,0,43,7.599999905,164,8.86,4.800000191,60.21,0.583,1.156,0.269,2.59,164.0,1 cup
COWPEAS,"COWPEAS,CATJANG,MATURE SEEDS,CKD,BLD,W/SALT",20.32,0,0,3.599999905,117,8.13,0.0,69.7,0.059,0.303,0.185,0.71,171.0,1 cup
COWPEAS,"COWPEAS,COMMON,MATURE SEEDS,CKD,BLD,W/SALT",20.76,0,32,6.5,116,7.73,3.299999952,70.04,0.044,0.225,0.138,0.53,171.0,1 cup
HYACINTH BNS,"HYACINTH BNS,MATURE SEEDS,CKD,BLD,W/SALT",20.7,0,0,0.0,117,8.14,0.0,69.13,0.0,0.0,0.099,0.58,194.0,1 cup
LENTILS,"LENTILS,MATURE SEEDS,CKD,BLD,W/SALT",19.54,0,33,7.900000095,114,9.02,1.799999952,69.64,0.064,0.175,0.053,0.38,198.0,1 cup
LIMA BNS,"LIMA BNS,LRG,MATURE SEEDS,CKD,BLD,W/SALT",20.88,0,32,7.0,115,7.8,2.900000095,69.79,0.034,0.171,0.089,0.38,188.0,1 cup
LIMA BNS,"LIMA BNS,THIN SEEDED (BABY),MATURE SEEDS,CKD,BLD,W/SALT",23.31,0,0,7.699999809,126,8.04,0.0,67.15,0.034,0.169,0.088,0.38,182.0,1 cup
LUPINS,"LUPINS,MATURE SEEDS,CKD,BLD,W/SALT",9.29,0,0,2.799999952,116,15.57,0.0,71.08,1.18,0.73,0.346,2.92,166.0,1 cup
MOTHBEANS,"MOTHBEANS,MATURE SEEDS,CKD,BLD,W/SALT",20.96,0,0,0.0,117,7.81,0.0,69.23,0.044,0.256,0.124,0.55,177.0,1 cup
MUNG BNS,"MUNG BNS,MATURE SEEDS,CKD,BLD,W/SALT",19.15,0,29,7.599999905,105,7.02,2.0,72.66,0.054,0.128,0.116,0.38,202.0,1 cup
MUNGO BNS,"MUNGO BNS,MATURE SEEDS,CKD,BLD,W/SALT",18.34,0,30,6.400000095,105,7.54,2.00999999,72.51,0.029,0.359,0.038,0.55,180.0,1 cup
PEAS,"PEAS,SPLIT,MATURE SEEDS,CKD,BLD,W/SALT",20.51,0,33,8.300000191,116,8.34,2.900000095,69.49,0.081,0.165,0.054,0.39,196.0,1 cup
PEANUTS,"PEANUTS,ALL TYPES,OIL-ROASTED,WO/SALT",18.92,0,55,6.900000095,581,26.35,4.159999847,1.95,24.462,15.58,6.843,49.3,133.0,"1 cup, chopped"
PEANUTS,"PEANUTS,ALL TYPES,DRY-ROASTED,WO/SALT",21.51,0,55,8.0,585,23.68,4.179999828,1.55,24.64,15.694,6.893,49.66,146.0,1 cup
PEANUTS,"PEANUTS,SPANISH,OIL-ROASTED,WO/SALT",17.45,0,0,8.899999619,579,28.01,0.0,1.78,22.073,17.008,7.555,49.04,147.0,1 cup
PEANUTS,"PEANUTS,VALENCIA,OIL-ROASTED,WO/SALT",16.3,0,0,8.899999619,589,27.04,0.0,2.12,23.065,17.772,7.894,51.24,144.0,1 cup
PEANUTS,"PEANUTS,VIRGINIA,OIL-ROASTED,WO/SALT",19.86,0,0,8.899999619,578,25.87,0.0,2.17,25.222,14.669,6.345,48.62,143.0,1 cup
PEANUT BUTTER,"PEANUT BUTTER,CHUNK STYLE,WO/SALT",21.57,0,61,8.0,589,24.06,8.409999847,1.14,24.561,14.798,8.081,49.94,258.0,1 cup
PEANUT BUTTER,"PEANUT BUTTER,SMOOTH STYLE,WO/SALT",19.56,0,63,6.0,588,25.09,9.220000267,1.81,23.713,13.867,10.292,50.39,258.0,1 cup
PEANUT BUTTER W/ OMEGA-3,"PEANUT BUTTER W/ OMEGA-3,CREAMY",17.0,0,94,6.099999905,608,24.47,3.109999895,0.99,36.614,6.95,9.691,54.17,16.25,1 tbsp
PIGEON PEAS (RED GM),"PIGEON PEAS (RED GM),MATURE SEEDS,CKD,BLD,W/SALT",23.25,0,0,6.699999809,121,6.76,0.0,68.55,0.003,0.205,0.083,0.38,168.0,1 cup
SOYBEANS,"SOYBEANS,MATURE SEEDS,CKD,BLD,W/SALT",9.93,0,0,6.0,173,16.64,3.0,62.55,1.981,5.064,1.297,8.97,172.0,1 cup
SOYBEANS,"SOYBEANS,MATURE SEEDS,RSTED,NO SALT ADDED",33.55,0,0,17.70000076,471,35.22,0.0,1.95,5.61,14.339,3.674,25.4,172.0,1 cup
SOY FLR,"SOY FLR,FULL-FAT,RAW,CRUDE PROT BASIS (N X 6.25)",31.93,0,0,9.600000381,434,37.8,0.0,5.16,4.561,11.657,2.987,20.65,85.0,"1 cup,  stirred"
SOY FLR,"SOY FLR,FULL-FAT,RSTD,CRUDE PROT BASIS (N X 6.25)",30.38,0,0,0.0,439,38.09,0.0,3.81,4.829,12.341,3.162,21.86,85.0,"1 cup,  stirred"
SOY FLR,"SOY FLR,DEFATTED,CRUDE PROT BASIS (N X 6.25)",30.63,0,192,16.0,372,49.81,14.57999992,4.61,1.46,4.215,1.29,8.9,100.0,"1 cup,  stirred"
SOY FLR,"SOY FLR,LOW-FAT,CRUDE PROT BASIS (N x 6.25)",33.58,0,0,10.19999981,369,50.93,19.79999924,2.7,1.48,3.782,0.969,6.7,88.0,"1 cup,  stirred"
SOY MEAL,"SOY MEAL,DEFATTED,RAW,CRUDE PROT BASIS (N X 6.25)",35.89,0,0,0.0,337,49.2,0.0,6.94,0.409,1.045,0.268,2.39,122.0,1 cup
SOY PROT CONC,"SOY PROT CONC,PRODUCED BY ACID WASH",30.91,0,0,5.5,331,58.13,20.0,5.8,0.079,0.201,0.052,0.46,28.35,1 oz
SOY PROT CONC,"SOY PROT CONC,CRUDE PROT BASIS (N X 6.25),ACID WASH",25.41,0,0,5.5,328,63.63,0.0,5.8,0.079,0.201,0.052,0.46,28.35,1 oz
SOY PROT ISOLATE,"SOY PROT ISOLATE,K TYPE",10.22,0,0,5.599999905,326,80.69,0.0,4.98,0.117,0.299,0.077,0.53,28.35,1 oz
SOY PROT ISOLATE,"SOY PROT ISOLATE,K TYPE,CRUDE PROT BASIS",2.59,0,0,2.0,321,88.32,0.0,4.98,0.101,0.258,0.066,0.53,28.35,1 oz
SOY SAU MADE FROM SOY&WHEAT (SHOYU),"SOY SAU MADE FROM SOY&WHEAT (SHOYU),LO NA",8.51,0,33,0.800000012,53,5.17,1.700000048,71.09,0.012,0.036,0.01,0.08,255.0,1 cup
TOFU,"TOFU,RAW,FIRM,PREP W/CA SULFATE",4.27,0,0,2.299999952,145,15.78,0.0,69.83,1.925,4.921,1.261,8.72,126.0,.5 cup
TOFU,"TOFU,RAW,REG,PREP W/CA SULFATE",1.88,0,0,0.300000012,76,8.08,0.0,84.55,1.056,2.699,0.691,4.78,124.0,.5 cup
TOFU,"TOFU,DRIED-FROZEN (KOYADOFU),PREP W/CA SULFATE",12.79,0,0,1.200000048,472,47.94,0.0,5.78,6.701,17.128,4.388,30.34,17.0,1 piece
TOFU,"TOFU,FRIED,PREP W/CA SULFATE",10.5,0,0,3.900000095,271,17.19,0.0,50.52,4.456,11.39,2.918,20.18,13.0,1 piece
TOFU,"TOFU,SALTED&FERMENTED (FUYU),PREP W/CA SULFATE",5.15,0,0,0.0,116,8.15,0.0,70.01,1.767,4.516,1.157,8.0,11.0,1 block
YARDLONG BNS,"YARDLONG BNS,YARDLONG,MATURE SEEDS,CKD,BLD,W/SALT",21.09,0,0,3.799999952,118,8.29,0.0,68.8,0.039,0.193,0.116,0.45,171.0,1 cup
WINGED BNS,"WINGED BNS,MATURE SEEDS,CKD,BLD,W/SALT",14.94,0,0,0.0,147,10.62,0.0,67.19,2.153,1.551,0.825,5.84,172.0,1 cup
LOMA LINDA LITTLE LINKS,"LOMA LINDA LITTLE LINKS,CND,UNPREP",5.53,1,0,4.199999809,221,19.38,0.790000021,60.03,3.5,7.7,2.0,13.46,46.0,2 links
LOMA LINDA FRIED CHIK'N W/ GRAVY,"LOMA LINDA FRIED CHIK'N W/ GRAVY,CND,UNPREP",5.2,1,0,2.799999952,181,13.15,0.560000002,68.19,2.98,7.08,1.84,11.91,80.0,2 pieces
LOMA LINDA LOFAT BIG FRANKS,"LOMA LINDA LOFAT BIG FRANKS,CND,UNPREP",4.9,0,0,4.099999905,154,23.1,0.340000004,65.59,1.1,3.1,0.5,4.69,51.0,1 link
LOMA LINDA DINNER CUTS,"LOMA LINDA DINNER CUTS,CND,UNPREP",4.15,1,0,2.400000095,104,19.46,0.409999996,73.66,0.1,0.7,0.2,1.1,92.0,2 slices
LOMA LINDA TENDER ROUNDS W/ GRAVY,"LOMA LINDA TENDER ROUNDS W/ GRAVY,CND,UNPREP",7.4,1,0,3.5,145,16.26,1.029999971,69.1,1.33,2.3,0.7,5.63,80.0,6 pieces
LOMA LINDA SWISS STAKE W/ GRAVY,"LOMA LINDA SWISS STAKE W/ GRAVY,CND,UNPREP",10.37,1,0,3.200000048,141,10.17,0.910000026,70.87,1.64,3.69,0.83,6.51,92.0,1 piece
LOMA LINDA VEGE-BURGER,"LOMA LINDA VEGE-BURGER,CND,UNPREP",3.72,0,0,2.599999905,115,22.22,0.850000024,71.96,0.2,0.73,0.23,1.24,55.0,.25 cup
LOMA LINDA REDI-BURGER,"LOMA LINDA REDI-BURGER,CND,UNPREP",8.15,0,0,4.300000191,149,21.89,1.210000038,64.79,0.59,1.76,0.44,3.18,85.0,1 slice
LOMA LINDA TENDER BITS,"LOMA LINDA TENDER BITS,CND,UNPREP",8.29,0,0,4.300000191,135,15.12,0.589999974,69.97,1.1,2.6,0.7,4.64,85.0,6 pieces
LOMA LINDA LINKETTS,"LOMA LINDA LINKETTS,CND,UNPREP",4.35,0,0,3.0,208,21.29,0.280000001,61.22,2.88,7.01,1.57,11.76,35.0,1 link
WORTHINGTON CHILI,"WORTHINGTON CHILI,CND,UNPREP",10.87,0,0,3.400000095,123,10.39,1.299999952,72.79,0.88,2.88,0.7,4.22,230.0,1 cup
WORTHINGTON CHOPLETS,"WORTHINGTON CHOPLETS,CND,UNPREP",4.06,0,0,2.799999952,103,19.39,0.419999987,74.11,0.13,0.51,0.16,1.03,92.0,2 slices
WORTHINGTON DICED CHIK,"WORTHINGTON DICED CHIK,CND,UNPREP",3.74,1,0,1.399999976,80,14.71,0.100000001,78.97,0.0,0.0,0.0,0.65,55.0,.25 cup
WORTHINGTON FRICHIK,"WORTHINGTON FRICHIK,CND,UNPREP",3.36,1,0,1.5,160,13.43,0.100000001,71.11,2.36,5.49,1.41,10.33,90.0,2 pieces
WORTHINGTON LOFAT FRI CHIK,"WORTHINGTON LOFAT FRI CHIK,CND,UNPREP",4.9,1,0,1.0,102,14.31,0.029999999,76.35,0.68,1.05,0.4,2.74,85.0,2 pieces
WORTHINGTON LOFAT VEJA-LINKS,"WORTHINGTON LOFAT VEJA-LINKS,CND,UNPREP",4.28,2,0,1.200000048,123,15.79,0.699999988,72.98,1.07,2.59,0.73,4.78,31.0,1 link
WORTHINGTON MULTIGRAIN CUTLETS,"WORTHINGTON MULTIGRAIN CUTLETS,CND,UNPREP",6.0,0,0,3.099999905,108,18.1,0.600000024,73.4,0.2,0.6,0.5,1.3,92.0,2 slices
WORTHINGTON PRIME STAKES,"WORTHINGTON PRIME STAKES,CND,UNPREP",7.52,1,0,1.399999976,135,10.16,0.300000012,73.44,1.69,3.56,0.95,7.19,92.0,1 piece
WORTHINGTON SAUCETTES,"WORTHINGTON SAUCETTES,CND,UNPREP",5.59,2,0,2.799999952,219,14.99,0.230000004,62.41,0.0,0.0,0.0,15.19,38.0,1 link
WORTHINGTON SUPER LINKS,"WORTHINGTON SUPER LINKS,CND,UNPREP",5.5,1,0,1.799999952,219,14.46,0.610000014,62.14,3.06,8.36,2.08,15.45,48.0,1 link
WORTHINGTON TURKEE SLICES,"WORTHINGTON TURKEE SLICES,CND,UNPREP",5.63,1,0,0.0,202,14.5,1.299999952,63.56,4.15,8.28,2.07,13.55,94.0,3 slices
WORTHINGTON VEG SKALLOPS,"WORTHINGTON VEG SKALLOPS,CND,UNPREP",4.56,0,0,3.400000095,109,19.89,0.340000004,72.99,0.13,0.52,0.16,1.19,85.0,.5 cup
WORTHINGTON VEG STEAKS,"WORTHINGTON VEG STEAKS,CND,UNPREP",5.05,0,0,2.200000048,113,20.68,0.529999971,71.79,0.0,0.0,0.0,1.16,72.0,2 slices
WORTHINGTON VEGETARIAN BURGER,"WORTHINGTON VEGETARIAN BURGER,CND,UNPREP",6.21,0,0,2.700000048,126,18.64,0.560000002,70.73,0.49,1.74,0.46,2.94,55.0,.25 cup
WORTHINGTON VEJA-LINKS,"WORTHINGTON VEJA-LINKS,CND,UNPREP",4.13,3,0,3.299999952,155,14.59,0.469999999,70.41,1.96,4.52,1.3,8.93,31.0,1 link
WORTHINGTON CHIC-KETTS,"WORTHINGTON CHIC-KETTS,FRZ,UNPREP",4.6,0,0,3.700000048,204,25.91,0.839999974,57.98,2.2,5.5,1.4,9.16,55.0,1 slice
WORTHINGTON MEATLESS CHICK,"WORTHINGTON MEATLESS CHICK,FRZ,UNPREP",4.28,1,0,2.400000095,153,16.08,0.75,67.98,1.81,4.6,1.22,7.99,55.0,1 slice
WORTHINGTON MEATLESS CORNED BF,"WORTHINGTON MEATLESS CORNED BF,FRZ,UNPREP",9.87,1,0,4.699999809,244,18.62,2.099999905,54.08,3.47,8.6,2.27,14.47,57.0,3 slices
WORTHINGTON DINNER RST,"WORTHINGTON DINNER RST,FRZ,UNPREP",6.87,1,0,3.099999905,213,16.04,0.980000019,61.66,5.4,5.6,2.4,13.5,85.0,1 slice
WORTHINGTON FRIPATS,"WORTHINGTON FRIPATS,FRZ,UNPREP",7.95,2,0,2.799999952,209,23.73,1.370000005,56.75,2.17,5.19,1.4,9.12,64.0,1 patty
WORTHINGTON DINNER RST,"WORTHINGTON DINNER RST,FRZ,UNPREP",6.87,1,0,3.0,213,16.04,0.980000019,61.66,5.4,5.6,2.4,13.5,85.0,1 slice
WORTHINGTON PROSAGE LINKS,"WORTHINGTON PROSAGE LINKS,FRZ,UNPREP",5.03,2,0,2.799999952,143,20.17,0.769999981,67.49,1.8,2.0,0.9,4.68,45.0,2 links
WORTHINGTON PROSAGE ROLL,"WORTHINGTON PROSAGE ROLL,FRZ,UNPREP",5.95,2,0,3.5,261,19.61,0.150000006,54.42,5.8,8.3,3.4,17.61,55.0,1 slice
WORTHINGTON SMOKED TURKEY,"WORTHINGTON SMOKED TURKEY,FRZ,UNPREP",7.93,0,0,1.100000024,251,18.54,2.400000095,53.68,3.88,8.88,2.34,16.12,55.0,1 slice
WORTHINGTON STAKELETS,"WORTHINGTON STAKELETS,FRZ,UNPREP",9.56,1,0,2.799999952,211,19.7,1.159999967,57.46,3.5,5.1,1.8,10.39,71.0,1 piece
WORTHINGTON STRIPPLES,"WORTHINGTON STRIPPLES,FRZ,UNPREP",14.3,2,0,5.099999905,346,12.4,0.800000012,41.9,6.2,16.2,4.2,26.6,16.0,2 strip
WORTHINGTON WHAM,"WORTHINGTON WHAM,FRZ,UNPREP",5.71,0,0,0.0,196,17.83,3.200000048,62.1,2.48,5.79,1.62,11.29,55.0,1 slice
MORNINGSTAR FARMS VEGGIE CORN DOGS W/ NAT INGR,"MORNINGSTAR FARMS VEGGIE CORN DOGS W/ NAT INGR,FRZ,UNPREP",30.9,0,0,2.299999952,231,11.6,8.199999809,48.5,1.7,4.0,1.1,6.8,71.0,1 piece
MORNINGSTAR FARMS BRKFST PATTIE MADE W/ ORG SOY,"MORNINGSTAR FARMS BRKFST PATTIE MADE W/ ORG SOY,FRZ,UNPREP",10.6,2,0,4.300000191,205,22.1,1.5,55.4,3.3,3.8,1.1,8.2,38.0,1 patty
MORNINGSTAR FARMS OKARA PATTIES MADE W/ ORG SOY,"MORNINGSTAR FARMS OKARA PATTIES MADE W/ ORG SOY,FRZ,UNPREP",9.6,1,0,4.5,178,18.6,1.200000048,61.8,3.9,2.2,0.8,7.2,64.0,1 patty
MORNINGSTAR FARMS RSTD HERB CHIK'N W/ ORG SOY,"MORNINGSTAR FARMS RSTD HERB CHIK'N W/ ORG SOY,FRZ,UNPREP",13.6,1,0,2.700000048,167,18.9,1.399999976,60.6,1.9,1.7,0.5,4.1,64.0,1 patty
MORNINGSTAR FARMS VEGGIE BACON STRIPS,"MORNINGSTAR FARMS VEGGIE BACON STRIPS,FRZ,UNPREP",14.3,2,0,5.099999905,346,12.4,0.800000012,41.9,6.2,16.2,4.2,26.6,16.0,2 strip
MORNINGSTAR FARMS VEGGIE BITES COUNTRY SCRAMBLE,"MORNINGSTAR FARMS VEGGIE BITES COUNTRY SCRAMBLE,FRZ,UNPREP",19.8,13,0,2.400000095,216,13.0,2.099999905,55.0,2.5,4.6,2.2,9.4,85.0,3 pieces
MORNINGSTAR FARMS VEGGIE BITES EGGS FLORENTINE,"MORNINGSTAR FARMS VEGGIE BITES EGGS FLORENTINE,FRZ,UNPREP",20.1,14,0,2.200000048,206,11.7,3.299999952,53.3,1.5,5.14,2.0,8.7,85.0,3 pieces
MORNINGSTAR FARMS VEGGIE SAUSAGE LINKS,"MORNINGSTAR FARMS VEGGIE SAUSAGE LINKS,FRZ,UNPREP",6.8,2,0,4.0,159,19.2,1.0,64.0,1.8,3.6,0.7,6.1,45.0,1 patty
MORNINGSTAR FARMS CHEDDAR BURGER,"MORNINGSTAR FARMS CHEDDAR BURGER,FRZ,UNPREP",16.1,12,0,5.0,222,19.7,1.799999952,50.5,2.7,4.2,2.8,10.4,64.0,1 patty
MORNINGSTAR FARMS GRILLERS ORIGINAL,"MORNINGSTAR FARMS GRILLERS ORIGINAL,FRZ,UNPREP",8.5,3,0,4.400000095,213,23.9,1.200000048,55.6,2.6,5.0,1.7,9.3,64.0,1 patty
MORNINGSTAR FARMS GRILLERS PRIME,"MORNINGSTAR FARMS GRILLERS PRIME,FRZ,UNPREP",5.9,1,0,2.599999905,238,24.0,0.300000012,54.3,5.6,6.0,1.6,13.2,71.0,1 patty
MORNINGSTAR FARMS PHILLY CHEESESTEAK BURGER,"MORNINGSTAR FARMS PHILLY CHEESESTEAK BURGER,FRZ,UNPREP",10.52,0,0,3.099999905,186,14.6,0.800000012,62.63,2.33,3.42,2.3,9.48,64.0,1 patty
MORNINGSTAR FARMS ASIAN VEGGIE PATTIES,"MORNINGSTAR FARMS ASIAN VEGGIE PATTIES,FRZ,UNPREP",14.9,0,0,3.0,155,10.9,4.900000095,64.75,1.7,3.7,0.8,6.2,67.0,1 patty
MORNINGSTAR FARMS MUSHROOM LOVER'S BURGER,"MORNINGSTAR FARMS MUSHROOM LOVER'S BURGER,FRZ,UNPREP",11.8,0,0,1.200000048,169,11.6,1.600000024,66.1,2.5,4.9,1.3,8.8,64.0,1 patty
MORNINGSTAR FARMS TOMATO & BASIL PIZZA BURGER,"MORNINGSTAR FARMS TOMATO & BASIL PIZZA BURGER,FRZ,UNPREP",11.1,11,0,3.700000048,181,15.5,2.400000095,62.8,2.1,3.86,2.2,8.3,67.0,1 patty
MORNINGSTAR FARMS MEATFREE BUFFALO WINGS,"MORNINGSTAR FARMS MEATFREE BUFFALO WINGS,FRZ,UNPREP",23.3,0,0,3.700000048,230,14.5,2.0,50.4,2.0,6.14,1.2,9.4,85.0,5 pieces
MORNINGSTAR FARMS CHIK'N NUGGETS,"MORNINGSTAR FARMS CHIK'N NUGGETS,FRZ,UNPREP",20.79,1,0,2.299999952,218,14.19,1.299999952,53.0,2.35,4.21,1.19,8.72,86.0,4 pieces
MORNINGSTAR FARMS CHIK PATTIES ORIGINAL,"MORNINGSTAR FARMS CHIK PATTIES ORIGINAL,FRZ,UNPREP",22.9,0,0,3.0,197,11.8,2.0,54.0,1.4,4.7,0.8,7.0,71.0,1 patty
MORNINGSTAR FARMS ITALIAN HERB CHIK PATTIES,"MORNINGSTAR FARMS ITALIAN HERB CHIK PATTIES,FRZ,UNPREP",31.1,0,0,3.400000095,236,13.6,1.5,46.9,1.3,4.85,0.8,7.0,71.0,1 patty
MORNINGSTAR FARMS ORIGINAL CHIK'N TENDERS,"MORNINGSTAR FARMS ORIGINAL CHIK'N TENDERS,FRZ,UNPREP",25.2,0,0,3.599999905,233,14.7,0.600000024,50.4,2.4,4.55,1.1,8.1,81.0,2 pieces
MORNINGSTAR FARMS MEATLESS CORN DOGS,"MORNINGSTAR FARMS MEATLESS CORN DOGS,FRZ,UNPREP",31.67,0,0,4.199999809,228,11.38,7.420000076,48.68,1.95,3.57,1.05,6.17,71.0,1 piece
MORNINGSTAR FARMS MEATLESS MINI CORN DOGS,"MORNINGSTAR FARMS MEATLESS MINI CORN DOGS,FRZ,UNPREP",29.29,1,0,4.199999809,229,13.44,3.49000001,48.46,2.53,1.67,0.71,6.48,76.0,4 pieces
MORNINGSTAR FARMS MEAL STARTERS CHIK'N STRIPS,"MORNINGSTAR FARMS MEAL STARTERS CHIK'N STRIPS,FRZ,UNPREP",6.7,0,0,1.399999976,164,26.8,1.200000048,60.3,1.5,1.69,0.6,3.9,85.0,12 strip
MORNINGSTAR FARMS MEAL STARTERS STEAK STRIPS,"MORNINGSTAR FARMS MEAL STARTERS STEAK STRIPS,FRZ,UNPREP",9.0,0,0,1.100000024,173,26.1,1.200000048,58.5,1.8,1.61,0.6,4.1,85.0,12 strip
MORNINGSTAR FARMS SAUSAGE STYLE RECIPE CRUMBLES,"MORNINGSTAR FARMS SAUSAGE STYLE RECIPE CRUMBLES,FRZ,UNPREP",13.7,0,0,2.0,164,17.8,1.100000024,61.5,1.1,2.3,0.6,4.2,55.0,.67 cup
MORNINGSTAR FARMS VEGGIE BITES BROCCOLI CHEDDAR,"MORNINGSTAR FARMS VEGGIE BITES BROCCOLI CHEDDAR,FRZ,UNPREP",17.4,8,0,1.5,209,9.9,3.400000095,58.8,3.1,5.5,2.8,11.7,85.0,3 pieces
MORNINGSTAR FARMS VEGGIE BITES SPINACH ARTICHOKE,"MORNINGSTAR FARMS VEGGIE BITES SPINACH ARTICHOKE,FRZ,UNPREP",18.8,8,0,2.099999905,221,11.0,4.699999809,56.0,3.2,5.4,3.0,11.9,85.0,3 pieces
MORNINGSTAR FARMS VEGGIE CAKES GINGER TERIYAKI,"MORNINGSTAR FARMS VEGGIE CAKES GINGER TERIYAKI,FRZ,UNPREP",27.9,0,0,2.700000048,163,8.2,2.599999905,60.55,0.4,1.5,0.4,2.3,68.0,1 patty
MORNINGSTAR FARMS VEGGIE CAKES SOUTHWESTERN STYLE,"MORNINGSTAR FARMS VEGGIE CAKES SOUTHWESTERN STYLE,FRZ,UNPREP",30.8,7,0,3.200000048,197,9.5,0.400000006,52.4,0.6,2.9,1.7,4.6,68.0,1 patty
LAMB,"LAMB,DOM,COMP OF RTL CUTS,LN&FAT,1/4""FAT,CHOIC,RAW",0.0,72,0,0.0,267,16.88,0.0,60.7,8.86,1.7,9.47,21.59,28.35,1 oz
LAMB,"LAMB,DOM,COMP OF RTL CUTS,LN&FAT,1/4""FAT,CHOIC,CKD",0.0,97,94,0.0,294,24.52,0.0,53.72,8.82,1.51,8.83,20.94,242.0,"1 piece, cooked, excluding refuse (yield from 1 lb raw meat with refuse)"
LAMB,"LAMB,DOM,COMP OF RTL CUTS,LN,1/4""FAT,CHOIC,RAW",0.0,65,0,0.0,134,20.29,0.0,73.42,2.11,0.48,1.88,5.25,28.35,1 oz
LAMB,"LAMB,DOM,COMP OF RTL CUTS,LN,1/4""FAT,CHOIC,CKD",0.0,92,0,0.0,206,28.22,0.0,61.96,4.17,0.62,3.4,9.52,187.0,"1 piece, cooked, excluding refuse (yield from 1 lb raw meat with refuse)"
LAMB,"LAMB,DOM,COMP OF RTL CUTS,FAT,1/4""FAT,CHOIC,RAW",0.0,90,0,0.0,665,6.65,0.0,22.54,29.11,5.35,32.24,70.61,28.35,1 oz
LAMB,"LAMB,DOM,COMP OF RTL CUTS,FAT,1/4""FAT,CHOIC,CKD",0.0,114,54,0.0,586,12.16,0.0,26.14,24.4,4.48,27.02,59.18,286.0,"1 unit, cooked (yield from 1 lb raw meat)"
LAMB,"LAMB,DOM,FORESHANK,LN&FAT,1/4""FAT,CHOIC,RAW",0.0,72,0,0.0,201,18.91,0.0,67.01,5.49,1.06,5.83,13.38,28.35,1 oz
LAMB,"LAMB,DOM,FORESHANK,LN&FAT,1/4""FAT,CHOIC,CKD,BRSD",0.0,106,110,0.0,243,28.37,0.0,56.8,5.68,0.97,5.63,13.46,148.0,"1 piece, cooked, excluding refuse (yield from 1 lb raw meat with refuse)"
LAMB,"LAMB,DOM,FORESHANK,LN,1/4""FAT,CHOIC,RAW",0.0,69,0,0.0,120,21.08,0.0,74.86,1.32,0.3,1.18,3.29,28.35,1 oz
LAMB,"LAMB,DOM,FORESHANK,LN,1/4""FAT,CHOIC,CKD,BRSD",0.0,104,0,0.0,187,31.01,0.0,61.79,2.64,0.39,2.15,6.02,128.0,"1 piece, cooked, excluding refuse (yield from 1 lb raw meat with refuse)"
LAMB,"LAMB,DOM,LEG,WHL (SHK&SIRL),LN&FAT,1/4""FAT,CHOIC,RAW",0.0,69,0,0.0,230,17.91,0.0,64.32,7.0,1.35,7.43,17.07,28.35,1 oz
LAMB,"LAMB,DOM,LEG,WHL (SHK&SIRL),LN&FAT,1/4""FAT,CHOIC,CKD,RSTD",0.0,93,96,0.0,258,25.55,0.0,57.48,6.96,1.18,6.89,16.48,265.0,"1 piece, cooked, excluding refuse (yield from 1 lb raw meat with refuse)"
LAMB,"LAMB,DOM,LEG,WHL (SHK&SIRL),LN,1/4""FAT,CHOIC,RAW",0.0,64,0,0.0,128,20.56,0.0,74.11,1.81,0.41,1.61,4.51,28.35,1 oz
LAMB,"LAMB,DOM,LEG,WHL (SHK&SIRL),LN,1/4""FAT,CHOIC,CKD,RSTD",0.0,89,105,0.0,191,28.3,0.0,63.89,3.39,0.51,2.76,7.74,218.0,"1 piece, cooked, excluding refuse (yield from 1 lb raw meat with refuse)"
LAMB,"LAMB,DOM,LEG,SHANK HALF,LN&FAT,1/4""FAT,CHOIC,RAW",0.0,67,0,0.0,201,18.58,0.0,67.17,5.53,1.08,5.8,13.49,28.35,1 oz
LAMB,"LAMB,DOM,LEG,SHANK HALF,LN&FAT,1/4""FAT,CHOIC,CKD,RSTD",0.0,90,0,0.0,225,26.41,0.0,60.66,5.29,0.88,5.09,12.45,269.0,"1 piece, cooked, excluding refuse (yield from 1 lb raw meat with refuse)"
LAMB,"LAMB,DOM,LEG,SHANK HALF,LN,1/4""FAT,CHOIC,RAW",0.0,64,0,0.0,125,20.52,0.0,74.44,1.69,0.38,1.5,4.19,28.35,1 oz
LAMB,"LAMB,DOM,LEG,SHANK HALF,LN,1/4""FAT,CHOIC,CKD,RSTD",0.0,87,0,0.0,180,28.17,0.0,64.92,2.92,0.44,2.38,6.67,238.0,"1 piece, cooked, excluding refuse (yield from 1 lb raw meat with refuse)"
LAMB,"LAMB,DOM,LEG,SIRLOIN HALF,LN&FAT,1/4""FAT,CHOIC,RAW",0.0,72,0,0.0,272,16.94,0.0,60.3,9.08,1.73,9.73,22.11,28.35,1 oz
LAMB,"LAMB,DOM,LEG,SIRLOIN HALF,LN&FAT,1/4""FAT,CHOIC,CKD,RSTD",0.0,97,0,0.0,292,24.63,0.0,54.13,8.71,1.49,8.74,20.67,262.0,"1 piece, cooked, excluding refuse (yield from 1 lb raw meat with refuse)"
LAMB,"LAMB,DOM,LEG,SIRLOIN HALF,LN,1/4""FAT,CHOIC,RAW",0.0,66,0,0.0,134,20.55,0.0,73.57,2.04,0.46,1.82,5.08,28.35,1 oz
LAMB,"LAMB,DOM,LEG,SIRLOIN HALF,LN,1/4""FAT,CHOIC,CKD,RSTD",0.0,92,0,0.0,204,28.35,0.0,62.49,4.02,0.6,3.28,9.17,201.0,"1 piece, cooked, excluding refuse (yield from 1 lb raw meat with refuse)"
LAMB,"LAMB,DOM,LOIN,LN&FAT,1/4""FAT,CHOIC,RAW",0.0,74,0,0.0,310,16.32,0.0,56.55,10.94,2.08,11.76,26.63,28.35,1 oz
LAMB,"LAMB,DOM,LOIN,LN&FAT,1/4""FAT,CHOIC,CKD,BRLD",0.0,100,94,0.0,316,25.17,0.0,51.57,9.7,1.68,9.83,23.08,85.0,3 oz
LAMB,"LAMB,DOM,LOIN,LN&FAT,1/4""FAT,CHOIC,CKD,RSTD",0.0,95,88,0.0,309,22.55,0.0,52.5,9.68,1.87,10.24,23.59,269.0,"1 piece, cooked, excluding refuse (yield from 1 lb raw meat with refuse)"
LAMB,"LAMB,DOM,LOIN,LN,1/4""FAT,CHOIC,RAW",0.0,66,0,0.0,143,20.88,0.0,72.55,2.39,0.54,2.13,5.94,28.35,1 oz
LAMB,"LAMB,DOM,LOIN,LN,1/4""FAT,CHOIC,CKD,BRLD",0.0,95,108,0.0,216,29.99,0.0,60.98,4.26,0.64,3.48,9.73,85.0,3 oz
LAMB,"LAMB,DOM,LOIN,LN,1/4""FAT,CHOIC,CKD,RSTD",0.0,87,0,0.0,202,26.59,0.0,62.76,3.95,0.86,3.72,9.76,193.0,"1 piece, cooked, excluding refuse (yield from 1 lb raw meat with refuse)"
LAMB,"LAMB,DOM,RIB,LN&FAT,1/4""FAT,CHOIC,RAW",0.0,76,0,0.0,372,14.52,0.0,50.8,14.13,2.69,15.16,34.39,28.35,1 oz
LAMB,"LAMB,DOM,RIB,LN&FAT,1/4""FAT,CHOIC,CKD,BRLD",0.0,99,86,0.0,361,22.13,0.0,47.06,12.12,2.37,12.7,29.59,229.0,"1 piece, cooked, excluding refuse (yield from 1 lb raw meat with refuse)"
LAMB,"LAMB,DOM,RIB,LN&FAT,1/4""FAT,CHOIC,CKD,RSTD",0.0,97,0,0.0,359,21.12,0.0,47.89,12.52,2.17,12.77,29.82,255.0,"1 piece, cooked, excluding refuse (yield from 1 lb raw meat with refuse)"
LAMB,"LAMB,DOM,RIB,LN,1/4""FAT,CHOIC,RAW",0.0,66,0,0.0,169,19.98,0.0,70.44,3.71,0.84,3.3,9.23,28.35,1 oz
LAMB,"LAMB,DOM,RIB,LN,1/4""FAT,CHOIC,CKD,BRLD",0.0,91,104,0.0,235,27.74,0.0,58.83,5.21,1.18,4.65,12.95,147.0,"1 piece, cooked, excluding refuse (yield from 1 lb raw meat with refuse)"
LAMB,"LAMB,DOM,RIB,LN,1/4""FAT,CHOIC,CKD,RSTD",0.0,88,0,0.0,232,26.16,0.0,60.13,5.83,0.87,4.76,13.31,159.0,"1 piece, cooked, excluding refuse (yield from 1 lb raw meat with refuse)"
LAMB,"LAMB,DOM,SHLDR,WHL (ARM&BLD),LN&FAT,1/4""FAT,CHOIC,RAW",0.0,72,70,0.0,264,16.58,0.0,61.39,8.79,1.71,9.28,21.45,28.35,1 oz
LAMB,"LAMB,DOM,SHLDR,WHL (ARM&BLD),LN&FAT,1/4""FAT,CHOIC,CKD,BRSD",0.0,116,0,0.0,344,28.68,0.0,45.2,10.04,2.0,10.34,24.55,218.0,"1 piece, cooked, excluding refuse (yield from 1 lb raw meat with refuse)"
LAMB,"LAMB,DOM,SHLDR,WHL (ARM&BLD),LN&FAT,1/4""FAT,CHOIC,CKD,BRLD",0.0,97,0,0.0,278,24.42,0.0,55.03,7.87,1.58,8.04,19.26,248.0,"1 piece, cooked, excluding refuse (yield from 1 lb raw meat with refuse)"
LAMB,"LAMB,DOM,SHLDR,WHL (ARM&BLD),LN&FAT,1/4""FAT,CHOIC,CKD,RSTD",0.0,92,88,0.0,276,22.51,0.0,56.26,8.17,1.62,8.44,19.97,269.0,"1 piece, cooked, excluding refuse (yield from 1 lb raw meat with refuse)"
LAMB,"LAMB,DOM,SHLDR,WHL (ARM&BLD),LN,1/4""FAT,CHOIC,RAW",0.0,66,82,0.0,144,19.55,0.0,72.99,2.72,0.62,2.42,6.76,28.35,1 oz
LAMB,"LAMB,DOM,SHLDR,WHL (ARM&BLD),LN,1/4""FAT,CHOIC,CKD,BRSD",0.0,117,0,0.0,283,32.81,0.0,49.96,6.45,1.38,6.17,15.89,174.0,"1 piece, cooked, excluding refuse (yield from 1 lb raw meat with refuse)"
LAMB,"LAMB,DOM,SHLDR,WHL (ARM&BLD),LN,1/4""FAT,CHOIC,CKD,BRLD",0.0,93,104,0.0,210,27.12,0.0,61.38,4.24,0.94,3.88,10.5,202.0,"1 piece, cooked, excluding refuse (yield from 1 lb raw meat with refuse)"
LAMB,"LAMB,DOM,SHLDR,WHL (ARM&BLD),LN,1/4""FAT,CHOIC,CKD,RSTD",0.0,87,96,0.0,204,24.94,0.0,63.32,4.36,0.95,4.08,10.77,217.0,"1 piece, cooked, excluding refuse (yield from 1 lb raw meat with refuse)"
LAMB,"LAMB,DOM,SHLDR,ARM,LN&FAT,1/4""FAT,CHOIC,RAW",0.0,71,0,0.0,260,16.79,0.0,61.76,8.58,1.65,9.15,20.9,28.35,1 oz
LAMB,"LAMB,DOM,SHLDR,ARM,LN&FAT,1/4""FAT,CHOIC,CKD,BRSD",0.0,120,0,0.0,346,30.39,0.0,44.22,10.18,1.71,9.87,24.0,85.0,3 oz
LAMB,"LAMB,DOM,SHLDR,ARM,LN&FAT,1/4""FAT,CHOIC,CKD,BRLD",0.0,96,0,0.0,281,24.44,0.0,54.69,8.01,1.57,8.37,19.55,85.0,3 oz
LAMB,"LAMB,DOM,SHLDR,ARM,LN&FAT,1/4""FAT,CHOIC,CKD,RSTD",0.0,92,0,0.0,279,22.53,0.0,55.92,8.3,1.61,8.74,20.24,286.0,"1 piece, cooked, excluding refuse (yield from 1 lb raw meat with refuse)"
LAMB,"LAMB,DOM,SHLDR,ARM,LN,1/4""FAT,CHOIC,RAW",0.0,64,0,0.0,132,19.99,0.0,74.14,2.09,0.48,1.86,5.2,28.35,1 oz
LAMB,"LAMB,DOM,SHLDR,ARM,LN,1/4""FAT,CHOIC,CKD,BRSD",0.0,121,0,0.0,279,35.54,0.0,49.32,6.17,0.92,5.03,14.08,85.0,3 oz
LAMB,"LAMB,DOM,SHLDR,ARM,LN,1/4""FAT,CHOIC,CKD,BRLD",0.0,92,0,0.0,200,27.71,0.0,62.28,3.65,0.8,3.42,9.02,85.0,3 oz
LAMB,"LAMB,DOM,SHLDR,ARM,LN,1/4""FAT,CHOIC,CKD,RSTD",0.0,86,0,0.0,192,25.46,0.0,64.32,3.76,0.8,3.59,9.26,224.0,"1 piece, cooked, excluding refuse (yield from 1 lb raw meat with refuse)"
LAMB,"LAMB,DOM,SHLDR,BLADE,LN&FAT,1/4""FAT,CHOIC,RAW",0.0,72,0,0.0,259,16.63,0.0,61.9,8.54,1.68,8.93,20.86,28.35,1 oz
LAMB,"LAMB,DOM,SHLDR,BLADE,LN&FAT,1/4""FAT,CHOIC,CKD,BRSD",0.0,116,0,0.0,345,28.51,0.0,45.18,10.1,2.03,10.29,24.73,209.0,"1 piece, cooked, excluding refuse (yield from 1 lb raw meat with refuse)"
LAMB,"LAMB,DOM,SHLDR,BLADE,LN&FAT,1/4""FAT,CHOIC,CKD,BRLD",0.0,95,89,0.0,278,23.08,0.0,55.92,8.46,1.42,8.18,19.94,252.0,"1 piece, cooked, excluding refuse (yield from 1 lb raw meat with refuse)"
LAMB,"LAMB,DOM,SHLDR,BLADE,LN&FAT,1/4""FAT,CHOIC,CKD,RSTD",0.0,92,0,0.0,281,22.25,0.0,55.85,8.42,1.68,8.64,20.61,258.0,"1 piece, cooked, excluding refuse (yield from 1 lb raw meat with refuse)"
LAMB,"LAMB,DOM,SHLDR,BLADE,LN,1/4""FAT,CHOIC,RAW",0.0,67,0,0.0,151,19.29,0.0,72.36,3.07,0.7,2.73,7.63,28.35,1 oz
LAMB,"LAMB,DOM,SHLDR,BLADE,LN,1/4""FAT,CHOIC,CKD,BRSD",0.0,117,0,0.0,288,32.35,0.0,49.64,6.74,1.46,6.37,16.64,168.0,"1 piece, cooked, excluding refuse (yield from 1 lb raw meat with refuse)"
LAMB,"LAMB,DOM,SHLDR,BLADE,LN,1/4""FAT,CHOIC,CKD,BRLD",0.0,91,0,0.0,211,25.48,0.0,62.46,4.96,0.74,4.04,11.32,207.0,"1 piece, cooked, excluding refuse (yield from 1 lb raw meat with refuse)"
LAMB,"LAMB,DOM,SHLDR,BLADE,LN,1/4""FAT,CHOIC,CKD,RSTD",0.0,87,0,0.0,209,24.61,0.0,62.82,4.68,1.03,4.34,11.57,210.0,"1 piece, cooked, excluding refuse (yield from 1 lb raw meat with refuse)"
LAMB,"LAMB,DOM,CUBED FOR STEW OR KABOB (LEG&SHLDR),LN,1/4""FAT,RAW",0.0,65,0,0.0,134,20.21,0.0,73.74,2.13,0.48,1.89,5.28,28.35,1 oz
LAMB,"LAMB,DOM,CUBED FOR STEW (LEG&SHLDR),LN,1/4""FAT,CKD,BRSD",0.0,108,129,0.0,223,33.69,0.0,56.23,3.54,0.81,3.15,8.8,272.0,"1 unit, cooked (yield from 1 lb raw meat)"
LAMB,"LAMB,DOM,CUBED FOR STEW (LEG&SHLDR),LN,1/4""FAT,CKD,BRLD",0.0,90,0,0.0,186,28.08,0.0,63.53,2.95,0.67,2.62,7.33,327.0,"1 unit, cooked (yield from 1 lb raw meat)"
LAMB,"LAMB,NZ,IMP,FRZ,COMP OF RTL CUTS,LN&FAT,RAW",0.0,78,0,0.0,277,16.74,0.0,59.8,8.72,0.98,11.57,22.74,28.35,1 oz
LAMB,"LAMB,NZ,IMP,FRZ,COMP OF RTL CUTS,LN&FAT,CKD",0.0,109,0,0.0,305,24.42,0.0,51.15,8.59,1.04,11.05,22.26,222.0,"1 piece, cooked, excluding refuse (yield from 1 lb raw meat with refuse)"
LAMB,"LAMB,NZ,IMP,FRZ,COMP OF RTL CUTS,LN,RAW",0.0,74,0,0.0,128,20.75,0.0,73.78,1.69,0.22,1.88,4.41,28.35,1 oz
LAMB,"LAMB,NZ,IMP,FRZ,COMP OF RTL CUTS,LN,CKD",0.0,109,0,0.0,206,29.59,0.0,59.95,3.48,0.52,3.86,8.86,164.0,"1 piece, cooked, excluding refuse (yield from 1 lb raw meat with refuse)"
LAMB,"LAMB,NZ,IMP,FRZ,COMP OF RTL CUTS,FAT,RAW",0.0,87,0,0.0,640,6.92,0.0,25.56,25.93,2.83,35.29,67.63,28.35,1 oz
LAMB,"LAMB,NZ,IMP,FRZ,COMP OF RTL CUTS,FAT,CKD",0.0,109,0,0.0,586,9.72,0.0,26.12,23.15,2.52,31.51,60.39,286.0,"1 unit, cooked (yield from 1 lb raw meat)"
LAMB,"LAMB,NZ,IMP,FRZ,FORESHANK,LN&FAT,RAW",0.0,71,0,0.0,223,18.04,0.0,66.02,6.19,0.7,8.18,16.15,28.35,1 oz
LAMB,"LAMB,NZ,IMP,FRZ,FORESHANK,LN&FAT,CKD,BRSD",0.0,102,0,0.0,258,26.97,0.0,56.76,6.1,0.73,7.82,15.83,168.0,"1 piece, cooked, excluding refuse (yield from 1 lb raw meat with refuse)"
LAMB,"LAMB,NZ,IMP,FRZ,FORESHANK,LN,RAW",0.0,67,0,0.0,118,20.82,0.0,76.13,1.26,0.17,1.4,3.28,28.35,1 oz
LAMB,"LAMB,NZ,IMP,FRZ,FORESHANK,LN,CKD,BRSD",0.0,101,0,0.0,186,30.76,0.0,63.49,2.35,0.34,2.61,6.04,138.0,"1 piece, cooked, excluding refuse (yield from 1 lb raw meat with refuse)"
LAMB,"LAMB,NZ,IMP,FRZ,LEG,WHL (SHK&SIRL),LN&FAT,RAW",0.0,76,0,0.0,216,18.34,0.0,65.58,5.86,0.67,7.68,15.29,28.35,1 oz
LAMB,"LAMB,NZ,IMP,FRZ,LEG,WHL (SHK&SIRL),LN&FAT,CKD,RSTD",0.0,101,0,0.0,246,24.81,0.0,57.87,6.01,0.75,7.61,15.56,258.0,"1 piece, cooked, excluding refuse (yield from 1 lb raw meat with refuse)"
LAMB,"LAMB,NZ,IMP,FRZ,LEG,WHL (SHK&SIRL),LN,RAW",0.0,73,0,0.0,123,20.85,0.0,74.37,1.46,0.19,1.62,3.8,28.35,1 oz
LAMB,"LAMB,NZ,IMP,FRZ,LEG,WHL (SHK&SIRL),LN,CKD,RSTD",0.0,100,0,0.0,181,27.68,0.0,63.92,2.75,0.41,3.05,7.01,218.0,"1 piece, cooked, excluding refuse (yield from 1 lb raw meat with refuse)"
LAMB,"LAMB,NZ,IMP,FRZ,LOIN,LN&FAT,RAW",0.0,83,0,0.0,303,16.33,0.0,57.09,9.93,1.11,13.24,25.9,28.35,1 oz
LAMB,"LAMB,NZ,IMP,FRZ,LOIN,LN&FAT,CKD,BRLD",0.0,112,95,0.0,315,23.43,0.0,50.44,9.2,1.09,11.96,23.88,85.0,3 oz
LAMB,"LAMB,NZ,IMP,FRZ,LOIN,LN,RAW",0.0,80,0,0.0,130,21.17,0.0,73.33,1.69,0.22,1.87,4.4,28.35,1 oz
LAMB,"LAMB,NZ,IMP,FRZ,LOIN,LN,CKD,BRLD",0.0,114,0,0.0,199,29.31,0.0,60.86,3.22,0.47,3.58,8.24,85.0,3 oz
LAMB,"LAMB,NZ,IMP,FRZ,RIB,LN&FAT,RAW",0.0,81,0,0.0,346,14.92,0.0,53.32,12.0,1.34,15.99,31.31,28.35,1 oz
LAMB,"LAMB,NZ,IMP,FRZ,RIB,LN&FAT,CKD,RSTD",0.0,100,78,0.0,340,18.98,0.0,50.18,11.08,1.31,14.45,28.75,241.0,"1 piece, cooked, excluding refuse (yield from 1 lb raw meat with refuse)"
LAMB,"LAMB,NZ,IMP,FRZ,RIB,LN,RAW",0.0,76,0,0.0,142,20.49,0.0,72.61,2.32,0.31,2.58,6.06,28.35,1 oz
LAMB,"LAMB,NZ,IMP,FRZ,RIB,LN,CKD,RSTD",0.0,94,94,0.0,196,24.42,0.0,64.31,3.99,0.59,4.43,10.16,152.0,"1 piece, cooked, excluding refuse (yield from 1 lb raw meat with refuse)"
LAMB,"LAMB,NZ,IMP,FRZ,SHLDR,WHL (ARM&BLD),LN&FAT,RAW",0.0,75,0,0.0,272,16.65,0.0,60.11,8.52,0.96,11.22,22.23,28.35,1 oz
LAMB,"LAMB,NZ,IMP,FRZ,SHLDR,WHL (ARM&BLD),LN&FAT,CKD,BRSD",0.0,123,0,0.0,357,28.21,0.0,42.64,10.22,1.33,12.74,26.27,206.0,"1 piece, cooked, excluding refuse (yield from 1 lb raw meat with refuse)"
LAMB,"LAMB,NZ,IMP,FRZ,SHLDR,WHL (ARM&BLD),LN,RAW",0.0,71,0,0.0,135,20.25,0.0,72.89,2.08,0.28,2.31,5.43,28.35,1 oz
LAMB,"LAMB,NZ,IMP,FRZ,SHLDR,WHL (ARM&BLD),LN,CKD,BRSD",0.0,127,0,0.0,285,34.06,0.0,47.86,6.14,0.95,6.81,15.5,157.0,"1 piece, cooked, excluding refuse (yield from 1 lb raw meat with refuse)"
VEAL,"VEAL,COMP OF RTL CUTS,LN&FAT,RAW",0.0,82,0,0.0,144,19.35,0.0,72.84,2.57,0.48,2.79,6.77,28.35,1 oz
VEAL,"VEAL,COMP OF RTL CUTS,LN&FAT,CKD",0.0,114,117,0.0,231,30.1,0.0,57.08,4.4,0.8,4.28,11.39,209.0,"1 piece, cooked, excluding refuse (yield from 1 lb raw meat with refuse)"
VEAL,"VEAL,COMP OF RTL CUTS,LN,RAW",0.0,83,0,0.0,112,20.2,0.0,75.91,0.92,0.3,0.86,2.87,28.35,1 oz
VEAL,"VEAL,COMP OF RTL CUTS,LN,CKD",0.0,118,123,0.0,196,31.9,0.0,60.16,2.35,0.59,1.84,6.58,192.0,"1 piece, cooked, excluding refuse (yield from 1 lb raw meat with refuse)"
VEAL,"VEAL,COMP OF RTL CUTS,FAT,RAW",0.0,73,0,0.0,638,6.02,0.0,24.77,28.44,3.28,32.92,67.83,28.35,1 oz
VEAL,"VEAL,COMP OF RTL CUTS,FAT,CKD",0.0,73,0,0.0,642,9.42,0.0,21.65,27.98,3.23,32.39,66.74,290.0,"1 unit, cooked (yield from 1 lb raw meat)"
VEAL,"VEAL,LEG (TOP RND),LN&FAT,RAW",0.0,78,90,0.0,117,20.98,0.0,74.8,1.12,0.24,1.18,3.08,28.35,1 oz
VEAL,"VEAL,LEG (TOP RND),LN&FAT,CKD,BRSD",0.0,134,141,0.0,211,36.16,0.0,55.49,2.36,0.47,2.53,6.33,272.0,"1 unit, cooked (yield from 1 lb raw meat)"
VEAL,"VEAL,LEG (TOP RND),LN&FAT,CKD,PAN-FRIED,BREADED",9.91,112,113,0.300000012,238,27.29,0.569999993,51.31,3.39,1.49,3.06,9.18,295.0,"1 unit, cooked (yield from 1 lb raw meat)"
VEAL,"VEAL,LEG (TOP RND),LN&FAT,CKD,PAN-FRIED,NOT BREADED",0.0,105,123,0.0,211,31.75,0.0,58.34,3.23,0.58,3.16,8.35,304.0,"1 unit, cooked (yield from 1 lb raw meat)"
VEAL,"VEAL,LEG (TOP RND),LN&FAT,CKD,RSTD",0.0,103,108,0.0,160,27.7,0.0,66.1,1.73,0.35,1.84,4.65,358.0,"1 unit, cooked (yield from 1 lb raw meat)"
VEAL,"VEAL,LEG (TOP RND),LN,RAW",0.0,78,0,0.0,107,21.28,0.0,75.82,0.56,0.18,0.53,1.76,28.35,1 oz
VEAL,"VEAL,LEG (TOP RND),LN,CKD,BRSD",0.0,135,0,0.0,203,36.71,0.0,56.18,1.84,0.41,1.92,5.09,267.0,"1 piece, cooked, excluding refuse (yield from 1 lb raw meat with refuse)"
VEAL,"VEAL,LEG (TOP RND),LN,CKD,PAN-FRIED,BREADED",9.84,113,118,0.200000003,216,28.41,0.569999993,53.14,2.16,1.35,1.6,6.27,295.0,"1 unit, cooked (yield from 1 lb raw meat)"
VEAL,"VEAL,LEG (TOP RND),LN,CKD,PAN-FRIED,NOT BREADED",0.0,107,128,0.0,183,33.17,0.0,60.68,1.65,0.41,1.29,4.62,289.0,"1 piece, cooked, excluding refuse (yield from 1 lb raw meat with refuse)"
VEAL,"VEAL,LEG (TOP RND),LN,CKD,RSTD",0.0,103,0,0.0,150,28.07,0.0,67.01,1.19,0.29,1.22,3.39,351.0,"1 piece, cooked, excluding refuse (yield from 1 lb raw meat with refuse)"
VEAL,"VEAL,LOIN,LN&FAT,RAW",0.0,79,83,0.0,163,18.89,0.0,70.38,3.54,0.61,3.88,9.14,28.35,1 oz
VEAL,"VEAL,LOIN,LN&FAT,CKD,BRSD",0.0,118,114,0.0,284,30.19,0.0,52.02,6.73,1.16,6.73,17.21,85.0,3 oz
VEAL,"VEAL,LOIN,LN&FAT,CKD,RSTD",0.0,103,100,0.0,217,24.8,0.0,60.73,4.78,0.81,5.26,12.32,229.0,"1 piece, cooked, excluding refuse (yield from 1 lb raw meat with refuse)"
VEAL,"VEAL,LOIN,LN,RAW",0.0,80,0,0.0,116,20.17,0.0,74.89,1.07,0.34,1.01,3.34,28.35,1 oz
VEAL,"VEAL,LOIN,LN,CKD,BRSD",0.0,125,125,0.0,226,33.57,0.0,56.96,3.27,0.82,2.55,9.15,85.0,3 oz
VEAL,"VEAL,LOIN,LN,CKD,RSTD",0.0,106,105,0.0,175,26.32,0.0,64.59,2.49,0.57,2.58,6.94,208.0,"1 piece, cooked, excluding refuse (yield from 1 lb raw meat with refuse)"
VEAL,"VEAL,RIB,LN&FAT,RAW",0.0,82,0,0.0,162,18.86,0.0,71.15,3.43,0.63,3.71,9.01,28.35,1 oz
VEAL,"VEAL,RIB,LN&FAT,CKD,BRSD",0.0,139,126,0.0,251,32.43,0.0,53.33,4.65,0.94,4.95,12.53,177.0,"1 piece, cooked, excluding refuse (yield from 1 lb raw meat with refuse)"
VEAL,"VEAL,RIB,LN&FAT,CKD,RSTD",0.0,110,0,0.0,228,23.96,0.0,59.91,5.44,0.95,5.41,13.96,240.0,"1 piece, cooked, excluding refuse (yield from 1 lb raw meat with refuse)"
VEAL,"VEAL,RIB,LN,RAW",0.0,83,0,0.0,120,19.97,0.0,75.18,1.25,0.4,1.17,3.89,28.35,1 oz
VEAL,"VEAL,RIB,LN,CKD,BRSD",0.0,144,134,0.0,218,34.44,0.0,56.08,2.62,0.74,2.56,7.81,163.0,"1 piece, cooked, excluding refuse (yield from 1 lb raw meat with refuse)"
VEAL,"VEAL,RIB,LN,CKD,RSTD",0.0,115,0,0.0,177,25.76,0.0,64.64,2.66,0.67,2.08,7.44,215.0,"1 piece, cooked, excluding refuse (yield from 1 lb raw meat with refuse)"
VEAL,"VEAL,SHLDR,WHL (ARM&BLD),LN&FAT,RAW",0.0,87,81,0.0,130,19.27,0.0,74.78,1.94,0.41,2.05,5.28,28.35,1 oz
VEAL,"VEAL,SHLDR,WHL (ARM&BLD),LN&FAT,CKD,BRSD",0.0,126,124,0.0,228,32.06,0.0,56.4,3.9,0.73,3.75,10.14,191.0,"1 piece, cooked, excluding refuse (yield from 1 lb raw meat with refuse)"
VEAL,"VEAL,SHLDR,WHL (ARM&BLD),LN&FAT,CKD,RSTD",0.0,113,0,0.0,184,25.32,0.0,65.31,3.16,0.61,3.4,8.42,258.0,"1 piece, cooked, excluding refuse (yield from 1 lb raw meat with refuse)"
VEAL,"VEAL,SHLDR,WHL (ARM&BLD),LN,RAW",0.0,86,0,0.0,112,19.79,0.0,76.58,0.96,0.31,0.9,3.0,28.35,1 oz
VEAL,"VEAL,SHLDR,WHL (ARM&BLD),LN,CKD,BRSD",0.0,130,0,0.0,199,33.68,0.0,58.88,2.18,0.55,1.7,6.1,182.0,"1 piece, cooked, excluding refuse (yield from 1 lb raw meat with refuse)"
VEAL,"VEAL,SHLDR,WHL (ARM&BLD),LN,CKD,RSTD",0.0,114,0,0.0,170,25.81,0.0,66.66,2.4,0.53,2.5,6.62,251.0,"1 piece, cooked, excluding refuse (yield from 1 lb raw meat with refuse)"
VEAL,"VEAL,SHLDR,ARM,LN&FAT,RAW",0.0,82,83,0.0,132,19.34,0.0,74.05,2.08,0.38,2.26,5.44,28.35,1 oz
VEAL,"VEAL,SHLDR,ARM,LN&FAT,CKD,BRSD",0.0,148,0,0.0,236,33.63,0.0,55.28,3.99,0.7,3.96,10.24,85.0,3 oz
VEAL,"VEAL,SHLDR,ARM,LN&FAT,CKD,RSTD",0.0,108,0,0.0,183,25.46,0.0,64.68,3.2,0.54,3.51,8.25,283.0,"1 piece, cooked, excluding refuse (yield from 1 lb raw meat with refuse)"
VEAL,"VEAL,SHLDR,ARM,LN,RAW",0.0,83,0,0.0,105,20.04,0.0,76.64,0.69,0.22,0.65,2.16,28.35,1 oz
VEAL,"VEAL,SHLDR,ARM,LN,CKD,BRSD",0.0,155,0,0.0,201,35.73,0.0,58.2,1.9,0.48,1.49,5.33,85.0,3 oz
VEAL,"VEAL,SHLDR,ARM,LN,CKD,RSTD",0.0,109,0,0.0,164,26.13,0.0,66.47,2.16,0.43,2.31,5.81,272.0,"1 piece, cooked, excluding refuse (yield from 1 lb raw meat with refuse)"
VEAL,"VEAL,SHLDR,BLADE,LN&FAT,RAW",0.0,90,0,0.0,129,19.23,0.0,75.15,1.87,0.42,1.94,5.2,28.35,1 oz
VEAL,"VEAL,SHLDR,BLADE,LN&FAT,CKD,BRSD",0.0,153,122,0.0,225,31.26,0.0,56.98,3.85,0.74,3.64,10.09,186.0,"1 piece, cooked, excluding refuse (yield from 1 lb raw meat with refuse)"
VEAL,"VEAL,SHLDR,BLADE,LN&FAT,CKD,RSTD",0.0,117,0,0.0,186,25.15,0.0,65.54,3.24,0.64,3.46,8.67,244.0,"1 piece, cooked, excluding refuse (yield from 1 lb raw meat with refuse)"
VEAL,"VEAL,SHLDR,BLADE,LN,RAW",0.0,90,0,0.0,113,19.64,0.0,76.71,1.05,0.34,0.98,3.26,28.35,1 oz
VEAL,"VEAL,SHLDR,BLADE,LN,CKD,BRSD",0.0,158,127,0.0,198,32.66,0.0,59.24,2.31,0.58,1.81,6.48,174.0,"1 piece, cooked, excluding refuse (yield from 1 lb raw meat with refuse)"
VEAL,"VEAL,SHLDR,BLADE,LN,CKD,RSTD",0.0,119,0,0.0,171,25.64,0.0,66.9,2.47,0.56,2.57,6.88,236.0,"1 piece, cooked, excluding refuse (yield from 1 lb raw meat with refuse)"
VEAL,"VEAL,SIRLOIN,LN&FAT,RAW",0.0,78,82,0.0,152,19.07,0.0,71.85,3.04,0.51,3.35,7.81,28.35,1 oz
VEAL,"VEAL,SIRLOIN,LN&FAT,CKD,BRSD",0.0,108,0,0.0,252,31.26,0.0,54.49,5.15,0.87,5.18,13.14,205.0,"1 piece, cooked, excluding refuse (yield from 1 lb raw meat with refuse)"
VEAL,"VEAL,SIRLOIN,LN&FAT,CKD,RSTD",0.0,102,100,0.0,202,25.14,0.0,62.66,4.08,0.68,4.51,10.45,269.0,"1 piece, cooked, excluding refuse (yield from 1 lb raw meat with refuse)"
VEAL,"VEAL,SIRLOIN,LN,RAW",0.0,79,0,0.0,110,20.2,0.0,75.94,0.83,0.27,0.78,2.59,28.35,1 oz
VEAL,"VEAL,SIRLOIN,LN,CKD,BRSD",0.0,113,0,0.0,204,33.96,0.0,58.55,2.33,0.58,1.82,6.51,183.0,"1 piece, cooked, excluding refuse (yield from 1 lb raw meat with refuse)"
VEAL,"VEAL,SIRLOIN,LN,CKD,RSTD",0.0,104,0,0.0,168,26.32,0.0,65.74,2.28,0.48,2.41,6.22,251.0,"1 piece, cooked, excluding refuse (yield from 1 lb raw meat with refuse)"
VEAL,"VEAL,CUBED FOR STEW (LEG&SHLDR),LN,RAW",0.0,84,0,0.0,109,20.27,0.0,76.39,0.8,0.26,0.75,2.5,28.35,1 oz
VEAL,"VEAL,CUBED FOR STEW (LEG&SHLDR),LN,CKD,BRSD",0.0,145,0,0.0,188,34.94,0.0,59.29,1.39,0.45,1.3,4.31,263.0,"1 unit, cooked (yield from 1 lb raw meat)"
VEAL,"VEAL,GROUND,RAW",0.0,82,0,0.0,144,19.35,0.0,72.84,2.57,0.48,2.79,6.77,28.35,1 oz
VEAL,"VEAL,GROUND,CKD,BRLD",0.0,103,95,0.0,172,24.38,0.0,66.76,2.84,0.55,3.04,7.56,299.0,"1 unit, cooked (yield from 1 lb raw meat)"
GAME MEAT,"GAME MEAT,ANTELOPE,RAW",0.0,95,0,0.0,114,22.38,0.0,74.08,0.48,0.44,0.74,2.03,28.35,1 oz
GAME MEAT,"GAME MEAT,ANTELOPE,CKD,RSTD",0.0,126,0,0.0,150,29.45,0.0,65.9,0.63,0.58,0.97,2.67,340.0,"1 piece, cooked (yield from 1 lb raw meat, boneless)"
GAME MEAT,"GAME MEAT,BEAR,RAW",0.0,0,0,0.0,161,20.1,0.0,71.2,0.0,0.0,0.0,8.3,28.35,1 oz
GAME MEAT,"GAME MEAT,BEAR,CKD,SIMMRD",0.0,98,122,0.0,259,32.42,0.0,53.55,5.66,2.4,3.54,13.39,277.0,"1 piece, cooked (yield from 1 lb raw meat, boneless)"
BISON,"BISON,GROUND,GRASS-FED,CKD",0.0,71,97,0.0,179,25.45,0.0,65.09,3.293,0.402,3.489,8.62,85.05,3 oz
BISON,"BISON,GROUND,GRASS-FED,RAW",0.05,55,86,0.0,146,20.23,0.0,71.59,2.753,0.336,2.917,7.21,0.0,
GAME MEAT,"GAME MEAT,BEAVER,RAW",0.0,0,0,0.0,146,24.05,0.0,70.97,0.0,0.0,0.0,4.8,28.35,1 oz
GAME MEAT,"GAME MEAT,BEAVER,CKD,RSTD",0.0,117,130,0.0,212,34.85,0.0,57.92,1.89,1.35,2.07,6.96,313.0,"1 piece, cooked (yield from 1 lb raw meat, boneless)"
GAME MEAT,"GAME MEAT,BEEFALO,COMP OF CUTS,RAW",0.0,44,0,0.0,143,23.3,0.0,70.89,2.04,0.15,2.04,4.8,28.35,1 oz
GAME MEAT,"GAME MEAT,BEEFALO,COMP OF CUTS,CKD,RSTD",0.0,58,0,0.0,188,30.66,0.0,61.7,2.68,0.2,2.68,6.32,340.0,"1 piece, cooked (yield from 1 lb raw meat, boneless)"
GAME MEAT,"GAME MEAT,BISON,LN,RAW",0.0,62,0,0.0,109,21.62,0.0,74.57,0.72,0.19,0.69,1.84,28.35,1 oz
GAME MEAT,"GAME MEAT,BISON,LN,CKD,RSTD",0.0,82,115,0.0,143,28.44,0.0,66.54,0.95,0.24,0.91,2.42,340.0,"1 piece, cooked (yield from 1 lb raw meat, boneless)"
GAME MEAT,"GAME MEAT,BOAR,WILD,RAW",0.0,0,0,0.0,122,21.51,0.0,72.54,1.3,0.48,0.99,3.33,28.35,1 oz
GAME MEAT,"GAME MEAT,BOAR,WILD,CKD,RSTD",0.0,77,117,0.0,160,28.3,0.0,63.87,1.71,0.64,1.3,4.38,340.0,"1 piece, cooked (yield from 1 lb raw meat, boneless)"
GAME MEAT,"GAME MEAT,BUFFALO,H2O,RAW",0.0,46,0,0.0,99,20.39,0.0,76.3,0.42,0.27,0.46,1.37,28.35,1 oz
GAME MEAT,"GAME MEAT,BUFFALO,H2O,CKD,RSTD",0.0,61,0,0.0,131,26.83,0.0,68.81,0.55,0.36,0.6,1.8,340.0,"1 piece, cooked (yield from 1 lb raw meat, boneless)"
GAME MEAT,"GAME MEAT,CARIBOU,RAW",0.0,83,0,0.0,127,22.63,0.0,71.45,1.01,0.47,1.29,3.36,28.35,1 oz
GAME MEAT,"GAME MEAT,CARIBOU,CKD,RSTD",0.0,109,123,0.0,167,29.77,0.0,62.43,1.33,0.62,1.7,4.42,340.0,"1 piece, cooked (yield from 1 lb raw meat, boneless)"
GAME MEAT,"GAME MEAT,DEER,RAW",0.0,85,0,0.0,120,22.96,0.0,73.57,0.67,0.47,0.95,2.42,28.35,1 oz
GAME MEAT,"GAME MEAT,DEER,CKD,RSTD",0.0,112,0,0.0,158,30.21,0.0,65.23,0.88,0.62,1.25,3.19,340.0,"1 piece, cooked (yield from 1 lb raw meat, boneless)"
GAME MEAT,"GAME MEAT,ELK,RAW",0.0,55,0,0.0,111,22.95,0.0,74.38,0.36,0.3,0.53,1.45,28.35,1 oz
GAME MEAT,"GAME MEAT,ELK,CKD,RSTD",0.0,73,0,0.0,146,30.19,0.0,66.28,0.48,0.4,0.7,1.9,340.0,"1 piece, cooked (yield from 1 lb raw meat, boneless)"
GOAT,"GOAT,RAW",0.0,57,0,0.0,109,20.6,0.0,75.84,1.03,0.17,0.71,2.31,28.35,1 oz
GAME MEAT,"GAME MEAT,GOAT,CKD,RSTD",0.0,75,106,0.0,143,27.1,0.0,68.21,1.36,0.23,0.93,3.03,340.0,"1 piece, cooked (yield from 1 lb raw meat, boneless)"
GAME MEAT,"GAME MEAT,HORSE,RAW",0.0,52,0,0.0,133,21.39,0.0,72.63,1.61,0.65,1.44,4.6,28.35,1 oz
GAME MEAT,"GAME MEAT,HORSE,CKD,RSTD",0.0,68,0,0.0,175,28.14,0.0,63.98,2.12,0.85,1.9,6.05,340.0,"1 piece, cooked (yield from 1 lb raw meat, boneless)"
GAME MEAT,"GAME MEAT,MOOSE,RAW",0.0,59,0,0.0,102,22.24,0.0,75.55,0.15,0.24,0.22,0.74,28.35,1 oz
GAME MEAT,"GAME MEAT,MOOSE,CKD,RSTD",0.0,78,115,0.0,134,29.27,0.0,67.83,0.2,0.31,0.29,0.97,340.0,"1 piece, cooked (yield from 1 lb raw meat, boneless)"
GAME MEAT,"GAME MEAT,MUSKRAT,RAW",0.0,0,0,0.0,162,20.76,0.0,69.35,0.0,0.0,0.0,8.1,28.35,1 oz
GAME MEAT,"GAME MEAT,MUSKRAT,CKD,RSTD",0.0,121,0,0.0,234,30.09,0.0,55.58,0.0,0.0,0.0,11.74,313.0,"1 piece, cooked (yield from 1 lb raw meat, boneless)"
GAME MEAT,"GAME MEAT,OPOSSUM,CKD,RSTD",0.0,129,116,0.0,221,30.2,0.0,58.3,3.773,2.983,1.206,10.2,399.0,"1 piece, cooked (yield from 1 lb raw meat, boneless)"
GAME MEAT,"GAME MEAT,RABBIT,DOMESTICATED,COMP OF CUTS,RAW",0.0,57,0,0.0,136,20.05,0.0,72.82,1.5,1.08,1.66,5.55,28.35,1 oz
GAME MEAT,"GAME MEAT,RABBIT,DOMESTICATED,COMP OF CUTS,CKD,RSTD",0.0,82,0,0.0,197,29.06,0.0,60.61,2.17,1.56,2.4,8.05,313.0,"1 piece, cooked (yield from 1 lb raw meat, boneless)"
GAME MEAT,"GAME MEAT,RABBIT,DOMESTICATED,COMP OF CUTS,CKD,STWD",0.0,86,121,0.0,206,30.38,0.0,58.82,2.27,1.63,2.51,8.41,299.0,"1 piece, cooked (yield from 1 lb raw meat, boneless)"
GAME MEAT,"GAME MEAT,RABBIT,WILD,RAW",0.0,81,0,0.0,114,21.79,0.0,74.51,0.63,0.45,0.69,2.32,28.35,1 oz
GAME MEAT,"GAME MEAT,RABBIT,WILD,CKD,STWD",0.0,123,130,0.0,173,33.02,0.0,61.37,0.95,0.68,1.05,3.51,299.0,"1 piece, cooked (yield from 1 lb raw meat, boneless)"
GAME MEAT,"GAME MEAT,RACCOON,CKD,RSTD",0.0,97,115,0.0,255,29.2,0.0,54.3,5.21,2.09,4.07,14.5,399.0,"1 piece, cooked (yield from 1 lb raw meat, boneless)"
GAME MEAT,"GAME MEAT,SQUIRREL,RAW",0.0,83,0,0.0,120,21.23,0.0,73.83,1.18,0.94,0.38,3.21,28.35,1 oz
GAME MEAT,"GAME MEAT,SQUIRREL,CKD,RSTD",0.0,121,123,0.0,173,30.77,0.0,62.07,1.33,1.46,0.85,4.69,313.0,"1 piece, cooked (yield from 1 lb raw meat, boneless)"
LAMB,"LAMB,VAR MEATS&BY-PRODUCTS,BRAIN,RAW",0.0,1352,0,0.0,122,10.4,0.0,79.2,1.55,0.88,2.19,8.58,28.35,1 oz
LAMB,"LAMB,VAR MEATS&BY-PRODUCTS,BRAIN,CKD,BRSD",0.0,2043,0,0.0,145,12.55,0.0,75.73,1.84,1.04,2.6,10.17,347.0,"1 unit, cooked (yield from 1 lb raw meat)"
LAMB,"LAMB,VAR MEATS&BY-PRODUCTS,BRAIN,CKD,PAN-FRIED",0.0,2504,0,0.0,273,16.97,0.0,60.71,4.02,2.28,5.67,22.19,240.0,"1 unit, cooked (yield from 1 lb raw meat)"
VEAL,"VEAL,VAR MEATS&BY-PRODUCTS,BRAIN,RAW",0.0,1590,0,0.0,118,10.32,0.0,79.78,1.64,0.95,1.91,8.21,28.35,1 oz
VEAL,"VEAL,VAR MEATS&BY-PRODUCTS,BRAIN,CKD,BRSD",0.0,3100,0,0.0,136,11.48,0.0,76.89,1.74,1.49,2.18,9.63,339.0,"1 unit, cooked (yield from 1 lb raw meat)"
VEAL,"VEAL,VAR MEATS&BY-PRODUCTS,BRAIN,CKD,PAN-FRIED",0.0,2120,0,0.0,213,14.48,0.0,68.56,4.21,2.44,3.96,16.75,330.0,"1 unit, cooked (yield from 1 lb raw meat)"
LAMB,"LAMB,VAR MEATS&BY-PRODUCTS,HEART,RAW",0.21,135,0,0.0,122,16.47,0.0,76.71,1.6,0.55,2.25,5.68,28.35,1 oz
LAMB,"LAMB,VAR MEATS&BY-PRODUCTS,HEART,CKD,BRSD",1.93,249,0,0.0,185,24.97,0.0,64.2,2.22,0.77,3.14,7.91,191.0,"1 unit, cooked (yield from 1 lb raw meat)"
VEAL,"VEAL,VAR MEATS&BY-PRODUCTS,HEART,RAW",0.08,104,0,0.0,110,17.18,0.0,77.69,0.84,1.05,1.07,3.98,28.35,1 oz
VEAL,"VEAL,VAR MEATS&BY-PRODUCTS,HEART,CKD,BRSD",0.13,176,0,0.0,186,29.12,0.0,62.18,1.42,1.78,1.82,6.75,198.0,"1 unit, cooked (yield from 1 lb raw meat)"
LAMB,"LAMB,VAR MEATS&BY-PRODUCTS,KIDNEYS,RAW",0.82,337,0,0.0,97,15.74,0.0,79.23,0.63,0.55,1.0,2.95,28.35,1 oz
LAMB,"LAMB,VAR MEATS&BY-PRODUCTS,KIDNEYS,CKD,BRSD",0.99,565,0,0.0,137,23.65,0.0,70.45,0.77,0.67,1.23,3.62,255.0,"1 unit, cooked (yield from 1 lb raw meat)"
VEAL,"VEAL,VAR MEATS&BY-PRODUCTS,KIDNEYS,RAW",0.85,364,0,0.0,99,15.76,0.0,79.07,0.68,0.62,0.96,3.12,28.35,1 oz
VEAL,"VEAL,VAR MEATS&BY-PRODUCTS,KIDNEYS,CKD,BRSD",0.0,791,0,0.0,163,26.32,0.0,67.67,1.24,1.13,1.74,5.66,184.0,"1 unit, cooked (yield from 1 lb raw meat)"
LAMB,"LAMB,VAR MEATS&BY-PRODUCTS,LIVER,RAW",1.78,371,0,0.0,139,20.38,0.0,71.37,1.05,0.75,1.94,5.02,28.35,1 oz
LAMB,"LAMB,VAR MEATS&BY-PRODUCTS,LIVER,CKD,BRSD",2.53,501,0,0.0,220,30.57,0.0,56.67,1.84,1.31,3.41,8.81,336.0,"1 unit, cooked (yield from 1 lb raw meat)"
LAMB,"LAMB,VAR MEATS&BY-PRODUCTS,LIVER,CKD,PAN-FRIED",3.78,493,0,0.0,238,25.53,0.0,56.2,2.64,1.89,4.9,12.65,322.0,"1 unit, cooked (yield from 1 lb raw meat)"
VEAL,"VEAL,VAR MEATS&BY-PRODUCTS,LIVER,RAW",2.91,334,310,0.0,140,19.93,0.0,70.89,0.968,0.829,1.56,4.85,0.0,
VEAL,"VEAL,VAR MEATS&BY-PRODUCTS,LIVER,CKD,BRSD",3.77,511,399,0.0,192,28.42,0.0,59.86,1.146,1.069,1.986,6.26,79.94,1 slice
VEAL,"VEAL,VAR MEATS&BY-PRODUCTS,LIVER,CKD,PAN-FRIED",4.47,485,411,0.0,193,27.37,0.0,59.87,1.194,1.159,2.109,6.51,66.72,1 slice
LAMB,"LAMB,VAR MEATS&BY-PRODUCTS,LUNGS,RAW",0.0,0,0,0.0,95,16.7,0.0,79.7,0.67,0.35,0.89,2.6,28.35,1 oz
LAMB,"LAMB,VAR MEATS&BY-PRODUCTS,LUNGS,CKD,BRSD",0.0,284,0,0.0,113,19.88,0.0,75.83,0.8,0.43,1.06,3.1,381.0,"1 unit, cooked (yield from 1 lb raw meat)"
VEAL,"VEAL,VAR MEATS&BY-PRODUCTS,LUNGS,RAW",0.0,229,0,0.0,90,16.3,0.0,80.5,0.59,0.31,0.79,2.3,28.35,1 oz
VEAL,"VEAL,VAR MEATS&BY-PRODUCTS,LUNGS,CKD,BRSD",0.0,263,0,0.0,104,18.74,0.0,77.59,0.68,0.36,0.91,2.64,300.0,"1 unit, cooked (yield from 1 lb raw meat)"
LAMB,"LAMB,VAR MEATS&BY-PRODUCTS,MECHANICALLY SEPARATED,RAW",0.0,213,0,0.0,276,14.97,0.0,58.68,8.45,0.76,11.79,23.54,28.35,1 oz
LAMB,"LAMB,VAR MEATS&BY-PRODUCTS,PANCREAS,RAW",0.0,260,0,0.0,152,14.84,0.0,73.77,3.54,0.48,4.44,9.82,28.35,1 oz
LAMB,"LAMB,VAR MEATS&BY-PRODUCTS,PANCREAS,CKD,BRSD",0.0,400,0,0.0,234,22.83,0.0,59.65,5.45,0.74,6.84,15.12,231.0,"1 unit, cooked (yield from 1 lb raw meat)"
VEAL,"VEAL,VAR MEATS&BY-PRODUCTS,PANCREAS,RAW",0.0,173,0,0.0,182,15.0,0.0,70.6,4.54,2.44,4.51,13.1,28.35,1 oz
VEAL,"VEAL,VAR MEATS&BY-PRODUCTS,PANCREAS,CKD,BRSD",0.0,0,0,0.0,256,29.1,0.0,55.7,5.03,2.72,5.01,14.6,240.0,"1 unit, cooked (yield from 1 lb raw meat)"
LAMB,"LAMB,VAR MEATS&BY-PRODUCTS,SPLEEN,RAW",0.0,250,0,0.0,101,17.2,0.0,78.15,0.81,0.23,1.03,3.1,28.35,1 oz
LAMB,"LAMB,VAR MEATS&BY-PRODUCTS,SPLEEN,CKD,BRSD",0.0,385,0,0.0,156,26.46,0.0,66.38,1.27,0.35,1.58,4.77,295.0,"1 unit, cooked (yield from 1 lb raw meat)"
VEAL,"VEAL,VAR MEATS&BY-PRODUCTS,SPLEEN,RAW",0.0,340,0,0.0,98,18.3,0.0,78.15,0.59,0.16,0.73,2.2,28.35,1 oz
VEAL,"VEAL,VAR MEATS&BY-PRODUCTS,SPLEEN,CKD,BRSD",0.0,447,0,0.0,129,24.08,0.0,71.25,0.78,0.21,0.96,2.89,345.0,"1 unit, cooked (yield from 1 lb raw meat)"
VEAL,"VEAL,VAR MEATS&BY-PRODUCTS,THYMUS,RAW",0.0,250,0,0.0,101,17.21,0.0,79.16,0.775,0.229,0.806,3.07,28.35,1 oz
VEAL,"VEAL,VAR MEATS&BY-PRODUCTS,THYMUS,CKD,BRSD",0.0,350,209,0.0,125,22.67,0.0,73.63,0.903,0.315,0.942,3.11,85.0,3 oz
LAMB,"LAMB,VAR MEATS&BY-PRODUCTS,TONGUE,RAW",0.0,156,0,0.0,222,15.7,0.0,66.6,8.46,1.06,6.63,17.17,28.35,1 oz
LAMB,"LAMB,VAR MEATS&BY-PRODUCTS,TONGUE,CKD,BRSD",0.0,189,0,0.0,275,21.57,0.0,57.86,10.0,1.25,7.83,20.28,255.0,"1 unit, cooked (yield from 1 lb raw meat)"
VEAL,"VEAL,VAR MEATS&BY-PRODUCTS,TONGUE,RAW",1.91,62,0,0.0,131,17.18,0.0,74.53,2.51,0.31,2.35,5.48,28.35,1 oz
VEAL,"VEAL,VAR MEATS&BY-PRODUCTS,TONGUE,CKD,BRSD",0.0,238,0,0.0,202,25.85,0.0,64.08,4.61,0.38,4.35,10.1,255.0,"1 unit, cooked (yield from 1 lb raw meat)"
LAMB,"LAMB,GROUND,RAW",0.0,73,69,0.0,282,16.56,0.0,59.47,9.6,1.85,10.19,23.41,28.35,1 oz
LAMB,"LAMB,GROUND,CKD,BRLD",0.0,97,93,0.0,283,24.75,0.0,55.09,8.32,1.4,8.12,19.65,313.0,"1 unit, cooked (yield from 1 lb raw meat)"
LAMB,"LAMB,DOM,COMP OF RTL CUTS,LN&FAT,1/8""FAT,CHOIC,RAW",0.0,70,0,0.0,243,17.54,0.0,63.17,7.65,1.48,8.07,18.66,28.35,1 oz
LAMB,"LAMB,DOM,COMP OF RTL CUTS,LN&FAT,1/8""FAT,CHOIC,CKD",0.0,96,0,0.0,271,25.51,0.0,55.82,7.63,1.29,7.45,18.01,250.0,"1 piece, cooked, excluding refuse (yield from 1 lb raw meat with refuse)"
LAMB,"LAMB,DOM,FORESHANK,LN&FAT,1/8""FAT,CHOIC,RAW",0.0,72,0,0.0,201,18.91,0.0,67.01,5.49,1.06,5.83,13.38,28.35,1 oz
LAMB,"LAMB,DOM,FORESHANK,LN&FAT,1/8""FAT,CKD,BRSD",0.0,106,0,0.0,243,28.37,0.0,56.8,5.68,0.97,5.63,13.46,148.0,"1 piece, cooked, excluding refuse (yield from 1 lb raw meat with refuse)"
LAMB,"LAMB,DOM,LEG,WHL (SHK&SIRL),LN&FAT,1/8""FAT,CHOIC,RAW",0.0,68,0,0.0,209,18.47,0.0,66.38,5.91,1.15,6.21,14.42,28.35,1 oz
LAMB,"LAMB,DOM,LEG,WHL (SHK&SIRL),LN&FAT,1/8""FAT,CHOIC,CKD,RSTD",0.0,92,0,0.0,242,26.2,0.0,58.99,6.12,1.02,5.92,14.42,260.0,"1 piece, cooked, excluding refuse (yield from 1 lb raw meat with refuse)"
LAMB,"LAMB,DOM,LEG,SHANK HALF,LN&FAT,1/8""FAT,CHOIC,RAW",0.0,67,0,0.0,185,18.99,0.0,68.73,4.7,0.93,4.88,11.5,28.35,1 oz
LAMB,"LAMB,DOM,LEG,SHANK HALF,LN&FAT,1/8""FAT,CHOIC,CKD,RSTD",0.0,90,0,0.0,217,26.73,0.0,61.43,4.86,0.8,4.6,11.4,267.0,"1 piece, cooked, excluding refuse (yield from 1 lb raw meat with refuse)"
LAMB,"LAMB,DOM,LEG,SIRLOIN HALF,LN&FAT,1/8""FAT,CHOIC,RAW",0.0,71,0,0.0,261,17.21,0.0,61.32,8.54,1.64,9.12,20.8,28.35,1 oz
LAMB,"LAMB,DOM,LEG,SIRLOIN HALF,LN&FAT,1/8""FAT,CHOIC,CKD,RSTD",0.0,96,0,0.0,284,24.95,0.0,54.85,8.3,1.42,8.26,19.67,260.0,"1 piece, cooked, excluding refuse (yield from 1 lb raw meat with refuse)"
LAMB,"LAMB,DOM,LOIN,LN&FAT,1/8""FAT,CHOIC,RAW",0.0,72,0,0.0,279,17.18,0.0,59.55,9.34,1.79,9.95,22.75,28.35,1 oz
LAMB,"LAMB,DOM,LOIN,LN&FAT,1/8""FAT,CHOIC,CKD,BRLD",0.0,99,0,0.0,297,26.06,0.0,53.31,8.69,1.48,8.65,20.61,85.0,3 oz
LAMB,"LAMB,DOM,LOIN,LN&FAT,1/8""FAT,CHOIC,CKD,RSTD",0.0,93,0,0.0,290,23.27,0.0,54.33,8.65,1.69,9.08,21.12,265.0,"1 piece, cooked, excluding refuse (yield from 1 lb raw meat with refuse)"
LAMB,"LAMB,DOM,RIB,LN&FAT,1/8""FAT,CHOIC,RAW",0.0,74,0,0.0,342,15.32,0.0,53.68,12.6,2.42,13.43,30.71,28.35,1 oz
LAMB,"LAMB,DOM,RIB,LN&FAT,1/8""FAT,CHOIC,CKD,BRLD",0.0,98,0,0.0,340,23.06,0.0,49.03,10.97,2.17,11.36,26.82,222.0,"1 piece, cooked, excluding refuse (yield from 1 lb raw meat with refuse)"
LAMB,"LAMB,DOM,RIB,LN&FAT,1/8""FAT,CHOIC,CKD,RSTD",0.0,96,0,0.0,341,21.82,0.0,49.59,11.59,1.99,11.66,27.53,248.0,"1 piece, cooked, excluding refuse (yield from 1 lb raw meat with refuse)"
LAMB,"LAMB,DOM,SHLDR,WHL (ARM&BLD),LN&FAT,1/8""FAT,CHOIC,RAW",0.0,71,0,0.0,244,17.07,0.0,63.36,7.76,1.52,8.1,18.96,28.35,1 oz
LAMB,"LAMB,DOM,SHLDR,WHL (ARM&BLD),LN&FAT,1/8""FAT,CHOIC,CKD,BRSD",0.0,117,0,0.0,338,29.46,0.0,45.46,9.72,1.88,9.71,23.57,213.0,"1 piece, cooked, excluding refuse (yield from 1 lb raw meat with refuse)"
LAMB,"LAMB,DOM,SHLDR,WHL (ARM&BLD),LN&FAT,1/8""FAT,CHOIC,CKD,BRLD",0.0,95,0,0.0,268,23.84,0.0,56.7,7.75,1.34,7.53,18.39,242.0,"1 piece, cooked, excluding refuse (yield from 1 lb raw meat with refuse)"
LAMB,"LAMB,DOM,SHLDR,WHL (ARM&BLD),LN&FAT,1/8""FAT,CHOIC,CKD,RSTD",0.0,91,0,0.0,269,22.7,0.0,56.98,7.79,1.56,7.98,19.08,263.0,"1 piece, cooked, excluding refuse (yield from 1 lb raw meat with refuse)"
LAMB,"LAMB,DOM,SHLDR,ARM,LN&FAT,1/8""FAT,CHOIC,RAW",0.0,70,0,0.0,244,17.19,0.0,63.3,7.77,1.5,8.24,18.94,28.35,1 oz
LAMB,"LAMB,DOM,SHLDR,ARM,LN&FAT,1/8""FAT,CHOIC,CKD,BRSD",0.0,120,0,0.0,337,31.1,0.0,44.92,9.63,1.6,9.21,22.65,85.0,3 oz
LAMB,"LAMB,DOM,SHLDR,ARM,LN&FAT,1/8""FAT,CKD,BRLD",0.0,96,0,0.0,269,24.91,0.0,55.77,7.38,1.46,7.66,18.05,85.0,3 oz
LAMB,"LAMB,DOM,SHLDR,ARM,LN&FAT,1/8""FAT,CHOIC,RSTD",0.0,91,0,0.0,267,22.93,0.0,57.07,7.68,1.5,8.04,18.75,284.0,"1 piece, cooked, excluding refuse (yield from 1 lb raw meat with refuse)"
LAMB,"LAMB,DOM,SHLDR,BLADE,LN&FAT,1/8""FAT,CHOIC,RAW",0.0,71,0,0.0,244,17.01,0.0,63.39,7.76,1.54,8.04,18.97,28.35,1 oz
LAMB,"LAMB,DOM,SHLDR,BLADE,LN&FAT,1/8""FAT,CHOIC,CKD,BRSD",0.0,116,0,0.0,339,28.92,0.0,45.65,9.74,1.97,9.88,23.88,207.0,"1 piece, cooked, excluding refuse (yield from 1 lb raw meat with refuse)"
LAMB,"LAMB,DOM,SHLDR,BLADE,LN&FAT,1/8""FAT,CHOIC,CKD,BRLD",0.0,95,0,0.0,267,23.48,0.0,57.01,7.88,1.3,7.49,18.5,250.0,"1 piece, cooked, excluding refuse (yield from 1 lb raw meat with refuse)"
LAMB,"LAMB,DOM,SHLDR,BLADE,LN&FAT,1/8""FAT,CHOIC,CKD,RSTD",0.0,92,0,0.0,270,22.62,0.0,56.95,7.83,1.58,7.96,19.19,256.0,"1 piece, cooked, excluding refuse (yield from 1 lb raw meat with refuse)"
LAMB,"LAMB,NZ,IMP,FRZ,COMP OF RTL CUTS,LN&FAT,1/8""FAT,RAW",0.0,77,0,0.0,232,17.95,0.0,64.03,6.6,0.75,8.64,17.2,28.35,1 oz
LAMB,"LAMB,NZ,IMP,FRZ,COMP OF RTL CUTS,LN&FAT,1/8""FAT,CKD",0.0,106,0,0.0,270,25.26,0.0,54.8,6.96,0.88,8.76,17.98,242.0,"1 piece, cooked, excluding refuse (yield from 1 lb raw meat with refuse)"
LAMB,"LAMB,NZ,IMP,FRZ,FORESHANK,LN&FAT,1/8""FAT,RAW",0.0,71,0,0.0,223,18.04,0.0,66.02,6.19,0.7,8.18,16.15,28.35,1 oz
LAMB,"LAMB,NZ,IMP,FRZ,FORESHANK,LN&FAT,1/8""FAT,CKD,BRSD",0.0,102,0,0.0,258,26.97,0.0,56.76,6.1,0.73,7.82,15.83,168.0,"1 piece, cooked, excluding refuse (yield from 1 lb raw meat with refuse)"
LAMB,"LAMB,NZ,IMP,FRZ,LEG,WHL (SHK&SIRL),LN&FAT,1/8""FAT,RAW",0.0,75,0,0.0,201,18.76,0.0,67.05,5.13,0.59,6.67,13.37,28.35,1 oz
LAMB,"LAMB,NZ,IMP,FRZ,LEG,WHL (SHK&SIRL),LN&FAT,1/8""FAT,CKD,RSTD",0.0,101,0,0.0,234,25.34,0.0,59.01,5.4,0.68,6.75,13.95,253.0,"1 piece, cooked, excluding refuse (yield from 1 lb raw meat with refuse)"
LAMB,"LAMB,NZ,IMP,FRZ,LOIN,LN&FAT,1/8""FAT,RAW",0.0,82,0,0.0,273,17.18,0.0,59.95,8.47,0.95,11.23,22.1,28.35,1 oz
LAMB,"LAMB,NZ,IMP,FRZ,LOIN,LN&FAT,1/8""FAT,CKD,BRLD",0.0,113,0,0.0,296,24.41,0.0,52.17,8.2,0.99,10.56,21.28,85.0,3 oz
LAMB,"LAMB,NZ,IMP,FRZ,RIB,LN&FAT,1/8""FAT,RAW",0.0,80,0,0.0,311,15.87,0.0,56.61,10.35,1.16,13.7,27.0,28.35,1 oz
LAMB,"LAMB,NZ,IMP,FRZ,RIB,LN&FAT,1/8""FAT,CKD,RSTD",0.0,99,0,0.0,317,19.86,0.0,52.47,9.93,1.19,12.82,25.74,233.0,"1 piece, cooked, excluding refuse (yield from 1 lb raw meat with refuse)"
LAMB,"LAMB,NZ,IMP,FRZ,SHLDR,WHL (ARM&BLD),LN&FAT,1/8""FAT,RAW",0.0,74,0,0.0,251,17.19,0.0,62.0,7.57,0.86,9.9,19.74,28.35,1 oz
LAMB,"LAMB,NZ,IMP,FRZ,SHLDR,WHL (ARM&BLD),LN&FAT,1/8""FAT,CKD,BRSD",0.0,123,0,0.0,342,29.43,0.0,43.73,9.37,1.25,11.5,24.03,233.0,"1 piece, cooked, excluding refuse (yield from 1 lb raw meat with refuse)"
GAME MEAT,"GAME MEAT,BISON,TOP SIRLOIN,LN,0""FAT,RAW",0.0,71,0,0.0,113,21.4,0.0,74.4,0.986,0.217,0.885,2.4,28.35,1 oz
GAME MEAT,"GAME MEAT,BISON,RIBEYE,LN,0""FAT,RAW",0.0,62,0,0.0,116,22.1,0.0,74.0,0.996,0.192,0.898,2.4,28.35,1 oz
GAME MEAT,"GAME MEAT,BISON,SHLDR CLOD,LN,0""FAT,RAW",0.0,66,0,0.0,109,21.1,0.0,75.4,0.861,0.217,0.749,2.1,28.35,1 oz
VEAL,"VEAL,BREAST,FAT,CKD",0.0,95,0,0.0,521,9.4,0.0,36.15,26.41,2.865,21.407,53.35,28.35,1 oz
VEAL,"VEAL,BREAST,WHL,BNLESS,LN&FAT,RAW",0.0,71,0,0.0,208,17.47,0.0,67.67,7.164,0.952,5.896,14.75,28.35,1 oz
VEAL,"VEAL,BREAST,WHL,BNLESS,LN&FAT,CKD,BRSD",0.0,113,0,0.0,266,26.97,0.0,55.95,8.012,1.12,6.55,16.77,283.0,"1 piece, cooked, excluding refuse (yield from 1 lb raw meat with refuse)"
VEAL,"VEAL,BREAST,PLATE HALF,BNLESS,LN&FAT,CKD,BRSD",0.0,112,0,0.0,282,25.93,0.0,54.77,9.107,1.224,7.434,18.95,291.0,"1 piece, cooked, excluding refuse (yield from 1 lb raw meat with refuse)"
VEAL,"VEAL,BREAST,POINT HALF,BNLESS,LN&FAT,CKD,BRSD",0.0,114,0,0.0,248,28.23,0.0,57.36,6.698,0.996,5.489,14.16,274.0,"1 piece, cooked, excluding refuse (yield from 1 lb raw meat with refuse)"
VEAL,"VEAL,BREAST,WHL,BNLESS,LN,CKD,BRSD",0.0,116,0,0.0,218,30.32,0.0,59.72,4.508,0.788,3.72,9.8,237.0,"1 piece, cooked, excluding refuse (yield from 1 lb raw meat with refuse)"
VEAL,"VEAL,SHANK (FORE&HIND),LN&FAT,RAW",0.0,75,0,0.0,113,19.15,0.0,76.92,1.257,0.363,1.06,3.48,28.35,1 oz
VEAL,"VEAL,SHANK (FORE&HIND),LN&FAT,CKD,BRSD",0.0,124,0,0.0,191,31.54,0.0,61.74,2.339,0.541,2.078,6.2,194.0,"1 piece, cooked, excluding refuse (yield from 1 lb raw meat with refuse)"
VEAL,"VEAL,SHANK (FORE&HIND),LN,RAW",0.0,75,0,0.0,108,19.28,0.0,77.45,0.982,0.334,0.738,2.83,28.35,1 oz
VEAL,"VEAL,SHANK (FORE&HIND),LN,CKD,BRSD",0.0,126,0,0.0,177,32.22,0.0,62.98,1.546,0.458,1.14,4.33,223.0,"1 piece, cooked, excluding refuse (yield from 1 lb raw meat with refuse)"
LAMB,"LAMB,AUS,IMP,FRSH,COMP OF RTL CUTS,LN&FAT,1/8""FAT,RAW",0.0,66,0,0.0,229,17.84,0.0,64.93,6.91,0.718,8.189,16.97,28.35,1 oz
LAMB,"LAMB,AUS,IMP,FRSH,COMP OF RTL CUTS,LN&FAT,1/8""FAT,CKD",0.0,87,0,0.0,256,24.52,0.0,58.71,6.711,0.66,7.94,16.82,270.0,"1 piece, cooked, excluding refuse (yield from 1 lb raw meat with refuse)"
LAMB,"LAMB,AUS,IMP,FRSH,COMP OF RTL CUTS,LN,1/8""FAT,RAW",0.0,64,0,0.0,142,20.25,0.0,73.22,2.53,0.276,2.54,6.18,28.35,1 oz
LAMB,"LAMB,AUS,IMP,FRSH,COMP OF RTL CUTS,LN,1/8""FAT,CKD",0.0,87,0,0.0,201,26.71,0.0,63.75,3.857,0.418,4.048,9.63,236.0,"1 piece, cooked, excluding refuse (yield from 1 lb raw meat with refuse)"
LAMB,"LAMB,AUS,IMP,FRSH,FAT,RAW",0.0,77,0,0.0,648,6.27,0.0,25.08,27.975,2.844,35.353,68.87,28.35,1 oz
LAMB,"LAMB,AUS,IMP,FRSH,FAT,CKD",0.0,83,0,0.0,639,9.42,0.0,24.0,26.377,2.331,34.751,66.4,248.0,"1 piece, cooked, excluding refuse (yield from 1 lb raw meat with refuse)"
LAMB,"LAMB,AUS,IMP,FRSH,FORESHANK,LN&FAT,1/8""FAT,RAW",0.0,67,0,0.0,195,18.85,0.0,68.31,5.293,0.596,5.981,12.68,28.35,1 oz
LAMB,"LAMB,AUS,IMP,FRSH,FORESHANK,LN&FAT,1/8""FAT,CKD,BRSD",0.0,91,0,0.0,236,24.78,0.0,60.47,5.959,0.601,6.794,14.44,211.0,"1 piece, cooked, excluding refuse (yield from 1 lb raw meat with refuse)"
LAMB,"LAMB,AUS,IMP,FRSH,FORESHANK,LN,1/8""FAT,RAW",0.0,66,0,0.0,123,20.83,0.0,75.13,1.712,0.241,1.344,3.81,28.35,1 oz
LAMB,"LAMB,AUS,IMP,FRSH,FORESHANK,LN,1/8""FAT,CKD,BRSD",0.0,92,0,0.0,165,27.5,0.0,66.93,2.338,0.294,1.884,5.22,180.0,"1 piece, cooked, excluding refuse (yield from 1 lb raw meat with refuse)"
LAMB,"LAMB,AUS,IMP,FRSH,LEG,WHL (SHK&SIRL),LN&FAT,1/8""FAT,RAW",0.0,66,0,0.0,215,18.24,0.0,66.33,6.226,0.657,7.288,15.19,28.35,1 oz
LAMB,"LAMB,AUS,IMP,FRSH,LEG,WHL (SHK&SIRL),LN&FAT,1/8""FAT,CKD,RSTD",0.0,88,0,0.0,244,25.16,0.0,59.65,6.087,0.615,7.091,15.13,284.0,"1 piece, cooked, excluding refuse (yield from 1 lb raw meat with refuse)"
LAMB,"LAMB,AUS,IMP,FRSH,LEG,WHL (SHK&SIRL),LN,1/8""FAT,RAW",0.0,64,0,0.0,135,20.46,0.0,73.98,2.19,0.251,2.081,5.23,28.35,1 oz
LAMB,"LAMB,AUS,IMP,FRSH,LEG,WHL (SHK&SIRL),LN,1/8""FAT,CKD,RSTD",0.0,89,0,0.0,190,27.31,0.0,64.54,3.304,0.38,3.297,8.1,251.0,"1 piece, cooked, excluding refuse (yield from 1 lb raw meat with refuse)"
LAMB,"LAMB,AUS,IMP,FRSH,LEG,SHANK HALF,LN&FAT,1/8""FAT,RAW",0.0,66,0,0.0,201,18.59,0.0,67.64,5.549,0.57,6.389,13.48,28.35,1 oz
LAMB,"LAMB,AUS,IMP,FRSH,LEG,SHANK HALF,LN&FAT,1/8""FAT,CKD,RSTD",0.0,83,0,0.0,231,25.25,0.0,60.82,5.554,0.563,6.341,13.69,277.0,"1 piece, cooked, excluding refuse (yield from 1 lb raw meat with refuse)"
LAMB,"LAMB,AUS,IMP,FRSH,LEG,SHANK HALF,LN,1/8""FAT,RAW",0.0,64,0,0.0,133,20.45,0.0,74.08,2.157,0.246,2.008,5.1,28.35,1 oz
LAMB,"LAMB,AUS,IMP,FRSH,LEG,SHANK HALF,LN,1/8""FAT,CKD,RSTD",0.0,83,0,0.0,182,27.18,0.0,65.3,3.021,0.348,2.918,7.27,246.0,"1 piece, cooked, excluding refuse (yield from 1 lb raw meat with refuse)"
LAMB,"LAMB,AUS,IMP,FRSH,LEG,SIRLOIN HALF,BNLESS,LN&FAT,1/8""FAT,RAW",0.0,66,0,0.0,254,17.25,0.0,62.63,8.101,0.823,9.754,20.0,28.35,1 oz
LAMB,"LAMB,AUS,IMP,FRSH,LEG,SIRL HLF,BNLESS,LN&FT,1/8""FAT,CKD,RSTD",0.0,102,0,0.0,281,24.88,0.0,56.2,7.658,0.771,9.245,19.38,306.0,"1 piece, cooked, excluding refuse (yield from 1 lb raw meat with refuse)"
LAMB,"LAMB,AUS,IMP,FRSH,LEG,SIRLOIN HALF,BNLESS,LN,1/8""FAT,RAW",0.0,63,0,0.0,138,20.48,0.0,73.68,2.293,0.267,2.308,5.64,28.35,1 oz
LAMB,"LAMB,AUS,IMP,FRSH,LEG,SIRL HALF,BNLESS,LN,1/8""FAT,CKD,RSTD",0.0,105,0,0.0,215,27.75,0.0,62.18,4.182,0.482,4.508,10.65,259.0,"1 piece, cooked, excluding refuse (yield from 1 lb raw meat with refuse)"
LAMB,"LAMB,AUS,IMP,FRSH,LEG,SIRL CHOPS,BNLESS,LN&FAT,1/8""FAT,RAW",0.0,66,0,0.0,208,18.33,0.0,66.86,5.878,0.649,6.898,14.38,28.35,1 oz
LAMB,"LAMB,AUS,IMP,FRSH,LEG,SIRL CHPS,BNLESS,LN&FT,1/8""FT,CKD,BRLD",0.0,85,0,0.0,235,25.75,0.0,59.95,5.567,0.595,6.414,13.83,85.0,3 oz
LAMB,"LAMB,AUS,IMP,FRSH,LEG,SIRLOIN CHOPS,BNLESS,LN,1/8""FAT,RAW",0.0,64,0,0.0,132,20.43,0.0,74.13,2.034,0.267,1.948,4.91,28.35,1 oz
LAMB,"LAMB,AUS,IMP,FRSH,LEG,SIRL CHOPS,BNLESS,LN,1/8""FAT,CKD,BRLD",0.0,85,0,0.0,188,27.63,0.0,64.08,3.177,0.396,3.159,7.8,85.0,3 oz
LAMB,"LAMB,AUS,IMP,FRSH,LEG,CNTR SLICE,BONE-IN,LN&FAT,1/8""FAT,RAW",0.0,65,0,0.0,195,19.17,0.0,68.46,5.146,0.591,5.813,12.56,28.35,1 oz
LAMB,"LAMB,AUS,IMP,FRSH,LEG,CNTR SLCE,BNE-IN,LN&FT,1/8""FT,CKD,BRLD",0.0,85,0,0.0,215,25.54,0.0,61.99,4.755,0.526,5.32,11.78,85.0,3 oz
LAMB,"LAMB,AUS,IMP,FRSH,LEG,CNTR SLICE,BONE-IN,LN,1/8""FAT,RAW",0.0,64,0,0.0,143,20.65,0.0,73.45,2.519,0.331,2.413,6.08,28.35,1 oz
LAMB,"LAMB,AUS,IMP,FRSH,LEG,CNTR SLICE,BONE-IN,LN,1/8""FAT,CKD,BRLD",0.0,85,0,0.0,183,26.75,0.0,64.85,3.129,0.39,3.111,7.68,85.0,3 oz
LAMB,"LAMB,AUS,IMP,FRSH,LOIN,LN&FAT,1/8""FAT,RAW",0.0,66,0,0.0,203,19.32,0.0,66.8,5.374,0.54,6.401,13.38,28.35,1 oz
LAMB,"LAMB,AUS,IMP,FRSH,LOIN,LN&FAT,1/8""FAT,CKD,BRLD",0.0,82,0,0.0,219,25.49,0.0,62.0,4.888,0.486,5.572,12.25,85.0,3 oz
LAMB,"LAMB,AUS,IMP,FRSH,LOIN,LN,1/8""FAT,RAW",0.0,64,0,0.0,146,21.0,0.0,72.17,2.463,0.261,2.673,6.24,28.35,1 oz
LAMB,"LAMB,AUS,IMP,FRSH,LOIN,LN,1/8""FAT,CKD,BRLD",0.0,81,0,0.0,192,26.53,0.0,64.45,3.499,0.367,3.687,8.75,85.0,3 oz
LAMB,"LAMB,AUS,IMP,FRSH,RIB,LN&FAT,1/8""FAT,RAW",0.0,68,0,0.0,289,16.46,0.0,59.01,9.765,0.985,11.925,24.2,28.35,1 oz
LAMB,"LAMB,AUS,IMP,FRSH,RIB,LN&FAT,1/8""FAT,CKD,RSTD",0.0,80,0,0.0,277,22.24,0.0,57.53,7.94,0.728,9.734,20.21,286.0,"1 piece, cooked, excluding refuse (yield from 1 lb raw meat with refuse)"
LAMB,"LAMB,AUS,IMP,FRSH,RIB,LN,1/8""FAT,RAW",0.0,66,0,0.0,160,20.12,0.0,71.17,3.242,0.32,3.533,8.2,28.35,1 oz
LAMB,"LAMB,AUS,IMP,FRSH,RIB,LN,1/8""FAT,CKD,RSTD",0.0,80,0,0.0,210,24.63,0.0,63.78,4.503,0.429,5.072,11.6,241.0,"1 piece, cooked, excluding refuse (yield from 1 lb raw meat with refuse)"
LAMB,"LAMB,AUS,IMP,FRSH,SHLDR,WHL (ARM&BLD),LN&FAT,1/8""FAT,RAW",0.0,66,0,0.0,256,16.68,0.0,62.7,8.284,0.84,9.907,20.47,28.35,1 oz
LAMB,"LAMB,AUS,IMP,FRSH,SHLDR,WHL (ARM&BLD),LN&FAT,1/8""FAT,CKD",0.0,89,0,0.0,296,23.58,0.0,55.31,8.537,0.822,10.324,21.65,262.0,"1 piece, cooked, excluding refuse (yield from 1 lb raw meat with refuse)"
LAMB,"LAMB,AUS,IMP,FRSH,SHLDR,WHL (ARM&BLD),LN,1/8""FAT,RAW",0.0,64,0,0.0,155,19.36,0.0,72.39,3.214,0.323,3.355,8.01,28.35,1 oz
LAMB,"LAMB,AUS,IMP,FRSH,SHLDR,WHL (ARM&BLD),LN,1/8""FAT,CKD",0.0,91,0,0.0,233,26.18,0.0,61.05,5.264,0.546,5.843,13.44,222.0,"1 piece, cooked, excluding refuse (yield from 1 lb raw meat with refuse)"
LAMB,"LAMB,AUS,IMP,FRSH,SHLDR,ARM,LN&FAT,1/8""FAT,RAW",0.0,65,0,0.0,243,17.06,0.0,63.82,7.697,0.777,9.125,18.89,28.35,1 oz
LAMB,"LAMB,AUS,IMP,FRSH,SHLDR,ARM,LN&FAT,1/8""FAT,CKD,BRSD",0.0,106,0,0.0,311,29.7,0.0,51.03,8.173,0.83,9.696,20.38,85.0,3 oz
LAMB,"LAMB,AUS,IMP,FRSH,SHLDR,ARM,LN,1/8""FAT,RAW",0.0,62,0,0.0,137,19.88,0.0,73.95,2.424,0.27,2.335,5.81,28.35,1 oz
LAMB,"LAMB,AUS,IMP,FRSH,SHLDR,ARM,LN,1/8""FAT,CKD,BRSD",0.0,111,0,0.0,238,34.17,0.0,56.98,4.16,0.499,4.173,10.23,85.0,3 oz
LAMB,"LAMB,AUS,IMP,FRSH,SHLDR,BLADE,LN&FAT,1/8""FAT,RAW",0.0,67,0,0.0,262,16.48,0.0,62.13,8.579,0.864,10.3,21.28,28.35,1 oz
LAMB,"LAMB,AUS,IMP,FRSH,SHLDR,BLADE,LN&FAT,1/8""FAT,CKD,BRLD",0.0,84,0,0.0,291,21.71,0.0,56.63,8.644,0.82,10.51,22.03,273.0,"1 piece, cooked, excluding refuse (yield from 1 lb raw meat with refuse)"
LAMB,"LAMB,AUS,IMP,FRSH,SHLDR,BLADE,LN,1/8""FAT,RAW",0.0,64,0,0.0,164,19.1,0.0,71.62,3.611,0.357,3.883,9.09,28.35,1 oz
LAMB,"LAMB,AUS,IMP,FRSH,SHLDR,BLADE,LN,1/8""FAT,CKD,BRLD",0.0,85,0,0.0,231,23.83,0.0,62.25,5.589,0.559,6.334,14.38,233.0,"1 piece, cooked, excluding refuse (yield from 1 lb raw meat with refuse)"
GAME MEAT BISON,"GAME MEAT BISON,GROUND,RAW",0.0,70,0,0.0,223,18.67,0.0,64.25,0.0,0.0,0.0,15.93,85.0,"1 serving,  ( 3 oz )"
GAME MEAT,"GAME MEAT,BISON,GROUND,CKD,PAN-BROILED",0.0,83,0,0.0,238,23.77,0.0,59.53,0.0,0.0,0.0,15.13,87.29,"1 patty,  ( yield from 112.7 g raw meat )"
GAME MEAT BISON,"GAME MEAT BISON,TOP SIRLOIN,LN,1"" STEAK,CKD,BRLD",0.0,86,0,0.0,171,28.05,0.0,65.1,2.206,0.266,2.412,5.65,194.46,"1 steak,  ( yield from 309.7 g raw meat )"
GAME MEAT,"GAME MEAT,BISON,CHUCK,SHLDR CLOD,LN,3-5 LB RST,CKD,BRSD",0.0,111,0,0.0,193,33.78,0.0,60.48,2.122,0.255,2.32,5.43,773.57,"1 roast,  ( yield from 1247 g raw meat )"
GAME MEAT,"GAME MEAT,BISON,CHUCK,SHLDR CLOD,LN,3-5 LB RST,RAW",0.0,64,0,0.0,119,21.12,0.0,75.5,1.23,0.148,1.345,3.15,1237.38,1 roast
GAME MEAT,"GAME MEAT,BISON,RIBEYE,LN,1"" STEAK,CKD,BRLD",0.0,79,0,0.0,177,29.45,0.0,64.48,2.213,0.266,2.419,5.67,178.54,"1 steak,  ( yield from 232.8 g raw meat )"
GAME MEAT,"GAME MEAT,BISON,TOP RND,LN,1"" STEAK,CKD,BRLD",0.0,85,0,0.0,174,30.18,0.0,65.08,1.79,0.215,1.957,4.96,180.4,1 steak
GAME MEAT,"GAME MEAT,BISON,TOP RND,LN,1"" STEAK,RAW",0.0,65,0,0.0,122,23.32,0.0,73.95,0.95,0.114,1.039,2.43,489.3,1 steak
GAME MEAT,"GAME MEAT,ELK,GROUND,RAW",0.0,66,0,0.0,172,21.76,0.0,68.84,2.507,0.415,3.469,8.82,102.23,"1 patty,  ( yield from 102.2 g raw meat )"
GAME MEAT,"GAME MEAT,ELK,GROUND,CKD,PAN-BROILED",0.0,78,0,0.0,193,26.64,0.0,64.14,2.757,0.412,4.002,8.74,95.28,"1 patty,  ( yield from 104.1 g raw meat )"
GAME MEAT,"GAME MEAT,ELK,LOIN,LN,CKD,BRLD",0.0,75,0,0.0,167,31.0,0.0,64.5,1.092,0.181,1.511,3.84,113.52,"1 steak,  ( yield from 148.1 g raw meat )"
GAME MEAT,"GAME MEAT,ELK,RND,LN,CKD,BRLD",0.0,78,0,0.0,156,30.94,0.0,65.43,0.75,0.124,1.037,2.64,175.6,"1 steak,  ( yield from 233.1 g raw meat )"
GAME MEAT,"GAME MEAT,ELK,TENDERLOIN,LN,CKD,BRLD",0.0,72,0,0.0,162,30.76,0.0,64.93,0.97,0.161,1.342,3.41,92.49,"1 steak,  ( yield from 123.5 g raw meat )"
GAME MEAT,"GAME MEAT,DEER,GROUND,RAW",0.0,80,88,0.0,157,21.78,0.0,71.15,1.344,0.394,3.361,7.13,0.0,
GAME MEAT,"GAME MEAT,DEER,GROUND,CKD,PAN-BROILED",0.0,98,102,0.0,187,26.45,0.0,64.23,1.939,0.444,3.993,8.22,92.66,1 patty
GAME MEAT,"GAME MEAT,DEER,LOIN,LN,1"" STEAK,CKD,BRLD",0.0,79,113,0.0,150,30.2,0.0,67.07,0.351,0.103,0.878,2.38,54.37,1 steak
GAME MEAT,"GAME MEAT,DEER,SHLDR CLOD,LN,3-5 LB RST,CKD,BRSD",0.0,113,134,0.0,191,36.28,0.0,59.78,0.783,0.23,1.959,3.95,292.98,1 roast
GAME MEAT,"GAME MEAT,DEER,TENDERLOIN,LN,0.5-1 LB RST,CKD,BRLD",0.0,88,0,0.0,149,29.9,0.0,67.2,0.554,0.127,1.142,2.35,202.07,"1 roast,  ( yield from 271.8 g raw meat )"
GAME MEAT,"GAME MEAT,DEER,TOP RND,LN,1"" STEAK,CKD,BRLD",0.0,85,0,0.0,152,31.47,0.0,66.1,0.412,0.121,1.03,1.92,101.9,"1 steak,  ( yield from 134.9 g raw meat )"
BAGEL,"BAGEL,PLN,TSTD, ENR W/CA PROP(INCLUDE ONION,POPPY,SESAME)",50.5,0,15,2.200000048,257,10.02,5.050000191,36.28,0.521,0.64,0.393,1.62,28.35,1 oz
BAGELS,"BAGELS,PLN,TSTD,ENR W/CA PROP (INCLUDES ONION,POPPY,SESAME)",57.11,0,16,2.599999905,288,11.14,5.820000172,28.27,0.418,0.944,0.283,1.72,28.35,1 oz
BAGELS,"BAGELS,EGG",53.0,24,0,2.299999952,278,10.6,0.0,32.7,0.42,0.642,0.421,2.1,26.0,"1 bagel,  mini (2-1/2"" dia)"
BAGELS,"BAGELS,CINNAMON-RAISIN",55.2,0,15,2.299999952,273,9.8,5.980000019,32.0,0.175,0.671,0.274,1.7,28.35,1 oz
BAGELS,"BAGELS,CINNAMON-RAISIN,TSTD",59.3,0,16,2.5,294,10.6,6.429999828,26.9,0.188,0.722,0.295,1.8,28.35,1 oz
BAGELS,"BAGELS,OAT BRAN",53.3,0,15,3.599999905,255,10.7,1.629999995,32.9,0.249,0.486,0.191,1.2,28.35,1 oz
BISCUITS,"BISCUITS,PLN OR BTTRMLK,COMMLY BKD",48.5,1,9,1.299999952,365,6.2,3.480000019,26.7,6.906,6.209,2.49,16.5,28.35,1 oz
BISCUITS,"BISCUITS,PLN OR BTTRMLK,DRY MIX",63.3,2,11,2.099999905,428,8.0,11.64999962,9.2,8.584,2.011,3.965,15.4,120.0,"1 cup,  purchased"
BISCUITS,"BISCUITS,PLN OR BTTRMLK,DRY MIX,PREP",48.4,4,0,1.799999952,335,7.3,0.0,28.9,4.206,4.305,2.789,12.1,28.35,1 oz
BISCUITS,"BISCUITS,PLN OR BTTRMLK,REFR DOUGH,LOWER FAT",47.6,0,19,1.600000024,257,6.7,7.0,37.9,2.405,0.671,1.113,4.5,28.35,1 oz
BISCUITS,"BISCUITS,PLN OR BTTRMLK,REFR DOUGH,LOWER FAT,BKD",55.4,0,20,1.899999976,300,7.8,8.140000343,27.7,2.797,0.78,1.294,5.2,28.35,1 oz
BISCUIT,"BISCUIT, PLN OR BUTMLK, REFRI DOUGH, HIGHER FAT",43.27,1,0,0.699999988,322,6.66,7.400000095,33.15,8.226,0.854,3.519,13.63,28.35,1 oz
BISCUITS,"BISCUITS,PLN OR BTTRMLK,REFR DOUGH,HIGHER FAT,BKD",46.63,1,20,0.899999976,352,7.38,8.020000458,27.33,8.963,0.937,3.823,15.09,28.35,1 oz
BISCUITS,"BISCUITS,PLN OR BTTRMLK,PREP FROM RECIPE",44.6,3,0,1.5,353,7.0,2.180000067,28.9,6.93,4.163,4.324,16.3,28.35,1 oz
BISCUITS,"BISCUITS,MXD GRAIN,REFR DOUGH",47.4,0,0,0.0,263,6.1,0.0,37.8,2.932,0.88,1.366,5.6,28.35,1 oz
BREAD,"BREAD,BANANA,PREP FROM RECIPE,MADE W/MARGARINE",54.6,43,0,1.100000024,326,4.3,0.0,29.2,4.48,3.13,2.237,10.5,28.35,1 oz
BREAD,"BREAD,BOSTON BROWN,CANNED",43.3,1,24,4.699999809,195,5.2,2.420000076,47.2,0.207,0.564,0.282,1.5,28.35,1 oz
BREAD,"BREAD,CORNBREAD,DRY MIX,ENR (INCL CORN MUFFIN MIX)",69.5,2,7,6.5,418,7.0,20.34000015,7.8,6.719,1.682,3.091,12.2,28.35,1 oz
BREAD,"BREAD,CORNBREAD,DRY MIX,PREP",48.1,61,0,2.400000095,314,7.2,0.0,31.9,5.14,1.224,2.739,10.0,28.35,1 oz
BREAD,"BREAD,CORNBREAD,PREP FROM RECIPE,MADE W/LOFAT (2%) MILK",43.5,40,0,0.0,266,6.7,0.0,39.1,1.83,3.206,1.555,7.1,28.35,1 oz
BREAD,"BREAD,CRACKED-WHEAT",49.5,0,0,5.5,260,8.7,0.0,35.8,1.902,0.682,0.916,3.9,28.35,1 oz
BREAD,"BREAD,EGG",47.8,51,84,2.299999952,283,9.5,1.779999971,34.7,2.302,1.106,1.593,6.0,28.35,1 oz
BREAD,"BREAD,EGG,TOASTED",52.6,56,92,2.5,315,10.5,1.940000057,28.3,2.989,1.149,1.616,6.6,28.35,1 oz
BREAD,"BREAD, FRENCH OR VIENNA (INCLUDES SOURDOUGH)",56.44,0,15,2.400000095,289,11.75,2.559999943,27.81,0.347,0.787,0.497,1.83,32.0,"1 slice,  small (2"" x 2-1/2"" x 1-3/4"")"
BREAD,"BREAD, FRENCH OR VIENNA, TSTD (IND SOURDOUGH)",61.93,0,18,3.099999905,319,13.0,3.589999914,20.61,0.386,0.83,0.502,2.14,29.0,"1 slice,  small"
BREAD,"BREAD,IRISH SODA,PREP FROM RECIPE",56.0,18,0,2.599999905,290,6.6,0.0,30.1,1.999,1.478,1.111,5.0,28.35,1 oz
BREAD,"BREAD,ITALIAN",50.0,0,15,2.700000048,271,8.8,0.829999983,35.7,0.812,1.39,0.855,3.5,28.35,1 oz
BREAD,"BREAD,MULTI-GRAIN (INCLUDES WHOLE-GRAIN)",43.34,0,26,7.400000095,265,13.36,6.389999866,36.94,0.76,1.872,0.872,4.23,28.35,1 oz
BREAD,"BREAD,MULTI-GRAIN,TSTD (INCLUDES WHOLE-GRAIN)",47.11,0,29,8.100000381,288,14.52,6.940000057,31.46,0.826,2.035,0.948,4.6,28.35,1 oz
BREAD,"BREAD,OAT BRAN",39.8,0,15,4.5,236,10.4,7.699999809,44.0,1.59,1.694,0.697,4.4,28.35,1 oz
BREAD,"BREAD,OAT BRAN,TOASTED",43.7,0,16,4.900000095,259,11.4,8.460000038,38.5,1.748,1.861,0.766,4.8,28.35,1 oz
BREAD,"BREAD,OATMEAL",48.5,0,15,4.0,269,8.4,8.140000343,36.7,1.578,1.702,0.703,4.4,28.35,1 oz
BREAD,"BREAD,OATMEAL,TOASTED",52.7,0,16,4.300000191,292,9.2,8.840000153,31.2,1.715,1.85,0.764,4.8,28.35,1 oz
BREAD,"BREAD,PITA,WHITE,ENRICHED",55.7,0,15,2.200000048,275,9.1,1.299999952,32.1,0.105,0.535,0.166,1.2,60.0,"1 pita,  large (6-1/2"" dia)"
BREAD,"BREAD,PITA,WHOLE-WHEAT",55.0,0,26,7.400000095,266,9.8,0.819999993,30.6,0.349,1.055,0.41,2.6,64.0,"1 pita,  large (6-1/2"" dia)"
BREAD,"BREAD,PROT (INCL GLUTEN)",43.8,0,19,3.0,245,12.1,1.440000057,40.0,0.183,1.009,0.332,2.2,28.35,1 oz
BREAD,"BREAD,PUMPERNICKEL",47.5,0,15,6.5,250,8.7,0.529999971,37.9,0.932,1.237,0.437,3.1,28.35,1 oz
BREAD,"BREAD,PUMPERNICKEL,TSTD",52.2,0,16,7.099999905,275,9.5,0.579999983,31.8,1.024,1.359,0.481,3.4,28.35,1 oz
BREAD,"BREAD,RAISIN,ENRICHED",52.3,0,15,4.300000191,274,7.9,5.679999828,33.6,2.294,0.679,1.081,4.4,28.35,1 oz
BREAD,"BREAD,RAISIN,TSTD,ENR",56.9,0,16,4.699999809,297,8.6,6.179999828,27.8,2.494,0.738,1.175,4.8,28.35,1 oz
BREAD,"BREAD,RED-CAL,OAT BRAN",41.3,0,15,12.0,201,8.0,3.519999981,46.0,0.684,1.67,0.445,3.2,28.35,1 oz
BREAD,"BREAD,RED-CAL,OAT BRAN,TSTD",49.2,0,16,14.30000019,239,9.5,4.199999809,35.7,0.814,1.988,0.53,3.8,28.35,1 oz
BREAD,"BREAD,RED-CAL,OATMEAL",43.3,0,0,0.0,210,7.6,0.0,44.0,0.822,1.351,0.599,3.5,28.35,1 oz
BREAD,"BREAD,REDUCED-CALORIE,RYE",40.5,0,15,12.0,203,9.1,2.289999962,46.0,0.672,0.752,0.368,2.9,28.35,1 oz
BREAD,"BREAD,RED-CAL,WHEAT",43.6,0,19,12.0,198,9.1,3.069999933,43.2,0.252,0.969,0.344,2.3,28.35,1 oz
BREAD,"BREAD,RED-CAL,WHITE",44.3,0,15,9.699999809,207,8.7,4.760000229,42.9,1.077,0.559,0.549,2.5,28.35,1 oz
BREAD,"BREAD,RICE BRAN",43.5,0,15,4.900000095,243,8.9,4.670000076,41.0,1.654,1.76,0.709,4.6,28.35,1 oz
BREAD,"BREAD,RYE",48.3,0,15,5.800000191,258,8.5,3.849999905,37.3,1.311,0.799,0.626,3.3,28.35,1 oz
BREAD,"BREAD,RYE,TOASTED",53.1,0,16,6.400000095,284,9.4,4.230000019,31.0,1.44,0.879,0.688,3.6,28.35,1 oz
BREAD,"BREAD,WHEAT",47.51,0,19,3.599999905,266,10.91,5.75,35.74,0.835,1.435,0.803,3.64,28.35,1 oz
BREAD,"BREAD, WHEAT, TSTD",55.77,0,22,4.699999809,313,12.96,6.420000076,24.23,1.019,1.72,0.989,4.27,28.35,1 oz
BREAD,"BREAD,WHEAT BRAN",47.8,0,19,4.0,248,8.8,9.680000305,37.8,1.618,0.649,0.779,3.4,28.35,1 oz
BREAD,"BREAD,WHEAT GERM",48.3,0,19,2.099999905,261,9.6,3.730000019,37.1,1.275,0.668,0.657,2.9,28.35,1 oz
BREAD,"BREAD,WHITE,COMMLY PREP (INCL SOFT BREAD CRUMBS)",50.61,0,15,2.400000095,266,7.64,4.309999943,36.44,0.681,1.355,0.717,3.29,45.0,"1 cup, crumbs"
BREAD,"BREAD,WHITE,COMMLY PREP,TSTD",54.4,1,16,2.5,293,9.0,4.739999771,30.4,0.796,2.09,0.578,4.0,45.0,"1 cup, crumbs"
BREAD,"BREAD,WHITE,PREP FROM RECIPE,MADE W/NONFAT DRY MILK",53.6,0,0,2.0,274,7.7,0.0,34.8,0.527,1.401,0.391,2.6,28.35,1 oz
BREAD,"BREAD,WHITE,PREP FROM RECIPE,MADE W/LOFAT (2%) MILK",49.6,3,0,2.0,285,7.9,0.0,35.3,1.298,2.781,1.178,5.7,28.35,1 oz
BREAD,"BREAD,WHOLE-WHEAT,COMM. PREPARED",41.29,0,26,6.800000191,247,12.95,5.570000172,38.58,1.597,0.6,0.747,3.35,28.35,1 oz
BREAD,"BREAD, WHOLE-WHEAT, COMMER PREP, TOASTED",51.16,0,33,9.199999809,306,16.27,5.769999981,24.25,1.972,0.74,0.922,4.07,28.35,1 oz
BREAD,"BREAD,WHOLE-WHEAT,PREP FROM RECIPE",51.4,0,26,6.0,278,8.4,3.839999914,32.7,1.158,2.939,0.796,5.4,28.35,1 oz
BREAD,"BREAD,WHOLE-WHEAT,PREP FROM RECIPE,TSTD",56.4,0,29,6.699999809,305,9.2,4.21999979,26.0,1.272,3.23,0.874,5.9,28.35,1 oz
BREAD CRUMBS,"BREAD CRUMBS,DRY,GRATED,PLN",71.98,0,15,4.5,395,13.35,6.199999809,6.51,1.023,2.06,1.203,5.3,108.0,1 cup
BREAD STICKS,"BREAD STICKS,PLAIN",68.4,0,15,3.0,412,12.0,1.25999999,6.1,3.568,3.628,1.41,9.5,46.0,"1 cup, small pieces"
BREAD STUFFING,"BREAD STUFFING,BREAD,DRY MIX",76.2,1,15,3.200000048,386,11.0,8.270000458,4.2,1.493,0.713,0.845,3.4,28.35,1 oz
BREAD STUFFING,"BREAD STUFFING,BREAD,DRY MIX,PREP",21.7,0,5,2.900000095,177,3.2,2.109999895,64.8,3.808,2.604,1.734,8.6,28.35,1 oz
BREAD STUFFING,"BREAD STUFFING,CORNBREAD,DRY MIX",76.7,0,9,14.30000019,389,10.0,4.769999981,4.6,1.662,1.073,0.922,4.2,28.35,1 oz
BREAD STUFFING,"BREAD STUFFING,CORNBREAD,DRY MIX,PREP",21.9,0,4,2.900000095,179,2.9,3.920000076,64.9,3.856,2.706,1.755,8.8,28.35,1 oz
CAKE,"CAKE,ANGELFOOD,COMMLY PREP",57.8,0,0,1.5,258,5.9,0.0,33.2,0.071,0.367,0.121,0.8,28.35,"1 piece,  (1/12 of 12 oz cake)"
CAKE,"CAKE,ANGELFOOD,DRY MIX",85.1,0,2,0.300000012,373,8.9,44.20000076,2.8,0.038,0.18,0.063,0.4,28.35,1 oz
CAKE,"CAKE,ANGELFOOD,DRY MIX,PREP",58.7,0,1,0.200000003,257,6.1,30.51000023,32.9,0.026,0.124,0.043,0.3,50.0,"1 piece,  (1/12 of 10"" dia)"
CAKE,"CAKE,BOSTON CRM PIE,COMMLY PREP",42.9,37,17,1.399999976,252,2.4,36.11000061,45.4,4.544,1.009,2.445,8.5,28.35,1 oz
CAKE,"CAKE,CARROT,DRY MIX,PUDDING-TYPE",79.2,0,0,0.0,415,5.1,0.0,3.6,4.036,3.702,1.472,9.8,28.35,1 oz
CAKE,"CAKE,CHERRY FUDGE W/CHOC FRSTNG",38.0,42,25,1.200000048,264,2.4,32.93999863,46.1,4.4,2.34,5.066,12.5,28.35,1 oz
CAKE,"CAKE,CHOC,COMMLY PREP W/CHOC FRSTNG",54.6,42,0,2.799999952,367,4.1,0.0,22.9,8.76,1.845,4.771,16.4,28.35,1 oz
CAKE,"CAKE,CHOC,DRY MIX,PUDDING-TYPE",78.7,0,4,3.5,396,4.6,46.00999832,3.9,3.688,2.985,1.923,9.2,28.35,1 oz
CAKE,"CAKE,CHOC,DRY MIX,REG",73.0,0,4,2.400000095,428,5.9,38.29999924,3.1,6.31,5.044,3.264,15.6,28.35,1 oz
CAKE,"CAKE,CHOC,PREP FROM RECIPE WO/FRSTNG",53.4,58,128,1.600000024,371,5.3,0.0,24.4,6.039,2.761,5.43,15.1,1137.0,"1 cake,  2-layer (8"" or 9"" dia)"
CAKE,"CAKE,WHITE,PREP FROM RECIPE W/COCNT FRSTNG",63.2,1,6,1.0,356,4.4,57.38999939,20.7,3.692,2.162,3.897,10.3,28.35,1 oz
COFFEECAKE,"COFFEECAKE,CHEESE",44.3,85,0,1.0,339,7.0,0.0,32.2,7.129,1.645,5.391,15.2,28.35,1 oz
COFFEECAKE,"COFFEECAKE,CINN W/CRUMB TOPPING,COMMLY PREP,ENR",46.7,32,0,2.0,418,6.8,0.0,21.9,12.976,3.12,5.797,23.3,28.35,1 oz
COFFEECAKE,"COFFEECAKE,CREME-FILLED W/CHOC FRSTNG",53.8,69,0,2.0,331,5.0,0.0,29.1,5.664,1.465,2.833,10.8,28.35,1 oz
COFFEECAKE,"COFFEECAKE,FRUIT",51.5,7,0,2.5,311,5.2,0.0,31.7,5.557,1.473,2.495,10.2,28.35,1 oz
COFFEECAKE,"COFFEECAKE,CINN W/CRUMB TOPPING,DRY MIX",77.7,0,5,1.799999952,436,4.8,42.52000046,3.3,5.172,3.204,2.957,12.0,28.35,1 oz
COFFEECAKE,"COFFEECAKE,CINN W/CRUMB TOPPING,DRY MIX,PREP",52.8,49,28,1.200000048,318,5.5,29.53000069,30.5,3.851,3.165,1.855,9.6,28.35,1 oz
CAKE,"CAKE,FRUITCAKE,COMMLY PREP",61.6,5,9,3.700000048,324,2.9,29.84000015,25.3,4.2,3.323,1.048,9.1,28.35,1 oz
CAKE,"CAKE,GERMAN CHOC,DRY MIX,PUDDING-TYPE",80.1,0,4,3.5,401,4.0,49.54000092,3.6,3.781,1.823,3.205,9.5,28.35,1 oz
CAKE,"CAKE,GINGERBREAD,DRY MIX",74.6,0,11,1.700000048,437,4.4,46.61999893,4.4,7.791,1.804,3.46,13.8,28.35,1 oz
CAKE,"CAKE,GINGERBREAD,PREP FROM RECIPE",49.2,32,0,0.0,356,3.9,0.0,28.0,7.124,4.216,4.122,16.4,28.35,1 oz
CAKE,"CAKE,MARBLE,DRY MIX,PUDDING-TYPE",79.3,0,3,2.900000095,416,3.4,57.59000015,3.1,4.75,3.779,2.45,11.7,28.35,1 oz
CAKE,"CAKE,PNAPPL UPSIDE-DOWN,PREP FROM RECIPE",50.5,22,0,0.800000012,319,3.5,0.0,32.3,5.194,3.282,2.915,12.1,28.35,1 oz
CAKE,"CAKE,POUND,COMMLY PREP,BUTTER",48.8,221,0,0.5,388,5.5,0.0,24.6,5.9,1.067,11.559,19.9,30.0,"1 piece,  (1/10 of cake)"
CAKE,"CAKE,POUND,COMMLY PREP,OTHER THAN ALL BUTTER,ENR",52.5,58,0,1.0,389,5.2,0.0,23.1,9.935,2.251,4.647,17.9,30.0,"1 piece,  (1/10 of 10.6 oz cake)"
CAKE,"CAKE,SHORTCAKE,BISCUIT-TYPE,PREP FROM RECIPE",48.5,3,0,0.0,346,6.1,0.0,28.4,6.045,3.632,3.772,14.2,28.35,1 oz
Cake,"Cake, snack cakes, creme-filled, chocolate with frosting",60.31,0,21,3.200000048,399,3.63,37.75999832,18.57,8.525,1.822,4.884,15.93,28.35,1 oz
CAKE,"CAKE,SNACK CAKES,CREME-FILLED,SPONGE",64.03,41,38,1.0,374,3.47,37.29999924,19.6,4.906,1.86,4.139,11.54,28.35,1 oz
CAKE,"CAKE,WHITE,DRY MIX,SPL DIETARY (INCL LEMON-FLAVORED)",79.6,0,0,0.0,397,3.0,0.0,6.0,3.48,3.183,1.251,8.4,28.35,1 oz
CAKE,"CAKE,SPONGE,COMMLY PREP",61.1,102,55,0.5,289,5.4,36.65999985,29.7,0.949,0.448,0.802,2.7,28.35,1 oz
CAKE,"CAKE,SPONGE,PREP FROM RECIPE",57.7,170,0,0.0,297,7.3,0.0,29.4,1.576,0.649,1.301,4.3,28.35,1 oz
CAKE,"CAKE,WHITE,DRY MIX,PUDDING-TYPE,ENR",81.0,0,6,0.699999988,423,3.9,48.95000076,3.5,4.092,2.544,2.34,9.5,28.35,1 oz
CAKE,"CAKE,WHITE,DRY MIX,REG",78.0,0,6,0.899999976,426,4.5,54.50999832,4.0,4.585,4.101,1.643,10.9,28.35,1 oz
CAKE,"CAKE,WHITE,PREP FROM RECIPE WO/FRSTNG",57.2,2,6,0.800000012,357,5.4,35.49000168,23.3,5.309,3.148,3.269,12.4,887.0,"1 cake,  2-layer (8"" or 9"" dia)"
CAKE,"CAKE,YEL,COMMLY PREP,W/CHOC FRSTNG",55.4,55,0,1.799999952,379,3.8,0.0,21.9,9.593,2.113,4.656,17.4,28.35,1 oz
CAKE,"CAKE,YEL,COMMLY PREP,W/VANILLA FRSTNG",58.8,55,36,0.300000012,373,3.5,0.0,22.1,6.107,5.15,2.371,14.5,28.35,1 oz
CAKE,"CAKE,YEL,DRY MIX,PUDDING-TYPE",79.9,0,7,0.699999988,423,4.0,44.20999908,4.0,5.496,1.295,2.472,9.8,28.35,1 oz
CAKE,"CAKE,YEL,DRY MIX,REG,ENR",78.1,2,7,1.100000024,432,4.4,43.33000183,3.7,4.86,4.378,1.738,11.6,28.35,1 oz
CAKE,"CAKE,YEL,PREP FROM RECIPE WO/FRSTNG",53.0,54,0,0.699999988,361,5.3,0.0,25.1,6.229,3.57,3.924,14.6,817.0,"1 cake,  2-layer (8"" dia)"
No Category,CHEESECAKE COMMLY PREP,25.5,55,0,0.400000006,321,5.5,0.0,45.6,8.634,1.602,9.921,22.5,28.35,1 oz
CHEESECAKE PREP FROM MIX,"CHEESECAKE PREP FROM MIX,NO-BAKE TYPE",35.5,29,0,1.899999976,274,5.5,0.0,44.2,4.519,0.808,6.691,12.7,28.35,1 oz
COOKIES,"COOKIES,ANIMAL CRACKERS (INCL ARROWROOT,TEA BISCUITS,)",74.1,0,9,1.100000024,446,6.9,13.93000031,3.9,7.666,1.873,3.463,13.8,28.35,1 oz
COOKIES,"COOKIES,BROWNIES,COMMLY PREP",63.9,17,10,2.099999905,405,4.8,36.61000061,13.6,8.965,2.259,4.235,16.3,28.35,1 oz
COOKIES,"COOKIES,BROWNIES,DRY MIX,REG",76.6,0,0,0.0,434,4.0,0.0,2.8,5.158,6.373,2.519,14.9,28.35,1 oz
COOKIES,"COOKIES,BROWNIES,PREP FROM RECIPE",50.2,73,0,0.0,466,6.2,0.0,12.6,10.839,9.412,7.319,29.1,28.35,1 oz
COOKIES,"COOKIES,BUTTER,COMMLY PREP,ENR",68.9,117,6,0.800000012,467,6.1,20.23999977,4.6,5.522,0.982,11.051,18.8,28.35,1 oz
COOKIES,"COOKIES,FUDGE,CAKE-TYPE (INCL TROLLEY CAKES)",78.3,0,0,2.799999952,349,5.0,0.0,11.8,1.813,0.466,1.112,3.7,28.35,1 oz
COOKIES,"COOKIES,CHOCOLATE WAFERS",72.4,2,15,3.400000095,433,6.6,29.65999985,4.5,4.865,4.153,4.241,14.2,112.0,"1 cup, crumbs"
COOKIES,"COOKIES,CHOC CHIP,COMMLY PREP,REG,LOWER FAT",73.3,0,0,3.599999905,453,5.8,0.0,4.1,6.095,4.649,3.81,15.4,28.35,1 oz
COOKIES,"COOKIES,CHOC CHIP,COMMLY PREP,REG,HIGHER FAT,ENR",63.86,0,17,2.400000095,474,5.12,35.13999939,6.48,7.279,2.681,9.949,23.31,12.21,"1 cookie,  (average weight of 1 cookie, variety of brands)"
COOKIES,"COOKIES,CHOC CHIP,COMMLY PREP,SOFT-TYPE",65.05,0,0,2.400000095,454,4.9,37.84999847,8.35,7.279,2.681,9.949,20.62,12.21,"1 cookie,  (average weight of 1 cookie)"
COOKIES,"COOKIES,CHOC CHIP,DRY MIX",66.1,0,0,0.0,497,4.6,0.0,3.0,13.077,2.62,8.316,25.2,28.35,1 oz
COOKIES,"COOKIES,CHOC CHIP,REFR DOUGH",61.4,24,0,1.5,443,4.4,0.0,12.7,10.414,2.172,6.729,20.4,29.0,"1 portion,  dough spoon from roll"
COOKIES,"COOKIES,CHOC CHIP,REFR DOUGH,BKD",68.2,27,0,1.700000048,492,4.9,0.0,3.0,11.258,2.319,7.759,22.6,28.35,1 oz
COOKIES,"COOKIES,CHOC CHIP,PREP FROM RECIPE,MADE W/MARGARINE",58.4,32,0,2.799999952,488,5.7,0.0,5.7,10.377,8.41,8.074,28.3,28.35,1 oz
COOKIES,"COOKIES,CHOC SNDWCH,W/CREME FILLING,REG",70.67,0,3,2.799999952,469,5.61,41.00999832,2.2,8.503,3.554,6.375,19.78,11.54,1 cookie
COOKIES,"COOKIES,CHOC SNDWCH,W/CREME FILLING,REG,CHOCOLATE-COATED",66.1,0,21,5.199999809,481,3.6,63.40000153,2.0,14.584,3.001,7.426,26.4,28.35,1 oz
COOKIES,"COOKIES,CHOC SNDWCH,W/EX CREME FILLING",68.2,0,3,2.700000048,497,4.33,46.0,1.65,16.076,2.471,5.454,24.52,28.35,1 oz
COOKIES,"COOKIES,COCNT MACAROONS,PREP FROM RECIPE",72.2,0,8,1.799999952,404,3.6,70.65000153,10.6,0.549,0.141,11.236,12.7,28.35,1 oz
COOKIES,"COOKIES,FIG BARS",70.9,0,15,4.599999905,348,3.7,46.36000061,16.5,3.003,2.772,1.123,7.3,28.35,1 oz
COOKIES,"COOKIES,FORTUNE",84.0,2,6,1.600000024,378,4.2,45.41999817,8.0,1.345,0.466,0.669,2.7,28.35,1 oz
COOKIES,"COOKIES,GINGERSNAPS",76.9,0,9,2.200000048,416,5.6,19.92000008,5.3,5.365,1.372,2.451,9.8,28.35,1 oz
COOKIES,"COOKIES,GRAHAM CRACKERS,PLN OR HONEY (INCL CINN)",76.8,0,22,2.799999952,423,6.9,31.10000038,4.4,4.086,3.832,1.519,10.1,84.0,"1 cup, crushed"
COOKIES,"COOKIES,GRAHAM CRACKERS,CHOCOLATE-COATED",66.5,0,22,3.099999905,484,5.8,41.56000137,2.6,7.687,1.038,13.38,23.2,28.35,1 oz
COOKIES,"COOKIES,LADYFINGERS,W/LEMON JUC&RIND",59.7,221,92,1.0,365,10.6,25.38999939,19.5,4.253,1.611,3.477,9.1,28.35,1 oz
COOKIES,"COOKIES,MARSHMLLW,CHOCOLATE-COATED (INCL MARSHMLLW PIES)",67.7,0,14,2.0,421,4.0,44.79999924,10.1,9.345,1.943,4.722,16.9,28.35,1 oz
COOKIES,"COOKIES,MOLASSES",73.8,0,8,1.0,430,5.6,17.60000038,5.8,7.13,1.729,3.212,12.8,28.35,1 oz
COOKIES,"COOKIES,OATMEAL,COMMLY PREP,REG",68.7,0,12,2.799999952,450,6.2,24.65999985,5.7,10.025,2.543,4.519,18.1,28.35,1 oz
COOKIES,"COOKIES,OATMEAL,COMMLY PREP,SOFT-TYPE",65.7,5,0,2.700000048,409,6.1,0.0,11.0,7.988,2.204,3.63,14.7,28.35,1 oz
COOKIES,"COOKIES,OATMEAL,DRY MIX",67.3,0,0,0.0,462,6.5,0.0,5.3,10.567,2.792,4.755,19.2,28.35,1 oz
COOKIES,"COOKIES,OATMEAL,REFR DOUGH",59.1,24,0,2.5,424,5.4,0.0,15.3,10.531,2.592,4.751,18.9,28.35,1 oz
COOKIES,"COOKIES,OATMEAL,REFR DOUGH,BKD",65.7,26,0,2.799999952,471,6.0,0.0,5.8,11.729,2.976,5.339,21.0,28.35,1 oz
COOKIES,"COOKIES,OATMEAL,PREP FROM RECIPE,W/RAISINS",68.4,33,0,0.0,435,6.5,0.0,6.4,6.888,5.034,3.232,16.2,28.35,1 oz
COOKIES,"COOKIES,PNUT BUTTER,COMMLY PREP,REG",58.9,1,16,1.799999952,477,9.6,31.82999992,6.1,12.368,5.518,4.485,23.6,28.35,1 oz
COOKIES,"COOKIES,PNUT BUTTER,COMMLY PREP,SOFT-TYPE",57.7,0,0,1.700000048,457,5.3,0.0,11.5,13.844,3.181,6.149,24.4,28.35,1 oz
COOKIES,"COOKIES,PNUT BUTTER,REFR DOUGH",52.1,27,0,1.100000024,458,8.2,0.0,12.6,13.124,4.787,5.791,25.0,28.35,1 oz
COOKIES,"COOKIES,PNUT BUTTER,REFR DOUGH,BKD",57.3,30,0,1.200000048,503,9.1,0.0,4.0,14.526,4.889,6.199,27.5,28.35,1 oz
COOKIES,"COOKIES,PNUT BUTTER,PREP FROM RECIPE",58.9,31,0,0.0,475,9.0,0.0,5.9,10.832,7.223,4.438,23.8,28.35,1 oz
COOKIES,"COOKIES,PNUT BUTTER SNDWCH,REG",65.6,0,19,1.899999976,478,8.8,35.43999863,2.8,11.191,3.795,4.995,21.1,28.35,1 oz
COOKIES,"COOKIES,RAISIN,SOFT-TYPE",68.0,2,15,1.200000048,401,4.1,47.56000137,13.1,7.649,1.756,3.46,13.6,28.35,1 oz
COOKIES,"COOKIES,SHORTBREAD,COMMLY PREP,PLN",64.5,20,14,1.799999952,502,6.1,15.07999992,3.7,13.42,3.233,6.106,24.1,28.35,1 oz
COOKIES,"COOKIES,SHORTBREAD,COMMLY PREP,PECAN",58.3,33,0,1.799999952,542,4.9,0.0,3.3,18.628,4.122,8.204,32.5,28.35,1 oz
COOKIES,"COOKIES,BROWNIES,DRY MIX,SPL DIETARY",80.4,0,3,4.199999809,426,2.9,0.0,3.5,5.233,4.577,2.018,12.5,28.35,1 oz
COOKIES,"COOKIES,BROWNIES,DRY MIX,SPL DIETARY,PREP",71.3,0,3,3.700000048,384,3.8,0.090000004,13.0,4.573,0.806,5.096,11.1,28.35,1 oz
COOKIES,"COOKIES,CHOC CHIP,COMMLY PREP,SPL DIETARY",73.4,0,7,1.600000024,450,3.9,39.81000137,5.1,6.73,5.035,4.183,16.8,28.35,1 oz
COOKIES,"COOKIES,CHOC SNDWCH,W/CREME FILLING,SPL DIETARY",67.7,0,6,4.099999905,461,4.5,23.53000069,4.2,9.228,7.94,3.825,22.1,28.35,1 oz
COOKIES,"COOKIES,OATMEAL,COMMLY PREP,SPL DIETARY",69.9,0,12,2.900000095,449,4.8,31.64999962,6.5,7.55,6.784,2.693,18.0,28.35,1 oz
COOKIES,"COOKIES,PNUT BUTTER SNDWCH,SPL DIETARY",50.8,0,0,0.0,535,10.0,0.0,3.7,15.391,12.026,4.937,34.0,28.35,1 oz
COOKIES,"COOKIES,SUGAR WAFERS W/CREME FILLING,SPL DIETARY",66.0,0,0,0.0,502,3.1,0.0,4.4,10.932,9.684,3.829,25.7,28.35,1 oz
COOKIES,"COOKIES,SUGAR,COMMLY PREP,SPL DIETARY",76.8,0,5,0.899999976,431,4.1,34.16999817,5.7,5.243,4.755,1.872,13.0,28.35,1 oz
COOKIES,"COOKIES,SUGAR,COMMLY PREP,REG (INCL VANILLA)",67.9,51,29,0.800000012,478,5.1,37.70000076,4.8,11.836,2.66,5.435,21.1,28.35,1 oz
COOKIES,"COOKIES,SUGAR,REFR DOUGH",59.0,29,9,0.699999988,436,4.2,21.55999947,14.5,11.761,2.62,5.265,20.7,17.0,"1 cookie,  dough for 1rolled cookie"
COOKIES,"COOKIES,SUGAR,REFR DOUGH,BKD",65.6,32,9,0.800000012,484,4.7,23.95999908,5.0,13.01,2.891,5.906,23.1,15.0,"1 cookie,  1 rolled cookie dough"
COOKIES,"COOKIES,SUGAR,PREP FROM RECIPE,MADE W/MARGARINE",60.0,26,27,1.200000048,472,5.9,24.86000061,8.9,10.189,7.29,4.69,23.4,28.35,1 oz
COOKIES,"COOKIES,SUGAR WAFERS W/CREME FILLING,REG",70.1,0,4,0.600000024,511,4.1,35.43999863,1.0,10.331,9.158,3.622,24.3,28.35,1 oz
COOKIES,"COOKIES,VANILLA SNDWCH W/CREME FILLING",72.1,0,4,1.5,483,4.5,39.29999924,2.2,8.437,7.551,2.979,20.0,28.35,1 oz
PUFF PASTRY,"PUFF PASTRY,FRZ,RTB,BKD",45.7,0,6,1.5,558,7.4,0.75,7.4,8.828,22.228,5.502,38.5,28.35,1 oz
COOKIES,"COOKIES,VANILLA WAFERS,LOWER FAT",73.6,51,28,1.899999976,441,5.0,37.5,5.1,6.544,3.887,3.838,15.2,80.0,"1 cup, crumbs"
COOKIES,"COOKIES,VANILLA WAFERS,HIGHER FAT",71.1,0,0,2.0,473,4.3,0.0,4.2,11.076,2.437,4.936,19.4,28.35,1 oz
CRACKERS,"CRACKERS,CHEESE,REGULAR",58.2,13,9,2.400000095,503,10.1,0.280000001,3.1,12.105,2.472,9.371,25.3,62.0,"1 cup, bite size"
CRACKERS,"CRACKERS,CHS,SANDWICH-TYPE W/PNUT BUTTER FILLING",56.74,0,25,3.400000095,496,12.41,6.980000019,3.28,13.003,5.093,4.406,25.12,39.0,6 cracker
CRACKERS,"CRACKERS,CRISPBREAD,RYE",82.2,0,20,16.5,366,7.9,1.070000052,6.1,0.165,0.557,0.145,1.3,55.0,"1 cup, crushed"
CRACKERS,"CRACKERS,MATZO,PLAIN",83.7,0,11,3.0,395,10.0,0.289999992,4.3,0.127,0.603,0.226,1.4,28.35,1 matzo
CRACKERS,"CRACKERS,MATZO,EGG",78.6,83,0,2.799999952,391,12.3,0.0,6.4,0.612,0.473,0.548,2.1,28.35,1 matzo
CRACKERS,"CRACKERS,MATZO,WHOLE-WHEAT",78.9,0,0,11.80000019,351,13.1,0.0,4.8,0.194,0.653,0.243,1.5,28.35,1 matzo
CRACKERS,"CRACKERS,MELBA TOAST,PLN",76.6,0,20,6.300000191,390,12.1,0.939999998,5.1,0.782,1.282,0.445,3.2,30.0,"1 cup, pieces"
CRACKERS,"CRACKERS,MELBA TOAST,RYE (INCL PUMPERNICKEL)",77.3,0,0,8.0,389,11.6,0.0,4.9,0.907,1.347,0.453,3.4,14.18,.5 oz
CRACKERS,"CRACKERS,MELBA TOAST,WHEAT",76.4,0,0,7.400000095,374,12.9,0.0,5.5,0.544,0.91,0.337,2.3,14.18,.5 oz
CRACKERS,"CRACKERS,MILK",69.7,11,13,1.899999976,455,7.6,16.44000053,4.7,6.479,5.749,2.633,15.8,11.0,1 cracker
CRACKERS,"CRACKERS,RUSK TOAST",72.3,78,0,0.0,407,13.5,0.0,5.5,2.755,2.31,1.376,7.2,10.0,1 rusk
CRACKERS,"CRACKERS,RYE,SANDWICH-TYPE W/CHS FILLING",60.8,9,0,3.599999905,481,9.2,0.0,3.8,12.236,2.863,5.987,22.3,14.18,.5 oz
CRACKERS,"CRACKERS,RYE,WAFERS,PLAIN",80.4,0,20,22.89999962,334,9.6,1.00999999,5.0,0.152,0.397,0.108,0.9,61.0,"1 cup, crushed"
CRACKERS,"CRACKERS,RYE,WAFERS,SEASONED",73.8,0,0,20.89999962,381,9.0,0.0,4.0,3.27,3.608,1.287,9.2,14.18,.5 oz
CRACKERS,"CRACKERS,SALTINES (INCL OYSTER,SODA,SOUP)",74.34,0,20,2.900000095,421,9.5,2.220000029,4.03,2.247,4.068,2.001,8.85,70.0,"1 cup, crushed"
CRACKERS,"CRACKERS,STD SNACK-TYPE,REG",61.37,0,14,2.099999905,504,6.6,7.449999809,3.46,6.652,12.597,5.4,25.83,16.0,"5 crackers, regular size, round (1 serving)"
CRACKERS,"CRACKERS,STD SNACK-TYPE,SNDWCH,W/CHS FILLING",61.7,2,28,1.899999976,477,9.3,3.180000067,3.9,11.254,2.567,6.125,21.1,14.18,.5 oz
CRACKERS,"CRACKERS,STD SNACK-TYPE,SNDWCH,W/PNUT BUTTER FILLING",58.38,0,25,2.299999952,494,11.47,10.5,2.93,13.776,4.655,4.913,24.54,14.18,.5 oz
CRACKERS,"CRACKERS,WHEAT,REGULAR",64.9,0,27,4.5,474,8.6,13.03999996,3.1,11.448,2.796,5.178,20.6,83.0,"1 cup, crushed"
CRACKERS,"CRACKERS,WHEAT,SNDWCH,W/CHS FILLING",58.2,7,0,3.099999905,497,9.8,0.0,3.2,10.351,9.166,4.129,25.0,14.18,.5 oz
CRACKERS,"CRACKERS,WHEAT,SNDWCH,W/PNUT BUTTER FILLING",53.8,0,0,4.400000095,495,13.5,0.0,3.4,11.766,8.862,4.602,26.7,14.18,.5 oz
CRACKERS,"CRACKERS,WHOLE-WHEAT",68.6,0,27,10.5,444,8.8,0.370000005,2.7,5.88,6.596,3.393,17.2,94.0,"1 cup, crushed"
No Category,CRACKER MEAL,80.9,0,20,2.599999905,383,9.3,0.330000013,7.6,0.152,0.722,0.271,1.7,115.0,1 cup
CREAM PUFFS,"CREAM PUFFS,PREP FROM RECIPE,SHELL (INCL ECLAIR)",22.8,196,99,0.800000012,362,9.0,0.430000007,40.5,11.128,7.38,5.599,25.9,28.35,1 oz
CREAM PUFFS,"CREAM PUFFS,PREP FROM RECIPE,SHELL,W/CUSTARD FILLING",22.9,134,69,0.400000006,258,6.7,9.489999771,53.5,6.527,4.156,3.679,15.5,28.35,1 oz
CROISSANTS,"CROISSANTS,BUTTER",45.8,67,39,2.599999905,406,8.2,11.26000023,23.2,5.525,1.094,11.659,21.0,28.35,1 oz
CROISSANTS,"CROISSANTS,APPLE",37.1,31,0,2.5,254,7.4,0.0,45.6,2.393,0.628,4.994,8.7,28.35,1 oz
CROISSANTS,"CROISSANTS,CHEESE",47.0,57,39,2.599999905,414,9.2,11.35000038,21.0,6.509,2.384,10.628,20.9,28.35,1 oz
CROUTONS,"CROUTONS,PLAIN",73.5,0,0,5.099999905,407,11.9,0.0,5.5,3.059,1.273,1.51,6.6,30.0,1 cup
CROUTONS,"CROUTONS,SEASONED",63.5,7,15,5.0,465,10.8,4.409999847,3.6,9.498,2.368,5.247,18.3,40.0,1 cup
DANISH PASTRY,"DANISH PASTRY,CINN,ENR",44.6,21,22,1.299999952,403,7.0,19.78000069,24.3,12.515,2.933,5.681,22.4,28.35,1 oz
DANISH PASTRY,"DANISH PASTRY,CHEESE",37.2,16,22,1.0,374,8.0,6.949999809,31.4,11.313,2.575,6.794,21.9,28.35,1 oz
DANISH PASTRY,"DANISH PASTRY,FRUIT,ENR",47.8,114,22,1.899999976,371,5.4,27.53000069,27.1,10.026,2.364,4.86,18.5,28.35,1 oz
DANISH PASTRY,"DANISH PASTRY,NUT (INCL ALMOND,RAISIN NUT,CINN NUT)",45.7,46,22,2.0,430,7.1,25.87000084,20.4,13.685,4.281,5.821,25.2,28.35,1 oz
Doughnuts,"Doughnuts, cake-type, plain (inc. unsugared, old-fashioned)",45.63,9,37,1.600000024,418,5.87,16.28000069,22.88,12.732,2.659,7.127,23.55,28.35,1 oz
Doughnuts,"Doughnuts, cake-type, plain, chocolate-coated or frosted",51.33,19,29,1.899999976,452,4.93,26.64999962,16.76,8.618,1.96,13.47,25.25,28.35,1 oz
DOUGHNUTS,"DOUGHNUTS,CAKE-TYPE,PLN,SUGARED OR GLAZED",50.8,32,0,1.5,426,5.2,0.0,19.6,12.697,2.909,5.926,22.9,28.35,1 oz
DOUGHNUTS,"DOUGHNUTS,CAKE-TYPE,CHOC,SUGARED OR GLAZED",57.4,57,29,2.200000048,417,4.5,31.92000008,16.3,11.278,2.477,5.132,19.9,28.35,1 oz
DOUGHNUTS,"DOUGHNUTS,CAKE-TYPE,WHEAT,SUGARED OR GLAZED",42.6,20,37,2.200000048,360,6.3,21.57999992,29.8,8.101,7.077,3.023,19.3,28.35,1 oz
DOUGHNUTS,"DOUGHNUTS,FRENCH CRULLERS,GLAZED",59.5,11,29,1.200000048,412,3.1,35.11000061,17.9,10.446,2.285,4.667,18.3,28.35,1 oz
DOUGHNUTS,"DOUGHNUTS,YEAST-LEAVENED,W/CREME FILLING",30.0,24,29,0.800000012,361,6.4,14.55000019,38.2,12.08,3.082,5.43,24.5,28.35,1 oz
DOUGHNUTS,"DOUGHNUTS, YEAST-LEAVENED, GLAZED, ENRICHED (INC HONEY BUNS)",50.64,30,29,2.099999905,399,6.21,19.52000046,22.6,9.96,2.864,5.44,19.1,28.35,1 oz
DOUGHNUTS,"DOUGHNUTS,YEAST-LEAVENED,W/JELLY FILLING",39.0,26,29,0.899999976,340,5.9,21.10000038,35.6,10.226,2.377,4.843,18.7,28.35,1 oz
ECLAIRS,"ECLAIRS,CUSTARD-FILLED W/CHOC GLAZE,PREP FROM RECIPE",24.2,127,80,0.600000024,262,6.4,6.599999905,52.4,6.484,3.948,4.119,15.7,28.35,1 oz
ENGLISH MUFFIN,"ENGLISH MUFFIN, PLN,ENCHED.W/CA PROP (INCLD SOURDOUGH)",44.17,0,14,3.5,227,8.87,3.529999971,43.56,0.383,0.498,0.733,1.69,28.35,1 oz
ENGLISH,"ENGLISH,MUFFIN,PLN,TSTD,ENR,W/CA PROP(INCL SOURDOUGH)",52.65,0,16,2.799999952,270,10.32,3.470000029,32.97,0.478,0.921,0.533,2.02,28.35,1 oz
ENGLISH MUFFINS,"ENGLISH MUFFINS,MIXED-GRAIN (INCL GRANOLA)",46.3,0,14,2.799999952,235,9.1,0.810000002,40.2,0.827,0.559,0.23,1.8,28.35,1 oz
ENGLISH MUFFINS,"ENGLISH MUFFINS,MIXED-GRAIN,TSTD (INCL GRANOLA)",50.3,0,16,3.0,255,9.9,0.879999995,35.0,0.899,0.608,0.25,1.9,28.35,1 oz
ENGLISH MUFFINS,"ENGLISH MUFFINS,RAISIN-CINNAMON (INCLUDES APPLE-CINNAMON)",48.1,0,13,2.599999905,240,7.91,14.76000023,40.6,0.846,0.339,0.54,1.8,28.35,1 oz
ENGLISH MUFFINS,"ENGLISH MUFFINS,RAISIN-CINNAMON,TSTD (INCL APPLE-CINNAMON)",55.04,0,14,3.0,276,8.87,13.34000015,32.07,1.065,0.469,0.579,2.21,28.35,1 oz
ENGLISH MUFFINS,"ENGLISH MUFFINS,WHEAT",44.8,0,14,4.599999905,223,8.7,1.559999943,42.3,0.28,0.834,0.287,2.0,28.35,1 oz
ENGLISH MUFFINS,"ENGLISH MUFFINS,WHEAT,TSTD",48.7,0,16,5.0,243,9.4,1.700000048,37.2,0.305,0.906,0.312,2.1,28.35,1 oz
ENGLISH MUFFINS,"ENGLISH MUFFINS,WHOLE-WHEAT",40.4,0,14,6.699999809,203,8.8,8.090000153,45.7,0.513,0.835,0.334,2.1,28.35,1 oz
ENGLISH MUFFINS,"ENGLISH MUFFINS,WHOLE-WHEAT,TSTD",44.1,0,16,7.300000191,221,9.6,8.789999962,41.0,0.557,0.908,0.363,2.3,28.35,1 oz
FRENCH TOAST,"FRENCH TOAST,FRZ,RTH",32.1,82,0,1.100000024,213,7.4,0.0,52.6,2.04,1.227,1.533,6.1,28.35,1 oz
FRENCH TOAST,"FRENCH TOAST,PREP FROM RECIPE,MADE W/LOFAT (2%) MILK",25.0,116,0,0.0,229,7.7,0.0,54.7,4.524,2.594,2.723,10.8,28.35,1 oz
HUSH PUPPIES,"HUSH PUPPIES,PREP FROM RECIPE",46.0,45,33,2.799999952,337,7.7,2.029999971,29.0,3.263,7.219,2.108,13.5,152.0,1 cup
ICE CRM CONES,"ICE CRM CONES,CAKE OR WAFER-TYPE",79.0,0,9,3.0,417,8.1,6.0,5.3,1.845,3.264,1.222,6.9,28.35,1 oz
ICE CRM CONES,"ICE CRM CONES,SUGAR,ROLLED-TYPE",84.1,0,8,1.700000048,402,7.9,25.65999985,3.0,1.47,1.452,0.573,3.8,28.35,1 oz
MUFFINS,"MUFFINS,PLN,PREP FROM RECIPE,MADE W/LOFAT (2%) MILK",41.4,39,43,2.700000048,296,6.9,0.0,37.7,2.757,5.721,2.156,11.4,28.35,1 oz
MUFFINS,"MUFFINS,BLUEBERRY,COMMLY PREP (INCLUDES MINI-MUFFINS)",49.54,40,52,1.700000048,393,5.28,27.04999924,24.61,5.152,9.703,3.549,19.24,17.22,"1 mini,  miniature (1-1/4"" dia)"
MUFFINS,"MUFFINS,BLUEBERRY,DRY MIX",63.2,0,0,0.0,366,4.9,0.0,20.0,5.507,1.393,2.489,10.0,28.35,1 oz
MUFFINS,"MUFFINS,BLUEBERRY,TOASTER-TYPE",53.3,6,52,1.799999952,313,4.6,4.849999905,30.8,2.162,5.351,1.398,9.5,28.35,1 oz
MUFFINS,"MUFFINS,BLUEBERRY,PREP FROM RECIPE,MADE W/LOFAT (2%) MILK",40.7,37,0,0.0,285,6.5,0.0,39.5,2.596,5.388,2.03,10.8,28.35,1 oz
MUFFINS,"MUFFINS,CORN,COMMLY PREP",50.9,26,52,3.400000095,305,5.9,7.5,32.6,2.104,3.215,1.354,8.4,17.22,1 mini
MUFFINS,"MUFFINS,CORN,DRY MIX,PREP",49.1,62,0,2.400000095,321,7.4,0.0,30.5,5.249,1.25,2.797,10.2,28.35,1 oz
MUFFINS,"MUFFINS,CORN,TOASTER-TYPE",57.9,13,0,1.600000024,346,5.3,0.0,23.6,2.625,6.324,1.681,11.3,28.35,1 oz
MUFFINS,"MUFFINS,CORN,PREP FROM RECIPE,MADE W/LOFAT (2%) MILK",44.2,42,0,0.0,316,7.1,0.0,33.0,3.012,6.162,2.311,12.3,28.35,1 oz
MUFFINS,"MUFFINS,OAT BRAN",48.3,0,7,4.599999905,270,7.0,8.220000267,35.0,1.695,4.129,1.087,7.4,17.22,1 mini
MUFFINS,"MUFFINS,WHEAT BRAN,DRY MIX",73.0,0,0,0.0,396,7.1,0.0,4.8,6.403,1.904,2.939,12.0,28.35,1 oz
MUFFINS,"MUFFINS,WHEAT BRAN,TOASTER-TYPE W/RAISINS",52.2,17,52,7.699999809,295,5.2,13.97999954,31.4,2.036,4.822,1.357,8.8,28.35,1 oz
Pancakes plain,"Pancakes plain, frozen, ready-to-heat (includes buttermilk)",39.29,18,30,2.400000095,225,5.33,9.729999542,48.22,1.891,1.081,0.81,5.17,40.56,1 pancake
PANCAKES,"PANCAKES,PLN,DRY MIX,COMPLETE (INCL BTTRMLK)",71.3,21,0,2.700000048,376,10.1,0.0,8.8,1.71,1.592,0.984,4.9,130.0,"1 cup,  poured from box"
PANCAKES,"PANCAKES,PLN,DRY MIX,COMPLETE,PREP",36.7,12,19,1.299999952,194,5.2,0.0,53.0,0.881,0.82,0.507,2.5,28.35,1 oz
PANCAKES,"PANCAKES,PLN,DRY MIX,INCOMPLETE (INCL BTTRMLK)",73.6,0,8,5.400000095,355,10.0,2.210000038,9.1,0.324,0.726,0.25,1.7,112.0,"1 cup,  poured from box"
PANCAKES,"PANCAKES,PLN,DRY MIX,INCOMPLETE,PREP",28.9,71,0,1.899999976,218,7.8,0.0,52.9,2.07,2.923,2.045,7.7,28.35,1 oz
PANCAKES,"PANCAKES,PLN,PREP FROM RECIPE",28.3,59,0,0.0,227,6.4,0.0,52.9,2.474,4.447,2.122,9.7,28.35,1 oz
PANCAKES,"PANCAKES,BLUEBERRY,PREP FROM RECIPE",29.0,56,0,0.0,222,6.1,0.0,53.2,2.316,4.162,1.986,9.2,28.35,1 oz
PANCAKES,"PANCAKES,BUCKWHEAT,DRY MIX,INCOMPLETE",71.3,0,28,8.5,340,10.9,7.210000038,9.1,0.581,1.0,0.439,2.7,122.0,"1 cup,  poured from box"
PANCAKES,"PANCAKES,SPL DIETARY,DRY MIX",73.9,0,0,0.0,349,8.9,0.0,10.8,0.276,0.611,0.202,1.4,28.35,1 oz
PANCAKES,"PANCAKES,WHOLE-WHEAT,DRY MIX,INCOMPLETE",71.0,0,0,0.0,344,12.8,0.0,8.8,0.279,0.605,0.244,1.5,140.0,"1 cup,  poured from box"
PANCAKES,"PANCAKES,WHOLE-WHEAT,DRY MIX,INCOMPLETE,PREP",29.4,61,0,2.799999952,208,8.5,0.0,52.8,1.742,2.406,1.749,6.5,28.35,1 oz
PIE,"PIE,APPL,COMMLY PREP,ENR FLR",34.0,0,7,1.600000024,237,1.9,15.64999962,52.2,4.388,2.198,3.797,11.0,28.35,1 oz
PIE,"PIE,APPL,PREP FROM RECIPE",37.1,0,0,0.0,265,2.4,0.0,47.3,5.393,3.338,3.05,12.5,28.35,1 oz
PIE,"PIE,BANANA CRM,PREP FROM MIX,NO-BAKE TYPE",31.6,29,0,0.600000024,251,3.4,0.0,50.9,4.559,0.764,6.904,12.9,28.35,1 oz
PIE,"PIE,BANANA CRM,PREP FROM RECIPE",32.9,51,29,0.699999988,269,4.4,12.06000042,47.9,5.719,3.292,3.758,13.6,28.35,1 oz
PIE,"PIE,BLUEBERRY,COMMLY PREP",34.9,0,7,1.0,232,1.8,9.890000343,52.5,4.244,3.524,1.679,10.0,28.35,1 oz
PIE,"PIE,BLUEBERRY,PREP FROM RECIPE",33.5,0,0,0.0,245,2.7,0.0,51.2,5.121,3.08,2.911,11.9,28.35,1 oz
PIE,"PIE,CHERRY,COMMLY PREP",39.8,0,7,0.800000012,260,2.0,14.28999996,46.2,5.837,2.055,2.562,11.0,28.35,1 oz
PIE,"PIE,CHERRY,PREP FROM RECIPE",38.5,0,0,0.0,270,2.8,0.0,45.8,5.314,3.247,2.985,12.2,28.35,1 oz
PIE,"PIE,CHOC CREME,COMMLY PREP",33.6,5,0,2.0,304,2.6,0.0,43.5,11.117,2.398,4.968,19.4,28.35,1 oz
PIE,"PIE,CHOC MOUSSE,PREP FROM MIX,NO-BAKE TYPE",29.6,35,0,0.0,260,3.5,0.0,49.7,5.084,0.814,8.195,15.4,28.35,1 oz
PIE,"PIE,COCNT CREME,COMMLY PREP",37.2,0,8,1.299999952,298,2.1,36.27000046,43.2,7.26,1.544,6.976,16.6,28.35,1 oz
PIE,"PIE,COCNT CRM,PREP FROM MIX,NO-BAKE TYPE",28.5,23,0,0.5,276,2.8,0.0,49.7,6.554,1.217,8.934,17.6,28.35,1 oz
PIE,"PIE,COCNT CUSTARD,COMMLY PREP",30.2,35,0,1.799999952,260,5.9,0.0,49.2,5.495,1.17,5.854,13.2,28.35,1 oz
PIE,"PIE,EGG CUSTARD,COMMLY PREP",20.8,33,38,1.600000024,210,5.5,11.57999992,60.9,4.797,3.723,2.349,11.6,28.35,1 oz
PIE,"PIE,FRIED PIES,FRUIT",42.6,0,7,2.599999905,316,3.0,21.39999962,37.6,7.449,5.376,2.457,16.1,28.35,1 oz
PIE,"PIE,LEMON MERINGUE,COMMLY PREP",47.2,45,6,1.200000048,268,1.5,23.86000061,41.7,2.685,3.648,1.766,8.7,28.35,1 oz
PIE,"PIE,LEMON MERINGUE,PREP FROM RECIPE",39.1,53,0,0.0,285,3.8,0.0,43.3,5.582,3.331,3.185,12.9,28.35,1 oz
PIE,"PIE,MINCE,PREP FROM RECIPE",48.0,0,7,2.599999905,289,2.6,28.30999947,37.4,4.654,2.842,2.682,10.8,28.35,1 oz
PIE,"PIE,PEACH",32.9,0,7,0.800000012,223,1.9,6.190000057,54.4,4.241,3.749,1.508,10.0,28.35,1 oz
PIE,"PIE,PECAN,COMMLY PREP",59.61,42,50,2.099999905,407,4.5,25.18000031,18.25,8.317,3.554,2.654,16.69,28.35,1 oz
PIE,"PIE,PECAN,PREP FROM RECIPE",52.2,87,0,0.0,412,4.9,0.0,19.5,11.181,5.71,3.989,22.2,28.35,1 oz
PIE,"PIE,PUMPKIN,COMMLY PREP",34.83,26,38,1.799999952,243,3.9,18.87999916,50.39,4.6,1.77,1.988,9.75,28.35,1 oz
PIE,"PIE,PUMPKIN,PREP FROM RECIPE",26.4,42,0,0.0,204,4.5,0.0,58.5,3.697,1.81,3.171,9.3,28.35,1 oz
PIE,"PIE,VANILLA CRM,PREP FROM RECIPE",32.6,62,33,0.600000024,278,4.8,12.68000031,47.0,6.043,3.438,4.03,14.4,28.35,1 oz
PIE CRUST,"PIE CRUST,COOKIE-TYPE,PREP FROM RECIPE,GRAHAM CRACKER,BKD",65.2,0,15,1.5,494,4.2,38.34000015,4.2,11.37,6.908,5.196,24.9,210.0,"1 pie shell,  (9"" dia)"
PIE CRUST,"PIE CRUST,STANDARD-TYPE,DRY MIX",52.1,0,0,0.0,518,6.9,0.0,7.6,17.887,3.968,7.974,31.4,28.35,1 oz
PIE CRUST,"PIE CRUST,STANDARD-TYPE,DRY MIX,PREP,BKD",50.4,0,0,1.799999952,501,6.7,0.0,10.6,17.289,3.847,7.711,30.4,160.0,"1 crust,  single 9"""
PIE CRUST,"PIE CRUST,STANDARD-TYPE,FRZ,RTB,ENR",48.62,0,0,2.5,457,6.16,0.0,17.82,12.167,3.176,8.159,26.07,173.43,"1 pie crust,  (average weight of 1 frozen crust)"
PIE CRUST,"PIE CRUST,STANDARD-TYPE,FRZ,RTB,ENR,BKD",56.24,0,13,3.299999952,508,6.5,4.230000019,7.18,13.562,3.568,9.277,28.59,154.21,"1 pie crust,  (average weight of 1 baked crust)"
PIE CRUST,"PIE CRUST,STANDARD-TYPE,PREP FROM RECIPE,BKD",47.5,0,6,1.700000048,527,6.4,0.170000002,9.8,15.169,9.122,8.622,34.6,180.0,"1 crust,  single 9"""
PUFF PASTRY,"PUFF PASTRY,FRZ,RTB",45.1,0,6,1.5,551,7.3,0.74000001,8.5,21.597,4.894,9.643,38.1,28.35,1 oz
No Category,PHYLLO DOUGH,52.6,0,7,1.899999976,299,7.1,0.180000007,32.6,3.149,0.923,1.47,6.0,28.35,1 oz
POPOVERS,"POPOVERS,DRY MIX,ENRICHED",71.0,0,0,0.0,371,10.4,0.0,11.7,1.984,0.823,0.983,4.3,28.35,1 oz
ROLLS,"ROLLS, DINNER, PLN,COMM PREPARED (INC BROWN -N- SERVE)",52.04,4,15,2.0,310,10.86,5.550000191,28.44,1.881,2.509,1.375,6.47,28.35,"1 roll,  (1 oz)"
ROLLS,"ROLLS,DINNER,EGG",52.0,50,31,3.700000048,307,9.5,4.300000191,30.4,2.93,1.128,1.577,6.4,28.35,1 oz
ROLLS,"ROLLS,DINNER,OAT BRAN",40.2,0,15,4.099999905,236,9.5,6.670000076,44.0,1.488,1.568,0.619,4.6,28.35,1 oz
ROLLS,"ROLLS,DINNER,RYE",53.1,0,15,4.900000095,286,10.3,1.169999957,30.1,1.236,0.708,0.605,3.4,43.0,"1 large,  (approx 3-1/2"" to 4"" dia)"
ROLLS,"ROLLS,DINNER,WHEAT",46.0,0,19,3.799999952,273,8.6,1.629999995,37.0,3.109,1.107,1.497,6.3,28.35,"1 roll,  (1 oz)"
ROLLS,"ROLLS,DINNER,WHOLE-WHEAT",51.1,0,26,7.5,266,8.7,8.460000038,33.1,1.199,2.161,0.836,4.7,43.0,"1 roll,  (hamburger, frankfurter roll)"
ROLLS,"ROLLS,FRENCH",50.2,0,15,3.200000048,277,8.6,0.310000002,34.8,1.961,0.834,0.962,4.3,28.35,1 oz
ROLLS,"ROLLS,HAMBURGER OR HOTDOG,PLN",49.45,0,15,2.099999905,279,9.5,6.25,34.7,1.112,1.968,1.092,4.33,28.35,1 oz
ROLLS,"ROLLS,HAMBURGER OR HOTDOG,MIXED-GRAIN",44.6,0,26,3.799999952,263,9.6,6.25,38.0,2.839,1.153,1.39,6.0,28.35,1 oz
ROLLS,"ROLLS,HAMBURGER OR HOTDOG,RED-CAL",42.1,0,15,6.199999809,196,8.3,4.760000229,46.0,0.524,0.763,0.325,2.0,28.35,1 oz
ROLLS,"ROLLS,HARD (INCL KAISER)",52.7,0,15,2.299999952,293,9.9,1.769999981,31.0,1.133,1.719,0.606,4.3,28.35,1 oz
STRUDEL,"STRUDEL,APPLE",41.1,6,17,2.200000048,274,3.3,25.75,43.5,3.267,5.315,2.044,11.2,28.35,1 oz
SWEET ROLLS,"SWEET ROLLS,CHEESE",43.7,76,0,1.200000048,360,7.1,0.0,29.4,9.057,2.032,6.059,18.3,28.35,1 oz
SWEET ROLLS,"SWEET ROLLS,CINN,COMMLY PREP W/RAISINS",50.9,66,41,2.400000095,372,6.2,31.72999954,24.8,4.797,7.473,3.079,16.4,28.35,1 oz
SWEET ROLLS,"SWEET ROLLS,CINN,REFR DOUGH W/FRSTNG",51.6,0,0,0.0,333,5.0,0.0,28.9,6.839,1.604,3.081,12.2,28.35,1 oz
SWEET ROLLS,"SWEET ROLLS,CINN,REFR DOUGH W/FRSTNG,BKD",56.1,0,0,0.0,362,5.4,0.0,22.7,7.421,1.728,3.348,13.2,28.35,1 oz
TACO SHELLS,"TACO SHELLS, BAKED",62.72,0,30,4.599999905,467,7.08,1.230000019,7.38,11.835,3.716,4.37,20.83,28.35,1 oz
TOASTER PASTRIES,"TOASTER PASTRIES,BROWN-SUGAR-CINNAMON",68.1,0,0,1.0,412,5.1,0.0,10.8,8.032,1.802,3.639,14.2,28.35,1 oz
TOASTER PASTRIES,"TOASTER PASTRIES,FRUIT",69.23,0,8,1.100000024,391,4.67,28.59000015,14.43,6.404,1.082,2.618,10.56,28.35,1 oz
TORTILLAS,"TORTILLAS,RTB OR -FRY,CORN",44.64,0,13,6.300000191,218,5.7,0.879999995,45.89,0.692,1.419,0.453,2.85,18.55,1 enchilada
TORTILLAS,"TORTILLAS,RTB OR -FRY,FLR",51.35,0,8,3.099999905,312,8.29,1.919999957,30.22,3.894,1.584,1.886,7.75,28.35,1 oz
WAFFLES,"WAFFLES,PLN,FRZ,RTH",42.98,14,0,2.200000048,285,6.47,4.909999847,37.95,5.129,2.165,1.531,9.7,28.35,1 oz
WAFFLES,"WAFFLES,PLN,PREP FROM RECIPE",32.9,69,0,0.0,291,7.9,0.0,42.0,3.521,6.785,2.866,14.1,28.35,1 oz
No Category,WONTON WRAPPERS (INCL EGG ROLL WRAPPERS),57.9,9,0,1.799999952,291,9.8,0.0,28.8,0.195,0.61,0.263,1.5,28.35,1 oz
LEAVENING AGENTS,"LEAVENING AGENTS,BAKING PDR,DOUBLE-ACTING,NA AL SULFATE",27.7,0,0,0.200000003,53,0.0,0.0,5.0,0.0,0.0,0.0,0.0,4.6,1 tsp
LEAVENING AGENTS,"LEAVENING AGENTS,BAKING PDR,DOUBLE-ACTING,STRAIGHT PO4",24.1,0,0,0.200000003,51,0.1,0.0,4.0,0.0,0.0,0.0,0.0,4.6,1 tsp
LEAVENING AGENTS,"LEAVENING AGENTS,BAKING PDR,LOW-SODIUM",46.9,0,0,2.200000048,97,0.1,0.0,6.2,0.006,0.121,0.073,0.4,5.0,1 tsp
LEAVENING AGENTS,"LEAVENING AGENTS,BAKING SODA",0.0,0,0,0.0,0,0.0,0.0,0.2,0.0,0.0,0.0,0.0,4.6,1 tsp
LEAVENING AGENTS,"LEAVENING AGENTS,CRM OF TARTAR",61.5,0,0,0.200000003,258,0.0,0.0,1.7,0.0,0.0,0.0,0.0,3.0,1 tsp
LEAVENING AGENTS,"LEAVENING AGENTS,YEAST,BAKER'S,COMPRESSED",18.1,0,32,8.100000381,105,8.4,0.0,69.0,1.047,0.004,0.243,1.9,17.0,"1 cake,  (0.6 oz)"
LEAVENING AGENTS,"LEAVENING AGENTS,YEAST,BAKER'S,ACTIVE DRY",38.2,0,32,21.0,295,38.3,0.0,7.6,2.562,0.01,0.595,4.6,12.0,1 tbsp
BREAD CRUMBS,"BREAD CRUMBS,DRY,GRATED,SEASONED",68.49,1,0,4.900000095,383,14.13,5.739999771,6.35,1.168,2.3,1.391,5.48,120.0,1 cup
COOKIES,"COOKIES,OATMEAL,PREP FROM RECIPE,WO/RAISINS",66.4,36,0,0.0,447,6.8,0.0,6.2,7.669,5.589,3.581,17.9,28.35,1 oz
COOKIES,"COOKIES,CHOC CHIP,PREP FROM RECIPE,MADE W/BUTTER",58.2,70,0,0.0,488,5.7,0.0,5.7,8.241,4.541,14.071,28.4,28.35,1 oz
BREAD,"BREAD,PROT,TSTD (INCL GLUTEN)",48.1,0,20,3.299999952,270,13.2,1.440000057,34.0,0.201,1.109,0.364,2.4,28.35,1 oz
BREAD,"BREAD,RICE BRAN,TOASTED",47.3,0,16,5.300000191,264,9.7,5.079999924,35.9,1.798,1.913,0.771,5.0,28.35,1 oz
BREAD,"BREAD,WHEAT GERM,TOASTED",54.3,1,22,2.299999952,293,10.7,4.139999866,29.3,1.432,0.751,0.738,3.3,28.35,1 oz
MUFFINS,"MUFFINS,BLUEBERRY,TOASTER-TYPE,TSTD",56.7,5,56,1.899999976,333,4.9,12.94999981,26.4,2.371,5.477,1.551,10.1,28.35,1 oz
MUFFINS,"MUFFINS,WHEAT BRAN,TOASTER-TYPE W/RAISINS,TSTD",55.5,9,0,8.199999809,313,5.5,23.06999969,27.0,2.221,4.918,1.5,9.4,28.35,1 oz
PANCAKES,"PANCAKES,BTTRMLK,PREP FROM RECIPE",28.7,58,0,0.0,227,6.8,0.0,52.5,2.361,4.486,1.832,9.3,28.35,1 oz
ROLLS,"ROLLS,DINNER,PLN,PREP FROM RECIPE,MADE W/LOFAT (2%) MILK",53.4,35,0,1.899999976,316,8.5,0.0,29.1,2.881,2.006,1.795,7.3,28.35,1 oz
PIE CRUST,"PIE CRUST,COOKIE-TYPE,PREP FROM RECIPE,CHOC WAFER,CHILLED",54.4,1,14,1.5,506,5.1,22.10000038,7.3,14.729,7.713,6.732,31.1,223.0,"1 crust,  single 9"""
PIE CRUST,"PIE CRUST,COOKIE-TYPE,PREP FR RECIPE,GRAHAM CRACKER,CHILLED",63.9,0,15,1.5,484,4.1,37.56999969,6.1,11.142,6.769,5.092,24.4,244.0,"1 crust,  single 9"""
CRACKERS,"CRACKERS,MATZO,EGG&ONION",77.1,45,0,5.0,391,10.0,0.0,7.2,0.987,1.001,0.936,3.9,28.35,1 matzo
PIE CRUST,"PIE CRUST,COOKIE-TYPE,PREP FROM RECIPE,VANILLA WAFER,CHILLED",50.2,39,23,0.100000001,531,3.7,7.329999924,8.5,15.647,10.682,7.434,36.2,129.0,1 cup
PIE CRUST,"PIE CRUST,STANDARD-TYPE,PREP FROM RECIPE,UNBAKED",42.3,0,6,3.400000095,469,5.7,0.150000006,19.7,13.5,8.119,7.674,30.8,194.0,"1 crust,  single 9"""
WAFFLES,"WAFFLES,PLN,FRZ,READY -TO-HEAT,TSTD",49.29,15,28,2.400000095,312,7.19,5.019999981,30.59,4.914,2.197,1.638,9.61,28.35,1 oz
BAGELS,"BAGELS,PLN,ENR,WO/CA PROP (INCL ONION,POPPY,SESAME)",53.4,0,0,2.299999952,275,10.5,0.0,32.6,0.131,0.696,0.22,1.6,26.0,"1 bagel,  mini (2-1/2"" dia)"
BAGELS,"BAGELS,PLN,UNENR,W/CA PROP (INCL ONION,POPPY,SESAME)",53.4,0,0,2.299999952,275,10.5,0.0,32.6,0.131,0.696,0.22,1.6,26.0,"1 bagel,  mini (2-1/2"" dia)"
BAGELS,"BAGELS,PLN,UNENR,WO/CA PROP (INCL ONION,POPPY,SESAME)",53.4,0,0,2.299999952,275,10.5,0.0,32.6,0.131,0.696,0.22,1.6,26.0,"1 bagel,  mini (2-1/2"" dia)"
BREAD,"BREAD,CORNBREAD,DRY MIX,UNENR (INCL CORN MUFFIN MIX)",69.5,2,0,6.5,418,7.0,0.0,7.8,6.719,1.682,3.091,12.2,28.35,1 oz
BREAD,"BREAD,PITA,WHITE,UNENR",55.7,0,0,2.200000048,275,9.1,0.0,32.1,0.105,0.535,0.166,1.2,28.35,1 oz
BREAD,"BREAD,RAISIN,UNENRICHED",52.3,0,0,4.300000191,274,7.9,0.0,33.6,2.294,0.679,1.081,4.4,28.35,1 oz
BREAD,"BREAD,WHITE,COMMLY PREP,LO NA NO SALT",49.5,1,15,2.299999952,267,8.2,4.309999943,36.7,1.612,0.744,0.811,3.6,45.0,"1 cup, crumbs"
COFFEECAKE,"COFFEECAKE,CINN W/CRUMB TOPPING,COMMLY PREP,UNENR",46.7,32,0,2.0,418,6.8,0.0,21.9,12.976,3.12,5.797,23.3,28.35,1 oz
CAKE,"CAKE,POUND,COMMLY PREP,OTHER THAN ALL BUTTER,UNENR",52.5,58,0,1.0,389,5.2,0.0,23.1,9.935,2.251,4.647,17.9,30.0,"1 piece,  (1/10 of 10.6 oz cake)"
CAKE,"CAKE,WHITE,DRY MIX,PUDDING-TYPE,UNENR",81.0,0,0,0.699999988,423,3.9,0.0,3.5,4.092,2.544,2.34,9.5,28.35,1 oz
CAKE,"CAKE,YEL,DRY MIX,REG,UNENR",78.1,2,0,1.100000024,432,4.4,0.0,3.7,4.86,4.378,1.738,11.6,28.35,1 oz
COOKIES,"COOKIES,BUTTER,COMMLY PREP,UNENR",68.9,117,0,0.800000012,467,6.1,0.0,4.6,5.522,0.982,11.051,18.8,28.35,1 oz
COOKIES,"COOKIES,CHOC CHIP,COMMLY PREP,REG,HIGHER FAT,UNENR",66.8,0,0,2.5,481,5.4,0.0,4.1,11.671,2.367,7.476,22.6,28.35,1 oz
COOKIES,"COOKIES,LADYFINGERS,WO/LEMON JUC&RIND",59.7,221,0,1.0,365,10.6,0.0,19.5,4.253,1.611,3.477,9.1,28.35,1 oz
CRACKERS,"CRACKERS,MELBA TOAST,PLN,WO/SALT",76.6,0,0,6.300000191,390,12.1,0.0,5.1,0.782,1.282,0.445,3.2,70.0,"1 cup, crushed"
CRACKERS,"CRACKERS,SALTINES,LO SALT (INCL OYSTER,SODA,SOUP)",74.34,0,20,2.900000095,421,9.5,2.220000029,4.03,2.247,4.068,2.001,8.85,45.0,"1 cup,  oyster crackers"
CRACKERS,"CRACKERS,SALTINES,UNSALTED TOPS (INCL OYSTER,SODA,SOUP)",71.5,0,0,3.0,434,9.2,0.0,4.1,6.422,1.679,2.932,11.8,3.0,1 cracker
CRACKERS,"CRACKERS,STD SNACK-TYPE,REG,LO SALT",61.0,0,14,1.600000024,502,7.4,1.789999962,3.5,10.64,9.545,3.776,25.3,62.0,"1 cup, bite size"
CRACKERS,"CRACKERS,WHEAT,LOW SALT",64.9,0,27,4.5,473,8.6,13.03999996,3.1,11.448,2.796,5.178,20.6,3.0,"1 cup, crushed"
CRACKERS,"CRACKERS,WHOLE-WHEAT,LO SALT",68.6,0,27,10.5,443,8.8,0.370000005,2.7,5.88,6.596,3.393,17.2,94.0,"1 cup, crushed"
DANISH PASTRY,"DANISH PASTRY,CINN,UNENR",44.6,21,0,1.200000048,403,7.0,0.0,24.3,12.515,2.933,5.681,22.4,28.35,1 oz
DANISH PASTRY,"DANISH PASTRY,FRUIT,UNENR (INCL APPL,CINN,RAISIN,STRAWBERRY)",47.8,40,0,1.899999976,371,5.4,0.0,27.1,5.937,1.508,2.826,18.5,28.35,1 oz
BREAD,"BREAD,WHITE,COMMLY PREP,TSTD,LO NA NO SALT",54.4,1,0,0.0,293,9.0,0.0,30.4,1.771,0.818,0.892,4.0,28.35,1 oz
DANISH PASTRY,"DANISH PASTRY,LEMON,UNENR",47.8,40,0,1.899999976,371,5.4,0.0,27.1,5.937,1.508,2.826,18.5,28.35,1 oz
CRACKERS,"CRACKERS,CHS,LO NA",58.2,13,9,2.400000095,503,10.1,0.280000001,3.1,11.852,2.457,9.638,25.3,62.0,"1 cup,  Cheez-its"
DANISH PASTRY,"DANISH PASTRY,RASPBERRY,UNENR",47.8,40,0,1.899999976,371,5.4,0.0,27.1,5.937,1.508,2.826,18.5,28.35,1 oz
DOUGHNUTS,"DOUGHNUTS,YEAST-LEAVENED,GLAZED,UNENR (INCL HONEY BUNS)",44.3,6,0,1.200000048,403,6.4,0.0,25.4,12.865,2.902,5.813,22.8,28.35,1 oz
ENGLISH MUFFINS,"ENGLISH MUFFINS,PLN,ENR,WO/CA PROP (INCL SOURDOUGH)",46.0,0,0,2.700000048,235,7.7,0.0,42.1,0.302,0.888,0.259,1.8,28.35,1 oz
ENGLISH MUFFINS,"ENGLISH MUFFINS,PLN,UNENR,W/CA PROP (INCL SOURDOUGH)",46.0,0,0,2.700000048,235,7.7,0.0,42.1,0.302,0.888,0.259,1.8,28.35,1 oz
ENGLISH MUFFINS,"ENGLISH MUFFINS,PLN,UNENR,WO/CA PROP (INCL SOURDOUGH)",46.0,0,0,2.700000048,235,7.7,0.0,42.1,0.302,0.888,0.259,1.8,28.35,1 oz
PIE,"PIE,APPL,COMMLY PREP,UNENR FLR",34.0,0,0,1.600000024,237,1.9,0.0,52.2,4.388,2.198,3.797,11.0,28.35,1 oz
PIE,"PIE,FRIED PIES,CHERRY",42.6,0,0,2.599999905,316,3.0,0.0,37.6,7.449,5.376,2.457,16.1,28.35,1 oz
PIE,"PIE,FRIED PIES,LEMON",42.6,0,0,2.599999905,316,3.0,0.0,37.6,7.449,5.376,2.457,16.1,28.35,1 oz
PIE CRUST,"PIE CRUST,STANDARD-TYPE,FRZ,RTB,UNENR",44.1,0,0,0.899999976,457,3.9,0.0,21.0,12.414,11.0,4.357,29.2,142.0,"1 crust,  single 9"""
POPOVERS,"POPOVERS,DRY MIX,UNENR",71.0,0,0,0.0,371,10.4,0.0,11.7,1.984,0.823,0.983,4.3,28.35,1 oz
TACO SHELLS,"TACO SHELLS,BKD,WO/ SALT",62.4,0,0,7.5,468,7.2,0.0,6.0,8.934,8.494,3.245,22.6,28.35,1 oz
TORTILLAS,"TORTILLAS,RTB OR -FRY,CORN,WO/ SALT",46.6,0,0,5.199999809,222,5.7,0.0,44.1,0.649,1.122,0.334,2.5,28.35,1 oz
TORTILLAS,"TORTILLAS,RTB OR -FRY,FLR,WO/ CA",55.6,0,0,3.299999952,325,8.7,0.0,26.8,3.768,1.063,1.745,7.1,28.35,1 oz
CAKE,"CAKE,POUND,COMMLY PREP,FAT-FREE",61.0,0,7,1.100000024,283,5.4,34.34000015,31.0,0.166,0.424,0.259,1.2,28.35,1 oz
CAKE,"CAKE,SNACK CAKES,CUPCAKES,CHOC,W/FRSTNG,LOW-FAT",67.2,0,0,4.300000191,305,4.3,0.0,22.8,1.849,0.487,1.084,3.7,28.35,1 oz
CAKE,"CAKE,YELLOW,DRY MIX,LIGHT",84.1,0,0,1.299999952,404,4.7,0.0,3.1,2.973,0.796,1.367,5.5,28.35,1 oz
COOKIES,"COOKIES,OATMEAL,COMMLY PREP,FAT-FREE",78.6,0,12,7.300000191,326,5.9,41.90000153,12.5,0.388,0.635,0.314,1.5,28.35,1 oz
CRACKERS,"CRACKERS,SALTINES,FAT-FREE,LOW-SODIUM",82.3,0,20,2.700000048,393,10.5,0.379999995,3.4,0.142,0.685,0.244,1.6,15.0,3 saltines
BREAKFAST TART,"BREAKFAST TART,LOFAT",76.8,0,8,1.5,372,3.99,4.869999886,12.04,3.338,0.878,1.393,5.99,0.0,
TOASTER PASTRIES,"TOASTER PASTRIES,KELLOGG,KELLOGG'S POP TARTS,APPL CINN",72.02,0,0,1.100000024,395,4.4,33.70000076,12.5,5.87,2.6,1.69,10.2,52.0,1 pastry
TOASTER PASTRIES,"TOASTER PASTRIES,KELLOGG,KELLOGG'S POP TARTS,BLUEBERRY",68.38,0,0,1.100000024,408,4.6,30.89999962,12.5,6.5,4.81,2.02,13.3,52.0,1 pastry
TOASTER PASTRIES,"TOASTER PASTRIES,KELLOGG,KELLOGG'S POP TARTS,FRSTD BLUEBERRY",71.77,0,0,1.100000024,391,4.6,31.20000076,12.5,6.83,1.13,1.98,10.0,52.0,1 pastry
TOASTER PASTRIES,"TOASTER PASTRIES,KELLOGG,KELLOGG'S POP TARTS,BRWN SUGAR CINN",64.4,0,0,1.5,438,5.4,25.39999962,10.5,7.14,9.14,2.08,18.4,50.0,1 pastry
TOASTER PASTRIES,"TOASTER PASTRIES,KELLOGG,KELLOGG'S POP TRTS,FRSTD BR SGR CIN",68.32,0,0,1.299999952,422,5.0,30.79999924,10.5,7.88,4.76,2.26,14.8,50.0,1 pastry
TOASTER PASTRIES,"TOASTER PASTRIES,KELLOGG,KELLOGG'S POPTARTS,CHERRY",71.19,0,0,1.100000024,393,4.6,31.70000076,12.5,5.73,3.0,1.67,10.4,52.0,1 pastry
TOASTER PASTRIES,"TOASTER PASTRIES,KELLOGG,KELLOGG'S POP TARTS,FRSTD CHERRY",71.96,0,0,1.0,393,4.2,36.0,12.5,6.69,1.58,1.94,10.2,52.0,1 pastry
TOASTER PASTRIES,"TOASTER PASTRIES,KELLOGG,KELLOGG'S POP TARTS,FRSTD CHOC FUDG",71.8,0,0,1.100000024,387,5.1,38.0,12.5,5.2,2.2,1.9,9.3,52.0,1 pastry
TOASTER PASTRIES,"TOASTER PASTRIES,KELLOGG,KELLOG POP TARTS,FRSTD CHOC VAN CRM",70.84,0,0,1.0,391,5.0,37.29999924,12.5,6.19,1.98,1.94,10.2,52.0,1 pastry
TOASTER PASTRIES,"TOASTER PASTRIES,KELLOGG,KELLOGG'S POP TARTS,FRSTD GRAPE",72.25,0,0,1.0,391,4.4,35.40000153,12.5,5.9,2.15,1.73,9.8,52.0,1 pastry
TOASTER PASTRIES,"TOASTER PASTRIES,KELLOGG,KELLOGG'S POP TARTS,FRSTD RASPBERRY",71.54,0,0,1.0,395,4.2,35.40000153,12.5,6.17,2.56,1.88,10.6,52.0,1 pastry
TOASTER PASTRIES,"TOASTER PASTRIES,KELLOGG,KELLOGG'S POP TARTS,S'MORES",69.6,0,0,1.399999976,392,6.2,36.5,12.5,5.9,1.8,2.8,10.5,52.0,1 pastry
TOASTER PASTRIES,"TOASTER PASTRIES,KELLOGG,KELLOGG'S POP TARTS,STRAWBERRY",71.0,0,8,1.100000024,394,4.7,33.0,12.5,6.2,1.5,2.9,10.5,52.0,1 pastry
TOASTER PASTRIES,"TOASTER PASTRIES,KELLOGG,KELLOG'S POP TARTS,FRSTD STRAWBERRY",72.4,0,8,1.0,390,4.4,37.5,12.5,5.6,1.4,2.6,9.6,52.0,1 pastry
TOASTER PASTRIES,"TOASTER PASTRIES,KELLOGG,KELLOGG'S POP TARTS,FRSTD WLD BERRY",72.9,0,0,1.0,388,4.3,38.79999924,12.5,5.4,1.3,2.6,9.2,54.0,1 pastry
KELLOGG,"KELLOGG,KELLOGG'S LOFAT POP TARTS,FRSTD BROWN SUGAR CINN",78.3,0,0,1.200000048,376,4.7,36.20000076,10.5,2.9,1.3,1.2,5.5,50.0,1 pastry
KELLOGG,"KELLOGG,KELLOGG'S LOFAT POP TARTS,FRSTD CHOC FUDGE",76.0,0,0,1.100000024,366,5.1,36.20000076,12.5,2.4,1.7,1.0,5.8,52.0,1 pastry
KELLOGG,"KELLOGG,KELLOGG'S LOFAT POP TARTS,STRAWBERRY",76.6,0,0,1.200000048,369,4.5,35.79999924,12.5,2.9,1.3,1.2,5.5,52.0,1 pastry
KELLOGG,"KELLOGG,KELLOGG'S LOFAT POP TARTS,FRSTD STRAWBERRY",77.5,0,0,1.100000024,367,4.1,39.90000153,12.5,2.7,2.0,1.1,5.8,52.0,1 pastry
KELLOGG,"KELLOGG,KELLOGG'S EGGO,BTTRMLK PANCAKE",38.1,11,0,1.100000024,233,6.0,8.199999809,47.2,2.94,2.13,1.44,6.69,116.0,"3 pancakes,  (NLEA serving)"
KELLOGG,"KELLOGG,KELLOGG'S EGGO,BANANA BREAD WAFFLES",41.6,0,0,2.5,272,6.8,6.699999809,41.2,5.28,2.51,1.71,9.5,78.0,1 serving
KELLOGG,"KELLOGG,KELLOGG'S NUTRI-GRAIN CRL BARS,MXD BERRY",72.8,0,0,1.899999976,370,4.3,33.59999847,14.5,5.0,1.1,1.5,7.6,116.0,"1 bar,  (NLEA serving)"
No Category,KELLOGG'S EGGO LOWFAT HOMESTYLE WAFFLES,44.15,25,0,1.0,236,7.06,2.920000076,43.44,1.0,1.07,0.9,3.56,70.0,1 serving
No Category,KELLOGG'S EGGO LOWFAT NUTRI - GRAIN WAFFLES,40.27,0,0,3.700000048,203,6.28,5.730000019,47.75,1.34,0.9,0.47,3.2,35.0,"1 waffle, round (4"" dia) (include frozen)"
No Category,KELLOGG'S EGGO LOWFAT BLUEBERRY NUTRI - GRAIN WAFFLES,42.71,0,0,3.5,208,5.95,8.890000343,46.06,1.15,0.8,0.41,2.83,35.0,"1 waffle, round (4"" dia) (include frozen)"
KELLOGG'S POP-TARTS PASTRY SWIRLS,"KELLOGG'S POP-TARTS PASTRY SWIRLS,APPL CINN DANISH",59.7,0,0,1.399999976,413,4.8,17.70000076,16.8,5.8,7.1,4.8,17.7,62.0,1 pastry
KELLOGG'S POP-TARTS PASTRY SWIRLS,"KELLOGG'S POP-TARTS PASTRY SWIRLS,STRAWBERRY DANISH",60.0,0,0,1.799999952,410,4.8,25.79999924,16.32,5.8,7.1,4.8,17.7,62.0,1 pastry
KELLOGG'S POP-TARTS PASTRY SWIRLS,"KELLOGG'S POP-TARTS PASTRY SWIRLS,CHS DANISH",59.1,1,0,0.5,407,4.8,19.39999962,16.85,5.8,7.1,4.8,17.7,62.0,1 pastry
No Category,KELLOGG'S EGGO GOLDEN OAT WAFFLES,37.52,1,0,3.5,198,6.83,3.470000029,50.6,1.067,1.067,0.6,3.22,35.0,"1 waffle, round (4"" dia) (include frozen)"
ARCHWAY HOME STYLE COOKIES,"ARCHWAY HOME STYLE COOKIES,SUGAR FREE OATMEAL",67.2,0,0,1.899999976,442,5.54,1.25999999,5.0,7.86,1.31,4.9,20.92,24.0,1 serving
ARCHWAY Home Style Cookies,"ARCHWAY Home Style Cookies, Sugar Free Rocky Road",64.41,0,0,2.799999952,466,5.87,0.709999979,7.3,7.19,4.16,5.05,20.52,24.0,1 serving
ARCHWAY Home Style Cookies,"ARCHWAY Home Style Cookies, Apple Filled Oatmeal",67.21,6,0,1.700000048,393,4.47,32.38000107,14.99,4.76,1.02,2.7,11.78,25.0,1 serving
ARCHWAY Home Style Cookies,"ARCHWAY Home Style Cookies, Apricot Filled",65.86,6,0,2.200000048,400,4.52,30.05999947,14.99,4.11,1.1,5.12,13.17,25.0,1 serving
ARCHWAY Home Style Cookies,"ARCHWAY Home Style Cookies, Cherry Filled",64.75,21,0,2.0,405,4.62,31.30999947,15.01,4.5,1.09,5.57,14.12,25.0,1 serving
ARCHWAY Home Style Cookies,"ARCHWAY Home Style Cookies, Chocolate Chip Drop",63.28,12,0,1.600000024,407,3.95,28.96999931,15.81,5.4,1.0,5.29,15.33,25.0,1 serving
ARCHWAY Home Style Cookies,"ARCHWAY Home Style Cookies, Chocolate Chip Ice Box",65.02,13,0,2.0,497,4.28,34.06000137,5.01,8.94,1.43,8.08,24.4,24.0,1 serving
ARCHWAY Home Style Cookies,"ARCHWAY Home Style Cookies, Coconut Macaroon",61.23,0,0,5.099999905,460,3.02,45.15999985,11.5,1.61,0.81,20.1,22.55,22.0,1 serving
ARCHWAY Home Style Cookies,"ARCHWAY Home Style Cookies, Cookies Jar Hermits",70.33,10,0,1.799999952,390,5.28,34.52999878,11.82,3.88,0.84,2.31,9.77,25.0,1 serving
ARCHWAY Home Style Cookies,"ARCHWAY Home Style Cookies, Dark Molasses",69.38,0,0,1.100000024,407,4.16,35.04999924,9.93,5.02,0.98,2.88,12.59,28.0,1 serving
ARCHWAY Home Style Cookies,"ARCHWAY Home Style Cookies, Date Filled Oatmeal",68.16,6,0,2.099999905,400,4.67,34.27000046,13.49,4.82,1.11,2.76,12.05,25.0,1 serving
ARCHWAY Home Style Cookies,"ARCHWAY Home Style Cookies, Dutch Cocoa",69.44,7,0,2.599999905,431,4.5,35.34999847,9.32,5.94,1.18,3.62,14.99,24.0,1 serving
ARCHWAY HOME STYLE COOKIES,"ARCHWAY HOME STYLE COOKIES,FROSTY LEMON",64.78,0,0,0.699999988,430,4.41,33.34999847,12.03,5.75,0.92,5.83,17.11,26.0,1 serving
ARCHWAY Home Style Cookies,"ARCHWAY Home Style Cookies, Fruit & Honey Bar",69.42,17,0,1.899999976,408,4.44,37.50999832,11.79,5.09,0.94,2.88,12.54,26.0,1 serving
ARCHWAY Home Style Cookies,"ARCHWAY Home Style Cookies, Iced Molasses",69.12,12,0,1.0,420,3.5,38.43000031,10.34,4.75,2.44,4.16,14.43,28.0,1 serving
ARCHWAY Home Style Cookies,"ARCHWAY Home Style Cookies, Iced Oatmeal",66.76,8,0,2.0,435,4.89,37.20000076,9.99,5.61,2.72,4.61,16.53,28.0,1 serving
ARCHWAY Home Style Cookies,"ARCHWAY Home Style Cookies, Molasses",69.41,25,0,1.200000048,403,4.25,36.34999847,11.43,4.86,1.05,2.81,12.06,26.0,1 serving
ARCHWAY Home Style Cookies,"ARCHWAY Home Style Cookies, Oatmeal",68.17,10,0,2.900000095,421,5.48,34.5,10.28,5.66,1.33,3.2,14.08,25.0,1 serving
ARCHWAY Home Style Cookies,"ARCHWAY Home Style Cookies, Oatmeal Raisin",69.27,8,0,2.700000048,406,5.17,39.54999924,11.53,4.85,1.16,2.75,12.08,26.0,1 serving
ARCHWAY Home Style Cookies,"ARCHWAY Home Style Cookies, Old Fashioned Molasses",70.55,25,0,1.100000024,406,4.27,36.09000015,10.41,4.8,1.0,2.77,11.83,26.0,1 serving
ARCHWAY Home Style Cookies,"ARCHWAY Home Style Cookies, Old Fashioned Windmill Cookies",72.23,1,0,1.799999952,468,5.17,32.63999939,3.0,7.82,1.67,3.75,17.55,20.0,1 serving
ARCHWAY HOME STYLE COOKIES,"ARCHWAY HOME STYLE COOKIES,PNUT BUTTER",58.48,37,0,2.799999952,480,9.0,32.54999924,6.35,10.21,4.23,5.39,24.28,21.0,1 serving
ARCHWAY Home Style Cookies,"ARCHWAY Home Style Cookies, Pecan Ice Box",61.02,31,0,1.200000048,500,4.56,28.22999954,6.71,11.55,2.45,5.67,26.46,24.0,1 serving
ARCHWAY HOME STYLE COOKIES,"ARCHWAY HOME STYLE COOKIES,RASPBERRY FILLED",65.92,6,0,2.200000048,400,4.35,31.76000023,14.99,4.14,1.1,5.16,13.26,25.0,1 serving
ARCHWAY HOME STYLE COOKIES,"ARCHWAY HOME STYLE COOKIES,RUTH'S OATMEAL",66.15,16,0,2.599999905,428,5.94,34.09000015,9.99,5.63,2.37,3.53,15.88,26.0,1 serving
ARCHWAY Home Style Cookies,"ARCHWAY Home Style Cookies, Soft Sugar Drop",63.26,41,0,0.800000012,397,4.82,30.79000092,16.39,5.71,1.02,3.33,13.87,0.0,
ARCHWAY Home Style Cookies,"ARCHWAY Home Style Cookies, Strawberry Filled",65.92,6,0,2.200000048,400,4.35,31.76000023,14.99,4.14,1.1,5.16,13.26,25.0,1 serving
ARCHWAY Home Style Cookies,"ARCHWAY Home Style Cookies, Sugar",69.02,16,0,1.5,411,4.88,0.0,10.62,5.04,1.2,2.96,12.8,24.0,1 serving
ARCHWAY Home Style Cookies,"ARCHWAY Home Style Cookies, Gourmet Apple'n Raisin",66.33,7,0,2.5,435,5.1,33.97000122,9.51,6.36,2.42,3.61,16.64,26.0,1 serving
ARCHWAY HOME STYLE COOKIES,"ARCHWAY HOME STYLE COOKIES,FAT FREE DEVIL'S FD COOKIE",79.27,0,0,2.799999952,338,4.82,41.20000076,12.99,0.29,0.28,0.32,0.9,20.0,1 serving
ARCHWAY Home Style Cookies,"ARCHWAY Home Style Cookies, Fat Free Oatmeal Raisin",79.56,44,0,2.099999905,348,4.12,47.06999969,12.1,0.58,0.61,0.32,1.51,31.0,1 serving
ARCHWAY Home Style Cookies,"ARCHWAY Home Style Cookies, Gourmet Oatmeal Pecan",60.48,8,0,3.099999905,472,5.42,27.70999908,9.28,8.61,2.21,7.58,23.13,28.0,1 serving
ARCHWAY Home Style Cookies,"ARCHWAY Home Style Cookies, Reduced Fat Ginger Snaps",76.23,1,0,1.100000024,424,4.67,36.27999878,5.22,3.58,1.65,2.6,11.14,32.0,1 serving
ARCHWAY Home Style Cookies,"ARCHWAY Home Style Cookies, Gourmet Rocky Road",65.94,10,0,2.599999905,461,4.86,34.91999817,8.02,6.82,3.48,5.13,19.71,28.0,1 serving
ARCHWAY Home Style Cookies,"ARCHWAY Home Style Cookies, Gourmet Ruth's Golden Oatmeal",64.97,8,0,2.700000048,431,5.67,33.74000168,10.9,5.67,4.11,3.29,16.44,28.0,1 serving
ARCHWAY Home Style Cookies,"ARCHWAY Home Style Cookies, Sugar Free Chocolate Chip",66.11,0,0,1.100000024,487,4.51,0.899999976,4.99,9.13,1.35,6.3,22.71,24.0,1 serving
ARTIFICIAL BLUEBERRY MUFFIN MIX,"ARTIFICIAL BLUEBERRY MUFFIN MIX,DRY",77.45,0,0,0.0,407,4.7,0.0,6.4,3.742,1.679,1.865,8.7,31.0,1 muffin
KRAFT,"KRAFT,STOVE TOP STUFFING MIX CHICKEN FLAVOR",73.1,4,0,2.5,381,12.6,10.10000038,5.3,0.0,0.0,0.8,4.1,28.0,"1 NLEA serving,  (makes 1/2 cup prepared)"
GENERAL MILLS,"GENERAL MILLS,BETTY CROCKER WILD BLUEBERRY MUFFIN MIX,DRY",64.9,0,0,0.0,321,5.2,31.70000076,23.7,1.869,0.553,1.022,4.5,40.0,1 serving
CAKE,"CAKE,BETTY CROCKER,SUPERMOIST PARTY CAKE SWIRL,DRY MIX",82.5,0,0,0.0,414,3.9,45.70000076,3.8,0.0,0.0,2.26,7.6,43.0,1 serving
GEORGE WESTON BAKER,"GEORGE WESTON BAKER,BROWNBERRY SAGE & ONION STUFFING MIX,DRY",72.7,0,0,5.400000095,390,13.3,0.0,4.0,0.0,0.0,0.9,5.1,67.0,1 serving
GENERAL MILLS,"GENERAL MILLS,GOLD MEDAL IMITATION BLUEBERRY MUFFIN MIX,DRY",78.8,0,0,0.0,410,4.3,36.40000153,6.1,3.212,2.325,1.638,8.6,31.0,1 serving
KEEBLER,"KEEBLER,KEEBLER CHOC GRAHAM SELECTS",71.8,0,0,0.0,465,7.1,26.5,3.1,0.0,0.0,3.09,16.6,31.0,1 serving
KEEBLER,"KEEBLER,KEEBLER GOLDEN VANILLA WAFERS,ARTIFICIALLY FLAV",69.7,0,0,0.0,475,5.2,27.39999962,4.2,0.0,0.0,3.58,19.5,31.0,1 serving
CONTINEN MILL,"CONTINEN MILL, KRUSTEAZ Almd Poppyseed Muff Mix, Art Fla,dry",75.6,0,0,1.700000048,418,5.6,40.0,5.7,0.0,0.0,2.1,10.3,40.0,1 serving
MCKEE BAKING,"MCKEE BAKING,LITTL DEBBI NUT BAR,WAFER W/PNUT BUTE,CHOC COVE",55.2,0,0,0.0,548,8.0,34.0,3.0,0.0,0.0,6.29,32.8,57.0,1 serving
MARTHA WHITE FOODS,"MARTHA WHITE FOODS,MARTHA WHITE'S CHEWY FUDGE BROWNIE MIX,",83.58,0,0,2.900000095,407,4.42,54.75999832,4.0,0.0,0.0,1.7,6.16,28.0,1 serving
MARTHA WHITE FOODS,"MARTHA WHITE FOODS,MARTHA WHITE'S BTTRMLK BISCUIT MIX,DRY",59.41,3,0,1.5,388,7.81,4.460000038,10.0,0.0,0.0,4.07,13.23,41.0,1 serving
MISSION FOODS,"MISSION FOODS,MISSION FLR TORTILLAS,SOFT TACO,8 INCH",49.6,0,0,0.0,287,8.7,0.0,33.6,2.771,0.924,0.695,6.0,51.0,1 serving
NABISCO,"NABISCO,NABISCO GRAHAMS CRACKERS",76.2,0,0,3.400000095,424,6.99,23.0,3.6,3.6,0.46,1.56,10.0,28.0,1 serving
NABISCO,"NABISCO,NABISCO NILLA PIE CRUST,READY TO USE",63.1,10,0,0.899999976,513,3.5,32.20000076,3.31,18.7,1.35,5.15,27.1,28.0,1 serving
NABISCO,"NABISCO,NABISCO OREO CRUNCHIES,COOKIE CRUMB TOPPING",70.23,0,0,3.200000048,476,4.78,36.0,1.57,3.17,0.82,4.14,21.5,11.0,1 serving
NABISCO,"NABISCO,NABISCO RITZ CRACKERS",63.51,0,0,2.299999952,492,7.23,8.140000343,3.12,6.276,10.896,5.45,23.21,3.29,1 cracker
PEPPERIDGE FARM CLASSIC STYLE CROUTONS,"PEPPERIDGE FARM CLASSIC STYLE CROUTONS,SEASONED",61.1,0,0,0.0,465,13.6,0.0,2.6,0.0,0.0,3.72,18.5,7.0,1 serving
PEPPERIDGE FARM CRUSTY ITALIAN BREAD,"PEPPERIDGE FARM CRUSTY ITALIAN BREAD,GARLIC",41.6,11,0,0.0,372,8.3,0.0,29.1,7.836,3.665,4.822,19.2,50.0,1 serving
PEPPERIDGE FARM APPL TURNOVERS,"PEPPERIDGE FARM APPL TURNOVERS,FRZ,READY TO BAKE",35.1,0,0,1.799999952,319,4.2,12.10000038,41.9,0.0,0.0,4.53,18.0,89.0,1 serving
PILLSBURY,"PILLSBURY,BTTRMLK BISCUITS,ART FLAVOR,REFR DOUGH",45.31,0,0,1.600000024,234,6.25,6.25,40.6,0.0,0.0,0.469,3.13,64.0,1 serving
PILLSBURY,"PILLSBURY,CHOC CHIP COOKIES,REFR DOUGH",60.71,18,0,2.099999905,482,3.57,35.70999908,8.93,9.063,1.828,7.143,25.0,28.0,1 serving
PILLSBURY,"PILLSBURY,CRUSTY FRENCH LOAF,REFR DOUGH",46.15,0,0,1.700000048,241,7.69,3.849999905,40.0,0.0,0.0,0.962,2.89,62.0,1 serving
PILLSBURY,"PILLSBURY,TRADITIONAL FUDGE BROWNIE MIX,DRY",78.3,0,0,0.0,441,4.8,49.59999847,3.1,0.0,0.0,2.59,12.1,30.0,1 serving
PILLSBURY GRANDS,"PILLSBURY GRANDS,BTTRMLK BISCUITS,REFR DOUGH",41.38,0,0,1.200000048,317,6.9,6.900000095,33.5,0.0,0.0,5.172,13.79,61.0,1 serving
PILLSBURY GOLDEN LAYER BTTRMLK BISCUIT,"PILLSBURY GOLDEN LAYER BTTRMLK BISCUIT,ART FLAVOR,REFR DOUGH",41.18,0,0,1.200000048,307,5.88,5.880000114,35.5,0.0,0.0,2.941,13.24,34.0,1 serving
PILLSBURY,"PILLSBURY,CINN ROLLS W/ ICING,REFR DOUGH",52.27,0,0,1.100000024,330,4.55,22.72999954,28.0,0.0,0.0,3.409,11.36,44.0,1 serving
KRAFT FOODS,"KRAFT FOODS,SHAKE 'N' BAKE ORIG RECIPE,COATING FOR PORK,DRY",79.8,0,0,0.0,377,6.1,0.0,3.2,0.0,0.0,0.0,3.7,28.0,1 serving
GEORGE WESTON BAKERIES,"GEORGE WESTON BAKERIES,THOMAS ENG MUFFINS",46.0,0,0,0.0,232,8.0,0.0,42.6,0.303,0.92,0.308,1.8,57.0,1 serving
HEINZ,"HEINZ,WEIGHT WATCHER,CHOC ECLAIR,FRZ",40.3,47,0,2.099999905,241,4.4,16.79999924,47.3,2.0,2.9,1.4,6.9,59.0,"1 eclair, frozen"
INTERSTATE BRANDS CORP,"INTERSTATE BRANDS CORP,WONDER HAMBURGER ROLLS",50.84,0,0,2.599999905,273,8.07,11.06000042,34.2,0.848,2.177,1.013,4.15,43.0,1 serving
GENERAL MILLS,"GENERAL MILLS,BETTY CROCKER SUPERMOIST YEL CAKE MIX,DRY",81.3,0,0,0.0,413,3.8,43.90000153,4.2,0.0,0.0,2.28,8.1,43.0,1 serving
NABISCO,"NABISCO,NABISCO SNACKWELL'S FAT FREE DEVIL'S FD COOKIE CAKES",74.25,0,0,1.600000024,305,5.0,43.38000107,17.65,0.246,0.196,0.427,1.09,16.0,1 serving
Crackers,"Crackers, cheese, sandwich-type with cheese filling",58.76,6,28,1.899999976,490,8.92,12.32999992,4.81,0.0,0.0,0.0,24.41,39.0,"6 cracker,  1 cracker = 6.5g"
USDA CMDTY,"USDA CMDTY,BAKERY,FLR MIX",62.53,0,0,7.099999905,400,8.47,0.0,10.62,6.79,1.96,3.09,12.9,0.0,
USDA CMDTY,"USDA CMDTY,BAKERY FLR MIX LOW-FAT",70.59,0,0,3.5,361,9.07,0.0,10.51,1.83,0.65,0.85,4.7,0.0,
WAFFLES,"WAFFLES,BTTRMLK,FRZ,RTH",41.05,15,0,2.200000048,273,6.58,4.300000191,40.34,4.53,1.539,1.89,9.22,39.38,"1 waffle, square"
WAFFLE,"WAFFLE,BTTRMLK,FRZ,RTH,TSTD",48.39,13,28,2.599999905,309,7.42,4.409999847,31.57,5.292,1.526,2.283,9.49,33.0,"1 waffle, round (4"" dia)"
WAFFLE,"WAFFLE,BTTRMLK,FRZ,RTH,MICROWAVED",44.16,16,0,2.400000095,289,6.92,4.5,36.48,4.864,1.615,2.057,9.4,34.5,1 waffle
WAFFLE,"WAFFLE,PLN,FRZ,RTH,MICROWAVE",45.41,16,0,2.400000095,298,6.71,5.039999962,34.95,5.195,2.24,1.58,9.91,32.0,"1 waffle, round (4""dia)"
PANCAKES,"PANCAKES,PLN,FRZ,RTH,MICROWAVE(INC BUTTMLK)",43.33,0,28,2.5,239,5.88,7.059999943,43.8,2.721,1.07,0.949,4.73,38.32,1 pancake
TOASTER PASTRIES,"TOASTER PASTRIES,FRT,FRSTD (INC APPLS,BLUEBERR,CHERRY,STRAW)",70.81,0,8,0.699999988,391,4.23,35.52000046,13.79,5.733,1.235,2.672,10.08,55.31,1 pastry
TOASTER PASTRIES,"TOASTER PASTRIES,FRUIT,TSTD (APPL,BLUEBERY,CHERRY,STRAWBERY)",72.7,0,9,1.0,409,4.7,28.98999977,10.46,6.55,1.281,2.637,11.03,51.29,1 pastry
MUFFIN,"MUFFIN,BLUEBERRY,COMMLY PREP,LOW-FAT",50.05,28,52,4.199999809,255,4.23,27.04999924,39.94,0.86,1.363,1.549,4.22,71.0,"1 muffin,  small"
PIE CRUST,"PIE CRUST,COOKIE-TYPE,GRAHAM CRACKER,READY CRUST",64.3,0,18,1.899999976,501,5.1,18.12999916,4.37,16.928,1.671,4.999,24.83,182.63,1 crust
PIE CRUST,"PIE CRUST,COOKIE-TYPE,CHOC,READY CRUST",64.48,0,16,2.700000048,484,6.08,26.30999947,4.99,14.501,2.035,4.725,22.42,182.15,1 crust
PIE,"PIE,DUTCH APPL,COMMLY PREP",44.54,0,17,1.600000024,290,2.17,22.02000046,41.09,5.797,2.117,2.313,11.5,131.0,".125 pie,  1 pie (1/8 of 9"" pie)"
PIE CRUST,"PIE CRUST,DEEP DISH,FRZ,UNBAKED,MADE W/ ENR FLR",46.79,0,0,1.399999976,468,5.52,0.0,17.78,14.489,3.53,8.129,28.74,224.73,"1 pie crust,  (average weight)"
PIE CRUST,"PIE CRUST,REFR,REG,BKD",58.52,0,0,1.399999976,506,3.41,0.0,7.96,11.815,3.756,11.087,28.69,198.38,1 pie crust
PIE CRUST,"PIE CRUST,DEEP DISH,FRZ,BKD,MADE W/ ENR FLR",52.47,0,0,2.299999952,521,6.1,0.0,8.26,16.459,3.918,8.862,31.84,202.06,"1 pie crust,  (average weight)"
PIE CRUST,"PIE CRUST,REFR,REG,UNBAKED",51.11,0,0,1.799999952,445,2.97,0.0,19.25,10.206,3.292,9.596,25.46,229.21,"1 pie crust,  (average weight)"
BEEF JERKY,"BEEF JERKY,CHOPD&FORMED",11.0,48,109,1.799999952,410,33.2,9.0,23.36,11.305,1.011,10.85,25.6,28.35,1 oz
CORN-BASED,"CORN-BASED,EXTRUDED,CHIPS,PLN",63.01,0,12,5.300000191,518,6.03,1.159999967,0.33,7.913,14.01,3.612,28.41,28.35,1 oz
CORN-BASED,"CORN-BASED,EXTRUDED,CHIPS,BARBECUE-FLAVOR",56.2,0,0,5.199999809,523,7.0,0.0,1.2,9.48,16.17,4.46,32.7,28.35,1 oz
CORN-BASED,"CORN-BASED,EXTRUDED,CONES,PLN",62.9,0,0,1.100000024,510,5.8,0.0,2.0,1.7,0.78,22.75,26.9,28.35,1 oz
CORN-BASED,"CORN-BASED,EXTRUDED,CONES,NACHO-FLAVOR",57.3,5,0,1.0,536,6.5,0.0,1.9,2.14,0.84,26.79,31.7,28.35,1 oz
CORN-BASED,"CORN-BASED,EXTRUDED,ONION-FLAVOR",65.1,0,21,3.900000095,499,7.7,4.829999924,2.0,13.36,3.14,4.34,22.6,28.35,1 oz
CORN-BASED,"CORN-BASED,EXTRUDED,PUFFS OR TWISTS,CHEESE-FLAVOR",52.38,7,12,1.899999976,565,5.83,2.869999886,1.78,10.513,19.089,5.658,37.11,28.35,1 oz
CORNNUTS,"CORNNUTS,PLAIN",71.86,0,21,6.900000095,446,8.5,0.610000014,1.3,9.46,3.05,2.43,15.64,28.35,1 oz
CRISPED RICE BAR,"CRISPED RICE BAR,CHOC CHIP",73.0,0,0,2.200000048,404,5.1,0.0,7.0,3.99,3.65,5.24,13.5,28.35,"1 bar,  (1 oz)"
FRUIT LEATHER,"FRUIT LEATHER,PIECES",82.82,0,13,0.0,359,1.0,57.58000183,12.3,1.48,0.55,0.65,2.68,28.35,1 oz
FRUIT LEATHER,"FRUIT LEATHER,ROLLS",85.8,0,13,0.0,371,0.1,49.15999985,10.2,1.48,0.552,0.672,3.0,21.0,1 large
GRANOLA BARS,"GRANOLA BARS,HARD,PLAIN",64.4,0,22,5.300000191,471,10.1,0.0,3.9,4.38,12.05,2.37,19.8,24.5,1 bar
GRANOLA BARS,"GRANOLA BARS,HARD,ALMOND",62.0,0,0,4.800000191,495,7.7,0.0,3.1,7.74,3.76,12.51,25.5,28.35,1 oz
GRANOLA BARS,"GRANOLA BARS,HARD,CHOC CHIP",72.1,0,0,4.400000095,438,7.3,0.0,2.4,2.63,1.27,11.41,16.3,28.35,1 oz
GRANOLA BARS,"GRANOLA BARS,HARD,PEANUT",63.7,0,32,4.300000191,479,11.0,33.95999908,2.3,5.76,11.88,2.52,21.4,28.35,1 oz
GRANOLA BARS,"GRANOLA BARS,SOFT,UNCOATED,PLN",67.3,1,0,4.599999905,443,7.4,0.0,6.4,3.81,5.32,7.24,17.2,28.35,"1 bar,  (1 oz)"
GRANOLA BARS,"GRANOLA BARS,SOFT,UNCOATED,PNUT BUTTER",64.4,1,0,4.300000191,426,10.5,0.0,7.3,6.59,4.27,3.65,15.8,28.35,"1 bar,  (1 oz)"
GRANOLA BARS,"GRANOLA BARS,SOFT,UNCOATED,RAISIN",66.4,1,0,4.199999809,448,7.6,0.0,6.4,2.84,3.21,9.57,17.8,42.5,"1 bar,  (1.5 oz)"
GRANOLA BARS,"GRANOLA BARS,OATS,FRUITS&NUT",77.42,0,23,5.300000191,397,7.7,43.5,7.2,0.17,4.83,0.73,6.3,28.35,1 oz
GRANOLA BARS,"GRANOLA BARS,SOFT,COATD,MILK CHOC COATING,CHOC CHIP",63.8,5,0,3.400000095,466,5.8,0.0,3.6,7.77,1.82,14.22,24.9,35.4,"1 bar,  (1.25 oz)"
GRANOLA BARS,"GRANOLA BARS,SOFT,COATD,MILK CHOC COATING,PNUT BUTTER",53.4,12,0,2.799999952,509,10.2,0.0,3.2,6.54,1.9,17.01,31.1,28.35,1 oz
GRANOLA BARS,"GRANOLA BARS,SOFT,UNCOATED,PNUT BUTTER&CHOC CHIP",62.2,1,0,4.199999809,432,9.8,0.0,5.9,8.36,4.61,5.59,20.0,28.35,"1 bar,  (1 oz)"
ORIENTAL MIX,"ORIENTAL MIX,RICE-BASED",51.62,0,18,13.19999981,506,17.31,3.0,2.55,9.86,10.643,3.785,25.58,28.35,1 oz
DOO DADS SNACK MIX,"DOO DADS SNACK MIX,ORIGINAL FLAVOR",64.3,1,0,6.800000191,456,10.3,0.0,3.0,0.0,0.0,3.53,18.5,56.7,1 cup
SNACKS,"SNACKS,RALSTON PURINA,CHEX MIX",74.77,0,0,3.900000095,424,8.83,4.849999905,2.64,2.921,4.473,1.499,10.0,0.0,
POPCORN,"POPCORN,AIR-POPPED",77.9,0,21,14.5,387,12.94,0.870000005,3.32,1.1,1.9,0.57,4.54,8.0,1 cup
POPCORN,"POPCORN,OIL-POPPED",45.06,0,13,8.100000381,583,7.29,0.460000008,1.2,9.809,23.191,6.82,43.55,11.0,1 cup
POPCORN,"POPCORN,CAKES",80.1,0,22,2.900000095,384,9.7,0.720000029,5.0,0.92,1.35,0.48,3.1,10.0,1 cake
POPCORN,"POPCORN,CARAMEL-COATED,W/PNUTS",80.7,0,17,3.799999952,400,6.4,45.36000061,3.3,2.73,3.27,1.04,7.8,28.35,"1 oz,  (approx 2/3 cup)"
POPCORN,"POPCORN,CARAMEL-COATED,WO/PNUTS",79.1,5,24,5.199999809,431,3.8,53.18999863,2.8,2.88,4.48,3.61,12.8,28.35,1 oz
POPCORN,"POPCORN,CHEESE-FLAVOR",51.6,11,0,9.899999619,526,9.3,0.0,2.5,9.7,15.37,6.41,33.2,11.0,1 cup
PORK SKINS,"PORK SKINS,PLAIN",0.0,95,164,0.0,544,61.3,0.0,1.8,14.78,3.64,11.37,31.3,28.35,1 oz
POTATO CHIPS,"POTATO CHIPS,BARBECUE-FLAVOR",52.8,0,0,4.400000095,491,7.7,0.0,1.9,6.54,16.37,8.05,32.4,28.35,1 oz
POTATO CHIPS,"POTATO CHIPS,SOUR-CREAM-AND-ONION-FLAVOR",51.5,7,0,5.199999809,531,8.1,0.0,1.8,6.12,17.42,8.89,33.9,28.35,1 oz
POTATO CHIPS,"POTATO CHIPS,MADE FROM DRIED POTATOES,LT",64.9,0,0,3.200000048,502,4.56,0.629999995,2.22,4.553,12.201,6.759,26.14,28.35,1 oz
POTATO CHIPS,"POTATO CHIPS,MADE FR DRIED POTATOES,SOUR-CREAM&ONION-FLAVOR",51.3,3,0,1.200000048,547,6.6,0.0,2.0,7.12,18.78,9.47,37.0,28.35,1 oz
PRETZELS,"PRETZELS,HARD,PLN,SALTED",79.2,0,30,3.0,378,10.34,2.75999999,3.44,1.222,1.107,0.501,2.63,28.35,1 oz
PRETZELS,"PRETZELS,HARD,CONFECTIONER'S COATING,CHOCOLATE-FLAVOR",70.9,0,0,0.0,458,7.5,0.0,2.5,5.39,2.15,7.68,16.7,28.35,1 oz
PRETZELS,"PRETZELS,HARD,WHOLE-WHEAT",81.2,0,0,7.699999809,362,11.1,0.0,3.9,1.03,0.83,0.56,2.6,28.35,1 oz
RICE CAKES,"RICE CAKES,BROWN RICE,PLN",81.5,0,32,4.199999809,387,8.2,0.879999995,5.8,1.03,0.99,0.57,2.8,9.0,1 cake
RICE CAKES,"RICE CAKES,BROWN RICE,BUCKWHEAT",80.1,0,0,3.799999952,380,9.0,0.0,5.9,1.11,1.11,0.64,3.5,9.0,1 cake
RICE CAKES,"RICE CAKES,BROWN RICE,SESAME SD",81.5,0,0,5.400000095,392,7.6,0.0,5.9,1.1,1.15,0.54,3.8,9.0,1 cake
TORTILLA CHIPS,"TORTILLA CHIPS,PLAIN",65.56,0,19,5.300000191,489,7.79,1.0,1.85,6.789,12.213,3.007,23.36,28.35,1 oz
Snacks,"Snacks, tortilla chips, nacho cheese",61.74,0,22,4.599999905,514,8.15,3.789999962,1.5,7.067,13.624,3.936,26.07,28.35,1 oz
Snacks,"Snacks, tortilla chips, ranch-flavor",62.74,0,18,4.0,501,7.19,3.029999971,3.14,7.047,13.528,3.539,24.63,28.35,1 oz
TRAIL MIX,"TRAIL MIX,REGULAR",44.9,0,0,0.0,462,13.8,0.0,9.2,12.53,9.65,5.55,29.4,150.0,1 cup
TRAIL MIX,"TRAIL MIX,TROPICAL",65.6,0,0,0.0,407,6.3,0.0,9.0,2.49,5.16,8.48,17.1,140.0,1 cup
TRAIL MIX,"TRAIL MIX,REG,W/CHOC CHIPS,SALTED NUTS&SEEDS",44.9,4,0,0.0,484,14.2,0.0,6.6,13.54,11.29,6.1,31.9,146.0,1 cup
TORTILLA CHIPS,"TORTILLA CHIPS,TACO-FLAVOR",63.1,5,0,5.300000191,480,7.9,0.0,1.6,14.29,3.36,4.64,24.2,28.35,1 oz
CANDIES,"CANDIES,TOOTSIE ROLL,CHOCOLATE-FLAVOR ROLL",87.73,2,0,0.100000001,387,1.59,56.31999969,6.69,1.929,0.266,0.967,3.31,40.0,"1 serving, 6 pieces"
CANDIES,"CANDIES,ALMOND JOY CANDY BAR",59.51,4,0,5.0,479,4.13,48.34000015,8.2,5.26,1.18,17.59,26.93,49.0,"1 package, 1.76 oz"
CANDIES,"CANDIES,TWIZZLERS CHERRY BITES",79.38,0,0,0.100000001,338,2.97,0.0,15.0,0.49,0.04,0.25,1.7,40.0,18 pieces
CANDIES,"CANDIES,NESTLE,BIT-O'-HONEY CANDY CHEWS",80.0,0,2,0.200000003,375,2.0,48.0,8.3,1.03,0.338,5.5,7.5,40.0,"1 serving, 6 pieces"
CANDIES,"CANDIES,NESTLE,BUTTERFINGER BAR",72.9,0,15,2.0,459,5.4,45.90000153,1.23,5.119,3.164,9.5,18.9,59.54,"1 serving, 2.1 oz bar"
CANDIES,"CANDIES,BUTTERSCOTCH",90.4,9,1,0.0,391,0.03,80.45999908,5.25,0.845,0.122,2.065,3.3,28.35,1 oz
CANDIES,"CANDIES,CAROB,UNSWTND",56.29,1,19,3.799999952,540,8.15,34.11000061,1.54,0.483,0.295,29.018,31.36,28.35,1 oz
CANDIES,"CANDIES,CARAMELS",77.0,7,8,0.0,382,4.6,65.5,8.5,1.542,3.478,2.476,8.1,71.0,"1 package,  (2.5 oz)"
CANDIES,"CANDIES,CARAMELLO CANDY BAR",63.81,27,0,1.200000048,462,6.19,56.91999817,6.79,5.29,0.63,12.72,21.19,35.0,"1 bar, 1.25 oz"
CANDIES,"CANDIES,CARAMELS,CHOCOLATE-FLAVOR ROLL",85.97,2,19,0.100000001,396,1.59,56.31999969,6.69,3.836,0.268,0.963,5.07,40.0,"1 serving, 6 pieces"
BAKING CHOC,"BAKING CHOC,UNSWTND,LIQ",33.9,0,0,18.10000038,472,12.1,0.0,0.9,9.23,10.7,25.29,47.7,28.35,1 oz
BAKING CHOC,"BAKING CHOC,UNSWTND,SQUARES",29.84,0,46,16.60000038,501,12.9,0.910000026,1.34,16.105,1.555,32.351,52.31,28.73,1 square
CANDIES,"CANDIES,CONFECTIONER'S COATING,YOGURT",63.94,1,25,0.0,522,5.87,62.36000061,1.91,0.526,0.524,24.104,27.0,170.0,"1 cup, chips"
CANDIES,"CANDIES,SEMISWEET CHOC",63.1,0,22,5.900000095,479,4.2,54.5,0.7,9.966,0.966,17.75,30.0,168.0,"1 cup, chips (6 oz package)"
CANDIES,"CANDIES,SWEET CHOCOLATE",59.6,0,30,5.5,505,3.9,51.47999954,0.5,11.22,0.99,20.08,34.2,28.35,1 oz
CANDIES,"CANDIES,SWT CHOC COATD FONDANT",80.4,0,3,2.099999905,366,2.2,71.41999817,7.7,3.09,0.3,5.46,9.3,43.0,"1 patty,  large"
CANDIES,"CANDIES,HERSHEY'S GOLDEN ALMOND SOLITAIRES",46.91,13,0,4.400000095,570,11.97,37.13000107,0.0,0.0,0.0,15.23,37.13,41.0,13 pieces
CANDIES,"CANDIES,CONFECTIONER'S COATING,BUTTERSCOTCH",67.1,0,11,0.0,539,2.2,67.09999847,0.75,2.271,1.041,24.1,29.05,170.0,"1 cup, chips"
CANDIES,"CANDIES,CONFECTIONER'S COATING,PNUT BUTTER",46.88,1,30,5.0,529,18.3,38.29999924,2.67,12.829,2.053,13.12,29.8,168.0,"1 cup, chips"
CANDIES,"CANDIES,WHITE CHOC",59.24,21,30,0.200000003,539,5.87,59.0,1.3,9.097,1.013,19.412,32.09,170.0,"1 cup, chips"
ICE CREAMS,"ICE CREAMS,VANILLA,LT",25.8,27,26,0.300000012,165,4.78,22.12000084,63.51,1.281,0.219,2.927,4.83,76.0,"1 serving,  1/2 cup"
ICE CREAMS,"ICE CREAMS,VANILLA,RICH",22.29,92,26,0.0,249,3.5,20.64999962,57.2,4.46,0.68,10.329,16.2,106.5,.5 cup
ICE CREAMS,"ICE CREAMS,FRENCH VANILLA,SOFT-SERVE",22.2,91,26,0.699999988,222,4.1,21.15999985,59.8,3.49,0.45,7.48,13.0,86.0,".5 cup,  (4 fl oz)"
CANDIES,"CANDIES,YORK PEPPERMINT PATTIE",80.99,1,0,2.0,384,2.19,63.77999878,9.03,0.41,0.11,4.34,7.17,42.5,"1 patty, 1.5 oz"
CANDIES,"CANDIES,TWIZZLERS NIBS CHERRY BITS",79.37,0,0,0.600000024,347,2.3,51.34999847,15.0,1.88,0.14,0.54,2.64,40.0,27 pieces
CANDIES,"CANDIES,SYMPHONY MILK CHOC BAR",58.01,24,0,1.700000048,531,8.51,53.95999908,0.94,7.91,0.69,18.34,30.57,42.0,"1 bar, 1.5 oz"
DESSERTS,"DESSERTS,FLAN,CARAMEL CUSTARD,PREPARED-FROM-RECIPE",22.69,90,0,0.0,146,4.53,23.14999962,68.05,1.266,0.392,1.799,4.03,153.0,.5 cup
ICE CREAMS,"ICE CREAMS,VANILLA",23.6,44,26,0.699999988,207,3.5,21.21999931,61.0,2.969,0.452,6.79,11.0,66.0,"1 serving, 1/2 cup"
ICE CREAMS,"ICE CREAMS,VANILLA,LT,SOFT-SERVE",21.8,12,20,0.0,126,4.9,10.84000015,69.6,0.76,0.1,1.63,2.6,88.0,"1 serving,  1/2 cup"
SHERBET,"SHERBET,ORANGE",30.4,1,8,1.299999952,144,1.1,24.31999969,66.1,0.53,0.08,1.16,2.0,74.0,".5 cup,  (4 fl oz)"
CANDIES,"CANDIES,5TH AVENUE CANDY BAR",62.68,6,15,3.099999905,482,8.78,47.18999863,2.3,10.6,3.39,6.65,23.98,56.0,"1 bar,  2 oz"
CANDIES,"CANDIES,FONDANT,PREPARED-FROM-RECIPE",93.18,0,0,0.0,373,0.0,88.90000153,6.74,0.0,0.0,0.0,0.02,0.0,
CANDIES,"CANDIES,FUDGE,CHOC,PREPARED-FROM-RECIPE",76.44,14,10,1.700000048,411,2.39,73.12000275,9.81,2.943,0.373,6.448,10.41,17.0,1 piece
CANDIES,"CANDIES,FUDGE,CHOC,W/ NUTS,PREPARED-FROM-RECIPE",67.93,12,15,2.5,461,4.38,63.36999893,7.66,3.9,7.529,6.489,18.93,0.0,
CANDIES,"CANDIES,FUDGE,PNUT BUTTER,PREPARED-FROM-RECIPE",77.75,3,0,0.699999988,387,3.78,73.36000061,10.93,2.867,1.588,1.721,6.59,16.0,1 piece
CANDIES,"CANDIES,FUDGE,VANILLA,PREPARED-FROM-RECIPE",82.15,15,5,0.0,383,1.05,79.76999664,10.85,1.399,0.227,3.382,5.45,0.0,
CANDIES,"CANDIES,FUDGE,VANILLA W/ NUTS",74.61,13,10,0.899999976,435,3.0,71.0,7.99,2.454,6.614,3.828,13.69,0.0,
CANDIES,"CANDIES,NESTLE,GOOBERS CHOC COVERED PNUTS",53.0,12,0,9.699999809,512,9.7,43.0,1.9,14.705,5.02,12.1,34.0,39.0,"1 package, 1.375 oz"
CANDIES,"CANDIES,GUMDROPS,STARCH JELLY PIECES",98.9,0,0,0.100000001,396,0.0,58.97000122,1.0,0.0,0.0,0.0,0.0,182.0,"1 cup,  gumdrops"
CANDIES,"CANDIES,HARD",98.0,0,0,0.0,394,0.0,62.90000153,1.3,0.0,0.0,0.0,0.2,28.35,1 oz
CANDIES,"CANDIES,JELLYBEANS",93.55,0,0,0.200000003,375,0.0,70.0,6.3,0.0,0.0,0.0,0.05,11.0,10 small
CANDIES,"CANDIES,KIT KAT WAFER BAR",64.59,11,31,1.0,518,6.51,48.68000031,1.63,5.844,0.895,17.953,25.99,42.0,"1 bar,  (1.5 oz)"
CANDIES,"CANDIES,KRACKEL CHOC BAR",63.96,11,0,2.200000048,512,6.62,52.52999878,1.17,6.25,0.57,15.92,26.58,41.0,"1 bar, 1.45 oz"
CANDIES,"CANDIES,NESTLE,BABY RUTH BAR",64.8,0,35,2.0,459,5.4,54.0,6.99,5.557,2.638,12.1,21.6,59.5,"1 serving, 2.1 oz bar"
CANDIES,"CANDIES,TWIZZLERS STRAWBERRY TWISTS CANDY",79.74,0,0,0.0,350,2.56,39.63999939,0.0,0.0,0.0,0.0,2.32,71.0,"2.5 oz, 2.5 oz"
SYRUPS,"SYRUPS,TABLE BLENDS,PANCAKE,W/BUTTER",74.1,4,0,0.0,296,0.0,0.0,24.0,0.47,0.06,1.01,1.6,315.0,1 cup
ICE CREAMS,"ICE CREAMS,CHOC,LT",25.7,28,20,0.800000012,201,5.0,24.70999908,61.43,2.055,0.241,4.38,7.19,68.0,1 serving
CANDIES,"CANDIES,MASTERFOODS USA,MARS ALMOND BAR",62.7,17,37,2.0,467,8.1,52.09999847,4.5,10.693,3.98,7.268,23.0,50.0,"1 bar,  (1.76 oz)"
CANDIES,"CANDIES,MARSHMALLOWS",81.3,0,0,0.100000001,318,1.8,57.56000137,16.4,0.08,0.047,0.056,0.2,50.0,"1 cup,  of miniature"
CANDIES,"CANDIES,HALAVAH,PLAIN",60.49,0,0,4.5,469,12.49,0.0,3.67,8.194,8.481,4.127,21.52,0.0,
CANDIES,"CANDIES,NESTLE,OH HENRY! BAR",65.5,7,37,1.899999976,462,7.7,46.20000076,2.3,5.53,2.706,9.6,23.0,57.0,"1 bar, 2 oz"
CANDIES,"CANDIES,NESTLE,CHUNKY BAR",60.0,10,0,2.5,475,7.5,52.5,2.9,0.0,0.0,12.5,27.5,40.0,"1 serving, 1.4 oz bar"
CANDIES,"CANDIES,MILK CHOC",59.4,23,46,3.400000095,535,7.65,51.5,1.5,7.186,1.376,18.509,29.66,168.0,"1 cup, chips"
PUDDINGS,"PUDDINGS,BANANA,DRY MIX,INST,PREP W/ 2% MILK",19.74,6,0,0.0,105,2.76,0.0,74.52,0.46,0.118,0.971,1.7,0.0,
PUDDINGS,"PUDDINGS,BANANA,DRY MIX,REG,PREP W/ 2% MILK",18.43,7,0,0.0,101,2.9,0.0,75.9,0.462,0.088,1.015,1.73,0.0,
PUDDINGS,"PUDDINGS,CHOC,DRY MIX,INST,PREP W/ 2% MILK",18.89,6,0,0.400000006,105,3.15,11.34000015,74.59,0.561,0.132,1.064,1.92,0.0,
BAKING CHOC,"BAKING CHOC,MEXICAN,SQUARES",77.41,0,46,4.0,426,3.64,69.40000153,1.59,5.044,1.162,8.606,15.59,20.0,1 tablet
No Category,CHOCOLATE-FLAVORED HAZELNUT SPRD,62.16,0,18,5.400000095,541,5.41,54.04999924,1.07,0.0,0.0,28.423,29.73,37.0,"1 serving, 2 TBSP"
CANDIES,"CANDIES,MILK CHOC COATD PNUTS",49.7,9,48,4.699999809,519,13.1,37.59000015,1.9,12.92,4.33,14.6,33.5,149.0,1 cup
CANDIES,"CANDIES,MILK CHOC COATD RAISINS",68.4,3,26,3.099999905,390,4.1,62.22000122,11.2,3.134,0.571,10.272,14.8,180.0,1 cup
SYRUPS,"SYRUPS,TABLE BLENDS,PANCAKE,RED-CAL",44.55,0,0,0.0,165,0.0,32.79999924,54.9,0.0,0.0,0.0,0.0,240.0,1 cup
SYRUPS,"SYRUPS,TABLE BLENDS,PANCAKE",61.47,0,0,0.0,234,0.0,21.46999931,37.98,0.0,0.0,0.0,0.0,314.0,1 cup
CANDIES,"CANDIES,HERSHEY'S POT OF GOLD ALMOND BAR",46.15,13,0,3.799999952,577,12.82,38.45999908,0.0,0.0,0.0,16.667,38.46,78.0,"1 bar, 2.8 oz"
CANDIES,"CANDIES,MILK CHOC,W/ALMONDS",53.4,19,47,6.199999809,526,9.0,43.90000153,1.5,11.96,3.019,17.701,34.4,41.0,"1 bar,  (1.45 oz)"
CANDIES,"CANDIES,MILK CHOC,W/RICE CRL",59.67,23,46,3.299999952,511,7.64,51.06000137,1.52,8.64,0.78,15.89,29.37,40.0,"1 bar,  (1.4 oz)"
CANDIES,"CANDIES,MASTERFOODS USA,MILKY WAY BAR",70.48,9,16,1.0,452,4.01,59.68999863,6.3,2.23,0.26,12.016,17.23,58.1,"1 serving, 2.05 oz bar"
CANDIES,"CANDIES,SKOR TOFFEE BAR",61.72,53,0,1.299999952,535,3.13,59.88999939,1.57,9.29,1.28,18.78,32.18,39.0,"1 bar, 1.4 oz"
TOPPINGS,"TOPPINGS,STRAWBERRY",66.3,0,10,0.699999988,254,0.2,27.37999916,33.0,0.014,0.05,0.005,0.1,340.0,1 cup
CANDIES,"CANDIES,TRUFFLES,PREPARED-FROM-RECIPE",44.88,53,0,2.5,510,6.21,38.31000137,13.47,12.636,1.013,18.488,33.76,12.0,1 piece
BAKING CHOC,"BAKING CHOC,MASTERFOODS,M&M'S SEMISWEET CHOC MINI BAKNG BITS",65.96,3,0,6.699999809,517,4.44,53.06999969,1.27,0.0,0.0,15.618,26.15,14.0,"1 serving, 0.5 oz, about 1 tbsp"
CANDIES,"CANDIES,MASTERFOODS USA,M&M'S PNUT CHOC CANDIES",60.48,8,37,3.700000048,515,9.57,50.75,2.48,8.086,3.456,10.169,26.13,54.4,"1 serving, 1 singles bag"
CANDIES,"CANDIES,MASTERFOODS USA,M&M'S MILK CHOC CANDIES",71.19,14,22,2.799999952,492,4.33,63.68000031,1.7,5.183,0.921,13.08,21.13,208.0,1 cup
CANDIES,"CANDIES,MOUNDS CANDY BAR",58.59,2,12,3.700000048,486,4.6,46.18999863,9.05,0.39,0.14,20.58,26.6,19.0,"1 bar, snack size"
CANDIES,"CANDIES,MR. GOODBAR CHOC BAR",54.34,10,47,3.799999952,538,10.22,47.22000122,0.45,8.203,4.366,14.13,33.21,49.0,"1 bar,  (1.75 oz)"
CANDIES,"CANDIES,NESTLE,100 GRAND BAR",70.97,12,25,1.0,468,2.5,51.90000153,6.1,6.039,1.388,11.9,19.33,43.0,"1 bar,  (1.5 oz)"
CANDIES,"CANDIES,NESTLE,CRUNCH BAR&DSSRT TOPPING",67.0,13,0,1.899999976,500,5.0,55.0,0.65,0.0,0.0,16.0,26.0,44.0,"1 bar, 1.55 oz"
BAKING CHOC,"BAKING CHOC,MASTERFOODS USA,M&M'S MILK CHOC MINI BAKING BITS",68.4,15,0,2.700000048,502,4.78,62.54000092,1.5,0.0,0.0,14.466,23.36,14.0,"1 serving, 0.5 oz, about 1 tbsp"
CANDIES,"CANDIES,PEANUT BAR",47.4,0,29,4.099999905,522,15.5,42.22000122,1.6,16.721,10.65,4.678,33.7,28.35,1 oz
CANDIES,"CANDIES,PNUT BRITTLE,PREPARED-FROM-RECIPE",71.24,12,14,2.5,486,7.57,51.33000183,0.7,8.064,4.558,4.144,18.98,0.0,
CANDIES,"CANDIES,NESTLE,RAISINETS CHOC COVERED RAISINS",71.0,11,0,2.200000048,422,4.4,59.0,6.4,0.0,0.0,11.0,17.0,44.7,"1 serving, 1.58 oz bag"
CANDIES,"CANDIES,REESE'S PNUT BUTTER CUPS",55.36,6,35,3.599999905,515,10.24,47.16999817,1.44,13.1,5.5,10.73,30.53,17.0,"1 package, 0.6 oz 1 cup"
CANDIES,"CANDIES,REESE'S PIECES CANDY",59.86,0,29,3.0,497,12.46,53.25,1.0,4.46,1.88,16.42,24.77,47.0,.25 cup
CANDIES,"CANDIES,ROLO CARAMELS IN MILK CHOC",67.95,12,20,0.899999976,474,5.08,63.93000031,4.6,2.104,0.265,14.542,20.93,48.0,"1 package,  1 package"
CANDIES,"CANDIES,NESTLE,AFTER EIGHT MINTS",76.2,0,0,2.400000095,404,1.67,66.59999847,6.3,0.0,0.0,8.33,11.9,42.0,"1 serving, 5 mints"
CANDIES,"CANDIES,SESAME CRUNCH",50.3,0,17,7.699999809,516,11.6,31.17000008,2.2,12.571,14.591,4.662,33.3,28.35,1 oz
CANDIES,"CANDIES,MASTERFOODS USA,SNICKERS BAR",60.56,13,38,2.299999952,475,7.53,50.47000122,5.55,7.875,3.014,9.069,23.85,57.0,"1 bar,  (2 oz)"
CANDIES,"CANDIES,MASTERFOODS USA,STARBURST FRUIT CHEWS,ORIGINAL",82.57,0,0,0.0,408,0.41,58.11999893,8.51,0.0,0.0,7.778,8.21,40.0,"1 serving, fun size (8 chews)"
CANDIES,"CANDIES,MASTERFOODS USA,M&M'S MINIS MILK CHOC CANDIES",68.4,15,0,2.700000048,502,4.78,62.54000092,1.19,0.0,0.0,14.466,23.36,30.0,"1 serving, 1.0 oz tube"
CANDIES,"CANDIES,MASTERFOODS USA,3 MUSKETEERS BAR",77.13,5,12,1.5,428,2.6,66.88999939,5.8,2.373,0.316,8.646,12.75,60.4,"1 serving, 2.13 oz bar"
CANDIES,"CANDIES,MASTERFOODS USA,TWIX CARAMEL COOKIE BARS",64.93,7,21,1.100000024,502,4.91,48.25,4.23,2.988,0.628,18.96,24.85,57.0,"1 package,  (2 oz)"
CANDIES,"CANDIES,MASTERFOODS USA,TWIX PNUT BUTTER COOKIE BARS",54.15,6,29,3.099999905,536,9.18,36.13000107,1.82,12.317,3.407,15.758,32.67,54.0,"1 package,  (1.89 oz, 2 bars)"
CANDIES,"CANDIES,WHATCHAMACALLIT CANDY BAR",63.23,12,25,1.899999976,494,8.04,48.86000061,3.04,3.78,0.83,17.04,23.68,48.0,"1 bar, 1.7 oz"
No Category,CHEWING GUM,66.08,0,0,2.400000095,247,0.0,66.08000183,2.6,0.079,0.137,0.042,0.3,3.0,1 stick
CANDIES,"CANDIES,SPL DK CHOC BAR",60.49,5,0,6.5,556,5.54,47.56000137,0.9,5.14,0.44,0.0,32.4,41.0,"1 bar, 1.45 oz"
COCOA,"COCOA,DRY PDR,UNSWTND",57.9,0,12,33.20000076,228,19.6,1.75,3.0,4.57,0.44,8.07,13.7,86.0,1 cup
COCOA,"COCOA,DRY PDR,UNSWTND,PROC W/ALKALI",58.3,0,11,29.79999924,220,18.1,1.75999999,2.7,4.39,0.42,7.76,13.1,86.0,1 cup
DESSERTS,"DESSERTS,EGG CUSTARD,BKD,PREPARED-FROM-RECIPE",10.72,84,0,0.0,105,5.02,11.35000038,78.86,1.379,0.41,2.164,4.58,141.0,.5 cup
EGG CUSTARDS,"EGG CUSTARDS,DRY MIX",82.8,258,0,0.0,410,6.9,0.0,1.7,2.4,0.85,2.03,6.4,85.0,"1 package,  (3 oz)"
EGG CUSTARDS,"EGG CUSTARDS,DRY MIX,PREP W/ WHL MILK",17.29,53,0,0.0,121,4.04,0.0,73.67,1.201,0.244,2.122,4.01,0.0,
COCOA,"COCOA,DRY PDR,UNSWTND,HERSHEY'S EUROPEAN STYLE COCOA",60.0,0,0,20.0,400,20.0,0.0,0.0,0.0,0.0,0.0,10.0,5.0,1 tbsp
GELATIN DSSRT,"GELATIN DSSRT,DRY MIX",90.5,0,4,0.0,381,7.8,86.04000092,1.0,0.0,0.0,0.0,0.0,85.0,"1 package,  (3 oz)"
GELATIN DSSRT,"GELATIN DSSRT,DRY MIX,PREP W/ H2O",14.19,0,0,0.0,62,1.22,13.48999977,84.39,0.0,0.0,0.0,0.0,540.0,"1 package,  3 oz, yields 2 cups"
GELATIN DSSRT,"GELATIN DSSRT,DRY MIX,RED CAL,W/ ASPRT",80.21,0,0,0.100000001,198,15.67,0.0,1.93,0.0,0.0,0.0,0.0,6.38,1 serving
GELATIN DSSRT,"GELATIN DSSRT,DRY MIX,RED CAL,W/ ASPRT,PREP W/ H2O",4.22,0,0,0.0,20,0.83,0.0,94.74,0.0,0.0,0.0,0.0,117.0,.5 cup
GELATINS,"GELATINS,DRY PDR,UNSWTND",0.0,0,38,0.0,335,85.6,0.0,13.0,0.06,0.01,0.07,0.1,7.0,"1 envelope,  (1 tbsp)"
CANDIES,"CANDIES,YORK BITES",81.64,1,0,2.0,394,1.78,75.0,9.09,0.48,0.1,4.43,7.32,39.0,15 pieces
DESSERTS,"DESSERTS,MOUSSE,CHOC,PREPARED-FROM-RECIPE",16.07,140,0,0.600000024,225,4.14,14.81000042,62.94,5.027,0.879,9.151,16.0,202.0,.5 cup
PUDDINGS,"PUDDINGS,CHOC,RTE",23.01,1,10,0.0,142,2.09,17.17000008,69.46,2.731,0.105,1.263,4.6,28.35,1 oz
PUDDINGS,"PUDDINGS,CHOC,DRY MIX,INST",87.9,0,3,3.599999905,378,2.3,67.86000061,3.2,0.487,0.348,0.825,1.9,99.0,"1 package,  (3.5 oz)"
PUDDINGS,"PUDDINGS,CHOC,DRY MIX,INST,PREP W/ WHL MILK",18.8,11,0,1.0,111,3.1,0.0,73.6,0.92,0.18,1.83,3.1,147.0,.5 cup
DESSERTS,"DESSERTS,APPL CRISP,PREPARED-FROM-RECIPE",30.84,0,0,1.399999976,161,1.75,19.68000031,62.91,1.334,1.144,0.685,3.43,141.0,.5 cup
FLAN,"FLAN,CARAMEL CUSTARD,DRY MIX",91.6,0,0,0.0,348,0.0,0.0,7.8,0.0,0.0,0.0,0.0,85.0,"1 package,  (3 oz)"
DESSERTS,"DESSERTS,PUDD,CHOC,DRY MIX,REG",89.3,0,2,4.5,362,2.6,42.88000107,4.0,0.703,0.079,1.234,2.1,99.0,"1 package,  (3.5 oz)"
PUDDINGS,"PUDDINGS,CHOC,DRY MIX,REG,PREP W/ WHL MILK",19.4,9,12,0.800000012,119,3.21,11.96000004,73.3,0.819,0.18,1.813,3.15,142.0,.5 cup
PUDDINGS,"PUDDINGS,CHOC,DRY MIX,REG,PREP W/ 2% MILK",19.55,7,0,0.300000012,109,3.28,0.0,74.15,0.565,0.072,1.189,1.99,0.0,
PUDDINGS,"PUDDINGS,COCNT CRM,DRY MIX,INST,PREP W/ 2% MILK",19.2,6,0,0.100000001,107,2.9,0.0,74.4,0.62,0.19,1.37,2.3,147.0,.5 cup
PUDDINGS,"PUDDINGS,RICE,RTE",19.4,18,0,0.899999976,118,3.53,14.10999966,73.34,0.438,0.12,1.764,2.65,28.35,1 oz
PUDDINGS,"PUDDINGS,RICE,DRY MIX",91.2,0,0,0.699999988,376,2.7,0.0,4.8,0.0,0.0,0.0,0.1,106.0,1 package
PUDDINGS,"PUDDINGS,RICE,DRY MIX,PREP W/ WHL MILK",20.68,11,0,0.100000001,121,3.25,0.0,72.42,0.767,0.104,1.682,2.82,0.0,
PUDDINGS,"PUDDINGS,TAPIOCA,DRY MIX",94.3,0,0,0.200000003,369,0.1,65.0,4.0,0.0,0.0,0.0,0.1,92.0,"1 package,  (3.5 oz)"
PUDDINGS,"PUDDINGS,TAPIOCA,DRY MIX,PREP W/ WHL MILK",19.43,12,0,0.0,115,2.84,10.64000034,73.97,0.786,0.107,1.724,2.89,0.0,
PUDDINGS,"PUDDINGS,VANILLA,RTE",22.6,1,6,0.0,130,1.45,16.96999931,71.66,2.286,0.087,1.016,3.78,28.35,1 oz
PUDDINGS,"PUDDINGS,VANILLA,DRY MIX,INST",92.9,0,1,0.0,377,0.0,92.90000153,2.6,0.12,0.01,0.432,0.6,99.0,"1 package,  (3.5 oz)"
PUDDINGS,"PUDDINGS,VANILLA,DRY MIX,INST,PREP W/ WHL MILK",19.7,11,0,0.0,114,2.7,18.03000069,73.5,0.84,0.15,1.74,2.9,142.0,.5 cup
PUDDINGS,"PUDDINGS,LEMON,DRY MIX,INST,PREP W/ 2% MILK",20.2,6,0,0.0,107,2.76,0.0,74.16,0.484,0.101,0.974,1.71,0.0,
EGG CUSTARDS,"EGG CUSTARDS,DRY MIX,PREP W/ 2% MILK",17.42,48,0,0.0,111,4.08,0.0,74.74,0.852,0.197,1.357,2.74,0.0,
PUDDINGS,"PUDDINGS,VANILLA,DRY MIX,REG",93.5,0,0,0.600000024,379,0.3,79.33999634,3.9,0.03,0.17,0.09,0.4,88.0,"1 package,  (3.12 oz)"
PUDDINGS,"PUDDINGS,VANILLA,DRY MIX,REG,PREP W/ WHL MILK",18.68,9,12,0.100000001,112,2.86,17.09000015,74.66,0.714,0.197,1.643,2.9,140.0,.5 cup
PUDDINGS,"PUDDINGS,RICE,DRY MIX,PREP W/ 2% MILK",20.81,6,0,0.100000001,111,3.29,0.0,73.43,0.441,0.06,0.967,1.63,0.0,
PUDDINGS,"PUDDINGS,TAPIOCA,DRY MIX,PREP W/ 2% MILK",19.56,6,0,0.0,105,2.88,10.64000034,75.01,0.452,0.061,0.991,1.67,0.0,
PUDDINGS,"PUDDINGS,VANILLA,DRY MIX,REG,PREP W/ 2% MILK",18.53,7,0,0.0,101,2.94,11.15999985,75.86,0.462,0.088,1.017,1.73,0.0,
RENNIN,"RENNIN,CHOC,DRY MIX,PREP W/ 2% MILK",13.47,7,0,0.5,85,3.24,0.0,80.39,0.581,0.073,1.231,2.06,0.0,
RENNIN,"RENNIN,VANILLA,DRY MIX,PREP W/ 2% MILK",12.34,7,0,0.0,77,3.06,0.0,82.11,0.484,0.065,1.061,1.77,0.0,
CANDIES,"CANDIES,PRALINE,PREPARED-FROM-RECIPE",59.59,0,0,3.5,485,3.3,55.79000092,10.36,14.683,7.778,2.224,25.9,39.0,1 piece
FROZEN NOVELTIES,"FROZEN NOVELTIES,ICE TYPE,FRUIT,NO SUGAR ADDED",6.2,0,0,0.0,24,0.5,0.0,93.2,0.0,0.0,0.0,0.1,51.0,1 bar
PUDDINGS,"PUDDINGS,TAPIOCA,RTE",21.69,1,6,0.0,130,1.95,14.90999985,71.84,2.538,0.072,0.962,3.88,28.35,1 oz
PUDDINGS,"PUDDINGS,COCNT CRM,DRY MIX,REG,PREP W/ 2% MILK",17.8,7,0,0.200000003,104,3.1,0.0,75.6,0.52,0.07,1.8,2.5,140.0,.5 cup
DESSERTS,"DESSERTS,RENNIN,CHOC,DRY MIX",91.5,0,0,5.099999905,363,2.4,0.0,1.0,1.08,0.1,1.94,3.3,9.0,1 tbsp
RENNIN,"RENNIN,CHOC,DRY MIX,PREP W/ WHL MILK",13.34,12,0,0.5,96,3.2,0.0,79.29,0.932,0.121,1.999,3.34,0.0,
DESSERTS,"DESSERTS,RENNIN,VANILLA,DRY MIX",99.0,0,0,0.0,383,0.0,0.0,0.4,0.0,0.0,0.0,0.0,10.8,1 tbsp
RENNIN,"RENNIN,VANILLA,DRY MIX,PREP W/ WHL MILK",12.21,13,0,0.0,89,3.03,0.0,80.98,0.842,0.114,1.846,3.07,0.0,
DESSERTS,"DESSERTS,RENNIN,TABLETS,UNSWTND",19.8,0,0,0.0,84,1.0,0.0,6.5,0.038,0.007,0.041,0.1,9.9,"1 package,  (0.35 oz)"
FROSTINGS,"FROSTINGS,CHOC,CREAMY,RTE",63.2,0,7,0.899999976,397,1.1,57.70000076,17.0,9.02,2.13,5.526,17.6,41.22,"2 tbsp, creamy"
FROSTINGS,"FROSTINGS,COCONUT-NUT,RTE",52.7,0,7,2.5,433,1.5,40.0,21.0,10.786,3.264,8.631,24.0,462.0,"1 package,  (16 oz)"
FROSTINGS,"FROSTINGS,CRM CHEESE-FLAVOR,RTE",67.32,0,0,0.0,415,0.1,63.54000092,15.1,3.755,6.153,4.545,17.3,32.5,"2 tbsp, creamy"
FROSTINGS,"FROSTINGS,VANILLA,CREAMY,RTE",67.89,0,2,0.0,418,0.0,63.09999847,15.07,4.86,7.951,2.974,16.23,462.0,"1 package,  (16 oz)"
FLAN,"FLAN,CARAMEL CUSTARD,DRY MIX,PREP W/ 2% MILK",18.82,7,0,0.0,103,2.99,0.0,75.71,0.472,0.064,1.035,1.72,0.0,
FLAN,"FLAN,CARAMEL CUSTARD,DRY MIX,PREP W/ WHL MILK",18.68,12,0,0.0,113,2.95,0.0,74.63,0.821,0.111,1.8,3.0,0.0,
PUDDINGS,"PUDDINGS,VANILLA,RTE,FAT FREE",20.16,0,5,0.0,89,2.02,15.11999989,76.93,0.0,0.0,0.0,0.0,99.23,"1 serving, 3.5 oz shelf stable"
PUDDINGS,"PUDDINGS,TAPIOCA,RTE,FAT FREE",21.31,1,6,0.0,94,1.44,14.18000031,76.25,0.012,0.002,0.122,0.35,111.6,"1 container,  refrigerated 4 oz"
PUDDINGS,"PUDDINGS,CHOC,RTE,FAT FREE",20.87,1,7,0.300000012,93,1.93,15.75,76.23,0.0,0.0,0.0,0.3,0.0,
CANDIES,"CANDIES,HERSHEY'S MILK CHOC W/ ALMOND BITES",51.0,19,0,3.599999905,550,9.76,44.59000015,1.19,14.38,2.42,17.39,35.73,39.0,17 pieces
CANDIES,"CANDIES,KIT KAT BITES",64.55,8,0,2.200000048,511,6.5,49.47000122,1.0,4.5,0.43,17.1,26.41,39.0,15 pieces
CANDIES,"CANDIES,REESE'S BITES",55.18,7,0,3.099999905,521,11.34,48.02999878,1.65,7.06,1.82,18.0,29.85,39.0,16 pieces
CANDIES,"CANDIES,REESE'S NUTRAGEOUS CANDY BAR",52.8,3,0,3.900000095,517,11.28,40.22000122,1.5,12.63,8.09,8.86,32.09,54.43,"1 bar, 1.92 oz"
FROSTINGS,"FROSTINGS,CHOC,CREAMY,DRY MIX",92.0,0,0,2.400000095,389,1.3,0.0,0.6,0.0,0.0,0.0,5.2,388.0,1 package
FROSTINGS,"FROSTINGS,CHOC,CREAMY,DRY MIX,PREP W/ BUTTER",70.85,24,0,1.799999952,404,1.09,0.0,14.2,2.444,0.331,5.36,12.93,0.0,
CANDIES,"CANDIES,HEATH BITES",63.39,19,0,2.0,530,3.94,60.02000046,0.86,8.8,2.55,15.62,30.38,39.0,15 pieces
FROSTINGS,"FROSTINGS,VANILLA,CREAMY,DRY MIX",93.8,0,0,0.100000001,410,0.3,0.0,0.7,0.0,0.0,0.0,4.9,411.0,1 package
FROSTINGS,"FROSTINGS,WHITE,FLUFFY,DRY MIX",94.9,0,0,0.0,371,2.3,0.0,1.9,0.0,0.0,0.0,0.0,207.0,1 package
FROSTINGS,"FROSTINGS,WHITE,FLUFFY,DRY MIX,PREP W/H2O",62.6,0,0,0.0,244,1.5,0.0,35.2,0.0,0.0,0.0,0.0,315.0,"1 package,  yields"
CANDIES,"CANDIES,ALMOND JOY BITES",57.48,11,0,4.300000191,545,5.58,51.70999908,1.26,8.85,1.46,20.6,34.5,40.0,18 pieces
CANDIES,"CANDIES,REESESTICKS CRISPY WAFERS,PNUT BUTTER,MILK CHOC",55.38,6,28,3.299999952,521,9.53,40.33000183,1.6,10.82,4.68,13.21,31.34,42.0,"1 serving, 1.5 oz"
CANDIES,"CANDIES,HERSHEY,KIT KAT BIG KAT BAR",63.64,9,0,1.899999976,520,6.24,53.95999908,1.1,4.91,0.51,17.99,27.84,55.0,"1 bar,  1.94 oz"
CANDIES,"CANDIES,REESE'S,FAST BREAK,MILK CHOC PNT BTR & SFT NUGTS",61.6,4,0,2.900000095,474,8.66,53.08000183,4.1,8.94,4.33,8.23,23.42,56.0,"2 oz, bar"
CANDIES,"CANDIES,MASTERFOODS USA,DOVE MILK CHOC",59.78,18,0,2.400000095,546,5.94,55.45000076,1.61,0.0,0.0,19.24,31.72,36.9,"1 serving, 1.30 oz bar"
CANDIES,"CANDIES,MASTERFOODS USA,DOVE DK CHOC",59.4,7,0,7.599999905,520,5.19,46.27000046,1.66,0.0,0.0,19.209,32.45,36.9,"1 serving, 1.3 oz bar"
CANDIES,"CANDIES,MASTERFOODS USA,MILKY WAY CARAMELS,MILK CHOC COVERED",68.49,20,0,0.699999988,463,4.28,58.65000153,6.99,0.0,0.0,13.157,19.17,44.0,"1 serving, 5 pieces"
CANDIES,"CANDIES,MASTERFOODS USA,MILKY WAY CARAMELS. DK CHOC COVERED",67.56,17,0,2.799999952,458,3.82,54.08000183,6.99,0.0,0.0,13.814,20.42,44.0,"1 serving, 5 pieces"
ICE CREAMS,"ICE CREAMS,HEALTHY CHOIC PRALINE & CARAMEL",32.2,7,0,1.0,170,3.67,26.39999962,60.19,1.09,0.44,1.38,2.97,71.0,"1 serving, 1/2 cup"
ICE CREAMS,"ICE CREAMS,VANILLA,LT,NO SUGAR ADDED",21.42,27,23,0.699999988,155,3.97,6.460000038,65.52,1.855,0.74,4.048,7.45,68.25,"1 serving,  1/2 cup"
FROZEN NOVELTIES,"FROZEN NOVELTIES,FRUIT & JUC BARS",20.2,0,4,1.0,87,1.2,17.47999954,78.3,0.0,0.03,0.0,0.1,77.0,"1 bar,  (2.5 fl oz)"
ICE CREAMS,"ICE CREAMS,CHOC,LT,NO SUGAR ADDED",25.4,16,12,0.899999976,152,3.54,5.429999828,64.44,0.93,0.527,3.61,5.74,71.5,"1 serving,  1/2 cup"
CANDIES,"CANDIES,DK CHOC COATD COFFEE BNS",59.95,13,0,7.5,540,7.5,42.5,1.47,0.0,0.0,15.0,30.0,40.0,"1 serving, 28 pieces"
SNACKS,"SNACKS,GENERAL MILLS,BETTY CROCKER FRT RL UPS,BRY FLV,W/VT C",85.2,0,0,0.0,373,0.1,38.70000076,10.2,1.724,0.093,0.99,3.5,28.0,2 rolls
ICE CREAMS,"ICE CREAMS,CHOC",28.2,34,22,1.200000048,216,3.8,25.36000061,55.7,3.21,0.41,6.8,11.0,58.0,"1 individual,  (3.5 fl oz)"
ICE CREAMS,"ICE CREAMS,STRAWBERRY",27.6,29,0,0.899999976,192,3.2,0.0,60.0,0.0,0.0,5.19,8.4,58.0,"1 individual,  (3.5 fl oz)"
SNACKS,"SNACKS,FARLEY CANDY,FARLEY FRUIT SNACKS,W/VITAMINS A,C,&E",80.9,0,0,0.0,341,4.4,0.0,14.7,0.0,0.0,0.0,0.0,26.0,1 pouch
CANDIES,"CANDIES,MILK CHOC COATD COFFEE BNS",55.25,20,40,5.699999809,549,7.41,50.75,2.42,13.735,1.31,18.138,33.18,0.0,
FROZEN NOVELTIES,"FROZEN NOVELTIES,ICE TYPE,LIME",32.6,0,4,0.0,128,0.4,32.59999847,66.9,0.0,0.0,0.0,0.0,99.0,".5 cup,  (4 fl oz)"
FROZEN NOVELTIES,"FROZEN NOVELTIES,ICE TYPE,ITALIAN,REST-PREP",13.5,0,0,0.0,53,0.03,0.0,86.4,0.0,0.0,0.0,0.02,29.0,1 fl oz
FROZEN NOVELTIES,"FROZEN NOVELTIES,ICE TYPE,POP",19.23,0,0,0.0,79,0.0,13.65999985,80.49,0.051,0.016,0.013,0.24,51.94,"1 serving,  1.75 fl oz pop"
CANDIES,"CANDIES,MASTERFOODS USA,M&M'S CRISPY CHOC CANDIES",72.4,12,0,2.0,475,4.28,58.93999863,1.7,0.0,0.0,11.651,19.32,46.8,"1 serving, 1.6 oz bag"
FROZEN YOGURTS,"FROZEN YOGURTS,VANILLA,SOFT-SERVE",24.2,2,20,0.0,163,4.0,24.0,65.3,1.59,0.21,3.42,5.6,72.0,.5 cup
FRUIT BUTTERS,"FRUIT BUTTERS,APPLE",42.47,0,2,1.5,173,0.39,35.29999924,56.45,0.016,0.084,0.053,0.3,282.0,1 cup
CANDIES,"CANDIES,MASTERFOODS USA,SNICKERS MUNCH BAR",43.64,24,0,4.699999809,536,15.25,30.87000084,2.99,0.0,0.0,8.819,36.22,40.3,"1 serving, 1.42 oz bar"
No Category,HONEY,82.4,0,2,0.200000003,304,0.3,82.12000275,17.1,0.0,0.0,0.0,0.0,339.0,1 cup
No Category,JAMS AND PRESERVES,68.86,0,10,1.100000024,278,0.37,48.5,30.47,0.038,0.0,0.01,0.07,20.0,1 tbsp
No Category,JELLIES,69.95,0,10,1.0,266,0.15,51.22000122,29.77,0.001,0.004,0.005,0.02,20.52,"1 serving, 1 tbsp"
CANDIES,"CANDIES,FUDGE,CHOC MARSHMLLW,W/ NUTS,PREPARED-BY-RECIPE",67.36,23,0,2.099999905,472,3.24,0.0,7.12,5.506,4.081,10.378,21.11,0.0,
CANDIES,"CANDIES,MASTERFOODS USA,SNICKERS ALMOND BAR",64.67,13,0,2.599999905,472,5.4,53.93000031,5.45,0.0,0.0,8.534,22.4,50.0,"1 serving, 1.76 oz bar"
MARMALADE,"MARMALADE,ORANGE",66.3,0,3,0.699999988,246,0.3,60.0,33.2,0.0,0.0,0.0,0.0,320.0,1 cup
No Category,MOLASSES,74.73,0,13,0.0,290,0.0,55.49000168,21.87,0.032,0.05,0.018,0.1,337.16,1 cup
CANDIES,"CANDIES,MASTERFOODS USA,POP'ABLES SNICKERS BRAND BITE SIZE",61.07,13,0,2.299999952,480,7.15,51.68999863,5.78,0.0,0.0,9.891,24.32,39.0,"1 serving, 13 pieces"
CANDIES,"CANDIES,MASTERFOODS USA,POP'ABLES MILKY WAY BRAND BITE SIZE",71.22,11,0,1.0,454,3.3,61.08000183,5.78,0.0,0.0,8.889,18.0,39.0,"1 serving, 13 pieces"
CANDIES,"CANDIES,MASTERFOODS USA,POP'ABLES 3 MUSKETEERS BITE SIZE",75.94,7,0,1.299999952,443,2.59,67.0,5.3,0.0,0.0,9.921,15.17,41.0,"1 serving, 15 pieces"
CANDIES,"CANDIES,MASTERFOODS USA,STARBURST FRUIT CHEWS,FRUIT & CREME",82.43,0,0,0.0,408,0.41,57.97999954,8.7,0.0,0.0,7.931,8.36,40.0,"1 serving, fun size (8 chews)"
PECTIN,"PECTIN,UNSWTND,DRY MIX",90.4,0,0,8.600000381,325,0.3,0.0,8.7,0.01,0.09,0.05,0.3,50.0,"1 package,  (1.75 oz)"
PIE FILLINGS,"PIE FILLINGS,APPL,CND",26.1,0,3,1.0,100,0.1,13.80000019,73.4,0.0,0.0,0.0,0.1,595.0,"1 can,  (21 oz)"
CANDIES,"CANDIES,MASTERFOODS USA,STARBURST FRUIT CHEWS,TROPICAL",82.76,0,0,0.0,409,0.41,58.18000031,8.51,0.0,0.0,8.048,8.31,40.0,"1 serving, fun size (8 chews)"
PIE FILLINGS,"PIE FILLINGS,CND,CHERRY",28.0,0,0,0.600000024,115,0.37,0.0,71.23,0.021,0.021,0.018,0.07,595.0,"1 can,  (21 oz)"
CANDIES,"CANDIES,MASTERFOODS USA,STARBURST SOUR FRUIT CHEWS",79.73,0,0,0.0,400,0.39,56.09999847,10.89,0.0,0.0,7.52,7.78,58.7,"1 serving, 2.07 oz pack"
PUDDINGS,"PUDDINGS,BANANA,DRY MIX,INST",92.7,0,0,0.0,367,0.0,76.56999969,2.8,0.14,0.35,0.09,0.6,99.0,"1 package,  (3.5 oz)"
PUDDINGS,"PUDDINGS,BANANA,DRY MIX,INST,PREP W/ WHL MILK",19.63,11,0,0.0,115,2.73,17.37999916,73.51,0.783,0.162,1.679,2.87,0.0,
PUDDINGS,"PUDDINGS,BANANA,DRY MIX,REG",92.9,0,0,0.300000012,376,0.0,74.31999969,4.1,0.03,0.16,0.09,0.4,88.0,"1 package,  (3.12 oz)"
PUDDINGS,"PUDDINGS,BANANA,DRY MIX,REG,PREP W/ WHL MILK",18.31,12,0,0.0,111,2.86,15.97999954,74.84,0.8,0.134,1.757,2.97,0.0,
PUDDINGS,"PUDDINGS,COCNT CRM,DRY MIX,INST",91.2,0,4,4.0,389,0.9,64.0,2.2,0.0,0.0,2.2,2.3,99.0,"1 package,  (3.5 oz)"
PUDDINGS,"PUDDINGS,COCNT CRM,DRY MIX,INST,PREP W/ WHL MILK",19.1,11,0,0.100000001,117,2.9,0.0,73.4,0.96,0.24,2.1,3.5,147.0,.5 cup
PUDDINGS,"PUDDINGS,COCNT CRM,DRY MIX,REG",81.84,0,4,1.600000024,434,1.0,80.54000092,3.7,0.0,0.0,11.364,11.36,88.0,"1 package,  (3.12 oz)"
PUDDINGS,"PUDDINGS,COCNT CRM,DRY MIX,REG,PREP W/ WHL MILK",17.7,12,0,0.200000003,114,3.0,0.0,74.6,0.88,0.12,2.57,3.8,140.0,.5 cup
CANDIES,"CANDIES,MASTERFOODS USA,COCOAVIA CHOC BAR",55.07,0,0,8.699999809,471,5.81,39.18999863,0.7,0.0,0.0,15.703,29.3,22.0,"1 serving, 0.78 oz bar"
CANDIES,"CANDIES,MASTERFOODS USA,COCOAVIA BLUEBERRY & ALMOND CHOC BAR",55.3,0,0,9.100000381,471,6.35,38.99000168,2.9,0.0,0.0,13.07,28.68,22.0,"1 serving, 0.78 oz bar"
CANDIES,"CANDIES,MASTERFOODS USA,COCOAVIA CRISPY CHOC BAR",55.08,0,0,7.800000191,456,8.21,34.95999908,1.9,0.0,0.0,14.007,26.23,20.0,"1 serving, 0.7 oz bar"
PUDDINGS,"PUDDINGS,LEMON,DRY MIX,INST",95.4,0,0,0.0,378,0.0,0.0,0.7,0.28,0.25,0.1,0.7,99.0,"1 package,  (3.5 oz)"
PUDDINGS,"PUDDINGS,LEMON,DRY MIX,INST,PREP W/ WHL MILK",20.1,11,0,0.0,115,2.7,0.0,73.2,0.85,0.15,1.74,2.9,147.0,.5 cup
PUDDINGS,"PUDDINGS,LEMON,DRY MIX,REG",91.8,0,0,0.100000001,363,0.1,0.0,5.2,0.0,0.0,0.0,0.5,85.0,"1 package,  (3 oz)"
PUDDING,"PUDDING,LEMON,DRY MIX,REG,PREP W/ SUGAR,EGG YOLK & H2O",24.2,49,0,0.0,109,0.65,13.51000023,73.62,0.47,0.168,0.382,1.12,0.0,
SUGARS,"SUGARS,BROWN",98.09,0,2,0.0,380,0.12,97.01999664,1.34,0.0,0.0,0.0,0.0,220.0,"1 cup,  packed"
SUGARS,"SUGARS,GRANULATED",99.98,0,0,0.0,387,0.0,99.91000366,0.03,0.0,0.0,0.0,0.0,2.84,"1 serving, packet"
SUGARS,"SUGARS,POWDERED",99.6,0,0,0.0,389,0.0,97.91000366,0.3,0.032,0.05,0.02,0.1,120.0,"1 cup, unsifted"
SWEETENERS,"SWEETENERS,TABLETOP,ASPRT,EQ,PACKETS",89.08,0,0,0.0,365,2.17,80.69999695,8.75,0.0,0.0,0.0,0.0,3.54,1 tsp
SUGARS,"SUGARS,MAPLE",90.9,0,2,0.0,354,0.1,84.87000275,8.0,0.064,0.1,0.036,0.2,3.0,1 tsp
SYRUPS,"SYRUPS,CHOC,HERSHEY'S GENUINE CHOC FLAV LITE SYRUP",34.56,0,1,0.0,143,1.4,28.56999969,62.16,0.0,0.0,0.0,0.97,35.0,2 tbsp
SYRUPS,"SYRUPS,CHOC,FUDGE-TYPE",62.9,1,6,2.799999952,350,4.6,34.81999969,21.8,3.857,0.278,3.98,8.9,304.0,1 cup
SYRUPS,"SYRUPS,CORN,DK",77.59,0,13,0.0,286,0.0,26.70000076,22.01,0.0,0.0,0.0,0.0,328.0,1 cup
SYRUPS,"SYRUPS,CORN,LT",76.79,0,0,0.0,283,0.0,26.77000046,22.81,0.0,0.0,0.0,0.2,340.55,1 cup
SYRUPS,"SYRUPS,CORN,HIGH-FRUCTOSE",76.0,0,0,0.0,281,0.0,26.36000061,24.0,0.0,0.0,0.0,0.0,310.0,1 cup
SYRUPS,"SYRUPS,MALT",71.3,0,0,0.0,318,6.2,71.30000305,21.1,0.0,0.0,0.0,0.0,384.0,1 cup
SYRUPS,"SYRUPS,MAPLE",67.09,0,2,0.0,261,0.0,59.52000046,32.11,0.064,0.1,0.036,0.2,322.45,1 cup
SYRUPS,"SYRUPS,SORGHUM",74.9,0,13,0.0,290,0.0,74.90000153,22.7,0.0,0.0,0.0,0.0,330.0,1 cup
CANDIES,"CANDIES,MASTERFOODS USA,SNICKERS CRUNCHER",62.85,9,0,1.899999976,488,6.86,46.54000092,4.47,0.0,0.0,12.703,24.38,47.1,"1 serving, 1.66 oz bar"
SYRUPS,"SYRUPS,TABLE BLENDS,PANCAKE,W/2% MAPLE",69.6,0,0,0.0,265,0.0,42.0,30.1,0.032,0.05,0.018,0.1,315.0,1 cup
SYRUPS,"SYRUPS,TABLE BLENDS,CANE&15% MAPLE",69.52,0,0,0.100000001,278,0.0,68.19999695,30.1,0.032,0.05,0.02,0.1,315.0,1 cup
SYRUPS,"SYRUPS,TABLE BLENDS,CORN,REFINER,&SUGAR",83.9,0,0,0.0,319,0.0,0.0,15.6,0.0,0.0,0.0,0.0,316.0,1 cup
CANDIES,"CANDIES,MASTERFOODS USA,SKITTLES WILD BERRY BITE SIZE",90.9,0,0,0.0,405,0.19,75.91999817,3.83,0.0,0.0,4.115,4.25,61.5,"1 serving, 2.1 oz bag"
TOPPINGS,"TOPPINGS,BUTTERSCOTCH OR CARAMEL",65.9,1,0,0.899999976,252,1.5,0.0,32.0,0.02,0.0,0.11,0.1,41.0,2 tbsp
TOPPINGS,"TOPPINGS,MARSHMLLW CRM",79.0,0,0,0.100000001,322,0.8,46.79999924,19.8,0.08,0.047,0.056,0.3,28.35,1 oz
TOPPINGS,"TOPPINGS,PINEAPPLE",66.4,0,2,0.400000006,253,0.1,21.01000023,33.0,0.032,0.05,0.018,0.1,340.0,1 cup
TOPPINGS,"TOPPINGS,NUTS IN SYRUP",58.08,0,12,2.299999952,448,4.5,36.72000122,14.69,4.97,13.73,1.96,22.0,328.0,1 cup
CANDIES,"CANDIES,MASTERFOODS USA,SKITTLES TROPICAL BITE SIZE CANDIES",90.77,0,0,0.0,405,0.19,75.76000214,3.83,0.0,0.0,0.0,4.34,61.5,"1 serving, 2.1 oz bag"
CANDIES,"CANDIES,MASTERFOODS USA,SKITTLES SOURS ORIGINAL",86.94,0,0,0.0,397,0.18,73.16000366,3.83,0.0,0.0,3.765,4.0,51.0,"1 serving, 1.80 oz bag"
CANDIES,"CANDIES,MASTERFOODS USA,SKITTLES ORIGINAL BITE SIZE CANDIES",90.78,0,0,0.0,405,0.19,75.83999634,3.83,0.0,0.0,4.115,4.37,61.5,"1 serving, 2.17 oz pack"
FROSTINGS,"FROSTINGS,VANILLA,CREAMY,DRY MIX,PREP W/ MARGARINE",74.28,0,0,0.100000001,413,0.34,0.0,12.18,3.942,2.797,1.74,12.74,0.0,
FROSTINGS,"FROSTINGS,CHOC,CREAMY,DRY MIX,PREP W/ MARGARINE",71.02,0,0,1.899999976,404,1.1,0.0,14.07,3.943,2.797,1.74,12.87,0.0,
FROSTINGS,"FROSTINGS,GLAZE,PREPARED-FROM-RECIPE",83.65,1,0,0.0,341,0.44,80.44000244,15.27,0.137,0.067,0.271,0.53,327.0,"1 recipe,  yield"
CANDIES,"CANDIES,FUDGE,CHOC MARSHMLLW,PREPARED-FROM-RECIPE",71.34,25,0,1.700000048,453,2.26,64.05999756,7.82,5.205,0.611,10.669,17.48,20.0,1 piece
CANDIES,"CANDIES,TAFFY,PREPARED-FROM-RECIPE",91.56,9,0,0.0,397,0.03,68.48000336,4.85,0.838,0.121,2.049,3.33,15.0,1 piece
CANDIES,"CANDIES,TOFFEE,PREPARED-FROM-RECIPE",64.72,104,0,0.0,560,1.07,63.47000122,0.55,8.964,1.222,20.565,32.75,12.0,1 piece
CANDIES,"CANDIES,DIVINITY,PREPARED-FROM-RECIPE",89.05,0,0,0.0,364,1.32,78.95999908,9.16,0.0,0.0,0.0,0.06,11.0,1 piece
FROZEN NOVELTIES,"FROZEN NOVELTIES,ICE TYPE,PINEAPPLE-COCONUT",23.9,0,0,0.699999988,113,0.0,0.0,73.3,0.111,0.029,2.304,2.6,99.0,".5 cup,  (4 fl oz)"
FROZEN YOGURTS,"FROZEN YOGURTS,CHOC,SOFT-SERVE",24.9,5,0,2.200000048,160,4.0,0.0,63.8,1.75,0.22,3.63,6.0,72.0,".5 cup,  (4 fl oz)"
No Category,BANANA CHIPS,58.4,0,21,7.699999809,519,2.3,35.34000015,4.3,1.95,0.63,28.97,33.6,28.35,1 oz
CORNNUTS,"CORNNUTS,BARBECUE-FLAVOR",71.7,0,0,8.399999619,436,9.0,0.0,1.6,7.36,3.22,2.58,14.3,28.35,1 oz
CORNNUTS,"CORNNUTS,NACHO-FLAVOR",71.6,2,0,8.0,438,9.4,0.0,2.1,7.31,3.2,2.56,14.2,28.35,1 oz
GRANOLA BARS,"GRANOLA BARS,SOFT,UNCOATED,CHOC CHIP",70.2,0,17,3.799999952,418,5.65,28.92000008,6.45,6.967,1.576,6.061,16.57,42.5,"1 bar,  (1.5 oz)"
GRANOLA BARS,"GRANOLA BARS,SOFT,UNCOATED,CHOC CHIP,GRAHAM&MARSHMLLW",70.8,1,0,4.0,427,6.1,0.0,6.0,2.92,2.55,9.18,15.5,28.35,"1 bar,  (1 oz)"
GRANOLA BARS,"GRANOLA BARS,SOFT,UNCOATED,NUT&RAISIN",63.6,1,0,5.599999905,454,8.0,0.0,6.1,4.22,5.52,9.54,20.4,28.35,"1 bar,  (1 oz)"
SNACKS,"SNACKS,BF STKS,SMOKED",5.4,133,0,0.0,550,21.5,0.0,19.1,20.47,4.42,20.8,49.6,28.35,1 oz
PORK SKINS,"PORK SKINS,BARBECUE-FLAVOR",1.6,115,0,0.0,538,57.9,0.0,2.1,15.03,3.45,11.56,31.8,28.35,1 oz
FROSTING,"FROSTING,GLAZ,CHC,PREP-FRM-RCIP,W/ BUTR,NFSMI RECIP NO. C-32",72.18,18,0,1.100000024,359,1.42,64.30000305,18.27,1.894,0.294,4.483,7.17,0.0,
SNACK,"SNACK,POTATO CHIPS,MADE FROM DRIED POTATOES,PLN",52.02,0,33,3.099999905,559,4.45,1.139999986,2.54,7.048,13.594,9.492,38.41,28.35,1 oz
POTATO CHIPS,"POTATO CHIPS,PLAIN,SALTED",49.74,0,12,4.400000095,547,6.56,0.370000005,2.28,9.84,12.17,10.96,37.47,28.35,1 oz
POTATO CHIPS,"POTATO CHIPS,MADE FROM DRIED POTATOES,CHEESE-FLAVOR",50.6,4,0,3.400000095,551,7.0,0.0,1.9,7.14,18.66,9.57,37.0,28.35,1 oz
RICE CAKES,"RICE CAKES,BROWN RICE,CORN",81.2,0,0,2.900000095,385,8.4,0.0,5.9,1.14,1.13,0.63,3.2,9.0,1 cake
RICE CAKES,"RICE CAKES,BROWN RICE,MULTIGRAIN",80.1,0,0,3.0,387,8.5,0.0,6.3,1.16,1.44,0.56,3.5,9.0,1 cake
No Category,POTATO STICKS,53.3,0,35,3.400000095,522,6.7,0.219999999,2.2,6.16,17.9,8.88,34.4,28.35,1 oz
RICE CAKES,"RICE CAKES,BROWN RICE,RYE",79.9,0,0,4.0,386,8.1,0.0,6.8,1.31,1.55,0.58,3.8,9.0,1 cake
SESAME STKS,"SESAME STKS,WHEAT-BASED,SALTED",46.5,0,17,2.799999952,541,10.9,0.189999998,2.0,10.91,17.42,6.48,36.7,28.35,1 oz
GRANOLA BARS,"GRANOLA BARS,HARD,PNUT BUTTER",62.3,0,0,2.900000095,483,9.8,0.0,2.3,7.0,12.08,3.2,23.8,28.35,1 oz
POTATO CHIPS,"POTATO CHIPS,CHEESE-FLAVOR",57.7,4,0,5.199999809,496,8.5,0.0,1.8,7.72,9.56,8.6,27.2,28.35,1 oz
POTATO CHIPS,"POTATO CHIPS,LIGHT",66.9,0,45,5.900000095,471,7.1,0.219999999,1.0,4.8,10.94,4.16,20.8,28.35,1 oz
SNACKS,"SNACKS,POTATO CHIPS,FAT-FREE,MADE W/OLESTRA",65.0,0,39,6.800000191,274,7.74,0.0,2.0,0.18,0.304,0.24,0.7,28.35,1 oz
SNACKS,"SNACKS,TORTILLA CHIPS,NACHO-FLAVOR,RED FAT",71.6,3,0,4.800000191,445,8.7,0.0,1.3,8.95,2.1,2.91,15.2,28.35,1 oz
TORTILLA CHIPS,"TORTILLA CHIPS,LOFAT,BKD WO/FAT",80.0,0,22,5.300000191,415,11.0,0.670000017,1.7,1.66,2.87,0.85,5.7,28.35,1 oz
CHEESE PUFFS&TWISTS,"CHEESE PUFFS&TWISTS,CORN BSD,LOFAT",72.35,1,14,10.69999981,432,8.5,7.289999962,3.0,3.5,5.74,2.1,12.1,28.35,1 oz
SNACKS,"SNACKS,GRANOLA BAR,FRUIT-FILLED,NONFAT",77.6,0,27,7.400000095,342,5.9,55.34000015,13.7,0.24,0.35,0.2,0.9,28.35,1 oz
POPCORN,"POPCORN,SUGAR SYRUP/CARAMEL,FAT-FREE",90.06,0,13,2.5,381,2.0,64.68000031,6.0,0.26,0.634,0.2,1.4,28.35,1 oz
POTATO CHIPS,"POTATO CHIPS,FAT FREE,SALTED",83.76,0,54,7.5,379,9.64,3.690000057,2.0,0.015,0.255,0.15,0.6,28.35,1 oz
SNACKS,"SNACKS,KELLOGG,KELLOGG'S RICE KRISPIES TREATS SQUARES",80.5,0,0,0.600000024,414,3.4,0.0,5.9,2.5,5.1,1.4,9.0,37.0,1 bar
SNACKS,"SNACKS,KELLOGG'S LOFAT GRANOLA BAR,CRUNCHY ALMD/BRN SUGAR",78.0,0,0,6.199999809,390,8.0,0.0,5.0,1.8,4.5,1.1,7.4,37.0,1 bar
SNACKS,"SNACKS,M&M MARS,KUDOS WHL GRAIN BARS,CHOC CHIP",72.31,136,0,2.599999905,420,4.47,38.77999878,4.9,4.71,2.749,4.701,13.02,28.4,1 bar
SNACKS,"SNACKS,KELLOGG,KELLOGG'S NUTRI-GRAIN CRL BARS,FRUIT-FILLED",72.4,0,34,2.099999905,375,4.4,35.09999847,14.5,5.057,0.906,1.016,7.5,37.0,1 bar
SNACKS,"SNACKS,TORTILLA CHIPS,LOFAT,MADE W/OLESTRA,NACHO CHS",65.22,2,20,6.400000095,318,8.44,2.819999933,1.66,1.379,1.211,1.054,3.53,28.35,1 oz
Snacks,"Snacks, potato chips, from dried potatoes, fat-free, olestra",56.0,0,39,7.300000191,253,5.06,0.589999974,2.63,0.3,0.19,0.355,0.93,28.35,1 oz
No Category,TARO CHIPS,68.1,0,44,7.199999809,498,2.3,3.819999933,2.0,4.43,12.88,6.43,24.9,28.35,1 oz
CANDIES,"CANDIES,SEMISWEET CHOC,MADE W/BUTTER",63.4,18,0,5.900000095,477,4.2,0.0,0.7,9.93,0.95,17.53,29.7,170.0,"1 cup, chips (6 oz package)"
GELATIN DSSRT,"GELATIN DSSRT,DRY MIX,W/ ADDED VIT C,SODIUM-CITRATE & SALT",90.5,0,0,0.0,381,7.8,0.0,1.0,0.0,0.0,0.0,0.0,85.0,"1 package,  (3 oz)"
GELATIN DSSRT,"GELATIN DSSRT,DRY MIX,RED CAL,W/ ASPRT,ADDED P,K,NA,VIT C",33.3,0,0,0.0,345,55.3,0.0,6.7,0.0,0.0,0.0,0.0,9.0,1 tbsp
GELATIN DSSRT,"GELATIN DSSRT,DRY MIX,RED CAL,W/ ASPRT,NO ADDED NA",33.3,0,0,0.0,345,55.3,0.0,6.7,0.0,0.0,0.0,0.0,9.0,1 tbsp
PUDDINGS,"PUDDINGS,BANANA,DRY MIX,INST,W/ ADDED OIL",89.0,0,0,0.0,386,0.0,0.0,2.8,1.3,2.12,0.79,4.4,99.0,"1 package,  (3.5 oz)"
PUDDINGS,"PUDDINGS,BANANA,DRY MIX,REG,W/ ADDED OIL",88.4,0,0,0.300000012,387,0.0,0.0,4.1,1.48,2.41,0.9,5.0,88.0,"1 package,  (3.12 oz)"
PUDDINGS,"PUDDINGS,LEMON,DRY MIX,REG,W/ ADDED OIL,K,NA",90.3,0,0,0.100000001,366,0.1,0.0,5.2,0.44,0.72,0.27,1.5,85.0,"1 package,  (3 oz)"
PUDDINGS,"PUDDINGS,TAPIOCA,DRY MIX,W/ NO ADDED SALT",94.3,0,0,0.200000003,369,0.1,0.0,4.0,0.0,0.0,0.0,0.1,92.0,"1 package,  (3.5 oz)"
PUDDINGS,"PUDDINGS,VANILLA,DRY MIX,REG,W/ ADDED OIL",92.4,0,0,0.0,369,0.3,0.0,3.9,0.32,0.53,0.2,1.1,88.0,"1 package,  (3.12 oz)"
JAMS&PRESERVES,"JAMS&PRESERVES,APRICOT",64.4,0,0,0.300000012,242,0.7,43.40000153,34.5,0.0,0.0,0.01,0.2,20.0,1 tbsp
SYRUPS,"SYRUPS,TABLE BLENDS,PANCAKE,W/2% MAPLE,W/ K",69.6,0,0,0.0,265,0.0,0.0,30.1,0.0,0.0,0.0,0.1,315.0,1 cup
CORN CAKES,"CORN CAKES,VERY LO NA",83.4,0,0,0.0,387,8.1,0.0,4.6,0.76,0.93,0.42,2.4,9.0,1 cake
SNACKS,"SNACKS,CORN-BASED,EXTRDD,PUFFS OR TWISTS,CHEESE-FLAVOR,UNENR",54.1,4,0,2.200000048,558,5.76,2.75999999,1.5,10.437,18.649,5.512,35.76,28.35,1 oz
SNACKS,"SNACKS,CORN-BASE,EXTRUD,CHIPS,BARBECUE-FLAVOR,W/ENR MASA FLR",56.2,0,0,0.0,523,7.0,0.0,1.2,9.48,16.17,4.46,32.7,28.35,1 oz
POPCORN,"POPCORN,AIR-POPPED,WHITE POPCORN",77.9,0,0,15.10000038,382,12.0,0.0,4.1,1.1,1.9,0.57,4.2,8.0,1 cup
POPCORN,"POPCORN,OIL-POPPED,WHITE POPCORN",57.2,0,0,10.0,500,9.0,0.0,2.8,8.17,13.42,4.89,28.1,11.0,1 cup
POTATO CHIPS,"POTATO CHIPS,PLN,MADE W/PART HYDR SOYBN OIL,SALTED",52.9,0,0,4.800000191,536,7.0,0.0,1.9,18.0,9.16,5.43,34.6,28.35,1 oz
POTATO CHIPS,"POTATO CHIPS,PLN,MADE W/PART HYDR SOYBN OIL,UNSALTED",52.9,0,0,4.800000191,536,7.0,0.0,1.9,18.0,9.16,5.43,34.6,28.35,1 oz
POTATO CHIPS,"POTATO CHIPS,PLN,UNSALTED",52.9,0,38,4.800000191,536,7.0,0.219999999,1.9,9.84,12.17,10.96,34.6,28.35,1 oz
PRETZELS,"PRETZELS,HARD,PLN,MADE W/UNENR FLR,SALTED",79.2,0,0,2.799999952,381,9.1,0.0,3.3,1.36,1.22,0.75,3.5,28.35,1 oz
PRETZELS,"PRETZELS,HARD,PLN,MADE W/UNENR FLR,UNSALTED",79.2,0,0,2.799999952,381,9.1,0.0,3.3,1.36,1.22,0.75,3.5,28.35,1 oz
SNACKS,"SNACKS,PRETZELS,HARD,PLN,MADE W/ ENR FLR,UNSALTED",79.2,0,24,2.799999952,381,9.1,2.210000038,3.3,1.36,1.22,0.75,3.5,28.35,1 oz
RICE CAKES,"RICE CAKES,BROWN RICE,PLN,UNSALTED",81.5,0,32,4.199999809,387,8.2,0.879999995,5.8,1.03,0.99,0.57,2.8,9.0,1 cake
RICE CAKES,"RICE CAKES,BROWN RICE,BUCKWHEAT,UNSALTED",80.1,0,0,0.0,380,9.0,0.0,5.9,1.11,1.11,0.64,3.5,9.0,1 cake
RICE CAKES,"RICE CAKES,BROWN RICE,MULTIGRAIN,UNSALTED",80.1,0,0,0.0,387,8.5,0.0,6.3,1.16,1.44,0.56,3.5,9.0,1 cake
RICE CAKES,"RICE CAKES,BROWN RICE,SESAME SD,UNSALTED",81.5,0,0,0.0,392,7.6,0.0,5.9,1.1,1.15,0.54,3.8,9.0,1 cake
SESAME STKS,"SESAME STKS,WHEAT-BASED,UNSALTED",46.5,0,0,0.0,541,10.9,0.0,2.0,10.91,17.42,6.48,36.7,28.35,1 oz
TRAIL MIX,"TRAIL MIX,REG,UNSALTED",44.9,0,0,0.0,462,13.8,0.0,9.2,12.53,9.65,5.55,29.4,150.0,1 cup
TRAIL MIX,"TRAIL MIX,REG,W/CHOC CHIPS,UNSALTED NUTS&SEEDS",44.9,4,0,0.0,484,14.2,0.0,6.6,13.54,11.29,6.1,31.9,146.0,1 cup
POTATO CHIPS,"POTATO CHIPS,WO/SALT,RED FAT",67.8,0,53,6.099999905,487,7.1,0.219999999,1.0,4.8,10.94,4.16,20.8,28.35,1 oz
TORTILLA CHIPS,"TORTILLA CHIPS,LOFAT,UNSALTED",80.1,0,23,5.300000191,416,11.0,0.850000024,1.7,1.66,2.87,0.85,5.7,28.35,1 oz
FROZEN NOVELTIES,"FROZEN NOVELTIES,JUC TYPE,POPSICLE SCRIBBLERS",19.68,0,0,0.0,81,0.0,14.56999969,79.96,0.0,0.0,0.0,0.24,33.33,"1 serving,  1.2 fl oz pop"
SNACKS,"SNACKS,TORTILLA CHIPS,NACHO-FLAVOR,MADE W/ENR MASA FLR",62.4,3,0,5.300000191,498,7.8,0.0,1.7,15.09,3.54,4.9,25.6,28.35,1 oz
CANDIES,"CANDIES,SUGAR-COATED ALMONDS",68.26,0,26,2.5,474,10.0,62.5,2.3,12.078,3.904,1.948,17.93,3.5,1 piece
COCOA,"COCOA,DRY PDR,HI-FAT OR BRKFST,PLN",48.3,0,12,29.79999924,299,16.8,1.549999952,3.0,7.38,0.769,12.64,23.71,5.4,1 tbsp
COCOA,"COCOA,DRY PDR,HI-FAT OR BRKFST,PROC W/ALKALI",45.4,0,11,33.90000153,295,16.8,1.529999971,3.0,7.38,0.769,12.64,23.71,0.0,
CANDIES,"CANDIES,SOFT FRUIT & NUT SQUARES",73.81,0,6,2.400000095,390,2.31,45.95000076,13.88,1.297,6.84,0.898,9.52,0.0,
ICE CREAMS,"ICE CREAMS,VANILLA,FAT FREE",30.06,0,24,1.0,138,4.48,6.300000191,64.35,0.0,0.0,0.0,0.0,0.0,
SWEETENERS,"SWEETENERS,TABLETOP,SUCRALOSE,SPLENDA PACKETS",89.97,0,0,0.0,331,0.0,80.33000183,8.83,0.0,0.0,0.0,0.0,0.98,"1 serving,  1 packet"
FROZEN NOVELTIES,"FROZEN NOVELTIES,NO SUGAR ADDED,FUDGESICLE POPS",22.28,2,12,1.600000024,105,3.6,3.930000067,71.85,0.157,0.089,0.591,0.97,84.26,1 serving
FROZEN NOVELTIES,"FROZEN NOVELTIES,FAT FREE FUDGESICLE BARS",26.94,3,0,1.700000048,127,5.55,20.10000038,65.94,0.0,0.0,0.48,0.66,50.5,"1 serving,  1 pop"
FROZ NOVELTIES,"FROZ NOVELTIES,ICE TYPE,SUGAR FREE,ORNGE,CHRY,& GRP POPSICLE",5.14,0,0,0.0,21,0.0,1.519999981,94.03,0.0,0.0,0.0,0.0,54.68,"1 serving,  1.75 fl oz pop"
FRZ NVL,"FRZ NVL, KLONDIKE,SLIM-A-BEAR FUDG BR,98% FT FR,NO SGR ADDED",30.07,7,0,6.0,124,4.31,7.099999905,63.51,0.0,0.0,1.0,1.88,74.41,"1 serving,  3.5 fl oz bar"
ICE CREAMS,"ICE CREAMS,BREYERS,ALL NAT LT VANILLA",25.3,15,0,0.200000003,162,4.84,22.78000069,64.89,0.0,0.0,2.86,4.59,68.0,"1 serving,  1/2 cup"
ICE CREAMS,"ICE CREAMS,BREYERS,ALL NAT LT FRENCH VANILLA",26.03,53,0,0.200000003,173,4.82,21.11000061,62.71,0.0,0.0,3.22,5.56,68.0,"1 serving,  1/2 cup"
ICE CREAMS,"ICE CREAMS,BREYERS,98% FAT FREE VANILLA",30.51,8,0,5.400000095,137,3.3,20.93000031,63.42,0.0,0.0,1.41,2.2,68.0,"1 serving,  1/2 cup"
ICE CREAMS,"ICE CREAMS,BREYERS,ALL NAT LT VANILLA CHOC STRAWBERRY",26.06,14,0,0.400000006,161,4.69,22.46999931,63.32,0.0,0.0,2.7,4.35,68.0,"1 serving,  1/2 cup"
ICE CREAMS,"ICE CREAMS,BREYERS,ALL NAT LT MINT CHOC CHIP",28.39,15,0,0.600000024,196,4.69,25.37999916,59.11,0.0,0.0,4.48,7.09,68.0,"1 serving,  1/2 cup"
ICE CREAMS,"ICE CREAMS,BREYERS,NO SUGAR ADDED,BUTTER PECAN",21.3,18,0,0.899999976,180,3.99,5.900000095,63.52,0.0,0.0,4.18,10.3,68.0,"1 serving,  1/2 cup"
ICE CREAMS,"ICE CREAMS,BREYERS,NO SUGAR ADDED,FRENCH VANILLA",20.75,53,0,0.5,154,4.5,7.699999809,66.48,0.0,0.0,4.17,7.05,68.0,"1 serving,  1/2 cup"
ICE CREAMS,"ICE CREAMS,BREYERS,NO SUGAR ADDED,VANILLA",21.92,18,0,0.5,143,3.68,6.090000153,67.86,0.0,0.0,3.9,6.2,69.0,"1 serving,  1/2 cup"
ICE CREAMS,"ICE CREAMS,BREYERS,NO SUGAR ADDED,VANILLA FUDGE TWIRL",25.63,16,0,0.800000012,153,3.53,5.489999771,64.4,0.0,0.0,3.57,5.68,72.0,"1 serving,  1/2 cup"
ICE CREAMS,"ICE CREAMS,BREYERS,NO SUGAR ADDED,VANILLA CHOC STRAWBERRY",21.7,18,0,0.699999988,143,3.71,6.150000095,67.34,0.0,0.0,3.94,6.26,68.0,"1 serving,  1/2 cup"
FROZEN NOVELTIES,"FROZEN NOVELTIES,KLONDIKE,SLIM-A-BEAR VANILLA CONE",44.75,3,0,3.799999952,222,3.72,24.75,46.57,0.0,0.0,0.95,4.0,78.79,"1 serving,  1 cone"
FROZEN NOVELTIES,"FROZEN NOVELTIES,KLONDIKE,SLIM-A-BEAR CHOC CONE",45.32,2,0,4.300000191,224,4.09,24.62000084,45.51,0.0,0.0,1.001,4.1,78.74,"1 serving,  1 cone"
FROZEN NOVELTIES,"FROZEN NOVELTIES,KLONDIKE,SLIM-A-BEAR VANILLA SNDWCH",44.2,4,0,4.300000191,211,5.96,21.81999969,46.65,0.0,0.0,0.74,2.34,63.69,"1 serving,  1 sandwich"
FROZEN NOVELTIES,"FROZEN NOVELTIES,KLONDIKE,SLIM-A-BEAR CHOC SNDWCH",44.12,4,0,4.800000191,212,6.21,21.5,46.53,0.0,0.0,0.81,2.43,63.59,"1 serving,  1 sandwich"
FROZEN NOVELTIES,"FROZEN NOVELTIES,KLONDIKE,SLIM-A-BEAR MINT SNDWCH",44.16,4,0,4.300000191,210,5.96,21.80999947,46.65,0.0,0.0,0.74,2.34,63.69,"1 serving,  1 sandwich"
FROZEN NOVL,"FROZEN NOVL,KLONDIKE,SLIM-A-BEAR,NO SGR ADDED,STICKLESS BAR",27.09,8,0,4.800000191,224,5.16,8.640000343,54.69,0.0,0.0,9.51,11.93,0.0,
FROZEN NOVELTIES,"FROZEN NOVELTIES,NO SUGAR ADDED CREAMSICLE POPS",14.54,3,0,0.300000012,57,1.78,2.75,82.38,0.0,0.0,0.47,0.86,44.0,"1 serving,  1 pop"
FROZEN NOVELTIES,"FROZEN NOVELTIES,SUGAR FREE,CREAMSICLE POPS",11.95,0,0,7.5,49,1.37,0.430000007,83.91,0.0,0.0,2.0,2.33,79.55,"1 serving,  2 pops"
ICE CREAMS,"ICE CREAMS,BREYERS,ALL NAT LT FRENCH CHOC",29.68,41,0,1.0,201,5.3,24.04000092,56.58,0.0,0.0,4.28,7.28,68.0,"1 serving,  1/2 cup"
ICE CREAMS,"ICE CREAMS,BREYERS,98% FAT FREE CHOC",30.18,7,0,5.800000191,136,3.89,20.29000092,63.2,0.0,0.0,1.38,2.17,68.0,"1 serving,  1/2 cup"
ICE CREAMS,"ICE CREAMS,BREYERS,NO SUGAR ADDED,CHOC CARAMEL",25.17,16,0,1.0,151,3.54,5.809999943,64.71,0.0,0.0,3.65,5.8,71.0,"1 serving,  1/2 cup"
CANDIES,"CANDIES,REESE'S FAST BREAK,CANDY BAR",63.9,9,21,3.599999905,495,8.93,53.56999969,1.66,8.104,4.241,8.036,23.21,56.0,"1 serving,  1 bar"
CANDIES,"CANDIES,MASTERFOODS USA,COCOAVIA CHOC COVERED ALMONDS",43.82,0,0,10.39999962,510,9.51,26.92000008,1.5,0.0,0.0,11.745,37.07,28.0,"1 serving, 1oz pack"
ICE CREAMS,"ICE CREAMS,REG,LO CARBOHYDRATE,VANILLA",15.87,32,26,4.800000191,190,3.17,6.349999905,67.36,3.17,0.41,6.79,12.7,58.0,"1 individual,  (3.5 fl oz)"
ICE CREAMS,"ICE CREAMS,REG,LO CARBOHYDRATE,CHOC",15.87,34,22,4.800000191,193,3.8,6.349999905,66.63,3.712,0.474,7.864,12.7,58.0,"1 individual,  (3.5 fl oz)"
CANDIES,"CANDIES,CHOC,DK,45-59% CACAO SOL",61.81,8,0,7.0,543,4.88,47.90000153,0.97,9.54,1.092,18.519,30.64,28.35,1 oz
CANDIES,"CANDIES,CHOC,DK,60-69% CACAO SOL",52.59,6,0,8.0,578,6.12,36.70999908,1.25,11.522,1.221,22.031,38.14,28.35,1 oz
CANDIES,"CANDIES,CHOC,DK,70-85% CACAO SOL",45.81,2,0,10.89999962,599,7.79,23.98999977,1.37,12.781,1.257,24.489,42.72,28.35,1 oz
CANDIES,"CANDIES,CHOC,DK,NFS",60.55,7,0,7.199999809,547,5.09,46.13999939,1.0,9.801,1.107,18.993,31.62,28.35,1 oz
AMARANTH,"AMARANTH,UNCKD",65.25,0,70,6.699999809,371,13.56,1.690000057,11.29,1.685,2.778,1.459,7.02,193.02,1 cup
AMARANTH GRAIN,"AMARANTH GRAIN,CKD",18.69,0,0,2.099999905,102,3.8,0.0,75.16,0.0,0.0,0.0,1.58,246.02,1 cup
No Category,ARROWROOT FLOUR,88.15,0,0,3.400000095,357,0.3,0.0,11.37,0.002,0.045,0.019,0.1,128.0,1 cup
BARLEY,"BARLEY,HULLED",73.48,0,0,17.29999924,354,12.48,0.800000012,9.44,0.295,1.108,0.482,2.3,184.0,1 cup
BARLEY,"BARLEY,PEARLED,RAW",77.72,0,38,15.60000038,352,9.91,0.800000012,10.09,0.149,0.56,0.244,1.16,200.0,1 cup
BARLEY,"BARLEY,PEARLED,COOKED",28.22,0,13,3.799999952,123,2.26,0.280000001,68.8,0.057,0.214,0.093,0.44,157.0,1 cup
No Category,BUCKWHEAT,71.5,0,0,10.0,343,13.25,0.0,9.75,1.04,1.039,0.741,3.4,170.0,1 cup
BUCKWHEAT GROATS,"BUCKWHEAT GROATS,RSTD,DRY",74.95,0,54,10.30000019,346,11.73,0.0,8.41,0.828,0.828,0.591,2.71,164.0,1 cup
BUCKWHEAT GROATS,"BUCKWHEAT GROATS,RSTD,CKD",19.94,0,20,2.700000048,92,3.38,0.899999976,75.63,0.188,0.188,0.134,0.62,168.0,1 cup
BUCKWHEAT FLR,"BUCKWHEAT FLR,WHOLE-GROAT",70.59,0,54,10.0,335,12.62,2.599999905,11.15,0.949,0.949,0.677,3.1,120.0,1 cup
BULGUR,"BULGUR,DRY",75.87,0,28,18.29999924,342,12.29,0.409999996,9.0,0.173,0.541,0.232,1.33,140.0,1 cup
BULGUR,"BULGUR,COOKED",18.58,0,7,4.5,83,3.08,0.100000001,77.76,0.031,0.098,0.042,0.24,182.0,1 cup
CORN,"CORN,YELLOW",74.26,0,0,7.300000191,365,9.42,0.639999986,10.37,1.251,2.163,0.667,4.74,166.0,1 cup
CORN BRAN,"CORN BRAN,CRUDE",85.64,0,18,79.0,224,8.36,0.0,4.71,0.243,0.421,0.13,0.92,76.0,1 cup
CORN FLR,"CORN FLR,WHOLE-GRAIN,YEL",76.85,0,22,7.300000191,361,6.93,0.639999986,10.91,1.018,1.759,0.543,3.86,117.0,1 cup
CORN FLR,"CORN FLR,MASA,ENR,WHITE",76.27,0,4,9.600000381,365,9.34,0.639999986,9.03,0.997,1.724,0.532,3.78,114.0,1 cup
CORN FLR,"CORN FLR,DEGERMED,UNENR,YEL",82.75,0,0,1.899999976,375,5.59,0.639999986,9.81,0.274,0.695,0.171,1.39,126.0,1 cup
CORNMEAL,"CORNMEAL,WHOLE-GRAIN,YEL",76.89,0,22,7.300000191,362,8.12,0.639999986,10.26,0.948,1.638,0.505,3.59,122.0,1 cup
CORNMEAL,"CORNMEAL,DEGERMED,ENR,YEL",79.15,0,11,4.0,369,7.25,1.659999967,11.26,0.347,0.734,0.194,1.79,158.88,1 cup
CORNMEAL,"CORNMEAL,SELF-RISING,BOLTED,PLN,ENR,YEL",70.28,0,0,6.699999809,334,8.28,0.0,12.59,0.897,1.55,0.478,3.4,122.0,1 cup
CORNMEAL,"CORNMEAL,SELF-RISING,BOLTED,W/WHEAT FLR,ENR,YEL",73.43,0,0,6.300000191,348,8.41,0.0,10.33,0.751,1.297,0.4,2.85,170.0,1 cup
CORNMEAL,"CORNMEAL,SELF-RISING,DEGERMED,ENR,YEL",74.79,0,0,7.099999905,355,8.41,0.0,10.17,0.429,0.739,0.234,1.72,138.0,1 cup
No Category,CORNSTARCH,91.27,0,0,0.899999976,381,0.26,0.0,8.32,0.016,0.025,0.009,0.05,128.0,1 cup
COUSCOUS,"COUSCOUS,DRY",77.43,0,0,5.0,376,12.76,0.0,8.56,0.089,0.252,0.117,0.64,173.0,1 cup
COUSCOUS,"COUSCOUS,COOKED",23.22,0,3,1.399999976,112,3.79,0.100000001,72.57,0.022,0.064,0.029,0.16,157.0,"1 cup, cooked"
HOMINY,"HOMINY,CANNED,WHITE",14.26,0,3,2.5,72,1.48,1.820000052,82.53,0.231,0.399,0.123,0.88,165.0,1 cup
MILLET,"MILLET,RAW",72.85,0,0,8.5,378,11.02,0.0,8.67,0.773,2.134,0.723,4.22,200.0,1 cup
MILLET,"MILLET,COOKED",23.67,0,11,1.299999952,119,3.51,0.129999995,71.41,0.184,0.508,0.172,1.0,174.0,1 cup
OAT BRAN,"OAT BRAN,RAW",66.22,0,32,15.39999962,246,17.3,1.450000048,6.55,2.376,2.766,1.328,7.03,94.0,1 cup
OAT BRAN,"OAT BRAN,COOKED",11.44,0,0,2.599999905,40,3.21,0.0,84.0,0.291,0.339,0.163,0.86,219.0,1 cup
QUINOA,"QUINOA,UNCKD",64.16,0,70,7.0,368,14.12,0.0,13.28,1.613,3.292,0.706,6.07,170.0,1 cup
RICE,"RICE,BROWN,LONG-GRAIN,RAW",77.24,0,31,3.5,370,7.94,0.850000024,10.37,1.056,1.044,0.584,2.92,185.0,1 cup
RICE,"RICE,BROWN,LONG-GRAIN,CKD",22.96,0,9,1.799999952,111,2.58,0.349999994,73.09,0.327,0.323,0.18,0.9,195.0,1 cup
No Category,OATS,66.27,0,0,10.60000038,389,16.89,0.0,8.22,2.178,2.535,1.217,6.9,156.0,1 cup
RICE,"RICE,BROWN,MEDIUM-GRAIN,RAW",76.17,0,0,3.400000095,362,7.5,0.0,12.37,0.971,0.959,0.536,2.68,190.0,1 cup
RICE,"RICE,BROWN,MEDIUM-GRAIN,CKD",23.51,0,0,1.799999952,112,2.32,0.0,72.96,0.3,0.296,0.165,0.83,195.0,1 cup
RICE,"RICE,WHITE,LONG-GRAIN,REG,RAW,ENR",79.95,0,6,1.299999952,365,7.13,0.119999997,11.62,0.206,0.177,0.18,0.66,185.0,1 cup
RICE,"RICE,WHITE,LONG-GRAIN,REG,CKD",28.17,0,2,0.400000006,130,2.69,0.050000001,68.44,0.088,0.076,0.077,0.28,158.0,1 cup
RICE,"RICE,WHITE,LONG-GRAIN,PARBLD,ENR,DRY",80.43,0,6,2.200000048,374,8.11,0.330000013,9.7,0.258,0.322,0.294,1.04,186.53,1 cup
RICE,"RICE,WHITE,LONG-GRAIN,PARBLD,ENR,CKD",26.05,0,2,0.899999976,123,2.91,0.109999999,70.36,0.074,0.091,0.074,0.37,158.2,1 cup
RICE,"RICE,WHITE,LONG-GRAIN,PRECKD OR INST,ENR,DRY",82.32,0,6,1.899999976,380,7.82,0.050000001,8.38,0.144,0.219,0.152,0.94,95.0,1 cup
RICE,"RICE,WHITE,LONG-GRAIN,PRECKD OR INST,ENR,PREP",25.1,0,2,0.600000024,117,2.18,0.0,72.0,0.074,0.017,0.017,0.5,165.0,1 cup
RICE,"RICE,WHITE,MEDIUM-GRAIN,RAW,ENR",79.34,0,0,1.399999976,360,6.61,0.0,12.89,0.181,0.155,0.158,0.58,195.0,1 cup
RICE,"RICE,WHITE,MEDIUM-GRAIN,CKD",28.59,0,0,0.300000012,130,2.38,0.0,68.61,0.065,0.056,0.057,0.21,186.0,1 cup
RICE,"RICE,WHITE,SHORT-GRAIN,RAW",79.15,0,0,2.799999952,358,6.5,0.0,13.29,0.161,0.138,0.14,0.52,200.0,1 cup
RICE,"RICE,WHITE,SHORT-GRAIN,CKD",28.73,0,0,0.0,130,2.36,0.0,68.53,0.058,0.05,0.051,0.19,186.0,1 cup
RICE,"RICE,WHITE,GLUTINOUS,RAW",81.68,0,0,2.799999952,370,6.81,0.0,10.46,0.2,0.198,0.111,0.55,185.0,1 cup
RICE,"RICE,WHITE,GLUTINOUS,CKD",21.09,0,2,1.0,97,2.02,0.050000001,76.63,0.07,0.069,0.039,0.19,174.0,1 cup
RICE,"RICE,WHITE,WITH PASTA,DRY",75.32,2,0,0.0,368,9.37,0.0,7.13,0.642,0.966,0.44,2.44,163.0,1 cup
RICE,"RICE,WHITE,W/PASTA,CKD",21.43,1,0,2.5,122,2.54,0.0,71.74,1.119,0.947,0.541,2.82,202.0,1 cup
RICE,"RICE,WHITE,STMD,CHINESE RESTAURANT",33.88,0,0,0.899999976,151,3.2,0.0,62.5,0.0,0.0,0.0,0.27,132.18,"1 cup, loosely packed"
RICE BRAN,"RICE BRAN,CRUDE",49.69,0,32,21.0,316,13.35,0.899999976,6.13,7.549,7.459,4.171,20.85,118.0,1 cup
RICE FLOUR,"RICE FLOUR,WHITE",80.13,0,6,2.400000095,366,5.95,0.119999997,11.89,0.442,0.379,0.386,1.42,158.0,1 cup
No Category,RYE,69.76,0,30,14.60000038,335,14.76,1.039999962,10.95,0.303,1.115,0.287,2.5,169.0,1 cup
RYE FLOUR,"RYE FLOUR,DARK",68.74,0,30,22.60000038,324,14.03,1.039999962,11.07,0.326,1.2,0.309,2.69,128.0,1 cup
RYE FLOUR,"RYE FLOUR,MEDIUM",77.49,0,21,14.60000038,354,9.39,1.039999962,9.85,0.208,0.767,0.198,1.77,102.0,1 cup
RYE FLOUR,"RYE FLOUR,LIGHT",80.23,0,11,14.60000038,367,8.39,1.039999962,8.78,0.153,0.565,0.145,1.36,102.0,1 cup
SEMOLINA,"SEMOLINA,ENRICHED",72.83,0,0,3.900000095,360,12.68,0.0,12.67,0.124,0.43,0.15,1.05,167.0,1 cup
No Category,SORGHUM,74.63,0,0,6.300000191,339,11.3,0.0,9.2,0.993,1.37,0.457,3.3,192.0,1 cup
TAPIOCA,"TAPIOCA,PEARL,DRY",88.69,0,1,0.899999976,358,0.19,3.349999905,10.99,0.005,0.003,0.005,0.02,152.0,1 cup
No Category,TRITICALE,72.13,0,0,0.0,336,13.05,0.0,10.51,0.211,0.913,0.366,2.09,192.0,1 cup
TRITICALE FLR,"TRITICALE FLR,WHOLE-GRAIN",73.14,0,0,14.60000038,338,13.18,0.0,10.01,0.183,0.794,0.318,1.81,130.0,1 cup
WHEAT,"WHEAT,HARD RED SPRING",68.03,0,31,12.19999981,329,15.4,0.409999996,12.76,0.303,0.765,0.314,1.92,192.0,1 cup
WHEAT,"WHEAT,HARD RED WINTER",71.18,0,31,12.19999981,327,12.61,0.409999996,13.1,0.2,0.627,0.269,1.54,192.0,1 cup
WHEAT,"WHEAT,SOFT RED WINTER",74.24,0,0,12.5,331,10.35,0.409999996,12.17,0.178,0.656,0.289,1.56,168.0,1 cup
WHEAT,"WHEAT,HARD WHITE",75.9,0,0,12.19999981,342,11.31,0.409999996,9.57,0.203,0.75,0.277,1.71,192.0,1 cup
WHEAT,"WHEAT,SOFT WHITE",75.36,0,0,12.69999981,340,10.69,0.409999996,10.42,0.227,0.837,0.368,1.99,168.0,1 cup
WHEAT,"WHEAT,DURUM",71.13,0,0,0.0,339,13.68,0.0,10.94,0.344,0.978,0.454,2.47,192.0,1 cup
WHEAT BRAN,"WHEAT BRAN,CRUDE",64.51,0,74,42.79999924,216,15.55,0.409999996,9.89,0.637,2.212,0.63,4.25,58.0,1 cup
WHEAT GERM,"WHEAT GERM,CRUDE",51.8,0,0,13.19999981,360,23.15,0.0,11.12,1.365,6.01,1.665,9.72,115.0,1 cup
WHEAT FLOUR,"WHEAT FLOUR,WHOLE-GRAIN",72.57,0,31,12.19999981,339,13.7,0.409999996,10.27,0.232,0.779,0.322,1.87,120.0,1 cup
WHEAT FLR,"WHEAT FLR,WHITE,ALL-PURPOSE,ENR,BLEACHED",76.31,0,10,2.700000048,364,10.33,0.270000011,11.92,0.087,0.413,0.155,0.98,125.0,1 cup
WHEAT FLR,"WHEAT FLR,WHITE,ALL-PURPOSE,SELF-RISING,ENR",74.22,0,10,2.700000048,354,9.89,0.219999999,10.59,0.086,0.41,0.154,0.97,125.0,1 cup
WHEAT FLR,"WHEAT FLR,WHITE,BREAD,ENR",72.53,0,10,2.400000095,361,11.98,0.310000002,13.36,0.14,0.727,0.244,1.66,137.0,1 cup
WHEAT FLR,"WHEAT FLR,WHITE,CAKE,ENR",78.03,0,10,1.700000048,362,8.2,0.310000002,12.51,0.073,0.379,0.127,0.86,137.0,"1 cup,  unsifted, dipped"
WHEAT FLR,"WHEAT FLR,WHITE,TORTILLA MIX,ENR",67.14,0,0,0.0,405,9.66,0.0,10.08,4.541,1.522,4.1,10.63,111.0,1 cup
WHEAT,"WHEAT,SPROUTED",42.53,0,0,1.100000024,198,7.49,0.0,47.75,0.151,0.557,0.206,1.27,108.0,1 cup
WILD RICE,"WILD RICE,RAW",74.9,0,35,6.199999809,357,14.73,2.5,7.76,0.159,0.676,0.156,1.08,160.0,1 cup
WILD RICE,"WILD RICE,COOKED",21.34,0,10,1.799999952,101,3.99,0.730000019,73.93,0.05,0.213,0.049,0.34,164.0,1 cup
RICE FLOUR,"RICE FLOUR,BROWN",76.48,0,0,4.599999905,363,7.23,0.850000024,11.97,1.008,0.996,0.557,2.78,158.0,1 cup
PASTA,"PASTA,CORN,DRY",79.26,0,0,11.0,357,7.46,0.0,10.0,0.543,0.924,0.29,2.08,105.0,1 cup
PASTA,"PASTA,CORN,COOKED",27.91,0,0,4.800000191,126,2.63,0.0,68.31,0.191,0.325,0.102,0.73,140.0,1 cup
PASTA,"PASTA,FRESH-REFRIGERATED,PLN,AS PURCHASED",54.73,73,0,0.0,288,11.31,0.0,31.0,0.271,0.942,0.328,2.3,128.0,4.5 oz
PASTA,"PASTA,FRESH-REFRIGERATED,PLN,CKD",24.93,33,0,0.0,131,5.15,0.0,68.56,0.124,0.429,0.15,1.05,57.0,2 oz
PASTA,"PASTA,FRESH-REFRIGERATED,SPINACH,AS PURCHASED",55.72,73,0,0.0,289,11.26,0.0,30.1,0.659,0.467,0.483,2.1,128.0,4.5 oz
PASTA,"PASTA,FRESH-REFRIGERATED,SPINACH,CKD",25.04,33,0,0.0,130,5.06,0.0,68.58,0.296,0.21,0.217,0.94,57.0,2 oz
PASTA,"PASTA,HOMEMADE,MADE W/EGG,CKD",23.54,41,0,0.0,130,5.28,0.0,68.71,0.508,0.521,0.408,1.74,57.0,2 oz
PASTA,"PASTA,HOMEMADE,MADE WO/EGG,CKD",25.12,0,0,0.0,124,4.37,0.0,68.86,0.187,0.508,0.14,0.98,57.0,2 oz
MACARONI,"MACARONI,DRY,ENR",74.67,0,15,3.200000048,371,13.04,2.670000076,9.9,0.171,0.564,0.277,1.51,105.0,"1 cup, elbow shaped"
MACARONI,"MACARONI,COOKED,ENRICHED",30.86,0,6,1.799999952,158,5.8,0.560000002,62.13,0.131,0.319,0.176,0.93,140.0,"1 cup, elbow shaped"
MACARONI,"MACARONI,PROTEIN-FORTIFIED,DRY,ENR,(N X 5.70)",67.56,0,0,2.400000095,375,19.86,0.0,9.23,0.271,0.986,0.328,2.23,93.0,"1 cup, small shells"
MACARONI,"MACARONI,PROTEIN-FORTIFIED,CKD,ENR,(N X 5.70)",31.66,0,0,0.0,164,8.08,0.0,59.73,0.026,0.095,0.032,0.21,115.0,"1 cup, small shells"
MACARONI,"MACARONI,VEG,DRY,ENR",74.88,0,0,4.300000191,367,13.14,0.0,9.89,0.12,0.426,0.15,1.04,84.0,"1 cup, spiral shaped"
MACARONI,"MACARONI,VEG,CKD,ENR",26.61,0,5,4.300000191,128,4.53,1.149999976,68.37,0.012,0.044,0.016,0.11,134.0,"1 cup, spiral shaped"
MACARONI,"MACARONI,WHOLE-WHEAT,DRY",75.03,0,0,8.300000191,348,14.63,0.0,7.34,0.195,0.556,0.258,1.4,105.0,"1 cup, elbow shaped"
MACARONI,"MACARONI,WHOLE-WHEAT,CKD",26.54,0,11,2.799999952,124,5.33,0.800000012,67.15,0.075,0.213,0.099,0.54,140.0,"1 cup, elbow shaped"
NOODLES,"NOODLES,EGG,DRY,ENRICHED",71.27,84,79,3.299999952,384,14.16,1.879999995,9.01,1.252,1.331,1.18,4.44,38.0,1 cup
NOODLES,"NOODLES,EGG,CKD,ENR",25.16,29,26,1.200000048,138,4.54,0.400000006,67.73,0.581,0.552,0.419,2.07,160.0,1 cup
NOODLES,"NOODLES,EGG,SPINACH,DRY,ENR",70.32,95,0,6.800000191,382,14.61,0.0,8.72,1.43,1.012,1.047,4.55,38.0,1 cup
NOODLES,"NOODLES,EGG,SPINACH,CKD,ENR",24.25,33,26,2.299999952,132,5.04,0.400000006,68.52,0.493,0.349,0.361,1.57,160.0,1 cup
NOODLES,"NOODLES,CHINESE,CHOW MEIN",57.54,0,8,3.900000095,527,8.38,0.25999999,0.73,7.689,17.331,4.384,30.76,45.0,1 cup
NOODLES,"NOODLES,JAPANESE,SOBA,DRY",74.62,0,0,0.0,336,14.38,0.0,6.88,0.185,0.22,0.136,0.71,57.0,2 oz
NOODLES,"NOODLES,JAPANESE,SOBA,CKD",21.44,0,0,0.0,99,5.06,0.0,73.01,0.026,0.031,0.019,0.1,114.0,1 cup
NOODLES,"NOODLES,JAPANESE,SOMEN,DRY",74.1,0,0,4.300000191,356,11.35,0.0,9.21,0.095,0.33,0.115,0.81,57.0,2 oz
NOODLES,"NOODLES,JAPANESE,SOMEN,CKD",27.54,0,0,0.0,131,4.0,0.0,67.91,0.021,0.073,0.025,0.18,176.0,1 cup
NOODLES,"NOODLES,FLAT,CRUNCHY,CHINESE RESTAURANT",51.9,0,0,0.0,521,10.33,0.0,4.93,7.617,16.949,4.931,31.72,44.88,1 cup
SPAGHETTI,"SPAGHETTI,DRY,ENRICHED",74.67,0,15,3.200000048,371,13.04,2.670000076,9.9,0.171,0.564,0.277,1.51,57.0,2 oz
SPAGHETTI,"SPAGHETTI,CKD,ENR,WO/ SALT",30.86,0,6,1.799999952,158,5.8,0.560000002,62.13,0.131,0.319,0.176,0.93,140.0,1 cup
SPAGHETTI,"SPAGHETTI,PROTEIN-FORTIFIED,DRY,ENR (N X 5.70)",67.56,0,0,0.0,375,19.86,0.0,9.23,0.271,0.986,0.328,2.23,57.0,2 oz
SPAGHETTI,"SPAGHETTI,PROTEIN-FORTIFIED,CKD,ENR (N X 5.70)",31.66,0,0,1.700000048,164,8.08,0.0,59.73,0.026,0.095,0.032,0.21,140.0,1 cup
SPAGHETTI,"SPAGHETTI,WHOLE-WHEAT,DRY",75.03,0,0,0.0,348,14.63,0.0,7.34,0.195,0.556,0.258,1.4,57.0,2 oz
SPAGHETTI,"SPAGHETTI,WHOLE-WHEAT,CKD",26.54,0,11,4.5,124,5.33,0.800000012,67.15,0.075,0.213,0.099,0.54,140.0,1 cup
SPAGHETTI,"SPAGHETTI,SPINACH,DRY",74.81,0,17,10.60000038,372,13.35,2.720000029,8.34,0.181,0.641,0.226,1.57,57.0,2 oz
SPAGHETTI,"SPAGHETTI,SPINACH,COOKED",26.15,0,0,0.0,130,4.58,0.0,68.14,0.072,0.257,0.091,0.63,140.0,1 cup
WHEAT FLOURS,"WHEAT FLOURS,BREAD,UNENR",72.53,0,10,2.400000095,361,11.98,0.310000002,13.36,0.14,0.727,0.244,1.66,0.0,
No Category,BARLEY FLOUR OR MEAL,74.52,0,38,10.10000038,345,10.5,0.800000012,12.11,0.205,0.771,0.335,1.6,148.0,1 cup
No Category,BARLEY MALT FLR,78.3,0,0,7.099999905,361,10.28,0.800000012,8.21,0.254,0.953,0.386,1.84,162.0,1 cup
OAT FLR,"OAT FLR,PART DEBRANNED",65.7,0,30,6.5,404,14.66,0.800000012,8.55,2.866,3.329,1.607,9.12,0.0,
RICE NOODLES,"RICE NOODLES,DRY",83.24,0,0,1.600000024,364,3.44,0.0,11.91,0.175,0.15,0.153,0.56,56.7,2 oz
RICE NOODLES,"RICE NOODLES,COOKED",24.9,0,0,1.0,109,0.91,0.0,73.82,0.026,0.023,0.023,0.2,176.0,1 cup
QUINOA,"QUINOA,CKD",21.3,0,0,2.799999952,120,4.4,0.0,71.61,0.0,0.0,0.0,1.92,185.37,1 cup
KAMUT,"KAMUT,UNCKD",70.38,0,26,9.100000381,337,14.7,8.18999958,10.95,0.214,0.616,0.192,2.2,185.63,1 cup
KAMUT,"KAMUT,CKD",30.46,0,0,0.0,146,6.45,0.0,61.42,0.0,0.0,0.0,0.91,171.65,1 cup
SPELT,"SPELT,UNCKD",70.19,0,0,10.69999981,338,14.57,6.820000172,11.02,0.445,1.258,0.406,2.43,173.53,1 cup
SPELT,"SPELT,CKD",26.44,0,0,3.900000095,127,5.5,0.0,66.56,0.0,0.0,0.0,0.85,193.5,1 cup
TEFF,"TEFF,UNCKD",73.13,0,13,8.0,367,13.3,1.840000033,8.82,0.589,1.071,0.449,2.38,193.08,1 cup
TEFF,"TEFF,CKD",19.86,0,0,0.0,101,3.87,0.0,74.93,0.0,0.0,0.0,0.65,252.03,1 cup
MACARONI,"MACARONI,PROTEIN-FORTIFIED,DRY,ENR,(N X 6.25)",65.65,0,0,2.400000095,374,21.78,0.0,9.23,0.271,0.986,0.328,2.23,93.0,"1 cup, small shells"
MACARONI,"MACARONI,PROTEIN-FORTIFIED,CKD,ENR,(N X 6.25)",30.88,0,0,1.5,164,8.86,0.0,59.73,0.026,0.095,0.032,0.21,115.0,"1 cup, small shells"
NOODLES,"NOODLES,EGG,CKD,ENR,W/ SALT",25.16,29,26,1.200000048,138,4.54,0.400000006,67.73,0.0,0.0,0.0,2.07,160.0,1 cup
CORN,"CORN,WHITE",74.26,0,0,0.0,365,9.42,0.0,10.37,1.251,2.163,0.667,4.74,166.0,1 cup
CORN FLR,"CORN FLR,WHOLE-GRAIN,BLUE (HARINA DE MAIZ MORADO)",73.89,0,0,8.399999619,364,8.75,0.0,10.83,0.0,0.0,0.0,5.09,6.85,1 tbsp
CORN FLR,"CORN FLR,WHOLE-GRAIN,WHITE",76.85,0,22,7.300000191,361,6.93,0.639999986,10.91,1.018,1.759,0.543,3.86,117.0,1 cup
CORN FLR,"CORN FLR,MASA,ENR,YEL",76.27,0,4,0.0,365,9.34,0.0,9.03,0.997,1.724,0.532,3.78,114.0,1 cup
CORNMEAL,"CORNMEAL,WHOLE-GRAIN,WHITE",76.89,0,22,7.300000191,362,8.12,0.639999986,10.26,0.948,1.638,0.505,3.59,122.0,1 cup
SPAGHETTI,"SPAGHETTI,CKD,ENR,W/ SALT",30.59,0,0,1.799999952,157,5.8,0.560000002,62.13,0.131,0.319,0.176,0.93,140.0,1 cup
CORNMEAL,"CORNMEAL,DEGERMED,ENR,WHITE",79.15,0,11,4.0,369,7.25,1.659999967,11.26,0.347,0.734,0.194,1.79,158.88,1 cup
CORNMEAL,"CORNMEAL,SELF-RISING,BOLTED,PLN,ENR,WHITE",70.28,0,0,6.699999809,334,8.28,0.0,12.59,0.897,1.55,0.478,3.4,122.0,1 cup
CORNMEAL,"CORNMEAL,SELF-RISING,BOLTED,W/WHEAT FLR,ENR,WHITE",73.43,0,0,6.300000191,348,8.41,0.0,10.33,0.751,1.297,0.4,2.85,170.0,1 cup
CORNMEAL,"CORNMEAL,SELF-RISING,DEGERMED,ENR,WHITE",74.79,0,0,7.099999905,355,8.41,0.0,10.17,0.429,0.739,0.234,1.72,138.0,1 cup
HOMINY,"HOMINY,CANNED,YELLOW",14.26,0,0,2.5,72,1.48,0.0,82.53,0.231,0.399,0.123,0.88,160.0,1 cup
RICE,"RICE,WHITE,LONG-GRAIN,REG,CKD,ENR,W/SALT",28.17,0,2,0.400000006,130,2.69,0.050000001,68.44,0.088,0.076,0.077,0.28,158.0,1 cup
WHEAT FLR,"WHEAT FLR,WHITE,ALL-PURPOSE,ENR,CALCIUM-FORTIFIED",76.31,0,0,2.700000048,364,10.33,0.0,11.92,0.087,0.413,0.155,0.98,125.0,1 cup
MACARONI,"MACARONI,CKD,UNENR",30.86,0,6,1.799999952,158,5.8,0.560000002,62.13,0.131,0.319,0.176,0.93,140.0,"1 cup, elbow shaped"
NOODLES,"NOODLES,EGG,DRY,UNENR",71.27,84,79,3.299999952,384,14.16,1.879999995,9.01,1.252,1.331,1.18,4.44,38.0,1 cup
NOODLES,"NOODLES,EGG,CKD,UNENR,WO/ SALT",25.16,29,26,1.200000048,138,4.54,0.400000006,67.73,0.581,0.552,0.419,2.07,160.0,1 cup
SPAGHETTI,"SPAGHETTI,DRY,UNENRICHED",74.67,0,0,3.200000048,371,13.04,2.670000076,9.9,0.171,0.564,0.277,1.51,57.0,2 oz
SPAGHETTI,"SPAGHETTI,CKD,UNENR,WO/ SALT",30.86,0,0,1.799999952,158,5.8,0.560000002,62.13,0.131,0.319,0.176,0.93,140.0,1 cup
CORNMEAL,"CORNMEAL,DEGERMED,UNENR,YEL",79.15,0,11,4.0,369,7.25,1.659999967,11.26,0.347,0.734,0.194,1.79,158.88,1 cup
RICE,"RICE,WHITE,LONG-GRAIN,REG,RAW,UNENR",79.95,0,6,1.299999952,365,7.13,0.119999997,11.62,0.206,0.177,0.18,0.66,185.0,1 cup
RICE,"RICE,WHITE,LONG-GRAIN,REG,CKD,UNENR,WO/SALT",28.17,0,2,0.400000006,130,2.69,0.050000001,68.44,0.088,0.076,0.077,0.28,158.0,1 cup
RICE,"RICE,WHITE,LONG-GRAIN,PARBLD,UNENR,DRY",80.43,0,0,2.200000048,374,8.11,0.330000013,9.7,0.258,0.322,0.294,1.04,186.53,1 cup
RICE,"RICE,WHITE,LONG-GRAIN,PARBLD,UNENR,CKD",26.05,0,0,0.899999976,123,2.91,0.109999999,70.36,0.074,0.091,0.074,0.37,158.2,1 cup
RICE,"RICE,WHITE,MEDIUM-GRAIN,RAW,UNENR",79.34,0,0,0.0,360,6.61,0.0,12.89,0.181,0.155,0.158,0.58,195.0,1 cup
RICE,"RICE,WHITE,MEDIUM-GRAIN,CKD,UNENR",28.59,0,0,0.0,130,2.38,0.0,68.61,0.065,0.056,0.057,0.21,186.0,1 cup
RICE,"RICE,WHITE,SHORT-GRAIN,RAW,UNENR",79.15,0,0,0.0,358,6.5,0.0,13.29,0.161,0.138,0.14,0.52,200.0,1 cup
RICE,"RICE,WHITE,SHORT-GRAIN,CKD,UNENR",28.73,0,0,0.0,130,2.36,0.0,68.53,0.058,0.05,0.051,0.19,205.0,1 cup
SEMOLINA,"SEMOLINA,UNENRICHED",72.83,0,0,3.900000095,360,12.68,0.0,12.67,0.124,0.43,0.15,1.05,167.0,1 cup
WHEAT FLR,"WHEAT FLR,WHITE,ALL-PURPOSE,UNENR",76.31,0,10,2.700000048,364,10.33,0.270000011,11.92,0.087,0.413,0.155,0.98,125.0,1 cup
MACARONI,"MACARONI,DRY,UNENRICHED",74.67,0,0,3.200000048,371,13.04,2.670000076,9.9,0.171,0.564,0.277,1.51,105.0,"1 cup, elbow shaped"
NOODLES,"NOODLES,EGG,CKD,UNENR,W/ SALT",25.16,29,26,1.200000048,138,4.54,0.400000006,67.73,0.0,0.0,0.0,2.07,160.0,1 cup
SPAGHETTI,"SPAGHETTI,CKD,UNENR,W/ SALT",30.59,0,0,1.799999952,157,5.8,0.560000002,62.13,0.131,0.319,0.176,0.93,140.0,1 cup
CORNMEAL,"CORNMEAL,DEGERMED,UNENR,WHITE",79.15,0,0,4.0,369,7.25,1.659999967,11.26,0.347,0.734,0.194,1.79,158.88,1 cup
SPAGHETTI,"SPAGHETTI,PROTEIN-FORTIFIED,CKD,ENR (N X 6.25)",30.88,0,0,2.0,164,8.86,0.0,59.73,0.026,0.095,0.032,0.21,140.0,1 cup
RICE,"RICE,WHITE,LONG-GRAIN,REG,CKD,UNENR,W/SALT",28.17,0,2,0.400000006,130,2.69,0.050000001,68.44,0.088,0.076,0.077,0.28,158.0,1 cup
WHEAT FLR,"WHEAT FLR,WHITE,ALL-PURPOSE,ENR,UNBLEACHED",76.31,0,0,2.700000048,364,10.33,0.270000011,11.92,0.087,0.413,0.155,0.98,125.0,1 cup
SPAGHETTI,"SPAGHETTI,PROTEIN-FORTIFIED,DRY,ENR (N X 6.25)",65.65,0,0,2.400000095,374,21.78,0.0,9.23,0.271,0.986,0.328,2.23,57.0,2 oz
WHEAT FLR,"WHEAT FLR,WHITE (INDUSTRIAL),9% PROT,BLEACHED,ENR",77.32,0,10,0.0,367,8.89,0.540000021,11.85,0.0,0.0,0.0,1.43,0.0,
WHEAT FLR,"WHEAT FLR,WHITE (INDUSTRIAL),9% PROT,BLEACHED,UNENR",77.32,0,0,2.400000095,367,8.89,0.540000021,11.85,0.12,0.602,0.34,1.43,0.0,
WHEAT FLR,"WHEAT FLR,WHITE (INDUSTRIAL),10% PROT,BLEACHED,ENR",76.22,0,10,2.400000095,366,9.71,0.49000001,12.01,0.193,0.845,0.302,1.48,0.0,
WHEAT FLR,"WHEAT FLR,WHITE (INDUSTRIAL),10% PROT,BLEACHED,UNENR",76.22,0,0,2.400000095,366,9.71,0.49000001,12.01,0.193,0.845,0.302,1.48,0.0,
WHEAT FLR,"WHEAT FLR,WHITE (INDUSTRIAL),10% PROT,UNBLEACHED,ENR",76.22,0,0,2.400000095,366,9.71,0.49000001,12.01,0.193,0.845,0.302,1.48,0.0,
WHEAT FLR,"WHEAT FLR,WHITE (INDUSTRIAL),11.5% PROT,BLEACHED,ENR",73.81,0,10,2.400000095,363,11.5,1.120000005,12.68,0.166,0.749,0.268,1.45,0.0,
WHEAT FLR,"WHEAT FLR,WHITE (INDUSTRIAL),11.5% PROT,BLEACHED,UNENR",73.81,0,0,2.400000095,363,11.5,1.120000005,12.68,0.166,0.749,0.268,1.45,0.0,
WHEAT FLR,"WHEAT FLR,WHITE (INDUSTRIAL),11.5% PROT,UNBLEACHED,ENR",73.81,0,0,2.400000095,363,11.5,1.120000005,12.68,0.166,0.749,0.268,1.45,0.0,
WHEAT FLR,"WHEAT FLR,WHITE (INDUSTRIAL),13% PROT,BLEACHED,ENR",72.2,0,0,2.400000095,362,13.07,1.100000024,12.82,0.152,0.683,0.189,1.38,0.0,
WHEAT FLR,"WHEAT FLR,WHITE (INDUSTRIAL),13% PROT,BLEACHED,UNENR",72.2,0,0,2.400000095,362,13.07,1.100000024,12.82,0.152,0.683,0.189,1.38,0.0,
WHEAT FLR,"WHEAT FLR,WHITE (INDUSTRIAL),15% PROT,BLEACHED,ENR",69.88,0,0,2.400000095,362,15.33,0.920000017,12.85,0.153,0.712,0.272,1.41,0.0,
WHEAT FLR,"WHEAT FLR,WHITE (INDUSTRIAL),15% PROT,BLEACHED,UNENR",69.88,0,0,2.400000095,362,15.33,0.920000017,12.85,0.153,0.712,0.272,1.41,0.0,
No Category,FAST FOODS  BISCUIT  W/ EGG,23.46,180,0,0.600000024,274,8.53,0.0,50.06,6.671,4.706,3.477,16.23,136.0,1 biscuit
FAST FOODS,"FAST FOODS,BISCUIT,W/EGG&BACON",19.06,235,98,0.5,305,11.33,2.190000057,46.67,8.96,4.98,5.3,20.73,150.0,1 biscuit
FAST FOODS,"FAST FOODS,BISCUIT,W/EGG&HAM",16.37,156,97,0.400000006,230,10.64,2.200000048,56.6,5.71,4.01,3.08,14.08,192.0,1 biscuit
BREAKFAST ITEMS,"BREAKFAST ITEMS,BISCUIT W/EGG&SAUSAGE",21.05,161,98,0.200000003,312,11.13,0.949999988,44.48,9.985,2.967,6.449,20.77,162.0,1 item
FAST FOODS,"FAST FOODS,BISCUIT W/ EGG & STEAK",14.37,184,0,0.0,277,12.12,0.0,52.51,7.91,3.95,5.81,19.21,148.0,1 biscuit
FAST FOODS,"FAST FOODS,BISCUIT,W/EGG,CHS,&BACON",24.44,166,127,0.200000003,301,12.01,1.74000001,42.99,8.082,1.922,5.617,17.48,145.0,1 item
FAST FOODS,"FAST FOODS,BISCUIT,W/HAM",38.75,22,41,0.699999988,342,11.85,1.970000029,28.4,4.277,0.918,10.096,16.3,113.0,1 biscuit
FAST FOODS,"FAST FOODS,BISCUIT,W/SAUSAGE",29.99,28,27,0.400000006,371,9.67,1.590000033,32.82,12.157,3.107,7.427,24.42,111.0,1 item
FAST FOODS,"FAST FOODS,CROISSANT,W/EGG&CHS",19.14,170,92,0.0,290,10.07,0.0,45.47,5.938,1.076,11.075,19.45,127.0,1 croissant
FAST FOODS,"FAST FOODS,CROISSANT,W/EGG,CHS,&BACON",18.33,167,0,0.0,320,12.58,0.0,43.92,7.113,1.363,11.963,21.98,129.0,1 croissant
FAST FOODS,"FAST FOODS,CROISSANT,W/EGG,CHS,&HAM",15.92,140,0,0.0,312,12.45,0.0,51.14,7.495,1.552,11.497,22.09,152.0,1 croissant
FAST FOODS,"FAST FOODS,CROISSANT,W/EGG,CHS,&SAUSAGE",15.45,135,84,0.0,327,12.69,0.0,45.87,8.908,1.881,11.391,23.85,160.0,1 croissant
FAST FOODS,"FAST FOODS,DANISH PASTRY,CHS",31.53,22,0,0.0,388,6.41,0.0,33.8,17.144,2.663,5.63,27.06,91.0,1 pastry
FAST FOODS,"FAST FOODS,DANISH PASTRY,CINN",53.24,31,0,0.0,397,5.46,0.0,20.9,12.037,1.87,3.953,19.0,88.0,1 pastry
FAST FOODS,"FAST FOODS,DANISH PASTRY,FRUIT",47.94,20,0,0.0,356,5.06,0.0,29.0,10.74,1.668,3.527,16.95,94.0,1 pastry
FAST FOODS,"FAST FOODS,EGG,SCRAMBLED",2.08,426,181,0.0,212,13.84,1.639999986,66.7,5.889,1.969,6.153,16.18,94.0,2 eggs
FAST FOODS,"FAST FOODS,ENG MUFFIN,W/BUTTER",48.19,20,0,0.0,300,7.73,0.0,32.63,2.432,2.14,3.857,9.14,63.0,1 muffin
FAST FOODS,"FAST FOODS,ENG MUFFIN,W/CHS&SAUSAGE",25.28,43,30,0.5,338,13.28,1.980000019,37.93,7.905,3.115,8.152,20.67,107.73,1 item
FAST FOODS,"FAST FOODS,ENG MUFFIN,W/EGG,CHS,&CANADIAN BACON",21.47,168,0,0.400000006,221,13.53,1.840000033,53.49,2.83,1.299,3.687,9.05,139.0,1 sandwich
FAST FOODS,"FAST FOODS,ENG MUFFIN,W/EGG,CHS,&SAUSAGE",17.44,163,103,0.200000003,286,13.38,1.49000001,48.82,6.765,2.772,6.642,18.1,165.0,1 item
FAST FOODS,"FAST FOODS,FRENCH TOAST W/ BUTTER",26.7,86,0,0.0,264,7.66,0.0,50.72,5.24,1.81,5.74,13.9,135.0,2 slices
FAST FOODS,"FAST FOODS,FRENCH TOAST STKS",41.21,0,14,1.399999976,340,6.0,9.890000343,33.57,9.502,2.566,3.989,17.74,65.0,3 pieces
FAST FOODS,"FAST FOODS,PANCAKES W/BUTTER&SYRUP",39.18,25,0,0.0,224,3.56,0.0,49.72,2.271,0.844,2.522,6.03,232.0,2 cakes
FAST FOODS,"FAST FOODS,POTATOES,HASHED BROWN",32.2,0,18,2.700000048,327,2.61,0.239999995,41.49,11.545,3.796,4.947,21.65,72.0,.5 cup
FAST FOODS,"FAST FOODS,BROWNIE",64.95,16,0,0.0,405,4.57,0.0,12.65,6.377,4.398,5.22,16.84,60.0,"1 brownie,  (2"" square)"
FAST FOODS,"FAST FOODS,ICE MILK,VANILLA,SOFT-SERVE,W/CONE",23.41,27,14,0.100000001,159,3.78,16.45000076,65.47,1.763,0.348,3.429,5.94,103.0,1 cone
FAST FOODS,"FAST FOODS,COOKIES,ANIMAL CRACKERS",75.33,16,0,0.0,446,6.18,0.0,3.75,5.649,1.558,5.272,13.43,67.0,1 box
FAST FOODS,"FAST FOODS,COOKIES,CHOC CHIP",65.86,21,0,0.0,423,5.25,0.0,5.36,9.185,1.865,9.709,22.08,55.0,1 box
FAST FOODS,"FAST FOODS,SUNDAE,CARAMEL",31.81,16,0,0.0,196,4.71,0.0,56.5,1.957,0.653,2.91,5.98,155.0,1 sundae
FAST FOODS,"FAST FOODS,SUNDAE,HOT FUDGE",30.17,13,0,0.0,180,3.57,0.0,59.7,1.475,0.511,3.179,5.46,158.0,1 sundae
FAST FOODS,"FAST FOODS,SUNDAE,STRAWBERRY",29.18,14,0,0.0,175,4.09,0.0,60.9,1.739,0.667,2.444,5.13,153.0,1 sundae
FAST FOODS,"FAST FOODS,CHICK,BREADED&FRIED,DK MEAT (DRUMSTK OR THIGH)",10.61,112,0,0.0,291,20.32,0.0,48.99,7.385,4.272,4.763,18.04,148.0,2 pieces
FAST FOODS,"FAST FOODS,CHICK,BREADED&FRIED,LT MEAT (BREAST OR WING)",12.01,91,0,0.0,303,21.91,0.0,45.7,7.502,4.163,4.812,18.11,163.0,2 pieces
FAST FOODS,"FAST FOODS,CHILI CON CARNE",8.67,53,0,0.0,101,9.73,0.0,76.7,1.347,0.209,1.356,3.27,253.0,"1 cup,  (8 fl oz)"
FAST FOODS,"FAST FOODS,CLAMS,BREADED&FRIED",33.75,76,0,0.0,392,11.15,0.0,29.2,9.948,5.89,5.742,22.96,115.0,.75 cup
ENTREES,"ENTREES,CRAB CAKE",8.52,137,0,0.400000006,266,18.75,0.0,53.38,7.18,5.13,3.74,17.25,60.0,1 cake
ENTREES,"ENTREES,FISH FILLET,BATTERED OR BREADED,&FRIED",16.97,34,0,0.5,232,14.66,0.0,53.57,2.58,6.27,2.82,12.29,91.0,1 fillet
FAST FOODS,"FAST FOODS,OYSTERS,BATTERED OR BREADED,&FRIED",28.69,78,0,0.0,265,9.02,0.0,47.97,4.979,3.337,3.294,12.9,139.0,6 pieces
FAST FOODS,"FAST FOODS,SALAD,VEG,TOSSED,WO/DRSNG",3.22,0,0,0.0,16,1.25,0.0,95.51,0.004,0.034,0.01,0.07,207.0,1.5 cup
FAST FOODS,"FAST FOODS,SALAD,VEG,TOSSED,WO/DRSNG,W/CHS&EGG",2.19,45,0,0.0,47,4.04,0.0,90.46,0.81,0.219,1.371,2.67,217.0,1.5 cup
FAST FOODS,"FAST FOODS,SALAD,VEG,TOSSED,WO/DRSNG,W/CHICK",1.71,33,0,0.0,48,8.0,0.0,87.05,0.311,0.255,0.265,1.0,218.0,1.5 cup
FAST FOODS,"FAST FOODS,SALAD,VEG,TOSSED,WO/DRSNG,W/PASTA&SEAFOOD",7.67,12,0,0.0,91,3.94,0.0,80.37,1.156,2.178,0.616,5.0,417.0,1.5 cup
FAST FOODS,"FAST FOODS,SALAD,VEG,TOSSED,WO/DRSNG,W/SHRIMP",2.8,76,0,0.0,45,6.15,0.0,89.1,0.348,0.205,0.276,1.05,236.0,1.5 cup
FAST FOODS,"FAST FOODS,SALAD,VEG TOSSED,WO/DRSNG,W/TURKEY,HAM&CHS",1.45,43,0,0.0,82,7.98,0.0,82.45,1.585,0.443,2.508,4.93,326.0,1.5 cup
FAST FOODS,"FAST FOODS,SCALLOPS,BREADED&FRIED",26.73,75,0,0.0,268,10.94,0.0,48.01,8.718,0.42,3.391,13.47,144.0,6 pieces
FAST FOODS,"FAST FOODS,SHRIMP,BREADED&FRIED",24.39,122,0,0.0,277,11.51,0.0,47.82,10.597,0.393,3.28,15.18,164.0,"1 ,  6-8 shrimp"
FAST FOODS,"FAST FOODS,BURRITO,W/BNS",32.92,2,27,0.0,206,6.48,0.0,52.53,2.184,0.551,3.174,6.22,217.0,2 pieces
FAST FOODS,"FAST FOODS,BURRITO,W/BNS&CHS",29.55,15,0,0.0,203,8.1,0.0,53.91,1.335,0.959,3.682,6.29,186.0,2 pieces
FAST FOODS,"FAST FOODS,BURRITO,W/BNS&CHILI PEPPERS",28.47,16,0,0.0,202,8.03,0.0,54.37,2.632,0.473,3.729,7.19,204.0,2 pieces
FAST FOODS,"FAST FOODS,BURRITO,W/BNS&MEAT",28.58,21,0,0.0,220,9.73,0.0,51.89,3.038,0.529,3.6,7.71,231.0,2 pieces
FAST FOODS,"FAST FOODS,BURRITO,W/BNS,CHS,&BF",19.55,61,28,0.0,163,7.18,0.0,64.94,2.196,0.502,3.522,6.55,203.0,2 pieces
FAST FOODS,"FAST FOODS,BURRITO,W/BNS,CHS,&CHILI PEPPERS",25.35,47,0,0.0,197,9.91,0.0,55.77,2.515,0.377,3.332,6.84,336.0,2 pieces
FAST FOODS,"FAST FOODS,BURRITO,W/BF",26.6,29,0,0.0,238,12.09,0.0,49.61,3.368,0.388,4.754,9.46,220.0,2 pieces
FAST FOODS,"FAST FOODS,BURRITO,W/BF&CHILI PEPPERS",24.6,27,0,0.0,212,10.7,0.0,54.45,3.022,0.485,3.98,8.23,201.0,2 pieces
FAST FOODS,"FAST FOODS,BURRITO,W/BF,CHS,&CHILI PEPPERS",20.96,56,0,0.0,208,13.46,0.0,55.19,3.267,0.732,3.42,8.15,304.0,2 pieces
FAST FOODS,"FAST FOODS,BURRITO,W/FRUIT (APPL OR CHERRY)",47.27,5,0,0.0,312,3.38,0.0,35.63,4.621,1.426,6.175,12.87,155.0,"1 burrito,  large"
FAST FOODS,"FAST FOODS,CHIMICHANGA,W/BF",24.6,5,0,0.0,244,11.27,0.0,50.68,4.635,0.653,4.888,11.31,174.0,1 chimichanga
FAST FOODS,"FAST FOODS,CHIMICHANGA,W/BF&CHS",21.49,28,0,0.0,242,10.96,0.0,52.7,5.155,0.398,6.108,12.81,183.0,1 chimichanga
FAST FOODS,"FAST FOODS,CHIMICHANGA,W/BF&RED CHILI PEPPERS",24.09,5,0,0.0,223,9.53,0.0,54.24,4.128,0.582,4.354,10.07,190.0,1 chimichanga
FAST FOODS,"FAST FOODS,CHIMICHANGA,W/BF,CHS,&RED CHILI PEPPERS",21.26,28,0,0.0,202,8.15,0.0,59.19,3.923,0.303,4.649,9.75,180.0,1 chimichanga
FAST FOODS,"FAST FOODS,ENCHILADA,W/CHS",17.51,27,0,0.0,196,5.91,0.0,63.23,3.872,0.501,6.496,11.56,163.0,1 enchilada
FAST FOODS,"FAST FOODS,ENCHILADA,W/CHS&BF",15.87,21,0,0.0,168,6.21,0.0,66.89,3.201,0.723,4.712,9.19,192.0,1 enchilada
FAST FOODS,"FAST FOODS,ENCHIRITO,W/CHS,BF,&BNS",17.51,26,0,0.0,178,9.27,0.0,62.67,3.377,0.17,4.118,8.33,193.0,1 enchirito
FAST FOODS,"FAST FOODS,FRIJOLES W/CHS",17.19,22,0,0.0,135,6.81,0.0,69.11,1.567,0.417,2.44,4.66,167.0,1 cup
FAST FOODS,"FAST FOODS,NACHOS,W/CHS",32.15,16,26,0.0,306,8.05,0.0,40.45,7.074,1.976,6.885,16.77,113.0,"1 portion,  (6-8 nachos)"
FAST FOODS,"FAST FOODS,NACHOS,W/CHS&JALAPENO PEPPERS",29.45,41,0,0.0,298,8.24,0.0,42.7,7.061,1.973,6.872,16.74,204.0,"1 portion,  (6-8 nachos)"
FAST FOODS,"FAST FOODS,NACHOS,W/CHS,BNS,GROUND BF,&PEPPERS",21.89,8,28,0.0,223,7.76,0.0,55.96,4.306,2.231,4.897,12.04,255.0,"1 portion,  (6-8 nachos)"
FAST FOODS,"FAST FOODS,NACHOS,W/CINN&SUGAR",58.16,36,0,0.0,543,6.6,0.0,1.01,10.864,3.786,16.707,33.01,109.0,"1 portion,  (6-8 nachos)"
FAST FOODS,"FAST FOODS,TACO",15.63,33,32,0.0,217,12.08,0.0,58.4,3.846,0.561,6.648,12.02,263.0,1 large
FAST FOODS,"FAST FOODS,TACO SALAD",11.91,22,23,0.0,141,6.68,0.0,72.35,2.606,0.883,3.446,7.46,198.0,1.5 cup
FAST FOODS,"FAST FOODS,TACO SALAD W/CHILI CON CARNE",10.18,2,0,0.0,111,6.67,0.0,76.79,1.739,0.589,2.299,5.03,261.0,1.5 cup
FAST FOODS,"FAST FOODS,TOSTADA,W/BNS&CHS",18.42,21,0,0.0,155,6.67,0.0,66.24,2.121,0.52,3.727,6.85,144.0,1 piece
FAST FOODS,"FAST FOODS,TOSTADA,W/BNS,BF,&CHS",13.18,33,0,0.0,148,7.15,0.0,70.44,1.561,0.265,5.1,7.53,225.0,1 piece
FAST FOODS,"FAST FOODS,TOSTADA,W/BF&CHS",13.97,25,0,0.0,193,11.65,0.0,62.05,2.052,0.598,6.377,10.03,163.0,1 piece
No Category,TOSTADA WITH GUACAMOLE,12.27,15,0,0.0,138,4.78,0.0,72.51,3.25,1.17,3.78,8.91,261.0,2 pieces
FST FOODS,"FST FOODS, CHSBRGR, REG, DOUBLE PATTY BUN, PLAIN",29.89,41,0,1.0,305,15.13,5.46999979,38.7,4.292,0.417,5.245,13.93,200.6,1 sandwich
FAST FOODS,"FAST FOODS,CHICK FILLET SNDWCH,PLN",21.26,33,35,0.0,283,13.25,0.0,47.31,5.72,4.606,4.685,16.18,182.0,1 sandwich
FAST FOODS,"FAST FOODS,CHICK FILLET SNDWCH,W/CHS",18.24,34,0,0.0,277,12.9,0.0,46.01,5.987,4.363,5.46,17.0,228.0,1 sandwich
FAST FOODS,"FAST FOODS,EGG&CHS SNDWCH",17.76,199,0,0.0,233,10.69,0.0,56.3,5.662,1.769,4.538,13.3,146.0,1 sandwich
FAST FOODS,"FAST FOODS,FISH SNDWCH,W/TARTAR SAU",25.96,35,29,0.0,273,10.72,0.0,47.35,4.869,5.22,3.313,14.41,158.0,1 sandwich
FAST FOODS,"FAST FOODS,FISH SNDWCH,W/TARTAR SAU&CHS",26.03,37,33,0.0,286,11.26,0.0,45.18,4.874,5.154,4.448,15.63,183.0,1 sandwich
FAST FOODS,"FAST FOODS,HAMBURGER,LRG,TRIPLE PATTY,W/CONDMNT",11.04,55,0,0.0,267,19.3,0.0,52.37,7.04,1.059,6.147,16.01,259.0,1 sandwich
FAST FOODS,"FAST FOODS,HAM&CHS SNDWCH",22.84,40,0,0.0,241,14.17,0.0,50.8,4.615,0.942,4.409,10.6,146.0,1 sandwich
FAST FOODS,"FAST FOODS,HAM,EGG,&CHS SNDWCH",21.64,172,0,0.0,243,13.46,0.0,51.15,4.017,1.182,5.175,11.4,143.0,1 sandwich
FAST FOODS,"FAST FOODS,HOTDOG,PLAIN",18.4,45,0,0.0,247,10.6,0.0,53.96,6.993,1.741,5.213,14.84,98.0,1 sandwich
FAST FOODS,"FAST FOODS,HOTDOG,W/CHILI",27.45,45,0,0.0,260,11.85,0.0,47.8,5.785,1.042,4.258,11.79,114.0,1 sandwich
FAST FOODS,"FAST FOODS,HOTDOG,W/CORN FLR COATING (CORNDOG)",31.88,45,0,0.0,263,9.6,0.0,46.7,5.205,1.998,2.949,10.8,175.0,1 sandwich
FAST FOODS,"FAST FOODS,RST BF SNDWCH,PLN",24.06,37,0,0.0,249,15.47,0.0,48.64,4.895,1.227,2.594,9.9,139.0,1 sandwich
SANDWICHES&BURGERS,"SANDWICHES&BURGERS,RST BF SNDWCH W/CHS",25.78,44,0,0.0,269,18.31,0.0,43.5,2.08,1.99,5.13,10.23,176.0,1 sandwich
SANDWICHES&BURGERS,"SANDWICHES&BURGERS,STEAK SNDWCH",25.47,36,0,0.0,225,14.87,0.0,51.07,2.62,1.64,1.87,6.9,204.0,1 sandwich
FAST FOODS,"FAST FOODS,SUBMARINE SNDWCH,W/COLD CUTS",22.39,16,0,0.0,200,9.58,0.0,57.8,3.608,1.001,2.986,8.17,228.0,1 submarine
FAST FOODS,"FAST FOODS,SUBMARINE SNDWCH,W/RST BF",20.51,34,0,0.0,190,13.26,0.0,58.97,0.85,1.209,3.281,6.0,216.0,1 submarine
FAST FOODS,"FAST FOODS,SUBMARINE SNDWCH,W/TUNA SALAD",21.63,19,0,0.0,228,11.6,0.0,54.31,5.235,2.85,2.082,10.93,256.0,1 submarine
FAST FOODS,"FAST FOODS,COLESLAW",12.88,5,0,0.0,148,1.47,0.0,74.02,2.444,6.459,1.622,11.08,99.0,.75 cup
FAST FOODS,"FAST FOODS,CORN ON THE COB W/BUTTER",21.88,4,0,0.0,106,3.06,0.0,72.05,0.688,0.419,1.125,2.35,146.0,1 ear
FAST FOODS,"FAST FOODS,HUSH PUPPIES",44.74,173,0,0.0,329,6.25,0.0,32.29,10.024,0.498,3.444,14.86,78.0,5 pieces
FAST FOODS,"FAST FOODS,ONION RINGS,BREADED&FRIED",37.74,17,0,0.0,332,4.46,0.0,37.09,8.013,0.801,8.377,18.69,83.0,"1 portion,  (8-9 onion rings)"
FAST FOODS,"FAST FOODS,POTATO,BKD&TOPPED W/CHS SAU",15.71,6,0,0.0,160,4.94,0.0,65.75,3.615,2.042,3.567,9.71,296.0,1 piece
FAST FOODS,"FAST FOODS,POTATO,BKD&TOPPED W/CHS SAU&BACON",14.86,10,0,0.0,151,6.16,0.0,65.02,3.249,1.589,3.389,8.66,299.0,1 piece
FAST FOODS,"FAST FOODS,POTATO,BKD&TOPPED W/CHS SAU&BROCCOLI",13.74,6,0,0.0,119,4.03,0.0,70.04,2.265,1.232,2.511,6.32,339.0,1 piece
FAST FOODS,"FAST FOODS,POTATO,BKD&TOPPED W/CHS SAU&CHILI",14.14,8,0,0.0,122,5.88,0.0,70.08,1.731,0.227,3.3,5.53,395.0,1 piece
FAST FOODS,"FAST FOODS,POTATO,BKD&TOPPED W/SOUR CRM&CHIVES",16.56,8,0,0.0,130,2.21,0.0,69.45,2.607,1.098,3.315,7.39,302.0,1 piece
FST FOODS,"FST FOODS, POTATO, FRNCH FRIED IN VEG OIL",37.51,0,21,3.5,319,3.76,0.689999998,39.76,9.906,2.999,3.965,17.05,169.0,1 large
FAST FOODS,"FAST FOODS,POTATO,MASHED",16.12,2,0,0.0,83,2.31,0.0,79.21,0.351,0.292,0.479,1.21,80.0,.333 cup
SIDE DISHES,"SIDE DISHES,POTATO SALAD",13.53,60,0,0.0,114,1.53,0.0,78.73,1.69,3.02,1.03,6.03,95.0,.333 cup
BURGER KING,"BURGER KING,VANILLA SHAKE",19.03,31,0,0.0,168,3.19,11.67000008,68.13,2.47,0.434,5.335,8.74,24.83,1 fluid ounce
FAST FOODS,"FAST FOODS,HAMBURGER,LRG,SINGLE PATTY,W/CONDMNT",22.14,40,33,1.100000024,256,15.68,3.670000076,48.81,5.404,1.179,4.785,11.6,171.3,1 item
PIZZA,"PIZZA,CHS TOPPING,REG CRUST,FRZ,CKD",29.02,14,14,2.200000048,268,10.36,3.569999933,46.28,4.246,1.903,4.272,12.28,726.55,"1 package,  24 oz pizza"
PIZZA,"PIZZA,CHS TOPPING,RISING CRUST,FRZ,CKD",32.91,16,17,2.5,260,12.37,5.090000153,43.46,2.198,1.381,3.825,8.78,834.43,"1 package,  29.25 oz pizza"
PIZZA,"PIZZA,MEAT & VEG TOPPING,REG CRUST,FRZ,CKD",25.14,16,24,2.200000048,276,11.28,0.0,46.71,5.832,2.511,4.8,14.43,713.45,"1 package,  24.2 oz pizza"
PIZZA,"PIZZA,MEAT & VEG TOPPING,RISING CRUST,FRZ,CKD",28.78,19,0,2.299999952,271,12.63,0.0,44.24,4.296,1.836,4.255,11.75,1020.48,"1 package,  34.98 oz pizza"
McDONALD'S,"McDONALD'S,  Hamburger",30.69,27,0,1.299999952,252,12.36,6.579999924,45.67,3.17,0.223,2.938,9.29,105.0,1 item
FAST FOODS,"FAST FOODS,CHICK,BREADED & FRIED,BNLESS PIECES,PLN",16.32,55,41,0.899999976,297,15.59,0.879999995,47.08,7.977,5.32,4.022,18.82,96.0,6 pieces
FAST FOODS,"FAST FOODS,CRISPY CHICK FILET SNDWCH,W/ LETUCE,TOMATO & MAYO",22.46,29,31,1.399999976,245,12.42,0.0,51.06,3.74,5.47,2.119,11.7,219.0,1 item
MCDONALD'S,"MCDONALD'S, FLT-O-FSH",27.45,28,0,1.0,275,10.99,2.650000095,46.18,3.85,5.633,2.597,13.47,142.0,1 item
MCDONALD'S,"MCDONALD'S, CHEESEBURGER",27.81,35,0,1.100000024,263,12.97,6.21999979,45.0,3.631,0.355,4.435,11.79,119.0,1 item
MCDONALD'S,"MCDONALD'S,QUARTER POUNDER",22.17,39,0,1.600000024,244,14.1,5.130000114,50.37,4.202,0.283,4.008,11.55,171.0,1 item
MCDONALD'S,"MCDONALD'S,QUARTER POUNDER W/ CHS",19.95,47,0,1.399999976,258,14.59,4.909999847,48.9,4.608,0.433,5.643,14.22,199.0,1 item
MCDONALD'S,"MCDONALD'S,BIG MAC",20.08,36,0,1.600000024,257,11.82,3.970000029,51.3,3.474,0.306,3.803,14.96,219.4,1 item
MCDONALD'S,"MCDONALD'S,FRENCH FR",39.02,0,0,4.199999809,316,3.81,0.200000003,39.76,7.805,4.664,2.084,16.12,71.0,"1 small, serving"
WENDY'S,"WENDY'S,CLASSIC SINGLE HAMBURGER,NO CHS",16.82,35,0,1.299999952,213,12.63,0.0,58.41,4.077,1.55,3.689,10.6,218.0,1 item
WENDY'S,"WENDY'S,CLASSIC SINGLE HAMBURGER,W/ CHS",14.2,38,0,1.399999976,221,14.87,0.0,57.5,4.407,1.405,5.191,11.6,236.0,1 item
WENDY'S,"WENDY'S,JR. HAMBURGER,WO/ CHS",28.45,27,0,1.700000048,243,12.62,0.0,48.25,3.531,1.116,3.466,8.75,117.0,1 item
WENDY'S,"WENDY'S,JR. HAMBURGER,W/ CHS",24.97,36,0,1.399999976,256,13.06,0.0,48.06,4.398,1.181,5.181,11.5,129.0,1 item
WENDY'S,"WENDY'S,CLASSIC DOUBLE,W/ CHS",11.71,51,0,1.100000024,241,16.52,0.0,55.84,5.74,1.3,5.89,14.2,310.0,1 item
WENDY'S,"WENDY'S,HOMESTYLE CHICK FILLET SNDWCH",21.55,31,0,1.299999952,214,13.78,0.0,54.94,2.921,3.086,1.618,8.1,230.0,1 item
WENDY'S,"WENDY'S,ULTIMATE CHICK GRILL SNDWCH",18.88,40,0,1.100000024,179,14.73,0.0,59.67,1.46,1.81,1.03,5.0,225.0,1 item
WENDY'S,"WENDY'S,CHICK NUGGETS",15.35,50,0,1.0,334,15.93,0.0,43.13,11.365,5.764,4.939,23.17,75.0,5 pieces
WENDY'S,"WENDY'S,FRENCH FR",39.44,0,0,3.700000048,319,3.89,0.0,38.81,8.518,3.728,3.201,16.23,71.0,"1 kid's meal, Serving"
WENDY'S,"WENDY'S,FROSTY DAIRY DSSRT",23.62,16,28,3.299999952,132,3.49,0.0,69.25,0.692,0.117,1.635,2.6,113.0,"1 junior, 6 oz. cup"
BURGER KING,"BURGER KING, French Fries",40.08,0,0,2.900000095,331,3.5,0.689999998,36.66,11.061,1.147,4.367,17.4,117.0,"1 medium, serving"
BURGER KING,"BURGER KING, Hamburger",27.11,35,0,2.0,275,14.18,4.849999905,44.68,5.317,1.246,5.068,12.17,121.0,1 item
BURGER KING,"BURGER KING, CHSBRGR",23.71,45,0,2.799999952,286,14.57,4.489999771,44.59,5.704,1.521,6.842,14.81,133.0,1 item
BURGER KING,"BURGER KING, WHOPPER, no cheese",18.55,30,0,1.799999952,233,10.74,4.21999979,56.43,4.685,3.389,4.25,12.84,291.0,1 item
BURGER KING,"BURGER KING, WHOPPER, with cheese",16.7,36,0,1.0,250,11.19,4.110000134,54.92,5.058,3.784,5.782,15.33,316.0,1 item
Burger king,"Burger king, double whopper no cheese",13.74,46,0,1.399999976,252,13.94,3.519999981,55.29,6.117,3.016,5.773,15.66,374.0,1 item
BURGER KING,"BURGER KING, DOUBLE WHOPPPER, with cheese",13.52,47,0,1.600000024,266,14.47,3.609999895,53.28,6.298,2.987,6.998,17.06,399.0,1 item
BURGER KING,"BURGER KING, Chicken Tenders",17.41,52,0,2.299999952,289,17.25,0.119999997,46.06,9.532,2.098,4.242,16.67,62.0,4 pieces
BURGER KING,"BURGER KING,CHICK WHOPPER SNDWCH",18.67,31,0,1.5,216,11.77,3.390000105,57.3,3.1,4.76,2.198,10.52,272.0,1 item
BURGER KING,"BURGER KING,ORIGINAL CHICK SNDWCH",24.35,31,0,2.400000095,286,12.57,2.710000038,45.52,5.419,5.606,3.4,15.4,204.0,1 item
TACO BELL,"TACO BELL,ORIGINAL TACO W/ BF",17.95,31,0,3.599999905,236,10.79,0.0,55.91,5.445,2.097,4.659,13.48,78.0,1 item
TACO BELL,"TACO BELL,SOFT TACO W/ BF",19.74,28,0,2.599999905,219,11.8,0.0,55.72,4.36,1.012,4.199,10.35,99.0,1 item
TACO BELL,"TACO BELL,SOFT TACO W/ CHICK",19.58,37,0,1.799999952,202,14.33,0.0,56.42,2.832,1.055,2.614,7.32,99.0,1 item
TACO BELL,"TACO BELL,SOFT TACO W/ STEAK",17.22,31,0,1.600000024,225,11.81,0.0,56.82,3.937,3.485,3.369,12.1,127.0,1 item
TACO BELL,"TACO BELL,BEAN BURRITO",27.77,9,0,3.900000095,204,7.9,0.0,55.06,2.992,0.882,2.444,6.85,198.0,1 item
TACO BELL,"TACO BELL,BURRITO SUPREME W/ BF",21.07,16,0,3.200000048,189,8.05,0.0,60.6,3.277,0.817,3.047,8.05,248.0,1 item
TACO BELL,"TACO BELL,BURRITO SUPREME W/ CHICK",20.51,21,0,2.400000095,179,9.84,0.0,61.0,2.56,0.795,2.352,6.42,248.0,1 item
TACO BELL,"TACO BELL,BURRITO SUPREME W/ STEAK",20.32,21,0,2.400000095,183,9.13,0.0,61.21,2.822,0.77,2.674,7.27,248.0,1 item
TACO BELL,"TACO BELL,NACHOS",36.38,4,0,3.799999952,366,5.15,0.0,34.29,12.715,2.58,4.699,22.17,99.0,1 item
TACO BELL,"TACO BELL,NACHOS SUPREME",23.09,19,0,4.099999905,246,7.59,0.0,53.78,7.022,1.432,3.984,13.65,195.0,1 item
TACO BELL,"TACO BELL,TACO SALAD",15.1,19,0,3.0,170,6.69,0.0,67.32,3.972,0.752,2.979,9.17,533.0,1 item
"PIZZA HUT 12"" CHS PIZZA","PIZZA HUT 12"" CHS PIZZA,REG CRUST",31.22,24,0,1.799999952,271,11.93,3.369999886,43.29,2.919,1.839,5.04,10.89,96.47,1 slice
"PIZZA HUT 12"" CHS PIZZA","PIZZA HUT 12"" CHS PIZZA,THICK CRUST",29.93,21,0,1.700000048,280,11.73,3.210000038,43.4,3.213,2.752,5.184,12.56,100.08,1 slice
"PIZZA HUT 12"" CHS PIZZA","PIZZA HUT 12"" CHS PIZZA,THIN 'N CRISPY CRUST",28.64,34,0,1.600000024,303,15.29,2.670000076,38.77,3.807,1.698,6.896,14.1,69.34,1 slice
"PIZZA HUT 12"" PEPPERONI PIZZA","PIZZA HUT 12"" PEPPERONI PIZZA,REG CRUST",31.55,26,0,1.700000048,280,12.86,3.670000076,41.35,4.018,2.034,5.161,11.38,96.19,1 slice
"PIZZA HUT 12"" PEPPERONI PIZZA","PIZZA HUT 12"" PEPPERONI PIZZA,THICK CRUST",30.49,25,0,1.799999952,298,11.97,3.200000048,40.8,4.415,3.465,5.271,14.21,96.27,1 slice
"PIZZA HUT 12"" SUPER SUPREME PIZZA","PIZZA HUT 12"" SUPER SUPREME PIZZA,REG CRUST",25.62,20,0,2.0,243,10.9,3.710000038,50.2,3.953,1.729,4.554,10.72,127.06,1 slice
"DOMINO'S 14"" Cheese Pizza","DOMINO'S 14"" Cheese Pizza, Classic Hand-Tossed Crust",34.45,13,0,1.399999976,257,10.98,3.569999933,44.3,1.976,1.583,3.547,8.39,106.46,1 slice
"DOMINO'S 14"" Cheese Pizza","DOMINO'S 14"" Cheese Pizza, Ultimate Deep Dish Crust",33.93,14,0,2.299999952,274,11.36,3.279999971,42.09,2.937,1.921,4.025,10.34,120.88,1 slice
"DOMINO'S 14"" Cheese Pizza","DOMINO'S 14"" Cheese Pizza, Crunchy Thin Crust",28.01,21,0,2.099999905,315,12.96,3.170000076,39.72,4.217,3.646,6.756,16.82,39.03,1 slice
"DOMINO'S 14"" Pepperoni Pizza","DOMINO'S 14"" Pepperoni Pizza, Classic Hand-Tossed Crust",32.29,22,0,1.5,270,11.6,3.450000048,43.45,3.137,1.75,4.255,10.54,119.66,1 slice
"DOMINO'S 14"" Pepperoni Pizza","DOMINO'S 14"" Pepperoni Pizza, Ultimate Deep Dish Crust",32.3,17,0,2.099999905,288,12.11,3.25999999,40.85,4.027,2.03,4.905,12.28,127.02,1 slice
No Category,"DOMINO'S 14"" EXTRAVAGANZZA FEAST Pizza",25.72,20,0,2.0,244,10.33,3.299999952,50.77,3.627,1.425,4.386,11.1,150.68,1 slice
"PAPA JOHN'S 14"" CHS PIZZA","PAPA JOHN'S 14"" CHS PIZZA,ORIGINAL CRUST",32.74,19,0,1.899999976,260,11.53,5.320000172,44.16,2.476,1.97,3.871,9.25,117.27,1 slice
"PAPA JOHN'S 14"" PEPPERONI PIZZA","PAPA JOHN'S 14"" PEPPERONI PIZZA,ORIGINAL CRUST",30.04,26,0,1.200000048,275,11.97,4.840000153,43.6,3.912,2.206,4.908,11.86,122.99,1 slice
"PAPA JOHN'S 14"" THE WORKS PIZZA","PAPA JOHN'S 14"" THE WORKS PIZZA,ORIGINAL CRUST",26.69,21,0,2.5,240,10.27,4.840000153,50.57,3.652,1.877,3.765,10.21,153.49,1 slice
"PAPA JOHN'S 14"" CHS PIZZA","PAPA JOHN'S 14"" CHS PIZZA,THIN CRUST",26.26,28,0,2.299999952,295,12.29,3.849999905,43.3,6.002,1.663,6.202,15.66,87.4,1 slice
"LITTLE CAESARS 14"" ORIGINAL RND CHS PIZZA","LITTLE CAESARS 14"" ORIGINAL RND CHS PIZZA,REG CRUST",31.5,24,0,1.700000048,265,13.39,4.019999981,43.39,2.38,1.461,4.206,9.54,89.07,1 slice
"LITTLE CAESARS 14"" ORIGINAL RND PEPPERONI PIZZA","LITTLE CAESARS 14"" ORIGINAL RND PEPPERONI PIZZA,REG CRUST",31.01,28,0,1.700000048,273,13.59,3.75999999,42.57,3.108,1.603,4.541,10.5,90.31,1 slice
"LITTLE CAESARS 14"" ORIGINAL RND MEAT & VEG PIZZA","LITTLE CAESARS 14"" ORIGINAL RND MEAT & VEG PIZZA,REG CRUST",23.1,31,0,2.099999905,243,12.12,3.74000001,51.1,4.063,1.72,4.561,11.35,115.23,1 slice
"LITTLE CAESARS 14"" CHS PIZZA","LITTLE CAESARS 14"" CHS PIZZA,LRG DEEP DISH CRUST",30.1,23,0,1.299999952,263,12.63,3.660000086,44.9,2.757,1.728,4.237,10.22,102.42,1 slice
"LITTLE CAESARS 14"" PEPPERONI PIZZA","LITTLE CAESARS 14"" PEPPERONI PIZZA,LRG DEEP DISH CRUST",29.03,26,0,1.5,265,12.93,3.390000105,44.98,3.151,1.756,4.314,10.81,104.38,1 slice
"LITTLE CAESARS 14"" CHS PIZZA","LITTLE CAESARS 14"" CHS PIZZA,THIN CRUST",22.85,39,0,1.600000024,309,16.23,2.75999999,41.21,4.42,3.161,7.327,16.99,47.81,1 slice
"PIZZA HUT 14"" CHS PIZZA","PIZZA HUT 14"" CHS PIZZA,REG CRUST",31.63,26,0,1.100000024,271,11.75,3.160000086,43.19,2.576,1.796,4.421,10.87,99.78,1 slice
"PIZZA HUT 14"" CHS PIZZA","PIZZA HUT 14"" CHS PIZZA,THICK CRUST",29.96,29,0,0.899999976,280,12.0,2.599999905,43.25,3.108,2.819,4.99,12.42,94.69,1 slice
"PIZZA HUT 14"" CHS PIZZA","PIZZA HUT 14"" CHS PIZZA,THIN 'N CRISPY CRUST",29.03,41,0,1.100000024,296,15.22,2.519999981,39.25,3.605,1.71,6.394,13.25,75.83,1 slice
"PIZZA HUT 14"" PEPPERONI PIZZA","PIZZA HUT 14"" PEPPERONI PIZZA,REG CRUST",32.48,29,0,2.599999905,287,12.17,3.200000048,40.53,3.649,2.074,4.726,12.02,101.01,1 slice
"PIZZA HUT 14"" PEPPERONI PIZZA","PIZZA HUT 14"" PEPPERONI PIZZA,THICK CRUST",29.87,32,0,1.5,298,12.24,2.420000076,40.98,4.068,3.329,4.926,14.38,85.44,1 slice
"PIZZA HUT 14"" SUPER SUPREME PIZZA","PIZZA HUT 14"" SUPER SUPREME PIZZA,REG CRUST",26.01,28,0,2.299999952,248,11.34,3.039999962,49.15,3.805,1.875,4.217,10.95,122.77,1 slice
FST FD,"FST FD, PZZA CHN, 14"" PZZA, CHS TPPING, REG CRUST",32.58,21,16,1.700000048,264,11.91,4.019999981,43.76,2.352,1.788,4.221,9.51,103.15,1 slice
FAST FD,"FAST FD,PIZZA CHAIN,14"" PIZZA,CHS TOPPING,THICK CRUST",31.33,24,17,1.5,272,12.0,3.180000067,43.41,2.934,2.389,4.679,10.99,106.0,1 slice
FAST FD,"FAST FD,PIZZA CHAIN,14"" PIZZA,CHS TOPPING,THIN CRUST",26.54,35,19,2.0,304,14.17,3.079999924,40.87,4.561,2.932,6.932,15.68,62.52,1 slice
FAST FD,"FAST FD,PIZZA CHAIN,14"" PIZZA,PEPPERONI TOPPING,REG CRUST",31.46,27,25,1.5,276,12.33,3.809999943,42.53,3.454,2.01,4.87,11.23,108.49,1 slice
FAST FD,"FAST FD,PIZZA CHAIN,14"" PIZZA,PEPPERONI TOPPING,THICK CRUST",30.4,28,25,1.799999952,284,12.43,3.019999981,42.27,3.762,2.603,4.977,12.49,105.61,1 slice
FAST FD,"FAST FD,PIZZA CHAIN,14"" PIZZA,MEAT & VEG TOPPING,REG CRUST",25.38,27,22,2.200000048,244,11.02,3.730000019,50.4,3.787,1.89,4.407,10.9,135.54,1 slice
Egg,"Egg, Cheese and Sausage Griddle Cake Sandwich",22.04,132,72,0.600000024,291,10.77,7.900000095,47.03,6.718,2.26,5.649,17.73,198.93,"1 item, 7.017 oz"
No Category,Sausage Griddle Cake Sandwich,31.25,24,32,1.0,318,8.41,11.22999954,40.11,7.532,2.591,5.435,17.76,134.5,"1 item, 4.744 oz"
Egg,"Egg, Cheese and Bacon Griddle Cake Sandwich",26.19,147,76,0.800000012,272,12.03,9.56000042,45.85,4.686,1.775,4.201,13.19,167.93,"1 item, 5.923 oz"
MCDONALD'S,"MCDONALD'S,CHICK SELECTS PREMIUM BREAST STRIPS",17.83,40,0,0.200000003,303,17.23,0.0,44.12,8.129,6.597,2.575,18.08,131.0,"3 pieces, 4.6 oz"
MCDONALD'S,"MCDONALD'S,CHICK MCNUGGETS",17.22,44,0,0.800000012,291,14.97,0.0,47.44,8.177,5.896,3.133,18.07,64.0,"4 pieces, 2.3 oz"
MCDONALD'S,"MCDONALD'S,BARBEQUE SAU",36.93,0,0,1.299999952,165,1.55,34.31000137,57.68,0.271,0.504,0.14,1.22,28.0,1 package
MCDONALD'S,"MCDONALD'S,CREAMY RANCH SAU",3.49,21,0,0.0,468,1.11,3.450000048,41.36,11.094,28.178,7.894,52.03,43.0,1.5 oz
MCDONALD'S,"MCDONALD'S,HONEY",86.44,0,0,0.0,351,0.09,74.31999969,13.4,0.0,0.0,0.0,0.0,14.0,1 package
MCDONALD'S,"MCDONALD'S,HOT MUSTARD SAU",29.08,0,0,5.0,190,2.6,21.76000023,58.65,1.724,3.406,0.987,7.31,28.0,1 package
MCDONALD'S,"MCDONALD'S,SPICY BUFFALO SAU",1.81,0,0,1.5,142,0.54,0.0,76.0,3.222,8.433,2.277,15.45,43.0,1.5 oz
MCDONALD'S,"MCDONALD'S,SWT 'N SOUR SAU",39.38,0,0,0.0,170,0.66,35.79000092,57.37,0.241,0.514,0.148,1.09,28.0,1 package
MCDONALD'S,"MCDONALD'S,TANGY HONEY MUSTARD SAU",28.81,0,0,2.700000048,167,1.32,21.87999916,63.0,1.334,2.679,0.895,5.77,43.0,1.5 oz
MCDONALD'S,"MCDONALD'S,BISCUIT,REG SIZE",43.77,0,0,2.0,344,6.16,2.960000038,30.71,3.748,2.223,9.26,16.0,76.0,"1 item, 2.7 oz"
MCDONALD'S,"MCDONALD'S,DELUXE WARM CINN ROLL",51.8,34,0,2.5,367,5.62,22.22999954,24.97,7.452,1.985,4.606,16.24,162.0,5.7 oz
MCDONALD'S,"MCDONALD'S,HASH BROWNS",26.3,0,0,2.799999952,262,2.26,0.059999999,52.73,8.525,4.945,2.263,16.46,56.1,2 oz
MCDONALD'S,"MCDONALD'S,SCRMBLD EGGS",1.85,427,0,0.0,193,15.06,0.25999999,66.94,5.22,2.195,4.062,14.69,101.9,"2 eggs, 3.6 oz"
MCDONALD'S,"MCDONALD'S,HOTCAKES (PLAIN)",38.27,13,0,1.399999976,228,6.0,8.840000153,48.24,1.236,2.978,1.158,5.84,149.0,3 hotcakes
MCDONALD'S,"MCDONALD'S,WARM CINN ROLL",53.02,58,0,1.899999976,398,7.18,24.63999939,20.34,9.062,2.811,4.47,18.14,105.0,3.7 oz
MCDONALD'S,"MCDONALD'S,SAUSAGE PATTY",1.4,74,0,0.0,405,15.19,0.430000007,41.21,16.719,4.824,12.83,39.58,43.0,1.5 oz
MCDONALD'S,"MCDONALD'S,BKD APPL PIE",43.62,0,0,2.0,323,3.07,17.25,36.98,9.183,1.038,3.995,15.66,77.0,2.7 oz
MCDONALD'S,"MCDONALD'S,MCDONALDLAND CHOC CHIP COOKIES",66.24,65,0,2.0,480,5.56,33.86000061,4.19,5.894,1.305,11.373,22.79,56.0,2 oz
MCDONALD'S,"MCDONALD'S,MCDONALDLAND COOKIES",72.75,0,0,1.600000024,447,6.56,24.12999916,3.97,8.087,2.151,3.244,15.35,57.0,2 oz
MCDONALD'S,"MCDONALD'S,BACON,EGG & CHS MCGRIDDLES",26.19,147,0,0.800000012,272,12.03,9.56000042,45.85,4.686,1.775,4.201,13.19,168.0,"1 item, 5.9 oz"
MCDONALD'S,"MCDONALD'S,SAUSAGE MCGRIDDLES",31.25,24,0,1.0,312,8.41,11.22999954,40.11,7.532,2.591,5.435,17.76,134.5,"1 item, 4.744 oz"
MCDONALD'S,"MCDONALD'S,SAUSAGE,EGG & CHS MCGRIDDLES",22.04,132,0,0.600000024,283,10.77,7.900000095,47.03,6.718,2.26,5.649,17.73,199.0,"1 item, 7 oz"
MCDONALD'S,"MCDONALD'S,VANILLA TRIPLE THICK SHAKE",26.61,14,0,0.0,156,3.47,20.43000031,64.69,1.094,0.213,2.25,4.43,265.51,"12 fl oz cup, child size"
MCDONALD'S,"MCDONALD'S,CHOC TRIPLE THICK SHAKE",27.87,14,0,0.200000003,163,3.69,23.62999916,62.98,1.122,0.212,2.302,4.51,267.19,"12 fl oz cup, child size"
MCDONALD'S,"MCDONALD'S,STRAWBERRY TRIPLE THICK SHAKE",26.79,14,0,0.0,158,3.51,23.77000046,64.45,1.095,0.213,2.252,4.43,265.31,"12 fl oz cup, child size"
MCDONALD'S,"MCDONALD'S,VANILLA RED FAT ICE CRM CONE",26.36,15,0,0.100000001,162,4.24,19.48999977,63.64,1.206,0.297,2.41,4.86,90.0,"1 item, 3.175 oz"
MCDONALD'S,"MCDONALD'S,STRAWBERRY SUNDAE",28.09,13,0,0.0,158,3.19,25.31999969,64.02,0.976,0.19,2.008,3.95,178.0,"1 item, 6.279 oz"
MCDONALD'S,"MCDONALD'S,HOT CARAMEL SUNDAE",33.36,16,0,0.0,188,3.58,23.54000092,57.27,1.21,0.232,2.468,4.89,182.0,"1 item, 6.42 oz"
MCDONALD'S,"MCDONALD'S,HOT FUDGE SUNDAE",30.05,13,0,0.400000006,186,4.14,26.88999939,58.81,1.045,0.22,3.592,5.91,179.0,"1 item, 6.314 oz"
MCDONALD'S,"MCDONALD'S,PNUTS (FOR SUNDAES)",16.23,0,0,18.79999924,640,28.04,4.150000095,0.56,25.749,13.979,8.305,52.91,7.0,.3 oz
MCDONALD'S,"MCDONALD'S,MCFLURRY W/ M&M'S CANDIES",26.82,16,0,0.200000003,177,4.02,24.37000084,61.74,1.67,0.282,3.402,6.46,347.85,"12 fl oz cup, regular"
MCDONALD'S,"MCDONALD'S,MCFLURRY W/ OREO COOKIES",25.55,15,0,0.100000001,165,3.97,21.19000053,63.9,1.716,0.364,2.577,5.66,336.51,"12 fl oz cup, regular"
MCDONALD'S,"MCDONALD'S,SAUSAGE BURRITO",21.39,153,0,1.100000024,262,11.54,1.25,49.41,5.735,2.109,5.361,15.15,113.2,"1 item, 3.993 oz"
MCDONALD'S,"MCDONALD'S,BIG BRKFST",17.5,173,0,1.100000024,285,10.16,0.930000007,50.68,7.372,3.195,6.405,19.37,269.0,"1 item, 9.5 oz"
MCDONALD'S,"MCDONALD'S,APPL DIPPERS",12.1,0,0,0.0,48,0.0,9.199999809,87.5,0.0,0.0,0.0,0.0,68.0,1 package
MCDONALD'S,"MCDONALD'S,LOFAT CARAMEL SAU",71.53,12,0,0.0,313,1.89,43.20999908,22.5,0.771,0.139,1.772,3.25,21.0,.8 oz
MCDONALD'S,"MCDONALD'S,DOUBLE CHEESEBURGER",19.83,48,0,0.800000012,265,14.89,4.659999847,47.77,4.983,0.486,6.088,14.97,173.0,1 item
MCDONALD'S,"MCDONALD'S,DOUBLE QUARTER POUNDER W/ CHS",14.43,57,0,1.0,262,16.96,3.49000001,50.34,5.855,0.48,6.473,16.22,280.0,1 item
MCDONALD'S,"MCDONALD'S,NEWMAN'S OWN COBB DRSNG",15.49,13,0,0.300000012,196,1.69,7.789999962,66.41,3.67,7.91,2.77,14.45,62.16,2 fl oz
MCDONALD'S,"MCDONALD'S,NEWMAN'S OWN CREAMY CAESAR DRSNG",6.85,35,0,0.100000001,319,3.56,3.0,54.9,7.75,16.3,5.86,31.5,58.68,2 fl oz
MCDONALD'S,"MCDONALD'S,NEWMAN'S OWN LOFAT BALSAMIC VINAIGRETTE",24.65,0,0,0.400000006,86,0.19,6.739999771,66.05,2.19,2.8,0.87,5.94,46.64,2 fl oz
MCDONALD'S,"MCDONALD'S,NEWMAN'S OWN RANCH DRSNG",16.75,32,0,0.300000012,313,2.62,6.570000172,51.35,15.35,6.35,4.36,26.57,55.8,2 fl oz
MCDONALD'S,"MCDONALD'S,BIG MAC (WITHOUT BIG MAC SAUCE)",21.01,35,0,1.700000048,234,12.79,3.700000048,52.76,3.802,0.334,4.162,11.57,200.45,1 item
MCDONALD'S,"MCDONALD'S,BIG 'N TASTY",16.6,33,0,1.399999976,226,10.64,3.789999962,57.71,4.195,2.995,3.726,13.68,231.74,1 item
MCDONALD'S,"MCDONALD'S,BIG 'N TASTY (WITHOUT MAYONNAISE)",17.44,31,0,1.5,192,11.25,3.960000038,60.77,3.304,0.231,3.155,9.11,217.74,1 item
MCDONALD'S,"MCDONALD'S,BIG 'N TASTY W/ CHS",16.06,37,0,1.299999952,232,11.0,3.829999924,56.74,4.343,2.891,4.387,14.58,246.66,1 item
MCDONALD'S,"MCDONALD'S,BIG 'N TASTY W/ CHS (WITHOUT MAYONNAISE)",16.81,34,0,1.399999976,201,11.59,4.0,59.55,3.518,0.298,3.893,10.36,232.66,1 item
MCDONALD'S,"MCDONALD'S,MCCHICKEN SNDWCH (WITHOUT MAYONNAISE)",30.95,22,0,1.399999976,240,11.08,4.159999847,47.43,3.405,2.881,1.636,8.46,138.0,1 item
MCDONALD'S,"MCDONALD'S,EGG MCMUFFIN",20.54,165,0,1.100000024,215,12.65,2.00999999,55.24,2.722,1.812,3.222,9.11,139.35,"1 item, 4.8 oz"
MCDONALD'S,"MCDONALD'S,SAUSAGE MCMUFFIN",24.52,39,0,1.399999976,333,12.66,1.929999948,38.94,7.749,3.234,7.253,21.06,114.95,"1 item, 4 oz"
MCDONALD'S,"MCDONALD'S,SAUSAGE MCMUFFIN W/ EGG",17.28,154,0,0.899999976,274,12.59,1.570000052,49.96,6.581,2.768,6.008,17.83,165.35,"1 item, 5.7 oz"
MCDONALD'S,"MCDONALD'S,BACON EGG & CHS BISCUIT",22.26,167,0,0.899999976,304,13.45,2.180000067,42.29,5.546,2.625,8.262,18.77,142.0,"1 item, 5 oz"
MCDONALD'S,"MCDONALD'S,SAUSAGE BISCUIT",27.2,29,0,1.200000048,376,9.62,1.970000029,34.71,8.832,3.42,10.659,25.4,117.0,"1 item, 4.1 oz"
MCDONALD'S,"MCDONALD'S,SAUSAGE BISCUIT W/ EGG",19.28,152,0,0.800000012,311,11.27,1.429999948,44.62,7.748,3.169,8.628,22.26,163.0,"1 item, 5.7 oz"
MCDONALD'S,"MCDONALD'S,DELUXE BRKFST,W/ SYRUP & MARGARINE",29.48,109,0,1.0,285,7.56,9.880000114,45.91,5.217,2.811,4.642,15.23,420.0,"1 item, 14.8 oz"
MCDONALD'S,"MCDONALD'S,HOTCAKES & SAUSAGE",38.79,19,0,0.800000012,294,5.87,17.29999924,40.7,3.426,2.468,2.747,13.21,263.54,1 item
MCDONALD'S,"MCDONALD'S,HOTCAKES (WITH 2 PATS MARGARINE & SYRUP)",46.08,9,0,0.899999976,272,4.05,20.57999992,40.6,0.863,2.087,0.818,8.06,220.54,1 item
MCDONALD'S,"MCDONALD'S,APPL DIPPERS W/ LOFAT CARAMEL SAU",26.12,3,0,0.0,111,0.45,17.21999931,72.16,0.182,0.033,0.418,0.77,89.0,1 item
MCDONALD'S,"MCDONALD'S,FRUIT & WALNUT SALAD",16.6,2,0,0.0,118,1.81,12.44999981,75.95,0.81,3.204,0.699,5.05,263.65,1 item
MCDONALD'S,"MCDONALD'S,CAESAR SALAD W/ GRILLED CHICK",3.67,24,0,1.100000024,71,9.82,1.610000014,82.95,0.606,0.294,1.005,2.04,310.55,"1 item, 10.9 oz"
MCDONALD'S,"MCDONALD'S,CAESAR SALAD W/ CRISPY CHICK",6.2,18,0,1.100000024,104,8.32,1.470000029,78.77,2.11,1.521,1.406,5.31,314.0,"1 item, 11.1 oz"
MCDONALD'S,"MCDONALD'S,CAESAR SALAD WO/ CHICK",4.28,5,0,1.600000024,44,3.18,2.079999924,89.71,0.461,0.143,1.182,2.05,213.0,1 item
MCDONALD'S,"MCDONALD'S,BACON RANCH SALAD W/ GRILLED CHICK",3.64,28,0,1.0,81,10.28,1.730000019,81.42,1.014,0.431,1.235,3.14,320.55,"1 item, 11.2 oz"
No Category,MCDONALD'S BACON RANCH SALAD W/ CRISPY CHICK,6.08,22,0,1.0,110,8.82,1.529999971,77.38,2.467,1.619,1.622,6.3,342.0,"1 item, 11.4 oz"
MCDONALD'S,"MCDONALD'S,BACON RANCH SALAD WO/ CHICK",4.2,12,0,1.5,61,4.14,2.140000105,87.2,1.057,0.327,1.507,3.64,223.0,1 item
MCDONALD'S,"MCDONALD'S,SIDE SALAD",4.3,0,0,1.600000024,20,1.03,2.24000001,93.93,0.006,0.079,0.02,0.19,87.0,1 item
MCDONALD'S,"MCDONALD'S,FRUIT 'N YOGURT PARFAIT",20.72,5,0,1.0,105,2.73,12.82999992,74.61,0.106,0.095,0.041,1.3,149.0,1 item
MCDONALD'S,"MCDONALD'S,FRUIT 'N YOGURT PARFAIT (WITHOUT GRANOLA)",17.67,5,0,0.899999976,90,2.47,11.89999962,78.18,0.01,0.033,0.004,1.13,142.0,1 item
MCDONALD'S,"MCDONALD'S,FILET-O-FISH (WITHOUT TARTAR SAUCE)",31.08,25,0,1.0,243,12.47,4.269999981,46.9,2.768,2.323,1.773,7.62,124.0,1 item
BURGER KING,"BURGER KING,CROISSAN'WICH W/ SAUSAGE,EGG & CHS",17.65,120,0,0.699999988,322,12.31,2.859999895,44.9,9.913,3.864,7.424,22.48,150.68,1 item
BURGER KING,"BURGER KING,CROISSAN'WICH W/ SAUSAGE & CHS",23.0,43,0,0.699999988,376,13.73,3.359999895,35.08,12.025,3.114,8.595,25.45,131.33,1 item
BURGER KING,"BURGER KING,CROISSAN'WICH W/ EGG & CHS",24.79,139,0,0.699999988,283,10.35,4.03000021,46.4,6.668,2.93,4.766,15.78,110.43,1 item
BURGER KING,"BURGER KING,FRENCH TOAST STKS",41.21,0,0,1.399999976,349,6.0,9.890000343,33.57,9.502,2.566,3.989,17.74,21.3,1 stick
BURGER KING,"BURGER KING,HASH BROWN ROUNDS",34.55,0,0,2.900000095,369,2.87,0.270000011,36.12,13.765,3.2,5.924,24.35,76.5,"1 serving, small"
FAST FOODS,"FAST FOODS,MINIATURE CINN ROLLS",53.38,21,27,2.200000048,403,7.02,17.97999954,19.62,9.221,2.415,4.701,17.95,25.44,1 each
FAST FOODS,"FAST FOODS,CHICK TENDERS",17.79,50,44,1.899999976,290,17.29,0.100000001,45.75,8.949,3.404,3.959,16.59,62.0,4 pieces
MCDONALD'S,"MCDONALD'S,PREMIUM GRILLED CHICK CLASSIC SNDWCH",22.28,34,0,1.399999976,183,14.16,5.010000229,57.3,1.157,2.074,0.865,4.29,229.41,"1 item, 8 oz"
MCDONALD'S,"MCDONALD'S,PREMIUM CRISPY CHICK CLASSIC SNDWCH",25.46,26,0,1.399999976,228,12.08,5.369999886,51.98,3.179,3.708,1.409,8.68,230.0,"1 item, 8.1 oz"
MCDONALD'S,"MCDONALD'S,PREMIUM GRILLED CHICK CLUB SNDWCH",19.87,46,0,1.200000048,221,17.19,4.679999828,52.52,2.508,2.16,2.89,8.05,268.67,"1 item, 9.4 oz"
MCDONALD'S,"MCDONALD'S,PREMIUM CRISPY CHICK CLUB SNDWCH",22.61,38,0,1.200000048,250,15.38,4.989999771,48.02,4.223,3.557,3.333,11.76,254.0,"1 item, 9 oz"
MCDONALD'S,"MCDONALD'S,PREMIUM GRILLED CHICK RANCH BLT SNDWCH",21.91,38,0,1.399999976,204,16.7,5.199999809,53.61,1.865,1.678,1.463,5.41,242.23,"1 item, 8.5 oz"
MCDONALD'S,"MCDONALD'S,PREMIUM CRISPY CHICK RANCH BLT SNDWCH",24.93,30,0,1.399999976,244,14.7,5.53000021,48.61,3.773,3.231,1.971,9.55,240.0,"1 item, 8.5 oz"
MCDONALD'S,"MCDONALD'S,ENG MUFFIN",44.36,0,0,2.599999905,285,9.26,2.569999933,36.26,1.936,4.092,1.554,7.87,57.0,"1 item, 2 oz"
FAST FOODS,"FAST FOODS,BAGEL,W/ HAM,EGG,& CHS",27.43,127,98,0.200000003,253,13.97,3.650000095,46.44,2.992,1.749,4.121,9.68,190.85,1 item
FAST FOODS,"FAST FOODS,BAGEL,W/ EGG,SAUSAGE PATTY,CHS,& CONDMNT",22.64,133,84,0.200000003,295,12.98,2.869999886,45.17,6.026,2.603,6.396,16.97,219.03,1 item
FAST FOODS,"FAST FOODS,BAGEL,W/ BRKFST STEAK,EGG,CHS,& CONDMNT",22.99,130,82,0.200000003,282,15.95,2.970000029,44.9,4.997,1.849,5.419,14.07,216.68,1 item
LIGHT ICE CRM,"LIGHT ICE CRM,SOFT SERVE,BLENDED W/ MILK CHOC CANDIES",26.82,16,20,0.200000003,182,4.02,24.37000084,61.74,1.67,0.282,3.633,6.46,348.0,"12 fl oz, cup"
LIGHT ICE CRM,"LIGHT ICE CRM,SOFT SERVE,BLENDED W/ COOKIE PIECES",25.55,15,19,0.100000001,169,3.97,21.19000053,63.9,1.716,0.364,2.754,5.66,337.0,"12 fl oz, cup"
POPEYES,"POPEYES,BATTER FRIES,ANALYZED PRIOR TO DECEMBER 2006",35.06,10,0,2.799999952,302,4.03,0.0,41.95,8.385,1.147,6.175,16.2,100.68,1 package
POPEYES,"POPEYES,BISCUIT,ANALYZED PRIOR TO NOVEMBER 2006",41.88,2,0,1.700000048,400,5.73,2.950000048,26.13,11.796,3.45,6.933,23.31,58.63,1 biscuit
POPEYES,"POPEYES,COLESLAW",14.12,7,0,1.700000048,161,0.98,10.82999992,72.84,3.339,5.852,1.887,11.18,190.33,1 cup
POPEYES,"POPEYES,MILD CHICK STRIPS,ANALYZED 2006",19.31,52,0,0.800000012,271,19.2,0.0,45.18,6.201,1.257,5.442,13.01,53.6,1 strip
POPEYES,"POPEYES,SPICY CHICK STRIPS,ANALYZED 2006",18.52,53,0,1.200000048,253,19.61,0.0,47.11,5.321,1.112,4.743,11.2,52.73,1 strip
KENTUCKY FRIED CHICK,"KENTUCKY FRIED CHICK,BISCUIT,ANALYZED PRIOR TO JANUARY 2007",42.51,1,0,1.5,356,7.25,3.220000029,28.96,11.686,1.159,4.197,17.45,52.23,1 biscuit
KENTUCKY FRIED CHICK,"KENTUCKY FRIED CHICK,COLESLAW",15.65,2,0,2.0,144,0.91,13.53999996,73.99,1.963,4.888,1.303,8.64,191.4,1 cup
KENTUCKY FRIED CHICK,"KENTUCKY FRIED CHICK,CRISPY CHICK STRIPS,ANALYZED 2007",13.72,51,0,1.399999976,274,20.47,0.0,46.91,8.671,2.161,3.254,15.26,46.63,1 strip
KENTUCKY FRIED CHICK,"KENTUCKY FRIED CHICK,POPCORN CHICK,ANALYZED PRIOR 2007",21.3,40,0,1.0,361,18.03,0.0,33.96,12.91,3.519,4.632,22.64,6.38,1 piece
KENTUCKY FRIED CHICK,"KENTUCKY FRIED CHICK,POTATO WEDGES,ANALYZED PRIOR 2007",33.55,0,0,3.099999905,283,4.05,0.0,44.19,8.858,1.799,2.981,14.77,134.43,1 package
KENTUCKY FRIED CHICK,"KENTUCKY FRIED CHICK,FRIED CHICK,ORIGINAL RECPE,SKN & BRDING",17.25,70,0,1.299999952,379,12.17,0.0,38.72,14.626,4.411,6.916,29.01,0.0,
KENTUCKY FRIED CHICK,"KENTUCKY FRIED CHICK,ORIGINAL RECIPE,BREAST,MEAT ONLY",0.0,87,0,0.0,171,29.46,0.0,63.17,2.44,0.81,1.281,5.85,145.23,"1 breast, without skin"
KENTUCKY FRIED CHICK,"KENTUCKY FRIED CHICK,ORIGINAL RECIPE,DRUMSTK,MEAT ONLY",0.49,137,0,0.0,187,26.92,0.0,61.84,4.011,1.441,2.114,8.63,39.91,"1 drumstick, bone and skin removed"
KENTUCKY FRIED CHICK,"KENTUCKY FRIED CHICK,ORIGINAL RECIPE,THIGH,MEAT ONLY",0.28,118,0,0.0,192,23.3,0.0,63.43,4.504,1.661,2.607,10.82,97.45,"1 thigh, without skin"
KENTUCKY FRIED CHICK,"KENTUCKY FRIED CHICK,ORIGINAL RECIPE,WING,MEAT ONLY",1.93,134,0,0.0,233,30.67,0.0,53.62,5.381,1.801,2.619,11.36,43.55,"1 wing, without skin"
KENTUCKY FRIED CHICK,"KENTUCKY FRIED CHICK,FRIED CHICK,EX CRISPY,SKN & BRDING",21.66,59,0,1.5,463,10.84,0.0,27.81,16.588,4.645,7.958,37.02,0.0,
KENTUCKY FRIED CHICK,"KENTUCKY FRIED CHICK,EX CRISPY,BREAST,MEAT ONLY",0.15,87,0,0.0,166,29.47,0.0,63.19,2.206,0.736,1.161,5.32,139.96,"1 breast, without skin"
KENTUCKY FRIED CHICK,"KENTUCKY FRIED CHICK,EX CRISPY,DRUMSTK,MEAT ONLY",0.89,137,0,0.0,187,26.75,0.0,61.87,3.964,1.427,2.089,8.53,41.03,"1 drumstick, bone and skin removed"
KENTUCKY FRIED CHICK,"KENTUCKY FRIED CHICK,EX CRISPY,THIGH,MEAT ONLY",1.18,118,0,0.0,188,23.5,0.0,63.49,4.134,1.524,2.394,9.93,91.19,"1 thigh, without skin"
KENTUCKY FRIED CHICK,"KENTUCKY FRIED CHICK,EX CRISPY,WING,MEAT ONLY",4.34,146,0,0.0,262,30.05,0.0,49.57,6.554,2.18,3.191,13.84,43.64,"1 wing, without skin"
KENTUCKY FRIED CHICK,"KENTUCKY FRIED CHICK,ORIGINAL RECIPE,BREAST,MEAT & SKN",5.29,82,0,0.400000006,234,24.15,0.0,55.66,6.181,1.92,3.011,12.96,201.3,"1 breast, with skin"
KENTUCKY FRIED CHICK,"KENTUCKY FRIED CHICK,ORIGINAL RECIPE,DRUMSTK,MEAT & SKN",5.53,117,0,0.400000006,245,22.48,0.0,54.88,7.206,2.337,3.559,14.77,74.8,"1 drumstick, with skin"
KENTUCKY FRIED CHICK,"KENTUCKY FRIED CHICK,ORIGINAL RECIPE,THIGH,MEAT & SKN",7.02,99,0,0.5,266,18.88,0.0,53.62,8.522,2.753,4.318,18.04,151.55,"1 thigh, with skin"
KENTUCKY FRIED CHICK,"KENTUCKY FRIED CHICK,ORIGINAL RECIPE,WING,MEAT & SKN",8.04,109,0,0.5,291,23.29,0.0,47.67,9.069,2.843,4.334,18.4,65.14,"1 wing, with skin"
KENTUCKY FRIED CHICK,"KENTUCKY FRIED CHICK,FRIED CHICK,EX CRISPY,BREAST,MEAT & SKN",8.09,76,0,0.600000024,276,22.6,0.0,50.13,7.513,2.178,3.669,17.02,212.3,"1 breast, with skin"
KENTUCKY FRIED CHICK,"KENTUCKY FRIED CHICK,FRIED CHICK,EX CRISPY,DRUMSTK,MEAT & SK",8.22,109,0,0.5,285,21.13,0.0,49.85,8.42,2.563,4.161,18.59,80.52,"1 drumstick, with skin"
KENTUCKY FRIED CHICK,"KENTUCKY FRIED CHICK,FRIED CHICK,EX CRISPY,THIGH,MEAT & SKN",10.54,91,0,0.699999988,314,17.71,0.0,47.18,9.826,2.951,4.937,22.31,152.48,"1 thigh, with skin"
KENTUCKY FRIED CHICK,"KENTUCKY FRIED CHICK,FRIED CHICK,EX CRISPY,WING,MEAT & SKN",12.03,107,0,0.699999988,351,21.52,0.0,39.91,11.009,3.274,5.307,24.13,67.77,"1 wing, with skin"
POPEYES,"POPEYES,FRIED CHICK,MILD,BREAST,MEAT ONLY,SKN",0.99,108,0,0.0,168,29.11,0.0,62.28,1.918,0.532,1.561,5.32,129.43,"1 breast, without skin"
POPEYES,"POPEYES,FRIED CHICK,MILD,DRUMSTK,MEAT ONLY",1.18,127,0,0.0,179,26.22,0.0,62.63,3.052,0.977,2.223,7.66,44.03,"1 drumstick, bone and skin removed"
POPEYES,"POPEYES,FRIED CHICK,MILD,SKN & BREADING",20.85,81,0,1.100000024,436,12.02,0.0,30.81,14.945,3.515,11.716,33.88,0.0,
POPEYES,"POPEYES,FRIED CHICK,MILD,THIGH,MEAT ONLY",0.6,131,0,0.0,203,24.2,0.0,61.37,4.832,1.532,3.361,11.5,73.25,"1 thigh, without skin"
POPEYES,"POPEYES,FRIED CHICK,MILD,WING,MEAT ONLY,SKN",3.11,132,0,0.0,239,29.39,0.0,52.61,4.871,1.463,3.664,12.06,32.38,"1 wing, without skin"
POPEYES,"POPEYES,FRIED CHICK,SPICY,BREAST,MEAT ONLY",0.25,105,0,0.0,166,29.04,0.0,63.32,1.951,0.538,1.588,5.42,130.7,"1 breast, without skin"
POPEYES,"POPEYES,FRIED CHICK,SPICY,DRUMSTK,MEAT ONLY",0.33,128,0,0.0,187,26.33,0.0,62.42,3.571,1.142,2.602,8.97,35.18,"1 drumstick, bone and skin removed"
POPEYES,"POPEYES,FRIED CHICK,SPICY,SKN & BREADING",19.39,80,0,1.399999976,440,12.39,0.0,31.23,15.676,3.543,12.348,34.74,0.0,
POPEYES,"POPEYES,FRIED CHICK,SPICY,THIGH,MEAT ONLY,SKN & BREADING",0.52,129,0,0.0,201,24.21,0.0,62.03,4.744,1.504,3.299,11.29,73.81,"1 thigh, without skin"
POPEYES,"POPEYES,FRIED CHICK,SPICY,WING,MEAT ONLY",2.45,132,0,0.0,244,29.71,0.0,52.72,5.16,1.55,3.881,12.78,37.44,"1 wing, without skin"
POPEYES,"POPEYES,FRIED CHICK,SPICY,BREAST,MEAT & SKN W/ BREADING",7.08,96,0,0.5,264,23.1,0.0,51.86,6.851,1.613,5.429,15.89,191.86,"1 breast, with skin"
POPEYES,"POPEYES,FRIED CHICK,SPICY,DRUMSTK,MEAT & SKN W/ BREADING",5.49,115,0,0.400000006,256,22.55,0.0,53.97,6.852,1.793,5.243,15.95,68.45,"1 drumstick, with skin"
POPEYES,"POPEYES,FRIED CHICK,SPICY,THIGH,MEAT & SKN W/ BREADING",8.79,108,0,0.600000024,305,19.03,0.0,48.54,9.532,2.397,7.263,21.56,120.92,"1 thigh, with skin"
POPEYES,"POPEYES,FRIED CHICK,SPICY,WING,MEAT & SKN W/ BREADING",11.74,104,0,0.800000012,351,20.22,0.0,40.95,10.923,2.642,8.521,24.82,62.69,"1 wing, with skin"
POPEYES,"POPEYES,FRIED CHICK,MILD,BREAST,MEAT & SKN W/ BREADING",8.14,98,0,0.400000006,265,22.96,0.0,50.95,6.608,1.606,5.216,15.6,192.23,"1 breast, with skin"
POPEYES,"POPEYES,FRIED CHICK,MILD,DRUMSTK,MEAT & SKN W/ BREADING",9.54,108,0,0.5,288,20.19,0.0,49.1,8.107,2.056,6.257,18.81,75.56,"1 drumstick, with skin"
POPEYES,"POPEYES,FRIED CHICK,MILD,THIGH,MEAT & SKN W/ BREADING",9.85,108,0,0.5,310,18.63,0.0,47.4,9.454,2.438,7.179,21.73,117.84,"1 thigh, with skin"
POPEYES,"POPEYES,FRIED CHICK,MILD,WING,MEAT & SKN W/ BREADING",12.64,105,0,0.600000024,345,20.06,0.0,40.9,10.281,2.565,7.987,23.78,57.13,"1 wing, with skin"
MCDONALD'S,"MCDONALD'S,BISCUIT,LRG SIZE",43.76,0,0,2.0,344,6.16,2.960000038,30.71,3.749,2.227,9.26,16.01,90.0,"1 item, 3.2 oz"
KRAFT MACARONI & CHEESE DINNER ORIGINAL FLAVOR,"KRAFT MACARONI & CHEESE DINNER ORIGINAL FLAVOR,UNPREP",67.9,14,0,2.099999905,370,16.2,10.0,7.7,0.0,0.0,1.8,3.7,70.0,"1 NLEA Serving,  (makes about 1 cup prepared)"
MORNINGSTAR FARMS GARDEN VEGGIE PATTIES,"MORNINGSTAR FARMS GARDEN VEGGIE PATTIES,FRZ,UNPREP",13.7,2,0,4.5,176,17.8,1.799999952,59.9,1.5,3.2,0.8,5.6,67.0,1 patty
MORNINGSTAR FARMS AMERICA'S ORIGINAL VEGGIE DOG,"MORNINGSTAR FARMS AMERICA'S ORIGINAL VEGGIE DOG,FRZ,UNPREP",12.3,0,0,3.5,132,19.7,4.099999905,64.8,0.2,0.9,0.2,1.3,57.0,1 link
MORNINGSTAR FARMS GRILLERS RECIPE CRUMBLES,"MORNINGSTAR FARMS GRILLERS RECIPE CRUMBLES,FRZ,UNPREP",7.7,0,0,4.699999809,131,17.8,0.600000024,65.8,0.9,2.87,0.5,4.3,55.0,.67 cup
MORNINGSTAR FARMS GRILLERS VEGAN,"MORNINGSTAR FARMS GRILLERS VEGAN,FRZ,UNPREP",9.1,0,0,5.199999809,132,16.3,0.400000006,68.2,1.2,1.7,0.5,3.4,71.0,1 patty
MORNINGSTAR FARMS VEGGIE SAUSAGE PATTIES,"MORNINGSTAR FARMS VEGGIE SAUSAGE PATTIES,FRZ,UNPREP",8.8,2,0,4.099999905,210,25.8,1.700000048,54.4,1.9,4.9,1.1,7.9,38.0,1 patty
MORNINGSTAR FARMS SPICY BLACK BEAN BURGER,"MORNINGSTAR FARMS SPICY BLACK BEAN BURGER,FRZ,UNPREP",19.7,1,0,6.800000191,171,16.1,2.799999952,56.5,1.5,3.3,0.8,5.7,67.0,1 patty
GREEN GIANT,"GREEN GIANT,HARVEST BURGER,ORIG FLAV,ALL VEG PROT PATTY,FRZ",7.8,0,0,6.300000191,153,20.0,0.0,65.0,2.372,0.295,1.13,4.6,362.0,1 package
LOMA LINDA BIG FRANKS,"LOMA LINDA BIG FRANKS,CND,UNPREP",5.77,0,0,3.5,217,21.47,0.439999998,59.09,3.1,7.39,1.61,12.03,51.0,1 link
MORNINGSTAR FARMS VEGAN BURGER MADE W/ ORG SOY,"MORNINGSTAR FARMS VEGAN BURGER MADE W/ ORG SOY,FRZ,UNPREP",10.7,0,0,5.699999809,138,18.9,2.099999905,64.8,0.8,1.09,0.3,2.2,71.0,1 patty
NESTLE,"NESTLE,CHEF-MATE CHILI W/BNS,CND",13.5,16,0,3.0,166,7.0,1.5,69.5,4.248,0.552,4.0,9.5,253.0,1 cup
NESTLE,"NESTLE,CHEF-MATE CHILI WO/BNS,CND",8.0,22,0,1.5,147,9.0,1.5,70.54,3.936,0.496,3.037,9.0,250.0,1 cup
NESTLE,"NESTLE,CHEF-MATE CORNED BF HASH,CND",11.0,28,0,1.100000024,180,8.3,0.790000021,64.79,5.799,0.44,5.5,12.0,253.0,1 cup
Macaroni and Cheese,"Macaroni and Cheese, canned entree",11.52,6,5,0.5,82,3.38,0.5,81.39,0.6,0.303,0.881,2.46,244.0,1 serving
JIMMY DEAN,"JIMMY DEAN,SAUSAGE BISCUITS,BRKFST SNDWCH,FRZ",24.1,33,0,1.5,401,9.9,0.0,33.5,0.0,0.0,8.97,29.4,96.0,1 package
SPAGHETTI W/ MEAT SAU,"SPAGHETTI W/ MEAT SAU,FRZ ENTREE",15.24,6,12,1.799999952,90,5.05,2.599999905,77.82,0.33,0.32,0.35,1.01,283.0,1 serving
HEALTHY CHOIC BF MACARONI,"HEALTHY CHOIC BF MACARONI,FRZ ENTREE",13.94,6,12,1.899999976,88,5.89,3.799999952,78.2,0.5,0.14,0.28,0.93,240.0,1 serving
NALLEY CHILI CON CARNE W/BNS,"NALLEY CHILI CON CARNE W/BNS,CND ENTREE",4.6,10,0,5.0,109,15.6,0.0,74.6,1.18,0.328,1.08,3.1,425.0,"1 package,  yields"
OLD EL PASO CHILI W/BNS,"OLD EL PASO CHILI W/BNS,CND ENTREE",9.5,16,0,4.300000191,109,7.7,0.0,76.9,1.87,0.985,0.904,4.5,425.0,"1 package,  yields"
CHEF BOYARDEE BF RAVIOLI IN TOMATO & MEAT SAU,"CHEF BOYARDEE BF RAVIOLI IN TOMATO & MEAT SAU,CND ENTREE",13.58,3,0,0.5,92,3.3,1.940000057,79.13,1.12,0.14,1.16,2.67,244.0,1 cup
CHEF BOYARDEE BEEFARONI,"CHEF BOYARDEE BEEFARONI,MACARONI W/BEEF IN TOMATO SAU,CND",13.58,3,0,0.5,92,3.3,1.940000057,79.13,1.12,0.14,1.16,2.67,257.0,1 cup
CHEF BOYARDEE MINI RAVIOLI,"CHEF BOYARDEE MINI RAVIOLI,BF RAVIOLI TOMATO, MEAT SAU,CND",12.36,3,0,1.0,92,3.27,1.940000057,79.73,1.35,0.17,1.37,3.24,252.0,1 cup
CHEF BOYARDEE SPAGHETTI & MEATBALLS IN TOMATO SAU,"CHEF BOYARDEE SPAGHETTI & MEATBALLS IN TOMATO SAU,CND ENTREE",11.9,7,0,1.399999976,100,4.37,2.970000029,78.55,1.63,0.35,1.59,3.88,257.0,1 cup
PASTA W/SLICED FRANKS IN TOMATO SAU,"PASTA W/SLICED FRANKS IN TOMATO SAU,CND ENTREE",11.9,9,12,0.899999976,104,3.7,3.200000048,78.2,1.9,0.598,1.47,4.6,252.0,1 serving
BANQUET CHICK POT PIE,"BANQUET CHICK POT PIE,FRZ ENTREE'",18.02,15,0,1.700000048,192,5.59,2.809999943,63.9,4.63,1.89,4.19,10.84,198.0,1 pie
MARIE CALLENDER'S CHICK POT PIE,"MARIE CALLENDER'S CHICK POT PIE,FRZ ENTREE",19.18,9,0,1.0,235,6.83,0.779999971,58.2,5.73,1.76,4.1,14.59,284.0,1 pie
STOUFFER'S CHICK PIE,"STOUFFER'S CHICK PIE,FRZ ENTREE",22.59,22,0,1.399999976,259,7.17,3.730000019,53.2,5.64,2.2,6.29,15.5,283.0,"1 package,  yields"
TURKEY POT PIE,"TURKEY POT PIE,FRZ ENTREE",17.7,16,0,1.100000024,176,6.5,0.0,65.7,3.46,1.38,2.88,8.8,397.0,"1 package,  yields"
BEEF POT PIE,"BEEF POT PIE,FRZ ENTREE,PREP",22.05,21,20,0.800000012,220,7.25,0.0,58.05,5.312,1.462,4.149,11.39,268.0,"1 pie, cooked (average weight)"
HOT POCKETS,"HOT POCKETS,BF&CHEDDAR STUFFED SNDWCH,FRZ",27.6,37,0,0.0,284,11.5,0.0,44.0,4.689,0.86,6.2,14.2,142.0,"1 package,  yields"
HOT POCKETS,"HOT POCKETS,CROISSANT POCKTS CHIK,BROC&CHDR STUFD SNDWCH,FRZ",30.4,29,0,1.100000024,235,8.9,0.0,50.0,3.42,1.3,2.62,8.6,256.0,"1 package,  yields"
HOT POCKETS HAM 'N CHS STUFFED SNDWCH,"HOT POCKETS HAM 'N CHS STUFFED SNDWCH,FRZ",30.0,39,0,0.0,266,11.6,0.0,44.9,3.45,1.16,4.52,11.1,256.0,"1 package,  yields"
RED BARON PREMIUM POCKETS,"RED BARON PREMIUM POCKETS,ORIGINAL HAM&CHS,FRZ",27.2,31,0,0.0,268,11.2,0.0,46.2,4.62,1.35,4.66,12.7,269.0,"1 package,  yields"
STOUFFER'S STUFFED PEPPERS W/ BF IN TOMATO SAU,"STOUFFER'S STUFFED PEPPERS W/ BF IN TOMATO SAU,FRZ ENTREE",8.73,8,0,1.200000048,73,3.72,2.730000019,83.88,1.01,0.17,1.01,2.57,220.0,1 serving
STOUFFER'S LASAGNA W/ MEAT & SAU,"STOUFFER'S LASAGNA W/ MEAT & SAU,FRZ ENTREE",12.57,13,0,1.100000024,116,8.04,2.200000048,74.27,1.28,0.23,1.9,3.77,595.0,"1 package,  yields"
BANQUET ORIG FRIED CHK THIGH,"BANQUET ORIG FRIED CHK THIGH,W/MASH POT & CORN IN SEASON SAU",13.35,30,0,1.799999952,170,9.59,0.330000013,66.89,3.54,2.33,1.92,8.67,226.0,1 meal
STOUFFER'S LN CUISINE SPAGHETTI W/ MEATBALLS & SAU,"STOUFFER'S LN CUISINE SPAGHETTI W/ MEATBALLS & SAU,FRZ ENTRE",12.27,9,0,1.5,93,6.68,2.430000067,78.06,0.71,0.29,0.75,1.9,269.0,1 serving
STOUFFER'S LN CUISINE SWEDISH MEATBALLS W/ PASTE,"STOUFFER'S LN CUISINE SWEDISH MEATBALLS W/ PASTE,FRZ ENTREE",12.14,19,0,1.0,106,8.56,1.75999999,75.48,1.0,0.35,1.08,2.63,258.0,1 serving
STOUFFER'S LN CUISINE MACARONI & BF IN TOMATO SAU,"STOUFFER'S LN CUISINE MACARONI & BF IN TOMATO SAU,FRZ ENTREE",13.23,6,0,1.700000048,91,6.07,3.900000095,77.9,0.61,0.22,0.59,1.54,283.0,1 serving
STOUFFER'S LN CUISINE CHICK & VEG W/ VERMICELLI,"STOUFFER'S LN CUISINE CHICK & VEG W/ VERMICELLI,FRZ ENTREE",8.91,10,0,1.299999952,78,6.68,1.5,81.51,0.6,0.36,0.63,1.7,297.0,1 serving
STOUFFER'S LN CUISINE HS BF POT RST W/ WHIPPED POTATOES,"STOUFFER'S LN CUISINE HS BF POT RST W/ WHIPPED POTATOES,FRZ",8.29,8,0,1.200000048,72,4.98,1.419999957,82.96,1.03,0.41,0.54,2.14,255.0,1 serving
STOUFFER'S CRMD CHIPPED BF,"STOUFFER'S CRMD CHIPPED BF,FRZ ENTREE",7.07,25,0,0.400000006,110,7.52,3.400000095,77.84,1.54,0.29,3.31,5.71,125.0,1 serving
STOUFFER'S LN CUISINE SPAGHETTI W/ MEAT SAU,"STOUFFER'S LN CUISINE SPAGHETTI W/ MEAT SAU,FRZ ENTREE",14.91,4,0,1.399999976,87,4.31,2.569999933,78.79,0.4,0.27,0.34,1.08,326.0,1 serving
STOUFFER'S LN CUISINE ORIENTAL BF W/ VEG & RICE,"STOUFFER'S LN CUISINE ORIENTAL BF W/ VEG & RICE,FRZ ENTREE",11.05,9,0,1.600000024,74,4.96,3.099999905,81.69,0.43,0.12,0.42,1.08,255.0,1 serving
STOUFFER'S HOMESTYLE SALISBURY STEAK IN GRAVY & MAC& CHS,"STOUFFER'S HOMESTYLE SALISBURY STEAK IN GRAVY & MAC& CHS,FRZ",7.47,14,0,1.5,102,6.36,1.950000048,80.09,1.93,0.97,1.8,5.17,454.0,"1 serving,  16oz serving"
PATIO BF & BEAN BURRITO,"PATIO BF & BEAN BURRITO,MILD,FRZ",30.15,5,0,3.5,207,6.52,5.28000021,54.78,2.51,1.54,2.44,6.75,142.0,1 burrito
STOUFFER'S LN CUISINE HS STUFF CAB W/ MEAT SAU&WHPED POT,"STOUFFER'S LN CUISINE HS STUFF CAB W/ MEAT SAU&WHPED POT,FRZ",9.07,5,0,1.5,73,4.03,2.170000076,83.28,1.1,0.35,0.64,2.28,269.0,1 serving
HEALTHY CHOIC CHICK TERIYAKI W/RICE MEDLEY BROCCOLI,"HEALTHY CHOIC CHICK TERIYAKI W/RICE MEDLEY BROCCOLI,FRZ MEAL",11.43,7,0,3.0,80,5.03,4.409999847,81.22,0.56,0.45,0.51,1.53,312.0,1 meal
HC CHK ENCHI SUPMA IN GRN CHILI SAU,"HC CHK ENCHI SUPMA IN GRN CHILI SAU,MEXI  RICE,CORN MELY,FRZ",18.2,11,0,1.5,110,3.79,0.730000019,74.71,0.72,0.67,1.03,2.45,320.0,1 meal
CINNAMON SWIRL FRENCH TOAST W/SAUSAGE,"CINNAMON SWIRL FRENCH TOAST W/SAUSAGE,FRZ BRKFST",24.5,63,0,1.5,266,8.4,0.0,50.8,6.04,2.2,4.68,14.9,156.0,"1 package,  yields"
SCRAMBLED EGGS&SAUSAGE W/HASHED BROWN POTATOES,"SCRAMBLED EGGS&SAUSAGE W/HASHED BROWN POTATOES,FRZ BRKFST",9.7,160,0,0.800000012,204,7.1,0.0,66.3,7.16,2.05,4.15,15.2,177.0,"1 package,  yields"
GREEN GIANT,"GREEN GIANT,BROCCOLI IN CHS FLAV SAU,FRZ",8.9,0,0,0.0,67,2.3,0.0,84.5,1.009,0.253,0.48,2.5,168.0,1 cup
THE BUDGET GOURMET,"THE BUDGET GOURMET,SPINACH AU GRATIN,FRZ",7.4,27,0,1.5,143,4.3,0.0,75.1,0.0,0.0,4.9,10.7,155.0,1 package
BANQUET TKY & GRY W/DRESS,"BANQUET TKY & GRY W/DRESS ,MSHD POT & PEA IN SEASON SAU,FRZ",10.87,14,0,3.099999905,99,5.93,1.899999976,78.19,1.48,1.0,0.85,3.49,262.0,1 meal
No Category,STOUFF LN CUISIN CHK ENCH SUIZA W/CRM SAU & MEXI-STYL RICE,18.38,8,0,1.299999952,105,4.16,2.529999971,74.86,0.49,0.38,0.64,1.61,255.0,1 serving
No Category,STOUFFER'S CHK ENCHILA MEXIC-STY RICE W/ MONREY JACK CHS SAU,21.54,18,0,1.299999952,150,5.42,2.019999981,66.55,0.96,0.33,2.6,4.69,283.0,1 serving
SMART ONES,"SMART ONES,CHICK ENCHILADAS SUIZA,SOUR CRM W/CHEESE,FRZ",17.7,13,0,1.299999952,122,5.3,13.0,72.4,0.9,0.5,1.4,3.3,255.0,"1 package,  yields"
SMART ONES,"SMART ONES,RST TKY MEDALLIONS,MSHRM IN SAU W/RICE & VEG,FRZ",14.9,22,0,1.0,84,5.0,0.300000012,78.7,0.2,0.2,0.2,0.5,255.0,1 package
MARIE CALLENDER'S BF STROGANOFF & NOODLES,"MARIE CALLENDER'S BF STROGANOFF & NOODLES, CARROTS, PEAS,FRZ",10.75,17,0,2.0,114,6.69,1.690000057,76.32,1.5,1.12,1.95,4.89,369.0,1 meal
BREAKFAST BURRITO,"BREAKFAST BURRITO,HAM&CHS FLAVOR,FRZ ENTREE",28.1,194,0,1.399999976,214,9.7,0.0,53.8,2.1,1.82,2.01,7.0,99.0,"1 package,  yields"
TYSON CHICK FAJITA KIT,"TYSON CHICK FAJITA KIT,FRZ,PROD CD #2266-910",16.22,11,0,1.700000048,120,6.37,2.029999971,71.56,0.99,1.48,0.8,3.34,107.0,1 fajita
BANQUET HEARTY ONE STK DIN,"BANQUET HEARTY ONE STK DIN,GRY,MSHD POT, CORN SEASON SAU,FRZ",9.92,14,0,2.099999905,138,5.13,1.289999962,74.54,3.6,1.38,3.21,8.66,454.0,1 meal
KID CUISINE CHK NUG,"KID CUISINE CHK NUG, PSTA IN CHS SAU,CRN,CHOC PUDD W/SPRINK",19.77,22,0,2.900000095,178,7.2,10.93000031,63.94,3.09,1.9,2.16,7.78,249.0,1 meal
BANQUET SLCED BF W/GRY,"BANQUET SLCED BF W/GRY, MASH POT, PEAS SEASON SAUC, FROZEN",6.46,19,0,1.600000024,88,8.8,1.429999948,80.48,1.23,0.28,1.23,2.96,255.0,1 meal
HORMEL,"HORMEL,DINTY MOORE BF STEW,CND ENTREE",6.81,16,0,1.100000024,94,4.79,0.959999979,81.56,2.68,0.28,2.39,5.53,236.0,1 cup
HORMEL CORNED BF HASH,"HORMEL CORNED BF HASH,CND ENTREE",9.27,32,0,1.100000024,164,8.73,0.340000004,70.32,5.26,0.3,4.32,10.24,236.0,1 cup
BETTY CROCKER,"BETTY CROCKER,HAMBURGER HELPER,CHEESEBURGER MACARONI,DRY MIX",64.3,9,0,0.0,395,11.0,0.0,7.3,0.0,0.0,2.82,10.4,225.0,1 package
HODGSON MILL,"HODGSON MILL,WHL WHEAT MACARONI&CHS DINNER,DRY MIX",69.2,8,0,7.599999905,376,14.1,0.0,8.5,0.0,0.0,1.37,4.7,206.0,1 package
LIPTON,"LIPTON,ALFREDO EGG NOODLES IN A CREAMY SAU,DRY MIX",62.4,112,0,0.0,418,15.5,0.0,4.9,3.856,1.244,4.57,11.8,93.0,1 cup
HORMEL CHILI,"HORMEL CHILI,NO BNS,CND ENTREE",7.59,15,0,1.299999952,82,7.2,1.419999957,81.2,0.95,0.36,0.93,2.78,236.0,1 cup
HORMEL TURKEY CHILI W/BNS,"HORMEL TURKEY CHILI W/BNS,CND ENTREE",10.35,14,0,2.599999905,82,7.58,2.319999933,78.86,0.17,0.49,0.27,1.12,247.0,1 cup
FREEZER QUEEN GRAVY&SLICED BF MEAL,"FREEZER QUEEN GRAVY&SLICED BF MEAL,MSHD POT&CARROTS,FRZ MEAL",10.0,12,0,1.399999976,81,6.0,0.0,81.2,0.49,0.67,0.51,1.9,255.0,"1 package,  yields"
BANQUET GRY & SALURY STK W/ MSHD POT & CORN IN SEASONSAU,"BANQUET GRY & SALURY STK W/ MSHD POT & CORN IN SEASONSAU,FRZ",9.88,11,0,1.5,126,5.64,0.939999998,75.87,2.59,0.7,3.49,7.09,269.0,1 meal
HEALTHY CHOIC MESQ CHK BBQ,"HEALTHY CHOIC MESQ CHK BBQ,RSTD RED POT,MXD VEG IN SAU,FRZ",14.16,11,0,2.200000048,93,5.67,4.820000172,77.64,0.61,0.38,0.39,1.48,298.0,1 meal
STAGG DYNAMITE CHILI W/BNS,"STAGG DYNAMITE CHILI W/BNS,CND ENTREE",12.44,18,0,3.299999952,135,7.4,2.660000086,72.1,2.75,0.37,2.29,6.22,247.0,1 cup
STAGG RANCHHOUSE CHILI W/BNS,"STAGG RANCHHOUSE CHILI W/BNS,CND ENTREE",12.78,19,0,3.5,115,7.78,2.319999933,74.07,1.67,0.8,1.06,3.61,247.0,1 cup
STAGG CLASSIC CHILI W/BNS,"STAGG CLASSIC CHILI W/BNS,CND ENTREE",11.83,17,0,3.0,131,6.97,2.890000105,73.24,2.79,0.45,2.71,6.61,247.0,1 cup
STAGG COUNTRY CHILI W/BNS,"STAGG COUNTRY CHILI W/BNS,CND ENTREE",11.74,16,0,2.400000095,129,6.27,2.369999886,73.75,3.05,0.28,2.77,6.38,247.0,1 cup
STAGG SILVERADO CHILI W/BNS,"STAGG SILVERADO CHILI W/BNS,CND ENTREE",13.39,16,0,3.299999952,92,7.29,2.910000086,76.57,0.37,0.37,0.39,1.13,247.0,1 cup
HORMEL CHILI W/BNS,"HORMEL CHILI W/BNS,CND ENTREE",13.63,10,0,3.400000095,97,6.71,1.870000005,76.05,0.68,0.35,0.74,1.77,247.0,1 cup
HORMEL VEGETARIAN CHILI W/BNS,"HORMEL VEGETARIAN CHILI W/BNS,CND ENTREE",15.39,0,0,4.0,83,4.83,2.519999981,77.95,0.03,0.16,0.05,0.28,247.0,1 cup
HORMEL RST BF HASH,"HORMEL RST BF HASH,CND ENTREE",9.71,31,0,1.5,163,9.03,0.25,70.14,4.78,0.27,4.2,10.02,236.0,1 cup
TORTELLINI,"TORTELLINI,PASTA W/CHS FILLING",47.0,42,5,1.899999976,307,13.5,0.949999988,30.5,2.066,0.461,3.6,7.23,81.0,.75 cup
PIZZA,"PIZZA,PEPPERONI TOPPING,REG CRUST,FRZ,CKD",28.51,15,26,2.200000048,296,11.21,0.0,42.44,6.865,2.356,4.792,15.2,146.0,1 serving
CHILI CON CARNE W/BNS,"CHILI CON CARNE W/BNS,CND ENTREE",11.43,13,27,3.900000095,121,7.09,0.0,74.34,2.144,0.427,1.74,5.26,246.0,1 cup
BEEF STEW,"BEEF STEW,CANNED ENTREE",6.77,16,16,1.5,95,4.94,0.959999979,81.51,2.38,0.22,2.22,5.38,232.0,1 serving
CHICKEN POT PIE,"CHICKEN POT PIE,FRZ ENTREE,PREP",23.03,24,18,1.200000048,214,6.08,0.0,58.68,3.7,1.387,3.613,10.83,233.51,"1 pie,  (average weight of prepared pie)"
PASTA W/MEATBALLS IN TOMATO SAU,"PASTA W/MEATBALLS IN TOMATO SAU,CND ENTREE",12.29,8,12,2.700000048,103,4.32,3.970000029,77.84,1.67,0.23,1.59,4.08,0.0,
BEEF,"BEEF,CORNED BF HASH,W/ POTATO,CND",9.27,32,16,1.100000024,164,8.73,0.340000004,70.32,5.26,0.3,4.32,10.24,0.0,
LASAGNA,"LASAGNA,CHS,FRZ,PREP",13.84,13,0,1.700000048,130,6.54,4.230000019,72.78,1.573,1.022,2.11,5.33,243.1,1 serving
CHILI,"CHILI,NO BNS,CND ENTREE",6.1,21,0,0.0,118,7.53,0.0,77.68,2.469,0.467,2.255,7.1,0.0,
SPAGHETTI,"SPAGHETTI,W/ MEATBALLS,CND",11.11,9,12,0.0,107,4.17,2.829999924,78.24,2.216,0.36,1.98,5.1,255.12,1 cup
SPAGHETTI,"SPAGHETTI,NO MEAT,CND",14.56,0,0,0.0,75,2.54,0.0,80.94,0.18,0.272,0.232,0.77,0.0,
LASAGNA W/ MEAT & SAU,"LASAGNA W/ MEAT & SAU,LOW-FAT,FRZ ENTREE",13.5,7,0,1.299999952,101,6.81,0.0,76.36,0.698,0.279,0.967,2.23,308.5,1 package
LASAGNA W/ MEAT & SAU,"LASAGNA W/ MEAT & SAU,FRZ ENTREE",12.87,15,17,1.200000048,127,8.26,2.130000114,72.72,1.781,0.336,2.245,4.73,297.0,1 serving
BURRITO,"BURRITO,BF & BEAN,FRZ",30.84,8,22,4.199999809,239,7.26,3.529999971,50.48,3.789,1.358,2.949,9.61,139.04,"1 burrito, frozen"
BURRITO,"BURRITO, BEAN AND CHEESE, FROZEN",32.4,0,22,10.19999981,211,6.92,1.409999967,53.05,2.262,1.443,1.573,5.94,143.0,1 burrito
HC TRADITION MT LF W/BRN SAU,"HC TRADITION MT LF W/BRN SAU,MSHD POTS,GRN BNS & APL CRP,FRZ",10.8,11,0,1.899999976,87,5.17,4.0,80.51,0.67,0.37,0.62,2.6,340.0,1 meal
HC SALBRY STK W/MSHRM GRVY,"HC SALBRY STK W/MSHRM GRVY,RST RED POT,GRN BNS,CRN,CART MEDY",12.69,9,0,2.0,94,6.03,5.800000191,78.11,0.88,0.39,0.87,2.16,354.0,1 meal
HC CONTRY RSTD TKY W/CRANBERRY APPL SAU,"HC CONTRY RSTD TKY W/CRANBERRY APPL SAU,GRN BNS & CARROT BLD",11.09,9,0,2.400000095,81,5.83,6.690000057,80.62,0.37,0.63,0.42,1.52,284.0,1 meal
HC MESQ BF W/BBQ SAU,"HC MESQ BF W/BBQ SAU,RSTD RED POT & CORN,CAROT PEA MELEY,FRZ",14.44,17,0,1.899999976,110,7.14,5.039999962,74.78,0.93,0.56,0.87,2.64,312.0,1 meal
MARIE CALLENDER TKY W/GRY & DRSNG W/ MSHD POT,"MARIE CALLENDER TKY W/GRY & DRSNG W/ MSHD POT,GRN BNS & CRAN",11.35,17,0,1.0,99,8.15,2.24000001,76.59,0.73,0.76,0.63,2.37,397.0,1 meal
WEIGHT WATCHERS SMART ONES,"WEIGHT WATCHERS SMART ONES,CHICK TENDERLOINS W/ BBQ SAU",13.3,14,0,1.700000048,95,6.7,3.400000095,76.7,0.4,0.8,0.3,1.7,255.0,1 package
MORNINGSTAR FARMS VEGGIE MEDLEY W/ ORG SOY,"MORNINGSTAR FARMS VEGGIE MEDLEY W/ ORG SOY,FRZ,UNPREP",15.8,2,0,2.700000048,178,15.9,1.600000024,59.8,3.2,1.8,0.7,5.7,67.0,1 patty
BURRITO,"BURRITO,BEAN & CHS,MICROWAVED",40.37,3,28,10.39999962,260,8.6,1.370000005,41.77,2.788,1.856,1.933,7.17,118.53,1 burrito
BURRITO,"BURRITO,BF & BEAN,MICROWAVED",38.95,9,28,6.900000095,298,8.73,1.360000014,38.14,5.035,1.763,4.072,11.94,115.6,"1 burrito, cooked"
CAMPBELL,"CAMPBELL,SPAGHETTIOS,MINI BF RAVIOLI IN MEAT SAU",16.6,4,0,1.899999976,99,4.25,5.409999847,75.6,0.0,0.0,0.772,1.74,259.0,1 cup
CAMPBELL,"CAMPBELL,SPAGHETTIOS,SPAGHETTI IN TOMATO & CHS SAU",15.87,2,0,1.200000048,80,2.78,5.159999847,79.7,0.0,0.0,0.198,0.6,252.0,"1 cup,  (1 serving)"
CAMPBELL SOUP COMPANY,"CAMPBELL SOUP COMPANY,SPAGHETTIOS,SPAGHETTIOS ORIGINAL",14.68,2,0,1.200000048,71,2.38,5.159999847,81.4,0.0,0.0,0.0,0.0,252.0,"1 cup,  (1 serving)"
CAMPBELL SOUP COMPANY,"CAMPBELL SOUP COMPANY,SPAGHETTIOS,SPAGHETTIOS A TO Z'S",14.29,2,0,1.200000048,70,2.38,5.949999809,81.4,0.0,0.0,0.198,0.4,252.0,"1 cup,  (1 serving)"
SPAGHETTIOS,"SPAGHETTIOS, Danny PhantomShaped Pasta with Sliced Franks",13.1,8,0,0.800000012,92,3.57,4.760000229,79.0,0.0,0.0,0.992,2.78,252.0,"1 serving,  (1 serving)"
CAMPBELL,"CAMPBELL, SPAGHETTIOS,DORA THE EXPLORERSHAPED PASTA",13.1,0,0,1.200000048,65,2.38,3.569999933,81.4,0.0,0.0,0.198,0.4,252.0,"1 cup,  (1 serving)"
CAMPBELL SOUP COMPANY,"CAMPBELL SOUP COMPANY,SPAGHETTIOS,SPAGHETTIOS IN MEAT SAU",12.3,4,0,1.200000048,69,3.17,4.760000229,82.4,0.0,0.0,0.397,0.79,252.0,"1 cup,  (1 serving)"
CAMPBELL,"CAMPBELL ,SPAGHETTIOS,SPAGHETTIOS PLUS CA",13.89,2,0,1.200000048,69,2.38,5.159999847,81.7,0.0,0.0,0.198,0.4,252.0,"1 cup,  (1 serving)"
CAMPBELL,"CAMPBELL ,SPAGHETTIOS RAVIOLIOS BF RAVIOLI IN MEAT SAU",15.08,8,0,1.600000024,106,4.37,3.569999933,76.1,0.0,0.0,1.389,3.17,252.0,"1 cup,  (1 serving)"
CAMPBELL SOUP COMPANY,"CAMPBELL SOUP COMPANY,SPAGHETTIOS,SPAGHETTIO'S W/ MEATBALLS",12.7,6,0,1.600000024,95,4.37,3.970000029,78.1,0.0,0.0,1.389,3.17,252.0,"1 cup,  (1 serving)"
CAMPBELL,"CAMPBELL ,SPAGHETTIOS,SPAGHETTIO'S W/ SLICED FRANKS",10.71,8,0,2.0,93,3.57,3.569999933,79.0,0.0,0.0,1.984,3.97,252.0,"1 cup,  (1 serving)"
CAMPBELL,"CAMPBELL,SPAGHTETTIOS A TO Z'S W/ MEATBALLS",13.1,8,0,1.200000048,102,4.37,4.760000229,78.1,0.0,0.0,1.389,3.57,252.0,"1 cup,  (1 serving)"
CAMPBELL,"CAMPBELL ,SUPPER BAKES MEAL KITS,CHEESY CHICK W/ PASTA",31.76,6,0,1.200000048,198,7.06,4.710000038,51.3,0.0,0.0,1.176,4.71,85.0,".167 box,  (NLEA serving size)"
SUPPER BAKES MEAL KITS,"SUPPER BAKES MEAL KITS,CREAMY STROGANOFF SAU W/ PASTA",24.8,8,0,0.800000012,147,4.8,2.400000095,51.5,0.0,0.0,1.2,3.2,125.0,1 serving
CAMPBELL,"CAMPBELL,SUPPER BAKES MEAL KITS,GARLIC CHICK W/ PASTA",42.93,5,0,2.0,220,9.76,6.829999924,42.0,0.0,0.0,0.488,0.98,102.5,".167 box,  (NLEA serving)"
CAMPBELL,"CAMPBELL, SUPPER BAKES MEAL KITS,HERB CHICK W/ RICE",42.55,5,0,1.100000024,197,4.26,2.130000114,48.8,0.0,0.0,0.532,1.06,94.0,".167 box,  (NLEA serving)"
CAMPBELL SUPPER BAKES MEAL KITS,"CAMPBELL SUPPER BAKES MEAL KITS,LEMON CHICK W/ HERB RICE",45.74,5,0,2.099999905,210,4.26,3.190000057,46.0,0.0,0.0,0.532,1.06,94.0,"1 serving,  (NLEA serving)"
CAMPBELL,"CAMPBELL,SUPPER MEAL KITS,SAVORY PORK CHOPS W/ HERB STUFFING",36.64,6,0,2.400000095,181,5.91,4.730000019,52.3,0.0,0.0,0.591,1.18,84.6,1 serving
CAMPBELL,"CAMPBELL,SUPPER BAKES MEAL KITS,SOUTHWEST-STYLE CHICK W/RICE",39.51,6,0,2.5,189,4.94,4.940000057,53.2,0.0,0.0,0.617,1.23,81.0,".167 box,  (NLEA serving)"
CAMPBELL,"CAMPBELL,SUPPER BAKES MEAL KITS,TRDNL RST CHK W/ STUFFING",11.79,2,0,0.800000012,66,2.03,1.220000029,53.5,0.0,0.0,0.407,1.22,246.0,1 serving
CAMPBELL SOUP COMPANY,"CAMPBELL SOUP COMPANY,SWANSON,CHICK A LA KING",4.03,7,0,0.699999988,71,4.7,0.670000017,80.1,0.0,0.0,1.174,4.03,298.0,"1 can,  (1 serving)"
CAMPBELL SOUP COMPANY,"CAMPBELL SOUP COMPANY,SWANSON,CHICK & DUMPLINGS",9.72,14,0,0.800000012,93,4.45,0.810000002,80.8,0.0,0.0,1.822,4.05,247.0,"1 cup,  (1 serving)"
EGG ROLLS,"EGG ROLLS,PORK,REFR,HTD",29.5,14,0,2.099999905,222,9.94,5.320000172,51.33,2.35,2.464,1.588,7.17,85.47,1 roll
EGG ROLLS,"EGG ROLLS,CHICK,REFR,HTD",28.54,14,0,2.400000095,197,10.44,5.570000172,54.18,1.329,1.813,0.964,4.51,79.97,1 roll
EGG ROLLS,"EGG ROLLS,VEG,REFR,HTD",31.99,0,0,2.799999952,196,6.62,6.849999905,54.46,1.271,2.191,0.756,4.67,78.1,1 roll
LASAGNA,"LASAGNA,VEG,FRZ,BKD",14.18,14,12,1.899999976,139,6.87,2.539999962,71.24,1.455,1.13,2.422,6.04,226.57,1 serving
TKY,"TKY,STUFFING,MSHD POTATOE W/GRAVY,ASSORTED VEG,FRZ,MICROWAVE",16.32,14,17,1.299999952,128,6.97,4.820000172,71.16,1.235,1.087,0.89,3.89,385.02,1 serving
RICE BOWL W/ CHICK,"RICE BOWL W/ CHICK,FRZ ENTREE,PREP",22.46,16,13,0.699999988,126,5.65,4.070000172,69.09,0.503,0.415,0.327,1.56,340.13,1 bowl
BEEF,"BEEF,SHRT LOIN,PRTRHS STEAK,LN&FAT,1/8""FAT,ALL GRDS,RAW",0.0,64,78,0.0,247,18.8,0.0,61.26,8.2,0.7,7.42,18.51,28.35,1 oz
BEEF,"BEEF,SHRT LOIN,PRTRHS STEAK,LN&FAT,1/8""FAT,ALL GRDS,CKD,BRLD",0.0,71,90,0.0,297,23.51,0.0,52.62,9.59,0.82,8.42,21.83,286.0,"1 piece, cooked, excluding refuse (yield from 1 lb raw meat with refuse)"
BEEF,"BEEF,SHRT LOIN,PRTRHS STEAK,LN&FAT,1/8""FAT,SEL,RAW",0.0,56,86,0.0,222,20.72,0.0,63.7,6.46,0.63,6.01,14.82,28.35,1 oz
BEEF,"BEEF,SHRT LOIN,PRTRHS STEAK,LN&FAT,1/8""FAT,SEL,CKD,BRLD",0.0,65,92,0.0,294,24.05,0.0,52.66,9.13,0.89,8.34,21.18,288.0,"1 piece, cooked, excluding refuse (yield from 1 lb raw meat with refuse)"
BEEF,"BEEF,SHRT LOIN,T-BONE STEAK,LN&FAT,1/8""FAT,ALL GRDS,RAW",0.0,57,80,0.0,220,19.19,0.0,63.48,6.76,0.6,6.14,15.32,28.35,1 oz
BEEF,"BEEF,SHRT LOIN,T-BONE STEAK,LN&FAT,1/8""FAT,ALL GRDS,CKD,BRLD",0.0,62,93,0.0,280,24.33,0.0,54.57,8.54,0.7,7.56,19.47,287.0,"1 piece, cooked, excluding refuse (yield from 1 lb raw meat with refuse)"
BEEF,"BEEF,SHRT LOIN,T-BONE STEAK,LN&FAT,1/8""FAT,SEL,RAW",0.0,45,83,0.0,192,19.89,0.0,66.28,5.1,0.55,4.81,11.84,28.35,1 oz
BEEF,"BEEF,SHRT LOIN,T-BONE STEAK,LN&FAT,1/8""FAT,SEL,CKD,BRLD",0.0,57,95,0.0,265,25.01,0.0,55.53,7.6,0.66,6.91,17.54,364.0,"1 piece, cooked, excluding refuse (yield from 1 lb raw meat with refuse)"
BEEF,"BEEF,RND,KNUCKLE,TIP SIDE,STEAK,LN & FAT,0"" FAT,CHOIC,RAW",0.0,61,86,0.0,133,21.41,0.0,73.0,2.152,0.277,1.755,4.66,190.72,1 steak
BF,"BF,RND,KNUCKLE,TIP SIDE,STEAK,LN & FAT,0"" FAT,CH,CKD,GRILLED",0.0,82,103,0.0,174,28.79,0.0,65.1,2.666,0.325,2.218,5.71,141.48,1 steak
BEEF,"BEEF,RND,KNUCKLE,TIP SIDE,STEAK,LN & FAT 0"" FAT,SEL,RAW",0.0,61,91,0.0,124,21.96,0.0,73.52,1.338,0.269,1.225,3.24,200.26,1 steak
BF,"BF,RND,KNUCKLE,TIP SIDE,STEAK,LN & FAT,0"" FAT,SE,CKD,GRILLED",0.0,78,102,0.0,160,29.24,0.0,66.28,1.385,0.255,1.267,3.91,174.08,1 steak
BF,"BF,CHK,CLOD,SHLDR TENDER,MEDALLION,LN & FAT,0"" FAT,CHOIC,RAW",0.0,56,75,0.0,145,20.51,0.0,72.87,2.43,0.326,2.328,6.36,39.6,1 medallion
BF,"BF,CHK,CLOD,SHDR TNDR,MED,LN & FAT,0"" FAT,CH,CKD,GRILLED",0.0,76,103,0.0,181,26.07,0.0,65.57,2.872,0.381,2.737,7.68,30.33,1 medallion
BF,"BF,CHK,CLOD,SHLDR TENDER,MEDALLION,LN & FAT,0"" FAT,SEL,RAW",0.0,58,85,0.0,142,20.93,0.0,72.79,1.979,0.337,1.988,5.79,44.4,1 medallion
BEEF,"BEEF,CHUCK,SHLDR CLOD,TOP & CNTR ,STK,LN & FAT,0"" FAT,CH,RAW",0.0,57,85,0.0,143,20.39,0.0,72.49,3.439,0.554,2.083,6.12,246.23,1 steak
BF,"BF,CHK,SHLDR CLOD,TOP & CNTR,STK,LN & FAT,0"" FAT,CH,CKD,GRLD",0.0,74,94,0.0,184,26.07,0.0,65.02,3.38,0.405,3.031,8.11,187.96,1 steak
BF,"BF,CHUCK,SHLDR CLOD, TOP & CNTR,STK,LN & FAT,0"" FAT,SEL,RAW",0.0,58,87,0.0,140,21.13,0.0,72.54,1.933,0.341,1.791,5.51,233.45,1 steak
BF,"BF,CHK, CLOD,TOP & CNTR,STK,LN & FAT,0"" FAT,SEL,CKD,GRLD",0.0,77,104,0.0,176,26.66,0.0,64.65,2.373,0.376,2.235,6.94,179.23,1 steak
BF,"BF,CHK,SHLDR CLOD,TOP BLADE,STEAK,LN & FAT,0"" FAT,CHOIC,RAW",0.0,65,83,0.0,182,18.75,0.0,70.0,4.408,0.463,4.186,11.33,253.9,1 steak
BF,"BF,CHK,CLOD,TOP BLADE,STEAK,LN & FAT,0"" FAT,CH,CKD,GRILLED",0.0,83,102,0.0,228,24.7,0.0,61.93,5.711,0.558,5.432,13.59,193.13,1 steak
BF,"BF,CHUCK,SHLDR CLOD,TOP BLADE,STEAK,LN & FAT,0"" FAT,SEL,RAW",0.0,66,103,0.0,166,19.38,0.0,71.19,3.616,0.498,3.464,9.22,243.45,1 steak
BF,"BF,CHK,CLOD,TOP BLADE,STEAK,LN & FAT,0"" FAT,SEL,CKD,GRILLED",0.0,83,112,0.0,212,25.29,0.0,62.22,4.568,0.572,4.423,11.52,185.83,1 steak
BEEF,"BEEF,RND,KNUCKLE,TIP CNTR,STEAK,LN & FAT,0"" FAT,CHOIC,RAW",0.0,58,81,0.0,150,20.74,0.0,72.05,2.497,0.321,2.3,6.85,208.63,1 steak
BF,"BF,RND,KNUCKLE,TIP CNTR,STK,LN & FAT,0"" FAT,CHOIC,CKD,GRLD",0.0,75,104,0.0,188,26.88,0.0,64.53,2.983,0.367,2.759,8.13,155.94,1 steak
BEEF,"BEEF,RND,KNUCKLE,TIP CNTR,STEAK,LN & FAT,0"" FAT,SEL,RAW",0.0,59,86,0.0,137,20.98,0.0,72.72,2.014,0.295,1.89,5.21,203.05,1 steak
BF,"BF,RND,KNUCKLE,TIP CNTR,STEAK,LN & FAT,0"" FAT,SE,CKD,GRILLED",0.0,74,105,0.0,162,26.61,0.0,67.13,2.172,0.341,2.063,5.32,160.35,1 steak
BF,"BF,RND,OUTSIDE RND,BTTM RND,STEAK,LN & FAT,0"" FAT,CHOIC,RAW",0.0,61,84,0.0,150,21.24,0.0,71.51,2.94,0.309,2.301,6.59,292.62,1 steak
BF,"BF,RND,OUT RND,BTTM RND,STK,LN & FAT,0"" FAT,CH,CKD,GRILLED",0.0,78,94,0.0,191,27.22,0.0,63.35,3.759,0.338,2.954,8.3,224.92,1 steak
BEEF,"BEEF,RND,OUTSIDE RND,BTTM RND,STEAK,LN & FAT,0"" FAT,SEL,RAW",0.0,61,91,0.0,129,22.15,0.0,73.28,1.63,0.309,1.4,3.83,0.0,
BF,"BF,RND,OUT RND,BTTM RND,STEAK,LN & FAT,0"" FAT,SE,CKD,GRILLED",0.0,75,92,0.0,166,28.01,0.0,65.76,2.006,0.286,1.716,5.17,253.35,1 steak
BF,"BF,CHK,CLD,SHLDR TNDR,MEDALLION,LN & FAT,0"" FAT,ALL GRDS,RAW",0.0,57,0,0.0,144,20.54,0.0,72.8,2.136,0.34,2.088,6.22,41.2,1 medallion
BF,"BF,CHK,CLD,SHDR TNDR,MED,LN & FAT,0"" FAT,ALL GRDS,CK,GRLD",0.0,78,108,0.0,177,26.22,0.0,65.65,2.933,0.41,2.833,7.2,31.79,1 medallion
BEEF,"BEEF,RND,KNUCKLE,TIP SIDE,STEAK,LN & FAT,0"" FAT,ALL GRDS,RAW",0.0,61,89,0.0,129,21.69,0.0,73.25,1.881,0.275,1.578,4.0,206.52,1 steak
BF,"BF,RND,KNUCK,TIP SIDE,STK,LN & FAT,0"" FAT,ALL GRDS,CKD,GRLD",0.0,80,103,0.0,168,29.08,0.0,65.68,2.239,0.301,1.901,4.84,167.63,1 steak
BF,"BF,CHUCK,CLOD,TOP & CNTR,STEAK,LN & FAT,0"" FAT,ALL GRDS,RAW",0.0,57,86,0.0,141,20.67,0.0,72.51,2.937,0.397,1.985,5.88,241.12,1 steak
BF,"BF,CHK,CLD,TOP & CNTR ,STK,LN & FAT,0"" FAT,ALL GRDS,CK,GRLD",0.0,76,99,0.0,182,26.3,0.0,64.88,3.044,0.395,2.765,7.66,184.47,1 steak
BEEF,"BEEF,CHUCK,CLOD,TOP BLADE,STEAK,LN & FAT,0"" FAT,ALL GRDS,RAW",0.0,66,93,0.0,176,18.99,0.0,70.46,4.144,0.475,3.945,10.52,249.72,1 steak
BF,"BF,CHUCK,CLOD,TOP BLADE,STK,LN & FAT,0"" FAT,ALL,CKD,GRLD",0.0,83,107,0.0,222,24.93,0.0,62.04,5.33,0.563,5.095,12.79,190.21,1 steak
BEEF,"BEEF,RND,KNUCKLE,TIP CNTR,STEAK,LN & FAT,0"" FAT,ALL GRDS,RAW",0.0,59,84,0.0,143,20.93,0.0,72.45,2.336,0.312,2.163,5.89,197.2,1 steak
BF,"BF,RND,KNUCKLE,TIP CNTR,STK,LN & FAT,0"" FAT,ALL,CKD,GRLD",0.0,77,104,0.0,177,27.12,0.0,65.46,2.712,0.358,2.527,6.78,149.91,1 steak
BF,"BF,RND,OUTSIDE RND,BTTM RND,STEAK,LN & FAT,0"" FAT,ALL,RAW",0.0,61,87,0.0,142,21.59,0.0,72.19,2.503,0.309,2.0,5.53,305.01,1 steak
BF,"BF,RND,OUT RND,BTTM RND,STK,LN & FAT,0"" FAT,ALL GRDS,CK,GRLD",0.0,77,93,0.0,182,27.52,0.0,64.28,3.174,0.321,2.541,7.1,236.29,1 steak
BF,"BF,CHK, CLOD,SHLDR TENDER,MED,LN & FAT,0"" FAT,SE,CKD,GRILLED",0.0,80,113,0.0,172,26.45,0.0,65.79,3.284,0.49,1.7,6.43,33.96,1 medallion
USDA COMMODITY,"USDA COMMODITY,BF PATTIES W/VPP,FRZ,CKD",7.89,38,0,1.399999976,247,15.64,0.0,58.54,7.709,0.626,6.253,16.94,68.0,1 patty
USDA COMMODITY,"USDA COMMODITY,BF,GROUND BULK/COARSE GROUND,FRZ,CKD",0.0,89,0,0.0,259,26.06,0.0,56.49,7.504,0.62,5.744,16.34,0.0,
USDA COMMODITY,"USDA COMMODITY,BF,PATTIES (100%),FRZ,CKD",0.91,86,0,0.0,249,22.98,0.0,58.77,8.081,0.589,6.252,16.37,64.0,1 patty
USDA COMMODITY,"USDA COMMODITY,BF PATTIES W/VPP,FRZ,RAW",3.84,33,0,1.299999952,225,15.21,0.0,63.35,7.648,0.573,5.872,16.48,0.0,
USDA COMMODITY,"USDA COMMODITY,BF,PATTIES (100%),FRZ,RAW",0.0,53,0,0.0,204,14.63,0.0,64.72,6.861,0.643,6.333,15.69,0.0,
USDA COMMODITY,"USDA COMMODITY,BF,GROUND,BULK/COARSE GROUND,FRZ,RAW",0.0,69,0,0.0,228,17.37,0.0,65.81,7.413,0.71,6.813,17.07,0.0,
BEEF,"BEEF,CHUCK,MOCK TENDER STK,LN,0"" FAT,ALL GRDS,CKD,BRLD",0.0,63,99,0.0,159,25.9,0.0,66.27,2.608,0.384,1.828,5.42,85.0,"3 oz,  ( 1 serving )"
BEEF,"BEEF,CHUCK,TOP BLADE,LN ONLY,TO 0"" FAT,ALL GRDS,CKD,BRLD",0.0,60,100,0.0,203,26.13,0.0,62.72,4.753,0.369,3.25,10.16,85.0,"3 oz,  ( 1 serving )"
BEEF,"BEEF,CHUCK,CLOD RST,LN,0"" FAT,ALL GRDS,CKD,RSTD",0.0,67,102,0.0,172,26.82,0.0,64.32,3.27,0.287,2.037,6.34,85.0,"3 oz,  ( 1 serving  )"
BEEF,"BEEF,CHUCK,CLOD STEAK,LN ONLY,TO 0"" FAT,ALL GRDS,CKD,BRSD",0.0,93,114,0.0,192,29.87,0.0,59.77,3.413,0.296,2.267,7.18,85.0,"3 oz,  ( 1 serving )"
BEEF,"BEEF,CHCK,MCK TENDER STK,LN & FAT,0"" FAT,USDA CHOIC,CKD,BRLD",0.0,65,98,0.0,161,25.73,0.0,65.57,2.721,0.401,1.721,5.72,85.0,"3 oz,  ( 1 serving )"
BEEF,"BEEF,CHUCK,MOCK TENDER STK,LN & FAT,0"" FAT,USDA SEL,CKD,BRLD",0.0,60,99,0.0,159,26.08,0.0,67.09,2.555,0.368,2.09,5.24,85.0,"3 oz,  ( 1 serving )"
BEEF,"BEEF,CHUCK,TOP BLADE,LN & FAT,0"" FAT,USDA CHOIC,CKD,BRLD",0.0,58,98,0.0,227,25.77,0.0,60.69,6.269,0.459,4.162,12.93,85.0,"3 oz,  ( 1 serving )"
BEEF,"BEEF,CHUCK,TOP BLADE,LN & FAT,0"" FAT,USDA SEL,CKD,BRLD",0.0,67,98,0.0,200,25.67,0.0,62.86,4.195,0.385,3.533,9.99,85.0,"3 oz,  ( 1 serving )"
BEEF,"BEEF,CHUCK,CLOD RST,LN & FAT,0"" FAT,USDA CHOIC,CKD,RSTD",0.0,67,94,0.0,216,24.61,0.0,60.38,5.87,0.461,4.285,12.26,85.0,"3 oz,  ( 1 serving )"
BEEF,"BEEF,CHUCK,CLOD RST,LN & FAT,0"" FAT,USDA SEL,CKD,RSTD",0.0,73,104,0.0,196,27.3,0.0,62.13,4.173,0.446,3.349,8.76,85.0,"3 oz,  ( 1 serving )"
BEEF,"BEEF,CHUCK,CLOD STEAK,LN & FAT,0"" FAT,USDA CHOIC,CKD,BRSD",0.0,89,0,0.0,231,28.06,0.0,56.27,5.636,0.464,4.157,12.28,85.0,"3 oz,  ( 1 serving )"
BEEF,"BEEF,CHUCK,CLOD STEAK,LN & FAT,0"" FAT,USDA SEL,CKD,BRSD",0.0,99,0,0.0,205,29.84,0.0,59.16,3.936,0.383,3.183,8.55,85.0,"3 oz,  ( 1 serving )"
BEEF,"BEEF,PLATE,SKIRT STEAK,LN & FAT,0"" FAT,ALL GRDS,CKD,BRLD",0.0,60,100,0.0,220,26.13,0.0,60.34,6.055,0.436,4.666,12.05,85.0,"3 oz,  ( 1 serving )"
BEEF,"BEEF,PLATE,OUTSIDE SKIRT,LN & FAT,0"" FAT,ALL GRDS,CKD,BRLD",0.0,59,90,0.0,255,23.51,0.0,57.16,8.52,0.702,7.083,17.13,85.0,"3 oz,  ( 1 serving )"
BEEF,"BEEF,SIRLOIN,TRI-TIP STK,LN & FAT,0"" FAT,ALL GRDS,CKD,BRLD",0.0,68,114,0.0,265,29.97,0.0,50.5,7.763,0.538,5.707,15.18,85.0,"3 oz,  ( 1 serving )"
BEEF,"BEEF,CHUCK,MOCK TENDER STK,LN & FAT,0"" FAT,ALL GRDS,CKD,BRLD",0.0,63,98,0.0,160,25.87,0.0,66.19,2.654,0.387,1.871,5.52,85.0,"3 oz,  ( 1 serving )"
BEEF,"BEEF,CHUCK,TOP BLADE,LN & FAT,0"" FAT,ALL GRDS,CKD,BRLD",0.0,61,98,0.0,216,25.73,0.0,61.57,5.425,0.429,3.906,11.73,85.0,"3 oz,  ( 1 serving )"
BEEF,"BEEF,CHUCK,CLOD RST,LN & FAT,0"" FAT,ALL GRDS,CKD,RSTD",0.0,69,98,0.0,207,25.7,0.0,61.09,5.179,0.455,3.904,10.84,85.0,"3 oz,  ( 1 serving )"
BEEF,"BEEF,CHUCK,CLOD STEAK,LN & FAT,0"" FAT,ALL GRDS,CKD,BRSD",0.0,93,0,0.0,220,28.79,0.0,57.45,4.944,0.431,3.76,10.76,85.0,"3 oz,  ( 1 serving )"
BEEF,"BEEF,GROUND,95% LN MEAT / 5% FAT,RAW",0.0,62,71,0.0,137,21.41,0.0,73.28,2.151,0.257,2.25,5.0,0.0,
BEEF,"BEEF,GROUND,95% LN MEAT / 5% FAT,PATTY,CKD,BRLD",0.0,76,85,0.0,171,26.29,0.0,66.03,2.721,0.327,2.977,6.55,85.0,"1 serving,  (3 oz)"
BEEF,"BEEF,GROUND,95% LN MEAT / 5% FAT,PATTY,CKD,PAN-BROILED",0.0,76,85,0.0,164,25.8,0.0,66.9,2.466,0.296,2.698,5.94,85.0,"1 serving,  ( 3 oz )"
BEEF,"BEEF,GROUND,95% LN MEAT / 5% FAT,CRUMBLES,CKD,PAN-BROWNED",0.0,89,93,0.0,193,29.17,0.0,62.58,3.145,0.377,3.441,7.58,85.0,"1 serving,  ( 3 oz )"
BEEF,"BEEF,GROUND,95% LN MEAT / 5% FAT,LOAF,CKD,BKD",0.0,73,90,0.0,174,27.31,0.0,64.76,2.642,0.317,2.891,6.37,85.0,"1 serving,  ( 3 oz )"
BEEF,"BEEF,GROUND,90% LN MEAT / 10% FAT,RAW",0.0,65,66,0.0,176,20.0,0.0,69.5,4.353,0.344,4.058,10.0,0.0,
BEEF,"BEEF,GROUND,90% LN MEAT / 10% FAT,PATTY,CKD,BRLD",0.0,85,84,0.0,217,26.11,0.0,61.35,4.941,0.421,4.627,11.73,85.0,1 serving
BEEF,"BEEF,GROUND,90% LN MEAT / 10% FAT,PATTY,CKD,PAN-BROILED",0.0,82,81,0.0,204,25.21,0.0,63.21,4.501,0.384,4.218,10.68,85.0,"1 serving,  ( 3 oz )"
BEEF,"BEEF,GROUND,90% LN MEAT / 10% FAT,CRUMBLES,CKD,PAN-BROWNED",0.0,89,92,0.0,230,28.45,0.0,58.58,5.074,0.432,4.752,12.04,85.0,"1 serving,  ( 3 oz )"
BEEF,"BEEF,GROUND,90% LN MEAT / 10% FAT,LOAF,CKD,BKD",0.0,86,86,0.0,214,26.62,0.0,61.33,4.676,0.398,4.379,11.1,85.0,"1 serving,  ( 3 oz )"
BEEF,"BEEF,GROUND,85% LN MEAT / 15% FAT,RAW",0.0,68,61,0.0,215,18.59,0.0,65.72,6.555,0.432,5.866,15.0,0.0,
BEEF,"BEEF,GROUND,85% LN MEAT / 15% FAT,PATTY,CKD,BRLD",0.0,90,82,0.0,250,25.93,0.0,58.03,6.662,0.485,5.887,15.48,0.0,
BEEF,"BEEF,GROUND,85% LN MEAT / 15% FAT,PATTY,CKD,PAN-BROILED",0.0,86,79,0.0,232,24.62,0.0,60.61,6.037,0.439,5.335,14.02,85.0,"1 serving,  ( 3 oz )"
BEEF,"BEEF,GROUND,85% LN MEAT / 15% FAT,CRUMBLES,CKD,PAN-BROWNED",0.0,90,90,0.0,256,27.73,0.0,55.9,6.586,0.479,5.821,15.3,85.0,"1 serving,  ( 3 oz )"
BEEF,"BEEF,GROUND,85% LN MEAT / 15% FAT,LOAF,CKD,BKD",0.0,91,83,0.0,240,25.93,0.0,58.98,6.183,0.45,5.464,14.36,85.0,"1 serving,  ( 3 oz )"
BEEF,"BEEF,GROUND,80% LN MEAT / 20% FAT,RAW",0.0,71,56,0.0,254,17.17,0.0,61.94,8.757,0.52,7.673,20.0,0.0,
BEEF,"BEEF,GROUND,80% LN MEAT / 20% FAT,PATTY,CKD,BRLD",0.0,91,81,0.0,271,25.75,0.0,56.08,7.883,0.519,6.758,17.82,85.0,1 serving
BEEF,"BEEF,GROUND,80% LN MEAT / 20% FAT,PATTY,CKD,PAN-BROILED",0.0,86,77,0.0,246,24.04,0.0,59.11,7.064,0.462,6.051,15.94,85.0,"1 serving,  ( 3 oz )"
BEEF,"BEEF,GROUND,80% LN MEAT / 20% FAT,CRUMBLES,CKD,PAN-BROWNED",0.0,89,87,0.0,272,27.0,0.0,54.54,7.696,0.503,6.593,17.36,85.0,"1 serving,  ( 3 oz )"
BEEF,"BEEF,GROUND,80% LN MEAT / 20% FAT,LOAF,CKD,BKD",0.0,90,81,0.0,254,25.25,0.0,57.7,7.166,0.469,6.138,16.17,85.0,"1 serving,  ( 3 oz )"
BEEF,"BEEF,GROUND,75% LN MEAT / 25% FAT,RAW",0.0,75,52,0.0,293,15.76,0.0,58.16,8.629,0.52,9.481,25.0,0.0,
BEEF,"BEEF,GROUND,75% LN MEAT / 25% FAT,PATTY,CKD,BRLD",0.0,89,79,0.0,278,25.56,0.0,55.49,8.604,0.523,7.238,18.72,85.0,1 serving
BEEF,"BEEF,GROUND,75% LN MEAT / 25% FAT,PATTY,CKD,PAN-BROILED",0.0,83,76,0.0,248,23.45,0.0,58.69,7.56,0.459,6.36,16.44,85.0,"1 serving,  ( 3 oz )"
BEEF,"BEEF,GROUND,75% LN MEAT / 25% FAT,CRUMBLES,CKD,PAN-BROWNED",0.0,89,84,0.0,277,26.28,0.0,54.5,8.373,0.509,7.044,18.21,85.0,"1 serving,  ( 3 oz )"
BEEF,"BEEF,GROUND,75% LN MEAT / 25% FAT,LOAF,CKD,BKD",0.0,82,80,0.0,254,24.56,0.0,57.5,7.586,0.461,6.382,16.5,85.0,"1 serving,  ( 3 oz )"
BEEF,"BEEF,RIB,SML END (RIBS 10-12),LN,1/8"" FAT,SEL,RAW",0.0,43,94,0.0,134,22.53,0.0,72.9,1.69,0.182,1.553,4.2,28.35,1 oz
BEEF,"BEEF,TENDERLOIN,LN,1/8"" FAT,SEL,RAW",0.0,61,92,0.0,148,22.06,0.0,71.11,2.384,0.256,2.191,5.93,28.35,1 oz
BEEF,"BEEF,TOP SIRLOIN,LN,1/8"" FAT,SEL,RAW",0.0,36,93,0.0,127,22.27,0.0,73.31,1.422,0.153,1.307,3.54,28.35,1 oz
BEEF,"BEEF,SHRT LOIN,TOP LOIN,LN,1/8"" FAT,SEL,RAW",0.0,40,96,0.0,133,23.07,0.0,72.68,1.559,0.168,1.432,3.88,28.35,1 oz
BEEF,"BEEF,RIB,SML END (RIBS 10-12),LN,1/8"" FAT,SEL,CKD,BRLD",0.0,58,0,0.0,188,30.87,0.0,62.45,2.484,0.222,2.369,6.22,28.35,1 oz
BEEF,"BEEF,TENDERLOIN,LN,1/8"" FAT,SEL,CKD,BRLD",0.0,73,111,0.0,194,29.07,0.0,62.67,3.096,0.277,2.953,7.76,28.35,1 oz
BEEF,"BEEF,TOP SIRLOIN,LN,1/8"" FAT,SEL,CKD,BRLD",0.0,46,112,0.0,170,29.34,0.0,65.47,1.98,0.177,1.889,4.96,28.35,1 oz
BEEF,"BEEF,SHRT LOIN,TOP LOIN,LN,1/8"" FAT,SEL,CKD,BRLD",0.0,54,112,0.0,177,29.44,0.0,64.65,2.288,0.205,2.183,5.73,28.35,1 oz
BEEF,"BEEF,RND,BTTM RND LN,1/8"" FAT,SEL,CKD,RSTD",0.0,61,108,0.0,164,28.45,0.0,66.61,1.951,0.188,1.608,4.67,28.35,1 oz
BEEF,"BEEF,RND,EYE OF RND RST,LN,1/8"" FAT,SEL,CKD,RSTD",0.0,54,113,0.0,163,29.59,0.0,66.31,1.718,0.166,1.416,4.11,28.35,1 oz
BEEF,"BEEF,RND,TOP RND,LN,1/8"" FAT,SEL,CKD,BRLD",0.0,61,120,0.0,177,31.61,0.0,62.79,1.944,0.188,1.602,4.65,28.35,1 oz
BEEF,"BEEF,RND,BTTM RND,LN,1/8"" FAT,SEL,CKD,BRSD",0.0,85,131,0.0,205,34.46,0.0,58.64,2.688,0.26,2.216,6.43,28.35,1 oz
BEEF,"BEEF,RND,BTTM RND,LN,1/8"" FAT,ALL GRDS,RAW",0.0,58,93,0.0,128,22.19,0.0,72.58,1.816,0.185,1.476,4.31,0.0,
BEEF,"BEEF,BRISKET,FLAT HALF,LN,1/8"" FAT,ALL GRDS,CKD,BRSD",0.0,58,126,0.0,196,33.15,0.0,60.61,2.554,0.207,2.274,6.0,28.35,1 oz
BEEF,"BEEF,BRISKET,FLAT HALF,LN,1/8"" FAT,ALL GRDS,RAW",0.0,41,90,0.0,127,21.57,0.0,73.76,1.611,0.166,1.425,3.84,28.35,1 oz
BEEF,"BEEF,RND,EYE OF RND,LN,1/8"" FAT,ALL GRDS,RAW",0.0,41,94,0.0,124,22.6,0.0,73.43,1.263,0.129,1.027,3.0,28.35,1 oz
BEEF,"BEEF,RND,EYE OF RND,LN,1/8"" FAT,ALL GRDS,CKD,RSTD",0.0,62,113,0.0,169,29.73,0.0,65.52,1.97,0.19,1.624,4.71,28.35,1 oz
BEEF,"BEEF,RIB,SML END (RIBS 10-12),LN,1/8"" FAT,ALL GRDS,RAW",0.0,52,93,0.0,141,22.33,0.0,69.95,0.0,0.0,0.0,5.04,28.35,1 oz
BEEF,"BEEF,TENDERLOIN,LN,1/8"" FAT,ALL GRDS,CKD,BRLD",0.0,79,111,0.0,200,29.04,0.0,62.93,3.35,0.3,3.195,8.39,28.35,1 oz
BEEF,"BEEF,TENDERLOIN,LN,1/8"" FAT,ALL GRDS,RAW",0.0,67,92,0.0,153,22.12,0.0,70.62,2.624,0.282,2.412,6.52,28.35,1 oz
BEEF,"BEEF,CHUCK,ARM POT RST,LN,1/8"" FAT,ALL GRDS,CKD,BRSD",0.0,71,132,0.0,214,34.66,0.0,57.84,3.132,0.254,2.788,7.36,28.35,1 oz
BEEF,"BEEF,CHUCK,ARM POT RST,LN,1/8"" FAT,ALL GRDS,RAW",0.0,44,92,0.0,132,22.11,0.0,73.32,1.756,0.181,1.553,4.19,28.35,1 oz
BEEF,"BEEF,RND,BTTM RND,LN,1/8"" FAT,ALL GRDS,CKD",0.0,75,107,0.0,163,28.0,0.0,65.93,2.391,0.231,1.972,5.72,28.35,1 oz
BEEF,"BEEF,RND,BTTM RND,LN,1/8"" FAT,ALL GRDS,CKD,BRSD",0.0,102,131,0.0,216,34.34,0.0,57.54,3.23,0.312,2.663,7.73,28.35,1 oz
BEEF,"BEEF,SHRT LOIN,TOP LOIN LN,1/8"" FAT,ALL GRDS,CKD,BRLD",0.0,66,112,0.0,189,29.3,0.0,63.32,2.831,0.253,2.7,7.09,28.35,1 oz
BEEF,"BEEF,SHRT LOIN,TOP LOIN,LN,1/8"" FAT,ALL GRDS,RAW",0.0,53,96,0.0,138,22.93,0.0,71.49,2.073,0.223,1.905,5.15,28.35,1 oz
BEEF,"BEEF,RND,TOP RND,LN,1/8"" FAT,ALL GRDS,CKD,BRLD",0.0,72,121,0.0,185,31.82,0.0,61.96,2.278,0.22,1.878,5.45,28.35,1 oz
BEEF,"BEEF,RND,TOP RND,LN,1/8"" FAT,ALL GRDS,RAW",0.0,55,96,0.0,135,22.91,0.0,75.02,1.721,0.175,1.399,4.09,28.35,1 oz
BEEF,"BEEF,TOP SIRLOIN,LN,1/8"" FAT,ALL GRDS,CKD,BRLD",0.0,55,112,0.0,178,29.42,0.0,64.29,2.331,0.208,2.224,5.84,28.35,1 oz
BEEF,"BEEF,TOP SIRLOIN,LN,1/8"" FAT,ALL GRDS,RAW",0.0,42,92,0.0,131,22.09,0.0,72.91,1.641,0.176,1.508,4.08,28.35,1 oz
BEEF,"BEEF,CHUCK,ARM POT RST,LN,1/8"" FAT,CHOIC,RAW",0.0,54,92,0.0,139,21.96,0.0,72.51,2.119,0.218,1.875,5.05,28.35,1 oz
BEEF,"BEEF,BRISKET,FLAT HALF,LN,1/8"" FAT,CHOIC,RAW",0.0,43,91,0.0,129,21.69,0.0,73.27,1.705,0.176,1.508,4.06,28.35,1 oz
BEEF,"BEEF,CHUCK,ARM POT RST,LN,1/8"" FAT,CHOIC,CKD,BRSD",0.0,81,132,0.0,224,34.72,0.0,56.39,3.561,0.289,3.17,8.37,28.35,1 oz
BEEF,"BEEF,BRISKET,FLAT HALF,LN,1/8"" FAT,CHOIC,CKD,BRSD",0.0,66,126,0.0,203,33.13,0.0,59.82,2.889,0.235,2.572,6.79,28.35,1 oz
BEEF,"BEEF,RND,EYE OF RND,LN,1/8"" FAT,CHOIC,RAW",0.0,46,96,0.0,128,22.88,0.0,72.89,1.425,0.145,1.158,3.38,28.35,1 oz
BEEF,"BEEF,RND,TOP RND LN,1/8"" FAT,CHOIC,RAW",0.0,65,95,0.0,140,22.69,0.0,71.44,2.014,0.205,1.637,4.78,28.35,1 oz
BEEF,"BEEF,RND,BTTM RND,LN,1/8"" FAT,CHOIC,RAW",0.0,67,93,0.0,140,22.22,0.0,71.99,2.09,0.213,1.699,4.96,0.0,
BEEF,"BEEF,RND,BTTM RND,LN,1/8"" FAT,CHOIC,CKD,RSTD",0.0,89,105,0.0,179,27.56,0.0,65.26,2.831,0.274,2.334,6.77,28.35,1 oz
BEEF,"BEEF,RND,EYE OF RND LN,1/8"" FAT,CHOIC,CKD,RSTD",0.0,70,114,0.0,175,29.87,0.0,64.73,2.217,0.214,1.828,5.3,28.35,1 oz
BEEF,"BEEF,RND,TOP RND,LN,1/8"" FAT,CHOIC,CKD,BRLD",0.0,82,122,0.0,193,32.04,0.0,61.13,2.613,0.252,2.154,6.25,28.35,1 oz
BEEF,"BEEF,RND,BTTM RND,LN,1/8"" FAT,CHOIC,CKD,BRSD",0.0,119,130,0.0,228,34.22,0.0,56.44,3.771,0.364,3.109,9.02,28.35,1 oz
BEEF,"BEEF,RIB,SML END (RIBS 10-12),LN,1/8"" FAT,CHOIC,RAW",0.0,60,0,0.0,148,22.12,0.0,71.28,2.376,0.256,2.183,5.91,28.35,1 oz
BEEF,"BEEF,TENDERLOIN,LN,1/8"" FAT,CHOIC,RAW",0.0,72,93,0.0,158,22.17,0.0,70.17,2.842,0.306,2.612,7.07,28.35,1 oz
BEEF,"BEEF,TOP SIRLOIN,LN,1/8"" FAT,CHOIC,RAW",0.0,47,92,0.0,135,21.91,0.0,72.51,1.86,0.2,1.709,4.62,28.35,1 oz
BEEF,"BEEF,RIB,SML END (RIBS 10-12),LN,1/8""FAT,CHOIC,CKD,BRLD",0.0,85,108,0.0,202,28.29,0.0,62.22,3.612,0.323,3.445,9.05,28.35,1 oz
BEEF,"BEEF,SHRT LOIN,TOP LOIN LN,1/8"" FAT,CHOIC,RAW",0.0,66,95,0.0,155,22.78,0.0,70.3,2.588,0.278,2.378,6.43,28.35,1 oz
BEEF,"BEEF,TENDERLOIN,LN,1/8"" FAT,CHOIC,CKD,BRLD",0.0,85,110,0.0,206,29.01,0.0,61.68,3.633,0.325,3.465,9.1,28.35,1 oz
BEEF,"BEEF,TOP SIRLOIN,LN,1/8"" FAT,CHOIC,CKD,BRLD",0.0,63,112,0.0,187,29.51,0.0,63.27,2.684,0.24,2.56,6.72,28.35,1 oz
BEEF,"BEEF,SHRT LOIN,TOP LOIN LN,1/8"" FAT,CHOIC,CKD,BRLD",0.0,79,111,0.0,201,29.16,0.0,61.99,3.373,0.302,3.217,8.45,28.35,1 oz
BEEF,"BEEF,CHUCK,ARM POT RST,LN,1/8"" FAT,SEL,RAW",0.0,35,93,0.0,125,22.26,0.0,74.12,1.392,0.143,1.232,3.32,28.35,1 oz
BEEF,"BEEF,BRISKET,FLAT HALF,LN,1/8"" FAT,SEL,RAW",0.0,38,90,0.0,124,21.45,0.0,74.26,1.514,0.156,1.34,3.61,28.35,1 oz
BEEF,"BEEF,CHUCK,ARM POT RST,LN,1/8"" FAT,SEL,CKD,BRSD",0.0,61,132,0.0,205,34.6,0.0,59.29,2.703,0.22,2.406,6.35,28.35,1 oz
BEEF,"BEEF,BRISKET,FLAT HALF,LN,1/8"" FAT,SEL,CKD,BRSD",0.0,50,126,0.0,189,33.18,0.0,61.39,2.216,0.18,1.973,5.21,28.35,1 oz
BEEF,"BEEF,RND,EYE OF RND,LN,1/8"" FAT,SEL,RAW",0.0,36,93,0.0,119,22.31,0.0,73.97,1.105,0.113,0.898,2.62,28.35,1 oz
BEEF,"BEEF,RND,TOP RND,LN,1/8"" FAT,SEL,RAW",0.0,46,97,0.0,129,23.13,0.0,72.63,1.42,0.145,1.154,3.37,28.35,1 oz
BEEF,"BEEF,RND,BTTM RND,LN,1/8"" FAT,SEL,RAW",0.0,50,93,0.0,128,22.18,0.0,73.17,1.542,0.157,1.253,3.66,28.35,1 oz
BEEF,"BEEF,RIB,SML END (RIBS 10-12),LN,1/8"" FAT,ALL GRDS,CKD,BRLD",0.0,71,113,0.0,195,29.58,0.0,64.27,3.048,0.273,2.907,7.63,28.35,1 oz
BEEF,"BEEF,VAR MEATS & BY-PRODUCTS,TRIPE,CKD,SIMMRD",1.99,157,0,0.0,94,11.71,0.0,81.65,1.604,0.208,1.357,4.05,0.0,
BEEF,"BEEF,BTTM SIRLOIN,TRI-TIP,LN,0"" FAT,ALL GRDS,RAW",0.0,43,89,0.0,142,21.26,0.0,72.41,2.47,0.234,1.729,5.63,261.12,1 roast
BEEF,"BEEF,BTTM SIRLOIN,TRI-TIP,LN,0"" FAT,CHOIC,CKD,RSTD",0.0,83,100,0.0,193,26.34,0.0,63.79,4.907,0.312,3.527,9.73,590.7,1 roast
BEEF,"BEEF,BTTM SIRLOIN,TRI-TIP,LN,0"" FAT,CHOIC,RAW",0.0,53,88,0.0,154,21.17,0.0,71.33,3.045,0.288,2.132,7.06,270.86,1 roast
BEEF,"BEEF,BTTM SIRLOIN,TRI-TIP,LN,0"" FAT,SEL,CKD,RSTD",0.0,59,104,0.0,179,27.17,0.0,65.55,3.502,0.223,2.517,6.95,547.32,"1 roast,  (yield from 666 g raw meat)"
BEEF,"BEEF,BTTM SIRLOIN,TRI-TIP,LN,0"" FAT,SEL,RAW",0.0,37,89,0.0,129,21.34,0.0,73.48,2.144,0.203,1.5,4.21,252.35,1 roast
BEEF,"BEEF,RND,TIP RND,LN,0"" FAT,ALL GRDS,RAW",0.0,64,88,0.0,126,21.07,0.0,74.48,1.641,0.201,1.376,3.95,1289.46,1 roast
BEEF,"BEEF,RND,TIP RND,LN,0"" FAT,CHOIC,RAW",0.0,72,87,0.0,130,20.76,0.0,73.98,1.855,0.227,1.556,4.55,1392.39,1 roast
BEEF,"BEEF,RND,TIP RND,LN,0"" FAT,SEL,RAW",0.0,53,89,0.0,122,21.38,0.0,74.99,1.367,0.168,1.147,3.35,1186.53,1 roast
BEEF,"BEEF,FLANK,LN,0"" FAT,ALL GRDS,CKD,BRLD",0.0,49,106,0.0,186,27.89,0.0,64.79,2.917,0.292,3.07,7.4,382.99,1 steak
BEEF,"BEEF,FLANK,LN,0"" FAT,SEL,CKD,BRLD",0.0,43,106,0.0,178,27.96,0.0,65.51,2.554,0.256,2.688,6.48,379.34,"1 steak,  (yield from 467 g raw meat)"
BEEF,"BEEF,FLANK,LN,0"" FAT,ALL GRDS,RAW",0.0,33,90,0.0,141,21.57,0.0,72.08,1.951,0.193,2.058,5.47,187.88,1 steak
BEEF,"BEEF,FLANK,LN,0"" FAT,SEL,RAW",0.0,34,90,0.0,137,21.43,0.0,72.84,1.967,0.195,2.074,5.0,173.43,1 steak
BEEF,"BEEF,BRISKET,FLAT HALF,LN & FAT,1/8"" FAT,CHOIC,RAW",0.12,81,76,0.0,278,18.12,0.0,58.8,9.485,0.843,8.939,22.15,433.82,1 steak
BEEF,"BEEF,BRISKET,FLAT HALF,LN & FAT,1/8"" FAT,SEL,RAW",0.0,81,74,0.0,276,17.77,0.0,59.34,9.511,0.845,8.963,22.21,470.31,1 steak
BEEF,"BEEF,BRISKET,FLAT HALF,LN & FAT,1/8"" FAT,CHOIC,CKD,BRSD",0.0,80,109,0.0,298,28.66,0.0,51.58,8.388,0.72,8.219,19.47,408.81,"1 steak,  (yield from 593 g raw meat)"
BEEF,"BEEF,GROUND BF CALCULATOR - USER SELECTS LEAN/FAT PERCENTAGE",0.0,0,0,0.0,0,0.0,0.0,0.0,0.0,0.0,0.0,0.0,0.0,
POPCORN,"POPCORN,OIL-POPPED,LOFAT",76.04,0,13,13.60000038,402,10.72,0.649999976,4.22,2.767,2.216,1.184,6.1,28.35,1 oz
POPCORN,"POPCORN,OIL-POPPED,LOFAT",72.0,0,16,14.19999981,424,12.6,0.920000017,2.8,4.085,3.572,1.415,9.5,28.35,1 oz
Snacks,"Snacks, popcorn, unpopped kernels",73.12,0,0,12.69999981,375,10.87,0.910000026,10.57,0.992,2.476,0.64,4.31,28.35,1 oz
FORM BAR,"FORM BAR,MASTERFOODS USA,SNICKERS MARATHON CHEWY CHOC PNUT",47.24,4,0,2.5,396,24.29,32.86000061,12.9,0.0,0.0,4.728,13.12,55.0,1 bar
FORM BAR,"FORM BAR,MASTERFOODS USA,SNICKERS MARATHON MULTI GRAIN",55.12,3,0,2.799999952,406,18.49,33.04000092,7.99,0.0,0.0,4.794,13.18,55.0,1 bar
FORM,"FORM,MASTERFOODS USA,SNICKERS MARATHON DOUBLE CHOC NUT BAR",52.47,4,0,10.5,343,22.35,22.67000008,14.0,0.0,0.0,4.847,8.99,44.2,1 bar
SNACKS,"SNACKS,M&M MARS,KUDOS WHL GRAIN BARS,PNUT BUTTER",64.69,5,0,2.599999905,463,5.88,44.29000092,7.0,0.0,0.0,10.411,20.78,28.4,1 bar
FORM BAR,"FORM BAR,MASTERFOODS USA,SNICKERS MARATHON HONEY NUT OAT BAR",54.3,0,0,11.0,378,22.5,26.26000023,9.5,0.0,0.0,4.481,7.87,44.2,1 bar
SNACKS,"SNACKS,M&M MARS,KUDOS WHL GRAIN BAR,M&M'S MILK CHOC",73.01,4,0,2.400000095,415,3.78,37.81000137,8.0,0.0,0.0,6.802,11.95,23.5,1 bar
FORM BAR,"FORM BAR,MASTERFOODS USA,COCOAVIA,CHOC ALMOND SNACK BAR",51.68,2,0,5.199999809,347,7.72,27.03000069,22.9,0.0,0.0,4.326,14.19,22.0,1 bar
Snacks,"Snacks, sweet potato chips",64.83,0,37,3.5,496,3.5,7.0,4.0,9.12,12.238,2.207,24.7,28.35,1 oz
Snacks,"Snacks, FRITOLAY, SUNCHIPS, Multigrain Snack, original",67.26,0,15,6.800000191,491,7.95,7.199999809,2.04,11.501,6.513,2.166,21.11,28.35,1 oz
SNACKS,"SNACKS,POPCORN,MICROWAVE,REG (BUTTER) FLAVOR, W/PARHYD OIL",55.71,4,14,9.899999619,527,8.69,0.540000021,2.62,19.9,2.159,6.904,29.97,28.35,1 oz
Form Bar,"Form Bar, MASTERFOODS, SNCKRS MARATH Prot Perf Bar, Crml Nut",53.0,6,2,10.0,402,25.0,28.75,9.0,2.645,2.892,4.375,10.0,80.0,1 bar
Form Bar,"Form Bar, MASTERFOODS, SNICKERS Marathon Energy Bar, all",50.3,4,18,6.699999809,386,21.91,28.70999908,14.0,3.92,1.917,4.753,10.79,44.2,1 bar
Formulated bar,"Formulated bar, POWER BAR, chocolate",69.63,0,18,5.699999809,363,14.15,30.06999969,9.83,1.05,0.589,1.32,3.11,67.61,1 bar
FORM BAR,"FORM BAR,MASTERFOODS USA,COCOAVIA,CHOC BLUEBERRY SNACK BAR",57.87,2,0,4.599999905,325,6.21,33.40000153,20.1,0.0,0.0,3.87,9.27,22.0,1 bar
SNACKS,"SNACKS,FRITOLAY,SUNCHIPS,MULTIGRAIN SNACK,FRENCH ONION FLAVR",65.49,5,0,7.800000191,496,8.68,8.819999695,2.04,12.698,6.513,2.469,22.15,28.35,1 oz
SNACKS,"SNACKS,FRITOLAY,SUNCHIPS,MULTIGRAIN,HARVEST CHEDDAR",64.7,4,0,8.100000381,491,8.08,7.050000191,2.5,12.557,6.631,2.892,22.22,28.35,1 oz
PRETZELS,"PRETZELS,SOFT,UNSALTED",71.04,3,18,1.700000048,338,8.2,0.25,15.0,1.071,0.948,0.695,3.1,143.0,1 large
Snacks,"Snacks, soy chips or crisps, salted",53.15,0,111,3.5,376,26.5,1.799999952,8.5,1.661,4.018,0.0,7.35,28.35,1 oz
POPCORN,"POPCORN,MICROWAVE,REG (BUTTER) FLAVOR,MADE W/ PALM OIL",55.69,0,0,9.899999619,528,8.69,0.540000021,2.62,9.089,3.855,13.634,30.0,28.35,1 oz
No Category,PLANTAIN CHIPS,57.32,0,0,4.199999809,559,1.69,0.0,2.33,5.598,18.182,9.412,35.94,28.35,1 oz
SNACKS,"SNACKS,TORTILLA CHIPS,PLN,YEL CORN",67.31,0,0,4.699999809,492,7.18,0.970000029,2.3,10.3,7.09,2.462,21.57,28.35,1 oz
SOUP,"SOUP,EGG DROP,CHINESE RESTAURANT",4.29,23,0,0.0,27,1.16,0.0,92.87,0.191,0.242,0.166,0.61,241.24,1 cup
SOUP,"SOUP,HOT & SOUR,CHINESE RESTAURANT",4.35,21,40,0.0,39,2.58,0.419999987,90.65,0.288,0.311,0.229,1.21,233.31,1 cup
SOUP,"SOUP,WONTON,CHINESE RESTAURANT",5.25,4,0,0.0,32,2.08,0.340000004,91.18,0.077,0.071,0.062,0.26,223.45,1 cup
CAMPBELL,"CAMPBELL,CAMPBELL'S CHUNKY SOUPS,BF STEW - FULL",8.16,8,0,1.200000048,65,4.08,2.039999962,84.2,0.0,0.0,0.816,1.63,245.0,1 cup
CAMPBELL,"CAMPBELL,CAMPBELL'S CHUNKY SOUPS,BF STROGANOF -",7.35,16,0,1.600000024,102,4.9,1.220000029,81.0,0.0,0.0,1.633,5.71,245.0,1 cup
CAMPBELL,"CAMPBELL,CAMPBELL'S CHUNKY,HEALTHY REQUEST BF BARLEY SOUP",8.57,6,0,2.0,57,3.67,1.220000029,82.6,0.204,0.0,0.408,0.82,245.0,1 cup
CAMPBELL'S CHNKY,"CAMPBELL'S CHNKY,HEALTHY REQUST MICROWAVBL ,CHICK NODLE SOUP",6.12,8,0,0.400000006,45,2.86,0.819999993,89.1,0.612,0.204,0.408,1.22,245.0,1 serving
CAMPBELL SOUPS,"CAMPBELL SOUPS,HLTHY RQST MCRWVBL BWL,GRLL CHICK SSAGE GMB",8.16,6,0,1.200000048,53,3.27,1.629999995,86.8,0.408,0.204,0.408,1.02,245.0,1 cup
CAMPBELL,"CAMPBELL,CAMPBELL'S CHUNKY SOUPS,HEALTHY REQUES",8.16,4,0,1.200000048,49,2.45,0.819999993,81.1,0.408,0.204,0.204,0.82,245.0,1 cup
CAMPBELL,"CAMPBELL,CAMPBELL'S CHUNKY SOUPS,RIGATONI & MEA",9.8,8,0,2.400000095,90,5.31,3.269999981,80.3,0.0,0.0,1.633,3.27,245.0,1 cup
CAMPBELL,"CAMPBELL,CAMPBELL'S CHUNKY SOUPS,TURKEY POT PIE",8.57,14,0,1.600000024,82,4.49,1.629999995,82.0,0.0,0.0,0.612,3.27,245.0,1 cup
CAMPBELL,"CAMPBELL,CAMPBELL'S RED & WHITE,CHEDDAR CHS SOU",8.87,4,0,0.800000012,81,1.61,1.610000014,83.2,0.806,1.21,1.613,4.03,124.0,.5 cup
CAMPBELL,"CAMPBELL,CAMPBELL'S RED & WHITE,CHICK BARLEY W/",12.7,4,0,2.400000095,71,3.17,1.590000033,81.8,0.0,0.0,0.397,1.19,126.0,.5 cup
CAMPBELL,"CAMPBELL,CAMPBELL'S RED & WHITE,ITALIAN STYLE W",9.52,8,0,2.400000095,71,3.17,1.590000033,83.2,0.0,0.0,0.794,1.98,126.0,.5 cup
CAMPBELL,"CAMPBELL,CAMPBELL'S RED & WHITE,SHREK SHAPED PA",8.73,4,0,2.400000095,56,3.17,0.790000021,85.7,0.397,0.397,0.397,1.59,126.0,.5 cup
CAMPBELL,"CAMPBELL,CAMPBELL'S RED & WHITE,SOUPER SHAPES S",8.73,4,0,2.400000095,56,3.17,0.790000021,85.7,0.397,0.397,0.397,1.59,126.0,.5 cup
CAMPBELL,"CAMPBELL,CAMPBELL'S SEL MICROWAVEABLE BOWLS,HEA",6.12,6,0,0.800000012,49,2.86,1.220000029,87.6,0.408,0.0,0.408,1.22,245.0,1 cup
CAMPBELL,"CAMPBELL,CAMPBELL'S SEL MICROWAVEABLE BOWLS,HEA",7.76,4,0,1.200000048,53,3.27,1.220000029,87.7,0.204,0.204,0.204,1.02,245.0,1 cup
CAMPBELL,"CAMPBELL, SEL SOUP,HARVEST TOMATO W/ BASIL SOUP",7.35,0,0,0.400000006,33,0.41,4.079999924,87.9,0.0,0.0,0.0,0.0,245.0,1 cup
CAMPBELL,"CAMPBELL,CAMPBELL'S SEL SOUP,ZESTY AZTECA MEATB",6.94,4,0,0.800000012,45,2.04,1.629999995,87.2,0.0,0.0,0.408,1.22,245.0,1 cup
CAMPBELL,"CAMPBELL,CAMPBELL'S SEL SOUPS,HEALTHY REQUEST C",5.31,6,0,0.800000012,41,2.86,0.409999996,89.9,0.408,0.204,0.408,1.02,245.0,1 cup
CAMPBELL,"CAMPBELL,CAMPBELL'S SOUP AT HAND,25% LESS NA CH",3.61,3,0,0.699999988,26,1.31,0.660000026,93.5,0.0,0.0,0.164,0.66,305.0,1 serving
CAMPBELL,"CAMPBELL,CAMPBELL'S SOUP AT HAND,25% LESS NA CL",8.85,0,0,0.699999988,39,0.98,4.920000076,89.0,0.0,0.0,0.0,0.0,305.0,1 serving
CAMPBEL,"CAMPBEL,CAMPBELL'S SEL GOLD LABEL SOUPS,CREAMY",10.2,10,0,1.600000024,82,2.04,6.119999886,82.6,0.0,0.0,2.449,3.67,245.0,1 cup
CAMPBELL,"CAMPBELL,CAMPBELL'S SEL GOLD LABEL SOUPS,ITALIA",7.76,0,0,1.200000048,37,1.22,5.710000038,89.3,0.0,0.0,0.0,0.0,245.0,1 cup
CAMPBELL,"CAMPBELL,CAMPBELL'S SEL GOLD LABEL SOUPS,SOUTHW",10.61,0,0,0.800000012,61,1.22,2.859999895,84.9,0.408,0.612,0.204,1.22,245.0,1 cup
CAMPBELL SOUP COMPANY,"CAMPBELL SOUP COMPANY,PACE,PICO DE GALLO",9.38,0,0,0.0,31,0.0,6.25,88.0,0.0,0.0,0.0,0.0,32.0,1 serving
CAMPBELL SOUP COMPANY,"CAMPBELL SOUP COMPANY,PACE,SALSA VERDE",6.25,0,0,0.0,47,0.0,6.25,88.1,0.0,0.0,0.0,1.56,32.0,1 serving
CAMPBELL SOUP COMPANY,"CAMPBELL SOUP COMPANY,PACE,TEQUILA LIME SALSA",9.38,0,0,0.0,47,0.0,6.25,88.6,0.0,0.0,0.0,0.0,32.0,1 serving
CAMPBELL SOUP COMPANY,"CAMPBELL SOUP COMPANY,PACE,TRIPLE PEPPER SALSA",9.38,0,0,3.099999905,47,3.13,6.25,86.2,0.0,0.0,0.0,0.0,32.0,1 serving
CAMPBELL,"CAMPBELL,CAMPBELL'S RED & WHITE,LENTIL SOUP,COND",19.05,0,0,4.800000191,111,7.14,1.590000033,71.2,0.0,0.0,0.397,0.79,126.0,.5 cup
CAMPBELL,"CAMPBELL,PREGO PASTA,HEART SMART- TRADITIONAL S",10.0,0,0,2.299999952,69,1.54,7.699999809,85.4,0.385,0.769,0.385,2.31,130.0,.5 cup
CAMPBELL,"CAMPBELL,RED & WHITE,98% FAT FREE CRM OF MUSHROOM SOUP,COND",7.26,4,0,0.800000012,56,1.61,0.810000002,87.6,0.0,0.0,0.403,2.02,124.0,"1 serving, 1/2 cup"
CAMPBELL SOUP COMPANY,"CAMPBELL SOUP COMPANY,TOMATO JUC",4.12,0,0,0.800000012,20,0.82,2.880000114,93.9,0.0,0.0,0.0,0.0,243.0,8 oz
CAMPBELL SOUP COMPANY,"CAMPBELL SOUP COMPANY,TOMATO JUC,LO NA",4.12,0,0,0.800000012,20,0.82,2.880000114,93.9,0.0,0.0,0.0,0.0,243.0,8 oz
CAMPBELL SOUP COMPANY,"CAMPBELL SOUP COMPANY,V8 VEG JUC,LEMON TWIST V8",4.12,0,0,0.800000012,20,0.82,3.289999962,94.1,0.0,0.0,0.0,0.0,243.0,8 oz
CAMPBELL SOUP COMPANY,"CAMPBELL SOUP COMPANY,V8 VEG JUC,V8 PICANTE",4.12,0,0,0.800000012,20,0.82,3.289999962,93.8,0.0,0.0,0.0,0.0,243.0,8 oz
CAMPBELL SOUP COMPANY,"CAMPBELL SOUP COMPANY,V8 VEG JUC,ORGANIC V8",4.12,0,0,0.800000012,20,0.82,3.289999962,93.6,0.0,0.0,0.0,0.0,243.0,8 oz
CAMPBELL SOUP COMPANY,"CAMPBELL SOUP COMPANY,ORGANIC TOMATO JUC",4.12,0,0,0.800000012,20,0.82,2.880000114,93.8,0.0,0.0,0.0,0.0,243.0,8 oz
CAMPBELL SOUP COMPANY,"CAMPBELL SOUP COMPANY,HEALTHY REQUEST TOMATO JUC",4.12,0,0,0.800000012,21,0.82,3.700000048,93.7,0.0,0.0,0.0,0.0,243.0,8 oz
No Category,CAMPBELL'S V8 100% VEG JUC,4.12,0,0,0.800000012,21,0.82,3.289999962,93.9,0.0,0.0,0.0,0.0,243.0,1 serving
CAMPBELL SOUP COMPANY,"CAMPBELL SOUP COMPANY,V8 VEG JUC,ESSENTIAL ANTIOXIDANTS V8",4.53,0,0,0.800000012,21,0.82,3.289999962,93.3,0.0,0.0,0.0,0.0,243.0,8 oz
CAMPBELL SOUP COMPANY,"CAMPBELL SOUP COMPANY,V8 VEG JUC,CA ENR V8",4.53,0,0,0.800000012,21,0.82,3.289999962,93.1,0.0,0.0,0.0,0.0,243.0,8 oz
CAMPBELL SOUP COMPANY,"CAMPBELL SOUP COMPANY,V8 VEG JUC,LO NA V8",4.12,0,0,0.800000012,21,0.82,3.289999962,93.9,0.0,0.0,0.0,0.0,243.0,8 oz
CAMPBELL SOUP COMPANY,"CAMPBELL SOUP COMPANY,V8 VEG JUC,SPICY HOT V8",4.12,0,0,0.800000012,20,0.82,3.289999962,94.0,0.0,0.0,0.0,0.0,243.0,8 oz
CAMPBELL SOUP COMPANY,"CAMPBELL SOUP COMPANY,PACE,JALAPENOS NACHO SLICED PEPPERS",3.33,0,0,3.299999952,13,0.0,3.329999924,91.3,0.0,0.0,0.0,0.0,30.0,1 oz
CAMPBELL SOUP COMPANY,"CAMPBELL SOUP COMPANY,PACE,DICED GRN CHILIES",6.67,0,0,3.299999952,27,0.0,3.329999924,92.3,0.0,0.0,0.0,0.0,30.0,2 tbsp
AGUTUK,"AGUTUK,FISH/BERRY W/ SEAL OIL (ICE CREAM) (ALASKA NATIVE)",13.4,10,0,0.5,353,3.4,0.0,47.3,14.4,8.4,7.7,31.8,0.0,
AGUTUK,"AGUTUK,FISH W/ SHORTENING (ALASKA NATIVE)",10.5,26,0,0.0,470,9.0,0.0,34.0,15.6,17.3,8.6,43.5,0.0,
AGUTUK,"AGUTUK,MEAT-CARIBOU (ALASKAN ICE CREAM) (ALASKA NATIVE)",0.9,89,0,0.0,258,21.7,0.0,55.2,8.7,3.6,5.1,18.6,0.0,
No Category,ASCIDIANS (TUNUGHNAK) (ALASKA NATIVE),0.0,7,0,0.0,20,3.8,0.0,90.4,0.12,0.2,0.1,0.5,0.0,
BEAR,"BEAR,BLACK,MEAT (ALASKA NATIVE)",0.0,0,0,0.0,155,20.1,0.0,71.2,0.0,0.0,0.0,8.3,0.0,
BEAR,"BEAR,POLAR,MEAT,RAW (ALASKA NATIVE)",0.0,0,0,0.0,130,25.6,0.0,70.3,2.0,0.46,0.63,3.1,0.0,
WHALE,"WHALE,BELUGA,MEAT,DRIED (ALASKA NATIVE)",0.0,122,132,0.0,327,69.86,0.0,22.39,3.345,0.319,1.204,5.34,0.0,
WHALE,"WHALE,BELUGA,EYES (ALASKA NATIVE)",0.0,0,0,0.0,291,19.6,0.0,55.1,0.0,0.0,0.0,23.3,0.0,
Whale,"Whale, beluga, meat, raw (Alaska Native)",0.0,80,35,0.0,111,26.5,0.0,72.5,0.337,0.025,0.092,0.5,0.0,
WHALE,"WHALE,BELUGA,FLIPPER,RAW (ALASKA NATIVE)",0.0,0,0,0.0,271,19.0,0.0,57.5,0.0,0.0,0.0,21.7,0.0,
WHALE,"WHALE,BELUGA,LIVER,RAW (ALASKA NATIVE)",2.0,0,0,0.0,117,18.4,0.0,74.6,0.0,0.0,0.0,3.9,0.0,
OIL,"OIL,BELUGA,WHALE (ALASKA NATIVE)",0.0,0,0,0.0,900,0.0,0.0,0.0,54.19,10.8,14.49,100.0,0.0,
BLACKBERRIES,"BLACKBERRIES,WILD,RAW (ALASKA NATIVE)",9.84,0,0,3.200000048,52,0.84,3.650000095,88.05,0.0,0.0,0.0,1.07,0.0,
FISH,"FISH,BLACKFISH,WHL (ALASKA NATIVE)",0.0,0,0,0.0,82,15.5,0.0,80.1,0.0,0.0,0.0,1.75,0.0,
BLUEBERRIES,"BLUEBERRIES,WILD,FRZ (ALASKA NATIVE)",10.4,0,0,0.0,44,0.7,0.0,88.7,0.0,0.0,0.0,0.0,0.0,
CARIBOU,"CARIBOU,BONE MARROW,RAW (ALASKA NATIVE)",0.0,0,0,0.0,786,6.7,0.0,7.4,0.0,0.0,0.0,84.4,0.0,
CARIBOU,"CARIBOU,EYE,RAW (ALASKA NATIVE)",0.0,0,0,0.0,326,10.8,0.0,57.1,0.0,0.0,0.0,31.4,0.0,
CARIBOU,"CARIBOU,LIVER,RAW (ALASKA NATIVE)",6.8,0,0,0.0,122,15.0,0.0,71.4,0.0,0.0,0.0,3.9,0.0,
STEW/SOUP,"STEW/SOUP,CARIBOU (ALASKA NATIVE)",4.8,0,0,0.100000001,41,3.8,0.0,90.0,0.0,0.02,0.01,0.7,0.0,
CARIBOU,"CARIBOU,TONGUE,RAW (ALASKA NATIVE)",0.0,0,0,0.0,260,13.7,0.0,62.5,0.0,0.0,0.0,22.8,0.0,
CHITON,"CHITON,LEATHERY,GUMBOOTS (ALASKA NATIVE)",0.0,0,0,0.0,83,17.1,0.0,78.6,0.0,0.0,0.0,1.6,0.0,
CLOUDBERRIES,"CLOUDBERRIES,RAW (ALASKA NATIVE)",8.6,0,0,0.0,51,2.4,0.0,87.0,0.0,0.0,0.0,0.8,0.0,
COCKLES,"COCKLES,RAW (ALASKA NATIVE)",4.7,0,0,0.0,79,13.5,0.0,78.8,0.0,0.0,0.0,0.7,0.0,
CRANBERRIES,"CRANBERRIES,WILD,BUSH,RAW (ALASKA NATIVE)",12.3,0,0,6.699999809,55,1.1,0.0,86.0,0.0,0.0,0.0,0.2,0.0,
CRANBERRY,"CRANBERRY,LO BUSH OR LINGENBERRY,RAW (ALASKA NATIVE)",12.2,0,0,0.0,55,0.4,0.0,86.7,0.0,0.0,0.0,0.5,0.0,
FISH,"FISH,DEVILFISH,MEAT (ALASKA NATIVE)",0.0,0,0,0.0,97,11.7,0.0,80.8,0.0,0.0,0.0,5.3,0.0,
FIREWEED,"FIREWEED,YOUNG LEAVES,RAW (ALASKA NATIVE)",6.3,0,0,6.0,44,3.0,0.0,87.2,0.0,0.0,0.0,0.8,0.0,
FISH,"FISH,HERRING EGGS ON GIANT KELP,PACIFIC (ALASKA NATIVE)",2.6,0,0,0.0,63,11.3,0.0,81.8,0.0,0.0,0.0,0.8,0.0,
FISH,"FISH,HERRING EGGS,PACIFIC,DRY (ALASKA NATIVE)",2.8,0,0,0.0,312,60.4,0.0,27.3,0.0,0.0,0.0,6.6,0.0,
FISH,"FISH,HERRING EGGS,PACIFIC,PLN (ALASKA NATIVE)",4.47,40,0,0.0,74,9.6,0.0,81.2,0.42,0.71,0.43,1.93,0.0,
FISH,"FISH,HERRING,PACIFIC,FLSH,AIR-DRIED,PACK OIL (ALASKA NATIVE)",0.0,0,0,0.0,489,44.5,0.0,18.2,0.0,0.0,0.0,34.6,0.0,
HUCKLEBERRIES,"HUCKLEBERRIES,RAW (ALASKA NATIVE)",8.7,0,0,0.0,37,0.4,0.0,90.7,0.0,0.0,0.0,0.1,0.0,
FISH,"FISH,LINGCOD,MEAT,RAW (ALASKA NATIVE)",0.0,0,0,0.0,79,17.9,0.0,80.0,0.0,0.0,0.0,0.8,0.0,
FISH,"FISH,LINGCOD,LIVER (ALASKA NATIVE)",6.0,0,0,0.0,424,5.6,0.0,45.9,0.0,0.0,0.0,42.0,0.0,
STEW,"STEW,MOOSE (ALASKA NATIVE)",6.0,0,0,0.5,55,6.6,0.0,86.1,0.01,0.02,0.01,0.5,0.0,
MOOSE,"MOOSE,MEAT,RAW (ALASKA NATIVE)",0.0,54,0,0.0,103,22.3,0.0,74.79,0.15,1.2,0.22,1.5,0.0,
MASHU ROOTS,"MASHU ROOTS,RAW (ALASKA NATIVE)",22.6,0,0,0.0,135,5.8,0.0,67.8,0.0,0.0,0.0,2.4,0.0,
MOOSE,"MOOSE,LIVER,BRSD (ALASKA NATIVE)",3.43,389,0,0.0,155,24.38,0.0,66.0,0.65,1.07,0.0,4.89,0.0,
MOUSE NUTS,"MOUSE NUTS,ROOTS (ALASKA NATIVE)",16.1,0,0,0.0,81,3.9,0.0,77.2,0.0,0.0,0.0,0.1,0.0,
MOUSE NUTS,"MOUSE NUTS,SEEDLINGS (ALASKA NATIVE)",16.3,0,0,0.0,104,7.3,0.0,73.0,0.0,0.0,0.0,1.1,0.0,
No Category,OCTOPUS (ALASKA NATIVE),0.0,41,0,0.0,56,12.3,0.0,84.0,0.0,0.2,0.2,0.8,0.0,
Seal,"Seal, bearded (Oogruk), meat, dried (Alaska Native)",0.0,0,0,0.0,351,82.6,0.0,11.6,1.33,0.37,0.6,2.3,0.0,
SEAL,"SEAL,BEARDED (OOGRUK),MEAT,RAW (ALASKA NATIVE)",0.0,100,0,0.0,110,26.7,0.0,69.6,0.0,0.0,0.0,0.4,0.0,
OIL,"OIL,BEARDED SEAL (OOGRUK) (ALASKA NATIVE)",0.0,52,0,0.0,899,0.56,0.0,0.02,47.08,33.001,10.926,99.6,0.0,
OOPAH (TUNICATE),"OOPAH (TUNICATE),WHL ANIMAL (ALASKA NATIVE)",0.0,0,0,0.0,67,11.7,0.0,80.2,0.0,0.0,0.0,2.2,0.0,
OWL,"OWL,HORNED,FLESH,RAW (ALASKA NATIVE)",0.0,0,0,0.0,136,22.7,0.0,71.3,0.0,0.0,0.0,5.0,0.0,
FISH,"FISH,PIKE,NORTHERN,LIVER (ALASKA NATIVE)",4.3,0,0,0.0,156,16.6,0.0,69.8,0.0,0.0,0.0,8.0,0.0,
RHUBARB,"RHUBARB,WILD,LEAVES (ALASKA NATIVE)",9.9,0,0,0.0,61,4.2,0.0,83.5,0.0,0.0,0.0,0.5,0.0,
FISH,"FISH,SALMON,TIPNUK,FERMENTED (ALASKA NATIVE)",0.0,0,0,0.0,159,15.9,0.0,68.8,0.0,0.0,0.0,10.6,0.0,
FISH,"FISH,SALMON,KING,CHINOOK,KIPPERED,CND (ALASKA NATIVE)",0.0,0,0,0.0,266,30.7,0.0,51.2,0.0,0.0,0.0,15.9,0.0,
FISH,"FISH,SALMON,KING,CHINOOK,SMOKED & CND (ALASKA NATIVE)",0.0,0,0,0.0,150,23.2,0.0,66.7,0.0,0.0,0.0,5.9,0.0,
FISH,"FISH,SALMON,KING,CHINOOK,SMOKED,BRINED (ALASKA NATIVE)",0.0,107,0,0.0,430,39.9,0.0,23.6,16.9,0.35,6.97,30.0,0.0,
FISH,"FISH,SALMON,KING,CHINOOK,LIVER (ALASKA NATIVE)",4.3,0,0,0.0,156,16.6,0.0,69.8,0.0,0.0,0.0,8.0,0.0,
DUCK,"DUCK,SCOTER,WHITE-WINGED,MEAT (ALASKA NATIVE)",0.0,0,0,0.0,84,20.2,0.0,79.0,0.0,0.0,0.0,0.4,0.0,
SEA CUCUMBER,"SEA CUCUMBER,YANE (ALASKA NATIVE)",0.0,0,0,0.0,56,13.0,0.0,80.7,0.0,0.0,0.0,0.4,0.0,
SEAL,"SEAL,RINGED,MEAT (ALASKA NATIVE)",0.0,90,0,0.0,142,28.4,0.0,67.4,1.72,0.06,0.82,3.2,0.0,
SOUP,"SOUP,FISH,HOMEMADE (ALASKA NATIVE)",5.6,12,0,0.0,72,7.4,0.0,84.0,0.0,0.0,0.5,2.2,0.0,
SOURDOCK,"SOURDOCK,YOUNG LEAVES (ALASKA NATIVE)",6.5,0,0,0.0,42,2.3,0.0,89.7,0.0,0.0,0.0,0.7,0.0,
SQUIRREL,"SQUIRREL,GROUND,MEAT (ALASKA NATIVE)",0.0,0,0,0.0,111,19.3,0.0,75.4,0.0,0.0,0.0,3.8,0.0,
TEA,"TEA,TUNDRA,HERB & LABORADOR COMBINATION (ALASKA NATIVE)",0.2,0,0,0.0,1,0.0,0.0,99.7,0.0,0.0,0.0,0.0,0.0,
WALRUS,"WALRUS,MEAT,DRIED (ALASKA NATIVE)",0.0,0,0,0.0,251,57.0,0.0,38.8,0.0,0.0,0.0,2.6,0.0,
DEER (VENISON),"DEER (VENISON),SITKA,RAW (ALASKA NATIVE)",0.0,18,0,0.0,111,21.5,0.0,75.0,0.34,0.35,0.63,2.66,0.0,
WALRUS,"WALRUS,MEAT,RAW (ALASKA NATIVE)",0.0,80,0,0.0,199,19.2,0.0,65.1,8.42,2.6,2.57,13.6,0.0,
WALRUS,"WALRUS,MEAT & SUBCUTANEOUS FAT RAW (ALASKA NATIVE)",0.0,0,0,0.0,282,16.3,0.0,58.9,0.0,0.0,0.0,24.1,0.0,
WALRUS,"WALRUS,LIVER,RAW (ALASKA NATIVE)",3.5,0,0,0.0,125,21.0,0.0,71.5,0.0,0.0,0.0,3.0,0.0,
OIL,"OIL,WALRUS (ALASKA NATIVE)",0.0,120,0,0.0,900,0.0,0.0,0.0,0.0,0.0,0.0,100.0,0.0,
WHALE,"WHALE,BOWHEAD,SUBCUTANEOUS FAT (BLUBBER) (ALASKA NATIVE)",0.0,150,0,0.0,870,0.4,0.0,2.9,0.0,0.0,0.0,96.5,0.0,
WHALE,"WHALE,BOWHEAD,SKN & SUBCUTANEOUS FATMUKTUK(ALASKA NATIVE)",0.0,54,0,0.0,465,12.6,0.0,40.0,28.12,7.97,6.56,46.1,0.0,
OIL,"OIL,WHALE,BOWHEAD (ALASKA NATIVE)",0.0,0,0,0.0,900,0.0,0.0,0.0,0.0,0.0,0.0,100.0,0.0,
FISH,"FISH,WHITEFISH,BROAD,LIVER (ALASKA NATIVE)",5.1,0,0,0.0,104,11.0,0.0,76.1,0.0,0.0,0.0,4.4,0.0,
FISH,"FISH,WHITEFISH,MXD SP,RAW (ALASKA NATIVE)",0.0,55,0,0.0,131,18.9,0.0,72.8,2.56,1.82,1.37,6.1,0.0,
FISH,"FISH,WHITEFISH,HEAD,EYES,CHEEKS & SOFT BONES (ALASKA NATIVE)",0.0,0,0,0.0,107,18.6,0.0,76.3,0.0,0.0,0.0,3.6,0.0,
WILLOW,"WILLOW,LEAVES IN OIL (ALASKA NATIVE)",8.1,0,0,0.0,592,2.6,0.0,28.0,0.0,0.0,0.0,61.0,0.0,
WILLOW,"WILLOW,YOUNG LEAVES,CHOPD (ALASKA NATIVE)",20.7,0,0,0.0,122,6.1,0.0,68.7,0.0,0.0,0.0,1.6,0.0,
MUSH,"MUSH,BLUE CORN W/ ASH (NAVAJO)",11.74,0,0,1.100000024,54,0.66,0.189999998,86.67,0.109,0.208,0.074,0.49,0.0,
CORNMEAL,"CORNMEAL,BLUE (NAVAJO)",76.93,0,0,8.699999809,398,10.4,1.809999943,5.7,1.679,2.465,0.886,5.44,0.0,
MELON,"MELON,BANANA (NAVAJO)",4.06,0,0,0.300000012,21,0.84,3.359999895,94.66,0.0,0.0,0.0,0.2,0.0,
No Category,CHILCHEN (RED BERRY BEVERAGE) (NAVAJO),8.68,0,0,0.0,44,0.81,2.599999905,89.69,0.135,0.151,0.075,0.63,0.0,
CORN,"CORN,DRIED (NAVAJO)",74.93,0,0,0.0,386,9.88,5.380000114,8.1,1.483,1.9,0.82,5.22,0.0,
CORN,"CORN,WHITE,STMD (NAVAJO)",75.2,0,0,16.60000038,386,9.72,6.46999979,8.09,1.483,1.862,0.83,5.18,0.0,
CORNMEAL,"CORNMEAL,WHITE (NAVAJO)",77.14,0,0,10.39999962,398,10.99,1.460000038,5.42,1.532,2.078,0.853,5.04,0.0,
CORNMEAL,"CORNMEAL,YEL (NAVAJO)",72.9,0,0,9.399999619,384,9.85,1.559999943,10.15,2.143,2.352,1.043,5.88,0.0,
SQUASH,"SQUASH,INDIAN,RAW (NAVAJO)",5.64,0,0,0.0,26,0.52,3.539999962,93.35,0.0,0.0,0.0,0.2,0.0,
SQUASH,"SQUASH,INDIAN,CKD,BLD (NAVAJO)",3.22,0,0,1.5,16,0.31,2.019999981,96.21,0.0,0.0,0.0,0.15,0.0,
BREAD,"BREAD,KNEEL DOWN (NAVAJO)",39.47,0,0,0.0,195,4.29,3.74000001,52.96,0.603,0.847,0.353,2.21,0.0,
Mutton,"Mutton, cooked, roasted (Navajo)",0.08,109,101,0.0,234,33.43,0.0,54.0,4.459,0.814,5.142,11.09,0.0,
FRYBREAD,"FRYBREAD,MADE W/ LARD (NAVAJO)",48.26,7,0,0.0,330,6.69,2.029999971,31.57,4.411,1.055,4.621,12.22,0.0,
TORTILLA,"TORTILLA,INCL PLN & FROM MUTTON SNDWCH (NAVAJO)",49.94,0,0,2.400000095,237,7.28,2.75,39.96,0.185,0.391,0.296,0.95,0.0,
STEW,"STEW,DUMPLING W/ MUTTON (NAVAJO)",8.03,28,0,0.0,101,8.71,0.209999993,79.21,1.533,0.274,1.709,3.78,0.0,
STEW,"STEW,HOMINY W/ MUTTON (NAVAJO)",9.38,13,0,2.0,83,6.71,0.109999999,81.58,0.897,0.287,0.733,2.06,0.0,
STEW,"STEW,MUTTON,CORN,SQUASH (NAVAJO)",7.27,43,0,1.700000048,103,8.62,0.610000014,76.13,1.748,0.383,1.735,4.34,0.0,
No Category,TAMALES (NAVAJO),18.12,17,0,3.099999905,153,6.28,0.99000001,68.1,2.739,0.688,2.396,6.12,0.0,
STEW,"STEW,STMD CORN (NAVAJO)",10.8,0,0,2.299999952,112,8.82,0.50999999,76.03,1.497,0.392,1.603,3.75,0.0,
FISH,"FISH,HALIBUT,RAW,W/ SKN (ALASKA NATIVE)",0.0,72,0,0.0,108,20.53,0.0,73.44,1.195,0.912,0.726,2.92,0.0,
FISH,"FISH,SALMON,COHO (SILVER),RAW (ALASKA NATIVE)",0.0,58,0,0.0,140,22.56,0.0,69.38,1.79,2.41,0.904,5.57,0.0,
Fish,"Fish, salmon, sockeye (red), raw (Alaska Native)",0.0,64,0,0.0,153,21.94,0.0,69.64,2.2,1.37,1.007,7.28,0.0,
FISH,"FISH,SALMON,CHUM,RAW (ALASKA NATIVE)",0.0,59,0,0.0,124,20.69,0.0,72.34,0.94,0.77,0.547,3.67,0.0,
FISH,"FISH,SALMON,KING (CHINOOK),RAW (ALASKA NATIVE)",0.0,61,0,0.0,187,20.25,0.0,65.96,4.09,1.599,1.87,11.73,0.0,
SALMONBERRIES,"SALMONBERRIES,RAW (ALASKA NATIVE)",10.05,0,0,1.899999976,47,0.85,3.660000086,88.21,0.0,0.0,0.0,0.33,0.0,
BLUEBERRIES,"BLUEBERRIES,WILD,RAW (ALASKA NATIVE)",12.31,0,0,2.599999905,61,1.22,6.460000038,85.48,0.0,0.0,0.0,0.76,0.0,
OIL,"OIL,SPOTTED SEAL (ALASKA NATIVE)",0.0,0,0,0.0,894,0.0,0.0,0.25,54.52,18.06,14.74,99.32,0.0,
Fish,"Fish, salmon, red, canned, bones removed (Alaska Native)",0.0,69,82,0.0,161,27.31,0.0,65.82,2.29,1.61,0.92,5.76,0.0,
Fish,"Fish, whitefish, eggs (Alaska Native)",4.89,439,248,0.0,104,14.66,0.0,76.24,1.046,1.073,0.496,2.88,0.0,
CARIBOU,"CARIBOU,RUMP MEAT,HALF DRIED (ALASKA NATIVE)",0.0,141,203,0.0,255,52.06,0.0,38.04,1.19,0.63,1.55,5.23,0.0,
CARIBOU,"CARIBOU,SHLDR MEAT,DRIED (ALASKA NATIVE)",0.0,164,258,0.0,271,59.38,0.0,33.81,1.201,0.37,1.586,3.67,0.0,
CARIBOU,"CARIBOU,HIND QUARTER MEAT,RAW (ALASKA NATIVE)",0.0,81,120,0.0,122,22.63,0.0,72.6,0.94,0.56,1.27,3.37,0.0,
SEAL,"SEAL,BEARDED (OOGRUK),MEAT,DRIED,IN OIL (ALASKA NATIVE)",0.0,64,68,0.0,367,35.31,0.0,35.48,11.16,1.18,3.92,25.08,0.0,
Fish,"Fish, whitefish, dried (Alaska Native)",0.0,266,206,0.0,371,62.44,0.0,20.59,4.38,2.16,2.85,13.44,0.0,
FISH,"FISH,SALMON,RED,(SOCKEYE),CND,SMOKED (ALASKA NATIVE)",0.0,93,107,0.0,206,35.19,0.0,56.49,2.29,2.21,1.48,7.26,0.0,
FISH,"FISH,SALMON,RED,(SOCKEYE),KIPPERED (ALASKA NATIVE)",0.0,68,88,0.0,141,24.5,0.0,69.41,1.83,1.13,0.8,4.75,0.0,
FISH,"FISH,SALMON,KING,W/ SKN,KIPPERED,(ALASKA NATIVE)",0.0,67,99,0.0,209,23.19,0.0,61.52,5.86,2.09,2.44,12.95,0.0,
FISH,"FISH,SHEEFISH,RAW (ALASKA NATIVE)",0.0,56,109,0.0,115,22.25,0.0,74.62,1.08,0.7,0.49,2.84,0.0,
SEAL,"SEAL,BEARDED (OOGRUK),MEAT,LO QUADRANT,RAW (ALASKA NATIVE)",0.0,121,63,0.0,186,23.63,0.0,63.35,0.0,0.0,0.0,10.17,0.0,
FISH,"FISH,SALMON,CHUM,DRIED (ALASKA NATIVE)",0.0,214,231,0.0,378,62.09,0.0,22.79,5.139,2.323,2.395,14.38,0.0,
Elk,"Elk, free range, ground, cooked patties (Shoshone Bannock)",0.0,70,0,0.0,143,29.45,0.0,67.78,0.952,0.239,1.138,2.8,0.0,
ELK,"ELK,FREE RANGE,GROUND,RAW (SHOSHONE BANNOCK)",0.0,0,0,0.0,97,20.14,0.0,75.68,0.574,0.13,0.706,1.8,0.0,
Buffalo,"Buffalo, free range, top round steak, raw (Shoshone Bannock)",0.0,0,0,0.0,97,21.44,0.0,75.96,0.425,0.098,0.418,1.3,0.0,
SEAL,"SEAL,BEARDED (OOGRUK),MEAT,PART DRIED (ALASKA NATIVE)",0.0,0,103,0.0,270,62.38,0.0,34.92,0.0,0.0,0.0,2.31,0.0,
BUFFALO,"BUFFALO,FREE RANGE,TOP RND STEAK,CKD (SHOSHONE BANNOCK)",0.0,82,0,0.0,146,32.51,0.0,64.28,0.614,0.171,0.595,1.8,0.0,
Elk,"Elk, free range, roast, eye of round, raw (Shoshone Bannock)",0.0,0,0,0.0,98,19.74,0.0,76.54,0.897,0.122,0.828,2.1,0.0,
Elk,"Elk, free range, roast, eye of round, ckd (Shoshone Bannock)",0.0,63,0,0.0,148,30.56,0.0,64.58,1.353,0.137,1.125,2.85,0.0,
CHOKECHERRIES,"CHOKECHERRIES,RAW,PITTED (SHOSHONE BANNOCK)",33.88,0,0,17.0,156,2.89,14.22000027,61.5,0.0,0.0,0.0,0.98,0.0,
STEELHEAD TROUT,"STEELHEAD TROUT,DRIED,FLESH (SHOSHONE BANNOCK)",0.0,227,0,0.0,382,77.27,0.0,6.49,1.228,1.739,0.829,8.06,0.0,
STEELHEAD TROUT,"STEELHEAD TROUT,BLD,CND (ALASKA NATIVE)",0.0,59,0,0.0,159,21.11,0.0,70.59,2.223,1.225,1.53,8.26,0.0,
No Category,ACORN STEW (APACHE),9.22,20,0,0.699999988,95,6.81,0.340000004,79.78,1.68,0.297,1.28,3.47,0.0,
CORN,"CORN,DRIED,YEL (NORTHERN PLAINS INDIANS)",66.27,0,0,20.5,419,14.48,21.31999969,6.36,3.75,4.543,1.974,10.64,0.0,
SMELT,"SMELT,DRIED (ALASKA NATIVE)",0.0,249,0,0.0,386,56.19,0.0,16.92,6.86,2.884,3.59,17.9,0.0,
FRYBREAD,"FRYBREAD,MADE W/ LARD (APACHE)",46.01,4,0,1.700000048,309,8.38,1.539999962,33.11,3.5,1.306,3.631,10.14,0.0,
No Category,CORNED BF & POTATOES IN TORTILLA (APACHE),29.35,11,0,1.5,224,7.91,1.789999962,52.51,3.345,0.864,3.366,8.31,0.0,
TENNIS BREAD,"TENNIS BREAD,PLN (APACHE)",53.26,0,0,2.599999905,258,9.0,3.00999999,33.77,0.12,0.59,0.27,1.05,0.0,
FISH,"FISH,HALIBUT,CKD,W/ SKN (ALASKA NATIVE)",0.0,75,0,0.0,113,22.13,0.0,72.82,0.842,0.731,0.498,2.73,0.0,
SALMON,"SALMON,RED (SOCKEYE),FILETS W/ SKN,SMOKED (ALASKA NATIVE)",0.0,155,224,0.0,345,60.62,0.0,23.93,4.025,3.469,2.593,11.43,0.0,
AGAVE,"AGAVE,RAW (SOUTHWEST)",16.23,0,0,6.599999905,68,0.52,2.579999924,81.83,0.0,0.0,0.0,0.15,0.0,
AGAVE,"AGAVE,CKD (SOUTHWEST)",32.0,0,9,10.60000038,135,0.99,20.87000084,65.4,0.0,0.0,0.0,0.29,0.0,
AGAVE,"AGAVE,DRIED (SOUTHWEST)",81.98,0,0,15.60000038,341,1.71,50.70000076,11.64,0.0,0.0,0.0,0.69,0.0,
CATTAIL,"CATTAIL,NARROW LEAF SHOOTS (NORTHERN PLAINS INDIANS)",5.14,0,24,4.5,25,1.18,0.219999999,92.65,0.0,0.0,0.0,0.0,0.0,
LAMBSQUARTERS,"LAMBSQUARTERS,RAW (NORTHERN PLAINS INDIANS)",6.96,0,20,6.300000191,47,4.21,0.0,85.23,0.0,0.0,0.0,0.28,0.0,
LAMBSQUARTERS,"LAMBSQUARTERS,STMD (NORTHERN PLAINS INDIANS)",7.47,0,0,5.199999809,48,4.06,0.0,85.02,0.0,0.0,0.0,0.16,0.0,
PLAINS PRICKLYPEAR,"PLAINS PRICKLYPEAR,RAW (NORTHERN PLAINS INDIANS)",10.17,0,4,5.300000191,42,0.12,1.019999981,89.22,0.0,0.0,0.0,0.11,0.0,
PLAINS PRICKLYPEAR,"PLAINS PRICKLYPEAR,BRLD (NORTHERN PLAINS INDIANS)",21.57,0,0,0.0,91,0.39,0.0,75.83,0.0,0.0,0.0,0.31,0.0,
PRAIRIE TURNIPS,"PRAIRIE TURNIPS,RAW (NORTHERN PLAINS INDIANS)",35.67,0,5,8.0,156,2.62,0.819999993,60.69,0.0,0.0,0.0,0.36,0.0,
PRAIRIE TURNIPS,"PRAIRIE TURNIPS,BLD (NORTHERN PLAINS INDIANS)",29.99,0,0,7.199999809,129,1.64,4.739999771,67.68,0.0,0.0,0.0,0.32,0.0,
RASPBERRIES,"RASPBERRIES,WILD (NORTHERN PLAINS INDIANS)",13.85,0,10,7.5,62,1.12,5.539999962,84.48,0.0,0.0,0.0,0.28,0.0,
ROSE HIPS,"ROSE HIPS,WILD (NORTHERN PLAINS INDIANS)",38.22,0,12,24.10000038,162,1.6,2.579999924,58.66,0.0,0.0,0.0,0.34,0.0,
CHOKECHERRIES,"CHOKECHERRIES,RAW,PITTED (NORTHERN PLAINS INDIANS)",33.62,0,11,20.0,162,3.04,9.369999886,60.72,0.0,0.0,0.0,1.69,0.0,
PLUMS,"PLUMS,WILD (NORTHERN PLAINS INDIANS)",21.95,0,5,6.0,91,0.43,10.60999966,76.68,0.0,0.0,0.0,0.17,0.0,
PINON NUTS,"PINON NUTS,RSTD (NAVAJO)",51.06,0,0,43.40000153,541,7.41,0.0,5.0,15.57,14.42,3.21,34.08,0.0,
SEA LION,"SEA LION,STELLAR,LIVER (ALASKA NATIVE)",0.0,359,0,0.0,137,22.9,0.0,71.27,0.9,0.2,1.3,5.0,0.0,
SEA LION,"SEA LION,STELLAR,KIDNEY (ALASKA NATIVE)",1.4,390,0,0.0,93,18.1,0.0,77.4,0.3,0.3,0.3,1.7,0.0,
SEA LION,"SEA LION,STELLAR,HEART (ALASKA NATIVE)",1.0,0,0,0.0,102,17.0,0.0,76.2,0.0,0.0,0.0,3.3,0.0,
SEA LION,"SEA LION,STELLAR,MEAT (ALASKA NATIVE)",0.0,64,0,0.0,120,25.85,0.0,71.2,0.1,0.25,0.4,1.88,0.0,
SEA LION,"SEA LION,STELLAR,MEAT W/ FAT (ALASKA NATIVE)",5.55,66,0,0.0,242,22.1,0.0,56.8,3.3,3.0,2.9,14.65,0.0,
SEA LION,"SEA LION,STELLAR,FAT (ALASKA NATIVE)",0.0,95,0,0.0,850,0.9,0.0,4.7,0.0,0.0,0.0,94.0,0.0,
SYRUPS,"SYRUPS,GRENADINE",66.91,0,0,0.0,268,0.0,46.54999924,32.4,0.0,0.0,0.0,0.0,20.0,1 tbsp
FRUIT-FLAVORED DRK,"FRUIT-FLAVORED DRK,DRY PDR MIX,LO CAL,W/ ASPRT",86.85,0,0,0.100000001,217,0.45,0.0,1.84,0.0,0.0,0.0,0.04,8.0,1 tsp
PECTIN,"PECTIN,LIQUID",2.1,0,0,2.099999905,11,0.0,0.0,96.9,0.0,0.0,0.0,0.0,0.0,
FROZ NOVLT,"FROZ NOVLT,ICE CRM,VAN ICE CRM,LT,NO SUGAR ADDED,CHOC COATD",27.49,10,30,0.800000012,226,6.4,8.520000458,54.82,2.7,1.359,5.528,10.1,0.0,
CEREALS RTE,"CEREALS RTE,OATS,CORN PUFFED,PRESWEETENED,W/MARSHMALLOW",86.7,0,10,1.700000048,398,5.9,43.5,1.5,1.015,1.209,0.6,3.3,29.0,"1 cup,  (1 NLEA serving)"
CREAMY DRSNG,"CREAMY DRSNG,MADE W/SOUR CRM AND/OR BTTRMLK&OIL,RED CAL",7.0,0,16,0.0,160,1.5,5.650000095,74.0,3.273,7.994,2.115,14.0,245.0,1 cup
IMITATION CHS,"IMITATION CHS,AMERICAN OR CHEDDAR,LO CHOL",1.0,15,0,0.0,390,25.0,1.0,38.0,14.127,10.615,5.815,32.0,113.0,"1 cup, shredded"
BABYFOOD,"BABYFOOD,BANANA JUC W/LOFAT YOGURT",17.54,3,11,0.400000006,89,2.5,13.27999973,78.5,0.219,0.022,0.517,0.8,31.5,1 fl oz
BABYFOOD,"BABYFOOD,MXD FRUIT JUC W/LOFAT YOGURT",14.68,3,8,0.400000006,76,2.4,10.80000019,81.5,0.219,0.022,0.517,0.8,31.5,1 fl oz
TURKEY HAM,"TURKEY HAM,SLICED,EX LN,PREPACKAGED OR DELI-SLICED",2.93,67,59,0.0,124,19.6,0.0,72.0,0.864,1.148,1.09,3.8,138.0,"1 cup, pieces"
BOLOGNA,"BOLOGNA,BF&PORK,LOFAT",2.6,39,48,0.0,230,11.5,0.0,63.4,9.145,1.639,7.308,19.3,138.0,"1 cup, pieces"
TURKEY BACON,"TURKEY BACON,COOKED",3.1,98,71,0.0,382,29.6,0.0,32.6,10.899,6.807,8.294,27.9,82.0,"1 cup, pieces"
MILK DSSRT,"MILK DSSRT,FRZ,MILK-FAT FREE,CHOC",37.7,0,1,0.0,167,4.3,37.70000076,56.1,0.329,0.03,0.597,1.0,137.0,1 cup
WHIPPED TOPPING,"WHIPPED TOPPING,FRZ,LOFAT",23.6,2,0,0.0,224,3.0,23.60000038,59.7,0.838,0.269,11.273,13.1,75.0,1 cup
CREAM SUB,"CREAM SUB,PDR,LT",73.4,0,2,0.0,431,1.9,73.40000153,6.2,11.5,0.198,3.8,15.7,94.0,1 cup
SALAD DRSNG,"SALAD DRSNG,PEPPERCORN DRSNG,COMM,REG",3.5,49,16,0.0,564,1.2,2.450000048,31.9,14.84,32.972,10.527,61.4,13.4,1 tbsp
MAYONNAISE,"MAYONNAISE,RED-CAL OR DIET,CHOL-FREE",6.7,0,7,0.0,333,0.9,4.199999809,56.0,7.707,19.5,4.618,33.3,231.0,1 cup
GRANOLA BAR,"GRANOLA BAR,SOFT,MILK CHOC COATD,PNUT BUTTER",54.1,12,25,3.799999952,536,9.6,23.62999916,3.2,6.561,1.906,17.065,31.2,28.35,1 oz
SALAD DRSNG,"SALAD DRSNG,ITALIAN DRSNG,RED CAL",6.7,0,3,0.200000003,200,0.3,1.940000057,70.0,4.66,11.58,2.88,20.0,216.0,1 cup
CREAM SUB,"CREAM SUB,LIQ,LT",9.1,0,0,0.0,71,0.8,9.100000381,86.2,2.03,0.42,0.896,3.5,242.0,1 cup
CANDIES,"CANDIES,MASTERFOODS USA,M&M'S PNUT BUTTER CHOC CANDIES",56.89,7,38,4.0,529,10.16,47.15000153,2.0,4.448,0.542,18.485,29.32,46.2,"1 serving, 1.63 oz singles bag"
No Category,ORANGE-STRAWBERRY-BANANA JUC,12.34,0,0,0.200000003,50,0.42,9.579999924,86.75,0.02,0.042,0.023,0.16,234.0,1 cup
BABYFOOD,"BABYFOOD,APPL YOGURT DSSRT,STR",19.5,6,5,0.5,96,0.8,12.02000046,77.9,0.438,0.044,1.034,1.6,15.0,1 tbsp
VEGETABLE OIL-BUTTER SPRD,"VEGETABLE OIL-BUTTER SPRD,RED CAL",0.0,54,6,0.0,465,0.0,0.0,44.7,20.77,11.15,17.88,53.0,207.0,1 cup
SALAD DRSNG,"SALAD DRSNG,BLUE OR ROQUEFORT CHS DRSNG,RED CAL",13.2,10,17,0.0,86,2.1,3.599999905,77.8,1.092,0.855,0.628,2.7,249.0,1 cup
CHEESE,"CHEESE,MONTEREY,LOW FAT",0.7,65,15,0.0,313,28.2,0.560000002,46.0,5.64,0.84,14.04,21.6,132.0,"1 cup, diced"
CRMY DRSG,"CRMY DRSG,MDE W/ SOUR CRM AND/OR BTRMLK & OIL,RED CAL,FTFREE",20.0,0,16,0.0,107,1.4,5.349999905,74.7,0.64,1.444,0.494,2.7,264.0,1 cup
CREAMY DRSNG,"CREAMY DRSNG,W/SOUR CRM AND/OR BTTRMLK&OIL,RED CAL,CHOL-FREE",16.0,0,16,0.0,140,1.0,3.279999971,73.0,3.391,2.891,1.355,8.0,234.0,1 cup
BOLOGNA,"BOLOGNA,BEEF,LOW FAT",5.2,44,53,0.0,204,11.8,0.0,65.0,6.455,0.51,5.464,14.8,28.0,1 slice
SALAD DRSNG,"SALAD DRSNG,FRENCH DRSNG,RED CAL",27.0,0,4,0.0,200,0.4,25.92000008,59.0,3.029,7.527,1.872,13.0,260.0,1 cup
TURKEY&PORK SAUSAGE,"TURKEY&PORK SAUSAGE,FRSH,BULK,PATTY OR LINK,CKD",0.7,84,80,0.0,307,22.7,0.0,50.9,9.719,3.25,7.95,23.0,130.0,"1 cup, cooked"
MAYONNAISE,"MAYONNAISE,MADE WITH TOFU",3.06,0,26,1.100000024,322,5.95,0.850000024,56.33,5.246,16.59,2.921,31.79,240.0,1 cup
FRANKFURTER,"FRANKFURTER,BF,LO FAT",1.6,40,44,0.0,233,12.0,0.0,63.8,9.8,0.6,8.1,19.5,151.0,"1 cup, sliced"
No Category,CORN BEVERAGE,8.7,0,1,0.400000006,40,0.8,0.180000007,90.16,0.0,0.0,0.0,0.2,30.2,1 fl oz
No Category,BEAN BEVERAGE,5.8,0,9,0.0,34,2.8,0.079999998,90.9,0.0,0.0,0.0,0.0,230.0,1 cup
CANDIES,"CANDIES,MASTERFOODS USA,TWIX CHOC FUDGE COOKIE BARS",56.0,6,21,3.0,550,7.3,53.0,2.2,14.319,12.521,4.962,33.3,0.0,
CEREALS RTE,"CEREALS RTE,MUESLI,DRIED FRUIT & NUTS",77.8,0,23,7.300000191,340,9.7,31.0,5.8,2.38,1.315,0.805,4.9,85.0,1 cup
FROZEN YOGURTS,"FROZEN YOGURTS,CHOC,NONFAT MILK,SWTND WO/ SUGAR",19.7,4,3,1.0,107,4.4,12.60999966,73.5,0.214,0.03,0.505,0.8,186.0,1 cup
FROZEN YOGURTS,"FROZEN YOGURTS,CHOC",21.6,13,14,1.299999952,127,3.0,21.42000008,71.2,0.961,0.102,2.272,3.6,174.0,1 cup
FROZEN YOGURTS,"FROZEN YOGURTS,FLAVORS OTHER THAN CHOC",21.6,13,23,0.0,127,3.0,21.42000008,71.2,0.986,0.1,2.326,3.6,174.0,1 cup
FRANKFURTER,"FRANKFURTER,BF & PORK,LO FAT",4.4,44,52,0.0,154,11.0,0.0,71.3,4.69,0.937,3.692,10.0,151.0,"1 cup, sliced"
MILK,"MILK,BTTRMLK,FLUID,CULTURED,RED FAT",5.3,8,16,0.0,56,4.1,5.300000191,87.7,0.576,0.071,1.242,2.0,245.0,1 cup
PORK SAUSAGE RICE LINKS,"PORK SAUSAGE RICE LINKS,BROWN&SERVE,CKD",2.36,66,56,0.0,407,13.7,0.0,44.1,8.615,2.368,6.701,37.63,45.0,"2 links,  1 NLEA serving"
SALAD DRSNG,"SALAD DRSNG,BLUE OR ROQUEFORT CHS DRSNG,FAT-FREE",25.6,2,16,1.799999952,115,1.52,7.440000057,68.0,0.441,0.069,0.45,1.01,265.0,1 cup
SALAD DRSNG,"SALAD DRSNG,MAYONNAISE-LIKE,FAT-FREE",15.5,9,1,1.899999976,84,0.2,10.30000019,78.7,1.887,0.063,0.6,2.7,256.0,1 cup
CANDIES,"CANDIES,MASTERFOODS USA,MILKY WAY MIDNIGHT BAR",71.22,10,17,2.900000095,443,3.2,57.81000137,7.2,4.639,0.514,11.474,17.5,49.9,"1 serving, 1.76 oz bar"
No Category,PAPAD,59.87,4,0,18.60000038,371,25.56,0.0,3.49,0.532,1.148,1.084,3.25,0.0,
RICE CAKE,"RICE CAKE,CRACKER (INCL HAIN MINI RICE CAKES)",81.1,0,19,4.199999809,392,7.1,0.879999995,5.8,1.582,1.52,0.875,4.3,4.2,1 cubic inch
CHEESE,"CHEESE,PAST PROCESS,CHEDDAR OR AMERICAN,FAT-FREE",13.4,11,15,0.0,148,22.5,9.949999809,56.9,0.229,0.025,0.504,0.8,16.2,1 cubic inch
CANDIES,"CANDIES,MASTERFOODS USA,M&M'S ALMOND CHOC CANDIES",59.91,8,38,5.599999905,509,7.53,49.22000122,2.52,11.29,3.753,9.435,27.76,37.1,"1 serving, 1.31 oz bag"
SALAD DRSNG,"SALAD DRSNG,COLESLAW DRSNG,RED FAT",40.0,25,15,0.400000006,329,0.0,38.72999954,37.0,8.6,7.52,2.98,20.0,269.0,1 cup
No Category,FLAXSEED OIL,0.0,0,0,0.0,884,0.0,0.0,0.0,20.2,66.0,9.4,100.0,218.0,1 cup
CHEESE,"CHEESE,COTTAGE,LOWFAT,1% MILKFAT,LACTOSE RED",3.2,4,18,0.600000024,74,12.4,2.599999905,82.5,0.29,0.03,0.64,1.0,227.0,1 cup
CEREALS RTE,"CEREALS RTE,FRSTD OAT CRL W/MARSHMALLOWS",84.1,0,23,4.300000191,388,7.1,43.5,2.8,1.1,1.28,0.62,3.5,28.0,1 cup
CEREALS RTE,"CEREALS RTE,WEETABIX WHL WHEAT CRL",77.4,0,23,11.39999962,373,11.5,2.0,5.0,0.35,1.17,0.48,2.8,57.0,1 cup
CEREALS RTE,"CEREALS RTE,CORN,WHL WHEAT,ROLLED OATS,PRESWEETENED,W/ALMOND",78.0,0,23,4.5,407,7.8,21.0,3.0,4.176,2.737,1.1,8.5,31.0,".75 cup,  (1 NLEA serving)"
TURKEY,"TURKEY,PORK,&BF SAUSAGE,RED FAT,SMOKED",2.6,65,72,0.0,240,18.6,0.0,59.2,7.01,2.26,6.07,16.8,147.0,"1 cup, pieces"
MARGARINE-LIKE SPRD,"MARGARINE-LIKE SPRD,STK OR TUB,SWTND",16.7,0,12,0.0,534,0.0,16.70000076,30.0,17.0,23.8,8.35,52.0,14.0,1 tablespoon
CHEESE PRODUCT,"CHEESE PRODUCT,PAST PROCESS,CHEDDAR OR AMERICAN,RED FAT",10.6,53,36,0.0,240,17.6,8.020000458,51.8,4.13,0.41,8.85,14.1,0.0,
POPCORN,"POPCORN,OIL-POPPED,UNSALTED",58.1,0,16,10.0,521,9.0,0.540000021,2.8,8.17,13.42,4.89,28.1,28.35,1 oz
CEREALS RTE,"CEREALS RTE,WHL WHEAT,ROLLED OATS,PRESWEETENED,W/ PECANS",71.4,0,23,7.0,408,9.3,15.30000019,5.8,6.262,3.797,1.4,11.8,53.0,".667 cup,  (1 NLEA serving)"
SAUSAGE,"SAUSAGE,CHICK&BF,SMOKED",0.0,70,61,0.0,296,18.5,0.0,55.6,10.19,4.72,7.16,24.0,138.0,"1 cup, pieces"
CEREALS RTE,"CEREALS RTE,WHL WHEAT,ROLLED OATS,PRESWEETENED,W/NUTS&FRUIT",73.2,0,13,7.400000095,377,8.0,24.60000038,8.7,3.664,2.953,1.1,8.4,54.0,".667 cup,  (1 NLEA serving)"
BABYFOOD,"BABYFOOD,JUC,APPLE-SWEET POTATO",11.4,0,5,0.5,48,0.3,9.600000381,87.9,0.01,0.05,0.03,0.1,30.8,1 fl oz
BABYFOOD,"BABYFOOD,JUC,ORANGE-CARROT",9.9,0,6,0.400000006,43,0.5,8.399999619,89.1,0.01,0.03,0.01,0.1,30.8,1 fl oz
No Category,ORANGE JUICE DRINK,13.41,0,0,0.200000003,54,0.2,9.359999657,86.2,0.01,0.01,0.0,0.0,249.0,1 cup
GRANOLA BAR,"GRANOLA BAR,W/COCNT,CHOC COATD",55.2,0,13,6.199999809,531,5.2,34.27000046,6.1,4.97,3.1,22.72,32.2,28.35,1 oz
BABYFOOD,"BABYFOOD,VEG&BROWN RICE,STR",12.1,0,15,1.100000024,69,1.9,2.390000105,84.1,0.97,0.32,0.14,1.5,230.0,1 cup
BABYFOOD,"BABYFOOD,PEAS&BROWN RICE",11.49,0,15,2.5,64,3.4,2.880000114,84.1,0.18,0.18,0.1,0.5,230.0,1 cup
FRANKFURTER,"FRANKFURTER,MEAT & POULTRY,LO FAT",8.4,44,76,0.100000001,127,15.5,0.0,69.9,1.19,0.36,0.97,2.8,143.0,"1 cup, sliced"
POTATO CHIPS,"POTATO CHIPS,WHITE,RESTRUCTURED,BKD",71.4,0,32,4.800000191,469,5.0,5.010000229,1.4,9.91,4.234,2.631,18.2,34.0,1 cup
BABYFOOD,"BABYFOOD,BKD PRODUCT,FINGER SNACKS CRL",76.68,0,23,2.299999952,421,6.4,28.0,3.7,3.13,3.638,1.646,9.9,1.7,1 cookie
BABYFOOD,"BABYFOOD,CRL,BROWN RICE,DRY,INST",85.65,0,33,6.5,404,8.7,0.920000017,1.0,1.08,1.07,0.6,3.0,3.7,1 tbsp
OIL,"OIL,CORN AND CANOLA",0.0,0,0,0.0,884,0.0,0.0,0.0,58.537,29.113,8.026,100.0,224.0,1 cup
MILK,"MILK,FLUID,NONFAT,CA FORT (FAT FREE OR SKIM)",4.85,2,16,0.0,35,3.4,4.849999905,90.8,0.047,0.007,0.117,0.18,247.0,1 cup
PEANUT BUTTER,"PEANUT BUTTER,RED NA",21.83,0,64,6.599999905,632,24.0,9.289999962,1.1,23.582,14.363,7.716,49.9,16.0,1 tbsp
CEREALS RTE,"CEREALS RTE,WHL WHEAT,OATS,PRESWEETENED,W/WALNUTS&FRUIT",74.0,0,13,6.800000191,422,8.5,20.39999962,4.5,3.667,4.485,1.4,10.3,59.0,"1 cup,  (1 NLEA serving)"
CHEESE,"CHEESE,MUENSTER,LOW FAT",3.5,63,15,0.0,274,24.7,3.5,50.5,5.09,0.65,10.95,17.6,113.0,"1 cup, shredded"
CHEESE,"CHEESE,MOZZARELLA,NON-FAT",3.5,18,15,1.799999952,149,31.7,1.480000019,60.2,0.0,0.0,0.0,0.0,113.0,"1 cup, shredded"
BUTTER-MARGARINE BLEND,"BUTTER-MARGARINE BLEND,STK,UNSALTED",0.6,88,15,0.0,718,0.9,0.0,15.8,31.832,18.236,26.904,80.7,14.0,1 tablespoon
VEGETABLE OIL-BUTTER SPRD,"VEGETABLE OIL-BUTTER SPRD,RED CAL,TUB,SALTED",1.0,71,6,0.0,450,1.0,0.0,46.0,19.722,11.299,16.669,50.0,14.0,1 tablespoon
MARGARINE-LIKE SPRD,"MARGARINE-LIKE SPRD,RED CAL,40% FAT,STK,W/SALT",0.0,0,12,0.0,356,0.6,0.0,57.8,18.887,13.272,6.081,40.0,14.0,1 tablespoon
MARGARINE-LIKE SPRD,"MARGARINE-LIKE SPRD,70% FAT,LIQ,W/SALT",0.0,0,12,0.0,621,0.29,0.0,27.8,33.053,23.226,10.641,70.0,14.0,1 tablespoon
BABYFOOD,"BABYFOOD,CARROTS,TODDLER",5.23,0,5,2.299999952,26,0.6,2.5,93.5,0.012,0.148,0.052,0.3,28.35,1 oz
BABYFOOD,"BABYFOOD,DSSRT,BANANA PUDD,STR",14.14,29,11,0.800000012,68,1.0,10.55000019,83.5,0.277,0.111,0.264,0.8,15.0,1 tbsp
BABYFOOD,"BABYFOOD,FRUIT,TUTTI FRUTTI,STR",15.48,15,3,0.600000024,66,0.4,9.289999962,83.5,0.113,0.043,0.087,0.3,15.0,1 tbsp
BABYFOOD,"BABYFOOD,FRUIT,TUTTI FRUTTI,JR",16.0,15,4,0.400000006,69,0.4,9.409999847,82.9,0.148,0.061,0.11,0.4,15.0,1 tbsp
BABYFOOD,"BABYFOOD,DINNER,CHICK&RICE",9.2,10,7,1.100000024,51,1.6,0.550000012,88.0,0.392,0.188,0.211,0.9,16.0,1 tbsp
SALAD DRSNG,"SALAD DRSNG,CAESAR DRSNG,REG",3.3,39,16,0.5,542,2.17,2.809999943,34.3,13.504,32.857,8.789,57.85,235.0,1 cup
SALAD DRESSING,"SALAD DRESSING,COLESLAW",23.8,26,15,0.100000001,390,0.9,20.11000061,39.9,9.0,18.0,4.9,33.4,250.0,1 cup
SALAD DRSNG,"SALAD DRSNG,GRN GODDESS,REG",7.36,40,4,0.100000001,427,1.9,6.670000076,45.03,9.423,23.165,5.978,43.33,245.0,1 cup
SALAD DRSNG,"SALAD DRSNG,SWT&SOUR",3.7,0,0,0.0,15,0.1,3.700000048,95.7,0.0,0.0,0.0,0.0,250.0,1 cup
SALAD DRSNG,"SALAD DRSNG,BLUE OR ROQUEFORT CHS,LO CAL",2.9,1,17,0.0,99,5.1,2.819999933,79.5,1.783,2.422,2.575,7.2,245.0,1 cup
SALAD DRSNG,"SALAD DRSNG,CAESAR,LO CAL",18.6,2,17,0.100000001,110,0.3,16.31999969,73.2,1.124,2.368,0.703,4.4,240.0,1 cup
SYRUPS,"SYRUPS,DIETETIC",49.2,0,0,3.0,40,0.8,0.01,50.0,0.0,0.0,0.0,0.0,240.0,1 cup
JAMS & PRESERVES,"JAMS & PRESERVES,DIETETIC (WITH NA SACCHARIN),ANY FLAVOR",53.6,0,8,2.5,132,0.3,37.81000137,45.8,0.042,0.151,0.016,0.3,224.0,1 cup
CANDIES,"CANDIES,CHOC COVERED,CARAMEL W/NUTS",60.67,0,34,4.300000191,470,9.5,41.34999847,6.1,9.444,5.834,4.657,21.0,14.0,1 piece
CANDIES,"CANDIES,NOUGAT,W/ ALMONDS",92.39,0,5,3.299999952,398,3.33,83.33000183,2.15,0.0,0.0,1.667,1.67,14.0,1 piece
CANDIES,"CANDIES,GUM DROPS,DIETETIC OR LO CAL (SORBITOL)",88.0,0,0,18.0,162,0.0,70.0,11.7,0.092,0.064,0.034,0.2,182.0,1 cup
CANDIES,"CANDIES,HARD,DIETETIC OR LO CAL (SORBITOL)",93.4,0,0,0.0,375,0.0,93.0,1.4,0.0,0.0,0.0,0.0,3.0,1 piece
CANDIES,"CANDIES,CHOC COVERED,DIETETIC OR LO CAL",38.55,21,51,3.599999905,593,12.26,14.56999969,3.23,10.942,4.354,21.91,43.27,0.0,
CHEWING GUM,"CHEWING GUM,SUGARLESS",94.8,0,0,2.400000095,268,0.0,0.0,3.5,0.093,0.232,0.058,0.4,2.0,1 piece
FLUID REPLCMNT,"FLUID REPLCMNT,ELECTROLYTE SOLN (INCLUDE PEDIALYTE)",2.45,0,0,0.0,10,0.0,2.450000048,96.44,0.0,0.0,0.0,0.0,250.0,"1 cup,  (8 fl oz)"
BEVERAGE,"BEVERAGE,MILKSHAKE MIX,DRY,NOT CHOC",52.9,14,107,1.600000024,329,23.5,51.29999924,12.8,0.332,0.06,2.059,2.6,7.0,1 tbsp
PIE FILLINGS,"PIE FILLINGS,CHERRY,LO CAL",11.98,0,5,1.200000048,53,0.82,9.149999619,86.76,0.0,0.0,0.0,0.16,264.0,1 cup
BREAKFAST BARS,"BREAKFAST BARS,OATS,SUGAR,RAISINS,COCNT (INCL GRANOLA BAR)",66.7,0,28,3.099999905,464,9.8,27.52000046,4.1,1.933,1.634,12.69,17.6,0.0,
PRETZELS,"PRETZELS,SOFT",69.39,3,18,1.700000048,338,8.2,0.25,15.0,1.071,0.948,0.695,3.1,143.0,1 large
BEANS,"BEANS,CHILI,BARBECUE,RANCH STYLE,CKD",16.9,0,36,4.199999809,97,5.0,5.25,75.5,0.077,0.555,0.145,1.0,253.0,1 cup
VERMICELLI,"VERMICELLI,MADE FROM SOY",82.32,0,177,3.900000095,331,0.1,17.44000053,11.9,0.013,0.041,0.014,0.1,140.0,1 cup
BEANS,"BEANS,LIQ FROM STWD KIDNEY BNS",2.8,4,14,0.100000001,47,1.8,0.0,91.5,1.536,0.34,1.174,3.2,240.0,1 cup
CHICKEN,"CHICKEN,MEATLESS",3.64,0,72,3.599999905,224,23.64,0.0,58.84,2.727,7.273,1.82,12.73,168.0,1 cup
FISH STICKS,"FISH STICKS,MEATLESS",9.0,0,97,6.099999905,290,23.0,0.800000012,45.0,4.376,9.332,2.849,18.0,28.0,1 stick
FRANKFURTER,"FRANKFURTER,MEATLESS",7.7,0,84,3.900000095,233,19.61,0.0,58.0,3.922,7.843,1.961,13.73,140.0,"1 cup, sliced"
LUNCHEON SLICES,"LUNCHEON SLICES,MEATLESS",4.44,0,105,0.0,189,17.78,2.220000029,65.01,2.055,4.383,1.338,11.11,0.0,
MEATBALLS,"MEATBALLS,MEATLESS",8.0,0,88,4.599999905,197,21.0,1.25,58.0,2.188,4.666,1.425,9.0,144.0,1 cup
No Category,VEGETARIAN FILLETS,9.0,0,82,6.099999905,290,23.0,0.800000012,45.0,4.376,9.332,2.849,18.0,85.0,1 fillet
SANDWICH SPREAD,"SANDWICH SPREAD,MEATLESS",9.0,0,46,3.299999952,149,8.0,4.579999924,70.0,2.188,4.666,1.425,9.0,15.0,1 tbsp
No Category,VEGETARIAN STEW,7.0,0,60,1.100000024,123,17.0,1.25,70.0,0.729,1.555,0.475,3.0,247.0,1 cup
No Category,VEGETARIAN MEATLOAF OR PATTIES,8.0,0,73,4.599999905,197,21.0,1.200000048,58.0,2.188,4.666,1.425,9.0,56.0,1 slice
RADISHES,"RADISHES,HAWAIIAN STYLE,PICKLED",5.2,0,12,2.200000048,28,1.1,2.0,91.5,0.05,0.135,0.092,0.3,150.0,1 cup
CABBAGE,"CABBAGE,JAPANESE STYLE,FRSH,PICKLED",5.67,0,24,3.099999905,30,1.6,1.299999952,91.4,0.008,0.048,0.013,0.1,150.0,1 cup
CABBAGE,"CABBAGE,MUSTARD,SALTED",5.63,0,22,3.099999905,28,1.1,1.399999976,92.1,0.007,0.048,0.013,0.1,128.0,1 cup
EGGPLANT,"EGGPLANT,PICKLED",9.77,0,12,2.5,49,0.9,4.800000191,86.9,0.063,0.294,0.14,0.7,136.0,1 cup
ALCOHOLIC BEV,"ALCOHOLIC BEV,WINE,COOKING",6.3,0,5,0.0,50,0.5,1.549999952,88.9,0.0,0.0,0.0,0.0,4.9,1 tsp
ALCOHOLIC BEV,"ALCOHOLIC BEV,WINE,LT",1.17,0,5,0.0,49,0.07,1.149999976,92.23,0.0,0.0,0.0,0.0,29.5,1 fl oz
SWEETENERS,"SWEETENERS,TABLETOP,SACCHARIN",89.11,0,0,0.0,360,0.94,85.19000244,8.75,0.0,0.0,0.0,0.0,0.98,"1 serving,  1 packet"
BEVERAGE,"BEVERAGE,INST BRKFST PDR,CHOC,NOT RECON",66.2,12,148,0.400000006,357,19.9,65.80000305,7.4,0.314,0.278,0.56,1.4,7.4,1 tbsp
BACON BITS,"BACON BITS,MEATLESS",28.6,0,135,10.19999981,476,32.0,0.0,8.0,6.225,13.548,4.055,25.9,7.0,1 tbsp
BUTTER REPLCMNT,"BUTTER REPLCMNT,WO/FAT,PDR",89.0,2,0,0.0,373,2.0,5.300000191,5.0,0.276,0.057,0.589,1.0,80.0,1 cup
SALAD DRSNG,"SALAD DRSNG,BTTRMLK,LITE",21.33,16,16,1.100000024,202,1.25,3.769999981,62.04,2.794,4.213,1.25,12.42,15.0,1 tablespoon
SWEETENERS,"SWEETENERS,TABLETOP,FRUCTOSE,DRY,PDR",100.0,0,0,0.0,368,0.0,92.69999695,0.0,0.0,0.0,0.0,0.0,196.0,1 cup
TOMATO SAU,"TOMATO SAU,NO SALT",8.71,0,12,1.5,42,1.3,5.21999979,89.1,0.029,0.079,0.028,0.2,244.0,1 cup
CEREALS,"CEREALS,RTE,ALPEN",75.7,0,31,9.100000381,352,11.2,20.0,7.4,1.327,0.925,0.496,3.3,113.0,1 cup
CEREALS RTE,"CEREALS RTE,FAMILIA",73.8,0,24,8.5,388,9.5,26.20000076,1.9,3.205,1.656,0.711,6.3,122.0,1 cup
CEREALS RTE,"CEREALS RTE,WHEAT&BRAN,PRESWEETENED W/NUTS&FRUITS",76.2,0,28,9.699999809,385,7.1,29.79999924,8.5,1.951,2.293,0.8,5.6,55.0,"1 cup,  (1 NLEA serving)"
BEVERAGE,"BEVERAGE,INST BRKFST PDR,CHOC,SUGAR-FREE,NOT RECON",41.0,44,267,2.0,358,35.8,39.0,7.4,1.189,1.027,2.162,5.1,5.6,1 tbsp
YOGURT,"YOGURT,FRUIT VAR,NON-FAT",19.0,2,16,0.0,95,4.4,19.0,75.4,0.05,0.016,0.119,0.2,245.0,"1 cup,  (8 fl oz)"
WHIPPED CRM SUB,"WHIPPED CRM SUB,DIETETIC,MADE FROM PDR MIX",10.6,0,0,0.0,100,0.9,10.60000038,82.3,1.357,1.158,3.186,6.0,80.0,1 cup
FROZEN NOVELTIES,"FROZEN NOVELTIES,ICE CRM TYPE,SUNDAE,PREPACKAGED",29.4,13,12,0.300000012,185,4.3,20.73999977,59.3,1.872,0.663,3.09,6.0,0.0,
CHEESE,"CHEESE,COTTAGE,W/VEG",3.0,14,18,0.100000001,95,10.9,0.370000005,80.3,1.189,0.14,2.646,4.2,226.0,1 cup
CHEESE,"CHEESE,CREAM,LOW FAT",8.13,54,12,0.0,201,7.85,5.820000172,66.72,3.996,0.658,9.098,15.28,240.0,1 cup
CHEESE,"CHEESE,PAST PROCESS,AMERICAN,LOFAT",3.5,35,36,0.0,180,24.6,0.589999974,58.9,2.005,0.222,4.41,7.0,140.0,"1 cup, diced"
CHEESE SPRD,"CHEESE SPRD,CRM CHS BASE",3.5,90,27,0.0,295,7.1,3.5,58.5,8.071,1.033,18.02,28.6,240.0,1 cup
CHEESE,"CHEESE,AMERICAN CHEDDAR,IMITN",11.6,36,0,0.0,239,16.7,7.739999771,53.1,4.102,0.409,8.79,14.0,224.0,1 cup
QUAIL,"QUAIL,COOKED,TOTAL EDIBLE",0.0,86,66,0.0,234,25.1,0.0,60.0,4.891,3.487,3.955,14.1,0.0,
PHEASANT,"PHEASANT,CKD,TOTAL EDIBLE",0.0,89,86,0.0,247,32.4,0.0,54.2,5.627,1.537,3.517,12.1,140.0,"1 cup, chopped or diced"
EGGS,"EGGS,SCRMBLD,FRZ MIXTURE",7.5,65,193,0.0,133,13.1,7.5,72.7,2.339,1.778,1.052,5.6,0.0,
DOVE,"DOVE,CKD (INCL SQUAB)",0.0,116,64,0.0,219,23.9,0.0,62.0,5.462,2.733,3.739,13.0,140.0,"1 cup, chopped or diced"
PORK,"PORK,ORIENTAL STYLE,DEHYD",1.4,67,0,0.0,615,11.8,0.0,21.8,28.555,7.32,23.056,62.4,22.0,1 cup
SOYBEAN,"SOYBEAN,CURD CHEESE",6.9,0,62,0.0,151,12.5,1.600000024,70.9,1.789,4.572,1.172,8.1,225.0,1 cup
CEREALS,"CEREALS,NESTUM,PREP W/H2O",16.22,0,2,0.400000006,73,1.41,2.910000086,81.5,0.066,0.138,0.0,0.23,0.0,
POTATOES,"POTATOES,CND,DRND SOL,NO SALT",13.6,0,9,2.400000095,62,1.4,0.589999974,84.3,0.005,0.085,0.051,0.2,180.0,1 cup
VEGETABLES,"VEGETABLES,MXD (CORN,LIMA BNS,PEAS,GRN BNS,CRRT) CND,NO SALT",7.31,0,19,3.099999905,37,1.4,2.410000086,90.2,0.022,0.098,0.039,0.2,182.0,1 cup
PORK,"PORK,CURED,HAM,BNLESS,LO NA,EX LN & REG,RSTD",0.5,57,86,0.0,165,22.0,0.0,65.8,3.76,1.076,2.624,7.7,0.0,
PORK,"PORK,CURED,HAM,LO NA,LN & FAT,CKD",0.3,58,87,0.0,172,22.3,0.0,65.1,4.002,1.013,2.781,8.3,0.0,
PORK,"PORK,CURED,HAM,BNLESS,LO NA,EX LN (APPROXIMATLY 5% FAT),RSTD",1.5,53,85,0.0,145,20.9,0.0,67.7,2.607,0.537,1.801,5.5,0.0,
SALAD DRSNG,"SALAD DRSNG,MAYO & MAYONNAISE-TYPE,LO CAL",23.9,26,8,0.0,263,0.9,4.340000153,54.3,4.628,10.396,2.962,19.0,232.0,1 cup
SALAD DRSNG,"SALAD DRSNG,BACON&TOMATO",2.0,4,16,0.200000003,326,1.8,2.0,58.7,8.415,19.584,5.435,35.0,240.0,1 cup
CHEESE,"CHEESE,PARMESAN,LO NA",3.7,79,15,0.0,456,41.6,0.850000024,22.2,8.721,0.659,19.051,29.99,100.0,"1 cup, grated"
COFFEE&COCOA (MOCHA) PDR,"COFFEE&COCOA (MOCHA) PDR,W/WHTNR&LO CAL SWTNR",71.4,0,17,4.800000191,257,9.0,34.97999954,3.1,0.954,0.349,11.376,13.21,6.4,"1 tsp, dry"
FRUIT-FLAVORED DRK,"FRUIT-FLAVORED DRK,PDR,W/ HI VIT C W/ OTHER ADDED VIT,LO CAL",91.0,0,0,2.200000048,227,0.25,0.0,1.32,0.038,0.034,0.01,0.16,2.0,1 tsp
FROZEN NOVELTIES,"FROZEN NOVELTIES,JUC TYPE,ORANGE",23.17,0,3,0.100000001,95,0.5,19.98999977,76.1,0.0,0.0,0.0,0.0,29.8,1 fl oz
SAUERKRAUT,"SAUERKRAUT,CND,LO NA",4.35,0,10,2.5,22,0.9,1.779999971,92.5,0.01,0.051,0.026,0.1,142.0,1 cup
CHEESE,"CHEESE,COTTAGE,LOWFAT,1% MILKFAT,NO NA",2.7,4,18,0.0,72,12.4,2.700000048,83.5,0.284,0.031,0.632,1.0,226.0,1 cup
MAYONNAISE,"MAYONNAISE,LO NA,LO CAL OR DIET",16.0,24,8,0.0,231,0.3,4.199999809,62.7,4.5,10.6,3.3,19.2,224.0,1 cup
SNACKS,"SNACKS,TORTILLA CHIPS,UNSALTED,WHITE CORN",65.32,0,18,5.300000191,503,7.79,1.0,2.09,9.52,9.956,2.458,23.36,26.0,1 cup
TOMATO&VEG JUC,"TOMATO&VEG JUC,LO NA",4.59,0,7,0.800000012,22,0.6,3.799999952,93.5,0.016,0.042,0.014,0.1,242.0,1 cup
TURKEY,"TURKEY,WING,SMOKED,CKD,W/SKN,BONE REMOVED",0.0,81,69,0.0,229,27.4,0.0,59.5,4.651,2.934,3.383,12.41,0.0,
TURKEY,"TURKEY,DRUMSTK,SMOKED,CKD,W/SKN,BONE REMOVED",0.0,85,71,0.0,208,27.9,0.0,61.2,2.864,2.715,3.054,9.8,0.0,
CHOCOLATE-FLAVORED DRK,"CHOCOLATE-FLAVORED DRK,WHEY&MILK BSD",10.68,0,3,0.600000024,49,0.64,8.680000305,87.63,0.049,0.009,0.31,0.4,244.0,1 cup
APPLE CIDER-FLAVORED DRK,"APPLE CIDER-FLAVORED DRK,PDR,VIT C&SUGAR",98.8,0,0,0.100000001,395,0.0,80.94999695,0.3,0.0,0.0,0.0,0.0,8.0,1 tsp
BABYFOOD,"BABYFOOD,DINNER,CHICK&NOODLE W/VEG,TODD",8.89,28,11,0.600000024,66,3.8,0.819999993,85.3,0.632,0.392,0.461,1.7,16.0,1 tbsp
PORK,"PORK,CURED,BACON,CKD,BRLD,PAN-FRIED OR RSTD,RED NA",1.43,110,123,0.0,541,37.04,0.0,12.32,18.52,4.548,13.739,41.78,8.02,"1 slice, cooked"
CHEESE,"CHEESE,PAST PROCESS,SWISS,LOFAT",4.3,35,36,0.0,170,25.5,1.350000024,59.1,1.351,0.18,3.303,5.1,140.0,"1 cup, diced"
CRANBERRY JUC,"CRANBERRY JUC,UNSWTND",12.2,0,3,0.100000001,46,0.39,12.10000038,87.13,0.023,0.07,0.01,0.13,253.0,1 cup
BEEF,"BEEF,BOLOGNA,RED NA",2.0,56,44,0.0,313,11.7,0.0,54.8,13.299,1.051,11.676,28.4,138.0,"1 cup, pieces"
TURNIP GRNS,"TURNIP GRNS,CND,NO SALT",2.81,0,0,1.299999952,19,1.36,0.419999987,94.69,0.02,0.12,0.07,0.3,144.0,1 cup
APPLE CIDER-FLAVORED DRK,"APPLE CIDER-FLAVORED DRK,PDR,LO CAL,W/ VIT C,PREP",0.3,0,0,0.0,1,0.0,0.0,99.7,0.0,0.0,0.0,0.0,240.0,"1 cup,  (8 fl oz)"
TURKEY,"TURKEY,LT OR DK MEAT,SMOKED,CKD,W/SKN,BONE REMOVED",0.0,82,70,0.0,208,28.1,0.0,61.7,3.18,2.473,2.831,9.7,0.0,
TURKEY,"TURKEY,LT OR DK MEAT,SMOKED,CKD,SKN & BONE REMOVED",0.0,76,82,0.0,170,29.3,0.0,64.9,1.036,1.439,1.65,5.0,0.0,
PALM HEARTS,"PALM HEARTS,RAW",25.61,0,0,1.5,115,2.7,17.15999985,69.5,0.005,0.089,0.046,0.2,0.0,
CEREALS RTE,"CEREALS RTE,WHEAT,BRAN,SHREDDED,PLN,SALT&SUGAR FREE",79.9,0,23,13.39999962,334,12.5,1.0,4.5,0.173,0.634,0.2,1.4,59.0,"1.25 cup,  (1 NLEA serving)"
CHEESE,"CHEESE,COTTAGE,LOWFAT,1% MILKFAT,W/VEG",3.0,3,18,0.0,67,10.9,3.0,83.5,0.282,0.039,0.619,1.0,226.0,1 cup
CHEESE,"CHEESE,PAST PROCESS,CHEDDAR OR AMERICAN,LO NA",1.6,94,36,0.0,375,22.2,0.449999988,42.8,8.932,0.988,19.651,31.19,140.0,"1 cup, diced"
COFFEE,"COFFEE,DRY,PDR,W/ WHTNR,RED CAL",59.94,0,1,0.5,509,1.96,59.0,6.16,1.705,0.576,25.128,29.1,1.7,"1 tsp, dry"
CRANBERRY-APPLE JUC DRK,"CRANBERRY-APPLE JUC DRK,LO CAL,W/VIT C",4.7,0,0,0.100000001,19,0.1,4.599999905,95.2,0.0,0.0,0.0,0.0,240.0,"1 cup,  (8 fl oz)"
CHEESE,"CHEESE,SWISS,LOW SODIUM",3.4,92,15,0.0,376,28.4,1.309999943,37.8,7.256,0.968,17.744,27.4,132.0,"1 cup, diced"
No Category,YEAST EXTRACT SPREAD,11.8,0,65,3.0,158,27.8,0.0,37.0,0.0,0.0,0.0,0.0,6.0,1 tsp
BABYFOOD,"BABYFOOD,JUICE,PEAR",11.86,0,3,0.100000001,47,0.0,7.28000021,87.9,0.0,0.0,0.0,0.0,31.2,1 fl oz
CHICKEN,"CHICKEN,MEATLESS,BREADED,FRIED",8.51,0,46,4.300000191,234,21.28,0.0,56.44,3.226,4.581,1.13,12.77,130.0,"1 cup, diced"
BABYFOOD,"BABYFOOD,MEAT,BF W/VEG,TODD",8.72,12,15,0.5,68,3.5,1.179999948,85.23,0.92,0.108,0.847,2.1,179.0,"1 jar,  NFS"
BABYFOOD,"BABYFOOD,DINNER,MACARONI,BF&TOMATO SAU,TODD",11.53,7,14,1.100000024,81,4.34,0.370000005,81.81,0.782,0.14,0.705,1.9,16.0,1 tbsp
ROLLS,"ROLLS,PUMPERNICKEL",52.8,0,15,5.400000095,277,10.8,0.400000006,32.0,0.609,1.184,0.495,2.8,36.0,"1 medium,  (2-1/2"" dia)"
SNACKS,"SNACKS,CORN-BASED,EXTRUDED,CHIPS,UNSALTED",57.4,0,18,4.400000095,557,6.6,1.409999967,1.0,9.04,17.093,4.344,33.4,88.0,"1 cup, crushed"
BAKED BNS,"BAKED BNS,CND,NO SALT",20.49,0,31,5.5,105,4.8,7.78000021,72.6,0.035,0.172,0.103,0.4,253.0,1 cup
FROZEN NOVELITES,"FROZEN NOVELITES,JUC TYPE,JUC W/ CRM",24.11,7,16,0.100000001,115,1.41,20.61000061,72.57,0.0,0.0,0.705,1.41,70.88,2.5 oz
No Category,TOFU YOGURT,15.96,0,48,0.200000003,94,3.5,1.24000001,77.5,0.4,1.017,0.259,1.8,262.0,1 cup
ALCOHOLIC BEV,"ALCOHOLIC BEV,RICE (SAKE)",5.0,0,0,0.0,134,0.5,0.0,78.4,0.0,0.0,0.0,0.0,29.1,1 fl oz
MILLET,"MILLET,PUFFED",80.0,0,23,2.700000048,354,13.0,0.550000012,2.5,0.717,1.98,0.67,3.4,21.0,1 cup
CEREALS RTE,"CEREALS RTE,OAT BRAN FLAKES,HEALTH VALLEY",78.6,0,28,13.0,353,10.7,19.46999931,3.4,0.431,0.529,0.251,1.4,47.0,1 cup
JELLYFISH,"JELLYFISH,DRIED,SALTED",0.0,5,95,0.0,36,5.5,0.0,68.0,0.202,0.475,0.273,1.4,58.0,1 cup
FROZEN NOVELT,"FROZEN NOVELT,ICE CRM,CHOC OR CARAMEL COVERED,W/ NUTS",30.9,1,0,0.600000024,317,4.4,0.0,43.1,4.977,1.469,12.658,20.2,54.0,1 bar
FRANKFURTER,"FRANKFURTER,LO NA",1.8,61,41,0.0,315,12.0,0.0,56.7,13.606,1.379,12.038,28.51,151.0,"1 cup, sliced"
CEREAL RTE,"CEREAL RTE,CRISPY BROWN RICE",86.0,0,33,7.300000191,388,7.1,9.100000381,3.0,1.011,1.473,0.688,3.5,32.0,1 cup
FROZEN NOVELTIES,"FROZEN NOVELTIES,ICE TYPE,POP,W/ LO CAL SWTNR",5.92,0,0,0.0,24,0.0,1.519999981,94.03,0.0,0.0,0.0,0.0,54.68,"1 serving,  1.75 fl oz pop"
BABYFOOD,"BABYFOOD,MXD FRUIT YOGURT,STR",16.23,0,4,0.400000006,75,0.8,11.73999977,81.8,0.219,0.022,0.517,0.8,15.0,1 tbsp
ENSURE PLUS,"ENSURE PLUS,LIQ NUTR",19.88,2,32,0.0,141,5.16,19.87999916,69.84,1.283,3.111,0.673,4.52,252.0,1 cup
BABYFOOD,"BABYFOOD,RICE&APPLS,DRY",86.89,0,10,3.0,396,6.7,3.220000029,3.2,0.615,0.92,0.503,2.4,2.5,1 tbsp
BABYFOOD,"BABYFOOD,JUC,APPL - CHERRY",11.2,0,2,0.300000012,47,0.2,10.5,88.2,0.0,0.03,0.02,0.1,31.2,1 fl oz
BABYFOOD,"BABYFOOD,DSSRT,PEACH YOGURT",17.6,4,4,0.400000006,76,0.9,6.630000114,80.87,0.048,0.005,0.117,0.18,15.0,1 tbsp
BABYFOOD,"BABYFOOD,DSSRT,BLUEBERRY YOGURT,STR",17.05,4,6,0.400000006,77,0.5,13.61999989,81.4,0.192,0.019,0.452,0.7,15.0,1 tbsp
BABYFOOD,"BABYFOOD,DSSRT,BANANA YOGURT,STR",17.4,1,5,0.5,79,1.1,3.950000048,80.7,0.12,0.03,0.37,0.52,15.0,1 tbsp
ICE CREAMS,"ICE CREAMS,CHOC,RICH",20.75,60,35,0.899999976,255,4.72,17.35000038,56.55,4.794,0.658,10.377,16.98,148.0,1 cup
MILK,"MILK,IMITATION,NON-SOY",5.3,0,0,0.0,46,1.6,5.300000191,90.0,0.484,1.174,0.254,2.0,244.0,1 cup
BABYFOOD,"BABYFOOD,BANANA NO TAPIOCA,STR",21.34,0,4,1.600000024,91,1.0,11.35999966,76.7,0.028,0.041,0.072,0.2,15.0,1 tbsp
BABYFOOD,"BABYFOOD,BANANA APPL DSSRT,STR",16.3,0,2,1.0,68,0.3,14.65999985,83.1,0.018,0.047,0.058,0.2,15.0,1 tbsp
SNACKS,"SNACKS,TORTILLA CHIPS,LT (BAKED W/ LESS OIL)",73.4,3,23,5.699999809,465,8.7,0.529999971,1.3,6.341,5.024,2.837,15.2,63.0,"1 cup, crushed"
CEREALS RTE,"CEREALS RTE,KRAFT,POST,HONEY BUNCHES OF OATS,HONEY RSTD",82.86,0,13,4.800000191,394,7.33,24.65999985,3.4,1.901,1.215,0.374,4.25,30.0,".75 cup,  (1 NLEA serving)"
POPCORN,"POPCORN,MICROWAVE,LOFAT&NA",73.39,0,20,14.19999981,429,12.6,0.540000021,2.8,4.085,3.572,1.415,9.5,28.35,1 oz
No Category,AMARANTH FLAKES,71.15,0,75,9.5,353,15.54,0.419999987,3.0,2.148,2.752,1.325,7.0,38.0,1 cup
BABYFOOD,"BABYFOOD,FRUIT SUPREME DSSRT",17.18,0,2,2.0,73,0.5,14.86999989,81.6,0.025,0.068,0.03,0.2,15.0,1 tbsp
CHEESE,"CHEESE,SWISS,LOW FAT",3.4,35,15,0.0,179,28.4,1.330000043,59.6,1.351,0.18,3.304,5.1,132.0,"1 cup, diced"
BREAKFAST BAR,"BREAKFAST BAR,CORN FLAKE CRUST W/FRUIT",72.9,0,34,2.099999905,377,4.4,35.09999847,14.5,5.0,0.9,1.5,7.5,28.35,1 oz
CHEESE,"CHEESE,MOZZARELLA,LO NA",3.1,54,15,0.0,280,27.5,1.230000019,49.9,4.844,0.509,10.867,17.1,132.0,"1 cup, diced"
MAYONNAISE DRSNG,"MAYONNAISE DRSNG,NO CHOL",0.3,0,1,0.0,688,0.0,0.300000012,21.7,18.026,45.539,10.784,77.8,239.0,1 cup
SALAD DRSNG,"SALAD DRSNG,MAYO DRSNG,DIET,NO CHOL",23.9,0,1,0.0,390,0.9,6.400000095,39.9,9.0,18.0,5.0,33.4,242.0,1 cup
OIL,"OIL,CORN,PEANUT,AND OLIVE",0.0,0,0,0.0,884,0.0,0.0,0.0,48.033,33.033,14.367,100.0,4.5,1 teaspoon
SWEETENERS,"SWEETENERS,TABLETOP,FRUCTOSE,LIQ",76.1,0,0,0.100000001,279,0.0,76.0,23.9,0.0,0.0,0.0,0.0,0.0,
CHEESE FOOD,"CHEESE FOOD,IMITATION",8.8,6,0,0.0,137,22.4,8.210000038,63.8,0.38,0.048,0.81,1.3,0.0,
CELERY FLAKES,"CELERY FLAKES,DRIED",63.7,0,122,27.79999924,319,11.3,35.90000153,9.0,0.405,1.035,0.555,2.1,0.0,
PUDDINGS,"PUDDINGS,CHOC FLAVOR,LO CAL,INST,DRY MIX",78.2,0,3,6.099999905,356,5.3,0.699999988,4.2,1.154,0.131,0.984,2.4,9.92,1 serving
JELLIES,"JELLIES,RED SUGAR,HOME PRESERVED",46.1,0,7,0.800000012,179,0.3,45.29999924,53.0,0.001,0.008,0.009,0.03,300.0,1 cup
PIE FILLINGS,"PIE FILLINGS,BLUEBERRY,CND",44.38,0,4,2.599999905,181,0.41,37.75,54.66,0.0,0.0,0.0,0.2,262.0,1 cup
COCKTAIL MIX,"COCKTAIL MIX,NON-ALCOHOLIC,CONCD,FRZ",71.6,0,3,0.0,287,0.08,48.43999863,28.24,0.001,0.009,0.003,0.01,36.0,1 fl oz
PUDDINGS,"PUDDINGS,CHOC FLAVOR,LO CAL,REG,DRY MIX",74.42,0,3,10.10000038,365,10.08,0.699999988,6.8,1.15,0.13,1.578,3.0,9.92,1 serving
PUDDINGS,"PUDDINGS,ALL FLAVORS XCPT CHOC,LO CAL,REG,DRY MIX",86.04,0,0,0.899999976,351,1.6,2.900000095,10.4,0.032,0.05,0.018,0.1,0.0,
PUDDINGS,"PUDDINGS,ALL FLAVORS XCPT CHOC,LO CAL,INST,DRY MIX",84.66,0,1,0.800000012,350,0.81,0.899999976,6.84,0.116,0.433,0.099,0.9,8.0,1 serving
FRUIT-FLAVORED DRK MIX,"FRUIT-FLAVORED DRK MIX,PDR,UNSWTND",91.3,0,0,0.0,226,0.0,0.0,0.96,0.0,0.0,0.0,0.0,25.4,"2 tsp,  rounded"
No Category,VITAL WHEAT GLUTEN,13.79,0,0,0.600000024,370,75.16,0.0,8.2,0.156,0.81,0.272,1.85,0.0,
FROG LEGS,"FROG LEGS,RAW",0.0,50,65,0.0,73,16.4,0.0,81.9,0.053,0.102,0.076,0.3,0.0,
MACKEREL,"MACKEREL,SALTED",0.0,95,95,0.0,305,18.5,0.0,43.0,8.32,6.21,7.148,25.1,136.0,"1 cup, cooked"
SCALLOP,"SCALLOP,(BAY&SEA),CKD,STMD",0.0,53,81,0.0,112,23.2,0.0,73.1,0.068,0.481,0.146,1.4,0.0,
SNAIL,"SNAIL,RAW",2.0,50,65,0.0,90,16.1,0.0,79.2,0.259,0.252,0.361,1.4,0.0,
TURTLE,"TURTLE,GREEN,RAW",0.0,50,65,0.0,89,19.8,0.0,78.5,0.088,0.17,0.127,0.5,0.0,
