Age,Gender,Weight(Kg),Height(cm),Muscle(%),Body Fat(%),Daily Average Calorie Intake,Daily Average Protein Intake(g),Daily Average Fat Intake(g),Daily Average Carb Intake(g),Daily Average Sugar Intake(g),Exercise per week,Waist circumference (cm),Hip circumference (cm)
26,1,45,145,31,12,3220,53,104,352,63,6,102,99
18,1,52,139,48,16,1181,115,29,65,43,2,118,113
78,1,72,192,28,18,2249,105,43,79,30,5,56,57
66,0,56,181,45,41,2281,150,24,92,15,4,83,96
24,0,61,164,46,35,1098,180,114,193,38,7,58,85
55,0,67,150,53,34,3035,168,4,178,72,2,107,109
28,1,55,189,47,18,2751,75,66,28,57,3,44,124
23,1,42,145,46,15,2438,103,78,358,47,6,117,58
72,1,50,133,53,39,2115,161,52,353,57,1,74,107
66,1,52,168,40,24,2133,186,6,336,33,3,111,75
53,0,57,193,50,18,1301,54,30,336,24,6,63,72
56,0,77,156,25,18,1691,0,72,79,11,3,96,58
18,1,71,191,30,37,1822,94,6,282,62,3,41,74
76,1,56,186,27,28,2517,151,57,191,35,1,56,58
54,0,55,185,53,41,3339,167,117,90,72,3,114,80
43,0,53,200,28,33,3046,175,90,261,41,7,78,67
45,1,41,143,45,20,1913,60,49,240,49,0,55,78
21,1,49,121,49,39,2572,150,64,72,6,5,109,120
38,0,51,123,35,37,3278,83,96,219,42,7,73,84
70,0,63,186,40,25,2569,25,22,149,41,1,114,68
25,0,50,140,29,6,2345,102,115,372,18,2,109,66
31,1,54,160,34,40,2857,147,91,328,25,3,106,127
22,0,47,144,50,19,3262,42,63,304,64,1,111,58
39,0,64,168,50,31,2597,18,25,210,60,0,46,113
63,1,56,139,55,4,3190,114,101,112,28,2,83,65
76,1,78,158,42,37,3414,74,74,100,45,5,85,69
76,1,51,125,49,8,1280,192,91,105,75,7,116,57
67,0,76,173,52,9,2847,24,24,5,9,3,92,90
68,1,55,176,43,23,2311,165,49,86,16,1,100,71
69,1,43,188,30,11,1950,155,22,218,2,0,50,63
64,1,69,131,46,40,1099,186,110,278,44,1,91,90
43,1,53,136,43,3,1843,189,73,318,14,7,106,113
40,0,59,155,30,33,2797,119,95,78,3,2,111,61
18,1,47,144,44,31,3254,66,62,227,29,0,46,62
41,0,56,200,26,4,1604,74,42,97,34,2,110,93
30,1,56,169,43,34,2573,143,116,40,63,2,51,113
72,1,64,145,27,26,3478,152,118,199,29,2,64,68
53,1,58,170,49,43,1552,93,82,237,63,0,106,64
71,1,49,182,45,8,1395,119,40,255,11,2,102,114
68,1,42,158,36,6,2658,147,27,168,61,5,68,74
27,1,45,200,37,31,2083,114,27,126,22,2,115,125
70,0,43,190,29,13,2086,118,90,29,69,2,112,56
45,0,63,139,42,16,2933,102,70,143,4,2,115,119
66,0,64,148,41,20,1068,3,91,323,74,3,47,88
66,0,45,124,25,41,2261,171,80,10,74,6,109,130
67,1,55,169,39,33,3180,188,84,294,59,6,105,59
69,0,56,135,35,28,2144,59,20,324,26,1,105,87
28,0,79,181,54,25,1597,179,115,267,49,0,83,73
18,1,70,145,37,27,1053,54,58,195,5,2,77,57
39,0,72,169,41,34,3430,194,58,319,39,0,119,105
55,0,47,145,32,47,1626,106,71,143,67,5,78,59
73,1,42,184,33,43,3024,181,65,310,37,5,94,64
28,0,44,122,39,38,1991,39,38,28,66,6,119,72
65,1,79,200,46,8,2646,159,79,387,43,3,96,108
21,0,71,120,28,24,2327,141,79,109,80,1,97,57
68,1,75,191,52,5,1276,97,106,173,76,0,79,72
71,1,63,137,51,44,3328,163,41,200,18,5,116,107
52,0,78,144,30,13,2508,15,51,53,26,0,47,129
72,0,46,183,40,19,1096,42,75,167,26,6,106,52
40,1,50,200,35,12,1503,125,58,227,3,6,100,65
23,0,43,143,27,23,2382,60,64,33,6,5,54,115
67,0,52,156,36,35,2967,28,52,111,19,7,107,76
72,1,79,132,26,33,2038,186,12,360,63,0,91,78
60,0,71,171,42,14,1625,124,97,204,26,5,43,101
46,0,80,147,48,3,2181,163,110,183,15,1,40,119
18,0,65,133,55,5,1891,11,29,8,65,4,90,87
44,1,49,137,49,49,1945,181,3,39,50,1,90,95
38,0,44,178,38,42,2419,174,14,157,18,5,45,88
28,0,51,178,37,37,3115,66,111,267,15,6,92,61
66,1,48,121,28,6,2076,136,106,0,0,2,62,64
77,1,40,161,49,13,2586,50,92,32,47,5,113,65
22,1,44,162,33,6,1390,156,75,144,52,5,120,56
27,1,78,187,46,18,1592,0,23,116,29,6,78,104
53,0,42,185,47,10,1436,146,117,79,45,4,74,72
19,1,56,138,51,1,2524,11,100,104,39,4,100,130
23,1,43,184,39,9,1583,146,72,346,15,3,105,111
23,1,56,174,40,20,3140,118,40,56,62,1,51,120
71,0,50,185,50,39,1267,73,15,129,29,3,58,57
80,0,56,124,41,39,3337,159,10,49,54,7,106,91
79,1,69,163,31,22,1668,150,5,306,8,6,103,64
42,0,49,186,26,36,1667,163,54,23,56,5,62,62
34,1,61,198,31,39,1628,198,113,39,11,1,54,97
65,1,70,143,33,42,1619,17,66,206,34,3,102,62
25,1,65,166,36,7,3296,171,103,212,61,6,60,83
42,0,76,124,33,9,1066,190,83,330,11,4,58,82
56,1,41,173,50,0,2108,198,45,163,31,0,80,95
21,1,41,188,42,50,3263,106,28,186,49,3,57,96
68,1,70,158,51,49,2607,22,83,71,66,6,85,100
30,0,69,183,29,15,2788,181,23,42,15,1,60,92
33,1,56,183,26,34,1776,97,31,68,39,4,93,123
30,1,63,168,47,16,1158,15,24,219,61,3,107,57
43,0,73,143,55,8,2056,27,113,235,46,1,42,110
53,1,48,136,50,0,1165,53,62,48,5,1,113,68
49,1,41,197,51,41,1159,48,38,322,5,6,44,92
55,0,53,144,29,12,2614,11,120,130,0,5,112,110
29,0,49,157,28,20,2319,171,116,13,10,1,59,96
28,1,61,133,34,0,2489,166,91,230,46,4,42,82
74,0,44,147,35,39,2554,51,102,18,56,3,105,115
21,1,56,193,47,29,3467,199,107,130,53,1,75,66
25,1,78,133,51,34,3473,61,42,2,76,1,112,117
20,1,48,164,46,48,1788,117,44,160,73,4,88,73
57,0,62,172,53,11,1264,64,41,238,78,0,84,98
31,1,41,159,48,36,3334,49,109,382,37,6,69,52
36,0,58,133,50,46,2729,118,49,37,16,5,59,100
50,1,67,129,32,1,2573,173,47,355,52,4,81,97
52,0,57,177,41,9,1122,111,2,389,37,0,50,89
33,0,69,186,55,50,1619,121,45,165,67,7,70,62
52,1,55,154,31,32,3438,82,75,358,2,7,78,55
30,0,64,166,34,31,2705,55,74,291,51,0,76,102
57,0,45,181,36,43,3366,77,15,232,64,7,103,100
29,0,54,179,37,2,2440,79,55,291,58,3,109,70
59,1,42,178,35,31,2353,131,104,372,4,6,74,121
68,0,76,153,53,2,1505,63,53,136,9,3,80,108
51,1,58,147,39,49,1089,0,15,139,14,6,83,121
56,1,53,136,42,21,1558,176,89,52,75,3,66,50
63,1,55,159,30,9,1120,12,78,249,52,3,86,94
42,0,49,168,33,3,3014,120,112,187,70,5,83,91
65,0,72,141,46,49,2168,8,105,375,10,1,94,116
65,0,73,135,40,30,2136,32,89,28,63,4,85,77
73,1,56,170,43,48,3215,172,21,139,60,4,89,105
31,1,75,168,52,28,3186,16,3,288,34,1,66,123
25,0,71,137,29,13,2077,70,76,84,34,0,104,65
77,1,56,144,43,23,3395,177,97,282,78,0,96,104
26,1,51,140,45,44,1867,0,81,389,14,2,103,103
34,0,61,145,49,48,2253,62,20,140,17,7,73,63
58,1,69,192,31,43,3013,156,86,380,45,4,60,94
27,1,54,168,49,45,3491,101,27,210,29,3,69,83
56,1,43,181,49,17,2079,46,4,167,52,0,60,102
80,1,74,136,48,11,2119,180,71,170,2,0,112,110
79,0,55,170,45,23,3459,21,102,193,22,3,73,125
35,1,41,183,38,1,1302,20,77,393,32,0,93,84
54,1,43,183,51,5,2576,189,111,84,36,5,67,103
71,1,78,160,39,31,2737,45,114,183,68,0,65,87
49,1,69,171,52,44,1968,185,62,10,52,2,71,57
28,0,65,145,33,26,1087,146,23,185,60,2,61,54
45,1,72,150,37,12,3452,175,99,307,22,0,108,106
26,0,50,192,26,45,3344,19,20,11,50,0,70,68
61,0,46,142,30,36,1360,11,88,105,6,2,88,82
55,1,61,199,36,34,3406,180,104,82,34,5,72,124
27,0,73,167,28,2,1210,72,21,253,25,6,117,97
60,0,61,187,42,48,2566,140,51,292,34,1,86,62
50,0,70,171,47,23,2157,20,42,203,44,7,86,67
33,0,64,138,33,13,1028,44,63,391,74,0,103,82
63,0,46,148,48,40,1308,150,105,42,57,4,59,92
31,0,63,137,36,4,2742,151,20,189,72,0,100,111
35,0,53,125,40,29,1387,32,39,239,54,0,113,121
25,0,67,127,45,2,2217,200,105,115,73,5,40,87
33,0,40,152,29,8,3465,110,41,249,48,0,59,113
41,1,51,197,34,30,1658,51,64,97,33,5,97,50
32,1,72,172,41,11,2961,58,51,314,28,5,47,116
31,1,56,179,44,38,1586,78,19,318,24,7,54,57
72,0,43,189,50,4,2142,195,15,320,56,2,119,59
70,1,72,130,49,16,1284,74,96,152,22,3,72,106
37,1,52,188,32,34,3496,111,25,222,59,2,46,75
64,1,43,196,46,41,2643,34,36,99,39,5,60,125
41,0,63,156,46,23,1314,145,55,26,4,2,83,129
38,0,60,198,47,20,1792,54,18,250,24,5,71,56
60,0,65,152,37,33,3080,169,110,250,0,5,90,126
54,0,54,123,41,28,1939,61,17,339,76,0,84,81
22,1,41,171,43,35,1964,194,55,59,65,1,60,73
79,1,79,165,25,11,2480,174,5,6,62,5,77,87
69,1,51,145,48,37,2982,102,23,298,26,4,106,96
61,1,58,190,44,25,3082,146,89,32,63,4,54,63
24,0,46,166,34,32,1988,45,60,152,10,0,67,109
55,0,53,158,35,26,1816,34,6,84,18,6,62,96
56,1,40,136,50,25,2140,0,98,389,1,1,116,56
25,1,59,189,26,3,1056,162,109,214,59,7,77,78
72,0,47,178,52,20,1801,180,54,206,12,2,46,51
36,0,67,175,40,7,3336,66,94,371,40,1,110,61
23,1,80,190,42,16,1731,190,22,220,7,1,55,113
18,1,77,190,49,29,1206,197,56,308,62,7,103,60
48,0,63,132,45,38,2292,104,13,348,2,3,98,80
43,1,78,173,46,48,2811,33,59,383,3,3,119,94
79,1,57,170,50,12,1200,168,112,369,43,7,83,61
77,0,56,170,55,45,2225,10,27,245,48,2,68,94
31,0,76,186,33,25,3319,32,33,216,79,7,64,93
66,0,72,131,45,22,1300,109,95,79,5,5,77,81
78,0,46,129,35,45,3140,196,113,79,65,7,52,68
67,0,74,191,37,25,1771,138,54,267,54,6,80,81
65,1,78,145,32,34,3449,121,43,347,73,7,44,58
58,1,49,196,42,7,2409,24,28,302,77,7,107,51
80,1,66,181,43,11,1985,47,88,140,19,0,61,92
37,1,78,187,38,47,3410,39,57,76,39,3,59,100
18,0,73,143,47,12,2986,55,40,10,6,0,119,124
60,0,63,136,40,45,3476,13,87,345,21,0,76,96
62,0,40,167,52,18,3425,101,57,53,37,2,83,66
38,1,60,175,47,28,1618,43,60,329,9,2,44,85
63,1,42,156,54,50,1488,38,35,38,80,5,85,116
49,0,43,139,25,4,1489,90,11,109,30,5,40,114
75,0,65,163,32,12,2527,177,108,324,19,0,74,95
22,1,55,131,29,14,3342,176,102,9,13,5,79,93
57,1,50,175,28,10,1236,6,81,317,44,1,106,94
41,1,79,152,47,31,2947,44,84,278,27,7,89,65
49,1,65,150,31,32,2222,129,19,297,1,4,54,125
32,1,69,163,30,15,1063,132,22,171,55,3,60,91
49,0,68,171,33,39,3016,133,64,9,44,0,67,117
79,0,55,187,49,17,2577,90,71,137,40,0,113,109
80,1,40,142,37,14,1352,68,3,260,67,7,63,114
45,1,62,128,29,4,2498,32,26,166,57,3,109,111
27,0,78,151,28,50,3148,197,81,48,9,3,115,64
62,0,43,190,38,6,1655,99,88,324,67,5,120,120
39,1,59,126,54,25,2381,91,46,44,27,3,117,71
58,0,77,195,28,24,2029,114,67,320,69,7,49,104
29,1,41,123,34,11,2768,88,81,12,45,3,115,104
25,0,80,195,42,21,1341,80,77,178,59,0,91,92
46,1,43,182,26,31,2364,108,120,299,72,0,96,130
60,1,77,166,30,20,1708,79,71,57,73,4,92,114
23,1,43,167,42,37,1747,68,48,35,4,4,61,60
70,1,79,145,46,15,2289,159,80,142,10,0,89,84
51,1,69,175,42,37,2481,60,27,116,34,2,94,70
49,0,53,140,47,4,3372,178,14,93,3,4,53,91
76,1,40,199,27,8,1833,118,109,203,19,0,71,122
18,1,79,141,48,30,2247,13,115,98,68,7,54,105
60,0,60,144,40,48,1835,41,41,388,12,7,116,77
74,0,70,129,55,49,1586,169,69,325,37,0,66,97
73,1,69,159,49,35,3197,133,38,8,19,2,115,117
44,0,47,171,55,21,3109,0,113,122,0,7,91,128
30,1,80,173,26,18,3494,95,88,329,28,6,81,58
78,0,67,180,35,3,2874,1,15,169,62,4,68,79
57,1,49,126,35,9,1752,175,86,245,62,1,78,50
36,0,77,132,42,29,1138,171,48,141,49,1,106,125
23,1,40,156,42,21,2960,33,24,339,43,5,86,55
72,0,73,125,28,27,3225,134,119,136,54,7,49,78
66,0,43,155,40,30,1553,136,93,337,16,7,67,129
42,0,55,192,38,25,2576,86,33,377,33,0,73,73
39,0,52,197,52,11,1439,110,54,107,14,1,61,99
40,0,66,165,45,28,2298,122,0,73,20,7,73,68
69,0,73,130,42,46,2450,94,63,105,30,0,79,109
46,1,43,145,27,14,1231,189,50,188,26,2,114,69
39,0,77,186,42,50,1674,181,24,191,21,2,48,50
24,0,50,182,50,36,1403,36,80,81,12,3,114,116
28,0,40,171,43,11,1894,77,18,19,60,3,79,52
27,1,51,152,53,9,1519,121,11,102,60,0,102,99
23,0,66,197,43,47,1973,134,98,231,48,2,108,71
44,1,49,166,44,17,2956,136,72,129,23,4,81,118
65,1,63,129,55,15,1224,138,73,184,22,1,120,65
45,0,48,161,43,50,1563,132,120,388,0,1,62,104
63,0,58,164,47,3,3448,31,85,276,70,4,64,85
65,0,70,166,47,29,2907,2,26,68,40,5,45,61
45,1,64,186,47,45,3320,175,32,372,38,0,43,84
71,0,68,163,34,43,1201,23,15,168,22,6,116,78
70,0,56,147,30,44,1068,151,44,101,13,7,92,56
71,1,67,141,39,34,1558,125,98,120,53,6,40,94
22,0,63,140,52,41,1027,172,81,385,47,7,56,84
68,0,67,144,54,33,1871,146,28,125,59,1,110,56
77,1,40,123,25,35,1650,98,78,82,70,4,79,73
43,0,57,198,29,50,1686,60,67,114,61,7,42,94
41,1,40,155,32,25,2561,47,61,84,68,3,90,53
22,0,64,184,33,22,3297,124,86,398,47,7,114,57
20,1,45,188,34,44,1989,138,90,26,64,5,84,108
50,0,53,187,50,19,3141,165,94,66,48,5,119,111
62,1,66,160,55,33,1773,167,23,295,17,5,64,87
56,0,40,121,50,4,1513,82,107,238,68,5,89,126
18,0,67,198,44,12,3043,158,4,298,32,4,103,83
44,1,78,145,31,47,1560,15,45,249,58,7,64,82
30,0,62,137,49,32,2521,138,29,94,0,6,59,100
31,0,72,168,34,41,1340,34,38,115,66,2,66,52
80,0,66,121,42,7,3385,80,76,397,25,4,68,58
72,0,51,135,26,18,1234,149,102,247,29,4,72,51
44,0,80,127,26,40,3491,77,89,47,63,2,69,91
51,1,69,123,29,48,1060,141,118,11,8,7,82,115
57,0,59,129,40,15,2576,40,26,219,47,1,70,88
31,0,44,151,51,7,2753,98,106,385,57,7,67,98
21,1,77,171,35,36,1420,22,9,217,39,4,75,68
61,0,50,156,39,40,2672,126,66,39,35,6,71,79
46,1,71,189,39,38,2871,196,36,384,10,6,78,87
67,1,61,138,34,49,2313,83,37,50,74,3,54,81
50,1,67,162,35,19,1176,79,106,272,55,5,85,127
54,0,74,161,46,29,1467,33,110,299,19,6,59,129
76,1,56,170,37,22,2694,182,66,178,32,3,71,83
50,0,71,133,40,41,1135,73,113,239,8,1,72,91
48,1,79,177,46,35,1284,197,45,390,13,1,115,100
67,1,41,190,45,23,1880,40,52,354,38,0,76,51
40,0,67,199,46,46,2480,91,42,12,8,2,120,122
48,1,73,179,40,20,1540,31,37,5,64,4,64,108
60,0,70,183,34,35,1815,4,43,394,7,0,65,102
48,1,41,145,32,48,1897,52,97,181,31,3,95,87
29,0,70,171,37,42,2428,156,115,195,71,7,54,123
36,1,65,144,32,22,1054,36,27,48,76,2,82,50
23,0,50,135,52,13,2521,182,27,264,9,6,104,125
32,0,56,130,53,15,2078,31,65,54,10,6,53,54
52,1,72,142,53,29,2426,14,77,118,60,6,112,93
34,1,41,181,30,27,1770,91,119,12,53,2,106,104
44,1,54,190,51,20,1743,38,9,209,41,3,74,82
75,1,44,172,33,17,1338,167,120,100,29,6,61,70
21,0,69,189,37,33,1698,26,55,216,23,5,40,81
77,1,41,195,53,40,2573,88,3,303,59,0,74,130
74,1,69,197,26,31,1107,126,100,136,28,2,69,94
59,1,44,184,28,42,1242,161,25,125,7,4,46,60
53,0,66,143,48,2,2389,171,117,15,39,6,60,67
26,1,50,137,35,12,2225,187,82,338,64,6,43,119
68,1,45,123,43,21,1625,131,19,358,77,1,67,118
38,1,64,191,27,48,3480,31,104,397,50,5,118,94
80,1,65,167,44,47,2707,160,2,56,61,5,108,79
49,1,79,171,29,23,3123,54,95,93,24,5,85,96
58,0,77,163,42,37,1172,99,76,81,51,3,81,75
47,1,72,151,50,22,3452,8,57,102,66,7,95,101
52,1,45,129,42,44,3060,9,80,246,68,2,78,110
29,0,56,187,55,21,2382,174,85,360,43,6,92,104
54,1,58,164,30,31,3494,20,104,14,49,5,81,94
37,0,71,188,34,39,1465,9,18,164,3,4,105,88
24,0,46,190,45,39,2566,178,64,135,53,0,84,98
29,0,48,123,30,22,2153,105,32,373,9,4,76,75
49,1,44,198,34,47,3271,53,47,300,19,2,47,59
31,0,76,135,44,12,2527,143,24,89,18,5,63,106
56,0,45,127,29,45,2262,21,10,320,59,6,63,85
59,0,55,167,39,3,1770,164,11,237,2,1,79,114
67,0,59,144,48,27,1793,41,0,256,11,5,48,128
76,0,76,160,41,25,1221,154,96,244,52,0,60,99
36,1,43,129,32,9,3246,0,76,149,3,4,42,104
20,0,48,165,38,4,2026,77,80,11,51,3,114,107
34,1,45,165,33,1,3182,152,70,44,69,5,80,84
64,0,67,124,53,16,2052,124,63,43,52,1,61,97
59,1,43,141,26,42,1841,95,91,398,50,6,88,125
35,0,42,187,29,41,2851,53,35,247,35,6,61,102
54,1,47,167,55,42,1204,106,117,346,62,5,52,57
63,1,72,183,54,42,2694,166,53,100,28,0,62,113
74,1,66,179,48,40,3242,87,81,327,70,3,71,117
24,0,76,161,48,49,3380,110,87,186,73,7,97,56
57,1,51,183,46,5,2373,80,5,369,66,3,117,71
61,1,63,146,40,43,3055,180,74,15,77,4,103,77
69,0,79,156,53,32,2973,24,34,389,36,3,111,67
52,1,75,153,53,14,2532,58,113,333,26,7,64,98
74,0,74,179,54,40,1407,149,63,393,31,4,96,53
38,0,55,195,36,32,3242,150,43,120,72,5,60,113
41,1,67,126,47,14,1100,55,85,89,63,2,40,109
32,0,53,166,37,9,2723,45,92,370,46,6,42,67
19,1,78,141,37,43,2374,46,98,329,50,5,107,52
21,0,45,129,55,4,2977,9,120,255,25,5,83,129
26,1,43,121,54,34,1210,150,116,34,68,4,78,122
62,1,70,181,54,9,2090,33,25,291,57,4,81,115
79,1,59,164,53,36,2242,25,113,234,71,4,108,78
76,0,66,156,45,37,2404,183,37,272,25,7,77,112
59,1,68,121,27,10,3048,179,24,275,62,6,53,103
24,1,55,171,30,46,2807,74,105,299,3,7,88,77
58,1,76,196,42,20,1721,167,117,248,37,5,74,78
48,1,51,182,48,41,1813,186,31,283,56,1,42,109
68,1,42,193,46,46,1573,25,73,303,47,5,68,93
31,0,64,120,27,47,2255,154,4,396,72,5,82,126
46,1,42,192,35,7,3348,5,118,36,59,6,74,92
36,0,49,164,44,1,2675,30,27,346,68,2,105,66
48,1,76,147,38,18,2145,166,98,48,2,6,86,84
74,0,76,154,35,31,3427,140,93,278,53,5,45,85
55,0,73,161,32,10,2232,45,118,376,54,5,79,108
22,0,79,134,42,48,2914,129,100,98,78,1,112,79
65,1,60,197,27,43,1320,144,93,229,74,7,113,95
63,0,47,171,52,21,1681,90,6,184,77,5,51,93
54,1,80,163,53,36,1069,33,56,231,71,7,98,67
58,0,76,180,51,40,1642,73,108,92,76,3,105,97
54,1,53,182,49,19,2820,92,52,97,6,7,115,116
67,0,65,142,35,11,1622,195,10,52,51,5,88,105
44,0,75,122,51,39,1968,23,27,247,36,7,60,130
56,0,63,142,32,10,2991,12,44,396,4,5,86,110
59,0,74,183,43,28,3416,10,65,348,68,4,110,112
33,0,69,146,37,40,2965,91,107,99,67,4,63,68
40,1,42,142,29,39,1284,161,64,221,64,7,55,61
57,0,77,133,40,42,1450,39,30,192,27,3,98,93
42,1,51,162,32,32,1740,192,79,291,47,2,61,75
35,1,46,150,50,34,1000,151,55,380,46,0,52,51
56,1,41,143,29,24,1280,174,92,254,24,6,65,112
77,0,44,139,34,4,3364,138,11,68,58,2,115,118
52,0,78,179,35,14,2730,140,59,361,24,0,58,104
62,0,46,172,49,0,1394,199,32,205,13,4,113,87
72,1,80,123,51,14,2800,142,40,172,20,6,103,98
25,1,74,154,53,31,1185,46,51,97,21,2,55,127
31,0,74,130,30,7,1471,127,31,285,17,2,72,84
44,0,79,130,44,11,3360,85,32,81,77,7,53,93
44,0,43,188,36,42,2671,14,118,273,1,5,65,121
68,0,40,135,53,20,3111,153,97,273,38,7,90,51
57,0,51,142,55,10,2766,170,29,143,47,6,105,97
63,1,49,181,39,49,2411,61,53,314,80,2,66,66
19,1,80,125,31,5,2539,13,90,21,42,7,70,72
46,0,73,190,50,10,1594,101,98,117,31,2,100,79
70,1,70,157,29,38,2491,42,87,52,0,0,97,90
43,0,78,182,54,0,1160,71,116,201,73,5,73,67
67,0,56,128,34,6,2688,171,27,366,34,2,70,71
25,0,75,144,32,4,1918,116,30,391,65,4,54,87
69,0,60,175,25,25,2753,177,27,9,43,2,86,126
58,1,50,200,41,40,1689,99,38,300,67,4,94,54
76,0,69,137,35,47,2238,33,44,275,7,3,115,101
65,1,68,135,45,41,1942,47,6,145,50,0,64,68
59,1,47,140,50,41,2680,127,48,3,27,5,115,81
27,1,54,170,36,50,3240,27,8,247,66,1,49,68
74,1,61,188,51,45,2752,170,69,271,55,4,90,76
74,1,56,125,42,44,1495,0,18,110,79,5,81,107
34,1,74,144,35,29,1681,61,69,293,18,0,63,115
58,0,40,171,48,38,1625,33,17,365,60,7,89,52
73,0,68,163,29,13,2947,53,80,99,52,5,97,81
30,1,69,152,53,17,1612,82,84,27,11,7,80,77
71,0,63,153,51,0,1932,153,95,211,13,2,64,125
76,0,64,158,49,46,1720,188,17,146,76,2,75,100
47,0,75,148,45,25,1198,144,69,373,72,3,78,110
55,0,43,160,45,0,2087,45,8,353,32,5,70,89
76,0,54,163,33,20,1494,36,78,265,24,4,111,50
62,0,53,167,35,24,1615,157,24,377,10,1,48,61
72,0,48,190,43,14,1435,33,11,157,29,0,98,67
50,0,68,124,47,12,1507,80,106,76,12,2,116,51
44,1,75,141,52,12,3361,109,5,291,63,3,44,111
50,1,74,171,50,7,1625,19,83,11,28,1,68,79
58,1,41,134,49,13,3130,175,83,56,15,5,56,124
23,1,60,161,41,12,1499,8,83,294,20,3,90,84
74,1,51,190,37,19,1140,171,12,365,39,1,52,60
56,1,76,186,44,49,2912,189,26,313,34,5,68,57
64,0,55,127,45,12,1192,2,117,164,44,1,85,89
52,1,76,165,55,24,3063,133,89,309,26,2,87,89
51,1,58,154,43,0,1778,73,55,237,41,3,106,82
80,1,46,130,33,27,2720,157,118,160,59,5,74,70
33,0,80,199,29,49,3491,64,110,140,55,7,42,54
71,1,55,182,46,22,2015,86,87,86,78,5,66,95
77,0,65,190,55,38,1828,12,19,252,14,4,101,91
65,1,54,188,25,13,1191,165,75,205,55,7,86,61
49,1,46,120,28,40,2089,181,107,363,43,3,65,58
23,1,59,189,51,18,1234,13,19,358,31,2,64,99
57,0,58,176,29,21,2526,182,35,296,18,4,65,108
36,0,68,134,26,40,2848,173,20,38,46,4,104,91
31,1,50,169,37,32,3235,36,95,239,32,4,102,52
45,1,53,123,38,36,3123,132,98,339,4,2,116,88
49,1,57,185,51,42,1302,135,96,202,39,2,91,118
21,1,54,153,37,6,1373,186,94,381,24,4,41,105
58,0,66,158,35,8,3201,160,4,228,77,1,72,120
33,0,43,150,47,11,2112,160,15,45,27,2,118,113
25,0,51,190,28,26,2613,5,115,238,49,4,86,62
61,0,52,155,46,37,2313,61,104,269,9,2,95,62
47,1,40,148,27,31,2279,35,59,150,20,1,89,99
53,1,47,192,46,23,2580,195,53,355,33,0,116,99
59,0,61,183,48,47,1632,7,59,191,31,0,54,102
73,1,59,186,26,32,1778,34,99,139,59,3,57,104
70,0,43,160,32,20,2343,79,55,148,48,6,81,54
50,0,75,169,35,18,2256,102,65,214,16,7,40,57
49,0,73,199,53,7,2162,89,55,102,75,2,110,56
30,0,75,146,54,0,1260,153,68,218,18,0,88,100
76,0,40,141,26,48,1572,8,110,107,20,2,78,62
20,0,41,139,51,0,2815,15,70,292,60,6,48,97
37,0,73,160,39,20,1915,154,108,344,33,2,84,109
65,1,46,188,41,15,2234,163,8,287,76,3,57,94
41,1,43,170,46,45,1286,122,84,89,55,4,73,81
44,1,62,136,37,38,1697,180,74,110,35,4,103,101
19,1,69,169,50,38,1371,71,55,184,37,2,54,68
49,1,44,146,40,0,2901,45,120,48,74,7,80,86
46,0,53,131,37,32,3099,155,34,98,80,4,90,93
61,1,42,141,42,28,2207,96,43,350,20,2,66,128
80,1,40,157,45,35,2280,24,61,393,41,7,65,71
69,1,62,126,54,45,2489,13,32,121,42,5,76,108
37,1,65,153,43,23,2482,36,100,93,39,2,56,83
51,1,69,142,34,46,2039,136,35,371,78,3,59,105
21,1,69,167,50,10,1256,97,38,12,58,6,116,68
25,1,61,189,53,34,3321,92,80,234,68,3,48,108
68,0,78,180,47,28,2808,97,97,134,29,0,46,76
44,1,73,175,34,35,2282,58,46,304,55,3,73,69
64,0,70,189,39,23,2446,68,47,163,64,5,83,111
74,1,42,191,48,49,3174,146,119,218,54,7,119,61
25,0,54,149,40,31,2027,56,98,42,43,0,44,61
52,0,73,148,36,43,1288,133,41,109,6,5,52,77
57,1,44,187,49,38,2372,174,84,35,49,5,51,65
25,0,57,187,37,20,1165,149,104,239,18,3,78,59
24,1,56,170,53,0,2110,82,21,255,77,5,52,97
76,1,52,122,38,11,1608,40,68,233,50,4,102,83
65,1,60,171,44,39,2610,83,90,149,20,5,56,115
49,1,59,163,26,28,2806,17,98,289,32,2,97,124
32,1,55,125,40,16,2439,122,102,190,75,7,94,82
75,0,77,172,25,12,1096,4,80,158,65,7,118,65
80,0,73,149,37,47,1452,142,69,377,60,5,46,59
18,0,52,175,37,15,3106,154,31,390,75,6,54,98
66,0,74,153,54,6,1215,53,42,208,58,1,44,91
63,1,53,171,41,29,1959,42,32,76,10,1,100,120
74,1,49,191,31,5,1465,115,25,357,73,0,88,77
41,0,66,131,43,29,2826,79,20,355,39,5,63,97
48,0,80,200,25,23,1079,81,9,6,16,3,103,71
47,1,62,180,38,8,1117,168,1,34,61,3,101,63
75,0,52,143,40,3,1075,109,3,304,16,3,85,54
59,1,48,182,26,14,1368,6,54,15,48,0,88,125
49,1,80,188,31,10,1608,11,38,244,59,4,97,78
42,0,53,146,48,46,2202,110,30,324,63,6,88,66
44,1,58,137,35,39,2330,83,44,276,53,5,42,104
44,0,75,162,36,4,1201,33,47,331,47,1,62,106
55,1,56,186,28,28,2068,198,44,109,8,6,92,101
63,1,55,125,54,30,1973,133,65,27,72,7,102,78
49,1,60,195,35,26,1275,38,14,293,15,6,120,54
41,1,75,200,29,36,1431,14,6,395,70,7,109,68
59,1,75,161,30,16,2819,152,46,175,71,5,105,59
75,0,59,192,25,21,3335,3,91,275,56,0,48,94
19,0,51,137,53,50,2078,183,86,395,63,0,65,60
50,0,80,140,30,2,2825,13,113,149,70,7,69,104
68,1,80,180,31,14,3256,113,106,342,55,4,57,57
63,1,78,127,48,33,3364,118,74,202,14,3,113,79
26,0,69,174,43,39,2541,50,80,27,29,6,94,67
39,0,56,151,26,30,3405,131,74,256,24,3,120,87
68,0,79,139,51,32,2294,120,87,260,57,6,101,90
78,0,67,194,53,14,2062,108,63,106,37,3,81,118
68,0,58,150,38,29,1623,138,32,68,10,7,55,114
49,1,76,160,36,47,3050,53,81,329,15,7,83,111
60,0,56,179,53,15,1365,127,78,234,29,2,86,67
28,1,60,197,28,1,2468,24,15,32,6,4,96,110
70,0,51,170,42,10,1801,83,91,84,41,3,119,92
75,0,60,190,54,2,3213,80,65,5,24,1,88,69
68,0,49,147,30,36,3147,127,67,199,27,5,92,118
21,1,61,200,33,39,1920,163,69,118,36,7,43,96
52,1,49,138,48,19,3065,117,114,61,75,2,98,110
52,0,51,127,49,23,2800,95,89,40,51,3,103,82
73,0,65,197,32,32,2811,130,114,182,62,1,114,52
52,0,80,132,33,23,3388,46,81,193,52,1,46,69
28,1,49,185,41,43,1292,64,67,287,79,5,89,117
37,1,73,196,51,13,3037,86,25,22,31,6,80,101
77,1,62,131,45,40,1062,147,6,27,46,1,89,74
22,0,40,137,27,37,3384,56,9,68,32,0,64,127
38,1,66,153,45,43,1887,107,57,267,42,3,57,126
30,1,55,147,34,9,3095,91,5,347,64,6,67,76
21,0,58,185,27,0,1799,6,12,108,73,3,69,77
69,0,64,169,43,4,1115,87,59,372,54,4,51,69
56,0,77,139,47,37,2239,120,15,60,27,5,48,130
71,1,70,148,30,22,1543,142,88,293,20,3,73,69
34,1,42,126,39,35,1964,50,112,204,50,4,96,112
36,0,73,128,32,37,2810,103,37,40,2,4,77,112
77,0,64,132,41,0,3233,173,54,270,37,7,47,81
41,1,40,161,47,0,3304,53,27,32,39,1,100,121
56,0,74,166,27,16,3253,72,50,60,6,4,91,101
56,1,71,128,38,34,1256,3,77,396,11,7,51,57
79,0,60,159,48,45,3070,56,44,319,77,3,47,126
30,0,46,185,31,43,1194,139,80,109,60,4,95,110
60,0,47,188,37,18,2641,58,69,113,55,3,75,108
37,1,49,123,30,32,2226,135,44,395,6,7,43,105
51,0,46,128,53,8,2223,161,57,174,64,2,85,75
53,1,59,148,50,29,1729,25,80,275,44,4,111,102
38,1,42,169,41,45,2115,28,107,7,37,3,52,124
21,0,43,125,39,19,1351,139,28,347,28,7,47,86
79,1,78,181,31,34,2802,164,80,82,35,4,82,68
55,0,73,134,43,7,2091,25,84,212,8,5,94,109
39,1,55,181,45,19,2863,49,40,224,49,4,58,110
37,1,71,134,46,8,2455,67,19,158,79,6,117,53
80,0,57,135,50,50,1686,103,36,28,65,2,77,55
79,1,76,194,26,32,2452,24,105,240,11,4,69,105
63,0,77,179,33,11,3236,82,36,311,60,5,47,80
57,1,71,141,53,21,3165,67,34,286,33,4,63,99
58,1,61,145,32,36,3415,8,82,114,24,2,68,85
72,1,70,149,29,43,1246,135,56,173,34,5,79,111
53,1,71,136,37,44,3320,80,88,379,74,3,62,84
80,0,67,145,53,40,1442,95,15,104,24,3,60,112
62,1,49,191,49,34,1026,9,100,268,33,1,54,119
72,1,49,185,51,9,2435,132,88,231,23,6,120,69
27,0,59,143,33,39,1095,140,58,107,60,2,97,107
72,1,66,146,55,9,1946,158,74,162,49,7,75,97
68,1,72,128,52,34,3214,127,56,322,20,5,108,68
58,1,70,185,55,26,1964,0,57,296,71,0,44,101
72,1,78,128,29,13,2044,129,7,239,46,6,61,72
67,1,52,151,33,37,1675,19,19,7,74,0,108,70
79,0,71,170,39,43,1589,19,23,173,63,0,99,93
54,0,63,173,26,34,2564,171,50,310,57,5,76,98
61,0,64,146,40,24,1588,142,108,112,0,5,110,75
48,1,74,145,47,29,2312,76,46,179,66,3,49,74
50,1,55,163,34,4,3273,73,78,126,50,3,83,54
33,1,71,121,33,39,2271,42,69,317,58,5,97,87
33,1,53,140,27,31,2379,23,54,282,80,5,80,97
33,1,44,135,40,25,1386,116,62,301,52,6,88,54
67,1,48,162,44,16,2475,103,65,21,32,1,109,85
56,0,77,161,31,31,2157,52,11,343,73,2,115,96
29,1,47,148,32,50,2281,174,84,40,73,1,48,80
60,1,42,183,48,46,2969,126,19,380,41,6,110,81
52,0,58,162,54,10,3085,69,104,40,62,2,68,123
36,1,46,129,54,14,1971,57,106,129,69,7,59,110
31,0,49,181,47,19,1110,18,94,239,73,7,55,107
71,0,45,172,27,45,2098,130,65,140,75,5,106,125
77,0,64,156,30,16,2822,32,2,34,51,1,81,116
63,1,40,152,43,7,2396,152,5,105,45,4,110,125
31,1,77,163,29,31,1714,168,109,60,53,1,55,88
75,0,76,121,26,45,2791,57,116,68,35,2,48,104
19,0,61,144,32,25,3373,140,83,333,59,7,61,120
70,0,49,127,40,32,2856,49,25,330,66,7,103,127
39,0,76,181,48,8,3408,138,88,102,38,0,44,54
78,0,45,194,35,23,3021,114,32,368,25,6,57,107
71,0,78,184,38,31,2751,127,69,271,8,7,115,118
39,1,47,150,30,4,1541,87,23,109,15,7,97,78
29,1,58,134,39,1,1050,164,86,315,54,2,119,52
63,0,43,171,45,23,1131,27,43,280,43,3,78,120
22,1,43,190,30,1,2918,88,12,56,31,0,114,122
55,1,77,178,48,34,1882,178,76,143,16,6,109,87
28,1,76,164,41,42,2372,100,103,138,22,5,52,56
72,0,47,188,44,41,3323,83,15,321,21,7,42,67
47,0,42,155,32,29,3477,7,26,6,31,5,111,120
36,1,63,124,46,21,2725,110,113,105,43,1,52,70
79,1,60,150,30,39,1074,58,52,89,39,5,88,127
47,0,58,172,53,39,2606,189,74,181,30,1,82,54
65,0,56,138,45,19,3258,2,29,164,27,3,101,65
54,1,56,151,29,15,2700,160,46,242,75,3,80,104
52,0,44,193,30,24,1096,97,39,74,43,4,71,110
41,0,77,139,31,18,1528,58,114,41,79,6,57,126
28,0,55,192,50,35,2211,111,47,118,22,5,50,129
22,1,71,125,55,32,1522,133,4,231,28,1,104,62
43,1,53,136,37,40,2050,135,51,334,61,7,73,63
28,0,49,130,42,12,1149,94,113,196,8,1,99,87
35,0,75,197,29,44,2848,8,0,204,77,6,112,77
46,1,67,146,51,3,1537,56,9,355,24,1,51,92
78,1,48,198,38,29,1835,59,120,239,63,1,76,130
69,1,56,157,53,22,1200,28,5,116,2,2,110,61
52,1,48,128,42,29,1512,107,70,29,46,2,109,106
33,1,76,144,35,46,2316,122,62,266,38,6,54,96
76,0,48,194,37,37,3087,96,95,382,19,3,63,96
35,1,56,145,46,22,1753,181,120,133,49,0,75,86
19,1,65,139,55,50,2171,108,66,49,63,1,40,60
53,0,51,168,46,50,3240,137,39,99,75,6,40,121
72,1,53,122,42,11,2966,123,41,326,53,1,54,78
21,1,63,171,43,13,2084,176,98,307,69,4,119,56
42,0,47,133,26,17,1000,181,3,381,20,6,75,104
24,1,77,172,45,19,2389,170,80,275,61,6,47,114
48,1,70,150,51,19,2862,39,43,399,29,1,93,119
79,0,52,145,41,16,1163,39,13,9,34,4,90,58
71,1,79,153,46,13,3296,78,115,108,24,7,110,106
31,1,53,120,54,3,1336,82,115,31,72,3,44,76
35,0,56,151,29,1,3046,34,45,369,78,2,67,81
43,0,67,193,37,22,1776,101,6,175,76,5,93,99
52,0,48,190,49,43,1193,42,44,53,72,4,61,90
49,1,70,131,54,45,3043,99,16,394,6,0,65,83
62,0,70,172,31,20,3489,119,105,279,26,1,54,58
43,1,42,192,31,37,1800,199,32,202,64,7,110,118
33,1,56,188,47,22,1903,134,0,331,32,3,95,81
45,1,41,166,31,49,1431,156,60,228,57,1,48,124
46,0,41,132,27,17,2420,199,118,292,62,6,109,116
19,1,76,130,42,2,1763,57,54,330,27,3,74,116
36,1,60,160,35,5,2395,144,59,12,45,3,75,69
26,0,70,127,34,7,1058,167,10,16,72,7,48,119
57,0,65,169,32,42,2009,182,24,49,24,2,94,56
38,0,48,192,51,15,2792,110,11,344,37,0,87,91
59,1,46,194,25,7,2948,60,59,190,30,7,90,51
65,1,55,182,44,14,3004,189,24,188,79,5,86,97
50,1,49,151,29,30,3238,106,95,115,4,1,88,98
69,0,73,186,50,37,2270,9,76,349,34,6,105,102
27,0,48,138,34,2,2190,163,101,322,14,3,111,129
73,0,74,138,29,16,2331,45,93,2,40,1,58,126
56,0,57,167,48,47,1788,12,78,104,43,6,49,129
37,1,78,135,48,30,2309,186,21,97,64,7,63,94
44,0,58,196,31,26,2662,53,36,130,18,5,103,96
23,1,72,179,33,41,3321,86,50,144,7,7,117,95
23,0,60,122,26,22,3151,30,107,268,53,4,99,123
72,0,72,140,29,2,1394,82,112,89,76,2,118,92
65,0,67,170,47,38,1978,80,16,100,25,7,81,73
70,0,50,163,42,30,3138,36,115,226,75,4,45,86
52,0,62,160,37,23,2392,79,47,246,26,2,58,62
35,0,69,142,42,38,1039,76,36,85,47,4,86,52
47,1,68,146,43,50,1021,122,53,227,31,6,58,79
47,1,67,156,27,17,1849,103,38,293,13,4,81,67
63,1,79,160,35,50,2095,83,27,123,20,2,110,92
61,1,54,175,48,9,1011,93,20,382,2,3,87,66
64,1,65,178,44,9,3219,22,14,223,41,7,63,117
49,1,57,138,42,22,2876,145,37,21,27,7,105,90
73,0,70,162,46,34,2105,37,53,47,11,1,94,88
43,1,47,168,54,43,1999,23,84,106,61,4,86,130
34,0,75,194,33,31,2989,107,115,168,28,6,79,109
27,0,45,169,28,31,1722,101,25,343,15,3,72,54
27,0,47,177,25,23,3357,90,106,22,68,1,116,123
42,0,50,161,40,40,3150,117,78,174,22,0,94,130
69,0,70,147,39,16,1280,182,22,2,6,0,102,79
49,0,70,199,50,5,2836,134,19,218,71,1,57,64
54,1,45,164,28,9,1180,6,99,145,61,6,107,60
23,1,47,188,29,2,3480,36,104,200,72,0,54,105
30,0,67,164,53,48,2998,100,100,136,39,3,89,123
41,0,57,198,38,30,2939,150,115,29,69,0,82,110
40,0,52,122,45,33,1514,186,106,200,79,0,115,62
68,0,74,141,47,50,1826,176,47,128,42,1,65,105
46,1,77,151,37,3,1673,100,28,192,11,3,69,65
48,0,42,177,47,47,1894,102,60,327,32,3,88,92
54,0,72,142,45,50,1359,79,42,77,48,6,93,59
43,1,42,131,33,24,1374,195,35,395,57,0,92,106
74,1,44,167,39,2,1996,179,19,187,7,3,82,89
58,0,59,122,54,43,2272,172,0,81,34,5,97,118
21,1,73,155,50,17,1365,67,89,328,14,1,103,91
29,1,47,120,42,39,1828,23,112,50,21,4,71,127
55,0,65,198,28,16,1182,178,102,136,31,7,97,116
56,0,45,183,27,25,1907,177,108,129,27,0,104,114
60,1,44,121,55,21,1732,45,32,352,51,5,106,97
24,1,76,157,50,39,1381,30,48,189,79,3,76,102
23,0,70,166,27,39,1168,98,50,381,15,5,114,123
62,1,74,160,27,47,2403,101,99,156,25,5,90,119
45,0,62,192,51,25,2007,79,86,217,41,2,100,69
19,0,62,133,44,22,1534,192,69,9,53,0,45,90
47,0,74,154,44,34,1802,43,7,64,23,6,103,76
56,1,55,183,38,20,1196,92,19,164,8,1,51,63
40,1,52,162,52,5,2634,192,0,209,16,5,115,74
73,1,58,145,33,46,2018,89,67,283,49,5,45,96
25,0,63,179,36,11,3491,131,3,126,38,2,115,119
41,1,63,179,45,33,1012,108,34,392,68,4,55,116
47,0,46,181,42,13,2779,137,68,124,17,2,117,55
18,1,80,167,41,22,2998,129,21,126,64,2,102,59
54,0,62,134,50,15,1204,59,8,334,17,5,102,73
50,0,40,190,47,21,2749,137,11,388,29,2,59,97
63,0,72,142,45,25,1093,16,81,380,72,2,69,52
34,1,60,156,32,20,2708,28,39,5,35,5,53,58
45,0,40,169,53,0,2229,18,98,367,4,1,88,113
36,0,66,163,39,32,1319,182,4,48,73,6,70,122
66,0,70,176,28,18,1626,8,7,63,70,3,62,94
22,0,67,179,37,30,1784,167,19,310,12,0,56,89
52,1,59,128,49,19,2517,92,101,133,58,3,97,115
68,0,72,177,38,36,2835,170,56,87,45,2,108,117
24,0,69,200,41,20,2357,157,44,384,31,2,114,120
19,0,65,136,28,15,2226,91,2,214,57,2,65,119
31,1,74,186,48,38,2466,107,108,15,15,0,44,128
71,1,78,139,43,37,3400,48,90,89,1,2,112,127
25,1,76,184,45,8,1706,131,58,286,22,4,53,70
42,1,76,171,29,40,1322,51,80,159,15,6,71,106
46,0,64,151,30,43,2891,14,21,125,55,7,42,127
73,0,52,148,52,30,2451,87,5,341,70,0,45,119
34,0,71,154,54,23,2720,185,35,335,48,1,84,75
57,1,69,155,29,25,3259,188,59,230,27,7,107,95
62,1,68,158,43,13,1812,165,52,344,3,5,53,119
56,1,71,155,44,44,1417,161,43,22,62,0,91,96
53,1,74,170,37,40,1406,54,28,250,52,2,40,115
28,0,72,184,39,2,1163,32,98,238,14,0,61,62
60,1,68,195,35,50,2267,200,48,334,39,5,55,111
27,1,54,198,34,17,2614,159,118,289,51,1,53,126
26,1,73,135,43,41,1096,194,16,205,67,1,62,63
74,1,76,198,30,38,3484,136,30,189,39,3,114,104
60,1,59,140,48,6,1880,44,72,23,55,3,97,99
55,1,65,144,35,26,2473,59,87,145,64,5,54,62
35,0,61,161,31,19,1447,48,70,166,18,1,62,92
40,1,57,120,35,24,1033,40,28,89,18,6,66,66
46,0,49,176,46,2,3373,160,76,204,41,6,67,85
38,1,70,159,32,34,2890,89,70,121,11,4,98,118
79,0,59,160,50,1,2009,41,2,317,78,4,58,128
56,0,58,192,30,16,1185,31,54,169,43,4,86,90
36,0,62,172,40,29,2919,125,51,55,47,3,51,77
43,0,55,122,36,0,1489,56,108,355,64,6,117,85
25,0,66,157,30,11,1625,26,107,126,18,6,119,53
46,1,72,200,50,26,3118,24,69,109,18,5,44,82
31,0,67,131,35,11,1158,77,13,62,11,1,104,55
59,1,63,169,44,23,1779,181,34,292,77,5,119,100
76,0,51,129,28,28,1671,77,109,308,77,2,68,97
37,1,49,120,51,5,2317,65,111,295,6,1,101,78
35,1,61,138,54,20,1870,98,4,216,5,3,74,109
74,1,53,175,49,36,1004,191,11,135,6,7,87,72
45,0,46,146,34,6,2448,12,120,391,60,5,77,130
64,0,60,144,41,30,2786,116,65,284,27,5,56,54
39,0,62,188,32,14,2101,6,64,194,2,7,54,116
74,0,73,196,43,37,2879,158,18,84,29,0,102,86
35,1,57,162,26,40,2554,67,116,188,73,4,80,71
31,0,67,152,27,48,3100,169,116,55,52,2,72,87
18,1,74,132,44,40,2348,152,67,387,56,5,57,73
80,1,65,191,50,19,3153,140,56,334,20,0,64,100
63,1,44,149,53,21,1200,51,21,295,76,6,108,114
65,1,48,164,51,32,1058,37,102,326,51,4,105,123
63,1,67,159,47,25,2002,103,63,261,11,3,81,114
74,0,40,132,49,34,2723,174,107,317,39,4,99,89
59,0,48,159,30,21,2261,112,3,17,75,3,98,63
36,0,79,160,54,40,1777,131,17,102,48,0,92,96
43,1,80,125,51,45,2752,192,59,362,31,3,75,122
34,1,71,176,40,30,2331,200,99,364,13,3,112,107
73,0,76,180,33,30,3065,156,120,143,76,5,42,70
38,0,63,178,35,7,1609,1,19,210,24,6,73,91
28,0,45,176,43,35,2008,158,20,204,78,4,86,114
80,0,65,188,34,25,2738,4,17,44,0,1,95,121
80,1,76,156,35,22,2955,199,72,70,38,0,52,119
32,1,51,168,35,21,1968,130,7,254,36,7,45,86
40,0,45,197,35,21,3474,158,109,258,69,5,50,104
18,0,71,141,54,50,1457,197,117,114,60,7,97,85
22,1,63,183,42,29,1840,100,9,333,47,0,40,76
63,1,62,161,31,45,1613,122,2,228,56,6,99,89
48,1,77,132,53,12,2755,142,38,1,79,4,108,75
77,0,72,124,35,37,2413,32,111,183,43,4,49,122
54,0,40,136,30,12,3344,0,4,275,28,5,63,111
56,1,53,120,41,20,1429,188,104,336,17,0,65,52
46,0,59,181,33,18,2910,3,76,60,77,4,107,95
67,1,79,181,32,41,2090,111,8,239,43,5,72,110
72,1,70,169,43,32,2823,129,86,75,5,3,52,92
36,0,67,134,41,5,2592,58,73,134,69,7,75,98
58,0,68,132,31,5,1741,126,2,336,52,6,84,91
52,0,77,170,42,30,1508,23,88,15,66,5,56,117
71,1,74,164,38,47,1944,67,90,394,79,5,74,90
63,1,40,174,49,48,2943,185,102,107,19,0,85,98
70,1,56,134,48,29,1455,150,112,219,75,6,45,118
61,1,61,138,52,28,2787,79,47,400,40,2,46,91
65,0,64,125,32,3,1361,138,10,9,18,0,79,130
31,0,79,147,38,46,2343,161,110,172,7,5,98,115
35,0,70,151,36,49,3486,145,60,201,62,0,115,62
42,0,52,193,31,42,1496,189,101,14,66,0,74,110
62,0,71,184,28,39,3130,124,105,390,23,2,103,125
37,0,59,157,25,7,2611,169,31,67,55,3,67,106
18,0,68,177,43,37,1959,117,66,168,42,3,93,91
39,1,76,168,39,33,2565,26,89,304,25,0,73,115
32,0,44,120,48,49,2710,136,112,63,7,7,88,100
35,0,79,157,41,25,3386,20,115,80,59,6,115,69
71,1,45,151,53,1,2287,65,61,378,55,3,71,111
35,0,40,177,33,23,2580,141,106,296,47,6,93,70
41,0,69,170,35,25,3215,166,72,368,46,7,45,55
63,1,60,125,53,23,3452,147,84,341,50,5,96,116
45,0,64,155,52,45,2381,186,106,371,16,7,114,125
29,1,52,152,36,38,2491,170,41,353,72,0,105,102
80,1,52,136,38,41,2968,40,15,7,11,0,90,113
26,0,70,141,52,22,1041,113,86,150,6,7,107,83
70,1,53,179,39,21,2032,45,29,271,56,5,108,59
53,1,66,149,41,44,1496,103,58,204,11,7,70,130
21,1,40,156,25,10,1836,32,116,330,35,0,69,79
39,1,42,123,48,28,1560,37,70,73,72,3,48,77
32,0,72,132,31,5,2652,105,32,330,65,5,51,55
56,1,49,178,39,2,2952,186,54,205,5,7,69,54
39,0,75,151,54,2,3143,200,13,98,38,7,86,81
65,1,70,124,49,47,3276,149,16,150,55,6,78,56
29,0,47,149,40,3,2208,154,50,76,77,1,82,105
71,1,78,196,52,19,2757,173,63,81,21,1,97,129
25,1,71,128,49,40,2200,198,91,200,48,1,107,121
21,0,64,200,35,4,1527,177,100,79,54,6,120,107
68,0,73,171,31,48,2599,45,100,63,39,6,51,130
35,0,56,122,41,12,3005,28,66,323,4,0,83,117
32,0,40,199,28,13,2704,75,3,338,13,6,56,105
80,1,67,199,49,35,1156,16,114,129,26,0,73,107
23,1,54,162,27,13,1516,102,101,11,6,1,112,120
34,1,44,197,45,6,1021,147,112,112,47,3,75,124
37,0,78,175,53,27,2625,186,4,15,17,1,46,111
27,1,58,184,49,39,2250,53,12,67,7,1,59,81
77,1,46,149,34,48,3315,181,74,55,76,7,119,100
33,0,80,135,50,27,2665,12,86,61,27,2,95,81
64,1,49,187,32,38,1191,60,64,39,56,2,63,59
62,0,76,164,45,24,1365,158,11,18,68,1,108,66
21,0,55,120,30,27,1441,55,119,183,76,1,44,93
43,1,67,150,44,28,2986,74,19,250,38,3,41,83
77,1,63,186,30,34,1943,90,101,393,72,1,112,123
23,1,61,191,37,35,2591,82,118,31,27,3,70,78
32,1,79,133,41,8,3431,181,42,209,21,4,92,91
43,0,57,163,44,34,1548,75,96,57,2,1,96,122
35,0,54,165,32,20,1821,84,12,183,48,2,116,120
25,0,79,130,54,13,1243,196,25,105,0,0,67,64
30,1,80,152,43,12,1288,160,111,21,35,1,97,94
75,1,55,164,45,41,1930,102,59,260,32,5,82,96
33,1,44,147,43,21,1991,100,111,167,17,6,94,89
68,1,41,129,27,27,2247,27,105,274,65,7,98,73
35,0,57,150,38,48,1861,54,95,153,25,3,58,83
30,0,44,120,48,50,2698,164,103,332,73,5,83,51
46,1,66,193,54,24,1560,169,87,317,30,6,113,63
19,0,57,157,37,21,1841,98,117,62,44,1,109,113
21,1,41,172,47,37,2472,128,78,117,47,4,41,72
34,1,48,123,46,45,1266,15,21,195,65,1,70,104
65,0,47,164,40,5,2155,28,109,105,34,6,115,69
54,0,64,200,25,42,3279,38,84,64,63,5,107,106
30,1,80,153,27,39,2965,31,54,50,12,1,53,116
75,1,53,152,44,11,2990,27,22,234,29,3,54,124
58,1,72,123,42,34,1825,189,78,14,53,6,63,72
25,0,62,138,54,27,2767,47,48,93,80,3,78,114
46,0,77,159,34,23,2548,57,47,221,73,4,109,108
43,1,75,167,42,35,1348,149,35,12,16,3,120,103
76,1,71,124,46,38,1951,198,74,174,64,0,87,124
44,1,48,128,33,31,2708,57,95,0,68,6,84,57
35,1,60,182,40,18,1933,146,34,141,67,6,61,74
48,0,65,162,31,49,3291,76,39,393,1,2,67,60
38,1,46,169,38,50,2172,150,33,270,34,4,105,115
50,1,40,126,50,39,2608,117,42,400,56,2,61,75
67,0,67,178,39,45,2352,142,0,182,30,7,78,100
75,1,67,153,27,36,2352,6,60,303,57,7,106,60
22,0,68,135,32,20,2070,166,49,135,47,2,112,52
26,1,79,168,45,14,1011,68,106,124,21,4,105,80
67,0,79,167,50,48,1247,126,80,210,44,7,99,70
65,1,42,164,53,33,1699,155,80,22,56,5,92,96
65,0,50,195,45,30,3380,108,79,266,63,6,89,72
77,0,63,194,45,36,1553,196,4,226,55,0,52,110
41,0,63,139,42,26,1756,62,85,32,29,3,108,119
43,0,42,138,35,20,3107,188,107,88,74,1,108,86
59,0,69,178,48,31,2518,141,90,145,11,3,55,56
27,0,80,159,35,36,2751,175,45,80,43,1,44,84
55,0,48,151,34,27,1606,1,80,368,59,4,93,87
24,0,76,175,30,27,3442,187,86,77,80,4,61,74
59,0,71,187,36,48,3040,72,14,191,71,2,106,70
19,0,43,179,38,50,1641,29,9,311,65,5,80,104
77,1,47,137,28,2,2503,45,30,89,52,3,52,58
49,1,67,135,43,10,2065,102,57,217,36,1,76,121
72,0,46,145,54,35,3275,86,109,213,39,7,49,123
35,1,47,142,54,4,2579,50,37,232,68,0,119,60
23,0,58,153,25,49,3379,6,32,253,68,3,78,105
31,1,43,151,39,37,2974,128,47,268,39,0,50,90
59,0,71,133,54,8,2542,140,59,391,79,7,95,78
57,0,57,137,35,19,2970,157,118,294,34,2,114,70
49,1,61,128,36,2,1577,85,2,193,61,6,69,130
31,0,51,199,49,39,2050,133,16,105,6,3,92,91
74,0,52,132,29,23,1419,13,106,397,26,6,111,70
30,0,45,132,32,22,3020,88,71,184,54,3,108,89
64,0,51,134,52,23,1082,98,77,299,60,6,80,125
71,0,45,121,25,41,1900,43,42,92,35,6,63,89
20,1,80,174,27,1,2300,50,78,137,1,7,93,62
43,1,45,134,32,48,1645,195,118,130,33,4,112,104
35,1,45,126,54,18,1579,2,90,36,22,1,119,76
31,0,56,200,41,35,2825,49,88,171,1,3,74,113
79,0,42,198,54,36,2440,83,76,302,42,7,101,129
31,0,69,192,37,36,2557,5,3,259,51,0,89,54
64,1,45,176,54,21,1156,138,83,136,75,5,56,81
42,0,46,164,36,15,1813,188,13,81,52,7,66,103
71,0,57,155,44,22,3464,190,104,165,12,5,80,96
46,0,44,137,51,6,2325,115,10,207,53,5,53,129
19,0,72,186,51,34,3148,64,66,315,49,5,87,123
34,0,68,151,36,0,2871,30,74,243,31,1,87,60
28,1,69,171,38,40,2540,155,110,372,30,1,105,74
68,1,40,152,25,49,1706,176,60,281,59,0,116,99
78,1,78,197,31,32,3132,148,34,348,25,3,65,86
23,1,57,171,53,20,2135,176,92,45,78,4,79,112
32,0,73,193,42,24,1942,49,70,169,2,1,117,75
61,0,42,197,40,11,1059,165,22,177,59,4,107,61
71,0,56,154,30,45,2534,185,73,384,12,4,75,101
63,0,56,189,55,45,2310,91,42,369,17,5,107,63
61,1,60,136,39,42,2842,143,36,197,1,5,107,55
41,0,77,121,45,13,2117,124,28,297,8,4,46,121
36,0,57,136,48,23,2500,87,58,286,30,6,67,121
56,0,80,199,25,3,2348,69,10,372,30,0,107,127
64,0,74,128,36,27,2911,182,64,240,55,6,87,116
23,0,57,135,41,2,1780,32,47,319,30,3,48,78
28,1,46,161,26,36,1306,60,47,120,10,5,54,116
63,0,63,194,31,24,3303,166,92,7,25,0,118,77
76,0,60,199,51,36,1336,55,86,377,46,0,85,113
56,0,67,125,29,14,1657,29,68,276,26,7,59,52
44,1,70,133,52,37,3342,177,111,22,32,1,54,123
48,1,43,159,35,45,2383,12,27,183,36,2,45,63
59,0,45,184,39,31,3315,11,103,267,76,2,58,110
54,1,61,147,40,11,2722,19,41,64,14,0,60,104
45,0,52,197,44,7,2602,61,107,354,2,7,45,92
59,1,51,156,37,18,1842,200,6,152,57,7,85,72
71,0,76,168,46,44,1181,140,72,186,43,3,99,66
25,0,75,152,43,23,3324,162,85,210,42,0,76,85
38,0,77,148,47,23,1989,7,8,15,47,2,107,73
31,1,74,191,50,25,2860,188,120,174,63,0,110,81
29,1,44,131,55,5,2530,175,3,129,71,5,56,97
50,1,54,186,53,23,2282,72,61,386,38,5,43,54
29,0,75,162,51,2,2319,52,104,226,21,0,74,72
48,0,46,149,29,8,2621,120,88,99,68,3,72,64
65,1,46,175,26,4,2167,150,102,296,77,3,76,129
70,1,40,141,43,45,2942,143,52,227,27,4,69,129
60,0,76,145,39,27,3277,16,34,47,49,7,87,57
24,0,41,184,53,16,2489,111,21,363,41,5,79,98
22,1,75,159,43,22,2182,36,91,94,37,7,44,112
33,0,49,178,50,43,3317,180,4,311,60,5,56,99
48,1,67,184,44,1,1388,133,40,322,1,1,102,52
41,1,78,198,54,49,1166,11,22,281,5,1,59,65
22,0,44,194,36,19,3238,56,15,33,31,3,113,121
72,0,79,181,32,16,1934,57,33,227,32,4,95,69
46,1,41,196,42,7,2833,186,114,393,11,5,94,58
27,0,51,182,51,5,2120,195,115,343,70,3,95,71
33,0,43,156,25,12,1832,93,91,329,28,3,62,53
25,0,76,148,49,25,1394,175,96,157,4,0,66,88
68,1,50,193,25,45,1305,23,12,65,50,5,72,58
20,1,61,189,45,16,1780,148,5,278,31,1,52,72
74,1,65,166,55,14,2492,167,38,56,32,5,73,110
64,0,79,186,30,49,2971,51,101,211,51,0,43,120
70,0,49,185,40,32,2384,60,60,246,62,1,91,97
70,1,76,180,55,0,1901,31,76,147,35,7,58,92
78,0,45,185,53,8,2376,168,38,113,23,0,46,113
49,0,40,154,54,39,2405,66,47,96,78,2,111,110
39,0,41,145,32,0,1170,57,23,140,12,5,115,52
78,1,56,162,48,13,2732,19,0,290,66,6,65,117
75,1,48,192,28,7,1427,125,51,171,49,3,107,53
58,0,74,152,26,12,1982,178,42,195,79,4,96,71
19,0,61,170,50,39,1111,94,101,227,38,0,52,119
27,0,63,162,40,43,1905,134,1,77,4,4,79,129
48,0,62,158,46,41,2799,16,27,374,0,3,60,74
43,0,74,137,53,8,2200,59,21,143,23,2,88,115
20,0,71,123,38,20,1914,49,53,385,14,5,60,86
74,1,44,148,38,49,3487,3,33,314,61,3,52,117
58,0,41,177,38,9,2682,155,49,50,52,3,91,101
21,0,71,161,26,39,3113,74,20,205,34,7,80,84
41,0,66,172,52,31,1884,125,6,186,80,6,118,117
67,1,51,164,38,8,2509,5,44,315,3,7,109,126
74,0,76,146,55,1,2034,88,77,192,69,6,68,103
19,0,78,195,43,37,2404,178,90,97,79,2,99,124
31,0,42,169,45,47,1981,165,38,312,9,0,51,122
80,0,74,199,50,35,2052,11,53,85,38,6,89,98
59,1,72,165,27,30,1297,160,104,233,78,0,89,85
75,1,42,155,37,22,1774,8,7,296,36,0,71,102
23,0,57,199,55,36,3045,25,58,377,36,7,95,52
39,0,67,151,49,8,3406,177,78,373,28,7,48,103
25,0,57,136,30,36,2204,179,67,61,74,2,120,85
23,0,58,162,34,40,2292,89,60,20,48,3,120,86
30,0,45,149,55,38,2158,191,96,128,67,7,83,121
35,1,70,151,47,15,2855,172,56,377,36,5,103,126
41,1,70,176,38,43,1486,198,7,153,54,2,100,91
80,0,74,166,37,49,1934,155,48,166,65,7,83,100
50,0,77,159,31,47,2865,198,72,249,56,6,109,90
46,1,76,141,42,45,3169,110,107,153,30,1,42,128
35,0,65,135,38,25,2816,46,12,333,14,6,109,107
24,1,51,195,37,35,2675,184,99,392,9,3,69,88
61,1,53,197,32,45,3200,118,11,367,4,4,72,56
75,1,51,145,51,1,2794,144,71,64,53,7,58,63
62,0,76,175,41,43,1486,132,47,256,70,0,116,84
46,0,56,133,55,1,1682,27,59,137,76,5,107,79
29,0,41,156,53,11,3283,86,84,347,51,0,60,122
60,1,68,189,31,41,2651,49,111,250,12,3,113,82
78,0,47,134,37,45,2236,37,10,340,68,5,112,54
31,1,42,175,29,47,3128,47,85,177,62,5,94,63
59,1,53,152,54,10,2186,3,90,227,71,3,111,125
58,0,58,192,33,30,1431,131,50,382,51,5,116,102
60,1,55,179,31,29,1537,171,48,32,60,7,99,92
70,0,55,128,28,18,3350,195,114,386,30,5,42,65
50,1,77,152,34,49,1532,196,28,187,72,4,47,90
70,0,59,183,48,4,1690,101,4,15,55,6,47,129
21,0,73,189,28,12,1806,134,38,303,67,3,48,105
57,0,73,160,45,11,1633,126,94,275,56,3,115,54
18,0,51,143,54,48,2304,9,92,299,43,1,94,114
40,0,46,121,33,16,2738,190,31,51,18,7,112,101
54,1,61,128,54,34,3142,59,46,10,59,7,56,71
54,0,66,190,37,50,3385,177,5,272,20,6,111,71
53,0,44,122,32,16,1720,159,64,9,31,3,94,116
47,0,60,164,40,14,1697,1,21,253,79,7,54,99
74,0,48,197,36,13,3369,119,0,103,54,2,41,78
57,0,61,173,55,14,2740,33,49,191,66,7,79,59
42,1,56,175,32,17,3395,17,116,52,28,2,104,98
51,0,76,196,35,9,2835,125,100,171,6,3,85,79
71,1,51,148,55,16,1335,94,70,347,78,1,68,94
56,1,76,128,50,37,2438,19,90,248,79,1,61,88
61,0,72,163,55,6,2014,61,58,287,67,7,86,104
53,1,44,185,55,21,2960,155,62,58,64,4,81,116
73,0,52,169,38,8,1259,45,88,134,41,6,110,97
32,0,70,129,33,33,3325,137,8,2,36,2,98,81
64,1,72,159,41,16,1750,133,85,1,40,1,47,74
31,1,78,194,36,35,1076,72,24,121,18,0,104,52
23,1,47,140,25,12,3380,157,107,311,7,3,96,76
78,0,61,140,47,28,1855,152,63,369,22,3,75,115
62,0,48,142,54,12,1078,18,111,68,8,3,81,65
48,0,70,160,34,49,1079,168,18,154,78,1,115,115
71,0,76,158,28,12,2214,35,36,250,36,0,94,124
40,1,51,122,28,48,1719,2,89,375,78,1,66,103
42,1,70,189,38,2,1547,144,53,376,70,2,86,96
79,0,49,195,28,25,3270,194,4,169,2,7,97,99
44,1,61,154,55,16,2120,97,92,0,45,4,62,77
51,1,57,143,51,31,3072,31,43,126,53,7,75,128
60,0,43,123,41,45,2152,75,44,400,45,4,65,84
52,0,63,192,52,13,2998,127,52,310,54,4,65,107
68,1,47,137,29,48,3338,76,4,297,8,6,46,120
76,1,80,134,46,19,2840,60,95,128,51,0,114,65
26,1,65,136,40,10,3166,13,76,154,74,6,87,109
34,0,60,197,54,35,1742,31,52,296,73,6,62,74
59,0,43,140,48,1,1570,26,102,64,71,1,66,120
61,0,55,135,41,46,2585,41,51,266,34,4,105,120
41,1,75,160,34,32,1098,106,41,172,31,1,96,60
70,0,67,173,34,0,2130,147,16,60,36,1,57,106
75,1,56,164,46,10,2898,34,96,342,51,6,93,73
31,1,56,183,50,22,2501,79,91,45,31,4,112,94
20,1,51,128,29,43,1312,133,3,363,41,0,96,65
42,1,41,137,34,37,3154,181,65,237,62,4,77,111
58,0,80,144,55,37,2016,79,78,256,77,3,116,67
73,0,44,150,45,9,1362,157,9,378,36,1,83,81
47,1,78,196,36,18,1215,136,91,134,52,1,84,114
72,1,80,131,39,13,1818,30,88,43,52,2,66,71
78,0,75,169,31,37,1454,71,113,157,7,0,55,76
70,0,50,153,42,21,2412,161,28,36,11,6,47,109
56,0,80,176,30,50,1361,181,12,55,2,2,61,60
61,1,57,165,36,49,3393,27,32,3,51,6,117,106
52,0,67,176,29,27,2935,34,79,14,44,0,108,53
18,1,43,127,30,0,3370,127,4,315,80,5,107,105
27,0,57,164,53,6,1718,117,73,277,60,4,110,121
61,0,56,179,35,16,2419,79,14,291,61,0,116,53
75,1,68,192,31,42,2439,70,68,299,59,7,97,74
21,1,64,190,40,10,3462,123,34,268,29,3,110,107
45,1,63,145,39,21,1399,117,17,350,6,0,86,81
42,1,65,132,30,18,2351,47,53,232,44,1,44,104
66,1,80,178,28,48,2591,87,0,169,27,1,64,125
34,0,57,180,51,32,2513,181,95,329,6,5,49,82
79,1,74,157,52,44,3115,140,21,65,18,6,111,128
40,0,59,126,27,4,1294,165,82,365,66,4,80,54
41,1,60,192,37,33,1885,48,83,198,25,4,112,114
78,0,80,124,53,11,2447,81,92,223,3,4,61,100
65,1,47,190,39,11,3493,78,75,383,45,7,75,97
29,1,40,170,46,29,1224,147,24,359,12,0,86,97
18,1,43,120,39,8,1958,102,20,159,14,3,108,78
67,1,62,198,35,13,3480,116,42,231,40,4,70,69
20,1,43,182,37,45,2248,66,36,74,19,3,119,82
34,0,59,126,50,7,2323,26,50,269,78,5,116,58
33,0,60,121,51,29,2304,161,76,348,51,6,49,107
47,1,42,194,49,2,2280,97,79,152,60,5,70,69
67,0,70,121,55,45,1763,28,30,383,55,7,66,110
58,1,77,158,43,14,3311,61,62,211,25,7,115,98
55,0,76,137,45,30,1932,101,114,385,20,4,112,110
19,1,62,144,50,18,1382,121,83,5,15,6,54,110
72,0,66,120,37,31,2897,97,107,365,75,2,94,106
38,1,64,195,48,23,1225,2,54,334,75,4,60,111
75,1,46,177,49,47,1995,188,11,383,32,1,68,99
74,0,49,194,30,3,2156,48,117,78,24,0,92,71
76,1,41,124,33,42,1051,72,113,123,63,7,49,54
61,1,55,148,51,15,1368,192,114,19,20,2,119,120
48,0,73,150,26,46,1547,118,77,242,20,0,77,97
33,0,68,139,32,13,3111,68,49,111,62,3,97,58
68,1,61,189,50,13,1817,24,95,28,49,5,72,53
39,1,67,175,47,22,2142,193,53,141,28,2,120,113
66,1,45,160,53,8,1552,73,37,395,21,0,52,127
33,0,44,167,55,16,3211,58,58,296,49,3,60,90
45,0,50,195,28,27,3123,43,25,191,56,4,83,61
79,0,65,169,41,29,1124,126,12,90,7,7,103,57
56,1,49,191,50,25,1106,59,30,140,0,5,74,82
40,1,43,177,47,6,2756,120,99,61,73,6,110,126
74,1,66,136,53,1,2398,168,118,103,5,3,71,110
77,1,42,162,55,3,1959,29,7,327,22,2,99,72
72,1,54,136,43,39,3316,67,57,357,32,2,44,108
73,1,58,162,40,2,2956,7,7,68,33,6,52,99
31,1,67,128,28,46,1162,97,38,208,55,5,58,125
57,0,41,165,44,29,2135,182,83,169,61,7,57,106
42,0,75,183,55,1,3443,48,93,51,55,1,51,102
27,0,72,198,50,44,1876,89,88,225,6,7,76,101
42,1,77,158,28,32,2511,152,71,395,23,5,114,97
41,1,62,141,41,33,1651,169,59,184,62,0,46,122
66,0,56,173,34,22,1174,78,52,253,58,2,49,85
58,1,46,160,48,24,1655,44,0,105,23,2,58,130
65,1,79,120,35,29,1286,128,60,228,12,1,75,101
73,0,67,154,55,9,2740,34,59,39,21,1,43,64
43,1,62,153,34,28,1696,82,61,313,57,4,41,111
63,1,43,190,28,25,1921,199,118,88,52,0,49,54
27,1,62,148,43,11,1487,116,101,266,13,2,93,73
28,0,41,175,37,42,2296,22,34,179,71,7,97,116
61,0,61,189,43,37,2805,118,1,264,79,4,92,81
24,0,55,129,40,20,1309,162,29,390,64,3,83,107
28,1,80,181,54,2,1394,171,21,147,71,4,112,66
60,1,47,132,53,6,1638,62,35,220,3,0,88,79
66,0,79,178,33,33,2485,50,63,102,4,6,109,64
68,1,43,165,39,43,1439,102,70,184,37,5,53,86
40,0,45,189,30,12,2585,35,12,154,43,6,105,112
37,1,43,168,25,36,2624,92,98,244,7,0,118,58
67,0,69,131,27,48,2542,152,47,201,78,1,50,112
52,0,59,137,29,28,1309,109,55,273,17,0,62,99
45,1,75,125,31,1,1456,181,23,225,53,1,99,116
70,1,67,199,48,44,3214,57,82,96,36,6,118,93
49,0,49,140,43,46,1967,195,3,214,56,2,64,93
51,0,49,191,39,17,2880,49,70,0,69,1,102,69
45,0,71,179,28,50,2944,180,53,369,3,6,63,69
72,1,77,163,51,38,2263,167,111,227,47,6,76,62
76,0,55,134,27,3,3100,160,19,45,72,4,52,67
45,1,78,125,30,25,2905,104,99,384,20,3,57,50
29,0,50,164,41,4,3468,16,52,308,32,5,91,91
72,1,68,132,42,13,2643,47,62,190,74,4,53,124
23,1,80,200,43,12,1946,85,100,351,14,5,116,98
63,1,41,182,46,24,3020,91,63,314,54,5,120,103
33,0,69,151,41,22,1065,114,33,2,46,7,82,71
29,0,50,180,34,25,1171,11,20,334,31,3,53,57
61,0,47,126,48,21,2400,17,3,215,53,1,88,120
19,0,65,192,42,2,1250,165,94,227,17,4,83,114
35,0,56,172,31,14,2986,88,61,84,46,0,46,88
28,1,50,164,50,32,2945,103,51,78,77,7,89,82
66,1,56,120,31,5,3403,125,112,149,61,5,97,62
60,0,49,141,44,38,1752,168,101,164,0,1,88,61
40,1,75,179,50,3,2019,85,85,207,67,6,102,127
65,0,60,128,26,31,1630,32,70,379,7,3,78,86
19,1,43,134,36,33,1632,144,68,308,46,4,88,81
55,0,42,200,55,19,2596,41,58,220,41,2,61,76
78,0,57,196,32,45,1512,142,9,83,58,7,110,122
55,1,51,178,32,48,2347,78,119,309,62,3,117,60
56,0,42,123,34,4,1548,51,87,234,39,5,67,62
46,1,75,177,39,28,1381,133,96,205,53,7,50,117
67,0,69,173,34,4,1367,111,118,172,58,4,49,74
29,1,73,166,53,45,2064,85,54,171,9,7,43,82
44,1,48,131,46,25,2759,72,16,50,8,2,49,106
61,1,72,129,42,4,1825,6,51,278,73,0,59,81
49,0,67,190,40,44,2632,90,62,51,9,6,94,95
31,1,58,142,43,6,1169,123,38,69,18,6,68,57
59,1,74,121,25,25,1015,86,35,307,59,1,82,128
49,1,73,143,43,17,3191,56,7,53,76,3,117,130
49,0,54,149,52,11,2461,192,57,160,51,7,76,65
28,0,77,191,52,24,3225,98,35,346,3,4,96,100
77,0,43,126,39,26,1154,147,60,135,73,7,97,109
65,1,65,170,32,10,1927,151,27,140,7,5,70,71
74,0,80,149,33,29,2857,40,41,32,16,6,45,64
20,1,69,126,39,10,2726,177,42,238,17,1,84,111
54,1,60,178,32,15,1048,57,60,34,16,5,91,57
28,0,51,185,48,3,3433,25,70,219,26,4,62,111
38,1,78,157,53,8,3211,104,40,202,70,7,97,103
48,1,70,162,40,19,1037,2,20,253,30,1,92,59
60,1,77,134,34,20,1222,127,104,239,38,4,111,81
65,0,54,143,43,17,3227,44,106,61,22,6,57,117
50,1,55,190,40,29,1573,39,101,9,2,2,102,118
56,0,53,183,52,40,1624,88,91,40,7,6,88,117
41,0,76,152,43,9,2197,72,114,109,55,3,54,88
28,1,56,126,50,13,2415,40,110,378,16,5,47,95
38,1,47,156,30,0,1453,28,1,86,13,6,104,113
55,0,41,198,30,13,2665,117,38,186,78,7,111,81
63,1,54,161,34,31,2660,157,14,177,67,7,88,96
57,0,70,189,33,27,2345,190,68,400,78,4,88,53
52,0,72,162,39,22,1985,197,87,266,61,5,83,88
51,0,62,186,29,7,1358,175,51,274,13,0,99,63
19,1,66,142,46,28,1829,193,88,76,20,6,75,119
41,0,48,199,53,37,2848,29,94,156,8,5,88,80
53,1,43,185,26,1,1399,79,44,86,52,7,45,99
45,1,63,161,26,41,1402,48,86,283,74,1,66,63
52,1,43,121,33,40,1434,44,22,364,30,1,113,124
26,0,58,164,35,27,1618,87,30,363,75,2,101,113
74,1,45,167,28,14,3186,53,99,6,70,7,78,95
47,1,70,144,44,34,1020,161,63,207,63,2,47,56
73,1,50,158,29,27,3133,57,3,341,48,2,73,71
41,0,61,146,32,39,2511,24,54,377,73,5,106,61
43,0,59,191,39,49,1576,140,88,107,68,3,47,74
48,0,69,188,36,24,3049,197,93,282,77,6,99,81
18,0,52,144,28,30,1634,104,65,37,4,2,48,113
42,0,42,148,51,4,3077,86,92,54,5,2,89,102
60,0,44,177,35,12,2789,82,1,314,79,5,68,62
52,1,70,155,52,23,2076,190,31,113,1,1,72,88
76,1,61,157,32,3,1899,76,39,288,69,5,84,101
19,1,55,127,33,30,2553,71,90,131,69,3,119,72
69,1,46,183,45,42,1620,187,71,294,8,2,73,128
49,1,70,166,55,7,2851,99,114,210,71,2,115,59
21,1,69,148,42,25,3238,75,111,53,57,5,46,65
66,1,76,177,31,0,3059,115,44,41,63,5,79,69
23,0,68,183,26,6,2518,170,3,207,71,4,62,91
37,0,74,120,53,5,3371,100,55,218,79,1,66,51
19,1,50,121,44,28,2459,18,90,387,34,3,70,60
62,1,59,164,25,26,1263,100,48,185,68,0,43,71
61,0,51,127,33,23,1055,122,68,258,37,1,50,127
51,1,67,169,36,14,1204,80,120,246,52,0,56,113
22,0,45,171,37,15,3237,80,81,390,57,7,98,73
58,0,61,140,27,20,1270,196,85,304,7,7,59,75
45,1,45,173,33,13,2244,148,57,238,24,4,47,93
33,1,79,155,31,23,2200,85,84,227,27,3,65,67
59,0,60,173,41,50,1568,33,66,238,23,3,99,128
47,1,50,176,53,28,3324,177,87,90,60,7,67,129
31,1,55,174,51,35,3193,116,39,9,57,0,88,81
29,0,74,121,28,4,2329,84,30,240,5,1,97,103
37,1,56,143,45,37,1339,37,27,396,32,5,63,62
77,0,52,131,25,40,2703,194,76,105,18,2,87,82
26,0,78,175,39,50,2965,110,60,181,3,7,63,53
59,1,44,200,26,48,2042,135,57,243,61,2,117,94
24,1,60,188,54,34,2793,199,52,164,67,2,64,64
67,1,70,127,54,44,2975,54,73,24,6,7,74,65
76,1,80,192,40,14,2269,72,27,293,41,2,45,58
40,0,79,126,46,20,3410,144,76,168,43,4,65,62
60,1,80,156,47,12,3431,52,36,174,11,3,49,107
25,1,44,140,51,19,2235,35,81,193,36,0,113,71
41,1,50,189,29,4,3483,117,56,67,38,1,82,83
53,1,79,148,28,26,1753,44,62,218,8,1,61,109
46,0,77,121,37,9,1508,96,78,28,52,1,67,92
54,0,73,171,55,5,3044,51,114,265,4,1,47,103
55,1,48,180,30,27,2339,90,20,357,54,4,120,124
72,0,55,138,55,25,2999,6,101,315,7,3,100,107
78,0,46,168,36,25,1716,142,92,310,34,2,87,113
32,0,46,129,38,43,2342,48,39,223,55,3,103,96
18,1,49,192,39,19,1151,186,114,268,34,0,46,118
42,0,74,166,26,8,2623,78,115,143,56,4,111,126
55,1,54,192,26,47,1866,155,24,1,49,6,53,103
65,1,49,181,30,31,2436,14,81,100,37,3,119,89
25,0,44,167,49,6,1199,196,51,349,49,7,45,107
48,0,78,182,51,49,1165,35,73,230,35,7,51,104
56,0,71,189,39,40,1600,128,65,379,48,5,76,129
18,1,45,166,53,43,2973,31,56,4,43,6,88,98
72,1,51,129,51,10,2567,90,17,62,46,4,54,124
47,1,51,150,44,19,1937,88,1,81,68,2,68,107
64,1,60,161,26,2,2273,140,93,197,16,3,66,105
34,0,75,132,32,19,2000,20,27,3,63,3,103,110
27,0,76,153,35,12,2582,101,64,362,18,3,104,87
52,1,72,140,40,45,2638,12,12,65,13,7,111,85
73,0,40,162,45,4,3111,124,10,255,56,1,74,59
53,0,73,187,43,19,1095,22,40,140,56,3,97,126
43,0,50,198,46,41,1079,181,47,275,8,3,45,107
48,0,77,170,31,0,1162,124,70,25,53,1,40,117
52,0,44,181,41,39,3233,103,19,365,67,1,99,75
66,1,43,126,29,0,1579,93,24,153,49,6,68,115
33,1,61,163,27,50,2280,4,99,213,14,4,77,104
43,0,53,154,34,13,1198,69,19,30,24,4,84,65
27,0,53,137,44,39,1260,57,26,343,24,3,116,50
58,1,40,191,35,42,2511,125,61,65,76,0,66,101
39,1,40,139,55,13,2107,188,72,94,53,3,99,115
76,1,43,142,51,9,2653,87,10,37,9,7,41,98
54,0,80,182,37,5,1209,64,102,397,47,3,110,69
62,0,80,131,46,24,3141,39,80,211,3,6,94,123
32,0,78,171,32,2,1584,69,32,176,65,7,50,59
37,1,72,150,49,13,3449,44,102,95,46,5,67,127
36,1,46,186,53,46,3207,197,43,135,42,6,91,61
51,1,59,164,41,12,1854,72,75,275,75,4,97,63
60,1,71,158,54,36,1482,15,11,275,31,4,44,111
26,0,40,154,29,24,3280,1,48,110,75,4,49,128
32,0,68,156,44,12,2167,65,77,120,72,7,68,59
53,0,71,142,53,24,1919,191,66,314,11,3,75,59
39,1,70,178,52,29,2205,107,94,299,0,7,81,108
29,1,58,149,48,42,1935,8,2,195,69,4,76,91
49,0,60,140,43,23,2466,125,33,80,61,4,111,127
71,1,65,197,30,36,3384,54,4,237,35,4,94,68
38,1,73,132,39,6,1937,112,104,89,80,2,97,122
65,0,41,142,43,46,1373,145,75,251,68,2,53,125
47,0,70,161,45,4,1092,143,15,73,41,0,115,85
57,0,77,193,51,18,1281,15,25,18,64,5,113,122
38,0,57,166,54,8,1360,88,101,293,18,6,75,119
23,1,54,170,49,2,1363,54,42,39,15,0,112,108
35,1,63,141,34,9,1252,48,83,235,21,6,55,82
62,0,75,154,42,45,1226,149,37,291,52,4,96,50
72,1,69,151,38,3,3329,49,41,159,54,6,103,110
47,1,64,138,51,39,1837,155,9,4,6,6,40,94
29,0,71,151,31,31,2662,114,1,312,13,7,70,62
48,0,62,164,40,27,1130,155,101,54,59,2,67,73
22,1,77,176,51,33,1169,34,108,74,14,6,107,105
67,0,67,184,42,29,3364,125,88,340,31,2,52,52
29,1,61,128,36,36,1217,84,36,72,18,4,54,73
76,1,59,155,47,49,2446,125,66,32,74,2,108,56
40,0,55,148,44,30,2794,120,116,312,74,5,60,52
24,1,59,176,35,0,3190,166,80,37,63,3,84,123
28,1,47,148,48,32,2910,166,109,350,69,6,86,89
19,1,58,160,39,9,3299,191,110,310,13,3,88,114
65,0,75,154,43,11,2521,100,78,130,3,1,78,71
69,0,51,184,53,15,1307,148,51,369,54,5,73,69
75,1,76,172,54,7,1190,134,114,160,75,1,97,52
74,0,65,144,41,19,2056,178,7,178,67,2,69,88
54,0,73,128,51,28,2573,90,91,30,61,2,96,113
26,1,50,192,50,28,2342,50,61,290,69,0,77,64
26,0,72,158,44,23,2836,176,6,82,1,4,50,86
74,1,65,123,44,1,1370,159,82,365,33,4,97,84
20,1,80,191,38,44,3450,199,89,43,74,5,61,73
23,0,56,198,55,42,3096,173,51,14,78,2,95,54
47,1,58,122,27,26,2908,165,81,127,66,2,89,123
25,0,65,146,39,37,2559,46,57,181,51,6,89,72
28,1,47,146,47,32,2241,179,40,183,63,4,62,107
70,0,57,161,25,39,1402,111,8,39,52,4,117,64
33,0,71,200,43,13,1021,74,99,184,80,3,76,69
40,0,44,184,33,44,1423,61,94,18,8,4,42,100
63,1,50,142,51,5,3274,139,73,397,33,1,43,88
64,1,47,181,38,2,1172,45,46,327,80,4,54,84
20,1,62,156,28,48,1866,82,33,317,78,6,41,99
61,0,66,148,53,45,2383,63,7,398,6,4,82,115
31,0,76,185,37,30,1727,181,63,221,41,3,63,86
57,1,65,121,29,25,2631,178,20,185,69,6,98,68
42,1,79,170,51,37,1298,10,113,22,16,0,114,62
38,1,55,175,42,40,2199,69,119,225,30,3,96,96
47,1,52,183,54,2,1820,141,108,345,76,7,110,117
33,1,54,175,49,41,2158,12,89,206,8,6,89,122
53,0,45,146,26,7,1711,111,8,98,34,2,56,83
69,0,50,186,47,15,1671,155,57,20,8,7,89,94
57,0,56,168,30,4,2424,14,113,43,47,6,103,60
21,1,52,167,36,0,2231,171,86,5,51,4,112,68
60,1,70,139,45,41,3322,125,60,129,39,4,75,79
62,0,69,173,51,46,2638,94,101,16,68,4,46,59
36,1,42,149,39,12,1827,198,50,54,58,4,76,112
65,1,61,160,44,47,1596,20,58,253,58,1,56,125
31,0,52,177,36,1,1602,168,112,52,42,0,71,63
48,1,53,132,50,5,2330,130,24,86,69,5,95,83
18,1,56,180,35,34,1553,157,77,287,24,0,98,60
28,1,77,196,32,38,1148,43,44,193,75,1,110,54
60,0,48,133,53,2,1877,128,44,388,38,6,103,103
21,0,57,177,38,10,2205,49,69,286,14,4,59,109
40,1,74,123,30,43,2424,76,49,97,60,7,51,78
23,0,41,130,55,27,2227,187,112,390,25,5,110,114
65,1,63,129,26,30,2289,58,97,96,77,7,44,72
40,0,44,162,30,30,1701,52,28,392,80,5,120,67
56,0,60,134,46,33,2034,136,73,145,50,5,74,52
22,0,41,159,26,9,3250,85,20,213,15,3,113,113
40,1,42,122,44,16,2814,157,5,168,11,4,55,114
26,0,62,148,52,29,2630,69,66,397,5,1,84,118
72,1,80,121,36,46,2389,27,62,396,17,1,53,79
24,1,77,193,33,27,1855,44,6,293,8,3,110,68
68,1,59,178,27,21,1716,184,118,345,21,5,103,98
67,0,53,187,38,42,2082,196,97,152,3,2,80,74
73,1,76,182,34,13,1720,60,58,180,75,4,53,79
29,0,52,138,26,24,1525,53,27,288,24,5,120,58
52,1,69,121,48,45,3304,115,67,55,36,6,62,52
67,0,40,158,37,32,2842,168,68,198,19,1,102,70
43,1,64,188,47,10,1371,110,72,282,2,3,66,85
20,1,61,166,37,15,2963,23,2,400,70,6,55,65
69,1,76,193,41,40,3473,90,111,225,1,6,98,124
66,0,51,152,31,45,2396,152,58,257,44,0,76,66
57,0,75,161,50,8,2769,10,44,68,79,5,93,91
68,0,68,184,47,24,2573,61,93,97,49,7,102,125
45,0,50,138,44,40,1911,44,19,61,51,6,86,100
70,0,65,139,36,3,3290,151,77,224,12,2,87,91
32,1,68,149,27,45,2900,174,25,116,11,0,106,127
47,0,73,149,53,0,2566,72,81,399,15,6,86,81
70,1,78,157,38,28,2131,2,58,152,4,0,76,50
39,1,74,126,31,24,1681,166,74,165,7,4,46,116
28,0,44,199,34,27,1168,23,55,382,14,2,97,67
37,1,71,192,39,2,3056,116,61,80,41,1,41,127
58,0,50,171,27,0,2262,20,100,158,2,1,71,128
57,0,65,184,41,6,1586,161,0,77,74,5,96,56
28,0,75,157,34,24,1342,138,117,46,71,3,114,101
76,1,47,195,50,8,3439,128,66,300,11,5,99,114
35,0,61,156,27,30,3042,89,60,4,17,5,55,110
53,1,50,143,51,16,2193,161,83,261,52,7,80,110
56,1,61,142,55,14,2988,4,52,397,2,0,47,67
36,1,60,186,36,19,3104,77,28,133,7,4,103,119
61,1,53,172,31,44,1674,43,35,169,32,5,98,109
60,0,69,181,40,5,1823,123,89,297,79,6,117,95
64,0,79,131,38,29,2419,155,61,92,36,1,80,69
25,0,59,186,38,39,1963,33,104,273,63,5,110,98
20,1,59,198,54,21,2032,71,49,17,14,2,65,96
69,1,42,139,50,39,2083,2,96,325,68,4,58,127
27,1,47,136,25,42,1224,196,107,169,25,1,43,123
71,1,56,158,55,8,2593,115,107,128,58,7,102,121
50,0,62,136,25,28,1959,151,96,331,72,5,86,104
71,1,68,165,40,10,2447,74,94,336,19,5,117,67
60,1,53,158,42,40,2523,164,26,191,47,5,99,125
42,1,43,132,27,22,1094,119,46,209,29,4,50,59
46,0,51,138,40,44,3451,150,11,81,64,3,48,71
49,0,79,147,55,45,2828,144,74,222,16,1,46,101
54,0,58,125,36,31,2007,30,14,307,26,3,55,59
36,0,42,191,55,32,2726,81,85,194,34,0,56,51
65,0,45,127,40,33,2689,57,72,381,13,1,55,93
24,0,40,159,38,20,2149,27,82,304,11,6,42,103
65,1,71,178,50,3,1753,41,59,52,59,6,49,123
45,1,68,164,34,4,2591,32,99,286,25,1,47,54
23,1,42,148,54,5,2524,191,76,187,44,5,79,58
26,1,60,161,51,0,1146,156,67,110,67,4,90,110
48,1,61,183,44,42,2192,165,6,248,53,1,96,103
54,0,48,161,27,33,3070,132,28,348,43,0,115,66
44,0,74,173,33,47,2517,12,64,261,25,4,46,126
27,1,64,156,25,28,1861,131,10,316,1,3,76,64
71,0,67,179,52,42,1990,27,29,21,32,5,94,113
64,0,46,133,25,24,1072,80,58,180,12,7,108,87
57,1,46,172,55,16,1209,67,87,399,20,0,120,96
26,0,71,135,37,10,2753,177,96,358,78,7,50,63
60,1,76,193,48,48,2781,170,72,171,14,2,69,94
45,1,59,146,46,23,3471,34,87,257,16,3,112,54
63,0,80,133,33,26,3135,15,12,322,57,7,56,123
65,0,59,187,45,15,1380,104,71,90,14,5,100,122
65,1,54,171,36,26,2076,33,57,358,1,0,60,76
50,0,69,196,35,13,1481,174,72,232,39,3,48,51
50,0,67,192,39,28,2088,59,24,218,56,4,51,73
23,0,56,173,27,34,1828,184,87,368,70,7,89,72
31,1,42,131,55,44,2428,65,65,388,2,6,57,61
32,0,65,142,37,2,2021,139,60,370,16,4,90,125
67,1,40,184,46,26,1749,2,36,313,49,7,52,126
64,1,76,133,36,17,2173,118,5,358,63,2,111,82
42,0,76,168,29,31,1573,83,8,100,71,2,120,98
30,0,64,178,36,3,2199,179,105,179,76,1,111,51
45,1,76,152,42,32,1934,82,120,320,57,3,49,98
37,1,73,120,45,9,1563,113,87,177,66,3,57,80
68,0,68,156,34,12,2761,143,97,75,29,5,93,111
29,0,51,186,28,45,1256,154,70,95,55,6,63,73
47,0,72,120,54,27,2957,4,78,226,55,7,55,101
54,0,42,195,38,28,1780,53,51,130,76,2,87,67
78,1,63,198,50,6,1439,189,24,362,33,6,76,69
79,0,59,196,43,44,2423,78,112,9,18,3,97,79
33,1,45,169,27,40,1851,61,63,116,13,6,62,116
33,1,65,133,51,32,2836,126,80,130,78,7,101,81
62,0,48,170,40,17,3043,67,87,25,32,5,61,82
53,1,76,151,39,4,1924,182,65,345,7,2,105,117
52,1,45,180,35,31,1100,40,111,326,13,1,52,125
33,0,52,177,54,14,1906,121,35,107,50,1,67,119
77,1,79,132,34,19,1379,200,113,95,51,0,77,115
27,0,55,164,46,39,2771,170,23,94,77,4,101,78
73,0,64,137,54,45,1162,114,63,349,53,4,76,66
40,0,40,123,32,1,2246,147,79,310,73,4,53,70
52,1,71,161,28,7,1744,75,35,372,29,2,62,80
32,1,79,168,54,44,3283,162,102,339,36,5,120,113
49,0,56,160,35,42,1994,34,93,158,72,4,87,107
49,0,72,189,32,45,2527,183,38,307,32,5,40,72
29,1,49,197,55,32,1203,102,45,92,77,4,119,53
66,1,78,149,25,42,1917,43,84,171,26,3,117,125
67,1,63,194,38,38,2458,169,67,127,59,6,62,96
69,1,50,122,28,49,1906,56,43,67,13,0,77,129
40,0,40,184,52,30,1809,54,20,134,6,4,107,82
25,0,77,150,36,29,1260,76,62,214,53,2,110,92
56,0,48,151,37,11,1224,91,100,360,56,1,55,77
63,1,66,122,27,13,3396,152,79,303,28,1,49,113
24,1,74,129,27,39,2430,105,48,252,0,5,71,103
42,0,77,140,47,30,2864,159,73,77,73,6,63,68
52,1,58,195,28,21,3171,54,94,363,75,2,61,113
64,1,66,121,38,5,2161,74,96,289,1,6,108,93
47,1,68,188,31,35,2901,23,1,264,53,6,108,66
58,1,67,150,35,11,3230,116,118,337,65,0,94,68
67,1,57,146,47,16,1116,33,81,336,53,6,87,50
50,1,57,144,48,29,1475,93,63,84,77,1,56,63
26,1,49,166,25,5,2709,132,35,52,52,1,81,124
80,1,70,193,35,13,1408,132,98,107,13,2,68,105
58,0,70,149,47,48,2061,36,9,208,75,7,97,93
24,1,66,186,38,23,2224,135,78,57,55,4,53,90
53,0,72,161,36,12,1541,102,43,256,26,4,65,98
74,0,61,186,52,38,2713,178,58,39,41,1,99,81
78,1,66,182,54,48,2385,63,107,307,27,7,64,79
46,1,73,164,47,6,2830,45,82,37,6,3,80,120
46,0,70,145,55,48,1358,91,17,341,5,0,83,80
18,1,67,189,40,28,2475,24,83,373,43,5,61,80
25,0,69,143,55,13,3350,39,119,129,10,6,116,127
68,0,77,148,54,16,1724,183,64,12,45,4,81,71
63,0,73,159,54,7,1929,110,8,375,0,2,93,69
47,1,60,120,52,17,3476,53,51,258,39,1,69,123
57,1,57,191,37,38,1979,114,69,370,69,7,41,86
67,0,75,144,26,29,3347,194,9,381,56,6,50,66
45,1,58,172,37,49,2662,78,82,41,8,4,58,104
36,0,50,138,55,21,2967,74,53,254,74,5,58,98
66,1,65,133,38,42,1810,0,9,312,75,2,91,116
70,1,68,200,55,4,2488,116,91,176,1,2,51,111
80,0,42,122,45,23,1079,127,37,336,72,0,100,87
27,0,76,148,30,11,1537,146,46,207,39,0,85,55
32,1,75,174,31,43,1714,13,17,307,58,4,97,120
30,1,78,155,52,3,3286,153,89,394,76,6,115,61
48,1,66,172,26,34,3140,185,84,336,13,3,102,85
41,0,50,129,52,6,3265,119,42,285,71,4,68,63
53,0,51,159,52,12,1407,192,98,214,5,1,59,74
69,1,68,138,40,5,3494,172,14,25,66,2,70,89
36,1,49,152,38,42,1029,108,12,5,52,6,116,96
61,0,66,134,31,36,3168,177,77,193,72,5,110,80
46,0,54,153,50,36,1289,195,11,200,23,7,111,130
76,1,64,126,32,10,1345,9,100,224,23,1,55,129
53,0,54,165,27,44,2951,7,40,113,55,0,85,79
41,1,58,137,40,0,1819,43,98,300,68,3,79,97
20,0,48,136,44,4,1877,170,27,113,11,5,98,100
75,0,48,170,54,34,2250,138,109,316,60,1,76,77
33,0,56,180,34,44,1804,195,87,394,10,7,57,109
19,1,61,149,46,49,1556,56,5,37,68,5,84,105
25,1,49,155,32,0,2347,159,42,328,77,3,94,51
64,1,63,165,29,5,2744,98,64,245,9,6,74,111
62,1,45,147,52,15,1244,27,40,32,66,6,60,90
60,0,74,171,45,20,1835,24,65,393,26,0,84,123
23,1,45,171,27,49,2795,184,21,77,34,3,59,80
54,1,62,173,36,15,1058,103,85,207,69,6,48,88
49,0,41,124,32,41,1748,15,119,238,24,5,59,100
76,0,55,123,49,12,3249,41,12,365,63,0,80,60
77,1,75,121,40,9,1681,149,86,121,69,2,72,57
26,0,76,142,41,32,1050,19,3,238,64,5,70,98
22,1,58,197,54,13,2152,123,32,111,41,5,96,73
22,0,60,184,36,21,2813,138,113,45,38,6,85,129
54,1,74,132,53,16,2621,102,42,68,20,0,40,97
37,1,57,129,40,32,2859,50,92,135,68,6,78,117
21,1,58,183,53,20,1540,175,104,175,34,6,104,83
79,1,52,160,44,7,3118,19,110,29,16,7,40,89
76,1,42,169,37,44,2159,169,53,392,79,6,40,108
33,0,46,134,48,16,3213,88,63,13,78,3,112,78
58,0,46,157,34,7,2840,169,63,287,74,4,82,81
50,1,76,197,38,50,2967,37,88,132,63,6,92,128
33,0,53,173,42,19,2484,131,112,346,50,1,74,68
65,1,79,198,39,34,2004,67,111,229,67,4,57,73
50,0,80,192,48,16,1270,137,113,216,37,7,41,99
38,1,69,183,49,36,3461,94,120,204,47,5,119,99
53,1,40,147,40,6,2755,25,63,358,30,5,51,60
55,0,57,189,50,19,3158,23,68,145,55,7,95,84
27,1,61,184,25,50,2240,78,18,182,50,0,71,71
80,1,72,184,48,40,1576,101,2,0,37,6,92,88
28,0,78,141,26,22,3336,114,22,179,47,2,117,96
39,0,47,135,25,40,2929,171,65,288,15,1,80,124
38,1,72,196,44,19,2900,198,103,325,16,1,86,56
23,0,49,120,55,39,1004,74,32,143,18,0,90,127
32,0,55,127,31,41,1126,42,58,210,2,6,83,67
33,0,68,145,39,9,1232,151,42,157,23,1,98,61
50,1,63,199,42,46,2230,191,73,110,68,5,52,82
65,1,79,172,43,0,3204,134,37,186,65,1,83,99
28,1,52,183,53,21,2365,196,94,276,42,0,61,95
48,1,69,135,34,36,2788,148,110,200,24,1,114,122
76,1,43,165,45,47,1698,23,13,44,28,7,77,127
51,1,77,160,47,11,3400,85,32,310,80,4,53,97
41,0,75,180,31,29,1051,131,70,206,32,1,62,66
76,1,40,191,45,17,2206,97,37,4,59,1,53,69
34,1,44,167,37,25,1867,42,108,93,34,0,81,68
36,0,55,122,53,8,2028,48,36,231,5,6,108,105
44,1,65,165,26,37,2599,59,25,313,52,2,67,72
61,0,70,139,41,46,2510,140,36,154,12,5,89,97
44,0,41,129,55,23,2865,118,89,360,72,6,83,57
35,1,56,158,33,27,1888,8,120,209,8,6,96,78
37,1,44,138,41,0,3081,174,40,247,65,4,67,72
40,1,60,132,30,25,1970,109,28,139,54,0,58,75
52,1,42,169,44,13,3491,167,66,270,79,5,54,103
64,0,64,174,27,6,2346,83,75,48,23,0,64,72
21,1,41,183,41,41,2658,134,92,100,25,6,50,74
79,0,48,175,54,25,1626,29,30,117,1,2,64,55
37,1,49,173,39,20,2859,193,55,321,3,2,91,110
77,1,45,199,55,26,1263,72,105,246,43,1,119,123
77,1,75,189,52,25,2341,169,75,200,37,1,55,65
53,1,43,175,41,43,2250,145,111,227,65,1,67,89
38,1,54,142,29,49,2588,107,61,163,64,6,100,116
53,1,53,122,43,27,1659,41,57,106,42,4,44,101
22,1,70,171,45,24,1700,101,48,147,11,6,100,73
44,0,74,173,28,44,3432,15,117,184,6,3,97,79
74,0,74,200,26,47,3208,34,88,158,63,1,62,75
49,0,47,165,50,26,2626,157,116,232,6,2,51,117
35,0,80,132,38,18,1482,20,79,378,51,6,71,57
75,1,59,190,45,22,1744,38,0,157,51,5,97,58
61,0,59,152,48,3,1713,192,58,206,50,7,69,122
53,1,71,171,53,18,1119,63,31,3,4,5,79,72
40,0,71,178,48,9,1448,63,89,289,53,7,99,111
42,0,78,187,51,28,1919,49,65,331,27,5,46,53
49,0,70,126,50,29,2868,149,90,327,14,5,85,76
48,0,71,189,46,12,2252,131,23,130,30,6,85,118
61,0,53,146,32,46,3093,119,66,273,32,1,41,101
20,0,53,132,33,41,2835,14,79,89,1,3,85,55
59,1,70,199,32,1,2597,143,59,167,63,2,112,70
20,0,50,190,32,39,2233,93,107,42,25,1,82,57
62,1,44,190,30,11,2858,46,7,379,66,7,47,130
68,1,69,157,30,8,1901,122,88,12,7,6,86,52
56,0,61,135,40,12,2698,60,103,107,58,7,62,112
65,0,69,163,26,22,2398,195,42,25,42,2,109,75
76,1,62,122,28,11,2231,179,21,364,6,4,58,130
56,0,46,164,30,47,1700,86,56,264,62,2,103,104
37,0,73,184,36,26,2040,30,119,163,14,6,46,94
59,0,45,156,53,14,3329,2,57,370,76,4,115,81
27,1,76,142,52,3,3489,31,34,111,27,7,92,64
24,0,42,196,27,14,3318,162,117,46,54,6,118,76
68,0,74,152,34,36,2748,106,40,108,69,3,55,128
25,1,67,141,47,21,2471,27,72,198,4,4,84,111
70,1,75,158,26,12,2651,197,74,311,80,1,116,86
73,1,40,126,37,18,2286,173,11,336,80,3,112,130
39,1,75,148,27,22,2883,0,109,239,56,6,58,57
30,0,41,151,42,37,1923,115,11,292,8,5,66,76
55,0,58,140,36,23,1633,127,112,194,3,1,50,129
72,1,75,157,33,34,2300,140,52,326,66,7,74,82
43,1,49,143,47,8,2155,98,79,47,68,2,51,129
20,0,47,178,27,15,2577,3,116,135,57,4,40,81
19,1,44,195,39,0,2807,75,40,148,49,7,43,125
33,1,43,175,45,3,2878,136,105,108,40,7,106,127
32,1,53,196,47,22,2686,167,22,327,48,3,68,104
28,1,72,196,37,1,1729,107,57,6,58,7,46,107
29,0,40,178,35,9,3373,35,14,79,9,1,41,115
49,0,76,133,48,20,3314,107,81,313,38,1,66,112
64,0,48,127,30,31,1183,133,23,200,12,4,60,105
51,0,74,140,33,14,1110,82,80,243,10,3,45,115
77,1,79,189,32,22,1988,183,13,113,8,2,45,56
33,0,52,123,38,8,2148,110,66,388,73,1,41,77
69,0,41,133,45,18,2509,31,113,343,4,3,89,87
35,0,62,179,50,20,2586,37,104,8,4,0,59,85
25,1,73,169,32,10,1533,169,51,266,15,3,100,78
55,1,78,129,40,4,3313,152,106,124,60,2,51,56
20,1,68,133,51,38,1816,129,41,307,12,7,56,70
76,1,60,145,31,32,3148,180,94,40,35,0,45,124
19,0,65,165,42,44,1253,31,31,381,27,7,112,61
80,0,61,177,33,48,2556,39,89,295,77,5,116,57
37,0,60,195,51,32,1195,47,33,304,2,7,84,71
32,1,63,188,36,15,1216,32,62,394,60,3,67,110
53,1,65,120,29,48,1602,114,29,309,16,3,103,63
25,0,77,161,33,27,1899,18,115,253,19,0,43,106
24,1,53,185,38,33,2897,43,117,385,20,7,87,87
48,0,73,184,32,10,2468,134,18,368,11,5,57,124
34,1,53,121,41,25,3279,83,113,318,33,6,83,95
38,0,73,196,48,35,1405,127,25,40,75,3,58,78
32,0,45,151,40,1,3043,130,81,235,54,3,62,99
74,0,61,125,26,5,2523,60,8,92,33,7,79,82
42,0,55,132,29,37,1152,22,27,327,77,6,88,78
24,0,79,180,32,20,2715,4,86,141,5,4,40,130
70,1,62,133,25,19,1755,84,8,95,62,5,59,129
69,0,42,140,35,13,2364,137,29,390,3,6,93,96
56,1,71,184,31,50,2652,1,5,39,45,4,41,77
62,0,57,181,51,26,2794,90,81,197,35,5,76,91
45,0,68,197,36,46,1066,189,10,208,78,2,44,85
18,0,74,147,50,3,2146,176,83,6,29,2,41,104
54,1,64,155,31,43,1244,92,5,71,15,1,92,102
47,1,72,173,35,9,1925,99,117,356,22,3,84,61
48,1,45,151,53,34,2331,98,90,238,3,5,80,82
33,1,79,187,49,11,1822,3,57,315,78,1,45,51
75,1,56,142,30,34,1830,190,84,56,40,1,109,129
39,1,50,124,33,32,2605,184,41,367,44,6,87,82
36,1,73,123,50,23,3210,199,31,184,2,1,93,72
45,0,48,190,31,41,1811,95,101,88,57,7,101,58
46,0,49,147,30,48,2032,39,24,295,78,1,44,94
72,1,56,122,40,44,2414,29,86,131,34,0,73,83
66,0,61,138,51,43,2092,60,9,230,61,6,93,54
25,1,79,175,53,9,2306,6,93,114,31,6,119,61
19,0,46,195,47,21,2326,188,54,102,56,0,108,106
67,0,62,144,39,12,3499,117,25,398,64,0,93,94
78,1,57,185,35,23,2129,84,64,31,53,0,98,51
51,1,47,176,27,25,2094,130,59,361,72,3,85,78
61,0,70,143,38,13,2522,11,24,36,14,0,120,55
65,1,53,151,54,10,1190,62,38,192,0,1,48,60
59,0,70,190,36,17,2384,69,115,298,20,6,40,114
77,1,55,131,51,42,1293,176,42,380,78,0,67,89
33,1,63,187,41,1,2753,37,30,0,64,3,42,51
48,0,76,120,45,42,3485,157,16,141,3,6,92,95
54,1,41,153,34,34,3329,54,4,387,23,6,85,128
74,0,80,129,55,47,1096,104,22,396,24,6,98,71
26,0,45,169,30,2,2720,7,94,160,58,0,89,89
45,1,50,197,34,11,1191,193,79,58,28,4,86,96
36,1,54,140,39,9,3220,45,16,153,2,5,75,98
42,1,60,124,47,0,1150,80,74,375,0,0,72,117
53,1,49,160,26,16,2661,131,0,45,38,4,118,53
51,0,59,141,49,23,2330,182,40,397,79,2,72,105
56,0,60,129,32,12,1855,79,66,291,21,7,45,72
22,0,43,174,55,21,1488,102,91,384,23,2,85,50
58,1,44,148,33,22,1631,131,54,323,60,2,115,125
22,0,43,149,54,12,2086,139,89,200,27,4,42,91
37,0,70,147,37,12,1641,192,51,338,7,7,110,116
57,1,62,144,45,10,1977,181,59,144,19,0,80,107
35,1,77,121,25,32,1345,132,16,7,58,7,92,76
43,0,55,134,34,20,3078,45,77,152,67,0,118,100
52,0,43,125,46,21,3397,162,86,343,26,4,94,60
59,1,58,121,28,36,2967,185,38,266,62,6,58,80
45,1,41,158,43,8,3283,72,33,217,71,2,60,83
58,0,70,147,37,23,2713,75,58,315,9,3,59,104
59,0,63,143,39,19,2127,196,3,235,47,6,73,129
32,0,48,174,45,13,1038,49,32,2,3,4,92,76
78,1,61,153,25,32,1474,53,74,187,57,5,93,113
77,0,71,184,28,1,1239,27,8,65,26,2,98,119
50,0,73,134,54,19,1759,179,6,400,69,4,42,70
33,1,60,173,36,42,3330,174,1,278,2,7,108,83
39,1,78,150,50,39,1512,13,10,262,29,0,77,51
56,1,44,176,51,41,1987,169,55,147,49,2,89,98
34,1,79,164,44,10,2605,168,39,233,5,1,79,109
53,1,78,156,41,39,1997,69,62,329,57,0,68,111
53,0,63,133,39,25,1569,111,98,342,32,6,69,77
20,1,54,141,51,3,2220,78,75,343,50,5,99,121
27,1,59,152,35,17,1774,105,117,53,54,6,62,75
18,1,70,151,27,39,3068,36,41,350,2,6,113,98
53,0,53,163,29,5,2657,54,68,43,76,1,59,70
57,0,48,149,49,14,2807,108,25,139,79,6,94,110
63,0,62,153,38,16,3412,13,73,341,67,7,115,127
29,1,61,168,50,48,1505,172,30,269,15,4,101,92
18,0,79,178,55,24,1266,71,46,83,17,4,84,97
31,1,56,182,32,41,1302,152,45,158,45,6,104,65
66,0,67,145,54,37,1574,165,1,48,43,5,92,50
46,0,42,150,35,33,1051,46,9,296,53,5,99,66
45,1,45,192,53,7,1487,152,12,77,55,2,42,113
31,0,67,144,36,8,3110,66,103,383,7,1,71,117
34,0,63,196,46,23,1336,125,70,80,58,2,52,98
68,0,76,143,43,12,1829,6,38,215,80,2,80,76
75,1,44,126,35,45,3216,192,115,22,58,4,78,96
63,0,63,171,44,36,2501,108,88,281,77,2,40,65
56,0,45,197,43,29,2894,158,79,11,49,0,99,86
58,1,59,161,41,8,1148,147,49,165,26,1,61,129
51,0,73,144,47,47,1400,77,49,63,45,0,100,51
34,1,43,136,47,45,1466,71,37,191,13,6,46,62
40,0,43,192,45,41,1169,106,108,44,80,6,68,120
35,0,65,150,35,41,2156,144,7,311,23,7,74,113
80,0,75,120,41,38,2850,88,65,185,17,4,75,76
56,1,68,196,32,0,1874,163,3,298,45,5,67,64
19,0,50,153,50,35,1265,87,52,243,77,7,99,101
35,1,48,195,46,5,1863,135,43,237,69,3,47,87
23,1,72,170,26,9,3230,58,59,4,8,0,106,127
41,0,45,141,46,16,1972,86,86,386,43,7,88,102
39,1,63,200,40,46,1632,57,100,348,73,6,76,122
48,1,51,156,47,43,3172,152,4,209,49,0,83,121
56,1,67,187,30,18,3185,165,44,205,4,6,98,128
48,0,71,194,25,37,3149,181,16,293,57,6,92,68
58,1,71,161,48,50,2676,199,55,119,69,7,65,63
57,1,67,126,54,19,3304,162,3,23,80,0,117,96
42,1,79,122,47,42,1908,14,116,104,18,5,60,93
70,1,69,188,39,18,1702,130,18,167,62,3,113,51
49,0,47,135,29,49,2537,38,56,62,19,6,117,95
36,0,70,170,33,11,3368,172,112,194,34,6,84,90
33,0,40,136,31,22,3421,77,116,10,30,2,81,60
72,0,65,175,41,2,2545,74,3,29,11,4,96,106
51,0,47,128,33,10,2543,169,73,368,32,0,72,107
25,0,69,159,30,4,3095,162,27,293,54,5,66,95
69,1,69,135,43,14,2911,80,55,160,79,0,79,60
35,1,60,132,27,46,2228,2,99,250,13,7,111,58
77,1,67,129,32,13,1842,75,28,333,60,6,106,106
50,0,58,185,38,39,1372,7,67,344,11,3,100,125
59,0,79,129,27,43,1121,87,15,306,25,4,76,99
65,0,44,147,26,30,2993,64,28,31,64,1,77,110
65,0,55,134,26,28,2647,56,109,130,53,3,43,70
68,0,61,122,53,14,2687,80,24,4,25,6,78,69
67,0,57,194,38,25,1714,196,27,235,29,1,112,123
44,1,53,199,25,0,2402,187,116,171,47,5,118,65
67,1,41,151,41,5,3133,178,59,225,35,5,80,84
71,1,78,179,40,27,1072,56,80,241,16,6,102,56
61,1,61,159,38,27,2715,33,68,293,14,7,78,50
78,1,74,124,48,11,3247,13,108,5,11,3,68,115
48,1,52,123,50,11,3179,106,35,390,23,7,111,93
72,0,46,122,31,9,1448,93,112,366,6,3,95,127
31,0,63,138,25,31,2772,38,92,95,36,2,78,104
42,1,75,129,30,48,1612,108,27,71,17,3,59,76
54,1,57,163,44,36,1080,116,94,122,37,0,74,122
47,0,57,182,31,11,3482,66,55,327,13,7,117,106
27,0,52,181,42,24,1236,109,67,237,15,0,102,103
34,1,48,143,36,17,1627,52,10,363,46,4,46,51
70,0,70,160,40,28,2118,50,79,323,52,5,94,115
26,1,40,189,42,39,3491,63,13,340,34,1,93,69
47,1,73,170,54,22,1234,47,103,55,29,2,108,60
42,0,40,152,54,29,1638,90,15,312,6,3,98,67
65,0,56,128,45,17,3199,65,86,344,71,7,65,106
42,1,75,158,53,37,1400,106,117,115,17,2,89,83
25,1,74,129,48,43,2583,61,85,296,26,4,102,108
22,0,57,188,55,8,1025,154,19,46,55,3,117,79
31,0,65,141,28,9,1586,14,29,103,59,3,112,59
34,1,63,151,55,38,1363,39,82,312,47,6,81,71
37,1,52,135,48,8,3222,182,106,320,16,1,59,82
66,0,46,174,55,36,1712,54,23,146,25,5,93,63
77,1,58,193,54,4,1397,31,22,139,1,5,96,118
28,0,78,124,53,22,3170,80,47,39,24,4,117,127
59,1,65,188,51,19,1612,18,51,37,44,1,101,122
70,1,78,177,44,29,2018,33,86,392,13,7,73,59
35,0,45,164,42,7,1254,136,100,347,56,4,41,98
59,0,64,188,31,21,1144,122,61,208,2,7,84,102
58,0,49,198,31,50,2249,98,88,123,47,1,88,64
28,0,78,147,43,47,1971,42,7,290,28,1,93,69
74,0,52,182,52,37,1620,171,90,79,41,7,106,100
23,0,80,131,39,32,2342,18,59,33,56,2,70,79
58,0,80,193,49,30,3196,41,63,138,39,2,96,68
35,1,48,160,29,23,1813,110,96,202,28,5,105,78
44,1,58,159,33,47,3416,138,107,133,21,6,44,99
32,1,66,185,27,30,1153,7,4,119,49,0,50,122
48,0,75,175,47,49,2549,103,34,16,36,5,43,115
60,0,63,122,37,19,1717,128,98,105,77,0,96,128
72,0,70,191,41,24,1768,13,43,126,32,7,54,125
70,1,44,122,54,15,2555,173,40,43,8,1,51,108
29,0,66,178,25,37,1594,174,26,210,5,4,95,62
50,0,64,138,37,37,1407,135,39,167,61,6,91,116
58,0,40,192,39,12,1277,102,72,21,14,2,62,106
18,0,50,152,49,37,1396,92,36,139,34,3,87,105
42,0,70,174,32,22,1893,149,92,63,17,5,92,59
49,0,80,126,54,29,2915,36,49,334,70,2,62,93
47,1,55,180,32,5,2056,176,111,367,47,3,104,110
27,0,74,190,28,12,1989,124,9,138,21,1,46,60
70,0,54,160,55,20,2010,31,104,332,17,6,83,96
33,0,60,192,34,9,2708,4,75,166,59,3,66,91
64,1,65,120,51,3,1719,19,68,265,29,0,44,63
57,0,80,151,33,8,3182,111,116,219,22,2,76,63
24,1,72,140,43,48,1945,23,68,185,3,1,74,117
74,0,55,180,49,7,1578,128,65,226,68,6,110,85
25,0,65,129,51,33,2453,39,95,174,33,4,95,88
51,0,79,148,31,33,2747,19,35,110,4,6,42,84
29,1,57,158,25,49,3057,29,30,60,51,4,66,55
49,1,79,121,43,41,2481,59,45,216,9,0,111,117
70,1,50,178,45,50,1567,190,88,327,70,4,48,102
51,1,80,122,51,2,2229,123,111,173,42,1,82,80
23,0,41,154,25,17,1220,79,25,188,39,2,59,93
39,1,61,157,43,11,2039,107,29,171,3,7,102,124
52,1,50,178,33,19,1820,45,107,252,34,7,45,74
19,0,74,181,48,45,2403,39,59,325,68,5,76,110
20,1,53,191,52,15,3133,189,109,279,15,3,108,102
34,0,65,194,41,29,1284,136,87,348,54,5,81,84
56,0,65,189,53,45,1960,11,109,307,19,2,90,74
78,1,70,171,33,16,1905,121,17,153,46,3,120,67
46,0,73,176,40,15,2537,27,44,286,3,6,55,50
50,0,71,130,50,8,1522,148,77,175,47,6,100,117
55,0,63,130,32,29,2909,9,110,42,10,4,46,66
34,1,73,185,52,47,1713,189,67,340,74,6,117,111
30,0,79,167,44,40,1087,7,78,49,27,1,40,64
64,1,50,125,32,46,3278,65,86,228,76,3,40,71
61,0,65,142,36,50,1881,169,63,330,27,5,44,77
45,1,51,147,45,8,1499,13,45,33,56,2,41,94
80,0,75,129,42,2,3289,13,6,176,55,3,85,111
20,1,72,185,31,10,2839,182,0,359,51,2,66,120
28,1,51,195,53,6,3176,23,92,338,36,6,73,63
59,1,62,138,38,21,1978,70,94,287,63,0,107,101
58,1,51,183,48,14,1653,100,9,211,10,5,110,113
72,1,67,138,46,43,2541,121,20,345,58,5,93,57
56,1,78,187,41,37,3249,53,69,202,22,5,41,86
39,0,71,132,55,12,1203,155,17,147,48,3,56,62
42,0,50,140,27,49,3303,54,117,318,66,3,87,113
61,0,73,169,55,2,1080,155,63,331,22,0,97,82
20,0,60,157,31,49,2120,193,20,126,50,6,61,100
67,0,74,142,43,20,2545,158,47,274,35,4,95,85
50,1,45,196,29,4,3332,104,12,15,4,7,113,91
67,0,45,188,53,11,1748,185,22,370,21,0,60,64
46,1,60,170,36,34,2201,37,69,223,23,7,72,63
42,0,56,198,31,2,3365,42,25,394,15,1,61,69
22,1,56,157,48,23,1057,136,110,178,79,1,79,124
42,0,48,200,43,27,2904,51,93,236,58,6,109,78
28,1,55,172,40,28,1878,139,79,17,42,1,90,57
18,1,61,127,37,3,2670,183,68,71,74,7,83,108
41,1,66,135,52,45,2076,148,63,397,59,3,86,122
76,1,56,171,30,6,2475,12,53,2,54,0,65,121
63,1,57,125,47,16,2843,39,12,260,57,5,77,109
34,0,46,181,32,2,2322,108,68,62,26,3,98,56
49,0,63,127,51,31,1227,28,65,116,40,0,50,122
33,1,72,183,33,37,1983,86,109,50,18,3,87,102
33,1,52,145,37,21,1585,199,39,161,19,6,67,115
49,1,59,181,29,18,2049,163,89,160,72,1,93,59
69,1,76,143,47,10,2532,120,89,67,73,4,68,128
69,0,63,163,39,9,1637,24,15,270,53,4,45,68
76,1,77,160,43,18,2478,54,20,125,61,0,114,90
32,1,45,186,30,5,1184,2,118,123,61,1,70,74
79,1,42,176,26,44,3124,41,83,231,23,0,49,108
56,1,76,121,31,35,1773,47,25,10,71,5,67,91
53,0,77,152,41,20,3090,118,107,160,62,4,105,130
46,1,65,160,52,28,2425,105,78,341,71,0,82,130
46,1,68,156,35,18,2475,17,116,60,17,6,72,102
79,1,77,159,45,43,2902,148,68,246,39,3,40,69
41,1,51,167,27,46,1474,142,83,7,55,3,69,114
35,1,78,197,40,49,2624,54,11,202,34,3,93,64
51,0,56,181,53,37,2815,136,51,309,66,6,99,113
45,0,51,134,29,28,2514,85,51,322,60,7,107,55
60,1,69,184,29,15,1721,43,79,62,60,7,114,126
51,0,62,180,55,12,3495,134,18,148,75,0,65,106
22,0,55,200,31,25,2631,20,89,6,4,6,52,81
40,0,42,125,47,23,2245,70,109,97,55,6,43,76
53,1,48,189,28,44,2002,84,72,116,20,1,80,116
67,1,47,155,28,0,3494,42,110,148,72,0,114,123
66,1,66,171,39,25,1747,76,21,193,11,5,117,52
24,0,64,178,28,23,2468,21,36,332,3,1,42,99
31,1,71,186,54,37,3358,27,62,381,43,2,53,91
25,1,61,124,37,9,2015,117,1,358,35,4,99,80
52,1,74,188,46,43,2475,73,80,119,52,2,70,52
50,1,42,157,34,2,2464,165,54,53,45,1,74,124
20,1,68,170,40,24,2812,121,28,141,45,2,92,117
54,0,72,123,46,19,2115,5,18,66,36,3,88,59
19,1,42,167,50,40,1430,123,86,367,49,7,74,123
42,1,71,191,26,37,1398,84,48,216,47,5,80,90
63,1,77,159,37,8,2167,192,2,247,11,7,64,130
23,0,58,193,52,38,2818,5,25,76,6,6,54,65
68,1,61,145,29,29,2470,69,54,215,19,7,61,50
71,0,47,175,27,27,3124,1,107,73,18,4,114,100
52,0,66,130,53,33,2885,134,116,248,10,3,59,67
34,1,49,149,36,42,1248,162,39,151,39,6,72,102
75,0,77,185,42,37,1351,2,88,304,64,1,72,101
68,0,63,188,44,8,1270,132,120,87,78,4,88,63
40,0,76,127,50,24,1998,152,101,98,67,0,87,101
55,1,56,165,34,37,1600,160,118,342,67,4,45,98
78,0,71,175,45,13,3068,200,13,2,55,7,117,54
23,0,45,168,40,50,1820,65,27,311,6,5,69,97
48,0,40,128,40,39,1239,161,11,196,45,4,87,123
49,1,46,147,27,22,1403,168,3,87,73,7,59,114
63,1,76,126,44,40,2915,97,93,396,0,1,81,118
24,1,76,134,27,16,3088,135,61,174,22,1,47,52
19,1,65,174,48,47,2754,102,109,183,80,4,42,76
53,1,66,131,33,9,3148,12,74,273,47,1,47,91
34,1,58,130,40,10,1877,34,19,186,22,4,73,115
29,0,72,159,33,22,1787,173,1,148,51,1,106,88
41,1,78,173,51,42,1524,148,69,219,9,0,44,128
31,0,54,192,27,1,3004,1,62,193,78,0,116,74
59,0,71,182,45,32,1741,182,16,143,64,0,75,86
25,1,71,146,27,19,1969,148,113,292,50,7,101,63
60,1,59,174,47,33,1734,47,88,179,33,4,43,118
76,1,68,170,51,45,2749,20,89,394,63,1,119,107
47,0,62,142,47,31,1211,197,36,237,76,4,66,128
58,0,47,151,40,11,1010,74,60,243,15,4,87,107
24,0,70,142,38,32,1425,132,48,209,33,6,67,108
72,0,68,127,46,44,3239,113,98,399,41,4,115,120
20,1,73,137,25,32,3498,108,42,387,8,0,104,114
30,1,55,160,45,19,3469,105,42,157,45,1,55,129
31,0,57,198,33,20,2828,82,10,392,48,7,80,95
20,1,64,144,41,44,3067,28,73,319,78,2,96,101
20,1,41,120,51,15,2363,170,39,157,52,0,82,72
28,0,70,187,37,24,2246,33,52,122,57,2,65,97
64,1,77,197,48,21,1008,179,51,57,45,1,44,93
46,1,59,145,38,6,1654,109,88,6,79,2,78,90
56,1,75,133,48,18,3387,101,18,317,75,3,58,75
27,0,70,124,40,37,3181,153,91,202,76,6,83,81
52,0,67,155,25,44,3141,114,93,281,42,4,88,102
80,1,49,175,35,38,3135,102,9,328,80,5,78,68
55,1,40,183,36,46,1853,103,19,320,8,3,91,125
64,0,78,131,27,42,1807,84,44,55,62,5,64,63
73,1,78,175,34,20,2783,117,63,362,54,0,105,119
62,1,72,145,29,38,1695,39,95,351,19,7,41,108
32,0,62,170,42,14,2794,32,5,172,5,5,54,99
77,0,46,182,36,22,1021,75,44,232,0,2,70,57
47,0,73,146,30,12,2124,76,26,350,61,6,112,85
64,1,62,163,53,24,1546,98,42,16,19,4,68,105
29,0,64,147,38,34,3313,149,51,254,28,2,47,124
28,0,72,139,30,4,2820,34,46,13,58,1,88,56
51,0,48,190,37,7,1600,31,72,263,41,4,49,72
37,1,77,134,43,29,1644,89,3,391,53,4,88,94
52,0,60,142,33,30,1766,188,62,307,54,7,78,115
72,0,78,146,29,12,1421,196,14,158,0,1,48,51
49,0,78,199,51,38,3133,115,44,394,66,2,93,121
40,0,71,169,33,17,1215,59,4,177,53,7,46,82
40,0,70,186,39,33,1328,195,8,365,45,5,56,80
37,0,73,144,29,36,1898,165,17,376,50,2,89,125
25,0,46,168,29,40,2857,64,49,140,72,5,91,130
26,1,76,194,25,11,1963,65,64,320,0,7,97,57
21,0,70,194,48,49,2512,145,31,2,8,4,99,125
24,0,67,168,43,21,3421,69,99,177,53,7,41,53
40,0,53,197,51,29,2007,83,59,358,3,1,68,75
62,0,49,126,54,48,1721,153,14,287,45,1,105,106
64,1,64,192,38,9,1287,121,67,182,6,3,73,69
80,0,42,177,53,3,1061,23,95,205,60,0,63,126
26,1,48,173,35,16,1779,167,55,384,11,3,94,113
26,1,43,164,45,39,1929,154,66,21,57,6,90,84
47,0,47,198,27,50,1940,139,84,140,64,1,97,66
64,0,76,163,29,37,3054,139,92,162,39,0,57,65
27,0,59,190,36,5,2749,177,85,14,8,3,111,118
48,1,62,165,53,49,2869,15,43,283,40,6,116,127
39,1,42,189,42,47,1446,57,10,322,23,7,95,58
18,0,70,182,31,23,2117,135,98,326,4,0,54,124
54,0,77,160,31,10,1696,64,3,188,40,7,58,52
26,1,61,149,25,35,2455,56,28,199,57,2,106,94
39,1,62,169,38,43,3329,150,59,366,3,5,99,105
46,1,41,138,31,14,3152,170,45,315,48,5,96,127
78,0,55,132,28,42,2378,18,88,399,4,1,106,119
75,1,64,145,40,2,3063,80,119,288,21,0,120,101
62,1,51,183,39,47,1236,69,101,21,16,2,102,80
30,1,41,170,29,7,1353,181,69,9,14,2,116,59
54,1,61,171,41,25,2073,184,84,256,79,5,106,112
40,0,68,168,47,40,2616,54,47,134,78,0,103,56
43,0,62,191,50,1,1848,199,39,142,80,5,52,121
74,0,42,167,39,50,1511,128,42,133,13,1,47,70
61,1,57,147,44,11,3057,160,52,327,44,7,104,89
32,0,55,188,40,23,1449,110,79,231,21,1,50,113
64,0,47,150,44,38,2531,120,38,372,42,5,111,79
66,0,63,194,26,35,1085,35,100,393,57,0,48,81
65,0,49,143,52,31,3015,57,106,321,60,2,79,84
18,0,64,145,52,28,1759,199,5,332,4,1,74,128
49,0,69,125,28,33,1275,71,100,393,40,4,64,114
42,0,49,158,36,4,2304,88,110,303,30,3,44,74
20,0,56,198,53,19,1626,97,7,348,25,0,60,80
45,0,66,152,48,48,1946,173,37,245,1,2,62,59
78,0,60,179,31,32,2650,23,79,221,55,6,45,129
18,0,73,199,28,22,2144,197,45,354,73,2,83,81
26,0,65,153,42,22,2257,76,37,301,5,3,97,69
31,0,47,128,30,34,1794,187,117,116,6,2,93,112
31,0,61,153,33,7,3052,70,72,262,78,2,59,88
80,0,67,162,33,22,2130,200,113,140,38,0,95,54
18,1,75,167,45,38,3401,29,94,376,27,1,81,53
38,1,40,129,45,36,1614,166,34,140,25,5,116,92
70,1,70,140,40,3,2974,50,17,46,3,4,78,127
55,1,61,155,28,45,1215,53,33,142,13,0,104,125
18,0,47,163,51,19,1365,193,66,95,11,0,41,87
36,0,64,170,34,28,2731,160,46,387,38,4,42,93
34,0,56,155,28,11,3441,185,19,73,54,6,116,127
22,0,59,163,32,4,2870,144,38,158,28,0,42,93
31,0,49,182,55,13,3205,39,30,228,35,2,48,78
41,1,67,132,34,45,3351,140,74,290,51,7,106,59
64,0,77,172,42,10,3458,111,6,130,6,0,70,74
78,0,41,161,33,47,2880,44,77,147,1,5,117,106
22,1,54,158,35,44,2701,30,109,192,5,6,85,57
56,0,51,186,55,3,2938,112,78,138,58,2,46,69
66,1,59,200,44,41,2366,120,58,10,68,3,106,126
22,0,69,136,27,6,2026,100,7,285,53,2,51,85
63,0,53,130,29,2,2979,38,119,349,80,1,67,59
39,0,52,153,45,18,3280,17,112,100,66,7,73,81
41,1,48,155,28,47,2774,39,3,136,37,7,64,61
39,1,46,124,27,1,1890,30,47,379,61,1,87,100
35,0,56,173,54,7,1311,11,19,177,45,2,78,90
75,1,70,121,54,23,2316,86,84,187,79,3,64,129
35,0,54,193,52,19,1031,134,63,329,58,3,57,66
66,1,50,153,27,23,2082,12,61,132,54,2,40,110
27,1,57,159,33,50,2050,160,33,329,50,7,115,63
33,0,64,196,25,44,2917,191,19,346,52,0,84,81
69,1,78,191,30,48,1946,152,112,348,36,4,75,56
47,0,64,189,43,8,2609,47,36,96,32,6,74,111
65,1,71,167,48,25,1825,132,49,141,14,2,110,105
62,0,42,135,26,21,3368,130,36,257,2,2,47,92
61,0,45,191,31,36,2643,165,112,66,40,3,108,92
76,1,77,159,50,47,3142,112,87,117,44,3,90,128
43,1,59,137,27,9,3166,101,28,256,31,6,86,62
25,0,54,175,42,7,2865,67,6,367,6,2,83,124
51,0,53,195,31,0,3415,165,55,297,25,5,48,51
63,0,78,137,51,39,1458,161,38,14,56,4,102,105
76,1,57,123,33,32,3262,109,76,310,63,2,82,68
59,1,75,174,29,18,1642,119,85,209,26,5,98,56
57,0,72,149,32,41,1708,9,77,124,36,6,56,50
70,0,52,122,54,14,2187,102,57,345,61,2,41,114
61,1,59,177,55,34,3035,32,31,43,76,1,56,96
23,0,67,187,32,31,1035,134,65,29,74,3,95,123
73,1,59,176,41,2,2316,129,111,364,5,0,56,104
74,1,45,183,51,23,2427,81,72,231,74,7,69,61
52,1,76,122,55,8,2491,59,22,64,31,5,78,109
44,1,57,187,38,26,3306,99,114,175,25,2,54,73
57,1,49,185,52,33,3322,179,21,180,42,1,61,122
66,1,49,163,35,33,1977,174,51,93,4,5,83,101
64,0,54,185,50,26,2633,69,41,172,1,6,76,127
40,1,80,142,33,41,2682,143,11,42,21,2,98,102
27,1,58,189,37,28,2674,72,8,18,80,7,109,97
30,0,61,196,54,8,2665,133,16,393,17,4,86,99
64,1,56,173,35,44,1929,40,92,253,56,2,109,58
66,1,56,161,30,33,1735,166,108,333,53,2,52,99
27,1,50,126,53,45,1092,18,41,327,65,1,59,101
19,1,73,163,54,33,1820,76,37,212,9,6,61,130
18,1,79,168,51,28,2879,152,83,206,11,2,112,68
72,0,74,129,38,45,1378,88,112,297,72,2,90,55
70,0,70,125,36,19,1602,170,33,323,68,7,88,57
73,0,42,154,30,16,2683,124,20,31,56,4,80,62
79,0,46,153,48,10,1053,145,85,220,47,5,49,60
79,1,65,157,44,28,1538,95,74,239,12,0,79,81
43,0,72,199,40,12,3386,69,5,339,46,4,77,96
56,1,77,165,28,6,2662,184,116,351,24,1,90,95
52,1,56,172,48,27,1221,120,107,24,51,2,50,69
69,1,67,159,53,16,2105,178,4,344,54,4,66,72
73,1,40,146,29,14,2483,144,17,205,38,2,74,129
42,1,55,131,45,4,2869,77,96,389,43,2,96,79
24,1,70,143,44,45,2300,133,15,274,65,2,43,71
36,0,79,199,28,16,2328,75,26,385,1,2,119,82
76,0,70,150,33,15,3499,185,61,174,54,6,81,130
36,0,62,194,29,14,2650,150,9,35,11,1,107,67
76,1,52,133,48,8,3429,79,113,74,29,4,78,71
51,1,41,120,54,22,1768,165,19,158,71,0,64,60
19,0,44,195,50,26,2812,133,51,61,70,3,80,72
56,1,46,121,52,19,1688,6,45,384,0,0,81,51
49,1,56,129,29,15,2436,196,20,397,38,4,116,105
68,0,68,168,51,41,2088,189,70,171,10,2,111,80
38,1,69,175,43,32,1280,91,7,266,40,0,99,63
39,1,73,198,41,39,1187,136,21,154,1,5,73,91
26,0,72,124,29,6,2418,28,3,376,13,2,114,106
58,0,52,150,50,6,1639,2,75,180,53,3,86,106
37,0,69,140,34,8,1049,94,4,191,59,0,86,71
64,0,42,141,41,50,1344,97,87,135,40,1,52,68
72,0,70,132,31,19,1920,122,61,115,66,4,67,118
58,1,63,123,46,38,1871,30,77,163,36,5,43,82
34,1,58,152,48,45,3281,4,6,162,2,2,88,53
24,1,74,132,50,1,2349,151,15,338,1,6,77,56
79,0,69,145,40,11,1970,189,51,111,25,5,93,64
55,0,52,166,54,46,1196,100,63,221,60,3,90,129
32,0,42,146,40,42,3111,96,112,120,33,0,42,54
76,1,41,164,55,48,1796,81,48,374,22,7,89,110
38,1,79,120,48,48,1130,196,59,137,73,4,69,62
62,0,46,126,25,22,2610,34,79,393,77,4,106,81
18,1,42,152,48,44,2670,121,7,14,3,6,104,115
55,1,72,137,55,7,3022,145,74,155,12,1,90,69
27,0,59,185,39,27,1684,49,84,304,55,4,113,83
20,1,60,173,44,6,1346,70,15,157,33,0,86,129
75,0,41,187,44,21,1721,188,48,203,29,2,81,116
29,1,54,146,34,43,1444,5,86,14,8,1,93,97
67,1,54,144,29,43,3241,62,17,274,49,0,93,118
66,0,66,163,45,7,1628,155,67,35,75,7,45,59
56,0,63,188,45,45,3270,171,16,202,30,7,82,53
33,0,47,182,32,16,2684,130,15,151,48,2,43,122
43,0,46,128,26,6,3429,168,110,125,29,1,58,98
39,1,46,146,25,22,2653,173,13,30,78,2,78,56
31,0,75,140,25,17,1033,200,94,135,9,3,80,57
61,0,66,198,52,8,1239,165,40,333,55,6,71,106
51,0,73,169,46,50,3451,110,92,126,21,3,61,87
26,0,70,193,32,27,1620,32,104,39,45,0,104,126
40,1,40,161,26,35,1430,103,54,174,15,6,87,112
29,0,60,195,40,34,1454,78,7,136,63,7,71,77
29,1,51,128,34,13,1134,199,35,114,79,2,73,58
33,0,65,151,31,12,2980,54,113,381,18,0,99,81
22,1,61,149,31,49,3437,125,91,306,3,6,117,121
24,1,42,169,27,19,3216,107,76,293,45,5,73,128
67,0,49,184,38,25,3466,174,18,214,7,5,98,83
72,0,73,162,46,42,1717,99,46,381,33,1,71,85
43,0,69,146,45,47,1640,65,111,244,34,6,76,129
18,1,66,153,51,47,1561,87,104,164,47,6,108,86
77,1,45,174,33,46,1465,140,25,282,75,4,100,128
53,0,68,192,44,5,2546,134,90,248,14,6,78,63
80,1,57,142,47,1,1610,30,107,107,70,0,117,112
38,1,44,130,52,42,2593,63,21,37,31,0,74,103
45,1,48,135,37,22,1438,37,0,174,75,6,110,119
62,0,48,188,31,46,2883,175,49,336,64,7,91,85
28,0,51,192,43,46,3160,195,58,91,50,1,100,54
57,0,60,145,55,42,2752,192,23,275,23,2,100,102
46,0,57,166,25,4,1904,45,70,293,15,1,75,79
64,1,41,168,55,27,2447,157,25,157,34,1,42,116
57,1,57,155,50,47,2327,200,95,312,60,4,87,104
39,0,45,167,33,44,2256,50,32,154,55,0,93,58
27,0,49,146,30,25,2845,158,86,152,19,5,73,117
53,0,62,146,52,8,1452,127,36,194,43,0,55,127
27,1,78,196,52,0,2607,138,112,397,14,7,110,66
71,1,72,191,51,26,1985,151,67,256,44,1,45,79
48,0,77,122,45,2,3162,108,16,272,3,2,82,80
56,0,67,182,37,30,2877,46,90,273,72,2,118,63
55,0,45,145,25,46,1831,133,87,343,53,3,83,77
69,1,46,141,33,49,3433,64,111,369,14,0,63,119
61,1,62,145,40,16,2961,51,43,304,9,3,48,129
74,1,44,155,30,37,1419,2,103,158,67,2,79,53
20,0,61,145,33,42,1478,41,6,153,43,4,112,88
26,0,77,181,34,10,1816,148,87,384,27,6,87,101
75,1,54,197,44,9,3108,140,108,380,74,5,63,96
78,0,46,171,46,36,2117,54,32,171,72,7,94,104
29,0,45,192,49,20,2572,185,57,59,61,4,117,67
52,0,56,189,38,24,2581,155,3,109,35,6,47,108
28,0,68,200,34,41,1159,13,108,88,9,5,67,104
22,1,67,140,47,45,3314,172,50,129,47,5,54,91
43,1,56,140,45,31,1118,148,53,329,4,3,60,123
27,1,61,142,33,7,2414,55,73,338,70,0,72,69
77,0,57,178,36,34,1152,18,24,110,0,5,75,105
20,1,69,198,50,33,3475,156,63,158,39,1,50,123
46,0,56,160,54,25,1277,137,26,386,78,5,49,103
22,1,48,133,32,44,1482,120,20,70,24,5,40,86
32,1,69,129,40,15,2529,70,40,164,17,3,64,104
49,0,71,125,38,12,3134,73,26,64,0,0,111,81
71,1,57,162,38,3,1439,51,65,47,0,7,75,79
41,0,75,179,44,26,2447,185,26,346,61,0,119,63
34,1,73,190,34,28,2495,76,91,88,32,7,79,77
37,1,66,183,45,42,2524,168,8,294,32,5,106,125
36,0,66,122,49,20,1972,48,0,120,17,3,111,75
66,1,59,185,50,43,1906,99,111,141,40,0,111,69
51,0,61,147,39,21,3462,27,33,35,26,5,110,82
59,1,54,153,35,28,2483,144,105,167,28,1,108,101
23,0,64,157,40,48,3388,45,13,332,16,1,74,106
63,1,77,199,46,8,1212,157,100,58,65,7,80,106
35,1,56,191,44,10,1284,16,8,105,9,3,102,61
32,1,74,178,42,10,2823,44,21,262,32,4,54,102
55,0,69,141,50,23,3178,154,76,338,36,2,119,70
71,1,58,197,53,12,3159,108,40,11,53,6,94,99
48,1,79,192,38,10,2911,55,90,400,62,5,71,116
53,0,78,166,53,16,2849,136,26,47,38,2,42,119
34,0,78,199,42,25,2570,182,42,81,10,3,120,98
42,1,70,176,54,27,2091,145,5,277,31,7,84,82
58,0,69,181,54,4,2598,20,50,186,72,7,53,123
80,1,42,136,38,9,3033,185,69,312,38,4,55,113
39,0,52,122,28,7,2490,179,31,130,55,1,43,70
51,1,48,148,27,16,2840,175,100,111,46,1,43,102
54,1,77,167,55,18,1479,183,82,220,79,0,78,65
77,0,80,127,42,1,2210,31,84,245,33,3,66,116
61,1,59,179,41,33,2307,80,113,367,36,2,81,89
28,1,66,196,50,31,1518,56,13,89,39,1,45,111
75,0,73,122,37,27,1887,9,37,293,7,1,66,122
21,1,60,200,38,20,3051,167,32,197,77,5,104,58
29,0,46,198,30,11,1146,70,27,267,24,1,116,89
79,1,48,182,40,29,3484,148,45,83,71,0,114,96
27,1,42,186,27,31,2446,156,55,226,41,5,111,62
76,0,65,156,42,35,1170,44,3,325,2,0,46,87
48,0,45,192,35,17,2314,190,119,383,10,1,56,72
68,1,65,150,40,43,3417,193,99,31,55,5,61,93
30,0,52,153,33,29,1343,73,57,351,76,0,66,92
25,1,58,176,54,3,2749,158,106,394,72,1,78,67
49,0,52,187,37,21,3489,0,61,393,17,1,45,127
33,1,75,121,52,5,2849,186,118,152,20,5,92,90
30,0,44,123,26,42,1674,69,52,51,38,7,63,70
34,0,42,141,37,27,1297,109,84,74,11,2,48,119
56,1,49,187,36,23,3134,24,68,105,11,2,82,74
50,0,61,177,45,28,1313,55,116,127,79,2,95,92
71,0,51,181,50,2,2710,168,64,241,29,4,96,96
28,0,66,162,51,20,2300,41,16,317,64,4,43,68
58,0,53,124,50,48,2667,50,38,228,59,1,109,104
30,1,53,184,46,15,2062,163,38,74,28,1,64,128
62,1,67,148,29,24,1950,181,67,33,53,2,116,50
27,1,48,198,26,42,1942,59,38,29,29,3,91,83
72,0,42,155,36,45,1007,199,46,315,25,3,47,98
36,0,54,173,35,4,3051,83,0,272,33,1,54,89
68,1,68,188,31,19,3090,194,10,50,72,7,89,98
23,1,52,179,30,10,1706,178,57,383,42,6,85,53
53,1,76,126,50,8,1385,30,77,119,0,6,83,79
40,1,68,157,43,0,1447,166,32,332,25,5,103,86
40,1,52,186,45,50,2915,23,56,101,36,0,78,56
61,0,56,132,52,13,1697,69,18,148,68,5,54,99
30,1,64,167,28,16,2162,68,62,248,9,3,94,52
45,0,58,137,35,16,1327,34,45,61,49,2,57,63
27,1,75,179,26,21,2925,134,14,190,47,6,101,127
18,1,80,174,49,6,2807,83,51,136,17,0,100,50
69,0,66,151,55,21,3222,124,101,388,66,4,120,65
68,1,45,136,30,40,1244,171,0,310,50,2,55,109
36,0,80,141,53,50,3057,166,75,18,60,3,77,126
31,0,46,189,26,41,2840,138,37,48,64,2,91,79
23,1,69,137,47,19,1578,145,105,350,38,4,42,80
26,0,64,167,47,25,2913,134,34,9,79,4,78,53
44,0,49,155,27,31,2600,12,92,93,63,7,66,108
63,1,67,156,38,34,1061,81,60,252,45,3,97,88
79,1,67,196,35,37,1286,21,69,357,73,1,58,129
67,0,63,123,52,41,1852,96,105,109,29,2,111,89
56,0,44,166,26,3,2497,80,54,329,64,1,96,83
68,1,50,141,50,41,2339,31,119,266,34,0,59,67
68,0,58,177,46,1,2900,127,35,342,18,7,67,116
18,1,74,199,36,8,1324,124,20,168,56,2,74,116
38,0,72,144,55,2,1868,134,18,181,47,5,118,125
21,0,57,145,49,38,1103,146,118,182,9,3,98,109
36,1,52,160,55,39,1510,104,19,149,57,6,92,99
53,1,69,122,37,13,2946,45,114,215,9,4,51,116
52,1,45,195,41,12,1461,158,32,238,64,7,47,100
50,0,78,153,25,36,2159,35,7,87,52,7,52,65
51,1,62,147,31,10,1802,97,36,152,71,3,76,81
66,0,75,198,32,9,1521,132,44,278,40,3,105,79
60,0,47,159,35,36,1941,12,18,73,37,6,71,110
27,1,79,165,47,18,1980,50,57,57,7,6,42,55
35,0,72,123,48,32,1355,6,71,65,78,3,51,104
34,0,72,137,50,23,2140,46,61,80,22,1,108,130
31,1,53,188,27,30,3493,154,93,253,47,5,108,69
21,1,69,139,46,50,1836,177,3,42,10,0,104,56
54,0,78,190,53,32,3492,53,64,48,26,5,40,117
34,1,60,195,46,37,2270,57,59,126,48,1,49,57
44,1,51,154,34,41,1235,138,7,153,46,0,100,74
23,1,50,120,51,10,1083,87,80,396,29,6,67,110
22,0,43,191,42,8,3275,111,106,26,19,0,81,128
21,0,48,125,30,40,1935,104,51,242,26,2,67,51
24,0,67,145,53,13,2539,121,117,71,16,6,108,120
64,0,57,200,29,20,1499,185,118,250,32,7,89,85
46,0,62,190,32,38,2215,79,12,172,76,4,43,91
77,1,73,145,27,18,2101,5,72,309,65,7,104,78
23,0,51,187,41,38,1798,155,105,110,73,3,108,107
48,1,69,173,32,36,1654,178,58,377,35,1,61,102
66,0,75,136,37,0,1554,115,64,29,5,0,114,115
75,1,42,162,53,45,2931,150,28,320,77,0,56,110
37,0,54,149,25,8,1569,83,98,364,22,1,57,52
47,1,75,120,40,47,2338,189,16,294,29,2,67,115
21,0,64,182,53,16,1181,38,120,398,10,2,60,60
44,0,45,184,52,20,2964,169,40,240,17,7,45,121
60,1,60,175,48,32,2522,15,52,156,3,5,51,113
80,0,64,137,31,25,1049,127,32,211,78,7,70,96
33,1,70,182,26,20,3261,86,8,334,12,4,105,129
46,0,44,180,39,4,2942,44,49,324,33,1,106,123
60,0,58,146,51,16,2761,145,44,215,30,2,61,56
30,0,76,154,31,44,1356,6,33,95,27,6,63,107
60,1,40,124,40,7,1160,130,20,6,22,3,75,86
31,0,71,141,34,13,2358,83,22,236,70,0,80,63
70,1,68,190,34,5,1800,184,95,110,73,5,109,91
59,1,48,167,50,24,2724,34,61,399,62,5,45,60
57,0,69,185,53,1,2241,128,25,263,64,6,55,75
57,0,77,159,39,7,1252,193,15,256,37,6,41,65
25,1,46,170,34,46,1360,39,104,382,33,1,47,82
80,1,56,171,45,47,2234,194,30,54,2,1,89,99
78,1,67,142,39,47,2875,70,28,325,37,1,60,100
26,1,46,161,50,39,1731,161,75,48,76,6,72,89
60,1,49,163,49,20,1632,168,101,235,72,5,101,94
70,1,57,148,51,8,2861,64,0,339,64,5,91,87
29,1,56,174,36,40,3088,101,34,61,70,7,75,113
43,0,72,179,51,6,1197,86,76,375,63,2,51,77
79,0,70,134,44,4,2354,130,74,328,73,5,107,78
41,1,77,144,35,30,1323,4,94,89,52,1,50,113
67,0,61,130,46,28,1818,196,102,17,30,7,70,105
76,0,75,176,41,42,2622,110,24,310,23,5,116,80
24,0,61,168,43,36,2419,41,21,278,40,0,100,67
69,0,48,161,27,14,3075,98,23,280,72,1,116,117
51,0,65,187,29,10,2443,68,97,100,47,6,67,122
25,1,45,195,50,40,1778,177,20,24,54,5,74,119
42,0,73,196,45,17,1112,159,19,240,19,1,89,101
77,0,72,137,50,41,3292,46,39,180,34,7,42,129
25,0,48,175,31,44,2284,51,73,275,14,5,97,80
50,0,74,138,31,36,2190,57,10,229,18,0,69,95
48,0,45,160,38,2,2214,153,29,338,26,3,101,88
27,1,53,151,41,14,2057,32,60,355,34,3,63,52
26,1,64,157,43,12,1875,114,61,348,59,6,97,125
72,1,51,146,50,44,1698,58,88,262,8,4,80,101
54,1,47,174,43,18,2560,59,61,117,55,5,41,83
47,1,73,151,29,5,1112,10,20,285,12,6,84,121
71,0,65,171,25,7,2807,161,7,214,37,0,90,75
66,1,48,199,54,18,3468,97,58,383,6,7,101,66
75,0,44,191,35,27,1124,18,35,324,25,2,85,67
47,0,54,162,31,11,1106,172,95,77,33,4,41,61
52,1,67,181,32,30,2011,60,81,39,75,0,41,89
54,1,76,129,46,27,1826,180,70,38,30,6,63,129
74,0,47,137,29,16,1916,168,69,147,30,5,71,120
71,0,70,123,40,23,2641,93,5,160,73,1,54,117
30,1,79,141,43,23,3285,33,23,324,67,4,50,128
63,0,46,168,40,4,2089,64,28,46,28,3,69,110
45,0,55,134,48,21,2177,78,50,361,68,0,66,100
68,0,56,149,28,19,1537,79,60,385,65,7,86,83
23,1,69,184,47,27,1277,172,22,122,59,3,93,116
40,1,51,148,45,43,2580,156,71,84,80,6,44,130
68,1,54,153,41,48,1252,13,103,79,33,6,113,107
73,0,50,123,52,49,1928,57,18,371,62,0,55,72
72,0,51,168,28,28,1861,110,65,291,77,7,108,118
41,0,61,172,27,46,2921,36,101,141,80,3,109,128
27,0,47,121,53,50,3366,120,75,353,70,5,81,85
44,0,71,129,41,8,1731,96,6,395,62,0,106,69
60,1,64,178,48,26,2599,164,89,46,16,3,78,76
57,0,58,140,52,49,3358,168,23,220,35,1,70,105
47,1,77,148,32,47,1669,97,23,77,59,2,68,120
37,1,77,128,51,50,1773,11,62,77,2,2,68,71
57,1,43,173,53,44,2025,143,117,261,10,3,42,80
24,1,63,144,37,22,3128,17,78,196,35,5,106,71
65,0,47,168,38,46,2536,89,97,88,33,1,114,50
70,1,67,188,51,14,3154,159,24,256,4,1,86,59
51,1,40,188,40,26,2269,102,13,123,41,1,99,94
58,1,65,189,44,10,2128,1,23,379,49,1,54,118
37,0,51,190,34,9,3337,83,68,121,57,4,49,84
37,0,43,131,33,36,2053,0,39,157,59,7,96,73
46,1,49,187,46,19,2831,178,54,83,64,3,111,57
34,0,70,175,46,24,1811,4,100,176,24,1,53,116
20,1,60,142,27,15,2674,108,51,390,23,1,72,60
73,0,68,191,45,5,2704,91,109,247,34,1,119,70
65,0,70,180,33,16,1852,32,35,227,53,6,78,108
38,1,40,161,52,17,1871,51,13,117,10,7,65,110
44,0,52,139,34,16,2713,25,26,370,38,1,63,83
24,0,77,142,25,44,2309,124,19,306,19,4,75,108
44,1,41,126,49,19,2797,80,99,233,35,0,77,127
80,0,66,175,39,27,1949,9,93,220,33,4,76,81
61,0,60,165,54,29,2504,105,87,196,51,2,103,127
77,0,45,120,49,46,1341,22,69,98,53,5,101,121
21,1,74,197,27,9,1815,43,79,41,49,2,51,99
41,1,62,163,50,36,2647,145,85,362,30,6,72,87
20,0,41,166,51,41,1096,168,9,100,1,2,51,104
80,1,59,153,25,32,2090,158,64,26,64,4,67,96
52,1,75,124,26,21,2142,24,118,75,57,4,42,63
50,0,49,194,38,18,1392,84,30,164,78,3,96,100
65,0,78,155,42,48,3180,40,85,43,48,5,42,121
76,0,74,120,28,49,1724,16,66,54,67,2,58,126
28,0,49,174,27,49,3411,78,30,367,16,6,96,88
46,1,64,124,47,19,2477,130,33,220,66,3,71,112
78,1,43,129,39,48,3317,185,29,299,71,0,106,77
35,1,50,198,50,10,1059,10,8,164,35,1,109,96
64,0,63,154,47,20,1172,35,89,329,61,3,80,51
43,0,51,132,34,25,1275,161,45,233,79,5,72,88
62,0,79,140,36,46,1944,182,119,278,24,4,52,87
65,1,70,128,46,32,1125,55,120,177,23,3,41,69
52,1,52,167,52,38,1973,150,50,353,72,5,64,58
39,1,55,166,45,43,2495,198,17,71,75,7,74,114
76,0,78,167,48,8,1364,3,32,27,61,4,113,119
53,0,68,162,49,45,1746,129,62,266,6,6,61,90
20,1,58,161,43,17,2541,29,120,271,23,3,105,67
21,1,49,172,42,16,3336,7,31,230,76,0,89,56
44,1,76,126,52,42,3419,114,46,296,62,2,92,70
32,1,72,148,37,15,1538,158,2,326,18,5,56,74
77,1,41,158,53,21,2306,149,117,254,39,2,109,55
73,1,41,139,39,17,2715,84,73,301,43,7,92,65
76,1,80,157,46,11,3297,37,26,197,40,7,87,74
40,1,75,143,48,47,3100,45,110,313,43,7,94,82
39,0,40,159,43,40,2238,59,33,200,15,1,92,114
57,1,80,192,47,31,2918,152,43,76,2,0,40,77
32,0,43,167,55,50,1358,142,91,148,14,3,95,103
35,0,44,128,25,6,2285,65,5,328,56,4,61,80
59,1,72,172,46,4,2237,11,37,323,39,4,79,77
41,0,73,177,32,30,2348,7,47,113,58,4,112,76
72,0,71,133,25,47,1732,191,0,152,46,3,103,70
66,1,42,146,42,15,1059,113,37,187,45,0,85,128
24,1,65,172,43,18,1828,165,2,177,47,2,97,59
42,1,80,139,48,39,2815,130,78,171,14,0,53,50
77,0,49,131,48,30,1043,8,108,74,32,4,50,59
45,0,41,126,26,44,1961,125,26,153,60,2,108,121
32,1,62,129,50,29,2335,187,63,228,21,3,88,116
57,1,79,161,52,8,1128,148,69,101,35,2,77,90
54,0,54,163,47,16,3386,177,71,101,77,7,101,68
30,0,57,181,38,27,2335,141,113,42,32,7,65,60
41,1,55,136,46,43,1505,189,57,386,67,3,51,110
39,1,55,135,32,39,3350,39,90,156,41,6,65,70
67,1,67,150,39,38,1376,54,18,315,7,1,63,87
37,1,61,179,40,24,3386,127,110,266,9,5,51,52
24,0,53,177,28,38,1666,172,44,80,44,7,83,65
78,1,46,146,33,15,2691,59,99,346,44,4,62,110
44,0,61,166,55,29,2113,2,55,269,78,6,109,63
34,1,79,156,38,18,3054,84,92,233,5,5,89,58
72,1,60,165,55,5,2155,136,1,134,10,7,117,103
46,1,67,124,43,39,2743,146,4,370,20,2,74,76
47,0,58,163,45,36,2347,30,24,8,73,4,51,118
73,1,64,141,39,13,2892,163,94,177,64,5,46,68
56,0,56,198,55,40,2827,165,81,386,37,1,88,71
34,1,77,157,38,30,2738,69,23,254,50,3,48,127
21,0,75,145,31,27,2328,153,83,106,71,1,43,127
37,0,58,190,37,46,1554,193,50,30,79,3,49,107
78,0,62,163,35,7,2516,144,32,213,36,3,97,53
66,0,70,197,33,0,1795,145,91,110,79,2,119,122
22,1,63,189,46,4,1307,56,62,210,21,1,47,89
51,0,48,144,53,44,3102,5,60,8,74,5,41,81
42,0,61,121,46,25,1099,71,89,81,67,2,72,116
26,1,40,196,29,18,3303,132,49,386,41,0,79,87
57,0,49,141,52,32,1472,148,49,372,61,4,57,102
57,0,79,147,32,49,2773,5,69,279,16,5,42,102
70,0,75,157,31,27,2608,6,115,127,67,2,120,129
43,1,62,134,33,19,1876,182,34,213,22,2,90,76
52,1,41,169,44,3,2005,182,4,209,17,7,106,127
18,0,55,158,46,15,2536,95,107,53,33,0,42,104
67,0,47,140,35,3,3313,185,98,21,47,3,83,126
22,0,59,151,26,11,1613,197,42,264,2,4,43,116
66,1,45,134,54,27,1582,43,71,103,32,4,98,61
75,0,61,192,27,28,2497,109,82,215,13,1,101,108
49,1,60,121,48,13,1581,37,92,356,52,0,44,63
46,1,57,149,30,43,2295,175,77,140,24,4,51,82
68,0,65,123,34,48,3010,124,26,33,79,2,59,64
72,0,75,164,45,0,1220,184,116,350,47,5,96,68
77,0,49,158,44,14,2529,109,30,72,1,2,114,121
28,0,65,161,34,33,2689,108,10,282,37,2,64,104
49,0,59,156,27,11,1056,134,68,222,32,1,107,93
75,1,61,180,32,13,2048,35,14,154,62,4,90,114
32,1,56,163,42,16,3075,58,32,225,21,5,95,50
30,1,51,191,34,8,1553,181,97,9,38,2,79,74
66,1,44,169,33,29,3069,168,47,66,67,4,104,80
51,1,58,147,35,14,2606,172,34,14,48,5,100,83
69,0,76,161,32,43,1560,56,70,96,25,1,75,55
20,1,71,184,55,6,1831,39,90,264,22,1,105,79
61,0,51,134,33,7,2401,98,35,334,29,6,119,108
39,0,79,137,52,42,2289,83,67,396,77,4,91,118
70,0,65,139,50,15,2181,187,76,278,40,7,100,119
73,0,61,151,37,29,3326,89,83,158,17,4,50,107
31,0,76,125,43,3,2272,54,76,273,50,7,86,117
34,1,63,152,55,12,3070,15,72,46,60,3,98,78
23,0,62,187,46,24,1094,15,43,376,2,2,55,102
24,0,50,131,53,7,1839,155,34,257,17,2,108,71
63,1,51,170,44,0,2393,9,114,394,74,3,79,57
75,1,49,173,25,17,3463,176,116,147,80,0,49,60
52,0,62,145,34,16,2964,156,106,170,51,1,101,71
69,0,46,124,42,29,2513,135,29,65,29,2,98,106
46,1,68,133,27,3,2470,151,92,13,22,0,67,113
46,1,71,163,35,8,1017,25,95,186,61,0,69,76
66,0,63,197,55,38,2407,176,12,163,14,4,118,118
44,1,57,169,36,47,3428,76,87,293,46,5,117,75
34,1,53,188,30,9,1113,170,46,316,40,3,120,55
21,0,52,120,34,5,2368,23,34,136,1,2,73,94
32,0,66,175,53,25,3377,41,55,399,23,1,52,58
30,0,77,140,44,39,2191,1,99,48,49,5,93,92
51,1,62,160,50,12,1409,152,55,355,71,0,53,68
65,0,50,184,36,46,3088,120,35,328,9,0,88,98
23,0,45,155,35,40,1807,199,22,249,68,0,93,125
20,0,40,189,48,36,1521,185,46,342,68,5,52,110
59,1,79,184,26,4,1743,23,10,193,30,6,60,58
43,0,59,162,26,9,2536,126,66,256,54,7,76,70
40,1,48,166,53,27,2923,136,2,299,48,2,49,119
46,0,53,193,32,9,1624,89,86,278,40,7,81,102
60,0,69,167,55,27,2655,72,12,310,51,3,79,130
30,1,44,165,54,33,2326,106,104,220,43,5,69,113
47,1,40,188,28,35,1337,71,112,234,50,2,45,102
33,0,72,139,25,11,2333,38,48,313,19,5,74,54
53,0,63,134,45,34,3105,56,67,162,45,3,64,59
73,1,63,152,47,34,1065,190,66,297,2,0,65,84
25,0,62,184,31,15,1018,82,94,110,61,0,111,97
26,0,55,186,29,13,1066,122,114,370,68,0,89,67
29,1,44,144,36,30,1326,154,15,0,15,3,84,65
27,0,41,149,25,50,2611,181,103,200,48,7,106,123
44,0,73,186,46,49,2454,91,13,25,64,6,53,109
62,0,64,126,55,44,2449,128,105,297,35,0,66,64
75,0,56,123,40,29,1308,91,38,32,56,0,85,115
42,0,64,135,46,19,1988,7,95,298,18,5,103,105
72,0,48,148,45,0,2767,44,9,53,27,1,52,97
39,0,41,124,44,21,1701,65,79,158,34,1,53,116
48,0,59,187,40,39,3365,81,16,207,23,4,119,104
76,0,43,183,43,5,2014,196,4,213,34,0,41,91
71,1,45,154,31,30,1277,172,69,109,79,4,102,110
37,1,42,143,36,21,1572,183,19,352,38,0,69,73
21,1,74,125,38,6,1124,145,41,74,78,5,54,110
39,0,54,169,44,1,2525,130,81,91,40,7,40,88
60,1,70,158,46,20,2743,128,4,153,34,1,42,51
40,1,48,188,48,32,1493,51,51,19,60,0,63,80
74,0,67,162,25,47,1535,36,5,56,10,1,101,121
38,1,79,183,36,4,2454,123,82,255,57,1,63,123
73,0,44,182,42,48,1707,47,70,383,42,0,60,102
76,1,45,147,53,27,1990,130,72,105,75,7,45,86
28,1,52,170,36,33,1665,41,10,208,39,2,76,106
27,0,80,169,44,2,2450,8,74,145,62,4,68,110
64,1,46,137,47,45,3077,35,114,347,36,1,57,118
52,1,74,135,26,25,3026,37,85,275,10,2,52,61
55,0,42,200,36,30,2694,192,5,394,41,5,44,63
74,1,62,161,42,34,3390,93,59,14,75,6,78,92
42,1,76,149,31,23,2647,141,11,158,52,7,81,61
75,1,74,164,55,33,1722,127,0,20,5,1,99,79
32,1,45,175,33,9,2946,183,28,252,1,3,87,107
40,1,63,150,36,13,3073,120,11,304,39,6,116,119
55,0,59,175,35,46,1253,120,14,348,54,4,51,62
62,0,40,164,49,15,1253,77,57,250,13,6,106,62
18,0,64,174,43,23,2689,143,16,28,70,5,41,76
77,1,76,188,25,5,3283,151,5,124,68,5,120,126
32,1,45,134,29,13,2791,192,15,150,51,4,43,115
55,1,72,144,27,44,1397,178,38,209,73,1,111,92
71,0,62,200,39,32,1613,144,16,358,42,1,120,116
22,1,71,196,50,45,3439,8,87,4,73,3,75,91
42,1,60,181,35,16,3244,130,84,341,37,2,55,82
64,1,40,145,47,23,1586,173,95,313,18,5,74,120
65,0,67,122,44,35,3104,186,17,391,53,2,80,120
79,0,59,124,44,26,1764,8,114,206,65,2,116,111
58,0,79,169,36,2,2723,96,95,372,44,6,56,70
78,1,62,121,43,18,1345,22,81,146,60,5,108,79
74,0,45,157,45,27,2127,188,81,31,14,4,107,108
48,0,70,145,29,0,3157,34,42,350,34,2,111,63
59,0,42,136,47,22,1646,5,56,120,1,4,97,119
52,1,60,190,37,26,2282,70,96,363,17,6,110,100
52,0,59,167,27,39,1661,67,22,256,17,7,95,71
72,0,58,132,35,22,3289,106,103,188,34,1,68,59
54,0,49,143,47,19,2097,168,59,60,20,7,92,109
60,1,54,166,29,30,1006,158,76,46,25,6,49,130
80,0,68,193,30,9,1863,91,86,210,8,7,98,128
37,0,44,159,54,8,2100,144,98,44,48,0,115,89
69,0,45,129,49,50,2401,117,11,151,55,3,99,101
21,0,50,162,43,29,2129,75,45,165,38,5,66,92
72,1,78,140,43,33,2237,22,18,311,25,1,86,103
32,0,61,188,49,35,3314,70,78,198,20,6,107,104
23,0,64,199,47,4,2987,13,93,249,72,7,40,56
51,0,61,139,43,17,2198,106,57,73,42,7,108,130
18,0,61,179,31,42,1689,44,5,281,30,4,116,81
34,1,66,170,45,45,3388,39,76,118,69,1,70,108
69,0,42,174,47,23,1850,147,109,290,73,5,74,123
71,0,40,160,43,9,1844,191,9,336,5,6,94,100
61,0,51,190,43,4,2454,54,47,133,54,4,63,105
77,0,47,124,50,35,2007,13,60,227,32,4,73,70
78,0,62,122,42,35,3133,57,11,277,19,6,40,56
78,0,80,179,48,3,3159,92,14,273,3,7,54,51
79,1,40,175,29,43,2561,107,89,167,11,2,117,97
39,0,47,198,25,42,2892,108,8,385,54,7,88,79
55,1,50,168,40,48,2957,96,17,33,56,1,110,94
34,0,46,140,33,25,2690,22,3,341,16,6,65,71
70,0,79,145,35,7,3336,33,54,20,68,2,50,122
28,0,66,163,27,25,1345,96,107,30,54,4,118,77
51,0,69,147,25,20,2981,112,44,115,49,2,99,95
71,1,42,178,55,14,2621,127,76,256,3,2,97,119
21,0,58,190,34,16,1366,195,88,102,71,3,48,110
23,1,61,147,42,11,1194,110,118,313,80,2,79,80
60,1,79,197,31,43,1673,31,24,260,26,2,105,102
33,0,62,192,38,18,2528,113,79,210,75,6,79,100
50,1,69,141,55,39,1809,150,89,86,17,4,45,102
76,1,76,188,55,12,2876,23,54,59,72,5,49,88
55,1,53,155,30,41,2317,134,15,83,30,3,107,61
24,0,76,126,27,22,1574,28,52,48,68,4,101,51
46,1,51,159,27,9,2592,149,27,233,12,1,112,75
58,1,50,179,43,24,1757,156,65,352,38,3,107,65
68,0,72,171,31,8,2830,93,111,20,42,3,120,81
61,0,47,163,43,22,2834,86,102,381,42,1,72,105
22,1,71,166,34,44,3030,196,19,139,2,1,98,123
27,1,64,168,54,6,3280,68,48,239,59,5,114,89
46,1,40,186,51,23,3440,144,57,204,79,0,88,72
27,0,68,153,47,3,2926,51,23,283,17,5,119,74
51,0,52,123,27,0,1864,22,46,88,16,4,74,91
55,0,63,124,30,46,3408,82,38,390,38,0,86,65
20,0,44,146,35,44,2999,161,81,227,52,0,89,114
67,1,51,131,31,36,3490,7,33,164,41,0,80,97
65,0,65,131,44,43,1866,182,108,387,36,5,113,90
20,1,43,155,51,28,2985,45,38,334,54,3,68,99
58,0,53,199,42,0,1888,164,78,82,36,4,90,61
34,0,64,164,29,25,1002,175,46,117,75,6,101,76
24,1,46,148,31,24,1331,32,98,120,78,1,91,54
26,1,57,182,29,14,1968,102,63,55,21,2,112,71
22,0,47,155,29,28,2239,63,19,224,33,6,40,124
56,1,45,187,27,48,1447,88,95,311,5,2,101,73
47,0,53,198,32,2,2425,20,3,325,78,7,91,110
56,0,75,144,30,7,3227,65,106,201,25,7,93,56
35,0,79,169,37,30,1516,163,57,273,1,6,64,72
26,0,65,178,46,44,1531,48,11,72,11,2,104,117
49,1,66,165,50,38,2075,114,114,200,26,0,88,106
38,1,40,177,29,1,1646,172,44,267,58,6,72,116
36,1,47,158,44,33,1768,123,84,86,51,3,89,52
37,0,57,170,41,23,2556,168,37,78,3,1,55,64
77,0,67,194,47,1,2138,37,85,236,1,0,116,96
71,1,57,191,54,39,2292,137,84,171,34,2,82,61
39,1,77,165,33,8,3467,175,30,324,25,5,86,125
41,1,67,157,35,45,2160,34,92,218,27,0,99,79
75,0,74,191,40,30,2697,104,2,309,65,0,111,130
39,0,62,174,32,8,1413,88,50,148,58,3,67,112
67,0,80,162,38,16,3060,172,37,143,42,0,54,78
34,1,51,121,28,27,2638,85,70,134,71,4,104,91
42,1,75,155,49,21,3479,135,16,46,54,4,73,94
53,1,48,162,45,30,2266,180,33,0,28,6,89,90
59,0,49,134,32,16,1543,169,88,391,64,2,63,124
22,1,58,155,48,30,1911,79,33,27,61,4,71,89
45,0,55,158,26,3,2785,199,118,144,61,1,117,78
73,1,62,129,50,30,3469,85,6,42,31,6,69,76
45,0,68,159,48,23,2734,100,118,37,35,6,96,63
58,1,71,122,49,34,1567,7,36,22,80,2,116,96
66,0,78,192,35,22,3307,69,98,365,80,4,68,99
58,1,62,160,48,40,1301,161,19,78,19,5,113,70
69,0,62,194,29,44,2569,47,57,119,42,5,95,88
73,1,54,142,41,34,2044,150,17,308,25,0,83,55
25,1,55,187,48,3,2121,185,85,276,61,6,43,107
21,1,80,154,50,35,1147,130,32,119,41,3,84,74
26,1,79,147,44,0,3039,78,105,92,13,3,45,68
21,1,55,149,51,13,1721,185,83,375,18,3,44,112
72,0,78,190,28,43,2632,48,6,95,16,3,60,114
29,1,80,121,47,17,3347,0,12,231,33,1,51,120
67,0,69,180,47,17,1653,77,37,272,3,0,108,125
78,0,41,184,49,14,2165,88,76,55,17,6,55,81
78,0,74,164,37,25,2858,178,64,40,48,5,96,123
80,1,58,195,32,8,3481,139,101,347,47,1,95,85
26,0,59,193,31,19,1506,130,63,156,62,7,56,94
48,1,76,170,52,14,1203,25,85,350,21,0,117,97
42,1,70,164,30,37,1470,111,80,271,50,1,59,126
59,0,40,187,26,14,1353,175,112,371,23,2,54,103
77,0,76,164,51,0,1362,129,92,19,5,2,59,64
63,0,52,175,36,44,3278,32,39,363,39,5,105,107
40,1,45,174,38,34,1577,74,60,200,15,7,44,51
39,0,64,194,52,35,3418,5,66,213,44,6,108,71
66,1,56,144,55,26,2803,153,45,101,67,4,51,110
44,0,56,124,53,47,1180,168,109,34,35,6,102,86
27,1,54,182,53,3,1826,17,35,326,78,4,41,94
23,1,48,196,43,29,2060,17,49,150,16,5,56,115
56,0,50,125,38,4,2846,76,55,152,13,0,63,112
67,1,79,164,47,8,3327,87,9,68,18,1,42,58
22,0,40,177,36,38,1179,39,97,241,28,0,107,91
79,0,50,127,47,30,2654,39,33,102,14,7,104,107
37,0,69,198,45,32,1116,179,42,371,19,4,79,121
65,1,70,198,32,0,1041,62,34,259,76,6,109,59
32,1,43,137,30,6,3232,64,3,254,52,1,97,99
23,0,59,200,52,50,2289,118,44,25,31,2,70,61
50,1,68,178,34,14,2578,106,55,193,29,1,93,75
45,0,40,199,31,26,2907,18,13,241,59,7,73,104
31,0,58,138,49,35,2308,36,107,239,45,5,45,56
59,0,63,155,41,8,1717,13,70,259,75,6,110,107
50,0,54,145,38,46,2813,185,39,37,65,4,75,58
25,0,46,199,39,19,2251,186,22,125,23,4,43,111
44,0,59,164,44,37,1679,162,54,174,72,2,79,87
47,1,67,156,46,3,3157,56,45,149,79,2,71,119
26,1,40,146,37,38,2982,96,17,94,20,3,119,63
70,0,80,137,53,43,1397,126,64,234,19,6,75,62
39,1,68,178,37,28,3033,28,102,321,23,5,105,112
59,1,69,184,51,46,3232,131,70,108,33,4,51,84
67,0,64,122,27,13,1297,158,53,104,9,6,69,71
30,1,80,192,26,44,2751,115,9,334,3,2,100,99
29,1,68,195,55,25,1167,190,25,6,11,6,105,115
56,1,47,196,49,10,3226,183,7,165,80,4,87,96
33,1,77,186,46,36,3344,30,12,36,42,0,83,72
34,1,44,132,46,22,3440,46,17,302,33,4,68,98
36,1,51,173,47,2,2158,127,46,117,63,3,52,123
60,1,52,134,37,31,1818,60,107,120,76,4,54,52
42,0,41,173,54,42,2291,104,10,293,55,2,72,51
71,0,50,152,38,23,2689,186,55,263,18,4,89,113
39,0,71,148,49,26,1050,18,95,96,17,4,54,79
74,0,64,139,50,25,2103,141,114,78,9,0,41,53
55,1,66,165,41,29,2305,154,92,387,66,7,91,50
53,0,61,137,35,47,1777,150,86,46,38,7,57,114
76,1,66,169,46,45,1555,101,81,128,48,1,72,103
41,1,62,169,35,2,2738,116,53,326,8,6,79,70
46,1,51,186,27,2,1307,38,13,232,8,0,76,116
33,0,49,178,35,48,1796,169,59,74,9,0,76,108
32,0,43,160,52,17,2496,60,19,50,25,7,116,57
50,0,44,133,31,35,3030,183,26,312,5,4,63,95
28,0,54,172,48,14,2539,73,102,49,18,0,83,91
46,0,57,165,31,16,2316,189,17,74,59,0,77,67
74,1,49,172,50,19,2281,17,113,69,23,0,54,113
29,0,64,179,51,28,1587,52,35,200,66,7,63,119
61,1,67,124,35,12,1050,87,99,32,15,6,72,68
69,1,55,136,42,15,2340,57,84,278,63,0,109,104
39,0,67,122,25,38,2921,150,65,389,27,6,82,103
18,1,49,197,45,10,3207,194,2,250,30,7,61,66
23,0,77,165,49,25,1518,104,14,34,15,6,88,84
19,1,58,122,26,27,2118,101,67,166,59,7,99,101
63,1,55,149,50,41,1955,10,19,53,47,2,48,71
58,1,59,140,41,50,1404,19,45,79,22,6,92,90
37,0,59,154,49,30,1818,75,6,70,64,6,94,73
30,1,53,198,40,1,2967,63,78,307,39,4,98,89
18,1,67,131,46,26,1818,196,37,85,71,5,43,54
33,0,70,196,44,46,1297,157,44,116,41,5,77,124
67,1,41,145,37,8,1502,127,80,199,61,7,96,116
38,1,60,124,47,40,3033,75,110,142,73,0,84,106
38,1,64,157,28,39,1331,35,91,282,77,1,77,72
42,0,53,150,48,46,3427,31,101,223,16,7,75,100
57,1,65,179,34,50,2685,157,44,38,50,5,65,82
24,1,70,152,52,18,2656,23,6,203,2,0,77,59
53,0,76,126,38,37,1711,120,69,294,61,2,99,58
70,0,46,126,26,40,3362,182,55,315,57,2,95,80
56,1,57,178,36,10,2643,188,36,46,15,7,90,95
24,1,40,162,35,41,2337,121,88,277,8,1,93,123
39,0,53,136,49,10,1551,175,51,118,49,2,57,127
39,1,79,188,37,33,3088,117,91,276,56,2,40,74
20,1,62,122,28,19,1279,50,57,263,35,2,43,113
66,1,57,196,31,37,1975,16,117,343,43,1,93,108
45,0,79,181,49,27,2078,36,69,102,61,3,65,85
48,1,41,186,52,30,2586,154,78,90,72,1,75,62
27,0,66,162,51,50,1260,63,7,114,5,2,62,100
64,1,51,182,35,27,1436,4,31,371,29,4,63,104
22,1,41,183,49,18,1439,49,41,180,41,5,80,99
47,1,74,166,42,45,1088,151,96,132,76,5,45,111
61,1,57,183,45,35,3268,87,22,33,6,5,99,71
40,1,40,172,36,35,2750,73,33,312,24,3,52,127
37,0,69,123,37,13,2228,11,45,360,8,2,58,57
47,1,52,182,48,13,2416,107,38,219,39,1,54,105
63,0,64,121,29,11,3156,80,81,72,51,1,84,120
32,0,40,194,44,48,3323,20,98,261,20,1,103,100
37,1,40,198,51,7,1995,172,115,66,4,4,81,118
45,1,58,180,49,18,2143,85,7,319,25,5,66,55
74,0,60,174,49,27,2157,58,41,161,37,2,93,117
68,0,70,198,37,37,2306,10,70,152,35,4,45,91
42,0,41,185,25,39,1776,129,75,196,56,0,93,117
75,1,58,143,33,8,2953,50,39,242,63,7,84,116
65,1,49,126,40,45,1434,22,118,274,21,6,70,66
61,1,75,157,26,2,3224,12,101,43,78,7,84,120
78,0,73,164,52,7,1102,79,66,370,36,5,72,124
68,0,58,162,35,1,3012,143,91,272,45,3,83,85
22,1,43,155,36,43,2337,79,55,75,21,0,54,78
40,1,57,160,42,24,1109,184,80,336,27,4,111,70
37,1,71,186,36,9,1410,149,77,50,58,5,84,68
61,1,47,178,41,19,3180,149,36,329,7,6,42,101
19,0,47,182,34,19,1360,196,68,333,63,4,41,107
70,0,77,138,47,12,3101,186,117,194,76,4,95,72
50,1,70,175,50,18,3266,95,11,294,36,1,50,53
30,1,77,162,29,26,2827,112,117,115,11,2,58,91
54,1,73,133,31,24,2237,192,100,85,11,5,79,129
33,1,65,185,39,9,2897,94,84,47,29,7,108,106
62,1,70,127,25,6,3189,191,77,267,45,5,76,125
56,0,57,170,42,24,2469,188,51,287,19,0,80,105
32,1,57,177,35,42,2744,171,12,270,36,3,63,113
70,1,59,122,35,11,2175,137,93,306,63,6,101,91
20,0,66,121,53,49,1972,0,34,326,16,2,47,92
47,0,52,132,52,44,1671,26,90,27,14,6,118,60
68,1,69,133,26,12,1585,188,113,54,39,0,86,122
62,0,72,189,32,6,1339,87,95,329,75,1,74,55
70,0,65,177,36,4,3384,75,12,351,69,0,107,109
32,1,78,177,44,26,2880,125,0,245,76,0,72,123
38,0,44,195,25,33,2084,139,5,361,27,4,117,125
28,1,67,139,32,11,2555,79,82,115,47,7,117,61
49,0,47,180,42,43,2298,131,71,393,57,6,111,118
78,0,62,153,52,43,2024,152,73,191,47,3,56,54
27,0,54,184,32,39,2513,127,106,391,52,5,90,58
41,0,48,152,50,43,3099,131,99,139,64,1,95,82
63,1,77,130,44,43,2434,131,9,238,19,3,112,73
36,1,66,124,43,27,1655,69,5,29,4,4,103,71
72,0,48,174,53,10,1655,106,102,170,46,1,73,112
32,1,77,186,35,17,3154,23,77,287,42,5,92,115
33,1,49,120,28,28,3090,200,98,360,40,4,47,57
36,1,67,138,29,40,2742,98,31,222,23,4,110,92
62,0,74,190,35,22,2161,173,27,98,15,0,114,82
74,0,73,126,43,23,2761,31,112,327,50,0,66,106
36,1,77,171,50,9,1913,27,88,304,29,0,90,126
42,1,50,189,38,38,1674,12,25,178,62,2,96,120
77,0,62,198,29,49,2806,141,101,367,15,7,115,67
43,1,67,191,50,3,2981,49,117,283,25,2,57,99
64,0,41,170,39,16,1447,111,28,364,64,3,48,73
56,1,70,148,29,9,1923,103,56,128,5,3,83,61
24,0,53,125,29,38,3351,128,83,100,53,6,47,80
52,0,45,163,38,6,2671,142,87,22,69,4,51,88
45,1,66,123,32,13,3060,177,66,304,66,6,49,90
45,1,52,121,33,18,1424,56,94,11,5,1,49,126
26,0,62,127,46,45,1738,106,97,248,29,2,99,118
46,1,46,181,53,49,2483,157,119,277,40,5,52,90
26,0,47,171,51,21,2285,133,60,364,34,7,97,90
52,1,73,196,55,50,1200,111,60,86,48,1,80,89
47,1,78,167,42,14,2916,167,93,196,25,0,84,105
48,0,47,150,29,47,1375,175,106,344,2,4,47,67
62,1,60,157,39,10,2006,162,23,374,57,3,91,60
18,0,72,177,48,9,2610,162,67,340,42,2,91,102
55,1,60,142,36,2,2633,83,83,41,10,1,50,85
38,0,57,156,41,38,1358,51,8,288,19,0,101,116
19,1,60,145,27,32,1975,120,39,8,14,5,41,51
45,0,50,173,40,48,2054,12,76,129,43,1,117,80
43,0,74,199,36,11,1783,147,35,353,47,5,79,111
33,1,72,182,43,45,3296,148,105,341,3,1,58,115
64,1,61,196,33,27,1655,132,88,98,17,4,48,114
19,0,74,194,47,9,2871,57,102,210,12,5,120,125
25,1,48,159,33,7,1552,129,115,196,74,6,77,116
71,1,60,200,31,26,2311,102,79,83,50,7,107,118
75,0,71,146,34,43,3206,109,18,51,68,0,120,117
48,1,41,169,49,29,2414,195,1,288,40,4,87,100
41,1,80,177,47,6,2639,37,91,307,9,1,58,62
50,0,70,148,25,5,3152,52,79,358,21,0,86,102
56,1,47,149,52,2,2220,67,11,180,79,6,108,129
36,0,74,169,40,16,2731,198,6,90,8,2,73,64
62,1,55,196,39,39,3429,127,98,49,42,5,62,88
70,1,47,174,48,45,3366,1,91,103,71,1,94,51
36,0,43,148,48,23,1262,95,29,212,6,7,69,87
37,0,65,125,27,41,1390,52,37,24,66,6,64,91
29,0,51,177,30,8,3158,166,72,124,22,5,75,53
30,0,51,128,44,37,2133,47,39,189,3,6,69,124
80,0,43,194,55,1,1010,132,56,390,3,3,78,112
49,1,56,172,43,1,2326,119,65,289,7,2,63,112
36,1,73,184,49,20,1927,100,47,123,73,4,70,76
57,0,55,172,43,24,1407,35,116,0,15,6,45,121
58,1,44,140,37,36,2856,19,15,251,7,0,67,97
32,1,72,179,31,26,2941,179,0,252,25,0,66,110
19,1,72,194,31,27,2661,156,45,186,73,3,58,65
56,0,60,131,25,2,1024,77,4,325,78,2,120,85
36,0,59,158,47,8,1714,28,95,371,62,0,62,52
60,0,79,176,45,48,3423,85,64,396,57,7,49,66
54,1,69,143,34,38,2887,117,100,39,46,3,88,97
64,0,60,166,31,20,3202,24,59,196,42,0,87,120
23,0,67,127,37,2,2693,95,11,362,24,6,100,88
38,0,64,187,49,44,2231,150,8,166,24,5,62,130
43,1,48,125,48,26,2521,195,116,29,10,5,58,60
54,1,78,196,29,19,1990,171,102,332,49,2,120,126
32,0,50,131,54,24,1956,94,90,238,54,6,101,118
64,0,51,191,51,22,1450,1,86,6,57,4,120,70
39,0,63,179,47,31,3461,9,49,100,32,0,47,67
57,1,72,177,25,17,1515,8,112,70,58,5,61,100
78,1,58,176,43,34,1342,174,15,180,30,2,115,100
71,0,66,139,43,30,2649,53,36,342,72,3,78,61
38,1,44,173,38,2,2134,185,101,176,54,1,77,98
59,0,47,122,48,17,1131,85,114,195,63,1,101,88
47,0,54,124,25,23,1355,48,14,178,18,3,116,88
43,0,58,162,29,20,1388,4,97,75,27,2,92,90
48,0,50,161,28,47,3316,146,0,351,43,6,94,117
77,0,71,122,51,42,2948,170,71,399,31,6,79,123
75,1,41,171,47,47,1395,155,34,326,32,0,52,61
28,1,77,197,41,11,1100,111,42,382,79,3,77,95
33,0,66,126,29,3,1268,53,78,205,55,1,62,77
44,1,58,130,25,0,2803,119,114,116,12,4,110,109
70,0,69,138,35,7,2103,171,49,163,66,0,110,111
51,0,57,163,43,45,2924,140,25,12,14,0,70,110
71,1,57,124,52,10,2535,39,2,281,80,7,96,82
34,1,64,175,55,33,1321,195,25,320,43,3,63,88
23,0,60,143,26,27,2426,66,65,242,32,6,113,91
28,0,40,200,29,16,2626,181,3,106,72,7,53,59
52,1,49,140,53,22,1892,21,16,68,75,5,103,76
19,1,48,151,25,33,2859,31,82,60,21,7,88,63
50,1,72,197,25,13,2203,177,65,269,65,3,99,94
70,1,76,154,31,3,3252,169,120,131,15,1,71,119
36,0,49,136,55,1,2322,18,92,38,37,5,95,97
24,0,64,152,46,46,1638,143,59,214,0,2,101,90
39,1,78,176,30,40,2113,60,15,305,1,7,100,100
38,0,49,142,42,40,3016,93,120,54,25,2,66,106
75,0,40,141,52,49,2564,54,66,139,20,7,51,79
57,0,61,130,46,26,2547,13,35,193,58,3,50,117
51,0,69,157,52,16,2694,87,84,34,76,3,42,78
68,0,41,157,28,36,1872,54,89,66,25,3,101,94
41,1,53,175,46,10,1314,159,47,328,71,0,77,123
41,1,79,133,33,43,1592,124,105,289,26,5,93,56
26,0,73,161,44,33,1219,61,113,94,47,5,97,82
67,0,80,161,30,4,1787,115,120,393,69,3,55,97
79,1,45,149,49,48,1446,199,34,168,4,1,58,63
50,1,51,152,42,31,1172,68,8,306,60,1,76,115
45,0,47,196,33,47,2970,132,11,201,40,5,109,63
69,1,79,158,29,5,2840,88,107,101,36,2,97,75
38,1,66,144,32,50,1542,20,46,268,37,5,60,52
27,0,59,189,55,7,2915,189,7,128,72,1,109,107
67,0,60,190,47,5,3137,97,44,161,38,7,44,92
50,1,58,153,28,44,1524,97,13,246,61,6,65,111
60,0,78,169,30,36,3038,52,54,397,47,7,103,87
34,1,61,120,51,27,2561,20,60,356,78,2,119,83
64,1,75,137,33,14,2519,58,83,309,0,0,83,72
63,1,65,155,33,0,2707,130,15,179,59,2,103,104
48,1,40,142,40,36,1978,21,22,218,74,2,49,77
71,0,46,132,55,35,1614,190,13,255,35,0,120,53
36,1,63,198,49,45,1826,135,82,327,49,3,101,61
30,0,48,129,36,12,1356,189,115,349,49,6,89,106
22,1,70,139,48,4,1603,144,114,254,30,7,47,60
60,0,56,188,45,31,3313,45,32,398,17,0,91,112
19,1,68,145,50,28,2611,26,79,288,25,6,105,65
78,0,44,169,29,33,1207,160,39,63,58,1,106,87
19,1,45,199,43,46,1587,154,60,379,76,5,111,110
42,0,78,152,38,5,2256,28,95,243,20,7,76,71
29,1,67,164,42,2,2526,191,64,374,70,1,98,92
56,0,51,158,47,49,2927,128,23,137,47,3,40,113
35,0,55,152,29,25,3079,24,78,16,33,4,66,72
69,1,78,187,33,15,2847,86,19,330,36,5,91,104
75,0,43,121,29,2,1234,65,53,260,65,4,74,55
48,0,61,127,26,37,2333,70,61,269,18,7,111,75
43,0,55,146,40,12,2019,106,59,393,42,4,72,104
34,0,46,135,55,30,1070,133,85,150,27,2,40,93
38,1,69,139,40,30,1326,124,107,388,71,6,71,78
69,1,54,200,55,27,2389,99,81,320,16,2,83,94
26,0,53,166,32,39,1738,86,76,175,47,3,106,121
41,0,59,192,39,31,1284,127,33,44,61,0,72,83
31,1,60,156,51,32,2762,99,94,194,5,7,71,129
57,1,58,160,49,41,2199,27,98,324,4,0,49,86
50,1,43,188,43,15,2878,63,95,236,71,7,41,88
66,0,48,173,27,30,3228,150,92,201,15,0,78,56
78,0,71,193,47,29,2804,142,30,351,47,0,70,101
70,1,48,196,54,41,2985,70,13,197,28,7,66,80
43,0,61,179,52,47,2318,130,45,341,55,5,44,103
30,0,62,126,50,15,1638,110,117,173,8,3,55,89
80,1,45,162,34,15,2974,23,75,253,23,2,99,89
44,1,64,199,46,4,1545,182,42,363,29,3,73,121
44,0,45,122,43,24,1921,175,80,137,31,0,112,113
55,0,57,124,51,40,1392,179,11,275,66,3,49,115
60,0,40,149,39,21,2154,11,26,188,19,7,88,107
76,0,63,160,40,46,2412,200,78,371,71,2,68,114
25,1,72,173,54,17,1266,22,9,216,59,1,41,121
18,0,60,157,25,28,3058,153,39,267,75,1,116,64
20,1,64,180,42,16,2058,178,35,309,33,6,61,70
68,0,79,157,52,33,1347,153,63,208,19,6,73,119
26,0,79,127,50,50,2689,61,45,356,72,2,61,87
66,0,73,182,31,41,3279,141,23,50,65,6,118,81
24,1,71,178,26,13,2144,145,33,1,8,1,70,109
76,0,65,147,32,45,2680,17,56,70,49,7,72,97
69,1,75,184,25,47,1437,63,21,143,5,7,107,70
26,1,79,164,28,38,2674,166,97,198,69,7,101,121
79,0,67,144,42,19,1050,88,103,0,4,6,59,100
33,0,73,187,42,25,2390,21,51,23,17,5,108,130
70,0,80,138,32,20,3230,109,6,44,34,6,57,117
36,0,56,176,44,41,2530,21,22,230,2,7,59,130
48,1,69,184,27,24,1997,0,51,178,76,6,106,121
68,1,43,189,35,35,2566,127,72,270,58,2,70,63
46,1,70,149,42,22,1620,176,103,269,31,2,107,84
30,1,49,121,55,7,2597,196,84,129,14,7,89,100
28,0,59,149,46,29,1375,122,32,67,4,4,116,96
26,1,64,173,27,45,2313,114,60,198,66,0,90,75
71,0,63,130,49,9,2232,91,68,19,33,6,89,128
53,1,80,184,44,18,2095,139,22,242,75,6,70,95
39,1,61,182,45,26,3339,80,115,307,33,2,118,83
70,0,53,137,34,25,1162,101,105,232,33,6,102,114
55,1,80,182,47,17,1072,126,48,162,19,1,107,116
76,0,79,145,55,41,2530,105,67,13,18,7,44,93
33,1,55,133,54,6,2040,18,80,243,9,5,90,77
54,0,69,197,31,19,2154,31,65,98,62,1,104,54
44,0,77,199,36,35,1027,197,66,21,46,5,64,115
45,0,77,121,46,14,2853,12,84,110,42,6,59,64
41,0,76,192,28,3,2676,190,64,12,22,6,80,119
52,1,79,163,30,43,3364,91,99,312,4,4,93,130
34,1,44,133,45,31,2598,199,55,150,35,6,44,129
70,0,43,166,43,0,2149,9,115,311,61,2,50,125
63,1,75,120,38,27,1421,24,84,31,44,6,57,88
51,1,73,128,44,38,3190,160,57,267,68,5,98,129
76,0,42,125,27,15,3095,181,45,226,49,3,41,112
40,0,55,168,41,0,2943,25,18,64,73,6,102,77
60,1,51,133,34,25,2278,78,22,63,53,2,63,124
45,1,48,153,41,25,1978,59,28,13,29,3,66,106
52,1,67,162,39,17,1995,11,74,289,32,2,66,56
77,1,43,189,48,13,2397,115,30,155,80,7,73,80
69,0,58,124,34,48,2304,143,21,252,75,4,61,112
24,1,74,151,27,0,1776,81,81,380,5,7,95,82
22,0,65,131,32,27,3129,153,80,156,51,0,117,85
80,0,57,150,31,39,2622,163,63,35,28,2,48,55
78,1,41,136,25,25,2772,94,50,7,32,3,100,58
70,1,55,186,45,33,2585,65,26,14,60,6,51,89
66,1,72,183,45,13,2918,110,5,300,17,0,45,113
64,1,75,182,50,17,2396,8,15,206,62,6,110,123
25,1,64,127,28,33,2443,83,33,143,35,2,58,121
56,0,77,130,31,42,2365,24,95,75,15,4,71,106
27,1,42,131,38,15,3048,141,30,243,3,5,54,87
76,0,67,142,52,22,3170,188,14,249,16,0,120,62
68,0,54,121,46,39,1178,115,39,323,23,4,71,112
74,0,70,124,52,20,2805,194,64,94,46,1,74,106
59,1,55,131,44,29,3095,127,116,8,1,7,101,79
39,1,80,123,45,40,2528,185,71,69,72,2,77,115
43,0,65,146,43,9,1053,95,103,232,4,7,67,125
37,0,56,163,46,49,2999,34,87,371,26,1,68,121
71,0,55,181,27,10,3183,19,13,270,48,0,113,61
28,0,68,126,34,7,1123,57,35,32,51,5,65,52
41,0,60,188,34,1,1386,31,52,272,43,2,64,130
39,0,53,127,49,20,3143,72,101,386,9,1,46,83
58,1,54,142,26,40,1767,87,76,151,22,7,79,71
52,0,79,152,47,37,2263,195,11,160,48,0,55,96
55,0,42,193,41,25,2860,65,11,315,42,4,77,121
40,1,67,170,41,48,1337,13,34,184,78,6,72,68
75,0,43,176,33,0,1622,123,117,37,4,1,82,67
70,1,76,146,45,42,2849,82,77,42,33,6,43,67
36,0,74,152,38,8,1536,149,16,39,63,0,108,109
20,0,67,125,33,50,2631,81,30,394,27,6,109,123
49,1,55,122,47,14,1246,18,56,145,76,1,108,70
32,1,71,200,27,29,1537,90,28,32,72,5,43,93
45,1,80,186,41,18,2951,94,58,167,40,3,117,96
51,1,55,162,49,3,2030,118,108,15,67,1,72,50
49,0,69,188,50,2,3332,137,21,142,12,6,89,50
32,0,50,169,44,46,3014,154,30,242,32,4,68,110
75,0,57,159,48,47,3338,180,95,62,50,7,102,64
59,0,61,178,47,13,2274,189,110,165,61,5,69,118
41,0,42,139,52,40,2106,144,20,367,48,3,72,95
64,1,69,157,35,50,1718,141,7,157,52,1,82,103
46,0,46,161,45,25,3038,13,69,357,60,1,114,96
54,0,60,176,48,0,2520,58,9,237,23,1,62,119
54,0,67,197,38,6,2932,13,13,221,63,7,99,122
50,0,50,190,36,0,2773,157,31,290,1,5,114,100
53,1,68,177,27,27,3284,117,9,101,46,3,109,70
53,0,71,147,28,37,2800,30,99,1,39,7,42,58
64,1,58,143,33,41,3234,98,43,205,68,7,76,118
38,1,58,184,48,37,3499,66,27,138,11,3,105,81
46,1,72,190,49,31,2967,32,110,222,70,1,120,75
78,1,54,171,53,43,2399,132,17,210,68,6,93,88
64,0,73,157,38,20,2153,116,82,84,16,0,72,120
62,0,58,199,45,14,1777,100,70,172,14,0,55,63
75,0,70,148,35,44,1756,59,114,319,10,6,76,130
75,1,76,136,48,15,2422,7,37,65,75,3,88,104
24,1,52,140,50,33,2886,116,44,273,37,0,94,125
44,0,67,159,37,2,3500,110,28,134,2,3,75,114
36,0,56,162,41,18,2674,186,116,291,72,2,109,81
56,0,43,185,33,48,2276,175,99,272,5,1,107,125
33,0,47,189,38,18,3315,14,40,73,76,5,118,80
55,1,80,123,50,26,2283,115,36,361,7,5,108,104
40,0,71,130,25,29,1729,167,53,6,71,7,81,84
18,1,57,189,32,39,2112,77,78,188,72,2,69,83
19,0,58,160,34,0,1228,46,80,199,4,1,97,77
69,0,69,135,41,32,2712,147,33,205,76,0,111,97
75,0,41,130,29,24,1764,49,114,74,13,5,98,60
34,0,42,139,49,39,1424,25,46,23,11,7,102,107
63,0,61,154,39,48,1484,139,33,124,73,0,54,118
48,0,67,182,35,43,1135,136,117,316,16,4,46,81
42,1,48,143,38,17,3283,108,97,276,48,4,85,125
52,1,79,139,44,48,1946,29,31,111,36,5,48,60
35,1,53,134,43,25,2681,25,67,5,68,5,81,119
19,1,46,125,30,7,2183,79,19,336,15,3,52,128
39,1,66,168,42,15,1339,194,42,106,35,2,68,130
18,0,44,173,35,13,2420,115,110,5,27,7,53,87
79,1,73,198,30,43,2451,168,99,366,21,7,91,55
44,1,43,124,44,6,2521,173,46,184,59,1,116,130
63,1,45,178,45,13,2930,96,37,400,16,6,42,81
30,1,62,155,37,25,2317,88,81,78,10,7,96,88
42,1,50,163,46,38,1321,182,94,293,62,0,84,125
48,1,73,196,25,13,3313,137,71,36,64,2,48,89
19,0,56,168,37,29,2068,128,93,119,58,4,43,109
69,0,42,166,46,7,1244,64,112,136,33,0,52,91
59,1,58,198,36,25,3041,113,62,369,35,1,57,69
58,0,65,126,42,46,2101,33,19,82,63,3,110,80
51,1,68,185,37,2,2749,200,86,61,17,0,95,121
28,1,47,175,48,4,3257,43,7,323,75,4,104,74
31,0,54,137,36,23,1139,184,19,62,16,3,114,120
62,0,53,200,53,25,1282,44,42,366,75,5,48,76
53,1,70,146,54,45,1902,99,13,358,74,7,70,88
38,0,77,126,41,39,3091,63,111,278,9,0,85,92
41,1,43,158,29,13,3231,41,53,356,70,5,64,89
43,1,72,128,42,12,2538,42,3,67,19,5,117,85
74,1,45,197,47,26,1664,121,9,309,64,1,115,92
41,0,72,130,30,27,1972,108,39,219,70,5,62,111
42,1,46,156,53,49,1296,0,24,264,10,2,118,74
57,1,46,190,51,42,1005,153,22,281,38,6,95,50
38,0,78,170,31,14,1312,47,35,218,72,5,51,123
55,1,67,162,29,0,2852,155,58,33,35,3,108,105
35,0,41,151,32,4,2677,110,3,371,66,3,49,85
40,1,53,123,43,33,1441,179,93,206,24,6,115,120
55,0,71,152,26,27,2698,83,35,3,11,1,100,99
49,1,72,131,52,19,2728,120,59,176,7,6,59,103
33,1,73,189,45,30,2919,91,88,122,63,7,60,52
64,0,70,134,40,45,2103,77,50,185,47,3,45,78
35,1,49,146,29,14,3270,98,16,104,17,0,75,99
23,0,47,137,40,49,2272,162,32,202,61,7,100,66
46,1,64,177,46,32,2320,161,57,326,33,2,101,104
49,0,68,155,38,23,2241,78,80,55,20,5,110,112
79,0,65,159,54,24,3131,176,49,300,12,5,57,71
37,1,40,181,32,6,1555,113,85,62,10,7,56,62
59,1,69,152,39,37,1725,110,11,321,35,0,73,99
67,1,43,155,43,32,2080,146,68,171,4,0,73,51
44,0,80,167,31,40,3362,111,63,217,3,0,87,100
23,1,67,155,46,32,1045,150,11,191,70,5,53,67
24,1,58,184,37,3,2005,74,117,45,14,7,51,110
24,1,44,149,29,34,1275,107,7,282,10,2,72,128
26,0,75,162,53,46,2319,149,80,131,25,5,57,91
27,1,59,151,33,1,2642,141,90,125,66,1,85,98
80,1,71,125,38,35,3152,26,36,252,35,6,72,61
23,0,74,163,54,5,2541,16,75,275,44,5,116,54
44,0,54,184,43,36,2015,170,6,386,55,6,65,112
18,1,63,167,36,41,2469,138,48,80,3,2,93,86
78,0,45,120,34,33,3278,71,67,272,39,1,84,50
20,0,58,136,28,8,1326,42,34,235,14,3,75,95
37,1,44,130,31,47,2332,3,120,269,51,3,89,67
61,1,75,198,45,21,3201,26,47,111,6,6,72,130
64,0,74,173,51,43,1309,198,27,29,39,7,43,70
32,1,40,167,55,33,3119,83,2,381,61,4,58,63
31,1,57,151,28,8,2430,74,104,255,31,6,89,81
46,0,45,149,47,46,1823,118,9,304,30,7,77,79
69,1,47,126,46,2,2110,87,102,245,28,6,42,100
27,1,41,181,52,35,2119,108,103,392,2,3,102,90
44,1,68,148,41,31,1890,192,52,274,54,6,55,128
33,0,62,133,31,9,1663,1,6,310,49,0,100,90
76,0,67,163,28,40,2214,184,101,349,21,1,110,78
63,1,44,180,47,20,1471,154,65,206,29,1,70,125
45,1,70,149,28,6,1183,34,18,206,3,5,62,68
35,1,48,135,28,29,2414,37,113,124,44,0,105,114
53,1,43,198,43,33,2179,125,104,210,63,2,81,70
38,0,69,154,53,12,2145,112,72,187,5,5,114,129
33,1,78,166,53,49,1563,93,83,205,3,7,85,107
65,1,53,174,29,33,2168,92,55,201,22,4,60,106
34,0,76,168,27,28,3256,99,11,231,46,2,93,76
58,1,69,182,50,48,3211,91,24,95,68,2,74,84
48,0,70,144,32,48,3362,29,115,202,71,4,103,111
19,1,55,172,44,28,1336,174,95,131,23,0,115,55
37,0,54,179,53,43,2351,143,98,394,25,6,79,52
31,0,69,182,48,49,3178,87,32,236,53,0,48,101
59,0,77,189,53,18,2911,131,29,365,30,6,78,111
61,1,75,129,38,7,1636,45,100,271,2,4,53,129
23,1,68,160,54,45,2226,5,104,194,74,7,116,120
24,1,54,167,26,6,2723,171,66,175,59,6,87,79
24,1,74,123,50,16,2861,128,22,236,75,0,84,92
46,0,56,181,55,21,3376,199,4,157,72,0,42,69
56,1,58,152,55,46,3380,111,80,13,18,0,93,115
48,0,56,152,27,49,1053,80,18,336,69,6,51,96
51,0,54,183,49,40,3198,121,72,371,69,3,112,124
71,1,79,185,36,46,2160,179,101,321,11,6,107,71
28,1,65,170,51,41,1766,12,105,81,59,2,119,95
70,1,66,147,36,1,2478,6,29,329,52,2,50,89
35,0,61,150,25,20,2230,74,117,399,69,1,120,107
74,1,69,120,43,24,1642,52,96,277,75,2,103,117
54,0,40,158,31,12,3422,51,67,307,63,6,46,118
35,0,66,152,26,2,2454,113,25,282,79,3,80,93
71,1,53,175,44,32,2359,139,92,74,72,6,63,99
54,0,53,149,30,35,1577,26,42,170,49,0,40,103
42,0,69,125,37,39,1346,181,86,191,58,6,106,52
73,1,53,200,38,13,1815,194,94,355,17,0,73,99
59,0,65,199,41,25,3009,128,66,129,51,2,42,91
42,0,52,186,26,37,1102,106,43,306,79,0,48,126
27,0,61,164,27,50,1726,128,82,386,37,7,102,107
21,0,42,190,40,32,3458,183,28,175,73,4,76,123
58,0,65,127,45,39,1237,157,101,31,39,2,73,125
41,1,78,127,43,8,1455,33,77,3,70,0,95,70
43,1,78,158,55,45,1500,24,101,329,66,5,49,105
80,1,44,156,37,1,2853,155,39,290,47,4,78,118
61,0,44,179,45,2,1943,9,5,333,73,0,58,59
50,1,49,137,28,29,1590,50,70,384,5,6,69,95
49,1,60,143,47,29,1459,27,25,310,58,0,83,80
54,1,62,123,37,13,3123,192,34,257,28,1,71,86
67,1,55,184,44,40,1322,117,69,274,24,0,72,106
24,0,69,173,43,18,2219,6,34,323,34,6,109,99
33,0,49,183,33,3,3043,153,25,292,62,1,67,125
42,0,64,157,28,32,2925,120,103,400,57,0,74,122
73,0,42,180,38,27,1820,193,87,179,64,6,98,60
43,0,49,162,50,32,3406,71,42,5,46,1,105,100
60,1,77,192,45,21,2944,120,7,232,63,0,79,99
23,1,48,171,34,40,3404,181,85,247,63,0,107,126
33,1,58,143,45,4,2087,17,74,51,13,6,67,100
36,0,60,144,38,17,2747,9,68,303,75,5,111,85
77,1,57,152,38,28,3136,35,9,328,69,1,106,96
48,0,62,176,48,43,2473,26,119,135,65,3,83,101
40,0,52,147,47,27,2076,67,54,283,66,7,84,112
52,0,80,177,32,24,3163,71,35,345,7,3,44,87
21,1,65,126,44,8,2466,28,92,160,7,7,114,84
34,0,41,194,37,43,3146,183,25,210,25,5,118,118
54,0,58,184,34,10,1066,17,94,275,29,6,80,102
32,1,49,157,39,33,2215,184,61,146,48,4,64,65
59,1,46,141,55,31,2202,18,85,95,58,0,83,122
63,0,54,171,35,27,3134,29,24,366,76,5,92,59
67,0,56,135,52,28,1367,59,82,119,1,7,87,116
51,0,50,127,31,21,3294,16,48,314,17,5,40,73
54,0,45,159,25,23,2036,128,9,356,78,0,44,118
35,1,69,178,44,50,1596,171,15,164,26,2,97,117
52,1,50,174,54,36,2815,184,35,223,9,7,45,56
63,1,56,186,40,3,2022,12,47,287,55,1,96,121
40,0,63,128,26,4,1549,52,53,332,18,2,47,87
48,0,59,150,25,36,3382,21,101,299,24,3,79,56
71,1,44,194,50,26,2415,107,102,40,2,5,42,83
45,0,57,147,28,31,3302,60,25,193,19,1,101,70
23,1,47,145,31,22,2949,198,82,360,22,0,89,68
66,1,48,186,52,33,2685,113,108,292,12,1,69,60
23,1,53,167,51,41,1661,50,0,196,19,0,114,122
67,1,73,140,54,10,1967,105,88,13,46,0,89,87
73,1,71,196,44,16,2978,133,3,103,49,7,42,55
65,0,49,154,32,8,2104,108,40,34,7,6,53,87
75,1,77,142,54,1,1083,161,23,68,45,2,76,67
45,0,48,195,55,46,3017,105,3,117,15,3,81,96
59,1,43,140,32,26,2222,104,67,344,51,2,67,110
41,0,49,152,40,31,1673,34,60,178,7,5,45,53
23,0,63,193,29,6,2099,118,81,49,33,0,90,93
69,1,42,185,27,44,1033,113,15,256,53,2,57,67
59,1,72,133,31,20,2002,144,114,224,56,6,92,91
33,0,44,164,44,37,2017,52,5,343,50,5,108,123
39,0,55,166,46,4,1998,198,55,134,0,3,93,73
48,1,44,151,44,15,1346,184,14,37,64,3,99,67
47,0,46,188,34,22,2639,93,92,382,63,7,70,99
69,0,53,185,54,48,2543,101,114,85,71,5,68,107
49,0,47,180,51,30,3400,131,50,4,26,1,116,127
24,0,69,164,26,37,1068,90,19,335,61,5,51,81
19,1,56,193,36,34,1345,30,119,42,31,5,74,50
32,1,56,179,34,47,3443,140,111,6,8,4,92,125
47,0,76,184,54,38,2326,97,37,368,27,3,79,75
53,1,63,200,42,38,1481,76,69,183,70,3,49,89
33,1,79,129,55,6,1080,52,105,268,61,3,54,124
74,0,57,190,28,18,1976,191,106,135,73,3,43,113
77,1,44,166,36,14,1265,194,15,247,44,2,102,67
47,1,75,200,37,4,2288,30,3,152,45,2,84,60
71,1,72,146,31,21,2052,38,107,198,75,3,50,70
75,1,44,155,32,44,3048,178,43,121,46,6,93,74
29,0,62,193,46,26,2235,140,93,81,16,0,41,109
38,1,46,143,39,6,1610,159,31,147,71,1,89,100
24,0,50,129,52,46,2785,106,100,116,11,5,100,118
42,1,70,181,51,2,1441,138,61,18,9,0,59,103
72,0,72,173,28,28,1316,192,8,96,29,3,64,52
59,1,66,164,29,15,1538,83,42,201,70,2,57,53
63,1,65,182,25,44,1373,35,73,209,35,5,46,104
62,1,40,181,36,16,1694,131,116,378,15,5,63,102
29,0,44,197,33,5,2901,154,13,63,61,7,75,57
72,0,53,161,52,42,2924,87,72,301,72,5,120,98
30,1,72,162,32,18,2839,127,98,71,26,7,80,53
40,0,76,181,28,47,1111,102,68,134,45,3,72,116
65,1,54,143,54,45,1242,49,24,248,65,4,81,55
51,0,59,188,54,25,1179,99,119,15,41,0,106,56
21,0,67,157,48,11,2583,163,60,379,8,0,60,92
71,1,71,166,26,9,1451,115,24,284,13,7,79,119
52,1,51,173,41,0,2236,72,7,88,0,6,80,68
50,0,44,193,37,26,2207,19,0,264,44,0,76,97
41,0,75,174,28,33,2209,162,74,61,48,4,116,104
70,1,78,190,37,10,1426,119,66,302,75,3,55,106
75,0,68,126,26,42,2053,75,17,248,35,7,85,119
43,0,68,188,52,31,2232,91,81,351,78,0,55,79
74,0,46,130,39,17,1051,19,19,166,32,0,42,92
44,1,57,150,32,14,2811,186,60,369,31,2,61,123
25,0,67,192,48,45,1128,59,9,309,2,2,94,60
66,0,74,146,45,50,3103,125,82,140,5,0,93,79
79,1,59,141,26,1,2578,68,82,395,47,0,75,86
40,0,59,146,38,18,2638,91,94,203,45,0,50,53
49,0,53,185,41,44,3024,52,75,209,22,0,117,90
44,1,79,128,52,50,2745,39,78,221,28,5,75,105
29,1,42,132,29,2,2005,28,40,290,38,2,81,97
34,0,51,143,33,23,1789,184,60,239,50,5,43,84
25,1,46,182,42,47,1001,61,118,313,1,1,87,94
44,1,72,176,48,0,2171,62,12,213,18,1,80,74
18,0,55,162,36,5,2301,148,9,305,12,7,84,77
42,1,56,144,51,20,2604,60,31,393,80,6,78,98
59,1,66,171,46,43,1631,127,115,399,27,6,86,72
43,1,63,162,44,41,2420,80,68,176,41,0,44,74
67,1,52,152,28,34,1634,123,47,15,42,2,85,85
50,0,68,135,43,14,1881,176,57,312,45,3,41,128
42,0,48,152,32,26,1565,131,27,126,52,2,63,101
51,1,46,176,31,31,1993,177,10,108,47,1,90,88
58,1,68,193,38,2,2741,58,13,141,2,0,101,65
40,0,48,197,30,9,3216,197,9,396,42,0,89,98
34,1,42,184,40,25,1984,91,14,42,66,4,107,71
79,0,55,173,53,37,2506,27,94,102,27,0,73,128
67,1,50,171,47,18,2971,39,71,52,38,2,84,97
20,1,41,162,47,0,2142,147,53,27,23,0,62,82
24,1,58,120,30,24,3339,193,118,123,79,1,88,93
43,1,46,190,40,8,2719,121,53,337,55,4,87,96
18,1,57,158,40,43,2004,40,114,163,48,0,83,74
69,0,47,159,45,27,2929,130,15,371,43,3,89,56
64,1,57,124,28,14,1376,3,15,230,6,4,60,82
72,1,57,193,43,28,2765,1,33,309,78,1,45,94
24,1,67,145,49,12,2887,27,38,160,75,4,41,113
22,0,77,128,32,12,2552,69,91,188,71,4,85,101
25,0,65,153,51,0,1763,110,107,126,42,0,45,123
79,0,72,176,27,39,1894,121,27,87,9,1,55,62
61,1,62,147,40,15,3119,26,8,181,22,3,120,72
53,1,76,153,34,0,2197,4,48,73,35,6,49,111
18,0,52,144,50,12,1626,48,52,47,13,4,96,121
43,1,49,124,26,24,3397,185,115,234,58,2,103,125
66,0,55,136,42,10,1567,159,38,167,63,3,83,68
56,1,55,190,42,27,3399,121,6,152,2,0,73,66
48,0,74,127,41,45,2616,32,115,249,53,5,73,114
73,0,54,198,46,40,2214,129,57,155,39,3,63,127
79,0,65,184,35,4,1520,147,30,242,78,3,110,125
28,1,78,188,32,6,2501,24,109,370,31,2,71,72
80,1,46,175,42,41,1772,188,108,311,62,4,98,64
79,0,76,181,49,29,1823,174,76,389,25,5,119,105
63,0,76,177,53,39,1340,51,0,305,38,0,91,64
52,1,44,162,55,14,2015,83,112,187,33,6,101,81
43,1,64,132,52,12,1545,182,44,219,79,2,85,65
21,0,80,150,25,8,1210,188,46,154,7,4,103,127
34,1,44,176,54,10,1021,78,98,343,7,2,61,124
26,0,51,189,40,33,2027,41,91,332,28,7,57,76
34,0,56,141,50,35,1564,171,111,276,28,7,92,86
79,0,68,176,49,29,1912,30,111,188,62,4,113,124
41,1,45,138,42,25,2590,4,0,29,54,4,40,54
78,1,63,159,48,43,3228,27,31,261,13,4,44,101
57,0,47,176,52,35,2381,138,29,42,19,2,110,64
57,0,43,173,35,2,1265,118,29,358,20,0,102,88
22,1,65,150,46,29,2790,76,33,256,3,5,55,86
22,0,41,182,36,6,1222,49,5,247,77,3,55,86
54,0,73,138,48,39,2285,168,7,110,60,5,113,126
22,1,66,159,47,21,3476,47,23,131,66,4,100,104
46,1,52,188,27,11,1502,77,49,370,52,0,100,64
44,1,49,151,35,44,1906,130,117,341,42,0,53,112
46,0,44,140,29,30,2572,87,4,397,45,7,75,76
45,0,73,190,48,48,3378,140,64,247,53,2,45,90
22,1,42,164,35,38,3015,150,111,83,13,0,55,90
52,1,50,150,33,0,1624,122,109,186,15,2,73,119
33,0,71,160,40,19,2194,180,26,47,73,5,79,50
65,1,70,135,43,32,2072,117,7,397,33,6,61,56
33,1,72,126,26,46,2678,81,17,276,44,6,64,110
49,1,56,180,32,37,2782,96,81,85,79,6,84,53
63,0,73,170,37,6,3118,126,94,262,3,6,98,115
40,1,47,143,55,26,1260,18,119,77,77,5,75,61
71,0,60,164,36,1,3262,112,36,202,11,1,91,115
79,0,43,200,33,4,1995,159,83,63,47,1,50,79
19,1,50,127,53,7,2552,116,97,376,65,2,66,109
30,0,76,153,43,1,1326,20,9,100,35,2,47,101
54,1,51,150,49,16,2683,8,73,192,29,6,73,111
42,1,46,171,48,34,2198,112,24,318,59,3,47,120
58,0,69,145,36,42,2156,135,15,126,6,0,59,51
23,0,73,167,49,9,1529,139,74,139,0,2,81,75
19,0,63,142,31,12,1536,90,7,235,3,2,43,52
42,0,62,173,32,8,1063,59,101,67,62,5,106,55
46,1,48,161,25,49,2333,121,54,373,11,5,90,96
32,1,41,190,41,47,1155,192,25,37,59,0,79,92
42,1,71,180,37,26,3126,50,19,135,42,3,120,108
58,0,62,128,40,19,1184,127,66,192,59,1,113,60
45,0,77,188,31,34,2563,177,24,268,4,4,62,118
58,0,46,170,54,1,1247,57,77,105,42,3,65,130
47,1,49,148,55,11,1852,195,73,179,42,1,48,51
28,1,55,129,48,26,2177,90,34,207,70,5,87,62
42,0,71,182,38,28,1747,155,39,347,50,6,103,69
66,1,79,192,37,13,3100,54,84,148,69,6,112,62
22,0,43,143,32,35,3231,67,15,281,74,5,71,86
50,0,52,160,26,39,2500,155,100,271,46,7,74,111
73,0,58,164,29,28,3018,108,103,238,65,4,70,97
80,0,50,133,49,10,2943,182,32,220,79,4,52,75
60,0,61,194,50,4,2394,161,7,45,42,4,106,74
38,0,68,186,30,42,3495,46,103,81,25,7,111,81
63,1,60,168,31,50,2780,115,18,366,63,1,57,97
50,0,77,128,26,42,1924,50,9,211,76,0,46,66
66,0,74,126,47,25,2850,94,48,270,10,4,86,95
19,0,73,147,30,27,2909,141,108,131,13,7,96,130
21,1,65,176,40,50,3195,62,72,316,65,6,111,95
79,0,64,150,49,26,1138,102,111,19,62,5,109,72
63,1,59,194,33,27,3217,84,37,309,80,1,80,93
48,1,45,192,47,12,3493,54,47,22,77,2,56,68
54,1,69,121,44,4,1941,132,96,398,71,7,42,124
21,0,58,193,51,9,3271,194,39,269,1,1,83,89
67,0,53,151,26,9,1739,11,1,181,43,3,86,99
76,0,69,154,52,38,3004,28,66,111,28,6,85,86
28,1,56,163,32,42,1960,177,47,367,30,4,40,120
36,0,53,167,36,25,1610,190,46,110,60,4,72,79
29,1,54,178,51,2,2541,90,1,145,11,5,58,114
52,1,74,130,41,41,2076,54,106,224,78,7,73,78
18,1,71,142,37,5,3177,31,44,204,3,0,107,74
31,1,72,124,40,0,1669,130,81,133,78,6,67,65
49,1,44,200,54,0,2769,197,37,237,50,5,48,82
73,1,47,158,46,29,2836,146,114,196,62,7,108,130
70,0,74,195,30,11,2970,35,98,8,70,3,76,89
23,0,74,191,50,31,2561,40,31,221,31,4,52,105
71,1,56,130,48,13,2608,84,118,164,53,3,74,77
58,0,46,148,28,29,1106,31,7,233,23,6,65,50
38,0,73,137,40,0,3259,59,31,159,43,2,61,83
22,0,41,181,41,23,2946,60,9,61,79,6,94,61
68,1,79,131,46,20,1116,5,14,164,57,2,41,88
28,0,50,198,37,17,1537,82,47,275,43,0,79,80
53,1,57,137,26,47,3142,135,4,224,3,3,114,68
51,0,54,189,26,2,2769,119,4,158,33,4,80,69
58,0,64,132,25,28,1742,162,86,338,31,1,100,72
57,0,61,154,30,37,2844,182,24,165,38,1,71,97
62,0,44,137,49,30,2415,113,25,33,47,5,88,81
68,1,40,198,46,5,2690,198,59,359,39,1,72,98
58,0,73,149,52,41,3494,47,19,27,42,2,70,99
53,0,57,128,35,34,1002,43,62,346,34,4,89,102
59,1,65,133,52,34,3306,145,28,195,79,6,45,119
39,1,74,159,48,41,1147,150,5,318,54,1,99,81
47,1,60,196,37,26,2481,128,10,243,39,4,90,126
30,0,53,167,38,6,2550,21,100,297,11,0,70,83
24,1,50,181,37,46,2875,196,83,121,61,2,60,52
43,1,50,194,50,43,2084,123,115,21,73,5,90,126
44,1,47,172,53,12,2549,50,59,275,5,1,50,126
63,0,66,164,37,35,3416,16,69,109,54,1,118,114
60,0,49,164,33,22,2021,12,19,224,37,7,71,60
67,1,55,194,26,13,1388,9,84,54,13,1,60,99
73,1,47,165,55,14,2489,38,115,359,31,7,91,77
29,0,75,197,44,14,2103,172,58,14,38,1,87,102
80,1,53,169,42,16,1385,179,38,50,60,3,82,62
62,0,40,140,34,6,2577,177,99,147,3,4,86,99
54,1,47,122,46,46,3012,103,89,14,58,4,91,77
67,1,51,191,51,13,1983,105,101,379,28,2,64,104
48,1,66,175,41,29,3212,25,104,0,21,7,61,96
71,0,80,180,55,29,3342,170,103,181,68,4,79,71
77,0,76,164,46,7,3020,150,43,30,23,5,80,93
69,1,68,165,51,46,1684,53,55,125,45,5,45,105
31,0,61,183,25,35,2582,126,69,24,42,1,62,78
31,1,55,132,38,28,1134,37,65,366,7,6,87,122
56,1,60,179,45,22,1826,61,79,57,48,3,44,77
74,1,40,179,54,18,1872,37,98,223,3,1,89,126
57,0,56,146,40,22,2880,35,23,20,46,3,112,121
45,0,50,166,37,29,2383,167,85,270,39,2,111,96
69,1,56,186,37,47,1719,105,82,328,47,7,93,102
38,0,76,187,42,37,2840,22,18,58,0,0,71,113
67,1,75,184,31,13,3361,142,68,230,27,4,92,90
48,1,69,184,33,33,1846,149,105,82,16,4,58,86
78,1,42,169,42,48,2956,51,37,322,35,4,114,112
33,1,76,165,34,47,2489,43,104,110,22,6,80,50
43,1,48,162,46,21,3022,155,101,112,10,3,50,73
50,1,79,187,44,43,1496,87,37,37,76,4,119,62
30,1,57,122,43,26,1746,64,71,68,72,4,64,93
56,1,46,197,39,22,1246,6,37,149,77,6,45,65
62,0,57,191,37,41,2048,134,72,325,36,7,82,116
67,1,76,145,36,1,1824,108,6,89,13,3,73,93
70,0,79,123,26,21,1268,57,7,243,45,4,116,72
57,1,79,146,28,48,1597,169,66,113,36,3,61,123
38,0,71,174,44,29,2684,4,105,44,31,6,77,66
18,0,52,172,49,43,1344,34,37,53,75,2,41,125
62,0,44,125,41,18,3287,172,10,15,46,0,103,68
62,0,62,149,37,3,1602,96,58,287,4,7,54,53
77,0,68,153,30,34,3195,89,83,58,10,0,104,91
38,0,54,123,43,5,1116,191,108,351,75,2,58,88
79,0,57,139,55,49,1119,133,102,47,8,0,70,66
54,0,72,152,45,50,1994,180,36,253,56,2,83,89
78,1,53,159,49,48,3439,90,119,340,3,2,64,76
63,1,75,187,35,20,2596,52,66,39,42,5,46,116
75,1,77,170,47,23,2510,141,114,373,41,2,115,99
68,1,69,196,34,46,3495,1,43,49,58,4,49,93
56,0,80,181,38,14,3251,103,40,231,64,2,64,50
25,0,45,182,25,50,1320,160,38,393,68,0,81,89
26,0,76,177,33,4,1556,53,81,395,0,0,61,56
54,1,60,145,52,28,3091,127,47,298,32,4,95,62
18,0,55,187,50,37,3168,170,90,267,18,3,88,114
32,0,53,171,47,12,3234,65,1,344,41,0,56,126
46,0,75,196,28,21,2239,177,34,57,20,1,44,87
38,1,73,183,46,16,2345,180,32,383,80,5,120,86
40,1,73,152,43,39,3209,193,43,386,59,0,116,118
20,0,52,161,31,32,2180,9,111,164,40,3,103,125
33,1,48,174,29,33,3174,111,47,58,9,6,107,50
18,1,46,153,54,42,2455,24,3,399,77,5,53,116
80,0,52,186,37,7,2099,163,98,91,30,3,45,88
53,0,43,181,49,36,2591,54,41,225,30,2,90,77
52,1,44,135,39,11,1350,189,59,11,36,7,54,102
46,1,61,121,42,28,1780,116,79,382,34,7,66,69
76,1,47,144,46,41,2418,141,79,55,57,7,69,57
48,1,57,180,45,49,1043,47,0,45,6,2,79,76
49,0,60,146,48,45,2410,78,24,211,50,1,119,51
56,0,63,187,26,2,3166,106,0,361,38,1,59,91
59,1,74,155,40,48,2862,8,45,360,46,4,76,128
42,0,65,185,37,10,1093,49,52,254,49,4,58,89
66,1,58,150,43,24,2527,11,64,44,44,2,50,85
33,1,60,180,42,21,3219,145,49,269,71,4,117,97
31,1,75,145,52,14,3226,57,91,124,14,7,69,124
26,0,41,124,28,1,3359,89,57,317,16,1,85,81
54,1,72,168,40,9,1201,26,35,272,41,1,92,114
62,1,65,176,30,31,1812,137,113,371,46,1,54,54
33,0,60,188,41,11,1884,171,107,199,1,3,104,68
62,0,70,158,25,37,1415,154,70,389,25,3,91,111
55,0,44,147,45,29,2489,143,43,172,55,6,101,105
45,0,78,155,50,8,2497,158,90,5,18,7,80,67
75,0,52,172,42,3,2606,110,12,221,42,0,108,64
78,1,48,189,52,15,2809,48,8,10,28,0,41,114
40,1,51,163,41,50,1801,142,56,240,34,3,102,115
31,0,54,198,43,33,2870,166,42,164,28,5,58,89
25,0,73,146,34,18,2366,103,119,106,74,4,60,86
43,1,65,161,38,34,1288,53,80,58,39,1,78,69
73,0,79,122,30,28,2569,69,48,134,70,0,73,89
42,0,70,149,50,37,1886,138,38,193,43,1,101,97
49,0,69,139,33,45,1670,23,81,335,18,3,93,53
59,1,80,177,31,15,3477,10,89,269,31,1,101,77
71,0,50,158,45,49,3384,10,96,174,26,5,86,85
54,0,60,139,48,50,1857,128,48,338,58,6,95,85
46,1,45,133,34,9,2436,61,23,246,5,4,90,108
36,0,61,174,39,39,3464,126,65,322,59,3,100,102
30,1,67,145,54,37,1247,175,93,36,31,1,52,64
48,0,45,158,26,47,3165,110,52,49,15,4,56,90
65,0,44,137,28,11,2578,63,57,238,23,3,58,73
42,1,46,136,28,17,1916,8,7,308,61,4,116,52
24,0,57,155,26,4,2942,45,89,201,61,3,114,128
70,0,52,161,47,33,2184,136,62,135,56,4,87,126
34,1,67,163,48,23,1229,108,77,35,55,0,85,122
47,0,40,191,37,0,2928,23,13,106,33,1,93,96
50,1,54,161,42,7,3011,73,47,246,23,4,118,70
36,0,47,187,47,24,2614,88,81,93,23,3,100,96
33,0,62,128,51,32,1416,126,13,7,32,6,44,110
33,1,54,177,55,34,2230,2,30,16,25,3,93,86
20,1,67,156,50,17,2113,14,81,146,54,6,84,130
60,1,71,130,37,12,3402,125,14,235,0,0,76,117
57,0,61,158,32,20,1236,14,61,220,34,6,118,129
69,0,63,162,55,22,2438,181,117,286,36,5,68,100
80,0,44,188,52,19,1885,150,49,194,28,0,89,114
42,1,43,150,53,16,1481,5,119,137,79,0,97,80
63,1,50,146,54,38,3405,70,11,353,66,0,51,73
79,1,43,158,26,36,1400,168,79,398,14,5,59,76
29,0,49,167,37,0,3112,158,10,388,51,3,103,87
46,0,70,125,35,43,1745,107,76,167,45,6,82,95
70,1,43,200,25,40,3071,134,22,392,35,5,116,67
20,0,77,120,48,49,1185,67,83,233,31,4,60,124
47,1,48,194,47,42,3461,65,115,296,65,7,53,77
55,0,46,171,53,3,2011,64,48,327,39,0,77,93
37,0,64,200,47,41,2873,78,73,112,9,1,75,84
18,0,49,167,53,31,1178,116,32,131,9,7,77,64
78,1,41,174,38,17,3266,53,85,61,68,3,42,120
76,1,40,187,49,10,2064,33,60,215,64,4,112,96
63,0,47,147,31,49,1380,94,12,365,25,6,53,106
35,0,44,182,43,37,2954,40,101,126,51,1,62,116
46,0,60,189,41,43,1900,107,117,240,16,7,84,60
46,0,58,187,40,22,1348,43,70,52,13,1,106,64
54,0,51,158,31,26,1810,179,54,232,33,6,80,129
51,0,56,153,38,10,2514,156,54,74,43,3,68,79
42,1,62,193,44,41,2878,59,20,161,12,2,72,50
57,1,44,199,41,38,3076,6,42,325,62,3,46,75
42,0,53,176,49,14,1744,165,19,286,12,4,85,99
28,1,70,173,44,5,3147,163,90,226,63,5,110,106
60,0,73,181,42,31,2169,18,39,257,15,4,106,105
24,1,69,169,41,32,1003,60,68,125,39,6,52,95
63,1,79,197,42,29,1090,106,105,201,50,6,104,68
26,1,71,131,49,10,2259,186,102,115,68,3,106,86
23,0,63,129,37,17,1755,134,55,50,12,6,111,54
47,1,63,120,49,44,1441,180,97,263,77,7,82,126
73,0,56,127,42,30,1991,117,40,339,63,5,117,55
19,1,62,173,38,9,1578,174,10,381,78,3,40,120
67,1,71,165,32,19,2277,150,78,86,58,0,110,73
35,0,55,160,49,4,1889,87,31,213,8,6,99,94
44,0,42,190,43,9,1895,55,100,70,72,3,107,78
31,0,75,139,34,21,2741,68,28,377,30,4,88,87
47,0,52,169,27,41,3472,152,101,71,32,3,63,74
31,1,70,139,28,5,1150,58,108,125,71,5,82,85
34,1,61,141,36,23,3013,31,68,197,5,4,48,53
78,1,44,196,42,0,1780,42,22,224,74,6,96,60
54,0,80,182,44,10,1651,102,83,303,20,3,98,52
31,1,56,134,38,49,2217,145,4,109,71,0,118,106
18,1,43,170,26,49,3180,200,113,139,12,3,50,98
46,0,60,136,32,37,1227,182,70,15,8,7,58,98
23,0,40,123,45,50,1449,15,36,272,57,2,117,104
68,1,60,132,39,17,1671,171,78,348,17,1,116,72
25,0,72,188,34,20,2742,176,42,279,38,7,59,56
76,1,70,160,36,24,1566,152,77,224,26,6,105,69
26,0,59,134,54,26,2444,173,41,372,3,2,55,72
32,1,49,162,43,20,1186,95,41,247,61,1,86,127
51,0,52,129,28,36,2372,0,89,390,69,4,116,118
71,1,58,166,38,20,2462,53,61,210,54,6,48,115
58,1,60,120,28,33,3428,195,21,32,6,5,94,50
78,0,79,120,37,34,1921,91,34,40,55,4,66,64
33,0,69,183,42,13,3335,189,2,84,16,2,115,94
51,1,67,176,29,21,1120,135,34,390,26,5,67,129
59,1,72,127,43,7,2449,32,37,308,28,2,90,69
38,0,52,196,48,38,2811,35,60,29,32,0,55,100
28,0,54,169,30,50,1859,84,85,362,31,3,89,129
78,1,64,166,26,37,1036,60,114,205,1,2,96,91
40,0,57,194,34,5,3267,81,76,207,18,2,53,129
60,0,60,164,41,32,2597,125,3,223,11,0,42,52
27,0,60,195,33,3,2104,129,47,192,76,1,71,93
42,1,58,120,31,38,2174,7,2,385,13,1,96,125
31,1,54,174,29,38,2656,150,91,329,78,1,84,126
78,0,47,135,35,36,1585,14,15,82,45,6,82,102
21,1,55,188,31,31,3414,116,0,54,34,5,100,98
59,1,70,195,49,50,3467,112,12,263,19,2,96,101
60,1,48,189,53,50,1532,109,58,288,57,3,99,102
54,1,75,145,32,49,1889,145,18,357,20,7,58,65
79,0,72,145,51,40,1175,140,59,116,50,1,72,93
35,0,41,189,25,36,1459,55,76,303,34,4,117,94
27,0,73,198,42,23,1945,136,24,262,77,2,50,97
53,0,41,136,51,37,3295,64,105,88,54,1,97,59
37,1,47,189,50,19,1546,47,59,44,44,1,110,55
61,0,46,198,25,21,2750,79,60,11,14,1,70,128
62,0,75,182,28,38,2150,162,80,31,78,6,117,80
56,1,48,171,43,15,3255,82,8,30,44,0,92,54
30,0,51,144,45,26,3035,82,35,304,78,2,64,50
46,1,58,191,33,44,2370,116,30,113,32,5,66,74
51,1,60,129,30,28,1773,145,66,200,31,0,75,74
43,0,60,193,28,39,1164,109,43,268,26,6,80,83
43,1,60,155,30,17,2342,81,39,183,70,2,81,62
65,0,72,141,32,38,2085,52,115,255,2,2,88,127
48,0,73,192,31,4,3466,2,109,167,55,3,41,87
78,1,56,167,51,1,2942,53,103,348,58,6,56,93
65,0,59,198,39,8,2646,141,48,326,6,5,44,68
71,1,65,158,45,49,2591,166,49,389,48,2,66,99
64,1,44,132,51,30,3435,190,105,355,48,3,109,92
58,1,46,198,50,44,1201,134,8,354,40,7,51,52
76,0,60,178,55,18,2300,154,100,229,53,0,47,127
59,1,41,187,36,2,1817,40,4,241,42,6,62,105
64,0,51,132,39,1,1248,65,59,126,62,6,42,74
24,0,42,124,25,41,2882,8,72,122,14,1,115,104
79,0,68,200,54,43,2174,102,107,59,36,7,67,105
18,1,44,120,29,5,2626,151,14,37,2,2,119,120
51,0,80,177,30,47,1555,41,116,309,59,4,78,62
43,1,80,135,46,50,2980,169,94,88,26,1,84,63
70,1,66,122,34,37,2182,176,88,140,50,5,70,106
37,0,79,183,40,0,1532,46,70,198,49,1,80,89
54,1,77,158,42,43,2035,163,9,91,59,2,48,62
48,0,56,191,25,40,3022,136,66,336,53,0,80,80
18,0,56,178,29,41,1424,51,117,256,35,0,96,87
65,1,76,172,41,13,1607,111,58,161,40,6,45,126
66,1,62,194,51,8,2315,143,67,3,7,4,94,63
57,1,79,164,33,3,1407,173,17,198,2,7,43,72
18,1,43,192,50,17,1465,54,23,237,55,7,119,124
72,0,49,163,52,3,1542,43,43,383,61,2,115,76
40,0,75,162,35,21,1604,88,86,63,21,7,58,50
43,0,64,136,35,3,1849,122,71,248,17,6,51,63
59,1,77,161,38,12,3480,125,46,215,4,4,48,52
47,0,73,152,31,10,1200,183,84,381,13,3,72,70
78,0,49,128,39,36,2972,1,118,371,18,3,40,74
45,1,47,173,54,13,1785,77,72,65,11,3,57,81
22,1,46,200,27,18,2569,27,12,43,39,3,42,115
75,1,70,140,48,44,1738,183,120,28,55,5,45,113
34,1,54,120,29,29,1598,116,37,384,39,2,98,93
25,0,52,153,30,40,1448,73,26,239,54,2,108,119
39,1,65,120,29,32,2337,134,93,75,18,5,110,124
25,0,67,168,41,33,1932,60,26,198,3,6,50,63
59,0,41,188,31,13,1881,113,42,329,3,1,48,62
50,1,79,153,43,17,2334,109,25,339,8,7,90,82
34,0,49,150,36,48,2948,128,97,146,41,1,57,90
76,0,80,176,27,27,2242,166,64,162,2,7,64,110
52,0,74,167,45,31,2228,185,47,335,10,3,52,86
31,0,56,133,38,50,1905,24,59,278,61,3,84,124
29,1,44,166,25,37,1168,14,47,265,55,0,46,82
29,1,68,196,48,40,2400,124,67,39,2,1,107,60
18,1,73,142,49,3,1031,136,108,334,6,0,77,122
69,1,58,150,51,4,1517,23,64,343,26,7,108,86
22,0,61,193,30,5,2697,105,78,45,30,0,53,129
50,1,59,187,54,6,3240,176,27,89,6,4,82,110
71,0,71,142,32,33,3112,60,104,122,24,7,45,126
79,1,58,170,54,25,2357,96,97,61,2,3,108,58
64,1,75,142,45,2,1239,24,35,228,79,3,74,108
46,1,42,175,45,22,1723,132,48,189,27,2,52,83
20,0,46,149,41,33,1855,64,4,5,44,6,41,98
23,1,47,187,45,23,1379,66,34,200,57,5,76,123
32,1,72,175,39,32,1459,9,78,43,71,1,94,97
20,0,40,175,36,43,1224,105,67,114,1,2,74,105
44,0,72,195,29,32,1133,149,65,200,44,4,64,62
29,1,52,150,42,23,2144,172,105,244,69,2,75,83
77,1,53,194,54,32,2641,92,26,152,41,0,69,84
59,0,59,192,28,35,2961,46,71,39,37,5,75,123
55,1,80,123,36,3,3370,184,25,230,59,7,41,109
49,1,56,133,55,7,1049,84,80,179,58,1,55,66
55,1,52,151,44,2,2745,143,60,312,64,4,76,92
23,0,47,187,41,29,1096,129,113,122,8,5,62,74
55,1,56,195,46,38,1933,115,114,153,63,0,99,79
71,1,71,171,46,31,1846,183,62,64,54,0,92,118
76,1,56,126,42,36,2041,10,36,141,18,5,49,57
38,0,79,199,43,50,2266,116,3,65,54,7,88,91
28,0,51,183,39,33,1171,14,32,371,68,7,118,124
71,0,57,125,33,18,2913,30,120,381,43,0,67,97
73,0,60,123,43,27,2410,88,42,366,30,4,99,116
50,0,66,120,46,46,2809,130,82,58,74,7,61,102
48,1,61,130,40,50,2364,57,5,129,70,2,105,109
52,0,52,200,28,12,2661,170,47,276,6,0,105,115
60,0,55,179,52,6,3401,163,101,114,62,4,97,104
34,0,80,152,34,28,1248,183,1,145,60,3,66,95
80,1,61,165,29,6,1188,104,33,374,69,7,98,77
64,1,73,194,25,19,1434,126,112,62,31,0,98,125
63,0,59,175,37,45,1355,167,62,159,22,5,42,105
65,1,71,156,51,15,1832,112,61,228,47,2,89,79
56,1,79,124,34,32,1554,114,67,317,18,0,85,99
55,1,55,174,30,39,2725,87,75,175,58,5,53,53
27,0,51,200,55,45,1910,47,108,247,80,3,90,61
61,0,67,155,34,38,1346,85,108,278,70,0,93,72
42,1,61,125,25,4,3129,76,56,53,50,3,56,82
80,0,56,142,45,10,2838,102,43,153,21,6,78,54
23,0,49,132,38,41,1442,58,36,352,57,5,101,128
65,0,56,167,53,40,2553,8,118,202,5,7,62,114
32,1,74,122,33,15,1132,56,103,19,55,2,104,51
23,0,46,122,43,8,1952,91,113,104,72,3,98,62
26,0,52,141,42,39,3497,176,94,215,31,5,76,94
26,1,43,171,54,44,1961,31,29,384,76,5,47,98
62,1,67,194,54,24,2757,162,108,127,65,6,76,95
45,1,77,123,39,13,1757,95,90,308,31,3,68,79
21,0,64,176,28,17,1555,147,96,145,25,1,91,93
63,0,64,125,45,42,2662,135,73,17,16,3,44,123
57,0,46,177,55,19,3119,10,63,0,63,4,56,85
18,1,71,134,37,42,2460,50,112,146,11,0,64,118
46,0,42,145,27,34,3085,37,56,229,74,3,42,71
27,1,71,177,34,5,2565,99,15,105,13,0,58,71
54,1,61,139,45,23,1440,12,53,46,62,5,68,117
26,1,74,159,52,3,2743,59,7,252,72,1,108,73
18,1,61,162,27,45,2000,28,118,34,55,2,66,129
35,0,47,149,52,18,3353,194,100,63,2,3,111,73
57,0,64,174,26,41,1005,11,97,228,25,1,64,109
24,0,70,144,25,39,3473,110,71,345,30,0,98,114
62,1,73,153,53,18,2120,89,48,359,69,2,52,119
22,0,68,143,52,27,1667,64,103,108,33,1,112,69
78,1,71,169,40,18,3452,98,37,49,77,1,88,87
80,0,55,180,25,28,3145,84,105,194,73,4,94,64
69,0,57,199,55,27,2408,162,24,151,4,0,114,91
75,0,70,167,40,16,3222,1,22,151,44,0,84,114
59,0,44,142,43,20,2666,170,20,33,63,3,114,80
53,1,57,151,45,14,1390,142,108,376,31,3,68,111
20,1,75,145,40,3,1787,188,80,361,54,7,94,107
18,1,67,179,48,23,2016,133,58,236,74,0,70,80
56,0,57,138,34,26,1142,50,83,79,73,2,58,62
26,1,72,190,28,45,1426,20,74,325,15,2,66,123
78,0,73,148,37,41,3376,160,119,383,14,2,51,94
73,1,46,122,50,11,2031,132,78,321,76,7,96,98
29,0,52,173,35,11,2563,18,68,52,70,7,101,83
20,0,73,131,45,48,1120,54,45,55,52,0,69,103
35,1,61,165,34,43,1337,10,111,51,44,5,53,54
48,0,56,138,40,3,3425,81,43,135,33,1,96,81
27,0,78,177,43,24,1454,156,83,267,61,3,110,110
20,1,43,128,41,23,2123,115,88,286,64,0,96,121
54,0,49,161,47,4,1821,138,80,43,72,7,97,65
35,1,54,144,40,9,3136,178,6,2,17,3,106,55
53,0,54,145,32,32,3482,66,56,161,4,2,60,108
77,0,64,137,47,0,1219,80,116,391,19,0,75,56
33,0,76,132,42,34,1911,125,85,0,20,0,46,110
29,1,55,136,39,38,2300,173,80,44,72,3,81,115
30,0,77,195,46,44,1499,168,45,229,9,6,115,54
70,1,41,125,55,44,1047,8,78,193,25,4,86,95
30,0,80,155,55,14,3099,23,63,167,71,4,52,53
71,0,72,177,30,17,1093,26,105,312,77,2,77,81
47,1,62,155,55,14,1741,137,101,300,46,4,115,117
78,0,52,150,37,45,1323,8,52,98,56,6,58,80
52,1,60,127,54,45,2162,59,32,256,62,6,78,90
40,0,44,195,52,40,2399,30,107,298,77,1,42,57
40,1,57,132,35,4,2803,75,69,105,40,1,107,61
21,1,69,164,34,41,1108,154,104,400,12,1,63,83
39,0,68,166,49,31,1380,41,20,278,31,3,90,54
45,0,76,144,41,42,2557,113,93,274,76,1,103,90
48,0,69,193,40,8,1032,137,52,133,70,4,71,87
70,0,64,156,38,2,2216,150,111,250,30,3,45,114
28,0,72,130,29,31,3235,23,28,50,20,3,107,103
33,1,73,170,44,11,1806,6,72,69,59,3,63,125
36,0,40,197,53,21,1617,85,0,187,62,4,84,98
42,1,56,127,33,9,2103,183,62,49,0,0,112,74
41,1,75,125,40,29,3406,29,57,372,57,2,100,95
71,1,76,189,35,38,3220,122,7,199,77,5,88,85
31,1,68,197,34,4,2704,160,8,351,35,5,103,126
65,0,72,141,49,46,1905,55,9,314,56,3,107,50
59,0,78,140,46,35,1598,93,89,181,56,4,67,111
18,1,77,179,46,5,1036,98,14,70,18,3,63,113
78,1,55,146,28,27,1723,130,86,397,24,2,91,52
63,0,53,180,53,50,1030,158,67,116,11,0,103,94
68,1,63,192,54,32,1692,193,74,0,31,5,83,110
30,0,41,139,29,8,2691,26,39,382,20,0,88,51
47,0,76,189,34,38,1893,11,68,156,51,4,80,58
31,0,41,137,39,32,2612,162,73,180,6,7,46,70
60,0,53,191,36,10,2972,147,23,198,0,4,83,88
53,0,80,143,35,0,3469,190,77,78,43,4,51,88
68,0,54,166,34,22,1496,126,10,151,62,5,92,94
69,1,75,176,47,19,1345,161,108,329,39,0,74,109
46,0,67,161,37,25,1792,103,86,375,18,7,48,121
52,0,58,128,48,36,3212,91,103,156,48,6,68,109
29,1,67,150,47,8,2126,128,6,81,13,3,79,88
31,0,61,186,39,13,2688,176,21,69,31,3,47,63
19,1,45,135,31,16,2847,142,3,106,79,3,119,54
26,1,54,154,47,10,2037,177,115,81,50,5,70,114
31,1,60,144,32,14,1865,165,118,117,75,3,58,87
73,1,72,154,27,48,3457,120,84,263,2,0,49,104
63,0,47,161,31,33,1967,17,95,349,29,6,75,97
58,1,67,136,44,9,1749,124,82,177,55,1,59,118
64,0,77,154,54,40,2618,176,55,372,57,7,62,129
25,0,66,137,38,27,3176,101,61,192,35,3,104,73
25,0,55,130,55,23,2010,168,84,356,58,6,101,118
75,0,49,120,25,7,3036,152,4,140,14,5,66,115
18,0,80,192,28,25,3351,151,87,49,37,7,93,129
67,0,62,164,54,21,2500,176,48,22,26,0,111,98
66,0,54,197,33,35,2147,144,116,23,46,4,100,78
23,0,61,155,35,38,2930,128,45,50,14,7,101,93
24,0,79,193,30,26,3179,74,56,222,78,0,85,79
40,0,46,152,52,11,1247,84,4,50,64,7,57,57
30,0,68,182,46,21,2338,135,73,75,46,6,101,76
45,0,49,176,27,22,2442,7,82,146,32,5,118,114
29,0,67,143,29,15,3050,13,45,140,5,1,99,73
30,0,55,182,32,16,1777,26,66,119,56,1,81,83
18,0,44,130,34,5,1020,123,42,381,28,6,104,113
20,0,46,139,28,48,3284,172,47,152,69,4,45,82
72,1,63,124,46,35,3209,180,64,46,6,1,101,81
77,1,50,172,28,50,2871,63,57,53,18,2,80,113
30,1,42,195,35,16,1699,135,28,161,63,5,119,71
23,1,67,187,36,41,1123,89,118,296,17,7,93,115
21,1,60,182,27,35,2346,148,22,106,15,5,71,84
25,0,50,162,54,11,1543,109,54,32,32,1,113,119
42,1,73,123,25,19,3454,5,66,242,5,2,114,106
43,0,71,195,50,27,1128,26,35,27,67,5,93,58
77,1,46,147,52,6,3441,159,93,59,1,3,109,75
60,0,45,193,29,41,2026,125,76,294,9,6,66,101
67,0,47,187,55,11,1731,104,30,115,18,6,111,86
79,1,70,133,37,39,3318,12,5,259,66,0,82,122
53,0,76,130,54,17,2373,122,0,219,80,6,116,126
20,0,63,175,51,33,1846,94,31,383,35,6,59,93
37,0,60,124,26,0,1461,16,89,195,38,2,64,97
30,1,66,124,44,3,1593,56,106,318,63,2,75,68
59,0,73,129,44,38,1163,58,7,343,52,7,109,103
62,0,74,199,39,18,2613,96,52,96,59,5,111,113
18,0,48,166,44,50,1304,38,110,48,43,2,45,85
33,0,50,158,54,35,1724,86,33,256,57,2,65,72
23,0,73,124,54,18,1785,18,104,387,5,0,45,123
76,0,65,140,34,38,1136,57,81,215,60,2,59,91
43,0,50,196,33,43,1053,87,75,88,52,7,41,108
66,1,51,123,36,8,2859,169,90,165,71,4,75,119
62,1,67,193,44,48,3470,97,25,219,39,3,84,51
52,0,52,200,31,0,1236,147,39,71,38,4,65,120
46,0,62,143,33,14,1043,89,99,297,7,2,62,52
54,1,58,177,53,45,2911,114,1,166,22,1,86,119
78,1,45,177,25,32,1004,94,6,59,64,5,46,129
27,1,41,160,53,2,1936,187,27,345,0,5,94,57
44,1,52,142,38,19,2638,136,84,178,67,7,51,89
76,1,52,143,49,35,3435,157,12,189,69,6,41,63
52,0,52,152,49,10,1072,136,98,94,4,4,115,122
42,1,65,198,33,50,2303,80,53,342,33,7,107,60
78,0,63,173,36,25,3130,120,29,33,78,4,106,100
53,1,66,174,30,43,2963,78,83,60,47,5,49,97
32,1,54,132,34,19,3060,11,81,400,57,6,56,72
28,1,63,152,36,25,1027,106,61,214,53,2,111,86
52,0,46,179,48,13,3437,30,29,195,61,4,60,115
73,0,65,135,30,25,1640,137,119,276,38,5,102,123
75,1,52,195,51,20,1753,119,85,171,5,3,100,93
49,1,70,178,50,2,1440,123,117,118,79,2,86,123
46,1,47,141,31,18,3041,77,3,116,27,2,70,117
50,0,77,122,42,30,3222,131,62,209,18,0,101,105
57,1,59,144,44,3,3363,90,79,358,28,5,105,100
45,0,55,179,55,13,2524,158,58,356,4,6,111,111
57,1,60,179,46,1,1126,200,36,108,15,1,42,69
36,1,72,198,49,35,2936,85,48,268,9,4,112,68
60,1,56,185,38,18,2891,155,34,49,3,5,70,75
62,1,54,193,42,39,2665,77,56,240,65,2,93,107
79,0,41,161,51,39,1044,150,78,187,65,5,93,96
64,0,42,142,49,8,2269,175,45,154,33,2,46,117
72,0,49,177,53,3,2341,156,68,175,14,6,113,96
71,1,40,166,34,15,1804,136,117,330,70,6,101,122
46,0,48,138,29,19,2570,142,41,326,70,0,49,84
22,1,78,124,26,19,2595,149,65,85,54,7,47,51
48,1,48,121,42,2,1570,87,113,325,3,0,61,80
45,0,45,172,25,24,1883,106,41,332,38,0,57,60
23,0,47,183,53,45,1068,159,15,274,25,2,46,85
24,0,77,189,47,42,3196,141,50,190,1,0,118,77
38,0,61,175,50,5,1919,127,103,283,13,1,90,129
75,0,74,132,36,2,1714,174,87,198,43,7,96,96
36,1,59,154,31,34,1770,193,112,256,61,4,40,87
29,0,73,121,47,9,2863,143,48,106,46,4,104,109
70,0,67,187,37,24,1387,185,118,125,60,6,95,64
43,0,71,154,32,18,3390,27,37,146,38,0,100,55
28,1,53,141,43,3,3366,87,104,236,57,4,77,70
61,1,65,190,44,21,1839,9,35,235,64,2,58,106
63,0,65,185,39,15,2555,151,42,308,71,3,94,72
61,1,63,121,28,5,3042,21,0,171,20,0,89,102
38,1,70,165,38,14,3037,73,87,167,41,2,68,100
26,0,70,189,34,44,1756,165,50,386,39,3,98,64
54,1,71,138,45,36,1584,13,23,356,3,7,91,92
39,1,60,160,28,15,2004,132,4,98,78,2,53,106
62,0,63,198,39,47,2183,168,28,265,54,7,61,93
69,0,40,140,48,22,1782,173,100,199,78,0,68,112
79,0,64,148,26,34,3122,127,79,47,52,0,55,84
65,0,75,182,32,47,1073,64,13,7,11,4,84,102
26,1,58,169,54,47,2927,63,10,287,79,3,57,65
59,1,46,155,29,39,3163,48,61,189,17,3,59,58
56,0,80,155,46,37,2998,96,65,247,63,2,104,71
59,0,45,171,32,18,2145,119,109,299,33,2,72,109
36,0,47,133,38,38,1542,60,40,384,29,0,62,74
18,1,78,143,44,9,1379,72,89,323,48,2,42,82
67,0,65,181,43,25,2620,82,42,66,9,3,93,90
75,0,76,126,47,22,1088,32,35,197,58,6,118,107
63,0,80,143,31,34,3354,164,21,7,36,6,70,57
20,0,63,182,49,35,2177,104,110,289,75,3,43,61
67,0,70,199,28,45,1171,127,50,96,65,7,40,100
18,0,78,188,39,9,3282,193,118,316,33,3,120,73
60,1,74,149,48,50,2491,141,74,297,68,4,49,97
66,0,80,130,30,42,1305,119,77,167,0,3,107,109
21,0,58,187,42,9,1565,26,5,208,49,0,72,57
69,1,45,127,35,31,3300,170,86,372,20,4,63,110
50,1,41,174,39,41,3153,164,81,148,38,0,98,90
31,1,41,172,28,31,2646,95,51,128,75,5,40,90
79,0,61,140,43,34,3158,124,93,112,55,6,117,64
52,1,60,161,28,2,2985,192,56,328,66,3,111,91
69,1,43,124,44,2,1215,26,87,200,67,0,48,105
70,0,60,173,35,48,1116,133,113,303,74,6,114,107
37,1,46,146,42,50,1473,192,96,17,24,5,96,123
73,0,54,169,37,19,3113,169,10,71,62,5,40,73
70,0,43,198,53,33,2822,155,68,189,19,6,60,119
38,1,45,199,32,38,1212,166,39,121,52,5,72,63
53,1,76,195,55,2,2453,58,110,381,48,6,59,115
51,0,50,123,41,49,1645,183,86,361,3,1,85,99
74,1,53,141,50,23,1261,102,21,209,9,3,78,106
29,1,59,150,34,35,1816,189,7,124,9,3,105,124
52,0,67,152,50,15,1727,192,108,362,37,1,44,118
44,0,57,156,26,24,2496,198,61,37,13,5,57,71
71,0,54,192,45,40,1776,90,115,391,37,3,59,98
67,1,47,129,51,39,2108,38,24,12,58,5,104,80
33,1,75,177,53,13,3076,177,5,155,17,2,64,51
73,1,61,197,38,13,2456,173,19,131,43,6,58,126
30,1,41,182,35,42,2902,179,13,358,36,7,55,122
53,1,77,165,32,2,2173,25,115,220,3,0,85,124
46,0,50,185,28,35,2653,198,34,68,76,3,117,125
44,1,69,143,40,44,1191,98,5,206,0,4,49,117
23,1,45,152,46,11,2247,171,75,53,14,6,114,127
54,0,49,162,50,42,1681,41,109,173,70,2,71,86
65,0,45,157,30,31,2099,106,52,130,35,0,94,72
36,1,62,173,31,37,1892,34,49,144,38,3,81,51
34,1,74,128,41,43,1207,55,59,64,9,4,106,63
48,0,57,173,42,21,2418,171,8,33,72,1,80,88
41,0,62,171,31,38,1853,131,68,310,62,4,53,88
54,0,48,151,55,36,3149,193,89,235,4,1,53,110
20,1,55,160,50,44,1927,48,11,291,74,2,47,81
34,0,44,122,44,17,1987,36,30,261,22,2,48,77
22,0,79,179,45,30,1318,147,115,58,9,4,50,124
34,1,71,132,49,47,2590,25,94,286,2,7,75,88
40,1,76,152,49,4,3177,6,109,198,43,0,102,69
63,1,70,126,43,49,1637,57,13,252,35,1,97,70
67,0,55,185,30,17,2667,173,67,183,61,2,43,57
75,0,41,153,35,21,2345,35,21,284,43,1,116,103
72,0,58,155,39,16,2986,150,101,279,52,0,90,63
65,0,56,139,46,36,3235,20,88,342,64,6,98,114
79,1,68,147,49,26,1980,59,40,141,20,6,42,61
67,0,77,160,50,11,2740,90,69,211,10,0,120,107
21,0,44,143,39,20,2256,167,14,340,36,7,58,113
41,1,43,129,30,5,2142,199,12,20,16,6,76,113
30,1,79,134,49,8,2277,166,4,52,50,0,119,76
58,1,46,181,33,12,1989,34,116,297,28,5,112,79
73,1,56,145,41,41,3452,72,81,22,79,1,75,126
27,0,75,179,46,28,2442,166,118,240,30,4,91,96
56,0,48,147,55,39,2565,45,30,226,34,3,66,91
30,0,72,196,33,43,1604,128,101,189,1,2,110,69
75,1,73,134,33,23,2418,144,1,83,52,2,73,124
20,0,78,138,40,27,2502,104,37,105,54,0,64,100
51,1,53,142,51,23,1826,64,9,320,13,0,66,103
64,0,80,194,34,42,2256,77,15,341,3,7,112,66
28,0,66,163,51,17,1930,137,48,14,54,7,47,108
79,0,50,126,54,3,1331,32,79,156,71,6,42,63
64,1,54,190,51,29,1556,69,80,387,74,4,69,113
28,0,57,131,38,5,1524,109,80,63,80,4,93,112
39,1,54,176,28,29,1642,90,51,320,22,5,106,55
19,1,58,187,50,22,2165,26,3,206,31,0,90,116
20,0,40,130,53,5,1125,65,11,322,42,5,68,68
53,0,51,182,34,15,1947,92,40,294,28,5,120,129
77,1,77,179,39,23,2875,103,114,164,1,3,87,55
64,0,79,174,48,16,2259,164,58,11,46,2,106,65
60,1,47,148,30,23,1284,116,6,320,78,6,57,98
39,1,78,129,52,4,3293,196,101,355,67,2,103,54
64,0,71,159,25,37,3345,61,7,56,55,3,50,121
60,0,56,178,37,2,2954,56,117,320,4,2,42,65
56,1,60,173,35,16,1291,31,1,76,61,3,105,75
76,0,41,165,31,12,2075,49,105,56,37,1,64,106
27,0,51,163,39,8,2181,73,113,346,36,5,61,71
19,0,48,175,25,3,2991,126,50,316,2,3,58,66
58,1,67,140,48,0,2266,115,60,308,32,1,94,70
74,1,47,188,27,42,1640,112,42,190,61,6,49,99
27,1,75,168,32,33,2974,11,118,273,16,1,110,83
71,1,45,156,50,25,1161,32,44,268,61,6,84,76
23,0,60,145,33,8,2283,153,6,309,33,6,56,57
64,1,52,143,52,39,2833,124,92,178,19,5,83,73
56,0,54,157,25,4,1122,77,92,172,62,4,100,95
68,0,65,120,47,50,3301,77,11,84,29,6,113,117
31,0,49,181,41,27,1550,45,44,381,28,7,102,60
56,0,60,188,25,7,1796,146,5,70,24,7,95,99
49,0,77,135,53,3,2811,163,98,317,21,7,96,129
42,1,43,141,42,2,2892,59,21,35,43,4,62,73
38,1,43,159,32,43,2156,150,27,388,61,0,77,101
42,1,50,148,27,49,1487,126,40,31,15,2,114,88
47,0,43,150,38,26,2906,5,119,54,9,1,103,129
41,0,50,146,43,12,3461,53,58,234,55,1,117,101
28,0,44,175,33,43,1352,86,51,109,23,7,119,65
80,1,40,159,38,11,1205,22,110,64,26,5,52,102
80,1,78,168,34,42,1497,32,61,300,8,4,92,114
32,1,53,133,26,13,3106,172,56,354,27,3,92,96
25,0,80,167,45,19,2120,114,28,285,42,0,115,95
36,0,67,130,38,40,1618,166,87,114,6,2,81,51
25,0,59,194,42,44,1435,96,83,97,42,7,92,126
72,1,61,141,50,33,2863,158,73,353,75,5,66,92
53,0,42,190,40,0,1338,85,109,232,41,1,56,70
57,1,54,169,44,16,1383,173,97,334,68,5,50,121
76,0,70,126,50,46,2979,46,92,120,4,5,106,94
31,0,74,170,25,14,1433,101,91,307,26,5,50,95
18,0,44,138,43,4,1476,169,69,155,28,4,60,119
68,0,53,174,53,25,3131,110,116,346,27,6,115,51
55,1,43,162,47,16,1719,27,58,282,63,4,114,109
75,0,67,186,33,6,2634,170,116,258,17,7,85,121
20,0,53,187,29,44,3051,59,41,224,4,7,119,115
43,1,53,162,44,40,1283,90,66,144,7,5,53,61
44,1,45,139,36,18,3201,143,93,186,69,5,100,72
34,0,55,168,26,39,1407,162,19,78,32,3,101,101
51,0,48,152,32,44,2574,82,113,248,41,7,96,86
68,0,67,153,32,14,3092,196,1,84,68,3,99,96
20,0,49,174,39,27,2325,174,84,40,34,2,114,90
56,1,46,127,55,5,3039,53,53,113,14,3,82,81
70,0,74,183,46,7,3490,49,38,119,64,5,43,66
24,1,59,185,51,9,1276,200,105,143,69,2,68,106
27,0,48,126,45,20,3350,4,27,189,69,6,68,53
48,0,58,177,55,7,2855,96,102,112,60,2,106,75
67,0,50,148,40,5,1285,46,22,281,41,4,53,101
42,1,65,153,43,30,2066,101,39,259,76,3,42,109
50,0,72,160,39,27,2122,94,42,304,22,3,60,92
55,0,73,160,48,37,3273,159,52,296,40,1,94,101
40,1,74,174,37,1,2173,93,117,165,30,4,112,119
76,0,54,155,39,45,3217,143,61,245,6,2,97,113
45,1,61,137,33,4,3267,80,79,214,34,1,60,87
51,0,61,178,38,30,3161,38,0,258,75,1,97,66
34,1,45,181,27,3,2111,74,85,60,0,7,64,56
31,1,73,172,37,2,1838,129,77,179,41,0,50,58
24,1,56,165,25,23,3222,98,117,31,55,6,79,87
74,1,77,141,45,38,1840,10,116,160,69,4,57,117
37,1,51,160,50,0,1082,191,44,385,64,5,111,68
67,1,63,130,42,1,2814,108,113,10,55,2,63,118
78,0,48,160,49,17,2562,35,114,92,48,2,40,107
36,1,74,197,25,10,3040,86,64,45,51,0,42,53
58,0,53,169,27,39,3378,135,42,59,40,1,85,108
33,0,80,149,34,19,2358,84,62,278,64,4,40,101
75,1,41,178,47,43,2374,114,23,392,28,1,112,77
66,1,45,193,46,37,1651,82,99,274,53,2,94,50
19,1,46,130,29,36,2910,69,116,153,14,0,105,68
67,0,76,194,38,30,1781,17,8,379,19,6,51,85
49,0,71,172,40,22,2888,188,38,216,62,5,69,112
59,1,60,189,31,33,1885,25,80,74,14,6,113,114
29,0,56,169,53,43,2478,47,67,171,44,4,103,67
27,1,66,158,39,9,1440,200,72,300,29,2,102,86
28,0,58,159,38,2,3207,179,19,303,31,7,44,121
66,0,57,198,37,15,1591,103,46,198,26,4,56,68
19,0,63,170,55,7,1086,148,90,17,40,0,45,82
67,0,49,176,44,27,2214,105,32,372,5,0,58,91
37,1,62,182,41,35,1983,162,64,217,53,7,101,130
57,0,60,132,50,48,1476,92,57,26,28,2,88,79
37,1,69,177,33,39,2740,84,85,256,61,4,73,124
22,0,67,130,48,26,3106,71,67,51,71,0,80,116
29,1,45,176,31,37,1611,140,19,198,69,7,106,111
79,1,54,131,39,28,1202,172,87,218,45,6,82,102
19,1,74,189,27,12,3245,106,86,54,46,7,73,118
56,0,61,175,39,17,2197,138,56,19,51,5,42,101
50,1,58,172,30,22,2797,137,98,203,50,2,57,54
74,0,64,122,36,28,2961,40,22,377,54,5,106,80
27,0,65,163,52,38,2000,135,114,73,47,7,45,127
58,0,78,171,33,9,2674,160,24,198,21,0,68,52
76,0,68,154,34,33,3008,47,106,254,21,0,102,73
49,0,68,183,43,6,1885,17,104,75,47,5,102,111
30,0,55,154,44,17,2506,103,116,114,64,6,120,98
66,1,80,181,40,5,1068,6,19,142,76,6,76,115
31,1,59,193,42,36,2184,157,114,107,45,3,93,72
45,1,67,171,32,3,3456,81,71,119,4,5,107,126
31,0,72,155,38,32,1953,3,88,25,40,5,99,73
42,1,45,154,48,39,2250,121,46,3,75,5,91,57
77,0,63,176,33,44,2453,74,14,216,19,7,107,127
64,1,80,180,25,48,3390,171,102,350,34,7,89,83
45,1,73,173,37,9,2288,40,84,35,67,4,92,124
40,0,60,164,34,39,2046,38,42,203,32,4,75,64
53,1,51,144,41,11,1480,190,90,29,28,4,44,58
53,0,47,177,37,28,1983,184,71,265,40,5,89,119
25,0,47,181,52,22,3464,92,111,241,48,1,89,107
34,0,67,122,36,0,3056,43,92,211,68,7,83,91
42,1,40,165,34,24,1469,156,17,193,34,3,42,100
51,0,60,178,32,30,3080,78,20,176,30,1,63,101
37,1,55,166,47,10,1433,94,5,191,41,3,42,129
44,0,57,139,30,48,2125,177,99,263,25,2,106,74
29,1,43,139,47,18,2458,102,104,89,65,0,94,120
58,1,59,198,35,4,3293,53,68,30,7,4,50,105
28,0,47,120,36,28,1169,71,66,321,17,5,72,60
32,1,41,169,53,25,3296,193,2,235,64,1,54,92
63,1,64,140,48,35,3120,17,76,295,67,0,73,71
19,1,64,198,37,22,2816,30,43,356,45,1,52,105
58,0,56,180,38,40,3110,131,113,382,70,0,41,94
23,1,67,148,36,43,1861,1,43,333,64,3,54,71
21,1,61,163,51,48,3020,158,21,48,10,7,108,57
48,0,42,162,34,50,2688,137,84,111,49,5,111,56
55,0,52,149,52,9,1523,60,98,273,73,0,94,95
58,0,52,145,35,13,2256,187,41,310,58,0,66,74
53,1,46,144,52,4,2854,28,110,130,9,5,43,84
53,1,51,142,48,39,1917,16,54,272,4,4,113,86
62,1,67,169,47,37,3018,185,36,215,53,5,68,119
71,0,74,133,53,17,3308,89,48,233,6,2,62,119
41,1,65,124,27,21,1764,89,74,296,57,7,84,75
19,1,67,132,51,29,2558,72,71,176,60,6,95,50
41,1,53,121,49,20,1883,27,88,258,72,5,88,114
22,0,75,126,48,29,3147,162,29,250,80,1,101,83
39,0,69,193,40,34,1664,136,32,244,16,7,68,85
23,1,47,129,37,2,2835,70,89,223,64,2,96,59
74,0,43,135,25,26,1260,109,10,248,43,2,73,97
50,1,76,193,39,14,2280,160,102,126,60,3,52,130
50,1,45,190,46,3,3376,114,3,3,19,4,43,70
50,1,53,142,45,25,1651,168,114,364,79,6,73,52
63,0,51,157,28,50,1071,165,88,285,62,4,62,101
68,1,78,137,26,47,2827,53,81,260,33,7,80,106
73,0,67,181,27,4,3469,60,87,32,10,1,91,104
70,1,66,194,36,35,2914,186,103,242,34,4,83,86
76,1,42,197,45,41,2612,61,73,309,58,7,120,103
47,0,59,149,40,24,2757,128,15,399,18,5,116,116
18,1,44,149,32,5,1103,199,6,103,26,2,82,115
56,1,51,139,47,30,2358,85,41,169,43,1,117,116
19,1,41,198,42,28,2885,151,70,229,44,2,95,122
53,1,43,179,46,19,2903,86,78,319,27,6,101,86
51,0,68,138,52,0,2576,114,26,132,76,6,52,129
30,0,51,177,51,0,2598,17,106,66,80,7,81,113
73,0,42,163,37,22,3238,27,68,297,49,6,47,51
64,1,65,183,53,49,2538,48,26,367,46,2,53,62
53,1,54,179,38,23,3444,186,15,125,24,1,67,105
22,1,41,184,31,32,3031,111,86,215,74,7,90,80
76,0,48,153,30,48,2977,177,71,272,33,2,75,100
40,1,69,121,54,40,2012,169,44,98,60,3,69,103
80,1,56,137,50,24,1943,171,2,340,55,3,92,76
73,1,69,145,34,8,1950,12,71,371,48,6,92,86
38,0,63,134,49,5,3404,119,116,190,65,7,99,70
23,0,60,158,46,24,1967,86,72,51,62,1,49,107
71,1,65,134,48,21,1101,100,120,391,41,6,104,106
62,1,61,129,53,24,2303,8,104,213,17,6,60,58
37,1,75,124,43,10,1403,95,48,221,20,1,64,105
50,1,56,159,46,22,2711,7,100,82,78,7,78,116
64,0,69,194,31,14,2703,0,90,285,26,3,88,67
53,1,74,187,54,26,2584,192,117,108,10,3,78,63
72,0,79,170,28,18,1698,129,31,65,1,7,68,51
32,1,47,192,37,14,1893,29,94,304,52,3,53,112
79,1,44,176,40,25,2710,111,44,69,72,2,60,55
33,0,49,198,27,1,2543,154,5,316,12,2,50,123
21,1,48,146,55,6,1844,150,3,311,59,6,55,100
27,0,53,189,47,4,1693,141,35,108,14,1,117,72
33,0,50,185,32,49,2885,33,109,147,12,0,88,125
27,1,78,133,38,1,3236,141,96,16,39,2,94,93
58,1,46,147,27,31,2771,8,82,90,36,7,118,65
49,0,73,157,37,28,2122,117,56,341,68,2,102,111
77,0,66,133,44,22,2472,154,12,396,12,3,55,102
71,1,67,169,26,43,3069,144,29,114,42,2,99,59
59,0,52,128,47,46,2357,14,97,331,32,4,109,64
66,0,78,196,38,23,1881,42,44,19,65,2,88,50
60,1,61,151,42,39,2480,6,49,172,9,6,72,96
36,1,45,167,54,21,1866,58,62,304,78,6,68,111
18,1,67,180,53,39,1578,180,77,122,65,6,108,105
37,1,70,130,39,17,1663,160,95,75,15,5,90,60
22,0,43,132,43,12,1368,110,64,230,33,7,94,109
42,0,62,164,42,7,1816,175,36,367,58,4,92,108
71,0,40,133,30,41,1952,27,22,253,77,5,115,95
72,1,48,135,31,36,1081,159,7,116,23,6,82,97
72,0,73,159,40,48,2287,147,20,283,53,3,81,58
30,1,48,125,54,3,2845,178,67,395,48,1,113,108
66,0,74,159,44,26,2469,29,110,54,67,7,91,112
57,1,54,133,31,12,3387,194,86,365,50,3,100,76
76,0,53,193,38,27,2335,60,82,293,65,4,74,93
38,1,53,134,26,24,2338,69,14,116,22,2,67,75
21,0,43,167,36,36,2745,195,85,107,9,2,40,121
66,1,41,148,35,31,1682,73,57,47,71,5,94,123
41,0,53,131,42,2,3208,141,103,202,49,4,105,70
45,0,52,147,49,1,1400,11,15,239,54,3,59,77
29,1,46,151,31,19,3043,186,37,10,23,4,79,114
62,1,51,163,54,6,2698,85,16,191,49,5,109,110
19,1,59,144,53,39,1015,181,108,239,72,2,91,128
33,1,61,133,30,4,3170,30,104,300,67,7,59,129
21,0,40,164,39,43,1790,15,106,126,69,4,44,70
38,1,73,170,43,27,1803,119,69,328,76,4,74,126
77,1,58,122,35,25,1811,192,58,224,46,3,67,130
33,1,44,199,40,28,2672,45,0,99,77,0,54,111
45,1,51,158,50,41,2046,18,111,295,30,5,108,94
74,1,73,126,33,21,2835,164,75,225,12,2,99,126
33,1,61,132,54,38,2992,200,71,244,3,0,100,81
27,0,43,188,33,3,1947,161,58,340,59,1,74,108
23,1,43,143,26,41,2714,198,63,62,7,2,53,92
22,1,58,154,45,24,3449,158,64,356,68,4,119,122
41,1,71,178,51,37,1787,73,92,143,63,6,58,94
78,0,51,195,38,15,3184,137,96,312,26,3,89,53
57,0,42,178,50,15,1693,59,6,291,4,1,83,121
32,0,45,121,30,0,1720,178,85,316,66,0,91,111
50,0,44,197,42,48,1594,47,89,235,11,1,102,80
59,0,68,178,50,5,2315,122,42,125,41,2,60,79
75,1,59,123,44,20,1592,129,66,209,9,1,55,85
62,0,50,160,52,28,1304,109,18,4,62,7,92,76
18,0,41,139,41,48,1634,118,109,272,56,2,119,119
67,1,74,172,38,6,2964,9,98,181,74,5,76,98
47,0,61,159,41,30,3400,43,10,54,28,2,83,82
67,0,55,148,44,17,3093,174,81,323,32,4,75,88
49,0,62,183,46,41,1741,2,78,142,7,1,77,59
67,0,61,160,28,47,1305,116,43,303,6,7,75,101
59,1,45,174,38,39,2353,159,13,260,37,1,114,117
36,1,58,174,48,10,1277,67,43,186,36,3,119,129
67,0,57,176,27,27,1276,184,83,67,60,3,90,102
77,0,49,120,28,45,2276,11,58,140,11,5,111,57
70,1,59,182,40,1,3060,0,61,53,2,2,40,99
59,0,70,143,41,46,1173,105,72,338,22,5,82,98
65,1,51,128,33,14,2732,150,62,178,63,7,50,100
31,1,62,179,32,12,2010,80,7,202,12,5,103,79
21,1,68,142,30,42,2357,165,26,224,27,4,85,95
42,1,76,130,36,14,2323,75,37,378,54,1,75,130
79,1,46,123,42,26,2337,29,3,185,8,6,117,125
64,0,73,149,42,36,2342,158,14,374,65,0,117,117
22,0,79,159,25,38,2287,194,119,257,68,3,108,110
80,1,51,143,53,29,2408,6,49,286,52,2,40,66
60,0,74,126,27,31,3119,7,111,169,53,5,112,107
47,1,42,161,48,34,1620,129,22,226,31,1,50,59
31,0,70,184,55,20,2145,5,32,304,24,1,120,109
46,1,43,122,39,32,2068,47,3,374,69,4,103,100
21,1,47,140,53,44,3098,172,50,211,49,5,55,113
78,1,42,184,48,5,2142,7,50,357,11,4,56,75
48,0,59,127,31,12,2770,14,46,165,58,4,72,54
51,0,54,194,29,17,1314,175,102,128,22,0,119,128
44,1,76,122,54,41,1437,189,72,212,52,7,104,68
24,0,65,174,25,11,1643,181,46,197,23,7,76,124
61,0,64,179,32,28,2832,163,120,123,26,7,64,60
24,1,41,150,35,11,2793,183,100,101,44,5,103,115
55,0,65,200,28,24,1068,43,55,5,74,7,40,106
28,1,55,139,42,21,1591,117,13,228,44,7,46,76
23,0,77,156,29,19,2464,86,62,332,75,5,46,61
79,0,53,195,52,7,3221,18,100,324,1,3,44,130
24,1,79,156,25,49,3357,27,116,118,53,7,49,115
36,0,50,141,52,12,1843,171,17,111,69,4,88,117
45,1,65,193,42,23,2495,90,34,267,39,5,61,112
21,0,52,185,52,32,1961,139,56,188,71,0,93,114
54,1,65,174,44,35,2957,85,7,111,76,7,98,86
74,1,64,121,30,1,1685,94,10,301,6,0,56,114
71,0,58,152,25,12,3241,156,65,207,78,2,45,55
70,0,70,182,25,4,1957,31,62,293,32,7,113,84
28,1,67,191,26,0,2189,63,106,130,45,5,69,54
41,1,76,176,30,34,3166,88,105,11,42,6,80,64
31,0,76,191,36,47,3310,55,66,182,8,2,82,69
67,1,40,175,52,23,2250,1,44,266,13,6,74,108
37,1,77,181,29,38,1523,11,95,281,3,7,79,115
66,1,69,187,44,33,2274,17,16,259,45,3,111,126
79,0,54,166,55,11,1949,50,13,62,38,3,105,81
61,1,72,138,26,33,2955,169,15,70,69,2,42,63
51,1,67,137,32,46,3058,45,66,30,2,1,102,95
38,0,44,146,31,5,2668,161,93,34,64,0,45,79
75,1,42,138,26,7,1273,150,26,392,66,5,101,85
58,0,78,178,44,45,3266,113,89,244,62,7,96,52
72,1,73,178,47,14,1702,199,10,399,38,5,117,65
48,0,56,187,35,13,2747,2,86,245,19,2,92,101
40,1,52,189,40,1,1471,160,42,208,41,2,58,108
34,0,60,181,52,50,2833,53,28,268,64,7,58,115
74,1,70,176,36,38,2727,167,72,94,12,1,54,76
60,0,55,200,45,6,1007,118,117,377,9,1,43,65
31,1,46,137,44,21,1153,156,65,156,7,4,40,70
62,1,47,137,29,21,1435,37,71,141,37,7,55,94
71,0,74,136,31,45,1649,161,112,266,70,1,88,78
21,1,48,121,35,25,2201,40,21,258,39,6,46,51
56,0,55,141,55,46,1979,59,62,193,15,3,97,90
69,0,47,176,45,36,1315,34,61,120,13,1,70,66
72,1,41,150,38,47,2351,152,109,126,10,5,90,93
44,0,67,130,26,1,3126,97,56,201,20,6,86,89
62,1,64,169,55,10,2140,62,97,167,69,1,116,50
60,0,43,140,40,29,3435,188,117,78,71,7,55,117
21,1,69,177,27,5,3475,19,104,233,18,7,74,78
47,1,67,192,45,25,2242,192,80,366,61,3,100,76
61,0,74,172,38,29,2991,57,2,370,22,7,78,112
39,1,51,162,54,24,2045,12,34,354,12,4,60,122
74,1,79,169,34,29,2072,77,5,277,78,2,67,120
41,1,76,165,30,35,1048,66,88,182,60,6,59,58
19,0,52,195,40,41,2384,68,94,198,57,6,40,118
62,0,54,192,25,2,1728,37,117,304,65,2,91,91
30,1,54,187,45,5,1455,184,26,333,39,1,111,128
31,0,67,120,54,14,1218,62,15,327,52,4,94,83
31,1,48,174,54,10,2668,70,61,343,35,5,90,80
43,0,73,136,38,20,2945,140,86,200,59,3,82,84
55,0,55,148,48,50,2668,52,73,265,9,7,48,59
67,1,50,164,26,45,2774,49,12,182,32,0,64,64
65,0,40,164,46,4,1837,154,35,109,34,2,103,60
30,1,77,135,26,9,3424,94,5,302,80,6,65,107
63,1,78,157,35,20,1002,36,13,258,24,2,118,98
34,1,52,200,42,2,1974,156,106,356,27,7,115,68
29,0,40,196,31,42,1271,171,26,95,80,4,74,52
32,1,64,181,29,7,2115,181,57,227,3,7,89,60
79,0,60,126,49,28,2131,139,116,367,45,6,92,114
18,1,54,152,50,13,3315,130,30,335,12,1,92,127
72,1,40,124,50,47,1438,27,27,181,39,2,69,81
43,1,79,168,48,2,2362,130,54,103,37,6,78,88
74,0,54,146,47,44,1412,7,110,19,26,0,81,51
18,1,65,136,37,24,3061,14,92,369,0,4,116,52
51,0,50,143,54,39,3105,184,97,299,36,2,77,77
53,0,78,142,52,28,3420,188,76,177,31,7,91,50
60,0,69,127,51,32,2976,130,61,358,66,7,66,77
23,1,78,135,30,30,2478,50,50,339,17,1,95,69
24,1,72,172,36,15,2606,105,63,133,41,4,95,123
52,1,78,158,26,4,1823,67,108,72,54,4,77,55
40,1,62,147,43,47,2207,108,83,100,62,2,52,68
44,0,62,122,33,0,2439,174,104,52,37,6,85,95
41,0,63,193,31,19,2289,93,20,144,65,7,68,100
31,1,64,161,45,19,2127,78,17,152,17,5,46,104
72,0,66,188,39,38,2619,65,74,143,58,0,101,68
19,1,72,130,47,46,3423,139,43,356,62,4,112,112
51,0,57,126,25,38,2480,160,17,249,41,0,57,119
34,0,71,172,46,13,1025,44,119,373,24,2,97,108
64,0,55,180,28,33,2355,187,89,399,74,6,98,109
35,1,64,153,27,48,2149,191,69,211,69,4,85,75
72,1,66,141,28,20,2549,123,87,85,16,5,75,121
56,0,59,149,41,34,1417,18,21,16,59,6,99,83
64,0,53,176,38,16,3430,43,49,316,27,6,44,124
37,0,66,127,38,39,1492,168,78,136,65,1,101,105
78,0,76,125,55,20,1955,62,109,224,75,4,111,86
42,0,40,162,38,49,1033,44,98,91,66,6,72,57
43,0,57,124,51,17,2055,111,51,245,57,5,57,75
31,0,70,162,44,11,1723,161,12,26,5,7,75,66
54,1,40,185,37,16,1992,16,3,168,14,5,61,112
68,0,53,172,25,38,2335,151,114,263,73,4,99,81
52,0,77,162,50,38,3465,80,86,169,32,4,73,102
58,0,60,193,54,17,2655,150,32,54,3,5,40,125
38,1,45,199,55,46,2628,21,111,346,55,5,83,74
66,0,52,200,51,14,2753,22,39,172,25,0,70,122
58,0,61,163,39,8,3052,196,80,375,30,4,109,70
19,1,40,130,29,38,3219,48,61,396,43,2,106,80
29,1,80,148,44,4,1778,169,91,255,48,0,92,118
42,0,80,181,48,13,3167,134,66,209,43,3,42,50
76,0,80,157,54,7,2380,157,53,142,32,6,43,95
32,0,57,166,25,11,2988,159,75,160,40,5,111,76
34,0,79,144,33,36,1675,111,54,93,53,5,85,66
65,0,47,128,40,26,2823,36,110,299,68,5,95,91
76,1,44,131,43,49,2631,87,107,89,54,2,49,101
68,1,55,195,35,21,2179,114,30,34,20,5,78,130
53,0,68,144,47,41,2449,44,96,268,41,5,108,128
33,0,71,142,35,44,1553,187,72,274,69,6,111,87
48,1,67,150,55,19,1819,129,11,349,42,4,92,122
76,1,60,149,38,16,3101,131,23,186,15,6,87,71
71,1,40,157,34,23,1452,57,96,177,36,5,40,94
27,0,70,155,43,7,2901,36,48,395,68,6,110,75
34,0,64,178,45,11,1529,17,26,351,42,4,50,116
30,0,70,121,50,0,2032,33,73,71,55,4,98,97
51,1,68,163,43,24,2395,27,83,172,44,7,82,125
76,0,73,199,53,29,2048,59,94,334,55,6,63,60
37,0,79,157,33,29,1300,46,32,141,16,4,43,88
66,0,70,147,31,19,1054,38,32,217,22,3,100,76
73,0,65,174,36,23,3069,147,74,221,20,4,118,112
43,1,52,157,26,31,1224,9,45,246,73,1,61,112
36,0,73,172,32,29,2742,164,24,371,48,1,48,102
59,0,46,188,46,3,1342,151,116,141,25,3,112,93
40,1,58,175,25,5,1200,12,74,380,47,1,107,117
42,0,41,144,30,3,2257,84,88,37,55,0,90,76
60,0,66,123,26,37,2864,66,58,102,75,7,57,122
69,1,64,150,25,9,2399,184,99,51,50,0,97,55
56,0,57,123,34,46,1682,198,78,21,66,0,81,129
65,1,59,157,45,43,1252,200,107,283,39,4,62,112
52,0,51,192,47,49,1347,200,71,166,31,5,83,85
78,1,51,132,37,47,3079,197,48,206,72,6,106,100
53,0,41,166,48,34,1437,75,39,284,51,3,67,122
74,0,51,132,53,1,3066,16,55,283,56,5,48,110
28,1,48,183,34,28,3091,152,12,68,74,0,48,106
18,1,62,162,39,17,2611,123,7,392,51,7,98,89
56,0,46,125,30,44,1071,28,39,192,40,5,86,105
31,1,58,127,50,10,2345,89,114,369,34,0,111,99
60,0,71,199,37,30,1258,98,51,101,35,3,83,95
35,0,41,197,32,38,2065,161,94,277,11,6,107,58
59,1,52,173,30,5,2292,108,90,191,28,4,74,109
24,1,63,134,44,40,2116,166,84,232,12,0,95,63
58,0,71,134,48,38,3463,157,32,190,34,2,69,50
21,1,61,140,44,2,2224,118,72,337,38,2,112,122
26,0,65,121,43,3,2739,25,1,28,54,6,51,64
57,0,79,131,54,1,3061,90,34,173,47,2,99,68
69,1,58,134,45,47,2031,181,73,135,16,4,48,115
56,0,78,132,26,28,1174,73,68,165,60,3,41,82
69,0,64,149,52,45,2128,49,93,62,26,5,64,92
65,1,41,147,34,24,1153,163,31,45,56,2,119,116
20,1,49,124,32,46,2280,200,14,10,10,3,96,99
71,1,61,152,32,8,2592,47,102,249,21,3,98,56
42,1,44,138,49,24,2702,17,64,87,54,7,95,71
68,0,44,130,55,41,2899,33,90,20,12,1,61,90
19,1,73,175,27,38,1911,12,69,209,75,2,48,99
67,0,48,134,46,31,2138,193,83,243,34,7,83,94
75,0,53,197,54,21,3289,197,45,378,33,6,51,80
33,0,47,178,44,16,2705,58,22,324,29,3,84,75
32,0,42,132,49,36,2703,88,116,300,74,4,86,99
78,1,47,161,32,47,2326,124,29,297,19,0,76,93
55,1,68,183,29,44,3329,65,47,386,36,0,72,89
70,1,66,196,55,14,2744,10,68,317,3,4,80,62
67,1,62,196,33,27,3445,124,37,313,62,1,68,83
42,0,74,171,39,17,2816,158,19,197,1,0,52,56
74,0,54,148,35,49,2034,110,55,18,34,5,104,122
35,1,63,189,45,39,1032,156,12,105,61,0,92,50
40,0,70,140,45,50,1732,124,96,360,13,2,105,96
23,0,55,198,50,4,3140,199,107,203,51,1,82,55
23,1,78,169,36,11,2701,171,68,263,7,0,87,104
38,0,79,198,35,50,3165,25,104,152,70,0,99,51
63,0,59,163,40,13,3173,168,103,10,56,5,118,99
61,0,73,131,29,16,1505,51,90,181,79,1,56,81
48,0,73,150,33,21,1655,32,118,311,39,5,95,107
56,0,60,141,30,35,1798,43,104,204,67,3,107,75
30,1,76,196,33,49,1756,195,3,37,37,0,54,101
63,1,63,150,40,2,2548,120,13,214,46,0,83,70
41,0,70,125,35,27,3439,113,111,7,13,6,49,76
70,1,67,166,28,49,2880,4,45,269,11,0,98,92
33,0,65,157,39,49,2784,80,26,204,48,3,106,130
74,1,72,138,25,9,2653,174,53,147,14,6,99,61
35,0,51,175,44,15,3322,3,17,10,10,7,115,100
67,1,50,129,27,45,2869,38,119,47,56,4,68,95
31,0,63,135,52,11,1659,192,105,40,2,0,74,63
28,0,60,167,48,25,2258,177,1,208,65,7,109,92
35,0,65,145,38,34,2615,179,32,25,31,4,81,51
68,1,54,187,46,38,2635,50,102,120,76,5,42,113
24,0,53,189,55,14,2453,59,38,98,17,2,114,100
21,0,65,147,38,23,3333,21,22,355,50,1,103,81
26,0,45,190,53,25,2194,160,68,111,46,4,73,81
74,0,55,136,47,23,1867,198,62,73,73,7,78,54
34,1,54,145,28,15,3300,8,98,303,55,4,89,71
24,1,45,185,43,7,3175,84,83,275,37,5,102,128
52,0,45,178,36,44,1682,80,97,235,76,6,71,102
64,1,63,179,44,31,2437,54,77,296,45,1,88,87
18,0,44,181,35,43,2950,13,109,379,62,4,82,95
61,1,73,188,50,12,1597,28,116,5,18,4,45,120
23,0,45,169,29,12,2155,178,4,363,11,6,61,96
37,0,41,134,33,35,2831,188,45,234,61,5,96,57
60,0,75,147,42,17,1299,97,40,388,52,2,111,55
35,1,66,196,38,14,1401,40,68,110,34,1,67,68
58,1,52,200,48,22,1789,47,70,385,72,0,77,83
76,1,48,174,41,47,1961,91,16,30,23,1,90,52
74,1,41,191,38,11,2538,0,61,277,39,2,112,102
34,0,59,186,36,41,3469,185,79,166,59,1,103,69
69,1,69,157,33,41,1792,36,63,303,20,1,103,115
55,0,74,122,25,34,2275,0,76,339,78,6,55,112
29,0,63,142,45,32,1910,113,24,87,77,2,120,129
76,0,53,161,54,16,1031,80,19,77,65,7,107,116
31,0,63,165,53,28,1049,89,47,382,50,4,69,110
20,0,57,159,35,33,1607,179,60,95,40,2,68,62
18,1,49,159,49,8,2179,78,54,270,27,2,106,71
42,0,67,161,51,24,1440,180,19,153,44,1,100,66
63,0,43,192,32,16,2391,171,22,269,76,4,113,69
18,1,70,174,34,38,2625,9,84,272,17,0,51,120
73,0,71,190,36,31,1528,130,5,176,18,4,60,94
24,1,58,160,49,10,3369,162,105,111,39,7,88,94
42,0,47,193,38,1,2449,112,9,299,5,5,110,108
21,1,70,161,44,17,2369,38,82,190,29,2,91,57
68,0,58,183,43,15,2527,181,113,217,45,5,105,87
80,0,56,173,34,29,3214,47,5,214,79,7,92,84
70,1,56,200,35,22,1673,17,58,193,0,2,40,92
32,0,41,169,33,49,1730,13,63,199,35,1,96,57
45,1,56,196,32,25,3157,134,5,29,65,7,74,118
38,1,71,179,43,42,3218,122,78,119,40,1,83,64
35,1,62,194,47,44,1528,82,85,72,51,6,45,114
27,0,65,193,55,10,3091,60,116,250,67,2,49,106
18,0,58,137,37,12,3238,78,114,269,31,3,54,127
68,1,61,143,49,3,1592,111,70,14,22,4,45,82
72,0,69,159,49,9,2364,176,87,120,3,3,94,123
25,0,53,137,27,23,2022,42,36,380,64,6,84,55
44,0,45,187,25,49,1051,47,113,319,16,7,46,57
48,0,56,130,50,20,3278,188,72,207,0,0,50,52
72,0,78,139,41,25,2321,85,61,193,56,6,81,107
80,1,79,146,32,22,3020,168,30,310,58,0,62,77
49,1,41,149,42,19,2514,81,78,283,71,0,89,88
33,0,41,170,54,1,3494,1,71,35,66,2,48,109
41,0,53,161,55,35,2212,108,19,335,68,0,60,75
26,1,47,147,49,28,1100,58,52,215,72,0,74,72
58,0,40,176,52,16,1874,176,99,172,17,2,59,69
58,0,61,130,25,8,2591,198,4,73,14,3,45,85
55,1,71,188,44,49,3339,160,51,24,49,1,112,67
57,0,49,151,40,45,3468,143,59,303,57,7,79,55
38,0,54,182,30,11,1185,59,36,304,47,5,66,79
54,0,48,124,42,16,1487,123,11,38,1,0,87,121
37,0,74,196,40,29,1707,41,10,214,18,3,40,125
55,0,78,154,44,13,1214,128,6,87,55,3,49,128
31,1,60,142,39,42,1179,112,116,130,14,5,104,89
38,0,71,120,43,13,1486,86,69,251,57,2,118,68
28,0,70,196,31,5,2460,124,58,243,37,7,56,94
41,1,55,165,46,2,2771,166,45,39,24,1,120,103
46,0,68,164,43,37,2405,70,50,134,52,2,59,84
60,1,49,145,40,4,2148,140,0,227,64,7,43,59
35,1,56,163,43,28,1871,26,90,137,65,1,112,76
20,0,56,140,49,17,1175,96,22,219,0,0,67,114
66,1,63,136,53,6,3274,106,70,353,25,4,57,117
50,0,51,195,51,14,2302,85,93,125,43,0,104,122
42,1,77,165,35,27,2732,11,89,136,66,7,42,94
24,1,66,174,36,8,2019,122,42,46,47,0,64,80
35,1,41,175,49,6,2953,100,69,236,11,7,86,117
44,1,62,122,34,2,2351,65,36,242,37,5,109,119
77,0,47,173,41,28,2066,73,29,32,68,4,64,118
35,0,42,176,35,34,2459,155,22,385,4,3,93,109
66,1,48,192,36,15,2647,144,53,90,45,7,49,92
66,0,61,198,48,48,3205,106,12,263,53,1,61,95
68,0,45,162,47,21,2591,28,95,203,29,2,58,65
33,1,76,183,32,16,2873,156,79,122,58,3,42,51
73,1,47,137,40,38,2007,101,79,122,80,0,87,126
52,0,54,198,33,7,1387,156,44,129,47,6,67,84
58,1,70,195,37,27,2713,144,88,120,41,2,60,112
46,0,79,148,45,6,1392,189,76,45,75,7,104,77
64,1,44,131,39,15,1277,45,21,93,63,2,120,120
19,1,70,151,50,10,1920,195,72,359,13,2,67,54
53,0,61,143,49,4,2936,169,16,136,71,2,51,71
65,1,64,185,42,13,3364,164,53,389,60,2,102,64
22,1,59,143,31,29,3171,18,26,344,62,7,91,59
43,0,56,138,52,48,1551,142,20,192,73,7,78,97
53,0,74,147,34,22,1621,119,82,47,56,0,89,66
20,0,46,149,53,11,3065,75,75,362,24,5,111,117
37,0,58,187,43,8,3146,78,16,215,23,3,114,119
63,0,44,167,40,43,1593,71,38,161,34,5,106,109
68,0,65,174,31,0,3426,118,99,79,8,1,65,73
67,1,77,137,32,43,2745,145,41,274,49,5,55,109
52,0,56,190,26,38,2029,196,21,120,30,1,65,59
36,0,66,137,48,41,1546,18,15,370,34,5,84,93
20,1,77,196,44,22,3256,173,88,20,40,0,61,112
52,0,79,161,46,16,3148,146,70,288,26,6,67,96
72,1,51,188,36,0,1952,137,37,197,42,7,65,73
78,0,53,180,52,34,1214,96,32,180,39,0,116,50
30,0,50,123,27,21,1403,41,52,22,2,7,42,82
70,0,75,188,35,37,1494,20,71,11,48,2,65,122
40,1,66,174,33,13,1161,12,117,359,49,0,89,128
58,0,59,177,49,15,2915,200,113,366,29,2,51,116
40,0,74,122,28,49,1397,141,77,220,34,6,64,94
70,0,60,169,42,38,3492,152,90,341,32,2,108,86
49,1,68,181,45,49,1290,158,15,300,45,2,119,87
65,0,49,196,27,23,1310,5,64,121,7,0,94,71
27,1,71,144,40,18,2396,113,19,380,50,2,79,77
61,0,63,141,30,39,3029,41,55,195,37,3,69,123
72,0,73,192,31,38,1310,186,2,272,78,2,80,123
79,1,63,176,28,15,1985,157,113,327,21,3,100,95
78,0,46,158,29,43,2237,17,108,364,69,6,76,93
79,0,43,198,25,30,2951,90,43,301,32,6,111,91
52,1,40,161,29,20,2512,121,11,194,47,2,40,53
22,0,58,155,26,13,2158,125,94,261,14,2,101,129
56,0,79,165,49,6,2035,134,68,88,11,4,42,115
19,1,74,180,44,29,1039,72,21,313,22,6,54,78
32,0,64,174,26,42,1396,188,35,64,77,6,61,67
46,1,65,162,35,10,1983,79,0,188,26,5,83,111
68,0,55,123,41,5,1530,169,35,316,76,2,96,74
24,0,76,125,26,14,2104,72,2,308,9,7,41,93
29,1,50,193,52,11,1985,124,100,215,20,5,41,96
56,1,60,177,29,44,2965,45,35,157,42,1,68,68
55,1,80,168,49,14,2822,137,59,353,6,6,119,108
34,0,50,182,42,20,1527,188,35,390,44,6,118,118
22,1,75,161,52,32,1471,31,59,309,77,7,107,91
36,0,40,120,45,18,1895,163,7,317,19,4,112,122
35,1,63,199,51,45,3061,141,58,205,34,6,117,127
24,1,57,153,34,38,2315,19,76,242,66,6,90,80
38,0,67,190,33,25,2641,1,38,375,43,2,53,127
38,0,53,177,51,28,1986,37,97,196,3,1,45,67
23,1,52,145,44,40,3339,13,66,217,73,3,69,107
34,0,53,123,46,7,1135,3,64,384,3,6,79,100
39,1,58,190,31,13,1839,56,99,90,2,7,85,81
49,0,73,162,48,15,1233,88,33,177,3,0,48,85
22,0,78,147,29,11,3094,95,96,153,0,2,41,102
78,1,50,164,52,3,1237,119,10,95,19,5,109,102
26,1,48,139,48,36,3276,26,10,218,52,1,62,93
22,1,57,190,49,43,2297,179,94,197,12,2,118,62
74,0,80,175,33,43,1416,178,49,333,13,3,86,85
48,0,60,188,50,16,1133,26,53,79,37,3,78,103
67,1,55,132,55,3,1435,123,23,29,73,3,83,96
44,1,75,147,43,3,1670,169,108,8,18,0,70,53
27,1,78,142,26,8,1606,69,21,269,71,7,95,69
64,0,52,120,48,18,2773,33,116,142,71,2,40,75
20,1,54,191,31,46,2753,85,71,299,43,5,68,89
36,1,64,195,40,32,1154,16,73,244,10,5,97,116
77,0,52,179,33,14,2523,7,86,384,69,6,78,69
69,1,41,191,52,28,1195,130,63,23,63,2,100,67
36,1,64,181,27,16,3172,169,84,47,41,0,84,84
66,0,75,159,42,30,3274,113,13,233,22,4,79,55
63,0,62,133,41,13,1065,73,55,95,58,2,61,62
74,1,70,166,45,22,3039,75,56,385,5,5,83,71
53,0,51,180,46,2,2252,140,106,123,3,3,112,80
53,0,45,142,31,22,1849,167,101,65,40,5,112,116
29,1,55,172,38,24,1913,22,49,267,80,5,64,61
22,0,49,165,48,27,2051,168,60,178,5,2,76,128
77,0,72,155,39,41,2442,196,20,302,40,4,101,57
34,0,51,157,53,38,2830,188,107,325,24,7,90,80
39,0,55,188,43,5,2861,71,11,112,59,4,85,70
22,0,75,123,52,4,2005,200,42,366,39,6,58,124
26,1,74,192,54,38,2215,98,73,96,54,3,107,127
79,0,78,128,45,35,1170,9,50,4,43,4,61,62
22,0,78,151,31,47,1059,86,78,361,60,5,61,76
44,0,78,166,40,47,1711,61,46,34,46,5,75,85
80,1,58,165,35,17,1369,193,60,37,24,0,107,83
57,1,56,192,28,32,3120,175,88,234,61,7,115,127
22,0,62,164,30,41,1412,89,7,227,23,4,68,53
80,0,42,149,51,2,1270,180,118,38,6,5,69,97
54,1,76,142,27,9,3137,95,82,41,51,4,68,124
43,1,49,124,35,19,3400,71,91,228,5,6,78,52
43,0,64,186,43,30,3125,31,70,138,17,0,99,113
50,1,69,190,29,50,3360,175,119,355,21,1,67,97
71,1,77,150,29,4,1922,16,4,134,16,5,59,82
60,1,61,194,40,39,2366,80,116,231,67,3,118,118
69,0,41,161,33,49,2360,126,84,191,49,5,61,109
25,0,56,125,55,46,1004,63,104,352,30,5,117,97
41,0,58,193,38,26,1647,119,76,193,45,3,61,79
68,1,61,141,51,15,2950,124,112,253,51,4,108,122
65,0,42,188,52,9,2743,49,111,241,40,5,84,106
77,1,75,158,30,36,1120,47,6,131,50,3,93,56
49,0,44,192,49,28,1416,17,70,42,78,2,52,124
53,0,53,186,29,1,2586,51,41,316,37,7,61,76
61,1,45,122,55,34,1853,73,98,210,14,6,84,94
41,1,78,151,27,9,3463,42,56,10,27,3,110,67
35,0,41,156,37,43,1739,137,49,369,5,1,99,63
44,1,70,184,54,21,1292,34,55,3,68,6,78,52
25,0,49,124,32,49,1049,127,13,161,40,2,118,75
71,0,55,174,40,38,3338,138,83,90,60,7,73,71
39,0,58,163,33,18,2579,52,69,227,79,6,87,111
62,1,46,138,26,22,1801,179,94,111,37,6,61,108
36,0,75,134,35,50,3013,114,114,316,53,2,99,56
54,0,40,120,40,24,1782,167,27,73,33,7,86,115
31,0,80,129,53,19,2842,114,24,96,7,7,54,96
53,0,40,166,52,49,2147,29,90,272,39,7,65,69
20,1,47,153,50,30,1460,27,88,320,59,6,105,125
43,0,44,186,52,40,1638,144,66,108,13,4,108,80
24,0,71,162,38,8,2207,116,64,367,60,7,65,94
33,0,48,124,47,42,1417,138,49,120,24,7,114,54
28,0,64,183,32,3,2409,61,69,268,74,2,53,82
78,1,53,174,34,28,3268,35,12,337,65,4,110,52
24,1,78,142,29,48,2946,165,89,398,56,1,73,93
62,1,51,175,31,48,2870,123,103,72,56,1,67,98
68,0,75,196,40,44,2427,199,81,240,23,4,85,99
34,0,71,177,37,24,2246,130,11,313,73,1,83,117
24,1,68,138,49,19,1225,107,114,28,19,3,58,88
79,0,66,135,54,28,2287,102,90,276,48,6,40,68
57,0,62,187,54,42,1790,21,75,63,8,5,109,130
25,0,51,143,45,0,3222,88,52,283,78,5,66,68
54,0,55,131,49,27,3485,83,77,239,76,3,69,87
54,1,54,171,32,50,3475,110,55,356,57,4,45,74
21,0,65,186,34,27,1145,190,48,215,5,2,68,58
71,0,47,166,26,49,2899,112,15,399,16,1,99,58
78,0,48,145,30,41,1707,1,50,218,48,2,83,55
24,1,70,182,52,22,3455,32,13,239,4,2,66,68
75,0,57,131,26,2,1523,120,101,203,78,4,50,65
49,1,70,180,54,21,3181,120,78,39,60,2,104,103
62,1,79,140,25,33,1793,1,1,226,15,3,46,73
66,1,74,160,31,16,2132,65,118,358,77,5,76,86
46,0,48,132,51,28,2022,117,33,64,36,3,97,71
61,0,74,163,30,5,2534,158,69,313,1,1,58,78
46,1,49,171,30,2,1550,106,102,14,73,2,84,76
55,0,76,166,37,20,3411,119,104,366,26,1,96,72
33,0,73,134,31,5,1284,17,76,14,19,3,65,54
52,1,74,162,43,13,1746,47,108,35,18,6,119,71
41,0,73,191,50,7,3294,49,39,211,72,2,110,69
48,0,40,197,39,9,3121,128,46,140,9,2,56,71
33,0,75,154,42,34,1163,65,107,306,2,7,74,81
43,0,63,199,41,40,2365,131,29,343,32,3,54,94
77,1,40,144,47,11,3291,188,90,223,29,5,80,59
74,1,71,191,54,4,3069,138,40,189,27,0,113,130
39,0,65,135,38,15,3233,112,16,33,18,7,97,70
61,1,52,189,48,18,2522,161,67,139,4,6,97,111
53,0,47,127,32,2,3426,34,102,139,2,2,60,126
57,1,77,159,27,27,3320,149,67,249,42,4,95,110
47,0,61,191,39,24,2955,77,82,76,21,3,107,63
38,0,58,131,31,31,1049,64,27,26,47,3,67,116
65,0,56,146,52,0,3475,145,33,190,53,5,107,82
22,0,63,131,38,12,1757,121,40,323,50,6,100,113
20,0,58,177,29,44,3436,192,43,20,37,4,86,81
69,1,73,184,34,35,1629,13,91,247,72,5,73,59
63,1,59,142,37,17,1897,15,5,172,65,6,55,118
55,0,63,170,38,26,1209,118,110,76,51,4,82,89
45,1,65,153,26,0,2717,103,96,193,32,6,88,84
40,0,76,122,32,37,1699,77,77,79,53,1,110,129
29,1,51,185,55,32,1026,106,95,321,6,4,44,104
67,0,62,175,50,44,3408,191,96,245,31,2,80,127
72,1,41,180,36,19,2629,108,37,16,40,2,52,115
40,1,77,179,53,30,3454,176,119,182,48,2,104,72
72,0,76,186,34,20,2405,16,104,23,68,4,77,119
54,0,59,169,30,14,2495,142,83,305,73,7,58,95
66,0,53,131,45,43,2040,47,52,236,64,5,40,127
26,1,74,142,47,49,2407,86,36,84,38,2,94,50
43,0,74,194,32,5,1684,116,100,56,48,3,111,109
60,1,78,163,48,5,1049,34,30,199,55,3,90,98
37,0,40,176,27,10,1629,81,30,365,73,0,87,120
60,1,62,127,49,24,1178,140,117,40,68,4,115,55
74,0,45,192,39,24,2271,107,53,253,78,0,73,117
27,0,60,170,30,30,1613,192,1,306,56,1,96,109
40,1,40,159,37,13,2959,189,118,145,48,2,96,121
46,0,49,150,38,34,2333,104,3,352,51,7,86,114
56,0,65,192,42,23,2967,2,99,84,40,3,45,124
79,0,68,145,31,12,1650,173,110,319,31,5,83,127
57,1,40,159,49,28,2273,68,55,293,34,6,118,68
42,1,55,160,52,21,1344,156,24,248,22,0,102,98
74,1,73,170,26,11,1467,39,14,163,18,6,72,83
21,0,55,137,52,15,2275,68,84,178,74,4,68,99
69,1,58,174,32,9,2563,128,9,12,34,0,49,71
49,1,59,122,42,11,2463,4,38,143,3,1,77,112
76,0,50,142,54,30,2774,175,58,207,38,2,84,121
19,1,54,160,31,20,1827,129,98,159,24,4,109,127
54,1,65,133,31,3,2370,9,96,53,54,0,82,62
19,0,69,125,55,5,1716,3,72,241,75,4,83,69
53,0,74,150,50,18,3337,58,49,237,31,7,51,108
34,0,68,184,46,40,1653,49,20,246,63,7,50,66
40,0,69,181,26,4,1796,62,11,337,24,2,101,123
57,0,77,137,42,17,2375,133,102,63,69,7,104,70
71,1,63,198,44,47,1155,76,61,340,10,2,116,82
56,0,44,140,50,3,2569,189,59,238,53,2,77,69
76,1,65,179,44,3,1780,34,22,72,23,4,50,63
44,1,47,171,54,6,1893,9,64,324,4,0,119,123
55,1,76,149,46,12,2386,53,28,267,67,0,58,121
35,1,73,171,47,47,3484,170,81,89,71,4,46,71
48,1,66,199,52,48,3138,99,43,130,58,0,87,127
39,0,74,185,32,34,2472,175,94,186,70,3,68,103
70,1,55,183,25,41,1273,178,63,14,26,1,50,84
75,1,41,190,35,26,1631,36,116,92,53,3,77,88
20,0,53,181,47,6,2164,149,50,41,41,2,119,64
39,1,58,136,48,26,3152,71,38,118,58,2,46,88
26,0,72,182,29,33,1905,12,109,235,63,7,120,101
59,1,78,162,25,37,3068,173,110,61,77,1,103,130
31,1,75,168,49,40,3311,125,59,359,70,7,85,122
19,1,67,193,51,16,1085,27,93,157,29,6,68,98
72,1,59,179,33,43,2475,181,100,40,57,5,49,77
41,0,80,120,44,26,2091,200,41,119,64,6,66,103
27,0,57,158,25,8,2001,72,82,3,8,5,108,85
78,1,40,137,43,38,1411,34,68,207,15,6,118,122
60,0,52,159,50,41,3132,167,20,27,4,5,43,109
78,0,42,155,45,40,1152,69,18,157,7,5,45,116
37,0,52,121,40,2,1686,135,16,133,75,6,115,55
48,0,77,194,32,45,3016,0,78,331,17,2,73,73
52,0,68,153,48,48,1506,147,28,24,51,4,72,101
72,1,50,152,34,4,1950,84,47,246,75,5,75,96
69,0,44,183,35,12,3184,52,50,348,70,3,110,94
59,0,66,185,53,12,2041,59,112,260,42,1,77,73
30,1,42,197,50,3,1262,36,99,350,59,5,118,95
49,0,76,181,28,44,2148,64,8,83,79,1,79,103
43,1,51,150,41,4,1490,116,57,281,50,7,107,102
48,0,62,155,37,34,1825,14,90,29,64,7,68,94
19,0,43,139,32,47,2890,66,43,333,47,0,62,74
51,0,69,180,44,29,1802,187,67,249,58,1,40,117
41,0,72,192,42,10,1707,66,117,385,61,1,50,91
35,1,62,132,49,2,3387,112,22,92,12,3,71,57
60,1,72,172,38,29,3206,97,65,226,63,1,81,111
27,1,60,178,27,9,2199,168,120,213,7,1,46,89
55,0,63,146,31,5,2803,95,15,273,1,3,102,94
48,1,41,131,28,9,1616,14,89,283,64,6,59,81
60,1,77,128,30,9,3350,74,53,345,20,0,40,66
34,1,54,131,26,14,2602,180,104,168,43,2,106,76
46,0,72,193,25,23,2174,144,25,180,64,4,72,53
36,1,75,165,34,27,1423,164,82,131,26,2,56,51
39,1,77,163,48,12,1650,34,21,219,75,7,68,60
42,1,41,168,44,7,2248,19,24,295,70,3,100,56
74,1,77,125,39,18,3153,132,60,3,64,0,101,115
20,1,47,186,47,16,1280,105,32,384,45,7,91,126
18,1,75,121,30,45,2902,18,90,245,1,2,77,72
51,1,50,122,54,28,2906,75,30,226,64,6,71,126
70,0,58,138,55,16,2476,157,90,126,30,5,95,117
21,1,73,174,48,36,2986,1,82,25,69,6,64,127
34,0,54,123,27,26,2589,183,112,330,63,2,58,86
72,0,44,143,39,48,2305,137,40,329,29,3,40,50
42,1,70,135,43,27,2032,193,34,86,3,2,96,87
60,0,51,126,30,38,1602,189,57,179,47,3,113,69
32,0,54,199,43,24,1005,136,15,220,11,0,115,100
80,0,67,135,32,33,1105,161,45,154,30,2,64,72
68,0,56,158,43,25,2893,8,79,133,9,2,55,88
51,1,56,163,55,31,2076,120,101,138,11,7,54,74
19,1,77,148,28,6,2415,110,48,153,30,3,56,83
77,0,57,175,39,29,1140,11,73,77,54,0,103,82
37,1,69,149,34,20,1703,155,37,77,46,1,105,99
39,0,74,164,38,13,1654,64,31,188,0,4,110,104
57,1,67,126,43,13,2007,104,109,272,0,0,54,107
34,1,72,194,50,11,1406,17,101,186,45,5,78,118
75,0,69,198,35,47,2982,94,21,298,12,5,120,77
44,1,53,124,47,40,1141,148,55,261,79,7,105,68
80,1,80,151,54,26,1109,95,75,174,22,3,103,54
18,0,75,189,28,22,1557,58,38,311,25,6,108,128
45,0,66,141,40,23,2176,4,52,239,76,0,93,81
33,1,52,177,45,45,1004,154,27,144,11,6,110,100
64,1,58,193,42,11,1850,159,37,107,48,5,71,100
77,1,49,141,38,14,2961,174,60,55,76,7,46,107
49,1,69,155,29,19,1211,147,79,280,44,7,79,121
61,1,77,173,27,44,2519,145,75,1,40,5,81,56
40,0,68,122,42,32,1653,57,67,263,35,1,40,71
70,0,51,154,35,43,1306,58,55,268,72,5,118,128
34,0,62,177,48,27,2477,176,70,197,56,3,93,90
47,0,51,163,45,25,3085,120,7,95,19,5,110,74
77,1,45,151,26,12,3236,16,64,346,58,7,110,59
50,0,62,128,37,24,2452,193,63,60,12,0,68,107
66,0,77,187,35,50,2251,194,93,92,9,0,92,74
72,0,50,145,51,32,2995,86,17,78,31,5,66,123
73,0,76,140,48,46,3229,171,87,71,7,4,56,71
32,1,59,198,46,14,3001,65,57,202,14,2,111,66
66,0,59,121,43,36,1481,145,14,366,75,7,46,125
76,1,79,151,43,29,1129,145,102,182,36,1,79,113
73,1,68,187,36,29,3395,111,66,42,23,2,54,107
54,1,45,164,29,45,1386,140,72,174,43,5,49,94
79,1,57,199,52,32,2358,62,43,126,58,1,73,78
72,1,72,183,55,13,1230,0,117,6,55,3,119,126
40,1,57,131,29,4,2104,83,82,28,14,3,77,92
56,0,75,148,41,48,2078,9,55,282,3,6,108,123
20,1,75,160,26,2,2623,66,89,292,76,5,117,56
61,1,67,120,40,41,3032,80,37,48,54,7,54,115
61,1,64,159,41,45,2962,198,58,121,10,1,82,76
69,1,67,164,35,4,1925,200,106,44,47,3,118,58
37,0,65,167,47,2,1986,178,103,303,57,2,106,59
53,1,76,171,37,45,1660,135,114,235,29,5,87,120
23,0,61,198,31,15,1527,133,112,358,61,0,64,106
20,0,70,154,34,7,2414,131,28,306,57,7,81,66
37,0,43,124,52,4,2575,7,36,266,68,3,62,104
35,0,78,145,48,27,2283,74,58,368,23,5,103,111
79,0,59,168,49,21,2280,9,61,68,49,6,114,84
33,0,66,136,46,23,3257,55,1,157,70,7,58,92
45,1,41,154,39,14,2159,200,23,94,66,2,99,105
67,0,58,173,42,36,1991,118,86,261,24,1,42,109
24,0,58,145,29,17,1895,102,75,319,32,0,48,56
43,1,76,135,54,17,1314,13,54,348,50,7,101,55
30,1,71,133,54,36,1158,189,39,332,1,0,102,56
35,0,59,150,45,2,1459,90,60,351,58,1,80,62
55,0,71,133,26,14,1785,12,67,317,62,1,42,83
19,1,80,179,26,44,3185,183,35,282,12,2,43,70
66,0,69,174,45,23,3090,197,82,61,75,4,63,65
68,0,69,157,28,32,2404,35,37,149,9,0,77,56
20,1,45,149,41,11,1995,94,69,229,3,2,113,117
65,1,64,197,27,1,1012,153,87,62,54,3,44,107
61,1,74,125,27,45,2497,1,101,66,29,0,69,94
30,0,79,182,35,26,3168,199,94,342,0,6,61,79
71,0,40,169,34,20,2010,61,80,188,4,5,51,51
68,0,40,192,51,42,1184,169,18,303,26,1,75,127
27,0,66,199,36,29,3255,60,63,106,42,3,63,112
23,0,72,152,27,39,3230,164,69,194,71,2,87,95
39,1,58,175,25,48,1230,4,85,328,21,2,54,129
19,1,52,175,34,38,2256,160,86,155,15,2,77,68
68,1,55,138,25,16,1016,191,103,90,67,7,48,96
44,1,57,192,46,29,1795,142,96,211,31,4,102,92
46,1,44,174,36,13,1971,131,4,130,74,5,91,101
40,0,47,124,30,39,3221,164,89,315,58,0,52,130
50,0,73,160,41,46,2731,189,108,36,72,2,51,73
30,0,47,138,33,33,1737,48,59,57,79,6,109,108
28,1,50,152,39,14,2046,97,68,9,61,4,96,74
59,0,57,176,45,40,2504,20,103,159,0,4,85,83
45,0,40,168,48,40,1663,139,60,221,56,6,101,116
35,1,41,199,48,33,2496,57,23,2,2,4,82,117
45,0,69,138,36,43,2613,22,100,166,75,7,59,52
67,1,68,171,43,29,3106,189,72,76,1,3,108,113
79,0,48,133,49,42,1933,167,82,83,4,6,120,121
45,0,40,156,26,37,2469,185,70,208,14,3,65,117
57,0,77,142,35,13,3321,27,29,214,0,4,78,107
70,1,71,120,38,1,1946,198,2,345,50,6,59,56
57,0,61,194,32,23,2936,161,72,215,73,7,106,121
50,0,43,189,52,36,1554,137,66,180,19,5,85,123
18,1,53,137,43,41,2673,173,7,339,2,4,91,72
48,0,73,130,38,1,2475,97,22,332,51,4,60,115
35,0,65,128,45,18,1721,26,9,356,11,1,67,64
32,1,40,196,37,33,2051,37,66,83,51,2,85,99
79,1,59,147,48,1,1857,147,30,328,1,6,49,112
60,0,51,125,41,40,2014,116,35,89,21,2,83,97
38,1,80,161,49,16,3086,80,109,272,22,5,90,83
73,0,54,181,29,3,2325,157,100,56,73,3,93,126
74,0,48,167,53,48,1749,38,79,96,28,7,43,64
34,0,49,134,46,16,2663,58,87,218,41,5,58,128
51,1,61,152,38,39,2033,62,105,304,78,6,104,79
30,0,55,195,44,41,1342,47,68,18,6,6,48,101
69,1,44,156,53,32,2917,83,19,119,45,6,48,111
48,1,80,131,35,11,1351,144,2,375,20,5,77,122
66,1,53,170,43,8,1012,33,104,245,79,1,51,59
65,1,44,195,32,23,3201,154,67,190,9,0,114,99
52,1,77,190,31,43,1816,109,92,252,58,2,73,51
47,1,71,186,44,24,1802,164,38,150,62,2,96,77
65,1,59,180,51,27,1531,47,24,132,35,5,46,92
69,0,58,192,54,24,2647,26,102,79,47,1,49,104
41,1,57,200,26,12,2536,29,114,48,25,5,65,71
25,0,44,176,29,40,1924,135,88,26,8,5,105,78
68,1,42,132,27,14,1842,79,37,40,38,5,60,58
66,0,48,145,45,37,2114,178,4,110,69,4,46,95
41,0,45,169,31,42,2765,143,92,276,46,0,115,130
56,0,42,194,45,35,2261,165,30,175,17,2,50,57
55,1,63,194,27,12,2042,159,32,261,25,7,77,66
73,0,51,139,38,21,1557,169,35,47,76,5,45,86
32,0,67,122,40,16,2791,165,95,146,52,6,63,83
74,1,78,120,43,39,2901,199,9,205,47,3,114,65
24,1,67,140,27,1,2436,166,61,55,48,3,107,95
38,0,49,136,27,24,1160,198,104,76,35,5,94,57
74,0,77,171,44,16,2252,190,28,376,46,3,98,87
47,0,75,137,46,41,2944,172,55,181,61,5,81,84
58,1,67,180,33,38,3365,139,40,69,78,2,112,53
26,0,56,175,49,16,2396,188,61,217,72,3,81,100
59,1,61,173,48,41,2072,14,6,242,0,7,72,64
57,1,72,148,55,18,1822,103,105,335,0,3,117,82
71,0,69,137,42,44,2375,121,65,199,79,7,98,101
48,1,66,136,25,22,1692,153,101,144,49,4,47,73
50,0,80,163,29,36,2754,58,14,3,25,4,73,50
23,0,71,177,28,45,1801,198,10,99,80,3,40,122
39,0,60,187,28,37,2044,173,24,69,8,0,80,82
41,1,67,132,34,11,1038,60,108,252,46,6,68,110
44,0,51,179,39,24,2435,39,33,289,42,2,100,129
23,0,71,196,55,34,1362,63,10,103,47,6,44,51
31,0,63,166,28,8,2726,200,89,125,27,2,75,56
18,0,72,161,34,36,3167,53,37,116,19,0,56,81
47,0,73,149,30,45,1057,85,113,271,10,2,56,106
57,1,50,197,44,34,3272,66,51,276,79,6,106,119
43,0,76,123,49,20,1566,157,53,223,26,3,116,87
56,1,41,197,25,32,1974,97,66,263,4,6,61,128
24,1,43,194,26,28,3009,19,0,63,2,3,99,70
43,1,69,195,30,12,1014,112,104,78,61,1,117,60
70,1,40,177,40,33,3048,68,0,352,22,7,90,101
69,1,43,158,30,5,2322,137,57,154,49,6,63,60
66,0,71,151,53,40,1083,19,20,6,18,5,105,111
73,0,68,166,52,4,1048,6,12,26,67,7,60,129
48,1,55,193,37,22,1636,163,30,396,74,0,56,82
22,0,43,188,46,15,3172,200,97,36,65,3,41,101
53,0,41,179,39,22,1894,106,57,156,62,6,75,111
30,1,72,146,40,15,2955,36,52,13,67,4,53,67
22,0,52,177,50,16,3369,164,39,193,11,1,108,56
24,0,61,125,45,0,2610,128,14,21,20,4,94,56
79,0,63,136,55,8,1978,190,37,10,68,2,67,106
46,1,64,150,44,2,1152,172,95,180,52,4,112,120
32,0,42,174,43,16,1614,30,48,353,50,3,53,63
43,0,70,138,41,39,1633,189,12,380,23,6,72,129
57,0,62,154,29,4,2963,13,55,74,70,1,91,103
29,0,76,123,38,8,2297,183,83,242,75,3,54,56
30,0,68,179,39,0,2182,198,71,313,33,5,118,117
36,0,70,183,50,31,3161,86,66,259,32,5,118,75
56,1,52,181,45,1,1605,60,80,292,46,6,94,130
77,0,74,166,32,44,2977,144,22,332,75,5,72,72
39,0,49,165,50,27,2167,175,88,115,4,5,76,53
58,1,56,141,31,47,2925,19,85,58,5,7,81,88
40,1,54,165,35,20,2827,52,71,259,80,2,106,75
57,1,73,181,25,13,2810,24,63,346,59,4,68,70
73,0,70,120,40,8,1084,24,70,275,15,7,44,57
74,1,76,160,54,33,3350,118,64,338,5,0,82,63
33,1,79,168,34,19,3023,187,26,124,70,3,64,102
59,1,71,187,49,10,1073,192,72,206,74,6,56,106
71,1,48,144,27,4,1258,54,116,381,52,0,46,89
19,1,51,159,49,14,1081,143,33,278,67,3,65,63
62,1,53,173,54,15,1651,38,76,180,32,3,86,106
49,1,55,126,51,11,1456,59,30,87,71,1,79,91
37,0,65,175,34,13,1269,77,86,24,20,3,91,122
18,0,47,157,48,12,3414,2,60,355,54,2,81,108
71,0,60,167,47,23,3000,159,51,371,47,2,69,125
19,0,77,160,43,15,1032,63,119,178,32,4,42,54
62,0,63,192,37,50,2459,144,0,67,3,3,93,67
51,0,45,164,45,33,3215,196,71,167,62,1,94,59
65,1,66,127,28,34,3498,145,95,141,14,6,80,61
33,0,72,152,30,28,3332,125,19,373,37,0,69,67
40,0,41,132,43,40,3237,66,71,165,33,4,47,91
56,0,67,192,42,30,1849,162,62,82,39,3,119,70
52,1,76,184,37,13,2377,166,76,155,31,3,85,116
34,0,63,129,29,12,2636,73,8,342,39,3,43,57
70,0,65,137,33,27,2613,195,19,301,52,3,50,69
52,1,70,154,55,34,1687,104,60,296,12,3,103,75
32,0,50,188,28,33,1367,160,118,126,61,2,109,95
44,0,46,129,45,40,2099,197,21,182,59,3,107,78
56,1,77,120,42,44,1610,104,89,56,53,4,81,57
66,0,63,177,31,26,1934,126,117,36,29,6,97,59
43,1,63,195,25,6,1749,193,26,228,48,4,70,71
78,1,43,146,27,0,2729,35,19,11,3,0,95,112
21,0,58,172,26,50,1970,26,98,143,61,4,57,118
46,1,71,144,29,5,3410,179,34,274,78,2,68,129
34,1,78,184,53,12,2702,9,48,8,3,7,101,105
42,0,76,176,45,14,3336,52,45,1,5,0,113,68
54,0,70,187,25,34,2520,187,47,4,77,2,80,99
59,1,65,194,55,24,3269,179,25,82,56,2,45,75
18,1,72,126,30,50,3004,156,103,292,42,6,45,103
24,0,58,192,43,9,3197,93,87,44,16,6,106,80
77,0,42,178,30,23,3263,34,113,275,79,3,55,65
67,1,54,186,25,42,3254,62,3,393,36,0,42,59
39,1,41,129,46,10,1882,156,77,144,64,2,86,86
26,0,65,199,26,40,2152,80,82,129,69,5,106,63
24,1,69,187,25,16,2109,0,24,7,55,1,67,95
28,1,74,138,41,40,1592,182,119,394,9,2,54,81
65,0,60,178,40,17,2365,74,15,115,77,7,104,66
19,0,45,197,41,10,2249,34,4,124,12,4,47,90
50,0,55,138,33,6,2290,70,27,18,19,7,41,70
18,1,52,186,51,21,2511,26,66,214,60,5,76,90
47,0,59,178,53,4,3408,89,5,8,61,7,62,117
53,1,49,179,50,16,1735,164,38,164,51,3,82,110
35,1,48,139,51,0,3025,12,28,221,72,7,58,129
20,0,79,152,30,11,1169,164,31,270,72,6,77,105
53,0,42,183,50,40,2380,128,8,213,32,2,109,96
64,1,41,178,53,27,1632,44,24,375,4,1,88,87
24,1,55,124,40,1,3486,95,22,96,39,3,100,85
40,0,55,188,40,1,2115,168,64,398,27,2,61,87
53,0,62,155,46,14,1479,70,1,218,27,0,41,95
66,0,46,130,53,32,3149,91,10,142,33,4,100,121
27,1,65,167,29,25,1117,54,50,242,17,3,62,113
57,0,46,171,30,45,1601,55,81,80,21,5,87,122
69,1,79,188,26,9,1700,131,111,332,36,2,50,71
64,1,58,180,30,49,1427,143,72,315,22,6,47,95
74,1,41,120,48,30,3008,136,45,278,47,0,97,98
62,0,50,194,53,1,2862,180,110,149,72,2,66,94
24,1,47,197,43,3,1188,62,68,223,63,6,118,61
34,1,54,137,29,31,1193,149,18,176,4,1,60,53
30,1,77,139,41,49,2859,23,70,274,52,2,118,70
41,0,62,163,44,11,2418,160,31,367,63,3,47,109
45,1,57,174,28,21,2292,92,49,123,55,5,116,92
34,1,47,196,37,19,1950,122,12,397,61,5,44,81
58,1,80,129,31,3,2449,176,107,77,7,1,112,63
70,1,52,170,46,9,1340,4,26,356,30,7,62,73
66,0,78,138,44,9,2769,33,74,111,5,5,70,58
62,1,79,199,38,49,2800,168,76,383,45,2,117,120
28,0,52,183,38,29,3226,109,75,289,51,7,42,103
26,0,44,194,41,32,3177,15,24,352,28,1,92,102
73,0,75,163,55,41,2404,81,27,338,56,1,108,120
24,0,54,181,28,17,3096,159,56,383,60,0,81,82
23,1,51,138,50,28,2769,118,103,379,5,7,68,94
61,0,40,132,48,23,3333,1,108,50,31,2,67,129
24,1,74,191,43,10,2670,35,47,280,60,1,106,54
32,1,64,164,26,42,1847,174,63,133,59,7,99,118
20,0,80,168,33,22,3294,20,79,185,38,3,55,81
29,1,49,146,45,15,3281,162,79,378,36,4,117,92
36,1,63,133,54,21,1657,97,49,65,66,6,89,68
58,0,75,177,51,40,2318,156,61,317,5,6,40,104
25,0,70,134,40,24,1051,60,30,334,76,0,62,101
31,1,72,132,43,44,1887,93,63,282,32,4,56,102
49,0,46,155,44,11,1796,56,36,149,78,4,54,80
38,1,78,160,32,13,1839,54,18,367,28,5,70,86
20,1,41,159,37,31,1503,194,54,353,46,7,53,105
77,0,74,198,30,42,2922,2,99,346,67,4,68,56
54,0,61,167,44,9,1663,49,10,358,75,3,42,92
31,1,49,136,33,47,2200,107,95,300,10,6,48,71
39,1,61,156,41,43,3500,38,103,7,70,6,55,70
36,0,63,125,27,35,2995,49,89,87,22,0,52,67
62,1,61,186,36,9,3017,172,50,366,2,1,55,126
51,0,75,170,33,15,2635,15,110,35,80,7,113,114
44,1,57,187,38,6,2212,105,108,320,29,5,48,107
25,0,41,184,47,5,3166,24,68,240,46,1,94,115
71,1,54,153,37,37,2850,107,68,355,69,6,40,111
20,1,78,120,53,1,1639,171,41,246,70,0,71,99
53,1,74,145,54,33,3042,123,65,46,58,5,114,113
57,0,63,191,42,7,3117,80,22,66,9,6,109,54
74,1,45,171,35,8,2303,115,24,392,9,2,91,54
61,0,77,189,37,47,2926,172,92,34,2,5,57,59
30,0,45,198,27,37,2073,168,31,127,21,7,81,72
42,1,69,121,47,2,2774,151,69,114,38,1,65,57
36,1,76,171,42,30,2709,44,77,157,25,0,110,62
46,0,79,185,39,48,2029,35,20,157,50,1,118,127
28,1,63,153,26,23,2807,133,45,33,37,0,43,121
52,1,52,148,39,14,2649,7,101,187,15,4,48,58
57,0,62,121,46,26,3482,115,93,381,49,5,90,103
65,0,66,143,41,12,1937,101,38,277,3,4,80,64
39,1,46,170,48,15,2531,26,43,344,79,3,66,117
58,1,68,179,43,6,2553,189,72,287,18,7,79,117
64,1,74,147,35,36,3421,104,66,298,30,6,68,103
52,1,74,166,44,27,2687,57,49,276,80,1,119,126
37,1,56,148,41,35,1721,175,80,250,67,1,97,85
79,1,80,138,40,21,1800,82,11,127,45,3,118,89
26,1,67,199,33,27,1433,180,7,345,3,3,54,98
67,0,70,140,53,5,1387,173,96,294,68,3,78,90
66,0,43,160,29,5,3388,73,87,183,48,6,87,99
43,1,70,150,46,15,1067,155,1,32,70,4,72,94
45,0,62,151,38,13,1257,200,53,131,76,1,78,105
50,1,61,153,53,21,3223,66,53,332,40,3,120,96
75,1,58,133,31,20,2111,153,19,320,28,7,76,81
24,1,64,149,26,35,1774,76,13,1,60,2,113,97
63,1,74,139,55,27,3477,77,13,162,19,1,105,58
53,0,44,137,41,31,1166,50,60,243,1,5,90,115
18,0,46,193,51,49,3102,158,101,399,5,0,97,100
78,0,60,129,53,7,1614,85,89,360,13,7,115,123
30,0,56,138,54,35,3069,144,21,380,10,0,59,72
37,1,79,134,33,12,2448,151,98,13,65,1,78,103
70,1,57,156,25,19,1908,182,73,284,62,6,46,118
36,1,67,148,39,23,1311,83,110,132,28,6,45,77
73,0,49,144,32,8,1939,103,51,31,15,1,50,111
53,1,52,191,25,41,2795,25,28,204,10,2,51,108
43,0,75,164,31,27,3036,95,112,240,78,6,108,125
48,0,78,148,40,0,2108,6,78,121,76,6,97,68
33,0,47,198,25,18,2639,18,99,337,19,4,114,62
21,1,78,135,28,7,2850,143,99,46,23,2,117,77
55,1,47,137,29,49,1556,132,15,252,28,1,107,106
70,1,41,136,32,48,2947,102,81,52,9,4,85,54
70,1,66,195,53,22,1868,121,52,366,66,3,69,75
53,1,49,141,34,24,2396,11,107,62,31,2,76,120
34,0,65,164,25,16,1771,45,101,148,44,2,62,103
67,1,55,131,50,19,2873,162,46,37,49,4,109,51
18,0,55,151,47,46,2479,71,108,230,79,6,102,114
33,1,61,128,40,40,3078,151,3,137,18,0,74,68
30,1,44,139,28,4,2085,45,16,343,60,7,64,67
33,0,70,171,52,14,1133,177,28,359,42,3,98,79
47,1,77,148,51,6,1153,10,106,40,0,0,44,110
22,1,41,130,38,46,1448,7,13,321,60,4,60,66
62,0,74,196,35,33,1588,51,66,89,43,4,58,65
52,0,65,160,30,20,1380,125,37,305,52,1,46,98
74,1,56,191,42,19,3016,33,49,367,51,0,111,127
51,1,45,192,32,28,1019,88,42,103,12,4,74,71
65,1,70,190,45,35,1139,53,117,268,25,2,110,67
79,0,60,158,37,3,2012,119,18,216,79,7,40,50
33,1,51,129,41,6,2659,127,99,275,67,4,109,127
73,0,42,176,44,26,2498,116,39,189,79,1,54,120
74,1,58,164,36,6,1047,168,45,186,49,6,115,53
79,0,61,136,28,7,3215,138,29,177,80,6,89,122
23,1,59,140,29,50,2809,153,17,189,71,7,72,87
55,1,61,200,33,15,1398,28,38,236,52,6,96,124
47,1,76,134,55,24,3129,1,109,323,7,0,75,55
67,1,71,121,31,35,1828,23,102,196,69,3,65,69
31,0,50,178,35,39,1715,179,32,344,20,0,76,56
21,1,45,170,41,0,3325,10,119,354,17,6,74,115
65,1,59,143,47,24,1785,191,101,385,44,5,46,80
60,1,48,198,44,8,1900,76,17,61,7,6,91,99
63,0,56,133,47,38,2516,167,43,38,19,7,64,98
55,1,43,133,34,42,2640,126,111,253,24,7,114,101
73,1,47,182,50,6,2821,171,51,24,24,1,92,75
40,1,44,145,31,39,1975,193,22,259,53,0,111,117
25,1,51,153,40,28,2124,30,42,31,79,4,120,128
40,1,73,200,28,1,1871,31,85,138,52,2,112,70
33,1,52,168,54,5,1334,146,115,287,23,2,70,63
20,0,54,161,50,44,3203,153,115,356,72,2,67,114
62,1,68,184,32,23,2235,148,8,132,34,5,58,130
50,1,72,157,37,0,1492,169,23,207,36,2,75,95
61,1,64,169,41,9,1037,186,63,127,3,3,83,118
38,1,47,170,55,19,2285,195,97,16,75,7,115,123
27,0,55,183,53,8,2755,118,120,171,34,7,60,80
24,1,49,187,44,21,1289,15,72,136,8,7,50,69
64,0,75,127,30,40,1907,119,48,302,26,4,44,83
80,1,66,169,40,38,2511,123,57,63,80,7,53,51
66,0,80,129,27,35,1664,99,80,86,45,5,95,61
29,0,77,120,37,7,2345,44,100,9,6,4,99,118
57,0,80,198,55,44,2550,168,38,133,42,7,66,67
59,0,80,130,39,17,3075,102,96,388,28,5,45,54
55,0,77,196,36,50,1632,79,9,195,46,4,81,72
47,1,47,177,38,1,1490,75,1,311,70,4,85,79
66,1,63,137,50,41,2156,128,41,321,32,7,107,89
47,0,76,159,36,50,3394,104,66,255,24,4,99,102
29,1,59,196,33,32,3337,6,1,57,71,3,45,116
76,1,57,133,47,27,2036,109,86,224,65,3,116,109
28,0,50,150,52,27,2434,189,94,322,68,5,67,59
24,1,64,121,55,40,2249,18,113,152,30,5,103,87
34,0,66,137,33,21,2741,190,98,3,18,3,61,66
41,1,69,151,30,33,2156,167,118,114,68,6,83,74
46,0,48,184,53,43,2773,49,5,396,28,5,67,51
39,1,67,143,46,4,2652,61,24,230,29,2,114,70
70,0,73,146,35,14,3053,29,42,76,72,4,87,127
28,1,78,148,46,16,1924,42,5,355,52,3,107,128
47,1,62,135,28,40,1093,133,61,312,0,7,85,62
21,0,71,142,36,9,3268,180,73,181,49,5,68,66
23,1,79,140,37,17,1277,142,63,107,63,0,85,58
50,0,71,182,31,14,2354,127,65,18,38,4,86,103
25,0,62,195,39,22,1295,120,42,254,0,2,109,110
35,0,58,167,27,50,1223,170,114,389,47,4,48,112
58,1,75,139,44,48,1307,62,116,28,58,7,45,51
41,0,50,167,32,31,3213,171,6,30,1,2,48,96
44,0,76,145,45,26,2722,165,95,325,9,5,66,126
39,0,56,127,51,21,1579,118,49,142,57,1,106,51
52,1,66,147,55,13,1335,65,59,374,64,3,99,92
42,0,42,159,43,4,1853,69,83,185,44,1,104,118
61,1,45,197,46,34,2537,30,67,336,24,2,92,93
59,1,43,191,51,33,1247,62,6,14,36,3,92,82
43,0,43,137,43,12,2242,128,91,173,13,2,106,62
28,1,46,195,37,24,2695,144,119,22,4,7,116,63
50,0,44,194,46,9,2689,157,18,219,30,7,105,58
74,0,49,197,55,22,3142,71,30,4,45,1,67,54
75,0,57,126,52,21,2143,33,14,221,48,2,58,113
32,0,68,170,26,9,1227,107,84,225,56,4,90,108
76,1,75,148,52,39,2474,73,88,268,77,1,81,97
19,0,40,191,25,40,2951,91,96,350,71,3,101,58
62,0,57,136,50,29,2355,91,64,182,22,3,55,56
31,0,73,199,49,23,1088,14,108,239,37,0,117,89
76,1,62,179,49,31,1072,166,77,273,21,2,119,115
64,0,46,170,46,25,2495,25,105,331,36,3,82,94
37,1,64,178,50,14,1102,146,80,325,78,1,97,68
67,1,69,171,47,45,1656,147,88,187,14,7,119,58
76,1,70,165,36,50,2353,56,46,125,37,7,42,73
36,1,43,197,35,26,3059,14,37,104,79,6,75,51
62,1,46,144,42,14,2915,92,45,385,43,4,43,84
65,0,69,177,37,38,1388,152,85,118,2,6,113,57
49,1,67,163,27,3,1599,176,29,91,8,2,100,110
33,0,51,167,45,4,2982,13,34,94,54,4,113,109
65,1,41,190,31,26,2347,68,120,134,64,0,111,114
59,1,69,193,28,47,2697,44,63,98,24,2,54,84
38,1,49,133,43,12,2031,73,65,275,51,0,92,105
50,1,62,162,44,24,1354,134,68,71,73,2,47,62
67,0,69,167,47,47,1318,171,13,56,58,0,62,115
69,0,53,197,25,20,1722,4,6,142,60,1,50,81
27,1,73,127,40,32,1135,92,40,213,25,1,114,116
52,1,80,127,39,16,2490,86,79,251,9,2,108,125
54,1,67,144,52,5,2935,14,15,68,39,3,50,63
19,1,78,138,36,41,1414,48,117,157,51,7,117,60
59,1,65,122,34,4,2218,180,79,9,34,2,53,92
19,0,52,160,36,11,2328,28,58,191,71,4,48,120
42,1,58,129,35,36,1025,47,2,132,64,1,109,80
58,0,62,174,48,24,1992,168,119,274,10,2,106,128
58,0,66,120,48,0,2943,3,112,280,12,4,87,76
72,0,57,138,28,27,2647,155,39,234,27,4,113,128
70,0,80,186,46,4,1756,79,87,95,73,2,54,73
60,0,59,166,51,48,1866,11,56,330,3,5,104,117
78,0,70,177,48,49,2613,183,11,153,6,4,111,50
21,1,44,154,36,32,3379,25,22,81,56,7,109,103
39,1,74,195,36,28,2930,145,100,243,42,0,55,107
24,0,47,175,40,5,1292,171,70,202,0,6,61,120
44,1,67,145,47,6,2894,92,71,161,9,0,103,113
59,1,62,129,41,6,1910,106,67,379,17,6,84,123
36,0,74,190,45,12,3068,190,1,392,56,6,120,90
57,1,69,149,51,13,2430,113,44,0,23,5,84,58
73,1,55,157,44,36,1775,126,68,113,55,2,41,81
36,0,74,136,55,14,3091,162,6,353,2,3,120,110
22,1,76,126,36,15,2994,75,9,106,49,6,64,56
76,1,59,196,27,18,3446,71,15,69,11,5,112,52
33,0,54,168,47,15,2231,54,68,131,13,5,91,123
58,0,76,161,39,13,2346,187,29,48,71,4,46,79
53,0,53,142,33,29,1565,111,32,349,52,0,97,119
42,1,79,139,36,18,1473,13,35,316,62,7,84,77
28,1,47,186,43,23,3263,183,66,24,16,1,67,60
42,1,43,165,32,29,1518,60,10,23,24,6,57,130
40,0,79,146,26,13,1043,183,82,216,52,6,106,103
24,0,40,153,36,4,3304,62,53,92,14,2,74,115
74,0,43,146,39,2,1886,164,66,45,5,0,80,62
55,0,51,196,52,42,2442,61,118,338,41,7,100,88
62,0,45,148,36,27,2471,162,21,268,61,2,68,88
45,1,48,200,47,39,3367,83,53,53,74,6,106,70
36,0,55,151,26,29,1708,75,79,341,21,1,51,82
56,1,42,155,34,23,3023,85,119,167,10,7,46,77
39,0,48,142,54,20,1828,73,52,385,45,5,67,76
65,0,54,191,26,12,2470,168,63,72,24,0,66,125
74,0,50,194,45,12,1674,41,120,214,76,3,71,120
72,1,62,184,26,41,2706,92,108,217,7,3,82,127
39,1,47,140,29,11,2088,37,5,105,14,7,112,73
19,0,77,156,42,4,2317,30,48,14,21,3,113,130
78,0,76,198,28,30,1512,138,44,51,38,3,73,95
30,0,72,195,29,10,1303,180,80,285,54,6,85,125
74,0,80,141,39,44,2898,119,14,166,36,2,106,90
21,1,48,182,31,27,2049,193,115,86,59,0,100,57
29,0,55,179,31,12,2655,134,76,287,38,1,50,77
78,0,71,127,26,2,1871,199,82,271,45,2,45,105
69,1,60,173,25,11,2633,82,80,94,46,4,47,115
21,1,64,153,30,44,3152,93,7,373,24,4,104,109
34,1,75,181,31,17,1652,104,38,3,74,1,108,92
67,0,55,153,50,12,1073,74,35,15,48,2,59,99
64,1,75,160,40,47,2372,80,102,103,45,6,78,113
43,0,63,189,46,41,2649,178,92,60,12,4,110,52
42,0,65,180,51,26,2568,180,85,207,52,4,95,110
69,0,74,156,26,41,1161,83,117,258,56,6,81,54
40,0,43,131,30,7,2306,50,31,23,77,1,70,51
41,1,62,164,48,33,2721,90,24,88,4,5,59,59
39,0,42,156,51,42,2548,99,93,279,77,6,65,68
41,0,53,140,41,36,3126,135,111,162,30,6,86,109
38,1,70,142,40,1,2806,32,16,308,9,3,103,67
58,1,64,180,53,1,1212,162,90,354,44,6,110,83
37,0,71,144,49,2,1453,2,5,77,44,4,64,74
69,1,42,136,27,45,3416,77,39,74,68,7,72,54
37,1,52,126,29,33,3040,92,60,124,77,6,57,65
47,0,48,122,37,39,2692,145,84,19,35,1,100,105
45,0,78,133,25,13,2793,84,91,5,24,2,80,128
74,0,67,129,35,13,1858,194,108,211,4,3,71,102
60,1,65,152,35,31,2468,172,24,369,76,4,99,127
58,1,46,125,43,36,1877,12,62,235,77,1,53,54
76,1,63,145,48,18,2756,136,38,329,9,7,82,96
23,0,66,180,29,3,1127,16,110,378,36,1,91,67
26,0,54,129,37,35,3476,50,111,263,19,1,60,55
39,0,45,151,51,21,1872,197,76,130,69,5,75,65
20,1,43,178,51,28,2941,49,10,24,71,0,73,90
19,0,68,150,49,42,2963,119,0,350,32,4,53,80
53,1,46,155,40,45,3193,99,49,49,68,4,75,115
64,1,55,127,54,0,2333,180,93,178,56,7,91,117
37,1,64,186,38,0,1660,75,32,30,79,5,111,100
50,1,67,130,49,39,3004,79,78,391,50,4,87,92
62,1,74,162,37,12,1668,188,31,182,79,3,96,55
48,1,43,160,43,48,1826,147,60,253,41,1,64,82
32,1,80,154,52,41,3359,104,104,213,8,3,84,102
40,0,69,181,36,28,1761,78,120,178,48,7,76,72
53,0,57,134,27,15,2071,33,106,17,58,3,80,120
65,0,65,132,52,12,2157,15,100,3,73,5,69,88
55,1,50,194,42,42,2354,115,6,107,44,6,64,65
25,1,75,160,53,26,2562,112,19,262,25,1,68,107
62,1,43,192,51,34,3462,82,37,148,6,0,102,116
48,1,64,147,32,37,1953,7,93,36,53,2,43,103
72,0,70,191,30,45,2400,176,2,339,20,2,87,82
73,0,54,126,46,43,2789,137,94,122,69,7,99,117
64,1,64,185,47,31,2822,182,44,157,16,2,63,56
38,1,51,137,26,12,1765,115,75,324,65,3,69,113
27,0,63,176,41,25,3163,129,22,307,13,7,46,87
53,0,52,176,31,40,1673,79,14,92,75,2,100,91
46,1,43,121,53,3,1058,126,85,390,65,4,112,72
18,1,49,124,35,35,3175,15,13,100,7,3,50,66
29,1,63,171,46,50,2405,77,78,353,73,2,117,109
20,1,41,171,27,12,2673,55,68,257,65,2,50,63
74,1,70,168,50,49,2339,179,20,126,39,6,110,82
63,0,45,155,25,26,1021,173,98,242,51,1,110,88
20,1,66,130,42,29,1756,145,94,286,80,4,93,130
22,1,65,164,32,10,1049,194,114,69,24,3,90,97
39,0,73,179,37,5,2784,166,119,43,57,0,50,125
27,0,71,166,46,29,3320,186,30,161,34,1,48,76
59,1,57,162,38,9,3500,159,116,222,69,1,83,94
49,1,65,169,33,44,2357,180,19,67,69,4,86,104
28,0,67,121,40,25,3332,164,24,230,20,0,119,70
36,1,63,148,31,42,1188,99,81,355,33,1,98,67
73,0,78,125,38,2,3273,192,32,7,54,3,99,54
26,1,49,130,47,29,1449,146,84,364,65,5,105,84
25,0,77,140,30,21,3437,122,87,249,11,7,91,128
60,0,53,120,51,19,1208,13,13,68,26,1,116,58
33,1,53,181,28,29,3057,144,56,235,56,1,69,91
75,0,79,148,51,50,2804,43,31,190,15,3,115,113
62,1,80,144,53,17,3232,118,115,90,0,0,59,98
60,1,71,125,31,38,1407,145,91,101,35,4,89,104
54,0,76,185,28,13,1444,166,29,125,52,0,70,78
29,0,73,169,40,42,3426,2,54,260,33,4,76,66
71,1,52,181,30,49,1174,9,59,157,50,5,120,110
36,0,50,127,32,23,2272,5,18,67,54,4,75,99
62,1,50,189,55,26,2543,165,109,73,43,7,102,119
29,1,44,138,53,42,2812,179,80,23,64,1,69,69
20,0,80,193,43,40,3036,31,111,296,75,6,118,63
74,0,67,132,55,3,1134,186,21,111,0,3,119,77
78,0,79,144,40,28,2474,187,97,289,61,4,90,81
38,1,51,151,51,34,2081,70,107,144,70,2,110,60
40,1,52,154,41,44,2718,139,99,275,70,3,82,97
63,1,77,186,37,7,1787,47,48,122,74,4,87,97
78,1,79,172,28,40,3054,104,56,329,64,6,42,127
77,0,46,129,31,25,1092,99,42,75,36,1,90,70
70,1,40,148,26,46,1037,28,2,122,59,7,40,71
53,1,40,149,54,46,1011,194,61,140,59,7,104,107
49,0,61,134,38,25,1973,170,104,397,14,6,99,51
27,1,43,145,50,0,2331,122,81,198,21,2,66,102
18,0,42,122,49,3,1281,39,9,256,3,4,117,93
57,1,63,177,28,34,2664,23,72,9,34,2,69,87
39,0,44,177,45,39,2307,154,37,309,69,0,54,64
21,0,49,125,36,2,1873,15,50,90,24,4,107,125
80,1,65,162,27,15,2300,187,85,133,28,4,119,83
47,1,62,181,44,21,3438,113,37,253,47,0,60,62
24,1,46,121,39,21,3467,158,12,381,57,7,87,85
51,1,58,176,35,50,2408,137,90,257,12,0,102,60
76,0,54,199,50,21,3078,110,56,393,66,6,115,125
19,0,54,174,43,41,2452,94,6,276,37,1,94,56
30,1,62,177,51,14,1181,37,88,264,2,7,67,63
25,1,47,126,52,6,2659,0,40,60,57,3,62,124
26,0,48,171,44,46,2484,114,17,348,56,6,103,95
43,1,79,165,26,8,3349,186,55,46,32,6,107,103
59,0,65,126,28,16,3390,107,111,270,21,3,83,72
23,1,60,164,37,15,2114,0,20,322,10,2,68,122
32,1,68,155,30,41,1373,119,21,37,61,3,103,53
36,0,57,146,30,18,1531,200,104,83,60,2,103,97
23,0,66,185,37,34,1961,144,14,129,8,0,84,114
43,1,47,184,32,11,3272,108,105,338,31,2,64,73
30,0,50,124,33,13,1579,120,21,210,9,1,45,84
49,0,41,168,50,10,3306,176,75,158,70,3,73,116
30,0,79,138,47,1,1134,108,57,370,65,7,90,91
31,1,49,170,40,22,2303,6,47,161,3,0,109,122
43,1,68,144,49,20,1164,94,25,386,61,0,44,109
77,1,79,189,25,44,2678,152,61,279,12,4,62,124
20,1,70,153,51,44,2429,176,53,269,70,0,49,61
61,1,52,176,25,7,2281,79,53,147,43,2,49,69
22,0,47,131,50,46,1862,169,18,293,65,5,107,54
60,0,59,166,44,11,1986,119,77,200,35,4,119,82
54,0,71,143,35,34,1756,99,40,363,23,2,73,112
23,0,48,157,47,0,2806,175,102,241,64,4,88,65
64,0,53,135,26,37,2949,79,116,4,0,5,114,76
35,1,78,153,31,36,1073,136,8,2,23,2,48,113
54,1,49,127,28,45,1571,147,44,235,47,7,55,106
30,0,56,189,37,16,3370,97,85,60,52,0,105,84
18,1,61,130,27,39,1873,155,57,352,70,5,75,102
20,0,57,149,47,27,3031,8,23,375,14,6,81,105
75,0,51,140,48,9,3015,194,20,186,52,7,47,55
70,1,52,191,31,3,1003,120,99,314,76,2,61,99
25,0,57,195,43,16,1935,198,97,300,44,5,53,101
39,1,68,189,28,3,1297,10,58,34,32,5,63,121
42,0,41,148,53,22,2491,143,120,324,14,3,76,73
38,0,56,123,35,31,1092,95,82,304,23,5,85,97
74,0,62,171,43,16,2189,130,22,346,51,7,76,109
76,0,46,181,27,16,2865,2,36,315,66,4,57,128
20,1,56,199,43,2,1545,135,84,226,78,1,75,96
56,0,71,123,32,15,1646,115,91,65,41,7,40,53
55,0,61,176,43,23,2125,104,84,310,17,0,62,60
57,0,76,182,36,14,2689,9,100,185,78,4,46,102
74,1,77,145,26,23,2604,45,69,73,49,5,54,98
36,0,46,147,33,31,3007,94,22,37,27,5,101,76
80,0,54,137,29,31,2924,18,118,336,30,3,100,85
42,0,56,172,53,11,2733,198,84,34,40,1,89,96
23,0,65,161,53,38,1078,67,12,381,67,5,105,87
42,1,68,160,54,2,2216,115,63,20,73,3,91,72
65,1,71,164,43,0,2545,128,38,160,78,0,78,116
61,0,60,193,26,9,2091,138,76,246,77,5,79,125
18,1,49,158,29,29,2334,41,112,22,30,4,60,76
39,0,76,178,43,39,2363,93,53,32,66,5,49,108
19,1,54,129,48,9,1096,110,111,327,78,7,98,52
79,1,52,140,50,48,2110,85,28,336,5,3,87,106
32,1,44,143,30,19,1601,97,5,94,74,0,58,80
23,1,64,161,31,27,2881,50,67,198,59,3,119,110
57,0,43,191,28,8,2366,50,75,77,74,1,73,55
74,1,70,123,26,29,2037,146,70,254,3,0,72,77
56,1,61,197,28,48,2412,36,15,273,56,5,64,67
37,1,66,137,44,39,1047,109,0,255,56,7,92,101
66,1,52,140,30,1,2823,117,25,40,34,1,54,72
76,0,69,176,28,42,2474,115,46,52,42,1,95,67
45,0,75,121,49,36,2484,52,6,251,25,7,99,62
21,0,54,133,42,26,2803,104,7,174,61,0,105,58
46,1,79,133,47,39,2255,14,38,271,24,0,95,75
20,1,77,160,28,26,2501,75,118,176,77,3,105,123
68,0,73,173,50,47,1171,48,54,61,62,3,48,78
22,0,63,136,32,22,2596,189,32,364,61,6,92,97
22,0,40,120,53,39,2532,70,12,361,7,0,40,94
77,1,72,180,29,4,2105,67,92,290,50,1,105,109
68,0,48,122,40,3,1104,93,67,338,50,0,50,94
79,1,62,130,29,6,1804,110,38,167,32,5,117,66
22,0,44,175,34,2,3360,6,23,31,79,5,50,109
53,0,51,139,31,30,1304,63,59,156,53,2,46,82
28,1,52,151,46,6,1506,126,4,314,26,3,66,122
38,1,40,189,52,23,1101,150,48,81,60,1,72,94
48,0,80,147,40,38,1473,156,97,56,36,4,57,65
68,0,62,121,29,15,3409,3,5,137,45,3,105,71
21,1,52,125,26,38,3307,140,13,258,25,1,96,114
27,0,55,184,25,43,2792,192,49,224,0,0,110,69
23,0,74,121,31,4,3234,38,103,54,17,7,54,68
51,0,79,131,26,27,2366,193,2,283,75,4,117,97
67,1,56,159,39,6,1092,16,17,170,42,5,91,84
75,0,55,165,55,7,2013,130,78,97,16,5,70,66
36,1,54,157,47,37,1468,131,68,87,59,6,117,99
56,0,78,142,25,44,2584,10,109,139,40,0,103,124
20,1,52,195,46,12,2143,39,100,35,70,3,112,125
48,0,44,187,30,45,3046,51,64,350,58,1,90,72
24,0,71,131,33,44,1088,85,54,357,8,6,69,55
72,0,58,163,39,35,2593,198,72,391,9,0,48,94
66,0,79,178,47,39,1695,73,107,44,43,5,72,106
29,1,51,142,46,19,1172,26,8,286,6,4,40,110
56,1,64,131,37,19,3185,124,33,9,63,6,52,88
68,0,71,200,37,43,3152,24,99,167,53,7,56,89
61,0,43,138,29,25,1933,4,109,25,0,0,93,88
33,0,78,124,36,35,2471,131,33,199,7,7,116,102
79,1,49,150,28,21,3195,78,100,187,61,4,69,109
19,1,52,152,39,36,1199,103,85,156,67,2,102,84
71,0,40,159,30,24,2228,137,43,207,69,6,67,118
29,1,44,200,51,34,3495,140,53,365,40,1,87,51
26,1,43,141,43,11,3270,182,107,261,75,3,41,127
70,1,47,138,31,12,3108,86,86,161,24,6,120,59
31,0,69,192,53,26,1857,125,92,51,33,6,46,127
70,0,73,154,43,11,1428,7,46,286,42,4,105,118
52,0,69,121,33,28,3293,64,60,297,65,1,95,76
29,1,76,131,44,25,2002,153,14,364,56,0,107,106
75,1,78,170,27,40,1033,152,38,47,1,0,43,75
51,1,72,131,55,22,3150,129,102,257,44,6,40,64
22,1,67,181,45,33,2360,142,67,52,3,2,65,104
68,0,54,167,27,26,1603,36,26,61,46,7,92,84
19,1,42,195,50,25,1801,70,44,224,9,2,114,126
72,0,65,121,44,14,1199,10,15,325,28,2,45,89
54,0,45,123,48,43,1659,143,68,21,31,0,119,70
39,1,45,189,39,26,1735,88,70,76,2,6,46,108
64,0,49,181,31,47,3205,60,53,263,64,1,81,126
26,0,43,165,37,28,1596,184,111,251,68,1,115,63
72,1,57,186,41,34,1813,120,75,185,33,2,82,96
56,0,54,145,37,42,2911,80,107,4,7,5,106,84
60,0,61,138,26,1,2214,129,97,106,49,1,63,112
19,1,40,138,49,23,2853,170,74,115,38,4,105,85
53,0,75,153,37,23,1256,77,13,299,49,1,82,62
68,1,40,159,25,41,2775,72,33,226,42,2,69,118
41,1,76,191,29,44,3106,86,92,318,20,6,90,66
38,1,74,131,26,21,1476,65,33,22,47,2,111,79
50,1,75,152,38,24,3303,189,85,293,71,5,89,88
40,0,62,169,45,6,1802,60,116,15,64,0,120,64
78,0,44,137,28,1,2050,123,4,330,68,0,104,73
66,1,40,194,39,43,2246,125,25,302,60,7,85,65
41,1,61,195,39,31,1370,158,70,135,14,4,98,87
30,0,70,149,28,43,1496,72,71,239,24,3,119,64
61,0,61,141,41,12,2299,181,87,174,73,6,82,120
18,1,68,128,41,24,2860,44,16,182,30,4,73,109
53,0,55,175,27,43,3368,133,120,175,29,4,93,87
44,0,61,196,36,20,1535,19,109,305,68,0,83,92
54,1,64,163,52,21,3470,31,5,257,4,4,55,109
60,0,71,135,37,46,2635,34,36,56,57,2,52,127
57,0,43,126,54,11,1618,143,30,376,25,7,106,77
70,0,40,175,31,17,2047,46,5,53,61,7,71,111
57,1,45,178,31,43,1295,7,9,204,13,2,53,91
31,0,80,191,48,48,1551,110,13,118,47,0,99,71
23,1,50,169,42,34,1791,127,83,361,32,4,57,52
80,0,40,161,27,19,2117,57,96,216,2,4,58,81
40,0,74,190,54,26,3284,46,35,306,26,2,49,78
23,1,56,166,42,2,1154,182,75,295,66,6,62,120
74,0,53,124,49,44,1214,166,84,266,44,7,91,114
42,0,70,162,54,26,3180,78,24,365,71,5,64,70
34,0,80,173,50,28,2070,58,85,315,31,7,47,91
71,0,51,165,44,7,3363,53,79,226,44,3,106,93
61,1,75,195,33,18,3232,95,104,382,30,2,107,107
21,1,71,133,25,11,1867,198,48,385,4,7,92,123
73,1,41,181,39,23,1578,42,17,233,10,5,61,123
61,0,74,134,43,47,3488,149,44,94,70,3,50,103
72,0,61,155,35,34,1000,136,69,43,25,5,101,74
19,1,48,198,44,41,2924,133,11,245,45,2,59,79
56,1,70,193,37,3,3073,1,103,331,45,3,97,61
47,1,60,127,34,14,2943,124,107,25,2,5,90,65
55,1,54,139,27,4,2924,104,90,4,29,7,59,129
66,0,67,167,47,35,2175,144,12,58,47,4,105,65
47,1,62,173,33,45,1959,193,19,309,55,5,88,101
35,1,64,182,39,22,3336,148,62,287,75,0,65,87
55,1,55,179,29,21,2040,196,45,279,52,4,119,89
72,1,45,168,40,1,2203,108,34,300,65,1,106,54
56,0,53,175,41,44,1615,50,66,200,68,7,93,118
52,1,76,170,45,19,1507,109,48,289,60,1,103,74
28,1,77,162,44,18,2816,80,44,323,24,6,91,113
71,0,40,149,34,10,3169,162,82,172,70,4,94,115
18,0,43,173,46,3,1765,174,76,303,36,6,120,119
68,1,79,180,44,6,3177,37,48,269,4,3,114,55
41,1,68,183,35,36,1958,80,4,157,34,4,95,93
53,0,40,156,35,29,2673,66,36,87,64,4,74,63
39,0,74,161,43,20,3046,151,81,100,31,0,108,76
35,0,41,159,38,35,2391,129,65,12,23,7,109,83
60,0,77,190,40,29,1717,26,48,351,18,3,54,120
19,0,61,190,25,22,1706,126,36,12,40,0,112,90
59,0,55,133,44,43,1760,86,17,281,29,2,95,52
45,1,48,170,35,0,2675,140,93,184,7,3,56,84
42,1,42,172,29,50,3182,82,7,374,66,6,87,103
67,0,59,141,44,9,3447,145,51,118,49,6,96,70
77,0,53,193,50,8,1507,132,39,372,46,5,42,74
26,1,62,146,37,32,1161,147,0,335,42,1,99,65
63,1,68,156,49,2,2258,44,21,318,63,7,109,120
78,1,73,126,42,26,3277,150,67,117,7,7,54,126
53,1,41,168,47,3,2463,30,13,38,65,7,65,82
36,0,77,140,47,40,3282,91,2,257,22,3,53,78
80,0,66,166,49,20,1904,8,65,191,24,0,118,106
20,0,77,168,26,46,2582,19,96,376,59,6,112,104
45,1,63,132,26,46,1068,132,28,352,44,5,103,87
22,1,75,164,29,10,2665,190,24,125,48,2,101,57
32,0,66,139,39,25,3470,80,82,392,72,2,57,66
29,0,67,121,27,22,2841,197,38,321,73,2,70,98
45,1,41,166,34,45,1611,5,18,2,46,1,82,65
35,0,65,176,54,28,2207,128,60,30,69,2,78,59
29,1,59,184,34,0,1652,91,37,396,46,7,57,109
31,0,79,152,29,32,1745,171,74,283,33,1,67,70
33,0,64,188,46,10,1716,114,115,11,36,2,64,78
59,1,48,171,38,50,1274,21,69,0,25,0,93,82
60,1,68,177,29,9,2796,81,66,103,78,7,118,59
71,1,43,198,41,3,2051,12,93,168,62,7,82,58
73,1,44,198,47,37,1425,34,103,313,63,6,104,103
42,0,54,150,39,32,3102,39,110,102,5,4,119,86
33,1,42,198,39,40,1557,72,6,335,74,2,70,106
58,0,75,124,51,18,1715,183,81,261,77,7,42,55
18,1,77,177,27,9,1094,187,104,135,68,7,41,50
56,0,68,195,46,12,2846,154,65,36,34,7,106,117
36,1,43,182,34,43,2793,4,40,363,49,4,42,110
50,0,61,198,26,48,2043,176,43,341,50,7,61,118
63,0,73,180,45,27,3365,36,80,286,33,0,52,130
25,1,45,132,46,28,1418,13,43,19,20,1,69,89
50,1,73,141,44,12,1214,8,63,332,80,5,102,85
48,0,74,178,34,42,2422,81,90,91,50,6,113,80
80,0,64,195,42,28,2620,18,58,171,28,7,113,114
68,1,76,131,39,46,1627,45,108,38,15,4,62,94
49,0,51,136,28,5,3486,87,78,172,18,0,101,129
33,1,75,140,49,39,1857,45,11,262,38,0,111,95
79,1,80,176,43,40,2980,26,43,145,43,0,44,113
47,0,40,132,31,19,2828,3,90,300,0,3,112,101
77,0,50,141,51,8,3091,95,36,355,56,3,93,123
54,1,73,183,34,39,1580,179,64,302,6,1,78,84
37,1,74,198,25,20,1069,134,113,20,31,5,90,92
55,1,80,139,39,45,1473,141,39,12,77,0,66,70
52,0,75,151,33,8,1893,189,63,168,46,1,85,70
80,0,51,199,27,43,1394,93,69,133,80,6,46,82
60,1,44,171,45,26,2343,196,36,124,8,2,41,124
64,1,67,123,34,10,2815,122,90,178,30,5,71,123
28,0,47,191,29,2,2953,49,44,54,56,2,116,78
23,1,45,197,37,23,2346,67,0,275,71,3,46,99
57,1,55,153,42,43,3276,193,83,292,71,2,110,116
53,0,57,126,37,50,2307,75,47,197,26,0,50,113
49,0,67,161,35,2,2029,61,29,148,22,6,83,57
72,1,69,172,47,28,2722,157,50,226,31,7,109,98
55,0,55,159,36,15,2513,35,55,274,32,1,119,89
79,0,46,182,44,11,1235,162,31,284,46,7,91,88
38,0,69,127,38,0,2788,62,21,182,73,2,53,76
51,1,42,170,31,3,1867,56,5,48,24,4,40,90
57,1,60,183,49,33,2901,139,46,359,9,7,72,97
28,0,61,147,51,28,1959,99,70,304,74,0,99,123
22,0,61,147,55,8,2662,31,46,229,35,7,118,75
19,1,44,154,52,22,2426,87,102,158,33,5,57,112
62,1,53,153,44,39,2499,73,82,179,65,7,40,88
59,1,78,148,53,11,1091,90,61,73,79,3,96,84
65,1,75,183,54,36,2535,147,116,302,7,0,83,128
42,1,52,152,54,49,2580,50,107,230,37,6,69,73
41,0,56,147,31,30,2609,113,97,262,50,4,67,115
33,0,66,129,34,39,2243,80,119,205,58,2,115,105
18,1,46,154,41,13,1963,139,35,347,58,4,59,74
25,1,74,157,40,40,3133,109,38,100,71,2,96,91
78,1,78,199,31,45,3367,151,43,213,68,7,65,103
38,0,58,130,32,31,2675,41,6,341,40,0,78,92
46,0,76,191,47,14,2042,83,98,272,20,0,76,128
27,0,62,180,44,40,1563,7,48,386,39,3,87,88
47,0,50,187,53,41,3242,9,64,13,53,2,75,106
77,0,40,177,52,16,3059,139,29,13,6,6,99,119
43,0,69,154,46,7,2859,81,7,358,2,7,113,126
48,1,55,178,41,28,1860,5,115,122,69,0,120,58
42,1,42,185,25,25,1866,129,73,85,10,5,78,56
35,0,41,193,40,38,1089,199,34,123,48,0,60,53
57,0,43,156,34,0,3054,146,24,316,48,1,87,96
53,1,42,185,34,10,1305,46,71,105,79,3,72,68
60,1,47,179,37,3,2549,146,4,107,64,5,49,115
18,1,44,142,30,34,3336,29,24,359,25,7,75,105
80,0,73,170,40,11,2671,105,73,55,19,5,118,66
65,0,76,127,28,15,1330,155,0,302,9,7,117,90
54,0,45,173,49,20,1606,189,91,375,51,0,67,113
53,1,57,164,41,28,2123,172,22,11,31,7,114,123
50,0,75,154,44,11,3491,156,107,0,53,0,51,69
29,0,79,149,25,43,1339,76,66,276,49,3,53,109
73,0,60,126,40,42,1624,200,90,190,78,3,90,118
80,0,49,195,26,39,1515,150,71,294,32,0,49,119
32,1,51,127,29,34,1336,1,12,143,55,1,96,72
78,1,68,140,44,43,1345,98,65,29,40,2,56,73
24,1,50,129,41,8,3432,94,11,163,35,7,116,83
70,1,67,196,27,15,2530,88,57,310,12,5,97,93
59,0,70,177,45,46,2888,175,13,279,43,6,116,89
77,0,41,196,32,0,1310,0,19,128,9,5,64,100
73,0,43,162,50,5,1542,17,57,260,38,5,108,65
72,1,53,126,42,48,2013,13,27,90,78,4,88,51
71,0,78,122,36,50,2857,178,112,125,47,6,91,60
47,0,68,161,42,2,1792,41,46,140,13,2,72,98
20,0,55,185,36,5,1742,45,102,312,24,4,120,114
46,0,50,184,45,50,3025,136,76,373,26,1,68,117
22,1,65,152,41,35,1776,32,7,320,18,5,102,95
62,0,54,169,55,18,3032,55,81,336,36,3,91,57
25,1,46,176,29,30,2458,176,29,42,66,4,70,69
48,0,40,185,41,38,3008,153,44,373,11,0,61,130
62,1,65,122,50,3,1304,59,86,207,18,6,69,53
72,0,57,170,32,10,2144,93,81,304,70,7,84,62
41,1,40,200,25,34,1964,32,1,104,62,3,63,116
33,0,68,175,37,11,3494,139,66,130,49,4,50,87
42,1,55,193,48,40,1220,128,84,264,2,3,106,57
80,1,72,161,50,25,2167,11,97,173,49,1,57,118
31,0,71,188,29,13,2192,77,89,225,26,1,89,83
35,0,72,193,33,34,2610,4,24,74,58,2,40,72
53,0,49,134,33,21,3048,150,101,208,70,2,65,56
38,1,55,200,52,1,2371,2,42,285,72,3,48,126
19,0,46,157,45,32,3096,189,104,56,5,3,70,83
77,0,41,158,29,16,2452,37,44,385,71,6,89,55
37,1,55,158,52,29,3399,196,11,113,64,7,46,55
35,0,80,178,46,39,3413,74,79,350,9,4,100,78
19,1,40,154,54,27,2976,9,33,51,79,3,91,80
55,1,59,139,26,36,2673,149,91,393,16,5,59,57
63,1,54,145,36,12,2229,199,28,289,72,4,82,71
55,0,44,188,48,21,1002,2,40,338,49,3,118,96
28,1,68,141,53,40,3286,128,48,195,31,6,61,102
47,1,79,135,43,35,2915,27,48,43,9,5,115,71
38,1,42,160,49,26,2215,41,75,260,35,4,104,71
58,0,52,182,55,32,2472,137,2,57,29,7,104,100
18,1,70,166,55,16,2554,80,67,389,66,7,51,51
75,1,42,200,50,43,2621,178,108,369,51,4,102,130
34,0,72,136,30,5,3425,60,86,225,36,3,47,107
32,1,65,156,42,14,1091,149,110,220,64,3,113,71
49,1,49,198,46,4,1048,147,102,208,68,4,80,115
25,0,56,185,44,2,2865,188,53,224,2,2,46,86
43,0,61,173,52,17,1813,190,8,59,70,6,111,126
37,1,44,163,33,41,3006,146,38,369,27,0,77,55
39,1,48,161,47,9,1468,6,38,392,0,6,68,76
36,1,59,177,50,12,3270,111,82,84,39,3,91,113
29,0,78,121,47,40,1487,13,53,158,27,3,42,66
69,1,68,164,48,22,3116,64,40,49,56,4,41,59
27,0,41,164,33,41,1191,149,94,261,72,7,83,123
72,0,56,137,52,41,1985,136,117,250,72,0,61,88
24,1,40,176,43,37,2560,148,25,313,22,4,90,70
61,1,53,165,30,43,1025,180,117,208,7,2,106,77
73,0,80,174,31,15,3290,42,61,53,24,6,77,110
43,0,53,167,52,42,1250,137,3,284,61,1,72,102
53,1,57,147,36,9,2803,47,33,397,6,2,43,51
38,1,53,160,44,29,1335,191,114,66,34,6,98,56
30,0,52,125,26,34,1906,50,32,29,74,5,66,111
42,1,78,185,26,5,1445,164,60,267,22,7,112,120
20,0,51,189,32,14,1712,66,87,343,67,3,90,55
47,1,68,137,32,3,2736,9,13,110,25,6,52,106
33,0,64,145,53,7,3412,61,76,25,5,1,56,96
73,0,52,143,45,34,2816,84,43,338,52,2,62,54
70,1,50,161,42,2,2367,5,20,98,37,4,69,99
60,1,67,199,39,45,2497,192,25,212,22,4,99,89
75,1,58,143,32,15,1676,84,4,202,32,0,60,96
51,0,41,127,55,11,1363,31,45,220,79,7,81,88
43,0,64,193,47,29,1869,0,93,142,66,0,79,117
55,1,61,173,43,43,2632,100,69,315,72,4,84,63
48,1,53,174,46,35,3027,180,86,372,60,7,52,93
76,0,53,161,38,41,1142,101,61,63,29,2,116,87
41,0,59,185,53,4,2609,185,37,390,32,0,99,94
68,0,60,161,35,6,2371,77,17,18,18,5,115,128
54,0,79,165,39,0,2839,148,37,24,8,1,46,122
24,0,43,137,30,25,1745,79,87,206,42,3,68,124
77,0,40,120,35,34,2317,128,54,295,22,3,105,53
40,1,43,164,36,18,2942,94,22,304,14,2,118,83
60,0,65,188,33,7,1985,115,54,221,3,6,45,65
39,1,51,150,46,19,2645,61,102,55,6,3,87,94
39,0,70,148,41,39,1855,165,11,296,11,5,80,106
36,1,71,191,45,12,2915,89,117,228,47,7,63,60
56,1,61,194,42,44,2051,58,15,283,50,1,101,71
23,0,46,175,42,37,1133,19,79,87,70,0,109,114
22,0,80,178,25,39,3274,166,101,267,21,2,65,91
49,1,74,189,32,13,2731,61,20,317,10,7,86,100
34,1,69,134,40,14,3396,185,105,329,31,5,62,93
35,1,50,126,35,41,1864,67,119,42,3,0,49,65
35,1,75,142,48,12,1310,192,82,45,3,0,79,126
65,0,56,195,52,14,1811,87,100,370,49,2,88,84
25,1,53,187,34,22,1030,155,109,271,78,2,49,51
22,0,76,193,28,26,2626,146,57,287,63,0,65,125
74,1,48,144,47,25,1294,69,52,319,21,0,82,51
78,1,66,169,40,19,1809,149,103,99,22,4,88,104
64,0,71,176,43,25,2272,148,86,215,69,3,75,97
43,1,47,171,44,48,1268,185,64,129,37,5,60,98
39,1,75,138,31,46,2032,111,77,240,50,5,95,115
36,0,75,144,44,29,1014,57,109,232,68,2,44,75
58,0,58,170,36,13,1963,174,104,324,42,3,76,57
69,0,60,167,34,47,2551,60,83,18,7,3,64,56
48,0,69,143,52,26,1299,19,21,257,21,2,66,78
33,1,75,130,54,0,2063,124,56,237,75,1,66,99
66,0,80,172,41,24,2992,163,14,188,33,4,65,104
36,0,46,146,42,44,3006,144,74,173,68,1,117,89
70,0,71,136,34,11,3275,63,75,59,10,0,54,50
24,0,66,144,45,40,1075,39,107,53,46,3,62,130
66,0,41,198,46,24,2014,113,66,371,65,4,41,86
77,1,74,161,40,26,3296,24,99,98,51,1,79,53
35,0,55,189,52,40,2572,194,88,347,62,1,116,109
77,0,75,164,39,32,3060,107,68,215,58,3,40,55
53,1,75,167,51,40,1343,149,23,174,59,3,108,54
76,0,40,123,25,32,1880,176,46,117,43,4,93,96
38,1,65,127,53,38,2867,155,0,357,32,4,107,127
38,1,56,154,36,5,1263,126,88,321,77,0,105,107
18,0,56,159,51,37,3394,13,24,174,15,5,90,69
64,0,70,163,42,36,1217,55,107,53,62,2,42,100
53,1,45,192,39,42,1687,128,25,115,62,0,65,118
62,1,50,173,46,14,1258,60,61,165,9,2,97,101
37,0,65,153,25,18,2238,73,67,37,4,5,54,65
75,0,52,161,30,23,1723,84,98,94,26,0,85,61
43,1,58,127,30,5,3283,148,92,70,21,0,61,109
44,1,72,172,39,13,2103,40,80,367,58,2,56,74
42,1,74,181,39,8,2747,98,32,221,79,1,45,74
18,0,59,172,40,50,2845,199,97,231,69,5,80,50
27,1,72,171,42,42,3014,117,21,383,50,0,66,117
46,1,60,176,49,36,2084,182,45,101,64,3,89,93
21,1,51,121,40,6,3236,162,33,241,11,2,53,102
71,1,44,145,51,24,3027,63,30,187,51,4,70,88
47,1,51,126,38,2,1957,107,52,392,57,6,116,61
43,1,69,169,34,4,3319,35,117,194,21,4,78,121
65,0,48,185,55,29,3066,75,9,352,49,2,74,95
18,1,70,159,54,12,1330,180,119,343,22,3,81,115
46,0,78,120,44,27,2762,180,76,367,27,7,57,85
77,0,69,147,44,8,2180,157,103,105,59,5,41,103
62,0,74,132,33,30,1450,186,93,131,62,0,62,91
23,0,71,191,31,0,2754,98,48,114,39,0,100,65
71,0,60,138,40,0,3404,140,13,173,45,7,108,63
25,1,71,183,28,42,2490,136,85,229,5,2,81,69
66,0,64,193,25,16,3498,107,114,163,40,7,113,56
47,1,45,181,27,2,2404,170,40,328,54,6,53,82
41,0,55,189,54,19,3071,200,65,374,30,2,114,122
69,0,40,136,37,17,1673,170,60,173,38,3,102,115
44,0,48,200,39,1,1530,83,34,7,43,5,68,56
72,0,64,156,26,39,3200,124,66,83,11,2,117,108
53,0,50,135,41,6,2840,28,2,367,29,0,58,86
19,1,55,161,52,14,1497,59,7,184,28,4,104,94
54,1,73,195,37,26,3475,90,75,173,39,5,41,91
45,1,63,121,47,49,3279,18,22,10,66,0,50,99
51,1,74,175,52,48,3074,199,102,129,74,4,52,99
37,0,64,186,53,11,2648,39,79,140,53,2,58,74
51,1,42,121,45,2,3166,117,56,240,2,1,73,129
52,1,57,156,53,15,1294,117,65,203,65,0,71,85
73,0,67,120,53,34,2865,128,84,167,62,5,92,109
49,1,42,194,25,22,2529,50,1,160,26,6,45,116
20,0,74,130,27,42,1087,76,39,193,10,2,106,130
22,1,63,132,29,37,1874,85,45,391,22,0,49,70
45,0,71,162,42,1,1097,182,75,49,55,1,74,73
65,1,64,128,44,27,2921,77,69,46,7,0,54,77
35,0,54,143,35,45,2718,128,11,187,54,0,40,88
22,0,60,158,31,43,2369,147,80,237,25,4,42,129
40,1,41,161,37,4,1201,106,72,192,64,4,107,70
79,0,48,139,31,45,2278,123,43,201,64,6,41,81
48,0,62,133,44,11,3131,105,17,370,28,1,118,87
76,0,49,188,50,20,2738,103,99,3,64,7,52,118
50,1,45,197,35,27,2493,147,61,290,65,5,105,68
56,1,60,137,43,7,2282,29,75,380,36,5,112,111
40,1,78,191,34,10,2686,82,44,175,55,1,41,105
56,0,57,162,35,16,1231,104,51,31,25,3,70,79
32,0,74,172,33,50,3372,15,59,85,75,3,53,90
60,0,80,121,44,3,3001,137,21,370,9,7,84,80
36,1,49,178,54,48,1687,167,81,270,24,5,81,52
41,0,74,180,46,8,2383,38,100,45,16,2,105,74
47,1,48,190,49,0,1530,178,39,265,53,2,44,64
58,0,59,162,41,7,2339,10,67,225,44,5,52,57
29,1,71,187,42,24,2387,164,69,53,5,0,67,103
67,1,79,155,32,39,1867,19,102,266,2,4,116,58
78,0,60,138,27,13,1139,43,69,263,0,6,78,117
60,0,61,165,39,18,3499,94,40,302,65,2,69,86
54,1,43,125,50,16,1367,80,110,153,79,6,62,71
70,0,80,126,36,33,1427,113,38,257,4,2,110,115
72,1,59,191,32,11,3181,113,81,78,68,2,54,111
44,0,40,150,42,26,2724,147,94,156,32,7,119,121
30,1,75,192,37,43,3352,64,62,37,36,7,119,76
74,1,72,156,40,17,3093,154,90,359,25,0,66,108
40,1,65,190,51,26,2043,65,2,34,54,2,45,125
64,1,72,182,34,17,2161,23,11,125,74,0,98,82
22,0,53,185,42,46,1624,133,17,103,0,2,109,69
50,1,73,200,44,43,2301,68,79,343,32,7,55,103
45,1,62,133,34,40,1300,76,8,301,11,5,117,109
60,1,41,123,26,12,1372,187,42,139,22,4,44,99
21,0,49,198,39,23,1535,168,117,162,52,6,113,83
25,0,60,186,39,13,2963,172,54,153,75,2,52,94
37,1,71,176,43,38,1689,194,31,143,11,4,104,110
74,0,48,137,45,10,3215,80,79,199,4,4,118,130
74,0,80,192,26,29,3066,39,57,209,54,0,65,63
67,0,78,175,53,28,2375,90,52,385,22,7,92,114
40,1,41,175,53,19,1520,92,11,367,55,2,67,80
28,0,76,147,30,19,2009,90,110,21,5,3,54,101
62,1,60,170,49,8,1471,84,21,376,63,6,91,84
20,1,54,171,41,16,3460,162,31,379,46,7,65,127
64,1,65,149,33,27,2363,172,78,132,62,5,84,110
50,0,66,160,53,17,2354,64,98,149,14,0,102,81
80,0,48,192,25,48,2017,134,120,277,52,4,78,87
44,0,48,143,48,10,2140,153,13,197,43,1,113,126
73,1,56,131,33,15,2070,117,41,278,15,0,63,83
43,0,65,130,30,48,2940,11,8,241,35,1,57,59
73,1,53,171,26,33,3281,93,64,393,40,1,46,85
23,0,46,190,32,22,3335,152,21,283,66,3,80,77
59,1,40,133,36,19,1334,162,2,397,36,2,49,73
39,0,77,183,32,50,2202,142,13,139,44,0,49,82
53,0,73,196,30,14,1019,60,117,146,63,7,103,68
78,1,79,182,28,31,1857,15,94,156,34,4,107,130
38,1,66,192,30,46,2644,43,106,201,9,5,83,100
49,1,66,165,51,50,1299,52,9,203,60,7,75,124
31,0,52,142,43,38,2259,116,96,135,24,5,98,130
62,1,71,167,54,30,2817,44,18,141,73,2,49,69
41,1,80,172,32,7,3103,80,113,2,13,4,40,109
28,1,75,148,28,37,2353,176,52,133,36,3,82,61
72,0,77,147,50,40,3235,9,37,379,10,6,81,120
25,0,53,150,34,10,1157,141,60,343,33,5,67,117
62,0,66,176,48,15,1535,45,69,204,42,4,88,115
39,0,72,139,38,49,2416,94,105,312,26,4,42,57
61,1,66,152,27,5,1894,112,84,188,57,2,40,79
68,1,78,182,37,16,1237,188,68,64,15,2,61,114
49,0,44,149,55,49,1166,111,95,305,8,5,114,127
71,0,59,193,45,46,3419,197,87,186,52,7,101,68
23,1,61,175,38,23,3112,35,2,332,71,4,120,97
60,0,73,168,42,45,1995,16,27,145,19,6,64,79
76,0,62,167,40,15,3208,131,19,384,9,1,59,51
70,1,45,176,26,33,1189,184,30,151,25,1,46,88
27,0,80,160,40,40,1974,85,3,151,55,2,78,124
73,1,74,150,55,11,2390,19,20,381,53,7,102,92
62,0,48,171,29,31,1968,74,43,384,34,2,60,93
36,0,79,179,36,10,1659,97,69,212,56,1,87,130
33,1,52,197,44,42,1719,44,8,384,42,2,99,119
18,0,77,141,26,36,2196,53,115,112,79,2,88,127
39,1,66,135,41,29,1180,45,67,109,74,1,56,72
65,0,66,132,33,27,3403,34,18,104,64,3,49,109
73,1,60,191,40,29,1664,75,46,376,11,4,54,67
37,1,75,149,55,11,3240,161,6,146,61,4,117,119
78,0,46,136,55,39,1002,75,94,166,29,3,116,53
78,1,77,154,25,13,1419,37,76,288,19,4,45,107
65,1,52,135,30,13,1708,36,38,278,66,2,87,108
51,0,40,171,45,29,1743,152,63,31,78,1,70,100
55,0,50,157,48,42,3244,110,21,203,5,3,108,99
45,1,66,126,40,30,3065,91,70,142,54,4,111,104
65,1,40,200,25,28,3150,108,20,214,21,4,105,130
18,1,43,165,29,28,1358,20,55,59,72,1,100,104
22,0,42,195,35,17,1416,151,4,80,80,2,84,98
59,1,62,174,50,7,3435,125,66,93,64,6,88,80
62,1,64,175,35,33,2348,17,85,232,18,7,120,62
35,0,41,123,37,27,2037,8,59,154,73,0,112,97
54,1,72,199,25,24,3342,97,109,376,20,1,78,53
80,1,44,188,44,28,1701,122,31,50,12,0,60,110
72,1,77,127,43,34,2927,154,113,193,57,0,89,119
76,0,79,158,32,25,2378,130,45,103,44,1,71,56
21,1,68,139,45,21,2071,179,58,107,18,6,40,61
67,0,72,124,27,36,2949,90,40,45,75,0,84,109
21,0,56,196,28,26,2092,159,92,367,68,0,41,86
45,1,73,187,27,28,3297,182,63,394,20,6,54,85
43,1,79,121,45,40,2409,132,86,306,80,0,58,110
65,1,60,152,51,12,1885,15,94,188,21,7,103,74
63,1,60,171,38,31,1805,191,118,368,41,0,65,84
44,1,55,170,40,1,3347,191,116,268,43,3,96,129
64,1,71,162,55,18,2908,29,66,131,78,7,92,101
20,0,48,123,54,5,3311,85,112,305,50,6,62,78
21,0,49,190,51,5,2285,3,17,381,19,4,93,122
42,1,58,187,47,38,2912,170,56,346,2,7,61,111
77,1,56,151,45,23,2667,84,92,313,18,1,58,116
24,1,63,181,31,16,1655,192,38,362,12,5,48,119
27,0,69,120,30,32,2098,130,50,157,42,1,94,79
48,1,48,189,41,36,2621,33,2,294,7,7,105,57
75,0,61,134,46,44,2974,156,61,287,22,0,94,70
79,1,45,179,38,11,1661,28,64,294,41,5,118,98
73,1,59,141,43,9,1370,90,25,7,67,0,72,61
31,1,60,159,41,12,3325,79,54,230,73,4,74,119
58,1,68,126,37,20,2469,145,26,302,77,5,110,74
66,0,46,142,28,10,2065,11,23,117,69,3,107,75
80,0,46,159,26,41,1840,175,10,10,43,4,67,86
77,0,55,200,55,1,3113,169,48,225,40,2,73,66
47,1,58,162,30,42,1298,22,25,37,21,6,49,56
76,1,76,152,38,48,1150,200,6,291,25,5,94,93
78,1,80,124,47,1,3055,94,61,371,7,2,58,50
32,1,53,165,34,24,2819,77,25,142,10,7,106,129
25,1,76,122,53,36,2932,88,62,229,5,2,83,64
36,0,56,157,52,7,1900,117,103,266,56,3,74,80
37,1,68,165,43,12,2650,163,116,13,56,2,58,57
57,1,68,133,49,21,3101,96,21,268,0,3,74,99
43,0,44,163,29,50,3095,14,63,274,45,1,72,61
70,1,69,132,25,38,1098,40,27,176,20,3,60,104
37,1,62,172,28,37,1036,28,59,385,76,4,87,59
41,1,53,154,48,26,1091,19,105,115,25,4,105,129
28,0,41,135,44,32,1196,152,92,381,11,7,62,103
39,1,68,166,33,26,2080,49,70,246,65,3,106,80
69,1,40,177,55,12,1449,1,78,237,8,4,50,119
40,0,45,189,29,31,1935,155,20,192,54,1,44,93
55,1,40,182,52,27,1139,58,32,37,43,1,78,62
61,0,65,139,30,34,1796,168,51,362,72,5,95,81
45,1,73,122,26,22,3113,185,113,264,37,2,99,99
22,0,66,129,48,16,1475,80,19,84,19,6,99,118
28,1,48,171,25,14,1159,104,2,81,41,7,97,67
42,1,71,123,42,20,1843,174,15,388,31,7,68,58
48,1,50,139,35,48,1640,33,88,382,70,0,106,93
22,0,42,198,36,16,1613,71,111,174,56,2,102,115
38,1,55,172,38,19,3081,116,63,138,3,2,115,50
55,0,56,131,49,4,2469,16,53,307,23,5,63,88
31,0,74,185,40,30,3161,46,38,198,42,0,56,91
40,0,46,179,29,17,2019,119,65,363,4,7,40,60
55,1,78,153,25,8,1550,3,26,339,32,6,98,58
23,0,48,188,50,41,1682,3,44,212,56,4,77,117
48,1,41,124,51,10,1054,137,26,163,44,0,119,56
24,1,40,172,32,23,1876,127,55,195,28,6,65,79
38,0,50,178,43,35,1183,183,76,149,2,4,81,89
36,0,54,185,42,5,1515,40,14,204,56,3,59,100
54,0,75,147,31,23,3367,158,26,343,14,7,67,101
54,0,50,146,39,25,3056,103,34,140,51,0,65,90
44,0,40,126,53,20,1735,4,106,77,73,3,54,91
50,1,47,127,52,7,2892,108,97,210,15,0,51,95
63,0,57,183,32,44,2232,59,46,182,54,4,107,70
51,0,72,153,47,18,3253,38,100,132,38,3,64,66
34,0,78,196,34,46,1418,1,34,361,10,7,49,104
65,1,49,162,40,6,1980,195,18,103,9,1,42,60
55,1,47,152,49,35,3308,76,99,21,57,6,41,83
41,1,56,168,51,24,1660,67,43,288,56,6,114,116
35,0,66,198,25,35,1280,45,38,249,22,1,106,117
36,1,74,150,55,1,1633,38,58,27,56,4,117,50
62,1,62,163,47,19,1743,50,112,84,34,6,63,80
67,0,63,172,39,17,2365,142,81,35,54,0,98,106
52,0,78,163,37,16,3395,12,3,258,58,4,119,99
24,1,48,197,36,31,1350,199,15,192,62,5,111,66
38,0,67,143,26,14,1171,82,116,377,56,6,56,121
43,0,78,147,38,23,1706,147,83,389,71,5,75,67
32,1,56,145,52,23,3093,146,52,299,66,0,82,92
51,0,43,173,34,18,1224,11,71,91,74,4,73,66
49,1,66,153,39,2,1317,61,103,370,38,1,43,80
27,0,68,136,32,47,2695,136,117,52,52,2,76,125
30,0,63,163,53,26,2106,196,22,31,78,1,79,116
55,1,62,147,32,39,1100,127,71,74,4,2,69,92
43,1,54,180,52,27,1769,80,26,149,24,1,77,67
56,1,54,127,40,47,2400,119,39,74,60,5,73,126
27,1,56,129,41,31,1913,67,69,308,23,1,67,99
40,1,43,188,47,17,3063,7,83,220,9,2,63,95
20,1,68,190,42,30,1766,183,34,45,34,7,114,83
19,0,67,147,55,45,2160,0,52,366,22,0,59,56
77,1,80,148,34,49,2525,41,16,235,27,5,65,94
62,0,52,129,48,39,1504,21,33,167,53,6,41,102
73,1,67,164,46,44,1598,174,41,246,34,1,96,127
80,1,53,141,35,38,2722,130,99,120,31,1,48,110
43,0,41,177,39,9,3420,9,34,2,72,6,98,58
31,0,61,146,55,23,1958,9,57,343,45,2,62,58
70,1,49,136,26,19,3170,15,48,255,28,5,118,111
54,0,44,138,34,11,1676,23,20,327,56,4,84,109
44,1,45,153,33,11,3079,12,67,7,40,0,81,62
56,0,74,162,34,9,1651,22,66,383,71,0,102,95
53,1,43,198,47,26,2035,93,56,228,55,5,68,62
47,0,75,164,45,33,2587,70,50,35,65,0,55,58
57,0,55,122,26,42,1097,68,48,249,41,6,75,128
34,0,61,145,53,23,2487,129,90,350,47,4,120,118
30,1,68,149,46,9,1191,11,71,236,77,1,111,50
37,1,72,196,31,1,2690,173,71,345,63,0,120,114
31,1,41,149,25,18,3476,71,88,23,23,2,59,94
48,0,57,147,53,29,1331,42,109,111,29,2,84,52
24,0,45,170,53,50,2141,67,66,195,5,2,82,63
30,1,61,131,53,35,2037,169,31,15,63,6,62,97
46,0,75,147,53,27,2565,32,62,151,65,2,116,59
26,1,44,173,48,29,1359,78,33,394,43,1,69,122
30,0,48,176,44,31,1298,41,78,133,71,1,43,99
68,1,42,158,55,26,1022,132,79,170,11,2,81,81
37,1,66,160,42,28,1525,131,77,358,12,6,120,99
63,0,76,166,28,19,3463,1,90,40,60,5,104,129
54,0,72,178,50,48,2927,7,100,52,31,5,67,85
54,0,71,149,51,3,2912,66,100,264,31,5,119,71
42,0,80,125,41,18,2069,70,92,93,0,3,109,128
72,1,68,136,34,39,1723,92,15,133,16,7,89,93
40,0,60,182,29,30,3307,59,78,194,4,4,119,98
41,0,63,141,42,3,1201,93,62,144,40,3,62,53
23,1,64,135,41,1,1863,129,63,310,77,4,100,126
29,0,49,133,31,42,1011,188,111,188,77,5,52,70
66,0,43,133,45,13,1644,41,106,317,65,3,90,130
27,0,47,163,55,43,1390,115,24,158,10,0,96,126
35,1,79,139,53,9,2052,193,55,168,9,2,68,118
31,1,59,169,53,43,3160,199,42,238,13,5,113,94
49,1,78,173,53,9,1397,121,36,84,68,3,66,78
30,1,63,166,51,33,3381,196,114,360,49,0,103,85
21,0,68,143,25,26,1300,193,29,218,17,3,113,95
52,1,77,156,51,33,1886,14,41,144,2,5,69,84
23,0,53,200,55,18,1499,40,28,35,31,5,90,98
75,1,72,156,50,24,2354,19,106,211,12,0,96,100
73,0,47,180,44,45,3242,136,92,58,48,2,85,84
68,1,61,161,42,19,2770,122,32,161,72,0,42,95
60,0,41,172,38,23,2218,88,32,176,67,1,61,83
67,1,64,144,47,30,2601,38,97,396,67,7,69,79
48,1,77,129,51,19,1017,131,13,75,59,0,119,109
49,0,51,167,32,18,2555,21,96,312,52,0,53,59
60,0,48,142,35,45,1424,128,1,185,76,3,106,84
18,0,57,146,52,8,3170,5,63,101,6,6,62,88
37,1,45,146,42,44,1720,180,48,146,69,2,96,90
23,1,47,123,27,15,3464,181,108,172,24,6,43,99
26,0,51,132,38,4,2487,30,10,198,72,5,102,97
30,0,74,128,44,13,1868,145,86,132,1,1,60,90
35,1,68,199,41,12,2614,62,25,183,54,3,119,76
56,0,78,186,37,50,2913,107,97,298,36,1,58,51
50,0,64,186,37,33,1443,36,9,143,41,6,91,80
48,0,48,130,27,0,2348,1,81,81,23,0,66,112
45,1,70,137,39,44,3133,146,7,273,47,1,110,123
73,0,47,155,42,38,2493,126,39,254,71,1,42,79
63,1,54,166,33,1,2554,152,110,2,33,6,98,85
40,1,50,155,31,16,1774,117,118,14,30,1,91,87
65,1,59,165,52,32,2957,86,91,115,51,1,77,109
42,0,77,169,36,11,1999,140,62,300,2,3,57,103
32,0,75,184,49,8,2140,21,98,79,19,7,77,124
37,1,41,160,26,34,1242,120,77,313,13,5,112,119
29,0,63,157,49,24,2124,102,80,302,48,2,95,91
32,0,57,142,40,36,3189,128,118,78,34,3,104,77
79,1,54,192,26,20,3364,81,55,372,39,7,70,118
38,1,47,125,40,42,3030,102,86,262,36,5,53,81
29,0,51,199,41,33,1362,168,27,287,19,1,104,78
80,0,61,157,46,16,3434,163,85,379,17,4,70,96
74,1,46,147,30,18,1617,76,78,324,61,0,64,94
50,0,56,169,38,1,1392,195,18,149,61,1,42,123
66,0,41,173,36,16,3328,176,98,278,16,7,65,94
80,0,54,143,38,4,1337,34,120,20,11,6,44,73
72,1,52,152,40,8,1603,101,65,250,59,0,84,126
35,1,65,167,29,39,3339,176,103,254,21,3,43,119
64,1,52,199,34,14,3168,51,33,240,61,4,92,93
58,1,69,141,27,5,1913,64,102,223,79,3,61,71
21,1,73,139,46,10,1228,21,42,398,0,7,77,125
19,1,75,153,50,32,1251,24,13,392,72,6,62,117
60,0,53,128,37,7,2319,120,113,88,5,6,55,115
75,0,41,188,43,22,1913,85,78,47,76,7,54,111
25,0,74,174,25,5,2031,130,65,46,8,7,103,73
25,0,57,156,40,43,3123,25,31,75,41,5,48,68
69,1,65,165,38,1,2892,74,23,70,68,4,41,60
32,1,77,189,52,33,2292,39,99,122,26,6,48,101
58,0,47,148,50,44,1107,2,74,179,0,2,60,128
42,1,66,121,50,24,3477,97,64,194,17,6,110,59
37,1,80,163,36,45,1833,103,47,61,74,7,82,51
75,0,63,121,55,2,1451,148,87,365,66,0,91,59
33,0,69,121,45,9,2009,44,90,247,59,5,113,94
56,0,69,144,31,46,1722,73,13,121,48,4,70,87
45,1,59,155,28,37,3061,72,4,350,79,6,101,116
41,0,43,145,43,37,2489,14,45,117,27,7,111,59
59,1,66,129,30,23,3479,121,79,8,29,5,73,79
29,0,64,155,30,10,2091,20,44,380,53,0,93,68
56,0,43,171,31,6,1599,172,47,243,13,1,103,79
18,1,50,160,28,41,3065,175,90,110,35,7,54,68
61,0,42,125,37,19,2916,121,118,116,57,2,61,102
60,0,73,140,48,17,2671,15,61,305,32,3,86,116
59,1,78,176,31,38,1606,80,65,166,27,4,102,87
41,0,46,134,50,40,2178,194,43,357,0,3,58,93
57,0,70,150,44,42,3304,125,77,71,47,6,43,52
27,0,54,174,50,39,1741,81,56,334,12,3,56,80
45,1,55,166,26,5,3450,13,48,307,34,7,60,94
42,1,51,124,34,37,2909,21,102,229,65,2,83,72
45,1,58,153,40,5,1145,100,25,125,68,3,89,94
51,0,53,162,25,45,3076,140,103,360,46,1,106,53
63,1,53,192,35,16,2805,56,19,147,15,6,120,108
60,0,56,197,53,42,3199,141,37,153,42,2,109,104
38,0,75,175,45,30,1104,125,64,321,80,6,111,99
35,1,79,200,36,21,1262,160,105,357,45,7,62,77
44,1,71,191,53,8,1250,184,53,127,30,3,48,82
34,0,79,145,33,40,2957,149,44,54,49,4,84,129
37,0,43,175,36,13,2429,127,102,200,44,5,54,66
60,0,54,140,51,27,2108,19,93,358,39,0,55,129
65,0,80,170,48,9,2387,13,29,200,66,7,120,116
73,0,79,141,35,8,2537,139,46,385,35,2,49,72
61,1,53,176,50,29,2779,8,62,398,71,4,48,56
71,1,43,149,45,25,2553,69,83,312,6,3,93,54
34,1,48,165,42,6,1830,172,62,319,7,5,119,109
58,0,60,142,43,32,2035,11,12,198,1,1,53,129
58,1,62,194,48,4,2275,177,33,340,69,4,112,128
30,0,45,169,44,9,3063,183,63,356,11,3,113,87
66,0,59,125,28,9,1900,7,64,241,29,4,42,115
36,0,59,139,55,40,1900,82,37,75,33,6,95,107
35,1,44,135,50,35,3082,5,39,160,15,2,67,56
45,1,80,200,43,8,2316,92,3,293,58,3,111,115
24,0,77,178,49,13,2804,92,46,35,60,5,61,71
45,1,58,123,55,19,3171,102,30,50,24,4,106,130
63,0,64,188,55,7,2299,101,18,218,51,2,47,109
19,1,67,155,26,2,3078,199,41,15,77,6,102,120
33,1,58,169,41,5,2177,156,63,184,3,4,86,50
64,0,66,184,45,37,1924,60,56,212,25,5,88,124
73,0,69,164,38,20,2257,50,53,228,2,1,48,112
42,1,78,186,54,13,3041,80,1,114,10,5,65,88
72,0,76,169,45,11,3212,149,55,302,65,7,92,110
52,0,48,142,54,14,2368,40,88,227,62,6,84,109
33,1,63,180,46,7,1069,21,3,113,7,3,45,121
29,1,74,192,28,29,2470,177,113,77,21,7,116,87
38,0,54,165,30,20,1851,48,63,197,61,4,88,95
24,1,40,172,46,31,1314,98,113,37,25,6,50,97
34,0,74,137,46,32,1016,32,70,126,80,5,97,73
44,0,65,155,29,50,1647,123,71,0,21,7,45,125
30,1,67,188,44,8,1680,180,61,350,5,1,78,114
18,1,43,161,34,13,2873,103,28,165,8,0,108,106
20,1,62,186,35,10,1430,150,16,106,28,2,97,97
66,0,66,129,50,5,1040,26,120,268,12,3,110,62
55,0,65,146,42,12,3095,106,113,138,35,1,51,130
65,0,75,196,32,19,2779,172,108,235,6,0,56,64
26,0,50,151,40,11,2827,52,16,169,73,4,115,112
79,1,55,184,43,26,1044,76,90,287,64,0,108,81
75,1,63,169,55,19,1441,11,31,242,39,3,64,83
57,1,41,166,34,11,1871,112,59,366,80,0,120,50
34,0,71,135,37,7,1557,51,32,45,62,2,52,79
33,0,53,133,43,3,2561,39,2,121,69,7,78,81
42,0,49,126,26,15,2227,199,52,232,61,7,117,59
46,0,50,148,29,31,3050,12,84,212,34,4,70,108
70,0,49,183,35,13,1919,117,22,143,30,3,93,121
25,0,43,152,33,19,2244,127,1,245,43,7,106,74
23,0,53,150,43,46,3452,179,75,65,25,7,41,103
22,0,62,186,30,14,2206,75,22,288,18,0,77,84
51,0,75,126,38,7,1491,49,63,339,34,6,51,119
45,1,49,179,26,5,1308,161,35,51,12,7,46,88
37,0,61,174,52,10,2565,103,85,333,35,0,93,55
59,1,51,161,49,35,2680,4,76,49,75,6,72,88
41,1,73,173,28,4,2033,133,25,348,10,1,45,67
39,0,49,164,33,26,2416,148,29,307,1,6,47,89
76,0,80,130,49,49,1210,136,65,146,27,5,92,127
52,0,59,186,44,15,2451,106,70,282,4,6,46,73
32,1,75,129,53,9,1429,33,31,101,22,1,42,87
76,1,64,169,27,22,2934,151,22,273,34,0,63,122
43,0,43,129,47,20,1564,54,113,176,45,4,51,115
54,0,68,129,26,10,2700,138,87,3,49,3,80,60
42,0,76,137,39,4,3303,99,39,22,52,6,83,61
53,1,74,120,31,12,1548,92,96,131,75,6,90,66
79,1,70,183,32,35,1496,158,74,34,20,2,107,117
64,0,48,144,36,5,1154,151,10,196,5,3,89,99
37,1,78,134,30,48,1744,50,80,381,24,0,44,71
66,0,41,169,48,40,1260,75,34,19,62,7,46,130
51,1,44,191,41,7,3191,119,82,125,80,6,116,109
56,0,62,126,44,7,3420,123,0,292,17,7,91,80
49,0,40,196,29,44,3384,145,120,64,6,5,65,70
33,1,49,159,46,20,1639,125,15,191,37,5,95,128
57,0,70,138,27,47,1772,103,86,9,59,5,57,102
76,0,43,178,36,43,2286,58,68,222,60,6,79,62
59,1,79,184,32,26,2428,189,3,237,62,1,66,61
34,1,57,179,51,29,1618,73,97,125,49,6,40,114
37,0,43,194,32,41,3320,154,3,281,35,7,44,77
53,0,54,144,30,3,1179,82,20,40,42,3,63,69
40,0,68,172,53,24,1112,176,1,293,16,5,60,107
25,1,73,187,46,10,2306,181,61,153,72,7,94,59
71,0,58,191,29,19,1947,91,62,316,52,5,102,107
52,0,42,139,49,45,1913,27,36,97,72,1,42,60
57,1,65,141,37,30,3103,60,88,234,28,7,89,122
35,1,65,155,28,27,3289,87,108,269,21,5,95,58
40,1,66,148,28,1,3269,33,28,162,79,2,54,76
44,1,54,182,32,49,3158,38,28,330,50,3,112,79
23,1,66,196,39,35,2434,45,92,195,59,2,55,128
34,0,63,147,28,21,1866,100,91,384,30,4,53,123
30,0,47,144,49,37,1746,96,47,180,37,6,92,107
32,1,50,140,37,19,1592,90,61,19,70,5,62,70
49,0,62,194,28,8,2228,187,68,271,60,4,40,119
75,0,70,187,40,24,1983,117,56,261,24,4,50,64
52,0,49,149,52,23,2813,92,35,231,74,4,83,93
59,0,60,130,44,10,1001,127,103,58,8,6,68,117
57,0,42,152,46,27,1358,156,15,278,67,6,120,80
43,0,63,184,50,42,2153,81,64,11,37,0,59,68
67,0,43,129,53,12,1917,53,22,325,62,4,71,50
61,0,70,122,30,17,2584,115,9,369,67,1,112,91
46,0,62,125,44,35,1654,147,60,1,46,2,41,107
36,0,63,182,40,41,1114,38,31,127,66,4,60,129
55,1,49,192,46,38,1485,142,35,331,68,5,101,122
61,1,80,124,28,11,1439,144,96,84,41,6,64,73
18,1,53,192,27,0,3005,157,59,26,32,2,114,90
75,1,64,129,54,28,1922,125,116,364,61,3,94,52
61,0,76,156,47,45,2822,130,11,108,31,3,72,72
41,0,80,200,28,15,3354,55,55,257,44,7,61,105
68,0,61,181,38,13,1064,176,5,29,2,6,100,83
43,0,62,122,30,29,2738,122,85,120,45,4,55,119
22,0,62,124,29,36,1505,80,56,186,39,5,53,97
26,0,58,166,32,3,3360,39,64,399,71,0,86,62
78,1,66,170,54,17,1511,188,65,120,21,3,120,93
47,0,79,154,46,7,1964,22,9,285,34,1,60,118
56,0,56,123,34,49,1148,60,44,11,74,6,48,53
20,1,59,179,54,45,3468,131,67,174,74,0,65,92
55,0,76,180,53,7,3442,165,59,269,31,0,40,91
39,0,49,121,52,19,3266,13,95,333,38,7,103,104
53,0,65,144,34,13,3374,146,47,55,67,2,89,100
64,0,48,179,44,27,2055,82,83,84,61,7,105,73
62,0,54,186,45,25,2211,46,95,110,46,1,109,67
19,0,68,155,45,16,3480,52,57,274,56,6,59,73
50,1,46,193,25,24,3427,96,49,266,5,5,74,53
79,0,77,153,35,0,3279,194,27,238,64,1,102,109
40,1,47,130,41,14,2892,20,35,191,38,2,119,127
80,1,41,190,28,26,1821,47,63,234,17,4,54,55
40,0,67,141,54,14,1434,193,81,271,14,2,41,118
59,0,76,135,52,34,2965,74,37,159,63,6,111,123
63,0,74,147,30,14,1789,126,88,369,30,5,93,86
21,0,67,138,25,5,2987,147,37,331,7,6,83,54
43,0,40,159,34,45,2371,89,109,254,11,3,48,102
61,1,72,196,48,9,2398,173,21,345,13,4,92,126
35,0,77,126,51,19,1777,121,112,169,63,6,43,66
37,0,52,171,44,38,1652,87,104,255,39,4,97,100
31,0,72,147,37,21,3191,175,118,348,15,2,101,78
46,0,64,139,33,37,3248,103,115,98,26,1,52,123
63,0,48,195,33,33,1201,186,36,72,22,0,120,52
55,0,44,175,49,30,2367,190,61,137,11,7,50,63
26,0,51,156,38,41,1300,98,30,399,17,3,56,64
78,0,47,173,30,33,1863,197,53,122,55,1,40,105
26,1,48,159,29,15,1653,65,81,257,52,5,114,118
58,0,60,177,28,9,1291,77,14,247,63,4,52,119
46,1,60,143,30,35,2498,63,75,118,48,2,50,115
19,0,70,174,34,28,2379,45,6,117,2,0,68,53
60,1,48,191,44,29,3408,80,110,382,18,0,99,96
68,1,46,136,44,9,1244,60,81,175,38,5,117,105
22,1,44,197,36,25,3137,187,94,24,6,7,114,118
36,0,56,122,44,19,1874,11,92,108,63,4,120,52
37,1,49,158,39,42,1330,143,119,279,62,3,115,50
37,1,72,170,53,15,1461,184,22,258,15,2,52,58
36,0,52,173,50,45,2367,9,84,10,27,1,65,51
74,0,77,168,25,18,2491,166,57,368,24,7,107,102
42,0,73,195,53,32,3032,46,47,89,29,0,82,82
61,0,75,189,45,30,2452,116,1,295,39,5,54,110
60,0,71,157,29,20,3183,93,9,234,32,4,108,116
33,0,63,193,33,42,2238,85,12,356,68,1,61,64
21,1,61,135,33,24,1906,60,40,76,30,4,117,65
42,0,46,149,28,16,2987,123,16,6,47,4,103,107
57,1,51,160,51,38,1001,108,18,394,42,6,64,76
37,1,51,160,35,21,2545,54,28,17,59,1,103,103
63,0,80,172,39,43,3419,186,86,275,20,5,113,123
22,1,58,140,51,11,1557,111,37,161,3,1,92,59
35,0,53,147,27,22,2911,29,64,262,11,0,65,130
61,1,51,144,44,42,1537,31,40,373,44,7,60,108
67,0,79,126,35,46,1664,73,65,329,28,2,68,123
78,1,66,144,47,24,2623,46,72,178,10,0,92,62
78,0,63,178,25,20,2691,83,108,371,37,4,116,90
54,0,64,180,38,20,2512,39,66,1,5,2,60,100
25,1,70,170,41,21,2250,157,40,2,79,0,69,96
77,0,48,197,32,11,1214,5,6,298,12,3,69,68
72,1,55,197,45,0,1741,24,57,254,26,4,62,111
57,0,47,186,55,16,3414,96,71,290,40,1,116,128
36,0,44,178,50,9,2700,120,97,54,69,6,56,65
25,1,43,175,25,36,2269,105,27,7,21,6,113,71
71,0,55,186,30,25,2984,47,75,249,47,7,69,117
46,1,69,187,30,25,3121,7,44,390,80,1,116,111
74,0,47,131,34,6,1903,108,58,114,47,4,99,113
30,1,75,199,44,36,2407,150,103,120,42,1,63,103
56,0,50,124,53,21,1105,125,36,297,7,4,96,114
78,1,47,155,53,2,1187,93,101,377,59,0,65,82
55,0,72,140,35,15,1775,187,86,158,41,4,77,60
74,0,76,149,42,10,1526,19,110,84,62,4,109,114
29,0,42,133,35,17,1499,90,58,254,41,0,81,82
49,1,72,144,29,26,1924,120,69,103,59,2,44,83
73,0,80,178,39,37,1185,136,50,379,53,7,80,122
76,1,45,144,38,2,2595,61,23,341,3,3,108,65
56,1,41,131,55,21,3452,117,43,354,59,6,100,105
67,0,45,180,44,3,1615,193,33,20,36,3,105,80
28,0,58,151,30,37,1280,13,94,124,48,0,107,51
37,1,52,155,52,10,1346,157,31,237,29,4,64,54
20,1,53,186,55,21,1340,170,100,56,62,4,65,103
76,1,70,132,29,18,2539,146,17,151,42,5,102,92
47,1,62,128,33,39,2640,52,20,150,76,6,46,82
44,0,51,185,34,42,3002,96,36,320,74,3,119,119
63,1,46,122,51,47,1330,143,75,66,79,0,111,104
48,0,58,194,36,13,1769,105,103,52,76,2,101,87
51,0,62,138,52,20,1725,194,107,320,20,0,109,88
32,1,51,199,46,2,3255,35,56,37,6,0,75,68
65,1,56,188,46,34,3079,21,64,279,39,3,68,56
60,0,55,130,34,10,1215,192,15,398,38,7,91,80
37,0,54,162,35,6,2012,49,50,348,44,4,96,91
36,0,58,172,50,18,2573,43,117,228,25,4,87,91
44,1,79,168,54,13,1873,74,30,248,52,7,117,124
37,0,61,141,38,31,3278,68,103,145,28,0,80,104
20,0,55,124,54,30,1194,115,118,231,14,1,54,71
49,1,44,182,49,8,3359,196,51,99,29,5,56,109
68,1,66,122,55,27,2038,154,15,139,65,3,93,78
77,0,47,164,53,21,1326,30,21,107,23,1,72,79
25,0,63,142,50,17,2043,18,89,133,24,7,88,99
28,0,41,169,40,17,1339,32,113,232,65,2,61,128
49,1,41,132,48,31,1929,37,116,361,44,1,75,51
66,1,80,188,42,44,2445,200,120,2,25,0,52,69
78,1,58,183,55,0,2071,167,82,292,11,3,60,89
49,1,42,181,33,13,2868,38,106,140,62,6,62,95
31,1,79,166,52,43,2095,6,87,349,31,7,57,112
66,0,55,170,45,29,2366,44,110,279,25,3,62,75
35,0,51,178,44,44,2467,40,106,149,55,4,42,124
34,1,48,196,27,38,1273,155,119,67,20,6,89,51
20,0,56,157,55,29,2405,70,1,292,80,5,115,100
45,1,72,127,43,33,1523,187,102,61,49,6,69,99
26,1,46,136,55,30,2379,117,101,22,5,5,42,119
26,1,71,148,45,11,1016,184,1,199,52,5,120,118
48,0,65,136,34,28,1501,101,68,275,48,3,70,81
70,0,64,148,40,17,1679,161,73,373,72,0,55,105
28,1,54,196,37,29,2339,4,77,143,39,6,64,79
28,0,71,126,47,19,2907,165,56,12,72,2,58,86
60,0,60,160,44,50,2522,98,39,368,47,1,98,97
31,0,77,174,36,22,1260,131,93,252,12,0,49,60
59,1,54,150,53,13,2025,42,96,311,56,3,118,110
75,1,48,138,55,15,3032,31,60,305,32,4,70,68
79,0,73,144,51,22,2521,74,45,212,66,7,69,55
69,0,71,126,38,33,1188,77,16,103,17,3,112,59
24,0,62,132,30,20,1821,129,5,312,59,2,77,79
32,0,78,174,32,38,1693,35,10,252,21,4,48,115
50,1,50,140,36,14,1533,154,19,152,62,7,81,87
64,1,51,173,30,5,3000,199,102,355,6,0,43,104
79,0,70,137,31,46,2178,193,28,305,24,2,98,115
58,0,80,121,39,15,2017,133,64,393,22,6,102,75
23,0,62,167,51,15,1035,159,7,182,20,1,62,93
48,1,50,191,30,2,3197,199,12,272,18,6,107,111
51,0,66,191,36,9,2667,147,4,23,30,6,54,127
80,1,57,196,25,22,1346,157,32,382,46,4,71,53
64,0,60,155,33,16,2908,81,77,350,31,3,92,75
45,0,77,123,54,15,2679,193,2,290,42,4,84,130
44,0,41,143,43,26,1267,18,19,308,15,7,63,69
75,0,60,185,39,25,2264,131,86,175,12,4,103,116
75,1,76,125,43,40,1842,24,62,299,23,7,61,66
27,0,54,162,42,36,1479,169,114,338,48,0,113,71
71,1,47,145,50,18,3469,156,62,129,52,6,75,117
60,1,42,197,42,44,1153,174,113,191,68,3,119,114
30,1,51,150,25,24,1676,126,76,255,55,0,44,105
24,1,64,146,41,46,1468,87,16,398,7,5,64,121
71,1,78,183,54,34,3360,42,38,62,55,0,97,62
29,0,52,159,38,6,2241,23,17,217,58,7,58,92
78,1,51,192,45,36,3329,92,14,39,16,5,88,62
47,0,77,150,38,32,2417,59,77,202,65,3,112,90
48,0,53,191,27,14,1489,145,54,2,8,4,59,115
52,1,60,133,50,45,1830,183,106,13,77,4,49,62
29,1,77,130,45,5,2870,35,76,265,2,6,55,62
58,1,47,161,52,40,1431,158,17,312,25,1,116,78
76,1,74,175,33,33,2287,95,57,151,16,1,54,97
36,0,80,124,49,3,1516,168,39,9,63,2,80,79
30,0,77,194,45,9,3497,192,17,199,28,0,119,84
53,1,62,186,53,4,1191,128,19,12,47,5,72,88
76,0,57,127,42,2,1387,137,50,178,51,7,81,60
55,1,45,149,44,49,3207,135,65,198,33,5,85,99
44,1,49,193,40,30,3261,148,19,247,31,3,76,52
19,1,57,137,28,11,2578,155,56,84,15,3,118,122
36,1,60,190,42,0,1985,130,9,18,57,6,57,104
50,1,70,197,52,45,2395,192,87,361,40,2,82,113
28,0,43,188,37,4,3322,50,66,280,3,2,51,69
19,0,42,137,43,44,1264,132,57,130,10,6,76,59
24,0,66,174,32,33,2822,176,116,245,6,4,104,117
19,1,40,165,48,1,3143,11,105,112,65,0,81,115
79,1,52,143,36,1,3286,138,118,37,76,3,76,62
34,0,47,152,54,9,1657,95,119,397,73,2,85,73
77,0,54,136,48,22,1335,143,35,180,55,0,101,51
42,1,75,123,43,25,1082,186,26,82,72,2,51,50
51,1,71,188,49,2,2892,107,33,189,29,4,98,65
78,0,49,120,30,7,2030,153,110,332,43,4,88,102
39,0,48,139,25,27,2147,57,115,331,42,0,101,118
68,0,46,165,38,28,2020,2,63,173,33,2,67,99
35,1,40,171,37,2,2625,99,3,222,36,7,55,53
80,0,74,176,39,38,1669,53,8,395,21,2,76,60
49,0,77,142,54,43,2588,89,120,124,0,4,120,57
71,0,46,129,36,13,1174,65,37,221,32,5,120,76
73,1,50,128,49,49,2983,86,40,136,32,5,47,82
23,0,72,159,35,10,1802,54,74,109,47,1,59,84
36,0,53,138,52,34,1537,66,91,168,22,4,89,118
33,1,64,185,47,42,2913,98,37,46,72,0,89,61
50,0,77,145,38,37,1359,62,106,219,22,7,57,98
56,0,48,136,37,0,3328,138,19,333,30,7,67,97
18,0,71,139,40,30,2116,33,25,113,17,7,55,56
31,1,58,158,38,37,3161,69,89,290,19,1,75,130
34,0,48,199,40,21,2194,188,96,97,29,0,110,116
55,0,44,169,45,33,2654,178,23,21,21,7,92,110
79,1,48,138,52,2,1934,45,38,275,46,5,66,128
27,0,75,139,49,10,3182,168,15,348,80,1,51,80
44,0,40,155,51,36,2114,148,13,387,15,2,94,108
34,1,61,160,28,44,3300,143,117,70,18,4,60,77
74,0,79,200,39,29,2371,13,0,168,3,4,89,63
78,1,65,155,34,26,1126,165,45,266,45,3,83,50
38,1,54,131,39,23,1965,165,69,334,64,4,68,123
21,1,58,149,53,39,2290,28,17,37,43,1,104,62
52,1,76,139,45,9,3477,146,49,296,19,3,48,63
37,0,60,195,29,45,1701,103,39,267,9,4,80,66
48,0,78,164,31,38,1105,186,16,167,4,3,61,67
75,0,55,180,34,44,2310,33,74,282,70,3,81,113
26,1,63,199,45,30,2516,84,47,96,24,6,120,98
69,1,60,129,28,30,1651,185,96,244,41,2,54,79
79,0,47,143,37,15,1944,172,89,66,44,3,69,66
67,0,41,196,44,40,3491,87,87,295,77,6,66,90
75,0,42,133,43,44,1585,12,22,310,70,2,62,50
78,0,68,194,41,1,1845,60,119,384,39,2,86,123
70,1,52,147,36,32,2466,147,53,43,40,4,107,124
76,0,77,135,43,9,2813,8,119,198,77,5,119,101
61,0,54,127,35,26,3408,109,111,262,37,6,69,59
28,0,46,132,27,50,1138,126,93,296,58,0,62,103
52,0,55,141,27,4,2157,22,51,177,24,2,118,90
75,1,75,157,41,9,2776,199,83,211,3,7,114,53
24,0,80,149,48,8,3500,189,43,300,48,7,91,90
71,0,78,147,36,33,2544,182,28,281,50,0,40,53
38,1,41,149,27,46,3064,199,92,165,28,3,40,115
80,1,51,131,30,8,2700,50,13,305,5,7,43,114
48,1,66,177,53,41,2757,54,64,191,5,3,60,50
20,1,74,181,37,35,1147,160,116,13,29,7,103,115
46,0,74,124,38,0,1001,46,10,308,28,2,64,77
19,1,65,197,37,27,3283,18,24,308,42,0,113,62
22,1,49,180,50,35,3144,119,6,176,36,2,78,127
25,1,60,186,55,6,1451,78,42,311,51,3,49,115
39,1,63,190,40,38,1261,192,44,57,50,5,97,52
75,1,43,184,34,35,3450,181,56,112,32,6,88,53
52,0,44,195,29,44,2377,66,66,365,9,1,101,102
55,0,47,172,26,7,3073,56,2,98,37,7,77,123
52,0,58,172,45,29,2551,79,119,190,9,7,105,109
72,0,77,191,41,14,2837,113,48,69,9,7,45,128
54,1,60,167,25,3,2695,196,64,337,58,7,50,103
73,0,45,194,33,38,1532,104,18,299,10,4,62,89
78,0,49,123,55,25,1688,198,59,74,49,4,57,74
61,0,41,150,50,39,1262,7,109,94,61,3,52,123
77,0,75,191,41,16,2414,73,28,144,60,5,102,125
66,0,74,160,36,23,1076,50,28,173,23,1,118,65
20,1,78,150,38,3,1891,148,50,77,19,6,68,108
42,0,53,124,48,37,3081,195,1,105,56,0,110,69
80,0,78,150,37,4,3196,143,117,336,31,6,67,105
22,0,67,185,43,42,3310,163,87,369,13,0,79,62
32,0,74,161,54,8,1132,137,37,280,8,5,62,130
48,1,73,129,35,12,1640,146,88,241,75,0,116,57
57,1,68,189,46,48,2890,74,97,283,47,7,54,86
69,0,66,156,26,47,2059,48,45,249,28,6,63,87
79,0,71,140,44,37,3408,170,96,51,26,2,87,51
26,0,52,152,50,50,1745,134,75,190,15,3,44,111
21,0,50,139,38,34,2722,23,11,347,20,6,113,117
53,0,65,174,41,10,1415,65,92,386,30,7,68,74
73,0,62,160,38,31,1597,68,77,148,41,7,82,72
76,1,56,176,30,46,2636,121,9,147,44,0,105,67
19,0,75,157,26,35,2390,124,50,108,21,3,69,83
60,1,79,178,48,13,1411,169,79,94,64,3,110,67
30,0,63,174,50,2,2403,153,91,165,10,1,93,87
28,1,49,177,44,42,2966,8,30,128,80,7,79,109
32,1,71,157,28,36,3259,11,61,114,30,1,44,117
43,0,46,168,36,22,1571,79,62,302,69,5,63,118
76,0,49,171,43,47,1242,2,42,379,72,5,86,81
57,1,60,186,48,25,3452,117,98,288,62,6,67,126
42,0,47,192,54,5,1697,44,16,9,42,5,81,59
64,0,45,168,51,17,2182,0,84,106,32,5,114,123
41,0,42,175,36,3,2434,112,74,9,3,4,68,71
45,0,67,149,33,48,1956,105,70,163,2,4,120,89
51,0,69,135,29,1,3360,190,52,294,48,3,52,90
33,0,46,176,27,15,1310,89,93,368,67,5,80,106
61,0,75,178,44,43,2698,184,13,349,10,6,44,66
42,0,59,162,52,26,2197,59,117,248,34,4,87,51
74,1,40,137,41,38,1149,14,118,284,5,2,117,58
20,1,70,146,34,3,3359,31,104,22,20,5,59,112
30,0,65,170,41,47,1563,171,13,321,0,7,70,57
34,1,46,157,27,50,1355,175,69,16,76,3,90,88
78,1,78,139,48,26,3093,57,47,296,16,6,70,114
73,1,53,133,43,13,2307,142,17,75,9,7,106,92
20,1,42,175,52,30,2055,59,69,286,35,7,120,104
53,0,47,156,26,48,2708,171,6,118,29,7,51,55
53,1,73,182,38,32,2492,110,37,69,76,0,66,81
61,1,69,144,55,2,2855,29,101,366,67,1,93,112
18,0,55,135,40,4,3034,170,109,35,20,7,47,57
49,0,62,171,52,33,1362,70,66,150,46,0,109,67
74,1,52,155,40,44,3337,35,30,91,66,0,93,68
71,0,62,135,33,45,3271,10,47,246,78,3,68,71
29,0,73,137,33,27,1806,122,43,126,18,7,94,69
38,0,63,141,44,10,3415,21,11,352,24,7,55,51
74,0,44,136,49,42,2082,132,54,317,75,3,43,66
77,1,48,155,35,32,2851,81,67,25,76,0,47,119
52,1,59,167,55,2,3390,73,101,37,53,7,68,84
29,0,54,163,51,50,2859,160,45,48,47,3,82,130
70,0,64,153,42,16,1614,181,36,78,30,3,107,86
36,0,79,132,33,1,2088,38,51,46,25,5,96,113
38,1,51,142,49,18,1964,47,43,300,14,2,118,105
50,0,51,177,34,14,2518,68,79,38,61,6,115,90
41,1,73,129,25,43,3088,74,17,151,24,5,106,56
27,0,59,180,34,29,3430,169,78,290,51,7,66,84
52,1,54,129,39,46,1569,144,54,129,26,1,76,87
26,1,70,182,30,36,2908,21,42,100,5,4,87,69
47,0,59,185,42,43,2687,101,116,212,70,6,75,54
25,1,50,176,26,2,1201,121,109,251,38,3,102,127
53,0,77,175,45,19,2695,141,11,164,36,5,90,102
76,0,56,140,37,7,3033,138,111,143,18,0,60,84
29,0,75,143,43,12,3043,190,24,119,76,3,100,130
74,0,73,132,47,22,2731,195,90,67,51,1,91,60
50,1,47,139,27,16,3284,187,14,345,62,5,40,122
35,0,63,180,41,49,2087,66,114,391,78,2,57,95
71,0,65,189,49,11,1479,180,38,82,57,3,102,122
49,0,56,127,31,4,2037,120,51,57,36,0,109,110
55,0,67,179,55,22,2493,139,109,161,49,7,108,54
68,1,42,162,27,22,1781,91,32,385,43,7,114,57
59,1,41,186,51,13,1180,44,28,102,3,0,112,79
77,0,77,137,47,49,1356,48,102,382,15,0,62,109
46,0,65,195,37,11,2165,104,59,16,61,6,52,84
55,1,62,147,38,47,2570,114,74,388,53,4,50,63
36,1,63,166,33,17,2134,167,19,151,47,0,79,84
39,1,69,192,39,26,3259,199,80,268,72,1,109,104
43,1,65,183,29,12,1385,78,62,389,43,4,118,50
61,0,57,157,42,6,2858,81,18,282,38,6,82,88
57,0,68,126,42,13,2549,96,78,297,38,0,49,80
20,1,60,182,41,40,1141,190,94,342,18,5,61,83
32,1,59,178,54,26,2855,23,95,219,67,3,114,123
44,1,75,190,28,1,3304,2,116,311,23,6,69,66
26,1,43,120,35,10,1670,59,65,293,30,6,62,98
51,1,41,122,39,19,3342,6,7,188,16,6,52,52
71,0,41,179,48,2,2416,112,81,252,70,5,113,127
49,0,46,129,41,37,3476,160,84,135,71,5,70,77
29,1,42,198,30,46,3297,32,55,338,63,6,75,109
66,1,70,135,32,23,2632,109,25,149,9,2,65,97
56,0,59,151,34,43,2970,55,31,308,51,6,104,84
71,1,45,191,53,23,1528,34,19,63,65,7,50,123
39,1,52,164,28,46,1552,196,112,6,35,5,56,124
43,0,58,155,42,0,1315,45,95,249,59,7,92,80
37,0,73,181,53,20,2797,138,41,151,2,1,117,79
56,1,57,165,31,39,1342,20,81,24,61,6,77,51
48,0,72,177,26,14,2000,110,4,129,30,5,101,63
34,0,51,148,29,10,1624,175,22,307,9,6,118,114
76,0,43,158,34,0,3211,21,32,198,52,7,117,113
70,0,44,168,34,40,1538,198,33,179,48,7,70,66
65,0,64,134,39,5,2715,181,10,98,60,2,85,54
37,1,68,162,52,13,2848,65,28,95,68,5,55,78
41,1,47,197,26,37,1249,107,60,269,73,0,78,76
46,1,79,180,55,5,2197,170,70,322,78,7,58,60
35,1,53,161,33,30,1631,151,34,388,46,2,75,64
78,0,76,123,40,34,1438,127,77,250,31,2,45,76
43,0,41,160,29,10,2335,10,16,236,74,7,54,97
30,0,61,182,47,12,2785,123,24,344,3,1,97,88
74,0,71,179,50,28,3294,43,71,147,5,4,73,74
22,1,63,161,43,49,3075,134,98,140,56,7,96,130
65,1,61,199,40,41,2470,56,101,113,66,5,120,74
64,0,60,190,51,27,2220,96,10,338,22,5,64,55
70,0,73,191,46,37,2222,48,69,168,0,0,47,115
23,1,59,122,53,48,2046,55,35,5,43,7,102,95
37,1,58,129,43,6,2730,170,65,117,67,3,75,105
53,1,58,132,36,49,2446,184,51,238,30,0,97,77
43,0,66,130,54,45,2035,182,4,204,21,1,45,75
78,0,52,135,46,35,3330,110,101,5,59,6,102,114
71,1,72,197,46,27,2808,42,42,133,79,3,97,100
30,0,56,194,33,45,1696,124,23,320,3,1,90,81
20,1,56,197,42,22,1586,189,29,142,40,7,114,112
67,1,77,141,49,8,1035,184,67,268,70,7,53,114
72,0,74,167,41,32,2115,23,99,328,21,0,106,64
79,0,76,138,27,18,1619,199,86,107,16,3,93,67
51,0,44,165,26,44,2425,90,0,23,20,4,93,84
43,0,72,181,33,4,3314,141,28,318,70,4,87,89
78,0,55,184,54,11,1691,38,99,193,7,4,47,126
28,1,60,177,39,38,3039,87,113,9,71,1,92,96
44,0,49,180,42,8,1699,105,4,204,26,3,45,58
20,0,73,196,29,8,3304,66,37,335,56,5,52,79
70,0,73,160,28,15,3182,5,64,9,79,0,119,83
46,0,78,120,45,22,3380,78,33,133,25,5,58,114
55,1,67,198,45,18,1937,121,100,193,39,6,45,110
23,1,77,194,32,2,2426,28,59,236,4,3,51,97
77,1,48,195,39,28,2073,127,46,193,35,0,45,102
75,0,53,144,33,46,2928,9,42,230,1,3,104,99
25,0,48,133,28,14,1682,170,20,221,14,1,65,96
21,0,78,182,39,42,1457,116,86,227,1,6,103,110
19,0,66,181,32,19,1908,111,14,31,32,2,107,57
18,1,43,189,38,26,1925,109,0,376,50,4,84,106
48,1,71,124,51,14,1406,99,12,37,56,1,63,59
56,1,71,156,35,23,1791,36,72,131,70,7,63,78
53,1,65,156,33,40,2432,136,10,154,36,2,100,65
49,1,41,125,33,49,3408,170,39,351,79,1,89,84
25,1,52,186,25,18,2400,80,106,354,15,4,110,70
23,0,41,196,52,23,2812,39,88,54,72,0,98,93
48,0,40,192,40,42,1157,41,26,365,8,1,93,118
38,1,59,164,44,26,3126,159,10,191,43,6,110,68
21,1,60,163,43,12,3500,90,46,290,2,4,70,54
78,0,71,174,51,39,2397,198,30,152,58,7,104,61
52,1,70,198,41,24,1504,95,102,137,44,7,111,130
68,1,40,183,29,31,1267,13,31,398,56,3,64,76
51,0,50,169,31,43,2145,110,28,41,38,2,55,80
33,0,73,125,34,26,2941,5,89,308,34,7,57,58
43,1,59,163,48,5,2942,68,81,175,73,2,52,127
45,1,62,194,31,2,3018,38,91,340,60,2,40,54
40,1,45,130,37,18,1275,14,89,213,61,0,60,77
75,0,61,164,25,43,1210,178,25,130,54,0,97,87
21,1,53,185,44,11,2246,32,70,256,66,5,59,111
69,1,43,152,42,50,2113,189,120,278,4,2,111,117
59,1,52,160,44,34,3105,184,9,302,49,0,65,119
61,0,62,132,52,10,2087,8,39,140,69,5,118,74
73,0,58,127,27,45,2210,61,25,97,43,5,84,63
35,1,44,141,38,10,2123,62,25,222,77,4,120,125
63,1,44,126,55,47,1136,54,43,75,54,6,52,91
26,0,64,130,26,0,2640,194,11,167,62,2,76,125
41,1,43,138,55,28,2912,137,74,211,47,7,118,119
57,1,71,126,51,45,2428,43,113,345,42,6,109,117
80,1,75,189,36,25,2296,107,16,158,24,5,59,113
39,1,42,163,26,22,1353,5,35,124,23,1,117,92
64,1,54,127,48,2,3146,65,69,1,75,2,58,125
59,0,43,137,49,28,3259,62,54,196,62,1,113,123
21,0,68,160,39,29,1656,75,17,336,60,4,105,58
68,0,65,165,35,43,3235,187,110,216,37,5,57,124
77,0,68,161,46,2,1483,75,58,377,11,1,114,124
39,0,55,128,39,2,3437,20,5,347,32,4,88,117
77,0,43,151,33,5,1803,163,39,11,38,1,115,76
53,1,80,129,48,10,2380,144,93,284,28,7,67,53
60,0,48,182,55,31,2460,70,68,216,70,5,114,115
39,0,68,176,40,30,1990,91,1,131,20,3,55,105
53,1,61,129,46,48,1251,106,27,96,48,3,107,99
75,1,62,126,54,14,2188,31,44,345,63,2,55,51
43,1,77,167,26,42,2988,180,4,129,44,4,100,73
40,1,43,176,41,0,1130,77,55,299,72,5,42,118
77,1,53,125,45,49,2300,191,4,119,30,5,52,82
59,1,42,137,40,37,2621,156,17,216,49,5,74,82
47,0,68,128,49,4,1237,88,43,259,50,7,73,79
18,1,48,164,32,41,3097,67,15,357,37,4,119,127
25,1,48,198,28,45,3118,106,101,265,65,0,77,82
42,1,61,197,42,27,1946,55,94,142,39,6,77,104
45,1,61,172,38,27,2130,167,12,18,53,4,116,106
64,1,43,141,51,35,2299,53,112,321,8,0,59,116
73,1,67,183,25,41,1398,182,114,86,75,1,44,116
20,0,43,198,53,31,2212,23,40,268,6,1,54,113
25,0,73,142,36,12,1667,154,59,320,71,3,52,88
61,1,42,155,29,43,2786,64,70,237,23,1,114,105
71,0,58,171,32,23,1052,60,118,344,13,3,79,79
71,1,56,161,51,24,2141,117,94,187,45,5,96,127
69,0,71,185,47,31,1889,191,39,334,14,2,119,104
65,1,48,165,52,1,1468,98,28,283,29,2,77,114
35,0,74,127,27,42,3197,129,68,18,47,5,100,109
28,1,50,127,33,12,2752,173,108,103,33,7,80,112
69,0,57,132,29,1,2216,3,6,8,13,7,60,71
38,1,78,182,47,27,2001,153,9,7,48,2,76,115
20,1,42,126,29,34,1987,155,108,38,9,1,68,56
56,1,68,180,53,5,2817,13,5,139,8,7,79,86
42,1,55,137,53,47,1952,199,72,147,71,5,70,122
25,0,78,123,32,34,1375,90,107,105,70,2,100,90
44,0,68,169,46,5,2560,171,40,184,45,3,59,73
37,0,47,181,55,42,2237,200,56,69,60,5,92,110
63,1,59,124,34,11,3139,96,119,208,12,5,96,129
18,1,48,162,32,30,1030,194,103,281,37,2,90,88
48,1,63,146,47,33,1412,136,95,135,20,2,56,60
18,0,40,183,37,10,1641,75,52,91,50,0,74,66
65,1,42,193,47,48,1328,134,5,134,71,0,110,78
49,0,62,140,54,0,1230,145,70,54,40,3,104,95
65,0,41,168,55,42,3009,29,64,56,60,2,59,105
28,0,80,153,45,40,2388,66,112,62,55,3,47,92
21,0,72,123,28,26,2187,97,117,74,20,4,40,66
30,1,51,167,43,49,1361,200,86,6,14,7,58,117
50,0,55,120,51,16,1564,7,77,257,24,7,102,113
44,0,62,140,42,41,2557,41,89,214,78,7,69,76
77,1,44,139,25,31,1587,175,93,136,66,7,47,110
54,1,49,145,50,19,1126,123,107,118,3,1,81,109
35,1,48,193,54,12,2886,185,95,393,5,4,53,129
45,0,72,172,43,42,3244,175,23,166,24,0,47,56
63,1,77,176,55,36,1336,176,65,386,52,6,92,108
75,0,61,188,55,1,1863,100,117,78,52,7,117,74
18,1,78,175,55,19,2803,45,26,152,77,5,80,63
62,1,60,128,33,12,2615,64,6,165,3,5,98,100
21,0,68,130,36,45,1565,120,119,29,64,0,82,92
18,0,56,198,33,34,2166,54,76,392,49,2,85,90
63,0,43,180,40,7,3268,184,25,73,50,1,86,125
63,1,58,152,41,16,2241,108,53,98,4,2,92,66
70,1,52,135,42,21,1308,160,83,171,11,3,56,119
44,1,75,175,33,2,2997,177,56,50,47,2,85,108
25,1,72,131,35,16,2210,195,43,200,9,0,93,72
58,1,60,194,30,40,1355,179,81,105,2,3,109,75
63,1,46,187,41,6,1404,158,22,216,19,4,116,60
21,0,58,160,27,28,1483,9,12,49,46,4,116,127
20,1,42,174,50,9,1035,68,53,243,80,1,91,86
32,0,67,179,40,26,1770,39,82,213,63,3,70,92
50,1,68,122,47,42,2679,14,9,145,78,2,45,85
42,1,73,167,49,30,2192,109,48,22,50,5,120,100
18,1,65,144,55,46,2828,22,29,324,15,6,52,114
28,0,71,177,26,11,2444,171,3,135,26,5,61,96
58,0,77,179,41,27,2430,141,23,359,44,2,115,110
25,1,62,191,47,41,1743,183,107,340,75,0,44,127
32,0,73,134,26,40,3081,112,29,152,17,4,54,66
67,0,44,177,47,13,1246,60,102,241,39,7,85,107
30,0,61,188,55,49,1837,116,27,60,57,4,104,107
39,1,58,189,47,41,1840,100,25,235,14,5,117,56
55,0,59,138,51,19,1515,130,39,347,59,7,120,74
21,0,43,152,42,13,3048,159,7,280,68,6,48,101
24,1,74,165,55,8,1952,40,49,302,15,4,40,88
33,0,45,152,32,30,2505,59,31,390,43,5,40,60
55,1,77,149,50,1,1819,22,118,96,15,1,58,108
29,1,46,152,51,9,3006,144,95,324,67,6,82,66
26,1,80,134,50,26,2082,167,89,191,43,1,48,95
62,1,76,167,29,37,3133,152,93,143,49,2,71,113
79,0,73,121,36,11,2204,37,57,35,67,1,83,91
80,0,78,144,28,23,1121,182,14,96,10,0,111,74
23,1,49,156,52,41,2337,148,84,309,52,5,96,91
29,0,41,121,36,16,2548,77,85,97,43,6,96,90
77,0,78,173,41,15,1627,155,66,140,52,1,77,105
36,1,61,131,40,18,2840,14,109,55,16,7,116,67
31,1,51,164,47,48,2183,18,3,309,78,0,93,93
72,1,64,142,50,23,2143,89,63,23,51,3,114,58
44,1,46,184,26,44,2255,26,38,326,21,3,115,75
61,0,42,195,50,15,1624,149,117,235,64,7,94,62
38,0,47,183,48,33,3202,71,50,314,27,6,73,56
44,0,63,126,43,6,3299,8,90,150,73,2,85,81
73,0,60,136,54,46,3111,17,20,40,71,0,65,95
22,0,56,187,54,20,2188,195,4,192,65,2,94,129
57,0,69,170,34,18,1050,7,25,311,38,3,64,96
24,0,51,178,52,16,1468,36,90,388,50,6,89,52
61,0,44,190,41,46,1560,179,87,274,41,3,74,121
66,0,63,135,40,0,2812,145,30,50,72,4,78,113
18,0,52,128,33,37,1663,56,97,175,17,3,78,104
43,0,42,171,36,41,2148,82,110,187,67,2,107,102
39,1,73,171,35,10,2351,169,116,243,26,4,60,110
28,1,48,121,50,6,1308,95,47,187,23,4,59,92
24,0,54,191,27,4,1899,170,9,57,62,1,85,94
49,0,62,155,50,41,3352,191,117,4,5,7,102,82
73,0,42,192,31,6,1293,127,75,301,16,2,89,108
49,1,65,165,33,49,1168,17,28,314,62,4,48,117
47,0,80,160,40,5,2509,199,102,186,30,5,85,78
29,1,48,192,33,50,1281,109,82,241,39,1,40,81
27,0,49,187,40,20,1656,111,71,308,49,1,89,65
54,0,42,179,48,44,1054,17,95,337,50,3,88,104
34,1,62,126,39,34,3364,164,75,367,60,3,58,83
34,1,78,138,38,37,1501,172,48,305,23,6,65,109
25,0,72,129,25,27,1053,90,120,23,11,0,115,126
47,1,66,169,31,16,1916,26,13,361,49,1,52,91
34,0,50,150,41,12,3186,60,113,354,36,4,41,63
80,1,76,142,30,43,3132,31,117,110,57,7,82,79
25,1,71,173,26,49,1844,119,103,129,75,5,76,56
70,1,49,191,33,17,1368,47,81,145,80,2,56,52
77,0,51,169,38,40,1864,181,84,396,41,0,68,125
36,1,77,167,38,4,2741,86,17,336,13,3,100,104
42,0,64,185,47,49,1233,110,54,5,27,0,44,90
46,0,76,133,52,20,1610,122,86,276,16,1,77,109
78,1,79,169,28,19,1212,44,37,210,70,6,102,72
78,1,50,192,28,36,2483,46,58,96,76,1,112,50
45,1,69,154,44,15,3002,76,81,37,65,7,119,126
23,1,69,190,37,44,2881,131,20,310,69,6,46,93
20,1,79,187,47,14,2868,188,17,395,71,5,68,62
78,0,73,136,28,24,3106,21,14,292,8,2,57,112
36,0,66,145,54,14,1656,114,19,270,80,6,88,85
73,1,57,121,48,21,2440,171,62,100,24,3,43,74
63,0,73,127,32,48,1298,108,25,45,65,4,104,112
23,1,48,142,39,33,3251,128,31,78,47,7,103,88
74,0,53,167,45,12,3112,187,112,332,17,0,76,67
66,1,46,151,45,13,3320,14,79,141,70,0,76,95
56,0,77,138,37,47,1332,95,114,387,9,1,101,63
18,0,62,123,45,27,2344,57,26,237,10,2,63,126
29,0,48,200,31,26,3139,166,19,29,57,3,48,124
60,0,72,174,41,38,1945,42,40,134,58,3,84,83
29,0,64,181,31,1,2136,134,107,136,13,0,61,105
41,1,49,190,48,42,3183,39,104,343,62,1,69,91
26,1,48,187,32,16,1860,36,7,276,79,0,62,60
49,0,44,172,29,48,2087,67,62,301,42,2,81,121
49,1,76,148,35,41,2647,173,31,152,45,5,106,70
73,1,65,137,35,44,2248,86,84,5,63,1,83,75
78,0,50,153,54,50,1427,69,77,391,29,7,77,53
45,1,75,199,40,26,2918,45,61,361,72,4,81,104
34,1,80,148,34,28,1726,77,28,348,61,6,62,127
35,0,43,168,54,38,2738,2,71,195,8,7,104,61
39,1,63,197,28,18,2504,24,85,376,40,1,70,80
63,0,80,189,32,25,1571,122,21,317,70,7,113,72
62,0,45,161,48,42,3148,107,108,115,23,4,41,122
49,0,58,196,49,14,3276,181,15,24,21,5,57,95
45,0,48,156,31,12,2018,116,91,144,14,6,79,128
59,1,71,194,28,8,3341,20,118,9,5,5,100,98
18,1,55,153,48,1,1812,49,43,137,63,7,101,111
72,0,62,193,33,4,2238,187,7,57,36,3,61,112
18,1,79,159,46,49,2986,11,45,259,75,3,92,97
36,1,74,159,47,50,2626,182,86,52,63,6,94,110
47,0,80,122,48,24,2596,113,75,33,70,7,42,51
20,1,68,175,43,39,3033,165,52,226,69,4,70,87
63,1,78,126,34,23,1689,117,65,52,24,2,41,58
47,1,45,194,29,31,1959,62,117,226,61,6,84,67
64,1,52,120,50,43,2804,199,24,392,57,3,46,122
68,1,45,188,48,15,1680,55,106,69,23,7,96,63
49,1,45,180,31,26,2426,50,80,21,21,0,71,118
54,1,52,195,26,45,1991,104,79,57,22,4,71,87
38,0,76,171,43,7,2971,191,62,273,68,7,91,64
56,0,54,159,25,7,2481,34,79,74,1,7,55,129
61,0,44,172,48,7,1722,113,61,240,37,0,84,127
25,1,79,137,52,25,2525,135,119,175,38,2,81,50
57,1,77,140,43,18,2089,113,5,93,49,1,62,114
67,0,40,146,32,33,1884,94,97,87,73,2,62,116
18,1,55,128,53,47,3085,89,103,373,44,7,62,122
57,0,77,173,50,22,3455,117,96,170,23,4,62,57
37,1,51,122,54,10,1103,82,116,300,56,1,70,111
35,0,55,138,55,31,3259,55,11,8,55,7,72,57
72,0,69,157,54,30,2660,128,25,294,66,2,118,117
20,1,45,150,45,0,2341,145,101,216,45,7,46,53
50,0,62,187,36,27,3065,71,9,341,7,5,47,67
23,1,65,165,29,17,1118,26,33,72,44,0,50,129
27,1,60,147,31,49,1211,123,27,8,76,4,54,88
40,0,51,197,33,13,2957,160,29,201,18,4,111,111
18,0,77,138,39,38,2560,10,32,260,49,3,72,128
58,1,72,148,44,36,3248,113,54,312,39,4,71,95
80,1,79,143,49,10,1095,86,107,286,5,5,114,120
39,1,56,132,53,45,1898,106,48,268,30,4,65,113
51,0,80,130,32,20,2577,0,11,343,14,1,74,112
67,1,45,187,54,4,2233,123,18,249,20,6,76,100
60,0,54,126,39,25,3278,21,65,225,55,6,55,128
49,0,77,181,35,34,2452,115,45,304,72,7,80,81
58,1,58,157,25,15,3008,123,94,339,32,5,106,51
25,0,65,135,32,30,1446,20,83,95,37,7,115,76
68,0,51,175,38,32,2341,58,8,126,14,7,77,114
23,1,51,199,47,27,2130,26,89,58,78,4,64,93
30,1,65,190,43,33,2420,3,114,253,9,6,62,111
37,0,44,141,41,31,2858,16,75,128,6,6,68,119
40,0,64,163,31,34,2239,66,96,286,11,2,77,113
65,1,67,167,26,33,3163,57,106,353,22,1,113,113
77,1,74,179,25,6,1197,200,91,284,78,6,109,99
41,0,51,139,32,32,3255,138,56,62,64,2,101,111
75,0,58,120,50,6,1866,181,95,195,75,3,73,62
22,0,43,158,40,47,1539,175,51,3,26,5,103,92
76,0,80,138,53,15,1076,74,56,220,72,0,97,61
64,1,70,161,32,28,2392,46,63,277,21,5,94,99
68,1,46,126,49,17,2434,99,26,172,16,0,82,118
50,1,56,171,54,1,3001,63,44,362,2,7,47,75
35,0,40,142,25,18,1724,3,91,355,52,7,78,78
57,1,61,198,40,13,2719,103,55,178,67,2,47,101
33,0,53,129,28,18,2920,45,108,213,10,4,107,51
50,0,56,161,40,14,2921,7,86,173,42,3,75,76
40,0,57,121,50,4,2401,13,37,189,27,4,88,73
32,0,41,120,31,39,2790,169,1,314,71,5,106,63
49,1,47,139,46,36,2870,95,99,257,76,7,73,63
36,1,41,168,32,43,1202,43,48,379,41,7,90,110
32,0,51,133,54,38,3294,171,118,69,36,3,93,114
73,1,47,122,37,6,3229,95,29,176,12,4,104,111
54,1,56,186,32,16,2807,198,65,227,80,4,76,116
47,1,45,178,48,6,2378,0,12,124,51,4,56,119
63,0,75,177,27,8,1440,146,95,23,30,7,92,130
25,0,45,144,42,36,2005,165,31,34,76,3,45,91
75,1,47,120,38,42,2306,111,68,157,62,2,58,63
22,1,75,148,30,13,3243,131,94,290,75,6,113,59
58,0,68,121,44,38,1508,39,19,52,62,2,44,85
40,0,51,133,33,20,1390,147,6,81,72,5,40,83
33,1,42,188,31,20,2265,197,65,250,20,3,50,105
59,0,50,185,28,25,3187,120,45,394,24,4,55,65
50,0,41,193,44,30,2814,80,37,186,43,0,59,78
22,1,69,194,41,43,3340,131,33,185,15,7,101,67
63,0,54,131,28,3,2289,24,84,118,40,6,65,120
40,0,60,194,26,42,1779,136,6,308,4,5,103,101
46,1,66,176,40,18,2753,10,106,263,17,3,83,121
38,0,73,129,49,24,2869,178,22,95,47,0,100,77
73,0,54,190,49,31,3034,14,25,179,44,4,93,126
63,0,56,133,43,16,2950,140,67,30,58,6,68,79
69,0,57,179,54,32,3413,9,8,24,42,4,71,79
30,0,57,126,32,26,1161,41,81,43,31,5,107,82
41,1,50,158,41,5,1043,65,63,368,68,6,43,87
26,0,43,174,38,12,2072,176,70,188,40,3,43,81
30,0,54,121,52,17,1005,88,65,260,36,0,87,105
57,1,60,184,25,40,3260,92,72,6,74,6,47,57
49,1,73,163,39,38,1970,14,89,347,37,5,57,60
77,1,77,192,34,29,1347,69,12,135,58,1,42,60
34,1,76,186,49,23,1017,179,39,285,56,0,43,99
75,1,62,194,41,25,1926,141,57,47,78,7,70,121
78,1,52,146,44,23,2158,17,25,182,69,1,85,65
24,1,41,190,27,46,2711,84,94,98,55,2,94,106
20,0,69,147,53,1,2809,120,13,210,4,3,92,72
30,0,72,184,25,25,2110,40,80,259,60,2,44,77
47,0,76,171,53,10,2947,194,38,144,36,3,86,114
78,1,65,123,48,25,2525,190,0,307,46,7,81,98
24,0,69,187,26,8,3325,139,104,168,30,2,79,124
61,1,73,162,43,1,1670,156,108,202,30,7,44,54
49,0,72,196,37,11,2075,75,101,381,60,6,104,119
35,0,55,133,25,30,1871,177,68,209,14,5,60,110
58,1,49,140,47,27,2274,97,24,65,33,3,112,103
35,1,52,166,42,25,3142,179,21,228,18,6,52,54
31,0,55,164,53,46,2172,127,111,389,37,4,70,59
51,1,43,181,41,24,1739,132,68,274,58,6,40,81
44,1,77,156,40,50,1644,56,81,276,48,4,72,114
18,0,79,178,33,9,1893,174,48,382,74,6,45,65
71,0,50,120,49,1,1969,143,118,333,43,0,60,71
42,0,44,180,34,40,2436,24,105,360,51,1,114,103
63,0,78,120,53,48,2357,24,59,36,1,1,74,68
33,1,79,191,31,45,1389,196,91,227,39,0,66,119
22,0,45,122,54,34,2073,39,48,3,4,2,63,96
68,0,70,161,37,23,1365,44,107,124,3,5,109,72
23,1,45,127,25,21,3366,88,42,253,17,0,60,113
44,1,52,181,38,2,2978,65,50,228,33,0,77,103
24,0,65,133,42,41,2154,64,63,243,25,3,40,90
39,1,53,127,25,38,2375,151,39,230,17,7,42,73
60,1,73,158,36,50,1245,188,86,335,34,1,86,123
33,1,58,174,25,41,2396,178,99,129,32,6,100,68
78,0,48,198,39,28,1127,68,106,212,13,5,42,58
32,1,72,158,46,26,1080,190,18,389,14,4,75,78
19,1,55,197,46,43,1616,168,26,11,21,0,48,68
74,0,66,191,37,6,3434,79,10,59,56,5,71,73
73,1,47,173,38,34,1348,54,108,81,53,4,95,73
26,1,44,197,40,35,3233,63,53,194,34,2,55,65
77,0,72,170,36,0,2113,82,76,45,12,7,94,52
67,0,77,141,52,22,1424,91,1,400,67,5,99,129
46,1,53,140,39,10,2811,13,41,52,73,2,118,89
51,1,49,148,46,11,1911,130,110,112,10,6,87,90
65,0,78,182,45,41,3111,146,72,184,27,3,110,110
73,1,44,135,44,11,2167,32,80,385,70,2,75,102
68,0,47,185,32,47,1019,103,19,33,4,3,110,102
75,0,79,185,54,49,1429,200,107,278,58,3,104,82
53,0,80,152,29,17,1069,35,53,192,50,0,52,101
79,0,59,196,47,21,3358,121,28,258,56,3,56,50
58,0,62,160,43,22,2700,2,5,144,2,7,114,78
80,1,67,123,33,11,1056,51,89,25,76,1,87,112
66,0,67,166,33,47,1531,137,12,244,41,1,45,54
63,1,57,190,28,43,2205,124,85,22,72,0,48,108
52,0,63,124,52,30,1611,78,14,400,27,7,115,122
57,1,48,128,49,9,1014,182,31,171,72,7,75,80
52,0,57,131,52,24,2936,82,116,68,33,4,68,122
43,0,42,146,49,35,2591,41,18,273,11,6,109,55
72,1,56,152,39,16,3105,64,118,270,42,7,118,97
25,1,40,168,41,38,2843,70,108,337,59,0,96,119
20,0,62,170,43,50,2954,127,59,191,31,1,65,120
55,0,45,129,38,43,3344,84,13,90,56,3,81,79
71,0,43,198,44,16,3133,137,26,249,61,5,83,89
75,1,54,150,50,44,2586,128,89,52,36,5,80,79
28,1,80,165,49,31,3306,30,99,5,28,2,118,94
51,0,51,143,34,0,1871,198,85,101,17,3,41,62
20,1,60,189,47,2,1797,176,91,233,54,2,58,111
58,0,64,176,30,26,2004,187,27,81,53,2,85,125
65,1,59,160,39,22,2743,39,52,154,2,7,40,73
79,1,47,130,38,14,1870,182,38,166,18,3,110,75
73,0,77,167,40,28,1556,30,116,81,77,6,112,120
66,1,60,187,27,17,2990,134,23,334,17,5,51,120
76,0,48,144,53,42,2383,145,56,364,28,2,66,107
27,0,44,121,40,29,1981,141,18,281,10,4,63,55
71,1,69,180,32,48,3213,139,85,353,52,5,79,52
22,1,67,123,35,10,1517,70,23,222,59,7,51,128
80,1,61,171,42,33,1287,123,81,178,37,2,40,86
51,0,73,134,28,32,2905,25,9,338,34,3,109,64
69,1,75,192,28,15,3450,29,120,131,69,7,52,109
64,0,76,143,52,28,3060,10,120,30,12,2,50,84
71,1,59,128,26,33,2042,171,118,164,55,2,56,122
67,0,67,162,41,39,3369,17,5,200,39,6,90,54
41,1,59,132,51,42,1314,198,15,49,8,5,115,87
61,0,47,174,49,5,2946,44,22,206,11,5,108,102
57,0,72,200,46,48,1711,170,20,31,61,0,110,57
40,1,46,196,43,7,1296,109,108,77,1,0,79,75
36,0,63,180,30,23,1791,144,31,40,44,7,69,53
23,1,47,132,32,43,1349,18,99,377,68,4,117,59
23,1,76,195,48,49,3008,86,35,374,46,7,98,104
38,1,55,164,48,19,1573,186,109,36,73,0,105,116
49,0,41,136,37,22,3495,140,62,342,12,1,80,128
46,0,64,137,40,1,1190,170,40,255,19,6,102,66
39,1,77,150,41,46,2791,0,39,111,54,1,116,72
71,0,44,158,41,19,1832,28,105,181,35,0,89,95
31,1,58,151,54,25,3195,80,68,361,34,6,74,117
21,1,66,169,29,1,2426,115,85,50,50,4,47,110
53,0,58,147,40,1,1301,67,50,29,17,6,113,54
75,0,77,171,52,0,3390,69,21,87,44,4,89,83
27,0,67,142,54,33,1439,117,76,43,64,0,99,129
75,0,46,188,30,39,3372,111,90,229,28,0,116,62
28,1,69,193,29,20,3266,116,106,314,37,6,92,130
73,0,42,156,28,20,2364,126,83,82,34,4,51,121
38,0,74,124,40,26,3124,127,105,360,34,0,42,94
57,1,74,153,27,37,1432,78,10,392,15,5,83,54
28,0,41,140,54,38,3209,135,91,326,6,4,117,81
74,0,44,126,26,24,1696,189,46,169,34,3,73,97
28,1,69,198,52,49,2717,13,91,238,38,0,78,109
80,1,68,167,32,24,3299,151,55,388,49,1,116,104
25,0,66,199,32,36,1236,97,66,297,34,5,55,110
61,1,49,160,42,13,2757,194,75,392,77,3,64,123
27,1,60,164,50,42,1476,129,52,320,7,7,107,102
62,1,69,151,46,25,3225,76,7,372,41,1,44,117
30,1,68,147,36,7,1499,53,19,88,29,6,43,87
25,0,75,139,29,38,3401,151,112,1,70,5,91,67
54,0,58,191,47,37,2744,39,21,300,53,2,59,108
52,1,48,181,48,8,1384,30,47,77,28,2,44,52
61,1,64,198,43,33,2952,31,83,385,37,5,86,130
21,0,65,161,30,50,1519,136,6,245,56,2,56,79
27,1,79,139,40,1,1411,19,84,305,73,1,71,66
31,0,47,168,43,17,1608,185,34,58,23,0,54,81
46,1,48,137,43,0,2717,79,53,311,13,4,65,77
27,1,53,160,36,36,2396,100,50,335,61,0,92,54
45,0,41,165,27,49,3220,52,80,13,62,7,60,112
20,1,70,165,54,3,1503,38,28,169,51,5,49,56
37,1,76,134,55,19,1725,131,98,324,62,7,90,91
26,0,76,162,37,17,1044,171,22,6,23,3,114,83
64,1,58,196,45,40,2580,129,16,398,48,1,103,50
64,0,78,166,42,16,1854,198,79,132,19,6,73,81
75,1,74,134,32,29,2321,7,24,319,58,1,91,91
32,0,68,198,50,44,2571,113,35,242,71,3,111,55
47,0,79,184,28,19,3214,163,114,164,12,6,114,52
61,0,61,126,30,20,3363,155,64,65,35,6,84,102
40,0,52,185,28,45,1369,111,86,170,40,1,58,75
26,1,61,192,39,13,2847,12,11,13,50,7,94,95
33,1,78,146,28,42,2279,0,19,206,55,3,68,100
21,0,73,144,30,12,3040,20,56,218,30,0,94,111
34,1,43,157,37,46,1646,71,111,33,47,3,71,113
48,1,45,135,40,32,2101,170,59,353,9,5,112,69
25,0,60,187,53,28,2512,56,102,258,21,2,57,120
27,1,50,151,53,49,3361,114,17,23,47,5,42,104
78,1,45,121,51,26,1344,200,35,365,27,4,87,125
28,1,78,200,43,29,2252,7,55,5,70,5,111,78
24,0,52,198,53,30,1849,187,9,64,61,0,101,65
72,1,70,168,25,35,2180,101,7,192,5,6,79,82
64,1,51,177,50,3,2653,0,7,274,65,4,82,103
58,1,41,166,44,31,1032,91,87,198,0,3,63,129
62,0,65,141,48,10,1420,43,17,249,68,7,72,90
57,0,46,169,40,32,2980,122,55,205,18,3,98,127
73,0,61,158,31,40,2014,104,62,159,20,4,84,109
72,0,62,126,33,40,2916,109,64,133,10,7,99,107
20,0,64,146,26,38,3377,32,116,399,39,5,58,116
80,0,41,178,45,6,1984,136,38,119,33,7,41,58
74,1,79,149,43,1,2875,56,116,354,26,0,101,105
51,1,60,200,40,8,2728,178,8,175,48,6,51,69
76,1,72,146,30,12,1684,111,24,202,31,5,68,71
69,0,57,138,29,27,2016,32,44,210,48,0,60,120
31,0,64,122,35,10,3203,13,64,362,54,7,46,53
32,0,61,188,35,49,3378,84,8,363,41,4,66,68
77,1,49,156,34,49,3187,95,9,399,63,1,103,71
20,1,66,135,25,10,2163,116,3,64,70,1,69,69
45,1,68,186,45,36,1494,175,96,95,52,6,43,90
68,0,64,197,55,16,3051,90,120,104,43,6,70,97
61,0,47,149,32,18,2181,150,110,282,12,2,84,100
43,1,56,121,42,29,2355,118,29,14,16,3,87,74
40,0,68,164,31,42,2797,62,71,368,29,5,47,125
73,1,75,181,35,12,1779,86,105,283,68,2,76,117
76,0,54,187,46,42,1161,5,41,313,14,0,46,60
39,0,62,173,37,4,1879,119,51,107,1,0,85,126
67,0,50,189,46,16,3182,130,5,156,42,4,88,87
27,1,63,159,35,47,3285,116,74,103,19,7,90,61
64,0,78,120,40,18,3104,85,23,232,28,6,68,80
76,0,73,171,34,38,2993,157,97,383,1,2,107,79
21,1,68,122,26,25,3363,182,23,76,72,5,107,72
23,0,46,146,43,26,3029,169,50,248,10,3,80,111
37,1,77,153,28,28,2397,47,73,60,39,3,67,110
24,1,71,146,28,28,2269,176,70,98,43,7,56,90
26,0,72,125,36,19,3399,162,52,172,53,6,67,105
64,1,64,177,36,26,2075,25,52,212,63,6,79,86
39,0,53,166,47,34,2738,196,107,322,33,0,44,121
72,0,57,141,49,25,1713,78,90,352,24,0,84,57
38,0,75,171,43,9,2774,9,33,382,22,7,91,111
69,1,46,188,51,19,3320,29,0,230,35,2,60,54
41,1,73,137,40,11,2880,173,89,387,42,6,93,128
76,0,53,145,50,33,2405,184,0,131,20,6,83,119
25,1,48,160,39,18,1866,164,40,154,56,1,56,112
34,0,69,127,25,21,1200,24,29,62,28,5,102,78
24,0,45,150,53,42,1984,93,84,127,73,3,66,122
34,0,55,147,36,3,1170,126,13,122,14,7,86,94
62,1,65,158,47,41,1896,40,76,88,74,1,105,102
22,0,46,164,53,3,3416,37,15,386,17,1,103,97
42,0,44,124,41,31,3025,148,78,96,54,5,80,130
56,0,64,159,52,3,1428,159,21,44,62,0,80,52
38,0,71,149,40,1,2932,86,81,208,41,1,69,52
44,1,42,153,27,33,1332,34,87,263,58,5,48,104
65,1,76,146,49,35,2940,82,31,338,20,2,50,112
30,0,65,122,33,39,1998,157,71,97,37,4,42,117
44,1,44,122,49,30,1593,181,11,55,3,7,89,88
35,0,74,144,49,2,2423,195,105,287,42,3,65,84
41,0,47,153,26,36,2030,159,47,281,9,4,104,76
43,0,45,120,32,36,1746,170,59,217,63,5,61,83
78,0,49,182,40,7,2295,150,5,355,15,7,60,129
78,0,69,143,47,3,2989,175,69,130,35,6,48,72
34,1,57,121,52,21,2790,86,87,154,2,4,40,115
43,1,45,123,52,30,1230,199,91,165,75,4,104,66
55,1,50,152,41,7,3029,158,18,318,27,7,77,70
42,0,55,179,46,22,1106,38,59,337,50,7,65,128
42,0,55,189,34,45,2403,116,51,248,61,1,61,87
57,1,70,149,42,32,2470,112,90,201,69,6,72,121
60,0,59,134,53,24,3145,81,89,168,14,4,112,81
57,1,50,184,33,49,1611,76,54,82,19,4,111,125
19,0,65,149,27,32,3003,57,119,236,68,0,95,118
71,1,71,197,55,50,1987,90,73,68,78,6,49,65
62,1,55,125,38,10,2103,81,110,20,35,5,58,91
67,0,77,129,49,25,2562,180,72,244,49,6,113,106
33,1,65,160,47,8,1762,122,2,281,30,6,52,89
48,0,68,197,55,39,2514,26,83,43,36,7,74,62
44,1,72,196,40,46,2819,8,19,233,24,0,116,116
28,0,74,161,52,50,1623,70,38,42,9,0,108,68
32,0,60,147,52,47,1828,194,26,122,53,3,69,63
29,0,72,196,45,5,1701,146,32,307,56,0,115,104
74,0,54,199,26,12,3148,61,81,143,17,7,51,87
69,1,51,185,42,44,2997,48,17,269,48,7,61,64
33,1,58,169,27,28,2284,18,29,87,78,7,99,76
45,1,69,163,27,20,1720,194,68,149,56,4,84,53
31,0,80,125,44,14,2734,30,13,153,10,2,75,111
75,1,66,149,55,37,1374,67,69,290,68,3,78,57
75,1,67,187,46,50,2932,49,1,135,21,6,60,59
56,1,56,192,33,19,1776,62,40,203,53,3,88,128
78,1,43,154,40,33,2963,145,70,123,45,0,62,63
36,1,78,198,48,5,2644,49,5,328,50,5,110,88
78,0,56,120,43,25,1335,63,80,102,73,0,100,102
45,1,47,153,47,30,3256,34,113,387,41,6,69,115
48,1,40,196,44,34,3388,166,38,321,31,5,64,94
24,1,47,157,34,1,2441,135,75,36,29,7,118,83
58,1,79,158,49,45,2643,83,91,257,55,5,53,50
78,1,47,150,31,4,2398,165,110,376,79,5,41,91
35,1,47,178,38,26,2779,47,50,270,59,0,92,58
43,0,56,178,40,33,2823,169,103,242,60,3,94,122
26,1,46,138,39,16,2612,3,17,334,79,1,101,75
74,1,46,181,25,41,2656,175,27,84,65,3,59,112
52,0,67,160,34,45,2726,135,114,346,54,7,64,130
39,1,50,137,52,29,1505,173,110,163,24,6,46,83
20,1,56,181,31,6,2536,23,49,147,42,5,58,93
45,1,56,153,32,26,1108,149,57,27,60,1,62,112
73,0,70,139,28,18,2476,187,78,218,41,7,97,104
33,0,57,128,25,44,1945,159,92,300,18,2,48,105
37,1,77,154,47,32,1490,179,20,371,17,0,60,116
76,0,75,168,52,29,1325,171,103,88,21,4,99,114
67,1,67,166,32,7,2483,200,77,21,55,3,92,100
78,0,51,178,26,25,1033,150,11,244,59,3,119,122
45,0,78,167,34,47,3040,114,98,231,0,0,51,95
43,0,59,184,51,18,1621,124,104,331,61,5,89,76
48,0,59,122,48,17,2169,90,68,232,56,7,50,80
71,0,48,150,33,35,2117,149,58,244,23,3,101,126
52,1,44,197,50,39,3409,117,64,386,71,2,108,82
39,1,67,131,39,17,2666,158,4,230,15,7,59,84
54,0,74,183,29,16,1359,9,77,96,64,3,58,84
54,0,70,180,35,35,1151,96,81,141,22,2,81,108
21,0,41,181,41,37,1304,138,27,241,75,6,120,75
30,0,44,140,48,26,2122,90,30,115,13,6,47,78
77,1,46,137,45,0,1688,162,15,196,20,7,96,58
27,0,63,133,45,32,2505,79,73,73,36,1,55,61
31,1,54,185,40,47,1618,127,117,34,12,7,60,121
20,0,68,120,30,30,1933,109,96,338,61,1,44,89
64,1,79,149,34,24,1369,182,80,268,70,7,88,87
77,1,61,133,34,15,2387,17,53,285,77,0,67,100
63,1,43,148,29,35,1589,39,109,329,68,0,52,127
58,0,62,196,26,47,1530,51,60,167,60,3,90,66
33,0,67,184,46,47,1234,127,116,248,53,4,43,75
26,0,68,150,44,1,3054,181,10,309,39,5,77,124
59,1,43,124,40,39,1769,87,36,333,25,3,98,76
49,0,46,195,50,29,3017,199,61,187,21,2,66,93
50,1,61,183,47,17,3096,111,118,32,43,7,65,102
34,1,41,198,53,26,1933,90,30,279,66,3,112,80
41,0,72,170,41,13,2368,180,79,353,31,6,111,66
22,1,77,155,37,34,2800,40,55,75,55,0,52,56
54,1,57,143,25,37,2733,67,29,388,74,5,113,129
37,0,48,163,53,50,1480,174,118,30,5,4,78,51
28,1,43,134,41,3,2293,113,11,149,3,2,118,99
20,0,76,150,49,10,2228,69,95,38,11,5,105,73
65,0,53,193,42,27,1848,162,59,107,61,4,54,105
25,0,42,161,47,22,1594,78,119,303,52,7,54,64
63,0,70,168,33,23,1862,76,46,315,6,7,77,129
25,0,50,169,45,42,1778,142,61,165,72,2,104,122
44,1,55,198,55,8,2000,45,102,25,43,6,43,63
20,1,49,132,44,0,1740,194,21,17,56,5,43,61
77,0,71,149,36,19,1018,143,95,103,72,2,78,74
43,0,53,123,40,36,1667,7,32,65,9,5,64,113
29,0,52,194,35,32,3370,146,57,373,30,2,48,89
74,1,59,160,29,21,1347,61,20,233,45,4,109,77
62,0,67,163,50,31,1336,14,108,324,37,5,54,113
50,0,68,141,47,44,3382,100,66,182,78,4,94,95
36,0,44,154,25,36,2343,85,52,368,5,1,105,73
69,0,67,121,35,26,3390,4,118,46,72,2,78,86
34,0,53,170,32,19,2446,149,55,253,17,7,77,103
39,1,41,165,51,16,3242,121,118,329,28,6,105,91
30,1,51,177,43,7,3368,91,73,230,43,5,117,130
35,1,44,191,42,38,2202,48,34,187,6,1,75,73
55,1,58,186,50,33,3385,119,20,134,7,0,98,99
56,1,78,186,35,15,1796,81,71,300,30,7,81,52
56,1,72,138,36,0,3361,111,75,92,48,1,104,65
25,1,62,135,31,50,2430,13,81,193,0,1,77,70
54,1,56,145,29,27,3282,51,35,188,77,0,118,113
44,0,56,161,37,11,1310,158,36,190,65,7,118,88
53,1,53,177,28,47,2709,71,28,183,47,2,90,63
35,1,53,173,28,39,1568,11,18,381,66,1,93,70
37,1,41,131,51,31,3130,186,50,8,74,6,40,101
30,0,55,162,51,13,1067,3,114,53,10,7,93,112
49,1,71,138,42,27,2604,126,6,255,80,2,93,78
64,0,56,169,25,25,3398,71,4,115,76,5,58,102
49,1,56,143,26,43,2920,123,112,136,58,2,91,66
63,1,67,179,50,21,2921,11,39,336,72,1,89,112
44,1,55,174,53,5,3149,118,103,24,68,5,107,112
55,0,62,157,55,16,2160,39,74,205,7,6,101,111
65,0,51,200,51,14,2779,198,61,392,64,7,118,56
31,0,63,158,25,5,1905,27,22,25,23,7,71,128
50,1,66,166,49,34,1448,42,104,339,77,4,72,71
73,1,69,164,29,47,2310,188,62,231,74,3,79,117
63,1,51,167,28,36,2706,112,88,230,26,5,44,77
24,1,74,136,46,48,1256,7,13,19,42,4,93,118
20,1,72,136,43,37,2632,99,97,57,18,6,86,124
74,0,40,126,52,27,1951,152,11,260,46,3,119,105
29,0,71,125,27,38,2346,159,78,371,38,3,54,75
58,0,60,152,26,47,3236,70,106,155,9,5,117,103
43,1,40,181,54,9,1917,150,7,257,2,4,53,66
21,1,73,124,42,3,1060,53,5,69,22,3,110,106
59,1,41,148,32,38,2167,3,61,331,80,4,118,111
22,1,48,191,50,49,2255,95,113,8,9,7,76,77
55,1,51,143,33,3,2611,148,94,129,44,5,42,83
74,1,48,174,39,23,1098,151,56,273,73,5,52,77
57,1,52,142,53,38,1042,115,33,311,9,5,96,103
61,1,42,139,47,29,2282,58,8,314,2,6,84,103
73,0,67,142,48,25,3370,19,98,251,46,4,51,125
25,1,53,159,42,12,3363,128,2,313,74,5,41,61
50,0,52,189,28,12,1754,140,37,21,9,4,51,86
76,0,63,200,49,11,2121,47,112,215,40,1,90,126
70,1,75,180,35,22,1521,140,3,394,5,7,70,78
27,1,56,166,50,14,1747,200,16,221,73,2,101,83
62,0,61,164,32,8,2457,24,54,137,48,5,75,113
65,0,57,173,43,20,1173,36,18,285,75,5,54,82
68,1,72,173,27,26,2082,77,50,80,40,7,96,55
79,1,48,174,29,47,2843,22,32,73,52,2,82,123
74,1,70,136,34,38,2404,90,62,9,49,3,75,52
44,0,65,123,26,5,2434,200,94,74,45,7,93,93
28,1,41,151,31,19,2462,75,36,206,22,7,95,126
67,1,54,150,38,34,2300,97,41,361,54,3,107,121
79,0,73,134,49,44,3058,45,56,216,44,7,54,102
35,0,50,170,42,44,1677,71,115,154,74,1,84,80
65,1,69,188,33,0,1303,24,39,187,0,6,81,103
31,0,67,180,44,20,1249,20,94,356,18,4,94,72
69,0,45,144,33,42,2869,15,100,329,12,4,57,82
23,0,62,178,37,35,3236,156,1,1,71,5,63,130
37,0,41,183,47,44,2125,148,100,391,52,6,117,76
21,0,72,153,55,6,2885,175,16,183,18,6,76,51
54,0,55,177,28,14,1092,191,65,196,1,2,65,84
40,1,72,140,28,14,1044,35,82,297,43,5,96,58
53,0,69,172,36,37,2995,84,13,168,65,7,68,85
38,0,57,191,26,50,2062,179,75,396,73,7,92,62
30,0,42,130,47,6,1369,173,52,146,25,2,48,55
68,0,47,156,51,32,1803,43,53,301,3,4,82,129
31,0,77,163,41,19,2577,88,9,321,69,0,92,73
52,0,76,167,30,35,2392,22,89,255,34,2,109,87
44,0,75,164,50,14,1225,126,74,146,3,4,46,58
46,0,77,174,42,15,2763,182,54,76,63,0,117,97
44,0,54,134,28,9,1036,80,72,180,41,0,63,64
20,0,65,160,43,40,1544,126,87,19,11,5,53,68
19,1,51,180,44,27,3494,108,16,309,32,7,47,69
73,1,40,176,30,0,3404,73,92,41,57,6,50,94
47,0,65,169,27,15,2675,139,61,278,7,2,55,60
44,1,43,184,47,5,1185,22,92,318,45,4,75,60
26,0,76,138,53,35,1260,50,21,366,32,5,66,116
59,1,55,174,43,15,2904,104,1,59,43,5,61,103
47,0,69,165,27,50,1734,4,85,254,3,6,77,68
35,1,51,171,38,27,3198,146,79,282,71,5,83,50
34,0,53,152,39,46,1669,85,105,183,50,2,59,96
57,1,73,197,44,32,2399,189,23,399,71,6,98,104
24,0,46,145,41,41,3351,127,28,271,3,4,89,98
63,0,61,154,40,34,2212,140,36,251,1,0,89,104
75,0,75,130,45,19,1621,138,79,59,0,5,52,80
59,1,63,191,32,43,1887,84,90,247,70,5,116,72
52,1,74,157,44,21,1970,127,94,12,66,7,89,115
31,1,70,159,47,6,1469,45,16,306,45,6,119,86
34,1,48,165,25,48,2701,145,48,238,75,4,101,77
41,0,73,183,50,3,2091,180,52,157,75,1,56,58
24,0,46,184,31,32,3166,18,72,223,67,6,57,88
60,1,47,148,31,26,1708,151,5,359,2,0,53,72
53,0,58,149,54,3,2333,186,68,343,20,1,91,111
74,1,47,168,50,21,1757,14,81,330,60,3,95,114
68,1,58,162,30,27,2563,57,112,22,37,3,54,101
80,0,53,139,33,28,2021,93,107,345,35,5,103,55
44,0,44,177,40,31,3032,63,91,162,72,3,65,104
34,1,69,160,28,25,1252,109,86,15,73,1,111,85
19,1,40,142,37,35,2655,129,16,59,16,1,88,73
66,1,51,149,38,18,1594,103,9,211,75,2,111,104
36,0,51,189,53,19,2037,26,7,326,80,2,56,99
65,0,64,152,45,6,2895,67,36,194,11,0,82,83
63,0,78,157,25,40,1716,119,53,335,79,5,68,74
54,0,57,180,52,47,1117,56,102,309,78,2,78,81
46,1,63,194,48,7,2473,165,118,218,5,5,49,60
45,0,59,192,45,8,2697,55,63,53,77,6,110,58
50,1,47,145,51,37,1812,177,41,117,16,2,72,111
20,1,53,130,47,4,2538,61,103,341,12,1,113,102
37,0,44,188,52,43,1654,104,64,159,58,2,104,55
23,1,44,131,47,47,2376,163,66,211,38,0,53,65
42,1,71,166,43,35,2843,9,97,108,63,6,107,92
22,1,65,130,26,38,3100,183,23,380,23,4,98,56
66,0,59,152,41,4,1042,153,59,341,53,7,40,108
32,1,77,188,52,3,2553,178,51,297,25,3,101,58
32,1,41,186,50,2,3187,144,60,5,63,0,87,63
33,1,51,200,31,15,2762,96,17,376,11,2,49,69
58,0,57,188,44,41,1903,91,22,241,74,5,75,53
53,0,76,198,32,13,2844,188,66,105,79,5,64,72
31,0,68,191,28,15,2557,51,18,243,50,6,81,79
77,0,75,195,43,27,1739,41,82,372,64,2,112,62
28,1,58,190,43,12,2378,66,15,312,49,3,95,128
30,1,59,168,31,29,1086,19,32,208,76,6,87,91
52,0,63,135,40,25,1475,149,102,325,11,7,72,112
77,1,41,127,34,2,2349,184,116,113,48,1,73,106
64,1,44,164,41,16,2504,146,19,198,23,3,86,68
73,0,66,166,28,40,1262,109,43,342,10,7,110,90
22,1,51,131,47,25,1111,33,99,38,69,6,88,94
29,1,78,154,48,38,2418,137,56,385,79,7,43,93
36,1,47,176,53,1,1687,41,13,279,51,4,73,123
78,1,60,150,52,47,2138,33,51,166,24,7,59,86
74,1,70,156,27,44,2421,29,120,152,10,0,93,67
24,0,77,166,49,24,1407,112,56,257,70,7,116,71
46,0,71,162,26,27,3235,71,89,198,46,6,107,129
19,0,42,124,26,31,3374,8,1,119,16,0,45,126
49,1,53,148,31,30,2182,115,16,155,56,7,118,122
22,0,42,173,30,49,1154,80,111,306,70,5,110,107
29,0,46,158,34,15,2883,126,45,127,20,3,93,69
76,1,70,134,39,5,2033,77,83,9,68,5,94,112
73,1,40,183,46,11,3410,173,1,233,29,5,116,53
32,0,49,178,54,4,3112,77,114,130,22,0,115,71
51,1,73,139,53,35,2090,179,57,298,11,5,42,84
70,0,47,132,32,16,2737,185,36,55,18,0,112,73
34,0,67,193,35,28,1075,90,69,32,28,1,53,91
53,1,73,188,41,31,1214,173,76,166,14,2,115,115
60,1,78,171,29,25,2339,125,48,197,52,5,83,82
19,0,62,120,53,47,3262,185,31,184,68,1,99,77
80,1,66,177,28,40,1945,20,68,36,11,4,69,97
19,1,61,172,43,35,3009,65,104,37,58,3,103,106
52,0,50,152,38,41,2139,133,80,184,12,4,71,61
27,1,75,179,43,4,2598,92,47,190,79,0,100,90
80,1,74,184,53,26,1826,126,77,389,17,5,56,65
32,0,79,127,45,18,3091,40,39,322,21,3,40,122
76,0,48,151,29,15,1808,108,72,206,39,3,63,91
30,1,64,127,39,10,1198,29,82,109,35,1,45,108
42,0,80,193,25,1,2792,81,12,134,76,3,49,77
76,1,53,192,41,13,3478,117,53,288,10,5,96,104
27,0,40,166,25,22,2585,152,56,276,5,3,111,112
52,1,43,137,35,25,1415,33,110,306,71,5,117,122
67,1,69,167,42,47,1471,118,20,36,52,4,89,68
74,0,48,147,55,24,2965,10,100,152,32,4,87,97
21,0,54,163,43,34,3063,78,15,199,39,6,95,74
32,1,51,147,33,23,2883,157,94,228,64,4,83,113
51,1,52,198,25,1,1097,84,69,311,41,5,51,82
50,1,74,149,55,29,3317,90,42,395,4,6,114,119
58,0,51,154,26,0,3196,10,60,33,2,2,101,54
26,0,77,198,44,28,2573,20,57,124,12,4,44,99
35,0,70,175,41,16,3259,174,65,332,41,5,45,70
51,0,66,199,34,13,1429,88,14,38,16,4,60,100
49,0,45,173,52,20,1147,41,120,8,12,5,98,123
53,0,41,192,34,9,3150,199,32,292,43,4,110,84
58,0,79,194,47,3,2148,4,68,21,25,6,52,121
37,0,68,142,39,45,1107,52,68,25,3,2,52,89
37,1,71,191,38,24,1229,58,86,165,16,1,68,119
19,0,58,191,40,4,2492,162,37,125,59,6,100,85
37,0,43,183,25,3,1479,22,1,0,78,4,40,95
61,0,43,197,27,49,3328,54,60,196,70,5,82,115
35,1,60,198,51,13,3027,166,2,105,79,1,60,77
42,1,57,138,25,39,3368,112,16,88,50,1,100,63
62,1,45,142,39,21,1152,195,29,280,51,3,67,67
33,1,43,146,38,30,1337,157,33,353,46,0,114,59
52,1,80,163,53,24,3309,134,47,48,78,7,105,103
62,0,74,181,29,11,1569,200,22,54,50,4,101,96
44,0,48,200,44,27,2574,0,115,266,47,7,120,64
28,1,60,154,28,49,2847,12,113,116,3,2,110,106
47,1,76,160,35,26,1744,96,40,178,61,4,57,104
51,1,72,140,42,17,2819,177,38,375,41,1,99,112
60,0,53,178,34,2,3156,179,23,226,15,3,110,84
59,0,63,157,52,18,3265,57,96,218,56,0,65,73
65,0,72,125,40,7,1779,172,110,242,5,6,65,86
23,1,57,165,50,9,2070,125,37,38,39,4,108,87
29,0,68,167,34,13,2054,164,83,233,22,0,49,91
31,0,77,154,34,8,1870,163,45,129,30,4,100,87
46,0,50,169,48,0,2141,182,10,303,37,2,49,54
39,1,54,131,44,48,3324,48,96,148,67,2,59,95
20,0,67,168,48,2,1259,22,27,359,24,6,100,76
26,1,61,157,32,5,2406,49,0,386,2,1,53,102
20,1,77,196,39,25,1112,143,7,281,4,6,95,102
23,0,43,168,33,9,3193,88,98,210,63,0,58,55
43,1,57,147,42,38,1335,47,120,200,49,7,120,130
61,0,58,178,55,3,1840,59,113,80,79,4,92,77
54,1,77,127,33,24,1247,100,42,48,15,7,42,71
65,1,64,124,48,8,1447,182,33,339,0,7,84,53
41,1,74,133,52,6,1164,19,95,91,39,6,108,50
69,0,60,167,42,35,3326,125,46,299,68,3,119,68
76,1,48,157,28,45,3215,100,53,170,9,0,119,56
67,1,72,175,48,31,2042,27,94,20,51,5,67,86
66,1,80,146,34,7,3386,23,66,27,66,6,106,117
76,1,48,178,36,40,1456,121,80,193,36,0,56,67
29,0,40,138,43,44,1815,110,120,231,24,2,94,123
29,1,52,162,30,18,1889,200,74,55,22,5,119,123
45,1,44,185,51,21,2529,50,70,387,4,3,102,127
38,0,55,170,46,50,3397,55,71,279,61,1,104,85
40,0,76,178,45,8,2702,132,21,306,51,2,72,53
42,0,65,134,33,36,1787,24,70,363,58,7,40,109
27,1,48,176,55,11,2085,134,37,57,35,3,104,80
78,0,55,124,35,40,1916,185,117,188,21,2,89,81
60,1,73,123,36,19,2661,185,60,188,61,6,56,67
79,0,75,140,34,15,2743,170,66,149,46,5,43,117
53,1,58,162,36,18,2185,144,112,87,77,1,79,121
59,1,46,180,52,43,3213,183,108,320,72,3,57,126
60,1,72,144,39,8,2654,104,84,231,25,4,94,118
68,0,52,133,50,41,1598,189,12,116,74,2,77,74
57,1,71,151,37,39,1362,24,23,117,54,7,44,99
55,0,73,134,25,21,1460,110,75,349,36,6,45,119
44,0,67,135,37,48,1042,56,87,342,14,2,87,79
30,0,65,180,30,35,3482,152,108,188,54,0,102,102
29,0,50,132,55,41,3271,52,63,40,26,0,118,104
70,1,61,150,25,34,1689,48,52,90,63,7,92,98
45,0,56,124,33,4,3476,119,107,169,57,1,91,54
43,0,62,185,48,46,3105,84,47,137,2,1,65,58
59,0,54,154,33,18,2862,104,63,72,29,3,77,76
19,1,68,135,50,32,2575,195,111,176,26,3,111,55
50,0,50,137,49,13,1319,22,86,282,74,4,55,59
62,1,51,123,53,50,2493,179,111,232,69,5,43,125
64,1,75,151,51,26,2874,4,69,330,57,5,42,85
41,0,62,151,52,5,2062,114,47,102,36,5,90,88
29,1,70,131,38,27,3442,48,103,308,62,0,77,78
41,1,50,148,29,2,1006,31,47,249,22,2,76,113
65,1,77,165,54,9,2342,9,64,375,67,7,58,60
33,1,77,156,40,10,3296,197,0,72,27,6,56,94
80,1,49,193,53,27,2787,99,22,344,12,0,90,58
32,1,57,183,54,41,2028,139,46,61,50,1,98,99
57,0,78,151,34,38,1788,98,100,32,59,0,46,59
53,1,42,145,47,2,2789,154,62,373,58,3,92,96
40,1,72,186,44,17,1099,124,19,394,32,6,87,97
73,0,80,123,55,41,2171,175,65,129,2,2,106,111
48,0,55,134,50,47,3285,194,55,64,79,6,111,72
67,1,40,160,41,46,2863,85,0,59,2,4,64,75
31,1,54,182,28,30,3382,2,14,43,6,6,40,78
56,0,61,158,51,25,2517,9,15,221,41,6,99,51
38,1,53,176,42,1,2078,195,114,255,37,6,48,89
56,0,67,151,49,7,2849,106,102,336,21,1,75,93
36,1,65,140,30,34,2448,41,40,68,60,5,78,66
29,0,66,169,47,41,2364,90,44,305,49,3,110,112
42,0,41,198,34,47,2317,95,51,255,63,4,42,128
30,1,58,142,46,40,3131,64,113,318,34,6,93,94
75,1,45,143,48,50,3371,43,104,42,4,0,87,119
25,1,59,129,42,49,1927,18,33,328,46,7,77,124
45,0,52,136,46,43,3042,195,100,200,66,6,73,56
79,0,52,166,49,9,2407,166,20,137,0,2,56,57
31,1,66,187,48,0,2294,20,23,241,57,6,93,88
41,1,52,193,39,36,1170,55,29,355,22,5,100,51
77,0,71,173,29,2,3266,64,24,84,79,5,65,63
37,0,77,196,31,26,2143,104,108,123,79,5,112,99
21,1,52,124,40,17,1239,87,56,201,48,0,63,64
22,0,74,164,52,19,2664,23,35,175,25,6,108,54
35,1,56,154,55,8,2220,98,89,294,47,4,120,92
57,1,56,193,41,28,1946,144,103,219,41,5,90,108
69,1,42,126,54,46,2124,83,50,322,17,5,90,76
18,1,48,123,35,24,1074,106,46,377,31,4,66,120
70,1,55,131,51,22,2435,72,57,212,8,6,83,64
36,0,58,194,53,23,3327,81,22,291,74,2,50,58
34,0,42,172,45,34,1835,45,50,220,69,0,50,77
52,0,41,130,48,47,2902,94,105,0,11,3,78,95
64,1,56,155,41,25,3486,185,26,303,18,0,67,114
32,1,65,153,38,22,2548,168,31,263,72,7,98,106
29,1,47,168,29,38,2491,62,66,386,48,1,84,125
19,1,62,160,46,1,1931,178,105,309,27,2,86,115
26,1,65,192,45,12,1494,195,101,93,2,2,95,99
59,1,52,140,43,31,1372,185,46,267,68,3,58,70
57,1,42,128,36,34,2011,25,34,90,40,4,50,73
58,1,50,185,33,14,1749,116,73,12,21,5,81,109
34,1,69,155,30,21,1832,95,84,292,25,3,94,83
56,1,78,127,48,8,2015,43,5,315,65,0,81,87
59,1,53,188,48,49,3292,189,94,309,69,3,99,74
40,1,70,179,46,19,2958,178,45,334,33,6,110,50
80,1,64,176,35,6,2172,181,94,117,0,2,119,69
52,0,65,121,37,19,2223,95,63,209,10,7,49,115
43,0,74,120,53,14,2191,20,113,140,62,5,75,73
25,0,65,199,32,18,1171,135,118,379,6,6,54,106
28,0,57,176,39,30,2802,80,64,238,53,6,89,113
75,1,55,166,49,0,2552,113,89,164,64,6,87,55
55,0,49,140,43,32,1549,138,43,242,37,1,69,91
28,1,80,169,44,39,2801,54,8,12,52,2,97,54
27,1,45,199,33,5,2823,6,107,179,40,7,48,86
22,0,40,130,30,10,1736,123,89,214,37,6,93,129
66,0,42,156,43,25,3009,9,6,71,50,1,103,94
36,1,57,144,42,24,1393,190,61,160,4,0,85,123
78,1,48,128,31,26,1701,56,82,342,47,7,107,90
42,1,57,172,25,15,1047,86,17,391,13,4,53,126
25,1,70,122,31,5,1747,80,27,350,51,3,90,119
72,0,48,122,50,23,1605,110,89,375,10,3,99,114
76,0,75,163,50,17,1058,157,120,237,36,2,110,67
78,0,70,163,28,13,2989,186,57,370,11,1,110,119
63,0,70,164,37,14,1698,178,107,133,17,1,93,57
32,0,47,124,29,48,1121,58,27,153,46,5,76,122
73,1,50,186,38,34,1646,25,104,327,37,0,88,54
29,0,40,152,50,38,1057,171,65,286,33,4,80,95
72,0,79,157,30,2,3217,47,103,154,45,1,65,116
56,0,50,181,36,34,3417,191,25,108,1,1,88,122
30,0,60,166,51,39,1519,199,51,214,33,1,45,103
74,1,65,133,33,17,2169,21,75,198,80,3,88,109
28,0,54,188,52,19,3246,185,87,71,78,5,84,71
72,1,63,143,29,42,1253,194,72,1,3,3,40,128
58,0,51,171,39,36,2085,89,119,362,78,1,69,125
32,0,68,122,42,20,2867,196,31,230,29,2,110,79
23,1,63,150,28,30,2301,196,49,198,3,3,108,65
64,0,51,198,51,18,1071,59,18,60,34,4,109,89
39,1,71,195,49,15,1816,40,117,356,61,0,54,73
77,0,65,138,34,44,3034,141,24,232,10,4,85,109
28,0,46,185,52,48,2175,191,81,37,69,6,93,90
60,0,47,143,50,45,2622,85,85,243,52,2,59,55
78,1,63,191,47,5,2884,26,119,35,42,5,59,115
74,1,79,166,52,4,1130,94,74,286,7,3,53,122
70,0,69,121,49,7,1974,20,55,94,65,5,59,74
33,1,72,168,44,16,2042,179,38,25,54,0,75,125
63,1,74,153,36,10,1322,175,71,148,36,7,67,106
24,1,54,169,51,24,2370,35,38,358,53,7,86,89
19,1,59,185,32,46,1411,185,22,127,35,4,87,67
29,0,50,199,53,47,1360,141,13,189,65,7,90,93
43,0,42,135,33,28,1684,94,92,23,69,6,106,129
26,0,53,140,43,12,1589,198,87,149,62,3,40,128
25,0,44,161,31,13,1724,105,118,46,73,5,65,121
40,0,71,139,32,35,2525,52,35,379,15,3,42,72
77,1,66,143,31,43,1934,101,2,293,11,0,89,80
25,1,49,167,38,29,2287,112,1,118,8,4,83,80
69,1,44,166,31,6,2821,110,117,51,14,6,97,107
56,0,41,128,54,49,2941,128,57,317,3,3,63,117
56,1,43,165,44,27,1358,150,67,79,51,0,57,69
59,0,63,155,33,20,3049,139,102,117,16,4,40,55
78,0,80,162,55,20,3417,131,2,249,31,5,42,115
52,1,43,171,48,44,1780,52,51,54,38,3,66,108
39,0,47,138,33,7,2646,16,110,230,41,7,70,86
67,1,63,129,26,4,3317,125,31,240,76,0,72,126
51,1,49,127,26,37,1857,76,95,190,30,7,72,56
78,0,53,167,31,29,3412,1,66,200,36,2,70,117
31,1,52,144,29,25,2783,147,15,260,25,1,108,126
41,0,57,125,40,44,2331,138,51,246,68,7,90,54
40,1,69,188,40,17,2974,113,64,206,55,3,117,109
72,0,68,182,30,34,1027,154,108,46,59,2,109,102
73,1,61,140,39,31,3202,68,15,140,39,4,88,67
45,1,50,122,26,36,2940,176,70,330,23,3,49,61
20,1,43,143,47,24,1483,96,0,261,11,7,47,54
68,0,40,151,39,25,2526,29,29,234,68,1,46,76
19,1,66,133,46,41,3489,12,80,115,77,6,63,113
35,0,68,168,49,23,2191,47,71,328,33,4,99,123
71,0,66,164,37,40,1120,88,41,280,64,1,95,97
70,0,53,125,44,36,2214,200,6,212,25,3,83,129
61,0,40,165,33,18,2584,150,63,179,4,1,109,94
49,0,46,120,30,40,3225,71,54,153,62,1,74,118
77,1,69,194,26,48,1478,27,39,100,47,1,100,102
35,0,57,121,46,27,2376,153,97,319,47,1,105,121
49,0,59,159,48,34,2580,70,54,389,38,7,113,92
20,0,72,173,40,37,2911,106,60,214,54,0,63,62
59,0,50,168,43,34,2227,137,78,114,36,7,105,79
41,1,78,162,40,44,2451,70,81,270,56,0,55,66
40,1,50,183,36,2,2087,130,70,168,29,6,94,97
59,1,62,136,53,30,1689,47,46,7,23,0,75,52
59,1,69,173,42,35,2734,183,96,23,67,0,103,89
36,0,40,137,50,20,3355,58,2,235,76,6,117,55
39,0,62,152,48,17,3472,179,85,232,14,5,98,63
37,0,67,130,42,38,2100,198,53,34,79,3,72,105
38,0,42,126,31,33,3065,21,49,64,25,5,60,129
75,1,62,146,45,47,1193,182,115,84,59,6,52,113
32,0,47,135,31,11,1646,71,98,27,69,1,86,100
53,1,60,124,45,6,1808,5,38,272,64,6,78,72
80,1,64,195,37,45,1292,24,40,105,16,7,71,78
36,1,75,131,44,20,3117,143,72,190,45,1,67,81
39,0,49,196,53,1,1781,185,51,300,32,5,48,79
69,0,66,166,40,48,1328,96,44,141,1,3,63,91
45,1,41,164,28,15,3233,17,74,189,38,1,79,73
24,1,75,161,35,6,2393,134,89,271,4,4,116,69
45,0,80,140,30,36,3425,4,67,324,49,4,95,80
78,0,51,193,43,16,2389,139,94,271,17,6,89,62
35,0,78,159,31,37,2878,99,120,193,32,2,97,113
60,1,80,131,33,7,1120,112,31,187,37,4,81,98
55,0,55,192,52,50,1188,105,52,302,65,7,57,111
26,1,61,192,52,11,1033,167,5,323,34,4,67,70
55,1,58,195,50,38,1228,103,58,158,9,6,94,51
74,1,62,176,36,41,1588,2,26,185,15,5,90,100
61,0,48,123,48,30,2013,52,48,21,15,7,112,51
24,1,65,146,34,3,2343,107,95,23,60,2,92,106
71,1,63,179,53,47,1166,27,81,210,70,1,64,50
65,1,52,159,27,20,1167,102,36,267,57,2,73,78
48,0,55,161,29,7,1345,35,112,31,7,4,54,57
39,1,50,152,36,5,3227,40,95,136,52,1,76,115
58,0,58,134,27,1,1548,184,43,326,28,0,87,126
23,0,70,131,50,39,2804,61,64,21,21,4,68,51
77,0,65,175,47,3,2818,166,28,99,0,2,75,96
76,0,64,176,29,38,2833,164,37,383,40,1,96,75
44,0,75,133,51,43,2392,149,56,35,43,6,59,68
59,1,55,200,51,2,1877,62,33,244,55,4,47,75
46,0,45,127,46,43,3449,70,18,197,67,6,102,59
79,1,42,183,43,14,1481,173,110,173,11,6,81,53
64,0,59,162,28,13,1670,70,59,291,35,5,78,60
21,0,54,121,41,24,1848,76,112,317,42,6,88,71
46,1,65,122,40,30,2373,50,21,327,71,6,112,78
56,0,56,183,43,49,2331,5,26,53,26,3,57,53
54,1,62,193,45,44,2756,100,59,122,39,7,104,113
63,0,73,170,28,4,2793,59,46,184,21,0,52,111
28,1,52,150,41,44,2371,54,35,200,34,4,113,116
80,0,40,190,52,20,1862,38,48,45,66,0,117,90
27,0,48,190,32,22,3227,167,87,274,76,6,77,103
29,0,64,198,51,46,3209,186,38,244,14,2,56,91
70,1,52,152,42,5,1042,14,58,283,80,7,40,121
21,1,61,183,31,0,2205,127,95,24,68,2,55,63
26,1,52,171,47,32,1333,96,45,335,74,5,72,116
60,1,57,163,35,36,2054,152,20,292,42,6,44,104
26,1,69,193,44,30,2944,64,23,155,20,1,67,60
26,1,55,144,37,41,1702,48,62,351,79,0,111,64
38,1,75,175,25,29,2126,45,63,297,66,5,91,59
50,0,69,162,47,19,1743,74,60,310,52,4,114,115
61,1,68,164,49,37,1099,124,60,393,37,0,119,85
76,1,54,158,48,50,1523,180,115,14,18,1,92,130
80,0,53,141,52,0,1509,134,20,362,59,1,94,118
45,0,69,138,46,32,2786,31,110,55,50,2,52,88
45,1,51,187,37,29,2950,13,82,287,51,0,43,77
61,1,65,200,49,35,1671,134,92,93,46,4,113,92
46,0,61,181,39,18,3151,65,84,394,65,4,82,82
40,0,42,151,53,36,2627,20,118,123,33,7,88,117
21,1,41,125,31,49,1110,171,83,79,76,6,91,111
22,0,48,195,33,1,2257,191,72,379,65,2,106,61
75,1,48,192,47,48,2520,46,12,150,5,6,61,123
36,0,48,161,54,43,2382,95,64,204,78,0,66,122
73,0,60,128,29,41,2869,132,96,222,29,0,85,105
65,1,60,127,48,42,2545,48,103,138,26,5,49,122
36,1,41,155,34,46,1991,111,78,86,2,4,65,106
20,1,68,146,30,50,2921,149,37,61,12,5,76,109
30,0,72,160,48,39,1279,69,3,105,15,0,116,99
30,0,42,170,41,31,1015,74,42,371,62,5,81,93
53,0,41,188,43,21,3005,155,33,374,59,6,95,128
75,1,47,139,48,42,3401,193,40,341,52,3,105,118
19,0,63,147,29,50,3203,30,33,296,55,7,50,84
77,1,46,165,30,43,2466,109,119,392,54,4,62,54
31,1,72,155,35,31,3309,77,39,117,6,2,113,65
67,0,73,183,28,26,1075,23,115,311,40,7,48,122
67,0,70,135,29,13,2380,170,36,349,27,5,75,50
20,1,44,192,34,38,1598,111,76,36,59,4,120,89
68,0,62,127,55,29,1529,135,97,253,70,7,50,127
71,1,80,150,43,42,3237,60,16,344,18,6,58,99
32,1,72,174,48,14,2530,189,26,8,11,0,59,75
28,0,80,199,36,3,2104,164,28,8,20,5,72,99
69,0,52,152,25,37,2531,176,17,13,18,1,73,91
49,0,62,197,49,32,1366,91,26,379,22,6,74,92
28,1,74,198,39,42,3173,169,16,113,17,0,104,114
20,0,49,168,47,19,2604,99,76,134,42,7,100,110
44,0,52,157,26,24,1984,155,41,71,25,7,51,130
62,1,49,161,43,6,3335,100,14,312,65,0,97,66
48,1,59,165,45,9,2400,71,55,125,74,0,69,53
34,0,76,143,32,42,1624,78,70,289,39,6,89,101
62,0,79,177,50,16,2362,94,76,81,68,2,97,83
33,0,51,189,42,41,1264,19,47,100,15,1,102,96
52,0,56,181,53,43,1254,55,3,140,4,5,42,99
63,0,66,152,46,6,2610,42,86,350,34,6,120,122
54,1,78,199,47,34,1275,179,7,32,79,3,84,58
44,0,55,142,33,29,3019,145,68,129,70,1,53,76
24,1,65,185,40,27,2532,173,65,199,54,3,66,92
54,0,57,145,55,20,2545,89,49,91,58,7,104,113
41,1,73,196,49,41,3144,81,19,314,4,1,109,79
67,1,55,168,53,40,1677,134,80,287,7,2,63,118
28,1,44,173,46,30,3186,93,49,75,50,6,68,108
80,0,75,142,44,6,2923,6,4,195,50,5,71,118
22,1,65,160,52,33,3149,177,61,137,68,1,96,104
51,0,57,156,31,6,2955,178,70,376,44,7,67,110
18,1,77,169,27,33,2046,190,96,190,39,2,74,119
24,0,80,166,52,42,1279,128,79,166,51,3,89,91
35,1,42,178,45,3,2376,3,109,258,74,1,69,83
23,1,70,128,42,29,1457,34,18,128,42,6,44,78
42,1,40,124,36,36,1505,146,92,291,3,0,92,71
19,1,66,158,53,29,2113,19,117,112,73,5,87,62
77,1,65,168,44,16,2588,54,24,336,6,2,117,130
67,1,66,192,36,15,2738,165,30,46,10,7,50,113
59,1,58,136,26,44,2025,28,13,105,35,5,75,98
69,1,40,145,41,8,1666,134,5,388,46,0,92,109
40,0,44,197,43,26,2350,87,47,236,78,2,68,76
52,0,56,196,34,30,1377,2,83,385,47,0,66,67
21,0,46,170,31,36,2599,121,45,3,41,7,45,99
64,1,72,160,30,45,1870,89,25,399,62,3,53,88
47,1,70,139,51,24,1485,135,96,55,52,0,119,83
50,1,44,150,40,16,3490,147,102,197,37,1,105,123
23,1,53,129,36,19,2418,63,94,281,48,5,46,128
34,0,61,168,27,7,1974,166,36,288,63,1,93,125
27,0,70,183,53,9,2469,99,23,50,20,1,74,53
39,1,49,151,37,1,1216,109,25,251,6,7,97,122
73,1,46,159,34,6,3120,104,12,263,8,4,63,83
42,0,52,124,26,42,1886,85,41,189,66,6,109,126
47,1,74,130,38,34,2837,43,80,119,28,2,51,61
56,1,73,142,47,1,1378,77,43,200,26,6,51,116
69,1,74,196,43,19,2370,4,0,370,5,5,48,64
56,0,66,177,41,49,1335,135,19,217,8,4,108,111
54,0,67,127,51,28,2053,170,41,44,64,2,68,90
79,0,62,163,43,11,2361,83,31,106,54,6,54,55
50,1,60,164,33,27,2949,53,49,32,34,2,104,73
37,1,75,189,34,33,1277,170,19,226,54,3,86,78
45,0,58,148,31,24,1178,5,13,52,14,0,82,83
37,1,55,135,27,44,2850,118,108,391,71,1,64,120
34,0,78,147,51,11,1409,117,79,264,78,0,77,107
74,0,65,136,49,36,2062,172,102,85,13,2,44,123
36,1,78,141,54,21,3068,93,89,46,41,0,63,129
62,0,56,120,46,41,2172,65,109,283,37,6,116,102
46,1,72,162,25,18,2991,59,57,121,55,1,115,87
43,0,66,195,28,44,1160,80,51,391,44,4,112,79
39,0,79,159,53,9,2328,152,22,84,20,4,112,121
29,1,64,184,41,13,2654,186,0,65,43,3,107,97
59,0,44,143,46,47,1236,94,104,17,29,5,44,69
50,1,53,148,25,8,3118,149,87,388,61,6,53,91
35,1,78,198,27,34,1033,111,22,251,72,1,109,106
36,0,58,140,43,27,2767,41,84,347,7,2,57,91
38,0,71,147,37,25,1467,112,45,53,9,3,59,94
55,0,70,138,29,35,2458,71,69,119,18,0,96,111
18,1,64,142,44,26,2943,115,31,51,54,2,110,112
42,1,58,182,26,10,2670,74,82,322,18,0,45,68
33,0,71,200,36,25,1144,32,98,270,60,1,90,123
28,1,67,124,49,38,2037,0,70,322,16,5,98,125
40,0,40,184,48,12,1293,4,82,172,33,1,110,121
66,0,74,131,51,31,1968,153,72,49,0,0,54,121
26,0,47,193,52,25,1831,41,50,127,32,0,74,116
69,0,67,132,31,38,1062,122,56,96,65,2,68,52
42,1,72,150,40,31,1169,69,79,3,77,7,74,76
42,0,63,125,40,18,1573,43,79,287,62,6,100,71
47,1,59,132,53,29,3188,130,7,85,45,2,101,58
48,1,71,171,26,14,1444,45,1,377,63,7,93,64
55,1,43,129,30,44,2168,179,55,106,22,2,84,119
80,0,71,136,33,33,2708,158,82,111,17,4,42,105
64,0,54,146,32,3,2940,185,23,188,26,7,119,51
54,1,40,197,26,17,1851,150,4,23,39,7,99,101
23,1,48,123,39,2,2895,115,115,246,5,2,66,117
59,0,64,193,31,22,1069,140,111,39,70,4,41,125
35,0,66,127,45,29,2606,174,49,274,63,7,49,128
18,1,68,149,41,47,1970,136,27,270,80,5,59,66
65,0,66,151,46,22,3205,8,38,83,47,1,115,120
53,1,67,136,30,10,3190,62,39,322,56,3,52,127
18,0,53,196,36,20,3338,140,95,47,17,3,70,96
21,0,76,190,39,17,1036,75,19,300,17,4,67,121
36,0,68,134,51,30,2219,186,52,40,17,4,50,83
18,1,76,173,41,33,2993,198,11,269,58,1,102,95
68,0,71,179,36,13,3304,139,81,322,77,5,62,115
20,0,42,129,52,46,1417,119,96,96,45,6,101,125
57,1,40,199,39,2,2204,54,52,358,52,1,116,60
33,0,52,159,29,22,1624,31,67,21,13,5,67,62
74,0,68,126,32,42,2432,6,90,249,32,3,53,75
55,0,53,151,50,16,2221,169,51,246,3,6,45,81
48,1,46,121,39,28,3072,144,95,229,53,5,76,105
74,0,64,161,46,16,2270,20,47,167,28,7,112,124
55,1,47,130,35,27,3489,123,94,187,51,5,89,95
23,1,59,159,50,16,3441,119,50,128,31,5,97,62
48,0,64,130,29,47,2032,146,35,186,8,4,104,54
22,0,43,180,35,2,1847,83,53,269,23,7,75,62
55,0,65,157,38,39,3238,4,116,288,55,4,60,104
26,0,43,148,47,32,1129,187,64,388,39,6,59,64
38,1,80,157,31,48,2850,108,77,396,49,1,43,57
48,1,77,198,54,19,2902,137,20,243,72,6,82,100
80,0,68,157,53,17,1023,52,26,192,27,1,96,84
61,0,61,121,28,11,2476,38,12,326,17,5,73,104
57,0,50,155,50,45,2496,52,113,21,43,7,89,54
52,0,54,175,54,37,2394,25,19,326,11,4,52,55
57,0,48,149,55,18,2866,0,25,159,60,5,100,89
46,0,73,165,45,24,2432,95,107,399,0,5,89,123
25,0,76,167,27,23,1501,180,104,335,75,7,55,115
37,1,50,176,29,48,3331,10,5,258,49,1,68,124
23,1,43,170,28,10,1918,184,99,73,27,4,47,55
31,1,62,135,33,39,3208,88,64,35,13,7,55,69
73,1,75,152,53,25,2585,139,96,317,45,3,87,119
22,1,62,147,44,11,2792,150,13,331,59,0,66,130
78,1,62,123,37,23,3260,138,37,353,8,5,108,103
32,1,69,137,33,28,1481,146,37,65,48,3,103,71
69,0,52,138,45,50,2486,64,22,192,33,1,112,103
58,1,43,122,54,10,2404,45,115,143,28,2,81,60
34,1,69,192,34,4,2641,169,44,361,30,0,81,105
37,0,78,178,55,5,3368,36,4,350,63,1,100,55
31,1,52,179,48,15,3244,116,28,186,44,2,85,74
19,1,66,141,51,22,1314,74,91,156,11,7,46,70
76,1,50,165,46,21,2792,39,69,349,69,6,73,72
77,1,44,182,36,23,2631,90,59,173,58,4,111,83
62,0,70,148,35,22,2390,195,48,41,31,0,56,124
42,0,49,143,27,12,3102,171,53,58,31,2,92,104
25,0,40,193,31,49,1039,35,33,318,70,6,78,107
50,1,57,186,42,4,3418,82,29,1,54,2,77,113
48,0,79,128,42,25,2094,12,9,103,23,0,40,95
48,0,40,186,27,10,3441,48,65,74,24,1,99,67
31,0,55,164,46,24,1705,143,53,147,29,4,74,87
79,1,48,163,39,5,1324,197,85,128,32,4,65,125
57,0,43,164,38,18,3132,144,13,199,35,5,87,82
45,0,64,165,35,15,1141,157,86,31,33,6,120,84
22,0,80,196,25,31,2200,109,48,321,50,1,63,115
41,0,71,172,41,36,3079,117,18,279,42,1,98,104
21,1,44,184,41,17,1162,83,66,82,69,2,101,72
51,0,54,183,29,40,3421,87,112,0,43,4,95,71
42,1,63,131,51,36,1814,97,26,270,53,1,56,126
31,1,46,168,26,34,2711,33,55,168,63,7,46,99
49,1,57,126,33,19,1305,24,1,350,25,0,86,78
64,1,48,149,33,4,1210,81,82,22,11,2,116,92
41,1,43,164,36,37,2084,140,43,91,6,7,107,108
50,1,40,148,32,37,1725,89,5,123,59,4,51,66
52,1,62,157,30,35,1083,12,89,312,11,1,79,126
47,0,72,153,45,20,3277,42,45,114,34,6,63,54
64,1,54,135,43,43,1017,81,56,6,62,4,65,121
41,1,74,131,39,48,1019,51,16,63,65,6,117,67
24,1,47,146,54,25,2526,62,64,247,66,3,108,55
79,1,64,150,25,19,1264,148,49,234,44,1,93,123
80,0,56,183,41,14,1655,124,70,392,7,6,105,85
34,1,52,180,38,41,2191,35,56,11,27,7,72,56
34,1,80,154,35,13,1543,145,10,38,60,3,71,112
35,1,54,159,30,14,2272,33,28,283,55,4,63,75
68,0,55,145,30,34,1855,20,16,94,63,1,63,58
27,1,57,138,26,41,2765,59,118,42,44,4,110,107
34,0,73,196,36,31,3421,182,23,190,75,3,102,52
46,0,68,132,40,2,1039,57,75,51,42,6,53,53
65,0,45,147,37,28,3158,133,18,388,10,5,88,73
78,1,45,120,47,34,3459,101,116,156,59,1,104,95
20,1,48,145,26,35,1721,116,64,303,19,1,48,76
65,1,71,174,42,0,2854,183,46,146,45,7,49,95
32,1,71,152,27,49,1605,180,88,356,0,6,112,112
79,0,78,136,43,24,2574,185,24,312,26,5,107,105
64,0,72,175,51,5,3131,161,39,343,62,4,71,106
78,0,80,161,48,9,3354,158,33,158,12,1,90,114
52,0,43,198,46,0,1334,21,0,388,28,1,85,99
63,0,79,182,29,4,1763,199,116,160,8,2,93,122
65,1,51,169,53,20,2241,156,120,379,31,4,62,94
65,1,70,177,39,40,2781,45,7,154,76,5,101,114
70,1,64,161,31,50,2002,181,24,37,78,5,117,66
77,0,46,135,31,28,3225,15,100,346,3,7,87,86
27,1,46,196,51,25,2961,161,108,47,31,6,65,89
80,0,42,154,25,40,2060,142,65,308,39,2,67,104
74,1,67,150,47,16,1800,155,101,352,44,4,86,124
38,1,56,188,38,43,3027,87,119,353,40,3,98,53
76,1,64,152,29,26,1166,32,31,194,69,5,69,86
47,0,70,182,28,39,1765,28,8,167,44,2,50,92
54,0,49,172,45,11,2508,112,33,188,18,0,50,123
79,1,76,165,41,5,1072,77,50,235,43,4,82,58
24,1,80,166,36,27,1602,120,27,108,8,1,77,104
36,0,75,147,38,27,3239,103,55,114,38,7,103,86
56,0,72,165,40,23,3453,90,60,304,6,4,62,71
65,0,46,196,37,21,1585,118,26,183,63,3,120,71
67,1,62,145,35,41,2138,104,108,83,12,7,75,74
23,0,60,173,31,38,2317,134,89,14,79,4,108,123
54,1,80,127,33,24,1569,141,74,183,78,5,49,56
65,1,62,163,27,4,2098,19,18,176,28,6,116,115
49,1,72,152,50,10,2758,65,6,131,77,4,117,70
26,1,49,134,37,32,3365,149,72,263,19,5,44,66
63,0,47,158,45,38,3125,181,58,388,13,4,99,56
70,1,64,185,48,31,1981,149,0,231,67,6,69,54
28,1,72,133,38,46,1191,69,20,55,24,2,76,118
29,1,70,139,37,22,1121,174,101,57,7,5,116,97
77,0,47,193,31,17,2029,46,53,56,72,0,103,111
29,1,47,156,38,30,1475,40,67,300,74,7,84,52
49,1,77,141,34,15,3384,77,91,205,59,1,113,96
30,1,46,142,46,40,1609,87,44,11,63,6,41,99
28,1,64,199,52,35,1221,22,3,110,29,6,98,53
54,0,63,131,41,22,1649,59,52,50,70,0,79,91
35,1,48,160,52,50,3163,136,77,299,75,3,90,76
37,1,76,190,36,46,2752,174,108,109,17,4,75,61
45,1,55,179,47,43,1339,23,113,280,0,5,53,116
37,0,51,184,53,19,3167,73,102,226,39,4,110,100
70,1,60,196,30,14,1399,12,41,350,50,0,109,74
43,1,51,141,46,20,3300,83,35,385,12,3,98,114
35,0,70,124,55,13,2989,106,4,2,24,6,60,91
19,1,77,164,37,26,3217,200,14,234,23,2,97,81
65,0,49,166,49,42,3468,191,31,295,24,5,114,50
31,0,63,145,50,46,2348,150,108,283,10,5,71,107
49,1,54,152,37,14,2665,146,32,371,70,4,69,115
47,1,60,196,51,0,2290,106,14,130,32,7,48,117
56,1,49,180,30,24,1752,17,92,385,51,6,42,56
56,0,49,186,28,20,2913,111,66,271,66,1,59,70
48,1,75,135,25,12,3308,76,111,318,78,7,108,117
63,1,51,160,28,5,2149,46,42,115,68,4,116,73
30,1,61,169,36,16,1206,87,104,328,79,1,120,89
46,0,74,136,52,31,2131,42,54,302,45,1,100,125
63,1,76,186,45,16,3080,81,10,393,67,2,79,71
46,0,55,166,28,0,3052,43,76,274,31,3,106,124
57,1,48,175,45,2,1987,33,66,386,53,0,120,79
47,1,74,154,47,48,3281,45,119,108,62,6,56,110
69,1,56,181,53,8,1709,80,35,119,45,4,40,121
74,0,80,188,47,43,3188,144,47,375,55,4,114,89
39,0,44,174,50,10,1870,11,54,171,80,3,47,122
50,0,58,196,39,28,2251,116,95,303,34,6,55,106
50,1,51,154,32,2,1174,130,86,288,65,7,64,84
46,0,77,131,43,15,2335,170,56,13,38,0,74,110
67,0,45,191,40,25,2359,83,54,261,1,2,103,130
52,0,63,176,43,47,1493,83,8,149,68,3,95,84
68,0,46,142,53,39,2161,115,89,31,4,3,52,112
61,1,44,174,50,17,2974,198,27,321,42,2,100,110
38,0,76,174,46,12,2870,68,103,324,9,5,44,65
58,0,61,184,53,46,3186,32,17,129,70,3,116,128
61,0,78,190,53,21,3188,67,69,15,54,0,53,89
48,0,80,184,51,15,1709,47,69,264,28,6,89,116
27,0,69,186,54,10,1266,134,20,161,13,5,100,96
72,0,40,129,51,9,2649,62,7,347,52,3,89,58
26,0,68,170,39,25,1846,70,4,151,41,0,107,63
65,1,80,141,51,26,1549,154,0,237,32,3,54,99
35,0,66,150,45,27,1008,63,92,260,68,3,97,115
19,1,57,195,55,26,1882,109,33,269,14,6,62,128
43,1,40,140,52,50,1161,7,57,91,52,2,63,122
50,1,42,152,37,38,1447,89,0,119,55,7,106,71
27,1,45,134,41,46,2642,126,54,101,16,6,91,57
34,0,73,162,52,5,1893,39,74,365,0,4,68,53
64,0,73,150,41,9,3427,87,60,151,8,2,66,51
74,1,66,193,28,39,3401,128,27,348,12,7,57,60
29,0,50,140,53,20,2666,195,118,289,64,1,69,120
39,0,52,158,28,6,1700,119,3,311,53,6,73,50
24,0,78,142,25,18,2715,145,49,321,2,0,52,107
21,0,78,153,54,39,1110,81,1,234,72,0,93,119
65,0,42,120,36,31,1243,87,96,355,31,0,62,116
41,1,67,192,39,16,1396,172,88,149,48,0,77,113
45,1,65,154,46,5,2520,145,95,223,43,1,79,58
36,1,76,147,44,50,1787,14,106,192,55,1,106,115
40,0,78,178,44,34,2224,67,33,382,47,2,74,97
73,1,67,140,30,43,3360,20,70,191,19,7,79,111
64,1,64,177,55,43,1625,47,106,152,22,2,80,87
71,0,72,147,47,17,1442,87,1,337,35,4,59,129
30,1,63,191,35,2,1019,92,87,3,71,7,99,86
74,1,55,196,54,8,1904,179,120,360,77,5,116,79
58,1,76,163,35,45,3157,77,33,35,8,2,76,55
76,1,56,148,37,49,2318,85,27,180,10,3,68,58
35,0,63,181,48,5,3307,123,30,233,1,6,69,95
51,1,73,129,26,30,2680,40,63,177,45,3,61,89
64,0,79,138,46,30,1710,26,83,265,1,4,52,75
60,1,50,176,29,6,1103,164,44,270,13,5,41,105
47,0,49,120,38,38,2914,161,100,262,1,4,103,123
21,0,77,151,51,30,2428,23,81,256,6,6,52,97
40,1,42,127,35,32,1625,111,41,254,58,4,107,70
45,0,79,195,37,14,3150,196,68,145,59,3,113,80
79,0,42,135,27,26,2191,161,36,77,9,2,95,127
41,0,45,158,47,48,2160,15,4,388,13,5,68,67
42,1,40,153,38,6,2102,63,28,297,49,7,46,69
74,1,40,147,25,4,2505,35,44,155,43,1,61,81
60,0,68,171,55,32,3316,58,1,16,3,0,97,116
24,1,40,134,52,43,3339,135,32,360,57,7,90,82
32,0,63,131,27,26,1698,69,108,333,20,5,93,79
56,1,60,162,27,39,2149,170,3,139,72,3,100,107
71,1,68,151,31,10,1899,152,101,135,26,2,45,58
36,1,49,164,46,17,3381,111,0,374,11,1,113,94
78,1,46,200,44,13,1908,97,96,207,8,0,102,65
30,1,48,138,49,6,2558,59,77,164,14,2,73,97
33,1,54,169,45,21,2432,191,91,226,60,2,109,75
55,1,41,164,31,30,2470,33,50,348,26,0,77,62
55,0,80,124,35,11,2561,73,116,6,9,7,90,108
62,0,55,169,42,31,2972,40,102,155,19,7,100,81
43,0,61,132,41,14,3066,136,82,376,32,3,74,78
34,1,71,121,37,0,3021,107,109,242,27,4,65,62
46,0,67,133,25,15,1228,18,62,30,64,2,120,74
38,0,80,197,37,26,2729,155,41,216,74,3,89,58
80,0,40,165,40,27,2440,129,48,112,26,2,69,112
27,1,73,127,29,29,1365,193,81,373,18,0,54,95
45,0,43,157,49,49,3438,59,75,275,21,0,86,129
51,0,80,187,43,26,1060,55,24,351,49,0,85,63
63,1,48,165,54,17,2550,95,42,232,78,4,83,60
50,0,49,161,43,50,2774,55,119,361,44,5,40,81
47,1,48,178,40,34,1712,58,47,109,57,1,51,78
29,0,70,181,52,49,1175,25,119,183,17,6,60,84
24,1,65,163,31,17,3063,29,82,95,40,2,114,91
24,0,41,185,43,13,1440,140,82,324,35,2,119,63
43,0,75,165,45,0,3436,56,54,299,60,4,65,108
61,0,66,146,46,33,2205,97,45,32,60,4,72,107
25,0,46,130,29,42,1026,157,52,12,9,4,58,76
34,1,64,168,52,27,2555,81,120,64,59,5,51,112
69,1,52,128,43,50,2457,93,96,92,26,1,79,77
35,0,60,149,37,35,3470,111,89,329,40,2,78,55
66,0,47,198,53,40,1825,27,43,344,6,0,120,98
72,1,68,158,54,48,1369,149,52,26,39,2,114,64
37,0,47,148,51,29,2729,39,119,104,10,6,41,74
52,1,48,160,50,2,2946,111,76,239,7,2,53,96
47,1,41,131,41,9,3462,65,94,394,2,0,111,106
57,1,46,192,45,35,1327,105,107,138,51,5,47,64
73,0,64,182,40,26,1050,67,97,114,26,6,45,99
29,1,67,139,33,10,1083,195,61,384,62,6,40,92
33,1,45,189,25,20,1594,37,88,148,57,3,66,106
75,0,48,188,45,19,1683,187,115,315,59,7,111,81
34,1,77,193,47,33,2378,85,55,394,51,1,93,106
29,1,51,144,34,50,1100,81,49,119,5,1,85,103
70,1,69,146,31,15,2546,96,31,92,67,1,58,95
54,1,79,162,42,42,1974,170,74,177,6,3,102,123
27,1,74,120,50,34,2564,149,49,51,40,4,53,74
23,1,43,121,44,9,1432,134,37,256,9,1,50,128
59,0,75,154,36,41,2749,17,16,174,59,6,75,69
74,0,61,196,55,7,3024,84,65,124,52,5,119,71
65,0,63,161,39,3,3082,84,65,210,58,4,94,120
60,0,73,132,26,17,1416,121,33,278,80,4,96,73
54,1,74,131,39,23,1885,176,94,44,27,0,57,90
36,0,70,154,48,11,3135,79,40,109,6,5,100,109
29,1,63,185,27,6,2662,125,0,376,22,6,76,79
28,0,70,183,49,40,2416,191,23,137,74,3,75,71
33,0,56,155,25,48,1060,102,13,343,15,2,110,81
60,0,65,135,29,47,2130,125,39,192,10,3,66,125
78,0,52,191,35,20,1788,72,54,80,69,6,64,111
73,1,56,177,29,28,3151,21,112,387,60,2,93,127
31,0,63,157,33,29,1361,89,96,368,58,0,117,98
57,0,73,127,25,26,1709,75,5,82,47,2,82,51
67,1,52,180,50,47,2293,160,24,269,31,2,114,83
43,0,64,165,31,43,1476,164,41,16,2,5,56,127
34,0,78,124,27,48,1909,109,109,139,34,4,109,101
73,1,64,174,51,9,2601,3,114,22,75,5,107,116
50,1,60,178,42,29,3406,87,10,347,69,2,53,60
59,1,76,168,38,50,1630,126,90,146,36,0,84,96
23,1,62,187,48,7,1555,95,12,0,51,5,77,63
48,0,74,138,54,42,1492,102,106,104,17,1,116,50
68,1,53,162,39,45,2300,163,89,345,51,2,61,75
46,1,58,131,55,13,1749,184,118,90,43,1,43,58
38,1,78,196,35,1,2071,21,49,371,80,0,109,50
35,0,41,131,38,50,3144,143,109,20,2,4,78,78
68,1,77,152,48,27,3038,157,74,156,58,2,50,52
34,1,53,193,43,44,3252,14,21,174,73,7,101,59
67,1,75,183,28,37,2857,54,100,32,53,4,109,95
59,0,72,191,40,15,3300,175,13,230,21,1,83,106
58,0,46,137,27,32,1588,69,92,375,16,7,40,74
25,0,48,177,47,6,2043,155,0,116,76,1,119,72
64,0,66,139,27,41,1878,134,2,253,8,4,103,71
68,1,57,127,40,48,2003,181,69,305,55,3,46,127
42,0,77,121,26,50,1602,121,91,301,71,0,43,84
19,0,73,165,52,50,1945,178,105,220,13,1,105,96
29,0,72,125,40,39,1073,38,51,201,54,3,103,58
58,1,53,168,39,21,3350,101,5,193,22,4,42,61
43,0,45,179,36,5,2454,134,56,302,37,7,84,119
34,0,69,187,37,10,3084,1,42,371,55,4,41,82
64,1,76,174,46,42,1745,27,87,195,69,6,102,98
65,0,61,165,54,46,3469,59,73,42,10,7,77,92
21,0,41,159,32,30,3378,35,6,85,10,6,94,63
33,1,43,172,41,8,1045,11,85,162,33,7,89,57
25,0,43,182,33,20,2466,196,102,287,61,6,88,124
32,1,41,194,45,39,2916,119,13,331,1,4,98,85
60,0,71,148,37,18,1039,137,120,67,3,6,106,61
70,0,73,149,26,25,2533,194,97,269,15,0,93,97
37,0,48,146,43,38,3430,15,71,13,70,1,119,129
73,0,79,131,32,39,1894,126,104,390,49,5,110,66
80,0,79,197,29,23,2286,18,46,204,72,3,43,128
25,1,79,182,44,20,1327,116,55,348,22,7,104,123
35,0,58,187,54,30,1992,115,109,183,9,4,61,61
37,1,42,183,32,7,1734,191,70,104,72,7,75,96
39,1,74,197,35,20,3274,199,97,174,67,1,67,109
24,0,74,120,35,37,2430,31,52,63,73,3,57,63
29,1,51,132,27,29,3023,192,26,250,79,1,94,73
51,1,45,190,34,25,2305,132,54,88,36,5,85,82
73,1,50,152,52,3,2730,188,77,80,5,1,79,50
66,0,72,145,34,16,2594,140,112,168,6,5,67,62
44,1,56,168,26,26,1801,157,90,46,17,3,78,94
40,1,44,169,27,21,3314,29,47,291,5,6,56,112
67,0,40,147,37,13,2505,64,43,227,12,1,80,59
77,0,62,121,28,17,1502,197,49,381,24,1,42,104
49,0,78,134,41,25,2476,153,102,74,40,2,81,130
44,1,63,140,43,28,2359,128,39,66,29,3,66,101
68,1,67,194,51,20,2347,84,37,62,30,2,67,73
63,0,66,156,25,17,1982,164,101,180,14,6,101,100
45,1,60,177,38,28,3016,12,62,294,31,5,88,112
23,0,76,188,55,15,3042,69,22,270,61,4,62,124
33,1,67,151,28,14,1971,108,100,400,47,2,93,128
51,1,65,144,51,28,3262,25,83,350,48,4,75,123
30,1,47,174,51,44,1209,85,6,158,50,3,87,107
29,0,70,194,25,22,1155,72,102,51,29,7,114,101
71,0,60,121,26,14,2616,30,111,337,72,0,103,115
74,0,48,186,41,2,2745,181,93,349,40,3,65,128
75,1,47,172,43,38,3055,88,94,148,25,1,78,100
65,0,70,140,55,42,1575,33,14,200,29,5,79,95
36,0,42,149,48,39,3370,145,30,313,27,6,77,130
55,1,40,197,47,13,2741,94,77,371,40,5,100,73
22,0,49,138,38,27,1516,25,86,354,52,6,116,105
58,1,69,200,52,11,1102,86,74,140,77,4,102,78
63,0,78,169,44,7,3203,73,7,240,22,3,95,82
57,0,70,191,39,17,1044,78,71,391,37,6,82,116
32,0,63,200,28,40,1385,17,45,189,55,5,51,127
53,1,46,123,52,2,1810,173,103,63,38,6,116,64
31,0,69,150,40,31,1977,164,79,281,0,7,119,105
35,1,63,169,36,47,1084,141,41,352,67,1,72,95
57,1,45,197,38,46,3104,114,100,91,61,7,81,101
66,1,59,195,46,37,1460,134,25,147,31,4,86,62
21,0,52,160,28,36,2327,135,37,196,21,6,74,71
41,0,55,196,42,4,2716,120,15,168,8,7,66,71
59,1,64,176,53,39,2537,150,28,317,50,5,112,99
46,0,79,127,50,15,3418,132,70,102,74,1,66,92
71,1,45,180,34,28,2727,200,21,349,8,7,96,98
71,1,46,142,41,33,2318,142,82,356,55,5,62,92
47,1,66,186,46,7,3406,142,55,130,45,6,110,70
67,0,73,154,54,37,1946,193,6,5,42,2,52,118
27,1,77,188,33,16,2212,25,49,72,70,0,50,80
64,1,51,133,26,7,1885,171,18,275,51,0,95,63
56,1,62,131,39,13,1326,90,44,21,28,2,44,79
27,1,50,173,42,14,2384,168,41,102,72,1,64,60
35,0,47,191,54,12,2165,158,9,170,1,6,50,82
52,0,51,127,48,23,2773,52,44,341,75,2,46,59
72,1,68,134,37,49,2596,163,79,120,73,2,75,112
36,0,68,133,54,10,1078,192,67,370,63,0,49,55
59,0,40,129,34,36,1313,167,104,82,38,5,48,119
78,0,56,135,46,36,2385,77,58,356,3,0,96,75
58,1,50,199,54,19,2215,130,48,231,64,1,108,79
62,1,67,141,30,43,2796,22,44,8,8,4,86,78
18,1,55,181,33,19,2535,90,88,355,19,6,67,110
65,1,42,178,30,49,1585,39,119,258,20,7,77,55
39,0,61,154,48,32,1077,170,30,72,77,0,69,102
50,1,63,148,38,18,2998,54,21,241,64,0,79,130
59,0,74,184,29,23,1233,74,119,266,2,6,117,117
60,0,68,165,28,20,3444,133,12,331,17,5,82,128
56,0,62,150,48,11,2922,171,113,256,53,7,86,51
32,0,60,133,50,33,1425,91,77,307,67,6,106,61
39,0,41,131,28,9,2415,15,10,322,68,6,46,100
54,0,52,152,45,5,2958,71,24,36,68,0,105,72
55,0,76,139,39,50,1226,14,3,319,64,7,120,127
76,0,59,179,34,37,2895,126,29,379,0,1,85,54
24,0,49,191,28,20,1018,20,78,238,76,5,99,58
42,0,72,153,28,30,2707,183,76,79,19,3,114,100
21,1,62,167,55,39,1426,102,73,121,76,2,81,81
21,1,63,190,33,20,2708,81,41,351,26,0,90,128
78,0,51,172,27,31,3091,188,63,279,77,7,106,100
63,0,45,175,28,22,1525,106,9,168,7,4,58,99
66,0,80,165,27,33,1344,59,41,53,76,7,73,69
64,0,40,178,28,8,2264,86,115,48,16,2,46,68
62,1,43,155,39,19,2482,78,47,386,31,1,106,117
46,1,80,178,43,43,1865,50,81,220,43,3,66,101
44,1,42,197,50,46,1596,64,8,20,30,1,60,64
34,1,73,157,45,34,3075,79,74,139,9,7,54,127
41,0,44,142,36,42,1557,11,49,328,77,7,50,53
23,1,80,150,30,37,2382,126,27,25,5,0,103,67
69,0,61,144,45,21,3118,162,50,363,44,4,84,52
48,0,79,158,25,18,2926,120,0,281,45,6,77,91
64,0,54,122,47,34,1056,56,116,201,21,7,93,116
79,1,57,181,27,36,3071,130,94,285,34,1,56,50
24,0,46,176,47,19,2595,75,23,260,52,3,116,61
22,0,41,150,32,27,1356,124,54,259,76,1,45,73
65,0,66,189,25,2,1876,81,105,176,39,0,45,97
55,1,59,192,48,39,1276,100,71,50,34,2,46,126
70,1,54,153,50,47,3209,68,4,55,54,6,103,67
77,1,42,186,43,3,2918,184,49,104,77,4,105,79
57,0,74,187,41,35,3427,35,74,167,44,4,75,97
40,1,80,163,50,17,1813,132,51,327,60,7,105,86
60,0,59,125,40,50,1298,20,81,397,77,1,40,83
18,0,55,186,48,27,3352,23,15,83,2,6,46,64
47,1,49,158,50,12,2428,45,6,62,65,4,119,130
49,0,53,192,35,50,2215,139,86,87,27,5,84,80
59,1,50,197,43,26,1359,97,25,205,49,0,72,115
74,1,75,186,46,32,1887,185,6,194,19,5,51,94
48,0,40,174,50,36,1956,64,24,163,52,5,109,73
46,0,59,167,35,1,3375,75,46,298,37,3,114,121
21,1,78,184,49,22,3241,112,78,205,66,3,111,123
43,1,60,134,54,23,1807,154,56,197,9,2,107,90
25,0,73,169,55,11,3130,184,81,168,27,3,44,98
63,0,63,181,40,15,2495,190,90,257,32,4,83,54
49,1,58,126,48,34,2792,125,28,75,13,7,119,115
43,0,75,165,44,31,1597,133,14,286,28,0,111,82
47,1,71,128,44,7,2370,147,44,317,80,7,56,78
60,0,48,161,55,1,2806,91,24,347,52,2,51,87
71,0,42,148,25,37,2380,61,33,105,73,3,55,84
45,0,75,131,30,22,2298,144,11,348,61,7,111,111
30,1,61,200,26,27,3186,173,70,221,18,2,46,92
25,0,61,142,38,22,2780,168,16,286,14,0,59,79
65,0,62,173,55,37,3485,159,28,204,64,2,46,64
37,0,71,185,48,37,1056,1,4,268,57,1,89,97
48,0,76,169,34,17,1451,156,14,378,0,3,61,116
55,1,71,123,27,42,1288,193,23,73,56,4,57,116
78,0,67,140,34,22,2963,154,45,214,19,2,42,77
63,1,73,193,52,10,3370,176,21,380,7,2,56,89
20,1,75,133,40,45,1877,95,89,316,48,3,89,82
60,0,63,194,29,34,2430,16,10,89,13,0,51,51
38,1,79,189,53,33,1208,63,59,99,4,7,45,77
76,0,58,141,39,39,3281,182,47,334,34,6,95,84
57,1,78,184,36,18,3166,111,54,96,7,2,101,56
20,1,62,168,52,7,2450,43,103,15,33,6,50,112
72,1,66,121,34,14,2548,16,70,400,33,3,97,75
39,1,60,187,54,17,1140,37,120,208,8,1,120,58
62,0,55,172,52,37,1393,0,10,29,19,3,63,114
24,1,47,159,33,12,3373,83,94,338,74,7,116,79
27,1,55,141,51,3,2968,21,35,221,74,2,72,69
71,1,76,199,35,34,1135,41,87,22,68,5,118,99
32,1,60,181,32,19,2022,169,94,149,41,6,88,129
48,1,54,139,46,40,1749,168,8,118,52,0,53,104
30,0,74,158,25,44,1693,46,12,48,5,6,48,102
37,1,41,188,33,4,2037,111,31,379,15,4,96,115
70,1,42,172,32,23,3253,9,120,196,45,5,64,69
55,1,72,181,25,26,3465,121,119,181,62,3,63,95
58,0,48,190,47,49,2809,148,102,241,19,0,44,64
70,1,80,190,46,25,2311,113,30,211,71,3,46,57
50,1,52,139,33,46,3122,183,73,204,45,6,59,95
79,0,67,126,51,50,2750,78,35,191,77,2,99,56
62,0,45,170,36,15,1491,91,30,373,77,3,57,55
49,0,64,146,30,20,2016,42,24,51,25,0,74,60
75,0,68,153,39,21,2193,187,78,170,47,0,41,129
30,0,47,175,53,10,1841,34,63,77,39,1,115,130
34,1,80,177,55,10,2059,155,35,297,38,5,85,91
19,1,40,173,47,34,1807,108,98,47,78,2,61,62
29,1,53,184,39,16,3026,52,12,42,64,3,110,55
80,0,68,152,46,9,1544,185,39,263,29,6,94,80
48,1,45,149,30,9,1150,197,44,121,50,2,46,91
63,0,61,182,48,45,2076,120,90,320,73,4,69,59
40,1,71,182,47,42,2669,77,63,109,43,4,89,123
74,0,63,122,26,43,3404,82,117,27,73,6,45,98
45,0,69,175,52,25,1329,86,1,56,0,0,101,59
44,0,77,146,53,14,1136,60,25,4,67,3,100,82
27,0,68,165,41,42,2750,123,64,372,63,3,89,89
68,1,59,196,47,20,2586,55,37,171,56,5,56,110
62,1,59,151,55,9,2678,114,0,22,23,6,40,92
75,1,70,136,35,18,2859,165,102,189,11,5,111,112
22,0,75,162,31,41,1373,26,113,266,5,4,45,86
27,0,59,178,26,49,2510,108,26,311,2,5,104,55
65,1,40,175,40,9,1974,169,54,141,9,0,44,119
34,0,67,140,48,47,2715,72,33,368,76,5,111,92
77,0,73,189,53,23,3315,114,22,353,23,0,108,123
80,1,64,123,52,23,1356,21,66,354,62,1,60,60
24,1,43,135,48,20,2493,72,64,96,10,4,44,115
79,1,60,198,34,44,2241,16,77,60,24,5,94,57
60,0,47,197,47,3,1643,16,119,229,2,3,41,125
60,0,44,185,34,21,3135,21,15,26,10,3,40,114
78,1,62,129,25,45,2461,151,53,222,52,1,110,117
32,1,51,135,44,44,3497,56,48,317,38,0,96,127
32,0,70,182,43,15,1505,164,38,170,8,0,45,61
80,1,55,139,44,13,3465,167,18,313,37,1,68,55
65,0,64,129,32,31,3349,19,83,382,3,3,108,91
50,0,75,188,49,1,2973,187,87,178,42,7,108,97
39,0,76,162,39,23,1995,11,10,273,75,3,70,71
21,0,45,168,31,30,1949,82,110,61,66,7,107,124
45,1,44,189,53,9,3435,13,84,6,67,6,47,54
43,0,66,177,27,45,1092,175,11,362,73,6,109,59
35,0,55,199,53,21,1445,111,74,228,64,2,93,108
60,1,40,172,34,49,2231,70,89,300,28,0,62,109
51,1,59,123,39,25,1478,54,17,316,5,4,97,109
61,1,50,149,55,22,2347,188,42,124,73,0,102,76
18,1,48,168,53,39,3488,2,94,249,53,2,68,108
44,1,76,154,34,39,1913,53,69,355,30,7,59,94
53,1,47,180,31,43,2685,70,49,40,41,2,40,100
39,1,64,162,32,0,1511,32,15,138,36,7,41,94
65,0,45,139,43,19,1874,187,19,34,42,1,112,84
27,0,55,140,50,31,3454,20,62,292,63,7,94,80
80,1,43,133,50,8,2274,112,62,38,40,2,100,71
59,1,73,120,54,10,2543,173,24,232,35,7,95,72
55,1,50,135,37,39,1766,86,87,274,1,2,40,91
75,0,75,186,38,46,3066,24,33,38,58,4,88,53
74,1,79,190,29,33,1370,146,77,73,64,5,65,64
65,1,52,183,36,1,1534,193,92,238,8,4,80,69
69,1,42,173,31,11,2455,176,102,44,49,2,118,53
35,0,49,148,55,27,1256,98,11,223,32,5,87,127
34,0,41,130,45,41,3285,67,93,355,80,2,56,50
22,1,74,185,48,49,1997,15,61,220,56,3,80,64
53,1,44,140,31,23,2718,25,84,22,4,3,116,55
23,1,56,153,53,3,1377,97,17,174,18,1,61,60
54,0,73,191,37,49,1354,182,110,208,31,0,83,66
54,1,75,157,26,28,3157,58,94,125,55,1,95,85
63,1,75,144,26,6,1817,4,116,53,42,0,90,101
20,1,43,163,46,27,2083,102,72,291,47,4,63,109
70,1,56,160,25,21,1112,90,116,392,59,1,42,59
23,0,65,156,48,35,2600,46,97,356,13,3,89,97
60,1,56,162,53,43,3316,89,41,330,36,0,78,65
26,1,49,176,35,37,1397,64,63,186,46,5,66,102
51,1,72,175,44,13,3348,162,36,147,67,2,50,108
42,1,49,125,39,36,1827,89,116,158,55,4,98,74
18,1,74,172,50,37,1373,19,113,154,53,6,59,121
69,1,46,152,54,1,1601,178,112,251,31,5,114,88
69,0,64,172,55,43,2410,121,118,292,44,5,76,95
43,0,48,174,25,35,1340,93,38,14,10,5,56,72
25,0,56,136,39,43,1081,78,114,116,51,6,41,115
30,0,52,131,31,1,3256,61,14,119,75,3,102,129
77,0,67,197,44,16,1989,144,110,312,53,4,118,92
80,0,47,136,30,35,3340,74,10,351,39,5,97,106
62,1,65,163,41,24,3114,101,62,365,35,3,62,93
34,1,71,166,43,40,2552,134,66,14,62,2,84,85
18,0,69,192,30,22,1303,189,71,259,38,1,96,88
50,0,59,187,43,34,1710,95,87,140,58,4,92,94
66,1,54,195,49,1,2868,191,13,296,72,3,118,67
31,1,69,194,47,31,2408,52,49,36,68,3,82,109
30,1,59,176,44,37,2373,125,22,389,53,4,104,100
65,1,77,198,33,14,2893,99,49,163,12,2,97,60
37,1,49,192,46,41,2347,42,79,384,47,0,59,54
51,1,53,199,44,2,2290,24,22,305,16,6,76,79
20,1,52,133,53,26,3318,90,2,83,49,0,110,64
62,0,49,138,38,29,3346,84,31,72,54,6,89,72
49,0,43,153,49,41,1933,95,20,212,29,7,69,127
49,0,70,156,35,1,3104,173,50,80,24,4,44,82
74,1,55,190,33,38,2229,54,119,28,18,0,110,68
26,1,63,128,25,27,1342,74,87,78,38,4,43,93
32,1,41,192,53,27,3150,58,2,275,11,1,89,81
69,0,59,163,50,49,1181,161,23,152,46,0,80,72
20,0,46,193,43,0,3228,64,109,387,70,3,95,51
57,1,40,134,47,8,2585,37,27,329,52,7,61,86
35,0,46,129,42,19,1202,88,119,24,46,0,90,119
26,0,54,144,31,14,2406,168,113,235,19,0,42,99
38,0,47,157,30,16,2798,118,71,8,4,3,109,116
56,1,45,196,51,14,1329,115,40,274,33,4,83,79
69,1,59,135,36,16,2875,128,68,364,41,0,59,74
75,1,73,183,44,28,3295,37,69,371,5,7,79,63
20,0,57,180,53,20,1064,98,31,151,70,4,115,88
64,1,78,155,27,10,2223,81,101,123,42,7,82,82
22,0,61,146,25,3,2218,66,56,48,32,4,107,71
19,0,47,153,37,8,2716,166,16,281,54,4,75,104
66,1,54,143,37,0,2067,137,38,221,76,2,49,73
50,1,42,163,42,50,2261,172,6,228,4,1,52,51
34,0,56,127,40,28,2424,170,17,170,10,3,106,118
54,0,71,166,39,42,2574,81,27,153,68,6,68,107
42,1,70,194,40,33,2658,100,2,137,47,1,73,105
64,0,62,195,43,13,2595,189,49,178,71,5,104,54
55,0,73,199,35,18,1759,12,65,233,39,0,99,110
68,0,40,173,50,27,2486,52,32,345,61,0,109,121
49,0,64,199,25,3,2874,182,48,128,78,3,117,111
75,1,74,130,45,44,3076,38,14,289,21,7,40,110
60,1,52,147,49,11,1345,166,3,293,1,0,49,129
27,0,49,136,43,19,2237,200,9,56,68,1,105,114
50,0,49,187,30,20,2414,80,10,373,29,3,90,60
42,0,57,159,46,15,2691,24,94,397,43,1,69,104
62,1,74,138,25,30,2497,48,84,329,75,1,117,61
75,0,40,165,39,17,3367,190,6,78,62,2,119,78
41,0,61,143,29,23,2696,80,55,44,45,5,96,126
56,0,56,123,48,22,2836,113,114,118,70,3,62,100
59,1,44,188,36,21,1894,144,85,259,66,4,60,66
32,1,74,140,46,16,1905,129,56,220,30,3,87,76
29,1,47,120,25,7,2268,128,57,12,6,5,62,57
22,0,73,159,38,19,1512,36,104,247,65,7,112,110
36,0,40,172,32,35,2848,115,33,379,8,4,105,118
70,1,69,156,50,38,2244,141,99,4,1,3,53,53
21,1,71,161,31,9,2178,142,9,242,28,7,103,59
80,1,78,123,27,1,1151,20,50,233,6,4,41,73
52,0,61,121,44,2,2064,85,65,271,15,2,88,121
19,0,67,183,44,39,2097,74,19,358,1,6,100,66
48,1,73,187,33,46,1545,88,30,215,78,4,41,59
71,0,80,136,37,25,1791,96,16,102,60,4,116,61
74,1,65,178,29,38,2697,90,25,176,68,0,112,57
49,1,46,129,40,31,1374,157,95,152,4,1,112,68
23,1,75,164,28,17,3318,4,110,49,60,3,120,62
52,1,46,136,27,1,1231,15,116,388,12,3,101,101
19,1,41,174,39,48,2130,97,26,91,12,0,85,101
65,1,72,157,31,37,1446,162,80,242,54,0,98,123
53,0,43,196,28,47,2530,150,58,20,52,6,85,109
40,0,79,193,48,18,2914,1,78,238,79,5,67,61
62,0,42,127,42,15,1438,14,24,283,57,0,52,76
48,0,73,199,52,27,1173,155,41,117,33,2,98,122
21,0,71,122,35,38,2504,74,17,323,3,6,45,96
70,0,59,121,27,30,2486,109,36,102,5,6,62,98
26,0,75,138,40,6,3004,56,119,187,40,2,89,85
28,0,49,193,31,19,2278,110,7,399,41,1,97,81
48,1,43,199,43,38,1206,143,71,346,68,2,120,73
63,1,42,200,38,5,2773,194,67,370,60,4,41,62
20,1,61,154,48,44,1094,57,4,366,52,6,67,106
28,1,63,191,41,19,2787,137,118,197,77,2,113,54
39,1,66,127,45,25,3007,2,10,132,41,5,95,77
58,0,46,120,52,42,2026,191,65,286,17,2,76,66
80,0,68,138,38,27,2357,55,25,284,62,5,107,52
26,0,44,133,44,9,2476,100,53,348,30,6,61,53
30,0,72,196,49,24,3109,115,51,291,15,3,65,118
25,1,71,168,50,7,3400,22,103,86,4,3,82,58
31,0,55,156,33,13,1569,75,97,276,6,6,120,73
61,0,73,134,50,5,1678,126,51,212,33,7,74,58
46,0,78,127,52,12,1219,66,39,45,54,3,119,82
23,1,50,141,52,4,2826,140,17,340,70,6,71,73
19,0,56,132,30,35,1249,192,54,26,29,6,114,54
27,0,53,162,51,12,3455,133,54,21,57,0,41,112
70,1,46,171,30,29,1375,45,33,262,52,4,108,54
46,1,45,181,33,34,2621,140,12,366,36,2,118,71
41,0,67,142,26,7,2413,75,47,395,48,3,99,122
54,1,66,175,28,5,2913,191,80,297,32,5,120,102
23,0,69,168,44,6,1403,199,61,228,79,2,119,50
34,0,46,126,42,29,3059,59,85,296,39,7,74,59
42,1,78,200,34,9,2481,168,110,129,6,1,55,89
40,1,74,192,29,45,2251,199,82,343,13,0,93,83
34,0,63,159,42,22,2479,150,102,8,52,6,62,124
64,1,78,139,28,42,3339,39,75,110,33,7,55,102
41,1,58,132,39,23,1468,97,100,262,18,2,91,77
77,0,66,195,28,32,1324,63,97,299,41,7,94,103
46,1,50,149,50,0,2001,65,8,42,61,5,55,61
19,1,48,131,33,21,1653,62,78,229,42,1,109,103
45,0,42,187,32,31,1127,66,94,376,36,2,109,113
35,1,69,159,49,44,3403,8,75,127,0,5,118,83
41,0,79,154,26,29,3278,109,8,44,14,0,104,70
56,1,73,193,46,6,1627,99,108,296,18,6,84,68
23,1,75,170,35,19,2710,161,44,345,2,1,104,100
57,1,44,139,25,48,2518,120,70,227,35,3,62,97
51,1,66,144,47,0,1037,194,90,255,2,3,95,120
42,1,43,128,35,31,1127,123,17,320,40,2,88,127
55,1,65,135,45,33,1290,48,15,297,30,4,78,117
75,0,40,178,44,15,1242,155,42,368,74,4,74,102
38,1,73,149,46,49,2280,141,62,110,26,0,103,103
72,0,80,178,34,0,1994,64,22,367,10,7,60,126
18,0,46,131,55,29,3230,65,118,279,22,7,51,64
20,0,46,152,43,18,3136,109,91,278,74,4,68,85
68,1,52,191,47,21,2335,133,101,53,79,0,85,80
69,0,55,161,38,37,3045,75,30,29,57,5,119,90
28,1,59,166,51,50,3291,119,34,176,11,4,65,130
77,1,57,175,41,15,2537,87,82,94,24,4,105,50
42,1,62,151,29,24,1441,123,3,3,33,1,68,100
33,1,68,140,44,5,3386,68,33,73,69,0,64,92
59,1,67,123,43,23,2896,36,56,313,37,3,78,83
65,1,62,172,35,5,3384,39,47,315,2,0,79,114
45,1,42,178,31,18,2195,59,58,68,18,5,71,58
47,1,69,199,38,17,3312,195,34,368,63,2,61,114
39,1,80,160,40,50,2135,101,80,63,58,5,96,90
31,0,54,156,33,16,2073,138,68,395,8,5,74,119
28,1,50,149,37,0,3231,3,79,74,78,2,52,56
20,1,54,138,43,15,1315,100,100,238,23,3,107,107
39,0,79,131,37,36,1034,100,78,124,55,7,110,57
53,1,77,191,35,45,3440,45,13,253,43,1,106,65
55,0,65,141,27,6,1530,125,46,243,78,2,86,81
25,1,63,141,30,44,2979,15,63,286,63,5,47,125
24,1,67,131,37,46,1303,158,53,352,79,2,104,112
44,0,72,162,43,7,1475,168,46,400,16,1,81,106
39,0,71,122,49,30,3139,1,47,347,28,2,117,101
57,1,69,178,40,29,1730,97,11,308,10,7,50,90
54,0,46,198,50,13,3310,182,57,85,43,0,62,119
73,0,46,165,29,23,2169,189,58,363,44,7,120,74
67,1,74,194,37,10,2804,41,42,89,38,3,54,102
62,0,68,200,35,8,2134,65,11,3,4,1,71,76
52,1,60,127,38,17,2747,200,51,141,50,3,102,120
32,1,76,154,34,22,3489,196,80,148,33,5,91,80
79,0,70,157,53,8,2893,154,83,205,25,0,101,77
66,1,65,177,34,0,2338,191,112,372,62,2,50,123
32,1,63,141,46,28,1540,37,63,385,65,5,87,107
57,0,77,179,37,22,2285,169,97,336,24,4,115,96
29,0,57,174,31,29,1476,191,11,148,41,6,52,118
61,1,72,131,30,42,1589,82,65,320,64,1,120,71
51,0,62,121,34,31,1814,7,56,170,60,7,104,109
68,1,55,165,42,48,2857,92,1,252,17,2,93,56
66,1,59,148,50,6,2681,79,98,237,41,5,61,108
24,0,43,156,45,31,1048,3,94,94,51,3,42,66
40,0,52,153,30,43,1677,94,24,115,30,2,88,89
42,0,47,123,45,22,2792,173,67,297,35,1,43,68
22,1,73,170,45,10,1768,30,4,16,58,6,109,124
22,0,57,196,54,48,3176,108,76,175,27,6,115,115
80,1,47,153,26,20,2462,43,38,189,58,6,77,120
57,1,49,121,54,18,1413,52,108,249,0,2,101,78
20,0,77,133,48,50,2093,40,95,45,16,3,113,91
40,0,43,166,44,12,2546,15,77,218,25,5,60,54
51,1,52,193,26,33,3411,155,30,38,23,3,118,115
32,0,56,165,54,41,2885,21,96,35,24,4,54,101
29,1,48,192,52,32,2210,11,78,176,25,2,42,127
65,0,68,164,39,15,1361,72,60,182,73,2,86,63
50,1,68,167,28,29,2274,109,72,338,1,6,114,128
44,1,76,137,29,22,2279,43,38,323,75,1,68,63
60,0,80,147,33,14,2827,87,17,142,28,0,61,110
20,0,72,200,34,2,1828,24,37,163,8,5,104,70
55,0,52,132,45,22,3380,18,13,111,56,2,99,77
57,0,43,147,38,41,3224,149,95,272,27,6,93,106
35,0,65,179,26,43,3320,84,45,307,26,5,73,51
35,0,63,183,48,16,1488,107,84,151,57,1,77,91
45,0,50,168,49,23,2953,72,104,229,35,5,97,53
63,0,40,155,40,11,2305,191,72,229,11,2,94,77
36,1,70,149,55,7,1085,194,91,100,41,3,113,104
23,1,62,164,47,14,1936,158,109,270,69,7,101,62
49,1,57,150,44,29,1830,157,12,395,1,4,46,54
63,1,79,159,39,48,2905,142,113,4,36,3,92,69
34,1,41,141,42,33,2495,72,11,141,74,5,51,60
24,0,50,147,37,43,1870,39,26,394,40,3,42,94
75,0,63,179,35,17,2478,143,27,42,52,6,72,93
57,1,45,136,52,1,1135,121,102,57,66,5,108,77
74,0,74,130,38,33,1504,134,116,56,36,3,66,122
48,1,59,197,36,48,3363,137,39,336,15,7,108,93
43,1,53,166,39,0,2209,180,19,166,5,7,42,113
21,0,45,131,34,34,1845,37,31,324,78,4,87,62
64,1,59,128,26,24,1744,126,24,89,56,6,46,60
78,0,49,161,46,32,1400,84,52,344,73,6,109,128
55,0,49,165,48,7,2205,4,87,193,55,0,103,56
47,0,72,174,27,44,1296,134,117,24,2,3,68,77
45,0,40,165,54,26,1754,152,37,355,44,3,112,109
57,1,64,133,49,44,2247,32,48,353,16,2,114,66
73,1,74,197,35,28,1627,50,80,193,2,1,72,129
37,1,51,187,28,23,1171,168,78,99,6,5,44,52
65,0,72,152,42,10,1261,101,105,175,16,0,71,82
72,1,42,131,55,43,1277,112,16,181,58,7,56,102
69,0,73,150,54,32,1208,47,27,238,54,0,72,124
24,0,42,174,27,26,2750,187,16,177,47,4,86,79
38,1,50,175,45,7,3232,160,111,314,7,4,109,65
62,1,51,134,32,24,2194,108,41,199,14,1,90,68
76,0,40,129,40,12,1505,174,39,243,28,4,76,75
46,1,75,161,49,36,1949,45,31,42,20,2,87,84
31,1,50,194,37,16,2676,126,25,147,64,0,78,65
58,0,54,195,55,18,2179,102,120,363,44,6,79,103
43,0,40,136,32,4,3019,110,59,303,56,7,42,77
72,0,42,121,50,35,1345,148,52,279,66,7,117,115
40,0,79,172,53,39,2811,197,115,230,22,7,58,52
72,0,80,134,52,8,2108,74,119,233,43,3,51,105
65,0,77,163,44,42,2607,198,90,43,29,1,49,76
53,1,61,142,33,20,3476,92,46,335,28,4,48,69
41,0,73,176,29,35,1284,162,11,70,51,7,90,96
40,0,77,137,39,34,3210,137,19,137,21,0,55,56
44,0,62,142,51,15,1855,16,116,18,51,2,73,75
43,1,43,163,29,50,3052,113,61,387,35,4,110,118
19,0,43,152,50,22,3328,70,85,229,59,3,71,100
40,0,59,159,29,40,3146,30,117,86,1,3,118,51
29,1,43,134,48,38,2902,107,108,70,60,4,103,129
32,0,72,197,55,7,2458,14,111,197,10,4,79,130
34,0,70,139,39,16,2041,74,78,162,5,6,84,86
58,1,42,191,38,34,1595,7,9,393,39,5,100,113
32,1,74,151,38,20,2121,22,120,299,4,7,49,106
68,0,56,180,42,33,1618,110,36,189,46,0,63,102
60,1,75,150,52,14,1878,165,5,112,75,3,67,80
41,1,67,153,27,26,2109,153,109,10,57,2,82,57
66,1,45,175,25,5,1531,67,0,276,26,4,73,126
44,0,63,124,37,19,2371,160,29,275,63,6,107,56
49,1,45,151,36,46,2312,17,31,218,14,7,64,82
59,0,54,137,41,35,1649,193,19,141,31,1,94,80
26,1,58,195,47,17,2372,159,35,74,78,4,90,118
77,0,41,159,25,18,1618,99,33,154,32,5,120,107
30,0,74,142,30,42,1630,196,6,116,4,2,80,81
77,0,58,197,40,50,2045,6,60,184,1,4,106,123
28,0,47,148,48,28,2563,181,16,37,20,3,96,129
63,1,52,122,31,49,1916,144,113,367,10,4,47,81
25,0,55,198,25,20,1119,170,108,119,51,2,105,119
50,0,55,125,30,48,1289,103,92,9,29,1,114,83
70,1,75,148,32,22,3366,170,55,228,6,7,50,122
76,0,77,176,37,35,3059,138,75,206,44,0,98,66
57,0,66,180,50,18,2449,137,7,321,78,4,56,52
54,0,68,199,53,44,2962,199,93,293,64,1,91,84
30,1,59,124,39,5,1452,4,21,185,65,0,70,121
79,0,41,154,37,11,3279,179,3,149,56,2,120,82
76,1,70,199,46,1,1474,188,97,180,7,4,48,72
25,0,40,170,43,38,2244,0,70,307,40,1,104,101
57,0,67,182,52,41,2132,116,9,221,17,2,99,111
59,1,54,185,42,47,2102,97,67,66,73,3,58,114
32,1,64,156,48,11,3343,173,67,136,35,3,78,97
80,1,49,184,52,37,1995,56,9,118,79,6,86,56
27,0,74,155,29,33,1179,46,85,108,49,4,92,123
49,0,47,127,49,10,2404,17,93,244,9,3,59,78
62,1,44,165,43,15,1312,23,1,164,41,4,94,53
27,1,58,125,28,50,1753,74,49,48,27,4,45,67
24,1,58,175,42,20,2470,68,115,124,55,7,66,99
48,1,74,173,52,48,3130,66,51,121,63,2,75,119
67,0,75,128,52,21,1340,183,69,300,74,2,66,106
22,0,53,181,55,1,2145,11,21,136,78,2,113,79
30,1,66,171,42,39,2239,153,106,262,45,6,45,120
78,1,43,168,34,1,2492,69,34,248,11,4,105,124
43,0,79,193,42,27,3110,64,1,366,34,1,48,85
48,1,69,135,48,37,2517,92,113,0,23,5,86,96
49,1,47,120,37,32,2752,106,36,97,24,1,97,72
68,1,51,178,50,45,2638,28,81,136,40,7,80,87
21,0,68,121,38,19,1751,193,107,105,30,7,77,92
67,1,76,130,45,41,1780,169,24,342,44,1,120,108
23,1,70,168,39,29,1344,43,102,26,9,0,113,106
47,1,50,195,45,5,1122,190,41,333,74,6,58,127
43,1,77,151,52,42,3381,37,94,225,71,3,118,125
76,0,74,149,50,26,1189,150,44,8,54,2,108,122
80,0,45,152,37,31,3383,27,21,136,56,0,78,63
35,1,72,154,31,5,2100,98,58,166,75,4,98,125
77,0,65,133,46,7,2963,7,31,339,1,3,52,91
68,0,49,189,30,50,2413,29,113,62,70,4,98,122
38,1,71,131,35,27,2258,145,56,65,64,7,48,101
24,0,45,185,46,35,1728,161,115,276,51,6,115,53
63,1,67,184,51,34,3247,117,82,326,10,1,81,64
25,0,58,142,51,32,3197,145,78,203,61,0,120,98
24,0,75,170,39,16,3145,83,25,371,72,1,113,71
57,0,43,148,53,48,2514,82,14,150,77,3,117,107
41,1,65,199,50,35,3096,191,89,278,68,7,84,106
60,0,70,157,53,26,3116,65,55,372,37,2,118,109
47,1,68,194,47,5,1602,116,74,159,51,4,41,62
46,1,79,179,30,33,1025,129,40,251,53,3,72,85
76,0,40,145,51,36,3326,109,9,48,53,5,88,86
20,1,48,165,31,2,3154,18,93,291,12,2,59,76
27,1,43,194,26,39,2233,188,62,136,53,4,66,114
49,1,51,129,31,24,2464,24,120,46,28,1,40,67
75,1,46,123,28,38,2050,24,2,25,29,1,84,105
32,1,68,135,34,11,1261,0,65,81,31,3,65,68
50,1,51,131,55,46,1690,38,62,277,30,3,60,60
63,1,75,156,31,31,3434,22,22,214,39,2,43,76
18,0,46,139,27,13,3292,110,87,394,8,6,86,90
43,1,55,120,27,39,2924,92,37,289,46,2,111,94
33,1,56,151,46,13,1363,151,39,310,77,4,61,60
57,1,80,145,55,36,1814,133,17,374,22,7,117,50
20,1,40,143,33,24,1721,89,116,397,9,5,50,95
35,1,55,188,29,28,2043,121,9,94,6,6,57,128
53,1,52,153,35,24,1628,144,8,321,18,1,112,87
26,1,59,188,42,29,1886,54,4,124,80,5,45,92
78,1,75,135,36,27,2178,104,88,237,36,1,59,84
62,0,49,170,38,34,2225,25,80,23,71,3,58,90
59,0,45,148,55,46,1847,164,31,178,76,6,74,121
55,0,59,129,43,16,2088,24,77,345,32,6,90,72
54,1,75,189,51,38,1657,124,110,156,19,5,89,107
32,0,64,151,37,3,2034,13,74,47,74,5,42,53
66,0,41,175,33,31,1294,169,95,378,33,1,72,119
32,0,66,121,44,32,3316,86,62,354,55,2,65,80
54,1,74,128,53,20,2970,180,49,262,29,1,91,105
78,0,50,192,38,19,1515,179,116,47,44,7,107,50
79,0,61,199,36,48,1636,119,78,112,59,4,86,80
41,0,68,198,42,6,2915,196,64,30,8,2,119,106
25,0,62,197,53,26,1790,122,27,160,67,3,98,65
58,0,61,152,32,28,3137,70,13,329,25,0,50,122
68,0,64,192,34,43,1955,89,97,121,65,5,117,114
76,1,75,139,31,7,2584,100,12,183,61,1,42,68
45,0,52,135,28,4,1877,104,2,226,8,4,81,57
75,0,60,180,34,23,1197,2,18,180,7,3,78,75
51,1,64,191,55,2,3232,145,0,378,38,7,96,112
71,1,65,140,34,45,2675,172,10,311,70,0,103,116
59,1,43,174,30,17,3321,110,55,369,48,5,98,51
73,1,73,179,34,29,1291,16,44,78,49,2,70,96
69,1,57,143,36,36,2177,11,54,337,43,6,59,108
44,0,74,145,42,36,2738,24,3,392,19,0,55,51
50,1,43,125,53,9,3275,107,35,203,75,5,49,76
79,1,59,180,32,6,2130,97,22,47,26,1,98,58
68,1,47,133,46,28,2142,78,115,331,65,3,81,55
64,0,79,193,53,1,2733,108,6,150,39,7,74,109
28,0,62,174,51,20,2007,27,82,279,44,2,65,83
30,1,56,196,51,16,2599,175,0,349,7,1,48,74
69,0,54,179,39,13,1445,198,78,61,35,6,53,112
19,0,62,145,37,32,2674,109,30,111,51,0,78,77
47,1,77,183,46,16,3346,150,108,61,57,7,46,52
26,0,77,180,49,4,2467,170,11,46,37,7,51,99
55,0,64,171,33,25,2189,93,102,198,41,3,42,129
44,1,60,128,37,27,1985,48,9,37,5,0,105,81
68,0,46,150,34,26,1681,127,34,298,44,1,76,61
49,0,49,145,45,29,2624,41,53,21,19,1,95,112
42,1,56,194,34,33,3130,20,2,357,50,7,44,57
71,1,69,122,43,28,1397,72,71,390,70,0,84,50
67,1,54,138,40,24,1128,180,97,69,74,6,51,82
78,1,79,150,52,10,1881,155,24,181,26,7,72,126
59,0,80,189,33,10,2778,82,14,165,6,2,51,50
76,0,52,156,42,16,1418,58,120,281,31,2,60,91
79,0,56,152,48,5,2764,46,94,200,53,0,78,128
25,1,57,171,33,21,1124,145,53,394,47,6,94,64
68,0,60,131,42,2,1733,96,73,189,45,2,71,127
80,0,71,161,27,14,1195,7,93,215,21,6,99,65
33,1,49,171,29,17,1003,93,102,10,33,5,93,109
52,0,53,123,45,50,1920,8,37,369,21,2,65,64
49,0,43,157,41,26,2993,94,37,375,50,5,71,50
74,0,75,167,34,1,1199,57,64,318,28,2,80,73
44,0,67,169,35,46,2256,48,76,299,67,2,49,52
48,0,70,193,28,42,1436,6,26,28,52,0,43,61
65,0,60,177,28,13,3140,191,55,234,63,4,69,61
71,1,52,174,42,32,1500,8,18,165,57,4,76,63
22,0,80,144,44,15,2221,84,66,62,29,1,46,85
47,1,42,163,26,31,1248,47,69,291,29,1,46,94
55,1,40,159,39,44,2218,41,20,343,28,0,94,88
75,1,64,153,26,33,2077,51,52,120,13,5,97,88
64,0,75,154,50,47,1210,84,102,209,18,2,66,79
74,1,52,176,33,40,1070,129,95,270,28,1,65,89
65,0,59,141,35,0,2849,188,64,335,36,6,97,90
56,1,73,189,54,46,1694,109,111,32,7,6,77,120
68,0,54,131,27,0,1609,46,24,250,15,6,49,115
20,1,54,149,36,45,1249,26,31,39,46,2,55,85
68,1,59,129,27,34,1518,32,117,9,10,7,108,74
62,1,53,173,55,18,2204,76,15,75,23,1,117,94
22,0,55,160,31,0,2113,104,46,110,1,0,53,113
21,1,78,140,44,36,1894,2,14,63,23,5,48,105
51,1,66,172,43,21,2307,1,23,159,9,4,96,129
80,0,74,134,37,15,1285,154,119,72,22,7,92,116
77,0,75,138,28,48,1788,120,44,358,47,0,79,112
45,1,77,180,55,19,1554,130,2,386,5,4,63,83
47,1,49,138,36,35,2387,144,52,355,71,2,96,107
61,0,78,191,34,26,3417,102,10,331,75,0,70,65
60,0,64,189,28,5,1694,76,76,393,55,6,72,71
78,0,42,135,48,9,1920,43,83,237,36,4,90,117
52,1,76,197,34,17,1875,167,29,146,55,1,44,125
68,0,48,153,42,6,2617,41,21,338,63,6,86,76
40,0,57,193,39,29,1230,190,20,385,6,0,101,83
21,1,72,186,49,0,2880,11,36,15,36,7,66,124
56,1,40,136,44,1,3458,56,21,222,19,0,92,70
73,1,73,126,42,31,1375,54,55,305,15,5,114,100
64,0,49,194,55,4,1666,132,102,369,43,2,53,120
74,0,79,123,46,17,1857,98,36,31,48,7,103,100
51,0,68,163,37,26,1578,22,47,179,28,2,93,83
30,0,43,170,36,37,2981,198,50,363,16,0,42,116
75,1,55,168,53,17,1617,59,54,288,54,5,62,51
63,1,45,131,27,29,2309,53,21,33,72,0,109,78
44,1,44,180,42,46,1600,71,99,37,36,2,101,72
37,1,68,169,50,42,2641,119,68,56,66,1,91,64
76,1,79,186,29,34,2587,109,82,113,28,6,46,117
38,0,47,137,29,13,3166,123,50,55,68,7,74,62
64,0,58,132,30,37,3384,41,36,225,31,7,43,120
30,1,73,150,41,14,2718,9,98,11,32,4,97,128
48,0,48,197,52,29,1364,34,26,381,40,1,101,92
42,0,75,133,31,31,3153,158,33,365,17,1,61,61
50,0,71,137,29,18,1359,26,27,22,44,0,118,62
53,0,77,182,40,8,2896,84,88,201,41,1,117,65
38,1,48,153,38,40,1729,75,86,123,1,7,56,82
30,0,48,180,29,31,3023,139,30,207,75,5,92,113
22,0,52,186,34,19,2709,132,7,286,52,0,90,94
80,0,62,164,55,29,2807,134,56,281,59,2,84,87
49,0,71,132,30,11,2505,175,100,318,76,2,119,79
59,0,54,157,48,9,2301,94,42,91,44,1,105,126
37,0,50,171,28,8,2662,134,42,328,79,1,53,122
48,1,63,185,48,27,1530,177,30,333,36,2,108,125
55,1,43,131,42,2,2369,106,33,340,67,7,51,128
26,0,41,187,42,49,1331,85,57,176,7,6,47,104
30,1,52,178,35,42,1527,165,117,68,54,6,90,108
27,0,67,128,30,25,2133,77,115,232,16,4,56,87
54,0,58,180,49,31,1084,168,75,45,21,7,87,96
49,1,47,143,41,23,1018,84,32,214,74,0,106,71
31,1,42,196,25,8,2706,194,24,195,66,1,85,122
18,1,75,127,31,46,1717,167,45,173,79,0,78,74
30,1,59,133,36,39,3256,11,95,276,10,1,93,92
53,0,56,175,33,6,3015,166,84,310,59,3,63,92
56,0,74,178,52,0,1677,48,28,126,17,5,82,86
42,0,74,191,51,9,1482,85,21,233,69,1,49,56
75,0,53,141,41,43,1671,131,54,193,54,0,79,103
30,1,54,144,43,3,1954,184,78,185,40,5,66,103
35,1,42,188,49,19,2121,199,57,133,79,4,84,59
65,0,67,138,39,20,2035,99,51,397,72,7,48,66
51,1,72,123,26,47,1970,55,39,354,45,6,116,59
29,0,74,190,34,35,1673,149,88,221,66,2,76,68
73,1,55,164,35,50,1949,151,83,166,50,3,91,105
21,1,75,191,44,32,3327,21,11,372,75,1,103,99
51,1,80,173,35,45,2504,138,9,68,4,3,92,54
29,0,46,177,29,15,2977,65,36,212,19,2,76,91
40,1,80,130,51,44,3266,66,27,265,44,7,91,62
41,0,46,140,32,16,1287,159,84,259,40,6,74,60
67,1,58,170,55,24,1668,181,99,245,16,3,55,121
73,0,49,176,34,2,1751,98,92,322,43,4,54,58
78,0,43,143,47,2,2788,193,1,305,39,2,71,73
26,0,45,187,46,19,1684,99,104,56,26,2,59,95
72,1,62,193,43,39,1660,38,45,118,56,2,54,117
65,0,64,137,32,11,1266,76,34,128,66,6,49,54
59,0,40,151,42,1,2588,7,93,164,36,0,84,102
52,0,43,148,32,5,1913,100,14,147,68,4,95,117
75,1,77,164,35,20,2491,71,117,75,50,4,89,119
40,0,55,121,36,34,1500,90,21,15,19,6,89,81
57,0,69,147,50,14,2022,176,98,381,58,2,97,92
74,0,74,147,51,35,2895,67,31,269,20,0,105,110
56,0,44,179,52,25,2577,170,50,190,45,0,109,77
63,1,62,187,50,25,3348,116,85,86,52,5,109,99
53,1,51,140,51,28,1489,48,59,398,25,6,91,106
78,0,80,196,44,2,2499,99,63,99,52,0,104,84
54,0,79,148,36,0,3355,124,119,370,52,2,40,106
18,0,80,198,49,47,2370,101,82,148,60,4,116,72
66,0,44,172,35,22,2449,179,86,97,8,6,59,105
52,0,68,169,44,13,2493,141,27,211,36,7,100,109
70,0,51,153,36,16,3113,56,16,78,23,0,61,127
46,0,54,121,54,50,3034,185,30,366,59,7,88,64
73,0,71,164,33,34,3003,100,15,132,65,7,76,122
44,1,74,189,49,32,1026,160,64,127,64,7,40,116
50,0,68,163,40,48,2579,20,25,323,80,4,94,78
66,0,45,161,43,30,1606,109,47,297,74,1,107,81
78,0,53,162,33,7,1198,120,27,89,73,0,77,115
32,0,48,122,41,21,1157,68,56,275,73,4,90,53
61,1,71,147,45,41,2676,47,89,27,6,1,57,129
30,1,43,171,38,1,1904,55,3,81,19,4,55,124
49,1,73,200,40,26,1415,153,85,95,31,6,66,79
54,1,74,155,38,36,1610,142,120,311,33,7,46,117
30,0,46,168,44,37,2258,111,106,277,43,7,42,86
30,1,73,170,49,13,2595,110,42,336,48,7,88,83
64,1,76,137,28,39,2292,108,24,244,73,4,111,54
53,0,55,199,39,19,3396,35,19,135,50,4,40,124
25,0,77,157,54,20,1056,40,93,180,75,1,93,74
48,0,70,132,27,11,1499,22,55,246,2,7,87,53
19,0,57,162,35,38,3286,18,118,135,73,1,113,127
63,0,56,195,37,3,2988,181,94,346,57,2,73,80
21,1,43,168,40,2,1006,113,116,186,18,4,101,122
52,1,51,138,48,9,3490,196,115,67,11,5,93,57
75,0,74,166,55,39,1515,198,67,116,47,3,87,106
23,1,55,139,49,3,2203,177,63,29,73,0,112,130
69,1,42,171,44,0,2154,24,79,15,50,6,105,83
76,0,78,178,54,2,1369,159,35,274,26,3,107,58
44,0,70,123,26,10,2711,39,11,147,47,6,89,126
67,0,67,148,32,8,3217,86,102,225,10,4,93,93
73,0,76,200,26,10,2444,16,61,127,73,3,89,68
43,1,54,131,31,19,1437,183,8,289,21,4,76,87
34,1,75,121,34,10,1937,199,70,178,34,2,76,111
39,1,69,194,27,23,2375,123,6,62,10,0,63,116
34,0,69,190,38,16,2574,115,59,90,42,0,64,83
38,1,44,185,40,19,1498,42,65,384,30,3,108,98
80,0,40,144,43,0,1980,122,113,387,65,2,57,117
49,1,46,194,41,43,2412,26,108,325,11,2,74,92
35,1,51,186,30,31,2977,76,102,178,54,6,61,117
66,0,78,170,36,13,1360,146,43,194,28,1,114,60
64,1,48,149,48,2,1250,131,98,34,57,6,67,78
51,0,72,162,29,31,3391,99,113,372,76,2,96,55
51,1,54,200,55,7,1991,22,83,296,13,7,71,69
60,1,72,127,45,48,1936,168,21,271,15,1,85,122
66,1,47,146,37,29,2361,198,100,351,80,7,99,83
45,1,78,192,54,21,2484,82,62,103,73,7,120,57
18,1,63,135,36,19,3310,142,97,362,66,2,69,114
49,1,53,173,46,16,1488,132,74,40,10,5,101,96
45,1,73,176,40,2,1606,59,75,244,76,3,40,114
42,0,53,178,45,4,1511,132,60,231,75,6,61,94
36,1,59,155,30,1,3422,101,55,65,61,4,74,101
71,1,67,154,41,42,1685,111,114,29,34,4,108,119
44,0,41,140,39,48,3082,78,31,213,11,0,53,81
25,0,68,149,39,25,2993,72,50,173,36,0,113,104
56,0,47,197,42,18,1824,195,72,303,1,1,90,91
42,1,50,159,45,12,2954,96,52,153,10,2,92,127
54,1,44,149,38,7,1802,192,113,263,69,4,111,59
35,0,49,167,51,23,1585,17,103,22,78,7,54,100
26,1,62,150,39,8,3343,67,101,233,42,6,45,99
47,0,74,185,35,5,2141,80,18,395,24,3,91,124
35,1,67,149,39,13,1363,189,115,22,74,5,113,80
70,0,61,145,41,0,1240,98,101,227,73,3,40,109
35,0,72,177,38,15,1280,63,38,147,60,6,117,109
22,0,71,125,51,10,2975,199,37,120,13,4,112,89
39,0,59,177,45,41,1249,101,60,334,46,6,91,129
79,0,76,169,34,42,1054,195,37,144,71,7,82,84
41,0,52,129,53,48,1118,193,80,237,12,4,77,91
28,1,55,185,53,30,1184,189,38,350,43,3,86,72
65,0,40,194,27,9,2841,158,35,349,65,5,78,62
80,0,63,199,27,25,2297,25,117,161,60,1,112,91
42,0,56,196,55,4,1497,30,56,397,69,7,81,82
79,0,57,133,36,31,1621,92,91,235,48,6,118,55
46,0,75,185,29,42,1827,154,50,223,62,6,113,109
61,1,76,146,27,45,1866,177,20,333,61,4,98,61
30,0,73,168,40,18,1022,177,58,116,20,2,105,100
27,0,78,182,45,26,1829,78,1,188,8,0,113,96
69,0,50,191,28,47,3198,182,91,247,5,4,112,87
43,1,64,140,28,5,1635,19,66,70,25,7,110,56
44,1,73,167,37,35,2807,173,36,68,34,2,84,50
54,1,40,126,36,4,1228,135,60,309,80,4,53,90
57,1,55,183,54,22,3359,156,115,62,69,5,79,74
65,1,48,141,43,16,3423,116,77,79,61,6,85,56
76,0,56,149,39,32,3183,12,28,274,80,7,50,97
79,0,72,136,33,43,1290,78,91,366,23,5,114,103
61,1,41,187,27,28,1703,114,29,147,44,6,77,63
67,0,57,170,32,22,2470,6,48,164,62,6,90,63
65,0,76,185,45,7,1179,161,25,279,41,5,42,57
22,1,64,121,55,45,2531,48,86,197,79,7,66,87
21,1,77,145,43,44,1614,194,40,321,50,0,40,96
44,1,61,150,54,9,1065,169,18,315,52,5,94,123
28,0,45,158,42,8,1399,119,45,300,21,1,120,95
60,0,43,136,25,22,1601,185,89,36,31,2,113,95
70,1,45,198,51,0,1579,161,28,126,31,6,96,100
22,0,40,142,54,40,1557,155,82,39,18,2,67,79
60,1,79,162,53,25,3185,46,64,256,39,6,88,119
27,0,56,129,46,32,1021,58,80,255,34,1,61,113
63,1,56,167,44,22,2534,40,36,80,0,6,80,108
79,0,71,132,49,2,1953,52,60,82,8,1,65,100
40,0,55,137,44,15,1456,102,6,395,16,6,52,106
76,0,59,199,30,35,2915,188,102,75,35,3,80,58
56,0,50,195,52,25,3125,181,78,339,48,1,92,74
42,1,80,182,40,45,2313,72,108,330,47,3,56,81
79,1,61,193,42,20,1390,1,35,160,79,2,112,59
66,1,60,180,35,25,1430,181,46,102,68,5,117,75
21,1,45,169,37,18,1941,181,41,163,36,7,71,101
52,1,57,155,30,45,2006,116,111,307,55,6,71,112
65,1,54,177,32,16,3203,35,116,258,19,0,86,72
42,0,73,138,25,16,3205,11,20,55,38,2,46,78
38,1,69,190,50,35,2096,71,39,6,19,6,71,115
43,1,76,157,54,23,3058,61,83,3,44,3,43,109
62,1,40,150,50,28,2383,17,36,269,80,3,71,79
53,1,70,165,35,22,1608,14,8,20,40,1,95,66
18,0,49,152,48,34,1585,133,115,159,16,2,63,86
80,1,42,163,31,48,1216,122,17,236,70,4,116,71
73,0,80,151,38,1,2347,169,105,167,42,1,52,109
19,0,64,146,53,30,3376,66,32,343,51,1,81,104
51,0,69,164,34,46,3406,110,23,359,54,5,40,72
25,1,76,181,46,20,2425,27,20,192,66,2,52,50
68,1,44,198,46,41,1089,184,70,75,4,7,92,121
80,0,49,161,31,15,1574,46,33,298,28,3,118,78
64,0,74,199,53,18,2304,132,23,306,29,3,105,94
43,0,74,139,26,50,2743,29,36,42,23,6,44,82
53,0,67,170,39,19,2893,106,78,366,49,4,80,83
27,0,63,129,31,13,2785,35,107,348,62,0,93,59
77,0,65,192,25,23,1707,153,56,332,80,3,68,52
65,0,78,190,55,19,1155,88,34,17,58,0,49,84
62,1,67,152,43,4,2547,1,44,53,80,0,80,83
32,0,62,194,48,0,1949,58,45,61,50,5,85,111
41,0,71,152,44,2,2470,52,47,145,29,4,81,64
74,1,79,156,32,22,2656,166,4,89,54,7,52,55
46,0,52,170,45,47,1585,197,30,390,61,1,73,60
51,0,53,129,44,25,3178,131,42,214,70,0,88,72
19,1,41,189,46,22,2161,117,39,335,61,0,64,76
70,1,53,160,49,6,2307,200,26,333,21,7,69,71
39,0,63,144,44,38,3043,86,33,220,7,2,90,128
34,0,63,143,40,9,1529,200,17,67,71,1,114,50
29,1,69,171,37,44,1454,138,19,392,13,7,51,89
43,1,58,171,41,31,2849,132,101,302,62,2,72,95
80,1,56,156,45,48,3174,134,43,217,41,1,48,94
19,1,42,131,41,31,2485,73,87,77,3,6,110,58
70,0,45,161,34,40,3357,89,40,283,7,0,108,87
28,0,65,197,51,26,1640,120,25,215,70,1,91,129
28,1,50,181,25,19,1052,112,11,214,32,5,117,73
38,1,51,137,25,35,2851,87,101,68,58,0,108,118
67,1,56,143,33,46,2455,60,32,232,62,4,88,80
50,1,64,134,32,15,2986,138,78,118,11,6,63,84
52,1,79,156,39,8,2626,121,82,157,31,6,42,121
35,0,42,153,27,0,3372,53,89,136,35,6,95,112
21,0,53,185,31,41,2327,88,7,25,74,2,52,82
30,0,60,133,29,32,3320,29,42,190,43,7,112,52
40,1,60,198,43,14,3269,134,1,342,22,0,59,110
64,1,55,191,42,49,2980,67,81,267,76,6,63,84
37,1,59,184,47,18,2146,71,113,299,3,7,41,86
68,0,60,126,32,37,2519,82,20,337,61,4,102,96
18,1,41,192,51,38,1752,159,87,320,72,1,118,77
66,1,56,146,40,28,2092,18,107,124,56,4,61,79
52,0,77,160,32,21,2976,171,110,202,11,3,59,108
62,1,58,183,37,30,2300,103,84,211,15,3,98,56
45,0,63,179,42,2,1092,5,78,190,75,5,118,63
27,0,46,199,46,15,1222,137,116,94,38,7,71,95
74,1,49,125,31,50,2716,170,2,110,37,0,61,99
20,0,45,160,41,27,1813,103,73,157,20,6,69,75
48,1,70,127,42,49,1947,131,21,150,10,3,48,111
28,1,61,131,44,6,3107,182,118,287,49,6,40,124
49,1,75,130,26,15,3418,191,94,74,11,6,59,88
40,0,50,179,31,28,1166,26,100,43,44,3,59,69
78,1,42,121,29,3,1493,93,97,67,45,7,117,72
26,0,59,197,50,16,1594,139,5,128,22,7,70,93
35,0,43,126,27,12,1871,89,16,369,80,5,108,81
63,0,41,186,28,14,1221,2,72,370,17,0,90,109
56,1,73,180,35,6,2202,183,56,391,68,3,62,71
77,0,75,165,30,20,2534,110,16,277,65,2,58,91
23,0,55,193,30,3,3488,13,46,194,66,5,71,56
40,1,55,193,27,11,3238,15,23,265,65,4,63,94
33,1,53,146,28,20,3482,184,38,221,23,6,48,110
42,1,51,127,31,32,2126,115,113,227,43,2,50,57
56,0,67,125,54,1,1268,109,48,287,61,0,45,85
62,0,63,181,44,4,1638,80,4,118,16,5,77,62
42,0,80,185,31,24,1819,131,90,12,12,4,93,93
21,0,45,198,45,28,1460,198,11,85,44,7,53,71
57,0,60,139,40,24,1843,3,112,76,18,2,100,128
71,0,49,126,49,15,2376,68,72,270,22,1,44,52
75,0,48,175,54,20,2275,172,62,302,54,0,104,54
63,1,76,184,45,33,3338,121,22,346,53,2,111,75
71,0,62,200,30,6,1648,5,65,359,23,1,42,70
75,1,44,197,38,34,2861,92,89,22,41,1,47,85
60,1,40,149,35,44,2278,190,1,10,51,7,49,92
41,1,49,141,41,16,1089,66,32,289,5,0,53,112
27,1,71,199,35,27,2067,73,89,35,24,7,43,70
42,0,44,123,34,41,1653,122,91,216,3,5,107,90
55,0,60,149,38,23,2587,57,85,145,38,1,109,80
69,1,41,124,29,37,1004,200,94,90,79,2,103,127
57,0,62,153,27,12,1418,73,10,16,28,0,110,93
54,0,50,140,28,12,3237,5,39,61,37,7,117,130
35,1,43,197,26,33,1623,137,87,65,54,2,95,74
49,0,74,144,27,14,1800,5,116,78,47,6,82,53
67,0,58,160,45,48,3303,45,26,6,61,5,41,66
71,1,44,181,51,8,2218,113,97,64,5,7,72,129
35,1,66,190,39,9,1351,87,88,237,55,0,119,106
52,1,79,151,54,24,1323,23,86,346,78,6,102,74
42,0,48,166,53,42,3376,124,13,110,40,7,70,96
71,1,40,171,28,6,3114,105,109,43,34,5,112,73
69,1,73,168,49,40,1256,180,98,24,21,6,83,107
76,1,57,155,49,44,1201,17,31,114,47,6,52,57
68,1,72,125,42,44,2544,83,0,169,77,3,94,94
63,0,61,140,27,7,1636,81,97,168,62,2,52,92
42,1,51,183,27,3,2849,117,103,53,49,3,98,73
49,0,56,192,35,28,2697,69,12,102,65,7,100,80
30,1,72,133,25,45,2269,77,72,118,49,7,51,130
48,0,67,180,46,22,2106,6,45,140,48,3,48,104
50,1,54,180,38,44,3060,112,81,394,59,5,47,68
22,1,57,176,42,22,1922,173,47,272,28,0,69,108
73,0,64,184,34,19,1201,140,53,209,19,6,98,51
51,0,62,122,41,2,3330,193,83,60,10,0,86,87
35,0,71,166,51,9,2082,105,40,75,65,1,63,76
20,0,69,171,25,44,2208,62,1,98,17,7,44,74
48,1,64,191,43,38,1821,103,1,302,27,6,82,125
64,0,65,143,35,28,1964,35,67,375,56,2,51,85
18,1,68,192,34,4,1231,160,31,220,42,2,96,116
41,0,78,149,44,29,2251,128,68,279,61,6,115,129
26,0,76,122,44,37,1488,148,6,62,40,3,104,96
54,1,58,184,25,24,1760,158,15,333,73,7,50,62
53,0,60,161,52,26,2182,86,11,37,73,7,40,65
61,0,44,190,36,1,1681,157,63,184,58,4,59,128
31,0,47,131,36,34,1313,174,2,301,46,2,97,59
36,1,42,126,53,35,1017,43,76,314,7,0,67,95
68,1,45,160,41,46,2760,83,14,159,64,4,41,69
32,0,72,195,26,22,3272,50,73,252,53,1,65,125
59,0,79,183,31,28,1211,78,86,186,28,2,45,76
22,0,54,171,36,24,3036,141,117,198,51,0,89,122
77,0,65,131,30,28,1801,198,1,316,28,2,108,128
19,1,47,150,49,50,3175,192,113,233,27,0,47,120
75,1,59,175,42,10,2011,20,45,22,15,5,40,118
74,0,56,120,53,14,1985,76,117,66,45,2,71,68
39,1,69,144,43,42,2260,108,62,364,52,2,107,99
57,1,56,199,55,39,3444,180,29,308,20,4,91,105
35,0,75,148,27,48,1103,61,115,53,33,0,85,120
25,1,68,156,50,24,1123,60,20,267,30,0,101,92
18,1,45,159,40,48,2258,62,119,224,44,6,97,50
33,1,54,139,33,5,3446,167,18,17,30,3,119,119
75,1,46,177,41,9,3444,115,24,256,34,4,63,112
70,0,75,139,35,31,2056,74,73,341,25,0,73,85
55,0,44,155,31,38,2850,9,33,73,59,1,103,59
20,0,57,199,37,20,2083,8,108,25,4,1,43,93
56,1,71,197,32,36,1654,48,67,180,24,6,114,106
42,0,51,132,32,49,1320,129,37,153,6,5,97,72
78,0,54,178,45,36,2172,182,117,231,55,4,70,54
51,0,74,180,39,40,2148,176,100,49,25,6,46,122
22,0,48,186,38,48,1837,179,115,392,51,5,40,113
79,0,77,172,40,40,2414,52,114,34,1,0,88,54
72,0,45,143,53,24,2232,196,28,127,74,5,119,54
32,0,74,161,25,11,1046,114,86,60,79,5,95,106
64,0,48,189,31,7,2170,16,104,248,47,7,66,87
43,1,53,152,36,8,3365,76,103,51,0,2,71,81
48,0,73,152,43,29,1885,160,79,239,79,5,67,109
18,0,53,167,33,48,2352,111,118,36,53,5,119,78
70,1,75,138,52,19,3178,52,72,146,14,2,81,130
20,1,73,134,47,37,2064,46,15,130,72,7,53,93
44,1,44,145,55,13,3312,127,52,103,51,4,87,91
36,0,45,176,37,15,2969,189,94,231,58,0,40,78
65,1,47,134,53,18,2087,101,117,258,11,4,118,111
31,1,67,190,36,20,1218,36,60,296,20,5,118,107
24,0,55,145,53,8,2279,188,98,66,21,3,117,80
70,0,51,178,51,24,2106,123,55,180,66,0,57,60
34,1,73,146,32,5,3303,196,24,241,78,4,115,67
72,1,54,200,36,22,1067,136,114,271,27,1,69,65
50,0,60,181,30,0,1692,156,33,69,48,2,57,78
36,1,75,125,35,19,1854,149,89,111,18,6,109,118
75,0,68,147,54,1,2858,113,18,356,6,2,101,117
69,0,80,200,29,3,1252,46,22,318,4,6,80,100
78,1,68,199,36,23,2228,84,34,93,48,6,118,65
34,1,71,200,49,44,1309,156,83,319,37,4,58,72
66,0,41,127,48,36,1732,188,14,60,24,1,47,81
35,0,58,147,52,19,1401,180,62,304,73,6,109,104
32,1,56,192,35,12,3183,50,47,281,80,3,109,99
45,1,54,173,32,35,2703,18,87,299,43,3,63,127
45,0,73,158,55,41,2850,68,100,73,41,7,87,116
41,1,79,137,49,49,3386,111,39,386,67,5,99,127
47,1,69,185,40,16,2786,38,106,309,5,0,120,87
48,1,58,163,50,24,2062,153,116,100,42,2,108,79
27,1,65,137,40,14,2098,109,1,155,75,5,107,57
38,0,55,184,46,10,3137,143,61,267,53,4,46,106
51,0,54,158,36,42,1678,128,35,72,34,0,82,80
36,1,78,149,36,46,1519,166,49,210,9,5,61,105
75,1,54,131,29,41,1764,42,16,306,30,7,111,60
58,1,66,149,55,14,2623,66,118,35,60,3,97,83
27,0,68,144,42,28,2739,13,23,309,23,1,112,117
18,0,80,192,31,41,2950,127,61,91,5,4,50,51
52,1,65,168,33,50,2158,137,113,101,70,4,91,57
22,0,71,187,34,7,1014,128,73,310,3,0,104,65
29,0,77,199,43,3,2834,65,76,223,18,5,86,52
52,0,73,153,37,9,1657,187,5,288,78,2,97,78
67,0,75,131,28,7,1494,189,9,340,25,2,78,91
30,1,44,196,31,20,2777,117,72,278,39,7,109,61
33,1,69,137,40,7,3010,78,11,192,41,3,45,126
19,0,46,153,51,9,2788,25,26,109,48,6,83,59
60,0,77,120,46,15,1882,58,27,309,26,2,56,71
62,0,65,140,46,15,1145,58,24,305,78,4,105,103
20,0,43,190,44,23,2485,179,71,109,32,0,72,127
28,1,53,121,31,22,1691,106,78,79,20,7,114,127
73,0,43,180,55,18,1651,57,23,327,1,0,49,102
52,0,42,139,52,3,2151,150,81,80,14,2,107,65
27,0,62,161,38,45,1698,133,74,372,43,4,118,81
24,1,43,152,42,44,1552,61,115,193,3,3,44,123
40,0,46,162,42,14,2996,23,21,216,10,5,84,78
55,1,80,186,38,47,2211,62,109,82,11,1,48,127
18,0,60,152,51,46,2470,127,118,204,55,6,99,62
65,1,51,196,44,33,1082,184,0,343,48,6,102,116
44,1,68,146,52,21,1046,109,50,118,73,7,44,105
31,0,59,145,33,49,1526,134,42,133,39,2,108,115
31,0,55,135,42,32,2693,160,109,328,27,0,53,86
73,1,73,141,34,30,2053,59,15,16,68,7,84,80
49,0,63,197,26,34,3398,85,49,191,59,5,106,65
58,0,48,120,50,18,2695,96,119,350,30,3,53,116
23,0,59,137,29,5,3104,155,92,248,32,4,41,118
26,1,73,192,39,16,3275,58,66,206,3,1,100,56
74,0,73,136,55,26,1078,60,50,167,43,0,86,69
33,1,61,160,29,48,2129,188,27,224,40,1,57,60
76,1,80,151,25,11,2571,55,55,220,33,5,47,125
65,1,71,130,42,25,1162,155,120,57,0,0,55,76
64,0,58,185,39,36,2572,179,10,375,30,7,117,87
30,0,56,137,54,7,1753,149,31,284,65,1,76,52
45,1,60,145,35,42,2136,98,0,263,44,6,71,77
48,1,52,168,30,37,2194,25,67,2,8,0,40,128
41,0,41,163,37,47,1584,30,64,52,7,2,40,108
65,1,70,157,55,34,1441,38,47,254,42,4,99,123
58,0,78,123,30,24,1273,94,71,147,43,1,97,69
45,0,62,197,41,27,1507,10,84,104,27,1,111,90
61,0,64,128,35,23,1534,146,114,77,52,2,112,106
69,0,73,136,54,9,3319,100,87,63,10,2,94,110
24,0,49,138,50,46,2917,53,9,351,73,1,120,59
48,0,52,159,25,20,3490,147,80,226,20,1,103,51
28,1,44,148,51,17,2519,105,12,186,11,6,69,103
69,1,79,142,50,37,3333,181,97,89,12,1,110,81
34,0,56,132,38,5,2009,120,4,193,49,3,63,54
26,0,80,181,41,0,3198,80,83,52,51,0,107,75
34,0,44,141,53,47,2350,25,111,252,59,7,97,79
38,0,47,164,30,2,1215,136,46,46,71,6,66,123
76,1,61,196,39,17,2904,25,116,41,34,4,88,63
68,1,52,170,47,7,1576,14,75,283,73,0,111,55
60,0,62,134,52,0,3416,105,76,335,58,1,111,52
74,1,77,158,45,30,1527,152,73,161,0,3,91,124
79,1,57,179,40,2,2333,21,31,199,39,0,77,93
19,1,68,138,26,8,1947,25,21,82,37,3,59,119
23,1,72,197,36,29,2287,168,92,184,48,0,45,63
40,1,80,146,39,5,1918,170,108,354,51,7,107,65
78,0,45,192,33,38,2877,19,65,19,63,0,86,62
65,0,74,188,42,10,1640,155,49,310,16,0,101,64
56,1,55,157,31,25,2925,55,34,48,51,1,94,127
78,0,47,139,41,34,1570,74,64,338,29,6,113,87
74,1,68,145,54,39,1877,90,98,312,33,1,45,112
22,0,42,169,45,24,3206,79,102,190,46,0,41,102
50,0,59,134,40,49,2511,73,119,43,18,4,44,50
37,1,42,187,50,37,2198,158,24,317,56,5,77,126
38,0,55,186,34,36,1854,64,80,325,77,3,56,121
28,0,73,179,51,47,2417,111,12,340,66,0,74,56
77,0,59,178,55,19,1964,108,58,263,27,5,84,117
24,0,40,139,55,19,1937,121,62,0,39,0,65,105
56,1,74,195,36,35,3117,117,8,241,36,0,94,128
53,0,59,194,35,29,3266,39,113,181,31,1,67,50
79,0,40,171,39,35,2369,36,119,22,62,1,60,101
47,1,80,166,31,14,1405,173,63,176,24,2,80,97
71,1,61,157,33,29,1844,131,62,201,0,2,52,71
24,0,48,190,51,17,3262,30,100,6,32,6,80,108
29,0,69,155,36,27,1937,104,52,399,68,7,48,112
78,1,65,179,31,26,2494,175,70,62,3,5,69,119
46,1,54,123,46,2,3098,117,58,233,56,6,77,61
35,1,78,151,25,5,3199,166,17,371,26,4,109,116
64,1,65,164,32,41,2537,81,104,221,75,7,92,92
61,0,77,126,39,36,3301,186,43,141,38,3,88,111
53,1,61,199,34,42,2567,109,32,396,2,3,62,66
28,0,62,178,33,47,1806,12,84,13,20,7,118,55
60,0,67,173,27,6,2404,54,6,180,18,4,85,79
59,0,62,193,54,41,2637,26,67,217,14,0,69,127
42,1,45,155,50,20,1405,81,57,261,13,1,120,62
47,0,73,134,46,43,1993,82,92,253,26,1,41,114
61,1,48,195,47,24,1374,40,25,325,72,3,76,79
21,0,55,200,55,28,2268,73,6,58,16,2,116,99
23,1,49,127,39,45,2769,40,45,113,46,6,93,126
22,0,71,175,37,10,3349,63,61,385,51,7,75,85
32,1,62,185,37,14,3194,147,45,177,40,7,111,67
48,1,64,168,29,50,2326,112,1,356,11,2,47,122
65,0,80,129,27,38,2971,180,65,305,42,1,86,74
37,0,80,127,39,23,1439,192,16,319,19,7,109,129
29,1,41,134,35,9,1652,177,64,239,3,0,40,56
72,1,53,160,48,46,2963,163,56,316,36,2,103,73
58,1,68,171,28,36,2428,65,14,334,51,6,78,129
66,1,43,154,54,32,1074,38,27,392,26,2,68,118
18,0,72,121,27,42,2331,28,96,95,77,0,70,73
56,0,69,153,43,25,3181,36,47,191,74,4,119,70
59,1,76,122,46,21,1456,159,29,29,3,2,54,98
74,1,48,167,44,48,1818,88,30,233,53,7,99,121
38,1,44,146,54,47,2960,154,78,331,56,3,105,102
72,1,59,134,50,16,2460,195,32,150,23,4,116,103
35,1,78,188,50,9,3291,0,102,208,35,6,75,110
42,1,42,149,37,45,3498,70,81,57,19,4,82,102
56,1,47,128,26,23,2658,75,14,239,46,6,115,87
67,0,75,122,32,44,2601,109,114,202,64,2,85,78
38,1,42,175,35,44,1196,4,98,260,80,3,102,128
34,0,71,177,25,29,2197,174,106,74,76,7,76,90
66,1,49,199,41,48,1606,23,56,165,32,6,68,101
69,1,79,188,30,32,3180,116,7,353,10,1,100,92
79,1,57,181,54,36,1941,28,94,26,33,2,84,88
73,0,64,162,43,45,2751,46,11,382,38,2,48,59
64,0,52,160,42,35,2053,169,116,243,79,3,83,121
33,0,58,152,33,49,2443,166,47,134,67,2,73,124
76,0,40,181,42,17,2435,112,7,240,41,7,118,115
41,1,44,168,35,44,1927,19,74,87,69,6,70,63
34,1,76,167,28,48,3429,11,17,0,74,3,80,56
79,1,70,142,32,32,1805,182,83,20,3,4,41,68
51,1,61,142,44,12,1352,158,54,79,7,2,103,121
61,0,65,185,46,18,3495,70,85,256,11,1,64,129
57,0,63,170,49,37,1810,109,32,362,18,1,112,130
35,1,51,164,44,20,2397,3,48,230,77,6,96,124
62,1,55,147,47,24,2582,155,51,118,47,7,103,123
63,1,50,129,31,41,1659,157,65,24,9,6,45,60
47,1,40,160,47,49,1196,92,25,169,18,0,95,126
35,1,78,195,46,8,1403,10,21,203,28,2,114,74
59,1,80,141,29,19,3367,110,56,170,37,5,118,65
20,1,66,139,55,44,2390,154,109,261,24,5,99,113
20,1,74,127,34,15,1973,93,104,322,13,7,83,81
48,1,44,157,46,34,3240,35,113,92,61,1,77,54
65,0,55,200,26,12,2015,70,60,370,0,3,46,87
59,0,61,181,43,34,1482,52,99,373,5,4,57,106
63,1,69,123,25,26,2788,0,70,92,69,6,79,108
67,1,68,176,37,5,2914,188,114,61,17,7,66,118
29,1,62,162,35,29,1250,24,68,287,51,6,106,68
70,0,59,180,43,49,2370,180,77,112,14,7,65,76
70,0,76,189,54,37,2058,52,88,268,35,3,52,90
57,0,59,137,43,29,1772,22,99,221,14,3,103,74
50,1,55,121,31,9,3433,122,103,36,17,6,44,83
70,1,60,199,47,40,3188,14,120,343,62,5,70,90
45,0,61,184,49,39,3182,66,45,122,76,7,65,64
57,1,61,138,25,38,1452,59,113,142,57,3,77,51
80,0,44,145,33,5,2930,9,83,313,15,6,46,93
57,1,44,170,46,6,2058,2,6,105,8,0,117,122
65,1,43,159,26,23,1334,143,75,320,74,7,69,117
42,0,76,166,53,40,1587,107,41,236,73,6,68,93
39,0,46,166,26,21,2333,196,74,204,57,0,55,66
18,0,43,122,47,4,1876,130,43,303,9,7,113,127
34,1,67,196,31,39,1046,47,7,5,48,6,98,114
25,0,66,169,27,49,2843,145,112,200,40,7,58,86
80,1,77,129,30,4,2986,68,46,124,30,5,45,71
42,0,52,122,31,39,1573,116,16,81,46,4,56,83
66,1,54,171,36,2,1854,50,116,267,46,3,94,76
44,0,55,135,52,23,2365,96,85,21,23,4,116,60
72,0,41,147,28,33,1052,158,111,302,16,0,53,109
26,1,72,141,49,9,3417,167,60,64,64,6,115,111
31,0,49,126,41,37,2347,102,120,292,14,0,84,96
39,0,49,161,25,11,2568,195,97,361,64,7,88,64
80,1,73,127,47,29,1690,161,15,153,65,0,58,126
25,0,41,124,36,12,2634,39,101,48,65,5,80,93
25,1,73,164,52,12,2767,102,56,183,31,4,50,96
79,0,56,187,47,25,2404,64,92,105,63,3,68,69
64,0,56,171,31,27,1309,58,73,119,42,3,56,79
20,1,44,139,36,37,2503,59,42,9,68,7,82,113
22,0,63,129,33,31,1164,137,118,242,53,3,52,106
46,0,73,133,47,40,2912,196,110,92,24,5,115,62
50,1,40,171,33,35,2918,99,102,25,29,7,108,117
80,1,57,196,35,6,1122,152,109,208,66,7,89,61
74,0,43,152,37,47,2195,14,101,112,80,6,103,85
76,0,49,162,29,50,2074,182,100,388,40,6,57,96
50,0,63,142,40,44,2101,135,104,284,46,2,80,103
38,0,64,185,32,24,1809,48,96,177,51,7,46,67
42,1,49,131,28,7,2951,179,59,277,62,6,53,127
45,1,77,129,46,36,1676,184,28,284,50,0,45,129
43,0,68,152,35,21,3251,142,41,84,77,6,101,122
52,1,60,198,34,24,2709,95,35,289,25,0,55,122
51,1,45,185,46,30,2346,19,32,348,8,2,67,62
33,1,71,190,45,7,2048,133,35,151,15,2,45,117
55,0,44,135,30,25,1131,110,81,182,45,0,92,120
27,1,78,163,39,9,3374,117,42,45,54,5,95,113
74,1,53,171,50,7,1897,160,10,325,37,4,107,121
80,0,55,122,27,6,2268,103,10,128,57,0,104,54
38,0,78,190,51,5,3086,127,43,170,24,5,52,90
46,0,54,175,42,8,3310,127,47,79,61,1,71,59
48,0,70,172,33,11,3399,182,46,349,29,0,82,127
57,0,70,165,42,25,3289,31,64,244,40,3,112,121
47,1,62,132,45,43,1713,183,11,365,74,2,118,130
40,1,63,120,42,38,2579,101,18,244,71,7,44,65
45,0,68,132,42,48,1036,178,102,300,24,6,45,60
21,1,65,188,30,1,3231,93,71,293,58,1,56,51
25,1,41,122,46,23,1397,166,104,204,79,2,63,100
61,1,75,151,46,36,2426,90,21,5,22,3,67,102
36,0,66,136,49,30,1419,197,77,333,47,7,60,102
31,1,40,194,54,1,1607,12,2,241,76,6,115,100
61,0,69,168,34,19,1201,30,17,105,35,5,70,125
50,0,52,149,25,49,2771,16,1,310,47,7,51,126
39,0,80,189,48,40,3362,80,116,111,28,2,113,54
57,1,66,152,25,39,2370,15,83,375,58,2,103,51
62,0,78,186,54,23,2877,66,34,392,25,7,92,107
80,0,75,195,47,40,1981,1,51,89,12,7,45,94
46,1,72,155,36,50,2574,86,33,269,7,4,104,72
65,0,42,198,38,15,1014,34,28,287,9,4,89,63
34,0,69,157,36,23,1014,45,63,155,54,1,81,101
62,1,56,179,42,49,1382,121,10,111,26,6,55,85
38,1,73,129,54,25,1680,85,83,52,16,7,87,101
52,1,45,133,47,19,1730,46,33,155,46,1,112,117
21,1,50,157,28,38,1006,62,78,30,56,3,101,97
67,1,58,147,45,24,1934,1,118,396,22,2,101,106
20,1,53,176,45,35,2490,25,31,398,34,4,98,116
64,0,62,129,34,18,2608,163,0,171,4,7,92,64
23,1,71,159,37,37,1159,165,99,341,19,3,60,72
21,0,64,188,30,49,1824,155,41,170,3,2,94,80
34,1,57,197,28,15,1171,185,37,47,65,0,113,76
25,1,66,135,43,26,2592,119,103,23,13,6,82,124
51,1,74,179,35,12,2504,32,17,162,26,0,112,98
32,0,59,148,31,47,3173,84,15,328,43,4,110,66
70,1,42,137,39,19,1770,134,20,21,67,1,50,115
37,1,45,138,41,21,1525,197,116,388,36,6,118,106
77,1,74,147,35,25,1857,91,73,340,51,6,119,76
31,0,70,146,42,48,1342,157,20,224,77,2,47,90
30,0,79,160,27,42,1156,160,73,168,73,7,95,75
64,0,47,137,52,45,3194,99,66,19,66,4,93,62
22,0,74,187,39,44,2088,103,80,4,69,4,119,101
59,0,80,172,26,30,1467,82,58,277,71,3,44,97
21,0,76,169,37,18,3403,61,86,395,47,7,42,105
63,0,54,166,50,4,3098,53,84,185,15,1,92,94
20,0,62,163,31,38,2905,173,114,370,22,2,47,106
21,0,77,187,49,39,2731,17,87,383,57,0,90,79
66,0,59,186,28,36,1799,91,20,188,75,5,46,124
79,0,69,190,44,10,3206,148,66,22,23,4,43,128
40,1,74,137,45,44,1906,80,27,322,19,2,49,91
65,0,43,167,46,30,1670,148,103,151,22,2,91,63
55,0,77,157,31,11,1606,141,82,113,7,5,119,55
25,0,68,125,51,7,1112,175,23,373,55,7,106,74
55,0,78,123,55,20,1705,77,76,23,72,7,63,85
21,0,62,159,49,49,3138,104,42,159,58,1,76,106
23,1,52,149,41,40,1437,136,85,115,7,4,57,88
68,1,55,192,47,29,2910,10,8,33,38,3,47,60
28,0,57,121,42,40,1734,55,29,277,44,7,72,92
36,0,62,156,41,50,1875,49,63,95,7,4,97,85
65,0,58,150,31,8,1391,62,91,239,65,4,72,71
62,1,40,159,35,50,2277,46,19,318,52,4,60,50
48,0,59,186,46,13,3187,139,1,246,8,3,95,109
73,1,58,125,45,7,2670,99,94,389,24,0,58,128
76,1,44,153,45,9,3485,95,24,126,75,6,96,77
51,1,62,176,55,15,1238,147,15,134,30,0,92,117
44,1,60,135,39,9,2487,55,80,187,1,7,45,108
79,0,75,135,26,15,2350,62,28,61,51,6,97,86
20,1,63,123,37,12,1502,27,77,99,6,1,90,83
53,1,63,174,47,48,1432,113,0,75,55,4,111,117
41,0,42,169,48,8,3439,173,22,333,32,4,95,98
72,1,67,191,43,11,2815,181,22,226,31,5,55,98
18,1,55,156,41,26,1531,164,101,367,11,4,45,81
72,0,53,183,37,4,1347,16,88,47,78,2,105,94
79,1,56,184,54,36,2353,182,111,234,52,4,91,75
33,0,76,123,48,30,1023,37,92,191,28,1,66,86
66,0,72,126,26,36,1391,169,111,299,2,1,120,56
39,0,62,165,34,25,2299,50,6,163,52,7,54,130
31,0,43,137,29,15,2972,129,1,182,59,1,88,65
76,1,75,183,55,22,2026,16,44,207,74,7,99,82
70,1,45,159,43,31,2162,93,72,46,80,2,90,74
27,0,72,167,45,41,1900,42,50,253,11,2,44,88
32,0,50,186,33,8,2385,75,27,278,9,4,84,64
58,0,58,139,48,27,3199,173,116,360,10,7,98,79
20,1,53,178,53,17,3331,58,87,390,36,3,118,116
68,0,80,138,30,0,1189,28,52,364,46,2,68,76
49,0,48,128,38,12,1962,46,103,49,29,3,76,67
40,0,79,191,39,26,3162,136,42,269,41,7,119,57
52,1,75,126,41,46,3038,170,77,76,25,3,116,110
77,0,48,182,53,33,1641,40,33,38,33,4,50,80
70,0,74,140,49,40,1164,56,63,221,50,5,62,58
65,1,48,146,31,40,2343,119,22,214,40,5,47,71
68,0,68,154,32,35,2472,143,17,84,72,6,51,54
69,1,48,197,30,48,2074,154,53,46,63,4,105,115
44,1,50,158,47,32,1459,88,66,280,5,5,112,117
40,1,56,189,46,17,2530,144,49,173,24,1,116,90
61,1,65,139,33,6,1832,140,91,104,27,5,62,104
30,1,48,188,36,27,2983,182,63,173,75,1,70,77
55,1,43,134,25,1,2247,131,39,190,38,3,41,85
76,0,55,120,42,10,2336,133,31,353,67,3,63,85
46,0,80,133,42,20,2455,147,37,384,44,0,118,61
44,1,73,172,52,35,2304,196,101,196,49,4,42,81
71,0,44,122,29,42,2657,80,15,394,12,7,68,112
74,0,76,163,48,8,3044,111,112,260,56,0,64,58
45,1,74,200,35,16,2183,139,5,189,30,0,100,117
19,0,57,149,44,23,2269,198,7,281,10,3,78,64
63,1,52,121,28,11,1177,198,49,317,47,5,65,110
70,1,75,169,28,18,3499,16,22,182,69,5,52,96
22,0,64,161,25,37,3209,183,17,258,26,5,92,70
63,0,57,143,53,50,1343,113,20,173,27,4,68,82
30,0,78,171,53,19,2167,128,57,343,4,7,96,128
18,0,71,159,52,25,3189,10,79,312,9,4,108,81
22,0,49,178,35,10,1692,89,23,318,29,2,101,56
57,0,42,144,26,39,1877,18,58,114,29,5,101,114
25,0,56,134,47,20,2505,58,21,154,63,7,41,63
69,0,76,156,40,15,2401,64,37,139,60,1,40,123
61,0,76,145,41,19,1657,157,85,313,7,5,42,104
55,0,64,189,50,9,3251,46,52,68,9,6,65,130
30,1,41,198,50,7,3262,88,15,99,71,3,76,96
45,0,46,144,32,31,1688,27,118,296,33,6,80,129
47,0,65,198,54,38,2158,93,78,284,51,1,62,95
48,0,66,174,53,4,3489,110,29,160,54,7,43,76
18,0,51,146,30,27,2719,125,21,342,19,4,92,103
62,1,63,195,32,45,1048,67,115,292,13,4,112,59
56,1,49,123,50,43,2600,163,88,143,45,5,53,125
49,0,68,125,33,20,1596,33,81,99,7,6,45,81
42,0,52,167,49,17,2534,182,120,241,43,1,72,93
54,0,54,143,45,20,3147,182,103,278,60,2,112,103
48,1,79,168,33,0,3440,90,81,271,33,1,76,52
46,1,61,178,52,38,2921,72,0,130,57,7,73,93
38,0,52,179,27,3,1791,134,47,134,60,6,61,78
37,1,56,167,42,12,1837,73,51,254,23,6,47,127
62,1,77,149,27,31,3421,170,52,281,52,0,60,77
27,1,41,129,27,26,2836,81,118,211,70,6,91,93
59,1,60,176,48,17,1701,39,50,53,9,1,80,93
64,0,49,179,50,36,2105,133,34,152,17,6,84,56
28,1,65,124,37,12,2755,35,83,182,46,6,74,129
30,0,78,187,34,15,2060,23,95,246,66,6,61,119
80,0,45,140,33,33,2018,108,1,163,2,1,72,108
78,0,58,132,40,7,1286,177,18,114,48,0,101,83
33,1,74,190,30,47,2879,174,9,188,15,0,54,84
45,1,68,150,28,40,3458,95,72,298,46,1,53,91
28,0,68,161,43,21,2424,142,91,365,57,7,52,125
79,0,74,196,55,20,2599,13,29,258,32,4,64,66
22,0,52,186,25,32,2144,143,42,42,48,6,66,55
79,1,63,140,37,16,1217,46,116,195,60,4,99,60
80,1,76,138,53,16,2957,9,13,283,71,7,68,84
63,1,45,188,37,41,2126,126,9,65,27,2,79,72
42,0,46,148,37,31,2240,65,118,59,73,4,113,69
23,0,51,159,53,9,2525,69,36,348,39,3,70,93
38,1,47,177,36,21,1861,137,32,30,48,2,93,82
38,0,63,182,28,46,3046,186,59,178,75,7,70,106
69,0,69,183,39,13,3068,81,72,147,47,2,119,123
64,0,76,141,54,34,1565,138,86,261,22,6,106,123
80,1,71,145,45,14,1090,99,30,189,76,5,110,93
37,1,76,123,48,50,3145,124,24,311,38,7,86,65
78,1,70,141,41,22,1936,125,38,64,3,2,61,117
54,1,72,123,25,23,3495,66,103,268,0,5,102,77
71,1,62,154,30,14,3165,188,48,216,62,3,60,95
19,1,58,177,32,3,1633,1,55,260,71,2,109,67
34,0,57,134,39,22,2955,17,106,49,49,2,103,129
20,1,59,146,48,11,3185,114,38,23,10,6,49,52
22,0,55,159,36,1,1500,17,68,172,70,0,41,75
21,1,76,176,47,11,1377,11,118,16,11,2,102,92
69,0,80,142,43,14,1571,199,86,345,68,4,76,125
43,0,60,120,43,42,2110,98,62,96,26,2,49,84
72,1,45,136,53,48,3064,150,69,166,33,0,55,101
80,1,63,155,34,16,1520,135,15,216,18,7,68,53
20,0,46,163,45,2,1145,167,100,86,80,3,116,130
56,1,52,184,48,9,2387,146,101,137,56,0,41,99
74,1,73,121,32,17,2256,52,97,354,55,7,89,63
75,0,72,137,29,19,2005,65,108,136,25,3,56,88
21,0,56,154,27,2,1683,197,103,197,56,5,104,126
31,1,53,184,40,4,2155,46,20,168,50,3,106,51
70,1,40,152,50,39,2362,137,98,145,53,1,73,69
68,1,52,196,50,3,1959,173,68,249,49,3,89,110
34,0,45,158,33,17,2551,11,24,325,25,7,45,96
57,1,53,138,51,43,2111,79,105,174,9,7,79,65
74,1,58,133,50,21,1956,41,42,169,76,7,59,124
32,0,56,175,45,30,3463,97,19,347,62,2,107,69
22,1,65,166,41,33,2789,7,61,291,70,5,104,95
50,1,69,137,30,27,2550,76,9,133,59,0,74,118
30,0,55,165,27,5,3366,5,44,360,59,7,53,114
22,0,67,150,51,31,2376,137,53,30,11,4,44,109
73,1,49,145,51,5,2379,144,72,149,40,1,120,97
54,1,79,126,55,29,2487,175,72,117,74,0,109,60
20,1,69,178,46,34,2735,183,12,263,13,1,48,124
47,1,79,169,33,34,1405,112,29,251,64,4,107,64
73,0,45,188,41,17,2379,115,102,51,34,7,72,90
18,0,42,171,53,13,3112,97,28,210,61,1,109,60
20,0,42,184,34,2,2470,148,103,212,18,3,119,93
41,0,49,131,31,5,1842,136,48,180,60,1,44,128
42,1,41,161,43,35,1941,137,60,224,53,0,109,63
29,1,48,196,26,7,3103,52,2,179,43,4,69,61
56,0,50,190,34,27,2565,171,48,138,20,4,103,94
51,0,49,158,34,3,1614,170,45,2,6,0,55,109
38,0,43,144,42,35,3406,148,0,357,61,7,64,121
74,0,53,185,41,27,2891,85,41,149,14,0,40,92
26,1,78,145,46,37,1036,198,112,183,51,7,82,71
75,0,68,166,35,27,3246,68,44,326,49,4,115,56
75,1,73,140,49,50,2839,62,19,149,7,5,102,55
23,1,67,152,34,20,3115,11,100,85,29,0,86,72
29,0,56,168,54,7,3006,63,94,258,74,7,69,54
54,1,79,164,33,39,2208,47,75,347,73,2,105,89
55,0,69,192,36,36,3478,138,17,383,10,1,102,123
75,0,75,121,30,43,1759,31,91,148,56,7,68,88
35,0,77,121,39,4,1091,193,36,125,14,0,85,53
75,0,65,145,44,24,1803,100,109,154,65,4,94,52
26,0,46,171,49,12,1315,88,8,246,51,1,100,62
75,1,56,138,30,16,1309,179,30,136,78,0,64,54
47,1,60,164,54,28,3233,58,35,96,46,0,82,54
60,0,75,154,27,28,2788,72,79,378,64,5,93,123
32,0,66,173,31,36,1586,147,107,346,20,2,104,89
70,1,47,186,46,24,2520,123,98,332,37,6,104,85
78,0,76,148,45,1,1811,8,30,174,57,3,104,86
57,1,72,192,42,21,1686,185,64,310,67,7,43,51
54,0,57,200,51,15,3180,100,97,270,58,7,98,57
27,1,46,199,47,26,3236,129,56,191,37,3,44,119
44,1,48,169,51,27,2779,86,14,144,72,6,69,92
37,0,45,195,29,9,1256,60,62,35,41,1,85,65
35,0,78,180,40,16,2987,146,87,298,16,7,114,87
20,0,58,166,53,4,2560,100,39,83,26,1,41,95
28,1,69,171,30,35,1451,19,114,107,46,7,100,74
46,0,73,157,39,13,2339,140,64,352,7,2,74,105
73,1,52,169,26,11,2718,139,62,28,26,2,111,96
49,0,49,177,52,50,2800,124,27,370,32,5,41,126
27,1,46,166,48,28,1152,189,0,262,8,4,104,75
22,1,43,185,33,39,2843,148,40,376,44,2,69,125
43,1,41,167,44,18,2243,135,57,85,31,3,52,100
74,1,62,193,31,24,1095,20,101,144,17,1,87,97
49,1,74,130,47,27,1003,58,106,308,78,6,64,107
22,1,51,154,39,11,2970,17,57,86,41,6,83,104
33,1,74,131,40,17,2258,19,50,52,61,6,55,76
24,1,80,197,44,17,3192,37,94,115,28,6,57,122
64,0,76,163,44,20,1910,183,86,321,69,3,109,88
76,1,55,145,54,21,1429,29,95,131,36,0,92,105
52,0,56,179,46,1,2250,37,78,71,22,2,82,67
75,0,45,171,34,49,1984,26,87,163,26,4,98,63
30,1,56,181,28,44,1248,60,59,32,74,3,65,123
62,1,56,154,50,36,1058,64,19,358,54,6,63,88
73,1,62,133,52,15,1143,94,114,341,64,4,86,51
63,0,49,149,35,45,1735,111,4,253,78,0,118,78
67,0,45,195,28,24,1419,151,75,371,45,2,71,85
21,0,74,138,54,10,1986,108,76,101,70,1,109,106
46,0,61,148,43,36,1895,180,22,181,56,2,116,95
58,0,47,183,55,16,2777,30,33,40,56,2,113,108
37,0,42,141,41,36,1961,196,69,74,15,6,85,126
44,1,71,173,27,29,2599,194,4,159,40,5,71,89
54,1,75,120,51,25,2145,151,91,3,55,0,110,117
67,1,54,173,53,47,1811,79,82,89,51,0,114,104
48,0,72,123,32,25,2301,22,113,23,55,4,71,63
58,0,42,189,53,49,2807,54,52,43,24,5,103,78
19,0,72,121,36,41,2585,55,119,323,23,7,85,94
62,1,49,190,43,50,1813,32,62,150,58,5,111,108
18,0,45,159,52,34,1893,170,52,380,75,0,100,121
61,0,45,130,54,11,2350,88,31,273,47,2,47,82
31,0,71,157,26,32,1773,131,12,135,51,3,89,62
46,1,48,150,44,30,1687,115,24,243,52,4,98,83
26,0,65,183,35,45,1735,188,0,386,67,6,93,110
78,0,73,182,51,45,3086,101,34,16,21,5,67,66
71,0,80,156,46,46,1623,146,90,85,39,3,103,116
70,0,79,153,50,43,2992,139,70,285,4,4,103,69
54,0,67,165,30,38,2581,185,28,332,1,5,91,126
43,0,72,190,41,46,1551,183,80,135,77,3,89,119
66,1,42,123,32,49,2981,156,58,163,20,0,114,59
66,1,52,120,30,2,1555,72,21,190,78,3,112,51
28,0,70,122,34,28,3443,103,41,171,48,5,113,126
53,0,40,177,36,28,3198,58,42,287,45,5,48,91
71,0,53,145,51,7,1568,167,58,57,29,6,52,79
50,0,60,191,51,18,2005,98,99,42,15,4,120,130
24,1,62,192,26,44,3037,62,94,169,73,1,117,126
80,0,45,141,47,44,3345,151,64,319,7,5,45,82
52,0,65,132,29,46,3144,13,32,103,57,5,70,64
26,0,57,169,28,23,1801,107,3,224,19,4,87,115
60,0,63,165,29,17,2007,15,66,356,31,4,94,125
61,0,77,137,50,13,2560,120,13,285,61,7,58,51
25,1,75,196,48,12,2083,143,68,116,46,4,76,82
56,0,66,157,46,35,3038,51,81,266,65,6,115,51
79,1,67,147,47,27,1629,75,24,355,68,3,119,102
44,0,64,187,41,27,2351,37,52,325,13,2,48,90
28,1,48,161,31,15,1537,93,40,345,70,2,74,104
39,1,66,157,52,23,3159,94,82,48,31,2,54,112
64,1,59,195,41,37,2925,25,51,49,41,5,44,52
47,0,57,165,45,50,3290,130,113,238,72,1,55,62
47,1,64,146,41,31,2047,5,60,187,14,3,56,67
74,0,78,132,32,7,1616,145,86,180,17,5,73,96
79,0,67,194,38,46,2263,1,74,283,62,5,57,116
30,0,54,172,45,39,1806,131,22,165,58,6,54,93
53,0,63,124,28,31,1223,61,20,224,28,3,96,102
36,0,73,159,39,3,2972,121,75,385,49,3,91,104
36,1,65,129,50,21,3478,86,55,274,8,6,84,127
35,0,60,185,42,18,2344,14,73,54,66,7,79,61
25,1,79,122,50,45,2241,31,88,277,27,4,116,92
68,1,44,187,52,42,3225,56,85,101,80,6,111,80
77,1,40,192,27,41,1603,138,13,212,26,2,60,75
66,0,60,196,35,43,3288,124,17,306,61,4,76,55
73,1,53,152,34,18,2135,17,45,73,37,3,88,59
50,0,80,190,42,30,1257,86,81,366,21,7,43,73
77,0,72,194,37,34,1556,200,54,277,25,5,71,84
61,0,60,169,27,35,2063,51,50,331,16,7,94,63
43,1,44,143,45,25,2171,200,52,277,35,7,40,83
67,0,43,140,30,25,1509,78,60,208,63,6,57,63
37,1,40,177,44,11,3050,36,96,119,19,6,74,111
64,0,43,171,42,19,2286,88,44,330,79,7,88,59
56,1,48,130,34,3,2714,85,12,90,51,4,83,63
69,0,48,154,26,25,2593,132,109,388,69,4,75,113
29,1,54,145,26,14,1227,200,110,188,72,0,113,113
39,0,72,195,39,48,2376,133,34,107,66,7,74,61
23,1,40,157,36,12,1894,10,64,136,51,4,75,82
25,1,49,126,45,27,2520,190,102,242,57,1,40,85
58,1,58,146,54,19,2587,40,21,285,6,5,95,55
71,1,57,135,41,38,1791,131,65,67,52,7,76,88
72,1,74,123,27,9,1191,45,82,253,27,3,52,106
41,1,71,165,45,14,1895,131,101,269,73,1,83,111
45,1,79,173,35,41,1428,187,32,397,73,0,40,127
48,1,58,173,47,14,2179,64,106,184,69,7,88,130
49,1,45,150,34,32,3133,113,86,317,59,5,101,114
77,0,41,177,47,1,1905,16,114,66,80,3,82,63
38,1,40,191,37,45,3235,95,46,21,80,1,85,117
61,0,66,158,39,48,1840,47,112,190,76,2,72,69
62,1,72,145,53,6,2032,125,78,154,78,3,52,71
25,1,56,156,46,32,2428,22,55,363,66,5,114,91
69,1,79,200,42,6,2758,119,96,125,44,0,83,116
35,1,61,148,44,16,2229,73,30,242,34,5,89,124
78,1,41,172,51,39,3409,187,47,398,53,0,101,110
24,0,78,150,55,39,2879,17,33,87,49,3,100,116
74,0,59,135,41,50,2881,30,44,222,22,5,110,69
50,0,60,147,42,32,2621,140,101,106,20,4,46,107
59,1,64,164,48,40,2130,88,47,187,0,4,100,51
35,1,76,182,45,21,3038,46,56,93,77,3,67,128
79,0,47,149,53,50,3407,186,16,221,80,7,113,115
34,1,45,158,44,47,3057,139,9,355,74,5,93,59
32,0,59,153,37,32,1777,1,34,60,42,0,46,68
31,0,40,184,51,34,3176,194,106,288,0,1,73,116
34,1,58,143,44,21,1335,115,115,383,14,5,49,114
41,0,51,163,53,31,3002,155,105,135,80,5,57,118
66,1,43,191,48,6,3287,136,104,136,13,2,92,113
60,1,72,168,48,32,1389,198,21,141,51,2,65,113
31,0,63,125,33,32,2783,169,71,96,23,0,57,93
32,0,66,161,32,3,1337,56,75,301,28,6,104,112
68,0,43,130,37,31,1722,126,14,124,72,3,63,106
37,0,44,199,29,43,2707,198,11,360,80,5,79,73
56,1,47,123,47,26,2126,126,14,332,18,6,81,123
46,1,60,124,54,37,1910,54,77,28,42,1,59,60
70,0,80,141,35,26,2838,26,43,240,6,1,105,51
78,1,77,172,27,46,1365,6,113,345,4,6,55,77
77,0,41,187,52,46,1185,91,14,81,9,1,95,117
33,1,71,193,28,38,1615,87,15,330,16,0,42,88
40,1,80,193,44,24,2458,79,103,261,11,4,66,66
77,1,65,186,26,37,1715,190,68,292,71,7,109,108
50,0,57,181,31,13,1765,111,75,255,5,4,99,101
31,0,49,170,33,32,1013,96,16,281,21,0,97,92
70,1,52,128,47,39,3460,114,55,176,24,6,65,51
71,1,53,126,32,6,3225,104,73,57,73,7,84,84
34,1,68,184,39,4,1641,98,48,17,50,2,61,73
69,1,45,183,41,2,1519,52,115,325,31,2,86,104
67,0,73,145,26,19,2422,54,44,86,18,4,50,116
23,1,77,140,54,18,2810,122,55,291,41,0,45,90
31,1,46,157,29,45,2903,1,24,300,43,5,82,120
75,1,40,195,33,50,1410,93,47,222,52,0,67,85
57,0,53,197,27,28,3151,105,5,87,68,2,68,117
61,0,49,136,50,36,2616,63,49,288,67,1,64,63
43,0,77,199,29,13,2374,113,42,16,0,6,119,111
39,0,70,143,27,21,1835,44,104,266,67,5,41,78
40,0,53,143,26,39,3224,150,18,386,50,7,57,72
73,1,77,127,28,49,3452,85,109,205,44,7,69,65
41,0,66,143,35,49,1696,193,38,239,20,6,44,59
77,1,73,180,41,50,3270,60,31,104,73,5,77,92
21,0,76,123,27,36,1621,4,48,130,54,2,75,65
76,0,65,162,47,26,1168,55,50,324,52,4,118,120
35,0,77,147,46,15,2211,79,94,249,18,6,45,120
75,1,42,125,31,16,3355,73,110,235,72,3,72,80
27,1,58,191,47,14,2631,184,46,388,75,6,113,78
52,0,49,128,34,6,2501,90,62,1,80,0,48,125
25,1,40,138,44,32,3124,166,33,91,53,6,83,80
64,0,67,150,38,50,1653,107,47,270,7,1,112,111
53,1,46,197,30,4,1624,197,6,42,43,0,52,51
46,0,64,186,47,5,1916,66,45,118,4,6,52,107
50,0,44,151,49,29,2714,117,39,98,35,0,118,93
63,0,76,185,49,5,2076,10,64,320,4,2,119,84
27,0,69,190,50,41,1603,56,64,223,24,7,84,87
40,1,62,140,33,11,2845,32,112,23,48,6,60,79
28,0,80,136,30,2,2050,57,106,242,36,7,48,97
77,1,64,135,51,21,1523,155,67,122,10,4,77,109
43,1,47,178,35,40,1583,40,40,390,3,4,91,57
29,1,63,123,55,16,1176,13,21,245,65,7,42,124
33,0,63,157,53,43,1304,172,13,135,30,6,98,69
36,0,51,185,37,34,2646,120,7,88,73,1,107,78
46,1,53,131,43,17,1073,3,34,391,19,1,87,109
78,0,46,160,53,3,2453,65,23,348,66,7,120,57
48,0,72,193,43,1,1990,40,17,210,15,2,93,97
80,0,43,144,29,24,2082,144,67,147,69,3,92,70
24,1,60,133,26,21,2531,172,1,260,0,2,46,79
38,1,62,144,40,37,3362,30,36,11,50,5,43,90
30,1,41,184,48,11,3318,175,65,196,27,6,64,92
58,1,66,172,42,5,1449,195,90,42,74,4,85,125
33,1,63,122,42,21,2043,187,78,164,67,2,62,85
51,1,54,176,48,43,2944,187,26,262,57,3,54,117
70,0,65,153,40,10,1338,137,100,357,67,6,97,64
71,0,40,160,36,25,2024,50,55,332,40,1,79,73
53,1,57,168,31,11,3270,21,99,382,29,5,104,128
56,0,50,136,31,30,1888,69,34,211,13,6,95,88
50,1,56,188,30,4,1387,174,98,42,14,6,52,52
43,1,48,185,31,47,3327,178,118,238,4,4,113,98
28,1,63,145,37,36,1618,33,47,360,38,0,73,92
18,1,52,122,32,32,3238,198,26,212,49,7,115,129
23,1,61,123,29,3,2766,131,67,333,63,2,40,78
54,0,70,144,40,29,1413,36,33,334,57,4,63,88
75,0,78,131,44,0,2150,124,58,190,66,1,103,79
55,1,47,190,55,10,1587,81,47,148,47,6,67,99
67,1,53,187,26,30,2901,34,108,351,47,1,81,67
46,0,64,183,33,35,2058,145,63,101,49,1,117,78
22,0,54,186,41,5,3178,125,31,105,34,3,41,77
38,1,64,167,53,3,1523,25,48,293,46,5,115,52
52,1,45,179,26,23,2318,11,43,143,10,6,54,118
21,0,58,142,49,31,1798,96,116,70,42,6,99,68
59,0,70,162,47,23,3332,14,38,113,8,1,86,66
70,1,57,194,33,11,3222,90,81,333,55,0,112,114
34,0,51,141,39,35,2170,141,44,39,0,5,71,111
44,1,74,175,45,27,2186,94,33,48,63,0,99,114
65,0,56,161,34,2,1778,153,43,47,59,3,68,127
34,1,46,149,41,28,2500,90,48,45,3,6,89,123
63,0,58,146,50,34,1129,178,93,280,78,1,77,90
47,1,73,197,30,39,3392,98,48,299,69,5,84,129
36,1,63,128,26,38,2114,7,97,44,47,1,70,79
77,0,59,170,27,47,1215,144,110,108,47,0,75,101
49,0,50,133,47,33,2819,116,38,240,4,0,88,81
23,0,71,183,54,38,3300,27,114,301,58,4,101,115
42,0,75,176,54,5,3212,50,29,69,9,5,110,129
33,1,59,171,41,33,2672,103,76,133,54,5,73,57
60,1,79,132,37,27,1780,78,109,8,3,5,50,73
59,1,58,136,49,20,1826,55,114,199,34,3,52,53
44,1,64,123,53,49,2746,193,29,59,39,5,90,107
18,1,50,200,35,40,2877,57,51,206,42,1,75,70
41,0,68,190,48,5,1413,157,74,114,6,5,78,92
68,1,76,149,47,37,2545,31,4,382,17,5,68,69
73,0,57,169,29,11,1382,39,79,336,3,3,59,113
56,1,53,170,39,34,3384,33,117,146,23,6,90,107
45,1,74,135,29,44,2448,183,34,207,6,7,70,62
74,1,47,149,38,35,3433,195,12,317,42,5,79,119
77,0,58,179,41,24,1722,81,88,261,71,6,115,101
37,0,59,181,29,4,3160,113,105,383,76,2,63,73
61,1,71,189,49,29,3498,11,23,107,60,6,55,57
72,0,60,161,28,5,3042,161,71,238,33,6,101,85
43,1,47,134,42,37,1959,133,36,264,62,2,72,90
57,1,43,160,51,9,3274,123,117,280,53,5,71,123
73,1,71,169,33,43,1538,61,104,223,18,1,100,101
45,1,52,131,38,11,1136,6,5,193,71,1,95,55
76,1,52,159,51,23,1579,177,108,211,16,1,61,116
23,1,45,178,48,23,2658,168,100,228,30,5,58,56
77,0,49,135,27,2,2024,105,15,362,48,2,82,116
32,0,79,178,31,34,3010,14,24,241,39,5,101,129
40,1,59,189,31,39,2779,65,9,104,0,4,50,107
49,0,54,131,37,50,2536,186,59,319,67,7,96,50
41,0,72,179,36,15,2300,198,57,353,19,1,107,95
51,0,80,188,28,2,1655,187,8,321,21,5,76,82
35,0,77,140,46,50,3244,55,3,42,2,6,118,51
32,1,68,126,55,25,3086,133,20,28,73,1,64,115
63,1,70,192,41,46,3089,89,16,85,9,7,73,90
76,1,51,156,32,35,1693,93,70,158,16,6,117,100
18,1,80,184,55,27,3195,84,96,157,72,7,68,123
60,1,54,127,29,47,1279,198,30,8,60,1,80,75
61,0,42,183,36,42,2257,150,108,22,10,0,95,61
39,1,46,121,28,30,3346,6,43,183,39,2,94,54
24,0,56,190,25,10,1940,95,77,315,38,2,80,101
38,0,70,125,35,15,1709,33,53,291,51,5,109,116
41,1,47,162,52,31,1431,156,67,338,61,0,105,90
69,0,45,165,52,33,3121,47,15,102,58,5,43,96
21,1,49,128,43,9,1972,151,52,234,46,5,87,115
33,1,67,163,26,3,1800,73,73,320,68,2,49,103
19,1,80,148,50,48,3431,51,34,267,35,7,96,81
29,0,69,200,50,2,3076,157,11,154,60,3,54,130
40,1,60,121,41,49,2506,167,45,212,10,2,99,96
51,0,67,161,55,41,2396,125,29,3,68,7,52,61
58,0,48,173,29,50,1544,79,111,126,76,1,102,93
35,0,62,184,45,23,1230,149,15,274,75,4,100,111
48,1,66,155,54,13,1381,51,104,94,71,0,106,61
50,0,51,128,51,23,3255,106,27,120,7,6,112,62
69,0,53,170,50,29,3100,199,50,180,64,4,105,88
79,0,65,163,33,16,1630,145,20,296,48,1,57,66
33,0,70,174,26,7,3288,71,79,163,11,4,93,91
75,0,42,194,40,17,2142,14,55,128,39,3,105,121
60,0,76,128,50,20,1684,116,52,347,68,3,113,53
48,0,59,199,38,18,2805,112,27,336,29,4,106,107
67,1,41,149,51,9,1957,137,33,201,67,4,49,77
44,1,50,193,40,25,3119,41,85,234,75,7,90,117
78,1,52,142,36,14,1896,34,24,171,29,7,70,97
37,1,78,149,37,4,2743,63,6,131,35,4,106,88
34,0,64,196,37,17,1504,118,20,251,62,6,92,93
34,0,73,132,44,25,2869,98,107,48,79,1,82,97
32,0,55,132,42,49,2557,143,38,321,70,2,112,113
76,1,66,170,44,41,3016,13,59,393,45,4,102,108
68,0,74,183,48,42,2184,31,30,250,67,2,52,75
69,0,40,157,52,40,2394,89,101,14,78,1,72,84
30,1,50,133,55,11,3386,53,73,380,20,7,57,68
27,1,78,169,53,5,1754,76,72,391,20,0,118,107
34,1,55,174,46,37,3200,32,32,126,80,6,86,78
39,1,53,181,35,31,2607,29,68,163,20,4,54,104
28,1,57,165,48,39,1773,199,93,49,5,1,103,108
62,1,62,138,51,28,1666,95,43,231,39,0,52,102
61,0,80,189,55,17,1725,137,99,219,15,1,120,70
38,1,69,172,37,17,2714,24,96,309,59,3,55,74
68,0,42,136,32,18,2851,144,77,232,62,4,116,60
42,0,50,172,29,9,1066,180,27,101,12,3,91,71
43,1,80,172,43,42,1008,26,60,40,74,0,107,122
80,0,75,195,45,22,1713,160,99,27,17,0,45,129
46,1,51,140,27,5,2292,124,85,58,58,2,51,99
48,1,46,155,28,23,2998,143,54,353,78,6,115,125
69,1,71,185,48,33,1255,127,81,318,70,7,101,93
67,1,73,169,25,30,2540,127,17,211,64,2,95,122
70,0,69,199,26,5,1616,41,117,4,34,5,113,91
40,1,58,171,47,38,2430,21,30,51,77,1,91,91
75,0,69,190,44,46,3205,11,102,65,13,0,40,111
25,0,47,146,32,29,2287,25,72,239,43,0,49,122
22,1,52,148,27,50,1076,136,8,220,42,7,94,105
67,1,78,180,30,3,3158,117,97,353,47,7,108,123
79,0,49,139,48,16,1879,99,17,54,70,1,108,104
31,1,62,160,42,29,2663,32,9,284,6,3,90,115
19,0,54,136,30,29,2343,153,79,41,28,1,78,50
76,1,73,160,48,0,3201,61,10,363,62,2,73,128
46,1,62,187,38,12,1227,190,30,136,26,4,89,59
45,0,43,166,32,39,1523,60,8,100,26,2,42,81
49,0,57,146,53,9,2956,150,54,280,20,5,49,107
27,1,75,122,45,0,1307,181,54,400,57,2,52,72
23,1,73,122,49,16,1702,95,111,387,80,7,69,102
60,0,42,173,47,19,2948,178,62,201,20,7,65,67
64,1,41,157,46,15,2392,110,33,313,17,2,75,80
57,1,75,135,32,16,3208,165,116,207,34,2,52,78
45,1,47,171,55,14,3281,123,115,49,54,0,67,62
42,0,49,157,52,36,2680,7,24,30,58,3,99,71
30,0,67,153,55,45,1473,61,42,225,0,2,113,50
56,0,41,149,32,33,3257,54,20,228,59,2,58,104
64,1,78,123,30,30,2578,9,105,309,0,2,46,99
79,1,62,165,52,3,1868,6,52,44,74,6,46,110
33,1,57,199,47,6,1616,136,66,88,45,5,46,60
40,1,46,194,29,37,2175,130,6,136,58,0,65,119
69,0,61,191,30,48,2113,109,27,176,43,0,98,62
27,0,73,195,25,28,1367,180,87,149,16,3,60,102
40,1,51,186,41,34,2255,129,86,21,71,3,90,61
69,1,42,144,41,43,3303,95,60,130,19,3,98,60
75,1,51,156,33,35,1883,151,93,16,58,6,108,92
20,1,57,182,46,34,2303,65,60,231,78,5,53,118
64,0,57,147,40,29,2833,185,15,175,4,6,81,70
73,0,70,128,37,29,3418,47,86,147,70,0,69,91
20,1,73,184,54,11,1905,82,8,248,24,0,45,85
54,0,50,123,46,40,3227,49,56,18,60,2,103,79
30,1,55,141,53,1,3353,76,107,69,70,7,98,64
20,0,67,193,41,16,3342,97,18,126,26,7,91,111
69,1,47,120,40,29,1346,75,24,60,70,1,44,126
39,0,72,165,32,43,3360,197,117,133,64,0,46,67
39,0,44,196,25,28,3407,55,19,265,22,2,59,101
33,0,68,131,42,16,1470,166,55,28,48,1,106,80
38,1,79,184,40,33,2820,36,66,115,71,5,74,122
47,0,64,143,33,26,2206,199,69,249,76,7,49,67
72,1,51,175,31,29,1194,143,67,241,61,7,99,63
71,1,71,197,32,18,1340,115,48,45,55,4,53,127
79,1,71,178,35,12,3199,35,58,23,23,0,80,83
79,0,51,152,45,14,1591,71,101,92,35,3,49,82
34,0,69,174,28,44,1487,175,1,297,28,0,53,125
80,0,59,133,51,35,1418,15,116,85,76,1,77,112
60,1,71,192,49,50,3291,92,36,277,26,1,45,115
46,1,66,131,55,33,1354,70,74,243,47,0,110,126
48,0,48,154,40,9,2651,99,120,188,48,7,118,106
51,1,62,185,55,4,1375,46,66,14,28,3,95,55
64,1,41,196,31,21,2770,149,80,274,75,2,50,100
64,1,46,138,47,27,3188,195,52,31,20,0,55,78
73,1,74,190,32,34,1752,123,99,394,16,7,56,60
42,0,40,185,47,2,2449,125,21,215,28,7,109,72
23,1,51,192,43,7,1527,40,63,125,16,4,49,90
39,0,73,138,35,17,2348,82,101,143,20,1,115,64
74,1,65,144,29,0,3330,53,21,6,57,2,41,51
27,0,64,123,34,16,1033,157,15,238,70,1,53,92
20,1,78,163,32,14,3063,85,56,235,42,1,95,83
24,1,69,154,34,5,2286,157,17,143,42,3,83,84
28,0,72,195,40,43,2868,82,53,257,55,5,60,80
26,1,73,189,36,42,2512,157,42,394,75,2,62,63
27,0,50,180,46,6,2700,157,93,153,27,6,54,52
18,0,43,198,25,5,1167,125,111,109,41,6,48,96
25,1,66,153,35,13,1055,101,34,386,27,6,107,87
72,1,51,154,25,23,3291,122,24,198,44,6,95,71
29,1,54,127,35,46,1266,176,64,291,11,2,62,119
57,1,66,123,43,27,3314,13,33,63,66,1,46,106
64,1,77,199,47,50,2805,175,25,112,10,7,81,117
61,0,64,153,37,30,2730,136,39,282,38,4,64,57
23,0,40,181,47,10,2685,135,49,156,5,5,109,93
59,0,59,179,40,28,2009,118,13,25,16,4,106,129
24,0,43,127,27,8,2140,20,78,46,66,2,105,72
65,1,78,141,55,44,1243,92,15,89,33,7,80,61
42,0,41,167,36,18,3447,142,108,5,31,1,42,90
35,1,78,154,29,21,2185,179,113,115,50,5,55,70
55,0,40,187,49,22,3318,171,4,367,23,2,56,117
52,1,71,189,37,36,3351,71,36,347,77,3,100,58
63,1,47,136,38,24,2172,49,103,301,73,5,61,92
33,0,49,190,41,6,1245,28,112,96,44,0,76,75
29,0,62,130,32,29,2009,115,45,376,52,7,109,61
31,1,54,170,27,12,3278,153,58,243,32,5,45,55
39,0,40,136,28,6,2072,197,33,222,20,6,103,56
63,0,80,189,53,42,2078,134,66,343,61,5,94,116
27,0,49,152,39,23,1040,47,81,78,57,4,51,114
66,1,79,133,49,37,1523,87,51,126,18,0,106,76
28,0,76,177,49,1,2715,162,78,373,57,7,97,103
48,1,74,120,47,15,1685,61,67,62,79,0,49,119
40,1,70,146,50,12,2523,22,48,301,20,0,69,100
78,1,60,181,28,17,1377,122,21,44,68,5,116,97
37,1,50,137,40,37,3314,90,95,27,32,5,62,75
33,1,48,163,30,19,2859,10,3,219,76,0,115,115
66,0,80,199,42,20,3478,200,29,266,41,2,115,52
79,0,70,132,44,43,2149,97,88,258,70,5,64,76
49,0,43,191,50,13,1844,189,40,292,73,4,111,86
34,1,75,173,44,43,2651,160,71,168,65,6,108,77
43,0,59,135,41,32,1975,198,43,33,66,1,110,67
74,1,53,166,29,36,1973,7,49,103,21,3,54,123
38,1,54,159,27,22,3437,73,40,231,8,6,120,101
38,0,52,192,32,44,2545,12,68,205,27,3,53,95
23,1,52,178,55,13,1132,91,104,386,15,6,98,105
48,0,41,161,28,40,1691,97,49,223,3,5,44,77
37,1,56,134,29,12,1470,25,77,124,15,2,72,52
39,1,44,156,38,42,1147,74,0,301,45,5,74,107
76,0,61,169,43,10,2757,4,52,372,3,2,91,96
18,1,48,149,28,40,1816,123,9,178,4,4,47,113
19,1,59,142,28,9,1409,136,23,328,37,5,65,93
72,1,76,174,39,19,2979,187,66,90,3,2,60,64
33,1,43,133,35,43,2549,164,6,223,61,0,118,80
39,0,67,149,47,3,1410,107,51,74,9,6,69,121
18,1,51,155,44,29,3498,69,107,389,5,1,83,116
47,0,52,150,27,12,2890,79,50,198,35,1,75,128
56,1,65,170,55,3,2652,162,66,356,26,5,64,89
63,0,77,133,47,1,2616,197,90,387,32,6,100,116
41,1,47,159,27,15,3315,69,71,13,54,0,101,127
25,0,55,140,25,24,1740,109,7,342,63,7,101,118
73,0,49,187,26,23,2733,120,63,281,11,7,115,84
79,1,74,163,40,22,2671,139,48,279,80,0,55,124
38,1,40,126,53,39,1961,84,54,136,30,0,50,92
20,0,44,178,54,11,1023,187,70,248,16,4,112,85
63,1,71,145,36,19,1338,119,18,21,33,0,45,125
24,0,69,161,43,20,2515,57,100,21,74,5,54,77
29,1,54,171,28,30,2751,199,76,186,25,7,99,60
20,0,74,122,55,9,3175,143,77,345,56,1,94,111
49,0,65,137,43,16,2014,169,19,53,44,2,87,78
40,0,43,200,39,41,2079,44,48,165,42,5,40,96
32,0,75,195,45,36,3407,156,80,239,50,6,80,58
47,1,51,124,47,42,1717,182,10,87,15,3,90,70
23,1,68,195,53,42,1456,144,65,2,25,4,55,53
63,1,55,154,27,9,3475,61,39,327,12,0,107,69
26,1,60,128,45,25,2473,76,29,311,14,0,45,67
76,0,52,132,26,26,1273,44,35,274,49,4,89,106
48,1,42,167,39,11,3362,72,57,95,78,4,57,99
80,1,50,191,41,50,2382,44,100,305,35,5,75,104
60,1,46,186,25,20,1109,109,60,315,5,6,102,122
47,1,55,138,53,29,1169,71,85,3,25,7,52,109
60,1,60,145,54,10,2299,153,112,323,62,3,51,94
67,0,51,126,55,36,2624,29,65,304,78,0,59,118
36,0,53,134,47,18,2317,118,55,169,9,7,113,100
62,1,52,127,29,3,2162,31,1,73,31,0,88,110
43,1,45,126,38,31,2287,133,81,87,13,4,60,59
42,0,70,124,50,24,3027,199,6,297,33,2,100,57
33,1,55,199,31,28,1104,170,5,11,6,2,86,111
65,1,40,158,44,6,1059,48,115,125,11,0,110,99
72,1,66,134,46,21,3334,19,81,33,40,3,77,64
38,1,47,142,47,29,2566,32,96,201,47,5,57,54
52,1,46,143,30,34,1877,141,6,369,36,7,102,63
33,1,73,162,43,25,3246,178,36,82,19,2,40,63
18,0,58,145,34,27,1746,147,17,107,41,3,117,103
72,1,41,144,53,9,1939,45,118,81,13,4,54,65
69,1,58,154,40,31,1501,188,100,192,19,2,60,87
34,0,71,122,35,20,2603,39,54,264,19,0,103,125
43,0,50,188,42,25,2589,58,3,211,55,7,79,84
65,1,40,121,43,24,2051,193,86,212,18,5,81,57
27,1,72,165,35,36,1727,83,39,370,52,7,111,58
58,1,80,176,40,13,2112,169,30,67,2,1,98,52
42,1,49,133,52,41,1061,42,22,33,14,1,98,55
59,0,66,178,36,17,2983,72,101,43,19,4,54,51
36,1,68,188,29,14,2213,184,74,89,62,5,41,86
69,0,58,125,41,48,2662,115,79,253,58,0,106,64
36,0,60,145,38,25,1828,9,30,213,28,0,118,91
64,1,76,143,39,36,1943,190,6,164,46,5,67,92
20,1,66,195,30,22,3427,32,42,75,80,2,55,51
33,1,47,188,43,42,2730,76,56,311,19,2,100,125
33,1,79,189,25,3,1690,118,10,384,5,1,69,103
70,0,50,159,39,38,2188,139,35,399,44,0,115,115
60,1,69,177,39,24,3138,105,41,326,12,0,89,106
70,1,42,128,46,1,1406,71,72,255,13,6,99,67
55,1,56,131,41,39,2546,105,99,217,37,4,106,77
51,0,54,185,46,28,1283,174,15,186,48,3,55,63
39,0,53,194,47,49,2429,182,119,3,37,5,43,68
78,1,47,161,45,36,1852,64,11,148,57,6,88,102
64,1,72,120,53,30,1343,40,49,347,50,7,104,69
67,0,50,169,46,38,2533,80,37,317,11,6,105,65
58,1,54,138,43,3,3218,41,17,297,0,0,118,64
56,0,41,155,50,6,3084,53,67,2,33,7,78,83
54,0,42,165,40,7,1575,3,101,290,20,7,110,73
49,0,45,151,34,16,1172,38,3,133,60,7,77,101
70,0,76,136,33,23,3147,55,54,116,73,6,49,126
77,0,41,166,55,42,1583,147,42,341,69,7,109,73
77,1,51,157,40,45,2844,159,80,181,79,6,80,76
21,0,46,127,29,39,1163,12,108,274,70,4,101,98
40,1,71,142,30,27,1130,198,52,206,35,3,84,86
68,1,45,167,38,6,3140,81,118,4,9,2,61,57
18,1,72,187,30,33,1652,136,12,225,31,1,98,121
71,1,58,124,30,20,2082,120,66,209,48,1,66,120
53,1,42,179,44,13,1654,1,35,296,46,5,78,119
30,1,41,193,46,29,3388,59,85,316,20,0,90,92
47,1,51,129,34,3,1778,114,107,68,1,0,58,107
33,1,49,200,37,45,3250,52,86,306,57,4,79,70
58,0,49,177,36,40,1015,106,118,76,36,7,67,51
53,0,77,129,25,7,1950,151,110,90,30,3,54,76
52,0,63,165,32,46,1466,66,89,368,62,0,89,101
61,1,54,130,32,45,1626,115,104,293,69,5,47,111
54,0,73,187,41,17,3493,169,36,137,52,6,109,105
60,0,69,190,55,43,1329,114,92,172,27,1,76,99
39,0,49,171,31,11,2277,149,113,278,22,3,74,75
39,0,57,137,29,23,2919,78,8,162,31,3,50,96
65,1,49,184,45,19,1895,106,77,196,35,5,54,64
23,1,75,192,48,22,2137,151,25,241,41,2,54,86
29,0,57,143,25,18,2701,139,73,105,3,5,58,101
36,1,46,124,27,47,3331,0,77,6,55,7,70,83
31,0,49,147,54,38,3104,69,4,129,42,4,98,125
22,0,76,136,51,20,3453,39,70,134,16,7,83,75
34,1,79,138,40,34,1888,69,115,80,80,4,50,73
76,0,74,154,51,9,2472,199,61,201,74,5,47,94
22,0,78,174,30,27,2317,167,9,301,74,0,102,81
33,0,41,183,25,45,3092,154,59,98,53,2,78,90
24,0,49,171,25,16,1708,173,66,120,0,1,107,69
24,1,76,154,44,15,1741,195,106,39,29,3,45,50
68,1,68,148,49,50,1121,84,68,352,74,0,106,81
55,0,68,163,45,1,2281,50,106,339,36,3,80,89
67,0,57,141,39,10,1684,60,51,189,19,7,100,69
47,0,73,134,31,36,1269,39,55,174,49,0,89,51
22,0,42,167,44,22,1861,37,43,332,16,5,71,54
52,1,72,125,41,3,2532,38,27,264,21,4,113,52
73,1,56,157,55,17,3229,99,4,118,37,3,102,57
56,1,56,186,33,31,2094,163,69,150,36,0,112,87
35,0,50,174,43,31,2723,57,96,305,57,2,85,121
72,1,51,146,37,16,1287,161,48,353,50,1,87,121
67,1,77,141,55,13,2760,116,57,360,38,0,101,63
32,0,44,125,52,23,1301,150,40,73,58,0,78,110
75,1,73,172,26,18,2502,20,84,234,62,5,64,62
71,1,62,120,41,50,2105,193,47,134,46,5,110,78
69,1,51,132,26,44,1728,107,94,60,10,7,71,127
20,1,62,170,37,49,2929,181,9,133,16,3,81,109
67,0,40,177,40,11,2860,174,115,142,13,5,87,102
55,0,65,140,39,10,1889,14,100,214,7,0,63,128
33,0,48,120,38,35,1201,174,11,33,66,4,107,58
48,0,51,148,37,35,1751,34,14,101,22,7,99,127
69,1,79,186,33,4,2628,185,32,29,54,6,41,92
23,1,75,130,44,12,2462,18,65,251,28,7,64,111
33,0,42,128,31,16,2834,81,109,33,3,3,91,70
24,1,57,161,42,5,1301,57,56,293,4,7,43,97
31,0,42,170,27,26,2990,84,107,292,5,0,116,51
30,1,50,125,36,15,2002,66,54,17,3,5,72,94
62,1,69,163,50,4,2173,49,38,158,65,4,115,90
27,1,76,133,35,0,3260,22,93,183,74,6,115,101
48,0,50,152,54,38,1832,126,8,192,75,6,50,116
61,0,65,137,43,30,3222,8,89,323,75,1,92,64
47,1,67,141,48,20,2653,32,95,172,42,1,99,94
39,1,77,140,55,31,3082,148,101,84,53,4,93,123
61,1,47,164,26,17,2046,190,9,296,57,7,110,105
54,0,79,177,43,29,2637,157,59,364,67,0,72,50
56,1,53,147,46,27,3254,63,106,270,70,3,91,126
45,0,49,182,26,25,1713,168,56,234,29,4,54,66
19,1,45,159,29,8,2559,22,44,227,7,7,118,107
46,1,51,170,25,45,1371,160,87,197,68,1,46,70
31,1,45,177,51,32,1940,77,117,210,77,0,81,108
30,1,45,191,32,14,1876,159,31,270,43,5,115,92
77,0,48,124,44,28,1173,127,33,190,3,0,86,76
44,1,63,129,40,39,3168,75,104,27,72,3,104,58
41,1,50,200,29,47,2479,109,101,215,63,7,62,85
38,1,48,124,54,29,2708,22,100,256,36,3,107,73
28,0,64,182,36,19,1365,27,40,268,9,4,72,98
48,1,69,165,47,50,2064,178,42,359,9,4,43,110
55,1,47,170,40,1,2297,174,50,369,74,1,48,84
19,1,78,157,38,43,2959,162,62,54,77,0,71,103
57,0,71,149,35,42,1323,77,75,249,22,6,95,121
58,0,66,179,52,12,2603,5,41,262,80,2,69,96
78,1,41,132,53,35,2854,15,79,187,27,6,81,68
29,1,60,174,52,5,3156,149,58,320,26,1,89,116
61,0,63,122,54,36,2931,89,51,170,17,6,45,102
53,0,80,186,35,10,2172,107,18,289,55,5,94,111
32,0,63,191,39,35,2495,112,35,15,69,1,45,73
80,1,53,152,34,9,1999,9,78,270,1,0,85,116
19,0,70,185,31,50,1934,192,10,99,16,3,117,111
36,1,66,127,26,32,1718,51,99,121,68,1,80,64
48,1,51,125,38,35,3255,43,115,6,35,7,79,73
28,1,75,199,42,46,2482,1,9,224,79,0,72,97
71,1,61,134,34,5,3127,123,49,250,20,3,71,130
80,0,74,180,50,46,3213,125,14,110,45,2,116,50
63,1,57,135,45,11,1742,107,36,13,57,7,72,56
48,0,67,150,33,39,1779,46,49,160,36,2,62,88
79,0,54,173,37,7,2287,42,57,124,38,2,112,117
25,1,59,157,34,2,1576,162,28,289,72,0,46,89
67,0,40,145,39,14,3008,187,107,362,64,2,69,80
54,1,52,179,49,12,2727,37,28,249,37,7,108,61
56,0,65,120,51,21,1997,3,13,78,46,1,62,130
19,1,43,158,52,29,1132,148,85,230,33,7,95,119
43,0,68,124,36,13,3298,18,76,341,60,6,119,122
68,0,55,143,31,24,2541,191,30,90,44,1,90,98
26,0,65,174,33,13,3155,34,108,125,51,1,90,125
55,1,56,156,30,36,2223,35,68,327,52,6,91,58
52,0,66,161,35,30,2206,112,49,221,12,4,57,129
46,0,56,131,44,31,2375,23,61,143,58,0,46,80
36,0,61,132,37,9,3072,94,40,224,23,1,109,124
44,1,55,199,29,32,3356,128,104,159,62,6,98,68
40,1,69,164,55,23,3220,19,69,287,18,2,40,109
30,0,78,163,38,3,1200,6,103,36,12,1,105,105
70,1,73,188,40,4,2133,116,9,340,16,2,69,57
30,0,40,196,50,26,1190,150,97,340,1,3,113,116
18,1,73,146,46,20,1858,39,108,225,75,1,49,121
37,1,67,144,32,47,2423,2,70,214,36,7,64,114
71,0,46,165,45,35,1803,193,86,180,54,3,95,124
72,1,76,123,36,49,2589,102,75,290,3,3,74,58
44,1,76,196,54,48,2058,66,67,340,49,7,56,105
71,1,54,151,47,28,1107,126,43,57,17,1,42,89
68,0,59,161,50,10,3275,25,71,75,7,7,84,91
65,1,58,162,40,6,1773,88,120,136,34,1,41,127
18,0,53,140,38,28,2797,57,16,304,10,3,110,94
40,1,57,182,31,8,1044,57,102,375,42,1,53,91
38,1,40,198,33,5,2190,71,61,89,36,6,61,81
32,0,60,183,47,6,1896,36,99,248,23,1,73,58
47,0,73,122,26,18,2453,53,28,75,23,0,64,127
30,0,55,170,39,1,1169,100,60,251,77,6,106,95
73,0,80,188,55,11,3047,34,33,284,26,6,72,64
29,1,71,166,48,46,1763,126,90,11,70,0,97,114
49,1,58,131,52,14,1365,44,6,115,55,4,63,87
54,0,52,180,47,19,2648,108,92,100,9,5,61,51
61,1,43,125,37,16,3030,196,118,152,71,7,104,111
69,0,63,131,35,27,1308,32,36,216,31,4,54,66
25,0,53,181,55,30,2276,45,74,124,12,0,45,109
33,0,57,155,36,23,3095,64,24,255,20,2,78,76
41,0,51,147,26,47,2199,122,71,106,14,5,101,72
66,1,78,146,38,18,2589,106,46,73,42,3,71,103
68,0,72,140,28,13,2352,62,44,19,79,3,103,89
44,1,80,158,35,19,1105,57,60,350,15,6,78,97
56,1,68,132,46,15,2625,99,91,220,8,2,108,121
20,0,43,197,38,43,2714,31,20,250,40,6,84,95
28,0,45,183,53,11,1772,73,56,161,29,0,67,111
52,1,80,126,35,50,1437,40,65,355,1,3,56,101
64,1,77,196,33,38,1523,87,44,94,17,7,84,114
39,1,53,129,40,41,2711,190,65,67,31,0,107,88
41,1,57,167,42,22,2482,103,90,237,21,7,62,75
68,0,73,162,30,7,3454,100,103,397,27,3,120,122
25,0,51,122,46,13,1315,20,62,158,3,7,54,74
44,0,55,195,29,47,1265,97,112,61,65,3,114,95
33,1,45,177,52,5,2068,27,3,241,18,0,40,124
76,0,74,134,38,32,2466,29,102,149,28,1,95,67
77,1,78,161,42,38,3079,180,11,399,71,5,86,114
30,1,44,138,38,37,1535,121,107,364,46,2,116,102
76,0,78,157,48,38,2846,69,89,5,33,4,105,100
24,0,77,159,46,27,3078,151,38,73,73,5,84,102
29,0,44,150,51,44,1676,152,86,233,3,7,48,96
80,1,70,199,37,29,3157,122,59,92,34,2,104,59
46,0,59,153,28,49,1327,80,79,280,52,7,59,105
52,0,63,196,52,46,2085,68,117,136,50,3,104,56
73,1,77,196,53,18,2579,74,12,261,68,3,70,102
32,1,44,157,35,49,2625,168,17,6,27,0,85,130
69,0,40,126,42,11,1560,133,77,255,65,1,67,107
52,1,66,180,47,2,1212,62,47,208,63,4,79,89
31,0,60,142,33,45,1277,111,73,33,59,7,112,69
70,1,64,183,53,4,1937,70,107,243,38,5,112,74
73,0,55,138,33,3,1570,102,38,158,67,6,50,53
58,0,48,192,54,21,2739,110,37,259,67,6,64,75
56,1,49,144,47,20,1701,47,120,33,43,5,72,102
41,1,56,144,25,41,3222,120,112,339,37,4,98,71
26,1,56,135,40,27,1166,175,79,202,38,7,108,91
40,0,77,167,34,2,2306,105,95,236,47,0,72,71
23,1,77,128,43,39,3184,18,84,382,30,3,70,72
38,0,43,153,32,16,1335,97,111,168,76,5,105,114
31,1,49,153,25,11,3434,49,69,379,41,5,110,95
75,0,45,199,40,2,3396,55,27,182,35,1,50,51
23,1,77,199,35,33,3172,120,62,385,18,5,102,107
54,1,66,138,40,34,1617,163,43,124,61,1,63,127
50,1,42,123,32,46,3095,1,35,241,59,4,76,123
69,0,78,191,38,20,2881,151,91,163,34,2,65,62
76,0,54,180,37,45,1869,1,46,302,41,2,76,114
37,0,79,146,27,45,3408,69,106,345,32,3,63,58
80,1,47,134,49,45,1959,33,85,288,6,3,45,60
45,1,41,185,31,11,1466,9,87,94,45,6,64,97
30,0,69,138,46,13,2391,135,63,92,58,6,99,56
57,0,74,172,45,1,3294,87,118,207,17,2,64,69
51,1,60,142,41,36,1168,168,16,19,75,7,73,125
62,1,47,176,48,9,2120,30,90,33,71,1,111,57
67,1,47,128,32,48,2170,78,19,270,13,7,70,120
65,1,63,160,38,3,2513,154,36,323,69,3,118,100
78,1,40,163,50,16,1733,66,70,178,78,4,119,128
34,1,41,145,40,42,3277,53,18,384,42,4,43,82
44,0,53,173,31,38,2039,114,118,145,65,1,102,84
60,1,76,166,53,13,1370,186,32,23,5,0,98,95
24,1,43,123,27,44,2281,153,116,82,35,6,49,89
37,0,57,174,44,35,3403,63,25,368,38,7,103,101
78,0,41,195,44,49,2903,71,44,29,49,3,54,68
63,0,63,138,49,21,2219,28,53,35,43,6,41,59
66,0,70,169,41,37,2254,126,23,48,56,6,93,120
39,0,51,164,34,4,1980,83,77,172,63,2,90,93
71,1,65,199,47,0,2064,125,18,67,39,7,64,58
49,1,65,137,41,26,2244,151,40,223,75,2,63,127
21,1,63,158,50,17,3317,27,33,62,47,2,81,79
42,1,61,159,38,10,1192,35,104,398,13,2,69,83
52,1,67,131,55,28,3409,64,43,0,65,1,68,55
19,0,69,126,42,0,3076,133,31,208,18,4,67,118
64,1,70,142,35,19,3417,107,16,193,24,5,48,71
73,1,67,169,55,21,3152,188,78,336,7,2,81,100
39,0,71,195,41,34,2424,89,23,68,16,7,49,53
42,0,54,129,54,35,1840,21,38,100,62,1,87,55
72,0,72,154,53,13,2060,127,43,116,80,6,94,54
55,1,59,121,27,46,1316,71,49,230,21,3,75,112
78,1,77,127,37,6,1253,137,101,276,66,1,71,79
66,0,62,192,39,1,1691,74,52,29,68,0,57,89
55,0,73,139,37,29,1129,158,27,228,77,6,105,57
48,1,43,129,30,6,1633,89,42,270,19,5,92,92
22,0,65,150,49,1,2902,103,104,72,48,6,106,57
39,1,68,159,50,17,3373,151,40,130,80,3,103,69
73,1,57,121,38,4,1518,54,34,176,32,7,48,120
18,0,72,131,52,7,2376,146,35,286,60,4,100,125
60,0,65,140,25,46,3272,114,76,281,6,7,61,65
73,0,76,147,50,7,1211,63,72,186,77,6,114,60
77,0,51,158,40,23,1542,181,114,78,41,0,58,126
62,0,79,154,48,23,2538,112,17,163,2,0,84,128
69,0,54,161,33,8,1216,132,24,347,49,4,86,111
43,1,62,159,47,25,1652,182,39,347,74,0,57,63
36,0,60,146,49,14,3303,35,104,192,12,7,97,102
77,0,46,170,41,0,1331,37,61,357,57,4,45,93
69,0,60,145,32,34,1737,44,119,268,0,3,78,85
52,1,67,191,26,26,3476,83,89,396,5,0,72,124
33,0,68,168,32,14,2302,183,14,36,67,5,66,127
26,0,80,197,35,49,1400,4,75,334,4,0,56,93
56,1,41,146,26,46,2172,143,78,236,79,7,43,68
74,1,61,138,37,34,1715,115,120,217,38,7,99,92
65,1,79,165,37,5,1379,184,104,272,24,0,110,108
50,0,68,185,41,3,3420,28,109,95,30,5,97,76
62,1,71,171,25,37,2967,97,87,47,73,4,113,95
36,0,47,154,27,24,1395,60,35,33,35,4,109,59
44,0,68,197,55,3,1702,179,58,2,4,0,74,72
64,1,63,166,38,20,1986,150,83,81,1,2,110,128
78,1,73,144,44,0,1314,196,40,120,6,0,50,59
60,0,66,149,31,25,2560,187,50,45,69,1,73,130
51,1,43,189,54,32,3346,58,74,117,59,7,117,80
22,1,78,125,35,38,3164,105,34,266,38,4,44,105
64,1,50,170,54,24,2675,27,80,177,3,7,46,62
52,0,61,170,29,12,3310,31,10,73,15,2,91,106
22,1,52,179,36,20,1313,194,34,385,69,3,82,68
27,0,52,183,31,47,1263,116,54,105,58,0,108,107
50,0,64,124,50,37,1641,175,25,78,9,4,86,121
54,0,69,199,48,29,3249,77,94,166,34,5,42,86
25,1,69,128,41,36,2057,196,89,9,0,3,101,95
69,0,62,147,40,49,1980,31,48,36,55,7,60,103
47,0,74,186,35,21,3405,162,60,223,57,6,98,56
20,0,43,178,46,13,2091,43,5,389,55,5,66,85
64,0,40,169,45,10,2577,29,117,226,73,4,110,66
63,1,59,177,50,42,3288,11,72,389,53,5,76,64
55,1,54,152,47,43,2155,111,55,49,73,0,49,113
75,0,52,130,43,41,1574,81,85,365,7,5,44,80
20,1,59,153,50,50,1816,105,93,252,19,5,67,50
30,1,69,163,32,6,2656,30,35,23,64,5,104,100
31,0,65,125,28,12,2100,109,52,294,34,4,63,128
36,1,67,178,35,6,3267,173,119,123,36,4,89,67
33,0,49,194,40,47,1761,157,101,217,3,6,113,56
30,0,75,122,33,28,3135,147,102,350,29,6,54,71
44,0,71,143,36,47,3349,180,101,334,19,1,47,68
48,1,61,155,26,18,1571,198,59,220,6,7,76,76
67,0,61,125,45,0,3147,38,91,11,20,6,112,104
45,1,52,162,45,2,2119,0,15,312,44,0,62,60
41,0,74,175,55,47,2930,170,74,293,71,4,79,123
18,0,49,162,26,1,1272,128,1,46,46,3,105,78
28,0,68,147,46,22,2005,101,15,85,38,4,74,124
70,0,55,181,37,11,2732,135,92,217,75,4,97,74
74,1,58,122,53,7,3469,134,67,307,17,0,117,100
64,1,70,166,48,42,2595,12,33,97,73,1,90,83
39,1,53,149,53,50,3169,17,42,354,60,4,104,116
28,0,79,199,52,0,3159,169,78,308,42,0,59,116
74,1,44,195,48,16,2162,21,0,219,63,0,46,108
72,0,49,167,38,28,2948,154,35,258,6,6,61,122
63,1,69,172,55,15,1473,199,34,126,42,5,113,59
22,1,59,175,53,21,1625,16,87,137,28,7,80,65
61,1,64,188,31,18,2389,156,31,254,33,0,96,58
46,1,69,151,25,25,2479,58,68,242,41,4,82,103
72,0,64,186,25,40,1046,96,105,379,2,2,90,62
28,0,50,192,48,29,2909,175,66,242,67,2,114,114
59,0,43,165,34,17,1613,55,87,391,49,5,79,130
26,1,44,155,42,8,1286,40,117,216,21,3,83,121
20,1,41,142,27,35,3309,192,60,369,10,6,76,78
22,1,61,186,37,32,2003,144,92,336,46,1,44,57
24,0,50,123,37,41,3364,73,19,81,1,5,98,96
22,0,68,130,26,11,1542,27,1,149,20,0,42,66
71,1,54,142,48,35,2350,125,119,341,41,4,107,110
45,1,67,126,54,34,1308,125,64,309,2,2,45,89
44,1,73,195,37,11,2485,77,118,374,23,4,114,126
70,1,79,126,34,14,2174,198,75,292,34,3,112,61
56,0,53,130,36,32,3282,143,66,183,32,1,74,52
66,0,73,170,45,32,1621,115,99,137,44,0,81,66
56,1,78,132,30,42,1297,179,86,354,4,5,87,104
19,1,73,120,26,28,2700,18,100,106,47,0,48,116
30,1,61,138,35,1,1473,197,87,113,5,2,47,58
34,0,67,163,38,18,1018,3,26,271,63,2,56,59
18,1,72,199,32,12,3373,49,72,66,62,1,66,74
27,1,55,140,38,31,3064,180,4,45,21,0,107,91
31,1,80,140,34,24,2051,178,38,287,0,4,110,84
72,1,47,145,32,20,2752,125,68,334,32,3,86,116
20,1,48,133,25,31,2071,102,96,18,15,3,104,102
73,0,67,187,41,37,3138,132,57,205,57,5,93,103
25,1,75,155,30,1,2349,24,53,384,24,5,47,62
25,0,79,176,41,23,1924,29,15,396,47,0,97,123
72,0,40,145,33,8,1000,70,74,291,48,5,57,74
24,1,64,170,49,13,1895,25,3,74,79,0,54,119
30,1,48,148,38,1,1085,2,97,30,1,6,101,76
29,0,78,139,25,30,2103,38,71,185,68,0,77,65
35,0,76,152,37,45,1612,156,60,360,37,1,73,100
61,0,80,130,26,0,2457,194,20,346,64,1,99,124
64,0,76,120,44,7,1331,155,85,350,67,1,44,56
33,1,76,125,26,4,1671,167,56,155,8,3,75,73
78,0,55,153,39,36,1835,133,11,316,71,0,115,122
38,0,70,132,42,23,1693,5,72,39,5,0,106,126
26,0,68,200,46,20,2151,49,99,223,7,1,111,85
77,0,77,194,25,44,1345,35,33,357,52,6,99,60
34,1,53,160,40,39,2869,116,1,359,47,5,55,111
59,1,80,188,44,42,1378,188,8,39,73,4,105,112
35,0,51,150,35,23,3019,141,70,381,21,7,41,123
29,0,70,177,33,22,1180,128,10,234,26,2,94,86
22,1,55,132,45,35,3434,130,81,159,80,3,66,81
79,1,51,127,31,33,2559,98,27,68,71,2,94,79
51,1,63,153,47,23,1217,43,96,84,14,0,72,78
76,1,56,198,48,27,3156,128,72,90,54,7,84,69
55,0,52,159,32,19,1860,200,12,222,27,7,51,91
78,0,69,145,49,43,3429,181,16,122,76,5,119,118
24,0,70,162,37,40,2678,41,32,12,27,2,105,113
26,0,68,175,27,5,2420,111,81,196,51,1,113,121
77,0,74,181,45,10,3031,81,115,80,71,6,120,66
78,1,58,126,53,40,3410,11,65,28,7,7,67,57
62,0,56,191,30,1,3421,92,17,289,0,4,47,71
30,1,57,129,42,28,1481,156,114,46,63,6,77,89
41,1,41,148,28,40,1399,148,101,64,4,0,41,64
32,0,65,168,37,15,1859,56,87,100,34,4,46,89
69,0,69,192,41,37,1852,196,115,357,76,3,95,91
79,0,65,192,50,4,3287,184,50,275,39,1,44,66
65,0,51,187,28,16,3131,189,84,120,10,4,114,104
79,0,51,132,50,25,2350,47,42,172,37,7,57,92
21,0,46,173,26,22,1985,2,55,244,46,7,70,111
60,1,67,179,43,12,2709,159,43,122,67,0,79,66
43,1,49,133,38,28,2542,186,22,226,11,5,65,90
21,1,55,187,47,11,2087,54,4,130,31,5,103,57
27,1,78,132,35,11,2230,65,87,153,51,0,82,93
53,0,73,165,33,16,1116,104,103,140,79,2,101,68
40,0,53,133,40,35,2525,95,45,203,43,0,90,119
68,1,57,155,35,37,1163,29,30,272,9,0,108,92
52,1,51,195,29,33,1700,64,112,144,3,5,102,122
42,1,40,157,28,42,2385,181,45,267,74,5,44,118
55,1,55,163,26,46,1991,13,0,377,45,6,78,96
33,0,48,165,46,18,1183,199,50,83,36,1,102,101
44,1,51,189,26,8,1023,55,85,184,67,1,69,115
39,1,71,140,45,31,3216,83,20,107,12,4,79,62
60,0,76,154,52,11,2359,42,75,308,65,1,91,112
24,0,53,125,44,25,1798,61,101,176,48,6,109,122
20,0,72,163,41,33,2903,187,95,180,46,0,99,53
56,1,63,173,46,9,2101,76,2,38,4,6,42,120
27,1,48,136,45,16,3433,128,108,336,15,4,76,98
46,1,74,196,55,28,2633,33,37,39,22,2,99,117
58,0,73,120,32,49,2657,2,99,346,29,2,91,118
52,0,43,173,42,16,3337,13,78,90,44,4,75,127
28,1,73,142,48,3,3378,115,38,320,35,5,56,74
49,1,71,196,41,28,1923,148,14,395,30,6,46,128
70,1,79,157,46,19,3197,8,82,350,29,0,71,121
53,0,62,184,45,33,2427,86,47,70,37,4,55,81
80,1,48,163,53,4,1410,180,120,359,30,5,52,111
44,0,44,165,44,41,2080,168,25,342,14,7,118,69
61,0,55,140,47,35,2161,145,65,237,53,4,70,73
31,0,56,188,53,18,1884,63,71,25,17,2,93,72
31,1,70,131,35,31,1371,72,7,78,73,3,119,67
37,0,46,175,44,45,2133,4,45,354,57,7,111,105
71,0,74,149,39,9,2095,90,9,14,18,5,67,78
58,1,66,142,26,31,1169,84,5,384,29,6,52,74
51,1,73,179,27,39,2985,120,109,392,65,5,57,111
37,0,59,184,34,12,1083,34,38,323,16,5,113,100
18,1,54,149,55,17,1403,21,106,82,77,2,107,87
