Category,Description,Carbohydrate,Cholesterol,Choline,Fiber,Kilocalories,Protein,Sugar Total,Water,Monosaturated Fat,Polysaturated Fat,Saturated Fat,Total Lipid
ABALONE,"ABALONE,MIXED SPECIES,RAW",6.01,85,65,0.0,105,17.1,0.0,74.56,0.107,0.104,0.149,0.76
ABIYUCH,"ABIYUCH,RAW",17.6,0,0,5.300000191,69,1.5,8.550000191,79.9,0.0,0.0,0.014,0.1
ACEROLA,"ACEROLA,(WEST INDIAN CHERRY),RAW",7.69,0,0,1.100000024,32,0.4,0.0,91.41,0.082,0.09,0.068,0.3
ACEROLA JUICE,"ACEROLA JUICE,RAW",4.8,0,0,0.300000012,23,0.4,4.5,94.3,0.082,0.09,0.068,0.3
ACORN FLOUR,"ACORN FLOUR,FULL FAT",54.65,0,0,0.0,501,7.49,0.0,6.0,19.11,5.813,3.923,30.17
ACORNS,"ACORNS,RAW",40.75,0,0,0.0,387,6.15,0.0,27.9,15.109,4.596,3.102,23.86
AGAVE,"AGAVE,RAW (SOUTHWEST)",16.23,0,0,6.599999905,68,0.52,2.579999924,81.83,0.0,0.0,0.0,0.15
AGUTUK,"AGUTUK,MEAT-CARIBOU (ALASKAN ICE CREAM) (ALASKA NATIVE)",0.9,89,0,0.0,258,21.7,0.0,55.2,8.7,3.6,5.1,18.6
ALCOHOLIC BEV,"ALCOHOLIC BEV,BEER,REG,ALL",3.55,0,10,0.0,43,0.46,0.0,91.96,0.0,0.0,0.0,0.0
ALFALFA SEEDS,"ALFALFA SEEDS,SPROUTED,RAW",2.1,0,14,1.899999976,23,3.99,0.180000007,92.82,0.056,0.409,0.069,0.69
ALLSPICE,"ALLSPICE,GROUND",72.12,0,0,21.60000038,263,6.09,0.0,8.46,0.66,2.36,2.55,8.69
ALMOND BUTTER,"ALMOND BUTTER,PLN,WO/SALT",21.22,0,0,3.700000048,633,15.08,0.0,1.0,38.374,12.402,5.602,59.1
ALMONDS,"ALMONDS,BLANCHED",19.94,0,52,10.39999962,581,21.94,4.960000038,4.47,32.287,12.054,3.89,50.62
AMARANTH,"AMARANTH,UNCKD",65.25,0,70,6.699999809,371,13.56,1.690000057,11.29,1.685,2.778,1.459,7.02
AMARANTH GRAIN,"AMARANTH GRAIN,CKD",18.69,0,0,2.099999905,102,3.8,0.0,75.16,0.0,0.0,0.0,1.58
AMARANTH LEAVES,"AMARANTH LEAVES,CKD,BLD,DRND,WO/SALT",4.11,0,0,0.0,21,2.11,0.0,91.49,0.041,0.08,0.05,0.18
ANCHOVY,"ANCHOVY,EUROPEAN,RAW",0.0,60,0,0.0,131,20.35,0.0,73.37,1.182,1.637,1.282,4.84
ANIMAL FAT,"ANIMAL FAT,BACON GREASE",0.0,95,42,0.0,896,0.0,0.0,0.0,44.874,11.144,39.004,99.5
APPLE CIDER-FLAVORED DRK,"APPLE CIDER-FLAVORED DRK,PDR,LO CAL,W/ VIT C,PREP",0.3,0,0,0.0,1,0.0,0.0,99.7,0.0,0.0,0.0,0.0
APPLE JUC,"APPLE JUC,FRZ CONC,UNSWTND,DIL W/3 VOLUME H2O,W/ VIT C",11.54,0,0,0.100000001,47,0.14,0.0,87.9,0.002,0.031,0.018,0.1
APPLES,"APPLES,DRIED,SULFURED,STWD,W/ SUGAR",20.73,0,0,1.899999976,83,0.2,0.0,78.76,0.003,0.02,0.011,0.07
APPLESAUCE,"APPLESAUCE,CND,UNSWTND,WO/ADDED VIT C (INCLUDES USDA COMMOD)",11.27,0,2,1.100000024,42,0.17,9.390000343,88.22,0.002,0.014,0.008,0.1
APRICOT NECTAR,"APRICOT NECTAR,CND,W/ VIT C",14.39,0,0,0.600000024,56,0.37,0.0,84.87,0.038,0.017,0.006,0.09
APRICOTS,"APRICOTS,CND,H2O PK,WO/SKN,SOL&LIQUIDS",5.48,0,0,1.100000024,22,0.69,0.0,93.43,0.013,0.006,0.002,0.03
ARCHWAY HOME STYLE COOKIES,"ARCHWAY HOME STYLE COOKIES,FAT FREE DEVIL'S FD COOKIE",79.27,0,0,2.799999952,338,4.82,41.20000076,12.99,0.29,0.28,0.32,0.9
ARCHWAY Home Style Cookies,"ARCHWAY Home Style Cookies, Fat Free Oatmeal Raisin",79.56,44,0,2.099999905,348,4.12,47.06999969,12.1,0.58,0.61,0.32,1.51
ARROWHEAD,"ARROWHEAD,RAW",20.23,0,0,0.0,99,5.33,0.0,72.48,0.0,0.0,0.0,0.29
ARROWROOT,"ARROWROOT,RAW",13.39,0,0,1.299999952,65,4.24,0.0,80.75,0.004,0.092,0.039,0.2
ARTICHOKES,"ARTICHOKES,(GLOBE OR FRENCH),RAW",10.51,0,34,5.400000095,47,3.27,0.99000001,84.94,0.005,0.064,0.036,0.15
ARTIFICIAL BLUEBERRY MUFFIN MIX,"ARTIFICIAL BLUEBERRY MUFFIN MIX,DRY",77.45,0,0,0.0,407,4.7,0.0,6.4,3.742,1.679,1.865,8.7
ARUGULA,"ARUGULA,RAW",3.65,0,15,1.600000024,25,2.58,2.049999952,91.71,0.049,0.319,0.086,0.66
ASPARAGUS,"ASPARAGUS,RAW",3.88,0,16,2.099999905,20,2.2,1.879999995,93.22,0.0,0.05,0.04,0.12
AVOCADOS,"AVOCADOS,RAW,FLORIDA",7.82,0,0,5.599999905,120,2.23,2.420000076,78.81,5.513,1.676,1.96,10.06
BABYFOOD,"BABYFOOD,DINNER,VEG&DUMPLINGS&BF,STR",7.7,0,0,0.0,48,2.0,0.0,88.9,0.0,0.0,0.0,0.9
BACON,"BACON,MEATLESS",6.32,0,45,2.599999905,310,10.68,0.0,48.98,7.095,15.441,4.622,29.52
BACON BITS,"BACON BITS,MEATLESS",28.6,0,135,10.19999981,476,32.0,0.0,8.0,6.225,13.548,4.055,25.9
BAGEL,"BAGEL,PLN,TSTD, ENR W/CA PROP(INCLUDE ONION,POPPY,SESAME)",50.5,0,15,2.200000048,257,10.02,5.050000191,36.28,0.521,0.64,0.393,1.62
BAGELS,"BAGELS,OAT BRAN",53.3,0,15,3.599999905,255,10.7,1.629999995,32.9,0.249,0.486,0.191,1.2
BAKED BNS,"BAKED BNS,CND,NO SALT",20.49,0,31,5.5,105,4.8,7.78000021,72.6,0.035,0.172,0.103,0.4
BAKING CHOC,"BAKING CHOC,MEXICAN,SQUARES",77.41,0,46,4.0,426,3.64,69.40000153,1.59,5.044,1.162,8.606,15.59
BALSAM-PEAR (BITTER GOURD),"BALSAM-PEAR (BITTER GOURD),LEAFY TIPS,RAW",3.29,0,0,0.0,30,5.3,0.0,89.25,0.0,0.0,0.0,0.69
BAMBOO SHOOTS,"BAMBOO SHOOTS,CKD,BLD,DRND,WO/SALT",1.92,0,0,1.0,12,1.53,0.0,95.92,0.005,0.098,0.051,0.22
BANANAS,"BANANAS,RAW",22.84,0,10,2.599999905,89,1.09,12.22999954,74.91,0.032,0.073,0.112,0.33
BANQUET CHICK POT PIE,"BANQUET CHICK POT PIE,FRZ ENTREE'",18.02,15,0,1.700000048,192,5.59,2.809999943,63.9,4.63,1.89,4.19,10.84
BANQUET GRY & SALURY STK W/ MSHD POT & CORN IN SEASONSAU,"BANQUET GRY & SALURY STK W/ MSHD POT & CORN IN SEASONSAU,FRZ",9.88,11,0,1.5,126,5.64,0.939999998,75.87,2.59,0.7,3.49,7.09
BANQUET HEARTY ONE STK DIN,"BANQUET HEARTY ONE STK DIN,GRY,MSHD POT, CORN SEASON SAU,FRZ",9.92,14,0,2.099999905,138,5.13,1.289999962,74.54,3.6,1.38,3.21,8.66
BANQUET ORIG FRIED CHK THIGH,"BANQUET ORIG FRIED CHK THIGH,W/MASH POT & CORN IN SEASON SAU",13.35,30,0,1.799999952,170,9.59,0.330000013,66.89,3.54,2.33,1.92,8.67
BANQUET SLCED BF W/GRY,"BANQUET SLCED BF W/GRY, MASH POT, PEAS SEASON SAUC, FROZEN",6.46,19,0,1.600000024,88,8.8,1.429999948,80.48,1.23,0.28,1.23,2.96
BANQUET TKY & GRY W/DRESS,"BANQUET TKY & GRY W/DRESS ,MSHD POT & PEA IN SEASON SAU,FRZ",10.87,14,0,3.099999905,99,5.93,1.899999976,78.19,1.48,1.0,0.85,3.49
BARBECUE LOAF,"BARBECUE LOAF,PORK,BEEF",6.4,37,0,0.0,173,15.84,0.0,64.82,4.14,0.81,3.17,8.9
BARLEY,"BARLEY,PEARLED,COOKED",28.22,0,13,3.799999952,123,2.26,0.280000001,68.8,0.057,0.214,0.093,0.44
BASIL,"BASIL,FRESH",2.65,0,11,1.600000024,23,3.15,0.300000012,92.06,0.088,0.389,0.041,0.64
BASS,"BASS,STRIPED,RAW",0.0,80,0,0.0,97,17.73,0.0,79.22,0.66,0.784,0.507,2.33
BEANS,"BEANS,ADZUKI,MATURE SEEDS,CND,SWTND",55.01,0,0,0.0,237,3.8,0.0,40.58,0.0,0.0,0.011,0.03
BEAR,"BEAR,BLACK,MEAT (ALASKA NATIVE)",0.0,0,0,0.0,155,20.1,0.0,71.2,0.0,0.0,0.0,8.3
BEECHNUTS,"BEECHNUTS,DRIED",33.5,0,0,0.0,576,6.2,0.0,6.6,21.892,20.089,5.719,50.0
BEEF,"BEEF,GROUND BF CALCULATOR - USER SELECTS LEAN/FAT PERCENTAGE",0.0,0,0,0.0,0,0.0,0.0,0.0,0.0,0.0,0.0,0.0
BEEF BROTH&TOMATO JUC,"BEEF BROTH&TOMATO JUC,CND",8.5,0,0,0.100000001,37,0.6,0.0,89.9,0.029,0.022,0.032,0.1
BEEF JERKY,"BEEF JERKY,CHOPD&FORMED",11.0,48,109,1.799999952,410,33.2,9.0,23.36,11.305,1.011,10.85,25.6
BEEF POT PIE,"BEEF POT PIE,FRZ ENTREE,PREP",22.05,21,20,0.800000012,220,7.25,0.0,58.05,5.312,1.462,4.149,11.39
BEEF SAUSAGE,"BEEF SAUSAGE,FRSH,CKD",0.35,82,51,0.0,332,18.21,0.0,51.12,12.639,0.663,10.905,27.98
BEEF STEW,"BEEF STEW,CANNED ENTREE",6.77,16,16,1.5,95,4.94,0.959999979,81.51,2.38,0.22,2.22,5.38
BEERWURST,"BEERWURST,BEER SALAMI,PORK",2.06,59,0,0.0,238,14.24,0.0,61.46,8.98,2.36,6.28,18.8
BEET GREENS,"BEET GREENS,RAW",4.33,0,0,3.700000048,22,2.2,0.5,91.02,0.026,0.046,0.02,0.13
BEET GRNS,"BEET GRNS,CKD,BLD,DRND,WO/SALT",5.46,0,0,2.900000095,27,2.57,0.600000024,89.13,0.038,0.07,0.031,0.2
BEETS,"BEETS,HARVARD,CND,SOL&LIQUIDS",18.18,0,0,2.5,73,0.84,0.0,80.16,0.011,0.019,0.009,0.06
BETTY CROCKER,"BETTY CROCKER,HAMBURGER HELPER,CHEESEBURGER MACARONI,DRY MIX",64.3,9,0,0.0,395,11.0,0.0,7.3,0.0,0.0,2.82,10.4
BEVERAGE,"BEVERAGE,INST BRKFST PDR,CHOC,NOT RECON",66.2,12,148,0.400000006,357,19.9,65.80000305,7.4,0.314,0.278,0.56,1.4
BF,"BF,RND,KNUCKLE,TIP SIDE,STEAK,LN & FAT,0"" FAT,SE,CKD,GRILLED",0.0,78,102,0.0,160,29.24,0.0,66.28,1.385,0.255,1.267,3.91
BISCUIT,"BISCUIT, PLN OR BUTMLK, REFRI DOUGH, HIGHER FAT",43.27,1,0,0.699999988,322,6.66,7.400000095,33.15,8.226,0.854,3.519,13.63
BISCUITS,"BISCUITS,PLN OR BTTRMLK,REFR DOUGH,LOWER FAT",47.6,0,19,1.600000024,257,6.7,7.0,37.9,2.405,0.671,1.113,4.5
BISON,"BISON,GROUND,GRASS-FED,RAW",0.05,55,86,0.0,146,20.23,0.0,71.59,2.753,0.336,2.917,7.21
BLACKBERRIES,"BLACKBERRIES,WILD,RAW (ALASKA NATIVE)",9.84,0,0,3.200000048,52,0.84,3.650000095,88.05,0.0,0.0,0.0,1.07
BLACKBERRY JUC,"BLACKBERRY JUC,CND",7.8,0,7,0.100000001,38,0.3,7.699999809,90.9,0.058,0.344,0.018,0.6
BLUEBERRIES,"BLUEBERRIES,WILD,FRZ (ALASKA NATIVE)",10.4,0,0,0.0,44,0.7,0.0,88.7,0.0,0.0,0.0,0.0
BLUEFISH,"BLUEFISH,RAW",0.0,59,0,0.0,124,20.04,0.0,70.86,1.793,1.06,0.915,4.24
BOLOGNA,"BOLOGNA,BEEF,LOW FAT",5.2,44,53,0.0,204,11.8,0.0,65.0,6.455,0.51,5.464,14.8
BORAGE,"BORAGE,RAW",3.06,0,0,0.0,21,1.8,0.0,93.0,0.211,0.109,0.17,0.7
BOYSENBERRIES,"BOYSENBERRIES,CND,HVY SYRUP",22.31,0,0,2.599999905,88,0.99,0.0,76.26,0.012,0.068,0.004,0.12
BRATWURST,"BRATWURST,CHICK,CKD",0.0,71,0,0.0,176,19.44,0.0,70.28,0.0,0.0,0.0,10.35
BRAUNSCHWEIGER (A LIVER SAUSAGE),"BRAUNSCHWEIGER (A LIVER SAUSAGE),PORK",3.1,180,256,0.0,327,14.5,0.0,50.6,12.731,3.193,9.307,28.5
BRAZILNUTS,"BRAZILNUTS,DRIED,UNBLANCHED",12.27,0,29,7.5,656,14.32,2.329999924,3.48,24.548,20.577,15.137,66.43
BREAD,"BREAD,PITA,WHITE,UNENR",55.7,0,0,2.200000048,275,9.1,0.0,32.1,0.105,0.535,0.166,1.2
BREAD CRUMBS,"BREAD CRUMBS,DRY,GRATED,PLN",71.98,0,15,4.5,395,13.35,6.199999809,6.51,1.023,2.06,1.203,5.3
BREAD STICKS,"BREAD STICKS,PLAIN",68.4,0,15,3.0,412,12.0,1.25999999,6.1,3.568,3.628,1.41,9.5
BREAD STUFFING,"BREAD STUFFING,BREAD,DRY MIX",76.2,1,15,3.200000048,386,11.0,8.270000458,4.2,1.493,0.713,0.845,3.4
BREADFRUIT,"BREADFRUIT,RAW",27.12,0,10,4.900000095,103,1.07,11.0,70.65,0.034,0.066,0.048,0.23
BREADFRUIT SEEDS,"BREADFRUIT SEEDS,BOILED",32.0,0,0,4.800000191,168,5.3,0.0,59.3,0.293,1.225,0.621,2.3
BREADNUTTREE SEEDS,"BREADNUTTREE SEEDS,RAW",46.28,0,0,0.0,217,5.97,0.0,45.0,0.126,0.527,0.267,0.99
BREAKFAST BAR,"BREAKFAST BAR,CORN FLAKE CRUST W/FRUIT",72.9,0,34,2.099999905,377,4.4,35.09999847,14.5,5.0,0.9,1.5,7.5
BREAKFAST BARS,"BREAKFAST BARS,OATS,SUGAR,RAISINS,COCNT (INCL GRANOLA BAR)",66.7,0,28,3.099999905,464,9.8,27.52000046,4.1,1.933,1.634,12.69,17.6
BREAKFAST BURRITO,"BREAKFAST BURRITO,HAM&CHS FLAVOR,FRZ ENTREE",28.1,194,0,1.399999976,214,9.7,0.0,53.8,2.1,1.82,2.01,7.0
BREAKFAST ITEMS,"BREAKFAST ITEMS,BISCUIT W/EGG&SAUSAGE",21.05,161,98,0.200000003,312,11.13,0.949999988,44.48,9.985,2.967,6.449,20.77
BREAKFAST TART,"BREAKFAST TART,LOFAT",76.8,0,8,1.5,372,3.99,4.869999886,12.04,3.338,0.878,1.393,5.99
BREAKFAST TYPE DRK,"BREAKFAST TYPE DRK,ORANGE FLAVOR,RED SUGAR",0.9,0,0,0.0,4,0.04,0.029999999,98.87,0.0,0.0,0.0,0.0
BROADBEANS,"BROADBEANS,IMMAT SEEDS,RAW",11.7,0,0,4.199999809,72,5.6,0.0,81.0,0.017,0.31,0.138,0.6
BROADBEANS (FAVA BEANS),"BROADBEANS (FAVA BEANS),MATURE SEEDS,RAW",58.29,0,96,25.0,341,26.12,5.699999809,10.98,0.303,0.627,0.254,1.53
BROADBEANS (FAVA BNS),"BROADBEANS (FAVA BNS),MATURE SEEDS,CND",12.41,0,0,3.700000048,71,5.47,0.0,80.32,0.044,0.09,0.037,0.22
BROCCOLI,"BROCCOLI,FRZ,SPEARS,CKD,BLD,DRND,W/SALT",5.35,0,0,3.0,28,3.1,1.440000057,90.72,0.008,0.055,0.018,0.11
BROCCOLI RAAB,"BROCCOLI RAAB,RAW",2.85,0,18,2.700000048,22,3.17,0.379999995,92.55,0.026,0.13,0.05,0.49
BROTWURST,"BROTWURST,PORK,BF,LINK",2.93,63,0,0.0,323,14.3,2.980000019,51.3,13.34,2.83,9.93,27.8
BRUSSELS SPROUTS,"BRUSSELS SPROUTS,RAW",8.95,0,19,3.799999952,43,3.38,2.200000048,86.0,0.023,0.153,0.062,0.3
BUCKWHEAT FLR,"BUCKWHEAT FLR,WHOLE-GROAT",70.59,0,54,10.0,335,12.62,2.599999905,11.15,0.949,0.949,0.677,3.1
BUCKWHEAT GROATS,"BUCKWHEAT GROATS,RSTD,CKD",19.94,0,20,2.700000048,92,3.38,0.899999976,75.63,0.188,0.188,0.134,0.62
BUFFALO,"BUFFALO,FREE RANGE,TOP RND STEAK,CKD (SHOSHONE BANNOCK)",0.0,82,0,0.0,146,32.51,0.0,64.28,0.614,0.171,0.595,1.8
BULGUR,"BULGUR,COOKED",18.58,0,7,4.5,83,3.08,0.100000001,77.76,0.031,0.098,0.042,0.24
BURBOT,"BURBOT,RAW",0.0,60,0,0.0,90,19.31,0.0,79.26,0.133,0.297,0.163,0.81
BURDOCK ROOT,"BURDOCK ROOT,CKD,BLD,DRND,W/SALT",21.15,0,0,1.799999952,88,2.09,3.549999952,75.64,0.0,0.0,0.0,0.14
BURGER KING,"BURGER KING,CHICK WHOPPER SNDWCH",18.67,31,0,1.5,216,11.77,3.390000105,57.3,3.1,4.76,2.198,10.52
BURRITO,"BURRITO, BEAN AND CHEESE, FROZEN",32.4,0,22,10.19999981,211,6.92,1.409999967,53.05,2.262,1.443,1.573,5.94
BUTCHER BOY MEATS,"BUTCHER BOY MEATS,INC.,TURKEY FRANKS",4.66,104,0,0.200000003,239,13.45,2.49000001,59.06,5.542,5.046,5.86,18.17
BUTTER,"BUTTER,LT,STK,W/SALT",0.0,106,13,0.0,509,3.3,0.0,42.1,15.927,2.046,34.321,55.1
BUTTER OIL,"BUTTER OIL,ANHYDROUS",0.0,256,22,0.0,876,0.28,0.0,0.24,28.732,3.694,61.924,99.48
BUTTER REPLCMNT,"BUTTER REPLCMNT,WO/FAT,PDR",89.0,2,0,0.0,373,2.0,5.300000191,5.0,0.276,0.057,0.589,1.0
BUTTER-MARGARINE BLEND,"BUTTER-MARGARINE BLEND,STK,UNSALTED",0.6,88,15,0.0,718,0.9,0.0,15.8,31.832,18.236,26.904,80.7
BUTTERBUR,"BUTTERBUR,(FUKI),RAW",3.61,0,0,0.0,14,0.39,0.0,94.5,0.0,0.0,0.0,0.04
BUTTERFISH,"BUTTERFISH,CKD,DRY HEAT",0.0,83,0,0.0,187,22.15,0.0,66.83,0.0,0.0,0.0,10.28
BUTTERNUTS,"BUTTERNUTS,DRIED",12.05,0,0,4.699999809,612,24.9,0.0,3.34,10.425,42.741,1.306,56.98
Babyfood,"Babyfood, vegetables, squash, strained",5.73,0,8,0.899999976,28,0.81,3.369999886,92.66,0.02,0.04,0.02,0.2
Buffalo,"Buffalo, free range, top round steak, raw (Shoshone Bannock)",0.0,0,0,0.0,97,21.44,0.0,75.96,0.425,0.098,0.418,1.3
Burger king,"Burger king, double whopper no cheese",13.74,46,0,1.399999976,252,13.94,3.519999981,55.29,6.117,3.016,5.773,15.66
CABBAGE,"CABBAGE,NAPA,COOKED",2.23,0,0,0.0,12,1.1,0.0,96.33,0.0,0.0,0.0,0.17
CAKE,"CAKE,ANGELFOOD,DRY MIX,PREP",58.7,0,1,0.200000003,257,6.1,30.51000023,32.9,0.026,0.124,0.043,0.3
CAMPBEL,"CAMPBEL,CAMPBELL'S SEL GOLD LABEL SOUPS,CREAMY",10.2,10,0,1.600000024,82,2.04,6.119999886,82.6,0.0,0.0,2.449,3.67
CAMPBEL COMPANY,"CAMPBEL COMPANY,PREGO PASTA,ZESTY MUSHROOM ITALIAN SAU,RTS",13.85,0,0,2.299999952,85,1.54,9.229999542,80.2,0.0,0.0,0.769,2.69
CAMPBELL,"CAMPBELL, SEL SOUP,HARVEST TOMATO W/ BASIL SOUP",7.35,0,0,0.400000006,33,0.41,4.079999924,87.9,0.0,0.0,0.0,0.0
CAMPBELL COMPANY,"CAMPBELL COMPANY,FRANCO-AMERICAN FT FE SLW RST CHICK GRVY",6.78,8,0,0.0,34,1.69,0.0,91.2,0.0,0.0,0.0,0.0
CAMPBELL SOUP,"CAMPBELL SOUP,PREGO PASTA,ORGANIC MUSHROOM ITALIAN SAU,RTS",10.4,0,0,3.200000048,72,1.6,7.199999809,84.5,0.0,0.0,0.0,2.0
CAMPBELL SOUP CO,"CAMPBELL SOUP CO,PACE,DRY TACO SEAS MIX",56.29,0,0,18.79999924,188,0.0,18.76000023,5.7,0.0,0.0,0.0,0.0
CAMPBELL SOUP CO.,"CAMPBELL SOUP CO.,CAMPBELL'S BRN SUGAR&BACON FLAV BKD BNS",23.08,2,0,6.199999809,123,3.85,10.0,69.4,0.0,0.0,0.385,1.92
CAMPBELL SOUP COMP,"CAMPBELL SOUP COMP,CHNKY MICRO BOWL,GRLD CHIC W/VEG&PSTA,RTS",5.71,6,0,1.200000048,45,2.86,0.819999993,88.7,0.0,0.0,0.204,1.02
CAMPBELL SOUP COMPANY,"CAMPBELL SOUP COMPANY,CAMPBELL'S FAT FREE BF GRAVY",5.08,0,0,0.0,25,1.69,0.0,91.1,0.0,0.0,0.0,0.0
CAMPBELL SOUPS,"CAMPBELL SOUPS,HLTHY RQST MCRWVBL BWL,GRLL CHICK SSAGE GMB",8.16,6,0,1.200000048,53,3.27,1.629999995,86.8,0.408,0.204,0.408,1.02
CAMPBELL SUPPER BAKES MEAL KITS,"CAMPBELL SUPPER BAKES MEAL KITS,LEMON CHICK W/ HERB RICE",45.74,5,0,2.099999905,210,4.26,3.190000057,46.0,0.0,0.0,0.532,1.06
CAMPBELL'S CHNKY,"CAMPBELL'S CHNKY,HEALTHY REQUST MICROWAVBL ,CHICK NODLE SOUP",6.12,8,0,0.400000006,45,2.86,0.819999993,89.1,0.612,0.204,0.408,1.22
CAMPBELL'S CHNKY SOUPS,"CAMPBELL'S CHNKY SOUPS,TANTALIZIN' TRKY - TRKY CHILI BNS SP",11.02,6,0,3.299999952,78,6.12,3.670000076,80.6,0.0,0.0,0.408,1.02
CAMPBELL'S CHUNKY MICROWAVABLE BWLS,"CAMPBELL'S CHUNKY MICROWAVABLE BWLS,CHCK DMPLINGS SOUP",7.35,10,0,1.200000048,78,3.27,0.819999993,84.7,0.0,0.0,0.816,3.67
CAMPBELL'S CHUNKY SOUPS,"CAMPBELL'S CHUNKY SOUPS,HEALTHY REQUEST VEG SOUP",9.8,0,0,1.600000024,48,1.63,3.269999981,87.7,0.0,0.0,0.0,0.2
CAMPBELL'S RED & WHITE,"CAMPBELL'S RED & WHITE,VEGETARIAN VEG SOUP,COND",14.29,0,0,1.600000024,71,2.38,4.760000229,81.6,0.0,0.0,0.0,0.4
CAMPBELL'S RED & WHITE - MCRWVEABLE BOWLS,"CAMPBELL'S RED & WHITE - MCRWVEABLE BOWLS,CHICK NOODLE SOUP",4.08,6,0,0.400000006,30,1.63,0.0,92.4,0.0,0.0,0.204,0.82
CAMPBELL'S RED & WHITE - MICROWAVEABLE BOWLS,"CAMPBELL'S RED & WHITE - MICROWAVEABLE BOWLS,TOMATO SOUP",9.8,0,0,1.200000048,44,1.22,7.349999905,87.4,0.0,0.0,0.0,0.0
CAMPBELL'S RED&WHITE,"CAMPBELL'S RED&WHITE,98% FAT FREE CRM OF BROCCOLI SOUP,COND",8.06,4,0,1.600000024,56,1.61,0.810000002,86.6,0.0,0.0,0.403,1.61
CAMPBELL'S SEL GOLD LABEL SOUPS,"CAMPBELL'S SEL GOLD LABEL SOUPS,GOLDEN BUTTERNUT SQSH SOUP",7.35,2,0,1.200000048,37,0.82,3.269999981,89.8,0.0,0.0,0.408,0.61
CAMPBELL'S SEL MCRWVABLE BOWLS,"CAMPBELL'S SEL MCRWVABLE BOWLS,SVRY CHK & LONG GRN RICE SOUP",6.12,4,0,0.400000006,38,2.86,1.220000029,89.4,0.0,0.0,0.0,0.2
CAMPBELL'S SEL MCRWVABLE BWLS,"CAMPBELL'S SEL MCRWVABLE BWLS,ITAL SSGE PSTA & PEPRNI SOUP",6.12,6,0,0.800000012,53,2.86,2.039999962,87.5,0.0,0.0,1.02,2.45
CAMPBELL'S SEL MICROWAVEABLE BOWLS,"CAMPBELL'S SEL MICROWAVEABLE BOWLS,MINESTRONE SOUP",7.76,2,0,1.600000024,39,1.63,2.039999962,88.7,0.0,0.0,0.0,0.2
CAMPBELL'S SEL SOUP,"CAMPBELL'S SEL SOUP,SPLIT PEA W/ RSTD HAM SOUP",11.84,2,0,2.0,67,4.08,2.039999962,82.8,0.0,0.0,0.0,0.41
CAMPBELL'S SOUP AT HAND,"CAMPBELL'S SOUP AT HAND,CHICK & STARS SOUP",3.28,2,0,0.699999988,21,0.98,0.330000013,94.0,0.0,0.0,0.164,0.49
CANDIES,"CANDIES,TWIZZLERS STRAWBERRY TWISTS CANDY",79.74,0,0,0.0,350,2.56,39.63999939,0.0,0.0,0.0,0.0,2.32
CAPERS,"CAPERS,CANNED",4.89,0,6,3.200000048,23,2.36,0.409999996,83.85,0.063,0.304,0.233,0.86
CARAMBOLA,"CARAMBOLA,(STARFRUIT),RAW",6.73,0,8,2.799999952,31,1.04,3.980000019,91.38,0.03,0.184,0.019,0.33
CARB BEV,"CARB BEV,LO CAL,OTHR THN COLA OR PEPPER,W/ ASPRT,CONTNS CAFF",0.0,0,0,0.0,0,0.1,0.0,99.8,0.0,0.0,0.0,0.0
CARBONATED BEV,"CARBONATED BEV,CLUB SODA",0.0,0,0,0.0,0,0.0,0.0,99.9,0.0,0.0,0.0,0.0
CARDOON,"CARDOON,RAW",4.07,0,0,1.600000024,17,0.7,0.0,94.0,0.018,0.041,0.011,0.1
CARIBOU,"CARIBOU,BONE MARROW,RAW (ALASKA NATIVE)",0.0,0,0,0.0,786,6.7,0.0,7.4,0.0,0.0,0.0,84.4
CARISSA,"CARISSA,(NATAL-PLUM),RAW",13.63,0,0,0.0,62,0.5,0.0,84.17,0.0,0.0,0.0,1.3
CARL BUDDIG,"CARL BUDDIG,SMOKED SLICED CHICK,LT&DK MEAT",0.7,53,0,0.0,165,17.9,0.0,68.2,0.0,2.1,2.6,10.1
CARL BUDDIG. CKD SMOKED BF PASTRAMI,"CARL BUDDIG. CKD SMOKED BF PASTRAMI,CHOPD,PRESSED",1.0,65,0,0.0,141,19.6,0.0,69.8,0.0,0.3,3.0,6.5
CAROB-FLAVOR BEV MIX,"CAROB-FLAVOR BEV MIX,PDR",93.3,0,0,8.0,372,1.8,0.0,2.9,0.06,0.068,0.03,0.2
CARP,"CARP,RAW",0.0,66,65,0.0,127,17.83,0.0,76.31,2.328,1.431,1.083,5.6
CARROT,"CARROT,DEHYDRATED",79.57,0,72,23.60000038,341,8.1,38.81999969,4.0,0.076,0.73,0.256,1.49
CARROT JUICE,"CARROT JUICE,CANNED",9.28,0,10,0.800000012,40,0.95,3.910000086,88.87,0.007,0.071,0.027,0.15
CARROTS,"CARROTS,BABY,RAW",8.24,0,8,2.900000095,35,0.64,4.760000229,90.35,0.007,0.065,0.023,0.13
CASHEW BUTTER,"CASHEW BUTTER,PLN,WO/SALT",27.57,0,0,2.0,587,17.56,0.0,2.96,29.122,8.354,9.763,49.41
CASHEW NUTS,"CASHEW NUTS,OIL RSTD,WO/SALT",29.87,0,61,3.299999952,580,16.84,5.010000229,3.48,25.923,8.546,8.478,47.77
CASSAVA,"CASSAVA,RAW",38.06,0,24,1.799999952,160,1.36,1.700000048,59.68,0.075,0.048,0.074,0.28
CATFISH,"CATFISH,CHANNEL,WILD,RAW",0.0,58,0,0.0,95,16.38,0.0,80.36,0.844,0.865,0.722,2.82
CATSUP,"CATSUP,LOW SODIUM",25.15,0,12,0.300000012,97,1.74,22.77000046,69.15,0.047,0.126,0.043,0.31
CATTAIL,"CATTAIL,NARROW LEAF SHOOTS (NORTHERN PLAINS INDIANS)",5.14,0,24,4.5,25,1.18,0.219999999,92.65,0.0,0.0,0.0,0.0
CAULIFLOWER,"CAULIFLOWER,RAW",5.3,0,45,2.5,25,1.98,2.400000095,91.91,0.007,0.048,0.015,0.1
CAVIAR,"CAVIAR,BLACK&RED,GRANULAR",4.0,588,491,0.0,252,24.6,0.0,47.5,4.631,7.405,4.06,17.9
CELERIAC,"CELERIAC,CKD,BLD,DRND,WO/SALT",5.9,0,0,1.200000048,27,0.96,0.0,92.3,0.0,0.0,0.0,0.19
CELERY,"CELERY,CKD,BLD,DRND,WO/SALT",4.0,0,8,1.600000024,18,0.83,2.369999886,94.11,0.03,0.075,0.04,0.16
CELERY FLAKES,"CELERY FLAKES,DRIED",63.7,0,122,27.79999924,319,11.3,35.90000153,9.0,0.405,1.035,0.555,2.1
CELTUCE,"CELTUCE,RAW",3.65,0,0,1.700000048,18,0.85,0.0,94.5,0.0,0.0,0.0,0.3
CEREAL RTE,"CEREAL RTE,CRISPY BROWN RICE",86.0,0,33,7.300000191,388,7.1,9.100000381,3.0,1.011,1.473,0.688,3.5
CEREAL WAFER STRAWS,"CEREAL WAFER STRAWS,KELLOGG,APPL JACKS CRL STRAWS",78.4,10,0,0.0,439,5.7,40.0,2.0,3.2,2.4,5.8,11.4
CEREALS,"CEREALS,CRM OF WHEAT,MIX'N EAT,APPL,BANANA&MAPLE FLAV,DRY",81.6,0,0,2.5,373,6.9,0.0,8.0,0.0,0.0,0.0,1.1
CEREALS READY TO EAT,"CEREALS READY TO EAT,CHARACTER CEREALS (MOVIES,TV),BRAND B",90.0,0,4,0.0,388,3.33,46.66999817,2.5,1.667,0.0,0.0,1.67
CEREALS RTE,"CEREALS RTE,WAFFELOS",86.3,0,0,0.0,405,5.6,0.0,2.5,0.0,0.0,0.0,4.2
CERLS,"CERLS,QUKR,INST OATML,NUTR FOR WMN,APL SPCE,PREP W/ BOIL H2O",21.02,0,0,1.899999976,107,3.0,9.659999847,73.23,0.4,0.358,0.198,1.19
CHARD,"CHARD,SWISS,CKD,BLD,DRND,W/SALT",4.13,0,29,2.099999905,20,1.88,1.100000024,92.65,0.0,0.0,0.0,0.08
CHAYOTE,"CHAYOTE,FRUIT,RAW",4.51,0,9,1.700000048,19,0.82,1.659999967,94.24,0.01,0.057,0.028,0.13
CHEESE,"CHEESE,MOZZARELLA,NON-FAT",3.5,18,15,1.799999952,149,31.7,1.480000019,60.2,0.0,0.0,0.0,0.0
CHEESE FD,"CHEESE FD,PAST PROCESS,AMERICAN,WO/DI NA PO4",7.83,80,36,0.0,330,18.4,7.429999828,43.21,7.214,1.108,14.895,25.18
CHEESE FOOD,"CHEESE FOOD,IMITATION",8.8,6,0,0.0,137,22.4,8.210000038,63.8,0.38,0.048,0.81,1.3
CHEESE PRODUCT,"CHEESE PRODUCT,PAST PROCESS,CHEDDAR OR AMERICAN,RED FAT",10.6,53,36,0.0,240,17.6,8.020000458,51.8,4.13,0.41,8.85,14.1
CHEESE PUFFS&TWISTS,"CHEESE PUFFS&TWISTS,CORN BSD,LOFAT",72.35,1,14,10.69999981,432,8.5,7.289999962,3.0,3.5,5.74,2.1,12.1
CHEESE SAU,"CHEESE SAU,PREP FROM RECIPE",5.48,38,0,0.100000001,197,10.33,0.0,66.86,4.735,1.397,8.034,14.92
CHEESE SPRD,"CHEESE SPRD,PAST PROCESS,AMERICAN,W/DI NA PO4",8.73,55,0,0.0,290,16.41,0.0,47.65,6.219,0.624,13.327,21.23
CHEESE SUB,"CHEESE SUB,MOZZARELLA",23.67,0,14,0.0,248,11.47,23.67000008,47.36,6.243,1.738,3.711,12.22
CHEESECAKE PREP FROM MIX,"CHEESECAKE PREP FROM MIX,NO-BAKE TYPE",35.5,29,0,1.899999976,274,5.5,0.0,44.2,4.519,0.808,6.691,12.7
CHEESEFURTER,"CHEESEFURTER,CHS SMOKIE,PORK,BF",1.51,68,63,0.0,328,14.1,1.50999999,52.5,13.64,3.02,10.47,29.0
CHEF BOYARDEE BEEFARONI,"CHEF BOYARDEE BEEFARONI,MACARONI W/BEEF IN TOMATO SAU,CND",13.58,3,0,0.5,92,3.3,1.940000057,79.13,1.12,0.14,1.16,2.67
CHEF BOYARDEE BF RAVIOLI IN TOMATO & MEAT SAU,"CHEF BOYARDEE BF RAVIOLI IN TOMATO & MEAT SAU,CND ENTREE",13.58,3,0,0.5,92,3.3,1.940000057,79.13,1.12,0.14,1.16,2.67
CHEF BOYARDEE MINI RAVIOLI,"CHEF BOYARDEE MINI RAVIOLI,BF RAVIOLI TOMATO, MEAT SAU,CND",12.36,3,0,1.0,92,3.27,1.940000057,79.73,1.35,0.17,1.37,3.24
CHEF BOYARDEE SPAGHETTI & MEATBALLS IN TOMATO SAU,"CHEF BOYARDEE SPAGHETTI & MEATBALLS IN TOMATO SAU,CND ENTREE",11.9,7,0,1.399999976,100,4.37,2.970000029,78.55,1.63,0.35,1.59,3.88
CHERIMOYA,"CHERIMOYA,RAW",17.7,0,0,2.299999952,74,1.65,0.0,79.39,0.0,0.0,0.0,0.62
CHERRIES,"CHERRIES,SWT,CND,JUC PK,SOL&LIQUIDS",13.81,0,5,1.5,54,0.91,12.31000042,84.95,0.005,0.006,0.004,0.02
CHERVIL,"CHERVIL,DRIED",49.1,0,0,11.30000019,237,23.2,0.0,7.2,1.399,1.8,0.169,3.9
CHESTNUTS,"CHESTNUTS,JAPANESE,BLD&STMD",12.64,0,0,0.0,56,0.82,0.0,86.03,0.101,0.05,0.028,0.19
CHEWING GUM,"CHEWING GUM,SUGARLESS",94.8,0,0,2.400000095,268,0.0,0.0,3.5,0.093,0.232,0.058,0.4
CHIA SEEDS,"CHIA SEEDS,DRIED",43.85,0,0,37.70000076,490,15.62,0.0,4.9,2.115,23.335,3.176,30.75
CHICK,"CHICK,FEET,BOILED",0.2,84,13,0.0,215,19.4,0.0,65.8,5.5,2.98,3.92,14.6
CHICKEN,"CHICKEN,BROILERS OR FRYERS,BREAST,MEAT ONLY,RAW",0.0,58,73,0.0,110,23.09,0.0,74.76,0.3,0.28,0.33,1.24
CHICKEN BREAST TENDERS,"CHICKEN BREAST TENDERS,CKD,MICROWAVED",17.56,45,41,0.0,252,16.35,0.0,51.34,5.71,2.79,3.2,12.89
CHICKEN NUGGETS,"CHICKEN NUGGETS,FRZ,UNCKD",14.38,36,46,2.400000095,276,13.89,0.0,51.55,8.266,4.393,3.575,18.06
CHICKEN PATTY,"CHICKEN PATTY,FRZ,CKD",12.84,43,34,0.300000012,287,14.85,0.0,50.82,8.337,4.805,3.662,19.58
CHICKEN POT PIE,"CHICKEN POT PIE,FRZ ENTREE,PREP",23.03,24,18,1.200000048,214,6.08,0.0,58.68,3.7,1.387,3.613,10.83
CHICKPEAS,"CHICKPEAS ,MATURE SEEDS,CKD,BLD,WO/SALT",27.42,0,43,7.599999905,164,8.86,4.800000191,60.21,0.583,1.156,0.269,2.59
CHICKPEAS (GARBANZO BNS,"CHICKPEAS (GARBANZO BNS,BENGAL GM),MATURE SEEDS,CND",22.61,0,33,4.400000095,119,4.95,0.0,69.69,0.257,0.51,0.118,1.14
CHICORY,"CHICORY,WITLOOF,RAW",4.0,0,0,3.099999905,17,0.9,0.0,94.52,0.002,0.044,0.024,0.1
CHICORY GREENS,"CHICORY GREENS,RAW",4.7,0,13,4.0,23,1.7,0.699999988,92.0,0.006,0.131,0.073,0.3
CHICORY ROOTS,"CHICORY ROOTS,RAW",17.51,0,0,0.0,73,1.4,0.0,80.0,0.004,0.087,0.048,0.2
CHILD FORMULA,"CHILD FORMULA,ABBOTT NUTR,PEDIASURE,RTF,(FORMERLY ROSS)",11.15,2,29,0.0,99,2.86,10.5,80.47,1.936,1.068,1.256,4.77
CHILI,"CHILI,NO BNS,CND ENTREE",6.1,21,0,0.0,118,7.53,0.0,77.68,2.469,0.467,2.255,7.1
CHILI CON CARNE W/BNS,"CHILI CON CARNE W/BNS,CND ENTREE",11.43,13,27,3.900000095,121,7.09,0.0,74.34,2.144,0.427,1.74,5.26
CHILI WITH BEANS,"CHILI WITH BEANS,CANNED",11.91,17,20,4.400000095,112,5.71,1.190000057,75.51,2.332,0.362,2.352,5.49
CHITON,"CHITON,LEATHERY,GUMBOOTS (ALASKA NATIVE)",0.0,0,0,0.0,83,17.1,0.0,78.6,0.0,0.0,0.0,1.6
CHIVES,"CHIVES,RAW",4.35,0,5,2.5,30,3.27,1.850000024,90.65,0.095,0.267,0.146,0.73
CHOC-FLV BEV MIX FOR MILK,"CHOC-FLV BEV MIX FOR MILK,PDR,W/ ADD NUTR,PREP W/ WHL MILK",11.61,10,0,0.0,88,3.33,11.59000015,81.1,0.745,0.178,1.897,3.17
CHOCOLATE SYRUP,"CHOCOLATE SYRUP,PREP W/ WHL MILK",12.78,9,0,0.300000012,90,3.07,11.31000042,80.51,0.74,0.172,1.681,2.96
CHOCOLATE-FLAVOR BEV MIX,"CHOCOLATE-FLAVOR BEV MIX,PDR,PREP W/ WHL MILK",11.91,9,0,0.400000006,85,3.23,12.10000038,80.79,0.829,0.186,1.86,3.24
CHOCOLATE-FLAVOR BEV MIX FOR MILK,"CHOCOLATE-FLAVOR BEV MIX FOR MILK,PDR,WO/ ADDED NUTR",90.9,0,16,4.800000191,405,3.3,83.87999725,0.9,1.009,0.091,1.834,3.1
CHOCOLATE-FLAVORED DRK,"CHOCOLATE-FLAVORED DRK,WHEY&MILK BSD",10.68,0,3,0.600000024,49,0.64,8.680000305,87.63,0.049,0.009,0.31,0.4
CHOKECHERRIES,"CHOKECHERRIES,RAW,PITTED (NORTHERN PLAINS INDIANS)",33.62,0,11,20.0,162,3.04,9.369999886,60.72,0.0,0.0,0.0,1.69
CHORIZO,"CHORIZO,PORK AND BEEF",1.86,88,97,0.0,455,24.1,0.0,31.85,18.4,3.46,14.38,38.27
CHRYSANTHEMUM,"CHRYSANTHEMUM,GARLAND,RAW",3.02,0,0,3.0,24,3.36,0.0,91.4,0.0,0.0,0.0,0.56
CHRYSANTHEMUM LEAVES,"CHRYSANTHEMUM LEAVES,RAW",3.01,0,0,3.0,24,3.36,0.0,91.4,0.0,0.0,0.0,0.56
CINNAMON,"CINNAMON,GROUND",80.59,0,11,53.09999847,247,3.99,2.170000076,10.58,0.246,0.068,0.345,1.24
CINNAMON SWIRL FRENCH TOAST W/SAUSAGE,"CINNAMON SWIRL FRENCH TOAST W/SAUSAGE,FRZ BRKFST",24.5,63,0,1.5,266,8.4,0.0,50.8,6.04,2.2,4.68,14.9
CISCO,"CISCO,RAW",0.0,50,0,0.0,98,18.99,0.0,78.93,0.469,0.613,0.421,1.91
CITRUS FRUIT JUC DRK,"CITRUS FRUIT JUC DRK,FRZ CONC,PREP W/H2O",11.42,0,0,0.100000001,46,0.34,8.130000114,87.83,0.002,0.004,0.002,0.03
CLAM,"CLAM,MXD SP,CND,LIQ",0.1,3,13,0.0,2,0.4,0.0,97.7,0.002,0.006,0.002,0.02
CLAM&TOMATO JUC,"CLAM&TOMATO JUC,CND",10.95,0,0,0.400000006,48,0.6,3.309999943,87.4,0.0,0.0,0.0,0.2
CLEMENTINES,"CLEMENTINES,RAW",12.02,0,14,1.700000048,47,0.85,9.180000305,86.58,0.0,0.0,0.0,0.15
CLOUDBERRIES,"CLOUDBERRIES,RAW (ALASKA NATIVE)",8.6,0,0,0.0,51,2.4,0.0,87.0,0.0,0.0,0.0,0.8
CLOVES,"CLOVES,GROUND",61.21,0,37,34.20000076,323,5.98,2.380000114,6.86,1.471,7.088,5.438,20.07
CLS,"CLS,QKR,INSTOAT,DIN EGSW/ DINBNS,BRNSGRCINN,PRP W/ BOIL H2O",22.51,0,0,1.700000048,119,2.28,11.56999969,72.05,0.451,0.359,1.039,2.22
COCKLES,"COCKLES,RAW (ALASKA NATIVE)",4.7,0,0,0.0,79,13.5,0.0,78.8,0.0,0.0,0.0,0.7
COCKTAIL MIX,"COCKTAIL MIX,NON-ALCOHOLIC,CONCD,FRZ",71.6,0,3,0.0,287,0.08,48.43999863,28.24,0.001,0.009,0.003,0.01
COCOA,"COCOA,DRY PDR,UNSWTND,HERSHEY'S EUROPEAN STYLE COCOA",60.0,0,0,20.0,400,20.0,0.0,0.0,0.0,0.0,0.0,10.0
COCOA MIX,"COCOA MIX,W/ ASPRT,PDR,PREP W/ H2O",5.61,0,0,0.600000024,29,1.21,2.930000067,92.38,0.076,0.007,0.139,0.23
COCONUT CRM,"COCONUT CRM,RAW (LIQ EXPRESSED FROM GRATED MEAT)",6.65,0,0,2.200000048,330,3.63,0.0,53.9,1.475,0.379,30.753,34.68
COCONUT MEAT,"COCONUT MEAT,DRIED (DESICCATED),SWTND,FLAKED,PACKAGED",51.85,0,19,9.899999619,456,3.13,36.75,15.46,1.377,0.222,26.396,27.99
COCONUT MILK,"COCONUT MILK,FRZ (LIQ EXPRESSED FROM GRATED MEAT&H2O)",5.58,0,0,0.0,202,1.61,0.0,71.42,0.885,0.228,18.445,20.8
COD,"COD,PACIFIC,RAW",0.0,37,65,0.0,82,17.9,0.0,81.28,0.082,0.244,0.081,0.63
COFFEE,"COFFEE,INST,DECAFFEINATED,PDR,PREP W/H2O",0.43,0,0,0.0,2,0.12,0.0,98.93,0.0,0.001,0.001,0.0
COFFEE SUB,"COFFEE SUB,RSTD GRAIN BEV,NAT TOUCH KAFFREE ROMA,PDR",84.3,0,0,0.0,358,4.5,3.5,2.2,0.0,0.0,0.0,0.3
COFFEE&COCOA (MOCHA) PDR,"COFFEE&COCOA (MOCHA) PDR,W/WHTNR&LO CAL SWTNR,DECAFFEINATED",71.4,0,17,4.800000191,257,9.0,34.97999954,3.1,0.954,0.349,11.376,13.21
COFFEECAKE,"COFFEECAKE,CINN W/CRUMB TOPPING,DRY MIX,PREP",52.8,49,28,1.200000048,318,5.5,29.53000069,30.5,3.851,3.165,1.855,9.6
COLESLAW,"COLESLAW,HOME-PREPARED",12.41,8,0,1.5,78,1.29,0.0,81.5,0.708,1.351,0.385,2.61
COLLARDS,"COLLARDS,FRZ,CHOPD,CKD,BLD,DRND,W/SALT",7.1,0,45,2.799999952,36,2.97,0.569999993,88.47,0.0,0.0,0.04,0.41
COMPANY,"COMPANY,CAMPBELL'S RED & WHITE,CURLY NOODLE SOUP,COND",8.73,12,0,0.800000012,63,3.17,1.590000033,85.4,0.0,0.0,0.0,1.59
CONCH,"CONCH,BAKED OR BROILED",1.7,65,81,0.0,130,26.3,0.0,69.4,0.334,0.274,0.37,1.2
CONTINEN MILL,"CONTINEN MILL, KRUSTEAZ Almd Poppyseed Muff Mix, Art Fla,dry",75.6,0,0,1.700000048,418,5.6,40.0,5.7,0.0,0.0,2.1,10.3
COOKIES,"COOKIES,OATMEAL,COMMLY PREP,FAT-FREE",78.6,0,12,7.300000191,326,5.9,41.90000153,12.5,0.388,0.635,0.314,1.5
CORIANDER (CILANTRO) LEAVES,"CORIANDER (CILANTRO) LEAVES,RAW",3.67,0,13,2.799999952,23,2.13,0.870000005,92.21,0.275,0.04,0.014,0.52
CORIANDER LEAF,"CORIANDER LEAF,DRIED",52.1,0,97,10.39999962,279,21.93,7.269999981,7.3,2.232,0.328,0.115,4.78
CORN,"CORN,SWT,WHITE,CND,CRM STYLE,REG PK",18.13,0,20,1.200000048,72,1.74,2.210000038,78.73,0.123,0.198,0.065,0.42
CORN BRAN,"CORN BRAN,CRUDE",85.64,0,18,79.0,224,8.36,0.0,4.71,0.243,0.421,0.13,0.92
CORN CAKES,"CORN CAKES,VERY LO NA",83.4,0,0,0.0,387,8.1,0.0,4.6,0.76,0.93,0.42,2.4
CORN FLR,"CORN FLR,WHOLE-GRAIN,BLUE (HARINA DE MAIZ MORADO)",73.89,0,0,8.399999619,364,8.75,0.0,10.83,0.0,0.0,0.0,5.09
CORN PUDD,"CORN PUDD,HOME PREP",17.0,74,0,1.399999976,131,4.35,6.96999979,72.33,1.508,0.557,2.455,5.08
CORN W/RED&GRN PEPPERS,"CORN W/RED&GRN PEPPERS,CND,SOL&LIQUIDS",18.17,0,0,0.0,75,2.33,0.0,77.5,0.157,0.261,0.085,0.55
CORN-BASED,"CORN-BASED,EXTRUDED,CHIPS,PLN",63.01,0,12,5.300000191,518,6.03,1.159999967,0.33,7.913,14.01,3.612,28.41
CORNED BEEF LOAF,"CORNED BEEF LOAF,JELLIED",0.0,47,0,0.0,153,22.9,0.0,69.1,2.68,0.32,2.6,6.1
CORNMEAL,"CORNMEAL,DEGERMED,ENR,YEL",79.15,0,11,4.0,369,7.25,1.659999967,11.26,0.347,0.734,0.194,1.79
CORNNUTS,"CORNNUTS,PLAIN",71.86,0,21,6.900000095,446,8.5,0.610000014,1.3,9.46,3.05,2.43,15.64
CORNSALAD,"CORNSALAD,RAW",3.6,0,0,0.0,21,2.0,0.0,92.8,0.0,0.0,0.0,0.4
COTTONSEED FLR,"COTTONSEED FLR,LOFAT (GLANDLESS)",36.1,0,0,0.0,332,49.83,0.0,6.9,0.221,0.577,0.31,1.41
COTTONSEED KRNLS,"COTTONSEED KRNLS,RSTD (GLANDLESS)",21.9,0,0,5.5,506,32.59,0.0,4.65,6.919,18.068,9.699,36.29
COTTONSEED MEAL,"COTTONSEED MEAL,PART DEFATTED (GLANDLESS)",38.43,0,0,0.0,367,49.1,0.0,1.2,0.861,2.248,1.207,4.77
COUSCOUS,"COUSCOUS,COOKED",23.22,0,3,1.399999976,112,3.79,0.100000001,72.57,0.022,0.064,0.029,0.16
COWPEAS,"COWPEAS,LEAFY TIPS,CKD,BLD,DRND,WO/SALT",2.8,0,0,0.0,22,4.67,0.0,91.3,0.009,0.042,0.026,0.1
COWPEAS (BLACKEYES),"COWPEAS (BLACKEYES),IMMAT SEEDS,RAW",18.83,0,0,5.0,90,2.95,3.0,77.2,0.032,0.15,0.09,0.35
CRAB,"CRAB,ALASKA KING,RAW",0.0,42,0,0.0,84,18.29,0.0,79.57,0.08,0.13,0.09,0.6
CRABAPPLES,"CRABAPPLES,RAW",19.95,0,0,0.0,76,0.4,0.0,78.94,0.012,0.088,0.048,0.3
CRACKERS,"CRACKERS,RYE,WAFERS,PLAIN",80.4,0,20,22.89999962,334,9.6,1.00999999,5.0,0.152,0.397,0.108,0.9
CRANBERRIES,"CRANBERRIES,WILD,BUSH,RAW (ALASKA NATIVE)",12.3,0,0,6.699999809,55,1.1,0.0,86.0,0.0,0.0,0.0,0.2
CRANBERRY,"CRANBERRY,LO BUSH OR LINGENBERRY,RAW (ALASKA NATIVE)",12.2,0,0,0.0,55,0.4,0.0,86.7,0.0,0.0,0.0,0.5
CRANBERRY JUC,"CRANBERRY JUC,UNSWTND",12.2,0,3,0.100000001,46,0.39,12.10000038,87.13,0.023,0.07,0.01,0.13
CRANBERRY JUC COCKTAIL,"CRANBERRY JUC COCKTAIL,BTLD,LO CAL,W/CA,SACCHARIN&CORN SWTNR",4.6,0,0,0.0,19,0.02,4.590000153,95.2,0.0,0.0,0.0,0.01
CRANBERRY SAU,"CRANBERRY SAU,CND,SWTND",38.9,0,4,1.0,151,0.2,37.90000153,60.65,0.021,0.066,0.013,0.15
CRANBERRY-APPLE JUC DRK,"CRANBERRY-APPLE JUC DRK,LO CAL,W/VIT C",4.7,0,0,0.100000001,19,0.1,4.599999905,95.2,0.0,0.0,0.0,0.0
CRANBERRY-APRICOT JUC DRK,"CRANBERRY-APRICOT JUC DRK,BTLD",16.2,0,0,0.100000001,64,0.2,0.0,83.5,0.0,0.0,0.0,0.0
CRANBERRY-GRAPE JUC DRK,"CRANBERRY-GRAPE JUC DRK,BTLD",14.0,0,0,0.100000001,56,0.2,0.0,85.6,0.004,0.023,0.033,0.1
CRANBERRY-ORANGE RELISH,"CRANBERRY-ORANGE RELISH,CND",46.2,0,0,0.0,178,0.3,0.0,53.2,0.0,0.0,0.012,0.1
CRAYFISH,"CRAYFISH,MXD SP,WILD,RAW",0.0,114,81,0.0,77,15.97,0.0,82.24,0.174,0.293,0.159,0.95
CREAM,"CREAM,HALF & HALF,FAT FREE",9.0,5,15,0.0,59,2.6,5.0,86.0,0.384,0.052,0.841,1.4
CREAM PUFFS,"CREAM PUFFS,PREP FROM RECIPE,SHELL,W/CUSTARD FILLING",22.9,134,69,0.400000006,258,6.7,9.489999771,53.5,6.527,4.156,3.679,15.5
CREAM SUB,"CREAM SUB,LIQ,LT",9.1,0,0,0.0,71,0.8,9.100000381,86.2,2.03,0.42,0.896,3.5
CREAM SUBSTITUTE,"CREAM SUBSTITUTE,POWDERED",54.88,0,2,0.0,545,4.79,54.88000107,2.21,0.968,0.014,32.525,35.48
CREAMY DRSNG,"CREAMY DRSNG,W/SOUR CRM AND/OR BTTRMLK&OIL,RED CAL,CHOL-FREE",16.0,0,16,0.0,140,1.0,3.279999971,73.0,3.391,2.891,1.355,8.0
CRESS,"CRESS,GARDEN,CKD,BLD,DRND,WO/SALT",3.8,0,14,0.699999988,23,1.9,3.109999895,92.5,0.205,0.196,0.02,0.6
CRISPED RICE BAR,"CRISPED RICE BAR,CHOC CHIP",73.0,0,0,2.200000048,404,5.1,0.0,7.0,3.99,3.65,5.24,13.5
CRLS,"CRLS,QUAKR INST OTML,NUTR FOR WMN,VNLA CINN,PREP W/ BOIL H2O",19.82,0,0,1.700000048,104,3.22,8.100000381,74.19,0.449,0.388,0.22,1.28
CRMY DRSG,"CRMY DRSG,MDE W/ SOUR CRM AND/OR BTRMLK & OIL,RED CAL,FTFREE",20.0,0,16,0.0,107,1.4,5.349999905,74.7,0.64,1.444,0.494,2.7
CROAKER,"CROAKER,ATLANTIC,RAW",0.0,61,65,0.0,104,17.78,0.0,78.03,1.149,0.464,1.088,3.17
CROISSANTS,"CROISSANTS,APPLE",37.1,31,0,2.5,254,7.4,0.0,45.6,2.393,0.628,4.994,8.7
CROUTONS,"CROUTONS,PLAIN",73.5,0,0,5.099999905,407,11.9,0.0,5.5,3.059,1.273,1.51,6.6
CUCUMBER,"CUCUMBER,PEELED,RAW",2.16,0,6,0.699999988,12,0.59,1.379999995,96.73,0.002,0.003,0.013,0.16
CURRANTS,"CURRANTS,RED&WHITE,RAW",13.8,0,8,4.300000191,56,1.4,7.369999886,83.95,0.028,0.088,0.017,0.2
CUSK,"CUSK,COOKED,DRY HEAT",0.0,53,0,0.0,112,24.35,0.0,69.68,0.0,0.0,0.0,0.88
CUSTARD-APPLE,"CUSTARD-APPLE,(BULLOCK'S-HEART),RAW",25.2,0,0,2.400000095,101,1.7,0.0,71.5,0.0,0.0,0.231,0.6
CUTTLEFISH,"CUTTLEFISH,MXD SP,RAW",0.82,112,0,0.0,79,16.24,0.0,80.56,0.081,0.134,0.118,0.7
Cake,"Cake, snack cakes, creme-filled, chocolate with frosting",60.31,0,21,3.200000048,399,3.63,37.75999832,18.57,8.525,1.822,4.884,15.93
Crackers,"Crackers, cheese, sandwich-type with cheese filling",58.76,6,28,1.899999976,490,8.92,12.32999992,4.81,0.0,0.0,0.0,24.41
DAIRY DRK MIX,"DAIRY DRK MIX,CHOC,RED CAL,W/ ASPRT,PDR,PREP W/ H2O & ICE",4.51,2,0,0.800000012,29,2.19,2.890000105,92.26,0.043,0.005,0.164,0.23
DANDELION GREENS,"DANDELION GREENS,RAW",9.2,0,35,3.5,45,2.7,0.709999979,85.6,0.014,0.306,0.17,0.7
DANDELION GRNS,"DANDELION GRNS,CKD,BLD,DRND,W/SALT",6.4,0,28,2.900000095,33,2.0,1.620000005,89.8,0.0,0.0,0.0,0.6
DANISH PASTRY,"DANISH PASTRY,FRUIT,UNENR (INCL APPL,CINN,RAISIN,STRAWBERRY)",47.8,40,0,1.899999976,371,5.4,0.0,27.1,5.937,1.508,2.826,18.5
DATES,"DATES,MEDJOOL",74.97,0,10,6.699999809,277,1.81,66.47000122,21.32,0.0,0.0,0.0,0.15
DEER (VENISON),"DEER (VENISON),SITKA,RAW (ALASKA NATIVE)",0.0,18,0,0.0,111,21.5,0.0,75.0,0.34,0.35,0.63,2.66
DESSERT TOPPING,"DESSERT TOPPING,PDR,1.5 OZ PREP W/1/2 CUP MILK",16.53,10,11,0.0,188,3.6,16.53000069,66.65,0.843,0.201,10.684,12.41
DESSERTS,"DESSERTS,RENNIN,VANILLA,DRY MIX",99.0,0,0,0.0,383,0.0,0.0,0.4,0.0,0.0,0.0,0.0
DILL WEED,"DILL WEED,FRSH",7.02,0,0,2.099999905,43,3.46,0.0,85.95,0.802,0.095,0.06,1.12
DOCK,"DOCK,RAW",3.2,0,0,2.900000095,22,2.0,0.0,93.0,0.0,0.0,0.0,0.7
DOLPHINFISH,"DOLPHINFISH,RAW",0.0,73,0,0.0,85,18.5,0.0,77.55,0.121,0.165,0.188,0.7
"DOMINO'S 14"" Cheese Pizza","DOMINO'S 14"" Cheese Pizza, Classic Hand-Tossed Crust",34.45,13,0,1.399999976,257,10.98,3.569999933,44.3,1.976,1.583,3.547,8.39
"DOMINO'S 14"" Pepperoni Pizza","DOMINO'S 14"" Pepperoni Pizza, Classic Hand-Tossed Crust",32.29,22,0,1.5,270,11.6,3.450000048,43.45,3.137,1.75,4.255,10.54
DOO DADS SNACK MIX,"DOO DADS SNACK MIX,ORIGINAL FLAVOR",64.3,1,0,6.800000191,456,10.3,0.0,3.0,0.0,0.0,3.53,18.5
DOUGHNUTS,"DOUGHNUTS,CAKE-TYPE,WHEAT,SUGARED OR GLAZED",42.6,20,37,2.200000048,360,6.3,21.57999992,29.8,8.101,7.077,3.023,19.3
DOVE,"DOVE,CKD (INCL SQUAB)",0.0,116,64,0.0,219,23.9,0.0,62.0,5.462,2.733,3.739,13.0
DRINK MIX,"DRINK MIX,QUAKER OATS,GATORADE,ORANGE FLAVOR,PDR",94.11,0,0,0.0,388,0.0,80.5,2.51,0.0,0.0,0.0,1.23
DRUM,"DRUM,FRESHWATER,RAW",0.0,64,0,0.0,119,17.54,0.0,77.33,2.19,1.154,1.119,4.93
DUCK,"DUCK,SCOTER,WHITE-WINGED,MEAT (ALASKA NATIVE)",0.0,0,0,0.0,84,20.2,0.0,79.0,0.0,0.0,0.0,0.4
DURIAN,"DURIAN,RAW OR FROZEN",27.09,0,0,3.799999952,147,1.47,0.0,64.99,0.0,0.0,0.0,5.33
DUTCH BRAND LOAF,"DUTCH BRAND LOAF,CHICK,PORK & BF",3.93,60,65,0.300000012,273,12.0,0.899999976,58.1,11.433,3.053,9.043,22.91
Doughnuts,"Doughnuts, cake-type, plain (inc. unsugared, old-fashioned)",45.63,9,37,1.600000024,418,5.87,16.28000069,22.88,12.732,2.659,7.127,23.55
ECLAIRS,"ECLAIRS,CUSTARD-FILLED W/CHOC GLAZE,PREP FROM RECIPE",24.2,127,80,0.600000024,262,6.4,6.599999905,52.4,6.484,3.948,4.119,15.7
EDAMAME,"EDAMAME,FRZ,UNPREP",8.58,0,56,4.800000191,110,10.25,2.480000019,75.17,0.0,0.0,0.0,4.73
EEL,"EEL,MIXED SPECIES,RAW",0.0,126,65,0.0,184,18.44,0.0,68.26,7.19,0.947,2.358,11.66
EGG,"EGG,WHITE,RAW,FROZEN",1.05,0,0,0.0,47,9.8,0.0,88.55,0.0,0.0,0.0,0.0
EGG CUSTARDS,"EGG CUSTARDS,DRY MIX,PREP W/ 2% MILK",17.42,48,0,0.0,111,4.08,0.0,74.74,0.852,0.197,1.357,2.74
EGG MIX,"EGG MIX,USDA CMDTY",23.97,1110,602,0.0,549,35.6,2.460000038,2.78,13.745,7.555,10.305,34.5
EGG ROLLS,"EGG ROLLS,VEG,REFR,HTD",31.99,0,0,2.799999952,196,6.62,6.849999905,54.46,1.271,2.191,0.756,4.67
EGG SUBSTITUTE,"EGG SUBSTITUTE,LIQUID",0.64,1,2,0.0,84,12.0,0.639999986,82.75,0.896,1.603,0.659,3.31
EGGNOG-FLAVOR MIX,"EGGNOG-FLAVOR MIX,PDR,PREP W/ WHL MILK",14.2,11,0,0.0,95,2.93,12.65999985,79.16,0.767,0.186,1.701,3.02
EGGPLANT,"EGGPLANT,RAW",5.7,0,7,3.400000095,24,1.01,2.349999905,92.41,0.016,0.076,0.034,0.19
EGGS,"EGGS,SCRMBLD,FRZ MIXTURE",7.5,65,193,0.0,133,13.1,7.5,72.7,2.339,1.778,1.052,5.6
ELDERBERRIES,"ELDERBERRIES,RAW",18.4,0,0,7.0,73,0.66,0.0,79.8,0.08,0.247,0.023,0.5
ELK,"ELK,FREE RANGE,GROUND,RAW (SHOSHONE BANNOCK)",0.0,0,0,0.0,97,20.14,0.0,75.68,0.574,0.13,0.706,1.8
EMU,"EMU,OUTSIDE DRUM,RAW",0.0,78,0,0.0,103,23.08,0.0,74.87,0.202,0.07,0.122,0.48
ENDIVE,"ENDIVE,RAW",3.35,0,17,3.099999905,17,1.25,0.25,93.79,0.004,0.087,0.048,0.2
ENG DRK,"ENG DRK,RED BULL,SGR FR,W/ADD CAFF,NIACIN,PANTO,VIT B6 & B12",0.7,0,0,0.0,5,0.25,0.0,98.35,0.0,0.0,0.0,0.08
ENGLISH,"ENGLISH,MUFFIN,PLN,TSTD,ENR,W/CA PROP(INCL SOURDOUGH)",52.65,0,16,2.799999952,270,10.32,3.470000029,32.97,0.478,0.921,0.533,2.02
ENGLISH MUFFIN,"ENGLISH MUFFIN, PLN,ENCHED.W/CA PROP (INCLD SOURDOUGH)",44.17,0,14,3.5,227,8.87,3.529999971,43.56,0.383,0.498,0.733,1.69
ENGLISH MUFFINS,"ENGLISH MUFFINS,MIXED-GRAIN (INCL GRANOLA)",46.3,0,14,2.799999952,235,9.1,0.810000002,40.2,0.827,0.559,0.23,1.8
ENGY DRK,"ENGY DRK,RED BULL,W/ ADD CAFFEINE,NIACIN,PANTO,VIT B6 & B12",10.94,0,0,0.0,45,0.25,10.06000042,88.45,0.0,0.0,0.0,0.08
ENSURE FIBER W/ FOS,"ENSURE FIBER W/ FOS,LIQ",16.36,0,38,1.100000024,97,3.43,4.679999828,76.0,1.276,0.722,0.201,2.38
ENSURE PLUS,"ENSURE PLUS,LIQ NUTR",19.88,2,32,0.0,141,5.16,19.87999916,69.84,1.283,3.111,0.673,4.52
ENTREES,"ENTREES,FISH FILLET,BATTERED OR BREADED,&FRIED",16.97,34,0,0.5,232,14.66,0.0,53.57,2.58,6.27,2.82,12.29
EPAZOTE,"EPAZOTE,RAW",7.44,0,0,3.799999952,32,0.33,0.0,89.21,0.0,0.0,0.0,0.52
EPPAW,"EPPAW,RAW",31.68,0,0,0.0,150,4.6,0.0,60.0,0.0,0.0,0.0,1.8
Egg,"Egg, Cheese and Bacon Griddle Cake Sandwich",26.19,147,76,0.800000012,272,12.03,9.56000042,45.85,4.686,1.775,4.201,13.19
Elk,"Elk, free range, roast, eye of round, raw (Shoshone Bannock)",0.0,0,0,0.0,98,19.74,0.0,76.54,0.897,0.122,0.828,2.1
FALAFEL,"FALAFEL,HOME-PREPARED",31.84,0,0,0.0,333,13.31,0.0,34.62,10.171,4.16,2.383,17.8
FAST FD,"FAST FD,PIZZA CHAIN,14"" PIZZA,MEAT & VEG TOPPING,REG CRUST",25.38,27,22,2.200000048,244,11.02,3.730000019,50.4,3.787,1.89,4.407,10.9
FAST FOODS,"FAST FOODS,SALAD,VEG,TOSSED,WO/DRSNG",3.22,0,0,0.0,16,1.25,0.0,95.51,0.004,0.034,0.01,0.07
FAT,"FAT,GOOSE",0.0,100,0,0.0,900,0.0,0.0,0.2,56.7,11.0,27.7,99.8
FEIJOA,"FEIJOA,RAW",10.63,0,0,0.0,49,1.24,0.0,86.6,0.0,0.0,0.0,0.78
FENNEL,"FENNEL,BULB,RAW",7.29,0,0,3.099999905,31,1.24,0.0,90.21,0.0,0.0,0.0,0.2
FIDDLEHEAD FERNS,"FIDDLEHEAD FERNS,RAW",5.54,0,0,0.0,34,4.55,0.0,88.68,0.0,0.0,0.0,0.4
FIGS,"FIGS,CND,EX HVY SYRUP PK,SOL&LIQUIDS",27.86,0,0,0.0,107,0.38,0.0,71.39,0.022,0.047,0.02,0.1
FIREWEED,"FIREWEED,LEAVES,RAW",19.22,0,0,10.60000038,103,4.71,0.0,70.78,0.0,0.0,0.0,2.75
FISH,"FISH,BLACKFISH,WHL (ALASKA NATIVE)",0.0,0,0,0.0,82,15.5,0.0,80.1,0.0,0.0,0.0,1.75
FISH OIL,"FISH OIL,SALMON",0.0,485,0,0.0,902,0.0,0.0,0.0,29.037,40.324,19.872,100.0
FISH PORTIONS&STKS,"FISH PORTIONS&STKS,FRZ,PREHTD",21.18,32,36,1.399999976,249,11.04,2.5,53.08,4.21,5.701,2.758,13.25
FISH STICKS,"FISH STICKS,MEATLESS",9.0,0,97,6.099999905,290,23.0,0.800000012,45.0,4.376,9.332,2.849,18.0
FLAN,"FLAN,CARAMEL CUSTARD,DRY MIX",91.6,0,0,0.0,348,0.0,0.0,7.8,0.0,0.0,0.0,0.0
FLATFISH (FLOUNDER&SOLE SP),"FLATFISH (FLOUNDER&SOLE SP),RAW",0.0,48,65,0.0,91,18.84,0.0,79.06,0.233,0.329,0.283,1.19
FLUID REPLCMNT,"FLUID REPLCMNT,ELECTROLYTE SOLN (INCLUDE PEDIALYTE)",2.45,0,0,0.0,10,0.0,2.450000048,96.44,0.0,0.0,0.0,0.0
FORM,"FORM,MASTERFOODS USA,SNICKERS MARATHON DOUBLE CHOC NUT BAR",52.47,4,0,10.5,343,22.35,22.67000008,14.0,0.0,0.0,4.847,8.99
FORM BAR,"FORM BAR,MASTERFOODS USA,COCOAVIA,CHOC BLUEBERRY SNACK BAR",57.87,2,0,4.599999905,325,6.21,33.40000153,20.1,0.0,0.0,3.87,9.27
FORMULATED,"FORMULATED,WHEAT-BASED,FLAV,MACADAMIA FLAV,WO/SALT",27.91,0,0,5.199999809,619,11.19,0.0,3.1,23.521,21.867,8.482,56.5
FRANKFURTER,"FRANKFURTER,BF,PORK,& TURKEY,FAT FREE",11.21,41,75,0.0,109,12.5,0.0,71.5,0.74,0.35,0.5,1.59
FREEZER QUEEN GRAVY&SLICED BF MEAL,"FREEZER QUEEN GRAVY&SLICED BF MEAL,MSHD POT&CARROTS,FRZ MEAL",10.0,12,0,1.399999976,81,6.0,0.0,81.2,0.49,0.67,0.51,1.9
FRENCH TOAST,"FRENCH TOAST,FRZ,RTH",32.1,82,0,1.100000024,213,7.4,0.0,52.6,2.04,1.227,1.533,6.1
FRIJOLES ROJOS VOLTEADOS (REFRIED BNS,"FRIJOLES ROJOS VOLTEADOS (REFRIED BNS,RED,CANNED)",15.47,0,0,4.699999809,144,5.0,0.0,70.71,1.676,4.379,0.926,6.93
FROG LEGS,"FROG LEGS,RAW",0.0,50,65,0.0,73,16.4,0.0,81.9,0.053,0.102,0.076,0.3
FROSTING,"FROSTING,GLAZ,CHC,PREP-FRM-RCIP,W/ BUTR,NFSMI RECIP NO. C-32",72.18,18,0,1.100000024,359,1.42,64.30000305,18.27,1.894,0.294,4.483,7.17
FROSTINGS,"FROSTINGS,CHOC,CREAMY,DRY MIX",92.0,0,0,2.400000095,389,1.3,0.0,0.6,0.0,0.0,0.0,5.2
FROZ NOVELTIES,"FROZ NOVELTIES,ICE TYPE,SUGAR FREE,ORNGE,CHRY,& GRP POPSICLE",5.14,0,0,0.0,21,0.0,1.519999981,94.03,0.0,0.0,0.0,0.0
FROZ NOVLT,"FROZ NOVLT,ICE CRM,VAN ICE CRM,LT,NO SUGAR ADDED,CHOC COATD",27.49,10,30,0.800000012,226,6.4,8.520000458,54.82,2.7,1.359,5.528,10.1
FROZEN NOVELITES,"FROZEN NOVELITES,JUC TYPE,JUC W/ CRM",24.11,7,16,0.100000001,115,1.41,20.61000061,72.57,0.0,0.0,0.705,1.41
FROZEN NOVELT,"FROZEN NOVELT,ICE CRM,CHOC OR CARAMEL COVERED,W/ NUTS",30.9,1,0,0.600000024,317,4.4,0.0,43.1,4.977,1.469,12.658,20.2
FROZEN NOVELTIES,"FROZEN NOVELTIES,ICE TYPE,FRUIT,NO SUGAR ADDED",6.2,0,0,0.0,24,0.5,0.0,93.2,0.0,0.0,0.0,0.1
FROZEN NOVL,"FROZEN NOVL,KLONDIKE,SLIM-A-BEAR,NO SGR ADDED,STICKLESS BAR",27.09,8,0,4.800000191,224,5.16,8.640000343,54.69,0.0,0.0,9.51,11.93
FROZEN YOGURTS,"FROZEN YOGURTS,CHOC,NONFAT MILK,SWTND WO/ SUGAR",19.7,4,3,1.0,107,4.4,12.60999966,73.5,0.214,0.03,0.505,0.8
FRUIT,"FRUIT,MXD,(PEACH&PEAR&PNAPPL),CND,HVY SYRUP,SOL&LIQUIDS",18.76,0,0,1.0,72,0.37,0.0,80.56,0.019,0.042,0.014,0.1
FRUIT BUTTERS,"FRUIT BUTTERS,APPLE",42.47,0,2,1.5,173,0.39,35.29999924,56.45,0.016,0.084,0.053,0.3
FRUIT COCKTAIL,"FRUIT COCKTAIL,CND,JUC PK,SOL&LIQUIDS",11.86,0,4,1.0,46,0.46,10.85999966,87.44,0.002,0.004,0.001,0.01
FRUIT LEATHER,"FRUIT LEATHER,PIECES",82.82,0,13,0.0,359,1.0,57.58000183,12.3,1.48,0.55,0.65,2.68
FRUIT PUNCH DRK,"FRUIT PUNCH DRK,WO/ ADDED NUTR,CND",11.97,0,0,0.0,48,0.0,11.28999996,87.97,0.0,0.0,0.0,0.0
FRUIT PUNCH JUC DRK,"FRUIT PUNCH JUC DRK,FRZ CONC,PREP W/H2O",10.44,0,0,0.0,42,0.07,0.0,89.15,0.021,0.042,0.021,0.17
FRUIT PUNCH-FLAVOR DRK,"FRUIT PUNCH-FLAVOR DRK,PDR,WO/ NA,PREP W/H2O",9.47,0,0,0.0,37,0.0,9.229999542,90.35,0.001,0.001,0.006,0.01
FRUIT SALAD,"FRUIT SALAD,CND,JUC PK,SOL&LIQUIDS",13.05,0,0,1.0,50,0.51,0.0,86.15,0.005,0.011,0.004,0.03
FRUIT-FLAVORED DRK,"FRUIT-FLAVORED DRK,DRY PDR MIX,LO CAL,W/ ASPRT",86.85,0,0,0.100000001,217,0.45,0.0,1.84,0.0,0.0,0.0,0.04
FRUIT-FLAVORED DRK MIX,"FRUIT-FLAVORED DRK MIX,PDR,UNSWTND",91.3,0,0,0.0,226,0.0,0.0,0.96,0.0,0.0,0.0,0.0
FRYBREAD,"FRYBREAD,MADE W/ LARD (APACHE)",46.01,4,0,1.700000048,309,8.38,1.539999962,33.11,3.5,1.306,3.631,10.14
FRZ NVL,"FRZ NVL, KLONDIKE,SLIM-A-BEAR FUDG BR,98% FT FR,NO SGR ADDED",30.07,7,0,6.0,124,4.31,7.099999905,63.51,0.0,0.0,1.0,1.88
FST FD,"FST FD, PZZA CHN, 14"" PZZA, CHS TPPING, REG CRUST",32.58,21,16,1.700000048,264,11.91,4.019999981,43.76,2.352,1.788,4.221,9.51
FST FOODS,"FST FOODS, POTATO, FRNCH FRIED IN VEG OIL",37.51,0,21,3.5,319,3.76,0.689999998,39.76,9.906,2.999,3.965,17.05
FUNGI,"FUNGI,CLOUD EARS,DRIED",73.01,0,0,70.09999847,284,9.25,0.0,14.8,0.0,0.0,0.0,0.73
Fish,"Fish, whitefish, eggs (Alaska Native)",4.89,439,248,0.0,104,14.66,0.0,76.24,1.046,1.073,0.496,2.88
Form Bar,"Form Bar, MASTERFOODS, SNCKRS MARATH Prot Perf Bar, Crml Nut",53.0,6,2,10.0,402,25.0,28.75,9.0,2.645,2.892,4.375,10.0
Formulated bar,"Formulated bar, POWER BAR, chocolate",69.63,0,18,5.699999809,363,14.15,30.06999969,9.83,1.05,0.589,1.32,3.11
GAME MEAT,"GAME MEAT,BEAR,RAW",0.0,0,0,0.0,161,20.1,0.0,71.2,0.0,0.0,0.0,8.3
GAME MEAT BISON,"GAME MEAT BISON,GROUND,RAW",0.0,70,0,0.0,223,18.67,0.0,64.25,0.0,0.0,0.0,15.93
GARLIC,"GARLIC,RAW",33.06,0,23,2.099999905,149,6.36,1.0,58.58,0.011,0.249,0.089,0.5
GEFILTEFISH,"GEFILTEFISH,COMM,SWT RECIPE",7.41,30,0,0.0,84,9.07,0.0,80.35,0.824,0.285,0.412,1.73
GELATIN DSSRT,"GELATIN DSSRT,DRY MIX,RED CAL,W/ ASPRT",80.21,0,0,0.100000001,198,15.67,0.0,1.93,0.0,0.0,0.0,0.0
GELATINS,"GELATINS,DRY PDR,UNSWTND",0.0,0,38,0.0,335,85.6,0.0,13.0,0.06,0.01,0.07,0.1
GENERAL MILLS,"GENERAL MILLS,BETTY CROCKER WILD BLUEBERRY MUFFIN MIX,DRY",64.9,0,0,0.0,321,5.2,31.70000076,23.7,1.869,0.553,1.022,4.5
GEORGE WESTON BAKER,"GEORGE WESTON BAKER,BROWNBERRY SAGE & ONION STUFFING MIX,DRY",72.7,0,0,5.400000095,390,13.3,0.0,4.0,0.0,0.0,0.9,5.1
GEORGE WESTON BAKERIES,"GEORGE WESTON BAKERIES,THOMAS ENG MUFFINS",46.0,0,0,0.0,232,8.0,0.0,42.6,0.303,0.92,0.308,1.8
GINGER,"GINGER,GROUND",70.79,0,41,12.5,347,9.12,3.390000105,9.38,1.0,1.31,1.94,5.95
GINGER ROOT,"GINGER ROOT,RAW",17.77,0,29,2.0,80,1.82,1.700000048,78.89,0.154,0.154,0.203,0.75
GINKGO NUTS,"GINKGO NUTS,CANNED",22.1,0,0,9.300000191,111,2.29,0.0,72.95,0.599,0.597,0.309,1.62
GOAT,"GOAT,RAW",0.0,57,0,0.0,109,20.6,0.0,75.84,1.03,0.17,0.71,2.31
GOOSE,"GOOSE,LIVER,RAW",6.32,515,0,0.0,133,16.37,0.0,71.78,0.81,0.26,1.59,4.28
GOOSEBERRIES,"GOOSEBERRIES,CND,LT SYRUP PK,SOL&LIQUIDS",18.75,0,0,2.400000095,73,0.65,0.0,80.1,0.018,0.11,0.013,0.2
GOURD,"GOURD,WHITE-FLOWERED (CALABASH),CKD,BLD,DRND,W/SALT",3.1,0,0,0.0,13,0.6,0.0,95.32,0.004,0.009,0.001,0.02
GRANOLA BAR,"GRANOLA BAR,SOFT,MILK CHOC COATD,PNUT BUTTER",54.1,12,25,3.799999952,536,9.6,23.62999916,3.2,6.561,1.906,17.065,31.2
GRANOLA BARS,"GRANOLA BARS,OATS,FRUITS&NUT",77.42,0,23,5.300000191,397,7.7,43.5,7.2,0.17,4.83,0.73,6.3
GRAPE DRINK,"GRAPE DRINK,CANNED",15.75,0,0,0.0,61,0.0,13.06000042,84.2,0.0,0.0,0.0,0.0
GRAPE JUC,"GRAPE JUC,CND OR BTLD,UNSWTND,W/ ADDED VIT C",14.77,0,3,0.200000003,60,0.37,14.19999981,84.51,0.003,0.022,0.025,0.13
GRAPE JUC COCKTAIL,"GRAPE JUC COCKTAIL,FRZ CONC,DIL W/ 3 VOL H2O,W/ ADDED VIT C",12.75,0,3,0.100000001,51,0.19,12.64999962,86.9,0.004,0.026,0.029,0.09
GRAPE JUICE DRINK,"GRAPE JUICE DRINK,CANNED",14.55,0,0,0.100000001,57,0.0,14.10999966,85.3,0.0,0.0,0.0,0.0
GRAPE LEAVES,"GRAPE LEAVES,CND",11.71,0,0,0.0,69,4.27,0.0,76.1,0.076,0.989,0.312,1.97
GRAPEFRUIT,"GRAPEFRUIT,SECTIONS,CND,JUC PK,SOL&LIQUIDS",9.21,0,5,0.400000006,37,0.7,8.800000191,89.67,0.012,0.021,0.012,0.09
GRAPEFRUIT JUC,"GRAPEFRUIT JUC,WHITE,CND,SWTND",11.13,0,0,0.100000001,46,0.58,11.02999973,87.38,0.012,0.021,0.012,0.09
GRAPEFRUIT JUICE,"GRAPEFRUIT JUICE,PINK,RAW",9.2,0,0,0.0,39,0.5,0.0,90.0,0.013,0.024,0.014,0.1
GRAPES,"GRAPES,CND,THOMPSON SEEDLESS,HVY SYRUP PK,SOL&LIQUIDS",19.65,0,4,0.600000024,76,0.48,19.04999924,79.53,0.004,0.03,0.033,0.1
GRAVY,"GRAVY,AU JUS,CANNED",2.5,0,0,0.0,16,1.2,0.0,94.5,0.08,0.01,0.1,0.2
GREEN GIANT,"GREEN GIANT,BROCCOLI IN CHS FLAV SAU,FRZ",8.9,0,0,0.0,67,2.3,0.0,84.5,1.009,0.253,0.48,2.5
GROUNDCHERRIES,"GROUNDCHERRIES,(CAPE-GOOSEBERRIES OR POHA),RAW",11.2,0,0,0.0,53,1.9,0.0,85.4,0.0,0.0,0.0,0.7
GROUPER,"GROUPER,MIXED SPECIES,RAW",0.0,37,0,0.0,92,19.38,0.0,79.22,0.202,0.321,0.233,1.02
GRY,"GRY, HNZ Home style beef gravy",6.24,2,0,0.699999988,39,1.09,0.519999981,89.97,0.432,0.046,0.4,1.13
GUANABANA NECTAR,"GUANABANA NECTAR,CND",14.93,0,2,0.100000001,59,0.11,13.06999969,84.72,0.051,0.039,0.029,0.17
GUAVA NECTAR,"GUAVA NECTAR,CND",14.87,0,1,1.0,57,0.09,12.36999989,84.89,0.0,0.0,0.0,0.06
GUAVA SAUCE,"GUAVA SAUCE,COOKED",9.48,0,4,3.599999905,36,0.32,5.880000114,89.56,0.013,0.059,0.04,0.14
GUAVAS,"GUAVAS,STRAWBERRY,RAW",17.36,0,0,5.400000095,69,0.58,0.0,80.66,0.055,0.253,0.172,0.6
GUINEA HEN,"GUINEA HEN,MEAT ONLY,RAW",0.0,63,0,0.0,110,20.64,0.0,74.44,0.68,0.59,0.64,2.47
HADDOCK,"HADDOCK,RAW",0.0,57,65,0.0,87,18.91,0.0,79.92,0.118,0.241,0.13,0.72
HALIBUT,"HALIBUT,ATLANTIC&PACIFIC,RAW",0.0,32,62,0.0,110,20.81,0.0,77.92,0.75,0.73,0.325,2.29
HAM,"HAM,SLICED,EX LN",0.75,45,62,0.0,107,18.85,0.0,73.9,0.992,0.214,0.66,2.59
HAZELNUTS OR FILBERTS,"HAZELNUTS OR FILBERTS,DRY RSTD,WO/SALT",17.6,0,0,9.399999619,646,15.03,4.889999866,2.52,46.608,8.463,4.511,62.4
HC CHK ENCHI SUPMA IN GRN CHILI SAU,"HC CHK ENCHI SUPMA IN GRN CHILI SAU,MEXI  RICE,CORN MELY,FRZ",18.2,11,0,1.5,110,3.79,0.730000019,74.71,0.72,0.67,1.03,2.45
HC CONTRY RSTD TKY W/CRANBERRY APPL SAU,"HC CONTRY RSTD TKY W/CRANBERRY APPL SAU,GRN BNS & CARROT BLD",11.09,9,0,2.400000095,81,5.83,6.690000057,80.62,0.37,0.63,0.42,1.52
HC MESQ BF W/BBQ SAU,"HC MESQ BF W/BBQ SAU,RSTD RED POT & CORN,CAROT PEA MELEY,FRZ",14.44,17,0,1.899999976,110,7.14,5.039999962,74.78,0.93,0.56,0.87,2.64
HC SALBRY STK W/MSHRM GRVY,"HC SALBRY STK W/MSHRM GRVY,RST RED POT,GRN BNS,CRN,CART MEDY",12.69,9,0,2.0,94,6.03,5.800000191,78.11,0.88,0.39,0.87,2.16
HC TRADITION MT LF W/BRN SAU,"HC TRADITION MT LF W/BRN SAU,MSHD POTS,GRN BNS & APL CRP,FRZ",10.8,11,0,1.899999976,87,5.17,4.0,80.51,0.67,0.37,0.62,2.6
HEADCHEESE,"HEADCHEESE,PORK",0.0,69,104,0.0,157,13.83,0.0,73.84,5.601,1.134,3.402,10.9
HEALTHY CHOIC BF MACARONI,"HEALTHY CHOIC BF MACARONI,FRZ ENTREE",13.94,6,12,1.899999976,88,5.89,3.799999952,78.2,0.5,0.14,0.28,0.93
HEALTHY CHOIC CHICK TERIYAKI W/RICE MEDLEY BROCCOLI,"HEALTHY CHOIC CHICK TERIYAKI W/RICE MEDLEY BROCCOLI,FRZ MEAL",11.43,7,0,3.0,80,5.03,4.409999847,81.22,0.56,0.45,0.51,1.53
HEALTHY CHOIC MESQ CHK BBQ,"HEALTHY CHOIC MESQ CHK BBQ,RSTD RED POT,MXD VEG IN SAU,FRZ",14.16,11,0,2.200000048,93,5.67,4.820000172,77.64,0.61,0.38,0.39,1.48
HEARTS OF PALM,"HEARTS OF PALM,CANNED",4.62,0,0,2.400000095,28,2.52,0.0,90.2,0.103,0.202,0.13,0.62
HEINZ,"HEINZ,WEIGHT WATCHER,CHOC ECLAIR,FRZ",40.3,47,0,2.099999905,241,4.4,16.79999924,47.3,2.0,2.9,1.4,6.9
HERRING,"HERRING,ATLANTIC,RAW",0.0,60,65,0.0,158,17.96,0.0,72.05,3.736,2.133,2.04,9.04
HICKORYNUTS,"HICKORYNUTS,DRIED",18.25,0,0,6.400000095,657,12.72,0.0,2.65,32.611,21.886,7.038,64.37
HODGSON MILL,"HODGSON MILL,WHL WHEAT MACARONI&CHS DINNER,DRY MIX",69.2,8,0,7.599999905,376,14.1,0.0,8.5,0.0,0.0,1.37,4.7
HOMINY,"HOMINY,CANNED,YELLOW",14.26,0,0,2.5,72,1.48,0.0,82.53,0.231,0.399,0.123,0.88
HONEY ROLL SAUSAGE,"HONEY ROLL SAUSAGE,BEEF",2.18,50,0,0.0,182,18.58,0.0,64.78,4.82,0.49,4.08,10.5
HORMEL,"HORMEL,CURE 81 HAM",0.21,51,0,0.0,106,18.43,0.0,74.25,1.75,0.37,1.17,3.59
HORMEL ALWAYS TENDER,"HORMEL ALWAYS TENDER,PORK TENDERLOIN,TERIYAKI-FLAVORED",4.63,46,0,0.0,119,18.2,3.329999924,71.9,1.26,0.6,1.05,3.07
HORMEL CHILI,"HORMEL CHILI,NO BNS,CND ENTREE",7.59,15,0,1.299999952,82,7.2,1.419999957,81.2,0.95,0.36,0.93,2.78
HORMEL CHILI W/BNS,"HORMEL CHILI W/BNS,CND ENTREE",13.63,10,0,3.400000095,97,6.71,1.870000005,76.05,0.68,0.35,0.74,1.77
HORMEL CORNED BF HASH,"HORMEL CORNED BF HASH,CND ENTREE",9.27,32,0,1.100000024,164,8.73,0.340000004,70.32,5.26,0.3,4.32,10.24
HORMEL RST BF HASH,"HORMEL RST BF HASH,CND ENTREE",9.71,31,0,1.5,163,9.03,0.25,70.14,4.78,0.27,4.2,10.02
HORMEL SPAM,"HORMEL SPAM,LT LUNCH MT,PORK & CHICK,MINCED,CND,VIT C ADDED",1.35,75,0,0.0,191,15.23,1.25999999,65.72,7.02,1.47,4.49,13.9
HORMEL TURKEY CHILI W/BNS,"HORMEL TURKEY CHILI W/BNS,CND ENTREE",10.35,14,0,2.599999905,82,7.58,2.319999933,78.86,0.17,0.49,0.27,1.12
HORMEL VEGETARIAN CHILI W/BNS,"HORMEL VEGETARIAN CHILI W/BNS,CND ENTREE",15.39,0,0,4.0,83,4.83,2.519999981,77.95,0.03,0.16,0.05,0.28
HORSERADISH,"HORSERADISH,PREPARED",11.29,0,6,3.299999952,48,1.18,7.989999771,85.08,0.13,0.339,0.09,0.69
HORSERADISH-TREE,"HORSERADISH-TREE,PODS,CKD,BLD,DRND,W/SALT",8.18,0,0,4.199999809,36,2.09,0.0,88.42,0.0,0.0,0.0,0.19
HORSERADISH-TREE LEAFY TIPS,"HORSERADISH-TREE LEAFY TIPS,RAW",8.28,0,0,2.0,64,9.4,0.0,78.66,0.0,0.0,0.0,1.4
HOT POCKETS,"HOT POCKETS,CROISSANT POCKTS CHIK,BROC&CHDR STUFD SNDWCH,FRZ",30.4,29,0,1.100000024,235,8.9,0.0,50.0,3.42,1.3,2.62,8.6
HOT POCKETS HAM 'N CHS STUFFED SNDWCH,"HOT POCKETS HAM 'N CHS STUFFED SNDWCH,FRZ",30.0,39,0,0.0,266,11.6,0.0,44.9,3.45,1.16,4.52,11.1
HUCKLEBERRIES,"HUCKLEBERRIES,RAW (ALASKA NATIVE)",8.7,0,0,0.0,37,0.4,0.0,90.7,0.0,0.0,0.0,0.1
HUMMUS,"HUMMUS,HOME PREP",20.12,0,28,4.0,177,4.86,0.270000011,64.87,4.865,2.109,1.141,8.59
HUSH PUPPIES,"HUSH PUPPIES,PREP FROM RECIPE",46.0,45,33,2.799999952,337,7.7,2.029999971,29.0,3.263,7.219,2.108,13.5
HYACINTH BNS,"HYACINTH BNS,MATURE SEEDS,CKD,BLD,WO/SALT",20.7,0,0,0.0,117,8.14,0.0,69.13,0.0,0.0,0.099,0.58
HYACINTH-BEANS,"HYACINTH-BEANS,IMMAT SEEDS,RAW",9.19,0,0,0.0,46,2.1,0.0,87.87,0.095,0.008,0.088,0.2
ICE CREAMS,"ICE CREAMS,VANILLA,FAT FREE",30.06,0,24,1.0,138,4.48,6.300000191,64.35,0.0,0.0,0.0,0.0
ICE CRM CONES,"ICE CRM CONES,SUGAR,ROLLED-TYPE",84.1,0,8,1.700000048,402,7.9,25.65999985,3.0,1.47,1.452,0.573,3.8
IMITATION CHS,"IMITATION CHS,AMERICAN OR CHEDDAR,LO CHOL",1.0,15,0,0.0,390,25.0,1.0,38.0,14.127,10.615,5.815,32.0
INF FO,"INF FO,ME JOHN,EN,NUTR LIPIL,W/ IRON,RE TO FE,W/ ARA & DHA",6.81,0,8,0.0,66,1.83,5.130000114,87.38,1.255,0.67,1.453,3.5
INF FOR,"INF FOR,MEJOHN,PROSOBEE LIPIL,W/ IRON,RE TO FE,W/ ARA & DHA",6.11,0,8,0.0,64,1.64,6.110000134,88.35,1.255,0.671,1.453,3.5
INF FOR NUTR,"INF FOR NUTR,SI LAC ADVA,LIQ CONCENTW/ ARA & DHA,(FORME R)",13.78,4,21,0.0,129,2.73,13.77999973,75.88,0.715,1.548,4.522,6.95
INF FORM,"INF FORM,ABB NUTR,SIMI,ISO,W/ IRON,RTF,(FOR RO)",6.7,0,8,0.0,66,1.61,6.699999809,87.54,1.371,0.838,1.166,3.59
INF FORMMEAD JOHN,"INF FORMMEAD JOHN,ENFAMIL LIPIL,W/ IRON,RTF,W/ ARA & DHA",7.18,1,8,0.0,65,1.38,7.179999828,88.35,1.255,0.67,1.453,3.5
INF FORMU,"INF FORMU,PBM PRO,ULTRA BRI BEGINN,RTF (FORME WYETH-AYERST)",6.4,4,10,0.0,63,1.4,6.400000095,88.1,1.4,0.5,1.6,3.5
INF FORMULA,"INF FORMULA,ABB NUTR,SIMI,ISO,ADVA W/ IRON,RTF,(FORM RO)",6.7,0,8,0.0,66,1.61,6.699999809,87.54,1.371,0.838,1.166,3.59
INFANT FORMULA,"INFANT FORMULA,MEAD JOHNSON,ENFAMIL,W/IRON,RTF",7.18,1,16,0.0,63,1.38,7.179999828,88.35,1.33,0.67,1.469,3.5
INTERSTATE BRANDS CORP,"INTERSTATE BRANDS CORP,WONDER HAMBURGER ROLLS",50.84,0,0,2.599999905,273,8.07,11.06000042,34.2,0.848,2.177,1.013,4.15
Infa for,"Infa for, A N, SI, ALI, ADVA ready, withARA and DHA, (fo R)",6.77,1,8,0.0,67,1.8,4.400000095,87.32,0.294,1.126,1.838,3.63
JACKFRUIT,"JACKFRUIT,CND,SYRUP PK",23.94,0,0,0.899999976,92,0.36,0.0,75.28,0.0,0.0,0.0,0.14
JAMS & PRESERVES,"JAMS & PRESERVES,DIETETIC (WITH NA SACCHARIN),ANY FLAVOR",53.6,0,8,2.5,132,0.3,37.81000137,45.8,0.042,0.151,0.016,0.3
JAMS&PRESERVES,"JAMS&PRESERVES,APRICOT",64.4,0,0,0.300000012,242,0.7,43.40000153,34.5,0.0,0.0,0.01,0.2
JAVA-PLUM,"JAVA-PLUM,(JAMBOLAN),RAW",15.56,0,0,0.0,60,0.72,0.0,83.13,0.0,0.0,0.0,0.23
JELLIES,"JELLIES,RED SUGAR,HOME PRESERVED",46.1,0,7,0.800000012,179,0.3,45.29999924,53.0,0.001,0.008,0.009,0.03
JELLYFISH,"JELLYFISH,DRIED,SALTED",0.0,5,95,0.0,36,5.5,0.0,68.0,0.202,0.475,0.273,1.4
JERUSALEM-ARTICHOKES,"JERUSALEM-ARTICHOKES,RAW",17.44,0,30,1.600000024,73,2.0,9.600000381,78.01,0.004,0.001,0.0,0.01
JEW'S EAR,"JEW'S EAR,(PEPEAO),RAW",6.75,0,0,0.0,25,0.48,0.0,92.59,0.0,0.0,0.0,0.04
JIMMY DEAN,"JIMMY DEAN,SAUSAGE BISCUITS,BRKFST SNDWCH,FRZ",24.1,33,0,1.5,401,9.9,0.0,33.5,0.0,0.0,8.97,29.4
JUICE,"JUICE,APPL,GRAPE & PEAR BLEND,W/ ADDED VIT C & CA",12.96,0,0,0.0,52,0.17,9.949999809,86.44,0.0,0.0,0.0,0.12
JUJUBE,"JUJUBE,RAW",20.23,0,0,0.0,79,1.2,0.0,77.86,0.0,0.0,0.0,0.2
JUTE,"JUTE,POTHERB,CKD,BLD,DRND,WO/SALT",7.29,0,13,2.0,37,3.68,1.0,87.15,0.014,0.096,0.03,0.2
KALE,"KALE,CKD,BLD,DRND,WO/SALT",5.63,0,0,2.0,28,1.9,1.25,91.2,0.03,0.193,0.052,0.4
KAMUT,"KAMUT,CKD",30.46,0,0,0.0,146,6.45,0.0,61.42,0.0,0.0,0.0,0.91
KANPYO,"KANPYO,(DRIED GOURD STRIPS)",65.04,0,0,0.0,258,8.58,0.0,19.97,0.103,0.244,0.045,0.56
KEEBLER,"KEEBLER,KEEBLER CHOC GRAHAM SELECTS",71.8,0,0,0.0,465,7.1,26.5,3.1,0.0,0.0,3.09,16.6
KELLOGG,"KELLOGG,KELLOGG'S LOFAT POP TARTS,FRSTD CHOC FUDGE",76.0,0,0,1.100000024,366,5.1,36.20000076,12.5,2.4,1.7,1.0,5.8
KELLOGG'S POP-TARTS PASTRY SWIRLS,"KELLOGG'S POP-TARTS PASTRY SWIRLS,APPL CINN DANISH",59.7,0,0,1.399999976,413,4.8,17.70000076,16.8,5.8,7.1,4.8,17.7
KENTUCKY FRIED CHICK,"KENTUCKY FRIED CHICK,EX CRISPY,BREAST,MEAT ONLY",0.15,87,0,0.0,166,29.47,0.0,63.19,2.206,0.736,1.161,5.32
KID CUISINE CHK NUG,"KID CUISINE CHK NUG, PSTA IN CHS SAU,CRN,CHOC PUDD W/SPRINK",19.77,22,0,2.900000095,178,7.2,10.93000031,63.94,3.09,1.9,2.16,7.78
KIELBASA,"KIELBASA,POLISH,TURKEY & BF,SMOKED",3.9,70,0,0.0,226,13.1,0.0,62.0,8.27,2.33,6.23,17.6
KIWI FRUIT,"KIWI FRUIT,(CHINESE GOOSEBERRIES),FRSH,RAW",14.66,0,8,3.0,61,1.14,8.989999771,83.07,0.047,0.287,0.029,0.52
KIWIFRUIT,"KIWIFRUIT,(CHINESE GOOSEBERRIES),HELD IN STORAGE,RAW",14.88,0,0,3.400000095,61,0.99,0.0,83.05,0.0,0.0,0.0,0.44
KOHLRABI,"KOHLRABI,RAW",6.2,0,12,3.599999905,27,1.7,2.599999905,91.0,0.007,0.048,0.013,0.1
KRAFT,"KRAFT,STOVE TOP STUFFING MIX CHICKEN FLAVOR",73.1,4,0,2.5,381,12.6,10.10000038,5.3,0.0,0.0,0.8,4.1
KRAFT FOODS,"KRAFT FOODS,SHAKE 'N' BAKE ORIG RECIPE,COATING FOR PORK,DRY",79.8,0,0,0.0,377,6.1,0.0,3.2,0.0,0.0,0.0,3.7
KRAFT MACARONI & CHEESE DINNER ORIGINAL FLAVOR,"KRAFT MACARONI & CHEESE DINNER ORIGINAL FLAVOR,UNPREP",67.9,14,0,2.099999905,370,16.2,10.0,7.7,0.0,0.0,1.8,3.7
KUMQUATS,"KUMQUATS,RAW",15.9,0,8,6.5,71,1.88,9.359999657,80.85,0.154,0.171,0.103,0.86
LAMB,"LAMB,VAR MEATS&BY-PRODUCTS,LUNGS,RAW",0.0,0,0,0.0,95,16.7,0.0,79.7,0.67,0.35,0.89,2.6
LAMBS QUARTERS,"LAMBS QUARTERS,CKD,BLD,DRND,W/SALT",5.0,0,0,2.099999905,32,3.2,0.620000005,88.9,0.131,0.307,0.052,0.7
LAMBSQUARTERS,"LAMBSQUARTERS,RAW (NORTHERN PLAINS INDIANS)",6.96,0,20,6.300000191,47,4.21,0.0,85.23,0.0,0.0,0.0,0.28
LASAGNA,"LASAGNA,CHS,FRZ,PREP",13.84,13,0,1.700000048,130,6.54,4.230000019,72.78,1.573,1.022,2.11,5.33
LASAGNA W/ MEAT & SAU,"LASAGNA W/ MEAT & SAU,LOW-FAT,FRZ ENTREE",13.5,7,0,1.299999952,101,6.81,0.0,76.36,0.698,0.279,0.967,2.23
LEAVENING AGENTS,"LEAVENING AGENTS,BAKING PDR,DOUBLE-ACTING,NA AL SULFATE",27.7,0,0,0.200000003,53,0.0,0.0,5.0,0.0,0.0,0.0,0.0
LEEKS,"LEEKS,(BULB&LOWER LEAF-PORTION),CKD,BLD,DRND,WO/SALT",7.62,0,0,1.0,31,0.81,2.109999895,90.8,0.003,0.111,0.027,0.2
LEMON GRASS (CITRONELLA),"LEMON GRASS (CITRONELLA),RAW",25.31,0,0,0.0,99,1.82,0.0,70.58,0.054,0.17,0.119,0.49
LEMON JUC,"LEMON JUC,CND OR BTLD",6.48,0,5,0.400000006,21,0.4,2.400000095,92.46,0.011,0.085,0.038,0.29
LEMON JUICE,"LEMON JUICE,RAW",8.63,0,5,0.400000006,25,0.38,2.400000095,90.73,0.0,0.0,0.0,0.0
LEMON PEEL,"LEMON PEEL,RAW",16.0,0,8,10.60000038,47,1.5,4.170000076,81.6,0.011,0.089,0.039,0.3
LEMONADE,"LEMONADE,LO CAL,W/ASPRT,PDR,PREP W/H2O",0.68,0,0,0.0,3,0.03,0.0,99.1,0.0,0.001,0.0,0.0
LEMONADE-FLAVOR DRK,"LEMONADE-FLAVOR DRK,PDR,PREP W/H2O",6.68,0,0,0.0,26,0.01,6.679999828,92.88,0.0,0.0,0.0,0.0
LEMONS,"LEMONS,RAW,WITH PEEL",10.7,0,0,4.699999809,20,1.2,0.0,87.4,0.011,0.089,0.039,0.3
LENTILS,"LENTILS,SPROUTED,CKD,STIR-FRIED,WO/SALT",21.25,0,0,0.0,101,8.8,0.0,68.7,0.095,0.201,0.053,0.45
LETTUCE,"LETTUCE,RED LEAF,RAW",2.26,0,12,0.899999976,16,1.33,0.479999989,95.64,0.0,0.0,0.0,0.22
LIGHT ICE CRM,"LIGHT ICE CRM,SOFT SERVE,BLENDED W/ COOKIE PIECES",25.55,15,19,0.100000001,169,3.97,21.19000053,63.9,1.716,0.364,2.754,5.66
LIMA BNS,"LIMA BNS,LRG,MATURE SEEDS,CND",14.91,0,0,4.800000191,79,4.93,0.0,77.08,0.015,0.074,0.039,0.17
LIME JUC,"LIME JUC,CND OR BTLD,UNSWTND",6.69,0,5,0.400000006,21,0.25,1.370000005,92.52,0.022,0.064,0.026,0.23
LIME JUICE,"LIME JUICE,RAW",8.42,0,5,0.400000006,25,0.42,1.690000057,90.79,0.008,0.023,0.008,0.07
LIMEADE,"LIMEADE,FRZ CONC,PREP W/H2O",13.79,0,0,0.0,52,0.0,13.27000046,86.08,0.0,0.0,0.0,0.0
LIMES,"LIMES,RAW",10.54,0,5,2.799999952,30,0.7,1.690000057,88.26,0.019,0.055,0.022,0.2
LING,"LING,COOKED,DRY HEAT",0.0,51,0,0.0,111,24.35,0.0,73.88,0.0,0.0,0.0,0.82
LINGCOD,"LINGCOD,RAW",0.0,52,0,0.0,85,17.66,0.0,81.03,0.35,0.3,0.197,1.06
LIPTON,"LIPTON,ALFREDO EGG NOODLES IN A CREAMY SAU,DRY MIX",62.4,112,0,0.0,418,15.5,0.0,4.9,3.856,1.244,4.57,11.8
LITCHIS,"LITCHIS,RAW",16.53,0,7,1.299999952,66,0.83,15.22999954,81.76,0.12,0.132,0.099,0.44
"LITTLE CAESARS 14"" CHS PIZZA","LITTLE CAESARS 14"" CHS PIZZA,LRG DEEP DISH CRUST",30.1,23,0,1.299999952,263,12.63,3.660000086,44.9,2.757,1.728,4.237,10.22
"LITTLE CAESARS 14"" ORIGINAL RND CHS PIZZA","LITTLE CAESARS 14"" ORIGINAL RND CHS PIZZA,REG CRUST",31.5,24,0,1.700000048,265,13.39,4.019999981,43.39,2.38,1.461,4.206,9.54
"LITTLE CAESARS 14"" ORIGINAL RND MEAT & VEG PIZZA","LITTLE CAESARS 14"" ORIGINAL RND MEAT & VEG PIZZA,REG CRUST",23.1,31,0,2.099999905,243,12.12,3.74000001,51.1,4.063,1.72,4.561,11.35
"LITTLE CAESARS 14"" ORIGINAL RND PEPPERONI PIZZA","LITTLE CAESARS 14"" ORIGINAL RND PEPPERONI PIZZA,REG CRUST",31.01,28,0,1.700000048,273,13.59,3.75999999,42.57,3.108,1.603,4.541,10.5
"LITTLE CAESARS 14"" PEPPERONI PIZZA","LITTLE CAESARS 14"" PEPPERONI PIZZA,LRG DEEP DISH CRUST",29.03,26,0,1.5,265,12.93,3.390000105,44.98,3.151,1.756,4.314,10.81
LIVER CHEESE,"LIVER CHEESE,PORK",2.1,174,0,0.0,304,15.2,0.0,53.6,12.26,3.42,8.96,25.6
LIVER SAUSAGE,"LIVER SAUSAGE,LIVERWURST,PORK",2.2,158,0,0.0,326,14.1,0.0,52.1,13.34,2.6,10.6,28.5
LOBSTER,"LOBSTER,NORTHERN,CKD,MOIST HEAT",1.28,72,81,0.0,98,20.5,0.0,76.03,0.16,0.091,0.107,0.59
LOGANBERRIES,"LOGANBERRIES,FROZEN",13.02,0,8,5.300000191,55,1.52,7.699999809,84.61,0.03,0.176,0.011,0.31
LOMA LINDA BIG FRANKS,"LOMA LINDA BIG FRANKS,CND,UNPREP",5.77,0,0,3.5,217,21.47,0.439999998,59.09,3.1,7.39,1.61,12.03
LOMA LINDA DINNER CUTS,"LOMA LINDA DINNER CUTS,CND,UNPREP",4.15,1,0,2.400000095,104,19.46,0.409999996,73.66,0.1,0.7,0.2,1.1
LOMA LINDA FRIED CHIK'N W/ GRAVY,"LOMA LINDA FRIED CHIK'N W/ GRAVY,CND,UNPREP",5.2,1,0,2.799999952,181,13.15,0.560000002,68.19,2.98,7.08,1.84,11.91
LOMA LINDA LINKETTS,"LOMA LINDA LINKETTS,CND,UNPREP",4.35,0,0,3.0,208,21.29,0.280000001,61.22,2.88,7.01,1.57,11.76
LOMA LINDA LITTLE LINKS,"LOMA LINDA LITTLE LINKS,CND,UNPREP",5.53,1,0,4.199999809,221,19.38,0.790000021,60.03,3.5,7.7,2.0,13.46
LOMA LINDA LOFAT BIG FRANKS,"LOMA LINDA LOFAT BIG FRANKS,CND,UNPREP",4.9,0,0,4.099999905,154,23.1,0.340000004,65.59,1.1,3.1,0.5,4.69
LOMA LINDA REDI-BURGER,"LOMA LINDA REDI-BURGER,CND,UNPREP",8.15,0,0,4.300000191,149,21.89,1.210000038,64.79,0.59,1.76,0.44,3.18
LOMA LINDA SWISS STAKE W/ GRAVY,"LOMA LINDA SWISS STAKE W/ GRAVY,CND,UNPREP",10.37,1,0,3.200000048,141,10.17,0.910000026,70.87,1.64,3.69,0.83,6.51
LOMA LINDA TENDER BITS,"LOMA LINDA TENDER BITS,CND,UNPREP",8.29,0,0,4.300000191,135,15.12,0.589999974,69.97,1.1,2.6,0.7,4.64
LOMA LINDA TENDER ROUNDS W/ GRAVY,"LOMA LINDA TENDER ROUNDS W/ GRAVY,CND,UNPREP",7.4,1,0,3.5,145,16.26,1.029999971,69.1,1.33,2.3,0.7,5.63
LOMA LINDA VEGE-BURGER,"LOMA LINDA VEGE-BURGER,CND,UNPREP",3.72,0,0,2.599999905,115,22.22,0.850000024,71.96,0.2,0.73,0.23,1.24
LONGANS,"LONGANS,RAW",15.14,0,0,1.100000024,60,1.31,0.0,82.75,0.0,0.0,0.0,0.1
LOQUATS,"LOQUATS,RAW",12.14,0,0,1.700000048,47,0.43,0.0,86.73,0.008,0.091,0.04,0.2
LOTUS ROOT,"LOTUS ROOT,CKD,BLD,DRND,W/SALT",16.02,0,25,3.099999905,66,1.58,0.0,81.42,0.014,0.014,0.021,0.07
LOTUS SEEDS,"LOTUS SEEDS,RAW",17.28,0,0,0.0,89,4.13,0.0,77.0,0.104,0.312,0.088,0.53
LOUIS RICH,"LOUIS RICH,CHICK BREAST CLASSIC BKD /GRILL (CARVING BOARD)",3.7,52,0,0.0,98,19.7,0.699999988,72.9,0.177,0.081,0.162,0.5
LUNCHEON MEAT,"LUNCHEON MEAT,BF,THIN SLICED",2.59,48,53,0.0,117,17.94,0.0,72.53,1.289,0.089,1.101,3.4
LUNCHEON SAUSAGE,"LUNCHEON SAUSAGE,PORK&BF",1.58,64,0,0.0,260,15.38,0.0,58.62,9.93,2.05,7.62,20.9
LUNCHEON SLICES,"LUNCHEON SLICES,MEATLESS",4.44,0,105,0.0,189,17.78,2.220000029,65.01,2.055,4.383,1.338,11.11
LUPINS,"LUPINS,MATURE SEEDS,CKD,BLD,WO/ SALT",9.88,0,0,2.799999952,119,15.57,0.0,71.08,1.18,0.73,0.346,2.92
LUXURY LOAF,"LUXURY LOAF,PORK",4.9,36,0,0.0,141,18.4,0.0,68.2,2.33,0.51,1.58,4.8
MACADAMIA NUTS,"MACADAMIA NUTS,DRY RSTD,WO/SALT",13.38,0,45,8.0,718,7.79,4.139999866,1.61,59.275,1.498,11.947,76.08
MACARONI,"MACARONI,VEG,CKD,ENR",26.61,0,5,4.300000191,128,4.53,1.149999976,68.37,0.012,0.044,0.016,0.11
MACE,"MACE,GROUND",50.5,0,0,20.20000076,475,6.71,0.0,8.17,11.17,4.39,9.51,32.38
MACKEREL,"MACKEREL,KING,RAW",0.0,53,0,0.0,105,20.28,0.0,75.85,0.764,0.46,0.363,2.0
MALABAR SPINACH,"MALABAR SPINACH,COOKED",2.71,0,0,2.099999905,23,2.98,0.0,92.5,0.0,0.0,0.0,0.78
MALTED DRK MIX,"MALTED DRK MIX,NAT,W/ ADDED NUTR,PDR",83.59,0,32,1.899999976,372,9.41,63.38000107,3.1,0.343,0.169,0.679,1.33
MAMMY-APPLE,"MAMMY-APPLE,(MAMEY),RAW",12.5,0,0,3.0,51,0.5,0.0,86.2,0.205,0.079,0.136,0.5
MANGO NECTAR,"MANGO NECTAR,CND",13.12,0,2,0.300000012,51,0.11,12.44999981,86.63,0.022,0.011,0.014,0.06
MANGOS,"MANGOS,RAW",17.0,0,8,1.799999952,65,0.51,14.80000019,81.71,0.101,0.051,0.066,0.27
MANGOSTEEN,"MANGOSTEEN,CND,SYRUP PK",17.91,0,0,1.799999952,73,0.41,0.0,80.94,0.0,0.0,0.0,0.58
MARASCHINO CHERRIES,"MARASCHINO CHERRIES,CND,DRND",41.97,0,4,3.200000048,165,0.22,38.77000046,57.27,0.049,0.055,0.039,0.21
MARGARINE,"MARGARINE,VEG OIL SPRD,20% FAT",0.4,0,12,0.0,175,0.0,0.0,78.8,7.48,8.04,2.87,19.5
MARGARINE SPRD,"MARGARINE SPRD,FAT-FREE,TUB",4.34,0,8,0.0,44,0.1,0.0,90.69,0.356,0.422,2.128,3.04
MARGARINE-BUTTER BLEND,"MARGARINE-BUTTER BLEND,SOYBN OIL & BUTTER",0.77,12,6,0.0,714,0.31,0.0,17.07,30.292,24.17,14.198,80.32
MARGARINE-LIKE SHORTENING,"MARGARINE-LIKE SHORTENING,INDUS,SOY(PART  HYDR),CTTNSD,& SOY",0.0,0,0,0.0,628,0.0,0.0,28.0,37.243,7.512,22.869,71.0
MARGARINE-LIKE SPRD,"MARGARINE-LIKE SPRD,SMART BEAT SMART SQUEEZE",7.1,0,0,0.0,47,0.0,1.0,87.91,0.47,1.18,0.31,2.1
MARIE CALLENDER TKY W/GRY & DRSNG W/ MSHD POT,"MARIE CALLENDER TKY W/GRY & DRSNG W/ MSHD POT,GRN BNS & CRAN",11.35,17,0,1.0,99,8.15,2.24000001,76.59,0.73,0.76,0.63,2.37
MARIE CALLENDER'S BF STROGANOFF & NOODLES,"MARIE CALLENDER'S BF STROGANOFF & NOODLES, CARROTS, PEAS,FRZ",10.75,17,0,2.0,114,6.69,1.690000057,76.32,1.5,1.12,1.95,4.89
MARIE CALLENDER'S CHICK POT PIE,"MARIE CALLENDER'S CHICK POT PIE,FRZ ENTREE",19.18,9,0,1.0,235,6.83,0.779999971,58.2,5.73,1.76,4.1,14.59
MARJORAM,"MARJORAM,DRIED",60.56,0,44,40.29999924,271,12.66,4.090000153,7.64,0.94,4.405,0.529,7.04
MARMALADE,"MARMALADE,ORANGE",66.3,0,3,0.699999988,246,0.3,60.0,33.2,0.0,0.0,0.0,0.0
MARTHA WHITE FOODS,"MARTHA WHITE FOODS,MARTHA WHITE'S CHEWY FUDGE BROWNIE MIX,",83.58,0,0,2.900000095,407,4.42,54.75999832,4.0,0.0,0.0,1.7,6.16
MASHU ROOTS,"MASHU ROOTS,RAW (ALASKA NATIVE)",22.6,0,0,0.0,135,5.8,0.0,67.8,0.0,0.0,0.0,2.4
MAYONNAISE,"MAYONNAISE,MADE WITH TOFU",3.06,0,26,1.100000024,322,5.95,0.850000024,56.33,5.246,16.59,2.921,31.79
MAYONNAISE DRSNG,"MAYONNAISE DRSNG,NO CHOL",0.3,0,1,0.0,688,0.0,0.300000012,21.7,18.026,45.539,10.784,77.8
MCDONALD'S,"MCDONALD'S,APPL DIPPERS",12.1,0,0,0.0,48,0.0,9.199999809,87.5,0.0,0.0,0.0,0.0
MCKEE BAKING,"MCKEE BAKING,LITTL DEBBI NUT BAR,WAFER W/PNUT BUTE,CHOC COVE",55.2,0,0,0.0,548,8.0,34.0,3.0,0.0,0.0,6.29,32.8
MEAT DRIPPINGS (LARD,"MEAT DRIPPINGS (LARD,BF TALLOW,MUTTON TALLOW)",0.0,101,49,0.0,889,0.0,0.0,0.0,41.77,7.56,44.79,98.59
MEATBALLS,"MEATBALLS,MEATLESS",8.0,0,88,4.599999905,197,21.0,1.25,58.0,2.188,4.666,1.425,9.0
MELON,"MELON,BANANA (NAVAJO)",4.06,0,0,0.300000012,21,0.84,3.359999895,94.66,0.0,0.0,0.0,0.2
MELON BALLS,"MELON BALLS,FROZEN",7.94,0,0,0.699999988,33,0.84,0.0,90.26,0.006,0.098,0.064,0.25
MELONS,"MELONS,CASABA,RAW",6.58,0,8,0.899999976,28,1.11,5.690000057,91.85,0.002,0.039,0.025,0.1
MILK,"MILK,NONFAT,FLUID,W/ VIT A (FAT FREE OR SKIM)",4.96,2,16,0.0,34,3.37,5.090000153,90.84,0.021,0.003,0.051,0.08
MILK DSSRT,"MILK DSSRT,FRZ,MILK-FAT FREE,CHOC",37.7,0,1,0.0,167,4.3,37.70000076,56.1,0.329,0.03,0.597,1.0
MILK SHAKES,"MILK SHAKES,THICK CHOC",21.15,11,0,0.300000012,119,3.05,20.85000038,72.2,0.78,0.1,1.681,2.7
MILK SUBSTITUTES,"MILK SUBSTITUTES,FLUID W/HYDR VEG OILS",6.16,0,0,0.0,61,1.75,6.159999847,88.18,1.998,0.488,0.767,3.41
MILKFISH,"MILKFISH,COOKED,DRY HEAT",0.0,67,0,0.0,190,26.32,0.0,62.63,0.0,0.0,0.0,8.63
MILLET,"MILLET,COOKED",23.67,0,11,1.299999952,119,3.51,0.129999995,71.41,0.184,0.508,0.172,1.0
MISSION FOODS,"MISSION FOODS,MISSION FLR TORTILLAS,SOFT TACO,8 INCH",49.6,0,0,0.0,287,8.7,0.0,33.6,2.771,0.924,0.695,6.0
MIXED NUTS,"MIXED NUTS,DRY RSTD,W/PNUTS,WO/SALT",25.35,0,0,9.0,594,17.3,0.0,1.75,31.395,10.768,6.899,51.45
MIXED VEG & FRUIT JUC DRK,"MIXED VEG & FRUIT JUC DRK,W/ ADDED NUTR",7.47,0,5,0.0,29,0.04,2.099999905,92.34,0.0,0.0,0.0,0.01
MONKFISH,"MONKFISH,COOKED,DRY HEAT",0.0,32,0,0.0,97,18.56,0.0,78.51,0.0,0.0,0.0,1.95
MOOSE,"MOOSE,LIVER,BRSD (ALASKA NATIVE)",3.43,389,0,0.0,155,24.38,0.0,66.0,0.65,1.07,0.0,4.89
MOR-NU,"MOR-NU,TOFU,SILKEN,LITE FIRM",1.1,0,0,0.0,37,6.3,0.449999988,91.4,0.136,0.449,0.133,0.8
MORI-NU,"MORI-NU,TOFU,SILKEN,LITE EX FIRM",1.0,0,0,0.0,38,7.0,0.419999987,90.9,0.118,0.395,0.116,0.7
MORNINGSTAR FARMS AMERICA'S ORIGINAL VEGGIE DOG,"MORNINGSTAR FARMS AMERICA'S ORIGINAL VEGGIE DOG,FRZ,UNPREP",12.3,0,0,3.5,132,19.7,4.099999905,64.8,0.2,0.9,0.2,1.3
MORNINGSTAR FARMS ASIAN VEGGIE PATTIES,"MORNINGSTAR FARMS ASIAN VEGGIE PATTIES,FRZ,UNPREP",14.9,0,0,3.0,155,10.9,4.900000095,64.75,1.7,3.7,0.8,6.2
MORNINGSTAR FARMS BRKFST PATTIE MADE W/ ORG SOY,"MORNINGSTAR FARMS BRKFST PATTIE MADE W/ ORG SOY,FRZ,UNPREP",10.6,2,0,4.300000191,205,22.1,1.5,55.4,3.3,3.8,1.1,8.2
MORNINGSTAR FARMS CHEDDAR BURGER,"MORNINGSTAR FARMS CHEDDAR BURGER,FRZ,UNPREP",16.1,12,0,5.0,222,19.7,1.799999952,50.5,2.7,4.2,2.8,10.4
MORNINGSTAR FARMS CHIK PATTIES ORIGINAL,"MORNINGSTAR FARMS CHIK PATTIES ORIGINAL,FRZ,UNPREP",22.9,0,0,3.0,197,11.8,2.0,54.0,1.4,4.7,0.8,7.0
MORNINGSTAR FARMS CHIK'N NUGGETS,"MORNINGSTAR FARMS CHIK'N NUGGETS,FRZ,UNPREP",20.79,1,0,2.299999952,218,14.19,1.299999952,53.0,2.35,4.21,1.19,8.72
MORNINGSTAR FARMS GARDEN VEGGIE PATTIES,"MORNINGSTAR FARMS GARDEN VEGGIE PATTIES,FRZ,UNPREP",13.7,2,0,4.5,176,17.8,1.799999952,59.9,1.5,3.2,0.8,5.6
MORNINGSTAR FARMS GRILLERS ORIGINAL,"MORNINGSTAR FARMS GRILLERS ORIGINAL,FRZ,UNPREP",8.5,3,0,4.400000095,213,23.9,1.200000048,55.6,2.6,5.0,1.7,9.3
MORNINGSTAR FARMS GRILLERS PRIME,"MORNINGSTAR FARMS GRILLERS PRIME,FRZ,UNPREP",5.9,1,0,2.599999905,238,24.0,0.300000012,54.3,5.6,6.0,1.6,13.2
MORNINGSTAR FARMS GRILLERS RECIPE CRUMBLES,"MORNINGSTAR FARMS GRILLERS RECIPE CRUMBLES,FRZ,UNPREP",7.7,0,0,4.699999809,131,17.8,0.600000024,65.8,0.9,2.87,0.5,4.3
MORNINGSTAR FARMS GRILLERS VEGAN,"MORNINGSTAR FARMS GRILLERS VEGAN,FRZ,UNPREP",9.1,0,0,5.199999809,132,16.3,0.400000006,68.2,1.2,1.7,0.5,3.4
MORNINGSTAR FARMS ITALIAN HERB CHIK PATTIES,"MORNINGSTAR FARMS ITALIAN HERB CHIK PATTIES,FRZ,UNPREP",31.1,0,0,3.400000095,236,13.6,1.5,46.9,1.3,4.85,0.8,7.0
MORNINGSTAR FARMS MEAL STARTERS CHIK'N STRIPS,"MORNINGSTAR FARMS MEAL STARTERS CHIK'N STRIPS,FRZ,UNPREP",6.7,0,0,1.399999976,164,26.8,1.200000048,60.3,1.5,1.69,0.6,3.9
MORNINGSTAR FARMS MEAL STARTERS STEAK STRIPS,"MORNINGSTAR FARMS MEAL STARTERS STEAK STRIPS,FRZ,UNPREP",9.0,0,0,1.100000024,173,26.1,1.200000048,58.5,1.8,1.61,0.6,4.1
MORNINGSTAR FARMS MEATFREE BUFFALO WINGS,"MORNINGSTAR FARMS MEATFREE BUFFALO WINGS,FRZ,UNPREP",23.3,0,0,3.700000048,230,14.5,2.0,50.4,2.0,6.14,1.2,9.4
MORNINGSTAR FARMS MEATLESS CORN DOGS,"MORNINGSTAR FARMS MEATLESS CORN DOGS,FRZ,UNPREP",31.67,0,0,4.199999809,228,11.38,7.420000076,48.68,1.95,3.57,1.05,6.17
MORNINGSTAR FARMS MEATLESS MINI CORN DOGS,"MORNINGSTAR FARMS MEATLESS MINI CORN DOGS,FRZ,UNPREP",29.29,1,0,4.199999809,229,13.44,3.49000001,48.46,2.53,1.67,0.71,6.48
MORNINGSTAR FARMS MUSHROOM LOVER'S BURGER,"MORNINGSTAR FARMS MUSHROOM LOVER'S BURGER,FRZ,UNPREP",11.8,0,0,1.200000048,169,11.6,1.600000024,66.1,2.5,4.9,1.3,8.8
MORNINGSTAR FARMS OKARA PATTIES MADE W/ ORG SOY,"MORNINGSTAR FARMS OKARA PATTIES MADE W/ ORG SOY,FRZ,UNPREP",9.6,1,0,4.5,178,18.6,1.200000048,61.8,3.9,2.2,0.8,7.2
MORNINGSTAR FARMS ORIGINAL CHIK'N TENDERS,"MORNINGSTAR FARMS ORIGINAL CHIK'N TENDERS,FRZ,UNPREP",25.2,0,0,3.599999905,233,14.7,0.600000024,50.4,2.4,4.55,1.1,8.1
MORNINGSTAR FARMS PHILLY CHEESESTEAK BURGER,"MORNINGSTAR FARMS PHILLY CHEESESTEAK BURGER,FRZ,UNPREP",10.52,0,0,3.099999905,186,14.6,0.800000012,62.63,2.33,3.42,2.3,9.48
MORNINGSTAR FARMS RSTD HERB CHIK'N W/ ORG SOY,"MORNINGSTAR FARMS RSTD HERB CHIK'N W/ ORG SOY,FRZ,UNPREP",13.6,1,0,2.700000048,167,18.9,1.399999976,60.6,1.9,1.7,0.5,4.1
MORNINGSTAR FARMS SAUSAGE STYLE RECIPE CRUMBLES,"MORNINGSTAR FARMS SAUSAGE STYLE RECIPE CRUMBLES,FRZ,UNPREP",13.7,0,0,2.0,164,17.8,1.100000024,61.5,1.1,2.3,0.6,4.2
MORNINGSTAR FARMS SPICY BLACK BEAN BURGER,"MORNINGSTAR FARMS SPICY BLACK BEAN BURGER,FRZ,UNPREP",19.7,1,0,6.800000191,171,16.1,2.799999952,56.5,1.5,3.3,0.8,5.7
MORNINGSTAR FARMS TOMATO & BASIL PIZZA BURGER,"MORNINGSTAR FARMS TOMATO & BASIL PIZZA BURGER,FRZ,UNPREP",11.1,11,0,3.700000048,181,15.5,2.400000095,62.8,2.1,3.86,2.2,8.3
MORNINGSTAR FARMS VEGAN BURGER MADE W/ ORG SOY,"MORNINGSTAR FARMS VEGAN BURGER MADE W/ ORG SOY,FRZ,UNPREP",10.7,0,0,5.699999809,138,18.9,2.099999905,64.8,0.8,1.09,0.3,2.2
MORNINGSTAR FARMS VEGGIE BACON STRIPS,"MORNINGSTAR FARMS VEGGIE BACON STRIPS,FRZ,UNPREP",14.3,2,0,5.099999905,346,12.4,0.800000012,41.9,6.2,16.2,4.2,26.6
MORNINGSTAR FARMS VEGGIE BITES BROCCOLI CHEDDAR,"MORNINGSTAR FARMS VEGGIE BITES BROCCOLI CHEDDAR,FRZ,UNPREP",17.4,8,0,1.5,209,9.9,3.400000095,58.8,3.1,5.5,2.8,11.7
MORNINGSTAR FARMS VEGGIE BITES COUNTRY SCRAMBLE,"MORNINGSTAR FARMS VEGGIE BITES COUNTRY SCRAMBLE,FRZ,UNPREP",19.8,13,0,2.400000095,216,13.0,2.099999905,55.0,2.5,4.6,2.2,9.4
MORNINGSTAR FARMS VEGGIE BITES EGGS FLORENTINE,"MORNINGSTAR FARMS VEGGIE BITES EGGS FLORENTINE,FRZ,UNPREP",20.1,14,0,2.200000048,206,11.7,3.299999952,53.3,1.5,5.14,2.0,8.7
MORNINGSTAR FARMS VEGGIE BITES SPINACH ARTICHOKE,"MORNINGSTAR FARMS VEGGIE BITES SPINACH ARTICHOKE,FRZ,UNPREP",18.8,8,0,2.099999905,221,11.0,4.699999809,56.0,3.2,5.4,3.0,11.9
MORNINGSTAR FARMS VEGGIE CAKES GINGER TERIYAKI,"MORNINGSTAR FARMS VEGGIE CAKES GINGER TERIYAKI,FRZ,UNPREP",27.9,0,0,2.700000048,163,8.2,2.599999905,60.55,0.4,1.5,0.4,2.3
MORNINGSTAR FARMS VEGGIE CAKES SOUTHWESTERN STYLE,"MORNINGSTAR FARMS VEGGIE CAKES SOUTHWESTERN STYLE,FRZ,UNPREP",30.8,7,0,3.200000048,197,9.5,0.400000006,52.4,0.6,2.9,1.7,4.6
MORNINGSTAR FARMS VEGGIE CORN DOGS W/ NAT INGR,"MORNINGSTAR FARMS VEGGIE CORN DOGS W/ NAT INGR,FRZ,UNPREP",30.9,0,0,2.299999952,231,11.6,8.199999809,48.5,1.7,4.0,1.1,6.8
MORNINGSTAR FARMS VEGGIE MEDLEY W/ ORG SOY,"MORNINGSTAR FARMS VEGGIE MEDLEY W/ ORG SOY,FRZ,UNPREP",15.8,2,0,2.700000048,178,15.9,1.600000024,59.8,3.2,1.8,0.7,5.7
MORNINGSTAR FARMS VEGGIE SAUSAGE LINKS,"MORNINGSTAR FARMS VEGGIE SAUSAGE LINKS,FRZ,UNPREP",6.8,2,0,4.0,159,19.2,1.0,64.0,1.8,3.6,0.7,6.1
MORNINGSTAR FARMS VEGGIE SAUSAGE PATTIES,"MORNINGSTAR FARMS VEGGIE SAUSAGE PATTIES,FRZ,UNPREP",8.8,2,0,4.099999905,210,25.8,1.700000048,54.4,1.9,4.9,1.1,7.9
MORTADELLA,"MORTADELLA,BEEF,PORK",3.05,56,72,0.0,311,16.37,0.0,52.3,11.38,3.12,9.51,25.39
MOTHBEANS,"MOTHBEANS,MATURE SEEDS,CKD,BLD,WO/SALT",20.96,0,0,0.0,117,7.81,0.0,69.23,0.044,0.256,0.124,0.55
MOTHER'S LOAF,"MOTHER'S LOAF,PORK",7.53,45,0,0.0,282,12.07,0.0,54.9,10.34,2.58,7.95,22.3
MOUNTAIN YAM,"MOUNTAIN YAM,HAWAII,CKD,STMD,WO/SALT",20.0,0,0,0.0,82,1.73,0.0,77.14,0.003,0.036,0.018,0.08
MOUSE NUTS,"MOUSE NUTS,ROOTS (ALASKA NATIVE)",16.1,0,0,0.0,81,3.9,0.0,77.2,0.0,0.0,0.0,0.1
MUFFIN,"MUFFIN,BLUEBERRY,COMMLY PREP,LOW-FAT",50.05,28,52,4.199999809,255,4.23,27.04999924,39.94,0.86,1.363,1.549,4.22
MUFFINS,"MUFFINS,OAT BRAN",48.3,0,7,4.599999905,270,7.0,8.220000267,35.0,1.695,4.129,1.087,7.4
MULBERRIES,"MULBERRIES,RAW",9.8,0,12,1.700000048,43,1.44,8.100000381,87.68,0.041,0.207,0.027,0.39
MULLET,"MULLET,STRIPED,RAW",0.0,49,65,0.0,117,19.35,0.0,77.01,1.078,0.715,1.116,3.79
MUNG BNS,"MUNG BNS,MATURE SEEDS,SPROUTED,CKD,BLD,DRND,WO/SALT",4.19,0,10,0.800000012,21,2.03,2.839999914,93.39,0.012,0.032,0.025,0.09
MUNGO BNS,"MUNGO BNS,MATURE SEEDS,CKD,BLD,WO/SALT",18.34,0,30,6.400000095,105,7.54,2.00999999,72.51,0.029,0.359,0.038,0.55
MUSH,"MUSH,BLUE CORN W/ ASH (NAVAJO)",11.74,0,0,1.100000024,54,0.66,0.189999998,86.67,0.109,0.208,0.074,0.49
MUSHROOM,"MUSHROOM,OYSTER,RAW",6.47,0,49,2.299999952,43,3.31,1.110000014,88.8,0.01,0.04,0.02,0.41
MUSHROOMS,"MUSHROOMS,ENOKI,RAW",7.68,0,48,2.700000048,44,2.56,0.219999999,88.54,0.0,0.0,0.0,0.32
MUSSEL,"MUSSEL,BLUE,RAW",3.69,28,65,0.0,86,11.9,0.0,80.58,0.507,0.606,0.425,2.24
MUSTARD,"MUSTARD,PREPARED,YELLOW",5.33,0,22,3.299999952,67,4.37,0.860000014,82.65,2.627,0.954,0.248,4.01
MUSTARD GREENS,"MUSTARD GREENS,RAW",4.9,0,0,3.299999952,26,2.7,1.600000024,90.8,0.092,0.038,0.01,0.2
MUSTARD GRNS,"MUSTARD GRNS,CKD,BLD,DRND,WO/SALT",2.1,0,0,2.0,15,2.26,0.100000001,94.46,0.11,0.046,0.012,0.24
MUSTARD SEED,"MUSTARD SEED,YELLOW",34.94,0,123,14.69999981,469,24.94,6.789999962,6.86,19.83,5.39,1.46,28.76
MUSTARD SPINACH,"MUSTARD SPINACH,(TENDERGREEN),CKD,BLD,DRND,WO/SALT",2.8,0,0,2.0,16,1.7,0.0,94.5,0.0,0.0,0.0,0.2
Macaroni and Cheese,"Macaroni and Cheese, canned entree",11.52,6,5,0.5,82,3.38,0.5,81.39,0.6,0.303,0.881,2.46
McDONALD'S,"McDONALD'S,  Hamburger",30.69,27,0,1.299999952,252,12.36,6.579999924,45.67,3.17,0.223,2.938,9.29
Mutton,"Mutton, cooked, roasted (Navajo)",0.08,109,101,0.0,234,33.43,0.0,54.0,4.459,0.814,5.142,11.09
NABISCO,"NABISCO,NABISCO SNACKWELL'S FAT FREE DEVIL'S FD COOKIE CAKES",74.25,0,0,1.600000024,305,5.0,43.38000107,17.65,0.246,0.196,0.427,1.09
NALLEY CHILI CON CARNE W/BNS,"NALLEY CHILI CON CARNE W/BNS,CND ENTREE",4.6,10,0,5.0,109,15.6,0.0,74.6,1.18,0.328,1.08,3.1
NECTARINES,"NECTARINES,RAW",10.55,0,6,1.700000048,44,1.06,7.889999866,87.59,0.088,0.113,0.025,0.32
NESTLE,"NESTLE,CHEF-MATE CHILI WO/BNS,CND",8.0,22,0,1.5,147,9.0,1.5,70.54,3.936,0.496,3.037,9.0
NEW ENGLAND BRAND SAUSAGE,"NEW ENGLAND BRAND SAUSAGE,PORK,BF",4.83,49,0,0.0,161,17.27,0.0,66.77,3.64,0.72,2.56,7.58
NEW ZEALAND SPINACH,"NEW ZEALAND SPINACH,CKD,BLD,DRND,WO/SALT",2.2,0,0,0.0,12,1.3,0.0,94.8,0.005,0.071,0.027,0.17
NOODLES,"NOODLES,EGG,CKD,ENR,W/ SALT",25.16,29,26,1.200000048,138,4.54,0.400000006,67.73,0.0,0.0,0.0,2.07
NOPALES,"NOPALES,CKD,WO/SALT",3.28,0,7,2.0,15,1.35,1.120000005,94.31,0.007,0.021,0.006,0.05
NUTMEG,"NUTMEG,GROUND",49.29,0,9,20.79999924,525,5.84,28.48999977,6.23,3.22,0.35,25.94,36.31
NUTS,"NUTS,PINE NUTS,DRIED",13.08,0,56,3.700000048,673,13.69,3.589999914,2.28,18.764,34.071,4.899,68.37
No Category,SILK ORIGINAL CREAMER,6.67,0,0,0.0,100,0.0,0.0,86.29,0.0,0.0,0.0,6.67
OAT BRAN,"OAT BRAN,COOKED",11.44,0,0,2.599999905,40,3.21,0.0,84.0,0.291,0.339,0.163,0.86
OAT FLR,"OAT FLR,PART DEBRANNED",65.7,0,30,6.5,404,14.66,0.800000012,8.55,2.866,3.329,1.607,9.12
OCEAN PERCH,"OCEAN PERCH,ATLANTIC,RAW",0.0,42,65,0.0,94,18.62,0.0,78.7,0.625,0.427,0.244,1.63
OCTOPUS,"OCTOPUS,COMMON,RAW",2.2,48,65,0.0,82,14.91,0.0,80.25,0.162,0.239,0.227,1.04
OHELOBERRIES,"OHELOBERRIES,RAW",6.84,0,0,0.0,28,0.38,0.0,92.3,0.0,0.0,0.0,0.22
OIL,"OIL,WHALE,BOWHEAD (ALASKA NATIVE)",0.0,0,0,0.0,900,0.0,0.0,0.0,0.0,0.0,0.0,100.0
OKRA,"OKRA,RAW",7.03,0,12,3.200000048,31,2.0,1.200000048,90.17,0.017,0.027,0.026,0.1
OLD EL PASO CHILI W/BNS,"OLD EL PASO CHILI W/BNS,CND ENTREE",9.5,16,0,4.300000191,109,7.7,0.0,76.9,1.87,0.985,0.904,4.5
OLIVE LOAF,"OLIVE LOAF,PORK",9.2,38,67,0.0,235,11.8,0.0,58.2,7.87,1.93,5.85,16.5
OLIVES,"OLIVES,RIPE,CND (JUMBO-SUPER COLOSSAL)",5.61,0,7,2.5,81,0.97,0.0,84.34,5.071,0.586,0.909,6.87
ONION RINGS,"ONION RINGS,BREADED,PAR FR,FRZ,UNPREP",30.53,0,0,1.799999952,258,3.15,0.0,51.22,5.738,2.7,4.534,14.1
ONIONS,"ONIONS,YEL,SAUTEED",7.86,0,6,1.700000048,132,0.95,0.0,80.01,0.0,0.0,0.0,10.8
OOPAH (TUNICATE),"OOPAH (TUNICATE),WHL ANIMAL (ALASKA NATIVE)",0.0,0,0,0.0,67,11.7,0.0,80.2,0.0,0.0,0.0,2.2
ORANGE BRKFST DRK,"ORANGE BRKFST DRK,RTD",10.8,0,0,0.200000003,43,0.0,6.559999943,88.9,0.0,0.0,0.0,0.0
ORANGE DRK,"ORANGE DRK,BRKFST TYPE,W/JUC&PULP,FRZ CONC,PREP W/H2O",11.32,0,0,0.0,45,0.12,11.05000019,88.08,0.001,0.001,0.001,0.0
ORANGE JUC,"ORANGE JUC,FRZ CONC,UNSWTND,DIL W/3 VOLUME H2O",10.78,0,6,0.200000003,45,0.68,8.399999619,88.1,0.01,0.012,0.007,0.06
ORANGE JUICE,"ORANGE JUICE,RAW",10.4,0,6,0.200000003,45,0.7,8.399999619,88.3,0.036,0.04,0.024,0.2
ORANGE PEEL,"ORANGE PEEL,RAW",25.0,0,0,10.60000038,97,1.5,0.0,72.5,0.036,0.04,0.024,0.2
ORANGE&APRICOT JUC DRK,"ORANGE&APRICOT JUC DRK,CND",12.7,0,0,0.100000001,51,0.3,12.06000042,86.7,0.031,0.022,0.01,0.1
ORANGE-FLAVOR DRK,"ORANGE-FLAVOR DRK,BRKFST TYPE,LO CAL,PDR",85.9,0,0,3.799999952,217,3.6,2.599999905,1.8,0.0,0.0,0.0,0.0
ORANGE-GRAPEFRUIT JUC,"ORANGE-GRAPEFRUIT JUC,CND,UNSWTND",10.28,0,6,0.100000001,43,0.6,10.18000031,88.64,0.017,0.019,0.011,0.1
ORANGES,"ORANGES,RAW,ALL COMM VAR",11.75,0,8,2.400000095,47,0.94,9.350000381,86.75,0.023,0.025,0.015,0.12
ORIENTAL MIX,"ORIENTAL MIX,RICE-BASED",51.62,0,18,13.19999981,506,17.31,3.0,2.55,9.86,10.643,3.785,25.58
OSCAR MAYER,"OSCAR MAYER,CHICK BREAST (OVEN RSTD,FAT FREE)",1.7,44,0,0.0,85,18.3,0.899999976,75.8,0.16,0.06,0.17,0.6
OSTRICH,"OSTRICH,INSIDE LEG,RAW",0.0,66,0,0.0,111,22.39,0.0,75.97,0.6,0.38,0.6,1.72
OWL,"OWL,HORNED,FLESH,RAW (ALASKA NATIVE)",0.0,0,0,0.0,136,22.7,0.0,71.3,0.0,0.0,0.0,5.0
OYSTER,"OYSTER,EASTERN,FARMED,RAW",5.53,25,0,0.0,59,5.22,0.0,86.2,0.152,0.591,0.443,1.55
PALM HEARTS,"PALM HEARTS,RAW",25.61,0,0,1.5,115,2.7,17.15999985,69.5,0.005,0.089,0.046,0.2
PANCAKES,"PANCAKES,SPL DIETARY,DRY MIX",73.9,0,0,0.0,349,8.9,0.0,10.8,0.276,0.611,0.202,1.4
"PAPA JOHN'S 14"" CHS PIZZA","PAPA JOHN'S 14"" CHS PIZZA,ORIGINAL CRUST",32.74,19,0,1.899999976,260,11.53,5.320000172,44.16,2.476,1.97,3.871,9.25
"PAPA JOHN'S 14"" PEPPERONI PIZZA","PAPA JOHN'S 14"" PEPPERONI PIZZA,ORIGINAL CRUST",30.04,26,0,1.200000048,275,11.97,4.840000153,43.6,3.912,2.206,4.908,11.86
"PAPA JOHN'S 14"" THE WORKS PIZZA","PAPA JOHN'S 14"" THE WORKS PIZZA,ORIGINAL CRUST",26.69,21,0,2.5,240,10.27,4.840000153,50.57,3.652,1.877,3.765,10.21
PAPAYA NECTAR,"PAPAYA NECTAR,CANNED",14.51,0,2,0.600000024,57,0.17,13.90999985,85.02,0.041,0.035,0.047,0.15
PAPAYAS,"PAPAYAS,RAW",9.81,0,6,1.799999952,39,0.61,5.900000095,88.83,0.038,0.031,0.043,0.14
PARMESAN CHS TOPPING,"PARMESAN CHS TOPPING,FAT FREE",40.0,20,15,0.0,370,40.0,1.5,8.6,1.446,0.186,3.11,5.0
PARSLEY,"PARSLEY,FREEZE-DRIED",42.38,0,0,32.70000076,271,31.3,0.0,2.0,0.0,0.0,0.0,5.2
PARSNIPS,"PARSNIPS,RAW",17.99,0,0,4.900000095,75,1.2,4.800000191,79.53,0.112,0.047,0.05,0.3
PASSION-FRUIT,"PASSION-FRUIT,(GRANADILLA),PURPLE,RAW",23.38,0,8,10.39999962,97,2.2,11.19999981,72.93,0.086,0.411,0.059,0.7
PASSION-FRUIT JUC,"PASSION-FRUIT JUC,PURPLE,RAW",13.6,0,4,0.200000003,51,0.39,13.39999962,85.62,0.006,0.029,0.004,0.05
PASTA,"PASTA,CORN,COOKED",27.91,0,0,4.800000191,126,2.63,0.0,68.31,0.191,0.325,0.102,0.73
PASTA W/MEATBALLS IN TOMATO SAU,"PASTA W/MEATBALLS IN TOMATO SAU,CND ENTREE",12.29,8,12,2.700000048,103,4.32,3.970000029,77.84,1.67,0.23,1.59,4.08
PASTA W/SLICED FRANKS IN TOMATO SAU,"PASTA W/SLICED FRANKS IN TOMATO SAU,CND ENTREE",11.9,9,12,0.899999976,104,3.7,3.200000048,78.2,1.9,0.598,1.47,4.6
PASTRAMI,"PASTRAMI,TURKEY",1.79,68,67,0.100000001,133,16.3,3.339999914,71.73,2.131,1.635,1.699,6.21
PATE,"PATE,CHICKEN LIVER,CANNED",6.55,391,229,0.0,201,13.45,0.0,65.64,5.28,2.46,4.0,13.1
PATE DE FOIE GRAS,"PATE DE FOIE GRAS,CND (GOOSE LIVER PATE),SMOKED",4.67,150,0,0.0,462,11.4,0.0,37.04,25.61,0.84,14.45,43.84
PATIO BF & BEAN BURRITO,"PATIO BF & BEAN BURRITO,MILD,FRZ",30.15,5,0,3.5,207,6.52,5.28000021,54.78,2.51,1.54,2.44,6.75
PEACH NECTAR,"PEACH NECTAR,CND,W/ VIT C",13.92,0,0,0.600000024,54,0.27,0.0,85.64,0.008,0.011,0.002,0.02
PEACHES,"PEACHES,CND,EX HVY SYRUP PK,SOL&LIQUIDS",26.06,0,0,1.0,96,0.47,0.0,73.19,0.011,0.014,0.003,0.03
PEANUT BUTTER,"PEANUT BUTTER,SMOOTH,RED FAT",35.65,0,63,5.199999809,520,25.9,9.279999733,1.2,16.156,9.182,5.76,34.0
PEANUT BUTTER W/ OMEGA-3,"PEANUT BUTTER W/ OMEGA-3,CREAMY",17.0,0,94,6.099999905,608,24.47,3.109999895,0.99,36.614,6.95,9.691,54.17
PEANUT FLOUR,"PEANUT FLOUR,DEFATTED",34.7,0,109,15.80000019,327,52.2,8.220000267,7.8,0.225,0.143,0.063,0.55
PEANUT SPRD,"PEANUT SPRD,RED SUGAR",14.23,0,67,7.800000191,650,24.8,3.339999914,1.93,26.997,16.266,10.22,54.89
PEANUTS,"PEANUTS,ALL TYPES,CKD,BLD,W/SALT",21.26,0,33,8.800000191,318,13.5,2.470000029,41.78,10.921,6.956,3.055,22.01
PEAR NECTAR,"PEAR NECTAR,CND,W/ VIT C",15.76,0,0,0.600000024,60,0.11,0.0,84.01,0.003,0.003,0.001,0.01
PEARS,"PEARS,CND,H2O PK,SOL&LIQUIDS",7.81,0,3,1.600000024,29,0.19,6.099999905,91.81,0.006,0.007,0.002,0.03
PEAS,"PEAS,EDIBLE-PODDED,RAW",7.55,0,17,2.599999905,42,2.8,4.0,88.89,0.021,0.089,0.039,0.2
PEAS&CARROTS,"PEAS&CARROTS,CND,REG PK,SOL&LIQUIDS",8.48,0,0,2.0,38,2.17,0.0,88.15,0.023,0.129,0.049,0.27
PEAS&ONIONS,"PEAS&ONIONS,FRZ,CKD,BLD,DRND,WO/SALT",8.63,0,16,2.200000048,45,2.54,3.769999981,88.18,0.019,0.094,0.036,0.2
PECANS,"PECANS,DRY RSTD,WO/SALT",13.55,0,0,9.399999619,710,9.5,4.059999943,1.12,43.957,20.572,6.283,74.27
PECTIN,"PECTIN,LIQUID",2.1,0,0,2.099999905,11,0.0,0.0,96.9,0.0,0.0,0.0,0.0
PEPEAO,"PEPEAO,DRIED",81.03,0,0,0.0,298,4.82,0.0,11.14,0.0,0.0,0.0,0.44
PEPPER,"PEPPER,BANANA,RAW",5.35,0,7,3.400000095,27,1.66,1.950000048,91.81,0.027,0.243,0.048,0.45
PEPPERIDGE FARM APPL TURNOVERS,"PEPPERIDGE FARM APPL TURNOVERS,FRZ,READY TO BAKE",35.1,0,0,1.799999952,319,4.2,12.10000038,41.9,0.0,0.0,4.53,18.0
PEPPERIDGE FARM CLASSIC STYLE CROUTONS,"PEPPERIDGE FARM CLASSIC STYLE CROUTONS,SEASONED",61.1,0,0,0.0,465,13.6,0.0,2.6,0.0,0.0,3.72,18.5
PEPPERIDGE FARM CRUSTY ITALIAN BREAD,"PEPPERIDGE FARM CRUSTY ITALIAN BREAD,GARLIC",41.6,11,0,0.0,372,8.3,0.0,29.1,7.836,3.665,4.822,19.2
PEPPERMINT,"PEPPERMINT,FRESH",14.89,0,0,8.0,70,3.75,0.0,78.65,0.033,0.508,0.246,0.94
PEPPERONI,"PEPPERONI,PORK,BEEF",0.0,105,77,0.0,494,22.68,0.0,30.72,17.166,3.426,14.86,43.98
PEPPERS,"PEPPERS,PASILLA,DRIED",51.13,0,0,26.79999924,345,12.35,0.0,14.84,0.0,0.0,0.0,15.85
PERCH,"PERCH,MIXED SPECIES,RAW",0.0,90,65,0.0,91,19.39,0.0,79.13,0.152,0.368,0.185,0.92
PERSIMMONS,"PERSIMMONS,JAPANESE,DRIED",73.43,0,0,14.5,274,1.38,0.0,23.01,0.0,0.0,0.0,0.59
PHEASANT,"PHEASANT,BREAST,MEAT ONLY,RAW",0.0,58,0,0.0,133,24.37,0.0,72.4,1.04,0.55,1.1,3.25
PICKLE RELISH,"PICKLE RELISH,HOT DOG",23.35,0,0,1.5,91,1.5,0.0,71.65,0.227,0.11,0.044,0.46
PICKLE&PIMIENTO LOAF,"PICKLE&PIMIENTO LOAF,PORK",8.46,58,32,1.5,225,11.23,8.460000038,60.29,7.06,2.804,5.287,15.95
PICKLES,"PICKLES,CUCUMBER,DILL OR KOSHER DILL",2.59,0,3,1.100000024,12,0.6,1.309999943,94.33,0.002,0.056,0.036,0.14
PICNIC LOAF,"PICNIC LOAF,PORK,BEEF",4.76,38,0,0.0,232,14.92,0.0,60.2,7.68,1.89,6.07,16.64
PIE,"PIE,PEACH",32.9,0,7,0.800000012,223,1.9,6.190000057,54.4,4.241,3.749,1.508,10.0
PIE CRUST,"PIE CRUST,STANDARD-TYPE,FRZ,RTB,UNENR",44.1,0,0,0.899999976,457,3.9,0.0,21.0,12.414,11.0,4.357,29.2
PIE FILLINGS,"PIE FILLINGS,CHERRY,LO CAL",11.98,0,5,1.200000048,53,0.82,9.149999619,86.76,0.0,0.0,0.0,0.16
PIGEON PEAS (RED GM),"PIGEON PEAS (RED GM),MATURE SEEDS,CKD,BLD,WO/SALT",23.25,0,0,6.699999809,121,6.76,0.0,68.55,0.003,0.205,0.083,0.38
PIGEONPEAS,"PIGEONPEAS,IMMAT SEEDS,CKD,BLD,DRND,WO/SALT",19.49,0,38,6.199999809,111,5.96,2.480000019,71.8,0.017,1.149,0.112,1.36
PIKE,"PIKE,NORTHERN,RAW",0.0,39,65,0.0,88,19.26,0.0,78.92,0.157,0.202,0.118,0.69
PILINUTS-CANARYTREE,"PILINUTS-CANARYTREE,DRIED",3.98,0,0,0.0,719,10.8,0.0,2.77,37.229,7.605,31.184,79.55
PILLSBURY,"PILLSBURY,BTTRMLK BISCUITS,ART FLAVOR,REFR DOUGH",45.31,0,0,1.600000024,234,6.25,6.25,40.6,0.0,0.0,0.469,3.13
PILLSBURY GOLDEN LAYER BTTRMLK BISCUIT,"PILLSBURY GOLDEN LAYER BTTRMLK BISCUIT,ART FLAVOR,REFR DOUGH",41.18,0,0,1.200000048,307,5.88,5.880000114,35.5,0.0,0.0,2.941,13.24
PILLSBURY GRANDS,"PILLSBURY GRANDS,BTTRMLK BISCUITS,REFR DOUGH",41.38,0,0,1.200000048,317,6.9,6.900000095,33.5,0.0,0.0,5.172,13.79
PIMENTO,"PIMENTO,CANNED",5.1,0,6,1.899999976,23,1.1,2.710000038,93.1,0.02,0.161,0.045,0.3
PINE NUTS,"PINE NUTS,PINYON,DRIED",19.3,0,0,10.69999981,629,11.57,0.0,5.9,22.942,25.668,9.377,60.98
PINEAPPLE,"PINEAPPLE,RAW,TRADITIONAL VAR",11.82,0,6,0.0,45,0.55,8.289999962,87.24,0.0,0.0,0.0,0.13
PINEAPPLE JUC,"PINEAPPLE JUC,FRZ CONC,UNSWTND,DIL W/3 VOLUME H2O",12.77,0,3,0.200000003,52,0.4,12.56999969,86.5,0.003,0.01,0.002,0.03
PINEAPPLE&GRAPEFRUIT JUC DRK,"PINEAPPLE&GRAPEFRUIT JUC DRK,CND",11.6,0,0,0.100000001,47,0.2,11.52000046,87.9,0.01,0.028,0.006,0.1
PINEAPPLE&ORANGE JUC DRK,"PINEAPPLE&ORANGE JUC DRK,CND",11.8,0,0,0.100000001,50,1.3,11.59000015,86.9,0.0,0.0,0.0,0.0
PINON NUTS,"PINON NUTS,RSTD (NAVAJO)",51.06,0,0,43.40000153,541,7.41,0.0,5.0,15.57,14.42,3.21,34.08
PISTACHIO NUTS,"PISTACHIO NUTS,RAW",27.97,0,0,10.30000019,557,20.61,7.639999866,3.97,23.319,13.455,5.44,44.44
PITANGA,"PITANGA,(SURINAM-CHERRY),RAW",7.49,0,0,0.0,33,0.8,0.0,90.81,0.0,0.0,0.0,0.4
PIZZA,"PIZZA,CHS TOPPING,RISING CRUST,FRZ,CKD",32.91,16,17,2.5,260,12.37,5.090000153,43.46,2.198,1.381,3.825,8.78
"PIZZA HUT 12"" CHS PIZZA","PIZZA HUT 12"" CHS PIZZA,REG CRUST",31.22,24,0,1.799999952,271,11.93,3.369999886,43.29,2.919,1.839,5.04,10.89
"PIZZA HUT 12"" PEPPERONI PIZZA","PIZZA HUT 12"" PEPPERONI PIZZA,REG CRUST",31.55,26,0,1.700000048,280,12.86,3.670000076,41.35,4.018,2.034,5.161,11.38
"PIZZA HUT 12"" SUPER SUPREME PIZZA","PIZZA HUT 12"" SUPER SUPREME PIZZA,REG CRUST",25.62,20,0,2.0,243,10.9,3.710000038,50.2,3.953,1.729,4.554,10.72
"PIZZA HUT 14"" CHS PIZZA","PIZZA HUT 14"" CHS PIZZA,REG CRUST",31.63,26,0,1.100000024,271,11.75,3.160000086,43.19,2.576,1.796,4.421,10.87
"PIZZA HUT 14"" PEPPERONI PIZZA","PIZZA HUT 14"" PEPPERONI PIZZA,REG CRUST",32.48,29,0,2.599999905,287,12.17,3.200000048,40.53,3.649,2.074,4.726,12.02
"PIZZA HUT 14"" SUPER SUPREME PIZZA","PIZZA HUT 14"" SUPER SUPREME PIZZA,REG CRUST",26.01,28,0,2.299999952,248,11.34,3.039999962,49.15,3.805,1.875,4.217,10.95
PLAINS PRICKLYPEAR,"PLAINS PRICKLYPEAR,BRLD (NORTHERN PLAINS INDIANS)",21.57,0,0,0.0,91,0.39,0.0,75.83,0.0,0.0,0.0,0.31
PLANTAINS,"PLANTAINS,COOKED",31.15,0,13,2.299999952,116,0.79,14.0,67.3,0.015,0.033,0.069,0.18
PLUMS,"PLUMS,WILD (NORTHERN PLAINS INDIANS)",21.95,0,5,6.0,91,0.43,10.60999966,76.68,0.0,0.0,0.0,0.17
POKEBERRY SHOOTS,"POKEBERRY SHOOTS,(POKE),RAW",3.7,0,0,1.700000048,23,2.6,0.0,91.6,0.0,0.0,0.0,0.4
POLISH SAUSAGE,"POLISH SAUSAGE,PORK",1.63,70,0,0.0,326,14.1,0.0,53.15,13.52,3.08,10.33,28.72
POLLOCK,"POLLOCK,ATLANTIC,RAW",0.0,71,65,0.0,92,19.44,0.0,78.18,0.112,0.483,0.135,0.98
POMEGRANATE JUC,"POMEGRANATE JUC,BTLD",13.13,0,5,0.100000001,54,0.15,12.64999962,85.95,0.059,0.05,0.077,0.29
POMEGRANATES,"POMEGRANATES,RAW",18.7,0,8,4.0,83,1.67,13.67000008,77.93,0.093,0.079,0.12,1.17
POMPANO,"POMPANO,FLORIDA,RAW",0.0,50,65,0.0,164,18.48,0.0,71.12,2.586,1.137,3.509,9.47
POPCORN,"POPCORN,SUGAR SYRUP/CARAMEL,FAT-FREE",90.06,0,13,2.5,381,2.0,64.68000031,6.0,0.26,0.634,0.2,1.4
POPEYES,"POPEYES,FRIED CHICK,MILD,BREAST,MEAT ONLY,SKN",0.99,108,0,0.0,168,29.11,0.0,62.28,1.918,0.532,1.561,5.32
POPOVERS,"POPOVERS,DRY MIX,ENRICHED",71.0,0,0,0.0,371,10.4,0.0,11.7,1.984,0.823,0.983,4.3
PORK,"PORK,LEG SIRLOIN TIP RST,BNLESS,LN & FAT,RAW",0.0,62,80,0.0,113,22.88,0.0,75.88,0.687,0.323,0.524,1.71
PORK & TURKEY SAUSAGE,"PORK & TURKEY SAUSAGE,PRE-COOKED",3.63,72,0,0.0,342,12.05,0.0,50.68,13.054,4.504,9.881,30.64
PORK SAUSAGE,"PORK SAUSAGE,FRSH,RAW",0.0,72,53,0.0,304,15.09,0.0,56.22,11.814,3.558,8.796,26.53
PORK SAUSAGE RICE LINKS,"PORK SAUSAGE RICE LINKS,BROWN&SERVE,CKD",2.36,66,56,0.0,407,13.7,0.0,44.1,8.615,2.368,6.701,37.63
PORK SKINS,"PORK SKINS,PLAIN",0.0,95,164,0.0,544,61.3,0.0,1.8,14.78,3.64,11.37,31.3
PORK&BF SAUSAGE,"PORK&BF SAUSAGE,FRSH,CKD",2.7,71,59,0.0,396,13.8,0.0,44.55,17.18,3.9,12.96,36.25
POTATO,"POTATO,FLESH & SKN,RAW",17.47,0,12,2.200000048,77,2.02,0.779999971,79.34,0.002,0.043,0.026,0.09
POTATO CHIPS,"POTATO CHIPS,FAT FREE,SALTED",83.76,0,54,7.5,379,9.64,3.690000057,2.0,0.015,0.255,0.15,0.6
POTATO PUFFS,"POTATO PUFFS,FRZ,UNPREP",25.97,0,0,1.899999976,175,2.03,0.209999993,62.42,5.413,0.403,1.641,7.77
POTATO SALAD,"POTATO SALAD,HOME-PREPARED",11.17,68,0,1.299999952,143,2.68,0.0,76.0,2.48,3.737,1.429,8.2
POTATO SOUP,"POTATO SOUP,INST,DRY MIX",76.14,12,56,7.599999905,343,9.2,10.0,5.8,1.185,1.025,0.613,3.1
POTATOES,"POTATOES,RUSSET,FLESH & SKN,RAW",18.07,0,13,1.299999952,79,2.14,0.620000005,78.58,0.002,0.035,0.02,0.08
POULTRY,"POULTRY,MECHANICALLY DEBONED,FROM BACKS&NECKS WO/SKN,RAW",0.0,104,0,0.0,199,13.79,0.0,69.29,7.41,2.28,4.71,15.48
POULTRY FD PRODUCTS,"POULTRY FD PRODUCTS,GROUND TURKEY,RAW",0.0,79,0,0.0,149,17.46,0.0,71.97,3.1,2.0,2.25,8.26
POUT,"POUT,OCEAN,RAW",0.0,52,0,0.0,79,16.64,0.0,81.36,0.329,0.032,0.32,0.91
PRAIRIE TURNIPS,"PRAIRIE TURNIPS,RAW (NORTHERN PLAINS INDIANS)",35.67,0,5,8.0,156,2.62,0.819999993,60.69,0.0,0.0,0.0,0.36
PRETZELS,"PRETZELS,HARD,PLN,SALTED",79.2,0,30,3.0,378,10.34,2.75999999,3.44,1.222,1.107,0.501,2.63
PRICKLY PEARS,"PRICKLY PEARS,RAW",9.57,0,0,3.599999905,41,0.73,0.0,87.55,0.075,0.213,0.067,0.51
PRK,"PRK,CRD,HAM W/ NAT JUCS,SPRL SLC,MEAT ONLY,BNLES,LN,HTD,RSTD",0.41,63,86,0.0,126,22.56,1.080000043,69.47,1.606,0.679,1.171,3.78
PRUNE JUICE,"PRUNE JUICE,CANNED",17.45,0,3,1.0,71,0.61,16.45000076,81.24,0.021,0.007,0.003,0.03
PRUNES,"PRUNES,CND,HVY SYRUP PK,SOL&LIQUIDS",27.8,0,0,3.799999952,105,0.87,0.0,70.67,0.13,0.043,0.016,0.2
PUDDING,"PUDDING,LEMON,DRY MIX,REG,PREP W/ SUGAR,EGG YOLK & H2O",24.2,49,0,0.0,109,0.65,13.51000023,73.62,0.47,0.168,0.382,1.12
PUDDINGS,"PUDDINGS,RICE,DRY MIX",91.2,0,0,0.699999988,376,2.7,0.0,4.8,0.0,0.0,0.0,0.1
PUFF PASTRY,"PUFF PASTRY,FRZ,RTB,BKD",45.7,0,6,1.5,558,7.4,0.75,7.4,8.828,22.228,5.502,38.5
PUMMELO,"PUMMELO,RAW",9.62,0,0,1.0,38,0.76,0.0,89.1,0.0,0.0,0.0,0.04
PUMPKIN,"PUMPKIN,CKD,BLD,DRND,WO/SALT",4.9,0,6,1.100000024,20,0.72,1.019999981,93.69,0.009,0.004,0.037,0.07
PUMPKIN FLOWERS,"PUMPKIN FLOWERS,RAW",3.28,0,0,0.0,15,1.03,0.0,95.15,0.009,0.004,0.036,0.07
PUMPKIN LEAVES,"PUMPKIN LEAVES,CKD,BLD,DRND,WO/SALT",3.39,0,21,2.700000048,21,2.72,0.689999998,92.51,0.029,0.012,0.114,0.22
PUMPKIN PIE MIX,"PUMPKIN PIE MIX,CANNED",26.39,0,0,8.300000191,104,1.09,0.0,71.49,0.016,0.007,0.065,0.13
PUMPKIN&SQUASH SD KRNLS,"PUMPKIN&SQUASH SD KRNLS,RSTD,WO/SALT",13.43,0,63,3.900000095,522,32.97,1.0,7.1,13.1,19.206,7.97,42.13
PUMPKIN&SQUASH SEEDS,"PUMPKIN&SQUASH SEEDS,WHL,RSTD,WO/SALT",53.75,0,0,0.0,446,18.55,0.0,4.5,6.032,8.844,3.67,19.4
PURSLANE,"PURSLANE,RAW",3.43,0,13,0.0,16,1.3,0.0,93.92,0.0,0.0,0.0,0.1
Pancakes plain,"Pancakes plain, frozen, ready-to-heat (includes buttermilk)",39.29,18,30,2.400000095,225,5.33,9.729999542,48.22,1.891,1.081,0.81,5.17
QUAIL,"QUAIL,BREAST,MEAT ONLY,RAW",0.0,58,0,0.0,123,22.59,0.0,71.67,0.84,0.77,0.87,2.99
QUAKER OATS,"QUAKER OATS,PROPEL FITNESS H2O,FRUIT-FLAVORED,NON-CARBONATED",1.22,0,0,0.0,5,0.0,1.220000029,98.78,0.0,0.0,0.0,0.0
QUINCES,"QUINCES,RAW",15.3,0,0,1.899999976,57,0.4,0.0,83.8,0.036,0.05,0.01,0.1
QUINOA,"QUINOA,CKD",21.3,0,0,2.799999952,120,4.4,0.0,71.61,0.0,0.0,0.0,1.92
RADICCHIO,"RADICCHIO,RAW",4.48,0,11,0.899999976,23,1.43,0.600000024,93.14,0.01,0.11,0.06,0.25
RADISH SEEDS,"RADISH SEEDS,SPROUTED,RAW",3.6,0,0,0.0,43,3.81,0.0,90.07,0.419,1.141,0.767,2.53
RADISHES,"RADISHES,WHITE ICICLE,RAW",2.63,0,0,1.399999976,14,1.1,0.0,95.37,0.016,0.045,0.03,0.1
RAISINS,"RAISINS,SEEDLESS",79.18,0,11,3.700000048,299,3.07,59.18999863,15.43,0.051,0.037,0.058,0.46
RAMBUTAN,"RAMBUTAN,CND,SYRUP PK",20.87,0,0,0.899999976,82,0.65,0.0,78.04,0.0,0.0,0.0,0.21
RASPBERRIES,"RASPBERRIES,WILD (NORTHERN PLAINS INDIANS)",13.85,0,10,7.5,62,1.12,5.539999962,84.48,0.0,0.0,0.0,0.28
RED BARON PREMIUM POCKETS,"RED BARON PREMIUM POCKETS,ORIGINAL HAM&CHS,FRZ",27.2,31,0,0.0,268,11.2,0.0,46.2,4.62,1.35,4.66,12.7
REFRIED BNS,"REFRIED BNS,CND,FAT-FREE",13.5,0,0,4.699999809,79,5.34,0.610000014,78.69,0.044,0.287,0.093,0.45
RENNIN,"RENNIN,VANILLA,DRY MIX,PREP W/ 2% MILK",12.34,7,0,0.0,77,3.06,0.0,82.11,0.484,0.065,1.061,1.77
RHUBARB,"RHUBARB,WILD,LEAVES (ALASKA NATIVE)",9.9,0,0,0.0,61,4.2,0.0,83.5,0.0,0.0,0.0,0.5
RICE,"RICE,WHITE,STMD,CHINESE RESTAURANT",33.88,0,0,0.899999976,151,3.2,0.0,62.5,0.0,0.0,0.0,0.27
RICE BOWL W/ CHICK,"RICE BOWL W/ CHICK,FRZ ENTREE,PREP",22.46,16,13,0.699999988,126,5.65,4.070000172,69.09,0.503,0.415,0.327,1.56
RICE BRAN,"RICE BRAN,CRUDE",49.69,0,32,21.0,316,13.35,0.899999976,6.13,7.549,7.459,4.171,20.85
RICE CAKE,"RICE CAKE,CRACKER (INCL HAIN MINI RICE CAKES)",81.1,0,19,4.199999809,392,7.1,0.879999995,5.8,1.582,1.52,0.875,4.3
RICE CAKES,"RICE CAKES,BROWN RICE,SESAME SD",81.5,0,0,5.400000095,392,7.6,0.0,5.9,1.1,1.15,0.54,3.8
RICE FLOUR,"RICE FLOUR,WHITE",80.13,0,6,2.400000095,366,5.95,0.119999997,11.89,0.442,0.379,0.386,1.42
RICE NOODLES,"RICE NOODLES,COOKED",24.9,0,0,1.0,109,0.91,0.0,73.82,0.026,0.023,0.023,0.2
ROCKFISH,"ROCKFISH,PACIFIC,MXD SP,RAW",0.0,35,65,0.0,94,18.75,0.0,79.26,0.33,0.482,0.37,1.57
ROE,"ROE,MIXED SPECIES,RAW",1.5,374,335,0.0,143,22.32,0.0,67.73,1.661,2.656,1.456,6.42
ROLLS,"ROLLS,HAMBURGER OR HOTDOG,RED-CAL",42.1,0,15,6.199999809,196,8.3,4.760000229,46.0,0.524,0.763,0.325,2.0
ROSE HIPS,"ROSE HIPS,WILD (NORTHERN PLAINS INDIANS)",38.22,0,12,24.10000038,162,1.6,2.579999924,58.66,0.0,0.0,0.0,0.34
ROSE-APPLES,"ROSE-APPLES,RAW",5.7,0,0,0.0,25,0.6,0.0,93.0,0.0,0.0,0.0,0.3
ROSELLE,"ROSELLE,RAW",11.31,0,0,0.0,49,0.96,0.0,86.58,0.0,0.0,0.0,0.64
ROSEMARY,"ROSEMARY,FRESH",20.7,0,0,14.10000038,131,3.31,0.0,67.77,1.16,0.901,2.838,5.86
ROUGHY,"ROUGHY,ORANGE,RAW",0.0,60,0,0.0,76,16.41,0.0,75.67,0.239,0.109,0.015,0.7
ROWAL,"ROWAL,RAW",23.9,0,0,6.199999809,111,2.3,14.10000038,71.4,0.0,0.0,0.245,2.0
RUTABAGAS,"RUTABAGAS,RAW",8.13,0,14,2.5,36,1.2,5.599999905,89.66,0.025,0.088,0.027,0.2
RYE FLOUR,"RYE FLOUR,LIGHT",80.23,0,11,14.60000038,367,8.39,1.039999962,8.78,0.153,0.565,0.145,1.36
SABLEFISH,"SABLEFISH,RAW",0.0,49,0,0.0,195,13.41,0.0,71.02,8.057,2.042,3.201,15.3
SAFFLOWER SD KRNLS,"SAFFLOWER SD KRNLS,DRIED",34.29,0,0,0.0,517,16.18,0.0,5.62,4.848,28.223,3.682,38.45
SAFFLOWER SD MEAL,"SAFFLOWER SD MEAL,PART DEFATTED",48.73,0,0,0.0,342,35.62,0.0,6.41,0.272,1.584,0.207,2.39
SAGE,"SAGE,GROUND",60.73,0,44,40.29999924,315,10.63,1.710000038,7.96,1.87,1.76,7.03,12.75
SALAD DRESSING,"SALAD DRESSING,COLESLAW",23.8,26,15,0.100000001,390,0.9,20.11000061,39.9,9.0,18.0,4.9,33.4
SALAD DRSNG,"SALAD DRSNG,SWT&SOUR",3.7,0,0,0.0,15,0.1,3.700000048,95.7,0.0,0.0,0.0,0.0
SALAMI,"SALAMI,COOKED,TURKEY",0.77,76,53,0.100000001,168,19.3,1.120000005,68.93,3.172,2.466,2.783,9.21
SALMON,"SALMON,PINK,RAW",0.0,52,95,0.0,116,19.94,0.0,76.35,0.934,1.353,0.558,3.45
SALMONBERRIES,"SALMONBERRIES,RAW (ALASKA NATIVE)",10.05,0,0,1.899999976,47,0.85,3.660000086,88.21,0.0,0.0,0.0,0.33
SALSIFY,"SALSIFY,(VEG OYSTER),RAW",18.6,0,0,3.299999952,82,3.3,0.0,77.0,0.0,0.0,0.0,0.2
SALT,"SALT,TABLE",0.0,0,0,0.0,0,0.0,0.0,0.2,0.0,0.0,0.0,0.0
SANDWICH SPRD,"SANDWICH SPRD,W/CHOPD PICKLE,REG,UNSPEC OILS",22.4,76,15,0.400000006,389,0.9,15.18000031,40.8,7.4,20.0,5.1,34.0
SANDWICH SPREAD,"SANDWICH SPREAD,MEATLESS",9.0,0,46,3.299999952,149,8.0,4.579999924,70.0,2.188,4.666,1.425,9.0
SANDWICHES&BURGERS,"SANDWICHES&BURGERS,STEAK SNDWCH",25.47,36,0,0.0,225,14.87,0.0,51.07,2.62,1.64,1.87,6.9
SAPODILLA,"SAPODILLA,RAW",19.96,0,0,5.300000191,83,0.44,0.0,78.0,0.521,0.011,0.194,1.1
SAPOTES,"SAPOTES,(MARMALADE PLUM),RAW",33.76,0,0,2.599999905,134,2.12,0.0,62.43,0.0,0.0,0.0,0.6
SARDINE,"SARDINE,ATLANTIC,CND IN OIL,DRND SOL W/BONE",0.0,142,85,0.0,208,24.62,0.0,59.61,3.869,5.148,1.528,11.45
SAUCE,"SAUCE,MOLE POBLANO,DRY MIX,SINGLE BRAND",41.7,0,0,10.10000038,571,7.48,0.0,4.12,0.0,0.0,0.0,41.58
SAUERKRAUT,"SAUERKRAUT,CND,LO NA",4.35,0,10,2.5,22,0.9,1.779999971,92.5,0.01,0.051,0.026,0.1
SAUSAGE,"SAUSAGE,MEATLESS",9.84,0,70,2.799999952,257,18.53,0.0,50.4,4.498,9.279,2.926,18.16
SAVORY,"SAVORY,GROUND",68.73,0,0,45.70000076,272,6.73,0.0,9.0,0.0,0.0,3.26,5.91
SCALLOP,"SCALLOP,MIXED SPECIES,RAW",2.36,33,65,0.0,88,16.78,0.0,78.57,0.037,0.261,0.079,0.76
SCRAMBLED EGGS&SAUSAGE W/HASHED BROWN POTATOES,"SCRAMBLED EGGS&SAUSAGE W/HASHED BROWN POTATOES,FRZ BRKFST",9.7,160,0,0.800000012,204,7.1,0.0,66.3,7.16,2.05,4.15,15.2
SCRAPPLE,"SCRAPPLE,PORK",14.06,49,72,0.300000012,213,8.06,0.200000003,62.47,6.156,1.664,4.732,13.87
SCUP,"SCUP,COOKED,DRY HEAT",0.0,67,0,0.0,135,24.21,0.0,68.42,0.0,0.0,0.0,3.5
SEA BASS,"SEA BASS,MXD SP,RAW",0.0,41,65,0.0,97,18.43,0.0,78.27,0.424,0.743,0.511,2.0
SEA CUCUMBER,"SEA CUCUMBER,YANE (ALASKA NATIVE)",0.0,0,0,0.0,56,13.0,0.0,80.7,0.0,0.0,0.0,0.4
SEA LION,"SEA LION,STELLAR,HEART (ALASKA NATIVE)",1.0,0,0,0.0,102,17.0,0.0,76.2,0.0,0.0,0.0,3.3
SEAL,"SEAL,BEARDED (OOGRUK),MEAT,PART DRIED (ALASKA NATIVE)",0.0,0,103,0.0,270,62.38,0.0,34.92,0.0,0.0,0.0,2.31
SEATROUT,"SEATROUT,MXD SP,RAW",0.0,83,0,0.0,104,16.74,0.0,78.09,0.884,0.725,1.009,3.61
SEAWEED,"SEAWEED,AGAR,RAW",6.75,0,6,0.5,26,0.54,0.280000001,91.32,0.003,0.01,0.006,0.03
SEEDS,"SEEDS,FLAXSEED",28.88,0,79,27.29999924,534,18.29,1.549999952,6.96,7.527,28.73,3.663,42.16
SEMOLINA,"SEMOLINA,ENRICHED",72.83,0,0,3.900000095,360,12.68,0.0,12.67,0.124,0.43,0.15,1.05
SESAME BUTTER,"SESAME BUTTER,TAHINI,FROM RAW&STONE GROUND KRNLS",26.19,0,0,9.300000191,570,17.81,0.0,3.0,18.127,21.039,6.722,48.0
SESAME FLOUR,"SESAME FLOUR,LOW-FAT",35.51,0,0,0.0,333,50.14,0.0,7.1,0.543,0.63,0.201,1.75
SESAME FLR,"SESAME FLR,PART DEFATTED",35.14,0,0,0.0,382,40.32,0.0,6.61,4.405,5.113,1.634,11.89
SESAME MEAL,"SESAME MEAL,PART DEFATTED",26.04,0,0,0.0,567,16.96,0.0,5.0,18.127,21.039,6.722,48.0
SESAME SD KRNLS,"SESAME SD KRNLS,TSTD,WO/SALT (DECORT)",26.04,0,26,16.89999962,567,16.96,0.479999989,5.0,18.127,21.039,6.722,48.0
SESAME SEEDS,"SESAME SEEDS,WHL,RSTD&TSTD",25.74,0,0,14.0,565,16.96,0.0,3.3,18.127,21.039,6.722,48.0
SESAME STKS,"SESAME STKS,WHEAT-BASED,UNSALTED",46.5,0,0,0.0,541,10.9,0.0,2.0,10.91,17.42,6.48,36.7
SESBANIA FLOWER,"SESBANIA FLOWER,RAW",6.73,0,0,0.0,27,1.28,0.0,91.58,0.0,0.0,0.0,0.04
SHAD,"SHAD,AMERICAN,CKD,DRY HEAT",0.0,96,0,0.0,252,21.71,0.0,59.22,0.0,0.0,0.0,17.65
SHAKE,"SHAKE,FAST FD,STRAWBERRY",18.9,11,0,0.400000006,113,3.4,0.0,74.1,0.0,0.0,1.734,2.8
SHALLOTS,"SHALLOTS,RAW",16.8,0,0,0.0,72,2.5,0.0,79.8,0.014,0.039,0.017,0.1
SHARK,"SHARK,MIXED SPECIES,RAW",0.0,51,65,0.0,130,20.98,0.0,73.58,1.808,1.195,0.925,4.51
SHEEPSHEAD,"SHEEPSHEAD,CKD,DRY HEAT",0.0,64,0,0.0,126,26.02,0.0,69.04,0.35,0.382,0.36,1.63
SHERBET,"SHERBET,ORANGE",30.4,1,8,1.299999952,144,1.1,24.31999969,66.1,0.53,0.08,1.16,2.0
SHORTENING,"SHORTENING,INDUSTRIAL,SOY (PARTIALLY HYDR )&CORN FOR FRYING",0.0,0,0,0.0,884,0.0,0.0,0.0,40.824,36.038,17.416,100.0
SHORTENING BREAD,"SHORTENING BREAD,SOYBN (HYDR)&CTTNSD",0.0,0,0,0.0,884,0.0,0.0,0.0,33.0,40.6,22.0,100.0
SHORTENING CAKE MIX,"SHORTENING CAKE MIX,SOYBN (HYDR)&CTTNSD (HYDR)",0.0,0,0,0.0,884,0.0,0.0,0.0,54.2,14.1,27.2,100.0
SHORTENING CONFECTIONERY,"SHORTENING CONFECTIONERY,COCNT (HYDR)&OR PALM KERNEL (HYDR)",0.0,0,0,0.0,884,0.0,0.0,0.0,2.2,1.0,91.3,100.0
SHORTENING FRYING (HVY DUTY),"SHORTENING FRYING (HVY DUTY),BF TALLOW&CTTNSD",0.0,100,0,0.0,900,0.0,0.0,0.0,38.5,8.8,44.9,100.0
SHORTENING FRYING (REG),"SHORTENING FRYING (REG),SOYBN (HYDR)&CTTNSD (HYDR)",0.0,0,0,0.0,884,0.0,0.0,0.0,58.2,22.0,15.4,100.0
SHORTENING FRYING HVY DUTY,"SHORTENING FRYING HVY DUTY,SOYBN HYDR,LINOLEIC 30% W/SILICON",0.0,0,0,0.0,884,0.0,0.0,0.0,43.7,33.5,18.4,100.0
SHORTENING INDUSTRIAL,"SHORTENING INDUSTRIAL,SOYBN (HYDR)&CTTNSD",0.0,0,0,0.0,884,0.0,0.0,0.0,58.0,12.0,25.6,100.0
SHRIMP,"SHRIMP,MXD SP,CND",0.0,252,81,0.0,100,20.42,0.0,75.85,0.108,0.684,0.188,1.36
SIDE DISHES,"SIDE DISHES,POTATO SALAD",13.53,60,0,0.0,114,1.53,0.0,78.73,1.69,3.02,1.03,6.03
SILK CHAI,"SILK CHAI,SOYMILK",7.82,0,0,0.0,53,2.47,5.760000229,87.62,0.0,0.0,0.206,1.44
SILK CHOC,"SILK CHOC,SOYMILK",9.47,0,0,0.800000012,58,2.06,7.820000172,86.39,0.0,0.0,0.206,1.44
SILK COFFEE,"SILK COFFEE,SOYMILK",10.29,0,0,0.0,62,2.06,9.470000267,85.56,0.0,0.0,0.206,1.44
SILK LT CHOC,"SILK LT CHOC,SOYMILK",9.05,0,0,0.800000012,49,2.06,7.820000172,87.63,0.0,0.0,0.0,0.62
SILK LT PLN,"SILK LT PLN,SOYMILK",3.29,0,0,0.400000006,29,2.47,2.470000029,92.77,0.0,0.0,0.0,0.82
SILK LT VANILLA,"SILK LT VANILLA,SOYMILK",4.12,0,0,0.400000006,33,2.47,2.880000114,91.95,0.0,0.0,0.0,0.82
SILK MOCHA,"SILK MOCHA,SOYMILK",9.05,0,0,0.0,58,2.06,7.409999847,86.8,0.0,0.0,0.206,1.44
SILK NOG,"SILK NOG,SOYMILK",12.3,0,0,0.0,74,2.46,9.840000153,82.96,0.0,0.0,0.0,1.64
SILK PLN,"SILK PLN,SOYMILK",3.29,0,0,0.400000006,41,2.88,2.470000029,91.53,0.0,0.0,0.206,1.65
SILK PLUS FIBER,"SILK PLUS FIBER,SOYMILK",5.76,0,0,2.099999905,41,2.47,2.880000114,89.69,0.0,0.0,0.206,1.44
SILK PLUS FOR BONE HEALTH,"SILK PLUS FOR BONE HEALTH,SOYMILK",4.53,0,0,0.800000012,41,2.47,2.880000114,90.92,0.0,0.0,0.206,1.44
SILK PLUS OMEGA-3 DHA,"SILK PLUS OMEGA-3 DHA,SOYMILK",3.29,0,0,0.400000006,45,2.88,2.470000029,91.13,0.0,0.0,0.206,2.06
SILK UNSWTND,"SILK UNSWTND,SOYMILK",1.65,0,0,0.400000006,33,2.88,0.409999996,93.18,0.0,0.0,0.206,1.65
SILK VANILLA,"SILK VANILLA,SOYMILK",4.12,0,0,0.400000006,41,2.47,2.880000114,91.32,0.0,0.0,0.206,1.44
SILK VERY VANILLA,"SILK VERY VANILLA,SOYMILK",7.82,0,0,0.400000006,53,2.47,6.579999924,87.41,0.0,0.0,0.206,1.65
SISYMBRIUM SP. SEEDS,"SISYMBRIUM SP. SEEDS,WHL,DRIED",58.26,0,0,0.0,318,12.14,0.0,6.1,1.486,2.023,0.902,4.6
SMART ONES,"SMART ONES,RST TKY MEDALLIONS,MSHRM IN SAU W/RICE & VEG,FRZ",14.9,22,0,1.0,84,5.0,0.300000012,78.7,0.2,0.2,0.2,0.5
SMELT,"SMELT,RAINBOW,RAW",0.0,70,65,0.0,97,17.63,0.0,78.77,0.641,0.885,0.452,2.42
SMOKED LINK SAUSAGE,"SMOKED LINK SAUSAGE,PORK&BF,FLR&NONFAT DRY MILK",3.97,65,85,0.0,268,13.97,3.0,57.4,9.93,2.26,7.82,21.43
SNACK,"SNACK,POTATO CHIPS,MADE FROM DRIED POTATOES,PLN",52.02,0,33,3.099999905,559,4.45,1.139999986,2.54,7.048,13.594,9.492,38.41
SNACKS,"SNACKS,FARLEY CANDY,FARLEY FRUIT SNACKS,W/VITAMINS A,C,&E",80.9,0,0,0.0,341,4.4,0.0,14.7,0.0,0.0,0.0,0.0
SNAIL,"SNAIL,RAW",2.0,50,65,0.0,90,16.1,0.0,79.2,0.259,0.252,0.361,1.4
SNAPPER,"SNAPPER,MIXED SPECIES,RAW",0.0,37,65,0.0,100,20.51,0.0,76.87,0.251,0.459,0.285,1.34
SOUP,"SOUP,BF BROTH BOUILLON & CONSOMME,CND,COND",0.84,0,0,0.0,13,2.52,0.0,94.76,0.0,0.0,0.0,0.0
SOUP COMPANY,"SOUP COMPANY,CAMPBELL'S RED & WHITE,PEPPER POT SOUP,COND",7.14,20,0,0.800000012,71,3.97,0.790000021,83.0,0.0,0.0,1.19,3.17
SOUR CREAM,"SOUR CREAM,FAT FREE",15.6,9,19,0.0,74,3.1,0.389999986,80.6,0.0,0.0,0.0,0.0
SOUR CRM,"SOUR CRM,IMITN,CULTURED",6.63,0,0,0.0,208,2.4,6.630000114,71.15,0.588,0.056,17.791,19.52
SOUR DRSNG,"SOUR DRSNG,NON-BUTTERFAT,CULTURED,FILLED CREAM-TYPE",4.68,5,15,0.0,178,3.25,4.679999828,74.79,1.958,0.468,13.272,16.57
SOURDOCK,"SOURDOCK,YOUNG LEAVES (ALASKA NATIVE)",6.5,0,0,0.0,42,2.3,0.0,89.7,0.0,0.0,0.0,0.7
SOURSOP,"SOURSOP,RAW",16.84,0,8,3.299999952,66,1.0,13.53999996,81.16,0.09,0.069,0.051,0.3
SOY FLOUR,"SOY FLOUR,DEFATTED",38.37,0,11,17.5,330,47.01,18.87999916,7.25,0.208,0.533,0.136,1.22
SOY FLR,"SOY FLR,LOW-FAT,CRUDE PROT BASIS (N x 6.25)",33.58,0,0,10.19999981,369,50.93,19.79999924,2.7,1.48,3.782,0.969,6.7
SOY MEAL,"SOY MEAL,DEFATTED,RAW",40.14,0,0,0.0,339,44.95,0.0,6.94,0.409,1.045,0.268,2.39
SOY PROT CONC,"SOY PROT CONC,CRUDE PROT BASIS (N X 6.25),ACID WASH",25.41,0,0,5.5,328,63.63,0.0,5.8,0.079,0.201,0.052,0.46
SOY PROT ISOLATE,"SOY PROT ISOLATE,K TYPE,CRUDE PROT BASIS",2.59,0,0,2.0,321,88.32,0.0,4.98,0.101,0.258,0.066,0.53
SOY SAU MADE FROM SOY&WHEAT (SHOYU),"SOY SAU MADE FROM SOY&WHEAT (SHOYU),LO NA",8.51,0,33,0.800000012,53,5.17,1.700000048,71.09,0.012,0.036,0.01,0.08
SOYBEAN,"SOYBEAN,CURD CHEESE",6.9,0,62,0.0,151,12.5,1.600000024,70.9,1.789,4.572,1.172,8.1
SOYBEANS,"SOYBEANS,MATURE SEEDS,SPROUTED,CKD,STIR-FRIED,W/SALT",9.4,0,0,0.800000012,125,13.1,0.0,67.2,0.0,0.0,0.0,7.1
SOYMILK,"SOYMILK,ORIGINAL & VANILLA,LT,W/ ADDED CA,VITAMINS A & D",3.51,0,0,0.300000012,30,2.38,2.609999895,92.69,0.202,0.426,0.005,0.77
SOYMILK (ALL FLAVORS),"SOYMILK (ALL FLAVORS),LOWFAT,W/ ADDED CA,VITAMINS A & D",7.2,0,0,0.800000012,41,1.65,3.5,89.89,0.206,0.412,0.0,0.62
SPAGHETTI,"SPAGHETTI,PROTEIN-FORTIFIED,CKD,ENR (N X 5.70)",31.66,0,0,1.700000048,164,8.08,0.0,59.73,0.026,0.095,0.032,0.21
SPAGHETTI W/ MEAT SAU,"SPAGHETTI W/ MEAT SAU,FRZ ENTREE",15.24,6,12,1.799999952,90,5.05,2.599999905,77.82,0.33,0.32,0.35,1.01
SPAGHETTIOS,"SPAGHETTIOS, Danny PhantomShaped Pasta with Sliced Franks",13.1,8,0,0.800000012,92,3.57,4.760000229,79.0,0.0,0.0,0.992,2.78
SPEARMINT,"SPEARMINT,FRESH",8.41,0,0,6.800000191,44,3.29,0.0,85.55,0.025,0.394,0.191,0.73
SPELT,"SPELT,CKD",26.44,0,0,3.900000095,127,5.5,0.0,66.56,0.0,0.0,0.0,0.85
SPICES,"SPICES,BASIL,DRIED",60.96,0,55,40.5,251,14.37,1.710000038,6.43,0.453,2.168,0.24,3.98
SPINACH,"SPINACH,FRZ,CHOPD OR LEAF,CKD,BLD,DRND,W/SALT",4.8,0,25,3.700000048,34,4.01,0.50999999,88.94,0.0,0.0,0.0,0.87
SPINY LOBSTER,"SPINY LOBSTER,MXD SP,RAW",2.43,70,0,0.0,112,20.6,0.0,74.07,0.275,0.59,0.237,1.51
SPLIT PEA SOUP,"SPLIT PEA SOUP,CND,RED NA,PREP W/ H2O OR READY-TO SERVE",11.83,2,18,1.899999976,71,3.85,5.059999943,82.4,0.37,0.168,0.3,0.92
SPLIT PEA W/ HAM SOUP,"SPLIT PEA W/ HAM SOUP,CND,RED NA,PREP W/ H2O OR RTS",11.4,3,22,1.899999976,68,4.0,1.570000052,82.8,0.282,0.135,0.294,0.7
SPORTS DRK,"SPORTS DRK,FRUIT-FLAVORED,LO CAL,RTD",3.0,0,0,0.0,11,0.0,0.0,96.8,0.0,0.0,0.0,0.0
SPOT,"SPOT,RAW",0.0,60,0,0.0,123,18.51,0.0,75.95,1.33,1.09,1.45,4.9
SQUAB,"SQUAB,(PIGEON),LT MEAT WO/SKN,RAW",0.0,90,0,0.0,134,21.76,0.0,72.82,1.61,0.96,1.18,4.52
SQUASH,"SQUASH,INDIAN,CKD,BLD (NAVAJO)",3.22,0,0,1.5,16,0.31,2.019999981,96.21,0.0,0.0,0.0,0.15
SQUID,"SQUID,MIXED SPECIES,RAW",3.08,233,65,0.0,92,15.58,0.0,78.55,0.107,0.524,0.358,1.38
SQUIRREL,"SQUIRREL,GROUND,MEAT (ALASKA NATIVE)",0.0,0,0,0.0,111,19.3,0.0,75.4,0.0,0.0,0.0,3.8
STAGG CLASSIC CHILI W/BNS,"STAGG CLASSIC CHILI W/BNS,CND ENTREE",11.83,17,0,3.0,131,6.97,2.890000105,73.24,2.79,0.45,2.71,6.61
STAGG COUNTRY CHILI W/BNS,"STAGG COUNTRY CHILI W/BNS,CND ENTREE",11.74,16,0,2.400000095,129,6.27,2.369999886,73.75,3.05,0.28,2.77,6.38
STAGG DYNAMITE CHILI W/BNS,"STAGG DYNAMITE CHILI W/BNS,CND ENTREE",12.44,18,0,3.299999952,135,7.4,2.660000086,72.1,2.75,0.37,2.29,6.22
STAGG RANCHHOUSE CHILI W/BNS,"STAGG RANCHHOUSE CHILI W/BNS,CND ENTREE",12.78,19,0,3.5,115,7.78,2.319999933,74.07,1.67,0.8,1.06,3.61
STAGG SILVERADO CHILI W/BNS,"STAGG SILVERADO CHILI W/BNS,CND ENTREE",13.39,16,0,3.299999952,92,7.29,2.910000086,76.57,0.37,0.37,0.39,1.13
STEELHEAD TROUT,"STEELHEAD TROUT,DRIED,FLESH (SHOSHONE BANNOCK)",0.0,227,0,0.0,382,77.27,0.0,6.49,1.228,1.739,0.829,8.06
STEW,"STEW,MOOSE (ALASKA NATIVE)",6.0,0,0,0.5,55,6.6,0.0,86.1,0.01,0.02,0.01,0.5
STEW/SOUP,"STEW/SOUP,CARIBOU (ALASKA NATIVE)",4.8,0,0,0.100000001,41,3.8,0.0,90.0,0.0,0.02,0.01,0.7
STOUFFER'S CHICK PIE,"STOUFFER'S CHICK PIE,FRZ ENTREE",22.59,22,0,1.399999976,259,7.17,3.730000019,53.2,5.64,2.2,6.29,15.5
STOUFFER'S CRMD CHIPPED BF,"STOUFFER'S CRMD CHIPPED BF,FRZ ENTREE",7.07,25,0,0.400000006,110,7.52,3.400000095,77.84,1.54,0.29,3.31,5.71
STOUFFER'S HOMESTYLE SALISBURY STEAK IN GRAVY & MAC& CHS,"STOUFFER'S HOMESTYLE SALISBURY STEAK IN GRAVY & MAC& CHS,FRZ",7.47,14,0,1.5,102,6.36,1.950000048,80.09,1.93,0.97,1.8,5.17
STOUFFER'S LASAGNA W/ MEAT & SAU,"STOUFFER'S LASAGNA W/ MEAT & SAU,FRZ ENTREE",12.57,13,0,1.100000024,116,8.04,2.200000048,74.27,1.28,0.23,1.9,3.77
STOUFFER'S LN CUISINE CHICK & VEG W/ VERMICELLI,"STOUFFER'S LN CUISINE CHICK & VEG W/ VERMICELLI,FRZ ENTREE",8.91,10,0,1.299999952,78,6.68,1.5,81.51,0.6,0.36,0.63,1.7
STOUFFER'S LN CUISINE HS BF POT RST W/ WHIPPED POTATOES,"STOUFFER'S LN CUISINE HS BF POT RST W/ WHIPPED POTATOES,FRZ",8.29,8,0,1.200000048,72,4.98,1.419999957,82.96,1.03,0.41,0.54,2.14
STOUFFER'S LN CUISINE HS STUFF CAB W/ MEAT SAU&WHPED POT,"STOUFFER'S LN CUISINE HS STUFF CAB W/ MEAT SAU&WHPED POT,FRZ",9.07,5,0,1.5,73,4.03,2.170000076,83.28,1.1,0.35,0.64,2.28
STOUFFER'S LN CUISINE MACARONI & BF IN TOMATO SAU,"STOUFFER'S LN CUISINE MACARONI & BF IN TOMATO SAU,FRZ ENTREE",13.23,6,0,1.700000048,91,6.07,3.900000095,77.9,0.61,0.22,0.59,1.54
STOUFFER'S LN CUISINE ORIENTAL BF W/ VEG & RICE,"STOUFFER'S LN CUISINE ORIENTAL BF W/ VEG & RICE,FRZ ENTREE",11.05,9,0,1.600000024,74,4.96,3.099999905,81.69,0.43,0.12,0.42,1.08
STOUFFER'S LN CUISINE SPAGHETTI W/ MEAT SAU,"STOUFFER'S LN CUISINE SPAGHETTI W/ MEAT SAU,FRZ ENTREE",14.91,4,0,1.399999976,87,4.31,2.569999933,78.79,0.4,0.27,0.34,1.08
STOUFFER'S LN CUISINE SPAGHETTI W/ MEATBALLS & SAU,"STOUFFER'S LN CUISINE SPAGHETTI W/ MEATBALLS & SAU,FRZ ENTRE",12.27,9,0,1.5,93,6.68,2.430000067,78.06,0.71,0.29,0.75,1.9
STOUFFER'S LN CUISINE SWEDISH MEATBALLS W/ PASTE,"STOUFFER'S LN CUISINE SWEDISH MEATBALLS W/ PASTE,FRZ ENTREE",12.14,19,0,1.0,106,8.56,1.75999999,75.48,1.0,0.35,1.08,2.63
STOUFFER'S STUFFED PEPPERS W/ BF IN TOMATO SAU,"STOUFFER'S STUFFED PEPPERS W/ BF IN TOMATO SAU,FRZ ENTREE",8.73,8,0,1.200000048,73,3.72,2.730000019,83.88,1.01,0.17,1.01,2.57
STRAWBERRIES,"STRAWBERRIES,FRZ,UNSWTND",9.13,0,6,2.099999905,35,0.43,4.559999943,89.97,0.015,0.054,0.006,0.11
STRAWBERRY-FLAVOR BEV MIX,"STRAWBERRY-FLAVOR BEV MIX,PDR",99.1,0,0,0.0,389,0.1,95.44999695,0.4,0.0,0.0,0.0,0.2
STRUDEL,"STRUDEL,APPLE",41.1,6,17,2.200000048,274,3.3,25.75,43.5,3.267,5.315,2.044,11.2
STURGEON,"STURGEON,MXD SP,RAW",0.0,60,65,0.0,105,16.14,0.0,76.55,1.939,0.69,0.915,4.04
SUCCOTASH,"SUCCOTASH,(CORN&LIMAS),CND,W/WHL KERNEL CORN,SOL&LIQUIDS",13.98,0,0,2.599999905,63,2.6,0.0,81.96,0.096,0.236,0.092,0.49
SUCKER,"SUCKER,WHITE,RAW",0.0,41,0,0.0,92,16.76,0.0,79.71,0.706,0.807,0.452,2.32
SUGAR-APPLES,"SUGAR-APPLES,(SWEETSOP),RAW",23.64,0,0,4.400000095,94,2.06,0.0,73.23,0.114,0.04,0.048,0.29
SUGARS,"SUGARS,BROWN",98.09,0,2,0.0,380,0.12,97.01999664,1.34,0.0,0.0,0.0,0.0
SUNFISH,"SUNFISH,PUMPKIN SEED,RAW",0.0,67,0,0.0,89,19.4,0.0,79.5,0.117,0.246,0.139,0.7
SUNFLOWER SD BUTTER,"SUNFLOWER SD BUTTER,WO/SALT",27.42,0,0,0.0,579,19.66,0.0,1.23,9.111,31.52,5.002,47.73
SUNFLOWER SD FLR,"SUNFLOWER SD FLR,PART DEFATTED",35.83,0,0,5.199999809,326,48.06,0.0,7.47,0.252,0.87,0.138,1.61
SUNFLOWER SD KRNLS,"SUNFLOWER SD KRNLS,DRIED",20.0,0,55,8.600000381,584,20.78,2.619999886,4.73,18.528,23.137,4.455,51.46
SUPPER BAKES MEAL KITS,"SUPPER BAKES MEAL KITS,CREAMY STROGANOFF SAU W/ PASTA",24.8,8,0,0.800000012,147,4.8,2.400000095,51.5,0.0,0.0,1.2,3.2
SWAMP CABBAGE,"SWAMP CABBAGE,(SKUNK CABBAGE),RAW",3.14,0,0,2.099999905,19,2.6,0.0,92.47,0.0,0.0,0.0,0.2
SWEET POTATO,"SWEET POTATO,RAW,UNPREP",20.12,0,12,3.0,86,1.57,4.179999828,77.28,0.001,0.014,0.018,0.05
SWEET POTATO LEAVES,"SWEET POTATO LEAVES,RAW",6.38,0,0,2.0,35,4.0,0.0,87.96,0.012,0.134,0.065,0.3
SWEET ROLLS,"SWEET ROLLS,CINN,COMMLY PREP W/RAISINS",50.9,66,41,2.400000095,372,6.2,31.72999954,24.8,4.797,7.473,3.079,16.4
SWEETENERS,"SWEETENERS,TABLETOP,FRUCTOSE,LIQ",76.1,0,0,0.100000001,279,0.0,76.0,23.9,0.0,0.0,0.0,0.0
SWEETPOTATO,"SWEETPOTATO,CND,VACUUM PK",21.12,0,13,1.799999952,91,1.65,5.0,76.03,0.008,0.084,0.041,0.2
SWORDFISH,"SWORDFISH,RAW",0.0,39,65,0.0,121,19.8,0.0,75.62,1.545,0.922,1.097,4.01
SYRUPS,"SYRUPS,TABLE BLENDS,CORN,REFINER,&SUGAR",83.9,0,0,0.0,319,0.0,0.0,15.6,0.0,0.0,0.0,0.0
Seal,"Seal, bearded (Oogruk), meat, dried (Alaska Native)",0.0,0,0,0.0,351,82.6,0.0,11.6,1.33,0.37,0.6,2.3
Snacks,"Snacks, soy chips or crisps, salted",53.15,0,111,3.5,376,26.5,1.799999952,8.5,1.661,4.018,0.0,7.35
Soup,"Soup, Swanson chickne broth",0.14,0,0,0.0,4,0.54,0.150000006,98.1,0.0,0.0,0.0,0.17
TACO BELL,"TACO BELL,BURRITO SUPREME W/ CHICK",20.51,21,0,2.400000095,179,9.84,0.0,61.0,2.56,0.795,2.352,6.42
TACO SHELLS,"TACO SHELLS,BKD,WO/ SALT",62.4,0,0,7.5,468,7.2,0.0,6.0,8.934,8.494,3.245,22.6
TAMARIND NECTAR,"TAMARIND NECTAR,CND",14.73,0,1,0.5,57,0.09,12.69999981,84.97,0.0,0.0,0.0,0.12
TAMARINDS,"TAMARINDS,RAW",62.5,0,9,5.099999905,239,2.8,57.40000153,31.4,0.181,0.059,0.272,0.6
TANGERINE JUC,"TANGERINE JUC,FRZ CONC,SWTND,DIL W/3 VOLUME H2O",11.06,0,0,0.0,46,0.43,0.0,88.1,0.01,0.014,0.007,0.11
TANGERINE JUICE,"TANGERINE JUICE,RAW",10.1,0,6,0.200000003,43,0.5,9.899999619,88.9,0.036,0.04,0.024,0.2
TANGERINES,"TANGERINES,(MANDARIN ORANGES),CND,JUC PK",9.57,0,9,0.699999988,37,0.62,8.869999886,89.51,0.005,0.005,0.003,0.03
TAPIOCA,"TAPIOCA,PEARL,DRY",88.69,0,1,0.899999976,358,0.19,3.349999905,10.99,0.005,0.003,0.005,0.02
TARO,"TARO,SHOOTS,CKD,W/SALT",3.19,0,0,0.0,14,0.73,0.0,95.3,0.006,0.033,0.016,0.08
TARO LEAVES,"TARO LEAVES,CKD,STMD,WO/SALT",4.02,0,21,2.0,24,2.72,0.0,92.15,0.033,0.168,0.083,0.41
TARO SHOOTS,"TARO SHOOTS,CKD,WO/SALT",3.2,0,0,0.0,14,0.73,0.0,95.3,0.006,0.033,0.016,0.08
TEA,"TEA,RTD,UNSWTND,WENDY'S,FAST FD,WO/ ICE",0.0,0,0,0.0,1,0.22,0.0,99.79,0.0,0.0,0.0,0.0
TEFF,"TEFF,CKD",19.86,0,0,0.0,101,3.87,0.0,74.93,0.0,0.0,0.0,0.65
TEMPEH,"TEMPEH,CKD",9.35,0,0,0.0,196,18.19,0.0,59.56,3.745,2.638,3.4,11.38
TENNIS BREAD,"TENNIS BREAD,PLN (APACHE)",53.26,0,0,2.599999905,258,9.0,3.00999999,33.77,0.12,0.59,0.27,1.05
THE BUDGET GOURMET,"THE BUDGET GOURMET,SPINACH AU GRATIN,FRZ",7.4,27,0,1.5,143,4.3,0.0,75.1,0.0,0.0,4.9,10.7
THURINGER,"THURINGER,CERVELAT,SMMR SAUSAGE,BF,PORK",3.33,74,79,0.0,362,17.45,0.850000024,45.18,12.97,1.2,11.51,30.43
THYME,"THYME,FRSH",24.45,0,0,14.0,101,5.56,0.0,65.11,0.081,0.532,0.467,1.68
TILEFISH,"TILEFISH,RAW",0.0,50,0,0.0,96,17.5,0.0,78.9,0.571,0.599,0.441,2.31
TKY,"TKY,STUFFING,MSHD POTATOE W/GRAVY,ASSORTED VEG,FRZ,MICROWAVE",16.32,14,17,1.299999952,128,6.97,4.820000172,71.16,1.235,1.087,0.89,3.89
TOASTER PASTRIES,"TOASTER PASTRIES,KELLOGG,KELLOGG'S POPTARTS,CHERRY",71.19,0,0,1.100000024,393,4.6,31.70000076,12.5,5.73,3.0,1.67,10.4
TOFU,"TOFU,OKARA",12.54,0,0,0.0,77,3.22,0.0,81.64,0.295,0.755,0.193,1.73
TOMATILLOS,"TOMATILLOS,RAW",5.84,0,8,1.899999976,32,0.96,3.930000067,91.63,0.155,0.417,0.139,1.02
TOMATO JUC,"TOMATO JUC,CND,W/SALT",4.24,0,7,0.400000006,17,0.76,3.559999943,93.9,0.009,0.024,0.008,0.05
TOMATO PRODUCTS,"TOMATO PRODUCTS,CND,SAU,W/MUSHROOMS",8.43,0,0,1.5,35,1.45,5.769999981,87.97,0.01,0.05,0.017,0.13
TOMATO SAU,"TOMATO SAU,NO SALT",8.71,0,12,1.5,42,1.3,5.21999979,89.1,0.029,0.079,0.028,0.2
TOMATO&VEG JUC,"TOMATO&VEG JUC,LO NA",4.59,0,7,0.800000012,22,0.6,3.799999952,93.5,0.016,0.042,0.014,0.1
TOMATOES,"TOMATOES,RED,RIPE,CND,W/GRN CHILIES",3.62,0,0,0.0,15,0.69,0.0,94.23,0.011,0.03,0.011,0.08
TOPPINGS,"TOPPINGS,STRAWBERRY",66.3,0,10,0.699999988,254,0.2,27.37999916,33.0,0.014,0.05,0.005,0.1
TORTELLINI,"TORTELLINI,PASTA W/CHS FILLING",47.0,42,5,1.899999976,307,13.5,0.949999988,30.5,2.066,0.461,3.6,7.23
TORTILLA,"TORTILLA,INCL PLN & FROM MUTTON SNDWCH (NAVAJO)",49.94,0,0,2.400000095,237,7.28,2.75,39.96,0.185,0.391,0.296,0.95
TORTILLA CHIPS,"TORTILLA CHIPS,LOFAT,BKD WO/FAT",80.0,0,22,5.300000191,415,11.0,0.670000017,1.7,1.66,2.87,0.85,5.7
TORTILLAS,"TORTILLAS,RTB OR -FRY,CORN,WO/ SALT",46.6,0,0,5.199999809,222,5.7,0.0,44.1,0.649,1.122,0.334,2.5
TRAIL MIX,"TRAIL MIX,REGULAR",44.9,0,0,0.0,462,13.8,0.0,9.2,12.53,9.65,5.55,29.4
TREE FERN,"TREE FERN,CKD,W/SALT",10.78,0,0,3.700000048,40,0.29,0.0,88.6,0.0,0.0,0.0,0.07
TRITICALE FLR,"TRITICALE FLR,WHOLE-GRAIN",73.14,0,0,14.60000038,338,13.18,0.0,10.01,0.183,0.794,0.318,1.81
TROUT,"TROUT,RAINBOW,WILD,RAW",0.0,59,0,0.0,119,20.48,0.0,71.87,1.129,1.237,0.722,3.46
TUNA,"TUNA,LT,CND IN H2O,DRND SOL",0.0,30,29,0.0,116,25.51,0.0,74.51,0.159,0.337,0.234,0.82
TURBOT,"TURBOT,EUROPEAN,CKD,DRY HEAT",0.0,62,0,0.0,122,20.58,0.0,70.45,0.0,0.0,0.0,3.78
TURKEY,"TURKEY,FRYER-ROASTERS,LT MEAT,MEAT ONLY,RAW",0.0,66,0,0.0,108,24.18,0.0,74.61,0.09,0.13,0.16,0.49
TURKEY AND GRAVY,"TURKEY AND GRAVY,FROZEN",4.61,18,0,0.0,67,5.88,0.0,85.07,0.97,0.47,0.85,2.63
TURKEY BACON,"TURKEY BACON,COOKED",3.1,98,71,0.0,382,29.6,0.0,32.6,10.899,6.807,8.294,27.9
TURKEY BREAST,"TURKEY BREAST,PRE-BASTED,MEAT&SKN,CKD,RSTD",0.0,42,0,0.0,126,22.16,0.0,70.91,1.14,0.84,0.98,3.46
TURKEY HAM,"TURKEY HAM,SLICED,EX LN,PREPACKAGED OR DELI-SLICED",2.93,67,59,0.0,124,19.6,0.0,72.0,0.864,1.148,1.09,3.8
TURKEY PATTIES,"TURKEY PATTIES,BREADED,BATTERED,FRIED",15.7,75,55,0.5,283,14.0,0.319999993,49.7,7.47,4.71,4.69,18.0
TURKEY POT PIE,"TURKEY POT PIE,FRZ ENTREE",17.7,16,0,1.100000024,176,6.5,0.0,65.7,3.46,1.38,2.88,8.8
TURKEY ROLL,"TURKEY ROLL,LIGHT MEAT",5.03,34,42,0.0,98,14.79,0.0,74.87,0.421,0.255,0.318,1.66
TURKEY RST,"TURKEY RST,BNLESS,FRZ,SEASONED,LT&DK MEAT,RAW",6.4,53,0,0.0,120,17.6,0.0,70.4,0.47,0.64,0.73,2.2
TURKEY SAUSAGE,"TURKEY SAUSAGE,FRSH,RAW",0.47,75,0,0.0,155,18.79,0.0,70.42,2.624,2.386,1.963,8.08
TURKEY STKS,"TURKEY STKS,BREADED,BATTERED,FRIED",17.0,64,0,0.0,279,14.2,0.0,49.4,6.92,4.39,4.38,16.9
TURKEY THIGH,"TURKEY THIGH,PRE-BASTED,MEAT&SKN,CKD,RSTD",0.0,62,0,0.0,157,18.8,0.0,70.6,2.53,2.35,2.65,8.54
TURKEY&PORK SAUSAGE,"TURKEY&PORK SAUSAGE,FRSH,BULK,PATTY OR LINK,CKD",0.7,84,80,0.0,307,22.7,0.0,50.9,9.719,3.25,7.95,23.0
TURMERIC,"TURMERIC,GROUND",64.93,0,49,21.10000038,354,7.83,3.210000038,11.36,1.66,2.18,3.12,9.88
TURNIP GREENS,"TURNIP GREENS,RAW",7.13,0,0,3.200000048,32,1.5,0.810000002,89.67,0.02,0.12,0.07,0.3
TURNIP GRNS,"TURNIP GRNS,CKD,BLD,DRND,WO/SALT",4.36,0,0,3.5,20,1.14,0.529999971,93.2,0.015,0.091,0.053,0.23
TURNIP GRNS&TURNIPS,"TURNIP GRNS&TURNIPS,FRZ,UNPREP",3.4,0,0,2.400000095,21,2.46,0.0,93.13,0.012,0.088,0.032,0.19
TURNIPS,"TURNIPS,CKD,BLD,DRND,WO/SALT",5.06,0,9,2.0,22,0.71,2.99000001,93.6,0.005,0.042,0.008,0.08
TURTLE,"TURTLE,GREEN,RAW",0.0,50,65,0.0,89,19.8,0.0,78.5,0.088,0.17,0.127,0.5
TYSON CHICK FAJITA KIT,"TYSON CHICK FAJITA KIT,FRZ,PROD CD #2266-910",16.22,11,0,1.700000048,120,6.37,2.029999971,71.56,0.99,1.48,0.8,3.34
USDA CMDTY,"USDA CMDTY,MXD FRUIT (PEACH,PEARS,GRAPES),CND,LT SYRUP,DRND",14.65,0,0,1.600000024,57,0.46,11.25,84.6,0.0,0.0,0.01,0.1
USDA CMDTY CHICK,"USDA CMDTY CHICK,CND,MEAT ONLY,DRND",0.0,83,74,0.0,162,27.52,0.0,67.29,2.047,1.313,1.572,5.72
USDA CMDTY FD,"USDA CMDTY FD,OIL,VEG,LO SATURATED FAT",0.0,0,0,0.0,884,0.0,0.0,0.0,22.73,65.138,7.429,100.0
USDA CMDTY PEACHES,"USDA CMDTY PEACHES,CND,LT SYRUP,DRND",15.65,0,0,0.699999988,61,0.56,10.60999966,83.43,0.0,0.0,0.0,0.15
USDA CMDTY PEARS,"USDA CMDTY PEARS,CND,JUC PK,DRND",12.91,0,0,2.200000048,51,0.34,8.270000458,86.26,0.0,0.0,0.0,0.19
USDA COMMODITY,"USDA COMMODITY,SALSA",7.0,0,0,1.399999976,36,1.5,0.0,89.7,0.016,0.107,0.029,0.2
VANILLA EXTRACT,"VANILLA EXTRACT,IMITN,ALCOHOL",2.41,0,0,0.0,237,0.05,0.0,64.46,0.0,0.0,0.0,0.0
VEAL,"VEAL,LEG (TOP RND),LN,RAW",0.0,78,0,0.0,107,21.28,0.0,75.82,0.56,0.18,0.53,1.76
VEGETABLE JUC COCKTAIL,"VEGETABLE JUC COCKTAIL,CND",4.55,0,7,0.800000012,19,0.63,3.299999952,93.52,0.014,0.038,0.013,0.09
VEGETABLE OIL,"VEGETABLE OIL,AVOCADO",0.0,0,0,0.0,884,0.0,0.0,0.0,70.554,13.486,11.56,100.0
VEGETABLE OIL-BUTTER SPRD,"VEGETABLE OIL-BUTTER SPRD,TUB,SALTED",1.0,0,6,0.0,362,1.0,0.0,56.0,18.438,12.573,7.238,40.0
VEGETABLES,"VEGETABLES,MXD,FRZ,CKD,BLD,DRND,WO/SALT",13.09,0,24,4.400000095,65,2.86,3.119999886,83.23,0.01,0.072,0.031,0.15
VERMICELLI,"VERMICELLI,MADE FROM SOY",82.32,0,177,3.900000095,331,0.1,17.44000053,11.9,0.013,0.041,0.014,0.1
VINEGAR,"VINEGAR,RED WINE",0.27,0,0,0.0,19,0.04,0.0,94.47,0.0,0.0,0.0,0.0
VINESPINACH,"VINESPINACH,(BASELLA),RAW",3.4,0,0,0.0,19,1.8,0.0,93.1,0.0,0.0,0.0,0.3
VITASOY USA,"VITASOY USA,VITASOY LT VANILLA SOYMILK",4.1,0,0,0.100000001,30,1.6,2.900000095,92.74,0.2,0.4,0.18,0.82
WAFFLE,"WAFFLE,PLN,FRZ,RTH,MICROWAVE",45.41,16,0,2.400000095,298,6.71,5.039999962,34.95,5.195,2.24,1.58,9.91
WAFFLES,"WAFFLES,PLN,FRZ,RTH",42.98,14,0,2.200000048,285,6.47,4.909999847,37.95,5.129,2.165,1.531,9.7
WALNUTS,"WALNUTS,BLACK,DRIED",9.91,0,32,6.800000191,618,24.06,1.100000024,4.56,15.004,35.077,3.368,59.0
WALRUS,"WALRUS,MEAT,DRIED (ALASKA NATIVE)",0.0,0,0,0.0,251,57.0,0.0,38.8,0.0,0.0,0.0,2.6
WASABI,"WASABI,ROOT,RAW",23.54,0,0,7.800000191,109,4.8,0.0,69.11,0.0,0.0,0.0,0.63
WATER,"WATER,BTLD,PERRIER",0.0,0,0,0.0,0,0.0,0.0,99.9,0.0,0.0,0.0,0.0
WATER W/ ADDED VITAMINS & MINERALS,"WATER W/ ADDED VITAMINS & MINERALS,SWTND, FRUIT FLAVORS",5.49,0,0,0.0,22,0.0,5.489999771,94.44,0.0,0.0,0.0,0.0
WATERCHESTNUTS,"WATERCHESTNUTS,CHINESE,CND,SOL&LIQUIDS",12.3,0,18,2.5,50,0.88,2.460000038,86.42,0.001,0.026,0.016,0.06
WATERCRESS,"WATERCRESS,RAW",1.29,0,9,0.5,11,2.3,0.200000003,95.11,0.008,0.035,0.027,0.1
WATERMELON,"WATERMELON,RAW",7.55,0,4,0.400000006,30,0.61,6.199999809,91.45,0.037,0.05,0.016,0.15
WATERMELON SD KRNLS,"WATERMELON SD KRNLS,DRIED",15.31,0,0,0.0,557,28.33,0.0,5.05,7.407,28.094,9.779,47.37
WAXGOURD,"WAXGOURD,(CHINESE PRESERVING MELON),RAW",3.0,0,0,2.900000095,13,0.4,0.0,96.1,0.037,0.087,0.016,0.2
WEIGHT WATCHERS SMART ONES,"WEIGHT WATCHERS SMART ONES,CHICK TENDERLOINS W/ BBQ SAU",13.3,14,0,1.700000048,95,6.7,3.400000095,76.7,0.4,0.8,0.3,1.7
WENDY'S,"WENDY'S,ULTIMATE CHICK GRILL SNDWCH",18.88,40,0,1.100000024,179,14.73,0.0,59.67,1.46,1.81,1.03,5.0
WHALE,"WHALE,BELUGA,EYES (ALASKA NATIVE)",0.0,0,0,0.0,291,19.6,0.0,55.1,0.0,0.0,0.0,23.3
WHEAT,"WHEAT,SPROUTED",42.53,0,0,1.100000024,198,7.49,0.0,47.75,0.151,0.557,0.206,1.27
WHEAT BRAN,"WHEAT BRAN,CRUDE",64.51,0,74,42.79999924,216,15.55,0.409999996,9.89,0.637,2.212,0.63,4.25
WHEAT FLOUR,"WHEAT FLOUR,WHOLE-GRAIN",72.57,0,31,12.19999981,339,13.7,0.409999996,10.27,0.232,0.779,0.322,1.87
WHEAT FLOURS,"WHEAT FLOURS,BREAD,UNENR",72.53,0,10,2.400000095,361,11.98,0.310000002,13.36,0.14,0.727,0.244,1.66
WHEAT FLR,"WHEAT FLR,WHITE (INDUSTRIAL),9% PROT,BLEACHED,ENR",77.32,0,10,0.0,367,8.89,0.540000021,11.85,0.0,0.0,0.0,1.43
WHEAT GERM,"WHEAT GERM,CRUDE",51.8,0,0,13.19999981,360,23.15,0.0,11.12,1.365,6.01,1.665,9.72
WHELK,"WHELK,UNSPECIFIED,RAW",7.76,65,65,0.0,137,23.84,0.0,66.0,0.028,0.023,0.031,0.4
WHEY,"WHEY,ACID,FLUID",5.12,1,16,0.0,24,0.76,5.119999886,93.42,0.025,0.004,0.057,0.09
WHIPPED CRM SUB,"WHIPPED CRM SUB,DIETETIC,MADE FROM PDR MIX",10.6,0,0,0.0,100,0.9,10.60000038,82.3,1.357,1.158,3.186,6.0
WHIPPED TOPPING,"WHIPPED TOPPING,FRZ,LOFAT",23.6,2,0,0.0,224,3.0,23.60000038,59.7,0.838,0.269,11.273,13.1
WHISKEY SOUR MIX,"WHISKEY SOUR MIX,BTLD,W/ K&NA",21.4,0,0,0.0,84,0.1,0.0,78.2,0.002,0.02,0.008,0.1
WHITEFISH,"WHITEFISH,MXD SP,SMOKED",0.0,33,95,0.0,108,23.4,0.0,70.83,0.278,0.293,0.228,0.93
WHITING,"WHITING,MIXED SPECIES,RAW",0.0,67,65,0.0,90,18.31,0.0,80.27,0.279,0.422,0.247,1.31
WILD RICE,"WILD RICE,COOKED",21.34,0,10,1.799999952,101,3.99,0.730000019,73.93,0.05,0.213,0.049,0.34
WILLOW,"WILLOW,LEAVES IN OIL (ALASKA NATIVE)",8.1,0,0,0.0,592,2.6,0.0,28.0,0.0,0.0,0.0,61.0
WINE,"WINE,NON-ALCOHOLIC",1.1,0,5,0.0,6,0.5,1.100000024,98.2,0.0,0.0,0.0,0.0
WINGED BEAN,"WINGED BEAN,IMMAT SEEDS,CKD,BLD,DRND,W/SALT",3.21,0,0,0.0,37,5.31,0.0,90.11,0.237,0.177,0.101,0.66
WINGED BEAN LEAVES,"WINGED BEAN LEAVES,RAW",14.1,0,0,0.0,74,5.85,0.0,76.85,0.285,0.213,0.272,1.1
WINGED BEAN TUBER,"WINGED BEAN TUBER,RAW",28.1,0,0,0.0,148,11.6,0.0,57.4,0.234,0.174,0.222,0.9
WINGED BNS,"WINGED BNS,IMMAT SEEDS,CKD,BLD,DRND,WO/SALT",3.21,0,0,0.0,38,5.31,0.0,90.11,0.189,0.142,0.181,0.66
WOLFFISH,"WOLFFISH,ATLANTIC,RAW",0.0,46,0,0.0,96,17.5,0.0,79.9,0.837,0.845,0.365,2.39
WORTHINGTON CHIC-KETTS,"WORTHINGTON CHIC-KETTS,FRZ,UNPREP",4.6,0,0,3.700000048,204,25.91,0.839999974,57.98,2.2,5.5,1.4,9.16
WORTHINGTON CHILI,"WORTHINGTON CHILI,CND,UNPREP",10.87,0,0,3.400000095,123,10.39,1.299999952,72.79,0.88,2.88,0.7,4.22
WORTHINGTON CHOPLETS,"WORTHINGTON CHOPLETS,CND,UNPREP",4.06,0,0,2.799999952,103,19.39,0.419999987,74.11,0.13,0.51,0.16,1.03
WORTHINGTON DICED CHIK,"WORTHINGTON DICED CHIK,CND,UNPREP",3.74,1,0,1.399999976,80,14.71,0.100000001,78.97,0.0,0.0,0.0,0.65
WORTHINGTON DINNER RST,"WORTHINGTON DINNER RST,FRZ,UNPREP",6.87,1,0,3.099999905,213,16.04,0.980000019,61.66,5.4,5.6,2.4,13.5
WORTHINGTON FRICHIK,"WORTHINGTON FRICHIK,CND,UNPREP",3.36,1,0,1.5,160,13.43,0.100000001,71.11,2.36,5.49,1.41,10.33
WORTHINGTON FRIPATS,"WORTHINGTON FRIPATS,FRZ,UNPREP",7.95,2,0,2.799999952,209,23.73,1.370000005,56.75,2.17,5.19,1.4,9.12
WORTHINGTON LOFAT FRI CHIK,"WORTHINGTON LOFAT FRI CHIK,CND,UNPREP",4.9,1,0,1.0,102,14.31,0.029999999,76.35,0.68,1.05,0.4,2.74
WORTHINGTON LOFAT VEJA-LINKS,"WORTHINGTON LOFAT VEJA-LINKS,CND,UNPREP",4.28,2,0,1.200000048,123,15.79,0.699999988,72.98,1.07,2.59,0.73,4.78
WORTHINGTON MEATLESS CHICK,"WORTHINGTON MEATLESS CHICK,FRZ,UNPREP",4.28,1,0,2.400000095,153,16.08,0.75,67.98,1.81,4.6,1.22,7.99
WORTHINGTON MEATLESS CORNED BF,"WORTHINGTON MEATLESS CORNED BF,FRZ,UNPREP",9.87,1,0,4.699999809,244,18.62,2.099999905,54.08,3.47,8.6,2.27,14.47
WORTHINGTON MULTIGRAIN CUTLETS,"WORTHINGTON MULTIGRAIN CUTLETS,CND,UNPREP",6.0,0,0,3.099999905,108,18.1,0.600000024,73.4,0.2,0.6,0.5,1.3
WORTHINGTON PRIME STAKES,"WORTHINGTON PRIME STAKES,CND,UNPREP",7.52,1,0,1.399999976,135,10.16,0.300000012,73.44,1.69,3.56,0.95,7.19
WORTHINGTON PROSAGE LINKS,"WORTHINGTON PROSAGE LINKS,FRZ,UNPREP",5.03,2,0,2.799999952,143,20.17,0.769999981,67.49,1.8,2.0,0.9,4.68
WORTHINGTON PROSAGE ROLL,"WORTHINGTON PROSAGE ROLL,FRZ,UNPREP",5.95,2,0,3.5,261,19.61,0.150000006,54.42,5.8,8.3,3.4,17.61
WORTHINGTON SAUCETTES,"WORTHINGTON SAUCETTES,CND,UNPREP",5.59,2,0,2.799999952,219,14.99,0.230000004,62.41,0.0,0.0,0.0,15.19
WORTHINGTON SMOKED TURKEY,"WORTHINGTON SMOKED TURKEY,FRZ,UNPREP",7.93,0,0,1.100000024,251,18.54,2.400000095,53.68,3.88,8.88,2.34,16.12
WORTHINGTON STAKELETS,"WORTHINGTON STAKELETS,FRZ,UNPREP",9.56,1,0,2.799999952,211,19.7,1.159999967,57.46,3.5,5.1,1.8,10.39
WORTHINGTON STRIPPLES,"WORTHINGTON STRIPPLES,FRZ,UNPREP",14.3,2,0,5.099999905,346,12.4,0.800000012,41.9,6.2,16.2,4.2,26.6
WORTHINGTON SUPER LINKS,"WORTHINGTON SUPER LINKS,CND,UNPREP",5.5,1,0,1.799999952,219,14.46,0.610000014,62.14,3.06,8.36,2.08,15.45
WORTHINGTON TURKEE SLICES,"WORTHINGTON TURKEE SLICES,CND,UNPREP",5.63,1,0,0.0,202,14.5,1.299999952,63.56,4.15,8.28,2.07,13.55
WORTHINGTON VEG SKALLOPS,"WORTHINGTON VEG SKALLOPS,CND,UNPREP",4.56,0,0,3.400000095,109,19.89,0.340000004,72.99,0.13,0.52,0.16,1.19
WORTHINGTON VEG STEAKS,"WORTHINGTON VEG STEAKS,CND,UNPREP",5.05,0,0,2.200000048,113,20.68,0.529999971,71.79,0.0,0.0,0.0,1.16
WORTHINGTON VEGETARIAN BURGER,"WORTHINGTON VEGETARIAN BURGER,CND,UNPREP",6.21,0,0,2.700000048,126,18.64,0.560000002,70.73,0.49,1.74,0.46,2.94
WORTHINGTON VEJA-LINKS,"WORTHINGTON VEJA-LINKS,CND,UNPREP",4.13,3,0,3.299999952,155,14.59,0.469999999,70.41,1.96,4.52,1.3,8.93
WORTHINGTON WHAM,"WORTHINGTON WHAM,FRZ,UNPREP",5.71,0,0,0.0,196,17.83,3.200000048,62.1,2.48,5.79,1.62,11.29
Whale,"Whale, beluga, meat, raw (Alaska Native)",0.0,80,35,0.0,111,26.5,0.0,72.5,0.337,0.025,0.092,0.5
YACHTWURST,"YACHTWURST,W/ PISTACHIO NUTS,CKD",1.4,64,0,0.0,268,14.8,0.0,58.2,0.0,0.0,7.9,22.6
YAM,"YAM,CKD,BLD,DRND,OR BKD,WO/SALT",27.48,0,16,3.900000095,116,1.49,0.49000001,70.13,0.005,0.06,0.029,0.14
YAMBEAN (JICAMA),"YAMBEAN (JICAMA),CKD,BLD,DRND,WO/SALT",8.82,0,0,0.0,38,0.72,0.0,90.07,0.0,0.0,0.0,0.09
YARDLONG BEAN,"YARDLONG BEAN,CKD,BLD,DRND,WO/SALT",9.18,0,0,0.0,47,2.53,0.0,87.47,0.009,0.042,0.026,0.1
YARDLONG BNS,"YARDLONG BNS,MATURE SEEDS,CKD,BLD,WO/SALT",21.09,0,0,3.799999952,118,8.29,0.0,68.8,0.039,0.193,0.116,0.45
YAUTIA (TANNIER),"YAUTIA (TANNIER),RAW",23.63,0,0,1.5,98,1.46,0.0,73.06,0.0,0.0,0.082,0.4
YELLOWTAIL,"YELLOWTAIL,MXD SP,CKD,DRY HEAT",0.0,71,0,0.0,187,29.67,0.0,67.33,0.0,0.0,0.0,6.72
YOGURT,"YOGURT,CHOC,NONFAT MILK",23.53,1,15,1.200000048,108,3.53,14.97000027,71.57,0.0,0.0,0.0,0.0
