Age,Sex,Height_cm,Weight_kg,Wrist_cm,Waist_cm,Hip_cm,Neck_cm,UpperArm_cm,Thigh_cm,Calf_cm,Forearm_cm,Chest_cm,Shoulder_cm,Ankle_cm,Bicep_cm,BodyFatPct,MuscleMass_kg,bmi,bsa_mosteller,fat_mass_kg,lean_mass_kg,fat_mass_index,ffmi,waist_hip_ratio,waist_height_ratio,body_adiposity_index,conicity_index,abdominal_volume_index,waist_neck_ratio,upper_lower_limb_ratio,calf_thigh_ratio,arm_trunk_ratio,forearm_upper_arm_ratio,shoulder_waist_ratio,hip_waist_difference,chest_waist_ratio,frame_size_index,relative_muscle_mass,muscle_to_fat_ratio,skeletal_muscle_index,bicep_to_wrist_ratio,calf_muscle_index
45,M,181,89,18,98,88,39,34,54,37,26,105,42,21,40,28,37.9,27.16644791062544,2.115353923631273,24.92,64.08,7.606605414975124,19.559842495650315,1.1136363636363635,0.5414364640883977,18.138057939088746,128.21648356820828,19.278,2.5128205128205128,0.6296296296296297,0.6851851851851852,0.3469387755102041,0.7647058823529411,0.42857142857142855,-10,1.0714285714285714,9.94475138121547,42.58426966292135,1.5208667736757622,11.568633436097798,2.2222222222222223,20.441988950276244
43,M,178,81,17,101,100,41,32,49,39,28,98,44,23,32,31,33.8,25.5649539199596,2.00124960961895,25.11,55.89,7.9251357151874755,17.639818204772123,1.01,0.5674157303370787,24.108521853700076,137.3606595796901,20.4027,2.4634146341463414,0.6530612244897959,0.7959183673469388,0.31683168316831684,0.875,0.43564356435643564,-1,0.9702970297029703,9.550561797752808,41.72839506172839,1.3460772600557547,10.667844969069561,1.8823529411764706,21.910112359550563
47,M,185,65,18,95,97,38,34,55,42,32,110,39,25,36,16,25.8,18.991964937910883,1.8276426832884425,10.4,54.6,3.038714390065741,15.95325054784514,0.979381443298969,0.5135135135135135,20.549090996269918,147.03688489405957,18.052799999999998,2.5,0.6181818181818182,0.7636363636363637,0.35789473684210527,0.9411764705882353,0.4105263157894737,2,1.1578947368421053,9.72972972972973,39.69230769230769,2.480769230769231,7.538349159970781,2.0,22.702702702702705
65,M,177,77,18,90,98,38,35,53,39,28,99,40,25,37,13,34.2,24.577867151840145,1.9457218026566216,10.01,66.99,3.195122729739219,21.382744422100927,0.9183673469387755,0.5084745762711864,23.61655974252951,125.18643791666577,16.244799999999998,2.3684210526315788,0.660377358490566,0.7358490566037735,0.3888888888888889,0.8,0.4444444444444444,8,1.1,10.16949152542373,44.41558441558442,3.416583416583417,10.916403332375754,2.0555555555555554,22.033898305084744
50,F,161,51,16,69,101,34,30,55,35,25,97,38,22,31,30,21.3,19.675166853130666,1.5102428060856086,15.299999999999999,35.7,5.902550055939199,13.772616797191466,0.6831683168316832,0.42857142857142855,31.440466478353514,112.47356030211225,10.2388,2.0294117647058822,0.5454545454545454,0.6363636363636364,0.43478260869565216,0.8333333333333334,0.5507246376811594,32,1.4057971014492754,9.937888198757763,41.76470588235294,1.3921568627450982,8.21727556807222,1.9375,21.73913043478261
28,F,163,67,15,91,89,35,29,51,33,25,88,35,21,29,41,27.9,25.21735857578381,1.741726474252232,27.47,39.53,10.339117016071361,14.878241559712448,1.0224719101123596,0.558282208588957,24.766981625109338,130.2180822869668,16.564799999999998,2.6,0.5686274509803921,0.6470588235294118,0.31868131868131866,0.8620689655172413,0.38461538461538464,-2,0.967032967032967,9.202453987730062,41.64179104477611,1.0156534401164907,10.500959765139825,1.9333333333333333,20.245398773006134
65,M,180,79,18,106,105,39,33,52,42,25,94,42,26,34,22,30.2,24.382716049382715,1.9874606914351791,17.38,61.620000000000005,5.364197530864197,19.01851851851852,1.0095238095238095,0.5888888888888889,25.47909956249591,146.7918940602455,22.4727,2.717948717948718,0.6346153846153846,0.8076923076923077,0.3113207547169811,0.7575757575757576,0.39622641509433965,-1,0.8867924528301887,10.0,38.22784810126582,1.7376294591484465,9.320987654320987,1.8888888888888888,23.333333333333332
65,F,167,87,15,74,93,33,28,53,34,25,102,34,22,30,44,37.2,31.1950948402596,2.0089383597645134,38.28,48.72,13.725841729714224,17.469253110545377,0.7956989247311828,0.4431137724550898,25.09315007525433,94.0597523711319,11.2047,2.242424242424242,0.5283018867924528,0.6415094339622641,0.3783783783783784,0.8928571428571429,0.4594594594594595,19,1.3783783783783783,8.982035928143713,42.758620689655174,0.9717868338557994,13.338592276524796,2.0,20.35928143712575
65,F,163,62,17,67,80,33,30,54,34,26,87,39,21,28,27,24.5,23.335466144755166,1.6754767149149588,16.740000000000002,45.26,6.300575859083896,17.03489028567127,0.8375,0.4110429447852761,20.442230674255583,99.66582411894248,9.0963,2.0303030303030303,0.5555555555555556,0.6296296296296297,0.44776119402985076,0.8666666666666667,0.582089552238806,13,1.2985074626865671,10.429447852760736,39.516129032258064,1.4635603345280763,9.221272912040348,1.6470588235294117,20.858895705521473
30,M,184,101,18,85,99,38,33,56,36,27,92,40,23,34,18,41.8,29.832230623818525,2.272052425060263,18.18,82.82,5.369801512287334,24.462429111531186,0.8585858585858586,0.46195652173913043,21.665091465583735,105.25449512042276,14.587200000000001,2.236842105263158,0.5892857142857143,0.6428571428571429,0.38823529411764707,0.8181818181818182,0.47058823529411764,14,1.0823529411764705,9.782608695652174,41.386138613861384,2.299229922992299,12.34640831758034,1.8888888888888888,19.565217391304348
56,F,162,52,15,59,111,34,28,55,35,25,90,35,22,30,15,24.5,19.81405273586343,1.5297058540778354,7.8,44.2,2.9721079103795147,16.841944825483917,0.5315315315315315,0.36419753086419754,35.83323231255608,95.53914473245479,8.8548,1.7352941176470589,0.509090909090909,0.6363636363636364,0.4745762711864407,0.8928571428571429,0.5932203389830508,52,1.5254237288135593,9.25925925925926,47.11538461538461,3.141025641025641,9.335467154397193,2.0,21.604938271604937
61,F,166,68,15,80,89,32,27,51,37,25,98,37,23,30,30,31.0,24.677021338365513,1.7707499980391235,20.4,47.6,7.403106401509653,17.27391493685586,0.898876404494382,0.4819277108433735,23.61288963124315,114.67350230150825,12.8567,2.5,0.5294117647058824,0.7254901960784313,0.3375,0.9259259259259259,0.4625,9,1.225,9.036144578313253,45.588235294117645,1.519607843137255,11.24981855131369,2.0,22.289156626506024
53,F,179,86,17,86,104,32,31,54,34,24,93,35,21,31,33,40.0,26.840610467838083,2.0678759902641914,28.380000000000003,57.62,8.857401454386569,17.983209013451514,0.8269230769230769,0.48044692737430167,25.426396450391806,113.82803616133165,15.018799999999999,2.6875,0.5740740740740741,0.6296296296296297,0.36046511627906974,0.7741935483870968,0.4069767441860465,18,1.0813953488372092,9.497206703910614,46.51162790697674,1.409443269908386,12.484004868761899,1.8235294117647058,18.994413407821227
24,M,187,103,18,78,104,38,38,50,37,30,100,41,23,32,25,40.8,29.45465984157396,2.3130667473676105,25.75,77.25,7.36366496039349,22.09099488118047,0.75,0.41711229946524064,22.669696315091755,96.42070346201494,12.641200000000001,2.0526315789473686,0.76,0.74,0.48717948717948717,0.7894736842105263,0.5256410256410257,26,1.2820512820512822,9.62566844919786,39.61165048543689,1.5844660194174756,11.667476908118617,1.7777777777777777,19.786096256684495
46,F,165,83,16,89,109,34,27,50,37,27,103,37,24,30,34,31.9,30.48668503213958,1.9504273036098183,28.220000000000002,54.78,10.365472910927458,20.121212121212125,0.8165137614678899,0.5393939393939394,33.42811206885213,115.12414945591279,16.122,2.6176470588235294,0.54,0.74,0.30337078651685395,1.0,0.4157303370786517,20,1.1573033707865168,9.696969696969697,38.433734939759034,1.130403968816442,11.717171717171718,1.875,22.424242424242426
21,M,177,102,20,99,101,41,31,61,35,30,90,44,25,38,41,37.1,32.557694149190844,2.2394195676558692,41.82,60.18,13.348654601168246,19.2090395480226,0.9801980198019802,0.559322033898305,24.890536061178373,119.64519006903996,19.6048,2.4146341463414633,0.5081967213114754,0.5737704918032787,0.31313131313131315,0.967741935483871,0.4444444444444444,2,0.9090909090909091,11.299435028248588,36.372549019607845,0.8871353419416548,11.842063264068434,1.9,19.774011299435028
32,M,178,97,19,107,96,36,36,57,40,29,114,42,24,36,34,39.8,30.614821360939274,2.1900025367818894,32.980000000000004,64.02,10.409039262719354,20.20578209821992,1.1145833333333333,0.601123595505618,22.424180979552077,132.9784950925918,22.9827,2.9722222222222223,0.631578947368421,0.7017543859649122,0.3364485981308411,0.8055555555555556,0.3925233644859813,-11,1.0654205607476634,10.674157303370785,41.03092783505154,1.2067919951485746,12.561545259436938,1.894736842105263,22.47191011235955
38,M,172,60,17,75,111,34,29,59,34,30,102,43,23,35,18,24.7,20.281233098972418,1.6931233465600393,10.799999999999999,49.2,3.650621957815035,16.630611141157384,0.6756756756756757,0.436046511627907,31.20738752011372,116.49931283669996,12.157200000000001,2.2058823529411766,0.4915254237288136,0.576271186440678,0.38666666666666666,1.0344827586206897,0.5733333333333334,36,1.36,9.883720930232558,41.16666666666667,2.287037037037037,8.349107625743645,2.0588235294117645,19.767441860465116
21,F,166,75,17,74,90,33,27,52,35,26,95,39,22,32,40,32.0,27.21730294672667,1.8596594670351165,30.0,45.0,10.886921178690667,16.330381768036002,0.8222222222222222,0.4457831325301205,24.080450188897572,101.00168848484302,11.131200000000002,2.242424242424242,0.5192307692307693,0.6730769230769231,0.36486486486486486,0.9629629629629629,0.527027027027027,16,1.2837837837837838,10.240963855421686,42.66666666666667,1.0666666666666667,11.612715923936712,1.8823529411764706,21.084337349397593
26,F,162,79,16,58,108,33,28,54,36,23,97,36,21,28,25,29.8,30.102118579484827,1.8854707634964802,19.75,59.25,7.525529644871207,22.57658893461362,0.5370370370370371,0.35802469135802467,34.3782800878924,76.19833070453781,8.478,1.7575757575757576,0.5185185185185185,0.6666666666666666,0.4827586206896552,0.8214285714285714,0.6206896551724138,50,1.6724137931034482,9.876543209876543,37.721518987341774,1.508860759493671,11.354976375552505,1.75,22.22222222222222
54,M,172,91,16,93,100,36,30,58,40,29,113,42,26,32,30,40.2,30.75987020010817,2.085132556404455,27.3,63.7,9.22796106003245,21.53190914007572,0.93,0.5406976744186046,26.330979747850193,117.30053094804778,17.3323,2.5833333333333335,0.5172413793103449,0.6896551724137931,0.3225806451612903,0.9666666666666667,0.45161290322580644,7,1.2150537634408602,9.30232558139535,44.17582417582418,1.4725274725274726,13.588426176311522,2.0,23.25581395348837
58,M,181,110,18,95,100,40,33,57,46,27,111,42,24,36,40,42.9,33.576508653582,2.3517133234209386,44.0,66.0,13.430603461432801,20.1459051921492,0.95,0.5248618784530387,23.065974930782666,111.7995491534558,18.0675,2.375,0.5789473684210527,0.8070175438596491,0.3473684210526316,0.8181818181818182,0.4421052631578947,5,1.168421052631579,9.94475138121547,39.0,0.975,13.09483837489698,2.0,25.41436464088398
30,F,160,82,16,98,82,32,29,52,35,26,90,38,18,31,45,42.1,32.03124999999999,1.9090428084368471,36.9,45.1,14.414062499999996,17.617187499999996,1.1951219512195121,0.6125,22.516682520907352,125.58930089067644,19.3872,3.0625,0.5576923076923077,0.6730769230769231,0.29591836734693877,0.896551724137931,0.3877551020408163,-16,0.9183673469387755,10.0,51.34146341463415,1.1409214092140922,16.445312499999996,1.9375,21.875
57,F,162,86,15,71,97,33,27,52,33,25,92,40,22,29,42,34.9,32.769394909312595,1.9672315572906003,36.12,49.88,13.76314586191129,19.006249047401308,0.7319587628865979,0.4382716049382716,29.043455264125583,89.40053802067374,10.555200000000001,2.1515151515151514,0.5192307692307693,0.6346153846153846,0.38028169014084506,0.9259259259259259,0.5633802816901409,26,1.295774647887324,9.25925925925926,40.581395348837205,0.9662236987818383,13.29827770156988,1.9333333333333333,20.37037037037037
18,F,158,56,16,89,111,33,30,53,38,22,98,37,22,28,23,19.1,22.432302515622492,1.567730135507313,12.88,43.12,5.159429578593174,17.27287293702932,0.8018018018018018,0.5632911392405063,37.89041679968736,137.15070320460438,16.180799999999998,2.696969696969697,0.5660377358490566,0.7169811320754716,0.33707865168539325,0.7333333333333333,0.4157303370786517,22,1.101123595505618,10.126582278481013,34.10714285714286,1.4829192546583851,7.651017465149815,1.75,24.050632911392405
42,M,169,92,18,121,94,39,34,54,37,29,100,40,24,36,39,44.1,32.21175729141137,2.0781936601021784,35.88,56.12,12.562585343650435,19.649171947760934,1.2872340425531914,0.7159763313609467,24.78561675011379,150.45558408797183,29.7923,3.1025641025641026,0.6296296296296297,0.6851851851851852,0.2809917355371901,0.8529411764705882,0.3305785123966942,-27,0.8264462809917356,10.650887573964498,47.934782608695656,1.2290969899665551,15.440635832078712,2.0,21.893491124260358
61,M,191,95,18,84,87,40,31,54,41,30,97,45,24,34,19,38.3,26.040952824758094,2.2450562972401777,18.05,76.95,4.947781036704038,21.093171788054057,0.9655172413793104,0.4397905759162304,14.95863385363387,109.27169230410908,14.1183,2.1,0.5740740740740741,0.7592592592592593,0.36904761904761907,0.967741935483871,0.5357142857142857,3,1.1547619047619047,9.424083769633508,40.315789473684205,2.121883656509695,10.498615717770894,1.8888888888888888,21.465968586387437
47,F,157,66,14,74,116,34,29,59,37,24,92,37,20,31,41,27.9,26.775934114974238,1.6965651574087373,27.06,38.94,10.978132987139437,15.797801127834799,0.6379310344827587,0.4713375796178344,40.966929043467616,104.70877535299962,12.1868,2.176470588235294,0.4915254237288136,0.6271186440677966,0.3918918918918919,0.8275862068965517,0.5,42,1.2432432432432432,8.9171974522293,42.27272727272727,1.0310421286031042,11.3189176031482,2.2142857142857144,23.56687898089172
44,M,176,74,20,104,102,38,31,62,33,32,94,42,25,35,35,30.9,23.889462809917354,1.9020456823582808,25.9,48.1,8.361311983471074,15.528150826446282,1.0196078431372548,0.5909090909090909,25.684882310982793,147.14561192556002,21.6348,2.736842105263158,0.5,0.532258064516129,0.2980769230769231,1.032258064516129,0.40384615384615385,-2,0.9038461538461539,11.363636363636363,41.75675675675675,1.193050193050193,9.975464876033058,1.75,18.75
49,M,180,89,18,90,97,36,33,58,42,28,103,43,22,39,26,34.6,27.469135802469133,2.1095023109728985,23.14,65.86,7.141975308641975,20.327160493827158,0.9278350515463918,0.5,22.166406262496224,117.42410554843472,16.234299999999998,2.5,0.5689655172413793,0.7241379310344828,0.36666666666666664,0.8484848484848485,0.4777777777777778,7,1.1444444444444444,10.0,38.87640449438202,1.4952463267070009,10.679012345679013,2.1666666666666665,23.333333333333332
24,F,172,47,15,86,98,34,28,51,33,25,81,32,23,29,20,20.3,15.886965927528395,1.4985177861992682,9.4,37.6,3.177393185505679,12.709572742022717,0.8775510204081632,0.5,25.44436015289319,150.93405771595204,14.8928,2.5294117647058822,0.5490196078431373,0.6470588235294118,0.32558139534883723,0.8928571428571429,0.37209302325581395,12,0.9418604651162791,8.720930232558139,43.19148936170213,2.1595744680851063,6.861817198485669,1.9333333333333333,19.186046511627907
53,F,159,46,16,77,96,35,25,53,35,24,88,36,20,29,23,17.7,18.19548277362446,1.42536545021502,10.58,35.42,4.1849610379336255,14.010521735690835,0.8020833333333334,0.48427672955974843,29.88235989241624,131.33602672503775,12.110700000000001,2.2,0.4716981132075472,0.660377358490566,0.3246753246753247,0.96,0.4675324675324675,19,1.1428571428571428,10.062893081761008,38.47826086956522,1.6729678638941399,7.00130532811202,1.8125,22.0125786163522
47,F,160,53,15,106,91,34,27,55,36,27,86,33,22,29,31,19.6,20.703124999999996,1.5347819244295118,16.43,36.57,6.417968749999998,14.285156249999998,1.164835164835165,0.6625,26.963635480519137,168.96681736838664,22.6295,3.1176470588235294,0.4909090909090909,0.6545454545454545,0.25471698113207547,1.0,0.3113207547169811,-15,0.8113207547169812,9.375,36.9811320754717,1.192939744370055,7.656249999999999,1.9333333333333333,22.5
48,M,172,77,18,103,107,36,27,49,34,29,91,40,24,37,36,31.1,26.027582477014604,1.9180429841087736,27.72,49.28,9.369929691725257,16.657652785289347,0.9626168224299065,0.5988372093023255,29.43414833019971,141.2308547812727,21.229200000000002,2.861111111111111,0.5510204081632653,0.6938775510204082,0.2621359223300971,1.0740740740740742,0.3883495145631068,4,0.883495145631068,10.465116279069768,40.38961038961039,1.121933621933622,10.512439156300704,2.0555555555555554,19.767441860465116
65,M,169,75,19,104,95,40,29,54,39,27,91,39,22,41,24,31.9,26.25958474843318,1.8763883748662837,18.0,57.0,6.302300339623963,19.95728440880922,1.0947368421052632,0.6153846153846154,25.240782885753298,143.22524109071082,21.6887,2.6,0.5370370370370371,0.7222222222222222,0.27884615384615385,0.9310344827586207,0.375,-9,0.875,11.242603550295858,42.53333333333333,1.7722222222222221,11.169076713000246,2.1578947368421053,23.076923076923077
52,M,177,114,19,102,92,36,31,59,36,25,103,45,22,35,41,52.6,36.388011107919176,2.367488120350343,46.739999999999995,67.26,14.919084554246862,21.468926553672315,1.108695652173913,0.576271186440678,21.068607105231784,116.60250520315546,20.878,2.8333333333333335,0.5254237288135594,0.6101694915254238,0.30392156862745096,0.8064516129032258,0.4411764705882353,-10,1.0098039215686274,10.734463276836157,46.14035087719298,1.1253744116388533,16.789556002425865,1.8421052631578947,20.33898305084746
53,F,151,55,16,63,97,35,29,51,35,27,94,39,20,31,25,23.9,24.121749046094468,1.5188628787499037,13.75,41.25,6.030437261523617,18.091311784570852,0.6494845360824743,0.41721854304635764,34.27647715284932,95.76816816805064,8.747200000000001,1.8,0.5686274509803921,0.6862745098039216,0.4603174603174603,0.9310344827586207,0.6190476190476191,34,1.492063492063492,10.596026490066226,43.45454545454545,1.738181818181818,10.481996403666505,1.9375,23.178807947019866
59,M,181,96,19,103,106,37,31,61,38,31,94,41,25,36,40,49.1,29.303134824944294,2.1969676071045443,38.400000000000006,57.599999999999994,11.721253929977719,17.581880894966574,0.9716981132075472,0.569060773480663,25.529933426629626,129.75210064894958,21.2243,2.7837837837837838,0.5081967213114754,0.6229508196721312,0.30097087378640774,1.0,0.39805825242718446,3,0.912621359223301,10.497237569060774,51.145833333333336,1.2786458333333333,14.987332499007968,1.894736842105263,20.994475138121548
32,M,178,84,17,92,96,34,34,54,36,27,89,42,24,35,28,34.0,26.511804065143288,2.037972849017703,23.520000000000003,60.48,7.423305138240122,19.088498926903167,0.9583333333333334,0.5168539325842697,22.424180979552077,122.86599089752863,16.9392,2.7058823529411766,0.6296296296296297,0.6666666666666666,0.3695652173913043,0.7941176470588235,0.45652173913043476,4,0.967391304347826,9.550561797752808,40.476190476190474,1.4455782312925167,10.730968312081808,2.0588235294117645,20.224719101123593
52,M,169,50,19,79,112,38,35,57,38,29,101,46,24,41,8,19.1,17.506389832288786,1.532064692570853,4.0,46.0,1.400511186583103,16.105878645705683,0.7053571428571429,0.46745562130177515,32.97860719162494,133.24746133552006,13.244299999999999,2.0789473684210527,0.6140350877192983,0.6666666666666666,0.4430379746835443,0.8285714285714286,0.5822784810126582,33,1.2784810126582278,11.242603550295858,38.2,4.775,6.687440915934317,2.1578947368421053,22.485207100591715
29,F,163,75,16,83,101,33,27,48,36,25,97,36,21,30,28,32.4,28.228386465429637,1.8427786989579984,21.000000000000004,54.0,7.9039482103203,20.32443825510934,0.8217821782178217,0.50920245398773,30.53331622624767,112.2573445970744,14.0048,2.515151515151515,0.5625,0.75,0.3253012048192771,0.9259259259259259,0.43373493975903615,18,1.1686746987951808,9.815950920245399,43.2,1.5428571428571425,12.194662953065603,1.875,22.085889570552148
49,F,164,74,16,80,99,33,28,46,33,23,98,34,24,28,38,32.8,27.513384889946465,1.8360585805227214,28.12,45.879999999999995,10.455086258179657,17.058298631766807,0.8080808080808081,0.4878048780487805,29.13781227735366,109.26210248585498,13.052700000000002,2.4242424242424243,0.6086956521739131,0.717391304347826,0.35,0.8214285714285714,0.425,19,1.225,9.75609756097561,44.32432432432432,1.1664295874822188,12.195121951219512,1.75,20.121951219512198
48,M,185,86,18,111,85,40,29,56,37,30,102,40,23,33,28,31.7,25.127830533235937,2.102247474595806,24.080000000000002,61.92,7.035792549306063,18.092037983929874,1.3058823529411765,0.6,15.780131285391164,149.3595922851298,25.1152,2.775,0.5178571428571429,0.6607142857142857,0.26126126126126126,1.0344827586206897,0.36036036036036034,-26,0.918918918918919,9.72972972972973,36.860465116279066,1.3164451827242523,9.262235208181153,1.8333333333333333,20.0
19,M,178,91,18,86,101,39,25,56,37,31,94,42,21,38,27,41.6,28.721121070571897,2.121189393817639,24.57,66.43,7.754702689054412,20.966418381517485,0.8514851485148515,0.48314606741573035,24.529607072237077,110.34718491883274,14.9495,2.2051282051282053,0.44642857142857145,0.6607142857142857,0.29069767441860467,1.24,0.4883720930232558,15,1.0930232558139534,10.112359550561797,45.714285714285715,1.6931216931216932,13.129655346547153,2.111111111111111,20.786516853932586
49,M,181,109,19,120,95,40,29,55,42,26,112,45,25,35,36,46.8,33.271267665822165,2.340999311784986,39.24,69.75999999999999,11.977656359695981,21.293611306126184,1.263157894736842,0.6629834254143646,21.01267618424353,141.866804518575,29.2375,3.0,0.5272727272727272,0.7636363636363637,0.24166666666666667,0.896551724137931,0.375,-25,0.9333333333333333,10.497237569060774,42.93577981651376,1.1926605504587156,14.285278227160342,1.8421052631578947,23.204419889502763
47,F,165,46,17,78,85,31,30,47,35,24,109,37,22,32,19,19.3,16.896235078053262,1.4520101009749669,8.74,37.26,3.21028466483012,13.685950413223141,0.9176470588235294,0.4727272727272727,22.104491062866337,135.52866518872844,12.2023,2.5161290322580645,0.6382978723404256,0.7446808510638298,0.38461538461538464,0.8,0.47435897435897434,7,1.3974358974358974,10.303030303030303,41.95652173913044,2.208237986270023,7.089072543617999,1.8823529411764706,21.21212121212121
42,M,181,72,18,84,102,40,31,57,41,29,98,39,22,39,21,30.0,21.97735111870822,1.9026297590440449,15.12,56.88,4.615243734928726,17.362107383779495,0.8235294117647058,0.46408839779005523,23.887294429398317,122.18723223218636,14.338799999999999,2.1,0.543859649122807,0.7192982456140351,0.36904761904761907,0.9354838709677419,0.4642857142857143,18,1.1666666666666667,9.94475138121547,41.66666666666667,1.9841269841269842,9.157229632795092,2.1666666666666665,22.65193370165746
24,M,174,73,18,90,98,38,34,53,35,31,97,45,25,40,23,31.6,24.111507464658473,1.8783858318602527,16.79,56.21,5.545646716871449,18.565860747787028,0.9183673469387755,0.5172413793103449,24.697476017662375,127.47622837809934,16.244799999999998,2.3684210526315788,0.6415094339622641,0.660377358490566,0.37777777777777777,0.9117647058823529,0.5,8,1.0777777777777777,10.344827586206897,43.28767123287671,1.8820726622989876,10.437310080591889,2.2222222222222223,20.114942528735632
49,M,177,108,17,115,100,38,33,55,37,30,96,43,24,39,40,46.1,34.47285262855501,2.3043437243605824,43.2,64.8,13.789141051422005,20.683711577133007,1.15,0.6497175141242938,24.465877288295417,135.06601850227673,26.6075,3.026315789473684,0.6,0.6727272727272727,0.28695652173913044,0.9090909090909091,0.3739130434782609,-15,0.8347826086956521,9.6045197740113,42.68518518518519,1.0671296296296295,14.714800983114685,2.2941176470588234,20.903954802259886
19,M,176,60,19,95,107,40,35,54,36,29,93,45,21,34,16,25.8,19.369834710743802,1.7126976771553504,9.6,50.4,3.0991735537190084,16.270661157024794,0.8878504672897196,0.5397727272727273,27.826298110540776,149.2718158988608,18.1508,2.375,0.6481481481481481,0.6666666666666666,0.3684210526315789,0.8285714285714286,0.47368421052631576,12,0.9789473684210527,10.795454545454545,43.0,2.6875,8.329028925619836,1.7894736842105263,20.454545454545457
24,F,172,76,15,61,100,30,28,51,37,24,97,37,21,25,23,28.9,25.689561925365066,1.9055474570608604,17.48,58.519999999999996,5.908599242833965,19.780962682531097,0.61,0.3546511627906977,26.330979747850193,84.19004940660007,8.5067,2.033333333333333,0.5490196078431373,0.7254901960784313,0.45901639344262296,0.8571428571428571,0.6065573770491803,39,1.5901639344262295,8.720930232558139,38.02631578947368,1.6533180778032035,9.768793942671715,1.6666666666666667,21.511627906976745
22,F,165,71,15,73,75,33,29,53,39,25,88,38,22,30,31,30.4,26.07897153351699,1.8039308929852793,22.01,48.989999999999995,8.084481175390268,17.994490358126722,0.9733333333333334,0.44242424242424244,17.386315643705593,102.0961017092069,10.6608,2.212121212121212,0.5471698113207547,0.7358490566037735,0.3972602739726027,0.8620689655172413,0.5205479452054794,2,1.2054794520547945,9.090909090909092,42.816901408450704,1.3811903680145388,11.166207529843895,2.0,23.636363636363637
31,F,162,79,15,80,101,33,25,51,37,28,98,39,22,30,45,28.7,30.102118579484827,1.8854707634964802,35.550000000000004,43.449999999999996,13.545953360768175,16.556165218716654,0.7920792079207921,0.49382716049382713,30.983391563677152,105.1011457993625,13.1087,2.4242424242424243,0.49019607843137253,0.7254901960784313,0.3125,1.12,0.4875,21,1.225,9.25925925925926,36.32911392405063,0.8073136427566806,10.935832952293856,2.0,22.839506172839506
42,M,183,78,18,101,107,37,34,59,39,22,102,41,26,40,25,32.2,23.291229956104985,1.9912307751739877,19.5,58.5,5.822807489026246,17.46842246707874,0.9439252336448598,0.5519125683060109,25.2222273181089,141.92964593688973,20.4272,2.72972972972973,0.576271186440678,0.6610169491525424,0.33663366336633666,0.6470588235294118,0.40594059405940597,6,1.00990099009901,9.836065573770492,41.282051282051285,1.6512820512820514,9.615097494699752,2.2222222222222223,21.311475409836063
24,M,166,71,18,98,99,40,35,55,37,30,87,43,24,41,26,29.3,25.76571345623458,1.8093890927296121,18.46,52.54,6.699085498620991,19.066627957613587,0.98989898989899,0.5903614457831325,28.288495207787328,137.47522761661867,19.2087,2.45,0.6363636363636364,0.6727272727272727,0.35714285714285715,0.8571428571428571,0.4387755102040816,1,0.8877551020408163,10.843373493975903,41.267605633802816,1.5872156013001084,10.63289301785455,2.2777777777777777,22.289156626506024
58,M,166,93,17,98,99,41,32,60,37,28,107,41,22,36,38,44.2,33.74945565394107,2.0708291415115188,35.34,57.66,12.824793148497607,20.92466250544346,0.98989898989899,0.5903614457831325,28.288495207787328,120.11912155556602,19.2087,2.3902439024390243,0.5333333333333333,0.6166666666666667,0.32653061224489793,0.875,0.41836734693877553,1,1.0918367346938775,10.240963855421686,47.52688172043011,1.2507074136955292,16.040063869937583,2.1176470588235294,22.289156626506024
35,F,149,69,15,83,97,33,32,53,37,24,83,40,22,32,45,26.5,31.07968109544615,1.6899211026948369,31.05,37.95,13.985856492950768,17.093824602495385,0.8556701030927835,0.5570469798657718,35.33254784587042,111.89744836351932,13.9152,2.515151515151515,0.6037735849056604,0.6981132075471698,0.3855421686746988,0.75,0.4819277108433735,14,1.0,10.06711409395973,38.405797101449274,0.8534621578099839,11.936399261294536,2.1333333333333333,24.832214765100673
56,M,169,98,18,87,84,38,32,52,45,30,95,43,23,35,41,39.8,34.31252407128602,2.144890569599194,40.18,57.82,14.06813486922727,20.244389202058755,1.0357142857142858,0.514792899408284,20.23395539371871,104.81491081546334,15.1443,2.289473684210526,0.6153846153846154,0.8653846153846154,0.367816091954023,0.9375,0.4942528735632184,-3,1.0919540229885059,10.650887573964498,40.61224489795918,0.9905425584868093,13.935086306501875,1.9444444444444444,26.627218934911244
35,M,172,63,19,89,90,39,32,63,37,26,111,43,23,36,23,27.8,21.29529475392104,1.7349351572897471,14.49,48.51,4.897917793401839,16.3973769605192,0.9888888888888889,0.5174418604651163,21.897881773065173,134.91413630300352,15.8427,2.282051282051282,0.5079365079365079,0.5873015873015873,0.3595505617977528,0.8125,0.48314606741573035,1,1.247191011235955,11.046511627906977,44.12698412698413,1.9185645272601795,9.396971335857222,1.894736842105263,21.511627906976745
53,F,167,86,15,91,100,33,28,52,34,24,103,36,23,30,36,33.0,30.83653053175087,1.9973593678766084,30.959999999999997,55.040000000000006,11.101150991430313,19.735379540320558,0.91,0.5449101796407185,28.336720511026158,116.33861903783104,16.6187,2.757575757575758,0.5384615384615384,0.6538461538461539,0.3076923076923077,0.8571428571428571,0.3956043956043956,9,1.1318681318681318,8.982035928143713,38.372093023255815,1.0658914728682172,11.832622180788125,2.0,20.35928143712575
57,F,150,45,16,70,90,33,27,54,35,24,78,37,22,31,16,20.0,20.0,1.3693063937629153,7.2,37.8,3.2,16.799999999999997,0.7777777777777778,0.4666666666666667,30.98979485566356,117.24947714177868,10.08,2.121212121212121,0.5,0.6481481481481481,0.38571428571428573,0.8888888888888888,0.5285714285714286,20,1.1142857142857143,10.666666666666668,44.44444444444444,2.7777777777777777,8.88888888888889,1.9375,23.333333333333332
56,F,162,70,16,93,109,33,25,61,34,23,87,36,24,28,34,31.2,26.672763298277697,1.7748239349298849,23.8,46.2,9.068739521414416,17.60402377686328,0.8532110091743119,0.5740740740740741,34.86326416278029,129.79708462527861,17.4772,2.8181818181818183,0.4098360655737705,0.5573770491803278,0.26881720430107525,0.92,0.3870967741935484,16,0.9354838709677419,9.876543209876543,44.57142857142857,1.3109243697478992,11.888431641518059,1.75,20.98765432098765
57,F,163,78,15,88,87,32,30,52,34,27,90,41,23,29,28,35.7,29.357521924046825,1.8792729090439917,21.840000000000003,56.16,8.220106138733112,21.13741578531371,1.0114942528735633,0.5398773006134969,23.805925858252948,116.70855045580188,15.488700000000001,2.75,0.5769230769230769,0.6538461538461539,0.3409090909090909,0.9,0.4659090909090909,-1,1.0227272727272727,9.202453987730062,45.769230769230774,1.6346153846153846,13.436711957544508,1.9333333333333333,20.858895705521473
63,F,166,70,15,84,91,36,28,58,34,22,86,39,23,29,25,30.9,25.402816083611555,1.7966017304282487,17.5,52.5,6.350704020902889,19.052112062708666,0.9230769230769231,0.5060240963855421,24.548010746551988,118.67460971636139,14.1463,2.3333333333333335,0.4827586206896552,0.5862068965517241,0.3333333333333333,0.7857142857142857,0.4642857142857143,7,1.0238095238095237,9.036144578313253,44.14285714285714,1.7657142857142856,11.213528814051386,1.9333333333333333,20.481927710843372
65,F,159,60,15,75,109,34,25,49,35,22,92,40,22,30,24,26.4,23.73323840037973,1.6278820596099706,14.399999999999999,45.6,5.695977216091134,18.037261184288596,0.6880733944954128,0.4716981132075472,36.36642946118094,112.01023345940166,12.0592,2.2058823529411766,0.5102040816326531,0.7142857142857143,0.3333333333333333,0.88,0.5333333333333333,34,1.2266666666666666,9.433962264150944,44.0,1.8333333333333335,10.44262489616708,2.0,22.0125786163522
21,F,163,56,16,71,115,33,28,46,35,23,93,39,20,30,27,24.6,21.077195227520797,1.5923427883328247,15.120000000000001,40.879999999999995,5.690842711430616,15.386352516090179,0.6173913043478261,0.43558282208588955,37.2607065942424,111.13008319622928,11.4372,2.1515151515151514,0.6086956521739131,0.7608695652173914,0.39436619718309857,0.8214285714285714,0.5492957746478874,44,1.3098591549295775,9.815950920245399,43.92857142857143,1.626984126984127,9.258910760660921,1.875,21.472392638036812
59,F,156,63,17,69,100,36,23,58,39,24,89,34,19,28,37,27.1,25.88757396449704,1.6522711641858305,23.31,39.69,9.578402366863903,16.309171597633135,0.69,0.4423076923076923,33.3231262195792,99.6126783126451,10.194700000000001,1.9166666666666667,0.39655172413793105,0.6724137931034483,0.3333333333333333,1.0434782608695652,0.4927536231884058,31,1.289855072463768,10.897435897435898,43.01587301587302,1.1625911625911627,11.135765943458251,1.6470588235294117,25.0
34,F,168,65,15,96,104,34,32,51,37,25,95,34,22,27,29,26.2,23.030045351473927,1.7416467303484175,18.849999999999998,46.150000000000006,6.678713151927438,16.35133219954649,0.9230769230769231,0.5714285714285714,29.76056070255226,141.59329804949732,18.4768,2.823529411764706,0.6274509803921569,0.7254901960784313,0.3333333333333333,0.78125,0.3541666666666667,8,0.9895833333333334,8.928571428571429,40.30769230769231,1.389920424403183,9.282879818594106,1.8,22.023809523809522
57,F,155,58,16,89,111,31,28,49,33,28,99,37,22,31,37,25.4,24.141519250780433,1.5802601754844745,21.46,36.54,8.932362122788762,15.209157127991674,0.8018018018018018,0.5741935483870968,39.520868069791845,133.47974275683475,16.180799999999998,2.870967741935484,0.5714285714285714,0.673469387755102,0.3146067415730337,1.0,0.4157303370786517,22,1.1123595505617978,10.32258064516129,43.79310344827586,1.183597390493942,10.572320499479707,1.9375,21.29032258064516
46,M,190,92,19,86,98,38,29,58,40,31,80,45,20,37,25,39.2,25.48476454293629,2.2035325174717877,23.0,69.0,6.3711911357340725,19.113573407202217,0.8775510204081632,0.45263157894736844,19.419301321463763,113.38480046025555,14.8928,2.263157894736842,0.5,0.6896551724137931,0.3372093023255814,1.0689655172413792,0.5232558139534884,12,0.9302325581395349,10.0,42.608695652173914,1.7043478260869567,10.858725761772854,1.9473684210526316,21.052631578947366
32,F,162,61,16,95,92,36,31,53,39,25,81,37,21,33,36,25.5,23.243408017070564,1.6568041525780892,21.96,39.04,8.367626886145404,14.87578113092516,1.0326086956521738,0.5864197530864198,26.618534889686117,142.03314287404285,18.0563,2.638888888888889,0.5849056603773585,0.7358490566037735,0.3263157894736842,0.8064516129032258,0.3894736842105263,-3,0.8526315789473684,9.876543209876543,41.80327868852459,1.1612021857923496,9.716506630086876,2.0625,24.074074074074073
31,M,188,73,18,107,101,37,30,56,39,30,103,44,26,36,19,30.5,20.654142145767317,1.9524912860809962,13.870000000000001,59.129999999999995,3.9242870076957903,16.729855138071525,1.0594059405940595,0.5691489361702128,21.1818195247004,157.53417188186495,22.9232,2.891891891891892,0.5357142857142857,0.6964285714285714,0.2803738317757009,1.0,0.411214953271028,-6,0.9626168224299065,9.574468085106384,41.78082191780822,2.198990627253064,8.629470348574015,2.0,20.74468085106383
20,M,162,89,17,96,88,39,31,53,39,28,102,39,22,38,36,38.5,33.91251333638164,2.00124960961895,32.04,56.96,12.20850480109739,21.704008535284252,1.0909090909090908,0.5925925925925926,24.67859859013455,118.82484023714207,18.4768,2.4615384615384617,0.5849056603773585,0.7358490566037735,0.3229166666666667,0.9032258064516129,0.40625,-8,1.0625,10.493827160493826,43.258426966292134,1.2016229712858926,14.670019814052733,2.235294117647059,24.074074074074073
25,F,172,64,15,75,108,33,26,48,32,26,80,36,22,29,31,24.8,21.63331530557058,1.7486502731472002,19.84,44.16,6.70632774472688,14.926987560843699,0.6944444444444444,0.436046511627907,29.87745812767821,112.7999746152867,12.0123,2.272727272727273,0.5416666666666666,0.6666666666666666,0.3466666666666667,1.0,0.48,33,1.0666666666666667,8.720930232558139,38.75,1.25,8.3829096809086,1.9333333333333333,18.6046511627907
45,F,171,77,15,98,98,31,29,49,37,27,106,38,22,31,44,36.4,26.332888752094664,1.9124591498905277,33.88,43.12,11.586471050921654,14.74641770117301,1.0,0.5730994152046783,25.826007639990358,133.98379365371503,19.208,3.161290322580645,0.5918367346938775,0.7551020408163265,0.29591836734693877,0.9310344827586207,0.3877551020408163,0,1.0816326530612246,8.771929824561402,47.27272727272727,1.0743801652892562,12.448274682808385,2.066666666666667,21.637426900584796
58,F,159,67,16,68,107,32,29,56,35,27,103,39,21,33,34,26.4,26.502116213757365,1.720222853779901,22.78,44.22,9.010719512677504,17.49139670107986,0.6355140186915887,0.4276729559748428,35.3688802967556,96.10446725211553,10.312700000000001,2.125,0.5178571428571429,0.625,0.4264705882352941,0.9310344827586207,0.5735294117647058,39,1.5147058823529411,10.062893081761008,39.40298507462686,1.1589113257243195,10.44262489616708,2.0625,22.0125786163522
41,M,173,99,17,99,104,40,33,63,43,31,94,40,24,38,34,39.0,33.07828527515119,2.1811694111187236,33.660000000000004,65.34,11.246616993551406,21.831668281599786,0.9519230769230769,0.5722543352601156,27.70504960234068,120.06437125424166,19.6195,2.475,0.5238095238095238,0.6825396825396826,0.3333333333333333,0.9393939393939394,0.40404040404040403,5,0.9494949494949495,9.826589595375722,39.39393939393939,1.158645276292335,13.030839653847439,2.235294117647059,24.85549132947977
18,M,177,85,19,115,93,38,32,59,43,27,95,38,22,33,36,37.3,27.13141179099237,2.04430102153931,30.599999999999998,54.400000000000006,9.767308244757253,17.364103546235118,1.2365591397849462,0.6497175141242938,21.49326587811474,152.24691903530749,26.7888,3.026315789473684,0.5423728813559322,0.7288135593220338,0.2782608695652174,0.84375,0.33043478260869563,-22,0.8260869565217391,10.734463276836157,43.882352941176464,1.218954248366013,11.905901880047239,1.736842105263158,24.293785310734464
38,M,192,110,17,94,99,36,29,52,39,30,97,42,22,37,32,46.8,29.83940972222222,2.422120283277993,35.2,74.8,9.548611111111112,20.29079861111111,0.9494949494949495,0.4895833333333333,19.2120290688626,113.93459881307658,17.6895,2.611111111111111,0.5576923076923077,0.75,0.30851063829787234,1.0344827586206897,0.44680851063829785,5,1.0319148936170213,8.854166666666668,42.54545454545454,1.3295454545454544,12.6953125,2.176470588235294,20.3125
35,F,174,79,16,94,91,35,27,47,36,27,92,39,22,27,34,31.6,26.09327520147972,1.9540556116276049,26.860000000000003,52.14,8.871713568503106,17.221561632976616,1.032967032967033,0.5402298850574713,21.647656302115067,127.98599058854596,17.6783,2.6857142857142855,0.574468085106383,0.7659574468085106,0.2872340425531915,1.0,0.4148936170212766,-3,0.9787234042553191,9.195402298850574,40.0,1.176470588235294,10.437310080591889,1.6875,20.689655172413794
25,F,164,64,16,71,91,33,27,46,38,25,83,35,24,33,20,23.1,23.795359904818564,1.7074997966487597,12.8,51.2,4.759071980963713,19.036287923854854,0.7802197802197802,0.4329268292682927,25.328696133729125,104.27105982975512,10.362,2.1515151515151514,0.5869565217391305,0.8260869565217391,0.38028169014084506,0.9259259259259259,0.49295774647887325,20,1.1690140845070423,9.75609756097561,36.09375,1.8046875,8.58863771564545,2.0625,23.170731707317074
61,M,183,94,18,78,89,38,36,52,40,29,102,43,24,36,24,38.1,28.068918152229088,2.1859399198819105,22.56,71.44,6.73654035653498,21.332377795694104,0.8764044943820225,0.4262295081967213,17.951198423473755,99.84578201295473,12.2527,2.0526315789473686,0.6923076923076923,0.7692307692307693,0.46153846153846156,0.8055555555555556,0.5512820512820513,11,1.3076923076923077,9.836065573770492,40.53191489361702,1.6888297872340428,11.376870017020513,2.0,21.85792349726776
51,F,168,72,15,75,91,33,25,51,32,24,90,38,21,31,29,32.3,25.510204081632658,1.833030277982336,20.88,51.120000000000005,7.39795918367347,18.112244897959187,0.8241758241758241,0.44642857142857145,23.79049061473323,105.10494713201467,11.429200000000002,2.272727272727273,0.49019607843137253,0.6274509803921569,0.3333333333333333,0.96,0.5066666666666667,16,1.2,8.928571428571429,44.86111111111111,1.546934865900383,11.444160997732427,2.066666666666667,19.047619047619047
48,M,172,73,18,96,97,37,33,55,40,30,84,41,25,35,31,31.9,24.675500270416443,1.8675593103775252,22.63,50.370000000000005,7.649405083829097,17.026095186587348,0.9896907216494846,0.5581395348837209,25.00105035541469,135.19092155051584,18.4327,2.5945945945945947,0.6,0.7272727272727273,0.34375,0.9090909090909091,0.4270833333333333,1,0.875,10.465116279069768,43.6986301369863,1.4096332302253645,10.782855597620335,1.9444444444444444,23.25581395348837
31,M,182,107,17,105,104,36,37,52,43,32,99,41,24,33,31,43.8,32.30286197319164,2.325821240861912,33.17,73.83,10.01388721168941,22.28897476150223,1.0096153846153846,0.5769230769230769,24.357103809205782,125.6338319251483,22.0507,2.9166666666666665,0.7115384615384616,0.8269230769230769,0.3523809523809524,0.8648648648648649,0.3904761904761905,-1,0.9428571428571428,9.340659340659341,40.93457943925233,1.3204703044920107,13.223040695568166,1.9411764705882353,23.626373626373624
48,F,159,62,16,84,102,34,29,52,35,25,96,36,22,30,36,25.5,24.524346347059055,1.6547910240671881,22.32,39.68,8.828764684941259,15.695581662117794,0.8235294117647058,0.5283018867924528,32.87500738569226,123.41146435777787,14.338799999999999,2.4705882352941178,0.5576923076923077,0.6730769230769231,0.34523809523809523,0.8620689655172413,0.42857142857142855,18,1.1428571428571428,10.062893081761008,41.12903225806452,1.14247311827957,10.086626320161384,1.875,22.0125786163522
18,F,163,63,16,63,91,32,26,51,34,26,84,35,19,31,33,24.9,23.711844630960897,1.6889345754054537,20.790000000000003,42.209999999999994,7.824908728217097,15.886935902743797,0.6923076923076923,0.38650306748466257,25.728037391965728,92.96887571039194,8.486799999999999,1.96875,0.5098039215686274,0.6666666666666666,0.4126984126984127,1.0,0.5555555555555556,28,1.3333333333333333,9.815950920245399,39.523809523809526,1.1976911976911975,9.371824306522639,1.9375,20.858895705521473
25,F,168,75,14,73,95,34,27,53,33,24,84,38,20,27,31,31.9,26.573129251700685,1.8708286933869707,23.25,51.75,8.237670068027212,18.33545918367347,0.7684210526315789,0.43452380952380953,25.627435257139084,100.23522540715511,10.996799999999999,2.1470588235294117,0.5094339622641509,0.6226415094339622,0.3698630136986301,0.8888888888888888,0.5205479452054794,22,1.1506849315068493,8.333333333333332,42.53333333333333,1.3720430107526882,11.302437641723357,1.9285714285714286,19.642857142857142
30,M,172,90,18,99,109,42,34,60,42,28,108,43,22,38,34,41.7,30.42184964845863,2.073644135332772,30.6,59.4,10.343428880475935,20.078420767982696,0.908256880733945,0.5755813953488372,30.320767925156716,125.56010360730545,19.672,2.357142857142857,0.5666666666666667,0.7,0.3434343434343434,0.8235294117647058,0.43434343434343436,10,1.0909090909090908,10.465116279069768,46.333333333333336,1.3627450980392157,14.095457003785832,2.111111111111111,24.418604651162788
41,M,177,94,19,86,98,38,35,55,36,29,106,39,25,36,32,40.8,30.00414951003862,2.1498061928152192,30.080000000000002,63.92,9.60132784321236,20.402821666826263,0.8775510204081632,0.4858757062146893,23.61655974252951,108.26664020033702,14.8928,2.263157894736842,0.6363636363636364,0.6545454545454545,0.4069767441860465,0.8285714285714286,0.45348837209302323,12,1.2325581395348837,10.734463276836157,43.40425531914893,1.356382978723404,13.023077659676336,1.894736842105263,20.33898305084746
49,F,156,79,16,96,94,32,26,40,38,27,96,35,20,28,38,37.4,32.462195923734384,1.8502252115170557,30.02,48.980000000000004,12.335634451019065,20.12656147271532,1.0212765957446808,0.6153846153846154,30.243738646404452,123.76375819693695,18.4348,3.0,0.65,0.95,0.2708333333333333,1.0384615384615385,0.3645833333333333,-2,1.0,10.256410256410255,47.34177215189873,1.245836109260493,15.368178829717289,1.75,24.358974358974358
44,F,153,42,17,89,97,32,32,47,38,24,90,37,21,30,26,20.0,17.941817249775728,1.3360389215887387,10.92,31.08,4.664872484941689,13.276944764834038,0.9175257731958762,0.5816993464052288,33.25480529090261,155.84202361913208,15.8868,2.78125,0.6808510638297872,0.8085106382978723,0.3595505617977528,0.75,0.4157303370786517,8,1.0112359550561798,11.11111111111111,47.61904761904761,1.8315018315018314,8.543722499893203,1.7647058823529411,24.836601307189543
36,F,154,54,15,90,103,33,30,49,35,24,80,37,23,30,28,22.8,22.76943835385394,1.5198684153570663,15.120000000000001,38.879999999999995,6.375442739079103,16.393995614774834,0.8737864077669902,0.5844155844155844,35.895951490009196,139.43746929881343,16.3183,2.727272727272727,0.6122448979591837,0.7142857142857143,0.3333333333333333,0.8,0.4111111111111111,13,0.8888888888888888,9.740259740259742,42.22222222222222,1.507936507936508,9.613762860516108,2.0,22.727272727272727
26,F,158,78,15,81,100,32,30,48,38,24,88,39,22,34,42,30.3,31.244992789617044,1.8502252115170557,32.76,45.24,13.122896971639157,18.122095817977886,0.81,0.5126582278481012,32.35172684656519,105.76446163223818,13.3747,2.53125,0.625,0.7916666666666666,0.37037037037037035,0.8,0.48148148148148145,19,1.0864197530864197,9.49367088607595,38.84615384615385,0.924908424908425,12.137477968274313,2.2666666666666666,24.050632911392405
23,F,172,60,16,58,96,35,29,56,36,25,89,36,23,31,10,21.2,20.281233098972418,1.6931233465600393,6.0,54.0,2.028123309897242,18.25310978907518,0.6041666666666666,0.3372093023255814,24.557740557936185,90.09280192704796,7.7388,1.6571428571428573,0.5178571428571429,0.6428571428571429,0.5,0.8620689655172413,0.6206896551724138,38,1.5344827586206897,9.30232558139535,35.333333333333336,3.533333333333333,7.166035694970255,1.9375,20.930232558139537
50,F,170,81,15,75,104,33,29,56,36,26,85,34,21,26,40,36.0,28.027681660899656,1.9557607215607946,32.4,48.6,11.211072664359863,16.816608996539795,0.7211538461538461,0.4411764705882353,28.92021108242737,99.68199396334325,11.838700000000001,2.272727272727273,0.5178571428571429,0.6428571428571429,0.38666666666666666,0.896551724137931,0.4533333333333333,29,1.1333333333333333,8.823529411764707,44.44444444444444,1.1111111111111112,12.456747404844291,1.7333333333333334,21.176470588235293
42,M,179,92,18,101,103,41,37,51,35,28,97,45,23,43,31,41.6,28.71321119815237,2.1387950917384404,28.52,63.480000000000004,8.901095471427233,19.812115726725136,0.9805825242718447,0.5642458100558659,25.008834946061114,129.2490851210107,20.404799999999998,2.4634146341463414,0.7254901960784313,0.6862745098039216,0.36633663366336633,0.7567567567567568,0.44554455445544555,2,0.9603960396039604,10.05586592178771,45.21739130434783,1.4586255259467042,12.983365063512375,2.388888888888889,19.553072625698324
23,M,182,90,19,81,106,39,33,57,41,24,97,43,23,34,27,40.0,27.17063156623596,2.1330729007701543,24.3,65.7,7.336070522883709,19.834561043352252,0.7641509433962265,0.44505494505494503,25.17166349784435,105.67517123081498,13.5595,2.076923076923077,0.5789473684210527,0.7192982456140351,0.4074074074074074,0.7272727272727273,0.5308641975308642,25,1.1975308641975309,10.43956043956044,44.44444444444444,1.646090534979424,12.075836251660427,1.7894736842105263,22.52747252747253
50,M,182,77,19,92,97,38,37,54,40,29,110,42,24,32,24,29.4,23.24598478444632,1.9730123612835724,18.48,58.519999999999996,5.579036348267117,17.666948436179204,0.9484536082474226,0.5054945054945055,21.506144898970774,129.76323405558585,16.9455,2.4210526315789473,0.6851851851851852,0.7407407407407407,0.40217391304347827,0.7837837837837838,0.45652173913043476,5,1.1956521739130435,10.43956043956044,38.18181818181818,1.5909090909090908,8.875739644970412,1.6842105263157894,21.978021978021978
30,M,183,58,17,81,104,41,31,55,40,28,90,43,25,36,8,24.2,17.319119710949863,1.7170711497586038,4.64,53.36,1.3855295768759888,15.933590134073873,0.7788461538461539,0.4426229508196721,24.01038916900304,131.9988261282318,13.492299999999998,1.975609756097561,0.5636363636363636,0.7272727272727273,0.38271604938271603,0.9032258064516129,0.5308641975308642,23,1.1111111111111112,9.289617486338798,41.724137931034484,5.2155172413793105,7.226253396637701,2.1176470588235294,21.85792349726776
58,F,165,62,15,93,100,35,30,59,38,23,77,39,21,26,36,27.1,22.77318640955005,1.6857243744653712,22.32,39.68,8.198347107438018,14.57483930211203,0.93,0.5636363636363636,29.18175419160746,139.18825110264532,17.3323,2.657142857142857,0.5084745762711864,0.6440677966101694,0.3225806451612903,0.7666666666666667,0.41935483870967744,7,0.8279569892473119,9.090909090909092,43.70967741935484,1.21415770609319,9.954086317722682,1.7333333333333334,23.03030303030303
47,F,160,40,15,55,93,33,27,51,34,25,89,36,20,32,21,15.1,15.624999999999996,1.3333333333333333,8.4,31.6,3.2812499999999996,12.343749999999998,0.5913978494623656,0.34375,27.95184724932175,100.91743119266054,7.0608,1.6666666666666667,0.5294117647058824,0.6666666666666666,0.4909090909090909,0.9259259259259259,0.6545454545454545,38,1.6181818181818182,9.375,37.75,1.7976190476190474,5.898437499999999,2.1333333333333333,21.25
46,M,177,96,17,99,95,40,36,60,35,29,105,42,24,35,29,39.6,30.642535669826675,2.172556098240043,27.839999999999996,68.16,8.886335344249735,21.756200325576938,1.0421052631578946,0.559322033898305,22.342583423880647,123.32743906293823,19.6132,2.475,0.6,0.5833333333333334,0.36363636363636365,0.8055555555555556,0.42424242424242425,-4,1.0606060606060606,9.6045197740113,41.25,1.4224137931034486,12.640045963803503,2.0588235294117645,19.774011299435028
34,F,158,73,16,69,115,33,28,55,37,26,89,39,22,32,27,33.5,29.242108636436463,1.7899410294445146,19.71,53.29,7.895369331837846,21.346739304598618,0.6,0.43670886075949367,39.904485873549966,93.13002214277103,11.003200000000001,2.090909090909091,0.509090909090909,0.6727272727272727,0.4057971014492754,0.9285714285714286,0.5652173913043478,46,1.289855072463768,10.126582278481013,45.89041095890411,1.6996448503297819,13.419323826309885,2.0,23.417721518987342
47,F,158,72,16,94,93,32,25,54,33,28,85,36,22,27,38,31.2,28.841531805800347,1.7776388834631178,27.36,44.64,10.959782086204132,17.881749719596215,1.010752688172043,0.5949367088607594,28.827105967305627,127.75080660973477,17.6727,2.9375,0.46296296296296297,0.6111111111111112,0.26595744680851063,1.12,0.3829787234042553,-1,0.9042553191489362,10.126582278481013,43.333333333333336,1.1403508771929824,12.497997115846816,1.6875,20.88607594936709
58,M,166,69,18,103,103,38,32,55,37,28,90,43,22,36,33,30.1,25.039918710988534,1.7837226989267885,22.77,46.230000000000004,8.263173174626216,16.77674553636232,1.0,0.6204819277108434,30.158737438404998,146.56835898640543,21.218,2.710526315789474,0.5818181818181818,0.6727272727272727,0.3106796116504854,0.875,0.4174757281553398,0,0.8737864077669902,10.843373493975903,43.6231884057971,1.3219148001756698,10.92321091595297,2.0,22.289156626506024
32,M,174,83,18,124,99,39,31,59,37,28,99,40,24,37,34,35.8,27.414453692693883,2.0029145430264035,28.220000000000002,54.78,9.320914255515921,18.093539437177963,1.2525252525252526,0.7126436781609196,25.13316454845485,164.71409528149047,31.1895,3.1794871794871793,0.5254237288135594,0.6271186440677966,0.25,0.9032258064516129,0.3225806451612903,-25,0.7983870967741935,10.344827586206897,43.132530120481924,1.2686038270729976,11.824547496366758,2.0555555555555554,21.26436781609195
37,F,162,61,17,66,110,35,25,53,36,23,93,32,23,31,17,25.3,23.243408017070564,1.6568041525780892,10.370000000000001,50.629999999999995,3.951379362901996,19.292028654168565,0.6,0.4074074074074074,35.34824823766819,98.67565715459818,10.067200000000001,1.8857142857142857,0.4716981132075472,0.6792452830188679,0.3787878787878788,0.92,0.48484848484848486,44,1.4090909090909092,10.493827160493826,41.47540983606557,2.439729990356798,9.640298734948939,1.8235294117647058,22.22222222222222
60,M,175,98,17,85,91,40,30,67,36,31,96,39,26,36,30,43.8,32.0,2.1826334756181325,29.4,68.6,9.6,22.4,0.9340659340659341,0.4857142857142857,21.30830519295963,104.20736496585354,14.475200000000001,2.125,0.44776119402985076,0.5373134328358209,0.35294117647058826,1.0333333333333334,0.4588235294117647,6,1.1294117647058823,9.714285714285714,44.69387755102041,1.4897959183673468,14.30204081632653,2.1176470588235294,20.57142857142857
20,M,178,99,18,109,98,39,31,58,38,27,119,39,21,34,32,43.5,31.246054791061734,2.2124646889837587,31.68,67.32,9.998737533139755,21.247317257921978,1.1122448979591837,0.6123595505617978,23.26635141662608,134.0887690293187,23.846700000000002,2.7948717948717947,0.5344827586206896,0.6551724137931034,0.28440366972477066,0.8709677419354839,0.3577981651376147,-11,1.091743119266055,10.112359550561797,43.93939393939394,1.3731060606060606,13.729327105163488,1.8888888888888888,21.34831460674157
26,M,191,81,19,99,100,37,33,57,39,27,94,39,24,35,20,31.6,22.20333872426743,2.073041244162788,16.2,64.8,4.440667744853485,17.76267097941394,0.99,0.518324607329843,19.883487188084906,139.47066474489705,19.602700000000002,2.675675675675676,0.5789473684210527,0.6842105263157895,0.3333333333333333,0.8181818181818182,0.3939393939393939,1,0.9494949494949495,9.947643979057592,39.01234567901235,1.9506172839506175,8.662043255393218,1.8421052631578947,20.418848167539267
57,M,161,64,18,104,99,40,34,53,47,26,103,44,24,37,24,27.7,24.690405462752206,1.6918103387266026,15.36,48.64,5.925697311060529,18.764708151691675,1.0505050505050506,0.6459627329192547,30.46144734016829,151.33165873930622,21.6495,2.6,0.6415094339622641,0.8867924528301887,0.3269230769230769,0.7647058823529411,0.4230769230769231,-5,0.9903846153846154,11.180124223602485,43.28125,1.8033854166666667,10.68631611434744,2.0555555555555554,29.19254658385093
35,F,156,40,17,72,88,33,30,47,41,27,81,37,21,31,18,14.9,16.43655489809336,1.3165611772087666,7.199999999999999,32.8,2.9585798816568043,13.477975016436552,0.8181818181818182,0.46153846153846156,27.164351073229703,130.44826342985945,10.5472,2.1818181818181817,0.6382978723404256,0.8723404255319149,0.4166666666666667,0.9,0.5138888888888888,16,1.125,10.897435897435898,37.25,2.0694444444444446,6.122616699539776,1.8235294117647058,26.282051282051285
36,M,187,79,18,88,99,37,37,47,41,31,87,41,27,37,18,32.5,22.59143813091595,2.0257371772051553,14.219999999999999,64.78,4.066458863564871,18.52497926735108,0.8888888888888888,0.47058823529411764,20.71442245378927,124.21196487798422,15.572700000000001,2.3783783783783785,0.7872340425531915,0.8723404255319149,0.42045454545454547,0.8378378378378378,0.4659090909090909,11,0.9886363636363636,9.62566844919786,41.139240506329116,2.2855133614627285,9.293946066516055,2.0555555555555554,21.92513368983957
59,M,169,78,18,94,94,37,35,53,38,31,98,41,22,33,21,32.6,27.309968138370508,1.9135481877043667,16.38,61.620000000000005,5.735093309057807,21.574874829312705,1.0,0.5562130177514792,24.78561675011379,126.9396821765776,17.672,2.5405405405405403,0.660377358490566,0.7169811320754716,0.3723404255319149,0.8857142857142857,0.43617021276595747,0,1.0425531914893618,10.650887573964498,41.794871794871796,1.9902319902319905,11.41416617065229,1.8333333333333333,22.485207100591715
33,F,158,80,16,82,86,34,25,51,36,24,99,39,21,32,38,37.0,32.046146450889275,1.8737959096740262,30.4,49.6,12.177535651337925,19.86861079955135,0.9534883720930233,0.5189873417721519,25.302485088046062,105.72334719720422,13.459200000000001,2.411764705882353,0.49019607843137253,0.7058823529411765,0.3048780487804878,0.96,0.47560975609756095,4,1.2073170731707317,10.126582278481013,46.25,1.2171052631578947,14.821342733536289,2.0,22.78481012658228
52,F,172,76,16,83,88,33,27,46,36,25,95,39,22,30,30,34.5,25.689561925365066,1.9055474570608604,22.8,53.2,7.706868577609519,17.982693347755546,0.9431818181818182,0.48255813953488375,21.01126217810817,114.5536737827509,13.7955,2.515151515151515,0.5869565217391305,0.782608695652174,0.3253012048192771,0.9259259259259259,0.46987951807228917,5,1.144578313253012,9.30232558139535,45.39473684210527,1.513157894736842,11.661709031909142,1.875,20.930232558139537
47,F,164,56,16,64,100,36,28,53,39,25,99,41,25,27,17,24.0,20.820939916716245,1.5972198067614587,9.520000000000001,46.48,3.539559785841762,17.28138013087448,0.64,0.3902439024390244,29.613951795306733,100.48040724056357,9.099200000000002,1.7777777777777777,0.5283018867924528,0.7358490566037735,0.4375,0.8928571428571429,0.640625,36,1.546875,9.75609756097561,42.857142857142854,2.521008403361344,8.923259964306961,1.6875,23.78048780487805
19,F,174,86,15,98,104,32,30,55,41,23,100,40,21,31,45,38.0,28.405337561104506,2.0387904911164036,38.7,47.3,12.782401902497028,15.622935658607476,0.9423076923076923,0.5632183908045977,27.311607202417214,127.88658083811023,19.2332,3.0625,0.5454545454545454,0.7454545454545455,0.30612244897959184,0.7666666666666667,0.40816326530612246,6,1.0204081632653061,8.620689655172415,44.18604651162791,0.9819121447028423,12.551195666534548,2.066666666666667,23.563218390804597
65,F,166,68,16,80,97,34,25,54,38,25,92,35,23,30,33,28.7,24.677021338365513,1.7707499980391235,22.44,45.56,8.14341704166062,16.533604296704894,0.8247422680412371,0.4819277108433735,27.35337409247849,114.67350230150825,13.0023,2.3529411764705883,0.46296296296296297,0.7037037037037037,0.3125,1.0,0.4375,17,1.15,9.63855421686747,42.205882352941174,1.2789661319073082,10.415154594280738,1.875,22.89156626506024
50,F,169,79,15,83,100,32,23,48,37,26,92,38,23,29,39,33.1,27.660095935016283,1.9257754570850443,30.810000000000002,48.19,10.787437414656353,16.872658520359934,0.83,0.4911242603550296,27.51661356395084,111.3733802843284,13.9803,2.59375,0.4791666666666667,0.7708333333333334,0.27710843373493976,1.1304347826086956,0.4578313253012048,17,1.108433734939759,8.875739644970414,41.89873417721519,1.074326517364492,11.589230068975178,1.9333333333333333,21.893491124260358
36,F,161,91,15,83,90,32,32,51,34,26,94,37,22,27,42,34.5,35.10667026735079,2.0173552543422346,38.22,52.78,14.744801512287333,20.361868755063462,0.9222222222222223,0.515527950310559,26.05586121833481,101.28469771775713,13.812299999999999,2.59375,0.6274509803921569,0.6666666666666666,0.3855421686746988,0.8125,0.4457831325301205,7,1.1325301204819278,9.316770186335404,37.91208791208791,0.902668759811617,13.30967169476486,1.8,21.11801242236025
40,F,164,58,16,67,100,34,27,50,34,27,98,37,22,32,29,25.9,21.564544913741823,1.6254913786982146,16.82,41.18,6.253718024985129,15.310826888756695,0.67,0.40853658536585363,29.613951795306733,103.36088804756125,9.7403,1.9705882352941178,0.54,0.68,0.40298507462686567,1.0,0.5522388059701493,33,1.462686567164179,9.75609756097561,44.655172413793096,1.5398335315101068,9.629684711481262,2.0,20.73170731707317
47,F,160,68,16,86,113,33,26,56,33,24,91,37,21,29,39,26.1,26.562499999999996,1.7384539747207064,26.52,41.480000000000004,10.359374999999998,16.203125,0.7610619469026548,0.5375,37.833964937347936,121.02566796490616,15.302299999999999,2.606060606060606,0.4642857142857143,0.5892857142857143,0.3023255813953488,0.9230769230769231,0.43023255813953487,27,1.058139534883721,10.0,38.38235294117647,0.9841628959276019,10.195312499999998,1.8125,20.625
24,F,166,53,16,81,110,36,28,53,36,23,90,40,22,28,24,23.5,19.233560749020178,1.5632942425816354,12.719999999999999,40.28,4.6160545797648425,14.617506169255336,0.7363636363636363,0.4879518072289157,33.431661341985915,131.51480039720872,13.710700000000001,2.25,0.5283018867924528,0.6792452830188679,0.345679012345679,0.8214285714285714,0.49382716049382713,29,1.1111111111111112,9.63855421686747,44.339622641509436,1.8474842767295598,8.528088256641022,1.75,21.686746987951807
58,M,174,78,17,94,105,45,27,50,42,27,95,41,23,38,21,30.8,25.762980578676178,1.9416487838947598,16.38,61.620000000000005,5.410225921521997,20.352754657154183,0.8952380952380953,0.5402298850574713,27.74729573320969,128.8038007664837,17.756700000000002,2.088888888888889,0.54,0.84,0.2872340425531915,1.0,0.43617021276595747,11,1.0106382978723405,9.770114942528735,39.48717948717949,1.8803418803418805,10.173074382349055,2.235294117647059,24.137931034482758
57,M,180,74,19,64,91,41,31,58,38,29,107,38,26,32,23,30.5,22.839506172839506,1.9235384061671346,17.02,56.980000000000004,5.253086419753086,17.58641975308642,0.7032967032967034,0.35555555555555557,19.681886287496454,91.574355066722,8.7023,1.5609756097560976,0.5344827586206896,0.6551724137931034,0.484375,0.9354838709677419,0.59375,27,1.671875,10.555555555555555,41.21621621621622,1.7920094007050529,9.413580246913579,1.6842105263157894,21.11111111111111
47,M,184,73,18,84,88,36,32,55,39,27,94,41,24,33,25,34.0,21.561909262759922,1.9316084259267228,18.25,54.75,5.390477315689981,16.17143194706994,0.9545454545454546,0.45652173913043476,17.257859080518877,122.34895647443359,14.1232,2.3333333333333335,0.5818181818181818,0.7090909090909091,0.38095238095238093,0.84375,0.4880952380952381,4,1.119047619047619,9.782608695652174,46.57534246575342,1.8630136986301369,10.042533081285443,1.8333333333333333,21.195652173913043
18,F,161,63,15,69,106,35,25,56,36,24,85,38,22,27,31,27.2,24.3046178773967,1.678541033159452,19.53,43.47,7.534431541992978,16.770186335403725,0.6509433962264151,0.42857142857142855,33.888014323816556,101.19644498733261,10.4803,1.9714285714285715,0.44642857142857145,0.6428571428571429,0.36231884057971014,0.96,0.5507246376811594,37,1.2318840579710144,9.316770186335404,43.17460317460317,1.3927291346646185,10.493422321669687,1.8,22.36024844720497
32,F,148,56,15,97,104,33,30,59,36,25,96,36,22,31,31,20.8,25.56610664718773,1.5173075568988057,17.36,38.64,7.925493060628196,17.640613586559535,0.9326923076923077,0.6554054054054054,39.76180635053094,144.67119890483372,18.8523,2.9393939393939394,0.5084745762711864,0.6101694915254238,0.30927835051546393,0.8333333333333334,0.3711340206185567,7,0.9896907216494846,10.135135135135135,37.142857142857146,1.19815668202765,9.495982468955443,2.066666666666667,24.324324324324326
23,M,170,86,19,107,104,37,33,53,39,26,103,39,26,38,36,36.7,29.75778546712803,2.015219866692245,30.959999999999997,55.040000000000006,10.71280276816609,19.04498269896194,1.0288461538461537,0.6294117647058823,28.92021108242737,138.01697828210172,22.9043,2.891891891891892,0.6226415094339622,0.7358490566037735,0.308411214953271,0.7878787878787878,0.3644859813084112,-3,0.9626168224299065,11.176470588235295,42.674418604651166,1.1854005167958659,12.698961937716266,2.0,22.941176470588236
29,F,160,60,16,59,99,34,30,55,35,24,94,37,20,29,26,25.5,23.437499999999996,1.632993161855452,15.600000000000001,44.4,6.093749999999999,17.343749999999996,0.5959595959595959,0.36875,30.91648255572961,88.39137298116667,8.082,1.7352941176470589,0.5454545454545454,0.6363636363636364,0.5084745762711864,0.8,0.6271186440677966,40,1.5932203389830508,10.0,42.5,1.6346153846153844,9.960937499999998,1.8125,21.875
46,M,189,90,19,79,84,40,30,53,38,27,111,37,24,34,26,34.5,25.195263290501387,2.173706511928416,23.400000000000002,66.6,6.550768455530362,18.644494834971024,0.9404761904761905,0.41798941798941797,14.328576331258134,105.02924430724457,12.4995,1.975,0.5660377358490566,0.7169811320754716,0.379746835443038,0.9,0.46835443037974683,5,1.4050632911392404,10.052910052910052,38.333333333333336,1.4743589743589742,9.658184261358866,1.7894736842105263,20.105820105820104
30,F,155,63,16,77,93,36,24,52,33,22,75,36,21,36,27,26.6,26.22268470343392,1.6469669092000603,17.01,45.989999999999995,7.080124869927159,19.14255983350676,0.8279569892473119,0.4967741935483871,30.19315973414993,110.8051131571906,12.0372,2.138888888888889,0.46153846153846156,0.6346153846153846,0.3116883116883117,0.9166666666666666,0.4675324675324675,16,0.974025974025974,10.32258064516129,42.22222222222222,1.5637860082304527,11.071800208116544,2.25,21.29032258064516
55,F,159,82,15,74,108,33,29,55,36,25,90,36,20,28,45,31.5,32.4354258138523,1.9030676989184243,36.9,45.1,14.595941616233533,17.839484197618763,0.6851851851851852,0.46540880503144655,35.867654878968274,94.53592059966216,11.7612,2.242424242424242,0.5272727272727272,0.6545454545454545,0.3918918918918919,0.8620689655172413,0.4864864864864865,34,1.2162162162162162,9.433962264150944,38.41463414634146,0.8536585365853658,12.459950160199359,1.8666666666666667,22.641509433962266
62,M,160,68,18,85,108,40,30,56,35,30,99,44,22,35,16,26.5,26.562499999999996,1.7384539747207064,10.88,57.12,4.249999999999999,22.312499999999993,0.7870370370370371,0.53125,35.36343551534139,119.6183927560119,14.8203,2.125,0.5357142857142857,0.625,0.35294117647058826,1.0,0.5176470588235295,23,1.1647058823529413,11.25,38.970588235294116,2.4356617647058822,10.351562499999998,1.9444444444444444,21.875
38,F,175,82,16,55,102,32,28,54,33,25,96,40,22,31,23,32.7,26.775510204081634,1.9965247584518233,18.86,63.14,6.158367346938776,20.617142857142856,0.5392156862745098,0.3142857142857143,26.05985856793277,73.71371339103845,7.5963,1.71875,0.5185185185185185,0.6111111111111112,0.509090909090909,0.8928571428571429,0.7272727272727273,47,1.7454545454545454,9.142857142857142,39.87804878048781,1.733828207847296,10.677551020408163,1.9375,18.857142857142858
58,F,163,77,15,92,100,32,31,53,35,25,101,34,22,30,45,29.4,28.981143437841094,1.8671874273593663,34.65,42.35,13.041514547028493,15.939628890812603,0.92,0.5644171779141104,30.052788342819476,122.80322410370192,16.9728,2.875,0.5849056603773585,0.660377358490566,0.33695652173913043,0.8064516129032258,0.3695652173913043,8,1.0978260869565217,9.202453987730062,38.18181818181818,0.8484848484848485,11.065527494448418,2.0,21.472392638036812
18,M,188,79,18,82,91,43,28,54,38,30,101,44,23,38,12,29.1,22.351742870076958,2.0311463648776167,9.48,69.52,2.682209144409235,19.669533725667723,0.9010989010989011,0.43617021276595747,17.302431452947886,116.05202781556002,13.504700000000001,1.9069767441860466,0.5185185185185185,0.7037037037037037,0.34146341463414637,1.0714285714285714,0.5365853658536586,9,1.2317073170731707,9.574468085106384,36.835443037974684,3.069620253164557,8.233363512901766,2.111111111111111,20.212765957446805
22,F,164,62,15,82,96,35,29,53,32,27,91,37,24,30,25,24.0,23.051754907792983,1.6806083554607374,15.5,46.5,5.762938726948246,17.288816180844737,0.8541666666666666,0.5,27.709393723494458,122.35266512084684,13.5852,2.342857142857143,0.5471698113207547,0.6037735849056604,0.35365853658536583,0.9310344827586207,0.45121951219512196,14,1.1097560975609757,9.146341463414634,38.70967741935484,1.5483870967741935,8.923259964306961,2.0,19.51219512195122
37,M,170,80,17,101,105,33,32,52,37,28,104,42,22,33,35,35.4,27.68166089965398,1.9436506316151,28.0,52.0,9.688581314878894,17.99307958477509,0.9619047619047619,0.5941176470588235,29.371366958219944,135.07480306866407,20.4132,3.0606060606060606,0.6153846153846154,0.7115384615384616,0.31683168316831684,0.875,0.4158415841584158,4,1.0297029702970297,10.0,44.25,1.2642857142857142,12.249134948096886,1.9411764705882353,21.764705882352942
34,F,156,42,15,69,84,33,27,52,36,23,92,40,22,28,22,14.8,17.258382642998026,1.3490737563232043,9.24,32.76,3.7968441814595657,13.46153846153846,0.8214285714285714,0.4423076923076923,25.11142602444653,122.00011688899225,9.6795,2.090909090909091,0.5192307692307693,0.6923076923076923,0.391304347826087,0.8518518518518519,0.5797101449275363,15,1.3333333333333333,9.615384615384617,35.23809523809524,1.6017316017316017,6.081525312294543,1.8666666666666667,23.076923076923077
34,M,188,81,18,72,94,39,30,55,40,28,104,37,23,35,20,36.9,22.917609778180175,2.0566963801203135,16.2,64.8,4.5835219556360345,18.334087822544138,0.7659574468085106,0.3829787234042553,18.466247874473638,100.6334620242355,10.7068,1.8461538461538463,0.5454545454545454,0.7272727272727273,0.4166666666666667,0.9333333333333333,0.5138888888888888,22,1.4444444444444444,9.574468085106384,45.55555555555556,2.2777777777777777,10.4402444545043,1.9444444444444444,21.27659574468085
43,F,171,60,14,74,96,32,28,59,35,23,91,35,22,29,21,27.3,20.519134092541297,1.6881943016134133,12.6,47.4,4.3090181594336725,16.210115933107623,0.7708333333333334,0.4327485380116959,24.931599320806882,114.61135625632346,11.290799999999999,2.3125,0.4745762711864407,0.5932203389830508,0.3783783783783784,0.8214285714285714,0.47297297297297297,22,1.2297297297297298,8.187134502923977,45.5,2.166666666666667,9.33620601210629,2.0714285714285716,20.46783625730994
54,M,166,87,18,109,101,35,34,54,40,27,107,43,25,33,36,39.3,31.572071418202935,2.0029145430264035,31.32,55.68,11.365945710553056,20.20612570764988,1.0792079207920793,0.6566265060240963,29.22361632309616,138.1320374500968,23.8068,3.1142857142857143,0.6296296296296297,0.7407407407407407,0.3119266055045872,0.7941176470588235,0.3944954128440367,-8,0.981651376146789,10.843373493975903,45.172413793103445,1.2547892720306513,14.261866744084772,1.8333333333333333,24.096385542168676
18,F,161,70,17,74,106,34,29,53,36,27,117,36,23,28,32,30.8,27.005130974885226,1.7693376036120285,22.400000000000002,47.599999999999994,8.641641911963273,18.36348906292195,0.6981132075471698,0.45962732919254656,33.888014323816556,102.9601436440027,11.6688,2.176470588235294,0.5471698113207547,0.6792452830188679,0.3918918918918919,0.9310344827586207,0.4864864864864865,32,1.5810810810810811,10.559006211180124,44.0,1.375,11.8822576289495,1.6470588235294117,22.36024844720497
31,M,180,101,18,99,105,40,30,56,41,26,109,42,24,34,28,42.7,31.17283950617284,2.247220505424423,28.28,72.72,8.728395061728396,22.444444444444443,0.9428571428571428,0.55,25.47909956249591,121.25070217295917,19.627200000000002,2.475,0.5357142857142857,0.7321428571428571,0.30303030303030304,0.8666666666666667,0.42424242424242425,6,1.101010101010101,10.0,42.27722772277228,1.50990099009901,13.179012345679013,1.8888888888888888,22.77777777777778
18,M,181,59,19,88,96,41,31,55,39,25,100,42,24,36,14,27.9,18.009218277830346,1.7223207857100515,8.260000000000002,50.739999999999995,2.521290558896249,15.487927718934097,0.9166666666666666,0.4861878453038674,21.423335933551357,141.40652695613545,15.5328,2.1463414634146343,0.5636363636363636,0.7090909090909091,0.3522727272727273,0.8064516129032258,0.4772727272727273,8,1.1363636363636365,10.497237569060774,47.28813559322034,3.377723970944309,8.516223558499435,1.894736842105263,21.54696132596685
20,F,166,80,16,90,103,33,28,57,34,22,84,36,21,32,45,34.5,29.03178980984178,1.920648038785058,36.0,44.0,13.0643054144288,15.967484395412978,0.8737864077669902,0.5421686746987951,30.158737438404998,118.93921341100128,16.3183,2.727272727272727,0.49122807017543857,0.5964912280701754,0.3111111111111111,0.7857142857142857,0.4,13,0.9333333333333333,9.63855421686747,43.125,0.9583333333333334,12.519959355494267,2.0,20.481927710843372
45,F,167,71,16,70,75,35,25,46,36,22,86,39,23,32,30,31.3,25.458065904119906,1.814830876724085,21.3,49.7,7.6374197712359715,17.820646132883933,0.9333333333333333,0.41916167664670656,16.75254038326962,98.49191991524947,9.8175,2.0,0.5434782608695652,0.782608695652174,0.35714285714285715,0.88,0.5571428571428572,5,1.2285714285714286,9.580838323353294,44.08450704225352,1.4694835680751173,11.223062856323281,2.0,21.55688622754491
33,F,165,65,16,78,106,35,30,57,35,25,91,38,21,32,38,26.6,23.875114784205696,1.7260262647673315,24.7,40.3,9.072543617998164,14.80257116620753,0.7358490566037735,0.4727272727272727,32.01265944310391,114.0127440947228,12.7168,2.2285714285714286,0.5263157894736842,0.6140350877192983,0.38461538461538464,0.8333333333333334,0.48717948717948717,28,1.1666666666666667,9.696969696969697,40.92307692307692,1.076923076923077,9.770431588613409,2.0,21.21212121212121
55,F,162,47,15,70,99,33,27,56,35,25,91,39,22,30,21,20.0,17.908855357415025,1.4543039572248988,9.87,37.13,3.760859625057155,14.14799573235787,0.7070707070707071,0.43209876543209874,30.013423413901364,119.22851103542015,10.3887,2.121212121212121,0.48214285714285715,0.625,0.38571428571428573,0.9259259259259259,0.5571428571428572,29,1.3,9.25925925925926,42.5531914893617,2.026342451874367,7.6207895137936275,2.0,21.604938271604937
61,F,152,87,15,98,99,33,27,50,38,25,91,38,22,29,45,32.7,37.655817174515235,1.9165942015286734,39.15,47.85,16.945117728531855,20.71069944598338,0.98989898989899,0.6447368421052632,34.828686486662804,118.83975434976907,19.2087,2.9696969696969697,0.54,0.76,0.2755102040816326,0.9259259259259259,0.3877551020408163,1,0.9285714285714286,9.868421052631579,37.58620689655173,0.8352490421455939,14.153393351800554,1.9333333333333333,25.0
36,M,170,74,18,85,97,40,29,55,38,31,97,42,23,32,29,30.5,25.605536332179934,1.869343319041327,21.459999999999997,52.540000000000006,7.42560553633218,18.179930795847756,0.8762886597938144,0.5,25.762119951879377,118.19552351984588,14.550799999999999,2.125,0.5272727272727272,0.6909090909090909,0.3411764705882353,1.0689655172413792,0.49411764705882355,12,1.1411764705882352,10.588235294117647,41.21621621621622,1.4212488350419388,10.553633217993081,1.7777777777777777,22.35294117647059
29,F,168,74,15,90,102,33,28,50,37,22,90,32,23,33,35,34.9,26.218820861678008,1.8583146486355138,25.9,48.1,9.176587301587302,17.042233560090708,0.8823529411764706,0.5357142857142857,28.842088381349335,124.40985745886158,16.3008,2.727272727272727,0.56,0.74,0.3111111111111111,0.7857142857142857,0.35555555555555557,12,1.0,8.928571428571429,47.16216216216216,1.3474903474903475,12.365362811791385,2.2,22.023809523809522
48,F,162,65,16,73,100,35,26,52,35,26,100,39,21,29,33,27.5,24.76756591982929,1.710263137648707,21.45,43.55,8.173296753543665,16.594269166285624,0.73,0.4506172839506173,30.498407488789262,105.7297465476547,11.168299999999999,2.085714285714286,0.5,0.6730769230769231,0.3561643835616438,1.0,0.5342465753424658,27,1.36986301369863,9.876543209876543,42.30769230769231,1.2820512820512822,10.478585581466238,1.8125,21.604938271604937
32,M,175,72,17,106,96,42,29,58,40,29,103,39,23,34,18,28.3,23.510204081632654,1.8708286933869707,12.959999999999999,59.04,4.231836734693878,19.278367346938776,1.1041666666666667,0.6057142857142858,23.46810218158378,151.61149961698692,22.542,2.5238095238095237,0.5,0.6896551724137931,0.27358490566037735,1.0,0.36792452830188677,-10,0.9716981132075472,9.714285714285714,39.30555555555556,2.183641975308642,9.240816326530613,2.0,22.857142857142858
31,M,167,91,17,109,102,37,34,63,37,28,91,41,24,38,35,33.6,32.62935207429452,2.0546018808734914,31.849999999999998,59.150000000000006,11.420273226003083,21.209078848291444,1.0686274509803921,0.6526946107784432,29.263454921246684,135.46825588176867,23.7963,2.945945945945946,0.5396825396825397,0.5873015873015873,0.3119266055045872,0.8235294117647058,0.3761467889908257,-7,0.8348623853211009,10.179640718562874,36.92307692307693,1.054945054945055,12.047760765893363,2.235294117647059,22.15568862275449
65,F,161,79,16,80,88,32,27,51,37,27,89,34,21,30,45,32.8,30.477219243084754,1.8796424009783232,35.550000000000004,43.449999999999996,13.71474865938814,16.76247058369661,0.9090909090909091,0.4968944099378882,25.076842080149596,104.7762573997904,12.8448,2.5,0.5294117647058824,0.7254901960784313,0.3375,1.0,0.425,8,1.1125,9.937888198757763,41.518987341772146,0.922644163150492,12.653832799660504,1.875,22.981366459627328
32,F,163,91,16,84,87,33,32,56,41,25,90,37,22,28,45,38.8,34.25044224472129,2.029846737509455,40.95,50.05,15.412699010124584,18.83774323459671,0.9655172413793104,0.5153374233128835,23.805925858252948,103.1397071987867,14.1183,2.5454545454545454,0.5714285714285714,0.7321428571428571,0.38095238095238093,0.78125,0.44047619047619047,3,1.0714285714285714,9.815950920245399,42.637362637362635,0.9474969474969474,14.603485264782265,1.75,25.153374233128833
41,M,180,79,19,91,100,35,31,49,40,27,97,39,22,33,27,34.8,24.382716049382715,1.9874606914351791,21.330000000000002,57.67,6.583333333333333,17.799382716049383,0.91,0.5055555555555555,23.408666249996102,126.01945622153151,16.6187,2.6,0.6326530612244898,0.8163265306122449,0.34065934065934067,0.8709677419354839,0.42857142857142855,9,1.065934065934066,10.555555555555555,44.0506329113924,1.631504922644163,10.740740740740739,1.736842105263158,22.22222222222222
22,F,162,62,16,89,98,37,30,55,37,24,107,36,20,32,35,27.3,23.624447492760247,1.6703293088490065,21.7,40.3,8.268556622466086,15.355890870294159,0.9081632653061225,0.5493827160493827,29.528439339013474,131.98518066371258,15.898700000000002,2.4054054054054053,0.5454545454545454,0.6727272727272727,0.33707865168539325,0.8,0.4044943820224719,9,1.202247191011236,9.876543209876543,44.03225806451613,1.2580645161290323,10.402377686328302,2.0,22.839506172839506
18,M,171,79,18,102,107,38,30,61,36,32,93,40,27,31,35,29.4,27.01685988851271,1.9371370627810516,27.65,51.35,9.455900960979447,17.56095892753326,0.9532710280373832,0.5964912280701754,29.850845076316,137.67598216490578,20.8255,2.6842105263157894,0.4918032786885246,0.5901639344262295,0.29411764705882354,1.0666666666666667,0.39215686274509803,5,0.9117647058823529,10.526315789473683,37.21518987341772,1.0632911392405062,10.054375705345235,1.7222222222222223,21.052631578947366
29,F,150,43,16,91,96,35,31,51,31,24,107,36,20,32,25,17.1,19.11111111111111,1.3385315336840842,10.75,32.25,4.777777777777778,14.333333333333334,0.9479166666666666,0.6066666666666667,34.255781179374466,155.92878544730317,16.5795,2.6,0.6078431372549019,0.6078431372549019,0.34065934065934067,0.7741935483870968,0.3956043956043956,5,1.1758241758241759,10.666666666666668,39.76744186046512,1.5906976744186048,7.6000000000000005,2.0,20.666666666666668
59,F,175,82,15,87,94,34,31,54,35,27,91,35,21,29,26,33.2,26.775510204081634,1.9965247584518233,21.32,60.68,6.9616326530612245,19.813877551020408,0.925531914893617,0.49714285714285716,22.604183386134125,116.601692091279,15.1723,2.5588235294117645,0.5740740740740741,0.6481481481481481,0.3563218390804598,0.8709677419354839,0.40229885057471265,7,1.0459770114942528,8.571428571428571,40.487804878048784,1.5572232645403379,10.840816326530613,1.9333333333333333,20.0
19,F,152,58,15,94,100,33,28,54,39,27,91,36,22,30,30,26.2,25.10387811634349,1.564892612574067,17.4,40.6,7.531163434903046,17.572714681440445,0.94,0.618421052631579,35.362309582487676,139.60762946722141,17.697200000000002,2.8484848484848486,0.5185185185185185,0.7222222222222222,0.2978723404255319,0.9642857142857143,0.3829787234042553,6,0.9680851063829787,9.868421052631579,45.17241379310345,1.5057471264367817,11.340027700831024,2.0,25.657894736842106
62,F,162,66,16,74,101,34,24,62,36,23,99,32,24,26,28,26.9,25.14860539551897,1.7233687939614086,18.48,47.519999999999996,7.041609510745312,18.106995884773657,0.7326732673267327,0.4567901234567901,30.983391563677152,106.36304483164656,11.462299999999999,2.176470588235294,0.3870967741935484,0.5806451612903226,0.32432432432432434,0.9583333333333334,0.43243243243243246,27,1.337837837837838,9.876543209876543,40.75757575757575,1.4556277056277056,10.249961896052428,1.625,22.22222222222222
57,F,172,71,16,87,104,33,29,51,35,26,81,36,22,25,27,31.0,23.99945916711736,1.8417986378055073,19.17,51.83,6.479853975121689,17.519605191995673,0.8365384615384616,0.5058139534883721,28.1042189377642,124.23037717204738,15.3403,2.6363636363636362,0.5686274509803921,0.6862745098039216,0.3333333333333333,0.896551724137931,0.41379310344827586,17,0.9310344827586207,9.30232558139535,43.66197183098591,1.6171100678142931,10.47863710113575,1.5625,20.348837209302324
34,M,179,114,17,102,86,35,34,58,38,29,93,42,25,37,37,46.2,35.57941387597141,2.3808261871319654,42.18,71.82,13.164383134109423,22.415030741861987,1.186046511627907,0.5698324022346368,17.91028937243938,117.25942592344785,20.9872,2.914285714285714,0.5862068965517241,0.6551724137931034,0.3333333333333333,0.8529411764705882,0.4117647058823529,-16,0.9117647058823529,9.497206703910614,40.526315789473685,1.0953058321479374,14.419025623419994,2.176470588235294,21.22905027932961
51,F,174,102,15,82,94,33,32,51,35,24,102,36,21,31,44,41.7,33.69005152596116,2.2203603311174516,44.88,57.12,14.82362267142291,18.866428854538245,0.8723404255319149,0.47126436781609193,22.954721894492486,98.25663634734542,13.5488,2.484848484848485,0.6274509803921569,0.6862745098039216,0.3902439024390244,0.75,0.43902439024390244,12,1.2439024390243902,8.620689655172415,40.88235294117648,0.929144385026738,13.77328577090765,2.066666666666667,20.114942528735632
65,F,172,66,16,89,107,36,27,55,39,25,79,35,24,30,31,25.1,22.30935640886966,1.775762746915627,20.46,45.54,6.915900486749595,15.393455922120067,0.8317757009345794,0.5174418604651163,29.43414833019971,131.81224726896647,16.0688,2.4722222222222223,0.4909090909090909,0.7090909090909091,0.30337078651685395,0.9259259259259259,0.39325842696629215,18,0.8876404494382022,9.30232558139535,38.03030303030303,1.2267839687194526,8.484315846403463,1.875,22.674418604651162
31,M,177,107,17,109,96,40,35,57,37,26,86,41,25,34,32,40.6,34.15365954866098,2.2936506563409638,34.24,72.75999999999999,10.929171055571516,23.224488493089464,1.1354166666666667,0.615819209039548,22.767242196763604,128.61592465463346,23.8803,2.725,0.6140350877192983,0.6491228070175439,0.3211009174311927,0.7428571428571429,0.3761467889908257,-13,0.7889908256880734,9.6045197740113,37.94392523364486,1.185747663551402,12.959239043697533,2.0,20.903954802259886
46,F,155,71,14,62,100,33,31,50,33,24,103,36,22,29,36,26.3,29.552549427679498,1.7484119778943532,25.56,45.44,10.638917793964618,18.91363163371488,0.62,0.4,33.82060186467734,84.04306186544765,8.698799999999999,1.878787878787879,0.62,0.66,0.5,0.7741935483870968,0.5806451612903226,38,1.6612903225806452,9.032258064516128,37.04225352112676,1.0289514866979657,10.946930280957336,2.0714285714285716,21.29032258064516
42,F,167,47,15,81,99,35,29,49,39,23,95,38,21,32,25,19.7,16.85252249991036,1.476576370452195,11.75,35.25,4.21313062497759,12.63939187493277,0.8181818181818182,0.48502994011976047,27.8733533059159,140.07732110867983,13.348799999999999,2.3142857142857145,0.5918367346938775,0.7959183673469388,0.35802469135802467,0.7931034482758621,0.4691358024691358,18,1.1728395061728396,8.982035928143713,41.91489361702128,1.676595744680851,7.063716877622001,2.1333333333333333,23.353293413173652
54,M,166,92,17,112,94,38,29,49,41,30,101,39,23,35,41,43.9,33.386558281318045,2.0596655607700542,37.72,54.28,13.688488895340399,19.698069385977647,1.1914893617021276,0.6746987951807228,25.950692419515235,138.0230611126323,25.314799999999998,2.9473684210526314,0.5918367346938775,0.8367346938775511,0.25892857142857145,1.0344827586206897,0.3482142857142857,-18,0.9017857142857143,10.240963855421686,47.71739130434782,1.1638388123011665,15.931194658150675,2.0588235294117645,24.69879518072289
63,M,173,62,18,81,108,36,30,57,41,29,105,42,23,42,22,26.9,20.715693808680545,1.7261067303166524,13.64,48.36,4.557452637909719,16.158241170770822,0.75,0.4682080924855491,29.462936125507632,124.13256450634701,13.632299999999999,2.25,0.5263157894736842,0.7192982456140351,0.37037037037037035,0.9666666666666667,0.5185185185185185,27,1.2962962962962963,10.404624277456648,43.387096774193544,1.972140762463343,8.987938120217848,2.3333333333333335,23.699421965317917
32,F,151,48,17,55,97,35,27,47,38,25,93,38,21,27,32,19.2,21.051708258409718,1.4189197769195174,15.36,32.64,6.73654664269111,14.315161615718608,0.5670103092783505,0.36423841059602646,34.27647715284932,89.49608684698792,7.284800000000001,1.5714285714285714,0.574468085106383,0.8085106382978723,0.4909090909090909,0.9259259259259259,0.6909090909090909,42,1.690909090909091,11.258278145695364,40.0,1.25,8.420683303363887,1.588235294117647,25.165562913907287
64,M,183,99,19,106,109,37,34,55,38,26,97,41,25,35,28,42.3,29.56194571351787,2.2433234274174554,27.720000000000002,71.28,8.277344799785004,21.284600913732866,0.9724770642201835,0.5792349726775956,26.0301194175128,132.21700489644164,22.4783,2.864864864864865,0.6181818181818182,0.6909090909090909,0.32075471698113206,0.7647058823529411,0.3867924528301887,3,0.9150943396226415,10.382513661202186,42.72727272727273,1.5259740259740258,12.631013168503088,1.8421052631578947,20.76502732240437
27,F,171,61,15,55,110,32,25,55,38,24,89,39,19,28,16,27.1,20.86111966075032,1.70220445305492,9.76,51.24,3.337779145720051,17.523340515030267,0.5,0.3216374269005848,31.192457555091217,84.48300037721818,8.1675,1.71875,0.45454545454545453,0.6909090909090909,0.45454545454545453,0.96,0.7090909090909091,55,1.6181818181818182,8.771929824561402,44.42622950819673,2.7766393442622954,9.267808898464486,1.8666666666666667,22.22222222222222
27,M,175,69,17,72,89,39,33,53,39,29,100,45,26,31,14,29.6,22.53061224489796,1.8314384146529925,9.66,59.34,3.1542857142857144,19.376326530612246,0.8089887640449438,0.4114285714285714,20.444386397509966,105.19630303551294,10.5703,1.8461538461538463,0.6226415094339622,0.7358490566037735,0.4583333333333333,0.8787878787878788,0.625,17,1.3888888888888888,9.714285714285714,42.89855072463769,3.0641821946169774,9.66530612244898,1.8235294117647058,22.285714285714285
47,F,168,80,17,79,116,34,26,53,32,24,92,40,23,28,32,34.6,28.344671201814062,1.9321835661585918,25.6,54.4,9.0702947845805,19.27437641723356,0.6810344827586207,0.47023809523809523,35.27139462976983,105.02924430724457,13.440299999999999,2.323529411764706,0.49056603773584906,0.6037735849056604,0.3291139240506329,0.9230769230769231,0.5063291139240507,37,1.1645569620253164,10.119047619047619,43.25,1.3515625,12.259070294784582,1.6470588235294117,19.047619047619047
54,M,179,77,19,91,103,40,29,53,38,26,98,38,20,32,27,33.3,24.031709372366656,1.9566837023676338,20.790000000000003,56.209999999999994,6.488561530538997,17.543147841827658,0.883495145631068,0.5083798882681564,25.008834946061114,127.29051608396617,16.6628,2.275,0.5471698113207547,0.7169811320754716,0.31868131868131866,0.896551724137931,0.4175824175824176,12,1.0769230769230769,10.614525139664805,43.246753246753244,1.6017316017316015,10.39293405324428,1.6842105263157894,21.22905027932961
41,M,169,47,19,83,105,38,35,61,41,23,96,37,23,34,10,20.6,16.45600644235146,1.485391830086893,4.7,42.3,1.645600644235146,14.810405798116314,0.7904761904761904,0.4911242603550296,29.792444242148385,144.39295947360387,14.1168,2.1842105263157894,0.5737704918032787,0.6721311475409836,0.42168674698795183,0.6571428571428571,0.4457831325301205,22,1.1566265060240963,11.242603550295858,43.829787234042556,4.382978723404255,7.212632610902981,1.7894736842105263,24.2603550295858
59,F,160,78,15,87,104,36,27,61,34,24,93,38,21,30,38,32.5,30.468749999999993,1.8618986725025255,29.64,48.36,11.578124999999998,18.890624999999996,0.8365384615384616,0.54375,33.38701197773616,114.31558539712047,15.3403,2.4166666666666665,0.4426229508196721,0.5573770491803278,0.3103448275862069,0.8888888888888888,0.4367816091954023,17,1.0689655172413792,9.375,41.66666666666667,1.0964912280701755,12.695312499999998,2.0,21.25
40,F,162,54,16,77,101,32,30,54,35,27,91,40,21,32,25,20.6,20.576131687242793,1.5588457268119895,13.5,40.5,5.144032921810698,15.432098765432096,0.7623762376237624,0.47530864197530864,30.983391563677152,122.35588273651702,12.2612,2.40625,0.5555555555555556,0.6481481481481481,0.38961038961038963,0.9,0.5194805194805194,24,1.1818181818181819,9.876543209876543,38.14814814814815,1.5259259259259261,7.8494131992074365,2.0,21.604938271604937
20,M,182,91,18,89,92,37,32,60,40,30,103,42,22,34,21,43.4,27.47252747252747,2.144890569599194,19.11,71.89,5.769230769230768,21.7032967032967,0.967391304347826,0.489010989010989,19.46974567737434,115.47248353321602,15.8483,2.4054054054054053,0.5333333333333333,0.6666666666666666,0.3595505617977528,0.9375,0.47191011235955055,3,1.1573033707865168,9.89010989010989,47.692307692307686,2.271062271062271,13.102282333051562,1.8888888888888888,21.978021978021978
65,M,182,100,18,115,102,41,35,48,39,29,95,42,25,34,33,40.3,30.189590629151066,2.2484562605386733,33.0,67.0,9.962564907619852,20.227025721531216,1.1274509803921569,0.6318681318681318,23.542544120567207,142.33346970382428,26.5683,2.8048780487804876,0.7291666666666666,0.8125,0.30434782608695654,0.8285714285714286,0.3652173913043478,-13,0.8260869565217391,9.89010989010989,40.3,1.2212121212121212,12.16640502354788,1.8888888888888888,21.428571428571427
40,F,160,79,16,64,107,33,28,56,37,25,93,37,22,29,38,27.2,30.859374999999993,1.8737959096740262,30.02,48.980000000000004,11.726562499999998,19.132812499999996,0.5981308411214953,0.4,34.869329630940086,83.56028676284126,9.4863,1.9393939393939394,0.5,0.6607142857142857,0.4375,0.8928571428571429,0.578125,43,1.453125,10.0,34.43037974683544,0.9060626249167222,10.624999999999998,1.8125,23.125
48,M,167,73,18,91,96,37,30,59,39,30,109,43,25,34,25,30.4,26.175194521137367,1.8402143594942653,18.25,54.75,6.543798630284342,19.631395890853025,0.9479166666666666,0.5449101796407185,26.483251690585114,126.2733492879061,16.5795,2.4594594594594597,0.5084745762711864,0.6610169491525424,0.32967032967032966,1.0,0.4725274725274725,5,1.1978021978021978,10.778443113772456,41.64383561643835,1.665753424657534,10.900354978665423,1.8888888888888888,23.353293413173652
28,M,173,56,18,77,107,37,33,51,41,28,88,41,22,32,15,26.4,18.710949246550168,1.6404606399152377,8.4,47.6,2.806642386982525,15.904306859567644,0.719626168224299,0.44508670520231214,29.023464494715896,124.1633053146854,12.488,2.081081081081081,0.6470588235294118,0.803921568627451,0.42857142857142855,0.8484848484848485,0.5324675324675324,30,1.1428571428571428,10.404624277456648,47.14285714285714,3.1428571428571423,8.82087607337365,1.7777777777777777,23.699421965317917
18,M,186,116,18,92,80,37,30,59,43,27,106,37,23,31,37,53.2,33.52988784830616,2.448128536930472,42.92,73.08,12.406058503873279,21.123829344432878,1.15,0.4946236559139785,13.537013983086727,106.8781202456201,17.0288,2.4864864864864864,0.5084745762711864,0.7288135593220338,0.32608695652173914,0.9,0.40217391304347827,-12,1.1521739130434783,9.67741935483871,45.862068965517246,1.239515377446412,15.377500289050756,1.7222222222222223,23.118279569892472
40,F,164,63,15,56,93,32,32,53,35,23,100,34,21,32,21,26.1,23.423557406305775,1.6941074346097416,13.229999999999999,49.77,4.918947055324212,18.50461035098156,0.6021505376344086,0.34146341463414637,26.280975169635262,82.89210689221977,7.230300000000001,1.75,0.6037735849056604,0.660377358490566,0.5714285714285714,0.71875,0.6071428571428571,37,1.7857142857142858,9.146341463414634,41.42857142857143,1.972789115646259,9.704045211183821,2.1333333333333333,21.341463414634145
44,F,159,51,17,74,99,34,28,47,39,23,87,37,24,30,24,22.7,20.17325264032277,1.5008331019803633,12.24,38.76,4.841580633677465,15.331672006645304,0.7474747474747475,0.46540880503144655,31.378683639054252,119.87226070863132,11.3895,2.176470588235294,0.5957446808510638,0.8297872340425532,0.3783783783783784,0.8214285714285714,0.5,25,1.1756756756756757,10.69182389937107,44.509803921568626,1.8545751633986927,8.979075194810331,1.7647058823529411,24.528301886792452
21,M,169,40,18,71,90,37,32,63,37,29,96,42,23,33,8,17.0,14.00511186583103,1.3703203194062976,3.2,36.8,1.1204089492664824,12.884702916564546,0.7888888888888889,0.42011834319526625,22.964952207555754,133.88909542823,10.334700000000002,1.9189189189189189,0.5079365079365079,0.5873015873015873,0.4507042253521127,0.90625,0.5915492957746479,19,1.352112676056338,10.650887573964498,42.5,5.3125,5.952172542978188,1.8333333333333333,21.893491124260358
33,M,178,79,18,97,104,34,33,57,44,27,99,41,23,35,25,32.7,24.933720489837143,1.9763884008744614,19.75,59.25,6.233430122459286,18.700290367377857,0.9326923076923077,0.5449438202247191,25.79286272784808,133.58007772720202,18.8523,2.8529411764705883,0.5789473684210527,0.7719298245614035,0.3402061855670103,0.8181818181818182,0.422680412371134,7,1.0206185567010309,10.112359550561797,41.39240506329114,1.6556962025316457,10.32066658250221,1.9444444444444444,24.719101123595504
45,M,181,78,19,97,89,35,36,54,36,28,94,39,25,41,27,32.0,23.808797045267237,1.9803198394872146,21.060000000000002,56.94,6.428375202222155,17.380421843045085,1.0898876404494382,0.5359116022099447,18.54871768839657,135.56176741726168,18.8628,2.7714285714285714,0.6666666666666666,0.6666666666666666,0.3711340206185567,0.7777777777777778,0.4020618556701031,-8,0.9690721649484536,10.497237569060774,41.02564102564102,1.5194681861348527,9.767711608314764,2.1578947368421053,19.88950276243094
29,F,167,80,15,64,101,30,27,56,35,27,87,38,21,31,35,34.0,28.685144680698485,1.926424436906652,28.0,52.0,10.03980063824447,18.645344042454013,0.6336633663366337,0.38323353293413176,28.800087716136417,84.83336969864156,9.1503,2.1333333333333333,0.48214285714285715,0.625,0.421875,1.0,0.59375,37,1.359375,8.982035928143713,42.5,1.2142857142857142,12.191186489296856,2.066666666666667,20.958083832335326
22,F,156,50,15,78,95,33,26,54,34,26,97,37,21,26,25,20.0,20.5456936226167,1.4719601443879744,12.5,37.5,5.136423405654175,15.409270216962524,0.8210526315789474,0.5,30.756969908600247,126.39951331625176,12.370299999999999,2.3636363636363638,0.48148148148148145,0.6296296296296297,0.3333333333333333,1.0,0.47435897435897434,17,1.2435897435897436,9.615384615384617,40.0,1.6,8.21827744904668,1.7333333333333334,21.794871794871796
39,F,157,61,16,73,106,34,27,48,35,24,97,33,23,32,32,27.8,24.747454257779218,1.6310357990484998,19.52,41.480000000000004,7.91918536248935,16.82826889528987,0.6886792452830188,0.46496815286624205,35.883573091444546,107.44377800921085,11.4203,2.1470588235294117,0.5625,0.7291666666666666,0.3698630136986301,0.8888888888888888,0.4520547945205479,33,1.3287671232876712,10.191082802547772,45.57377049180328,1.4241803278688525,11.2783480060043,2.0,22.29299363057325
59,M,166,86,17,83,111,42,33,58,35,28,98,45,25,29,35,35.1,31.20917404557991,1.9913702708325127,30.099999999999998,55.900000000000006,10.923210915952968,20.285963129626946,0.7477477477477478,0.5,33.89922189964034,105.79287335978145,14.326799999999999,1.9761904761904763,0.5689655172413793,0.603448275862069,0.39759036144578314,0.8484848484848485,0.5421686746987951,28,1.180722891566265,10.240963855421686,40.81395348837209,1.1661129568106314,12.73769777906808,1.7058823529411764,21.084337349397593
32,F,150,40,15,77,99,36,27,45,37,25,84,37,20,25,22,18.3,17.77777777777778,1.2909944487358056,8.8,31.2,3.9111111111111114,13.866666666666667,0.7777777777777778,0.5133333333333333,35.88877434122992,136.79803562292253,12.1968,2.138888888888889,0.6,0.8222222222222222,0.35064935064935066,0.9259259259259259,0.4805194805194805,22,1.0909090909090908,10.0,45.75,2.0795454545454546,8.133333333333333,1.6666666666666667,24.666666666666668
63,M,175,115,18,111,102,37,33,61,40,28,104,38,24,39,45,53.3,37.55102040816327,2.364376826518518,51.75,63.25,16.897959183673468,20.653061224489797,1.088235294117647,0.6342857142857142,26.05985856793277,125.62225500289853,24.698700000000002,3.0,0.5409836065573771,0.6557377049180327,0.2972972972972973,0.8484848484848485,0.34234234234234234,-9,0.9369369369369369,10.285714285714285,46.347826086956516,1.029951690821256,17.40408163265306,2.1666666666666665,22.857142857142858
38,F,162,90,15,74,102,33,27,51,38,23,92,37,21,33,45,40.0,34.293552812071326,2.0124611797498106,40.5,49.5,15.432098765432096,18.861454046639228,0.7254901960784313,0.4567901234567901,31.468375638565043,91.08386990916574,11.5008,2.242424242424242,0.5294117647058824,0.7450980392156863,0.36486486486486486,0.8518518518518519,0.5,28,1.2432432432432432,9.25925925925926,44.44444444444444,0.9876543209876543,15.241579027587255,2.2,23.456790123456788
51,F,163,84,17,78,98,30,27,53,36,25,95,35,20,31,45,38.9,31.615792841281195,1.9502136635080098,37.800000000000004,46.199999999999996,14.22710677857654,17.388686062704654,0.7959183673469388,0.4785276073619632,29.091732575963086,99.6832672042102,12.448,2.6,0.5094339622641509,0.6792452830188679,0.34615384615384615,0.9259259259259259,0.44871794871794873,20,1.2179487179487178,10.429447852760736,46.3095238095238,1.0291005291005288,14.641123113402838,1.8235294117647058,22.085889570552148
62,F,160,62,16,79,106,32,25,57,33,23,81,36,21,29,32,23.4,24.218749999999996,1.6599866130651644,19.84,42.16,7.749999999999998,16.468749999999996,0.7452830188679245,0.49375,34.37522374653877,116.42995776751818,12.992299999999998,2.46875,0.43859649122807015,0.5789473684210527,0.31645569620253167,0.92,0.45569620253164556,27,1.0253164556962024,10.0,37.74193548387096,1.1794354838709677,9.140624999999998,1.8125,20.625
23,M,174,59,18,97,101,41,29,56,39,32,108,43,25,33,26,24.7,19.487382745408905,1.6886878535320453,15.34,43.66,5.066719513806315,14.420663231602589,0.9603960396039604,0.5574712643678161,26.004541610039794,152.82480652396987,18.8292,2.3658536585365852,0.5178571428571429,0.6964285714285714,0.29896907216494845,1.103448275862069,0.44329896907216493,4,1.1134020618556701,10.344827586206897,41.86440677966102,1.6101694915254237,8.158277183247456,1.8333333333333333,22.413793103448278
40,M,186,75,18,72,101,41,35,53,43,25,103,43,23,39,26,28.6,21.678806798473808,1.9685019685029528,19.5,55.5,5.63648976760319,16.04231703087062,0.7128712871287128,0.3870967741935484,21.815480153646995,104.0235902621744,10.956700000000001,1.7560975609756098,0.660377358490566,0.8113207547169812,0.4861111111111111,0.7142857142857143,0.5972222222222222,29,1.4305555555555556,9.67741935483871,38.13333333333333,1.4666666666666668,8.266851659151346,2.1666666666666665,23.118279569892472
26,F,152,65,15,77,89,34,27,49,38,23,98,37,22,30,32,28.4,28.133656509695292,1.6566364853052236,20.8,44.2,9.002770083102494,19.1308864265928,0.8651685393258427,0.506578947368421,29.492455528414034,108.02626058024181,11.9588,2.264705882352941,0.5510204081632653,0.7755102040816326,0.35064935064935066,0.8518518518518519,0.4805194805194805,12,1.2727272727272727,9.868421052631579,43.69230769230769,1.3653846153846152,12.29224376731302,2.0,25.0
65,F,164,57,15,60,87,32,30,57,33,25,85,32,21,33,27,25.9,21.192742415229034,1.611417595369576,15.39,41.61,5.722040452111839,15.470701963117195,0.6896551724137931,0.36585365853658536,23.424138061916857,93.37040629857515,7.7103,1.875,0.5263157894736842,0.5789473684210527,0.5,0.8333333333333334,0.5333333333333333,27,1.4166666666666667,9.146341463414634,45.43859649122807,1.682910981156595,9.629684711481262,2.2,20.121951219512198
57,M,188,94,17,83,96,37,34,61,35,27,89,39,22,35,33,43.9,26.595744680851066,2.215601247717849,31.020000000000003,62.98,8.776595744680852,17.819148936170212,0.8645833333333334,0.44148936170212766,19.242125488824144,107.68782172198797,13.8963,2.2432432432432434,0.5573770491803278,0.5737704918032787,0.40963855421686746,0.7941176470588235,0.46987951807228917,13,1.072289156626506,9.042553191489363,46.702127659574465,1.4152159896840746,12.42077863286555,2.0588235294117645,18.617021276595743
56,M,180,65,18,73,94,39,30,54,40,32,96,43,25,36,16,26.5,20.061728395061728,1.8027756377319946,10.4,54.6,3.2098765432098766,16.85185185185185,0.776595744680851,0.40555555555555556,20.92414627499634,111.44893850763778,10.966700000000001,1.8717948717948718,0.5555555555555556,0.7407407407407407,0.410958904109589,1.0666666666666667,0.589041095890411,21,1.3150684931506849,10.0,40.76923076923077,2.548076923076923,8.179012345679011,2.0,22.22222222222222
23,M,184,82,18,84,91,39,34,55,38,30,100,44,20,36,23,38.3,24.22022684310019,2.047220337704545,18.86,63.14,5.570652173913043,18.649574669187146,0.9230769230769231,0.45652173913043476,18.459831549172932,115.43958941632252,14.1463,2.1538461538461537,0.6181818181818182,0.6909090909090909,0.40476190476190477,0.8823529411764706,0.5238095238095238,7,1.1904761904761905,9.782608695652174,46.70731707317073,2.0307529162248144,11.312618147448013,2.0,20.652173913043477
64,F,162,80,15,56,90,34,28,58,33,25,97,37,24,29,39,34.9,30.48315805517451,1.8973665961010275,31.200000000000003,48.8,11.88843164151806,18.59472641365645,0.6222222222222222,0.345679012345679,25.648566739910336,73.1095385653607,7.0812,1.6470588235294117,0.4827586206896552,0.5689655172413793,0.5,0.8928571428571429,0.6607142857142857,34,1.7321428571428572,9.25925925925926,43.625,1.1185897435897434,13.29827770156988,1.9333333333333333,20.37037037037037
48,F,153,49,16,71,111,33,31,58,34,24,99,34,19,31,14,20.7,20.932120124738347,1.4430869689661812,6.86,42.14,2.9304968174633688,18.00162330727498,0.6396396396396397,0.46405228758169936,40.652406054538034,115.10111379509326,11.202,2.1515151515151514,0.5344827586206896,0.5862068965517241,0.43661971830985913,0.7741935483870968,0.4788732394366197,40,1.3943661971830985,10.457516339869281,42.24489795918367,3.017492711370262,8.842752787389465,1.9375,22.22222222222222
24,M,180,63,16,84,97,36,29,58,36,30,99,44,24,40,26,28.4,19.444444444444443,1.7748239349298849,16.38,46.620000000000005,5.055555555555555,14.38888888888889,0.865979381443299,0.4666666666666667,22.166406262496224,130.26230715081724,14.2303,2.3333333333333335,0.5,0.6206896551724138,0.34523809523809523,1.0344827586206897,0.5238095238095238,13,1.1785714285714286,8.88888888888889,45.079365079365076,1.7338217338217339,8.765432098765432,2.5,20.0
31,M,185,70,19,78,101,39,29,52,39,29,101,44,26,33,19,27.3,20.45288531775018,1.896634446123507,13.3,56.7,3.8860482103725347,16.566837107377648,0.7722772277227723,0.42162162162162165,22.138744233229502,116.33354138739206,12.5383,2.0,0.5576923076923077,0.75,0.3717948717948718,1.0,0.5641025641025641,23,1.294871794871795,10.27027027027027,39.0,2.0526315789473686,7.97662527392257,1.736842105263158,21.08108108108108
34,F,167,78,15,78,108,32,30,51,37,25,93,37,21,33,39,29.6,27.968016063681024,1.9021917183431678,30.42,47.58,10.9075262648356,17.060489798845424,0.7222222222222222,0.46706586826347307,32.043658151908254,104.70780100971565,12.798,2.4375,0.5882352941176471,0.7254901960784313,0.38461538461538464,0.8333333333333334,0.47435897435897434,30,1.1923076923076923,8.982035928143713,37.948717948717956,0.9730440499671269,10.61350353185844,2.2,22.15568862275449
33,F,165,83,17,73,104,33,29,59,38,26,80,37,24,28,37,35.9,30.48668503213958,1.9504273036098183,30.71,52.29,11.280073461891645,19.206611570247937,0.7019230769230769,0.44242424242424244,31.069024359271758,94.42767314923184,11.3307,2.212121212121212,0.4915254237288136,0.6440677966101694,0.3972602739726027,0.896551724137931,0.5068493150684932,31,1.095890410958904,10.303030303030303,43.253012048192765,1.1690003256268315,13.186409550045914,1.6470588235294117,23.03030303030303
59,F,166,56,15,77,105,36,27,55,37,25,80,35,24,29,29,23.2,20.322252866889244,1.6069294390925266,16.24,39.760000000000005,5.893453331397881,14.428799535491367,0.7333333333333333,0.463855421686747,31.09385855371383,121.6253933258105,12.406799999999999,2.138888888888889,0.4909090909090909,0.6727272727272727,0.35064935064935066,0.9259259259259259,0.45454545454545453,28,1.0389610389610389,9.036144578313253,41.42857142857142,1.4285714285714286,8.419219044854115,1.9333333333333333,22.289156626506024
34,F,158,52,15,74,118,35,25,53,31,25,87,36,22,29,30,20.7,20.82999519307803,1.5107025591499548,15.6,36.4,6.248998557923408,14.58099663515462,0.6271186440677966,0.46835443037974683,41.41503767894692,118.34014401245236,12.3072,2.1142857142857143,0.4716981132075472,0.5849056603773585,0.33783783783783783,1.0,0.4864864864864865,44,1.1756756756756757,9.49367088607595,39.80769230769231,1.3269230769230769,8.2919403941676,1.9333333333333333,19.62025316455696
23,M,166,77,19,105,108,39,32,49,40,31,107,41,22,34,35,30.4,27.94309769197271,1.8842917915109527,26.95,50.05,9.780084192190449,18.163013499782263,0.9722222222222222,0.6325301204819277,32.496540226677084,141.43975082234005,22.0563,2.6923076923076925,0.6530612244897959,0.8163265306122449,0.3047619047619048,0.96875,0.3904761904761905,3,1.019047619047619,11.44578313253012,39.480519480519476,1.1280148423005565,11.032080127739876,1.7894736842105263,24.096385542168676
48,F,164,89,15,94,106,34,32,45,38,25,95,37,22,32,43,37.3,33.09042236763832,2.0135651080718606,38.269999999999996,50.730000000000004,14.228881618084474,18.861540749553843,0.8867924528301887,0.573170731707317,32.47078890302513,117.06532532239248,17.7728,2.764705882352941,0.7111111111111111,0.8444444444444444,0.3404255319148936,0.78125,0.39361702127659576,12,1.0106382978723405,9.146341463414634,41.91011235955056,0.9746537758035014,13.868233194527068,2.1333333333333333,23.170731707317074
22,F,170,55,16,69,93,34,30,52,37,25,70,38,22,29,24,21.0,19.031141868512112,1.611589967151143,13.2,41.8,4.567474048442907,14.463667820069205,0.7419354838709677,0.40588235294117647,23.957496448709094,111.29245144296468,9.9252,2.0294117647058822,0.5769230769230769,0.7115384615384616,0.43478260869565216,0.8333333333333334,0.5507246376811594,24,1.0144927536231885,9.411764705882353,38.18181818181819,1.590909090909091,7.266435986159171,1.8125,21.764705882352942
53,M,184,110,18,101,103,39,31,62,38,30,102,37,24,39,45,38.2,32.49054820415879,2.3711225658371653,49.5,60.5,14.620746691871455,17.869801512287335,0.9805825242718447,0.5489130434782609,23.26772142378914,119.84155753939301,20.404799999999998,2.58974358974359,0.5,0.6129032258064516,0.3069306930693069,0.967741935483871,0.36633663366336633,2,1.00990099009901,9.782608695652174,34.72727272727273,0.7717171717171718,11.283081285444235,2.1666666666666665,20.652173913043477
41,F,159,56,16,84,108,34,30,48,34,22,98,37,24,33,27,22.1,22.151022507021082,1.572683481611393,15.120000000000001,40.879999999999995,5.980776076895692,16.17024643012539,0.7777777777777778,0.5283018867924528,35.867654878968274,129.85459939910587,14.5152,2.4705882352941178,0.625,0.7083333333333334,0.35714285714285715,0.7333333333333333,0.44047619047619047,24,1.1666666666666667,10.062893081761008,39.464285714285715,1.4616402116402116,8.741742810806535,2.0625,21.38364779874214
58,F,158,54,15,65,92,34,28,52,32,24,90,36,20,37,29,21.8,21.63114885435026,1.5394804318340654,15.659999999999998,38.34,6.273033167761575,15.358115686588686,0.7065217391304348,0.41139240506329117,28.323588698839977,102.0043099584243,8.9603,1.911764705882353,0.5384615384615384,0.6153846153846154,0.4307692307692308,0.8571428571428571,0.5538461538461539,27,1.3846153846153846,9.49367088607595,40.370370370370374,1.3920817369093232,8.732574907867328,2.466666666666667,20.253164556962027
41,M,182,59,19,86,90,41,33,46,40,27,94,43,24,34,14,25.9,17.81185847119913,1.7270720244905184,8.260000000000002,50.739999999999995,2.4936601859678786,15.318198285231249,0.9555555555555556,0.4725274725274725,18.655185988735774,138.57396433480136,14.8032,2.097560975609756,0.717391304347826,0.8695652173913043,0.38372093023255816,0.8181818181818182,0.5,4,1.0930232558139534,10.43956043956044,43.89830508474576,3.1355932203389822,7.819103972950126,1.7894736842105263,21.978021978021978
19,M,170,87,18,96,99,37,37,56,38,30,88,41,23,34,32,39.4,30.103806228373706,2.0269023985711137,27.84,59.16,9.633217993079585,20.47058823529412,0.9696969696969697,0.5647058823529412,26.664431703464516,123.114603140036,18.438299999999998,2.5945945945945947,0.6607142857142857,0.6785714285714286,0.3854166666666667,0.8108108108108109,0.4270833333333333,3,0.9166666666666666,10.588235294117647,45.28735632183908,1.4152298850574712,13.633217993079585,1.8888888888888888,22.35294117647059
41,M,191,86,19,108,101,40,29,52,40,27,101,44,21,38,26,34.5,23.573915188728378,2.1360659581992727,22.36,63.64,6.129217949069378,17.444697239659,1.0693069306930694,0.5654450261780105,20.262322059965754,147.66062949788017,23.362299999999998,2.7,0.5576923076923077,0.7692307692307693,0.26851851851851855,0.9310344827586207,0.4074074074074074,-7,0.9351851851851852,9.947643979057592,40.116279069767444,1.542933810375671,9.45697760478057,2.0,20.94240837696335
30,F,165,78,15,97,117,33,27,55,34,26,89,35,21,30,45,31.1,28.650137741046834,1.8907670401189038,35.1,42.9,12.892561983471076,15.75757575757576,0.8290598290598291,0.5878787878787879,37.202652404180725,129.4314769876737,19.098,2.9393939393939394,0.4909090909090909,0.6181818181818182,0.27835051546391754,0.9629629629629629,0.36082474226804123,20,0.9175257731958762,9.090909090909092,39.871794871794876,0.886039886039886,11.42332415059688,2.0,20.606060606060606
41,F,163,65,16,98,110,33,31,52,32,25,78,37,22,32,30,26.5,24.46460160337235,1.715533606652914,19.5,45.5,7.339380481011706,17.125221122360646,0.8909090909090909,0.6012269938650306,34.858067177101425,142.3759718718297,19.308799999999998,2.9696969696969697,0.5961538461538461,0.6153846153846154,0.3163265306122449,0.8064516129032258,0.37755102040816324,12,0.7959183673469388,9.815950920245399,40.76923076923077,1.358974358974359,9.974029884451806,2.0,19.631901840490798
52,M,194,80,18,95,96,38,33,60,40,27,100,38,23,33,20,31.8,21.25624402168137,2.0763215336529917,16.0,64.0,4.251248804336274,17.004995217345098,0.9895833333333334,0.4896907216494845,17.527826405826218,135.72285254383087,18.0507,2.5,0.55,0.6666666666666666,0.3473684210526316,0.8181818181818182,0.4,1,1.0526315789473684,9.278350515463918,39.75,1.9875,8.449356998618345,1.8333333333333333,20.618556701030926
43,M,191,97,18,98,88,35,35,54,44,28,108,39,23,36,20,40.9,26.589183410542475,2.2685653812241977,19.400000000000002,77.6,5.317836682108496,21.27134672843398,1.1136363636363635,0.5130890052356021,15.337468725514718,126.1625313685641,19.278,2.8,0.6481481481481481,0.8148148148148148,0.35714285714285715,0.8,0.3979591836734694,-10,1.1020408163265305,9.424083769633508,42.16494845360825,2.108247422680412,11.21131547929059,2.0,23.036649214659686
55,F,165,66,16,82,104,31,27,44,35,24,76,34,25,32,23,29.2,24.242424242424246,1.7392527130926085,15.180000000000001,50.82,5.575757575757577,18.666666666666668,0.7884615384615384,0.49696969696969695,31.069024359271758,118.94805877697573,13.7868,2.6451612903225805,0.6136363636363636,0.7954545454545454,0.32926829268292684,0.8888888888888888,0.4146341463414634,22,0.926829268292683,9.696969696969697,44.242424242424235,1.9235836627140972,10.725436179981635,2.0,21.21212121212121
41,F,171,63,16,80,115,31,26,52,36,25,83,35,22,34,31,28.9,21.545090797168363,1.7298843892006195,19.53,43.47,6.6789781471221925,14.866112650046169,0.6956521739130435,0.4678362573099415,33.428478353049904,120.91808749327178,13.6575,2.5806451612903225,0.5,0.6923076923076923,0.325,0.9615384615384616,0.4375,35,1.0375,9.35672514619883,45.87301587301587,1.479774705581157,9.883382921240724,2.125,21.052631578947366
41,F,166,53,15,73,112,34,30,51,34,24,76,37,22,27,31,23.6,19.233560749020178,1.5632942425816354,16.43,36.57,5.962403832196255,13.271156916823923,0.6517857142857143,0.4397590361445783,34.366782457294754,118.5256843085955,11.722700000000001,2.1470588235294117,0.5882352941176471,0.6666666666666666,0.410958904109589,0.8,0.5068493150684932,39,1.0410958904109588,9.036144578313253,44.528301886792455,1.4363968350578211,8.564377993903324,1.8,20.481927710843372
20,M,184,69,18,82,105,37,30,54,39,28,102,42,25,31,17,31.0,20.380434782608695,1.8779421361337698,11.73,57.269999999999996,3.464673913043478,16.915760869565215,0.780952380952381,0.44565217391304346,24.069036402891847,122.84902685518081,13.818299999999999,2.2162162162162162,0.5555555555555556,0.7222222222222222,0.36585365853658536,0.9333333333333333,0.5121951219512195,23,1.2439024390243902,9.782608695652174,44.927536231884055,2.6427962489343564,9.156427221172022,1.7222222222222223,21.195652173913043
45,M,173,70,17,95,95,39,35,56,41,30,105,42,19,39,33,31.7,23.38868655818771,1.8340907526316381,23.1,46.9,7.718266564201945,15.670419993985766,1.0,0.5491329479768786,23.749804925215045,137.0159539973832,18.05,2.4358974358974357,0.625,0.7321428571428571,0.3684210526315789,0.8571428571428571,0.4421052631578947,0,1.105263157894737,9.826589595375722,45.285714285714285,1.3722943722943721,10.591733769922149,2.2941176470588234,23.699421965317917
54,M,187,82,19,85,104,38,35,53,40,30,102,46,23,33,19,32.4,23.449340844748203,2.0638421558938185,15.58,66.42,4.455374760502158,18.993966084246043,0.8173076923076923,0.45454545454545453,22.669696315091755,117.76230694851728,14.7027,2.236842105263158,0.660377358490566,0.7547169811320755,0.4117647058823529,0.8571428571428571,0.5411764705882353,19,1.2,10.16042780748663,39.512195121951216,2.079589216944801,9.265349309388313,1.736842105263158,21.390374331550802
43,M,172,66,19,78,101,41,34,61,43,27,111,37,25,35,13,26.3,22.30935640886966,1.775762746915627,8.58,57.42,2.900216333153056,19.409140075716607,0.7722772277227723,0.45348837209302323,26.7742895453287,115.52084592111669,12.5383,1.9024390243902438,0.5573770491803278,0.7049180327868853,0.4358974358974359,0.7941176470588235,0.47435897435897434,23,1.4230769230769231,11.046511627906977,39.84848484848485,3.0652680652680653,8.88994050838291,1.8421052631578947,25.0
30,M,178,74,18,87,90,40,31,59,40,27,110,41,23,35,15,32.7,23.355636914530994,1.912822231387143,11.1,62.9,3.5033455371796487,19.852291377351342,0.9666666666666667,0.4887640449438202,19.897669668330074,123.79037996331374,15.1443,2.175,0.5254237288135594,0.6779661016949152,0.3563218390804598,0.8709677419354839,0.47126436781609193,3,1.264367816091954,10.112359550561797,44.18918918918919,2.9459459459459465,10.32066658250221,1.9444444444444444,22.47191011235955
23,F,158,51,17,60,100,34,26,50,38,23,87,36,23,27,25,22.3,20.429418362441915,1.496106056846684,12.75,38.25,5.107354590610479,15.322063771831434,0.6,0.379746835443038,32.35172684656519,96.88760217031954,8.32,1.7647058823529411,0.52,0.76,0.43333333333333335,0.8846153846153846,0.6,40,1.45,10.759493670886076,43.72549019607843,1.7490196078431373,8.932863323185385,1.588235294117647,24.050632911392405
51,F,170,65,15,87,104,33,27,48,37,23,93,36,23,29,27,27.2,22.49134948096886,1.7519830034690533,17.55,47.45,6.072664359861593,16.41868512110727,0.8365384615384616,0.5117647058823529,28.92021108242737,129.0804696980728,15.3403,2.6363636363636362,0.5625,0.7708333333333334,0.3103448275862069,0.8518518518518519,0.41379310344827586,17,1.0689655172413792,8.823529411764707,41.84615384615385,1.5498575498575498,9.411764705882353,1.9333333333333333,21.764705882352942
19,M,176,81,19,87,96,37,34,59,40,32,112,43,26,35,22,40.3,26.149276859504134,1.98997487421324,17.82,63.18,5.752840909090909,20.396435950413224,0.90625,0.4943181818181818,23.115183351513217,117.65396809823437,15.194700000000001,2.3513513513513513,0.576271186440678,0.6779661016949152,0.39080459770114945,0.9411764705882353,0.4942528735632184,9,1.2873563218390804,10.795454545454545,49.75308641975308,2.2615039281705944,13.010072314049586,1.8421052631578947,22.727272727272727
63,F,176,76,15,93,101,32,25,53,34,25,91,37,21,30,29,33.4,24.535123966942148,1.9275776393067947,22.04,53.96,7.115185950413223,17.419938016528928,0.9207920792079208,0.5284090909090909,25.2565991510712,129.83924707064116,17.3428,2.90625,0.4716981132075472,0.6415094339622641,0.26881720430107525,1.0,0.3978494623655914,8,0.978494623655914,8.522727272727272,43.94736842105263,1.515426497277677,10.78254132231405,2.0,19.318181818181817
19,M,171,76,19,83,97,35,31,54,38,31,85,38,27,33,23,34.1,25.990903183885642,1.9,17.48,58.519999999999996,5.977907732293698,20.012995451591944,0.8556701030927835,0.4853801169590643,25.378803480398616,114.22018348623853,13.9152,2.3714285714285714,0.5740740740740741,0.7037037037037037,0.37349397590361444,1.0,0.4578313253012048,14,1.0240963855421688,11.11111111111111,44.86842105263158,1.9508009153318078,11.661707875927638,1.736842105263158,22.22222222222222
56,M,186,75,18,102,97,42,31,58,36,27,101,41,23,39,23,32.2,21.678806798473808,1.9685019685029528,17.25,57.75,4.986125563648976,16.692681234824832,1.0515463917525774,0.5483870967741935,20.238629454492653,147.36675287141372,20.8255,2.4285714285714284,0.5344827586206896,0.6206896551724138,0.30392156862745096,0.8709677419354839,0.4019607843137255,-5,0.9901960784313726,9.67741935483871,42.93333333333334,1.866666666666667,9.30743438547809,2.1666666666666665,19.35483870967742
60,F,170,58,16,67,106,35,28,50,37,24,82,33,20,28,30,24.6,20.06920415224914,1.6549588783075213,17.4,40.6,6.02076124567474,14.048442906574396,0.6320754716981132,0.3941176470588235,29.82252283401251,105.23465186327483,10.0427,1.9142857142857144,0.56,0.74,0.417910447761194,0.8571428571428571,0.4925373134328358,39,1.2238805970149254,9.411764705882353,42.41379310344828,1.413793103448276,8.5121107266436,1.75,21.764705882352942
50,F,156,71,16,88,118,32,31,55,34,27,88,37,23,29,41,32.7,29.17488494411571,1.7540429489230491,29.11,41.89,11.961702827087441,17.21318211702827,0.7457627118644068,0.5641025641025641,42.56128893910346,119.67110441030755,16.118,2.75,0.5636363636363636,0.6181818181818182,0.3522727272727273,0.8709677419354839,0.42045454545454547,30,1.0,10.256410256410255,46.05633802816902,1.12332531776022,13.436883629191321,1.8125,21.794871794871796
46,F,166,79,15,81,107,35,30,55,35,26,89,36,21,28,39,34.4,28.668892437218755,1.9086062395836858,30.810000000000002,48.19,11.180868050515317,17.48802438670344,0.7570093457943925,0.4879518072289157,32.02897966902267,107.72066338841844,13.5952,2.3142857142857145,0.5454545454545454,0.6363636363636364,0.37037037037037035,0.8666666666666667,0.4444444444444444,26,1.0987654320987654,9.036144578313253,43.54430379746835,1.1165206101914962,12.483669618231964,1.8666666666666667,21.084337349397593
60,M,179,90,18,69,106,38,33,58,40,30,93,44,23,36,28,39.9,28.089010954714272,2.115419580130618,25.200000000000003,64.8,7.864923067319998,20.224087887394276,0.6509433962264151,0.3854748603351955,26.26151945905319,89.27458778532883,10.4803,1.8157894736842106,0.5689655172413793,0.6896551724137931,0.4782608695652174,0.9090909090909091,0.6376811594202898,37,1.3478260869565217,10.05586592178771,44.33333333333333,1.583333333333333,12.452794856589994,2.0,22.3463687150838
46,F,175,60,15,66,89,35,25,46,38,25,80,38,21,29,26,26.5,19.591836734693878,1.707825127659933,15.600000000000001,44.4,5.093877551020409,14.49795918367347,0.7415730337078652,0.37714285714285717,20.444386397509966,103.40959488583081,9.0823,1.8857142857142857,0.5434782608695652,0.8260869565217391,0.3787878787878788,1.0,0.5757575757575758,23,1.2121212121212122,8.571428571428571,44.166666666666664,1.6987179487179485,8.653061224489797,1.9333333333333333,21.714285714285715
62,F,169,70,16,78,103,32,27,52,35,25,98,35,23,31,39,28.5,24.508945765204302,1.8127633908238303,27.3,42.7,9.558488848429679,14.950456916774625,0.7572815533980582,0.46153846153846156,28.882111970869367,111.18915686835551,12.6055,2.4375,0.5192307692307693,0.6730769230769231,0.34615384615384615,0.9259259259259259,0.44871794871794873,25,1.2564102564102564,9.467455621301776,40.714285714285715,1.043956043956044,9.97864220440461,1.9375,20.710059171597635
57,F,155,74,17,80,105,35,28,49,36,28,84,37,22,33,45,32.5,30.80124869927159,1.784968098065372,33.300000000000004,40.699999999999996,13.860561914672216,16.94068678459937,0.7619047619047619,0.5161290322580645,36.41163195791121,106.22175639367448,13.2375,2.2857142857142856,0.5714285714285714,0.7346938775510204,0.35,1.0,0.4625,25,1.05,10.967741935483872,43.91891891891892,0.9759759759759759,13.527575442247658,1.9411764705882353,23.225806451612904
58,M,184,65,18,87,95,41,31,55,39,30,104,44,23,36,15,26.9,19.198960302457465,1.8226964152656422,9.75,55.25,2.87984404536862,16.319116257088847,0.9157894736842105,0.47282608695652173,20.062461507378337,134.29040631879536,15.182799999999999,2.1219512195121952,0.5636363636363636,0.7090909090909091,0.3563218390804598,0.967741935483871,0.5057471264367817,8,1.1954022988505748,9.782608695652174,41.38461538461538,2.758974358974359,7.945415879017013,2.0,21.195652173913043
43,F,163,52,15,71,107,33,28,54,38,24,88,39,22,30,28,23.9,19.57168128269788,1.5344199048645206,14.560000000000002,37.44,5.480070759155408,14.091610523542474,0.6635514018691588,0.43558282208588955,33.41648352681684,115.32513752157476,10.9892,2.1515151515151514,0.5185185185185185,0.7037037037037037,0.39436619718309857,0.8571428571428571,0.5492957746478874,36,1.2394366197183098,9.202453987730062,45.96153846153846,1.6414835164835162,8.995445820316911,2.0,23.31288343558282
45,F,160,74,16,64,105,37,28,44,36,26,97,32,22,31,35,33.0,28.906249999999993,1.8135294011647258,25.9,48.1,10.117187499999998,18.789062499999996,0.6095238095238096,0.4,33.881117862137465,86.33712993395173,9.3687,1.7297297297297298,0.6363636363636364,0.8181818181818182,0.4375,0.9285714285714286,0.5,41,1.515625,10.0,44.5945945945946,1.2741312741312742,12.890624999999998,1.9375,22.5
55,M,170,94,18,100,97,38,31,55,39,25,100,36,21,34,27,36.2,32.52595155709343,2.106867079074731,25.380000000000003,68.62,8.782006920415228,23.743944636678204,1.0309278350515463,0.5882352941176471,25.762119951879377,123.37695173187961,20.0063,2.6315789473684212,0.5636363636363636,0.7090909090909091,0.31,0.8064516129032258,0.36,-3,1.0,10.588235294117647,38.51063829787235,1.426319936958235,12.525951557093428,1.8888888888888888,22.941176470588236
46,F,161,78,16,81,92,36,23,55,36,26,91,33,21,28,34,33.3,30.091431657729252,1.8677080428518087,26.520000000000003,51.48,10.231086763627946,19.860344894101303,0.8804347826086957,0.5031055900621118,27.034880356520034,106.76383307762632,13.206700000000001,2.25,0.41818181818181815,0.6545454545454545,0.2839506172839506,1.1304347826086956,0.4074074074074074,11,1.123456790123457,9.937888198757763,42.69230769230769,1.2556561085972848,12.846726592338255,1.75,22.36024844720497
34,M,166,61,19,86,94,35,36,56,41,27,79,42,28,33,16,27.0,22.136739730004358,1.677133798412571,9.76,51.24,3.541878356800697,18.59486137320366,0.9148936170212766,0.5180722891566265,25.950692419515235,130.15506692448287,14.836799999999998,2.4571428571428573,0.6428571428571429,0.7321428571428571,0.4186046511627907,0.75,0.4883720930232558,8,0.9186046511627907,11.44578313253012,44.26229508196721,2.766393442622951,9.7982290608216,1.736842105263158,24.69879518072289
40,M,187,89,19,100,104,37,35,57,38,27,96,46,22,35,26,35.9,25.45111384369012,2.1501291950846944,23.14,65.86,6.617289599359432,18.83382424433069,0.9615384615384616,0.5347593582887701,22.669696315091755,132.9839724823025,20.011200000000002,2.7027027027027026,0.6140350877192983,0.6666666666666666,0.35,0.7714285714285715,0.46,4,0.96,10.16042780748663,40.337078651685395,1.5514261019878997,10.266235808859273,1.8421052631578947,20.32085561497326
41,F,153,65,16,71,101,33,29,51,38,26,92,32,19,30,32,24.7,27.76709812465291,1.6620770138594663,20.8,44.2,8.885471399888932,18.88162672476398,0.7029702970297029,0.46405228758169936,35.368405509084155,99.93575270347672,10.712,2.1515151515151514,0.5686274509803921,0.7450980392156863,0.4084507042253521,0.896551724137931,0.4507042253521127,30,1.295774647887324,10.457516339869281,38.0,1.1875,10.551497287368106,1.875,24.836601307189543
22,M,181,56,20,85,98,40,33,59,43,29,110,44,24,34,11,24.8,17.09349531455084,1.6779617264870959,6.16,49.84,1.8802844846005922,15.213210829950247,0.8673469387755102,0.4696132596685083,22.244655432167015,140.19667111867938,14.568299999999999,2.125,0.559322033898305,0.7288135593220338,0.38823529411764707,0.8787878787878788,0.5176470588235295,13,1.2941176470588236,11.049723756906078,44.28571428571429,4.025974025974026,7.569976496443942,1.7,23.756906077348066
53,F,169,40,16,82,90,35,24,47,35,22,75,36,23,32,18,18.5,14.00511186583103,1.3703203194062976,7.199999999999999,32.8,2.520920135849585,11.484191729981443,0.9111111111111111,0.48520710059171596,22.964952207555754,154.63247641006845,13.492799999999999,2.342857142857143,0.5106382978723404,0.7446808510638298,0.2926829268292683,0.9166666666666666,0.43902439024390244,8,0.9146341463414634,9.467455621301776,46.25,2.5694444444444446,6.477364237946851,2.0,20.710059171597635
30,M,178,92,19,91,103,39,31,51,40,25,109,40,24,36,27,36.1,29.036737785633125,2.1328124364061853,24.840000000000003,67.16,7.839919202120945,21.19681858351218,0.883495145631068,0.5112359550561798,25.37177750931108,116.12640509351587,16.6628,2.3333333333333335,0.6078431372549019,0.7843137254901961,0.34065934065934067,0.8064516129032258,0.43956043956043955,12,1.1978021978021978,10.674157303370785,39.23913043478261,1.4533011272141705,11.39376341371039,1.894736842105263,22.47191011235955
60,M,173,75,17,94,103,38,31,57,42,25,106,43,24,33,26,30.9,25.05930702662969,1.8984642916490861,19.5,55.5,6.515419826923719,18.54388719970597,0.912621359223301,0.5433526011560693,27.265577971548943,130.97661902019385,17.7287,2.473684210526316,0.543859649122807,0.7368421052631579,0.32978723404255317,0.8064516129032258,0.4574468085106383,9,1.127659574468085,9.826589595375722,41.199999999999996,1.5846153846153845,10.324434494971431,1.9411764705882353,24.277456647398843
24,F,165,67,16,67,86,32,27,50,33,27,77,34,21,30,33,25.9,24.609733700642796,1.7523793348853818,22.11,44.89,8.121212121212121,16.48852157943067,0.7790697674418605,0.40606060606060607,22.57630860478241,96.46124779185588,9.2307,2.09375,0.54,0.66,0.40298507462686567,1.0,0.5074626865671642,19,1.1492537313432836,9.696969696969697,38.656716417910445,1.1714156490275893,9.513314967860422,1.875,20.0
20,F,168,56,16,98,96,36,27,52,38,24,83,36,21,32,24,22.8,19.841269841269845,1.6165807537309522,13.44,42.56,4.761904761904763,15.079365079365083,1.0208333333333333,0.5833333333333334,26.086671417740547,155.72566893738528,19.2108,2.7222222222222223,0.5192307692307693,0.7307692307692307,0.2755102040816326,0.8888888888888888,0.3673469387755102,-2,0.8469387755102041,9.523809523809524,40.714285714285715,1.6964285714285716,8.078231292517009,2.0,22.61904761904762
24,F,174,70,15,66,88,31,26,49,36,26,83,34,22,33,35,30.3,23.120623596247853,1.8393839548428526,24.5,45.5,8.09221825868675,15.028405337561104,0.75,0.3793103448275862,20.340590709737647,95.46475047415068,9.050799999999999,2.129032258064516,0.5306122448979592,0.7346938775510204,0.3939393939393939,1.0,0.5151515151515151,22,1.2575757575757576,8.620689655172415,43.28571428571429,1.236734693877551,10.007927070947286,2.2,20.689655172413794
22,F,171,70,16,63,104,37,25,51,39,27,100,37,23,32,23,27.3,23.938989774631512,1.823458252881047,16.1,53.9,5.505967648165249,18.433022126466266,0.6057692307692307,0.3684210526315789,28.509232597540787,90.33646390419865,9.114700000000001,1.7027027027027026,0.49019607843137253,0.7647058823529411,0.3968253968253968,1.08,0.5873015873015873,41,1.5873015873015872,9.35672514619883,39.0,1.6956521739130435,9.33620601210629,2.0,22.807017543859647
21,F,164,40,18,80,106,35,27,52,37,23,81,35,23,32,17,18.0,14.872099940511603,1.3498971154211057,6.800000000000001,33.2,2.5282569898869727,12.343842950624632,0.7547169811320755,0.4878048780487805,32.47078890302513,148.6125264683786,13.273200000000001,2.2857142857142856,0.5192307692307693,0.7115384615384616,0.3375,0.8518518518518519,0.4375,26,1.0125,10.975609756097562,45.0,2.6470588235294117,6.692444973230221,1.7777777777777777,22.5609756097561
37,M,165,54,17,91,88,39,35,59,38,26,97,42,25,38,16,20.4,19.834710743801654,1.5732132722552274,8.64,45.36,3.173553719008265,16.66115702479339,1.0340909090909092,0.5515151515151515,23.51994368861456,145.93517612153482,16.5683,2.3333333333333335,0.5932203389830508,0.6440677966101694,0.38461538461538464,0.7428571428571429,0.46153846153846156,-3,1.065934065934066,10.303030303030303,37.77777777777778,2.3611111111111107,7.493112947658402,2.235294117647059,23.03030303030303
61,M,183,99,19,89,107,38,33,52,35,30,88,42,23,36,26,41.8,29.56194571351787,2.2433234274174554,25.740000000000002,73.25999999999999,7.686105885514646,21.87583982800322,0.8317757009345794,0.48633879781420764,25.2222273181089,111.0123909036161,16.0688,2.3421052631578947,0.6346153846153846,0.6730769230769231,0.3707865168539326,0.9090909090909091,0.47191011235955055,18,0.9887640449438202,10.382513661202186,42.22222222222222,1.6239316239316237,12.481710412374209,1.894736842105263,19.12568306010929
59,F,167,57,14,66,99,33,28,48,32,26,96,38,21,26,29,25.1,20.43816558499767,1.626089378437319,16.529999999999998,40.47,5.927068019649323,14.511097565348345,0.6666666666666666,0.39520958083832336,27.8733533059159,103.64258713361957,9.4743,2.0,0.5833333333333334,0.6666666666666666,0.42424242424242425,0.9285714285714286,0.5757575757575758,33,1.4545454545454546,8.383233532934131,44.03508771929825,1.518451300665457,8.99996414356915,1.8571428571428572,19.16167664670659
55,M,177,58,17,65,104,41,36,59,40,26,94,39,25,40,16,21.9,18.513198633853616,1.6886878535320453,9.28,48.72,2.9621117814165783,15.551086852437038,0.625,0.3672316384180791,26.164512379827237,104.17403715240394,9.514700000000001,1.5853658536585367,0.6101694915254238,0.6779661016949152,0.5538461538461539,0.7222222222222222,0.6,39,1.4461538461538461,9.6045197740113,37.75862068965517,2.3599137931034484,6.99032844967921,2.3529411764705883,22.598870056497177
43,F,166,85,15,92,93,34,32,41,35,22,90,35,21,32,38,36.2,30.84627667295689,1.9797586833865495,32.3,52.7,11.721585135723616,19.12469153723327,0.989247311827957,0.5542168674698795,25.48313186186082,117.9521633275095,16.9287,2.7058823529411766,0.7804878048780488,0.8536585365853658,0.34782608695652173,0.6875,0.3804347826086957,1,0.9782608695652174,9.036144578313253,42.58823529411765,1.1207430340557278,13.136884888953405,2.1333333333333333,21.084337349397593
54,F,184,83,16,63,96,34,28,55,31,24,90,37,21,30,30,34.4,24.515595463137995,2.0596655607700542,24.9,58.1,7.354678638941398,17.160916824196597,0.65625,0.3423913043478261,20.463118996929687,86.05654713950265,8.700299999999999,1.8529411764705883,0.509090909090909,0.5636363636363636,0.4444444444444444,0.8571428571428571,0.5873015873015873,33,1.4285714285714286,8.695652173913043,41.44578313253012,1.3815261044176708,10.160680529300565,1.875,16.847826086956523
37,F,159,51,15,69,87,33,28,54,32,24,94,35,22,29,26,21.6,20.17325264032277,1.5008331019803633,13.26,37.74,5.2450456864839206,14.92820695383885,0.7931034482758621,0.4339622641509434,25.393388652502217,111.77278363372379,9.7488,2.090909090909091,0.5185185185185185,0.5925925925925926,0.4057971014492754,0.8571428571428571,0.5072463768115942,18,1.3623188405797102,9.433962264150944,42.352941176470594,1.6289592760180998,8.543965824136704,1.9333333333333333,20.125786163522015
26,F,158,59,17,67,107,35,30,52,34,25,100,39,22,32,33,23.6,23.634033007530842,1.6091750819735076,19.470000000000002,39.53,7.799230892485179,15.834802115045663,0.6261682242990654,0.4240506329113924,35.87634772582475,100.58908147307572,10.098,1.9142857142857144,0.5769230769230769,0.6538461538461539,0.44776119402985076,0.8333333333333334,0.582089552238806,40,1.492537313432836,10.759493670886076,40.0,1.212121212121212,9.453613203012337,1.8823529411764706,21.518987341772153
52,F,179,66,15,60,103,33,30,50,38,25,97,38,19,29,23,32.6,20.598608033457133,1.8115371005493281,15.180000000000001,50.82,4.737679847695141,15.860928185761992,0.5825242718446602,0.33519553072625696,25.008834946061114,90.65239869304395,8.494299999999999,1.8181818181818181,0.6,0.76,0.5,0.8333333333333334,0.6333333333333333,43,1.6166666666666667,8.379888268156424,49.3939393939394,2.147562582345191,10.174463968040948,1.9333333333333333,21.22905027932961
34,F,159,92,16,78,90,33,28,44,36,24,98,37,22,28,45,36.8,36.39096554724892,2.015771151032114,41.4,50.6,16.375934496262012,20.015031050986906,0.8666666666666667,0.49056603773584906,26.889712399140222,94.07468076216885,12.268799999999999,2.3636363636363638,0.6363636363636364,0.8181818181818182,0.358974358974359,0.8571428571428571,0.47435897435897434,12,1.2564102564102564,10.062893081761008,40.0,0.8888888888888888,14.556386218899567,1.75,22.641509433962266
23,M,178,109,17,107,100,42,33,61,38,27,121,45,24,39,34,46.8,34.40222194167403,2.3215177028066023,37.06,71.94,11.696755460169172,22.70546648150486,1.07,0.601123595505618,24.108521853700076,125.4451952867468,22.932299999999998,2.5476190476190474,0.5409836065573771,0.6229508196721312,0.308411214953271,0.8181818181818182,0.4205607476635514,-7,1.1308411214953271,9.550561797752808,42.93577981651376,1.2628170534268752,14.770862264865546,2.2941176470588234,21.34831460674157
45,M,170,93,18,87,93,37,27,57,38,29,106,42,26,37,39,39.3,32.17993079584775,2.0956303745333207,36.27,56.73,12.550173010380625,19.629757785467127,0.9354838709677419,0.5117647058823529,23.957496448709094,107.91349072767026,15.163200000000002,2.3513513513513513,0.47368421052631576,0.6666666666666666,0.3103448275862069,1.0740740740740742,0.4827586206896552,6,1.2183908045977012,10.588235294117647,42.25806451612903,1.08354011579818,13.598615916955017,2.0555555555555554,22.35294117647059
59,M,167,91,17,94,102,39,32,62,36,26,100,44,23,34,39,36.5,32.62935207429452,2.0546018808734914,35.49,55.51,12.725447308974866,19.90390476531966,0.9215686274509803,0.562874251497006,29.263454921246684,116.82583534758032,17.7168,2.41025641025641,0.5161290322580645,0.5806451612903226,0.3404255319148936,0.8125,0.46808510638297873,8,1.0638297872340425,10.179640718562874,40.10989010989011,1.028458720766413,13.087597260568684,2.0,21.55688622754491
58,F,165,72,15,61,90,31,29,60,36,25,72,38,21,27,22,32.9,26.44628099173554,1.816590212458495,15.84,56.16,5.818181818181818,20.62809917355372,0.6777777777777778,0.3696969696969697,24.46357877244671,84.71865669722338,8.0307,1.967741935483871,0.48333333333333334,0.6,0.47540983606557374,0.8620689655172413,0.6229508196721312,29,1.180327868852459,9.090909090909092,45.69444444444444,2.077020202020202,12.084481175390268,1.8,21.818181818181817
27,F,160,65,15,105,98,32,24,51,34,25,77,36,22,29,39,29.0,25.390624999999996,1.699673171197595,25.35,39.65,9.902343749999998,15.488281249999996,1.0714285714285714,0.65625,30.4223766713283,151.13537019823357,22.0843,3.28125,0.47058823529411764,0.6666666666666666,0.22857142857142856,1.0416666666666667,0.34285714285714286,-7,0.7333333333333333,9.375,44.61538461538462,1.1439842209072977,11.328124999999998,1.9333333333333333,21.25
42,M,178,74,17,96,93,39,29,51,37,27,102,44,23,33,27,29.7,23.355636914530994,1.912822231387143,19.98,54.019999999999996,6.306021966923368,17.049614947607623,1.032258064516129,0.5393258426966292,21.160925323941072,136.59628133882896,18.438299999999998,2.4615384615384617,0.5686274509803921,0.7254901960784313,0.3020833333333333,0.9310344827586207,0.4583333333333333,-3,1.0625,9.550561797752808,40.13513513513514,1.4864864864864864,9.37381643731852,1.9411764705882353,20.786516853932586
58,F,173,66,16,74,87,32,31,54,36,27,95,37,22,32,26,28.5,22.052190183434128,1.7809173666025795,17.16,48.84,5.733569447692873,16.318620735741256,0.8505747126436781,0.4277456647398844,20.234031878881147,109.91483330157706,11.0703,2.3125,0.5740740740740741,0.6666666666666666,0.4189189189189189,0.8709677419354839,0.5,13,1.2837837837837838,9.248554913294797,43.18181818181818,1.6608391608391608,9.522536670119282,2.0,20.809248554913296
19,M,176,73,17,99,97,36,31,57,37,30,95,38,24,34,27,30.4,23.56663223140496,1.8891503087073005,19.71,53.29,6.3629907024793395,17.20364152892562,1.0206185567010309,0.5625,23.54346651142481,141.02743287321059,19.6048,2.75,0.543859649122807,0.6491228070175439,0.31313131313131315,0.967741935483871,0.3838383838383838,-2,0.9595959595959596,9.659090909090908,41.64383561643835,1.5423642820903094,9.814049586776859,2.0,21.022727272727273
22,M,177,105,18,98,93,37,30,52,39,27,105,39,24,31,31,41.5,33.51527338887293,2.2721135535003527,32.55,72.45,10.389734750550607,23.125538638322322,1.053763440860215,0.5536723163841808,21.49326587811474,116.73243944588968,19.2255,2.6486486486486487,0.5769230769230769,0.75,0.30612244897959184,0.9,0.3979591836734694,-5,1.0714285714285714,10.16949152542373,39.523809523809526,1.2749615975422428,13.246512815602157,1.7222222222222223,22.033898305084744
19,F,161,40,16,83,98,32,28,50,35,24,93,37,20,29,18,15.9,15.43150341422013,1.3374935098492586,7.199999999999999,32.8,2.777670614559623,12.653832799660504,0.8469387755102041,0.515527950310559,29.971937771075687,152.76875410663553,13.9355,2.59375,0.56,0.7,0.3373493975903614,0.8571428571428571,0.4457831325301205,15,1.1204819277108433,9.937888198757763,39.75,2.2083333333333335,6.1340226071525015,1.8125,21.73913043478261
37,F,154,53,16,78,116,34,27,56,39,25,90,35,23,28,35,22.6,22.34778208804183,1.5057297972153643,18.549999999999997,34.45,7.821723730814639,14.52605835722719,0.6724137931034483,0.5064935064935064,42.69835313437929,121.9805340309487,13.178799999999999,2.2941176470588234,0.48214285714285715,0.6964285714285714,0.34615384615384615,0.9259259259259259,0.44871794871794873,38,1.1538461538461537,10.38961038961039,42.64150943396226,1.2183288409703508,9.529431607353686,1.75,25.324675324675322
58,F,160,68,15,86,94,29,28,61,35,22,90,37,21,30,34,29.9,26.562499999999996,1.7384539747207064,23.12,44.879999999999995,9.031249999999998,17.531249999999996,0.9148936170212766,0.5375,28.445953133723066,121.02566796490616,14.836799999999998,2.9655172413793105,0.45901639344262296,0.5737704918032787,0.32558139534883723,0.7857142857142857,0.43023255813953487,8,1.0465116279069768,9.375,43.970588235294116,1.2932525951557092,11.679687499999996,2.0,21.875
30,F,166,58,16,73,91,34,28,52,36,26,89,35,22,29,25,26.0,21.04804761213529,1.6353728762714772,14.5,43.5,5.262011903033822,15.786035709101467,0.8021978021978022,0.4397590361445783,24.548010746551988,113.3016956353855,10.884799999999998,2.1470588235294117,0.5384615384615384,0.6923076923076923,0.3835616438356164,0.9285714285714286,0.4794520547945205,18,1.2191780821917808,9.63855421686747,44.827586206896555,1.793103448275862,9.435331688198579,1.8125,21.686746987951807
46,F,152,47,15,67,95,33,28,51,36,24,94,38,21,26,19,18.6,20.342797783933516,1.4087031072743625,8.93,38.07,3.865131578947368,16.47766620498615,0.7052631578947368,0.4407894736842105,32.694194103363294,110.540435120885,9.5268,2.0303030303030303,0.5490196078431373,0.7058823529411765,0.417910447761194,0.8571428571428571,0.5671641791044776,28,1.4029850746268657,9.868421052631579,39.57446808510638,2.082866741321389,8.050554016620499,1.7333333333333334,23.684210526315788
62,M,175,97,19,101,91,38,32,58,41,25,107,43,22,35,37,39.2,31.6734693877551,2.1714690367992304,35.89,61.11,11.719183673469388,19.954285714285714,1.10989010989011,0.5771428571428572,21.30830519295963,124.45949459002493,20.472,2.6578947368421053,0.5517241379310345,0.7068965517241379,0.31683168316831684,0.78125,0.42574257425742573,-10,1.0594059405940595,10.857142857142858,40.41237113402062,1.0922262468654222,12.8,1.8421052631578947,23.42857142857143
53,M,168,66,18,82,90,38,30,51,41,26,104,43,22,36,26,28.4,23.384353741496604,1.7549928774784245,17.16,48.84,6.079931972789117,17.30442176870749,0.9111111111111111,0.4880952380952381,23.331254454131766,120.02453373914162,13.492799999999999,2.1578947368421053,0.5882352941176471,0.803921568627451,0.36585365853658536,0.8666666666666667,0.524390243902439,8,1.2682926829268293,10.714285714285714,43.03030303030303,1.655011655011655,10.062358276643993,2.0,24.404761904761905
64,M,176,92,16,116,106,40,30,50,35,26,99,37,25,31,40,43.8,29.700413223140497,2.1207964960782486,36.800000000000004,55.199999999999996,11.8801652892562,17.820247933884296,1.0943396226415094,0.6590909090909091,27.398014950629175,147.19528931695862,26.982,2.9,0.6,0.7,0.25862068965517243,0.8666666666666667,0.31896551724137934,-10,0.853448275862069,9.090909090909092,47.60869565217391,1.1902173913043477,14.139979338842975,1.9375,19.886363636363637
18,M,162,86,18,108,96,39,33,49,37,27,103,44,20,39,34,35.3,32.769394909312595,1.9672315572906003,29.240000000000002,56.76,11.141594269166283,21.627800640146315,1.125,0.6666666666666666,28.558471189237686,135.98955079201076,23.4288,2.769230769230769,0.673469387755102,0.7551020408163265,0.3055555555555556,0.8181818181818182,0.4074074074074074,-12,0.9537037037037037,11.11111111111111,41.04651162790697,1.2072503419972638,13.450693491845751,2.1666666666666665,22.839506172839506
22,F,154,49,15,69,109,36,28,43,34,23,87,35,20,34,15,18.8,20.66115702479339,1.4477952586989333,7.35,41.65,3.0991735537190084,17.56198347107438,0.6330275229357798,0.44805194805194803,39.035521479718476,112.22378526518598,10.642,1.9166666666666667,0.6511627906976745,0.7906976744186046,0.4057971014492754,0.8214285714285714,0.5072463768115942,40,1.2608695652173914,9.740259740259742,38.36734693877551,2.557823129251701,7.927137797267668,2.2666666666666666,22.07792207792208
43,M,177,94,18,86,83,35,31,54,37,31,106,43,22,33,23,41.4,30.00414951003862,2.1498061928152192,21.62,72.38,6.900954387308883,23.103195122729737,1.036144578313253,0.4858757062146893,17.246678149285195,108.26664020033702,14.7983,2.4571428571428573,0.5740740740740741,0.6851851851851852,0.36046511627906974,1.0,0.5,-3,1.2325581395348837,10.16949152542373,44.04255319148936,1.9148936170212765,13.214593507612754,1.8333333333333333,20.903954802259886
47,F,157,56,15,66,97,32,30,50,41,25,90,36,20,29,36,24.8,22.7189744005842,1.5627610892974724,20.16,35.84,8.178830784210312,14.540143616373891,0.6804123711340206,0.42038216560509556,31.30855273462378,101.38489373555029,9.3847,2.0625,0.6,0.82,0.45454545454545453,0.8333333333333334,0.5454545454545454,31,1.3636363636363635,9.554140127388536,44.28571428571429,1.2301587301587302,10.06126009168729,1.9333333333333333,26.11464968152866
65,M,184,123,18,95,85,40,31,58,38,27,114,39,24,37,43,46.6,36.33034026465028,2.5073226092121983,52.89,70.11,15.622046313799622,20.70829395085066,1.1176470588235294,0.5163043478260869,16.05588661186483,106.59908161788269,18.12,2.375,0.5344827586206896,0.6551724137931034,0.3263157894736842,0.8709677419354839,0.4105263157894737,-10,1.2,9.782608695652174,37.886178861788615,0.88107392701834,13.764177693761814,2.0555555555555554,20.652173913043477
44,F,160,66,16,76,96,34,26,45,37,24,95,35,22,34,29,29.4,25.781249999999996,1.7126976771553504,19.139999999999997,46.86,7.476562499999997,18.304687499999996,0.7916666666666666,0.475,29.43416490252568,108.56132065371696,11.832,2.235294117647059,0.5777777777777777,0.8222222222222222,0.34210526315789475,0.9230769230769231,0.4605263157894737,20,1.25,10.0,44.54545454545455,1.5360501567398122,11.484374999999996,2.125,23.125
43,M,175,79,19,84,95,34,34,59,40,30,89,43,24,34,21,34.5,25.79591836734694,1.9596626693841412,16.59,62.41,5.417142857142857,20.37877551020408,0.8842105263157894,0.48,23.03614278385895,114.69863957375533,14.1967,2.4705882352941178,0.576271186440678,0.6779661016949152,0.40476190476190477,0.8823529411764706,0.5119047619047619,11,1.0595238095238095,10.857142857142858,43.67088607594937,2.0795660036166366,11.26530612244898,1.7894736842105263,22.857142857142858
24,F,171,61,15,84,101,34,27,53,36,24,87,37,23,29,28,27.0,20.86111966075032,1.70220445305492,17.080000000000002,43.92,5.84111350501009,15.02000615574023,0.8316831683168316,0.49122807017543857,27.16762011876557,129.02858239429685,14.3143,2.4705882352941178,0.5094339622641509,0.6792452830188679,0.32142857142857145,0.8888888888888888,0.44047619047619047,17,1.0357142857142858,8.771929824561402,44.26229508196721,1.5807962529274002,9.233610341643583,1.9333333333333333,21.052631578947366
30,M,183,68,17,95,86,36,25,59,39,29,95,40,23,38,22,32.8,20.305174833527424,1.859211302317912,14.96,53.04,4.467138463376034,15.838036370151391,1.1046511627906976,0.5191256830601093,16.739360274367897,142.97766356195493,18.1067,2.638888888888889,0.423728813559322,0.6610169491525424,0.2631578947368421,1.16,0.42105263157894735,-9,1.0,9.289617486338798,48.23529411764705,2.192513368983957,9.794260802054405,2.235294117647059,21.311475409836063
20,M,167,85,18,91,104,37,33,56,37,27,93,38,24,34,28,34.3,30.477966223242138,1.9857128582842876,23.8,61.2,8.533830542507799,21.94413568073434,0.875,0.5449101796407185,30.190189331467202,117.02096283035306,16.6803,2.4594594594594597,0.5892857142857143,0.6607142857142857,0.3626373626373626,0.8181818181818182,0.4175824175824176,13,1.021978021978022,10.778443113772456,40.35294117647059,1.441176470588235,12.298755781849474,1.8888888888888888,22.15568862275449
34,M,183,46,19,77,101,35,35,62,37,28,92,42,24,36,9,16.0,13.735853563856788,1.529160989998546,4.14,41.86,1.2362268207471108,12.499626743109676,0.7623762376237624,0.4207650273224044,22.798551019897182,140.89995560018517,12.2612,2.2,0.5645161290322581,0.5967741935483871,0.45454545454545453,0.8,0.5454545454545454,24,1.1948051948051948,10.382513661202186,34.78260869565217,3.8647342995169085,4.7776881961241,1.894736842105263,20.21857923497268
45,M,182,106,19,113,100,35,33,51,33,29,102,43,23,37,43,45.3,32.00096606690013,2.3149274046692887,45.58,60.42,13.760415408767056,18.240550658133074,1.13,0.6208791208791209,22.727984431928633,135.84220013551823,25.656299999999998,3.2285714285714286,0.6470588235294118,0.6470588235294118,0.2920353982300885,0.8787878787878788,0.3805309734513274,-13,0.9026548672566371,10.43956043956044,42.73584905660377,0.9938569548047389,13.675884555005432,1.9473684210526316,18.13186813186813
33,M,178,52,17,81,97,39,33,63,38,28,87,41,24,37,11,22.8,16.41206918318394,1.6034684627740925,5.72,46.28,1.8053276101502334,14.606741573033707,0.8350515463917526,0.4550561797752809,22.845266198089078,137.48865083066497,13.301200000000001,2.076923076923077,0.5238095238095238,0.6031746031746031,0.4074074074074074,0.8484848484848485,0.5061728395061729,16,1.0740740740740742,9.550561797752808,43.84615384615385,3.9860139860139863,7.196061103396036,2.176470588235294,21.34831460674157
63,F,169,84,14,94,87,32,29,52,32,26,90,35,22,32,38,37.8,29.410734918245165,1.9857828011475307,31.92,52.08,11.176079268933163,18.234655649312,1.0804597701149425,0.5562130177514792,21.599453800637228,122.32213847173517,17.7063,2.9375,0.5576923076923077,0.6153846153846154,0.30851063829787234,0.896551724137931,0.3723404255319149,-7,0.9574468085106383,8.284023668639055,44.99999999999999,1.1842105263157894,13.234830713210322,2.2857142857142856,18.93491124260355
41,F,161,60,15,85,99,33,29,46,36,24,88,35,19,27,22,24.4,23.147255121330193,1.6380883167074152,13.2,46.8,5.092396126692642,18.05485899463755,0.8585858585858586,0.5279503105590062,30.46144734016829,127.74083203681678,14.587200000000001,2.5757575757575757,0.6304347826086957,0.782608695652174,0.3411764705882353,0.8275862068965517,0.4117647058823529,14,1.035294117647059,9.316770186335404,40.666666666666664,1.8484848484848484,9.413217082674278,1.8,22.36024844720497
57,M,179,87,18,79,93,38,30,57,37,24,93,44,23,36,27,36.1,27.15271058955713,2.079863777590574,23.490000000000002,63.51,7.331231859180426,19.821478730376704,0.8494623655913979,0.441340782122905,20.83321990275421,103.96029005356239,12.619200000000001,2.0789473684210527,0.5263157894736842,0.6491228070175439,0.379746835443038,0.8,0.5569620253164557,14,1.1772151898734178,10.05586592178771,41.49425287356322,1.5368241805023413,11.266814394057615,2.0,20.670391061452513
22,F,169,72,14,55,90,32,28,51,38,23,98,39,20,29,28,31.8,25.209201358495854,1.8384776310850235,20.160000000000004,51.839999999999996,7.058576380378841,18.150624978117015,0.6111111111111112,0.3254437869822485,22.964952207555754,77.30601659761184,6.9075,1.71875,0.5490196078431373,0.7450980392156863,0.509090909090909,0.8214285714285714,0.7090909090909091,35,1.7818181818181817,8.284023668639055,44.166666666666664,1.577380952380952,11.13406393333567,2.0714285714285716,22.485207100591715
62,F,154,87,17,92,86,35,29,52,34,24,108,37,23,29,45,33.4,36.68409512565357,1.9291621670213903,39.15,47.85,16.507842806544105,20.176252319109462,1.069767441860465,0.5974025974025974,27.000503185832926,112.29542509710086,16.953200000000002,2.6285714285714286,0.5576923076923077,0.6538461538461539,0.31521739130434784,0.8275862068965517,0.40217391304347827,-6,1.173913043478261,11.03896103896104,38.39080459770115,0.8531289910600255,14.083319278124472,1.7058823529411764,22.07792207792208
47,F,161,91,16,103,113,32,27,49,35,24,112,39,23,29,44,37.6,35.10667026735079,2.0173552543422346,40.04,50.96,15.446934917634348,19.659735349716446,0.911504424778761,0.639751552795031,37.31458130746482,125.69064897504799,21.288,3.21875,0.5510204081632653,0.7142857142857143,0.2621359223300971,0.8888888888888888,0.3786407766990291,10,1.087378640776699,9.937888198757763,41.31868131868132,0.9390609390609391,14.505613209366922,1.8125,21.73913043478261
19,F,160,73,16,98,104,32,29,51,36,26,80,33,23,30,38,26.8,28.515624999999993,1.8012341448141729,27.740000000000002,45.26,10.835937499999998,17.679687499999996,0.9423076923076923,0.6125,33.38701197773616,133.10615522819324,19.2332,3.0625,0.5686274509803921,0.7058823529411765,0.29591836734693877,0.896551724137931,0.336734693877551,6,0.8163265306122449,10.0,36.71232876712329,0.966113914924297,10.468749999999998,1.875,22.5
63,M,187,75,19,97,98,39,33,54,40,29,102,43,23,36,22,31.8,21.447567845806283,1.973786547054502,16.5,58.5,4.718464926077382,16.7291029197289,0.9897959183673469,0.5187165775401069,20.323367681528765,140.51911564351315,18.8187,2.4871794871794872,0.6111111111111112,0.7407407407407407,0.3402061855670103,0.8787878787878788,0.44329896907216493,1,1.0515463917525774,10.16042780748663,42.4,1.9272727272727272,9.093768766621864,1.894736842105263,21.390374331550802
27,F,151,40,15,68,105,34,27,53,39,24,86,35,22,29,28,18.0,17.543090215341433,1.2952906151816965,11.200000000000001,28.799999999999997,4.912065260295601,12.63102495504583,0.6476190476190476,0.4503311258278146,38.587939186074,121.21068142067251,10.206299999999999,2.0,0.5094339622641509,0.7358490566037735,0.39705882352941174,0.8888888888888888,0.5147058823529411,37,1.2647058823529411,9.933774834437086,45.0,1.607142857142857,7.894390596903644,1.9333333333333333,25.82781456953642
48,M,188,87,18,88,101,36,35,60,38,27,93,40,26,34,20,38.3,24.615210502489816,2.131509637166422,17.400000000000002,69.6,4.923042100497963,19.69216840199185,0.8712871287128713,0.46808510638297873,21.1818195247004,118.6794356663367,15.6063,2.4444444444444446,0.5833333333333334,0.6333333333333333,0.3977272727272727,0.7714285714285715,0.45454545454545453,13,1.0568181818181819,9.574468085106384,44.02298850574712,2.201149425287356,10.83635129017655,1.8888888888888888,20.212765957446805
65,F,156,72,15,100,112,34,23,55,32,22,81,35,22,29,44,31.6,29.585798816568044,1.7663521732655694,31.68,40.32,13.01775147928994,16.568047337278106,0.8928571428571429,0.6410256410256411,39.48190136592871,135.04221508146554,20.1008,2.9411764705882355,0.41818181818181815,0.5818181818181818,0.23,0.9565217391304348,0.35,12,0.81,9.615384615384617,43.888888888888886,0.9974747474747475,12.984878369493753,1.9333333333333333,20.51282051282051
57,F,179,92,15,81,92,35,31,53,37,24,81,40,20,31,28,38.4,28.71321119815237,2.1387950917384404,25.76,66.24,8.039699135482664,20.673512062669705,0.8804347826086957,0.45251396648044695,20.415658398423524,103.65520687922638,13.206700000000001,2.3142857142857145,0.5849056603773585,0.6981132075471698,0.38271604938271603,0.7741935483870968,0.49382716049382713,11,1.0,8.379888268156424,41.73913043478261,1.4906832298136645,11.984644674011422,2.066666666666667,20.670391061452513
20,M,184,85,18,94,93,37,33,61,41,27,101,39,23,36,29,37.5,25.10633270321361,2.084333093448464,24.65,60.35,7.280836483931946,17.825496219281664,1.010752688172043,0.5108695652173914,19.26114652827563,126.88223040528159,17.6727,2.5405405405405403,0.5409836065573771,0.6721311475409836,0.35106382978723405,0.8181818181818182,0.4148936170212766,-1,1.074468085106383,9.782608695652174,44.11764705882353,1.5212981744421907,11.076323251417769,2.0,22.282608695652172
54,F,159,55,15,86,87,34,30,53,33,25,99,38,22,31,29,24.5,21.75546853368142,1.558578412100805,15.95,39.05,6.309085874767611,15.446382658913807,0.9885057471264368,0.5408805031446541,25.393388652502217,134.14953471960226,14.7927,2.5294117647058822,0.5660377358490566,0.6226415094339622,0.3488372093023256,0.8333333333333334,0.4418604651162791,1,1.1511627906976745,9.433962264150944,44.54545454545455,1.536050156739812,9.691072346821723,2.066666666666667,20.754716981132077
60,F,168,79,16,89,91,34,27,46,36,23,100,37,21,34,35,29.7,27.99036281179139,1.9200694431886225,27.65,51.35,9.796626984126986,18.1937358276644,0.978021978021978,0.5297619047619048,23.79049061473323,119.0706169623417,15.8448,2.6176470588235294,0.5869565217391305,0.782608695652174,0.30337078651685395,0.8518518518518519,0.4157303370786517,2,1.1235955056179776,9.523809523809524,37.59493670886076,1.074141048824593,10.522959183673471,2.125,21.428571428571427
42,M,189,87,17,72,98,37,33,57,35,29,111,40,24,39,33,40.6,24.355421180818006,2.137171027316251,28.71,58.29,8.037288989669943,16.318132191148063,0.7346938775510204,0.38095238095238093,19.71667238646782,97.35926223775391,10.8412,1.945945945945946,0.5789473684210527,0.6140350877192983,0.4583333333333333,0.8787878787878788,0.5555555555555556,26,1.5416666666666667,8.994708994708994,46.666666666666664,1.4141414141414141,11.36586321771507,2.2941176470588234,18.51851851851852
44,F,156,63,14,78,99,33,26,51,31,27,85,37,20,28,37,27.7,25.88757396449704,1.6522711641858305,23.31,39.69,9.578402366863903,16.309171597633135,0.7878787878787878,0.5,32.80989495738341,112.6056363534249,12.476700000000001,2.3636363636363638,0.5098039215686274,0.6078431372549019,0.3333333333333333,1.0384615384615385,0.47435897435897434,21,1.0897435897435896,8.974358974358974,43.96825396825397,1.1883311883311884,11.38231426692965,2.0,19.871794871794872
28,M,183,79,19,97,89,39,34,56,33,30,93,37,22,34,27,32.0,23.589835468362743,2.0039544239661073,21.330000000000002,57.67,6.369255576457941,17.2205798919048,1.0898876404494382,0.5300546448087432,17.951198423473755,135.44320923798333,18.8628,2.4871794871794872,0.6071428571428571,0.5892857142857143,0.35051546391752575,0.8823529411764706,0.38144329896907214,-8,0.9587628865979382,10.382513661202186,40.50632911392405,1.5002344116268165,9.5553763922482,1.7894736842105263,18.0327868852459
48,F,162,65,14,64,102,34,27,55,37,23,85,36,19,31,39,27.1,24.76756591982929,1.710263137648707,25.35,39.65,9.659350708733424,15.108215211095866,0.6274509803921569,0.3950617283950617,31.468375638565043,92.69457231575207,9.2028,1.8823529411764706,0.4909090909090909,0.6727272727272727,0.421875,0.8518518518518519,0.5625,38,1.328125,8.641975308641975,41.69230769230769,1.069033530571992,10.326169791190367,2.2142857142857144,22.839506172839506
55,F,150,52,15,71,99,33,29,51,37,28,86,35,21,29,28,20.9,23.11111111111111,1.4719601443879744,14.560000000000002,37.44,6.471111111111112,16.64,0.7171717171717171,0.47333333333333333,35.88877434122992,110.63073773981603,10.630799999999999,2.1515151515151514,0.5686274509803921,0.7254901960784313,0.4084507042253521,0.9655172413793104,0.49295774647887325,28,1.2112676056338028,10.0,40.192307692307686,1.4354395604395602,9.288888888888888,1.9333333333333333,24.666666666666668
39,F,150,40,17,77,92,33,29,48,38,23,78,36,21,29,22,16.7,17.77777777777778,1.2909944487358056,8.8,31.2,3.9111111111111114,13.866666666666667,0.8369565217391305,0.5133333333333333,32.0784569635672,136.79803562292253,12.0155,2.3333333333333335,0.6041666666666666,0.7916666666666666,0.37662337662337664,0.7931034482758621,0.4675324675324675,15,1.0129870129870129,11.333333333333332,41.75,1.8977272727272725,7.422222222222222,1.7058823529411764,25.333333333333336
28,F,156,56,16,83,102,34,28,60,34,22,87,34,23,31,36,22.4,23.011176857330703,1.5577761927397231,20.16,35.84,8.284023668639053,14.72715318869165,0.8137254901960784,0.532051282051282,34.34958874397079,127.09248754658945,14.030700000000001,2.4411764705882355,0.4666666666666667,0.5666666666666667,0.3373493975903614,0.7857142857142857,0.40963855421686746,19,1.0481927710843373,10.256410256410255,40.0,1.111111111111111,9.20447074293228,1.9375,21.794871794871796
54,F,158,92,16,92,81,32,28,55,36,23,100,33,20,32,45,40.3,36.85306841852267,2.0094222497468714,41.4,50.6,16.5838807883352,20.269187630187467,1.1358024691358024,0.5822784810126582,22.784898745717804,110.61039906863512,17.012700000000002,2.875,0.509090909090909,0.6545454545454545,0.30434782608695654,0.8214285714285714,0.358695652173913,-11,1.0869565217391304,10.126582278481013,43.80434782608695,0.9734299516908212,16.143246274635473,2.0,22.78481012658228
49,F,162,51,16,55,101,34,31,63,36,25,84,41,22,29,17,22.6,19.43301326017375,1.5149257407543117,8.67,42.33,3.3036122542295376,16.129401005944214,0.5445544554455446,0.3395061728395062,30.983391563677152,89.93083188503738,7.5312,1.6176470588235294,0.49206349206349204,0.5714285714285714,0.5636363636363636,0.8064516129032258,0.7454545454545455,46,1.5272727272727273,9.876543209876543,44.313725490196084,2.6066897347174165,8.6114921505868,1.8125,22.22222222222222
54,M,179,66,19,91,94,39,34,62,40,27,92,41,24,37,20,25.9,20.598608033457133,1.8115371005493281,13.200000000000001,52.8,4.119721606691427,16.478886426765705,0.9680851063829787,0.5083798882681564,21.2507814070849,137.48947135111666,16.5683,2.3333333333333335,0.5483870967741935,0.6451612903225806,0.37362637362637363,0.7941176470588235,0.45054945054945056,3,1.010989010989011,10.614525139664805,39.24242424242424,1.962121212121212,8.08339315252333,1.9473684210526316,22.3463687150838
28,M,167,91,17,112,98,41,35,59,44,27,95,42,21,35,36,37.6,32.62935207429452,2.0546018808734914,32.76,58.24,11.746566746746028,20.882785327548497,1.1428571428571428,0.6706586826347305,27.409986100805632,139.19673998860634,25.2252,2.731707317073171,0.5932203389830508,0.7457627118644068,0.3125,0.7714285714285715,0.375,-14,0.8482142857142857,10.179640718562874,41.31868131868132,1.1477411477411479,13.482017999928289,2.0588235294117645,26.34730538922156
26,F,166,75,15,86,95,34,28,51,38,25,84,37,23,27,36,29.9,27.21730294672667,1.8596594670351165,27.0,48.0,9.7982290608216,17.419073885905068,0.9052631578947369,0.5180722891566265,26.418252977169658,117.38034067157432,14.848700000000001,2.5294117647058822,0.5490196078431373,0.7450980392156863,0.32558139534883723,0.8928571428571429,0.43023255813953487,9,0.9767441860465116,9.036144578313253,39.86666666666667,1.1074074074074074,10.850631441428364,1.8,22.89156626506024
35,M,184,76,18,103,100,33,33,50,40,31,90,41,24,37,23,31.7,22.448015122873343,1.9708993998792643,17.48,58.519999999999996,5.163043478260869,17.284971644612476,1.03,0.5597826086956522,22.065748955135092,147.03233089393837,21.2243,3.121212121212121,0.66,0.8,0.32038834951456313,0.9393939393939394,0.39805825242718446,-3,0.8737864077669902,9.782608695652174,41.71052631578947,1.8135011441647597,9.363185255198488,2.0555555555555554,21.73913043478261
40,M,189,86,19,86,104,36,30,53,42,27,125,41,24,36,23,36.1,24.075473810923548,2.124852936087578,19.78,66.22,5.537358976512416,18.538114834411132,0.8269230769230769,0.455026455026455,22.025856410129116,116.96438180298594,15.018799999999999,2.388888888888889,0.5660377358490566,0.7924528301886793,0.3488372093023256,0.9,0.47674418604651164,18,1.4534883720930232,10.052910052910052,41.97674418604651,1.8250758341759352,10.106100053190001,1.894736842105263,22.22222222222222
23,F,156,76,15,85,103,33,30,53,36,23,97,38,20,30,45,30.3,31.22945430637738,1.8147543451754933,34.2,41.8,14.053254437869823,17.17619986850756,0.8252427184466019,0.5448717948717948,34.86282000616658,111.72437422012332,14.6768,2.5757575757575757,0.5660377358490566,0.6792452830188679,0.35294117647058826,0.7666666666666667,0.4470588235294118,18,1.1411764705882352,9.615384615384617,39.86842105263158,0.8859649122807017,12.450690335305719,2.0,23.076923076923077
56,F,162,52,14,75,101,33,26,54,39,26,84,33,21,32,21,20.4,19.81405273586343,1.5297058540778354,10.92,41.08,4.1609510745313205,15.65310166133211,0.7425742574257426,0.46296296296296297,30.983391563677152,121.44806533786625,11.7232,2.272727272727273,0.48148148148148145,0.7222222222222222,0.3466666666666667,1.0,0.44,26,1.12,8.641975308641975,39.23076923076923,1.868131868131868,7.773205304069499,2.2857142857142856,24.074074074074073
53,M,164,71,17,86,86,37,38,54,46,30,107,42,23,36,19,28.6,26.397977394408095,1.798456128028828,13.49,57.51,5.015615704937538,21.382361689470557,1.0,0.524390243902439,22.947998543963784,119.91256778173863,14.792,2.324324324324324,0.7037037037037037,0.8518518518518519,0.4418604651162791,0.7894736842105263,0.4883720930232558,0,1.244186046511628,10.365853658536585,40.28169014084507,2.1200889547813198,10.633551457465796,2.1176470588235294,28.04878048780488
35,F,159,53,16,66,114,34,27,54,34,22,90,35,21,31,24,22.7,20.964360587002094,1.5299782133525082,12.719999999999999,40.28,5.031446540880502,15.932914046121592,0.5789473684210527,0.41509433962264153,38.860302372244284,104.87647091701459,10.3248,1.9411764705882353,0.5,0.6296296296296297,0.4090909090909091,0.8148148148148148,0.5303030303030303,48,1.3636363636363635,10.062893081761008,42.83018867924528,1.7845911949685536,8.979075194810331,1.9375,21.38364779874214
64,M,173,83,16,100,97,36,27,54,38,28,106,48,20,35,25,35.3,27.732299776136855,1.9971507482188497,20.75,62.25,6.933074944034214,20.79922483210264,1.0309278350515463,0.5780346820809249,24.628748186798518,132.45169105021662,20.0063,2.7777777777777777,0.5,0.7037037037037037,0.27,1.037037037037037,0.48,-3,1.06,9.248554913294797,42.53012048192771,1.7012048192771083,11.794580507200372,2.1875,21.965317919075144
43,M,186,106,19,108,102,39,29,58,38,28,89,41,26,33,37,45.2,30.63938027517632,2.34022790912908,39.22,66.78,11.336570701815237,19.30280957336108,1.0588235294117647,0.5806451612903226,22.20969282843558,131.25044877234242,23.3532,2.769230769230769,0.5,0.6551724137931034,0.26851851851851855,0.9655172413793104,0.37962962962962965,-6,0.8240740740740741,10.21505376344086,42.64150943396226,1.1524732279449261,13.065094230546883,1.736842105263158,20.43010752688172
23,M,189,84,18,95,88,40,27,60,37,28,105,42,26,39,27,32.3,23.515579071134628,2.1,22.68,61.32,6.34920634920635,17.16637272192828,1.0795454545454546,0.5026455026455027,15.868032347032326,130.73394495412845,18.0843,2.375,0.45,0.6166666666666667,0.28421052631578947,1.037037037037037,0.4421052631578947,-7,1.105263157894737,9.523809523809524,38.45238095238095,1.4241622574955908,9.042300047591052,2.1666666666666665,19.576719576719576
63,M,180,82,18,68,88,39,36,61,35,31,87,43,23,37,25,32.6,25.30864197530864,2.0248456731316584,20.5,61.5,6.32716049382716,18.98148148148148,0.7727272727272727,0.37777777777777777,18.43962629999657,92.42974207179647,9.528,1.7435897435897436,0.5901639344262295,0.5737704918032787,0.5294117647058824,0.8611111111111112,0.6323529411764706,20,1.2794117647058822,10.0,39.75609756097561,1.5902439024390245,10.061728395061728,2.0555555555555554,19.444444444444446
25,M,178,98,19,111,99,39,32,47,38,30,102,38,25,39,37,39.4,30.930438076000502,2.201262264146541,36.26,61.74,11.444262088120185,19.48617598788032,1.121212121212121,0.6235955056179775,23.68743663516308,137.24402433267144,24.7428,2.8461538461538463,0.6808510638297872,0.8085106382978723,0.2882882882882883,0.9375,0.34234234234234234,-12,0.918918918918919,10.674157303370785,40.20408163265306,1.086596800882515,12.435298573412448,2.0526315789473686,21.34831460674157
35,F,158,64,15,83,95,33,30,47,35,26,91,38,22,32,35,32.9,25.63691716071142,1.6759740119968713,22.4,41.6,8.972921006248997,16.663996154462424,0.8736842105263158,0.5253164556962026,29.834140504236927,119.64378698028125,13.8788,2.515151515151515,0.6382978723404256,0.7446808510638298,0.3614457831325301,0.8666666666666667,0.4578313253012048,12,1.0963855421686748,9.49367088607595,51.40625,1.46875,13.178977727928213,2.1333333333333333,22.151898734177212
20,M,183,99,18,101,94,38,31,56,39,29,110,42,21,34,29,41.1,29.56194571351787,2.2433234274174554,28.709999999999997,70.29,8.57296425692018,20.98898145659769,1.074468085106383,0.5519125683060109,19.970928671983515,125.98035372208119,20.4363,2.6578947368421053,0.5535714285714286,0.6964285714285714,0.3069306930693069,0.9354838709677419,0.4158415841584158,-7,1.0891089108910892,9.836065573770492,41.515151515151516,1.4315569487983284,12.272686553793783,1.8888888888888888,21.311475409836063
54,M,169,66,17,89,99,41,31,55,44,30,113,44,26,33,17,28.2,23.1084345786212,1.7602083210044581,11.22,54.78,3.9284338783656043,19.180000700255597,0.898989898989899,0.5266272189349113,27.061447428311332,130.65766519549354,15.912,2.1707317073170733,0.5636363636363636,0.8,0.34831460674157305,0.967741935483871,0.4943820224719101,10,1.2696629213483146,10.059171597633137,42.72727272727273,2.513368983957219,9.873603865410876,1.9411764705882353,26.035502958579883
18,M,194,112,19,89,103,39,32,61,39,30,104,41,22,33,28,50.6,29.758741630353917,2.4567367696917706,31.360000000000003,80.64,8.332447656499097,21.426293973854822,0.8640776699029126,0.4587628865979381,20.118397081251047,107.46210968343753,15.9792,2.282051282051282,0.5245901639344263,0.639344262295082,0.3595505617977528,0.9375,0.4606741573033708,14,1.1685393258426966,9.793814432989691,45.17857142857143,1.6135204081632653,13.444574343713466,1.736842105263158,20.103092783505154
53,M,171,69,18,77,99,37,33,57,34,27,105,42,23,36,18,23.6,23.59700420642249,1.8103866990231672,12.42,56.58,4.247460757156048,19.34954344926644,0.7777777777777778,0.4502923976608187,26.273211799582093,111.20843703612594,12.1968,2.081081081081081,0.5789473684210527,0.5964912280701754,0.42857142857142855,0.8181818181818182,0.5454545454545454,22,1.3636363636363635,10.526315789473683,34.20289855072464,1.9001610305958134,8.070859409732911,2.0,19.883040935672515
57,M,191,66,17,86,95,38,32,59,41,30,101,41,22,35,12,27.6,18.09160933088457,1.8712740757747557,7.92,58.08,2.1709931197061483,15.920616211178421,0.9052631578947369,0.450261780104712,17.98931282868066,134.21982528492828,14.848700000000001,2.263157894736842,0.5423728813559322,0.6949152542372882,0.37209302325581395,0.9375,0.47674418604651164,9,1.1744186046511629,8.900523560209423,41.81818181818182,3.484848484848485,7.565582083824457,2.0588235294117645,21.465968586387437
36,M,184,103,18,101,105,39,30,57,37,28,114,41,23,37,25,48.7,30.42296786389414,2.294437718580403,25.75,77.25,7.605741965973535,22.817225897920604,0.9619047619047619,0.5489130434782609,24.069036402891847,123.84690990110664,20.4132,2.58974358974359,0.5263157894736842,0.6491228070175439,0.297029702970297,0.9333333333333333,0.40594059405940597,4,1.1287128712871286,9.782608695652174,47.28155339805826,1.8912621359223303,14.38445179584121,2.0555555555555554,20.108695652173914
59,F,165,91,14,108,110,34,29,50,36,23,97,36,21,29,45,38.4,33.425160697887975,2.042261818017791,40.95,50.05,15.041322314049589,18.383838383838384,0.9818181818181818,0.6545454545454545,33.899929610768204,133.4192618283626,23.3308,3.176470588235294,0.58,0.72,0.26851851851851855,0.7931034482758621,0.3333333333333333,2,0.8981481481481481,8.484848484848486,42.1978021978022,0.9377289377289376,14.104683195592287,2.0714285714285716,21.818181818181817
35,M,175,85,18,107,87,39,31,57,38,26,91,42,24,36,33,32.8,27.755102040816325,2.032718486275078,28.05,56.95,9.159183673469387,18.59591836734694,1.2298850574712643,0.6114285714285714,19.580467602060303,140.85323995559634,23.178,2.7435897435897436,0.543859649122807,0.6666666666666666,0.2897196261682243,0.8387096774193549,0.3925233644859813,-20,0.8504672897196262,10.285714285714285,38.588235294117645,1.1693404634581104,10.710204081632652,2.0,21.714285714285715
39,M,187,74,19,83,103,39,35,57,37,30,103,42,24,31,12,30.0,21.161600274528865,1.9605838132783022,8.879999999999999,65.12,2.5393920329434634,18.6222082415854,0.8058252427184466,0.44385026737967914,22.27864154283126,121.0476988609713,14.058,2.128205128205128,0.6140350877192983,0.6491228070175439,0.42168674698795183,0.8571428571428571,0.5060240963855421,20,1.2409638554216869,10.16042780748663,40.54054054054054,3.378378378378379,8.579027138322513,1.631578947368421,19.786096256684495
62,F,160,82,16,71,92,30,28,51,33,25,98,37,20,35,37,27.1,32.03124999999999,1.9090428084368471,30.34,51.66,11.851562499999998,20.179687499999996,0.7717391304347826,0.44375,27.457741364920444,90.98816697181661,10.3907,2.3666666666666667,0.5490196078431373,0.6470588235294118,0.39436619718309857,0.8928571428571429,0.5211267605633803,21,1.380281690140845,10.0,33.048780487804876,0.893210283454186,10.585937499999998,2.1875,20.625
50,M,168,69,17,109,93,39,31,54,37,31,94,39,23,34,25,31.6,24.44727891156463,1.794435844492636,17.25,51.75,6.111819727891158,18.33545918367347,1.1720430107526882,0.6488095238095238,24.708962935936157,156.03789952109878,23.941200000000002,2.7948717948717947,0.5740740740740741,0.6851851851851852,0.28440366972477066,1.0,0.3577981651376147,-16,0.8623853211009175,10.119047619047619,45.79710144927536,1.8318840579710145,11.196145124716555,2.0,22.023809523809522
58,M,178,85,19,83,87,42,32,55,42,30,105,46,24,38,29,33.9,26.82742078020452,2.0500677495579938,24.65,60.35,7.77995202625931,19.047468753945207,0.9540229885057471,0.46629213483146065,18.63441401271907,110.19252447705138,13.789200000000001,1.9761904761904763,0.5818181818181818,0.7636363636363637,0.3855421686746988,0.9375,0.5542168674698795,4,1.2650602409638554,10.674157303370785,39.88235294117647,1.3752535496957403,10.699406640575685,2.0,23.595505617977526
32,F,145,54,15,88,105,33,26,53,37,25,87,35,22,29,37,21.5,25.68370986920333,1.4747881203752624,19.98,34.019999999999996,9.502972651605232,16.180737217598097,0.8380952380952381,0.6068965517241379,42.13638196305308,132.29495881042112,15.690299999999999,2.6666666666666665,0.49056603773584906,0.6981132075471698,0.29545454545454547,0.9615384615384616,0.3977272727272727,17,0.9886363636363636,10.344827586206897,39.81481481481482,1.0760760760760761,10.225921521997622,1.9333333333333333,25.517241379310345
35,F,158,100,17,105,105,31,30,50,37,21,94,35,23,31,45,40.4,40.05768306361159,2.0949675149960894,45.0,55.0,18.02595737862522,22.031725684986377,1.0,0.6645569620253164,34.86931318889345,121.08527838968223,22.05,3.3870967741935485,0.6,0.74,0.2857142857142857,0.7,0.3333333333333333,0,0.8952380952380953,10.759493670886076,40.4,0.8977777777777778,16.183303957699085,1.8235294117647058,23.417721518987342
56,F,160,71,16,89,102,36,29,57,35,26,81,39,21,28,31,31.2,27.734374999999993,1.776388345929897,22.01,48.989999999999995,8.597656249999998,19.136718749999993,0.8725490196078431,0.55625,32.39880020893354,122.5728617039107,15.9603,2.4722222222222223,0.5087719298245614,0.6140350877192983,0.3258426966292135,0.896551724137931,0.43820224719101125,13,0.9101123595505618,10.0,43.943661971830984,1.4175374829622898,12.187499999999998,1.75,21.875
26,M,164,105,18,122,88,41,32,60,40,28,91,41,23,33,45,52.9,39.03926234384296,2.187083293643233,47.25,57.75,17.56766805472933,21.471594289113625,1.3863636363636365,0.7439024390243902,23.900277579869922,139.88160515044532,30.5772,2.975609756097561,0.5333333333333333,0.6666666666666666,0.26229508196721313,0.875,0.3360655737704918,-34,0.7459016393442623,10.975609756097562,50.38095238095238,1.1195767195767194,19.668352171326593,1.8333333333333333,24.390243902439025
38,M,173,101,18,109,111,37,32,58,40,31,96,43,23,35,43,42.1,33.746533462527985,2.2030912625470402,43.43,57.57,14.511009388887032,19.23552407364095,0.9819819819819819,0.630057803468208,30.78135101788284,130.8767086661608,23.7648,2.945945945945946,0.5517241379310345,0.6896551724137931,0.29357798165137616,0.96875,0.3944954128440367,2,0.8807339449541285,10.404624277456648,41.68316831683169,0.9693760073681787,14.066624344281466,1.9444444444444444,23.121387283236995
35,M,169,71,18,83,102,36,34,55,38,31,101,43,23,38,27,32.2,24.859073561850078,1.8256657841882111,19.17,51.83,6.711949861699522,18.147123700150555,0.8137254901960784,0.4911242603550296,28.42694583522986,117.48049625607044,14.030700000000001,2.3055555555555554,0.6181818181818182,0.6909090909090909,0.40963855421686746,0.9117647058823529,0.5180722891566265,19,1.216867469879518,10.650887573964498,45.35211267605634,1.6797078768909754,11.27411505199398,2.111111111111111,22.485207100591715
43,M,180,65,18,86,98,36,31,55,39,29,97,46,23,33,19,27.8,20.061728395061728,1.8027756377319946,12.35,52.65,3.8117283950617282,16.25,0.8775510204081632,0.4777777777777778,22.58049292499618,131.29600974872395,14.8928,2.388888888888889,0.5636363636363636,0.7090909090909091,0.36046511627906974,0.9354838709677419,0.5348837209302325,12,1.127906976744186,10.0,42.769230769230774,2.251012145748988,8.580246913580247,1.8333333333333333,21.666666666666668
58,F,169,87,15,75,97,34,25,53,31,24,94,34,19,33,45,36.3,30.461118308182492,2.0209321281692434,39.15,47.85,13.70750323868212,16.75361506950037,0.7731958762886598,0.4437869822485207,26.151115157032315,95.8999744465,11.588799999999999,2.2058823529411766,0.4716981132075472,0.5849056603773585,0.3333333333333333,0.96,0.4533333333333333,22,1.2533333333333334,8.875739644970414,41.72413793103448,0.9272030651340996,12.709639018241658,2.2,18.34319526627219
52,F,158,44,15,94,96,33,29,45,36,23,91,37,23,30,16,18.2,17.625380547989103,1.3896442390450554,7.04,36.96,2.8200608876782565,14.805319660310845,0.9791666666666666,0.5949367088607594,30.337657772702585,163.41938090521504,17.674799999999998,2.8484848484848486,0.6444444444444445,0.8,0.30851063829787234,0.7931034482758621,0.39361702127659576,2,0.9680851063829787,9.49367088607595,41.36363636363637,2.5852272727272725,7.29049831757731,2.0,22.78481012658228
34,M,168,87,18,61,112,37,31,56,37,28,98,40,21,37,31,35.2,30.824829931972793,2.0149441679609885,26.97,60.03,9.555697278911566,21.269132653061227,0.5446428571428571,0.3630952380952381,33.43444998736397,77.76753827625453,9.2627,1.6486486486486487,0.5535714285714286,0.6607142857142857,0.5081967213114754,0.9032258064516129,0.6557377049180327,51,1.6065573770491803,10.714285714285714,40.459770114942536,1.3051538746755655,12.471655328798189,2.0555555555555554,22.023809523809522
28,F,162,51,16,77,101,32,28,55,36,23,91,33,23,30,25,23.1,19.43301326017375,1.5149257407543117,12.75,38.25,4.858253315043438,14.574759945130312,0.7623762376237624,0.47530864197530864,30.983391563677152,125.90316463905233,12.2612,2.40625,0.509090909090909,0.6545454545454545,0.36363636363636365,0.8214285714285714,0.42857142857142855,24,1.1818181818181819,9.876543209876543,45.294117647058826,1.811764705882353,8.80201188843164,1.875,22.22222222222222
25,M,163,54,18,104,104,42,32,53,33,27,98,42,25,37,21,22.6,20.32443825510934,1.563649577111189,11.34,42.66,4.268132033572961,16.056306221536378,1.0,0.6380368098159509,31.974899876532255,165.76917025439715,21.632,2.4761904761904763,0.6037735849056604,0.6226415094339622,0.3076923076923077,0.84375,0.40384615384615385,0,0.9423076923076923,11.042944785276074,41.851851851851855,1.9929453262786598,8.506153788249465,2.0555555555555554,20.245398773006134
29,M,187,88,17,87,94,42,35,55,43,28,95,46,25,33,18,39.3,25.165146272412706,2.1380156947766102,15.84,72.16,4.529726329034287,20.635419943378416,0.925531914893617,0.46524064171123,18.75914859248678,116.3515630393443,15.1723,2.0714285714285716,0.6363636363636364,0.7818181818181819,0.40229885057471265,0.8,0.5287356321839081,7,1.0919540229885059,9.090909090909092,44.65909090909091,2.481060606060606,11.23852555120249,1.9411764705882353,22.994652406417114
54,F,164,65,15,97,98,32,29,58,33,25,91,36,24,32,33,26.9,24.167162403331353,1.7207879332187075,21.45,43.55,7.975163593099347,16.191998810232008,0.9897959183673469,0.5914634146341463,28.661672759400595,141.35477447188254,18.8187,3.03125,0.5,0.5689655172413793,0.29896907216494845,0.8620689655172413,0.3711340206185567,1,0.9381443298969072,9.146341463414634,41.38461538461538,1.254079254079254,10.001487209994051,2.1333333333333333,20.121951219512198
35,M,172,106,18,109,89,39,31,51,36,27,102,40,23,34,45,47.8,35.83017847485127,2.250432057282433,47.7,58.3,16.123580313683075,19.7065981611682,1.2247191011235956,0.6337209302325582,21.454571975586674,127.38294663862828,24.042,2.7948717948717947,0.6078431372549019,0.7058823529411765,0.28440366972477066,0.8709677419354839,0.3669724770642202,-20,0.9357798165137615,10.465116279069768,45.094339622641506,1.0020964360587001,16.157382368848026,1.8888888888888888,20.930232558139537
48,F,157,40,16,75,101,35,26,52,36,23,79,35,22,31,12,18.2,16.227838857560144,1.32077418374393,4.8,35.2,1.9473406629072172,14.280498194652928,0.7425742574257426,0.47770700636942676,33.34189511543301,136.31843639558912,11.7232,2.142857142857143,0.5,0.6923076923076923,0.3466666666666667,0.8846153846153846,0.4666666666666667,26,1.0533333333333332,10.191082802547772,45.49999999999999,3.7916666666666665,7.383666680189865,1.9375,22.929936305732486
52,F,169,68,15,81,96,32,31,51,36,23,87,34,21,29,22,26.6,23.80869017191275,1.7866791044343195,14.96,53.04,5.237911837820805,18.570778334091944,0.84375,0.47928994082840237,25.695949021392806,117.151382184981,13.2795,2.53125,0.6078431372549019,0.7058823529411765,0.38271604938271603,0.7419354838709677,0.41975308641975306,15,1.0740740740740742,8.875739644970414,39.11764705882353,1.7780748663101604,9.313399390777635,1.9333333333333333,21.301775147928996
55,M,175,70,17,107,102,36,33,50,40,31,87,43,21,37,28,27.0,22.857142857142858,1.8446619684315546,19.6,50.4,6.4,16.457142857142856,1.0490196078431373,0.6114285714285714,26.05985856793277,155.21271084312687,22.9155,2.9722222222222223,0.66,0.8,0.308411214953271,0.9393939393939394,0.40186915887850466,-5,0.8130841121495327,9.714285714285714,38.57142857142858,1.3775510204081631,8.816326530612244,2.176470588235294,22.857142857142858
19,M,175,96,18,111,100,39,33,59,39,30,93,40,22,32,32,36.2,31.346938775510203,2.160246899469287,30.72,65.28,10.031020408163265,21.31591836734694,1.11,0.6342857142857142,25.195939772483108,137.49277857860713,24.7267,2.8461538461538463,0.559322033898305,0.6610169491525424,0.2972972972972973,0.9090909090909091,0.36036036036036034,-11,0.8378378378378378,10.285714285714285,37.708333333333336,1.1783854166666667,11.820408163265308,1.7777777777777777,22.285714285714285
22,M,172,79,17,100,83,35,34,51,42,27,106,44,22,39,28,32.1,26.703623580313685,1.9427929494530405,22.12,56.879999999999995,7.477014602487833,19.22660897782585,1.2048192771084338,0.5813953488372093,18.79471319071566,135.37054577538316,20.2023,2.857142857142857,0.6666666666666666,0.8235294117647058,0.34,0.7941176470588235,0.44,-17,1.06,9.883720930232558,40.63291139240506,1.4511754068716094,10.850459707950245,2.2941176470588234,24.418604651162788
39,M,173,70,18,100,97,38,31,57,40,30,104,36,21,36,25,27.5,23.38868655818771,1.8340907526316381,17.5,52.5,5.847171639546928,17.541514918640782,1.0309278350515463,0.5780346820809249,24.628748186798518,144.22731999724547,20.0063,2.6315789473684212,0.543859649122807,0.7017543859649122,0.31,0.967741935483871,0.36,-3,1.04,10.404624277456648,39.285714285714285,1.5714285714285714,9.188412576430887,2.0,23.121387283236995
25,F,168,56,16,83,100,35,30,47,33,26,86,39,22,32,24,21.1,19.841269841269845,1.6165807537309522,13.44,42.56,4.761904761904763,15.079365079365083,0.83,0.49404761904761907,27.9236160601464,131.89010736533652,13.9803,2.3714285714285714,0.6382978723404256,0.7021276595744681,0.3614457831325301,0.8666666666666667,0.46987951807228917,17,1.036144578313253,9.523809523809524,37.67857142857143,1.5699404761904763,7.47590702947846,2.0,19.642857142857142
63,F,158,55,16,60,92,34,30,52,38,26,85,34,21,30,31,22.0,22.031725684986377,1.5536694915228557,17.05,37.95,6.829834962345777,15.2018907226406,0.6521739130434783,0.379746835443038,28.323588698839977,93.29791775616815,7.9168,1.7647058823529411,0.5769230769230769,0.7307692307692307,0.5,0.8666666666666667,0.5666666666666667,32,1.4166666666666667,10.126582278481013,40.0,1.2903225806451613,8.812690273994551,1.875,24.050632911392405
36,F,160,58,15,83,104,34,30,57,33,25,96,35,21,27,30,23.7,22.656249999999996,1.6055459438389728,17.4,40.6,6.796874999999998,15.859374999999998,0.7980769230769231,0.51875,33.38701197773616,126.47293262129206,14.0867,2.4411764705882355,0.5263157894736842,0.5789473684210527,0.3614457831325301,0.8333333333333334,0.42168674698795183,21,1.1566265060240963,9.375,40.86206896551724,1.3620689655172415,9.257812499999998,1.8,20.625
18,M,168,84,18,91,109,39,33,50,38,33,97,41,24,37,32,35.7,29.761904761904766,1.9798989873223332,26.88,57.120000000000005,9.523809523809526,20.238095238095244,0.8348623853211009,0.5416666666666666,32.05674150555958,118.06737080362537,16.7888,2.3333333333333335,0.66,0.76,0.3626373626373626,1.0,0.45054945054945056,18,1.065934065934066,10.714285714285714,42.50000000000001,1.3281250000000002,12.648809523809527,2.0555555555555554,22.61904761904762
29,M,182,95,18,109,107,39,28,59,37,28,92,42,20,33,31,39.1,28.680111097693512,2.1915240764768655,29.45,65.55,8.890834440284989,19.789276657408525,1.0186915887850467,0.5989010989010989,25.57894334216364,138.41204693538097,23.7648,2.7948717948717947,0.4745762711864407,0.6271186440677966,0.25688073394495414,1.0,0.3853211009174312,-2,0.8440366972477065,9.89010989010989,41.1578947368421,1.3276740237691003,11.804129935998068,1.8333333333333333,20.32967032967033
53,F,170,95,16,93,82,33,30,51,34,22,97,38,23,29,45,41.6,32.871972318339104,2.1180441711898057,42.75,52.25,14.792387543252596,18.079584775086506,1.1341463414634145,0.5470588235294118,18.99478181499081,114.13506977536568,17.3827,2.8181818181818183,0.5882352941176471,0.6666666666666666,0.3225806451612903,0.7333333333333333,0.40860215053763443,-11,1.043010752688172,9.411764705882353,43.78947368421053,0.9730994152046784,14.394463667820071,1.8125,20.0
26,F,161,83,15,87,108,34,26,53,39,25,98,34,21,32,43,35.3,32.02036958450677,1.9266407149347915,35.69,47.31,13.76875892133791,18.251610663168858,0.8055555555555556,0.5403726708074534,34.86703346200178,111.16463503879311,15.4467,2.5588235294117645,0.49056603773584906,0.7358490566037735,0.2988505747126437,0.9615384615384616,0.39080459770114945,21,1.1264367816091954,9.316770186335404,42.53012048192771,0.989072569347156,13.618301763049262,2.1333333333333333,24.22360248447205
48,M,164,69,18,91,98,37,32,52,43,29,98,41,24,34,23,29.4,25.654372397382513,1.7729448195962934,15.870000000000001,53.129999999999995,5.900505651397979,19.753866745984535,0.9285714285714286,0.5548780487804879,28.661672759400595,128.70999488094353,16.5963,2.4594594594594597,0.6153846153846154,0.8269230769230769,0.3516483516483517,0.90625,0.45054945054945056,7,1.0769230769230769,10.975609756097562,42.608695652173914,1.8525519848771264,10.930993456276028,1.8888888888888888,26.21951219512195
42,M,168,89,18,109,106,42,30,51,36,26,87,40,23,36,33,40.0,31.533446712018144,2.037972849017703,29.37,59.629999999999995,10.406037414965988,21.127409297052157,1.028301886792453,0.6488095238095238,30.67903302375519,137.39142802366536,23.7683,2.5952380952380953,0.5882352941176471,0.7058823529411765,0.27522935779816515,0.8666666666666667,0.3669724770642202,-3,0.7981651376146789,10.714285714285714,44.9438202247191,1.361933946203609,14.172335600907031,2.0,21.428571428571427
21,F,159,74,15,99,101,32,26,48,34,26,112,40,20,29,45,32.0,29.270994027135,1.8078532388812245,33.300000000000004,40.699999999999996,13.17194731221075,16.09904671492425,0.9801980198019802,0.6226415094339622,32.37623280347959,133.1347413706233,19.6048,3.09375,0.5416666666666666,0.7083333333333334,0.26262626262626265,1.0,0.40404040404040403,2,1.1313131313131313,9.433962264150944,43.24324324324324,0.9609609609609608,12.657727146869188,1.9333333333333333,21.38364779874214
24,F,151,40,16,68,95,35,27,52,36,25,90,38,22,27,23,19.8,17.543090215341433,1.2952906151816965,9.200000000000001,30.799999999999997,4.03491074952853,13.508179465812901,0.7157894736842105,0.4503311258278146,33.19861164454314,121.21068142067251,9.758299999999998,1.9428571428571428,0.5192307692307693,0.6923076923076923,0.39705882352941174,0.9259259259259259,0.5588235294117647,27,1.3235294117647058,10.596026490066226,49.5,2.152173913043478,8.683829656594009,1.6875,23.841059602649008
35,M,171,89,18,96,97,39,33,57,37,27,112,40,23,38,29,34.1,30.436715570602924,2.056088519495209,25.81,63.19,8.826647515474848,21.610068055128075,0.9896907216494846,0.5614035087719298,25.378803480398616,122.08091817639834,18.4327,2.4615384615384617,0.5789473684210527,0.6491228070175439,0.34375,0.8181818181818182,0.4166666666666667,1,1.1666666666666667,10.526315789473683,38.31460674157304,1.3211933359163117,11.661707875927638,2.111111111111111,21.637426900584796
63,M,183,61,18,76,87,38,29,62,36,27,90,41,24,37,18,24.8,18.21493624772313,1.7609183210283585,10.98,50.019999999999996,3.2786885245901636,14.936247723132967,0.8735632183908046,0.41530054644808745,17.143306324069854,120.76684529838043,11.636700000000001,2.0,0.46774193548387094,0.5806451612903226,0.3815789473684211,0.9310344827586207,0.5394736842105263,11,1.1842105263157894,9.836065573770492,40.65573770491803,2.2586520947176685,7.405416703992355,2.0555555555555554,19.672131147540984
50,F,167,85,16,99,108,32,28,53,36,25,104,36,22,28,43,31.5,30.477966223242138,1.9857128582842876,36.55,48.45,13.105525475994119,17.37244074724802,0.9166666666666666,0.592814371257485,32.043658151908254,127.30852000225222,19.6587,3.09375,0.5283018867924528,0.6792452830188679,0.2828282828282828,0.8928571428571429,0.36363636363636365,9,1.0505050505050506,9.580838323353294,37.05882352941177,0.8618331053351573,11.294775718025027,1.75,21.55688622754491
65,M,176,97,18,93,94,40,31,47,38,30,104,43,24,31,34,38.2,31.31456611570248,2.1776643961414766,32.980000000000004,64.02,10.646952479338845,20.667613636363637,0.9893617021276596,0.5284090909090909,22.258617031690022,114.92828270566008,17.2987,2.325,0.6595744680851063,0.8085106382978723,0.3333333333333333,0.967741935483871,0.46236559139784944,1,1.118279569892473,10.227272727272728,39.381443298969074,1.1582777440873255,12.332128099173556,1.7222222222222223,21.59090909090909
63,F,155,56,16,85,90,31,26,55,35,25,96,34,21,31,31,23.9,23.309053069719038,1.552775293180282,17.36,38.64,7.225806451612902,16.083246618106138,0.9444444444444444,0.5483870967741935,28.638541678209606,129.7371231195845,14.4675,2.7419354838709675,0.4727272727272727,0.6363636363636364,0.3058823529411765,0.9615384615384616,0.4,5,1.1294117647058823,10.32258064516129,42.67857142857142,1.3767281105990783,9.947970863683661,1.9375,22.58064516129032
23,F,167,62,15,96,112,34,27,53,34,25,90,35,20,25,37,25.9,22.230987127541326,1.6959101129220002,22.94,39.06,8.22546523719029,14.005521890351035,0.8571428571428571,0.5748502994011976,33.8971269723493,144.54634877819944,18.6112,2.823529411764706,0.5094339622641509,0.6415094339622641,0.28125,0.9259259259259259,0.3645833333333333,16,0.9375,8.982035928143713,41.774193548387096,1.129032258064516,9.286815590376134,1.6666666666666667,20.35928143712575
38,M,175,78,19,93,95,41,36,58,39,28,104,44,23,33,32,34.7,25.46938775510204,1.9472202409246537,24.96,53.04,8.150204081632653,17.319183673469386,0.9789473684210527,0.5314285714285715,23.03614278385895,127.79921129569007,17.3008,2.268292682926829,0.6206896551724138,0.6724137931034483,0.3870967741935484,0.7777777777777778,0.4731182795698925,2,1.118279569892473,10.857142857142858,44.48717948717949,1.390224358974359,11.33061224489796,1.736842105263158,22.285714285714285
63,M,172,84,18,114,104,38,32,53,36,30,94,38,26,38,29,36.0,28.393726338561386,2.0033305601755624,24.36,59.64,8.234180638182803,20.159545700378587,1.0961538461538463,0.6627906976744186,28.1042189377642,149.65903267366588,26.062,3.0,0.6037735849056604,0.6792452830188679,0.2807017543859649,0.9375,0.3333333333333333,-10,0.8245614035087719,10.465116279069768,42.857142857142854,1.477832512315271,12.168739859383452,2.111111111111111,20.930232558139537
35,F,162,42,14,78,84,33,27,44,35,23,89,37,21,31,22,17.7,16.00365797896662,1.374772708486752,9.24,32.76,3.520804755372656,12.482853223593962,0.9285714285714286,0.48148148148148145,22.73866229058298,140.54032930795108,12.193200000000001,2.3636363636363638,0.6136363636363636,0.7954545454545454,0.34615384615384615,0.8518518518518519,0.47435897435897434,6,1.141025641025641,8.641975308641975,42.142857142857146,1.9155844155844155,6.74439871970736,2.2142857142857144,21.604938271604937
35,M,172,51,19,91,81,35,35,53,36,28,95,41,23,40,22,22.9,17.239048134126556,1.5609825965290793,11.22,39.78,3.7925905895078427,13.446457544618715,1.123456790123457,0.5290697674418605,17.908093595758658,153.31831223329326,16.632,2.6,0.660377358490566,0.6792452830188679,0.38461538461538464,0.8,0.45054945054945056,-10,1.043956043956044,11.046511627906977,44.90196078431372,2.0409982174688053,7.740670632774473,2.1052631578947367,20.930232558139537
50,F,172,59,16,56,99,36,25,49,34,22,85,32,20,31,27,27.6,19.94321254732288,1.6789547012617372,15.930000000000001,43.07,5.384667387777178,14.558545159545702,0.5656565656565656,0.32558139534883723,25.887669950371695,87.72022696687041,7.5663,1.5555555555555556,0.5102040816326531,0.6938775510204082,0.44642857142857145,0.88,0.5714285714285714,43,1.5178571428571428,9.30232558139535,46.779661016949156,1.7325800376647833,9.329367225527314,1.9375,19.767441860465116
61,M,184,109,17,80,89,38,31,63,38,33,110,38,23,37,29,45.8,32.19517958412098,2.3603201289467304,31.61,77.39,9.336602079395085,22.858577504725897,0.898876404494382,0.43478260869565216,17.658516570070226,95.3584430514629,12.8567,2.1052631578947367,0.49206349206349204,0.6031746031746031,0.3875,1.064516129032258,0.475,9,1.375,9.239130434782608,42.01834862385321,1.4489085732363176,13.527882797731568,2.176470588235294,20.652173913043477
34,M,182,67,20,88,85,37,33,54,39,28,104,38,24,37,22,25.9,20.227025721531216,1.8404407684634196,14.74,52.26,4.449945658736867,15.777080062794347,1.035294117647059,0.4835164835164835,16.61878676713934,133.06212867981452,15.494299999999999,2.3783783783783785,0.6111111111111112,0.7222222222222222,0.375,0.8484848484848485,0.4318181818181818,-3,1.1818181818181819,10.989010989010989,38.656716417910445,1.7571234735413839,7.819103972950126,1.85,21.428571428571427
52,F,170,72,16,71,93,33,26,51,35,27,92,34,22,31,33,31.2,24.913494809688583,1.8439088914585775,23.76,48.239999999999995,8.221453287197233,16.69204152249135,0.7634408602150538,0.4176470588235294,23.957496448709094,100.08985572902064,10.4208,2.1515151515151514,0.5098039215686274,0.6862745098039216,0.36619718309859156,1.0384615384615385,0.4788732394366197,22,1.295774647887324,9.411764705882353,43.333333333333336,1.313131313131313,10.795847750865052,1.9375,20.588235294117645
18,F,169,52,16,80,97,37,30,55,37,26,79,36,22,31,21,21.7,18.20664542558034,1.562405552701062,10.92,41.08,3.8233955393718713,14.383249886208468,0.8247422680412371,0.47337278106508873,26.151115157032315,132.31380827390788,13.0023,2.1621621621621623,0.5454545454545454,0.6727272727272727,0.375,0.8666666666666667,0.45,17,0.9875,9.467455621301776,41.730769230769226,1.9871794871794872,7.597773187213334,1.9375,21.893491124260358
21,F,162,46,16,78,88,33,27,47,36,25,84,39,21,33,26,19.9,17.527815881725342,1.4387494569938157,11.96,34.04,4.55723212924859,12.970583752476754,0.8863636363636364,0.48148148148148145,24.67859859013455,134.29093455785915,12.238,2.3636363636363638,0.574468085106383,0.7659574468085106,0.34615384615384615,0.9259259259259259,0.5,10,1.0769230769230769,9.876543209876543,43.260869565217384,1.663879598662207,7.582685566224659,2.0625,22.22222222222222
48,F,152,69,15,81,92,33,30,50,36,25,84,38,20,30,41,28.5,29.864958448753463,1.7068489485989478,28.29,40.71,12.24463296398892,17.620325484764543,0.8804347826086957,0.5328947368421053,31.093324815888664,110.29498590866754,13.206700000000001,2.4545454545454546,0.6,0.72,0.37037037037037035,0.8333333333333334,0.4691358024691358,11,1.037037037037037,9.868421052631579,41.30434782608695,1.007423117709438,12.335526315789474,2.0,23.684210526315788
52,M,178,82,19,101,100,37,30,52,42,25,99,41,24,33,30,37.2,25.88057063502083,2.0135651080718606,24.599999999999998,57.400000000000006,7.764171190506248,18.11639944451458,1.01,0.5674157303370787,24.108521853700076,136.520525340294,20.4027,2.72972972972973,0.5769230769230769,0.8076923076923077,0.297029702970297,0.8333333333333334,0.40594059405940597,-1,0.9801980198019802,10.674157303370785,45.36585365853659,1.5121951219512197,11.740941800277744,1.736842105263158,23.595505617977526
29,F,159,51,15,75,104,33,30,41,35,22,93,37,23,34,20,21.3,20.17325264032277,1.5008331019803633,10.200000000000001,40.8,4.034650528064555,16.138602112258216,0.7211538461538461,0.4716981132075472,33.872556550117594,121.49215612361282,11.838700000000001,2.272727272727273,0.7317073170731707,0.8536585365853658,0.4,0.7333333333333333,0.49333333333333335,29,1.24,9.433962264150944,41.76470588235294,2.0882352941176467,8.425299632134804,2.2666666666666666,22.0125786163522
53,F,152,71,17,75,102,34,31,44,36,24,86,37,21,30,43,28.8,30.730609418282548,1.731409188429407,30.53,40.47,13.214162049861496,17.51644736842105,0.7352941176470589,0.4934210526315789,36.429555774137434,100.67633218674675,11.760299999999999,2.2058823529411766,0.7045454545454546,0.8181818181818182,0.41333333333333333,0.7741935483870968,0.49333333333333335,27,1.1466666666666667,11.18421052631579,40.563380281690144,0.9433344251555846,12.465373961218837,1.7647058823529411,23.684210526315788
40,M,180,82,17,100,89,41,35,59,36,28,95,42,24,34,31,39.0,25.30864197530864,2.0248456731316584,25.419999999999998,56.58,7.845679012345678,17.462962962962962,1.1235955056179776,0.5555555555555556,18.85371296249653,135.92609128205362,20.0847,2.4390243902439024,0.5932203389830508,0.6101694915254238,0.35,0.8,0.42,-11,0.95,9.444444444444445,47.5609756097561,1.5342250196695517,12.037037037037036,2.0,20.0
45,M,183,81,19,74,96,38,31,60,37,27,101,38,23,35,16,36.3,24.187046492878256,2.0291623887703025,12.96,68.03999999999999,3.869927438860521,20.31711905401773,0.7708333333333334,0.40437158469945356,20.778820771387423,102.04418400883614,11.290799999999999,1.9473684210526316,0.5166666666666667,0.6166666666666667,0.4189189189189189,0.8709677419354839,0.5135135135135135,22,1.364864864864865,10.382513661202186,44.81481481481481,2.8009259259259256,10.839380094956551,1.8421052631578947,20.21857923497268
52,M,177,60,19,89,95,39,33,54,39,27,98,40,25,33,18,22.1,19.15158479364167,1.7175564037317668,10.799999999999999,49.2,3.447285262855501,15.704299530786173,0.9368421052631579,0.5028248587570622,22.342583423880647,140.24084397442866,15.8672,2.282051282051282,0.6111111111111112,0.7222222222222222,0.3707865168539326,0.8181818181818182,0.449438202247191,6,1.101123595505618,10.734463276836157,36.833333333333336,2.0462962962962967,7.054167065658016,1.736842105263158,22.033898305084744
20,M,174,89,18,74,96,40,32,60,38,31,104,42,23,34,37,35.2,29.396221429515126,2.074045965417996,32.93,56.07,10.876601928920596,18.51961950059453,0.7708333333333334,0.42528735632183906,23.82609895607743,94.92592605356047,11.290799999999999,1.85,0.5333333333333333,0.6333333333333333,0.43243243243243246,0.96875,0.5675675675675675,22,1.4054054054054055,10.344827586206897,39.55056179775281,1.0689341026419679,11.626370722684635,1.8888888888888888,21.839080459770116
36,M,166,67,17,100,97,39,33,61,41,32,78,41,23,36,29,28.3,24.31412396574249,1.7576815537646302,19.43,47.57,7.051095950065322,17.26302801567717,1.0309278350515463,0.6024096385542169,27.35337409247849,144.40763141979707,20.0063,2.5641025641025643,0.5409836065573771,0.6721311475409836,0.33,0.9696969696969697,0.41,-3,0.78,10.240963855421686,42.23880597014926,1.456510550694802,10.26999564523153,2.1176470588235294,24.69879518072289
54,F,163,53,15,71,99,33,27,43,30,22,90,33,21,28,28,20.6,19.94805976890361,1.5491036834964347,14.840000000000002,38.16,5.585456735293012,14.362603033610599,0.7171717171717171,0.43558282208588955,29.57226045939128,114.23198358481585,10.630799999999999,2.1515151515151514,0.627906976744186,0.6976744186046512,0.38028169014084506,0.8148148148148148,0.4647887323943662,28,1.267605633802817,9.202453987730062,38.86792452830189,1.3881401617250673,7.753396815838007,1.8666666666666667,18.404907975460123
46,M,170,112,20,122,107,41,31,62,39,31,106,42,22,30,45,52.2,38.754325259515575,2.2997584414213788,50.4,61.6,17.439446366782008,21.314878892733567,1.1401869158878504,0.7176470588235294,30.273678709805083,137.89508347972225,29.9255,2.975609756097561,0.5,0.6290322580645161,0.2540983606557377,1.0,0.3442622950819672,-15,0.8688524590163934,11.76470588235294,46.60714285714286,1.0357142857142858,18.062283737024224,1.5,22.941176470588236
37,M,178,108,19,101,104,38,29,51,34,26,100,45,22,33,38,46.1,34.086605226612804,2.3108440016582685,41.04,66.96000000000001,12.952909986112864,21.13369524049994,0.9711538461538461,0.5674157303370787,25.79286272784808,118.95782067659792,20.4083,2.6578947368421053,0.5686274509803921,0.6666666666666666,0.2871287128712871,0.896551724137931,0.44554455445544555,3,0.9900990099009901,10.674157303370785,42.68518518518519,1.1232943469785575,14.549930564322686,1.736842105263158,19.101123595505616
58,M,171,71,17,85,94,40,30,57,39,28,112,47,25,41,16,32.3,24.280975342840534,1.8364367672206958,11.36,59.64,3.8849560548544853,20.39601928798605,0.9042553191489362,0.49707602339181284,24.0371910016234,121.02115923020479,14.5067,2.125,0.5263157894736842,0.6842105263157895,0.35294117647058826,0.9333333333333333,0.5529411764705883,9,1.3176470588235294,9.941520467836257,45.492957746478865,2.8433098591549295,11.046133853151398,2.411764705882353,22.807017543859647
31,F,169,88,17,91,112,35,31,51,36,25,98,35,21,29,43,34.1,30.811246104828268,2.032513495923486,37.839999999999996,50.160000000000004,13.248835825076153,17.562410279752115,0.8125,0.5384615384615384,32.97860719162494,115.69561809572804,16.8707,2.6,0.6078431372549019,0.7058823529411765,0.34065934065934067,0.8064516129032258,0.38461538461538464,21,1.0769230769230769,10.059171597633137,38.75,0.9011627906976746,11.939357865620954,1.7058823529411764,21.301775147928996
41,F,153,73,17,76,99,34,29,48,34,26,93,35,21,29,45,32.1,31.184587124610193,1.7613914953808538,32.85,40.15,14.033064206074588,17.151522918535605,0.7676767676767676,0.49673202614379086,34.31160539999338,100.94187783004516,11.9223,2.235294117647059,0.6041666666666666,0.7083333333333334,0.3815789473684211,0.896551724137931,0.4605263157894737,23,1.2236842105263157,11.11111111111111,43.97260273972603,0.9771689497716894,13.712674612328593,1.7058823529411764,22.22222222222222
56,M,167,76,17,91,105,34,28,63,39,27,106,42,25,36,31,31.3,27.250887446663558,1.8776462807343548,23.56,52.44,8.447775108465702,18.803112338197856,0.8666666666666667,0.5449101796407185,30.65355653657747,123.75601995182976,16.6992,2.676470588235294,0.4444444444444444,0.6190476190476191,0.3076923076923077,0.9642857142857143,0.46153846153846156,14,1.164835164835165,10.179640718562874,41.18421052631579,1.3285229202037352,11.223062856323281,2.1176470588235294,23.353293413173652
41,M,172,67,19,77,87,38,30,58,41,28,90,41,23,31,16,25.6,22.647376960519203,1.789164920042619,10.72,56.28,3.6235803136830724,19.02379664683613,0.8850574712643678,0.4476744186046512,20.56795238062967,113.18556662463234,11.928,2.026315789473684,0.5172413793103449,0.7068965517241379,0.38961038961038963,0.9333333333333333,0.5324675324675324,10,1.1688311688311688,11.046511627906977,38.2089552238806,2.388059701492537,8.653326122228233,1.631578947368421,23.837209302325583
52,F,163,58,17,72,90,34,28,50,35,28,88,38,23,32,39,22.6,21.829952199932254,1.6205280346575652,22.62,35.379999999999995,8.51368135797358,13.316270841958673,0.8,0.44171779141104295,25.247509508537533,110.73522792977984,10.5948,2.1176470588235294,0.56,0.7,0.3888888888888889,1.0,0.5277777777777778,18,1.2222222222222223,10.429447852760736,38.96551724137931,0.9991158267020336,8.506153788249465,1.8823529411764706,21.472392638036812
30,F,173,68,15,66,83,35,29,49,35,23,91,37,22,31,26,32.4,22.720438370810918,1.8076995817275,17.68,50.32,5.907313976410839,16.81312439440008,0.7951807228915663,0.3815028901734104,18.476145355714195,96.579740200228,8.914299999999999,1.8857142857142857,0.5918367346938775,0.7142857142857143,0.4393939393939394,0.7931034482758621,0.5606060606060606,17,1.378787878787879,8.670520231213873,47.647058823529406,1.832579185520362,10.825620635504025,2.066666666666667,20.23121387283237
27,F,155,80,16,87,99,36,28,57,39,27,81,35,25,32,41,34.8,33.29864724245577,1.855921454276674,32.8,47.2,13.652445369406864,19.646201873048906,0.8787878787878788,0.5612903225806452,33.30239584603057,111.09988522160823,15.2388,2.4166666666666665,0.49122807017543857,0.6842105263157895,0.3218390804597701,0.9642857142857143,0.40229885057471265,12,0.9310344827586207,10.32258064516129,43.49999999999999,1.0609756097560976,14.48491155046826,2.0,25.161290322580644
60,M,189,101,17,93,107,39,32,59,39,29,100,42,22,35,29,40.9,28.274684359340444,2.302715787933891,29.29,71.71000000000001,8.19965846420873,20.07502589513172,0.8691588785046729,0.49206349206349204,23.180448421959767,116.71499769889283,17.435200000000002,2.3846153846153846,0.5423728813559322,0.6610169491525424,0.34408602150537637,0.90625,0.45161290322580644,14,1.075268817204301,8.994708994708994,40.495049504950494,1.396381017412086,11.449847428683407,2.0588235294117645,20.634920634920633
64,M,174,100,18,78,96,38,32,60,36,28,101,41,22,33,32,37.3,33.029462280354075,2.1984843263788196,32.0,68.0,10.569427929713305,22.460034350640772,0.8125,0.4482758620689655,23.82609895607743,94.39363896745759,12.3948,2.0526315789473686,0.5333333333333333,0.6,0.41025641025641024,0.875,0.5256410256410257,18,1.294871794871795,10.344827586206897,37.3,1.165625,12.319989430572068,1.8333333333333333,20.689655172413794
27,F,161,74,15,98,98,35,29,52,35,26,87,38,22,31,41,27.7,28.54828131630724,1.819187852983975,30.34,43.66,11.704795339685967,16.84348597662127,1.0,0.6086956521739131,29.971937771075687,132.61622335167087,19.208,2.8,0.5576923076923077,0.6730769230769231,0.29591836734693877,0.896551724137931,0.3877551020408163,0,0.8877551020408163,9.316770186335404,37.432432432432435,0.9129861568885959,10.68631611434744,2.066666666666667,21.73913043478261
25,M,181,70,17,90,96,36,35,63,40,28,95,41,22,39,22,34.6,21.36686914318855,1.876018242034028,15.4,54.6,4.70071121150148,16.666157931687067,0.9375,0.4972375690607735,21.423335933551357,132.77193325011467,16.2252,2.5,0.5555555555555556,0.6349206349206349,0.3888888888888889,0.8,0.45555555555555555,6,1.0555555555555556,9.392265193370166,49.42857142857143,2.2467532467532467,10.56133817649034,2.2941176470588234,22.099447513812155
43,F,174,84,15,73,108,34,23,44,36,26,88,37,20,27,39,34.9,27.74474831549742,2.0149441679609885,32.76,51.24,10.820451843043994,16.924296472453427,0.6759259259259259,0.41954022988505746,29.05436132558711,96.38985862460822,11.5155,2.1470588235294117,0.5227272727272727,0.8181818181818182,0.3150684931506849,1.1304347826086956,0.5068493150684932,35,1.2054794520547945,8.620689655172415,41.547619047619044,1.0653235653235653,11.527282335843571,1.8,20.689655172413794
29,F,163,61,15,73,89,31,25,55,34,25,85,34,20,26,22,26.6,22.95908765854944,1.66190987855673,13.42,47.58,5.050999284880876,17.908088373668562,0.8202247191011236,0.44785276073619634,24.766981625109338,109.47759464699168,10.837200000000001,2.3548387096774195,0.45454545454545453,0.6181818181818182,0.3424657534246575,1.0,0.4657534246575342,16,1.1643835616438356,9.202453987730062,43.606557377049185,1.9821162444113265,10.011667733072379,1.7333333333333334,20.858895705521473
43,F,164,90,16,96,115,36,29,55,33,26,108,36,22,31,45,38.5,33.462224866151104,2.0248456731316584,40.5,49.5,15.058001189767998,18.404223676383108,0.8347826086956521,0.5853658536585366,36.75604456460274,118.8900211747029,18.6847,2.6666666666666665,0.5272727272727272,0.6,0.3020833333333333,0.896551724137931,0.375,19,1.125,9.75609756097561,42.77777777777778,0.9506172839506173,14.314396192742418,1.9375,20.121951219512198
53,M,179,61,18,82,104,36,30,56,36,28,103,38,23,31,20,23.4,19.038107424861895,1.7415669827932416,12.200000000000001,48.8,3.8076214849723797,15.230485939889515,0.7884615384615384,0.4581005586592179,25.426396450391806,128.8691465685479,13.7868,2.2777777777777777,0.5357142857142857,0.6428571428571429,0.36585365853658536,0.9333333333333333,0.4634146341463415,22,1.2560975609756098,10.05586592178771,38.36065573770492,1.9180327868852456,7.30314284822571,1.7222222222222223,20.11173184357542
25,M,180,84,19,84,98,39,32,46,36,30,103,42,22,37,34,33.3,25.925925925925924,2.04939015319192,28.560000000000002,55.44,8.814814814814815,17.11111111111111,0.8571428571428571,0.4666666666666667,22.58049292499618,112.81046714817907,14.2492,2.1538461538461537,0.6956521739130435,0.782608695652174,0.38095238095238093,0.9375,0.5,14,1.2261904761904763,10.555555555555555,39.64285714285714,1.1659663865546217,10.277777777777777,1.9473684210526316,20.0
25,F,168,54,16,80,96,33,28,55,38,24,98,35,21,32,28,22.5,19.13265306122449,1.5874507866387544,15.120000000000001,38.879999999999995,5.3571428571428585,13.775510204081634,0.8333333333333334,0.47619047619047616,26.086671417740547,129.45572164230413,12.9792,2.4242424242424243,0.509090909090909,0.6909090909090909,0.35,0.8571428571428571,0.4375,16,1.225,9.523809523809524,41.66666666666667,1.488095238095238,7.971938775510205,2.0,22.61904761904762
18,F,164,65,16,65,92,35,29,54,35,24,83,39,22,27,32,27.3,24.167162403331353,1.7207879332187075,20.8,44.2,7.7334919690660335,16.433670434265323,0.7065217391304348,0.39634146341463417,25.80483565168219,94.72227155332334,8.9603,1.8571428571428572,0.5370370370370371,0.6481481481481481,0.4461538461538462,0.8275862068965517,0.6,27,1.2769230769230768,9.75609756097561,42.0,1.3125,10.15020820939917,1.6875,21.341463414634145
42,M,187,71,19,77,106,39,32,52,41,26,90,45,22,34,22,29.0,20.303697560696612,1.920431085864722,15.62,55.38,4.466813463353255,15.83688409734336,0.7264150943396226,0.4117647058823529,23.451805859612747,114.64519468529546,12.4467,1.9743589743589745,0.6153846153846154,0.7884615384615384,0.4155844155844156,0.8125,0.5844155844155844,29,1.1688311688311688,10.16042780748663,40.845070422535215,1.856594110115237,8.293059567045097,1.7894736842105263,21.92513368983957
25,F,159,68,16,84,105,34,28,50,34,24,92,37,21,28,41,28.7,26.897670187097027,1.7330127908741277,27.88,40.120000000000005,11.02804477670978,15.869625410387247,0.8,0.5283018867924528,34.37133113233026,117.84112879122509,14.4207,2.4705882352941178,0.56,0.68,0.3333333333333333,0.8571428571428571,0.44047619047619047,21,1.0952380952380953,10.062893081761008,42.205882352941174,1.0294117647058825,11.352399034848304,1.75,21.38364779874214
65,F,175,94,16,95,81,34,26,49,37,24,95,38,21,34,44,38.1,30.693877551020407,2.13762588973011,41.36,52.64,13.50530612244898,17.18857142857143,1.1728395061728396,0.5428571428571428,16.98871121571132,118.9192618725515,18.1872,2.7941176470588234,0.5306122448979592,0.7551020408163265,0.2736842105263158,0.9230769230769231,0.4,-14,1.0,9.142857142857142,40.53191489361702,0.9211798839458415,12.440816326530612,2.125,21.142857142857142
53,M,166,89,19,94,93,42,37,53,41,27,92,39,24,35,30,32.0,32.29786616344898,2.0258057381913224,26.7,62.3,9.689359849034693,22.608506314414285,1.010752688172043,0.5662650602409639,25.48313186186082,117.77697519223852,17.6727,2.238095238095238,0.6981132075471698,0.7735849056603774,0.39361702127659576,0.7297297297297297,0.4148936170212766,-1,0.9787234042553191,11.44578313253012,35.95505617977528,1.198501872659176,11.612715923936712,1.8421052631578947,24.69879518072289
64,F,165,70,14,91,97,33,27,49,31,25,89,39,21,28,36,28.2,25.71166207529844,1.7911821050170564,25.2,44.8,9.25619834710744,16.455463728191003,0.9381443298969072,0.5515151515151515,27.766301565859237,128.1763341204866,16.5872,2.757575757575758,0.5510204081632653,0.6326530612244898,0.2967032967032967,0.9259259259259259,0.42857142857142855,6,0.978021978021978,8.484848484848486,40.285714285714285,1.119047619047619,10.358126721763087,2.0,18.787878787878785
36,F,159,75,16,90,113,33,28,55,35,25,99,36,22,33,41,28.5,29.666548000474663,1.8200274723201295,30.749999999999996,44.25,12.16328468019461,17.503263320280052,0.7964601769911505,0.5660377358490566,38.361527790031616,120.22199817160487,16.5703,2.727272727272727,0.509090909090909,0.6363636363636364,0.3111111111111111,0.8928571428571429,0.4,23,1.1,10.062893081761008,38.0,0.9268292682926831,11.27328824018037,2.0625,22.0125786163522
64,M,173,71,18,109,110,38,32,56,42,33,92,41,24,32,30,28.0,23.722810651876106,1.84714494408112,21.3,49.7,7.116843195562832,16.605967456313277,0.990909090909091,0.630057803468208,30.341879387091105,156.09675583784113,23.762700000000002,2.8684210526315788,0.5714285714285714,0.75,0.29357798165137616,1.03125,0.3761467889908257,1,0.8440366972477065,10.404624277456648,39.436619718309856,1.3145539906103285,9.355474623275084,1.7777777777777777,24.277456647398843
54,F,163,83,15,100,102,35,27,45,32,25,107,34,23,32,45,35.3,31.239414355075468,1.938570492800186,37.35,45.65,14.05773645978396,17.181677895291507,0.9803921568627451,0.6134969325153374,31.013844109675865,128.5666293445464,20.0028,2.857142857142857,0.6,0.7111111111111111,0.27,0.9259259259259259,0.34,2,1.07,9.202453987730062,42.53012048192771,0.9451137884872823,13.286160563062214,2.1333333333333333,19.631901840490798
45,F,160,55,15,81,101,33,27,55,38,25,94,33,19,27,25,24.5,21.484374999999996,1.5634719199411433,13.75,41.25,5.371093749999999,16.113281249999996,0.801980198019802,0.50625,31.90469432453223,126.74684788847298,13.402,2.4545454545454546,0.4909090909090909,0.6909090909090909,0.3333333333333333,0.9259259259259259,0.4074074074074074,20,1.1604938271604939,9.375,44.54545454545455,1.7818181818181817,9.570312499999998,1.8,23.75
46,M,173,96,18,91,114,40,30,62,38,29,84,42,22,32,31,38.6,32.075912994086,2.1478671591449348,29.759999999999998,66.24000000000001,9.94353302816666,22.132379965919345,0.7982456140350878,0.5260115606936416,32.09976591025806,112.07334373978732,16.932299999999998,2.275,0.4838709677419355,0.6129032258064516,0.32967032967032966,0.9666666666666667,0.46153846153846156,23,0.9230769230769231,10.404624277456648,40.208333333333336,1.2970430107526882,12.89719001637208,1.7777777777777777,21.965317919075144
43,M,170,70,18,82,92,39,33,53,40,31,94,33,26,35,26,31.8,24.221453287197235,1.818118685772619,18.2,51.8,6.297577854671281,17.923875432525953,0.8913043478260869,0.4823529411764706,23.50634057291652,117.23648668415841,13.518,2.1025641025641026,0.6226415094339622,0.7547169811320755,0.4024390243902439,0.9393939393939394,0.4024390243902439,10,1.146341463414634,10.588235294117647,45.42857142857143,1.7472527472527473,11.003460207612457,1.9444444444444444,23.52941176470588
27,F,160,58,16,86,103,36,27,51,38,23,86,36,23,31,25,24.6,22.656249999999996,1.6055459438389728,14.5,43.5,5.664062499999999,16.992187499999996,0.8349514563106796,0.5375,32.892906093334844,131.04424343892913,14.994299999999999,2.388888888888889,0.5294117647058824,0.7450980392156863,0.313953488372093,0.8518518518518519,0.4186046511627907,17,1.0,10.0,42.41379310344828,1.696551724137931,9.609374999999998,1.9375,23.75
38,F,155,54,16,72,108,34,27,57,35,26,80,36,21,29,28,22.3,22.476586888657646,1.5247950681976907,15.120000000000001,38.879999999999995,6.293444328824141,16.183142559833502,0.6666666666666666,0.4645161290322581,37.96625001385153,111.91156463836262,11.2752,2.1176470588235294,0.47368421052631576,0.6140350877192983,0.375,0.9629629629629629,0.5,36,1.1111111111111112,10.32258064516129,41.2962962962963,1.4748677248677249,9.281997918834547,1.8125,22.58064516129032
51,M,173,49,17,89,85,41,31,59,37,27,110,41,25,34,9,20.2,16.372080590731397,1.534510417762689,4.41,44.59,1.4734872531658258,14.898593337565572,1.0470588235294118,0.5144508670520231,19.355088617297675,153.42231100641752,15.853200000000001,2.1707317073170733,0.5254237288135594,0.6271186440677966,0.34831460674157305,0.8709677419354839,0.4606741573033708,-4,1.2359550561797752,9.826589595375722,41.224489795918366,4.580498866213151,6.749306692505596,2.0,21.38728323699422
32,F,160,55,16,99,90,34,29,52,37,27,94,37,22,26,35,21.3,21.484374999999996,1.5634719199411433,19.25,35.75,7.519531249999998,13.964843749999996,1.1,0.61875,26.46952959611783,154.91281408591144,19.6587,2.911764705882353,0.5576923076923077,0.7115384615384616,0.29292929292929293,0.9310344827586207,0.37373737373737376,-9,0.9494949494949495,10.0,38.72727272727273,1.1064935064935066,8.320312499999998,1.625,23.125
40,F,167,45,15,55,110,33,27,56,35,27,74,38,24,29,11,21.0,16.1353938828929,1.4448183276799889,4.95,40.05,1.7748933271182188,14.360500555774678,0.5,0.32934131736526945,32.97039256212877,97.20490277969344,8.1675,1.6666666666666667,0.48214285714285715,0.625,0.4909090909090909,1.0,0.6909090909090909,55,1.3454545454545455,8.982035928143713,46.666666666666664,4.242424242424242,7.529850478683352,1.9333333333333333,20.958083832335326
62,F,156,58,17,86,113,32,27,50,33,25,78,36,22,28,32,23.4,23.83300460223537,1.5853495934125486,18.56,39.44,7.626561472715317,16.20644312952005,0.7610619469026548,0.5512820512820513,39.9951326281245,129.39582255629153,15.302299999999999,2.6875,0.54,0.66,0.313953488372093,0.9259259259259259,0.4186046511627907,27,0.9069767441860465,10.897435897435898,40.3448275862069,1.2607758620689655,9.615384615384613,1.6470588235294117,21.153846153846153
28,F,169,86,15,82,102,32,26,51,36,22,89,38,23,29,32,37.7,30.110990511536716,2.0092840073574023,27.52,58.480000000000004,9.635516963691748,20.475473547844967,0.803921568627451,0.48520710059171596,28.42694583522986,105.45847360996821,13.728,2.5625,0.5098039215686274,0.7058823529411765,0.3170731707317073,0.8461538461538461,0.4634146341463415,20,1.0853658536585367,8.875739644970414,43.83720930232558,1.3699127906976745,13.199817933545747,1.9333333333333333,21.301775147928996
27,M,179,75,17,77,99,37,26,58,36,31,105,39,25,37,24,30.4,23.40750912892856,1.9311050377094112,18.0,57.0,5.617802190942855,17.789706937985706,0.7777777777777778,0.4301675977653631,23.338588928738353,109.13400947055021,12.1968,2.081081081081081,0.4482758620689655,0.6206896551724138,0.33766233766233766,1.1923076923076923,0.5064935064935064,22,1.3636363636363635,9.497206703910614,40.53333333333333,1.6888888888888889,9.487843700259043,2.176470588235294,20.11173184357542
34,M,173,81,18,86,100,41,32,60,38,27,104,41,25,32,34,36.5,27.064051588760066,1.972941965694886,27.540000000000003,53.459999999999994,9.201777540178423,17.86227404858164,0.86,0.49710982658959535,25.947163079173734,115.30615633690805,14.929200000000002,2.097560975609756,0.5333333333333333,0.6333333333333333,0.37209302325581395,0.84375,0.47674418604651164,14,1.2093023255813953,10.404624277456648,45.06172839506173,1.3253449527959331,12.19552941962645,1.7777777777777777,21.965317919075144
18,M,175,62,17,94,76,37,30,58,36,30,83,44,23,38,17,27.7,20.244897959183675,1.7360555546666383,10.540000000000001,51.46,3.441632653061225,16.803265306122448,1.236842105263158,0.5371428571428571,14.82891422708716,144.88537035098904,17.898799999999998,2.5405405405405403,0.5172413793103449,0.6206896551724138,0.3191489361702128,1.0,0.46808510638297873,-18,0.8829787234042553,9.714285714285714,44.67741935483871,2.6280834914611004,9.044897959183674,2.235294117647059,20.57142857142857
31,F,165,61,15,70,100,36,26,46,35,25,91,38,25,31,29,24.5,22.4058769513315,1.672074559741082,17.689999999999998,43.31,6.497704315886134,15.908172635445366,0.7,0.42424242424242425,29.18175419160746,105.62059183204308,10.43,1.9444444444444444,0.5652173913043478,0.7608695652173914,0.37142857142857144,0.9615384615384616,0.5428571428571428,30,1.3,9.090909090909092,40.16393442622951,1.3849632560768799,8.999081726354454,2.066666666666667,21.21212121212121
31,F,163,78,16,91,95,34,32,49,35,27,90,36,23,30,45,31.8,29.357521924046825,1.8792729090439917,35.1,42.9,13.210884865821072,16.146637058225753,0.9578947368421052,0.558282208588957,27.6501489256785,120.68725103952241,16.5732,2.676470588235294,0.6530612244897959,0.7142857142857143,0.3516483516483517,0.84375,0.3956043956043956,4,0.989010989010989,9.815950920245399,40.76923076923077,0.905982905982906,11.968835861342166,1.875,21.472392638036812
28,F,160,64,17,88,98,35,30,53,34,28,84,42,21,29,27,28.0,24.999999999999996,1.6865480854231356,17.28,46.72,6.749999999999999,18.249999999999996,0.8979591836734694,0.55,30.4223766713283,127.651575272852,15.558,2.5142857142857142,0.5660377358490566,0.6415094339622641,0.3409090909090909,0.9333333333333333,0.4772727272727273,10,0.9545454545454546,10.625,43.75,1.6203703703703702,10.937499999999998,1.7058823529411764,21.25
42,M,167,74,17,90,106,39,32,50,40,30,100,42,26,34,30,33.4,26.533758829646096,1.8527756954844206,22.2,51.8,7.960127648893829,18.57363118075227,0.8490566037735849,0.5389221556886228,31.116923741687728,124.03903738675764,16.3792,2.3076923076923075,0.64,0.8,0.35555555555555557,0.9375,0.4666666666666667,16,1.1111111111111112,10.179640718562874,45.13513513513514,1.5045045045045045,11.976047904191617,2.0,23.952095808383234
21,F,169,65,15,75,101,33,24,55,38,25,81,39,23,30,31,27.0,22.758306781975424,1.7468225121313525,20.15,44.85,7.055075102412381,15.703231679563043,0.7425742574257426,0.4437869822485207,27.97177969959035,110.94850112337453,11.7232,2.272727272727273,0.43636363636363634,0.6909090909090909,0.32,1.0416666666666667,0.52,26,1.08,8.875739644970414,41.53846153846154,1.3399503722084367,9.453450509435946,2.0,22.485207100591715
36,M,172,99,19,108,93,41,35,52,40,29,97,42,22,40,36,43.8,33.46403461330449,2.1748563170931545,35.64,63.36,12.047052460789617,21.416982152514876,1.1612903225806452,0.627906976744186,23.227811165500682,130.60021253603597,23.4855,2.6341463414634148,0.6730769230769231,0.7692307692307693,0.32407407407407407,0.8285714285714286,0.3888888888888889,-15,0.8981481481481481,11.046511627906977,44.242424242424235,1.2289562289562288,14.805300162249866,2.1052631578947367,23.25581395348837
38,F,167,60,15,79,113,34,25,58,35,23,88,35,22,30,23,22.6,21.513858510523864,1.6683325008322931,13.8,46.2,4.948187457420489,16.565671053103376,0.6991150442477876,0.47305389221556887,34.36049417745956,120.91584180344142,13.2912,2.323529411764706,0.43103448275862066,0.603448275862069,0.31645569620253167,0.92,0.4430379746835443,34,1.1139240506329113,8.982035928143713,37.66666666666667,1.6376811594202898,8.103553372297322,2.0,20.958083832335326
30,M,177,89,19,87,106,36,29,56,38,30,106,45,27,35,26,38.3,28.40818411056848,2.0918492616183735,23.14,65.86,7.386127868747805,21.022056241820675,0.8207547169811321,0.4915254237288136,27.013829925593143,112.56007778216585,15.3907,2.4166666666666665,0.5178571428571429,0.6785714285714286,0.3333333333333333,1.0344827586206897,0.5172413793103449,19,1.2183908045977012,10.734463276836157,43.03370786516854,1.6551426101987898,12.225094959941266,1.8421052631578947,21.468926553672315
57,M,186,92,18,97,93,38,27,50,40,28,108,38,22,38,23,35.8,26.59266967279454,2.180214056769044,21.16,70.84,6.116314024742744,20.476355648051797,1.043010752688172,0.521505376344086,18.661778755338318,126.53416244910089,18.8292,2.5526315789473686,0.54,0.8,0.27835051546391754,1.037037037037037,0.3917525773195876,-4,1.1134020618556701,9.67741935483871,38.91304347826087,1.6918714555765595,10.34801711180483,2.111111111111111,21.50537634408602
22,F,163,62,15,90,112,35,30,46,35,24,105,39,21,33,33,24.4,23.335466144755166,1.6754767149149588,20.46,41.54,7.700703827769206,15.634762316985961,0.8035714285714286,0.5521472392638037,35.819122943957815,133.87946523440036,16.5388,2.5714285714285716,0.6521739130434783,0.7608695652173914,0.3333333333333333,0.8,0.43333333333333335,22,1.1666666666666667,9.202453987730062,39.354838709677416,1.1925708699902247,9.183635063419775,2.2,21.472392638036812
20,M,176,83,18,102,97,34,34,59,38,28,110,42,24,34,32,33.5,26.794938016528928,2.014392657298417,26.560000000000002,56.44,8.574380165289258,18.22055785123967,1.0515463917525774,0.5795454545454546,23.54346651142481,136.2670837036179,20.8255,3.0,0.576271186440678,0.6440677966101694,0.3333333333333333,0.8235294117647058,0.4117647058823529,-5,1.0784313725490196,10.227272727272728,40.36144578313253,1.2612951807228914,10.81482438016529,1.8888888888888888,21.59090909090909
61,F,158,70,16,76,104,34,27,53,34,23,84,37,23,31,35,31.9,28.040378144528116,1.7527755766846542,24.5,45.5,9.81413235058484,18.226245793943274,0.7307692307692307,0.4810126582278481,34.3657959204278,104.75303577564907,12.1008,2.235294117647059,0.5094339622641509,0.6415094339622641,0.35526315789473684,0.8518518518518519,0.4868421052631579,28,1.105263157894737,10.126582278481013,45.57142857142857,1.3020408163265305,12.778400897292098,1.9375,21.518987341772153
53,M,171,107,19,94,91,39,30,60,35,25,96,41,23,41,45,42.8,36.592455798365314,2.254440063519099,48.15,58.85,16.46660510926439,20.125850689100922,1.032967032967033,0.5497076023391813,22.695578522848187,109.02033746246865,17.6783,2.41025641025641,0.5,0.5833333333333334,0.3191489361702128,0.8333333333333334,0.43617021276595747,-3,1.0212765957446808,11.11111111111111,40.0,0.8888888888888888,14.636982319346124,2.1578947368421053,20.46783625730994
37,F,161,57,16,66,106,32,30,47,32,22,77,32,23,32,13,23.7,21.98989236526368,1.596610994158147,7.41,49.59,2.858686007484279,19.131206357779405,0.6226415094339622,0.40993788819875776,33.888014323816556,101.76371377541062,9.832,2.0625,0.6382978723404256,0.6808510638297872,0.45454545454545453,0.7333333333333333,0.48484848484848486,40,1.1666666666666667,9.937888198757763,41.57894736842105,3.198380566801619,9.143165772925427,2.0,19.875776397515526
22,M,171,46,18,65,103,37,34,55,40,28,91,39,22,34,8,20.4,15.731336137614994,1.4781745499094483,3.68,42.32,1.2585068910091997,14.472829246605794,0.6310679611650486,0.38011695906432746,28.062028437949046,114.97568298059133,9.460799999999999,1.7567567567567568,0.6181818181818182,0.7272727272727273,0.5230769230769231,0.8235294117647058,0.6,38,1.4,10.526315789473683,44.34782608695652,5.5434782608695645,6.976505591464041,1.8888888888888888,23.391812865497073
34,M,170,51,18,105,112,40,34,60,40,26,106,38,24,32,8,19.2,17.647058823529413,1.5518805795979707,4.08,46.92,1.411764705882353,16.23529411764706,0.9375,0.6176470588235294,32.52945808876794,175.87421571266802,22.0843,2.625,0.5666666666666667,0.6666666666666666,0.3238095238095238,0.7647058823529411,0.3619047619047619,7,1.0095238095238095,10.588235294117647,37.64705882352941,4.705882352941177,6.6435986159169556,1.7777777777777777,23.52941176470588
53,F,172,76,16,66,100,35,29,51,37,24,85,36,22,29,30,26.8,25.689561925365066,1.9055474570608604,22.8,53.2,7.706868577609519,17.982693347755546,0.66,0.38372093023255816,26.330979747850193,91.09087312845253,9.5212,1.8857142857142857,0.5686274509803921,0.7254901960784313,0.4393939393939394,0.8275862068965517,0.5454545454545454,34,1.2878787878787878,9.30232558139535,35.26315789473684,1.1754385964912282,9.058950784207681,1.8125,21.511627906976745
62,F,164,62,16,84,87,33,30,49,36,23,87,37,22,32,24,24.3,23.051754907792983,1.6806083554607374,14.879999999999999,47.120000000000005,5.532421177870316,17.51933372992267,0.9655172413793104,0.5121951219512195,23.424138061916857,125.33687646525773,14.1183,2.5454545454545454,0.6122448979591837,0.7346938775510204,0.35714285714285715,0.7666666666666667,0.44047619047619047,3,1.0357142857142858,9.75609756097561,39.193548387096776,1.6330645161290325,9.034800713860799,2.0,21.951219512195124
21,F,167,56,16,97,105,34,32,54,35,29,89,37,20,30,32,22.5,20.07960127648894,1.611762320498211,17.92,38.08,6.425472408476461,13.654128868012478,0.9238095238095239,0.5808383233532934,30.65355653657747,153.6772068364939,18.8628,2.8529411764705883,0.5925925925925926,0.6481481481481481,0.32989690721649484,0.90625,0.38144329896907214,8,0.9175257731958762,9.580838323353294,40.17857142857143,1.255580357142857,8.06769694144645,1.875,20.958083832335326
29,M,177,86,17,88,106,41,30,57,39,29,101,40,24,40,32,36.0,27.450604870886398,2.0562911596691102,27.52,58.480000000000004,8.784193558683647,18.66641131220275,0.8301886792452831,0.4971751412429379,27.013829925593143,115.8226725309676,15.714799999999999,2.1463414634146343,0.5263157894736842,0.6842105263157895,0.3409090909090909,0.9666666666666667,0.45454545454545453,18,1.1477272727272727,9.6045197740113,41.86046511627907,1.308139534883721,11.490950876185003,2.3529411764705883,22.033898305084744
65,F,169,82,15,90,103,35,28,50,35,26,89,36,19,30,37,37.4,28.71047932495361,1.9620001132631069,30.34,51.66,10.622877350232836,18.087601974720773,0.8737864077669902,0.5325443786982249,28.882111970869367,118.53659220878025,16.3183,2.5714285714285716,0.56,0.7,0.3111111111111111,0.9285714285714286,0.4,13,0.9888888888888889,8.875739644970414,45.609756097560975,1.2326961107448913,13.094779594552012,2.0,20.710059171597635
63,F,167,81,15,86,89,34,27,48,34,25,86,39,22,28,30,36.3,29.043708989207214,1.9384271974980127,24.3,56.7,8.713112696762165,20.33059629244505,0.9662921348314607,0.5149700598802395,23.239681254813277,113.28898334001298,14.7983,2.5294117647058822,0.5625,0.7083333333333334,0.313953488372093,0.9259259259259259,0.45348837209302323,3,1.0,8.982035928143713,44.81481481481481,1.493827160493827,13.015884398866936,1.8666666666666667,20.35928143712575
52,M,186,110,17,81,94,39,34,55,43,36,88,37,22,31,27,40.2,31.795583304428252,2.38397427279183,29.700000000000003,80.3,8.58480749219563,23.210775812232622,0.8617021276595744,0.43548387096774194,19.0559914301269,96.63148428497325,13.2403,2.076923076923077,0.6181818181818182,0.7818181818181819,0.41975308641975306,1.0588235294117647,0.4567901234567901,13,1.0864197530864197,9.13978494623656,36.54545454545455,1.3535353535353536,11.619840443981962,1.8235294117647058,23.118279569892472
57,M,169,83,18,114,101,38,31,53,38,27,89,46,23,41,33,36.8,29.060607121599386,1.9739272754812647,27.39,55.61,9.590000350127799,19.47060677147159,1.1287128712871286,0.6745562130177515,27.97177969959035,149.23911312359735,26.1103,3.0,0.5849056603773585,0.7169811320754716,0.2719298245614035,0.8709677419354839,0.40350877192982454,-13,0.7807017543859649,10.650887573964498,44.33734939759036,1.343556042351223,12.884702916564546,2.2777777777777777,22.485207100591715
36,F,163,74,15,74,108,32,27,47,34,24,93,38,23,32,34,29.4,27.85200797922391,1.830452281693122,25.16,48.84,9.469682712936129,18.382325266287783,0.6851851851851852,0.4539877300613497,33.897011410245035,100.75884119411678,11.7612,2.3125,0.574468085106383,0.723404255319149,0.36486486486486486,0.8888888888888888,0.5135135135135135,34,1.2567567567567568,9.202453987730062,39.729729729729726,1.1685214626391096,11.065527494448418,2.1333333333333333,20.858895705521473
42,F,162,92,16,93,92,33,26,49,36,22,102,36,21,31,44,39.6,35.055631763450684,2.0346989949375804,40.48,51.52,15.4244779759183,19.631153787532387,1.0108695652173914,0.5740740740740741,26.618534889686117,113.219190184999,17.2987,2.8181818181818183,0.5306122448979592,0.7346938775510204,0.27956989247311825,0.8461538461538461,0.3870967741935484,-1,1.096774193548387,9.876543209876543,43.04347826086957,0.9782608695652175,15.089163237311382,1.9375,22.22222222222222
20,F,167,69,14,91,96,34,25,56,35,25,82,38,20,33,35,27.7,24.740937287102444,1.7890872905851556,24.15,44.85,8.659328050485854,16.08160923661659,0.9479166666666666,0.5449101796407185,26.483251690585114,129.8818854752686,16.5795,2.676470588235294,0.44642857142857145,0.625,0.27472527472527475,1.0,0.4175824175824176,5,0.9010989010989011,8.383233532934131,40.14492753623188,1.1469979296066253,9.93223134569185,2.357142857142857,20.958083832335326
47,M,174,80,18,85,100,41,32,56,41,28,118,43,24,33,22,32.4,26.42356982428326,1.96638416050035,17.6,62.4,5.813185361342318,20.610384462940942,0.85,0.4885057471264368,25.568853079247326,115.00641305678654,14.6075,2.073170731707317,0.5714285714285714,0.7321428571428571,0.3764705882352941,0.875,0.5058823529411764,15,1.388235294117647,10.344827586206897,40.5,1.8409090909090906,10.70154577883472,1.8333333333333333,23.563218390804597
24,M,183,60,19,94,95,39,31,58,35,27,94,41,23,33,21,28.8,17.916330735465376,1.746424919657298,12.6,47.4,3.7624294544477284,14.153901281017646,0.9894736842105263,0.5136612021857924,20.374874721685472,150.60912151173028,17.6727,2.41025641025641,0.5344827586206896,0.603448275862069,0.32978723404255317,0.8709677419354839,0.43617021276595747,1,1.0,10.382513661202186,48.00000000000001,2.285714285714286,8.59983875302338,1.736842105263158,19.12568306010929
26,M,179,94,19,91,100,38,29,58,35,31,108,42,22,32,36,37.8,29.33741144159046,2.1619178728362667,33.839999999999996,60.160000000000004,10.561468118972565,18.7759433226179,0.91,0.5083798882681564,23.756150433069045,115.2066326926217,16.6187,2.3947368421052633,0.5,0.603448275862069,0.31868131868131866,1.0689655172413792,0.46153846153846156,9,1.1868131868131868,10.614525139664805,40.212765957446805,1.1170212765957448,11.797384600979994,1.6842105263157894,19.553072625698324
18,F,167,72,17,68,98,35,28,57,36,27,86,40,22,30,31,24.5,25.816630212628635,1.8275666882497066,22.32,49.68,8.003155365914877,17.81347484671376,0.6938775510204082,0.40718562874251496,27.409986100805632,95.01111223316518,9.878,1.9428571428571428,0.49122807017543857,0.631578947368421,0.4117647058823529,0.9642857142857143,0.5882352941176471,30,1.2647058823529411,10.179640718562874,34.02777777777778,1.0976702508960574,8.784825558463911,1.7647058823529411,21.55688622754491
23,F,157,62,16,75,107,33,27,55,37,20,93,39,20,27,32,26.7,25.153150229218223,1.6443505979227448,19.84,42.16,8.049008073349832,17.10414215586839,0.7009345794392523,0.47770700636942676,36.39190868664686,109.49360299870307,11.9668,2.272727272727273,0.4909090909090909,0.6727272727272727,0.36,0.7407407407407407,0.52,32,1.24,10.191082802547772,43.064516129032256,1.345766129032258,10.832082437421395,1.6875,23.56687898089172
62,F,157,67,16,84,105,32,29,59,38,23,93,36,22,29,41,29.3,27.18163008641324,1.7093696043993658,27.47,39.53,11.144468335429428,16.037161750983813,0.8,0.535031847133758,35.37523749624224,117.96827065826105,14.4207,2.625,0.4915254237288136,0.6440677966101694,0.34523809523809523,0.7931034482758621,0.42857142857142855,21,1.1071428571428572,10.191082802547772,43.73134328358209,1.066618128867856,11.886891963162805,1.8125,24.203821656050955
57,M,173,68,17,79,95,39,35,53,37,29,113,44,24,37,21,30.5,22.720438370810918,1.8076995817275,14.28,53.72,4.771292057870292,17.949146312940623,0.8315789473684211,0.45664739884393063,23.749804925215045,115.60302236087898,12.661200000000001,2.0256410256410255,0.660377358490566,0.6981132075471698,0.4430379746835443,0.8285714285714286,0.5569620253164557,16,1.4303797468354431,9.826589595375722,44.85294117647059,2.1358543417366946,10.190784857496073,2.176470588235294,21.38728323699422
30,M,177,76,19,86,105,37,28,53,36,29,104,41,23,38,17,34.1,24.258674071946118,1.933045955653064,12.920000000000002,63.08,4.123974592230841,20.134699479715277,0.819047619047619,0.4858757062146893,26.589171152710186,120.40701510345015,15.0447,2.324324324324324,0.5283018867924528,0.6792452830188679,0.32558139534883723,1.0357142857142858,0.47674418604651164,19,1.2093023255813953,10.734463276836157,44.86842105263158,2.6393188854489162,10.884484024386351,2.0,20.33898305084746
36,F,160,61,16,80,106,32,28,50,35,25,90,38,23,28,29,24.5,23.828124999999996,1.6465452046971292,17.689999999999998,43.31,6.910156249999997,16.917968749999996,0.7547169811320755,0.5,34.37522374653877,118.86625030149226,13.273200000000001,2.5,0.56,0.7,0.35,0.8928571428571429,0.475,26,1.125,10.0,40.16393442622951,1.3849632560768799,9.570312499999998,1.75,21.875
39,M,174,83,18,110,103,37,35,58,38,30,95,40,25,37,23,39.9,27.414453692693883,2.0029145430264035,19.09,63.91,6.3053243493195925,21.10912934337429,1.0679611650485437,0.632183908045977,26.875918671624746,146.11734258841895,24.234299999999998,2.972972972972973,0.603448275862069,0.6551724137931034,0.3181818181818182,0.8571428571428571,0.36363636363636365,-7,0.8636363636363636,10.344827586206897,48.0722891566265,2.0900995285489783,13.178755449861276,2.0555555555555554,21.839080459770116
23,M,177,78,18,91,101,39,32,49,34,29,96,39,23,36,28,31.9,24.897060231734173,1.958315602756614,21.840000000000003,56.16,6.97117686488557,17.925883366848606,0.900990099009901,0.5141242937853108,24.890536061178373,125.76338733299356,16.632,2.3333333333333335,0.6530612244897959,0.6938775510204082,0.3516483516483517,0.90625,0.42857142857142855,10,1.054945054945055,10.16949152542373,40.8974358974359,1.4606227106227103,10.182259248619488,2.0,19.2090395480226
41,F,162,71,16,66,101,33,32,51,31,23,93,35,21,29,34,28.7,27.053802773967377,1.7874562931719478,24.14,46.86,9.198292943148909,17.85550983081847,0.6534653465346535,0.4074074074074074,30.983391563677152,91.4630691427951,9.5695,2.0,0.6274509803921569,0.6078431372549019,0.48484848484848486,0.71875,0.5303030303030303,35,1.4090909090909092,9.876543209876543,40.42253521126761,1.1888980944490473,10.935832952293856,1.8125,19.1358024691358
39,M,176,87,17,85,97,36,31,53,35,30,120,41,24,36,23,34.8,28.08626033057851,2.0623611064344027,20.01,66.99,6.459839876033058,21.626420454545453,0.8762886597938144,0.48295454545454547,23.54346651142481,110.91470676806341,14.550799999999999,2.361111111111111,0.5849056603773585,0.660377358490566,0.36470588235294116,0.967741935483871,0.4823529411764706,12,1.411764705882353,9.659090909090908,40.0,1.7391304347826084,11.234504132231404,2.1176470588235294,19.886363636363637
58,M,175,91,18,110,100,42,32,57,42,28,86,42,26,34,44,35.5,29.714285714285715,2.1032382440206603,40.04,50.96,13.074285714285715,16.64,1.1,0.6285714285714286,25.195939772483108,139.9472972127872,24.27,2.619047619047619,0.5614035087719298,0.7368421052631579,0.2909090909090909,0.875,0.38181818181818183,-10,0.7818181818181819,10.285714285714285,39.010989010989015,0.8866133866133866,11.591836734693878,1.8888888888888888,24.0
28,F,158,47,16,60,100,32,28,50,36,23,86,36,20,30,17,19.7,18.82711103989745,1.4362373681873681,7.99,39.01,3.2006088767825664,15.626502163114882,0.6,0.379746835443038,32.35172684656519,100.92630344474968,8.32,1.875,0.56,0.72,0.4666666666666667,0.8214285714285714,0.6,40,1.4333333333333333,10.126582278481013,41.91489361702128,2.4655819774718397,7.891363563531484,1.875,22.78481012658228
58,M,166,76,19,103,100,36,32,56,39,27,104,41,24,41,33,34.2,27.58020031934969,1.8720161442798628,25.080000000000002,50.92,9.101466105385398,18.47873421396429,1.03,0.6204819277108434,28.756055765441744,139.65547768770585,21.2243,2.861111111111111,0.5714285714285714,0.6964285714285714,0.3106796116504854,0.84375,0.39805825242718446,-3,1.0097087378640777,11.44578313253012,45.0,1.3636363636363638,12.411090143707362,2.1578947368421053,23.49397590361446
49,M,179,76,19,80,103,38,33,57,38,27,104,45,23,36,16,31.7,23.719609250647608,1.9439364415764444,12.16,63.84,3.7951374801036173,19.92447177054399,0.7766990291262136,0.44692737430167595,25.008834946061114,112.63755335063898,13.1703,2.1052631578947367,0.5789473684210527,0.6666666666666666,0.4125,0.8181818181818182,0.5625,23,1.3,10.614525139664805,41.71052631578947,2.606907894736842,9.893573858493804,1.894736842105263,21.22905027932961
39,F,172,68,16,61,98,34,31,52,38,24,81,34,23,31,23,26.8,22.985397512168742,1.80246744461277,15.64,52.36,5.286641427798811,17.698756084369933,0.6224489795918368,0.3546511627906977,25.44436015289319,89.00473350354477,8.4003,1.7941176470588236,0.5961538461538461,0.7307692307692307,0.5081967213114754,0.7741935483870968,0.5573770491803278,37,1.3278688524590163,9.30232558139535,39.411764705882355,1.7135549872122762,9.058950784207681,1.9375,22.093023255813954
22,F,155,42,14,74,102,31,32,50,34,26,90,36,22,28,11,16.5,17.48178980228928,1.344742850262954,4.62,37.38,1.9229968782518208,15.55879292403746,0.7254901960784313,0.4774193548387097,34.85701390197089,130.42066961921176,11.5008,2.3870967741935485,0.64,0.68,0.43243243243243246,0.8125,0.4864864864864865,28,1.2162162162162162,9.032258064516128,39.285714285714285,3.571428571428571,6.867845993756503,2.0,21.935483870967744
43,M,179,96,17,98,108,37,37,58,40,28,108,42,22,31,31,36.2,29.961611685028558,2.184795947756525,29.759999999999998,66.24000000000001,9.288099622358851,20.673512062669708,0.9074074074074074,0.547486033519553,27.096642467714567,122.76949706430015,19.278,2.6486486486486487,0.6379310344827587,0.6896551724137931,0.37755102040816324,0.7567567567567568,0.42857142857142855,10,1.1020408163265305,9.497206703910614,37.708333333333336,1.2163978494623657,11.29802440622952,1.8235294117647058,22.3463687150838
59,F,160,59,14,91,95,33,29,50,34,26,93,36,21,32,32,26.1,23.046874999999996,1.6193277068654826,18.88,40.120000000000005,7.374999999999998,15.671874999999998,0.9578947368421052,0.56875,28.940059018124373,137.48296189528122,16.5732,2.757575757575758,0.58,0.68,0.31868131868131866,0.896551724137931,0.3956043956043956,4,1.021978021978022,8.75,44.237288135593225,1.3824152542372883,10.195312499999998,2.2857142857142856,21.25
41,M,178,76,18,91,83,39,35,57,37,26,100,43,24,35,17,26.3,23.98687034465345,1.9384988464731614,12.920000000000002,63.08,4.077767958591087,19.909102386062365,1.0963855421686748,0.5112359550561798,16.950073138571064,127.76682401911472,16.6068,2.3333333333333335,0.6140350877192983,0.6491228070175439,0.38461538461538464,0.7428571428571429,0.4725274725274725,-8,1.098901098901099,10.112359550561797,34.60526315789474,2.0356037151702786,8.30071960611034,1.9444444444444444,20.786516853932586
49,M,172,71,18,88,107,38,31,54,38,29,101,43,22,35,25,28.0,23.99945916711736,1.8417986378055073,17.75,53.25,5.99986479177934,17.999594375338024,0.822429906542056,0.5116279069767442,29.43414833019971,125.65831254184103,15.7407,2.3157894736842106,0.5740740740740741,0.7037037037037037,0.3522727272727273,0.9354838709677419,0.48863636363636365,19,1.1477272727272727,10.465116279069768,39.436619718309856,1.5774647887323943,9.46457544618713,1.9444444444444444,22.093023255813954
60,M,170,79,19,102,89,38,33,59,36,28,114,42,21,37,28,28.7,27.33564013840831,1.9314646141090848,22.12,56.879999999999995,7.653979238754326,19.68166089965398,1.146067415730337,0.6,22.15287294553881,137.27283054636624,20.926299999999998,2.6842105263157894,0.559322033898305,0.6101694915254238,0.3235294117647059,0.8484848484848485,0.4117647058823529,-13,1.1176470588235294,11.176470588235295,36.32911392405063,1.2974683544303796,9.930795847750867,1.9473684210526316,21.176470588235293
58,F,151,61,14,74,103,33,24,46,39,25,86,37,22,31,34,26.1,26.753212578395683,1.5995659133374627,20.740000000000002,40.26,9.096092276654533,17.657120301741152,0.7184466019417476,0.4900662251655629,37.51007367776783,106.81414731866948,11.540700000000001,2.242424242424242,0.5217391304347826,0.8478260869565217,0.32432432432432434,1.0416666666666667,0.5,29,1.162162162162162,9.271523178807946,42.786885245901644,1.2584378013500481,11.446866365510285,2.2142857142857144,25.82781456953642
59,F,167,66,14,91,98,35,25,49,37,25,90,34,20,29,36,25.3,23.66524436157625,1.7497618885627457,23.759999999999998,42.24,8.519487970167448,15.145756391408801,0.9285714285714286,0.5449101796407185,27.409986100805632,132.8009440026771,16.5963,2.6,0.5102040816326531,0.7551020408163265,0.27472527472527475,1.0,0.37362637362637363,7,0.989010989010989,8.383233532934131,38.333333333333336,1.0648148148148149,9.071677005270896,2.0714285714285716,22.15568862275449
56,M,193,108,18,102,97,42,27,55,36,29,103,46,22,38,33,39.0,28.99406695481758,2.406241883103193,35.64,72.36,9.568042095089801,19.42602485972778,1.0515463917525774,0.5284974093264249,18.17726830187739,125.09514376989075,20.8255,2.4285714285714284,0.4909090909090909,0.6545454545454545,0.2647058823529412,1.0740740740740742,0.45098039215686275,-5,1.0098039215686274,9.32642487046632,36.11111111111111,1.0942760942760943,10.470079733684127,2.111111111111111,18.65284974093264
46,F,169,74,15,87,89,34,32,46,38,21,91,38,19,31,44,33.5,25.909456951787405,1.8638371411925692,32.56,41.44,11.400161058786459,14.509295893000946,0.9775280898876404,0.514792899408284,22.509786071916245,120.62025634794459,15.140799999999999,2.5588235294117645,0.6956521739130435,0.8260869565217391,0.367816091954023,0.65625,0.4367816091954023,2,1.0459770114942528,8.875739644970414,45.27027027027027,1.0288697788697787,11.729281187633488,2.066666666666667,22.485207100591715
18,F,160,40,14,87,85,33,26,53,38,27,93,36,22,29,18,15.5,15.624999999999996,1.3333333333333333,7.199999999999999,32.8,2.812499999999999,12.812499999999996,1.0235294117647058,0.54375,23.99900017411128,159.63302752293578,15.140799999999999,2.6363636363636362,0.49056603773584906,0.7169811320754716,0.2988505747126437,1.0384615384615385,0.41379310344827586,-2,1.0689655172413792,8.75,38.75,2.152777777777778,6.054687499999999,2.0714285714285716,23.75
47,F,156,75,15,78,90,37,29,51,38,22,78,36,22,33,37,33.3,30.818540433925047,1.8027756377319946,27.75,47.25,11.402859960552266,19.41568047337278,0.8666666666666667,0.5,28.190813597621286,103.20477045364814,12.268799999999999,2.108108108108108,0.5686274509803921,0.7450980392156863,0.3717948717948718,0.7586206896551724,0.46153846153846156,12,1.0,9.615384615384617,44.39999999999999,1.2,13.683431952662719,2.2,24.358974358974358
48,M,186,75,17,88,102,42,34,51,39,29,92,43,23,34,22,31.3,21.678806798473808,1.9685019685029528,16.5,58.5,4.769337495664238,16.909469302809573,0.8627450980392157,0.4731182795698925,22.20969282843558,127.1399436537687,15.625200000000001,2.0952380952380953,0.6666666666666666,0.7647058823529411,0.38636363636363635,0.8529411764705882,0.48863636363636365,14,1.0454545454545454,9.13978494623656,41.733333333333334,1.896969696969697,9.047288703896402,2.0,20.967741935483872
54,F,153,49,16,57,87,35,27,51,37,23,99,40,19,30,21,20.6,20.932120124738347,1.4430869689661812,10.29,38.71,4.395745226195053,16.536374898543297,0.6551724137931034,0.37254901960784315,27.97080474544873,92.40511952563826,7.128,1.6285714285714286,0.5294117647058824,0.7254901960784313,0.47368421052631576,0.8518518518518519,0.7017543859649122,30,1.736842105263158,10.457516339869281,42.04081632653062,2.0019436345966963,8.80003417489,1.875,24.18300653594771
54,F,163,62,15,72,105,36,28,56,35,24,90,36,23,31,33,23.1,23.335466144755166,1.6754767149149588,20.46,41.54,7.700703827769206,15.634762316985961,0.6857142857142857,0.44171779141104295,32.45542775996045,107.10357218752029,11.1303,2.0,0.5,0.625,0.3888888888888889,0.8571428571428571,0.5,33,1.25,9.202453987730062,37.25806451612904,1.1290322580645162,8.694343031352329,2.066666666666667,21.472392638036812
55,M,175,74,19,112,96,38,35,54,41,27,99,41,23,38,23,30.8,24.163265306122447,1.896634446123507,17.02,56.980000000000004,5.557551020408163,18.60571428571429,1.1666666666666667,0.64,23.46810218158378,158.0136806093475,25.2672,2.9473684210526314,0.6481481481481481,0.7592592592592593,0.3125,0.7714285714285715,0.36607142857142855,-16,0.8839285714285714,10.857142857142858,41.62162162162162,1.809635722679201,10.057142857142857,2.0,23.42857142857143
37,M,171,82,17,104,98,37,40,51,42,30,108,43,24,33,30,35.7,28.042816593139772,1.9735754355990551,24.599999999999998,57.400000000000006,8.412844977941932,19.629971615197842,1.0612244897959184,0.6081871345029239,25.826007639990358,137.78374041327035,21.6572,2.810810810810811,0.7843137254901961,0.8235294117647058,0.38461538461538464,0.75,0.41346153846153844,-6,1.0384615384615385,9.941520467836257,43.53658536585366,1.4512195121951221,12.208884785062073,1.9411764705882353,24.561403508771928
54,F,161,52,16,74,107,32,26,48,37,26,91,37,23,27,27,20.0,20.060954438486167,1.5249772311597165,14.040000000000001,37.96,5.416457698391265,14.644496740094903,0.6915887850467289,0.45962732919254656,34.37752389290917,119.45834344299827,11.7143,2.3125,0.5416666666666666,0.7708333333333334,0.35135135135135137,1.0,0.5,33,1.2297297297297298,9.937888198757763,38.46153846153847,1.4245014245014245,7.715751707110065,1.6875,22.981366459627328
18,M,176,95,18,97,101,36,33,58,40,31,90,38,23,31,31,41.1,30.668904958677686,2.155097316699282,29.45,65.55,9.507360537190083,21.1615444214876,0.9603960396039604,0.5511363636363636,25.2565991510712,121.12666714813926,18.8292,2.6944444444444446,0.5689655172413793,0.6896551724137931,0.3402061855670103,0.9393939393939394,0.3917525773195876,4,0.9278350515463918,10.227272727272728,43.26315789473684,1.3955857385398982,13.268336776859504,1.7222222222222223,22.727272727272727
46,F,168,78,15,69,102,33,28,52,35,26,94,37,21,33,38,32.1,27.636054421768712,1.9078784028338913,29.64,48.36,10.50170068027211,17.1343537414966,0.6764705882352942,0.4107142857142857,28.842088381349335,92.90304149297,10.2843,2.090909090909091,0.5384615384615384,0.6730769230769231,0.4057971014492754,0.9285714285714286,0.5362318840579711,33,1.3623188405797102,8.928571428571429,41.15384615384616,1.082995951417004,11.373299319727893,2.2,20.833333333333336
48,M,170,81,18,98,89,40,31,60,41,28,105,38,23,37,31,32.8,28.027681660899656,1.9557607215607946,25.11,55.89,8.688581314878894,19.339100346020764,1.101123595505618,0.5764705882352941,22.15287294553881,130.2511387787685,19.2647,2.45,0.5166666666666667,0.6833333333333333,0.3163265306122449,0.9032258064516129,0.3877551020408163,-9,1.0714285714285714,10.588235294117647,40.49382716049382,1.306252489048188,11.349480968858131,2.0555555555555554,24.11764705882353
20,M,166,65,19,93,95,40,35,56,41,29,110,44,24,38,21,28.8,23.588329220496444,1.7312487464897186,13.65,51.35,4.953549136304254,18.634780084192194,0.9789473684210527,0.5602409638554217,26.418252977169658,136.34958370377743,17.3008,2.325,0.625,0.7321428571428571,0.3763440860215054,0.8285714285714286,0.4731182795698925,2,1.1827956989247312,11.44578313253012,44.30769230769231,2.10989010989011,10.45144433154304,2.0,24.69879518072289
65,F,166,40,16,55,91,34,31,53,30,26,96,35,20,32,19,17.5,14.51589490492089,1.3581032524975576,7.6,32.4,2.758020031934969,11.75787487298592,0.6043956043956044,0.3313253012048193,24.548010746551988,102.79221865233806,6.957199999999999,1.6176470588235294,0.5849056603773585,0.5660377358490566,0.5636363636363636,0.8387096774193549,0.6363636363636364,36,1.7454545454545454,9.63855421686747,43.75,2.3026315789473686,6.350704020902889,2.0,18.072289156626507
49,M,190,99,17,92,104,41,33,60,38,32,125,43,21,35,23,42.7,27.423822714681442,2.285825890132492,22.77,76.23,6.307479224376731,21.11634349030471,0.8846153846153846,0.4842105263157895,21.71027895339011,116.92854150246832,17.0288,2.2439024390243905,0.55,0.6333333333333333,0.358695652173913,0.9696969696969697,0.4673913043478261,12,1.358695652173913,8.947368421052632,43.131313131313135,1.8752744839701363,11.82825484764543,2.0588235294117645,20.0
65,M,177,92,17,96,96,36,34,51,35,29,96,42,23,35,35,38.2,29.365763350250564,2.1268129521265693,32.199999999999996,59.800000000000004,10.278017172587695,19.08774617766287,1.0,0.5423728813559322,22.767242196763604,122.16237140256322,18.432,2.6666666666666665,0.6666666666666666,0.6862745098039216,0.3541666666666667,0.8529411764705882,0.4375,0,1.0,9.6045197740113,41.52173913043479,1.1863354037267084,12.193175651951865,2.0588235294117645,19.774011299435028
58,F,155,62,16,91,99,32,26,55,38,23,95,36,24,32,38,25.5,25.806451612903224,1.6338434577536627,23.56,38.44,9.806451612903224,15.999999999999996,0.9191919191919192,0.5870967741935483,33.30239584603057,132.00333352079014,16.6068,2.84375,0.4727272727272727,0.6909090909090909,0.2857142857142857,0.8846153846153846,0.3956043956043956,8,1.043956043956044,10.32258064516129,41.12903225806452,1.0823429541595926,10.613943808532778,2.0,24.516129032258064
36,F,161,74,17,89,92,36,25,56,39,25,84,36,22,31,41,32.5,28.54828131630724,1.819187852983975,30.34,43.66,11.704795339685967,16.84348597662127,0.967391304347826,0.5527950310559007,27.034880356520034,120.43718243161946,15.8483,2.4722222222222223,0.44642857142857145,0.6964285714285714,0.2808988764044944,1.0,0.4044943820224719,3,0.9438202247191011,10.559006211180124,43.91891891891892,1.071193144363876,12.538096524053854,1.8235294117647058,24.22360248447205
35,M,166,78,18,93,99,40,37,63,39,29,105,44,26,30,29,32.6,28.305995064595734,1.8964879822099234,22.619999999999997,55.38,8.208738568732763,20.097256495862972,0.9393939393939394,0.5602409638554217,28.288495207787328,124.46957116832947,17.3232,2.325,0.5873015873015873,0.6190476190476191,0.3978494623655914,0.7837837837837838,0.4731182795698925,6,1.1290322580645162,10.843373493975903,41.794871794871796,1.4412024756852346,11.830454347510525,1.6666666666666667,23.49397590361446
51,F,159,69,16,81,108,32,30,54,33,24,88,37,21,30,33,29.8,27.29322416043669,1.745709025009609,22.77,46.230000000000004,9.006763972944107,18.286460187492583,0.75,0.5094339622641509,35.867654878968274,112.80608777485308,13.632299999999999,2.53125,0.5555555555555556,0.6111111111111112,0.37037037037037035,0.8,0.4567901234567901,27,1.0864197530864197,10.062893081761008,43.188405797101446,1.3087395696091348,11.787508405521933,1.875,20.754716981132077
28,F,165,57,15,70,103,32,29,53,37,22,87,36,22,33,19,23.3,20.936639118457304,1.6163229875244614,10.83,46.17,3.9779614325068877,16.958677685950416,0.6796116504854369,0.42424242424242425,30.597206817355683,109.26374613878542,10.562299999999999,2.1875,0.5471698113207547,0.6981132075471698,0.4142857142857143,0.7586206896551724,0.5142857142857142,33,1.2428571428571429,9.090909090909092,40.87719298245614,2.1514312096029546,8.558310376492196,2.2,22.424242424242426
36,M,170,97,19,113,114,41,29,64,42,26,97,42,24,31,29,35.2,33.564013840830455,2.1402232489989346,28.13,68.87,9.733564013840832,23.830449826989625,0.9912280701754386,0.6647058823529411,33.43176984035308,137.24310629161806,25.538700000000002,2.7560975609756095,0.453125,0.65625,0.25663716814159293,0.896551724137931,0.37168141592920356,1,0.8584070796460177,11.176470588235295,36.28865979381444,1.2513330963384288,12.179930795847753,1.631578947368421,24.705882352941178
40,F,174,65,14,81,101,34,28,47,37,27,99,38,23,32,35,26.7,21.469150482230148,1.7724747294860559,22.75,42.25,7.514202668780552,13.954947813449596,0.801980198019802,0.46551724137931033,26.004541610039794,121.58401108401172,13.402,2.3823529411764706,0.5957446808510638,0.7872340425531915,0.345679012345679,0.9642857142857143,0.4691358024691358,20,1.2222222222222223,8.045977011494253,41.07692307692308,1.1736263736263737,8.818866428854538,2.2857142857142856,21.26436781609195
53,M,163,60,19,76,114,35,33,53,35,26,97,45,24,38,20,26.4,22.582709172343712,1.648231375343482,12.0,48.0,4.516541834468742,18.06616733787497,0.6666666666666666,0.4662576687116564,36.780178710814205,114.92255461110517,12.5628,2.1714285714285713,0.6226415094339622,0.660377358490566,0.4342105263157895,0.7878787878787878,0.5921052631578947,38,1.2763157894736843,11.65644171779141,44.0,2.1999999999999997,9.936392035831233,2.0,21.472392638036812
46,F,165,69,14,78,104,35,27,57,33,22,89,36,21,28,42,27.8,25.344352617079892,1.778341924377874,28.98,40.019999999999996,10.644628099173556,14.699724517906336,0.75,0.4727272727272727,31.069024359271758,110.65869174429531,12.641200000000001,2.2285714285714286,0.47368421052631576,0.5789473684210527,0.34615384615384615,0.8148148148148148,0.46153846153846156,26,1.141025641025641,8.484848484848486,40.28985507246377,0.9592822636300897,10.211202938475667,2.0,20.0
36,M,178,62,20,78,88,40,35,58,39,27,91,42,22,34,9,27.3,19.568236333796236,1.7508727982225196,5.58,56.42,1.7611412700416613,17.807095063754577,0.8863636363636364,0.43820224719101125,19.05549923125607,121.25014346968617,12.238,1.95,0.603448275862069,0.6724137931034483,0.44871794871794873,0.7714285714285715,0.5384615384615384,10,1.1666666666666667,11.235955056179774,44.03225806451613,4.89247311827957,8.61633632117157,1.7,21.910112359550563
18,F,161,83,15,85,102,34,26,53,37,26,84,36,21,30,45,37.8,32.02036958450677,1.9266407149347915,37.35,45.65,14.409166313028045,17.611203271478722,0.8333333333333334,0.5279503105590062,31.929976047446118,108.6091261873266,14.652299999999999,2.5,0.49056603773584906,0.6981132075471698,0.3058823529411765,1.0,0.4235294117647059,17,0.9882352941176471,9.316770186335404,45.54216867469879,1.0120481927710843,14.58277072643802,2.0,22.981366459627328
38,M,161,40,17,77,99,35,34,60,35,30,99,37,23,37,8,17.3,15.43150341422013,1.3374935098492586,3.2,36.8,1.2345202731376104,14.196983141082518,0.7777777777777778,0.4782608695652174,30.46144734016829,141.72522971338475,12.1968,2.2,0.5666666666666667,0.5833333333333334,0.44155844155844154,0.8823529411764706,0.4805194805194805,22,1.2857142857142858,10.559006211180124,43.25,5.40625,6.674125226650206,2.176470588235294,21.73913043478261
27,M,171,88,17,102,90,34,37,52,38,26,104,40,24,36,41,34.2,30.094730002393902,2.0445048300260873,36.08,51.92,12.3388393009815,17.755890701412405,1.1333333333333333,0.5964912280701754,22.248374363256445,130.4458878206803,20.9088,3.0,0.7115384615384616,0.7307692307692307,0.3627450980392157,0.7027027027027027,0.39215686274509803,-12,1.0196078431372548,9.941520467836257,38.86363636363637,0.9478935698447895,11.69590643274854,2.1176470588235294,22.22222222222222
24,M,161,86,19,107,106,38,32,58,34,29,98,41,23,39,41,35.5,33.17773234057328,1.9611504560107342,35.26,50.74,13.602870259635043,19.574862080938235,1.009433962264151,0.6645962732919255,33.888014323816556,134.3139100446865,22.8987,2.8157894736842106,0.5517241379310345,0.5862068965517241,0.29906542056074764,0.90625,0.38317757009345793,-1,0.9158878504672897,11.801242236024844,41.27906976744186,1.006806579693704,13.695459280120364,2.0526315789473686,21.11801242236025
41,M,184,74,17,86,92,34,33,58,41,28,104,42,24,33,16,34.5,21.85727788279773,1.9447936194419762,11.84,62.16,3.4971644612476367,18.360113421550093,0.9347826086956522,0.4673913043478261,18.860489038724282,124.41278299430445,14.817200000000001,2.5294117647058822,0.5689655172413793,0.7068965517241379,0.38372093023255816,0.8484848484848485,0.4883720930232558,6,1.2093023255813953,9.239130434782608,46.62162162162162,2.9138513513513513,10.190217391304348,1.9411764705882353,22.282608695652172
33,F,162,56,15,83,82,35,25,51,33,24,91,35,21,29,30,23.3,21.338210638622158,1.5874507866387544,16.8,39.2,6.401463191586648,14.936747447035511,1.0121951219512195,0.5123456790123457,21.76869414080719,129.51351437518016,13.7787,2.3714285714285714,0.49019607843137253,0.6470588235294118,0.30120481927710846,0.96,0.42168674698795183,-1,1.0963855421686748,9.25925925925926,41.60714285714286,1.3869047619047619,8.878219783569577,1.9333333333333333,20.37037037037037
44,M,190,108,19,102,103,38,32,55,36,31,98,39,24,38,30,44.8,29.91689750692521,2.3874672772626644,32.4,75.6,8.975069252077562,20.941828254847646,0.9902912621359223,0.5368421052631579,21.32844934806905,124.11909392497033,20.8087,2.6842105263157894,0.5818181818181818,0.6545454545454545,0.3137254901960784,0.96875,0.38235294117647056,1,0.9607843137254902,10.0,41.48148148148148,1.382716049382716,12.409972299168976,2.0,18.947368421052634
31,M,165,102,18,107,82,38,32,57,33,28,105,44,24,37,44,40.0,37.46556473829202,2.1621748310439655,44.88,57.12,16.484848484848488,20.98071625344353,1.3048780487804879,0.6484848484848484,20.689038437118114,124.85305284495645,23.3355,2.8157894736842106,0.5614035087719298,0.5789473684210527,0.29906542056074764,0.875,0.411214953271028,-25,0.9813084112149533,10.909090909090908,39.21568627450981,0.8912655971479501,14.692378328741967,2.0555555555555554,20.0
63,F,167,72,15,78,102,32,31,50,32,25,98,36,21,30,25,29.3,25.816630212628635,1.8275666882497066,18.0,54.0,6.454157553157159,19.362472659471475,0.7647058823529411,0.46706586826347307,29.263454921246684,108.98333462039534,12.571200000000001,2.4375,0.62,0.64,0.3974358974358974,0.8064516129032258,0.46153846153846156,24,1.2564102564102564,8.982035928143713,40.69444444444444,1.6277777777777778,10.50593423930582,2.0,19.16167664670659
47,M,171,72,18,76,95,38,34,57,40,25,97,37,24,34,19,30.3,24.622960911049557,1.849324200890693,13.68,58.32,4.678362573099416,19.94459833795014,0.8,0.4444444444444444,24.48439516121514,107.4530881251473,11.8047,2.0,0.5964912280701754,0.7017543859649122,0.4473684210526316,0.7352941176470589,0.4868421052631579,19,1.2763157894736843,10.526315789473683,42.083333333333336,2.2149122807017543,10.362162716733355,1.8888888888888888,23.391812865497073
44,F,158,73,16,75,103,32,25,51,38,27,82,36,22,31,44,29.6,29.242108636436463,1.7899410294445146,32.12,40.88,12.866527800032044,16.37558083640442,0.7281553398058253,0.47468354430379744,33.86227865196214,101.2282849377946,11.7988,2.34375,0.49019607843137253,0.7450980392156863,0.3333333333333333,1.08,0.48,28,1.0933333333333333,10.126582278481013,40.54794520547945,0.9215442092154422,11.857074186829033,1.9375,24.050632911392405
34,F,163,65,16,81,87,35,26,56,36,25,91,38,21,30,26,29.0,24.46460160337235,1.715533606652914,16.900000000000002,48.099999999999994,6.360796416876813,18.10380518649554,0.9310344827586207,0.49693251533742333,23.805925858252948,117.67809920018577,13.147200000000002,2.3142857142857145,0.4642857142857143,0.6428571428571429,0.32098765432098764,0.9615384615384616,0.4691358024691358,6,1.123456790123457,9.815950920245399,44.61538461538462,1.7159763313609466,10.914976099966127,1.875,22.085889570552148
46,M,176,101,16,103,98,39,33,56,39,29,91,42,24,34,39,41.9,32.60588842975207,2.2221111083331944,39.39,61.61,12.716296487603307,19.889591942148762,1.0510204081632653,0.5852272727272727,23.97174967133641,124.74018211916743,21.2355,2.641025641025641,0.5892857142857143,0.6964285714285714,0.32038834951456313,0.8787878787878788,0.4077669902912621,-5,0.883495145631068,9.090909090909092,41.48514851485148,1.0637217567910637,13.526601239669422,2.125,22.15909090909091
57,M,178,83,17,106,99,38,30,62,35,28,98,36,25,38,25,36.5,26.19618735008206,2.0258057381913224,20.75,62.25,6.549046837520515,19.647140512561545,1.0707070707070707,0.5955056179775281,23.68743663516308,142.41322532217103,22.5063,2.789473684210526,0.4838709677419355,0.5645161290322581,0.2830188679245283,0.9333333333333333,0.33962264150943394,-7,0.9245283018867925,9.550561797752808,43.97590361445783,1.7590361445783131,11.52001009973488,2.235294117647059,19.662921348314608
37,F,160,67,16,98,102,34,30,48,36,26,100,37,22,31,27,26.0,26.171874999999996,1.7256238807393047,18.09,48.91,7.066406249999998,19.105468749999996,0.9607843137254902,0.6125,32.39880020893354,138.93835983495975,19.2192,2.8823529411764706,0.625,0.75,0.30612244897959184,0.8666666666666667,0.37755102040816324,4,1.0204081632653061,10.0,38.80597014925373,1.4372581536760642,10.156249999999998,1.9375,22.5
48,F,168,49,16,67,116,32,32,48,38,26,87,39,22,28,18,16.9,17.361111111111114,1.5121728296285006,8.82,40.18,3.1250000000000004,14.236111111111112,0.5775862068965517,0.39880952380952384,35.27139462976983,113.8164159353412,10.658700000000001,2.09375,0.6666666666666666,0.7916666666666666,0.47761194029850745,0.8125,0.582089552238806,49,1.2985074626865671,9.523809523809524,34.48979591836734,1.9160997732426301,5.98781179138322,1.75,22.61904761904762
65,M,175,61,19,88,94,40,34,55,38,29,93,43,24,36,16,23.1,19.918367346938776,1.7219981933143187,9.76,51.24,3.186938775510204,16.731428571428573,0.9361702127659575,0.5028571428571429,22.604183386134125,136.7446301804723,15.513200000000001,2.2,0.6181818181818182,0.6909090909090909,0.38636363636363635,0.8529411764705882,0.48863636363636365,6,1.0568181818181819,10.857142857142858,37.868852459016395,2.3668032786885247,7.542857142857144,1.894736842105263,21.714285714285715
44,M,170,74,16,90,97,37,29,56,42,31,100,44,21,35,22,29.5,25.605536332179934,1.869343319041327,16.28,57.72,5.633217993079586,19.972318339100347,0.9278350515463918,0.5294117647058824,25.762119951879377,125.14820137395446,16.234299999999998,2.4324324324324325,0.5178571428571429,0.75,0.32222222222222224,1.0689655172413792,0.4888888888888889,7,1.1111111111111112,9.411764705882353,39.86486486486486,1.812039312039312,10.207612456747405,2.1875,24.705882352941178
47,F,167,67,17,93,89,31,30,53,35,25,90,35,20,27,37,29.1,24.023808670084982,1.7629678260125894,24.79,42.21,8.888809207931443,15.134999462153537,1.0449438202247192,0.5568862275449101,23.239681254813277,134.70300519170544,17.3092,3.0,0.5660377358490566,0.660377358490566,0.3225806451612903,0.8333333333333334,0.3763440860215054,-4,0.967741935483871,10.179640718562874,43.43283582089553,1.173860427591771,10.434221377604073,1.588235294117647,20.958083832335326
49,F,161,63,15,87,100,35,23,47,34,25,81,34,19,33,31,26.6,24.3046178773967,1.678541033159452,19.53,43.47,7.534431541992978,16.770186335403725,0.87,0.5403726708074534,30.950956909260903,127.59551759272372,15.2563,2.4857142857142858,0.48936170212765956,0.723404255319149,0.26436781609195403,1.0869565217391304,0.39080459770114945,13,0.9310344827586207,9.316770186335404,42.22222222222222,1.3620071684587813,10.261949770456386,2.2,21.11801242236025
39,F,158,51,14,67,98,36,29,51,37,26,85,37,21,33,22,20.3,20.429418362441915,1.496106056846684,11.22,39.78,4.4944720397372215,15.934946322704693,0.6836734693877551,0.4240506329113924,31.344692309633885,108.19115575685682,9.6507,1.8611111111111112,0.5686274509803921,0.7254901960784313,0.43283582089552236,0.896551724137931,0.5522388059701493,31,1.2686567164179106,8.860759493670885,39.80392156862745,1.8092691622103387,8.131709661913154,2.357142857142857,23.417721518987342
51,F,175,63,15,88,75,34,28,50,35,24,98,36,21,28,30,25.8,20.571428571428573,1.75,18.9,44.1,6.171428571428571,14.4,1.1733333333333333,0.5028571428571429,14.396954829362329,134.5565749235474,15.6063,2.588235294117647,0.56,0.7,0.3181818181818182,0.8571428571428571,0.4090909090909091,-13,1.1136363636363635,8.571428571428571,40.95238095238095,1.3650793650793651,8.424489795918367,1.8666666666666667,20.0
35,M,182,84,18,101,106,40,34,56,39,24,103,40,23,37,24,35.0,25.359256128486894,2.0607442021431646,20.16,63.84,6.086221470836855,19.27303465765004,0.9528301886792453,0.554945054945055,25.17166349784435,136.39263723228018,20.4195,2.525,0.6071428571428571,0.6964285714285714,0.33663366336633666,0.7058823529411765,0.39603960396039606,5,1.0198019801980198,9.89010989010989,41.66666666666667,1.7361111111111112,10.566356720202874,2.0555555555555554,21.428571428571427
24,F,163,76,15,81,92,32,31,56,37,25,96,34,20,31,35,30.7,28.604764951635367,1.8550232103968702,26.599999999999998,49.400000000000006,10.011667733072377,18.593097218562992,0.8804347826086957,0.49693251533742333,26.208565275393916,108.82922262830503,13.206700000000001,2.53125,0.5535714285714286,0.6607142857142857,0.38271604938271603,0.8064516129032258,0.41975308641975306,11,1.1851851851851851,9.202453987730062,40.39473684210526,1.1541353383458648,11.554819526515866,2.066666666666667,22.699386503067483
25,F,155,40,16,77,101,32,26,53,34,23,92,36,22,29,22,17.6,16.649323621227886,1.3123346456686351,8.8,31.2,3.662851196670135,12.98647242455775,0.7623762376237624,0.4967741935483871,34.338807883324115,139.05931337130949,12.2612,2.40625,0.49056603773584906,0.6415094339622641,0.33766233766233766,0.8846153846153846,0.4675324675324675,24,1.1948051948051948,10.32258064516129,44.00000000000001,2.0,7.32570239334027,1.8125,21.935483870967744
29,M,181,78,17,99,92,38,36,58,38,28,109,44,25,36,25,29.4,23.808797045267237,1.9803198394872146,19.5,58.5,5.952199261316809,17.856597783950427,1.076086956521739,0.5469613259668509,19.780696936320055,138.35685540524645,19.6363,2.6052631578947367,0.6206896551724138,0.6551724137931034,0.36363636363636365,0.7777777777777778,0.4444444444444444,-7,1.101010101010101,9.392265193370166,37.69230769230769,1.5076923076923077,8.97408504013919,2.1176470588235294,20.994475138121548
43,M,186,84,17,93,87,38,35,56,39,29,112,41,27,34,24,35.3,24.280263614290668,2.083266665599966,20.16,63.84,5.8272632674297595,18.453000346860907,1.0689655172413792,0.5,16.296502706606816,126.96186100969648,17.3232,2.4473684210526314,0.625,0.6964285714285714,0.3763440860215054,0.8285714285714286,0.44086021505376344,-6,1.2043010752688172,9.13978494623656,42.02380952380952,1.7509920634920633,10.203491733148338,2.0,20.967741935483872
24,F,161,70,16,83,103,34,26,57,34,26,95,37,24,34,40,34.1,27.005130974885226,1.7693376036120285,28.0,42.0,10.80205238995409,16.203078584931134,0.8058252427184466,0.515527950310559,32.41948561653873,115.48232327638141,14.058,2.4411764705882355,0.45614035087719296,0.5964912280701754,0.3132530120481928,1.0,0.4457831325301205,20,1.144578313253012,9.937888198757763,48.714285714285715,1.217857142857143,13.15535666062266,2.125,21.11801242236025
38,F,147,50,16,92,98,33,31,56,34,26,95,34,21,29,36,18.6,23.138507103521682,1.4288690166235205,18.0,32.0,8.329862557267806,14.808644546253877,0.9387755102040817,0.6258503401360545,36.9857399228215,144.72214627085933,16.953200000000002,2.787878787878788,0.5535714285714286,0.6071428571428571,0.33695652173913043,0.8387096774193549,0.3695652173913043,6,1.0326086956521738,10.884353741496598,37.2,1.0333333333333334,8.607524642510066,1.8125,23.12925170068027
46,M,175,92,18,89,99,41,28,69,36,29,97,42,24,33,24,41.6,30.040816326530614,2.1147629234082532,22.08,69.92,7.209795918367346,22.831020408163266,0.898989898989899,0.5085714285714286,24.763980374758276,112.6130236437981,15.912,2.1707317073170733,0.4057971014492754,0.5217391304347826,0.3146067415730337,1.0357142857142858,0.47191011235955055,10,1.0898876404494382,10.285714285714285,45.21739130434783,1.884057971014493,13.583673469387756,1.8333333333333333,20.57142857142857
34,M,180,99,18,97,101,39,30,55,39,32,111,37,25,33,37,46.8,30.555555555555554,2.224859546128699,36.63,62.37,11.305555555555555,19.249999999999996,0.9603960396039604,0.5388888888888889,23.822752912496064,119.99520487877886,18.8292,2.4871794871794872,0.5454545454545454,0.7090909090909091,0.30927835051546393,1.0666666666666667,0.38144329896907214,4,1.1443298969072164,10.0,47.27272727272727,1.2776412776412776,14.444444444444443,1.8333333333333333,21.666666666666668
59,F,172,80,15,70,102,36,25,50,33,27,81,36,25,31,33,34.8,27.041644131963228,1.9550504398153574,26.400000000000002,53.599999999999994,8.923742563547865,18.11790156841536,0.6862745098039216,0.4069767441860465,27.217599342807198,94.1652734773452,10.5168,1.9444444444444444,0.5,0.66,0.35714285714285715,1.08,0.5142857142857142,32,1.1571428571428573,8.720930232558139,43.49999999999999,1.318181818181818,11.763115197404002,2.066666666666667,19.186046511627907
32,M,165,102,19,98,103,39,35,51,37,30,102,43,25,36,45,47.8,37.46556473829202,2.1621748310439655,45.9,56.1,16.859504132231407,20.60606060606061,0.9514563106796117,0.593939393939394,30.597206817355683,114.35139419444609,19.2255,2.5128205128205128,0.6862745098039216,0.7254901960784313,0.35714285714285715,0.8571428571428571,0.4387755102040816,5,1.0408163265306123,11.515151515151516,46.86274509803921,1.0413943355119826,17.55739210284665,1.894736842105263,22.424242424242426
22,F,164,62,16,82,109,35,29,55,33,26,90,39,21,30,28,26.8,23.051754907792983,1.6806083554607374,17.360000000000003,44.64,6.4544913741820364,16.59726353361095,0.7522935779816514,0.5,33.899207456884334,122.35266512084684,13.9583,2.342857142857143,0.5272727272727272,0.6,0.35365853658536583,0.896551724137931,0.47560975609756095,27,1.0975609756097562,9.75609756097561,43.225806451612904,1.5437788018433178,9.964306960142775,1.875,20.121951219512198
30,F,162,67,17,85,101,35,27,54,36,25,96,39,21,32,32,25.1,25.529644871208653,1.736375535418534,21.44,45.56,8.169486358786768,17.360158512421883,0.8415841584158416,0.5246913580246914,30.983391563677152,121.25859551738357,14.6292,2.4285714285714284,0.5,0.6666666666666666,0.3176470588235294,0.9259259259259259,0.4588235294117647,16,1.1294117647058823,10.493827160493826,37.462686567164184,1.1707089552238805,9.564090839811003,1.8823529411764706,22.22222222222222
29,F,168,65,17,74,89,33,29,47,35,25,96,37,22,30,26,29.9,23.030045351473927,1.7416467303484175,16.900000000000002,48.099999999999994,5.987811791383222,17.042233560090704,0.8314606741573034,0.44047619047619047,22.872018293530296,109.14483391315419,11.1095,2.242424242424242,0.6170212765957447,0.7446808510638298,0.3918918918918919,0.8620689655172413,0.5,15,1.2972972972972974,10.119047619047619,46.0,1.769230769230769,10.593820861678006,1.7647058823529411,20.833333333333336
55,M,189,81,17,72,101,38,35,52,37,28,102,43,23,35,18,33.9,22.67573696145125,2.062159062730128,14.58,66.42,4.081632653061225,18.594104308390023,0.7128712871287128,0.38095238095238093,20.87126439829847,100.9007492467341,10.956700000000001,1.894736842105263,0.6730769230769231,0.7115384615384616,0.4861111111111111,0.8,0.5972222222222222,29,1.4166666666666667,8.994708994708994,41.85185185185185,2.325102880658436,9.490215839422188,2.0588235294117645,19.576719576719576
28,M,177,63,19,82,101,38,29,55,41,30,111,42,23,33,13,24.2,20.109164033323754,1.7599715906798041,8.19,54.81,2.6141913243320882,17.494972708991668,0.8118811881188119,0.4632768361581921,24.890536061178373,126.09669762843508,13.700700000000001,2.1578947368421053,0.5272727272727272,0.7454545454545455,0.35365853658536583,1.0344827586206897,0.5121951219512195,19,1.353658536585366,10.734463276836157,38.41269841269841,2.954822954822955,7.724472533435474,1.736842105263158,23.163841807909606
50,F,159,70,16,82,95,33,25,51,37,26,96,36,21,30,42,30.1,27.688778133776353,1.7583135859870578,29.4,40.6,11.629286816186067,16.059491317590286,0.8631578947368421,0.5157232704402516,29.38358531020357,113.38011589851016,13.5663,2.484848484848485,0.49019607843137253,0.7254901960784313,0.3048780487804878,1.04,0.43902439024390244,13,1.170731707317073,10.062893081761008,43.0,1.023809523809524,11.906174597523831,1.875,23.270440251572328
59,M,171,78,19,127,94,37,35,53,36,27,88,42,23,33,31,33.2,26.674874320303687,1.9248376554920157,24.18,53.82,8.269211039294143,18.405663281009545,1.351063829787234,0.7426900584795322,24.0371910016234,172.51544265877627,33.020300000000006,3.4324324324324325,0.660377358490566,0.6792452830188679,0.2755905511811024,0.7714285714285715,0.33070866141732286,-33,0.6929133858267716,11.11111111111111,42.56410256410257,1.3730355665839538,11.353920864539518,1.736842105263158,21.052631578947366
50,F,161,91,16,83,97,33,30,52,37,23,94,33,23,31,45,39.6,35.10667026735079,2.0173552543422346,40.95,50.05,15.798001620307858,19.308668647042936,0.8556701030927835,0.515527950310559,29.482428201983076,101.28469771775713,13.9152,2.515151515151515,0.5769230769230769,0.7115384615384616,0.3614457831325301,0.7666666666666667,0.39759036144578314,14,1.1325301204819278,9.937888198757763,43.51648351648352,0.967032967032967,15.277188380077927,1.9375,22.981366459627328
30,F,164,71,15,99,96,34,27,51,35,23,92,37,22,32,29,28.6,26.397977394408095,1.798456128028828,20.59,50.41,7.655413444378348,18.742563950029748,1.03125,0.6036585365853658,27.709393723494458,138.03888616735028,19.6083,2.911764705882353,0.5294117647058824,0.6862745098039216,0.2727272727272727,0.8518518518518519,0.37373737373737376,-3,0.9292929292929293,9.146341463414634,40.28169014084507,1.389023797960175,10.633551457465796,2.1333333333333333,21.341463414634145
20,M,187,77,19,85,99,37,31,54,40,28,94,44,22,35,11,36.3,22.019502988361115,1.9999305543498809,8.47,68.53,2.422145328719723,19.597357659641393,0.8585858585858586,0.45454545454545453,20.71442245378927,121.5256264408959,14.587200000000001,2.2972972972972974,0.5740740740740741,0.7407407407407407,0.36470588235294116,0.9032258064516129,0.5176470588235295,14,1.1058823529411765,10.16042780748663,47.14285714285714,4.285714285714285,10.38062283737024,1.8421052631578947,21.390374331550802
33,F,169,59,15,80,92,30,27,49,33,22,94,37,22,29,20,23.6,20.65754000210077,1.6642482453715317,11.8,47.2,4.131508000420154,16.526032001680615,0.8695652173913043,0.47337278106508873,23.87528447883477,124.2169425872081,12.900799999999998,2.6666666666666665,0.5510204081632653,0.673469387755102,0.3375,0.8148148148148148,0.4625,12,1.175,8.875739644970414,40.0,2.0,8.263016000840308,1.9333333333333333,19.526627218934912
41,F,175,71,14,85,78,34,25,53,32,25,114,37,20,27,35,31.6,23.183673469387756,1.8577914008006629,24.849999999999998,46.150000000000006,8.114285714285714,15.069387755102042,1.0897435897435896,0.4857142857142857,15.692833022536824,122.42842930718932,14.4843,2.5,0.4716981132075472,0.6037735849056604,0.29411764705882354,1.0,0.43529411764705883,-7,1.3411764705882352,8.0,44.50704225352113,1.2716297786720323,10.318367346938777,1.9285714285714286,18.285714285714285
64,M,165,98,18,90,105,39,33,55,39,28,105,42,22,34,41,45.3,35.99632690541782,2.1193552478682443,40.18,57.82,14.758494031221305,21.237832874196513,0.8571428571428571,0.5454545454545454,31.540841901187832,107.13834804801084,16.3575,2.3076923076923075,0.6,0.7090909090909091,0.36666666666666664,0.8484848484848485,0.4666666666666667,15,1.1666666666666667,10.909090909090908,46.224489795918366,1.1274265803882528,16.639118457300277,1.8888888888888888,23.636363636363637
47,F,165,70,16,76,108,34,26,53,36,25,99,37,23,30,37,30.8,25.71166207529844,1.7911821050170564,25.9,44.1,9.513314967860422,16.198347107438018,0.7037037037037037,0.46060606060606063,32.956294526936055,107.04836695776902,12.268799999999999,2.235294117647059,0.49056603773584906,0.6792452830188679,0.34210526315789475,0.9615384615384616,0.4868421052631579,32,1.3026315789473684,9.696969696969697,44.0,1.1891891891891893,11.313131313131315,1.875,21.818181818181817
49,M,172,78,18,88,86,38,37,53,37,26,111,40,26,33,29,33.4,26.365603028664147,1.9304576314093678,22.619999999999997,55.38,7.646024878312601,18.719578150351545,1.0232558139534884,0.5116279069767442,20.124642583151164,119.88727703883158,15.4908,2.3157894736842106,0.6981132075471698,0.6981132075471698,0.42045454545454547,0.7027027027027027,0.45454545454545453,-2,1.2613636363636365,10.465116279069768,42.82051282051282,1.4765694076038904,11.289886425094647,1.8333333333333333,21.511627906976745
40,F,168,59,16,84,105,34,27,48,39,25,85,38,21,30,26,23.3,20.904195011337873,1.6593171286204857,15.34,43.66,5.435090702947846,15.469104308390024,0.8,0.5,30.219796863153725,130.0413361568535,14.4207,2.4705882352941178,0.5625,0.8125,0.32142857142857145,0.9259259259259259,0.4523809523809524,21,1.0119047619047619,9.523809523809524,39.49152542372881,1.5189048239895697,8.255385487528347,1.875,23.214285714285715
60,F,157,93,15,83,89,33,26,51,34,28,86,37,22,30,45,41.5,37.72972534382733,2.0139099615755747,41.85,51.15,16.9783764047223,20.751348939105032,0.9325842696629213,0.5286624203821656,27.241867973005327,98.9372754133014,13.8032,2.515151515151515,0.5098039215686274,0.6666666666666666,0.3132530120481928,1.0769230769230769,0.4457831325301205,6,1.036144578313253,9.554140127388536,44.623655913978496,0.991636798088411,16.83638281471865,2.0,21.656050955414013
52,F,165,59,15,86,105,35,28,53,35,23,77,33,21,29,36,23.8,21.6712580348944,1.6444350600332829,21.24,37.760000000000005,7.801652892561984,13.869605142332418,0.819047619047619,0.5212121212121212,31.540841901187832,131.94347550570268,15.0447,2.4571428571428573,0.5283018867924528,0.660377358490566,0.32558139534883723,0.8214285714285714,0.38372093023255816,19,0.8953488372093024,9.090909090909092,40.33898305084746,1.120527306967985,8.741965105601471,1.9333333333333333,21.21212121212121
58,M,163,52,17,73,107,40,36,56,36,29,82,38,23,31,11,20.2,19.57168128269788,1.5344199048645206,5.72,46.28,2.152884941096767,17.418796341601116,0.6822429906542056,0.44785276073619634,33.41648352681684,118.5737329447177,11.4672,1.825,0.6428571428571429,0.6428571428571429,0.4931506849315068,0.8055555555555556,0.5205479452054794,34,1.1232876712328768,10.429447852760736,38.84615384615385,3.5314685314685317,7.602845421355716,1.8235294117647058,22.085889570552148
30,F,156,59,16,92,97,34,27,58,40,26,70,35,21,30,28,24.9,24.243918474687703,1.5989579940281942,16.520000000000003,42.48,6.788297172912558,17.455621301775146,0.9484536082474226,0.5897435897435898,31.78343243299183,137.24534484583472,16.9455,2.7058823529411766,0.46551724137931033,0.6896551724137931,0.29347826086956524,0.9629629629629629,0.3804347826086957,5,0.7608695652173914,10.256410256410255,42.20338983050847,1.5072639225181594,10.231755424063115,1.875,25.64102564102564
20,F,173,82,15,76,108,33,28,51,36,27,98,36,20,30,42,35.7,27.39817568244846,1.9850832616178988,34.44,47.56,11.507233786628353,15.890941895820108,0.7037037037037037,0.4393063583815029,29.462936125507632,101.27522569901117,12.268799999999999,2.303030303030303,0.5490196078431373,0.7058823529411765,0.3684210526315789,0.9642857142857143,0.47368421052631576,32,1.2894736842105263,8.670520231213873,43.53658536585366,1.0365853658536588,11.928230144675734,2.0,20.809248554913296
42,F,167,63,15,73,88,36,30,52,36,23,88,34,21,29,29,27.1,22.589551436050055,1.7095320997278758,18.27,44.730000000000004,6.550969916454516,16.038581519595542,0.8295454545454546,0.437125748502994,22.776314049703018,109.03961841864125,10.8155,2.0277777777777777,0.5769230769230769,0.6923076923076923,0.410958904109589,0.7666666666666667,0.4657534246575342,15,1.2054794520547945,8.982035928143713,43.01587301587302,1.4833059660645869,9.717092760586612,1.9333333333333333,21.55688622754491
24,F,162,76,16,79,104,35,27,50,34,23,94,38,23,29,43,30.9,28.959000152415786,1.849324200890693,32.68,43.32,12.452370065538787,16.506630086876996,0.7596153846153846,0.4876543209876543,32.43834378834083,105.81599121465337,12.9195,2.257142857142857,0.54,0.68,0.34177215189873417,0.8518518518518519,0.4810126582278481,25,1.1898734177215189,9.876543209876543,40.6578947368421,0.945532435740514,11.774119798811155,1.8125,20.98765432098765
59,M,183,66,18,74,85,41,34,53,35,32,98,44,22,38,18,28.1,19.70796380901191,1.8316659084014202,11.879999999999999,54.120000000000005,3.5474334856221437,16.160530323389768,0.8705882352941177,0.40437158469945356,16.335414224665946,113.04693679875322,11.036700000000002,1.8048780487804879,0.6415094339622641,0.660377358490566,0.4594594594594595,0.9411764705882353,0.5945945945945946,11,1.3243243243243243,9.836065573770492,42.57575757575758,2.3653198653198655,8.39081489444295,2.111111111111111,19.12568306010929
38,M,180,95,19,106,97,41,28,56,40,30,88,42,26,38,39,39.3,29.320987654320987,2.179449471770337,37.050000000000004,57.949999999999996,11.435185185185185,17.8858024691358,1.092783505154639,0.5888888888888889,22.166406262496224,133.8609236162177,22.5287,2.5853658536585367,0.5,0.7142857142857143,0.2641509433962264,1.0714285714285714,0.39622641509433965,-9,0.8301886792452831,10.555555555555555,41.368421052631575,1.060728744939271,12.129629629629628,2.0,22.22222222222222
56,M,175,93,18,90,98,40,33,61,40,29,101,38,26,40,21,40.3,30.367346938775512,2.1262251370288454,19.529999999999998,73.47,6.377142857142856,23.99020408163265,0.9183673469387755,0.5142857142857142,24.332020977033444,113.26443464492222,16.244799999999998,2.25,0.5409836065573771,0.6557377049180327,0.36666666666666664,0.8787878787878788,0.4222222222222222,8,1.1222222222222222,10.285714285714285,43.33333333333333,2.0634920634920637,13.159183673469387,2.2222222222222223,22.857142857142858
29,F,171,64,17,74,107,35,30,48,33,25,85,38,22,32,30,26.5,21.887076365377382,1.7435595774162693,19.2,44.8,6.566122909613215,15.320953455764167,0.6915887850467289,0.4327485380116959,29.850845076316,110.9719685167465,11.7143,2.1142857142857143,0.625,0.6875,0.40540540540540543,0.8333333333333334,0.5135135135135135,33,1.1486486486486487,9.941520467836257,41.40625,1.3802083333333335,9.062617557539072,1.8823529411764706,19.298245614035086
19,M,182,93,19,96,98,39,37,51,36,30,98,43,25,31,31,36.7,28.076319285110493,2.1683326928003153,28.83,64.17,8.703658978384253,19.37266030672624,0.9795918367346939,0.5274725274725275,21.913424743290065,123.20801332277615,18.4348,2.4615384615384617,0.7254901960784313,0.7058823529411765,0.3854166666666667,0.8108108108108109,0.4479166666666667,2,1.0208333333333333,10.43956043956044,39.462365591397855,1.2729795352063824,11.079579760898442,1.631578947368421,19.78021978021978
50,M,183,85,17,98,100,39,34,57,37,28,99,37,25,28,26,34.8,25.381468541909282,2.078661428259382,22.1,62.9,6.599181820896414,18.782286721012866,0.98,0.5355191256830601,22.394604970195232,131.9215239953067,19.2108,2.5128205128205128,0.5964912280701754,0.6491228070175439,0.3469387755102041,0.8235294117647058,0.37755102040816324,2,1.010204081632653,9.289617486338798,40.94117647058823,1.5746606334841626,10.391471826569916,1.6470588235294117,20.21857923497268
64,F,178,63,16,78,104,31,30,53,31,25,85,33,22,24,27,25.8,19.883853048857468,1.764936259472279,17.01,45.989999999999995,5.368640323191516,14.515212725665949,0.75,0.43820224719101125,25.79286272784808,120.28399147124314,12.641200000000001,2.5161290322580645,0.5660377358490566,0.5849056603773585,0.38461538461538464,0.8333333333333334,0.4230769230769231,26,1.0897435897435896,8.98876404494382,40.95238095238095,1.5167548500881833,8.142911248579725,1.5,17.415730337078653
35,F,169,62,16,89,101,33,28,46,37,24,91,32,20,29,37,24.1,21.707923392038097,1.7060350393692256,22.94,39.06,8.031931655054096,13.675991736984003,0.8811881188118812,0.5266272189349113,27.97177969959035,134.80655682497286,15.9428,2.696969696969697,0.6086956521739131,0.8043478260869565,0.3146067415730337,0.8571428571428571,0.3595505617977528,12,1.0224719101123596,9.467455621301776,38.87096774193549,1.050566695727986,8.438079899163196,1.8125,21.893491124260358
63,F,160,52,16,96,97,33,30,56,34,23,85,37,21,33,37,20.8,20.312499999999996,1.5202339001321838,19.24,32.760000000000005,7.515624999999998,12.796875,0.9896907216494846,0.6,29.928270786926994,154.4909538595868,18.4327,2.909090909090909,0.5357142857142857,0.6071428571428571,0.3125,0.7666666666666667,0.3854166666666667,1,0.8854166666666666,10.0,40.0,1.0810810810810811,8.124999999999998,2.0625,21.25
35,F,166,61,17,109,94,35,32,46,37,27,82,37,23,26,37,24.0,22.136739730004358,1.677133798412571,22.57,38.43,8.190593700101612,13.946146029902744,1.1595744680851063,0.6566265060240963,25.950692419515235,164.96398017172828,23.9195,3.1142857142857143,0.6956521739130435,0.8043478260869565,0.29357798165137616,0.84375,0.3394495412844037,-15,0.7522935779816514,10.240963855421686,39.34426229508197,1.0633584404076206,8.709536942952534,1.5294117647058822,22.289156626506024
53,M,167,88,18,76,98,36,34,55,38,29,98,44,25,36,36,35.6,31.553659148768332,2.0204509947588987,31.68,56.32,11.3593172935566,20.194341855211732,0.7755102040816326,0.4550898203592814,27.409986100805632,96.05146513866323,11.890799999999999,2.111111111111111,0.6181818181818182,0.6909090909090909,0.4473684210526316,0.8529411764705882,0.5789473684210527,22,1.2894736842105263,10.778443113772456,40.45454545454545,1.1237373737373737,12.764889382910825,2.0,22.75449101796407
57,F,161,48,15,65,96,34,26,49,38,26,89,37,23,30,28,18.9,18.517804097064154,1.465150731722394,13.440000000000001,34.56,5.184985147177963,13.332818949886192,0.6770833333333334,0.40372670807453415,28.992918632890465,109.21421738756378,9.1227,1.911764705882353,0.5306122448979592,0.7755102040816326,0.4,1.0,0.5692307692307692,31,1.3692307692307693,9.316770186335404,39.375,1.4062499999999998,7.29138536321901,2.0,23.60248447204969
41,M,179,89,18,96,89,38,32,53,33,27,101,41,26,34,34,38.0,27.776910832995224,2.103634421133524,30.26,58.739999999999995,9.444149683218377,18.332761149776847,1.0786516853932584,0.5363128491620112,19.162973885431448,124.90397140221731,18.4663,2.526315789473684,0.6037735849056604,0.6226415094339622,0.3333333333333333,0.84375,0.4270833333333333,-7,1.0520833333333333,10.05586592178771,42.69662921348314,1.2557832121612689,11.859804625323804,1.8888888888888888,18.435754189944134
43,F,170,78,15,95,100,32,28,53,33,25,103,38,23,34,43,37.3,26.989619377162633,1.9192012227313042,33.54,44.46,11.605536332179932,15.3840830449827,0.95,0.5588235294117647,27.115587579257088,128.66910102997454,18.0675,2.96875,0.5283018867924528,0.6226415094339622,0.29473684210526313,0.8928571428571429,0.4,5,1.0842105263157895,8.823529411764707,47.82051282051282,1.1121049493142516,12.906574394463668,2.2666666666666666,19.411764705882355
40,M,170,82,20,89,95,41,34,57,40,28,96,42,25,35,31,32.7,28.373702422145332,1.9677962857527256,25.419999999999998,56.58,8.795847750865052,19.577854671280278,0.9368421052631579,0.5235294117647059,24.859808200294232,117.5658107621342,15.8672,2.1707317073170733,0.5964912280701754,0.7017543859649122,0.38202247191011235,0.8235294117647058,0.47191011235955055,6,1.0786516853932584,11.76470588235294,39.87804878048781,1.2863886703383165,11.314878892733566,1.75,23.52941176470588
26,M,186,50,18,102,98,36,28,57,42,34,101,41,22,36,18,20.5,14.452537865649207,1.6072751268321592,9.0,41.0,2.601456815816857,11.851081049832349,1.0408163265306123,0.5483870967741935,20.632842129281244,180.4866747928957,20.819200000000002,2.8333333333333335,0.49122807017543857,0.7368421052631579,0.27450980392156865,1.2142857142857142,0.4019607843137255,-4,0.9901960784313726,9.67741935483871,41.0,2.2777777777777777,5.925540524916174,2.0,22.58064516129032
59,M,171,59,18,90,97,37,36,52,34,29,95,45,25,32,17,27.1,20.177148524332274,1.6740669042783207,10.030000000000001,48.97,3.4301152491364872,16.74703327519579,0.9278350515463918,0.5263157894736842,25.378803480398616,140.5685162976665,16.234299999999998,2.4324324324324325,0.6923076923076923,0.6538461538461539,0.4,0.8055555555555556,0.5,7,1.0555555555555556,10.526315789473683,45.93220338983051,2.701894317048853,9.267808898464486,1.7777777777777777,19.883040935672515
33,F,159,45,16,82,117,34,28,51,34,25,81,37,21,32,25,20.4,17.799928800284796,1.4097872179871684,11.25,33.75,4.449982200071199,13.349946600213597,0.7008547008547008,0.5157232704402516,40.356626118882296,141.40984938831537,14.3055,2.411764705882353,0.5490196078431373,0.6666666666666666,0.34146341463414637,0.8928571428571429,0.45121951219512196,35,0.9878048780487805,10.062893081761008,45.33333333333333,1.8133333333333332,8.069301056129108,2.0,21.38364779874214
53,M,164,108,17,95,105,41,33,56,37,30,131,35,21,35,45,46.2,40.15466983938133,2.2181073012818833,48.6,59.4,18.069601427721597,22.08506841165973,0.9047619047619048,0.5792682926829268,31.994649385072066,107.40071030671707,18.12,2.317073170731707,0.5892857142857143,0.6607142857142857,0.3473684210526316,0.9090909090909091,0.3684210526315789,10,1.3789473684210527,10.365853658536585,42.77777777777778,0.9506172839506173,17.1772754312909,2.0588235294117645,22.5609756097561
53,F,162,48,16,55,107,34,29,53,34,25,70,37,23,30,9,22.2,18.289894833104707,1.469693845669907,4.32,43.68,1.6460905349794237,16.643804298125282,0.514018691588785,0.3395061728395062,33.89329601300451,92.69857971541843,7.9428,1.6176470588235294,0.5471698113207547,0.6415094339622641,0.5272727272727272,0.8620689655172413,0.6727272727272727,52,1.2727272727272727,9.876543209876543,46.25,5.138888888888888,8.459076360310926,1.875,20.98765432098765
21,M,168,102,17,96,89,38,33,51,36,34,101,37,21,38,35,48.9,36.13945578231293,2.181742422927143,35.699999999999996,66.30000000000001,12.648809523809524,23.49064625850341,1.0786516853932584,0.5714285714285714,22.872018293530296,113.03144770696476,18.4663,2.526315789473684,0.6470588235294118,0.7058823529411765,0.34375,1.0303030303030303,0.3854166666666667,-7,1.0520833333333333,10.119047619047619,47.94117647058823,1.3697478991596639,17.325680272108844,2.235294117647059,21.428571428571427
25,F,169,93,16,97,113,34,29,49,37,26,103,35,21,34,45,35.5,32.561885088057146,2.089457664881807,41.85,51.15,14.652848289625716,17.90903679843143,0.8584070796460177,0.5739644970414202,33.43377332726445,119.96294376651983,18.9972,2.8529411764705883,0.5918367346938775,0.7551020408163265,0.29896907216494845,0.896551724137931,0.36082474226804123,16,1.0618556701030928,9.467455621301776,38.17204301075269,0.8482676224611708,12.429536780925039,2.125,21.893491124260358
34,M,171,63,19,70,101,38,29,53,40,26,85,43,23,37,15,30.1,21.545090797168363,1.7298843892006195,9.45,53.55,3.231763619575254,18.313327177593106,0.693069306930693,0.4093567251461988,27.16762011876557,105.80332655661282,10.472700000000001,1.8421052631578947,0.5471698113207547,0.7547169811320755,0.4142857142857143,0.896551724137931,0.6142857142857143,31,1.2142857142857142,11.11111111111111,47.77777777777778,3.1851851851851856,10.29376560309155,1.9473684210526316,23.391812865497073
46,F,156,65,15,71,104,34,29,53,35,27,82,39,20,29,35,27.3,26.709401709401707,1.6782927833565473,22.75,42.25,9.348290598290598,17.36111111111111,0.6826923076923077,0.4551282051282051,35.376051268362374,100.91075874522078,10.844299999999999,2.088235294117647,0.5471698113207547,0.660377358490566,0.4084507042253521,0.9310344827586207,0.5492957746478874,33,1.1549295774647887,9.615384615384617,42.0,1.2,11.217948717948717,1.9333333333333333,22.435897435897438
52,M,182,89,17,97,108,38,29,61,42,33,89,42,24,35,31,40.2,26.86873565994445,2.121189393817639,27.59,61.41,8.329308054582778,18.53942760536167,0.8981481481481481,0.532967032967033,25.986223186482924,127.2582442224375,18.9027,2.5526315789473686,0.47540983606557374,0.6885245901639344,0.29896907216494845,1.1379310344827587,0.4329896907216495,11,0.9175257731958762,9.340659340659341,45.1685393258427,1.4570496556723451,12.13621543291873,2.0588235294117645,23.076923076923077
30,F,154,82,16,84,102,34,31,50,34,26,92,37,22,33,45,34.5,34.57581379659302,1.8729062383840196,36.9,45.1,15.559116208466858,19.01669758812616,0.8235294117647058,0.5454545454545454,35.372689825057655,105.61028688135443,14.338799999999999,2.4705882352941178,0.62,0.68,0.36904761904761907,0.8387096774193549,0.44047619047619047,18,1.0952380952380953,10.38961038961039,42.073170731707314,0.934959349593496,14.547141170517794,2.0625,22.07792207792208
49,F,156,40,16,75,95,36,28,49,36,24,88,36,21,32,13,17.2,16.43655489809336,1.3165611772087666,5.2,34.8,2.1367521367521367,14.29980276134122,0.7894736842105263,0.4807692307692308,30.756969908600247,135.8836077394369,11.53,2.0833333333333335,0.5714285714285714,0.7346938775510204,0.37333333333333335,0.8571428571428571,0.48,20,1.1733333333333333,10.256410256410255,43.0,3.3076923076923075,7.067718606180144,2.0,23.076923076923077
37,M,182,87,18,94,99,41,25,52,36,27,95,42,21,30,23,35.3,26.26494384736143,2.097220382633483,20.01,66.99,6.0409370848931285,20.2240067624683,0.9494949494949495,0.5164835164835165,22.32070458760935,124.73186711012174,17.6895,2.292682926829268,0.4807692307692308,0.6923076923076923,0.26595744680851063,1.08,0.44680851063829785,5,1.0106382978723405,9.89010989010989,40.574712643678154,1.764117941029485,10.656925492090325,1.6666666666666667,19.78021978021978
39,M,166,77,19,94,92,40,34,56,40,29,95,43,23,38,33,34.0,27.94309769197271,1.8842917915109527,25.41,51.59,9.221222238350995,18.721875453621717,1.0217391304347827,0.5662650602409639,25.015571304206404,126.62225311714252,17.674799999999998,2.35,0.6071428571428571,0.7142857142857143,0.3617021276595745,0.8529411764705882,0.4574468085106383,-2,1.0106382978723405,11.44578313253012,44.15584415584416,1.338055883510429,12.338510669182757,2.0,24.096385542168676
44,M,177,96,19,97,99,41,30,57,41,29,102,42,25,40,37,39.4,30.642535669826675,2.172556098240043,35.519999999999996,60.480000000000004,11.337738197835868,19.304797471990806,0.9797979797979798,0.5480225988700564,24.041218515412467,120.83597564752533,18.8208,2.3658536585365852,0.5263157894736842,0.7192982456140351,0.30927835051546393,0.9666666666666667,0.4329896907216495,2,1.0515463917525774,10.734463276836157,41.041666666666664,1.1092342342342343,12.576207347824697,2.1052631578947367,23.163841807909606
47,M,178,88,19,122,104,42,34,58,43,28,98,39,24,33,31,36.4,27.77427092538821,2.0859317129549355,27.28,60.72,8.610023986870345,19.164246938517863,1.1730769230769231,0.6853932584269663,25.79286272784808,159.1849472355101,29.994799999999998,2.9047619047619047,0.5862068965517241,0.7413793103448276,0.2786885245901639,0.8235294117647058,0.319672131147541,-18,0.8032786885245902,10.674157303370785,41.36363636363637,1.3343108504398826,11.488448428228757,1.736842105263158,24.15730337078652
27,M,175,70,18,76,89,40,30,57,35,27,102,38,19,34,22,27.6,22.857142857142858,1.8446619684315546,15.4,54.6,5.0285714285714285,17.82857142857143,0.8539325842696629,0.4342857142857143,20.444386397509966,110.24454228109946,11.6703,1.9,0.5263157894736842,0.6140350877192983,0.39473684210526316,0.9,0.5,13,1.3421052631578947,10.285714285714285,39.42857142857143,1.7922077922077924,9.012244897959183,1.8888888888888888,20.0
61,M,163,97,18,122,105,37,33,53,38,30,104,41,23,32,44,42.5,36.50871316195567,2.0956966489557702,42.68,54.32,16.063833791260492,20.444879370695173,1.161904761904762,0.7484662576687117,32.45542775996045,145.09126520719036,29.970299999999998,3.2972972972972974,0.6226415094339622,0.7169811320754716,0.27049180327868855,0.9090909090909091,0.3360655737704918,-17,0.8524590163934426,11.042944785276074,43.81443298969072,0.9957825679475164,15.996085663743461,1.7777777777777777,23.31288343558282
27,M,170,79,19,100,92,37,32,59,38,31,92,41,23,37,18,33.6,27.33564013840831,1.9314646141090848,14.219999999999999,64.78,4.920415224913495,22.415224913494814,1.0869565217391304,0.5882352941176471,23.50634057291652,134.58120641800613,20.0448,2.7027027027027026,0.5423728813559322,0.6440677966101694,0.32,0.96875,0.41,-8,0.92,11.176470588235295,42.53164556962025,2.3628691983122367,11.626297577854674,1.9473684210526316,22.35294117647059
42,M,179,86,18,86,97,39,28,59,40,26,97,40,22,32,30,39.9,26.840610467838083,2.0678759902641914,25.8,60.2,8.052183140351426,18.78842732748666,0.8865979381443299,0.48044692737430167,22.503465920076977,113.82803616133165,14.876700000000001,2.2051282051282053,0.4745762711864407,0.6779661016949152,0.32558139534883723,0.9285714285714286,0.46511627906976744,11,1.127906976744186,10.05586592178771,46.3953488372093,1.5465116279069766,12.452794856589994,1.7777777777777777,22.3463687150838
54,F,159,63,15,98,98,34,26,48,36,24,82,36,24,33,29,25.0,24.919900320398717,1.6680827317612277,18.27,44.730000000000004,7.2267710929156275,17.69312922748309,1.0,0.6163522012578616,30.879909056841576,142.83277213857608,19.208,2.8823529411764706,0.5416666666666666,0.75,0.2653061224489796,0.9230769230769231,0.3673469387755102,0,0.8367346938775511,9.433962264150944,39.682539682539684,1.3683634373289546,9.888849333491555,2.2,22.641509433962266
21,M,176,91,19,71,108,38,38,56,43,27,95,44,23,35,20,40.0,29.3775826446281,2.10923893594085,18.2,72.8,5.87551652892562,23.50206611570248,0.6574074074074074,0.4034090909090909,28.25458127045237,90.58733609343706,11.040299999999998,1.868421052631579,0.6785714285714286,0.7678571428571429,0.5352112676056338,0.7105263157894737,0.6197183098591549,37,1.3380281690140845,10.795454545454545,43.956043956043956,2.197802197802198,12.913223140495868,1.8421052631578947,24.431818181818183
61,F,164,61,16,64,98,34,26,50,35,25,84,36,20,29,24,27.0,22.679952409280194,1.6669999666733317,14.639999999999999,46.36,5.443188578227246,17.236763831052947,0.6530612244897959,0.3902439024390244,28.661672759400595,96.27432504174452,9.0012,1.8823529411764706,0.52,0.7,0.40625,0.9615384615384616,0.5625,34,1.3125,9.75609756097561,44.26229508196721,1.8442622950819674,10.038667459845332,1.8125,21.341463414634145
63,F,164,40,15,78,96,35,28,49,35,24,90,35,20,33,15,15.1,14.872099940511603,1.3498971154211057,6.0,34.0,2.2308149910767403,12.641284949434862,0.8125,0.47560975609756095,27.709393723494458,144.89721330666913,12.3948,2.2285714285714286,0.5714285714285714,0.7142857142857143,0.358974358974359,0.8571428571428571,0.44871794871794873,18,1.1538461538461537,9.146341463414634,37.75,2.5166666666666666,5.61421772754313,2.2,21.341463414634145
42,M,171,89,18,87,101,38,32,48,39,28,101,40,25,39,36,38.1,30.436715570602924,2.056088519495209,32.04,56.96,10.957217605417052,19.47949796518587,0.8613861386138614,0.5087719298245614,27.16762011876557,110.635832097361,15.2752,2.289473684210526,0.6666666666666666,0.8125,0.367816091954023,0.875,0.45977011494252873,14,1.160919540229885,10.526315789473683,42.80898876404495,1.1891385767790263,13.029650148763723,2.1666666666666665,22.807017543859647
29,F,155,59,16,81,97,32,27,50,36,28,84,37,23,28,34,24.6,24.55775234131113,1.5938248893080376,20.060000000000002,38.94,8.349635796045785,16.208116545265344,0.8350515463917526,0.5225806451612903,32.26598380873702,120.44765918266306,13.301200000000001,2.53125,0.54,0.72,0.3333333333333333,1.037037037037037,0.4567901234567901,16,1.037037037037037,10.32258064516129,41.694915254237294,1.226321036889332,10.23933402705515,1.75,23.225806451612904
22,M,191,96,18,106,97,38,30,52,41,28,110,43,25,30,30,39.2,26.315068117650284,2.2568414506414345,28.799999999999997,67.2,7.894520435295084,18.4205476823552,1.092783505154639,0.5549738219895288,18.746982572442356,137.17040927063763,22.5287,2.789473684210526,0.5769230769230769,0.7884615384615384,0.2830188679245283,0.9333333333333333,0.4056603773584906,-9,1.0377358490566038,9.424083769633508,40.833333333333336,1.3611111111111114,10.745319481373867,1.6666666666666667,21.465968586387437
46,M,183,69,18,91,106,40,33,59,40,30,90,40,24,32,20,27.9,20.603780345785182,1.8728320800328042,13.8,55.2,4.120756069157037,16.483024276628147,0.8584905660377359,0.4972677595628415,24.81828126840695,135.9614832732231,16.7195,2.275,0.559322033898305,0.6779661016949152,0.3626373626373626,0.9090909090909091,0.43956043956043955,15,0.989010989010989,9.836065573770492,40.43478260869565,2.0217391304347823,8.331093791991398,1.7777777777777777,21.85792349726776
48,F,165,55,15,75,107,33,28,53,37,21,91,41,21,29,34,22.6,20.202020202020204,1.5877132402714709,18.700000000000003,36.3,6.86868686868687,13.333333333333334,0.7009345794392523,0.45454545454545453,32.48447698501998,119.17780786024383,11.9668,2.272727272727273,0.5283018867924528,0.6981132075471698,0.37333333333333335,0.75,0.5466666666666666,32,1.2133333333333334,9.090909090909092,41.09090909090909,1.2085561497326203,8.301193755739211,1.9333333333333333,22.424242424242426
64,F,172,55,17,63,112,32,28,52,37,25,108,38,21,30,19,25.0,18.591130340724717,1.6210421887717104,10.45,44.55,3.5323147647376962,15.05881557598702,0.5625,0.36627906976744184,31.65069731759222,102.21083358727381,9.6187,1.96875,0.5384615384615384,0.7115384615384616,0.4444444444444444,0.8928571428571429,0.6031746031746031,49,1.7142857142857142,9.883720930232558,45.45454545454545,2.3923444976076556,8.450513791238508,1.7647058823529411,21.511627906976745
52,M,176,63,19,85,85,41,31,63,38,29,104,41,25,34,19,28.8,20.33832644628099,1.7549928774784245,11.97,51.03,3.864282024793389,16.474044421487605,1.0,0.48295454545454547,18.404068592485665,130.34023118013636,14.45,2.073170731707317,0.49206349206349204,0.6031746031746031,0.36470588235294116,0.9354838709677419,0.4823529411764706,0,1.223529411764706,10.795454545454545,45.714285714285715,2.406015037593985,9.297520661157025,1.7894736842105263,21.59090909090909
64,F,159,83,16,99,99,33,26,49,35,25,81,38,23,32,38,35.7,32.83097978719196,1.9146366060778566,31.54,51.46,12.475772319132945,20.355207468059014,1.0,0.6226415094339622,31.378683639054252,125.7095328849615,19.602,3.0,0.5306122448979592,0.7142857142857143,0.26262626262626265,0.9615384615384616,0.3838383838383838,0,0.8181818181818182,10.062893081761008,43.01204819277108,1.1318960050729234,14.121276848225941,2.0,22.0125786163522
49,M,171,66,19,96,104,40,32,58,40,28,93,39,25,35,19,31.5,22.571047501795427,1.7705931209625774,12.540000000000001,53.46,4.288499025341132,18.282548476454295,0.9230769230769231,0.5614035087719298,28.509232597540787,141.76558766672846,18.4768,2.4,0.5517241379310345,0.6896551724137931,0.3333333333333333,0.875,0.40625,8,0.96875,11.11111111111111,47.72727272727273,2.511961722488038,10.772545398584182,1.8421052631578947,23.391812865497073
25,F,166,46,17,66,91,33,31,51,35,23,82,36,21,31,22,19.4,16.693279140659023,1.4564034849968985,10.12,35.88,3.672521410944985,13.020757729714038,0.7252747252747253,0.39759036144578314,24.548010746551988,115.02508577159391,9.1495,2.0,0.6078431372549019,0.6862745098039216,0.4696969696969697,0.7419354838709677,0.5454545454545454,25,1.2424242424242424,10.240963855421686,42.17391304347826,1.91699604743083,7.040209028886631,1.8235294117647058,21.084337349397593
38,F,154,64,16,83,99,34,26,54,34,23,93,38,23,29,40,22.5,26.986001011975038,1.654623152798781,25.6,38.4,10.794400404790016,16.191600607185023,0.8383838383838383,0.538961038961039,33.80290483020302,118.11960007078453,13.9572,2.4411764705882355,0.48148148148148145,0.6296296296296297,0.3132530120481928,0.8846153846153846,0.4578313253012048,16,1.1204819277108433,10.38961038961039,35.15625,0.87890625,9.487265980772474,1.8125,22.07792207792208
25,F,154,71,14,81,101,35,33,49,34,25,79,35,23,31,37,25.8,29.93759487265981,1.742762812955975,26.27,44.730000000000004,11.07691010288413,18.86068476977568,0.801980198019802,0.525974025974026,34.84942816010611,109.44343288494686,13.402,2.3142857142857145,0.673469387755102,0.6938775510204082,0.4074074074074074,0.7575757575757576,0.43209876543209874,20,0.9753086419753086,9.090909090909092,36.33802816901409,0.9821088694328132,10.878731657952438,2.2142857142857144,22.07792207792208
64,M,180,71,18,81,96,38,29,56,36,27,104,44,24,37,20,28.4,21.91358024691358,1.8841443681416772,14.200000000000001,56.8,4.382716049382716,17.530864197530864,0.84375,0.45,21.752319599996262,118.32202647846688,13.2795,2.1315789473684212,0.5178571428571429,0.6428571428571429,0.35802469135802467,0.9310344827586207,0.5432098765432098,15,1.2839506172839505,10.0,40.0,1.9999999999999998,8.765432098765432,2.0555555555555554,20.0
27,F,173,89,15,99,105,34,24,47,36,25,95,38,22,24,45,39.6,29.737044338267232,2.068077475445358,40.050000000000004,48.949999999999996,13.381669952220255,16.355374386046975,0.9428571428571428,0.5722543352601156,28.144521233132416,126.63004024477296,19.627200000000002,2.911764705882353,0.5106382978723404,0.7659574468085106,0.24242424242424243,1.0416666666666667,0.3838383838383838,6,0.9595959595959596,8.670520231213873,44.49438202247191,0.9887640449438202,13.231314110060476,1.6,20.809248554913296
50,F,168,68,16,84,93,33,30,47,32,26,89,39,20,31,32,29.0,24.092970521541954,1.781385228784985,21.76,46.239999999999995,7.709750566893426,16.383219954648528,0.9032258064516129,0.5,24.708962935936157,121.13035014943772,14.168700000000001,2.5454545454545454,0.6382978723404256,0.6808510638297872,0.35714285714285715,0.8666666666666667,0.4642857142857143,9,1.0595238095238095,9.523809523809524,42.64705882352941,1.332720588235294,10.274943310657598,1.9375,19.047619047619047
54,F,164,69,15,78,90,33,28,49,35,26,94,35,21,34,26,29.8,25.654372397382513,1.7729448195962934,17.94,51.06,6.670136823319455,18.98423557406306,0.8666666666666667,0.47560975609756095,24.85255661577606,110.32285275509444,12.268799999999999,2.3636363636363638,0.5714285714285714,0.7142857142857143,0.358974358974359,0.9285714285714286,0.44871794871794873,12,1.205128205128205,9.146341463414634,43.188405797101446,1.661092530657748,11.079714455681144,2.2666666666666666,21.341463414634145
44,M,167,74,17,88,103,39,30,55,41,31,110,47,22,36,23,32.0,26.533758829646096,1.8527756954844206,17.02,56.980000000000004,6.102764530818602,20.430994298827496,0.8543689320388349,0.5269461077844312,29.726822126356943,121.28261433371857,15.6455,2.2564102564102564,0.5454545454545454,0.7454545454545455,0.3409090909090909,1.0333333333333334,0.5340909090909091,15,1.25,10.179640718562874,43.24324324324324,1.8801410105757932,11.474057872279394,2.1176470588235294,24.550898203592812
53,F,174,75,16,73,90,33,29,53,31,26,106,35,20,28,27,32.3,24.772096710265558,1.9039432764659772,20.25,54.75,6.6884661117717,18.083630598493855,0.8111111111111111,0.41954022988505746,21.21196777132259,102.0094379317551,10.860299999999999,2.212121212121212,0.5471698113207547,0.5849056603773585,0.3972602739726027,0.896551724137931,0.4794520547945205,17,1.452054794520548,9.195402298850574,43.06666666666666,1.5950617283950617,10.668516316554365,1.75,17.81609195402299
18,M,179,93,18,85,101,42,32,63,41,28,101,41,25,36,26,35.2,29.025311319871417,2.1503875619679973,24.18,68.82,7.546580943166568,21.478730376704846,0.8415841584158416,0.4748603351955307,24.173711937399737,108.1875956006391,14.6292,2.0238095238095237,0.5079365079365079,0.6507936507936508,0.3764705882352941,0.875,0.4823529411764706,16,1.188235294117647,10.05586592178771,37.8494623655914,1.4557485525227463,10.985924284510473,2.0,22.905027932960895
35,F,159,54,14,89,102,35,26,53,35,24,80,38,22,27,27,23.5,21.359914560341757,1.54434452114805,14.580000000000002,39.42,5.767176931292275,15.592737629049482,0.8725490196078431,0.559748427672956,32.87500738569226,140.10872821832461,15.9603,2.5428571428571427,0.49056603773584906,0.660377358490566,0.29213483146067415,0.9230769230769231,0.42696629213483145,13,0.898876404494382,8.80503144654088,43.51851851851852,1.6117969821673523,9.29551837348206,1.9285714285714286,22.0125786163522
61,F,153,40,16,81,106,32,27,49,38,26,94,36,20,31,22,16.8,17.087444999786406,1.3038404810405297,8.8,31.2,3.75923789995301,13.328207099833397,0.7641509433962265,0.5294117647058824,38.010405781811095,145.33634719855448,13.5595,2.53125,0.5510204081632653,0.7755102040816326,0.3333333333333333,0.9629629629629629,0.4444444444444444,25,1.1604938271604939,10.457516339869281,42.00000000000001,1.909090909090909,7.176726899910292,1.9375,24.836601307189543
36,M,173,83,19,103,97,38,34,59,35,29,105,44,24,35,40,35.3,27.732299776136855,1.9971507482188497,33.2,49.8,11.092919910454743,16.639379865682113,1.0618556701030928,0.5953757225433526,24.628748186798518,136.42524178172312,21.2432,2.710526315789474,0.576271186440678,0.5932203389830508,0.3300970873786408,0.8529411764705882,0.42718446601941745,-6,1.0194174757281553,10.982658959537572,42.53012048192771,1.0632530120481927,11.794580507200372,1.8421052631578947,20.23121387283237
59,F,174,77,15,83,98,34,31,54,33,25,97,37,22,30,33,26.8,25.43268595587264,1.9291621670213903,25.41,51.59,8.39278636543797,17.03989959043467,0.8469387755102041,0.47701149425287354,24.697476017662375,114.46714633345077,13.9355,2.4411764705882355,0.5740740740740741,0.6111111111111112,0.37349397590361444,0.8064516129032258,0.4457831325301205,15,1.1686746987951808,8.620689655172415,34.80519480519481,1.054702872884691,8.851895891134893,2.0,18.96551724137931
29,M,177,92,19,80,95,43,31,58,40,29,108,44,24,37,25,36.3,29.365763350250564,2.1268129521265693,23.0,69.0,7.341440837562641,22.024322512687924,0.8421052631578947,0.4519774011299435,22.342583423880647,101.80197616880268,12.9575,1.8604651162790697,0.5344827586206896,0.6896551724137931,0.3875,0.9354838709677419,0.55,15,1.35,10.734463276836157,39.45652173913043,1.5782608695652172,11.586708800153211,1.9473684210526316,22.598870056497177
54,M,176,64,18,90,100,36,29,49,41,30,102,38,26,36,15,26.1,20.66115702479339,1.7688665548562132,9.6,54.4,3.0991735537190084,17.56198347107438,0.9,0.5113636363636364,24.8283159911596,136.92487666604862,16.27,2.5,0.5918367346938775,0.8367346938775511,0.32222222222222224,1.0344827586206897,0.4222222222222222,10,1.1333333333333333,10.227272727272728,40.78125,2.7187500000000004,8.425878099173554,2.0,23.295454545454543
48,M,181,70,17,99,107,38,31,54,39,28,77,46,21,35,23,31.5,21.36686914318855,1.876018242034028,16.1,53.9,4.914379902933367,16.45248924025518,0.9252336448598131,0.5469613259668509,25.94059317593745,146.04912657512614,19.6468,2.6052631578947367,0.5740740740740741,0.7222222222222222,0.31313131313131315,0.9032258064516129,0.46464646464646464,8,0.7777777777777778,9.392265193370166,45.0,1.9565217391304346,9.615091114434847,2.0588235294117645,21.54696132596685
48,M,176,101,18,102,98,43,34,51,35,28,121,40,24,36,39,44.2,32.60588842975207,2.2221111083331944,39.39,61.61,12.716296487603307,19.889591942148762,1.0408163265306123,0.5795454545454546,23.97174967133641,123.52911238985511,20.819200000000002,2.372093023255814,0.6666666666666666,0.6862745098039216,0.3333333333333333,0.8235294117647058,0.39215686274509803,-4,1.1862745098039216,10.227272727272728,43.76237623762377,1.1221122112211221,14.269111570247935,2.0,19.886363636363637
18,F,153,49,15,68,111,32,27,57,33,22,80,37,22,33,31,20.6,20.932120124738347,1.4430869689661812,15.19,33.81,6.488957238668888,14.443162886069462,0.6126126126126126,0.4444444444444444,40.652406054538034,110.23768645163861,10.5423,2.125,0.47368421052631576,0.5789473684210527,0.39705882352941174,0.8148148148148148,0.5441176470588235,43,1.1764705882352942,9.803921568627452,42.04081632653062,1.3561553653719554,8.80003417489,2.2,21.568627450980394
18,F,162,72,14,72,111,34,30,53,37,23,84,37,22,29,35,31.2,27.43484224965706,1.8,25.2,46.8,9.60219478737997,17.832647462277087,0.6486486486486487,0.4444444444444444,35.83323231255608,99.08256880733944,11.4327,2.1176470588235294,0.5660377358490566,0.6981132075471698,0.4166666666666667,0.7666666666666667,0.5138888888888888,39,1.1666666666666667,8.641975308641975,43.333333333333336,1.2380952380952381,11.888431641518059,2.0714285714285716,22.839506172839506
57,M,173,94,18,85,96,41,32,58,36,27,98,42,25,38,28,42.4,31.40766480670921,2.1253757837667724,26.320000000000004,67.67999999999999,8.79414614587858,22.61351866083063,0.8854166666666666,0.4913294797687861,24.18927655600678,105.79168941255651,14.5347,2.073170731707317,0.5517241379310345,0.6206896551724138,0.3764705882352941,0.84375,0.49411764705882355,11,1.1529411764705881,10.404624277456648,45.1063829787234,1.6109422492401213,14.166861572387983,2.111111111111111,20.809248554913296
19,F,152,40,16,62,104,32,27,51,36,25,86,37,21,30,20,18.2,17.31301939058172,1.2995725793078619,8.0,32.0,3.4626038781163433,13.850415512465373,0.5961538461538461,0.40789473684210525,37.496801965787185,110.88096318865243,8.922799999999999,1.9375,0.5294117647058824,0.7058823529411765,0.43548387096774194,0.9259259259259259,0.5967741935483871,42,1.3870967741935485,10.526315789473683,45.49999999999999,2.275,7.877423822714681,1.875,23.684210526315788
55,F,145,60,16,105,109,33,29,50,36,24,101,35,20,30,44,24.9,28.53745541022592,1.5545631755148024,26.4,33.6,12.556480380499405,15.980975029726517,0.963302752293578,0.7241379310344828,44.42729175212177,149.75149855876538,22.0612,3.1818181818181817,0.58,0.72,0.2761904761904762,0.8275862068965517,0.3333333333333333,4,0.9619047619047619,11.03448275862069,41.5,0.9431818181818182,11.843043995243757,1.875,24.82758620689655
35,M,175,90,18,90,98,37,32,55,36,27,94,42,23,33,30,36.0,29.387755102040817,2.091650066335189,27.0,63.0,8.816326530612244,20.571428571428573,0.9183673469387755,0.5142857142857142,24.332020977033444,115.13670089918472,16.244799999999998,2.4324324324324325,0.5818181818181818,0.6545454545454545,0.35555555555555557,0.84375,0.4666666666666667,8,1.0444444444444445,10.285714285714285,40.0,1.3333333333333333,11.755102040816327,1.8333333333333333,20.57142857142857
29,F,167,60,17,75,92,34,27,42,36,24,80,38,22,30,25,25.3,21.513858510523864,1.6683325008322931,15.0,45.0,5.378464627630966,16.1353938828929,0.8152173913043478,0.4491017964071856,24.629782870144062,114.79352069946971,11.4523,2.2058823529411766,0.6428571428571429,0.8571428571428571,0.36,0.8888888888888888,0.5066666666666667,17,1.0666666666666667,10.179640718562874,42.16666666666667,1.6866666666666668,9.071677005270896,1.7647058823529411,21.55688622754491
56,F,170,71,16,77,95,34,26,53,34,27,84,38,22,29,32,24.0,24.56747404844291,1.8310591955963023,22.72,48.28,7.861591695501731,16.705882352941178,0.8105263157894737,0.45294117647058824,24.859808200294232,109.30990416920683,12.0848,2.264705882352941,0.49056603773584906,0.6415094339622641,0.33766233766233766,1.0384615384615385,0.4935064935064935,18,1.0909090909090908,9.411764705882353,33.80281690140845,1.0563380281690142,8.304498269896195,1.8125,20.0
51,F,171,71,15,83,94,36,30,54,34,26,95,36,24,29,40,31.3,24.280975342840534,1.8364367672206958,28.400000000000002,42.599999999999994,9.712390137136214,14.568585205704318,0.8829787234042553,0.4853801169590643,24.0371910016234,118.17360254243526,13.8627,2.3055555555555554,0.5555555555555556,0.6296296296296297,0.3614457831325301,0.8666666666666667,0.43373493975903615,11,1.144578313253012,8.771929824561402,44.08450704225352,1.102112676056338,10.704148284942377,1.9333333333333333,19.883040935672515
53,M,170,80,18,80,91,37,30,51,40,26,100,43,24,34,29,33.5,27.68166089965398,1.9436506316151,23.2,56.8,8.027681660899654,19.653979238754328,0.8791208791208791,0.47058823529411764,23.05518469712395,106.98994302468441,12.8847,2.1621621621621623,0.5882352941176471,0.7843137254901961,0.375,0.8666666666666667,0.5375,11,1.25,10.588235294117647,41.875,1.4439655172413794,11.591695501730104,1.8888888888888888,23.52941176470588
32,M,191,78,17,84,92,40,34,54,38,28,98,44,21,37,14,30.7,21.380992845590857,2.034289392720056,10.920000000000002,67.08,2.99333899838272,18.387653847208135,0.9130434782608695,0.4397905759162304,16.85280821303811,120.59301975192992,14.156799999999999,2.1,0.6296296296296297,0.7037037037037037,0.40476190476190477,0.8235294117647058,0.5238095238095238,8,1.1666666666666667,8.900523560209423,39.35897435897436,2.8113553113553107,8.415339491790247,2.176470588235294,19.895287958115183
40,F,163,59,15,78,99,34,26,51,35,25,104,37,19,26,34,26.4,22.20633068613798,1.6344384016808002,20.060000000000002,38.94,7.5501524332869145,14.656178252851067,0.7878787878787878,0.4785276073619632,29.57226045939128,118.942181929189,12.476700000000001,2.2941176470588234,0.5098039215686274,0.6862745098039216,0.3333333333333333,0.9615384615384616,0.47435897435897434,21,1.3333333333333333,9.202453987730062,44.74576271186441,1.3160518444666,9.936392035831233,1.7333333333333334,21.472392638036812
62,F,154,52,14,90,105,34,29,55,36,27,77,39,21,31,37,21.1,21.926125822229718,1.491457154746473,19.24,32.760000000000005,8.112666554224996,13.813459268004726,0.8571428571428571,0.5844155844155844,36.94247481991229,142.09365976765974,16.3575,2.6470588235294117,0.5272727272727272,0.6545454545454545,0.32222222222222224,0.9310344827586207,0.43333333333333335,15,0.8555555555555555,9.090909090909092,40.57692307692308,1.0966735966735968,8.89694720863552,2.2142857142857144,23.376623376623375
63,F,166,51,15,78,94,36,26,53,33,23,81,39,20,28,21,21.4,18.507766003774133,1.5335144820531257,10.709999999999999,40.29,3.8866308607925677,14.621135142981565,0.8297872340425532,0.46987951807228917,25.950692419515235,129.10321597425127,12.3472,2.1666666666666665,0.49056603773584906,0.6226415094339622,0.3333333333333333,0.8846153846153846,0.5,16,1.0384615384615385,9.036144578313253,41.96078431372548,1.9981325863678805,7.766003774132675,1.8666666666666667,19.879518072289155
37,F,153,68,15,112,86,32,28,54,38,25,79,39,20,29,43,24.6,29.04865649963689,1.7,29.24,38.760000000000005,12.490922294843863,16.557734204793032,1.302325581395349,0.7320261437908496,27.442404690903345,154.12844036697248,25.5612,3.5,0.5185185185185185,0.7037037037037037,0.25,0.8928571428571429,0.3482142857142857,-26,0.7053571428571429,9.803921568627452,36.1764705882353,0.8413132694938441,10.50877867486864,1.9333333333333333,24.836601307189543
38,F,162,69,16,74,99,36,27,52,34,25,83,39,22,31,37,31.3,26.291723822588015,1.7621010186706096,25.53,43.47,9.727937814357565,16.563786008230448,0.7474747474747475,0.4567901234567901,30.013423413901364,104.02510999730764,11.3895,2.0555555555555554,0.5192307692307693,0.6538461538461539,0.36486486486486486,0.9259259259259259,0.527027027027027,25,1.1216216216216217,9.876543209876543,45.36231884057971,1.2260086173129652,11.926535589087027,1.9375,20.98765432098765
60,F,163,79,15,102,92,36,28,45,34,24,83,36,23,33,33,31.0,29.733900410252552,1.8912811648309842,26.07,52.93,9.812187135383342,19.92171327486921,1.108695652173913,0.6257668711656442,26.208565275393916,134.41691706846618,20.878,2.8333333333333335,0.6222222222222222,0.7555555555555555,0.27450980392156865,0.8571428571428571,0.35294117647058826,-10,0.8137254901960784,9.202453987730062,39.24050632911392,1.1891062523973916,11.667733072377583,2.2,20.858895705521473
52,F,156,56,16,71,95,33,31,55,36,25,90,39,21,29,27,23.9,23.011176857330703,1.5577761927397231,15.120000000000001,40.879999999999995,6.21301775147929,16.79815910585141,0.7473684210526316,0.4551282051282051,30.756969908600247,108.71767006997412,10.4852,2.1515151515151514,0.5636363636363636,0.6545454545454545,0.43661971830985913,0.8064516129032258,0.5492957746478874,24,1.267605633802817,10.256410256410255,42.67857142857142,1.5806878306878305,9.820841551610782,1.8125,23.076923076923077
41,F,152,47,16,76,111,33,30,54,36,25,85,39,22,24,27,18.9,20.342797783933516,1.4087031072743625,12.690000000000001,34.31,5.492555401662051,14.85024238227147,0.6846846846846847,0.5,41.232163636561324,125.389150286377,12.4095,2.303030303030303,0.5555555555555556,0.6666666666666666,0.39473684210526316,0.8333333333333334,0.5131578947368421,35,1.118421052631579,10.526315789473683,40.212765957446805,1.4893617021276593,8.18040166204986,1.5,23.684210526315788
38,M,177,66,19,94,94,40,33,53,40,26,107,40,23,36,20,27.4,21.06674327300584,1.8013883534651822,13.200000000000001,52.8,4.213348654601169,16.85339461840467,1.0,0.5310734463276836,21.91792465099769,141.22644305732038,17.672,2.35,0.6226415094339622,0.7547169811320755,0.35106382978723405,0.7878787878787878,0.425531914893617,0,1.1382978723404256,10.734463276836157,41.51515151515151,2.0757575757575757,8.745890389096363,1.894736842105263,22.598870056497177
38,M,183,84,18,83,90,40,33,62,42,26,100,41,28,35,25,33.9,25.082863029651524,2.0663978319771825,21.0,63.0,6.270715757412881,18.812147272238644,0.9222222222222223,0.453551912568306,18.355144473175706,112.39254263047584,13.812299999999999,2.075,0.532258064516129,0.6774193548387096,0.39759036144578314,0.7878787878787878,0.4939759036144578,7,1.2048192771084338,9.836065573770492,40.35714285714286,1.6142857142857143,10.122726865537937,1.9444444444444444,22.950819672131146
61,F,169,89,16,75,99,35,28,45,34,23,84,34,19,32,39,40.5,31.161373901474043,2.044029245278931,34.71,54.29,12.152935821574877,19.008438079899165,0.7575757575757576,0.4437869822485207,27.061447428311332,94.81632412900927,11.6532,2.142857142857143,0.6222222222222222,0.7555555555555555,0.37333333333333335,0.8214285714285714,0.4533333333333333,24,1.12,9.467455621301776,45.50561797752809,1.166810717372515,14.180175764153917,2.0,20.118343195266274
32,M,183,99,17,103,91,42,33,54,38,30,101,42,24,34,32,44.1,29.56194571351787,2.2433234274174554,31.68,67.32,9.459822628325718,20.102123085192147,1.1318681318681318,0.5628415300546448,18.759090522877663,128.47501419182538,21.3188,2.4523809523809526,0.6111111111111112,0.7037037037037037,0.32038834951456313,0.9090909090909091,0.4077669902912621,-12,0.9805825242718447,9.289617486338798,44.54545454545455,1.3920454545454546,13.16850309056705,2.0,20.76502732240437
35,M,172,76,17,102,105,42,31,62,40,28,100,42,26,41,24,30.8,25.689561925365066,1.9055474570608604,18.24,57.760000000000005,6.165494862087615,19.52406706327745,0.9714285714285714,0.5930232558139535,28.547528735242707,140.77680392579026,20.8143,2.4285714285714284,0.5,0.6451612903225806,0.30392156862745096,0.9032258064516129,0.4117647058823529,3,0.9803921568627451,9.883720930232558,40.526315789473685,1.6885964912280704,10.411032990805841,2.411764705882353,23.25581395348837
34,F,162,47,16,86,108,34,28,53,32,25,76,35,23,29,19,17.7,17.908855357415025,1.4543039572248988,8.93,38.07,3.4026825179088545,14.50617283950617,0.7962962962962963,0.5308641975308642,34.3782800878924,146.4807421292305,15.130799999999999,2.5294117647058822,0.5283018867924528,0.6037735849056604,0.32558139534883723,0.8928571428571429,0.4069767441860465,22,0.8837209302325582,9.876543209876543,37.659574468085104,1.9820828667413213,6.74439871970736,1.8125,19.753086419753085
55,M,182,101,18,96,104,38,34,53,41,27,116,39,23,32,29,44.9,30.491486535442576,2.2596705757944258,29.29,71.71000000000001,8.842531095278348,21.648955440164233,0.9230769230769231,0.5274725274725275,24.357103809205782,118.22783646630842,18.4768,2.526315789473684,0.6415094339622641,0.7735849056603774,0.3541666666666667,0.7941176470588235,0.40625,8,1.2083333333333333,9.89010989010989,44.45544554455446,1.5329463980880846,13.555126192488828,1.7777777777777777,22.52747252747253
34,M,170,90,18,98,96,38,31,57,37,30,104,42,23,30,29,39.2,31.14186851211073,2.0615528128088303,26.099999999999998,63.900000000000006,9.031141868512112,22.11072664359862,1.0208333333333333,0.5764705882352941,25.310964076086805,123.5670799114773,19.2108,2.5789473684210527,0.543859649122807,0.6491228070175439,0.3163265306122449,0.967741935483871,0.42857142857142855,-2,1.0612244897959184,10.588235294117647,43.55555555555556,1.5019157088122608,13.564013840830452,1.6666666666666667,21.764705882352942
57,F,152,40,15,77,109,36,28,53,36,24,90,39,21,29,26,17.6,17.31301939058172,1.2995725793078619,10.4,29.6,4.501385041551247,12.811634349030472,0.7064220183486238,0.506578947368421,40.164917444911566,137.70700266977803,12.5748,2.138888888888889,0.5283018867924528,0.6792452830188679,0.36363636363636365,0.8571428571428571,0.5064935064935064,32,1.1688311688311688,9.868421052631579,44.00000000000001,1.6923076923076923,7.617728531855956,1.9333333333333333,23.684210526315788
27,F,174,80,15,59,102,35,26,48,35,24,104,34,23,31,27,35.2,26.42356982428326,1.96638416050035,21.6,58.4,7.134363852556481,19.28920597172678,0.5784313725490197,0.3390804597701149,26.44023014083227,79.82798082765184,8.2563,1.6857142857142857,0.5416666666666666,0.7291666666666666,0.4406779661016949,0.9230769230769231,0.576271186440678,43,1.7627118644067796,8.620689655172415,44.00000000000001,1.6296296296296298,11.626370722684635,2.066666666666667,20.114942528735632
20,M,183,102,19,102,95,38,31,58,32,27,103,42,23,35,37,42.1,30.457762250291136,2.27705950734714,37.74,64.25999999999999,11.269372032607722,19.188390217683413,1.0736842105263158,0.5573770491803278,20.374874721685472,125.34272517507192,20.842299999999998,2.6842105263157894,0.5344827586206896,0.5517241379310345,0.30392156862745096,0.8709677419354839,0.4117647058823529,-7,1.0098039215686274,10.382513661202186,41.274509803921575,1.1155272919978803,12.571292066051537,1.8421052631578947,17.48633879781421
40,M,182,91,16,78,92,40,35,57,37,29,102,42,21,36,17,38.4,27.47252747252747,2.144890569599194,15.47,75.53,4.670329670329671,22.8021978021978,0.8478260869565217,0.42857142857142855,19.46974567737434,101.2006035459646,12.305200000000001,1.95,0.6140350877192983,0.6491228070175439,0.44871794871794873,0.8285714285714286,0.5384615384615384,14,1.3076923076923077,8.791208791208792,42.1978021978022,2.4822236586942465,11.59280280159401,2.25,20.32967032967033
23,M,172,61,17,97,90,37,35,56,39,31,92,42,22,35,28,25.5,20.61925365062196,1.7071744036402503,17.080000000000002,43.92,5.77339102217415,14.845862628447811,1.0777777777777777,0.563953488372093,21.897881773065173,149.43232108867883,18.8523,2.6216216216216215,0.625,0.6964285714285714,0.36082474226804123,0.8857142857142857,0.4329896907216495,-7,0.9484536082474226,9.883720930232558,41.80327868852459,1.492974238875878,8.619524067063278,2.0588235294117645,22.674418604651162
65,M,178,82,18,105,100,39,33,52,37,26,87,43,23,38,23,27.9,25.88057063502083,2.0135651080718606,18.86,63.14,5.95253124605479,19.928039388966038,1.05,0.5898876404494382,24.108521853700076,141.9272788191175,22.0675,2.6923076923076925,0.6346153846153846,0.7115384615384616,0.3142857142857143,0.7878787878787878,0.4095238095238095,-5,0.8285714285714286,10.112359550561797,34.02439024390244,1.47932131495228,8.805706350208306,2.111111111111111,20.786516853932586
42,M,174,119,18,95,90,39,35,61,39,27,102,40,25,31,44,54.0,39.30506011362135,2.398263260500537,52.36,66.64,17.294226449993392,22.010833663627956,1.0555555555555556,0.5459770114942529,21.21196777132259,105.3897200281633,18.0675,2.4358974358974357,0.5737704918032787,0.639344262295082,0.3684210526315789,0.7714285714285715,0.42105263157894735,-5,1.0736842105263158,10.344827586206897,45.378151260504204,1.0313216195569137,17.8359096313912,1.7222222222222223,22.413793103448278
62,F,162,42,17,55,90,35,25,49,34,26,82,38,23,27,15,17.9,16.00365797896662,1.374772708486752,6.3,35.7,2.4005486968449925,13.603109282121626,0.6111111111111112,0.3395061728395062,25.648566739910336,99.09895015304244,6.9075,1.5714285714285714,0.5102040816326531,0.6938775510204082,0.45454545454545453,1.04,0.6909090909090909,35,1.490909090909091,10.493827160493826,42.61904761904762,2.841269841269841,6.820606614845296,1.588235294117647,20.98765432098765
46,M,171,99,19,113,104,38,35,59,38,28,90,42,22,32,31,41.6,33.856571252693136,2.168524844220144,30.69,68.31,10.495537088334874,23.361034164358266,1.0865384615384615,0.6608187134502924,28.509232597540787,136.24871136884974,25.5947,2.973684210526316,0.5932203389830508,0.6440677966101694,0.30973451327433627,0.8,0.37168141592920356,-9,0.7964601769911505,11.11111111111111,42.02020202020202,1.3554903877484523,14.2265996374953,1.6842105263157894,22.22222222222222
28,F,162,58,15,73,93,35,25,52,40,22,94,38,20,28,17,24.9,22.10028959000152,1.6155494421403511,9.860000000000001,48.14,3.7570492303002587,18.343240359701262,0.7849462365591398,0.4506172839506173,27.103518964574015,111.92829099295693,10.938,2.085714285714286,0.4807692307692308,0.7692307692307693,0.3424657534246575,0.88,0.5205479452054794,20,1.2876712328767124,9.25925925925926,42.93103448275862,2.5253549695740363,9.487882944673066,1.8666666666666667,24.691358024691358
64,F,163,72,15,80,97,32,25,53,35,24,89,32,24,29,29,29.6,27.09925100681245,1.8055470085267789,20.88,51.120000000000005,7.858782791975611,19.24046821483684,0.8247422680412371,0.49079754601226994,28.61120469253489,110.43100969582746,13.0023,2.5,0.4716981132075472,0.660377358490566,0.3125,0.96,0.4,17,1.1125,9.202453987730062,41.111111111111114,1.4176245210727971,11.140803191689564,1.9333333333333333,21.472392638036812
63,F,156,71,16,79,100,32,30,44,34,27,86,39,24,30,36,28.6,29.17488494411571,1.7540429489230491,25.56,45.44,10.502958579881655,18.671926364234054,0.79,0.5064102564102564,33.3231262195792,107.43201418652609,12.790700000000001,2.46875,0.6818181818181818,0.7727272727272727,0.379746835443038,0.9,0.4936708860759494,21,1.0886075949367089,10.256410256410255,40.28169014084507,1.1189358372456966,11.752136752136751,1.875,21.794871794871796
51,F,161,59,15,74,113,36,27,51,36,25,105,35,22,31,27,26.3,22.76146753597469,1.6243802236887492,15.930000000000001,43.07,6.1455962347131665,16.615871301261524,0.6548672566371682,0.45962732919254656,37.31458130746482,112.14816036663113,12.0167,2.0555555555555554,0.5294117647058824,0.7058823529411765,0.36486486486486486,0.9259259259259259,0.47297297297297297,39,1.4189189189189189,9.316770186335404,44.57627118644068,1.6509730069052102,10.146213494849734,2.066666666666667,22.36024844720497
56,F,175,43,16,71,97,34,27,49,33,25,102,36,21,30,15,17.5,14.040816326530612,1.445779297741456,6.45,36.55,2.1061224489795918,11.93469387755102,0.7319587628865979,0.4057142857142857,23.900061579308613,131.40643926559852,10.555200000000001,2.088235294117647,0.5510204081632653,0.673469387755102,0.38028169014084506,0.9259259259259259,0.5070422535211268,26,1.4366197183098592,9.142857142857142,40.69767441860465,2.7131782945736433,5.714285714285714,1.875,18.857142857142858
19,M,175,61,18,80,94,39,31,63,33,31,95,45,23,31,21,24.6,19.918367346938776,1.7219981933143187,12.809999999999999,48.19,4.182857142857142,15.735510204081631,0.851063829787234,0.45714285714285713,22.604183386134125,124.31330016406574,12.9372,2.051282051282051,0.49206349206349204,0.5238095238095238,0.3875,1.0,0.5625,14,1.1875,10.285714285714285,40.32786885245902,1.9203747072599535,8.03265306122449,1.7222222222222223,18.857142857142858
38,M,190,76,19,77,101,40,34,57,33,27,104,39,24,37,17,32.8,21.05263157894737,2.0027758514399734,12.920000000000002,63.08,3.578947368421053,17.473684210526315,0.7623762376237624,0.4052631578947368,20.564790137426932,111.6951283637455,12.2612,1.925,0.5964912280701754,0.5789473684210527,0.44155844155844154,0.7941176470588235,0.5064935064935064,24,1.3506493506493507,10.0,43.1578947368421,2.5386996904024763,9.085872576177286,1.9473684210526316,17.36842105263158
32,M,173,79,16,100,87,39,27,59,36,28,109,42,22,33,35,35.0,26.395803401383272,1.948432418352992,27.65,51.35,9.238531190484146,17.157272210899126,1.1494252873563218,0.5780346820809249,20.234031878881147,135.7634944851696,20.118299999999998,2.5641025641025643,0.4576271186440678,0.6101694915254238,0.27,1.037037037037037,0.42,-13,1.09,9.248554913294797,44.303797468354425,1.2658227848101267,11.694343279093856,2.0625,20.809248554913296
50,M,167,89,19,91,103,42,32,56,44,28,85,44,22,34,29,37.3,31.912223457277065,2.0318984007846237,25.81,63.19,9.254544802610347,22.657678654666714,0.883495145631068,0.5449101796407185,29.726822126356943,114.36104801859649,16.6628,2.1666666666666665,0.5714285714285714,0.7857142857142857,0.3516483516483517,0.875,0.4835164835164835,12,0.9340659340659341,11.377245508982035,41.91011235955056,1.4451762882603643,13.374448707375667,1.7894736842105263,26.34730538922156
40,F,158,67,16,93,94,32,31,60,36,25,74,33,19,30,36,30.2,26.83864765261977,1.7148048155855977,24.119999999999997,42.88,9.661913154943116,17.17673449767665,0.9893617021276596,0.5886075949367089,29.330623235771277,131.02301617099323,17.2987,2.90625,0.5166666666666667,0.6,0.3333333333333333,0.8064516129032258,0.3548387096774194,1,0.7956989247311828,10.126582278481013,45.07462686567164,1.2520729684908791,12.097420285210701,1.875,22.78481012658228
39,M,178,85,19,99,90,37,33,59,41,26,111,41,22,35,25,33.6,26.82742078020452,2.0500677495579938,21.25,63.75,6.70685519505113,20.12056558515339,1.1,0.5561797752808989,19.897669668330074,131.43445690636247,19.6587,2.675675675675676,0.559322033898305,0.6949152542372882,0.3333333333333333,0.7878787878787878,0.41414141414141414,-9,1.121212121212121,10.674157303370785,39.529411764705884,1.5811764705882354,10.604721626057316,1.8421052631578947,23.03370786516854
36,F,161,76,15,79,102,36,27,49,35,24,104,36,21,28,32,35.5,29.319856487018246,1.8436075745366445,24.32,51.68,9.382354075845837,19.937502411172407,0.7745098039215687,0.4906832298136646,31.929976047446118,105.4888930867177,12.8523,2.1944444444444446,0.5510204081632653,0.7142857142857143,0.34177215189873417,0.8888888888888888,0.45569620253164556,23,1.3164556962025316,9.316770186335404,46.71052631578947,1.459703947368421,13.695459280120364,1.8666666666666667,21.73913043478261
57,F,167,65,15,91,95,33,26,51,37,27,87,36,21,33,32,27.3,23.306680053067517,1.736455521393444,20.8,44.2,7.458137616981606,15.848542436085914,0.9578947368421052,0.5449101796407185,26.019884485474847,133.81859063949477,16.5732,2.757575757575758,0.5098039215686274,0.7254901960784313,0.2857142857142857,1.0384615384615385,0.3956043956043956,4,0.9560439560439561,8.982035928143713,42.0,1.3125,9.788805622288358,2.2,22.15568862275449
20,F,166,45,16,59,97,35,23,48,39,26,86,34,22,29,29,18.4,16.330381768036002,1.4404860290887933,13.049999999999999,31.950000000000003,4.73581071273044,11.594571055305561,0.6082474226804123,0.35542168674698793,27.35337409247849,103.96168283331966,7.9728,1.6857142857142857,0.4791666666666667,0.8125,0.3898305084745763,1.1304347826086956,0.576271186440678,38,1.4576271186440677,9.63855421686747,40.888888888888886,1.4099616858237547,6.677311656263608,1.8125,23.49397590361446
60,F,169,70,16,79,108,34,32,49,36,26,88,35,22,31,26,25.3,24.508945765204302,1.8127633908238303,18.2,51.8,6.372325898953118,18.136619866251184,0.7314814814814815,0.46745562130177515,31.15794264906691,112.61465887948827,13.0707,2.323529411764706,0.6530612244897959,0.7346938775510204,0.4050632911392405,0.8125,0.4430379746835443,29,1.1139240506329113,9.467455621301776,36.142857142857146,1.3901098901098903,8.858233255138126,1.9375,21.301775147928996
60,M,183,77,18,90,99,36,34,59,38,29,108,38,23,37,10,31.2,22.99262444384723,1.9784252997438814,7.7,69.3,2.299262444384723,20.693361999462507,0.9090909090909091,0.4918032786885246,21.99065892049328,127.29055902081448,16.256700000000002,2.5,0.576271186440678,0.6440677966101694,0.37777777777777777,0.8529411764705882,0.4222222222222222,9,1.2,9.836065573770492,40.51948051948052,4.0519480519480515,9.316491982441994,2.0555555555555554,20.76502732240437
40,M,178,75,18,88,100,36,31,57,41,30,85,44,25,36,18,29.9,23.671253629592222,1.925703334715224,13.5,61.5,4.2608256533266005,19.410427976265623,0.88,0.4943820224719101,24.108521853700076,124.37570161830436,15.588799999999999,2.4444444444444446,0.543859649122807,0.7192982456140351,0.3522727272727273,0.967741935483871,0.5,12,0.9659090909090909,10.112359550561797,39.86666666666667,2.214814814814815,9.436939780330766,2.0,23.03370786516854
53,M,173,70,20,99,90,37,29,54,41,28,103,38,24,30,29,29.9,23.38868655818771,1.8340907526316381,20.299999999999997,49.7,6.782719101874435,16.605967456313277,1.1,0.5722543352601156,21.552446771256356,142.78504679727303,19.6587,2.675675675675676,0.5370370370370371,0.7592592592592593,0.29292929292929293,0.9655172413793104,0.3838383838383838,-9,1.0404040404040404,11.560693641618498,42.71428571428571,1.4729064039408868,9.990310401283036,1.5,23.699421965317917
58,F,159,65,16,57,99,31,31,50,32,25,99,36,21,25,34,29.4,25.71100826707804,1.694353367315488,22.1,42.9,8.741742810806535,16.969265456271508,0.5757575757575758,0.3584905660377358,31.378683639054252,81.78812302355638,7.7328,1.8387096774193548,0.62,0.64,0.543859649122807,0.8064516129032258,0.631578947368421,42,1.736842105263158,10.062893081761008,45.230769230769226,1.330316742081448,11.629286816186067,1.5625,20.125786163522015
31,F,169,66,14,99,105,35,27,47,37,24,70,35,22,31,37,27.5,23.1084345786212,1.7602083210044581,24.419999999999998,41.58,8.550120794089842,14.558313784531355,0.9428571428571428,0.5857988165680473,29.792444242148385,145.33830173431303,19.627200000000002,2.8285714285714287,0.574468085106383,0.7872340425531915,0.2727272727272727,0.8888888888888888,0.35353535353535354,6,0.7070707070707071,8.284023668639055,41.66666666666667,1.1261261261261262,9.628514407758834,2.2142857142857144,21.893491124260358
21,M,177,55,18,79,90,37,30,52,44,29,86,41,23,34,15,24.6,17.555619394171533,1.6444350600332829,8.25,46.75,2.63334290912573,14.922276485045803,0.8777777777777778,0.4463276836158192,20.219289559465878,130.0187186748584,12.5667,2.135135135135135,0.5769230769230769,0.8461538461538461,0.379746835443038,0.9666666666666667,0.5189873417721519,11,1.0886075949367089,10.16949152542373,44.727272727272734,2.981818181818182,7.8521497653930865,1.8888888888888888,24.858757062146893
19,F,172,81,15,76,85,33,29,50,36,23,97,37,23,29,39,34.5,27.379664683612766,1.9672315572906003,31.59,49.41,10.67806922660898,16.701595457003787,0.8941176470588236,0.4418604651162791,19.681332785672666,101.60353269051011,11.6087,2.303030303030303,0.58,0.72,0.3815789473684211,0.7931034482758621,0.4868421052631579,9,1.2763157894736843,8.720930232558139,42.592592592592595,1.0921177587844255,11.661709031909142,1.9333333333333333,20.930232558139537
31,F,154,65,15,63,100,32,29,45,36,26,98,38,22,28,37,28.2,27.40765727778715,1.6674997917707683,24.05,40.95,10.140833192781246,17.266824085005904,0.63,0.4090909090909091,34.32616649515456,88.96470307541996,8.8963,1.96875,0.6444444444444445,0.8,0.4603174603174603,0.896551724137931,0.6031746031746031,37,1.5555555555555556,9.740259740259742,43.38461538461538,1.1725571725571724,11.890706695901502,1.8666666666666667,23.376623376623375
49,M,176,66,18,91,80,42,38,46,39,25,94,43,25,39,15,29.5,21.306818181818183,1.7962924780409972,9.9,56.1,3.1960227272727275,18.110795454545457,1.1375,0.5170454545454546,16.262652792927682,136.33245663196894,16.6467,2.1666666666666665,0.8260869565217391,0.8478260869565217,0.4175824175824176,0.6578947368421053,0.4725274725274725,-11,1.032967032967033,10.227272727272728,44.696969696969695,2.9797979797979797,9.523502066115702,2.1666666666666665,22.15909090909091
62,F,156,48,16,81,101,35,28,55,37,22,89,38,22,30,26,19.7,19.72386587771203,1.4422205101855958,12.48,35.519999999999996,5.128205128205128,14.5956607495069,0.801980198019802,0.5192307692307693,33.836357481774996,133.96773087733172,13.402,2.3142857142857145,0.509090909090909,0.6727272727272727,0.345679012345679,0.7857142857142857,0.4691358024691358,20,1.0987654320987654,10.256410256410255,41.041666666666664,1.578525641025641,8.095003287310979,1.875,23.717948717948715
59,M,166,90,17,102,96,38,35,61,38,27,111,43,25,31,40,33.6,32.660763536072004,2.0371548787463363,36.0,54.0,13.0643054144288,19.5964581216432,1.0625,0.6144578313253012,26.885813534824074,127.0885612428907,20.8332,2.6842105263157894,0.5737704918032787,0.6229508196721312,0.3431372549019608,0.7714285714285715,0.4215686274509804,-6,1.088235294117647,10.240963855421686,37.333333333333336,0.9333333333333333,12.193351720133547,1.8235294117647058,22.89156626506024
60,M,171,63,19,80,78,41,34,57,43,27,90,39,25,34,19,29.3,21.545090797168363,1.7298843892006195,11.97,51.03,4.093567251461989,17.451523545706372,1.0256410256410255,0.4678362573099415,16.881924448155587,120.91808749327178,12.8028,1.951219512195122,0.5964912280701754,0.7543859649122807,0.425,0.7941176470588235,0.4875,-2,1.125,11.11111111111111,46.507936507936506,2.4477861319966583,10.020177148524333,1.7894736842105263,25.146198830409354
52,M,168,69,18,89,94,38,30,56,39,28,116,45,24,34,18,25.3,24.44727891156463,1.794435844492636,12.42,56.58,4.400510204081633,20.046768707482997,0.9468085106382979,0.5297619047619048,25.16819909653762,127.40709226952103,15.8595,2.3421052631578947,0.5357142857142857,0.6964285714285714,0.33707865168539325,0.9333333333333333,0.5056179775280899,5,1.303370786516854,10.714285714285714,36.66666666666667,2.037037037037037,8.964002267573697,1.8888888888888888,23.214285714285715
44,M,177,115,18,114,95,40,35,50,35,30,109,39,26,35,45,53.1,36.707204187813204,2.3778491681910077,51.75,63.25,16.51824188451594,20.188962303297263,1.2,0.6440677966101694,22.342583423880647,129.75259920563616,26.2447,2.85,0.7,0.7,0.30701754385964913,0.8571428571428571,0.34210526315789475,-19,0.956140350877193,10.16949152542373,46.17391304347826,1.0260869565217392,16.94915254237288,1.9444444444444444,19.774011299435028
42,F,166,78,16,80,92,32,26,46,37,26,93,39,21,28,43,29.8,28.305995064595734,1.8964879822099234,33.54,44.46,12.171577877776166,16.13441718681957,0.8695652173913043,0.4819277108433735,25.015571304206404,107.07059885447696,12.900799999999998,2.5,0.5652173913043478,0.8043478260869565,0.325,1.0,0.4875,12,1.1625,9.63855421686747,38.20512820512821,0.8884913536076328,10.814341704166063,1.75,22.289156626506024
49,F,165,62,17,79,109,33,31,45,33,22,76,36,19,30,28,28.8,22.77318640955005,1.6857243744653712,17.360000000000003,44.64,6.3764921946740145,16.396694214876035,0.7247706422018348,0.47878787878787876,33.42811206885213,118.23518104418258,13.112,2.393939393939394,0.6888888888888889,0.7333333333333333,0.3924050632911392,0.7096774193548387,0.45569620253164556,30,0.9620253164556962,10.303030303030303,46.45161290322581,1.658986175115207,10.578512396694217,1.7647058823529411,20.0
22,F,170,73,16,82,100,36,27,50,35,25,91,35,21,25,27,29.6,25.25951557093426,1.8566696588844829,19.71,53.29,6.82006920415225,18.439446366782008,0.82,0.4823529411764706,27.115587579257088,114.80224609415177,13.6748,2.2777777777777777,0.54,0.7,0.32926829268292684,0.9259259259259259,0.4268292682926829,18,1.1097560975609757,9.411764705882353,40.54794520547945,1.5017757483510907,10.242214532871975,1.5625,20.588235294117645
19,M,171,76,18,96,91,38,35,60,37,31,103,36,22,37,21,30.1,25.990903183885642,1.9,15.959999999999999,60.04,5.458089668615985,20.53281351526966,1.054945054945055,0.5614035087719298,22.695578522848187,132.11009174311926,18.4495,2.526315789473684,0.5833333333333334,0.6166666666666667,0.3645833333333333,0.8857142857142857,0.375,-5,1.0729166666666667,10.526315789473683,39.60526315789474,1.8859649122807018,10.29376560309155,2.0555555555555554,21.637426900584796
50,F,160,70,16,89,99,32,23,49,36,25,99,32,23,32,45,27.4,27.343749999999996,1.7638342073763937,31.5,38.5,12.304687499999998,15.039062499999996,0.898989898989899,0.55625,30.91648255572961,123.44527742319714,15.912,2.78125,0.46938775510204084,0.7346938775510204,0.25842696629213485,1.0869565217391304,0.3595505617977528,10,1.1123595505617978,10.0,39.14285714285714,0.8698412698412697,10.703124999999998,2.0,22.5
37,F,162,68,14,95,107,32,28,51,39,24,84,34,22,28,29,28.7,25.910684346898332,1.7492855684535902,19.72,48.28,7.514098460600517,18.396585886297817,0.8878504672897196,0.5864197530864198,33.89329601300451,134.52411953838998,18.1508,2.96875,0.5490196078431373,0.7647058823529411,0.29473684210526313,0.8571428571428571,0.35789473684210527,12,0.8842105263157894,8.641975308641975,42.205882352941174,1.4553752535496958,10.935832952293856,2.0,24.074074074074073
48,F,168,97,17,78,101,34,28,52,37,27,78,36,24,32,45,43.0,34.367913832199555,2.127596452964393,43.65,53.35,15.465561224489798,18.902352607709755,0.7722772277227723,0.4642857142857143,28.382852220747864,94.17527097203593,12.5383,2.2941176470588234,0.5384615384615384,0.7115384615384616,0.358974358974359,0.9642857142857143,0.46153846153846156,23,1.0,10.119047619047619,44.329896907216494,0.9851088201603666,15.235260770975058,1.8823529411764706,22.023809523809522
48,F,167,82,15,76,96,36,28,50,33,26,88,38,22,26,44,39.8,29.402273297715947,1.9503560928427632,36.08,45.92,12.937000250995016,16.46527304672093,0.7916666666666666,0.4550898203592814,26.483251690585114,99.50351066640188,11.832,2.111111111111111,0.56,0.66,0.3684210526315789,0.9285714285714286,0.5,20,1.1578947368421053,8.982035928143713,48.536585365853654,1.1031042128603104,14.270859478647495,1.7333333333333334,19.760479041916167
48,M,188,92,19,73,96,38,31,57,39,29,101,40,22,34,21,37.8,26.029877772747852,2.1919042963698128,19.32,72.68,5.466274332277049,20.563603440470803,0.7604166666666666,0.3882978723404255,19.242125488824144,95.73734361886498,11.0283,1.9210526315789473,0.543859649122807,0.6842105263157895,0.4246575342465753,0.9354838709677419,0.547945205479452,23,1.3835616438356164,10.106382978723403,41.086956521739125,1.9565217391304346,10.694884563150747,1.7894736842105263,20.74468085106383
22,M,177,87,19,84,104,40,34,55,38,28,100,47,20,35,30,35.4,27.769797950780426,2.0682117879946436,26.099999999999998,60.900000000000006,8.330939385234126,19.438858565546298,0.8076923076923077,0.4745762711864407,26.164512379827237,109.9207783559317,14.392,2.1,0.6181818181818182,0.6909090909090909,0.40476190476190477,0.8235294117647058,0.5595238095238095,20,1.1904761904761905,10.734463276836157,40.689655172413794,1.35632183908046,11.299435028248586,1.8421052631578947,21.468926553672315
46,M,176,88,18,120,99,39,30,63,40,27,98,42,26,35,34,32.1,28.40909090909091,2.0741798914805396,29.92,58.08,9.65909090909091,18.75,1.2121212121212122,0.6818181818181818,24.400032831248005,155.69323622456093,29.108700000000002,3.076923076923077,0.47619047619047616,0.6349206349206349,0.25,0.9,0.35,-21,0.8166666666666667,10.227272727272728,36.477272727272734,1.0728609625668448,10.362861570247935,1.9444444444444444,22.727272727272727
52,M,165,62,19,84,104,37,28,52,38,31,99,38,24,37,24,25.8,22.77318640955005,1.6857243744653712,14.879999999999999,47.120000000000005,5.465564738292011,17.307621671258037,0.8076923076923077,0.509090909090909,31.069024359271758,125.71842035077643,14.392,2.27027027027027,0.5384615384615384,0.7307692307692307,0.3333333333333333,1.1071428571428572,0.4523809523809524,20,1.1785714285714286,11.515151515151516,41.612903225806456,1.7338709677419357,9.476584022038569,1.9473684210526316,23.03030303030303
40,M,175,85,16,99,96,38,32,56,38,24,101,39,23,31,34,32.5,27.755102040816325,2.032718486275078,28.900000000000002,56.099999999999994,9.436734693877552,18.318367346938775,1.03125,0.5657142857142857,23.46810218158378,130.32215659443025,19.6083,2.6052631578947367,0.5714285714285714,0.6785714285714286,0.32323232323232326,0.75,0.3939393939393939,-3,1.02020202020202,9.142857142857142,38.23529411764706,1.1245674740484428,10.612244897959183,1.9375,21.714285714285715
35,F,156,50,15,89,104,33,30,54,36,23,93,37,22,27,26,19.5,20.5456936226167,1.4719601443879744,13.0,37.0,5.3418803418803416,15.203813280736357,0.8557692307692307,0.5705128205128205,35.376051268362374,144.2250857070052,15.9995,2.696969696969697,0.5555555555555556,0.6666666666666666,0.33707865168539325,0.7666666666666667,0.4157303370786517,15,1.0449438202247192,9.615384615384617,39.0,1.5,8.012820512820513,1.8,23.076923076923077
53,M,161,85,17,100,98,41,31,58,42,24,104,44,24,35,37,35.3,32.79194475521777,1.9497150788997066,31.45,53.55,12.133019559430576,20.658925195787194,1.0204081632653061,0.6211180124223602,29.971937771075687,126.26325389528591,20.0028,2.4390243902439024,0.5344827586206896,0.7241379310344828,0.31,0.7741935483870968,0.44,-2,1.04,10.559006211180124,41.529411764705884,1.12241653418124,13.618301763049262,2.0588235294117645,26.08695652173913
29,M,177,76,17,99,102,40,27,58,41,28,89,43,25,38,30,35.7,24.258674071946118,1.933045955653064,22.8,53.2,7.277602221583836,16.981071850362284,0.9705882352941176,0.559322033898305,25.315194834061323,138.6080755260647,19.6083,2.475,0.46551724137931033,0.7068965517241379,0.2727272727272727,1.037037037037037,0.43434343434343436,3,0.898989898989899,9.6045197740113,46.973684210526315,1.5657894736842106,11.395192952216796,2.235294117647059,23.163841807909606
22,M,178,77,17,76,101,37,27,48,40,27,101,44,23,31,23,31.9,24.302487059714682,1.9512104505209638,17.71,59.29,5.589572023734377,18.712915035980306,0.7524752475247525,0.42696629213483145,24.529607072237077,106.01119569135702,11.9895,2.054054054054054,0.5625,0.8333333333333334,0.35526315789473684,1.0,0.5789473684210527,25,1.3289473684210527,9.550561797752808,41.42857142857142,1.8012422360248446,10.068173210453224,1.8235294117647058,22.47191011235955
45,F,157,69,15,88,109,35,28,49,38,23,92,40,19,31,41,28.9,27.993022029291247,1.7346949779908474,28.29,40.71,11.477139032009411,16.515882997281835,0.8073394495412844,0.5605095541401274,37.408579877051466,121.78153814375315,15.796700000000001,2.5142857142857142,0.5714285714285714,0.7755102040816326,0.3181818181818182,0.8214285714285714,0.45454545454545453,21,1.0454545454545454,9.554140127388536,41.88405797101449,1.0215623895369388,11.724613574587204,2.066666666666667,24.203821656050955
49,F,172,64,15,71,105,36,29,57,35,25,92,33,23,26,24,27.9,21.63331530557058,1.7486502731472002,15.36,48.64,5.1919956733369395,16.441319632233643,0.6761904761904762,0.4127906976744186,28.547528735242707,106.78397596913807,10.891200000000001,1.9722222222222223,0.5087719298245614,0.6140350877192983,0.4084507042253521,0.8620689655172413,0.4647887323943662,34,1.295774647887324,8.720930232558139,43.59375,1.81640625,9.430773391022175,1.7333333333333334,20.348837209302324
30,F,174,83,15,83,96,32,25,55,38,25,98,38,20,27,28,34.3,27.414453692693883,2.0029145430264035,23.240000000000002,59.76,7.676047033954288,19.738406658739596,0.8645833333333334,0.47701149425287354,23.82609895607743,110.25217668035249,13.8963,2.59375,0.45454545454545453,0.6909090909090909,0.30120481927710846,1.0,0.4578313253012048,13,1.180722891566265,8.620689655172415,41.325301204819276,1.475903614457831,11.329105562161446,1.8,21.839080459770116
47,F,171,89,16,79,100,33,28,54,37,26,88,34,22,28,45,40.5,30.436715570602924,2.056088519495209,40.050000000000004,48.949999999999996,13.696522006771318,16.740193563831607,0.79,0.4619883040935672,26.720415959173835,100.4624222493278,12.790700000000001,2.393939393939394,0.5185185185185185,0.6851851851851852,0.35443037974683544,0.9285714285714286,0.43037974683544306,21,1.1139240506329113,9.35672514619883,45.50561797752809,1.0112359550561796,13.850415512465375,1.75,21.637426900584796
53,F,171,79,15,84,103,33,30,48,40,25,98,34,21,27,29,32.0,27.01685988851271,1.9371370627810516,22.91,56.09,7.834889367668685,19.181970520844022,0.8155339805825242,0.49122807017543857,28.062028437949046,113.38022060639298,14.364700000000001,2.5454545454545454,0.625,0.8333333333333334,0.35714285714285715,0.8333333333333334,0.40476190476190477,19,1.1666666666666667,8.771929824561402,40.50632911392405,1.396769969445657,10.943538182688691,1.8,23.391812865497073
25,M,173,82,18,99,97,40,31,53,41,29,86,44,25,38,31,33.1,27.39817568244846,1.9850832616178988,25.419999999999998,56.58,8.493434461559023,18.904741220889438,1.0206185567010309,0.5722543352601156,24.628748186798518,131.92430716055404,19.6048,2.475,0.5849056603773585,0.7735849056603774,0.31313131313131315,0.9354838709677419,0.4444444444444444,-2,0.8686868686868687,10.404624277456648,40.36585365853659,1.3021243115656964,11.059507501085903,2.111111111111111,23.699421965317917
21,F,168,83,16,64,104,33,26,50,36,26,99,34,22,31,38,39.9,29.40759637188209,1.968078589216735,31.54,51.46,11.174886621315194,18.232709750566897,0.6153846153846154,0.38095238095238093,29.76056070255226,83.5351142101499,9.312,1.9393939393939394,0.52,0.72,0.40625,1.0,0.53125,40,1.546875,9.523809523809524,48.0722891566265,1.2650602409638554,14.136904761904763,1.9375,21.428571428571427
28,M,171,87,20,107,104,38,34,57,42,28,115,40,25,36,37,37.2,29.75274443418488,2.032855135025612,32.19,54.81,11.008515440648406,18.744228993536474,1.0288461538461537,0.6257309941520468,28.509232597540787,137.6244855727558,22.9043,2.8157894736842106,0.5964912280701754,0.7368421052631579,0.3177570093457944,0.8235294117647058,0.37383177570093457,-3,1.074766355140187,11.695906432748536,42.758620689655174,1.1556383970177075,12.721863137375605,1.8,24.561403508771928
32,M,176,58,18,91,88,37,32,53,36,27,94,40,21,37,15,25.5,18.72417355371901,1.6839107920420118,8.7,49.3,2.808626033057851,15.915547520661157,1.0340909090909092,0.5170454545454546,19.688918072220453,145.431080742635,16.5683,2.4594594594594597,0.6037735849056604,0.6792452830188679,0.3516483516483517,0.84375,0.43956043956043955,-3,1.032967032967033,10.227272727272728,43.96551724137931,2.931034482758621,8.232179752066116,2.0555555555555554,20.454545454545457
65,M,172,76,18,106,93,39,35,55,43,27,106,41,23,37,25,34.4,25.689561925365066,1.9055474570608604,19.0,57.0,6.422390481341266,19.2671714440238,1.1397849462365592,0.6162790697674418,23.227811165500682,146.29746290327225,22.5903,2.717948717948718,0.6363636363636364,0.7818181818181819,0.330188679245283,0.7714285714285715,0.3867924528301887,-13,1.0,10.465116279069768,45.263157894736835,1.8105263157894735,11.627906976744187,2.0555555555555554,25.0
27,F,166,55,15,75,93,36,25,54,37,22,95,37,22,27,15,24.0,19.959355494266223,1.5925172247455006,8.25,46.75,2.9939033241399335,16.96545217012629,0.8064516129032258,0.45180722891566266,25.48313186186082,119.5384071952419,11.476799999999999,2.0833333333333335,0.46296296296296297,0.6851851851851852,0.3333333333333333,0.88,0.49333333333333335,18,1.2666666666666666,9.036144578313253,43.63636363636363,2.909090909090909,8.709536942952534,1.8,22.289156626506024
51,M,174,86,18,89,106,38,30,58,41,31,114,45,24,35,36,33.8,28.405337561104506,2.0387904911164036,30.959999999999997,55.040000000000006,10.225921521997622,18.179416039106886,0.839622641509434,0.5114942528735632,28.182984264002165,116.14189484277358,16.0443,2.3421052631578947,0.5172413793103449,0.7068965517241379,0.33707865168539325,1.0333333333333334,0.5056179775280899,17,1.2808988764044944,10.344827586206897,39.30232558139535,1.0917312661498708,11.163958250759677,1.9444444444444444,23.563218390804597
31,F,161,73,15,82,118,33,28,51,39,22,99,36,20,25,30,32.6,28.162493730951734,1.8068542338058768,21.9,51.1,8.44874811928552,19.713745611666216,0.6949152542372882,0.5093167701863354,39.76212915292787,111.72204135132479,14.3552,2.484848484848485,0.5490196078431373,0.7647058823529411,0.34146341463414637,0.7857142857142857,0.43902439024390244,36,1.2073170731707317,9.316770186335404,44.657534246575345,1.488584474885845,12.576675282589406,1.6666666666666667,24.22360248447205
26,F,172,57,15,66,94,32,27,52,37,26,87,36,21,30,28,25.0,19.2671714440238,1.6502525059315418,15.96,41.04,5.394808004326664,13.872363439697136,0.7021276595744681,0.38372093023255816,23.67112096297918,105.18268024286023,9.2608,2.0625,0.5192307692307693,0.7115384615384616,0.4090909090909091,0.9629629629629629,0.5454545454545454,28,1.3181818181818181,8.720930232558139,43.859649122807014,1.5664160401002505,8.450513791238508,2.0,21.511627906976745
28,F,166,66,15,73,95,37,27,60,35,27,92,38,23,33,18,28.7,23.95122659311947,1.74451521441727,11.879999999999999,54.120000000000005,4.3112207867615036,19.640005806357966,0.7684210526315789,0.4397590361445783,26.418252977169658,106.21318653249432,10.996799999999999,1.972972972972973,0.45,0.5833333333333334,0.3698630136986301,1.0,0.5205479452054794,22,1.2602739726027397,9.036144578313253,43.484848484848484,2.415824915824916,10.415154594280738,2.2,21.084337349397593
33,F,167,56,16,99,102,34,25,51,33,24,99,39,22,30,24,23.7,20.07960127648894,1.611762320498211,13.44,42.56,4.819104306357345,15.260496970131594,0.9705882352941176,0.592814371257485,29.263454921246684,156.8458090393082,19.6083,2.911764705882353,0.49019607843137253,0.6470588235294118,0.25252525252525254,0.96,0.3939393939393939,3,1.0,9.580838323353294,42.32142857142857,1.7633928571428572,8.497974111656925,1.875,19.760479041916167
65,M,158,93,18,114,88,37,35,62,39,24,90,46,23,35,45,41.4,37.25364524915878,2.0203135070247558,41.85,51.15,16.764140362121452,20.48950488703733,1.2954545454545454,0.7215189873417721,26.30951962497737,136.3218347444937,26.4652,3.081081081081081,0.5645161290322581,0.6290322580645161,0.30701754385964913,0.6857142857142857,0.40350877192982454,-26,0.7894736842105263,11.39240506329114,44.516129032258064,0.9892473118279569,16.5838807883352,1.9444444444444444,24.68354430379747
36,F,172,67,16,88,86,34,28,53,29,24,97,37,23,32,29,27.3,22.647376960519203,1.789164920042619,19.43,47.57,6.567739318550569,16.079637641968635,1.0232558139534884,0.5116279069767442,20.124642583151164,129.3549332852941,15.4908,2.588235294117647,0.5283018867924528,0.5471698113207547,0.3181818181818182,0.8571428571428571,0.42045454545454547,-2,1.1022727272727273,9.30232558139535,40.74626865671642,1.4050437467833248,9.22796106003245,2.0,16.86046511627907
47,F,160,40,15,75,90,33,28,56,35,24,78,37,21,31,12,15.2,15.624999999999996,1.3333333333333333,4.8,35.2,1.8749999999999996,13.749999999999998,0.8333333333333334,0.46875,26.46952959611783,137.61467889908255,11.4075,2.272727272727273,0.5,0.625,0.37333333333333335,0.8571428571428571,0.49333333333333335,15,1.04,9.375,38.0,3.1666666666666665,5.937499999999998,2.066666666666667,21.875
59,M,164,86,17,84,86,38,33,53,37,28,102,46,22,34,34,34.3,31.975014872099948,1.9793377119071363,29.240000000000002,56.76,10.871505056513982,21.103509815585962,0.9767441860465116,0.5121951219512195,22.947998543963784,106.42054691713213,14.114799999999999,2.210526315789474,0.6226415094339622,0.6981132075471698,0.39285714285714285,0.8484848484848485,0.5476190476190477,2,1.2142857142857142,10.365853658536585,39.88372093023255,1.173050615595075,12.752825698988698,2.0,22.5609756097561
47,F,162,78,16,76,110,35,32,57,35,23,101,36,22,32,37,33.4,29.721079103795148,1.8734993995195195,28.86,49.14,10.996799268404205,18.72427983539094,0.6909090909090909,0.4691358024691358,35.34824823766819,100.48408917677027,12.3612,2.1714285714285713,0.5614035087719298,0.6140350877192983,0.42105263157894735,0.71875,0.47368421052631576,34,1.3289473684210527,9.876543209876543,42.82051282051282,1.1573111573111572,12.726718488035358,2.0,21.604938271604937
60,F,157,61,16,98,111,33,27,52,38,26,91,35,20,32,35,26.9,24.747454257779218,1.6310357990484998,21.349999999999998,39.650000000000006,8.661608990222726,16.085845267556493,0.8828828828828829,0.6242038216560509,38.42525106745608,144.2395923959269,19.3263,2.9696969696969697,0.5192307692307693,0.7307692307692307,0.2755102040816326,0.9629629629629629,0.35714285714285715,13,0.9285714285714286,10.191082802547772,44.0983606557377,1.259953161592506,10.913221631709197,2.0,24.203821656050955
54,F,163,66,16,79,94,33,33,57,38,24,84,37,22,31,34,30.5,24.840980089578082,1.7286796502919022,22.44,43.56,8.445933230456548,16.395046859121535,0.8404255319148937,0.48466257668711654,27.169621042250306,113.8996600275732,12.6395,2.393939393939394,0.5789473684210527,0.6666666666666666,0.4177215189873418,0.7272727272727273,0.46835443037974683,15,1.0632911392405062,9.815950920245399,46.21212121212121,1.3591800356506238,11.47954382927472,1.9375,23.31288343558282
41,F,159,76,16,85,103,33,29,55,39,25,95,38,21,29,39,29.9,30.062101973814325,1.8321208111548393,29.64,46.36,11.724219769787586,18.337882204026737,0.8252427184466019,0.5345911949685535,33.373781967904925,112.79353134825786,14.6768,2.5757575757575757,0.5272727272727272,0.7090909090909091,0.3411764705882353,0.8620689655172413,0.4470588235294118,18,1.1176470588235294,10.062893081761008,39.3421052631579,1.0087719298245614,11.827063802855898,1.8125,24.528301886792452
55,F,164,57,14,55,96,33,28,55,35,25,92,36,24,31,24,23.4,21.192742415229034,1.611417595369576,13.68,43.32,5.086258179654968,16.106484235574065,0.5729166666666666,0.3353658536585366,27.709393723494458,85.58953910702722,7.2267,1.6666666666666667,0.509090909090909,0.6363636363636364,0.509090909090909,0.8928571428571429,0.6545454545454545,41,1.6727272727272726,8.536585365853659,41.05263157894737,1.7105263157894737,8.700178465199286,2.2142857142857144,21.341463414634145
57,M,174,74,20,107,109,39,30,57,42,28,100,40,24,38,32,34.6,24.441802087462015,1.8912077270005712,23.68,50.32,7.8213766679878445,16.62042541947417,0.981651376146789,0.6149425287356322,29.490049856379585,150.5275676586123,22.9008,2.7435897435897436,0.5263157894736842,0.7368421052631579,0.2803738317757009,0.9333333333333333,0.37383177570093457,2,0.9345794392523364,11.494252873563218,46.75675675675676,1.4611486486486487,11.42819394900251,1.9,24.137931034482758
28,M,188,104,19,104,87,38,37,53,37,27,95,41,24,39,29,43.7,29.425079221367138,2.3304744390598047,30.159999999999997,73.84,8.53327297419647,20.891806247170667,1.1954022988505748,0.5531914893617021,15.750676224246881,128.28299664549382,21.8343,2.736842105263158,0.6981132075471698,0.6981132075471698,0.3557692307692308,0.7297297297297297,0.3942307692307692,-17,0.9134615384615384,10.106382978723403,42.01923076923077,1.4489389920424405,12.36419194205523,2.0526315789473686,19.680851063829788
55,M,179,91,19,75,95,40,32,52,35,29,106,42,21,33,22,35.3,28.40111107643332,2.127139445880834,20.02,70.98,6.24824443681533,22.15286663961799,0.7894736842105263,0.41899441340782123,21.668342911415593,96.50294895114179,11.53,1.875,0.6153846153846154,0.6730769230769231,0.4266666666666667,0.90625,0.56,20,1.4133333333333333,10.614525139664805,38.79120879120879,1.7632367632367631,11.017134296682375,1.736842105263158,19.553072625698324
43,M,180,90,19,86,102,38,32,64,41,28,100,41,22,37,26,38.4,27.777777777777775,2.1213203435596424,23.400000000000002,66.6,7.222222222222222,20.555555555555554,0.8431372549019608,0.4777777777777778,24.236839574996026,111.58015262760199,14.971200000000001,2.263157894736842,0.5,0.640625,0.37209302325581395,0.875,0.47674418604651164,16,1.1627906976744187,10.555555555555555,42.666666666666664,1.6410256410256407,11.851851851851851,1.9473684210526316,22.77777777777778
47,M,173,72,17,101,98,40,29,52,34,32,115,48,25,39,36,29.2,24.0569347455645,1.8601075237738274,25.919999999999998,46.08,8.66049650840322,15.39643823716128,1.030612244897959,0.5838150289017341,25.068219817590254,143.63215588773437,20.4083,2.525,0.5576923076923077,0.6538461538461539,0.2871287128712871,1.103448275862069,0.4752475247524752,-3,1.1386138613861385,9.826589595375722,40.55555555555556,1.1265432098765433,9.756423535701158,2.2941176470588234,19.653179190751445
53,F,169,40,16,78,114,32,30,52,39,25,74,33,20,27,15,15.2,14.00511186583103,1.3703203194062976,6.0,34.0,2.1007667798746543,11.904345085956376,0.6842105263157895,0.46153846153846156,33.888939462903956,147.08942878030902,13.0752,2.4375,0.5769230769230769,0.75,0.38461538461538464,0.8333333333333334,0.4230769230769231,36,0.9487179487179487,9.467455621301776,38.0,2.533333333333333,5.321942509015791,1.6875,23.076923076923077
35,F,172,71,15,78,106,37,28,53,36,26,83,33,23,29,40,31.0,23.99945916711736,1.8417986378055073,28.400000000000002,42.599999999999994,9.599783666846946,14.399675500270416,0.7358490566037735,0.45348837209302323,28.990838532721206,111.37895884390456,12.7168,2.108108108108108,0.5283018867924528,0.6792452830188679,0.358974358974359,0.9285714285714286,0.4230769230769231,28,1.064102564102564,8.720930232558139,43.66197183098591,1.0915492957746478,10.47863710113575,1.9333333333333333,20.930232558139537
27,F,156,50,16,83,103,32,28,48,36,27,77,37,23,31,23,21.2,20.5456936226167,1.4719601443879744,11.5,38.5,4.725509533201841,15.820184089414857,0.8058252427184466,0.532051282051282,34.86282000616658,134.5020462211397,14.058,2.59375,0.5833333333333334,0.75,0.3373493975903614,0.9642857142857143,0.4457831325301205,20,0.927710843373494,10.256410256410255,42.4,1.8434782608695652,8.711374095989479,1.9375,23.076923076923077
52,M,172,86,17,91,104,37,33,55,41,29,110,45,23,33,36,42.9,29.069767441860467,2.0270394394014364,30.959999999999997,55.040000000000006,10.465116279069768,18.604651162790702,0.875,0.5290697674418605,28.1042189377642,118.06737080362537,16.6803,2.4594594594594597,0.6,0.7454545454545455,0.3626373626373626,0.8787878787878788,0.4945054945054945,13,1.2087912087912087,9.883720930232558,49.883720930232556,1.3856589147286822,14.50108166576528,1.9411764705882353,23.837209302325583
55,M,176,80,17,82,95,39,32,57,41,30,105,41,23,34,18,36.3,25.826446280991735,1.9776529298921768,14.399999999999999,65.6,4.648760330578512,21.17768595041322,0.8631578947368421,0.4659090909090909,22.686900191601623,111.58316989758612,13.5663,2.1025641025641026,0.5614035087719298,0.7192982456140351,0.3902439024390244,0.9375,0.5,13,1.2804878048780488,9.659090909090908,45.375,2.5208333333333335,11.71875,2.0,23.295454545454543
53,F,168,67,15,84,96,35,33,52,32,25,86,37,19,32,30,29.3,23.738662131519277,1.768238294649979,20.099999999999998,46.900000000000006,7.121598639455782,16.617063492063497,0.875,0.5,26.086671417740547,122.0309599484581,14.2128,2.4,0.6346153846153846,0.6153846153846154,0.39285714285714285,0.7575757575757576,0.44047619047619047,12,1.0238095238095237,8.928571428571429,43.73134328358209,1.4577114427860698,10.381235827664401,2.1333333333333333,19.047619047619047
48,F,167,53,16,78,100,34,29,48,36,25,81,40,22,31,23,21.9,19.003908350962746,1.5679958900172892,12.190000000000001,40.81,4.370898920721432,14.633009430241314,0.78,0.46706586826347307,28.336720511026158,127.02476657920916,12.5068,2.2941176470588234,0.6041666666666666,0.75,0.3717948717948718,0.8620689655172413,0.5128205128205128,22,1.0384615384615385,9.580838323353294,41.32075471698113,1.7965545529122229,7.852558356341209,1.9375,21.55688622754491
60,M,165,85,18,100,101,40,29,63,40,32,107,45,23,34,29,37.4,31.22130394857668,1.973786547054502,24.65,60.35,9.054178145087237,22.167125803489444,0.9900990099009901,0.6060606060606061,29.653571733523535,127.82211853563962,20.000700000000002,2.5,0.4603174603174603,0.6349206349206349,0.29,1.103448275862069,0.45,1,1.07,10.909090909090908,44.0,1.5172413793103448,13.737373737373739,1.8888888888888888,24.242424242424242
37,F,159,65,13,79,93,32,26,52,37,22,78,35,22,32,29,26.2,25.71100826707804,1.694353367315488,18.849999999999998,46.150000000000006,7.4561923974526305,18.25481586962541,0.8494623655913979,0.4968553459119497,28.386036145778235,113.35546875194656,12.619200000000001,2.46875,0.5,0.7115384615384616,0.3291139240506329,0.8461538461538461,0.4430379746835443,14,0.9873417721518988,8.176100628930817,40.30769230769231,1.389920424403183,10.363514101499149,2.4615384615384617,23.270440251572328
49,F,166,79,15,91,105,34,27,47,33,25,98,37,21,30,34,31.5,28.668892437218755,1.9086062395836858,26.860000000000003,52.14,9.747423428654379,18.92146900856438,0.8666666666666667,0.5481927710843374,31.09385855371383,121.01951072032196,16.6992,2.676470588235294,0.574468085106383,0.7021276595744681,0.2967032967032967,0.9259259259259259,0.4065934065934066,14,1.0769230769230769,9.036144578313253,39.87341772151899,1.172747580044676,11.4312672376252,2.0,19.879518072289155
25,F,170,57,15,77,97,34,28,56,34,24,101,37,22,30,28,22.3,19.723183391003463,1.6406299603099619,15.96,41.04,5.52249134948097,14.200692041522492,0.7938144329896907,0.45294117647058824,25.762119951879377,121.9975924131985,12.138,2.264705882352941,0.5,0.6071428571428571,0.36363636363636365,0.8571428571428571,0.4805194805194805,20,1.3116883116883118,8.823529411764707,39.122807017543856,1.3972431077694236,7.716262975778548,2.0,20.0
29,F,160,71,15,84,103,33,28,55,35,23,84,34,21,30,45,30.0,27.734374999999993,1.776388345929897,31.95,39.05,12.480468749999996,15.253906249999996,0.8155339805825242,0.525,32.892906093334844,115.68674587784831,14.364700000000001,2.5454545454545454,0.509090909090909,0.6363636363636364,0.3333333333333333,0.8214285714285714,0.40476190476190477,19,1.0,9.375,42.25352112676056,0.9389671361502347,11.718749999999998,2.0,21.875
60,F,171,83,17,71,91,36,29,54,35,24,94,37,20,28,45,29.3,28.384802161348794,1.985572965166478,37.35,45.65,12.773160972606957,15.611641188741837,0.7802197802197802,0.4152046783625731,22.695578522848187,93.49553257001432,10.362,1.9722222222222223,0.5370370370370371,0.6481481481481481,0.4084507042253521,0.8275862068965517,0.5211267605633803,20,1.323943661971831,9.941520467836257,35.30120481927711,0.784471218206158,10.020177148524333,1.6470588235294117,20.46783625730994
19,F,170,75,17,89,121,35,28,52,36,24,88,39,20,30,41,26.8,25.95155709342561,1.8819316317727024,30.749999999999996,44.25,10.640138408304498,15.31141868512111,0.7355371900826446,0.5235294117647059,36.58986097090108,122.92984603873066,16.558799999999998,2.5428571428571427,0.5384615384615384,0.6923076923076923,0.3146067415730337,0.8571428571428571,0.43820224719101125,32,0.9887640449438202,10.0,35.733333333333334,0.8715447154471546,9.273356401384085,1.7647058823529411,21.176470588235293
34,F,161,82,15,86,114,34,30,53,36,25,103,34,22,30,40,31.3,31.634581999151262,1.9149992747315134,32.800000000000004,49.199999999999996,12.653832799660508,18.980749199490756,0.7543859649122807,0.5341614906832298,37.80409087655743,110.55489211920575,15.3408,2.5294117647058822,0.5660377358490566,0.6792452830188679,0.3488372093023256,0.8333333333333334,0.3953488372093023,28,1.197674418604651,9.316770186335404,38.170731707317074,0.9542682926829267,12.07515142162725,2.0,22.36024844720497
23,M,184,71,18,76,92,36,32,53,39,29,97,39,25,35,16,31.2,20.97117202268431,1.90496427496394,11.36,59.64,3.3553875236294894,17.61578449905482,0.8260869565217391,0.41304347826086957,18.860489038724282,112.24495534094284,11.731200000000001,2.111111111111111,0.6037735849056604,0.7358490566037735,0.42105263157894735,0.90625,0.5131578947368421,16,1.2763157894736843,9.782608695652174,43.943661971830984,2.7464788732394365,9.215500945179583,1.9444444444444444,21.195652173913043
53,M,167,40,18,63,99,35,31,51,39,27,80,40,26,35,8,14.7,14.342572340349243,1.36218778278017,3.2,36.8,1.1474057872279395,13.195166553121302,0.6363636363636364,0.3772455089820359,27.8733533059159,118.09793162635418,8.8452,1.8,0.6078431372549019,0.7647058823529411,0.49206349206349204,0.8709677419354839,0.6349206349206349,36,1.2698412698412698,10.778443113772456,36.75,4.593749999999999,5.270895335078346,1.9444444444444444,23.353293413173652
43,F,162,53,15,62,98,34,29,55,34,26,79,40,21,34,19,22.3,20.195092211553114,1.54434452114805,10.07,42.93,3.8370675201950917,16.358024691358022,0.6326530612244898,0.38271604938271603,29.528439339013474,99.44541489823,8.5952,1.8235294117647058,0.5272727272727272,0.6181818181818182,0.46774193548387094,0.896551724137931,0.6451612903225806,36,1.2741935483870968,9.25925925925926,42.07547169811321,2.2144985104270107,8.497180307879894,2.2666666666666666,20.98765432098765
51,M,173,101,17,90,100,37,33,56,43,25,100,41,24,32,30,40.6,33.746533462527985,2.2030912625470402,30.299999999999997,70.7,10.123960038758394,23.622573423769587,0.9,0.5202312138728323,25.947163079173734,108.06333743077498,16.27,2.4324324324324325,0.5892857142857143,0.7678571428571429,0.36666666666666664,0.7575757575757576,0.45555555555555555,10,1.1111111111111112,9.826589595375722,40.1980198019802,1.3399339933993402,13.565438203748872,1.8823529411764706,24.85549132947977
33,M,180,87,17,96,99,38,32,55,35,29,96,38,25,29,30,34.8,26.85185185185185,2.085665361461421,26.099999999999998,60.900000000000006,8.055555555555554,18.796296296296298,0.9696969696969697,0.5333333333333333,22.99457958749614,126.68388149338591,18.438299999999998,2.526315789473684,0.5818181818181818,0.6363636363636364,0.3333333333333333,0.90625,0.3958333333333333,3,1.0,9.444444444444445,40.0,1.3333333333333333,10.740740740740739,1.7058823529411764,19.444444444444446
51,M,177,95,18,90,99,41,30,54,36,28,107,41,20,30,37,39.2,30.323342589932647,2.1612110802356472,35.15,59.85,11.21963675827508,19.103705831657567,0.9090909090909091,0.5084745762711864,24.041218515412467,112.70439240243839,16.256700000000002,2.1951219512195124,0.5555555555555556,0.6666666666666666,0.3333333333333333,0.9333333333333333,0.45555555555555555,9,1.1888888888888889,10.16949152542373,41.26315789473685,1.1152204836415365,12.512368731845893,1.6666666666666667,20.33898305084746
65,F,167,59,16,75,99,31,28,55,32,25,85,37,21,28,23,25.7,21.15529420201513,1.6543713139571916,13.57,45.43,4.86571766646348,16.289576535551653,0.7575757575757576,0.4491017964071856,27.8733533059159,115.76225956783334,11.6532,2.4193548387096775,0.509090909090909,0.5818181818181818,0.37333333333333335,0.8928571428571429,0.49333333333333335,24,1.1333333333333333,9.580838323353294,43.559322033898304,1.8938835666912306,9.215102728674388,1.75,19.16167664670659
64,F,150,59,16,93,107,31,26,47,36,26,70,33,22,29,39,23.0,26.22222222222222,1.567907310185565,23.01,35.989999999999995,10.226666666666667,15.995555555555553,0.8691588785046729,0.62,40.243422772844454,136.0429605168007,17.435200000000002,3.0,0.5531914893617021,0.7659574468085106,0.27956989247311825,1.0,0.3548387096774194,14,0.7526881720430108,10.666666666666668,38.983050847457626,0.9995654063450673,10.222222222222221,1.8125,24.0
45,M,174,83,18,120,101,37,34,60,38,27,106,42,23,35,38,32.1,27.414453692693883,2.0029145430264035,31.54,51.46,10.417492403223674,16.996961289470207,1.188118811881188,0.6896551724137931,26.004541610039794,159.40073736918433,29.0527,3.2432432432432434,0.5666666666666667,0.6333333333333333,0.2833333333333333,0.7941176470588235,0.35,-19,0.8833333333333333,10.344827586206897,38.674698795180724,1.0177552314521243,10.602457391993658,1.9444444444444444,21.839080459770116
48,M,167,58,17,79,104,37,33,60,43,27,103,44,22,34,20,24.7,20.796729893506402,1.6402913020422791,11.600000000000001,46.4,4.159345978701281,16.63738391480512,0.7596153846153846,0.47305389221556887,30.190189331467202,122.98292900475171,12.9195,2.135135135135135,0.55,0.7166666666666667,0.4177215189873418,0.8181818181818182,0.5569620253164557,25,1.3037974683544304,10.179640718562874,42.58620689655172,2.129310344827586,8.856538420165657,2.0,25.748502994011975
52,M,177,66,18,87,100,40,30,61,41,27,99,39,24,32,11,23.3,21.06674327300584,1.8013883534651822,7.26,58.74,2.3173417600306423,18.749401512975197,0.87,0.4915254237288136,24.465877288295417,130.7095802764561,15.2563,2.175,0.4918032786885246,0.6721311475409836,0.3448275862068966,0.9,0.4482758620689655,13,1.1379310344827587,10.16949152542373,35.303030303030305,3.2093663911845733,7.4371987615308495,1.7777777777777777,23.163841807909606
41,M,170,75,18,96,94,38,34,51,35,29,111,41,22,34,23,29.7,25.95155709342561,1.8819316317727024,17.25,57.75,5.96885813148789,19.982698961937718,1.0212765957446808,0.5647058823529412,24.40865232450166,132.59848561481058,18.4348,2.526315789473684,0.6666666666666666,0.6862745098039216,0.3541666666666667,0.8529411764705882,0.4270833333333333,-2,1.15625,10.588235294117647,39.599999999999994,1.7217391304347827,10.27681660899654,1.8888888888888888,20.588235294117645
54,M,173,91,17,110,102,38,38,58,38,27,89,42,24,33,32,40.0,30.405292525644022,2.091185203552176,29.12,61.879999999999995,9.729693608206087,20.675598917437934,1.0784313725490196,0.6358381502890174,26.826106340757207,139.1453003674197,24.244799999999998,2.8947368421052633,0.6551724137931034,0.6551724137931034,0.34545454545454546,0.7105263157894737,0.38181818181818183,-8,0.8090909090909091,9.826589595375722,43.956043956043956,1.3736263736263736,13.364963747535834,1.9411764705882353,21.965317919075144
19,M,183,93,16,113,99,42,26,55,37,27,95,41,23,37,29,38.2,27.77031263997133,2.17428149051589,26.97,66.03,8.053390665591685,19.716921974379645,1.1414141414141414,0.6174863387978142,21.99065892049328,145.42397657786063,25.6752,2.6904761904761907,0.4727272727272727,0.6727272727272727,0.23008849557522124,1.0384615384615385,0.36283185840707965,-14,0.8407079646017699,8.743169398907105,41.075268817204304,1.4163885799035967,11.406730568246289,2.3125,20.21857923497268
56,M,178,83,18,94,100,36,31,57,37,23,92,38,25,37,24,36.2,26.19618735008206,2.0258057381913224,19.919999999999998,63.08,6.2870849640196935,19.909102386062365,0.94,0.5280898876404494,24.108521853700076,126.29097339890637,17.697200000000002,2.611111111111111,0.543859649122807,0.6491228070175439,0.32978723404255317,0.7419354838709677,0.40425531914893614,6,0.9787234042553191,10.112359550561797,43.6144578313253,1.8172690763052213,11.425325085216514,2.0555555555555554,20.786516853932586
41,F,159,83,15,106,97,32,23,48,36,25,97,36,23,33,45,33.7,32.83097978719196,1.9146366060778566,37.35,45.65,14.773940904236381,18.057038882955577,1.092783505154639,0.6666666666666666,30.381134474628908,134.5980857152113,22.5287,3.3125,0.4791666666666667,0.75,0.2169811320754717,1.0869565217391304,0.33962264150943394,-9,0.9150943396226415,9.433962264150944,40.60240963855422,0.9022757697456493,13.330168901546616,2.2,22.641509433962266
40,M,170,81,18,111,98,38,31,54,43,32,97,44,23,33,34,33.5,28.027681660899656,1.9557607215607946,27.540000000000003,53.459999999999994,9.529411764705884,18.498269896193772,1.1326530612244898,0.6529411764705882,26.213275827671943,147.529351065748,24.7603,2.9210526315789473,0.5740740740740741,0.7962962962962963,0.27927927927927926,1.032258064516129,0.3963963963963964,-13,0.8738738738738738,10.588235294117647,41.358024691358025,1.2164124909222946,11.591695501730104,1.8333333333333333,25.294117647058822
33,M,170,91,18,113,95,39,36,51,41,25,107,39,22,37,32,38.8,31.487889273356405,2.072974245431482,29.12,61.879999999999995,10.07612456747405,21.411764705882355,1.1894736842105262,0.6647058823529411,24.859808200294232,141.69538647066688,25.7648,2.8974358974358974,0.7058823529411765,0.803921568627451,0.3185840707964602,0.6944444444444444,0.34513274336283184,-18,0.9469026548672567,10.588235294117647,42.637362637362635,1.3324175824175823,13.42560553633218,2.0555555555555554,24.11764705882353
43,F,167,62,15,67,93,34,28,49,34,22,77,39,22,32,22,27.9,22.230987127541326,1.6959101129220002,13.64,48.36,4.890817168059091,17.340169959482232,0.7204301075268817,0.40119760479041916,25.09315007525433,100.88130591811837,9.4512,1.9705882352941178,0.5714285714285714,0.6938775510204082,0.417910447761194,0.7857142857142857,0.582089552238806,26,1.1492537313432836,8.982035928143713,44.99999999999999,2.0454545454545454,10.003944207393596,2.1333333333333333,20.35928143712575
65,M,177,75,18,106,98,40,34,51,37,30,112,36,23,31,23,36.3,23.93948099205209,1.920286436967152,17.25,57.75,5.506080628171981,18.43340036388011,1.0816326530612246,0.5988700564971752,23.61655974252951,149.3947613346922,22.5168,2.65,0.6666666666666666,0.7254901960784313,0.32075471698113206,0.8823529411764706,0.33962264150943394,-8,1.0566037735849056,10.16949152542373,48.4,2.1043478260869564,11.586708800153211,1.7222222222222223,20.903954802259886
27,F,170,85,15,75,92,31,26,54,35,23,82,38,20,29,38,34.4,29.411764705882355,2.0034692133618845,32.3,52.7,11.176470588235293,18.23529411764706,0.8152173913043478,0.4411764705882353,23.50634057291652,97.30827264035058,11.4523,2.4193548387096775,0.48148148148148145,0.6481481481481481,0.3466666666666667,0.8846153846153846,0.5066666666666667,17,1.0933333333333333,8.823529411764707,40.470588235294116,1.065015479876161,11.903114186851212,1.9333333333333333,20.588235294117645
39,M,166,66,18,89,104,39,36,59,37,30,92,41,22,38,21,30.2,23.95122659311947,1.74451521441727,13.86,52.14,5.029757584555088,18.92146900856438,0.8557692307692307,0.536144578313253,30.626297996059414,129.4927890601643,15.9995,2.282051282051282,0.6101694915254238,0.6271186440677966,0.4044943820224719,0.8333333333333334,0.4606741573033708,15,1.0337078651685394,10.843373493975903,45.75757575757576,2.178932178932179,10.95950065321527,2.111111111111111,22.289156626506024
58,M,191,102,18,96,102,40,31,60,42,28,98,43,23,36,30,44.3,27.959759875003428,2.326298920316705,30.599999999999998,71.4,8.387927962501028,19.5718319125024,0.9411764705882353,0.5026178010471204,20.641156931846602,120.5206132490036,18.4572,2.4,0.5166666666666667,0.7,0.3229166666666667,0.9032258064516129,0.4479166666666667,6,1.0208333333333333,9.424083769633508,43.431372549019606,1.4477124183006536,12.143307475124036,2.0,21.98952879581152
28,M,194,103,19,108,97,38,32,57,36,28,106,41,23,39,30,42.9,27.367414177914764,2.3559617050273878,30.9,72.1,8.21022425337443,19.157189924540333,1.1134020618556701,0.5567010309278351,17.89790793088691,135.98140062864053,23.4127,2.8421052631578947,0.5614035087719298,0.631578947368421,0.2962962962962963,0.875,0.37962962962962965,-11,0.9814814814814815,9.793814432989691,41.650485436893206,1.3883495145631068,11.398660856626634,2.0526315789473686,18.556701030927837
26,F,150,47,15,70,105,32,31,58,37,23,104,34,22,27,26,18.5,20.88888888888889,1.399404635312222,12.22,34.78,5.431111111111111,15.457777777777778,0.6666666666666666,0.4666666666666667,39.154760664940824,114.72768823563017,10.6575,2.1875,0.5344827586206896,0.6379310344827587,0.44285714285714284,0.7419354838709677,0.4857142857142857,35,1.4857142857142858,10.0,39.361702127659576,1.513911620294599,8.222222222222221,1.8,24.666666666666668
30,F,158,79,14,102,110,34,29,56,30,24,91,35,20,30,45,29.5,31.64556962025316,1.862047857124575,35.550000000000004,43.449999999999996,14.240506329113924,17.405063291139236,0.9272727272727272,0.6455696202531646,37.38689953122171,132.33925079087678,20.8528,3.0,0.5178571428571429,0.5357142857142857,0.28431372549019607,0.8275862068965517,0.3431372549019608,8,0.8921568627450981,8.860759493670885,37.34177215189873,0.8298171589310829,11.817016503765421,2.142857142857143,18.9873417721519
33,F,159,55,15,78,97,33,25,59,32,26,86,35,19,27,32,23.8,21.75546853368142,1.558578412100805,17.6,37.4,6.961749930778055,14.793718602903365,0.8041237113402062,0.49056603773584906,30.381134474628908,121.67050823405785,12.4207,2.3636363636363638,0.423728813559322,0.5423728813559322,0.32051282051282054,1.04,0.44871794871794873,19,1.1025641025641026,9.433962264150944,43.27272727272727,1.3522727272727273,9.414184565483959,1.8,20.125786163522015
34,M,182,106,18,73,88,37,26,48,40,25,100,47,27,34,34,44.4,32.00096606690013,2.3149274046692887,36.04,69.96000000000001,10.880328462746045,21.120637604154087,0.8295454545454546,0.4010989010989011,17.8406263000972,87.75646557427284,10.8155,1.972972972972973,0.5416666666666666,0.8333333333333334,0.3561643835616438,0.9615384615384616,0.6438356164383562,15,1.36986301369863,9.89010989010989,41.886792452830186,1.2319644839067703,13.404178239343073,1.8888888888888888,21.978021978021978
45,F,154,51,16,67,101,34,27,59,37,26,100,38,23,26,21,20.4,21.504469556417607,1.4770466027403018,10.709999999999999,40.29,4.515938606847698,16.98853094956991,0.6633663366336634,0.43506493506493504,34.84942816010611,106.8128681960067,9.7872,1.9705882352941178,0.4576271186440678,0.6271186440677966,0.40298507462686567,0.9629629629629629,0.5671641791044776,34,1.492537313432836,10.38961038961039,40.0,1.9047619047619049,8.601787822567044,1.625,24.025974025974026
38,F,150,64,15,93,94,37,28,49,36,26,97,37,23,28,43,24.2,28.444444444444443,1.632993161855452,27.52,36.480000000000004,12.231111111111112,16.213333333333335,0.9893617021276596,0.62,33.16711907147083,130.62072596263508,17.2987,2.5135135135135136,0.5714285714285714,0.7346938775510204,0.3010752688172043,0.9285714285714286,0.3978494623655914,1,1.043010752688172,10.0,37.8125,0.8793604651162791,10.755555555555555,1.8666666666666667,24.0
59,M,169,100,18,100,96,42,30,53,41,29,104,43,23,35,42,43.7,35.01277966457757,2.1666666666666665,42.0,58.0,14.705367459122582,20.307412205454995,1.0416666666666667,0.591715976331361,25.695949021392806,119.26605504587155,20.011200000000002,2.380952380952381,0.5660377358490566,0.7735849056603774,0.3,0.9666666666666667,0.43,-4,1.04,10.650887573964498,43.7,1.0404761904761906,15.3005847134204,1.9444444444444444,24.2603550295858
45,F,162,58,17,71,102,35,30,53,34,22,81,35,23,29,28,22.8,22.10028959000152,1.6155494421403511,16.240000000000002,41.76,6.188081085200427,15.912208504801093,0.696078431372549,0.4382716049382716,31.468375638565043,108.86176247260195,10.754700000000001,2.0285714285714285,0.5660377358490566,0.6415094339622641,0.4225352112676056,0.7333333333333333,0.49295774647887325,31,1.1408450704225352,10.493827160493826,39.310344827586206,1.4039408866995073,8.687700045724736,1.7058823529411764,20.98765432098765
58,F,163,76,16,85,113,34,28,54,38,25,97,35,21,27,40,29.2,28.604764951635367,1.8550232103968702,30.400000000000002,45.599999999999994,11.441905980654147,17.16285897098122,0.7522123893805309,0.5214723926380368,36.29965082738601,114.20350522723368,14.9988,2.5,0.5185185185185185,0.7037037037037037,0.32941176470588235,0.8928571428571429,0.4117647058823529,28,1.1411764705882352,9.815950920245399,38.421052631578945,0.9605263157894736,10.990251797207272,1.6875,23.31288343558282
36,M,163,58,18,102,101,37,29,56,37,30,89,45,24,36,24,20.4,21.829952199932254,1.6205280346575652,13.92,44.08,5.239188527983741,16.590763671948512,1.00990099009901,0.6257668711656442,30.53331622624767,156.87490623385477,20.8087,2.7567567567567566,0.5178571428571429,0.6607142857142857,0.28431372549019607,1.0344827586206897,0.4411764705882353,-1,0.8725490196078431,11.042944785276074,35.172413793103445,1.4655172413793103,7.678121118596861,2.0,22.699386503067483
36,F,152,61,15,85,88,34,29,54,34,26,86,37,23,31,42,24.8,26.40235457063712,1.6048537489614296,25.619999999999997,35.38,11.088988919667589,15.31336565096953,0.9659090909090909,0.5592105263157895,28.958832432589155,123.09752022414335,14.456299999999999,2.5,0.5370370370370371,0.6296296296296297,0.3411764705882353,0.896551724137931,0.43529411764705883,3,1.011764705882353,9.868421052631579,40.65573770491803,0.9679937548790009,10.734072022160666,2.066666666666667,22.36842105263158
61,F,166,52,16,59,97,36,30,50,38,25,99,37,20,29,20,20.2,18.870663376397157,1.5484759532449246,10.4,41.6,3.7741326752794313,15.096530701117725,0.6082474226804123,0.35542168674698793,27.35337409247849,96.71144803258703,7.9728,1.6388888888888888,0.6,0.76,0.5084745762711864,0.8333333333333334,0.6271186440677966,38,1.6779661016949152,9.63855421686747,38.84615384615385,1.942307692307692,7.330526926985049,1.8125,22.89156626506024
43,F,159,44,16,66,94,33,24,43,36,24,90,35,23,33,23,17.4,17.404374826945133,1.3940349110884322,10.120000000000001,33.879999999999995,4.003006210197381,13.401368616747753,0.7021276595744681,0.41509433962264153,28.884810727990903,115.10379999812743,9.2608,2.0,0.5581395348837209,0.8372093023255814,0.36363636363636365,1.0,0.5303030303030303,28,1.3636363636363635,10.062893081761008,39.54545454545455,1.719367588932806,6.882639136110121,2.0625,22.641509433962266
55,F,171,87,16,91,102,33,27,49,35,24,102,35,21,34,45,35.5,29.75274443418488,2.032855135025612,39.15,47.85,13.388734995383196,16.364009438801684,0.8921568627450981,0.5321637426900585,27.61482427835731,117.0451232441194,16.6467,2.757575757575758,0.5510204081632653,0.7142857142857143,0.2967032967032967,0.8888888888888888,0.38461538461538464,11,1.120879120879121,9.35672514619883,40.804597701149426,0.9067688378033206,12.140487671420267,2.125,20.46783625730994
65,F,160,64,16,92,94,35,28,53,37,26,85,37,20,29,33,26.5,24.999999999999996,1.6865480854231356,21.12,42.879999999999995,8.249999999999998,16.749999999999996,0.9787234042553191,0.575,28.445953133723066,133.4539196034362,16.930799999999998,2.6285714285714286,0.5283018867924528,0.6981132075471698,0.30434782608695654,0.9285714285714286,0.40217391304347827,2,0.9239130434782609,10.0,41.40625,1.2547348484848484,10.351562499999998,1.8125,23.125
26,F,161,46,15,81,107,32,31,53,38,21,81,37,23,30,12,18.5,17.746228926353147,1.4343019982633443,5.52,40.480000000000004,2.1295474711623776,15.616681455190772,0.7570093457943925,0.5031055900621118,34.37752389290917,139.0248845544446,13.5952,2.53125,0.5849056603773585,0.7169811320754716,0.38271604938271603,0.6774193548387096,0.4567901234567901,26,1.0,9.316770186335404,40.21739130434783,3.3514492753623193,7.13707032907681,2.0,23.60248447204969
28,F,164,72,15,93,109,37,31,47,32,25,75,36,20,29,42,28.0,26.769779892920884,1.8110770276274832,30.24,41.760000000000005,11.243307555026771,15.526472337894115,0.8532110091743119,0.5670731707317073,33.899207456884334,128.76923820287152,17.4772,2.5135135135135136,0.6595744680851063,0.6808510638297872,0.3333333333333333,0.8064516129032258,0.3870967741935484,16,0.8064516129032258,9.146341463414634,38.88888888888889,0.9259259259259259,10.410469958358123,1.9333333333333333,19.51219512195122
40,F,161,59,14,76,109,36,28,48,36,24,90,38,21,33,32,25.1,22.76146753597469,1.6243802236887492,18.88,40.120000000000005,7.2836696115119,15.477797924462791,0.6972477064220184,0.4720496894409938,35.35654303109438,115.17919172789144,12.3143,2.111111111111111,0.5833333333333334,0.75,0.3684210526315789,0.8571428571428571,0.5,33,1.1842105263157894,8.695652173913043,42.54237288135593,1.329449152542373,9.68326839242313,2.357142857142857,22.36024844720497
35,M,170,66,17,87,98,38,29,52,36,29,97,45,24,32,16,25.0,22.837370242214536,1.7654083569153813,10.56,55.44,3.6539792387543257,19.18339100346021,0.8877551020408163,0.5117647058823529,26.213275827671943,128.0988549221336,15.222700000000001,2.289473684210526,0.5576923076923077,0.6923076923076923,0.3333333333333333,1.0,0.5172413793103449,11,1.1149425287356323,10.0,37.878787878787875,2.367424242424242,8.650519031141869,1.8823529411764706,21.176470588235293
32,M,177,74,17,88,105,43,32,59,39,25,100,41,25,38,30,28.2,23.620287912158062,1.9074415674754845,22.2,51.8,7.086086373647419,16.534201538510644,0.8380952380952381,0.4971751412429379,26.589171152710186,124.86103987441803,15.690299999999999,2.046511627906977,0.5423728813559322,0.6610169491525424,0.36363636363636365,0.78125,0.4659090909090909,17,1.1363636363636365,9.6045197740113,38.108108108108105,1.2702702702702702,9.001244853011586,2.235294117647059,22.033898305084744
36,M,184,90,18,104,94,35,31,60,39,27,102,41,22,32,17,37.5,26.583175803402646,2.1447610589527217,15.3,74.7,4.51913988657845,22.064035916824196,1.1063829787234043,0.5652173913043478,19.66180401782698,136.4251682758918,21.702,2.9714285714285715,0.5166666666666667,0.65,0.2980769230769231,0.8709677419354839,0.3942307692307692,-10,0.9807692307692307,9.782608695652174,41.66666666666667,2.4509803921568625,11.076323251417769,1.7777777777777777,21.195652173913043
21,F,164,66,14,73,100,35,28,55,34,24,95,38,20,28,25,26.3,24.538964901844146,1.7339742404853271,16.5,49.5,6.1347412254610365,18.404223676383108,0.73,0.4451219512195122,29.613951795306733,105.57140913713833,11.168299999999999,2.085714285714286,0.509090909090909,0.6181818181818182,0.3835616438356164,0.8571428571428571,0.5205479452054794,27,1.3013698630136987,8.536585365853659,39.84848484848485,1.593939393939394,9.778405710886378,2.0,20.73170731707317
26,M,173,71,19,101,89,39,33,58,38,27,79,39,24,35,26,30.7,23.722810651876106,1.84714494408112,18.46,52.54,6.167930769487787,17.554879882388317,1.1348314606741574,0.5838150289017341,21.11297514046462,144.64011320754088,20.5028,2.58974358974359,0.5689655172413793,0.6551724137931034,0.32673267326732675,0.8181818181818182,0.38613861386138615,-12,0.7821782178217822,10.982658959537572,43.239436619718305,1.6630552546045503,10.257609676233752,1.8421052631578947,21.965317919075144
56,M,180,75,19,87,111,38,32,57,39,30,103,43,21,38,25,31.4,23.148148148148145,1.9364916731037085,18.75,56.25,5.787037037037036,17.36111111111111,0.7837837837837838,0.48333333333333334,27.963619537495674,123.6512114202001,15.5412,2.289473684210526,0.5614035087719298,0.6842105263157895,0.367816091954023,0.9375,0.4942528735632184,24,1.1839080459770115,10.555555555555555,41.86666666666666,1.6746666666666665,9.691358024691358,2.0,21.666666666666668
63,M,178,69,19,82,94,43,33,52,38,34,100,35,23,29,12,25.2,21.777553339224845,1.847069751435139,8.28,60.72,2.613306400706981,19.164246938517863,0.8723404255319149,0.4606741573033708,21.582010542478073,120.8294532251148,13.5488,1.9069767441860466,0.6346153846153846,0.7307692307692307,0.4024390243902439,1.0303030303030303,0.4268292682926829,12,1.2195121951219512,10.674157303370785,36.52173913043478,3.0434782608695654,7.953541219542987,1.5263157894736843,21.34831460674157
41,M,186,96,18,81,100,41,32,55,36,26,85,41,24,38,24,40.0,27.748872702046476,2.227105745132009,23.04,72.96000000000001,6.659729448491154,21.089143253555324,0.81,0.43548387096774194,21.42126747885841,103.43782417184215,13.3747,1.975609756097561,0.5818181818181818,0.6545454545454545,0.3950617283950617,0.8125,0.5061728395061729,19,1.0493827160493827,9.67741935483871,41.66666666666667,1.7361111111111112,11.562030292519365,2.111111111111111,19.35483870967742
30,F,166,68,16,81,92,33,26,48,33,22,93,37,23,28,22,28.9,24.677021338365513,1.7707499980391235,14.96,53.04,5.428944694440413,19.2480766439251,0.8804347826086957,0.4879518072289157,25.015571304206404,116.1069210802771,13.206700000000001,2.4545454545454546,0.5416666666666666,0.6875,0.32098765432098764,0.8461538461538461,0.4567901234567901,11,1.1481481481481481,9.63855421686747,42.5,1.9318181818181817,10.487734068805342,1.75,19.879518072289155
32,M,188,72,19,77,96,38,33,53,41,32,100,40,22,33,13,32.5,20.37120869171571,1.9390719429665315,9.36,62.64,2.648257129923042,17.72295156179267,0.8020833333333334,0.4095744680851064,19.242125488824144,114.15025963946707,12.110700000000001,2.026315789473684,0.6226415094339622,0.7735849056603774,0.42857142857142855,0.9696969696969697,0.5194805194805194,19,1.2987012987012987,10.106382978723403,45.13888888888889,3.4722222222222223,9.195337256677231,1.736842105263158,21.808510638297875
50,M,160,57,17,90,85,39,27,53,40,29,79,42,22,32,21,26.1,22.265624999999996,1.591644851508443,11.969999999999999,45.03,4.675781249999998,17.589843749999996,1.0588235294117647,0.5625,23.99900017411128,138.33707062844988,16.2175,2.3076923076923075,0.5094339622641509,0.7547169811320755,0.3,1.0740740740740742,0.4666666666666667,-5,0.8777777777777778,10.625,45.78947368421053,2.1804511278195493,10.195312499999998,1.8823529411764706,25.0
30,M,175,85,19,88,89,38,31,58,39,28,101,44,25,34,25,39.1,27.755102040816325,2.032718486275078,21.25,63.75,6.938775510204081,20.816326530612244,0.9887640449438202,0.5028571428571429,20.444386397509966,115.84191697282688,15.488700000000001,2.3157894736842106,0.5344827586206896,0.6724137931034483,0.3522727272727273,0.9032258064516129,0.5,1,1.1477272727272727,10.857142857142858,46.0,1.84,12.76734693877551,1.7894736842105263,22.285714285714285
61,F,151,63,15,78,99,33,30,57,36,25,93,35,20,32,38,26.8,27.630367089162757,1.6255768207008858,23.94,39.06,10.499539493881848,17.13082759528091,0.7878787878787878,0.5165562913907285,35.354342661155485,110.78636261657412,12.476700000000001,2.3636363636363638,0.5263157894736842,0.631578947368421,0.38461538461538464,0.8333333333333334,0.44871794871794873,21,1.1923076923076923,9.933774834437086,42.53968253968254,1.1194653299916457,11.75387044427876,2.1333333333333333,23.841059602649008
32,M,178,104,19,97,104,34,31,53,41,29,92,46,25,38,40,42.8,32.82413836636788,2.26764684689266,41.6,62.4,13.129655346547153,19.69448301982073,0.9326923076923077,0.5449438202247191,25.79286272784808,116.42294150419268,18.8523,2.8529411764705883,0.5849056603773585,0.7735849056603774,0.31958762886597936,0.9354838709677419,0.4742268041237113,7,0.9484536082474226,10.674157303370785,41.15384615384615,1.0288461538461537,13.508395404620627,2.0,23.03370786516854
26,F,158,69,15,83,106,34,28,48,39,24,92,34,25,30,30,29.4,27.639801313892,1.7402107152104693,20.7,48.3,8.2919403941676,19.3478609197244,0.7830188679245284,0.5253164556962026,35.3728304573591,115.22735489626562,14.148299999999999,2.4411764705882355,0.5833333333333334,0.8125,0.3373493975903614,0.8571428571428571,0.40963855421686746,23,1.108433734939759,9.49367088607595,42.608695652173914,1.4202898550724639,11.776958820701807,2.0,24.68354430379747
42,F,162,61,16,62,120,32,28,47,36,27,82,38,21,27,40,26.0,23.243408017070564,1.6568041525780892,24.400000000000002,36.599999999999994,9.297363206828226,13.946044810242336,0.5166666666666667,0.38271604938271603,40.19808898654711,92.69531429674375,10.0428,1.9375,0.5957446808510638,0.7659574468085106,0.45161290322580644,0.9642857142857143,0.6129032258064516,58,1.3225806451612903,9.876543209876543,42.62295081967213,1.0655737704918031,9.907026367931715,1.6875,22.22222222222222
61,M,174,81,19,107,96,36,30,58,37,26,96,41,22,36,39,35.6,26.7538644470868,1.9786358937409378,31.59,49.41,10.434007134363853,16.31985731272295,1.1145833333333333,0.6149425287356322,23.82609895607743,143.87634429512767,22.9827,2.9722222222222223,0.5172413793103449,0.6379310344827587,0.2803738317757009,0.8666666666666667,0.38317757009345793,-11,0.897196261682243,10.919540229885058,43.95061728395062,1.1269389047166825,11.758488571806051,1.894736842105263,21.26436781609195
33,M,170,79,18,108,104,41,35,57,39,27,96,43,24,37,25,33.1,27.33564013840831,1.9314646141090848,19.75,59.25,6.833910034602077,20.50173010380623,1.0384615384615385,0.6352941176470588,28.92021108242737,145.3477029314466,23.3392,2.6341463414634148,0.6140350877192983,0.6842105263157895,0.32407407407407407,0.7714285714285715,0.39814814814814814,-4,0.8888888888888888,10.588235294117647,41.89873417721519,1.6759493670886076,11.453287197231836,2.0555555555555554,22.941176470588236
56,M,165,68,18,95,101,41,29,59,41,28,108,43,23,34,29,28.8,24.977043158861342,1.7654083569153813,19.72,48.28,7.243342516069789,17.733700642791554,0.9405940594059405,0.5757575757575758,29.653571733523535,135.76399938501987,18.075200000000002,2.317073170731707,0.4915254237288136,0.6949152542372882,0.30526315789473685,0.9655172413793104,0.45263157894736844,6,1.1368421052631579,10.909090909090908,42.35294117647059,1.4604462474645032,10.578512396694217,1.8888888888888888,24.848484848484848
25,F,159,59,16,63,103,32,29,47,35,23,106,36,22,31,37,25.1,23.337684427040067,1.6142593761020356,21.83,37.17,8.634943238004825,14.702741189035244,0.6116504854368932,0.39622641509433965,33.373781967904925,94.88260677446269,9.058,1.96875,0.6170212765957447,0.7446808510638298,0.4603174603174603,0.7931034482758621,0.5714285714285714,40,1.6825396825396826,10.062893081761008,42.54237288135593,1.1497938616582686,9.928404730825521,1.9375,22.0125786163522
25,M,175,80,19,115,95,37,27,65,38,29,93,45,23,37,32,33.6,26.122448979591837,1.9720265943665387,25.6,54.4,8.359183673469389,17.76326530612245,1.2105263157894737,0.6571428571428571,23.03614278385895,156.04338877441648,26.73,3.108108108108108,0.4153846153846154,0.5846153846153846,0.23478260869565218,1.0740740740740742,0.391304347826087,-20,0.808695652173913,10.857142857142858,42.00000000000001,1.3125,10.971428571428572,1.9473684210526316,21.714285714285715
54,M,169,58,18,86,97,38,32,57,37,26,102,45,24,35,18,24.3,20.307412205454995,1.6500841729371802,10.44,47.56,3.6553341969818987,16.652078008473097,0.8865979381443299,0.5088757396449705,26.151115157032315,134.6794421441925,14.876700000000001,2.263157894736842,0.5614035087719298,0.6491228070175439,0.37209302325581395,0.8125,0.5232558139534884,11,1.186046511627907,10.650887573964498,41.89655172413793,2.327586206896552,8.50810545849235,1.9444444444444444,21.893491124260358
53,F,167,74,16,90,103,34,28,49,35,23,85,36,23,29,37,33.6,26.533758829646096,1.8527756954844206,27.38,46.620000000000005,9.817490766969057,16.71626806267704,0.8737864077669902,0.5389221556886228,29.726822126356943,124.03903738675764,16.3183,2.6470588235294117,0.5714285714285714,0.7142857142857143,0.3111111111111111,0.8214285714285714,0.4,13,0.9444444444444444,9.580838323353294,45.40540540540541,1.227173119065011,12.047760765893363,1.8125,20.958083832335326
34,M,184,81,20,106,104,36,33,53,34,27,92,43,21,37,28,34.8,23.92485822306238,2.0346989949375804,22.680000000000003,58.31999999999999,6.6989603024574675,17.22589792060491,1.0192307692307692,0.5760869565217391,23.66837891334049,146.57023001249306,22.4748,2.9444444444444446,0.6226415094339622,0.6415094339622641,0.3113207547169811,0.8181818181818182,0.4056603773584906,-2,0.8679245283018868,10.869565217391305,42.96296296296296,1.534391534391534,10.27882797731569,1.85,18.478260869565215
31,M,180,86,17,72,88,38,37,51,37,26,103,47,24,38,29,35.6,26.54320987654321,2.073644135332772,24.939999999999998,61.06,7.69753086419753,18.845679012345677,0.8181818181818182,0.4,18.43962629999657,95.56371521909084,10.5472,1.894736842105263,0.7254901960784313,0.7254901960784313,0.5138888888888888,0.7027027027027027,0.6527777777777778,16,1.4305555555555556,9.444444444444445,41.395348837209305,1.4274258219727347,10.987654320987653,2.235294117647059,20.555555555555554
57,F,159,41,16,75,90,33,29,53,37,25,85,37,22,31,14,17.4,16.21771290692615,1.3456720749622968,5.74,35.26,2.270479806969661,13.947233099956486,0.8333333333333334,0.4716981132075472,26.889712399140222,135.50065646297463,11.4075,2.272727272727273,0.5471698113207547,0.6981132075471698,0.38666666666666666,0.8620689655172413,0.49333333333333335,15,1.1333333333333333,10.062893081761008,42.4390243902439,3.031358885017421,6.882639136110121,1.9375,23.270440251572328
56,M,173,55,19,97,114,37,29,58,47,30,106,48,24,36,13,24.6,18.376825152861773,1.625747691234884,7.15,47.85,2.3889872698720307,15.987837882989743,0.8508771929824561,0.5606936416184971,32.09976591025806,157.8290502583324,19.0203,2.6216216216216215,0.5,0.8103448275862069,0.29896907216494845,1.0344827586206897,0.4948453608247423,17,1.092783505154639,10.982658959537572,44.727272727272734,3.4405594405594404,8.219452704734538,1.894736842105263,27.167630057803464
21,F,166,56,15,70,97,34,29,50,36,22,86,36,23,33,30,24.5,20.322252866889244,1.6069294390925266,16.8,39.2,6.096675860066774,14.225577006822473,0.7216494845360825,0.42168674698795183,27.35337409247849,110.56853938710046,10.3103,2.0588235294117645,0.58,0.72,0.4142857142857143,0.7586206896551724,0.5142857142857142,27,1.2285714285714286,9.036144578313253,43.75,1.4583333333333333,8.890985629264044,2.2,21.686746987951807
36,F,166,78,16,75,90,30,26,50,36,23,86,36,21,34,33,32.2,28.305995064595734,1.8964879822099234,25.740000000000002,52.26,9.340978371316593,18.965016693279143,0.8333333333333334,0.45180722891566266,24.080450188897572,100.37868642607215,11.4075,2.5,0.52,0.72,0.3466666666666667,0.8846153846153846,0.48,15,1.1466666666666667,9.63855421686747,41.282051282051285,1.250971250971251,11.685295398461317,2.125,21.686746987951807
47,M,175,65,17,99,99,36,33,55,40,26,97,39,23,36,25,29.7,21.224489795918366,1.7775607506417952,16.25,48.75,5.3061224489795915,15.918367346938776,1.0,0.5657142857142857,24.763980374758276,149.0290876332006,19.602,2.75,0.6,0.7272727272727273,0.3333333333333333,0.7878787878787878,0.3939393939393939,0,0.9797979797979798,9.714285714285714,45.69230769230769,1.8276923076923077,9.697959183673468,2.1176470588235294,22.857142857142858
47,M,157,78,19,111,81,38,34,54,40,28,78,42,25,37,34,33.7,31.64428577224228,1.8443607745413224,26.520000000000003,51.48,10.759057162562376,20.885228609679903,1.3703703703703705,0.7070063694267515,23.175183211386873,144.47709666484602,25.272,2.9210526315789473,0.6296296296296297,0.7407407407407407,0.3063063063063063,0.8235294117647058,0.3783783783783784,-30,0.7027027027027027,12.101910828025478,43.205128205128204,1.2707390648567118,13.671954237494422,1.9473684210526316,25.477707006369428
22,F,170,83,17,70,94,34,28,48,34,25,96,36,23,33,39,36.7,28.719723183391007,1.9797586833865495,32.370000000000005,50.629999999999995,11.200692041522494,17.519031141868513,0.7446808510638298,0.4117647058823529,24.40865232450166,91.90877053413847,10.2032,2.0588235294117645,0.5833333333333334,0.7083333333333334,0.4,0.8928571428571429,0.5142857142857142,24,1.3714285714285714,10.0,44.216867469879524,1.1337658325610132,12.698961937716266,1.9411764705882353,20.0
49,F,169,54,15,75,91,31,26,52,35,28,94,36,21,30,29,24.0,18.906901018871892,1.592168332809066,15.659999999999998,38.34,5.483001295472848,13.423899723399044,0.8241758241758241,0.4437869822485207,23.420118343195263,121.72540770711514,11.429200000000002,2.4193548387096775,0.5,0.6730769230769231,0.3466666666666667,1.0769230769230769,0.48,16,1.2533333333333334,8.875739644970414,44.44444444444444,1.5325670498084292,8.403067119498617,2.0,20.710059171597635
26,M,172,80,19,94,87,40,35,63,39,30,108,42,24,36,27,31.4,27.041644131963228,1.9550504398153574,21.6,58.4,7.301243915630072,19.740400216333153,1.0804597701149425,0.5465116279069767,20.56795238062967,126.45051009814927,17.7063,2.35,0.5555555555555556,0.6190476190476191,0.3723404255319149,0.8571428571428571,0.44680851063829785,-7,1.148936170212766,11.046511627906977,39.24999999999999,1.4537037037037035,10.613845321795566,1.894736842105263,22.674418604651162
28,M,177,75,19,87,110,38,34,53,40,26,104,41,24,37,23,34.7,23.93948099205209,1.920286436967152,17.25,57.75,5.506080628171981,18.43340036388011,0.7909090909090909,0.4915254237288136,28.712465017124963,122.61645505771907,15.508299999999998,2.289473684210526,0.6415094339622641,0.7547169811320755,0.39080459770114945,0.7647058823529411,0.47126436781609193,23,1.1954022988505748,10.734463276836157,46.26666666666667,2.011594202898551,11.075999872322768,1.9473684210526316,22.598870056497177
65,M,182,97,17,93,105,41,35,55,38,27,95,37,24,34,32,43.3,29.283902910276534,2.214472598360361,31.04,65.96000000000001,9.37084893128849,19.913053978988046,0.8857142857142857,0.510989010989011,24.764383653525066,116.87087013005593,17.398799999999998,2.268292682926829,0.6363636363636364,0.6909090909090909,0.3763440860215054,0.7714285714285715,0.3978494623655914,12,1.021505376344086,9.340659340659341,44.63917525773196,1.3949742268041236,13.072092742422411,2.0,20.87912087912088
23,M,174,63,18,72,99,42,31,51,42,26,100,44,25,33,12,27.2,20.808561236623067,1.7449928366615148,7.56,55.44,2.497027348394768,18.311533888228297,0.7272727272727273,0.41379310344827586,25.13316454845485,109.77674463925649,10.8783,1.7142857142857142,0.6078431372549019,0.8235294117647058,0.4305555555555556,0.8387096774193549,0.6111111111111112,27,1.3888888888888888,10.344827586206897,43.17460317460317,3.597883597883598,8.984013740256309,1.8333333333333333,24.137931034482758
37,F,165,77,15,72,91,35,30,58,34,26,103,38,20,31,36,30.8,28.282828282828287,1.8786076404259264,27.72,49.28,10.181818181818182,18.101010101010104,0.7912087912087912,0.43636363636363634,24.935396314362784,96.69468612701061,10.620700000000001,2.057142857142857,0.5172413793103449,0.5862068965517241,0.4166666666666667,0.8666666666666667,0.5277777777777778,19,1.4305555555555556,9.090909090909092,40.0,1.1111111111111112,11.313131313131315,2.066666666666667,20.606060606060606
36,M,177,72,19,80,89,39,29,44,39,28,93,36,25,35,21,28.0,22.981901752370007,1.8814887722226779,15.12,56.88,4.8261993679977016,18.155702384372308,0.898876404494382,0.4519774011299435,19.79463078658292,115.07576588517908,12.8567,2.051282051282051,0.6590909090909091,0.8863636363636364,0.3625,0.9655172413793104,0.45,9,1.1625,10.734463276836157,38.88888888888889,1.8518518518518519,8.93740623703278,1.8421052631578947,22.033898305084744
34,M,172,87,18,104,102,40,34,53,39,27,100,45,23,32,30,40.7,29.40778799351001,2.0387904911164036,26.099999999999998,60.900000000000006,8.822336398053002,20.58545159545701,1.0196078431372548,0.6046511627906976,27.217599342807198,134.1564132085454,21.6348,2.6,0.6415094339622641,0.7358490566037735,0.3269230769230769,0.7941176470588235,0.4326923076923077,-2,0.9615384615384616,10.465116279069768,46.781609195402304,1.559386973180077,13.757436452136293,1.7777777777777777,22.674418604651162
37,F,170,80,15,91,82,34,25,47,38,23,94,35,21,30,29,33.2,27.68166089965398,1.9436506316151,23.2,56.8,8.027681660899654,19.653979238754328,1.1097560975609757,0.5352941176470588,18.99478181499081,121.70106019057852,16.6187,2.676470588235294,0.5319148936170213,0.8085106382978723,0.27472527472527475,0.92,0.38461538461538464,-9,1.032967032967033,8.823529411764707,41.5,1.4310344827586208,11.487889273356403,2.0,22.35294117647059
27,F,165,90,15,75,97,32,25,51,36,23,96,35,22,30,45,35.9,33.057851239669425,2.03100960115899,40.5,49.5,14.876033057851242,18.181818181818183,0.7731958762886598,0.45454545454545453,27.766301565859237,93.16557803481605,11.588799999999999,2.34375,0.49019607843137253,0.7058823529411765,0.3333333333333333,0.92,0.4666666666666667,22,1.28,9.090909090909092,39.888888888888886,0.8864197530864197,13.186409550045914,2.0,21.818181818181817
25,M,167,56,18,84,96,39,30,63,37,29,101,45,22,34,20,23.0,20.07960127648894,1.611762320498211,11.200000000000001,44.8,4.015920255297788,16.06368102119115,0.875,0.5029940119760479,26.483251690585114,133.08129251820088,14.2128,2.1538461538461537,0.47619047619047616,0.5873015873015873,0.35714285714285715,0.9666666666666667,0.5357142857142857,12,1.2023809523809523,10.778443113772456,41.07142857142857,2.0535714285714284,8.246979095700814,1.8888888888888888,22.15568862275449
59,F,156,60,15,86,124,31,32,60,35,23,87,35,22,29,31,24.8,24.654832347140037,1.61245154965971,18.6,41.4,7.642998027613412,17.011834319526624,0.6935483870967742,0.5512820512820513,45.64067651227821,127.2209479548028,15.8028,2.774193548387097,0.5333333333333333,0.5833333333333334,0.37209302325581395,0.71875,0.4069767441860465,38,1.0116279069767442,9.615384615384617,41.333333333333336,1.3333333333333333,10.190664036817882,1.9333333333333333,22.435897435897438
47,F,169,80,15,86,102,36,31,54,36,26,100,36,22,28,40,29.4,28.01022373166206,1.9379255804998177,32.0,48.0,11.204089492664824,16.806134238997235,0.8431372549019608,0.5088757396449705,28.42694583522986,114.67541279104427,14.971200000000001,2.388888888888889,0.5740740740740741,0.6666666666666666,0.36046511627906974,0.8387096774193549,0.4186046511627907,16,1.1627906976744187,8.875739644970414,36.75,0.91875,10.293757221385807,1.8666666666666667,21.301775147928996
40,F,173,71,16,70,101,36,28,52,34,28,95,37,20,32,30,30.8,23.722810651876106,1.84714494408112,21.3,49.7,7.116843195562832,16.605967456313277,0.693069306930693,0.4046242774566474,26.38663470996547,100.24562301512734,10.472700000000001,1.9444444444444444,0.5384615384615384,0.6538461538461539,0.4,1.0,0.5285714285714286,31,1.3571428571428572,9.248554913294797,43.38028169014085,1.4460093896713615,10.291022085602593,2.0,19.653179190751445
51,F,170,87,16,82,104,32,32,52,41,26,84,41,22,30,40,30.9,30.103806228373706,2.0269023985711137,34.800000000000004,52.199999999999996,12.041522491349484,18.062283737024224,0.7884615384615384,0.4823529411764706,28.92021108242737,105.16039018211407,13.7868,2.5625,0.6153846153846154,0.7884615384615384,0.3902439024390244,0.8125,0.5,22,1.024390243902439,9.411764705882353,35.51724137931034,0.8879310344827585,10.69204152249135,1.875,24.11764705882353
56,F,165,64,16,85,95,34,30,48,38,25,86,35,21,30,30,27.7,23.507805325987146,1.7126976771553504,19.2,44.8,7.0523415977961434,16.455463728191003,0.8947368421052632,0.5151515151515151,26.82266648202709,125.2115560993734,14.52,2.5,0.625,0.7916666666666666,0.35294117647058826,0.8333333333333334,0.4117647058823529,10,1.011764705882353,9.696969696969697,43.28125,1.4427083333333333,10.174471992653812,1.875,23.03030303030303
40,M,183,75,18,91,108,41,28,62,35,29,99,37,25,36,20,29.6,22.395413419331717,1.9525624189766635,15.0,60.0,4.479082683866344,17.916330735465376,0.8425925925925926,0.4972677595628415,25.62617336781085,130.40967348761572,16.7643,2.2195121951219514,0.45161290322580644,0.5645161290322581,0.3076923076923077,1.0357142857142858,0.4065934065934066,17,1.0879120879120878,9.836065573770492,39.46666666666667,1.9733333333333334,8.838723162829584,2.0,19.12568306010929
56,F,166,71,16,64,98,32,32,48,33,24,94,41,20,33,30,32.7,25.76571345623458,1.8093890927296121,21.3,49.7,7.729714036870374,18.035999419364206,0.6530612244897959,0.3855421686746988,27.820934650132905,89.77974048432239,9.0012,2.0,0.6666666666666666,0.6875,0.5,0.75,0.640625,34,1.46875,9.63855421686747,46.05633802816902,1.535211267605634,11.866744084772828,2.0625,19.879518072289155
21,F,159,64,15,91,106,32,27,51,37,25,81,35,22,30,45,25.7,25.315454293738377,1.6812693617224654,28.8,35.2,11.39195443218227,13.92349986155611,0.8584905660377359,0.5723270440251572,34.87010571454293,131.5901765338971,16.7195,2.84375,0.5294117647058824,0.7254901960784313,0.2967032967032967,0.9259259259259259,0.38461538461538464,15,0.8901098901098901,9.433962264150944,40.15625,0.892361111111111,10.165737114829318,2.0,23.270440251572328
60,F,150,40,16,86,100,33,26,54,38,25,89,36,21,29,10,19.9,17.77777777777778,1.2909944487358056,4.0,36.0,1.7777777777777777,16.0,0.86,0.5733333333333334,36.433105395181734,152.78741641001736,14.929200000000002,2.606060606060606,0.48148148148148145,0.7037037037037037,0.3023255813953488,0.9615384615384616,0.4186046511627907,14,1.0348837209302326,10.666666666666668,49.74999999999999,4.975,8.844444444444443,1.8125,25.333333333333336
53,M,180,92,17,82,89,40,35,60,40,26,100,36,25,37,25,34.2,28.39506172839506,2.1447610589527217,23.0,69.0,7.098765432098765,21.296296296296294,0.9213483146067416,0.45555555555555555,18.85371296249653,105.2276068014299,13.482299999999999,2.05,0.5833333333333334,0.6666666666666666,0.4268292682926829,0.7428571428571429,0.43902439024390244,7,1.2195121951219512,9.444444444444445,37.173913043478265,1.4869565217391305,10.555555555555555,2.176470588235294,22.22222222222222
60,F,162,68,15,94,103,35,32,55,34,23,102,37,21,29,38,27.8,25.910684346898332,1.7492855684535902,25.84,42.16,9.846060051821366,16.064624295076964,0.912621359223301,0.5802469135802469,31.95335971345294,133.10807617482797,17.7287,2.6857142857142855,0.5818181818181818,0.6181818181818182,0.3404255319148936,0.71875,0.39361702127659576,9,1.0851063829787233,9.25925925925926,40.88235294117647,1.0758513931888545,10.592897424173142,1.9333333333333333,20.98765432098765
26,M,177,55,18,91,99,40,31,48,35,27,111,39,22,37,17,23.8,17.555619394171533,1.6444350600332829,9.350000000000001,45.65,2.984455297009161,14.571164097162372,0.9191919191919192,0.5141242937853108,24.041218515412467,149.76839746091284,16.6068,2.275,0.6458333333333334,0.7291666666666666,0.34065934065934067,0.8709677419354839,0.42857142857142855,8,1.2197802197802199,10.16949152542373,43.27272727272727,2.545454545454545,7.596795301477863,2.0555555555555554,19.774011299435028
29,F,166,67,17,69,91,33,30,48,36,25,90,35,21,27,33,27.6,24.31412396574249,1.7576815537646302,22.11,44.89,8.023660908695021,16.290463057047468,0.7582417582417582,0.41566265060240964,24.548010746551988,99.64126567965998,9.8608,2.090909090909091,0.625,0.75,0.43478260869565216,0.8333333333333334,0.5072463768115942,22,1.3043478260869565,10.240963855421686,41.194029850746276,1.2483039348710991,10.015967484395414,1.588235294117647,21.686746987951807
61,F,158,53,15,91,104,33,29,52,35,25,86,36,21,31,17,20.0,21.230572023714146,1.525159372364446,9.01,43.99,3.6091972440314044,17.621374779682743,0.875,0.5759493670886076,34.3657959204278,144.14696508758655,16.6803,2.757575757575758,0.5576923076923077,0.6730769230769231,0.31868131868131866,0.8620689655172413,0.3956043956043956,13,0.945054945054945,9.49367088607595,37.735849056603776,2.2197558268590454,8.011536612722319,2.066666666666667,22.151898734177212
37,F,156,54,16,76,105,36,28,49,41,25,81,33,23,30,32,22.0,22.189349112426033,1.5297058540778354,17.28,36.72,7.100591715976331,15.088757396449703,0.7238095238095238,0.48717948717948717,35.88928253055816,118.50932202845617,12.1407,2.111111111111111,0.5714285714285714,0.8367346938775511,0.3684210526315789,0.8928571428571429,0.4342105263157895,29,1.0657894736842106,10.256410256410255,40.74074074074074,1.2731481481481481,9.040105193951346,1.875,26.282051282051285
64,M,175,83,17,83,103,40,30,65,39,26,95,39,23,31,30,35.2,27.102040816326532,2.008661798865658,24.9,58.1,8.130612244897959,18.97142857142857,0.8058252427184466,0.4742857142857143,26.491817965657603,110.56853938710044,14.058,2.075,0.46153846153846156,0.6,0.3614457831325301,0.8666666666666667,0.46987951807228917,20,1.144578313253012,9.714285714285714,42.40963855421687,1.4136546184738958,11.49387755102041,1.8235294117647058,22.285714285714285
18,M,180,60,17,90,111,36,29,63,40,28,92,42,24,38,8,25.9,18.51851851851852,1.7320508075688772,4.8,55.2,1.4814814814814814,17.037037037037038,0.8108108108108109,0.5,27.963619537495674,143.0133694322926,16.5087,2.5,0.4603174603174603,0.6349206349206349,0.32222222222222224,0.9655172413793104,0.4666666666666667,21,1.0222222222222221,9.444444444444445,43.166666666666664,5.395833333333333,7.993827160493826,2.235294117647059,22.22222222222222
63,M,177,105,16,122,92,39,35,51,35,32,106,41,22,34,41,42.2,33.51527338887293,2.2721135535003527,43.05,61.95,13.7412620894379,19.774011299435028,1.326086956521739,0.6892655367231638,21.068607105231784,145.3199756367198,30.398,3.128205128205128,0.6862745098039216,0.6862745098039216,0.28688524590163933,0.9142857142857143,0.3360655737704918,-30,0.8688524590163934,9.03954802259887,40.19047619047619,0.9802555168408829,13.469947971527978,2.125,19.774011299435028
34,F,162,51,17,83,89,32,29,51,34,24,86,39,23,28,23,20.7,19.43301326017375,1.5149257407543117,11.73,39.269999999999996,4.469593049839963,14.963420210333787,0.9325842696629213,0.5123456790123457,25.16358266502244,135.71380084469277,13.8032,2.59375,0.5686274509803921,0.6666666666666666,0.3493975903614458,0.8275862068965517,0.46987951807228917,6,1.036144578313253,10.493827160493826,40.588235294117645,1.7647058823529411,7.887517146776404,1.6470588235294117,20.98765432098765
27,F,157,65,15,85,107,32,26,53,36,26,98,39,22,30,40,28.2,26.370238143535232,1.6836633339899703,26.0,39.0,10.548095257414094,15.82214288612114,0.794392523364486,0.5414012738853503,36.39190868664686,121.19524351939096,14.788799999999998,2.65625,0.49056603773584906,0.6792452830188679,0.3058823529411765,1.0,0.4588235294117647,22,1.1529411764705881,9.554140127388536,43.38461538461538,1.0846153846153845,11.440626394579901,2.0,22.929936305732486
33,F,165,67,16,84,100,35,29,56,40,21,102,37,21,34,35,28.8,24.609733700642796,1.7523793348853818,23.45,43.55,8.613406795224977,15.996326905417815,0.84,0.509090909090909,29.18175419160746,120.93648976889394,14.2912,2.4,0.5178571428571429,0.7142857142857143,0.34523809523809523,0.7241379310344828,0.44047619047619047,16,1.2142857142857142,9.696969696969697,42.98507462686567,1.2281449893390193,10.578512396694217,2.125,24.242424242424242
40,F,170,89,15,91,101,33,30,47,35,24,87,37,19,32,40,37.3,30.795847750865054,2.0500677495579938,35.6,53.4,12.318339100346023,18.477508650519034,0.900990099009901,0.5352941176470588,27.56674345504966,115.38367088533808,16.632,2.757575757575758,0.6382978723404256,0.7446808510638298,0.32967032967032966,0.8,0.4065934065934066,10,0.9560439560439561,8.823529411764707,41.91011235955056,1.047752808988764,12.906574394463668,2.1333333333333333,20.588235294117645
26,M,188,70,19,69,96,37,31,55,37,27,92,45,22,34,12,31.2,19.805341783612494,1.911950719959998,8.4,61.6,2.3766410140334995,17.428700769578995,0.71875,0.3670212765957447,19.242125488824144,103.74149384841931,10.0323,1.864864864864865,0.5636363636363636,0.6727272727272727,0.4492753623188406,0.8709677419354839,0.6521739130434783,27,1.3333333333333333,10.106382978723403,44.57142857142857,3.714285714285714,8.82752376641014,1.7894736842105263,19.680851063829788
51,M,177,115,17,101,104,40,32,54,39,29,101,38,26,37,44,44.4,36.707204187813204,2.3778491681910077,50.6,64.4,16.15116984263781,20.556034345175398,0.9711538461538461,0.5706214689265536,26.164512379827237,114.95625017341449,20.4083,2.525,0.5925925925925926,0.7222222222222222,0.31683168316831684,0.90625,0.37623762376237624,3,1.0,9.6045197740113,38.608695652173914,0.8774703557312252,14.172172747294837,2.176470588235294,22.033898305084744
19,M,167,77,19,85,106,43,33,61,40,27,103,42,25,35,29,29.0,27.60945175517229,1.8899588472885975,22.33,54.67,8.006741008999963,19.602710746172328,0.8018867924528302,0.5089820359281437,31.116923741687728,114.84320411261584,14.758700000000001,1.9767441860465116,0.5409836065573771,0.6557377049180327,0.38823529411764707,0.8181818181818182,0.49411764705882355,21,1.2117647058823529,11.377245508982035,37.66233766233766,1.2987012987012987,10.398364946753201,1.8421052631578947,23.952095808383234
51,M,178,90,18,84,102,35,27,61,42,28,103,42,23,34,24,41.8,28.40550435551067,2.1095023109728985,21.599999999999998,68.4,6.81732104532256,21.588183310188107,0.8235294117647058,0.47191011235955055,24.95069229077408,108.37810038025901,14.338799999999999,2.4,0.4426229508196721,0.6885245901639344,0.32142857142857145,1.037037037037037,0.5,18,1.2261904761904763,10.112359550561797,46.44444444444444,1.9351851851851853,13.192778689559399,1.8888888888888888,23.595505617977526
32,F,169,78,15,61,100,31,31,53,33,25,94,38,24,31,43,37.6,27.309968138370508,1.9135481877043667,33.54,44.46,11.743286299499319,15.56668183887119,0.61,0.3609467455621302,27.51661356395084,82.37575119969398,8.5067,1.967741935483871,0.5849056603773585,0.6226415094339622,0.5081967213114754,0.8064516129032258,0.6229508196721312,39,1.540983606557377,8.875739644970414,48.205128205128204,1.1210494931425166,13.164805153881169,2.066666666666667,19.526627218934912
64,M,175,80,17,106,95,40,34,54,32,26,108,41,25,34,22,29.8,26.122448979591837,1.9720265943665387,17.6,62.4,5.746938775510205,20.375510204081632,1.1157894736842104,0.6057142857142858,23.03614278385895,143.83129747902737,22.5567,2.65,0.6296296296296297,0.5925925925925926,0.32075471698113206,0.7647058823529411,0.3867924528301887,-11,1.0188679245283019,9.714285714285714,37.25,1.6931818181818181,9.730612244897959,2.0,18.285714285714285
44,M,179,89,18,95,102,36,32,55,36,32,92,40,25,34,31,34.7,27.776910832995224,2.103634421133524,27.59,61.41,8.61084235822852,19.166068474766703,0.9313725490196079,0.5307262569832403,24.59127344173043,123.60288836677753,18.0843,2.638888888888889,0.5818181818181818,0.6545454545454545,0.3368421052631579,1.0,0.42105263157894735,7,0.968421052631579,10.05586592178771,38.98876404494382,1.2577020659659297,10.829874223650949,1.8888888888888888,20.11173184357542
52,F,157,45,17,59,106,34,27,51,36,25,97,33,21,32,15,20.4,18.25631871475516,1.40089257261219,6.75,38.25,2.7384478072132743,15.517870907541887,0.5566037735849056,0.37579617834394907,35.883573091444546,101.10417343623145,8.508299999999998,1.7352941176470589,0.5294117647058824,0.7058823529411765,0.4576271186440678,0.9259259259259259,0.559322033898305,47,1.6440677966101696,10.828025477707007,45.33333333333333,3.022222222222222,8.276197817355673,1.8823529411764706,22.929936305732486
47,F,168,54,15,79,102,37,27,52,35,25,86,35,24,33,26,23.2,19.13265306122449,1.5874507866387544,14.040000000000001,39.96,4.974489795918369,14.158163265306126,0.7745098039215687,0.47023809523809523,28.842088381349335,127.83752512177533,12.8523,2.135135135135135,0.5192307692307693,0.6730769230769231,0.34177215189873417,0.9259259259259259,0.4430379746835443,23,1.0886075949367089,8.928571428571429,42.96296296296296,1.6524216524216522,8.219954648526079,2.2,20.833333333333336
35,M,176,78,17,74,102,39,34,54,33,28,85,48,22,39,23,34.5,25.180785123966942,1.952775802116908,17.94,60.06,5.791580578512398,19.389204545454547,0.7254901960784313,0.42045454545454547,25.684882310982793,101.97982311690274,11.5008,1.8974358974358974,0.6296296296296297,0.6111111111111112,0.4594594594594595,0.8235294117647058,0.6486486486486487,28,1.1486486486486487,9.659090909090908,44.230769230769226,1.923076923076923,11.137654958677686,2.2941176470588234,18.75
40,M,187,93,18,90,105,36,33,59,35,31,97,42,23,33,27,41.4,26.59498412879979,2.1979156793046757,25.110000000000003,67.89,7.180645714775944,19.414338414023845,0.8571428571428571,0.48128342245989303,23.06075108735225,117.08340404700847,16.3575,2.5,0.559322033898305,0.5932203389830508,0.36666666666666664,0.9393939393939394,0.4666666666666667,15,1.0777777777777777,9.62566844919786,44.516129032258064,1.6487455197132614,11.839057450885067,1.8333333333333333,18.71657754010695
57,F,155,45,16,56,105,35,27,54,33,25,82,38,23,30,26,18.6,18.730489073881373,1.3919410907075054,11.700000000000001,33.3,4.869927159209157,13.860561914672214,0.5333333333333333,0.36129032258064514,36.41163195791121,95.35009306375574,7.9527,1.6,0.5,0.6111111111111112,0.48214285714285715,0.9259259259259259,0.6785714285714286,49,1.4642857142857142,10.32258064516129,41.333333333333336,1.5897435897435896,7.741935483870967,1.875,21.29032258064516
28,M,169,68,18,83,109,39,31,60,39,32,106,40,27,37,28,30.6,23.80869017191275,1.7866791044343195,19.040000000000003,48.959999999999994,6.666433248135571,17.14225692377718,0.7614678899082569,0.4911242603550296,31.61310878470642,120.04400890559782,14.2512,2.128205128205128,0.5166666666666667,0.65,0.37349397590361444,1.032258064516129,0.4819277108433735,26,1.2771084337349397,10.650887573964498,45.0,1.607142857142857,10.713910577360739,2.0555555555555554,23.076923076923077
57,M,185,94,20,108,110,40,31,57,39,29,110,41,21,32,35,35.5,27.465303140978815,2.1978524872146346,32.9,61.1,9.612856099342585,17.85244704163623,0.9818181818181818,0.5837837837837838,25.715464016388566,139.00140656988907,23.3308,2.7,0.543859649122807,0.6842105263157895,0.28703703703703703,0.9354838709677419,0.37962962962962965,2,1.0185185185185186,10.81081081081081,37.765957446808514,1.0790273556231003,10.37253469685902,1.6,21.08108108108108
22,M,184,104,18,92,89,39,30,57,39,26,106,40,25,34,36,45.1,30.718336483931946,2.305548862105411,37.44,66.56,11.0586011342155,19.659735349716446,1.0337078651685394,0.5,17.658516570070226,112.26737578353801,16.9343,2.358974358974359,0.5263157894736842,0.6842105263157895,0.32608695652173914,0.8666666666666667,0.43478260869565216,-3,1.1521739130434783,9.782608695652174,43.36538461538461,1.2045940170940173,13.321124763705104,1.8888888888888888,21.195652173913043
60,M,166,88,17,100,95,44,31,51,38,28,101,40,26,32,32,34.8,31.934968790825955,2.014392657298417,28.16,59.84,10.219190013064306,21.715778777761653,1.0526315789473684,0.6024096385542169,26.418252977169658,126.0045448685415,20.0175,2.272727272727273,0.6078431372549019,0.7450980392156863,0.31,0.9032258064516129,0.4,-5,1.01,10.240963855421686,39.54545454545455,1.2357954545454544,12.628828567281172,1.8823529411764706,22.89156626506024
57,M,179,89,18,116,106,35,37,57,38,29,94,41,26,36,32,39.8,27.776910832995224,2.103634421133524,28.48,60.519999999999996,8.888611466558473,18.88829936643675,1.0943396226415094,0.6480446927374302,26.26151945905319,150.92563211101256,26.982,3.3142857142857145,0.6491228070175439,0.6666666666666666,0.31896551724137934,0.7837837837837838,0.35344827586206895,-10,0.8103448275862069,10.05586592178771,44.7191011235955,1.3974719101123594,12.421584844418089,2.0,21.22905027932961
29,F,165,57,15,75,101,30,29,54,37,27,84,35,20,26,27,26.2,20.936639118457304,1.6163229875244614,15.39,41.61,5.652892561983472,15.283746556473831,0.7425742574257426,0.45454545454545453,29.653571733523535,117.06829943441295,11.7232,2.5,0.5370370370370371,0.6851851851851852,0.38666666666666666,0.9310344827586207,0.4666666666666667,26,1.12,9.090909090909092,45.96491228070175,1.7024041585445093,9.623507805325987,1.7333333333333334,22.424242424242426
24,F,165,68,16,95,95,33,29,53,35,23,100,36,21,31,33,28.2,24.977043158861342,1.7654083569153813,22.44,45.56,8.242424242424244,16.7346189164371,1.0,0.5757575757575758,26.82266648202709,135.76399938501987,18.05,2.878787878787879,0.5471698113207547,0.660377358490566,0.30526315789473685,0.7931034482758621,0.37894736842105264,0,1.0526315789473684,9.696969696969697,41.470588235294116,1.2566844919786095,10.358126721763087,1.9375,21.21212121212121
38,F,168,61,14,55,111,33,31,55,36,23,91,32,23,28,19,28.1,21.612811791383223,1.687206764645835,11.59,49.41,4.1064342403628125,17.50637755102041,0.4954954954954955,0.3273809523809524,32.975213826762506,83.73864225193647,8.2452,1.6666666666666667,0.5636363636363636,0.6545454545454545,0.5636363636363636,0.7419354838709677,0.5818181818181818,56,1.6545454545454545,8.333333333333332,46.06557377049181,2.4245038826574636,9.956065759637191,2.0,21.428571428571427
24,M,174,80,19,90,97,37,36,57,39,31,97,43,23,38,23,31.9,26.42356982428326,1.96638416050035,18.400000000000002,61.599999999999994,6.07742105958515,20.346148764698107,0.9278350515463918,0.5172413793103449,24.261787486869906,121.771496177774,16.234299999999998,2.4324324324324325,0.631578947368421,0.6842105263157895,0.4,0.8611111111111112,0.4777777777777778,7,1.0777777777777777,10.919540229885058,39.875,1.7336956521739129,10.53639846743295,2.0,22.413793103448278
29,M,181,119,18,103,91,36,34,59,42,29,114,36,23,36,44,52.5,36.32367754342053,2.4460285271344557,52.36,66.64,15.982418119105033,20.341259424315496,1.1318681318681318,0.569060773480663,19.370037187012223,116.54040781505618,21.3188,2.861111111111111,0.576271186440678,0.711864406779661,0.3300970873786408,0.8529411764705882,0.34951456310679613,-12,1.1067961165048543,9.94475138121547,44.11764705882353,1.0026737967914439,16.02515185739141,2.0,23.204419889502763
46,F,157,57,15,58,98,34,28,52,36,25,86,36,22,30,30,22.4,23.124670372023203,1.5766525721709692,17.099999999999998,39.900000000000006,6.9374011116069605,16.187269260416247,0.5918367346938775,0.36942675159235666,31.816888329826092,88.31081524472836,7.848,1.7058823529411764,0.5384615384615384,0.6923076923076923,0.4827586206896552,0.8928571428571429,0.6206896551724138,40,1.4827586206896552,9.554140127388536,39.29824561403509,1.3099415204678364,9.08758976023368,2.0,22.929936305732486
32,F,156,49,15,100,112,34,29,54,37,27,90,38,22,34,29,22.2,20.134779750164363,1.457166199626293,14.209999999999999,34.79,5.839086127547665,14.295693622616698,0.8928571428571429,0.6410256410256411,39.48190136592871,163.69588462381122,20.1008,2.9411764705882355,0.5370370370370371,0.6851851851851852,0.29,0.9310344827586207,0.38,12,0.9,9.615384615384617,45.30612244897959,1.5622800844475722,9.122287968441814,2.2666666666666666,23.717948717948715
50,F,156,56,15,86,89,33,29,51,37,25,96,34,21,34,38,23.7,23.011176857330703,1.5577761927397231,21.28,34.72,8.744247205785667,14.266929651545034,0.9662921348314607,0.5512820512820513,27.67758233542549,131.6861919157433,14.7983,2.606060606060606,0.5686274509803921,0.7254901960784313,0.3372093023255814,0.8620689655172413,0.3953488372093023,3,1.1162790697674418,9.615384615384617,42.32142857142857,1.113721804511278,9.738658777120314,2.2666666666666666,23.717948717948715
61,F,162,40,15,57,92,37,26,55,35,26,84,39,20,30,25,14.5,15.241579027587255,1.3416407864998738,10.0,30.0,3.8103947568968137,11.43118427069044,0.6195652173913043,0.35185185185185186,26.618534889686117,105.23879563829284,7.3555,1.5405405405405406,0.4727272727272727,0.6363636363636364,0.45614035087719296,1.0,0.6842105263157895,35,1.4736842105263157,9.25925925925926,36.25,1.45,5.52507239750038,2.0,21.604938271604937
57,F,161,49,15,61,99,34,31,54,33,25,85,34,21,28,25,21.3,18.90359168241966,1.4803340463857775,12.25,36.75,4.725897920604915,14.177693761814743,0.6161616161616161,0.37888198757763975,30.46144734016829,101.44210091316131,8.4528,1.7941176470588236,0.5740740740740741,0.6111111111111112,0.5081967213114754,0.8064516129032258,0.5573770491803278,38,1.3934426229508197,9.316770186335404,43.46938775510204,1.7387755102040816,8.21727556807222,1.8666666666666667,20.496894409937887
61,F,169,53,15,97,99,32,30,56,34,24,84,36,22,31,32,23.5,18.556773222226116,1.5773571426774455,16.96,36.04,5.938167431112357,12.618605791113758,0.9797979797979798,0.5739644970414202,27.061447428311332,158.9097900360522,18.8208,3.03125,0.5357142857142857,0.6071428571428571,0.30927835051546393,0.8,0.3711340206185567,2,0.865979381443299,8.875739644970414,44.339622641509436,1.3856132075471697,8.22800322117573,2.066666666666667,20.118343195266274
35,F,173,54,14,83,102,34,28,56,36,27,91,37,22,34,24,24.2,18.042701059173375,1.6109003693587012,12.959999999999999,41.04,4.33024825420161,13.712452804971766,0.8137254901960784,0.4797687861271676,26.826106340757207,136.29432278977796,14.030700000000001,2.4411764705882355,0.5,0.6428571428571429,0.3373493975903614,0.9642857142857143,0.4457831325301205,19,1.0963855421686748,8.092485549132949,44.81481481481481,1.867283950617284,8.08580306725918,2.4285714285714284,20.809248554913296
57,F,161,60,15,80,88,34,29,50,37,23,80,33,23,30,23,22.9,23.147255121330193,1.6380883167074152,13.8,46.2,5.323868677905945,17.82338644342425,0.9090909090909091,0.4968944099378882,25.076842080149596,120.2266654464158,12.8448,2.3529411764705883,0.58,0.74,0.3625,0.7931034482758621,0.4125,8,1.0,9.316770186335404,38.166666666666664,1.6594202898550723,8.834535704641024,2.0,22.981366459627328
44,M,188,96,18,99,98,38,33,50,42,27,103,38,21,32,31,40.6,27.16161158895428,2.2390474164995555,29.759999999999998,66.24000000000001,8.420099592575825,18.741511996378456,1.010204081632653,0.526595744680851,20.01800310317465,127.10188889533025,19.602700000000002,2.6052631578947367,0.66,0.84,0.3333333333333333,0.8181818181818182,0.3838383838383838,-1,1.0404040404040404,9.574468085106384,42.291666666666664,1.3642473118279572,11.487098234495248,1.7777777777777777,22.340425531914892
61,M,178,81,18,89,102,38,30,60,35,30,97,43,25,37,21,26.9,25.5649539199596,2.00124960961895,17.009999999999998,63.99,5.368640323191515,20.196313596768086,0.8725490196078431,0.5,24.95069229077408,121.04058121378631,15.9603,2.3421052631578947,0.5,0.5833333333333334,0.33707865168539325,1.0,0.48314606741573035,13,1.0898876404494382,10.112359550561797,33.20987654320987,1.5814226925338037,8.490089635147077,2.0555555555555554,19.662921348314608
28,M,172,97,17,109,102,37,33,54,38,28,105,43,24,39,41,40.0,32.787993510005414,2.1527759856623363,39.769999999999996,57.230000000000004,13.443077339102217,19.344916170903193,1.0686274509803921,0.6337209302325582,27.217599342807198,133.16140117498986,23.7963,2.945945945945946,0.6111111111111112,0.7037037037037037,0.30275229357798167,0.8484848484848485,0.3944954128440367,-7,0.963302752293578,9.883720930232558,41.23711340206185,1.0057832537088258,13.520822065981614,2.2941176470588234,22.093023255813954
24,F,159,50,16,88,102,33,31,51,39,28,79,37,21,29,28,21.8,19.77769866698311,1.4860462083439174,14.000000000000002,36.0,5.5377556267552706,14.239943040227837,0.8627450980392157,0.5534591194968553,32.87500738569226,143.96924734047494,15.625200000000001,2.6666666666666665,0.6078431372549019,0.7647058823529411,0.3522727272727273,0.9032258064516129,0.42045454545454547,14,0.8977272727272727,10.062893081761008,43.6,1.557142857142857,8.623076618804635,1.8125,24.528301886792452
65,M,184,78,18,80,101,36,29,56,39,26,98,37,23,33,15,34.2,23.03875236294896,1.9966638842495916,11.7,66.3,3.455812854442344,19.582939508506616,0.7920792079207921,0.43478260869565216,22.46640644468644,112.72626022580617,13.1087,2.2222222222222223,0.5178571428571429,0.6964285714285714,0.3625,0.896551724137931,0.4625,21,1.225,9.782608695652174,43.846153846153854,2.9230769230769234,10.101606805293006,1.8333333333333333,21.195652173913043
24,F,158,65,14,72,100,32,29,50,37,23,99,37,21,28,32,27.6,26.037493991347535,1.6890168080210979,20.8,44.2,8.331998077231212,17.705495914116327,0.72,0.45569620253164556,32.35172684656519,102.98592252154047,10.916799999999999,2.25,0.58,0.74,0.4027777777777778,0.7931034482758621,0.5138888888888888,28,1.375,8.860759493670885,42.46153846153846,1.3269230769230769,11.0559205255568,2.0,23.417721518987342
26,F,162,73,15,78,106,33,23,59,38,25,91,40,21,28,40,28.0,27.815881725346742,1.8124568960391858,29.200000000000003,43.8,11.126352690138697,16.689529035208043,0.7358490566037735,0.48148148148148145,33.40831193811662,106.60171262364447,12.7168,2.3636363636363638,0.3898305084745763,0.6440677966101694,0.2948717948717949,1.0869565217391304,0.5128205128205128,28,1.1666666666666667,9.25925925925926,38.35616438356164,0.958904109589041,10.669105319311079,1.8666666666666667,23.456790123456788
38,F,159,54,15,71,111,36,28,52,34,24,88,37,22,29,28,21.8,21.359914560341757,1.54434452114805,15.120000000000001,38.879999999999995,5.980776076895692,15.379138483446063,0.6396396396396397,0.44654088050314467,37.36397862560628,111.77213150001177,11.202,1.9722222222222223,0.5384615384615384,0.6538461538461539,0.39436619718309857,0.8571428571428571,0.5211267605633803,40,1.2394366197183098,9.433962264150944,40.370370370370374,1.4417989417989419,8.623076618804635,1.9333333333333333,21.38364779874214
62,M,178,86,19,90,86,39,31,58,37,27,102,38,24,35,31,36.1,27.143037495265748,2.0620917104295393,26.66,59.34,8.414341623532382,18.72869587173337,1.0465116279069768,0.5056179775280899,18.21332879418207,118.78915336376693,16.2112,2.3076923076923075,0.5344827586206896,0.6379310344827587,0.34444444444444444,0.8709677419354839,0.4222222222222222,-4,1.1333333333333333,10.674157303370785,41.97674418604651,1.3540885221305328,11.39376341371039,1.8421052631578947,20.786516853932586
25,F,164,52,15,74,88,34,22,51,34,22,91,38,21,31,29,21.2,19.333729922665082,1.5391195174153594,15.079999999999998,36.92,5.606781677572873,13.72694824509221,0.8409090909090909,0.45121951219512196,23.900277579869922,120.56617250042687,11.0892,2.176470588235294,0.43137254901960786,0.6666666666666666,0.2972972972972973,1.0,0.5135135135135135,14,1.2297297297297298,9.146341463414634,40.76923076923077,1.4058355437665784,7.8822129684711495,2.066666666666667,20.73170731707317
43,F,161,72,15,72,92,35,25,50,35,24,106,35,21,30,42,29.0,27.776706145596233,1.794435844492636,30.24,41.760000000000005,11.666216581150417,16.110489564445817,0.782608695652174,0.4472049689440994,27.034880356520034,98.77628501794327,10.648,2.057142857142857,0.5,0.7,0.3472222222222222,0.96,0.4861111111111111,20,1.4722222222222223,9.316770186335404,40.27777777777778,0.9589947089947091,11.187839975309593,2.0,21.73913043478261
25,F,168,62,15,92,89,30,26,53,38,22,73,36,23,31,24,22.3,21.9671201814059,1.7009801096230766,14.879999999999999,47.120000000000005,5.272108843537415,16.695011337868486,1.0337078651685394,0.5476190476190477,22.872018293530296,138.93770649777127,16.9343,3.066666666666667,0.49056603773584906,0.7169811320754716,0.2826086956521739,0.8461538461538461,0.391304347826087,-3,0.7934782608695652,8.928571428571429,35.96774193548387,1.4986559139784947,7.90107709750567,2.066666666666667,22.61904761904762
52,F,166,51,16,84,99,34,29,54,33,27,96,35,20,33,22,22.2,18.507766003774133,1.5335144820531257,11.22,39.78,4.07170852083031,14.436057482943825,0.8484848484848485,0.5060240963855421,28.288495207787328,139.03423258765523,14.2695,2.4705882352941178,0.5370370370370371,0.6111111111111112,0.34523809523809523,0.9310344827586207,0.4166666666666667,15,1.1428571428571428,9.63855421686747,43.529411764705884,1.9786096256684491,8.056321672231093,2.0625,19.879518072289155
59,F,160,57,15,68,96,32,29,45,33,26,101,35,22,30,23,25.3,22.265624999999996,1.591644851508443,13.110000000000001,43.89,5.121093749999999,17.144531249999996,0.7083333333333334,0.425,29.43416490252568,104.52134225260657,9.7968,2.125,0.6444444444444445,0.7333333333333333,0.4264705882352941,0.896551724137931,0.5147058823529411,28,1.4852941176470589,9.375,44.3859649122807,1.9298245614035086,9.882812499999998,2.0,20.625
48,F,163,54,16,70,90,35,27,51,36,25,82,37,19,28,29,22.1,20.32443825510934,1.563649577111189,15.659999999999998,38.34,5.894087093981708,14.430351161127632,0.7777777777777778,0.4294478527607362,25.247509508537533,111.57540305584425,10.08,2.0,0.5294117647058824,0.7058823529411765,0.38571428571428573,0.9259259259259259,0.5285714285714286,20,1.1714285714285715,9.815950920245399,40.925925925925924,1.4112388250319288,8.3179645451466,1.75,22.085889570552148
19,M,188,118,19,101,102,39,32,58,41,28,102,41,23,30,45,50.2,33.386147578089634,2.4823823682547825,53.1,64.9,15.023766410140336,18.3623811679493,0.9901960784313726,0.5372340425531915,21.569758331875654,116.95877119906687,20.4027,2.58974358974359,0.5517241379310345,0.7068965517241379,0.31683168316831684,0.875,0.40594059405940597,1,1.00990099009901,10.106382978723403,42.54237288135593,0.9453860640301318,14.203259393390676,1.5789473684210527,21.808510638297875
42,M,184,80,18,105,101,40,28,55,39,30,106,45,23,31,35,33.5,23.629489603024574,2.022100118413747,28.0,52.0,8.2703213610586,15.359168241965973,1.0396039603960396,0.5706521739130435,22.46640644468644,146.0920957110849,22.0612,2.625,0.509090909090909,0.7090909090909091,0.26666666666666666,1.0714285714285714,0.42857142857142855,-4,1.0095238095238095,9.782608695652174,41.875,1.1964285714285714,9.89484877126654,1.7222222222222223,21.195652173913043
55,M,177,52,17,85,101,40,35,53,36,28,88,40,24,31,8,20.3,16.59804015448945,1.5989579940281942,4.16,47.84,1.327843212359156,15.270196942130294,0.8415841584158416,0.480225988700565,24.890536061178373,143.87236714085728,14.6292,2.125,0.660377358490566,0.6792452830188679,0.4117647058823529,0.8,0.47058823529411764,16,1.035294117647059,9.6045197740113,39.03846153846154,4.8798076923076925,6.479619521848766,1.8235294117647058,20.33898305084746
50,F,165,65,15,98,97,31,24,50,37,22,93,38,21,30,38,25.1,23.875114784205696,1.7260262647673315,24.7,40.3,9.072543617998164,14.80257116620753,1.0103092783505154,0.593939393939394,27.766301565859237,143.24678104208763,19.2087,3.161290322580645,0.48,0.74,0.24489795918367346,0.9166666666666666,0.3877551020408163,-1,0.9489795918367347,9.090909090909092,38.61538461538462,1.0161943319838058,9.219467401285584,2.0,22.424242424242426
59,M,172,111,17,117,91,36,30,60,37,28,104,37,24,35,38,49.0,37.52028123309898,2.3028967265887834,42.18,68.82,14.25770686857761,23.262574364521363,1.2857142857142858,0.6802325581395349,22.34119157054368,133.6171172878193,27.851200000000002,3.25,0.5,0.6166666666666667,0.2564102564102564,0.9333333333333333,0.3162393162393162,-26,0.8888888888888888,9.883720930232558,44.14414414414414,1.1616880037932669,16.563007030827475,2.0588235294117645,21.511627906976745
47,M,174,78,18,91,98,36,31,56,38,27,101,39,22,37,29,28.9,25.762980578676178,1.9416487838947598,22.619999999999997,55.38,7.471264367816091,18.291716210860088,0.9285714285714286,0.5229885057471264,24.697476017662375,124.69304116755337,16.5963,2.5277777777777777,0.5535714285714286,0.6785714285714286,0.34065934065934067,0.8709677419354839,0.42857142857142855,7,1.10989010989011,10.344827586206897,37.051282051282044,1.2776304155614502,9.545514599022328,2.0555555555555554,21.839080459770116
59,F,165,76,15,89,118,32,27,50,38,26,105,41,22,33,34,36.0,27.915518824609737,1.8663690238892559,25.840000000000003,50.16,9.491276400367312,18.424242424242426,0.7542372881355932,0.5393939393939394,37.6744699460968,120.30915726181344,16.4307,2.78125,0.54,0.76,0.30337078651685395,0.9629629629629629,0.4606741573033708,29,1.1797752808988764,9.090909090909092,47.368421052631575,1.393188854489164,13.22314049586777,2.2,23.03030303030303
47,M,165,96,19,90,91,36,34,60,42,26,105,38,26,32,35,36.6,35.26170798898072,2.0976176963403033,33.599999999999994,62.400000000000006,12.34159779614325,22.92011019283747,0.989010989010989,0.5454545454545454,24.935396314362784,108.24861965058902,16.2007,2.5,0.5666666666666667,0.7,0.37777777777777777,0.7647058823529411,0.4222222222222222,1,1.1666666666666667,11.515151515151516,38.125,1.0892857142857144,13.4435261707989,1.6842105263157894,25.454545454545453
32,F,168,53,16,84,94,35,28,50,37,25,81,37,22,29,25,24.4,18.77834467120182,1.572683481611393,13.25,39.75,4.694586167800455,14.083758503401363,0.8936170212765957,0.5,25.16819909653762,137.20485974245148,14.182,2.4,0.56,0.74,0.3333333333333333,0.8928571428571429,0.44047619047619047,10,0.9642857142857143,9.523809523809524,46.0377358490566,1.841509433962264,8.645124716553289,1.8125,22.023809523809522
62,F,163,53,13,78,87,34,27,54,35,25,90,38,20,31,29,22.1,19.94805976890361,1.5491036834964347,15.37,37.63,5.784937332982047,14.163122435921565,0.896551724137931,0.4785276073619632,23.805925858252948,125.49429182557233,12.2247,2.2941176470588234,0.5,0.6481481481481481,0.34615384615384615,0.9259259259259259,0.48717948717948717,9,1.1538461538461537,7.975460122699387,41.69811320754717,1.4378659726740406,8.3179645451466,2.3846153846153846,21.472392638036812
27,F,160,59,16,86,79,35,27,51,34,24,77,40,21,29,29,24.1,23.046874999999996,1.6193277068654826,17.11,41.89,6.683593749999998,16.363281249999996,1.0886075949367089,0.5375,21.034364867703424,129.92895299993612,14.8263,2.4571428571428573,0.5294117647058824,0.6666666666666666,0.313953488372093,0.8888888888888888,0.46511627906976744,-7,0.8953488372093024,10.0,40.847457627118644,1.408533021624781,9.414062499999998,1.8125,21.25
36,M,177,50,17,61,97,41,32,58,38,32,103,44,24,35,11,21.4,15.959653994701394,1.567907310185565,5.5,44.5,1.7555619394171533,14.20409205528424,0.6288659793814433,0.3446327683615819,23.191900969646554,105.29432578493886,8.349200000000002,1.4878048780487805,0.5517241379310345,0.6551724137931034,0.5245901639344263,1.0,0.7213114754098361,36,1.6885245901639345,9.6045197740113,42.8,3.8909090909090907,6.830731909732196,2.0588235294117645,21.468926553672315
21,F,164,70,17,72,98,35,29,50,35,24,94,33,21,28,38,29.2,26.026174895895306,1.7857460314638498,26.6,43.4,9.889946460440216,16.136228435455088,0.7346938775510204,0.43902439024390244,28.661672759400595,101.10645944854299,10.8412,2.057142857142857,0.58,0.7,0.4027777777777778,0.8275862068965517,0.4583333333333333,26,1.3055555555555556,10.365853658536585,41.714285714285715,1.0977443609022555,10.85663295657347,1.6470588235294117,21.341463414634145
51,F,161,59,14,85,103,33,28,50,30,21,81,36,21,27,30,27.6,22.76146753597469,1.6243802236887492,17.7,41.3,6.828440260792407,15.933027275182281,0.8252427184466019,0.5279503105590062,32.41948561653873,128.81883285356278,14.6768,2.5757575757575757,0.56,0.6,0.32941176470588235,0.75,0.4235294117647059,18,0.9529411764705882,8.695652173913043,46.779661016949156,1.5593220338983051,10.64773735581189,1.9285714285714286,18.633540372670808
23,F,165,59,15,96,104,37,26,54,34,26,105,39,21,30,32,27.2,21.6712580348944,1.6444350600332829,18.88,40.120000000000005,6.934802571166208,14.736455463728195,0.9230769230769231,0.5818181818181818,31.069024359271758,147.28574009938905,18.4768,2.5945945945945947,0.48148148148148145,0.6296296296296297,0.2708333333333333,1.0,0.40625,8,1.09375,9.090909090909092,46.101694915254235,1.4406779661016949,9.990817263544537,2.0,20.606060606060606
62,M,189,90,19,101,109,40,35,51,36,30,95,45,24,34,25,32.8,25.195263290501387,2.173706511928416,22.5,67.5,6.298815822625347,18.89644746787604,0.926605504587156,0.5343915343915344,23.950176429846863,134.27789462065445,20.4468,2.525,0.6862745098039216,0.7058823529411765,0.3465346534653465,0.8571428571428571,0.44554455445544555,8,0.9405940594059405,10.052910052910052,36.44444444444444,1.4577777777777776,9.182273732538283,1.7894736842105263,19.047619047619047
57,M,179,88,18,80,97,41,35,64,37,29,118,39,25,31,24,37.4,27.46481071127618,2.0917828652982977,21.119999999999997,66.88,6.591554570706282,20.873256140569893,0.8247422680412371,0.44692737430167595,22.503465920076977,104.67637357622841,13.0023,1.951219512195122,0.546875,0.578125,0.4375,0.8285714285714286,0.4875,17,1.475,10.05586592178771,42.5,1.7708333333333335,11.672544552292376,1.7222222222222223,20.670391061452513
21,M,179,57,17,98,89,38,35,51,39,31,92,41,24,32,11,24.5,17.789706937985706,1.683498341747525,6.2700000000000005,50.73,1.956867763178428,15.832839174807278,1.101123595505618,0.547486033519553,19.162973885431448,159.326738282238,19.2647,2.5789473684210527,0.6862745098039216,0.7647058823529411,0.35714285714285715,0.8857142857142857,0.41836734693877553,-9,0.9387755102040817,9.497206703910614,42.98245614035088,3.9074960127591702,7.646452982116664,1.8823529411764706,21.787709497206702
55,F,169,82,15,93,92,34,27,50,36,24,99,35,22,31,45,34.1,28.71047932495361,1.9620001132631069,36.9,45.1,12.919715696229124,15.790763628724488,1.0108695652173914,0.5502958579881657,23.87528447883477,122.48781194907292,17.2987,2.735294117647059,0.54,0.72,0.2903225806451613,0.8888888888888888,0.3763440860215054,-1,1.064516129032258,8.875739644970414,41.58536585365854,0.924119241192412,11.939357865620954,2.066666666666667,21.301775147928996
50,F,163,78,15,87,122,34,29,59,34,23,82,33,23,31,35,30.0,29.357521924046825,1.8792729090439917,27.299999999999997,50.7,10.275132673416387,19.082389250630435,0.7131147540983607,0.5337423312883436,40.624401778239765,115.38231692789505,15.9955,2.5588235294117645,0.4915254237288136,0.576271186440678,0.3333333333333333,0.7931034482758621,0.3793103448275862,35,0.9425287356321839,9.202453987730062,38.46153846153847,1.098901098901099,11.291354586171856,2.066666666666667,20.858895705521473
61,M,173,93,18,80,100,39,34,49,39,33,111,45,20,37,30,41.5,31.073540713020815,2.1140403654298248,27.9,65.1,9.322062213906245,21.75147849911457,0.8,0.4624277456647399,25.947163079173734,100.1025328407138,13.08,2.051282051282051,0.6938775510204082,0.7959183673469388,0.425,0.9705882352941176,0.5625,20,1.3875,10.404624277456648,44.623655913978496,1.4874551971326166,13.866149888068428,2.0555555555555554,22.54335260115607
42,F,162,42,16,55,91,34,31,48,35,26,99,37,22,31,16,15.4,16.00365797896662,1.374772708486752,6.72,35.28,2.560585276634659,13.443072702331959,0.6043956043956044,0.3395061728395062,26.133550814798227,99.09895015304244,6.957199999999999,1.6176470588235294,0.6458333333333334,0.7291666666666666,0.5636363636363636,0.8387096774193549,0.6727272727272727,36,1.8,9.876543209876543,36.66666666666667,2.291666666666667,5.868007925621093,1.9375,21.604938271604937
63,F,161,59,16,78,109,33,30,57,35,26,79,37,21,29,36,24.9,22.76146753597469,1.6243802236887492,21.24,37.760000000000005,8.194128312950888,14.567339223023803,0.7155963302752294,0.484472049689441,35.35654303109438,118.21022308915173,12.8407,2.3636363636363638,0.5263157894736842,0.6140350877192983,0.38461538461538464,0.8666666666666667,0.47435897435897434,31,1.0128205128205128,9.937888198757763,42.20338983050847,1.1723163841807909,9.60611087535203,1.8125,21.73913043478261
50,M,174,94,18,95,103,39,32,60,41,31,108,46,24,37,37,43.1,31.04769454353283,2.131509637166422,34.78,59.22,11.487646981107147,19.560047562425684,0.9223300970873787,0.5459770114942529,26.875918671624746,118.57900577638696,18.0948,2.4358974358974357,0.5333333333333333,0.6833333333333333,0.3368421052631579,0.96875,0.4842105263157895,8,1.1368421052631579,10.344827586206897,45.851063829787236,1.2392179413456008,14.235698242832607,2.0555555555555554,23.563218390804597
29,F,163,68,16,107,102,36,29,51,36,27,101,37,20,29,40,25.8,25.59373706198954,1.754676291766914,27.200000000000003,40.8,10.237494824795817,15.356242237193722,1.0490196078431373,0.656441717791411,31.013844109675865,151.983564397512,22.9155,2.9722222222222223,0.5686274509803921,0.7058823529411765,0.27102803738317754,0.9310344827586207,0.34579439252336447,-5,0.9439252336448598,9.815950920245399,37.94117647058823,0.9485294117647058,9.710564944107796,1.8125,22.085889570552148
40,F,166,82,16,80,95,32,30,51,39,26,84,33,22,31,32,36.5,29.757584555087824,1.9445079354713652,26.240000000000002,55.76,9.522427057628104,20.23515749745972,0.8421052631578947,0.4819277108433735,26.418252977169658,104.426472256238,12.9575,2.5,0.5882352941176471,0.7647058823529411,0.375,0.8666666666666667,0.4125,15,1.05,9.63855421686747,44.51219512195122,1.3910060975609755,13.245754100740312,1.9375,23.49397590361446
48,F,166,60,16,75,100,33,28,54,36,26,88,39,22,33,31,23.7,21.773842357381334,1.66332999331662,18.6,41.4,6.749891130788214,15.02395122659312,0.75,0.45180722891566266,28.756055765441744,114.4493114667399,11.6875,2.272727272727273,0.5185185185185185,0.6666666666666666,0.37333333333333335,0.9285714285714286,0.52,25,1.1733333333333333,9.63855421686747,39.49999999999999,1.2741935483870965,8.600667731165627,2.0625,21.686746987951807
36,F,157,58,15,69,108,33,25,55,36,23,85,36,23,33,33,26.0,23.53036634346221,1.5904227250779726,19.14,38.86,7.765020893342529,15.76534545011968,0.6388888888888888,0.4394904458598726,36.90024428184916,104.14979566312569,10.5867,2.090909090909091,0.45454545454545453,0.6545454545454545,0.36231884057971014,0.92,0.5217391304347826,39,1.2318840579710144,9.554140127388536,44.827586206896555,1.3584117032392895,10.548095257414094,2.2,22.929936305732486
55,F,167,85,16,83,100,34,31,48,35,25,97,34,22,29,37,44.6,30.477966223242138,1.9857128582842876,31.45,53.55,11.27684750259959,19.201118720642548,0.83,0.49700598802395207,28.336720511026158,106.73340565845389,13.9803,2.4411764705882355,0.6458333333333334,0.7291666666666666,0.37349397590361444,0.8064516129032258,0.40963855421686746,17,1.1686746987951808,9.580838323353294,52.47058823529412,1.4181240063593006,15.991968159489405,1.8125,20.958083832335326
28,F,160,44,16,64,98,34,28,49,35,27,87,36,22,28,25,18.6,17.187499999999996,1.398411797560202,11.0,33.0,4.296874999999999,12.890624999999998,0.6530612244897959,0.4,30.4223766713283,111.96624901232644,9.0012,1.8823529411764706,0.5714285714285714,0.7142857142857143,0.4375,0.9642857142857143,0.5625,34,1.359375,10.0,42.27272727272728,1.6909090909090911,7.265624999999999,1.75,21.875
36,M,174,91,19,91,90,39,32,61,35,31,108,39,21,33,25,37.0,30.056810675122207,2.097220382633483,22.75,68.25,7.514202668780552,22.542608006341656,1.011111111111111,0.5229885057471264,21.21196777132259,115.44332381468715,16.5627,2.3333333333333335,0.5245901639344263,0.5737704918032787,0.3516483516483517,0.96875,0.42857142857142855,-1,1.1868131868131868,10.919540229885058,40.65934065934066,1.6263736263736264,12.220901043731008,1.736842105263158,20.114942528735632
50,F,167,60,15,73,100,33,25,52,36,26,90,38,23,31,27,23.9,21.513858510523864,1.6683325008322931,16.200000000000003,43.8,5.808741797841444,15.705116712682418,0.73,0.437125748502994,28.336720511026158,111.73236014748385,11.168299999999999,2.212121212121212,0.4807692307692308,0.6923076923076923,0.3424657534246575,1.04,0.5205479452054794,27,1.2328767123287672,8.982035928143713,39.83333333333333,1.4753086419753083,8.569686973358671,2.066666666666667,21.55688622754491
19,F,161,40,15,63,101,33,23,44,35,23,77,40,21,31,18,17.0,15.43150341422013,1.3374935098492586,7.199999999999999,32.8,2.777670614559623,12.653832799660504,0.6237623762376238,0.391304347826087,31.440466478353514,115.95700612913298,8.948799999999999,1.9090909090909092,0.5227272727272727,0.7954545454545454,0.36507936507936506,1.0,0.6349206349206349,38,1.2222222222222223,9.316770186335404,42.5,2.361111111111111,6.558388951043555,2.066666666666667,21.73913043478261
35,F,161,84,16,80,104,33,27,55,35,24,92,39,21,29,37,37.6,32.40615716986227,1.938212234680884,31.08,52.92,11.99027815284904,20.415879017013232,0.7692307692307693,0.4968944099378882,32.90899518563134,101.61007783386025,13.2032,2.4242424242424243,0.4909090909090909,0.6363636363636364,0.3375,0.8888888888888888,0.4875,24,1.15,9.937888198757763,44.761904761904766,1.20978120978121,14.505613209366922,1.8125,21.73913043478261
18,M,181,54,17,102,86,36,37,56,40,28,100,38,24,38,20,23.6,16.483013339031164,1.647725705328408,10.8,43.2,3.296602667806233,13.186410671224932,1.186046511627907,0.56353591160221,17.316738440473095,171.323162021914,20.9872,2.8333333333333335,0.6607142857142857,0.7142857142857143,0.3627450980392157,0.7567567567567568,0.37254901960784315,-16,0.9803921568627451,9.392265193370166,43.7037037037037,2.185185185185185,7.203687311132139,2.235294117647059,22.099447513812155
29,M,182,71,17,111,98,40,37,59,36,32,82,42,23,38,23,26.3,21.434609346697258,1.8945829209734908,16.330000000000002,54.67,4.92996014974037,16.504649196956887,1.1326530612244898,0.6098901098901099,21.913424743290065,163.0433163675339,24.7603,2.775,0.6271186440677966,0.6101694915254238,0.3333333333333333,0.8648648648648649,0.3783783783783784,-13,0.7387387387387387,9.340659340659341,37.04225352112676,1.61053276178812,7.939862335466731,2.235294117647059,19.78021978021978
60,M,173,54,20,77,89,40,32,50,39,27,92,40,22,35,13,23.6,18.042701059173375,1.6109003693587012,7.0200000000000005,46.98,2.345551137692539,15.697149921480836,0.8651685393258427,0.44508670520231214,21.11297514046462,126.44172114232414,11.9588,1.925,0.64,0.78,0.4155844155844156,0.84375,0.5194805194805194,12,1.1948051948051948,11.560693641618498,43.7037037037037,3.3618233618233617,7.885328611046143,1.75,22.54335260115607
27,M,175,81,18,93,102,35,34,51,42,26,103,42,23,38,26,29.4,26.448979591836736,1.984313483298443,21.060000000000002,59.94,6.876734693877552,19.572244897959184,0.9117647058823529,0.5314285714285715,26.05985856793277,125.41023034098214,17.3547,2.657142857142857,0.6666666666666666,0.8235294117647058,0.3655913978494624,0.7647058823529411,0.45161290322580644,9,1.10752688172043,10.285714285714285,36.29629629629629,1.3960113960113958,9.6,2.111111111111111,24.0
44,F,154,62,16,70,115,33,31,50,33,25,93,38,22,31,32,26.1,26.14268848035082,1.628564466707481,19.84,42.16,8.365660313712262,17.777028166638555,0.6086956521739131,0.45454545454545453,42.17509146942775,101.21294406882836,11.2175,2.121212121212121,0.62,0.66,0.44285714285714284,0.8064516129032258,0.5428571428571428,45,1.3285714285714285,10.38961038961039,42.09677419354839,1.3155241935483872,11.005228537696071,1.9375,21.428571428571427
53,M,160,69,18,99,97,38,31,54,40,26,96,43,29,39,31,28.5,26.953124999999996,1.7511900715418263,21.39,47.61,8.355468749999998,18.597656249999996,1.0206185567010309,0.61875,29.928270786926994,138.30699408268114,19.6048,2.6052631578947367,0.5740740740740741,0.7407407407407407,0.31313131313131315,0.8387096774193549,0.43434343434343436,-2,0.9696969696969697,11.25,41.30434782608695,1.332398316970547,11.132812499999998,2.1666666666666665,25.0
29,M,171,83,18,88,89,38,33,57,40,28,113,39,24,32,25,34.3,28.384802161348794,1.985572965166478,20.75,62.25,7.096200540337199,21.288601621011594,0.9887640449438202,0.5146198830409356,21.80117020366471,115.8817868473417,15.488700000000001,2.3157894736842106,0.5789473684210527,0.7017543859649122,0.375,0.8484848484848485,0.4431818181818182,1,1.2840909090909092,10.526315789473683,41.325301204819276,1.653012048192771,11.73010498956944,1.7777777777777777,23.391812865497073
55,M,176,100,18,93,95,36,30,55,32,27,102,42,25,36,38,39.2,32.28305785123967,2.211083193570267,38.0,62.0,12.267561983471074,20.015495867768596,0.9789473684210527,0.5284090909090909,22.686900191601623,113.19123137726686,17.3008,2.5833333333333335,0.5454545454545454,0.5818181818181818,0.3225806451612903,0.9,0.45161290322580644,2,1.096774193548387,10.227272727272728,39.2,1.0315789473684212,12.654958677685952,2.0,18.181818181818183
63,M,170,82,18,88,83,39,31,58,38,27,94,44,25,37,31,30.3,28.373702422145332,1.9677962857527256,25.419999999999998,56.58,8.795847750865052,19.577854671280278,1.0602409638554218,0.5176470588235295,19.44593769078338,116.24484659626754,15.5055,2.2564102564102564,0.5344827586206896,0.6551724137931034,0.3522727272727273,0.8709677419354839,0.5,-5,1.0681818181818181,10.588235294117647,36.951219512195124,1.1919748229740363,10.484429065743946,2.0555555555555554,22.35294117647059
33,M,187,112,18,87,105,41,32,54,40,28,98,44,24,33,35,50.8,32.028367983070716,2.4120070020167392,39.199999999999996,72.80000000000001,11.209928794074749,20.818439188995967,0.8285714285714286,0.46524064171123,23.06075108735225,103.13463753708534,15.364799999999999,2.1219512195121952,0.5925925925925926,0.7407407407407407,0.367816091954023,0.875,0.5057471264367817,18,1.1264367816091954,9.62566844919786,45.357142857142854,1.2959183673469388,14.527152620892787,1.8333333333333333,21.390374331550802
56,M,181,84,18,100,92,41,33,53,37,29,94,41,22,30,21,30.6,25.640242971826257,2.055075018906447,17.64,66.36,5.384451024083514,20.255791947742743,1.0869565217391304,0.5524861878453039,19.780696936320055,134.67070897158894,20.0448,2.4390243902439024,0.6226415094339622,0.6981132075471698,0.33,0.8787878787878788,0.41,-8,0.94,9.94475138121547,36.42857142857143,1.7346938775510203,9.340374225450994,1.6666666666666667,20.441988950276244
36,F,168,66,16,86,89,36,31,56,34,24,102,36,23,30,35,29.1,23.384353741496604,1.7549928774784245,23.099999999999998,42.900000000000006,8.18452380952381,15.199829931972793,0.9662921348314607,0.5119047619047619,22.872018293530296,125.87938904349,14.7983,2.388888888888889,0.5535714285714286,0.6071428571428571,0.36046511627906974,0.7741935483870968,0.4186046511627907,3,1.186046511627907,9.523809523809524,44.09090909090909,1.2597402597402598,10.310374149659866,1.875,20.238095238095237
50,M,167,63,19,75,99,39,34,59,37,27,115,46,22,34,21,24.6,22.589551436050055,1.7095320997278758,13.229999999999999,49.77,4.743805801570511,17.845745634479545,0.7575757575757576,0.4491017964071856,27.8733533059159,112.02700522463142,11.6532,1.9230769230769231,0.576271186440678,0.6271186440677966,0.4533333333333333,0.7941176470588235,0.6133333333333333,24,1.5333333333333334,11.377245508982035,39.04761904761905,1.8594104308390025,8.820681989314785,1.7894736842105263,22.15568862275449
50,M,188,91,17,78,89,38,32,58,38,27,105,41,21,33,22,35.9,25.746944318696244,2.179959224898994,20.02,70.98,5.6643277501131735,20.08261656858307,0.8764044943820225,0.4148936170212766,16.52655383859738,102.85521899916615,12.2527,2.0526315789473686,0.5517241379310345,0.6551724137931034,0.41025641025641024,0.84375,0.5256410256410257,11,1.3461538461538463,9.042553191489363,39.45054945054945,1.7932067932067932,10.157311000452694,1.9411764705882353,20.212765957446805
31,F,168,91,15,83,92,34,31,53,36,25,92,35,22,28,37,34.3,32.242063492063494,2.0607442021431646,33.67,57.33,11.929563492063494,20.312500000000004,0.9021739130434783,0.49404761904761907,24.249726775334693,103.46311247779975,13.834700000000002,2.4411764705882355,0.5849056603773585,0.6792452830188679,0.37349397590361444,0.8064516129032258,0.42168674698795183,9,1.108433734939759,8.928571428571429,37.69230769230769,1.0187110187110187,12.152777777777779,1.8666666666666667,21.428571428571427
19,M,174,111,18,122,90,38,29,56,39,27,108,46,23,34,45,46.8,36.66270313119303,2.316246964380094,49.95,61.05,16.49821640903686,20.164486722156163,1.3555555555555556,0.7011494252873564,21.21196777132259,140.13495147749637,30.4848,3.210526315789474,0.5178571428571429,0.6964285714285714,0.23770491803278687,0.9310344827586207,0.3770491803278688,-32,0.8852459016393442,10.344827586206897,42.16216216216216,0.9369369369369368,15.457788347205707,1.8888888888888888,22.413793103448278
42,F,173,77,16,78,95,35,31,54,35,24,84,38,20,29,23,34.0,25.727555214006482,1.9236106097071148,17.71,59.29,5.917337699221491,19.81021751478499,0.8210526315789474,0.4508670520231214,23.749804925215045,107.26197609233049,12.370299999999999,2.2285714285714286,0.5740740740740741,0.6481481481481481,0.3974358974358974,0.7741935483870968,0.48717948717948717,17,1.0769230769230769,9.248554913294797,44.15584415584416,1.9198193111236588,11.360219185405459,1.8125,20.23121387283237
62,F,162,81,15,86,88,35,27,55,34,25,94,36,19,31,43,36.9,30.864197530864192,1.9091883092036783,34.83,46.17,13.271604938271603,17.592592592592588,0.9772727272727273,0.5308641975308642,24.67859859013455,111.58015262760199,14.794799999999999,2.4571428571428573,0.4909090909090909,0.6181818181818182,0.313953488372093,0.9259259259259259,0.4186046511627907,2,1.0930232558139534,9.25925925925926,45.55555555555556,1.0594315245478036,14.060356652949242,2.066666666666667,20.98765432098765
44,M,183,80,18,108,98,40,38,53,40,30,104,43,23,36,29,33.9,23.888440980620498,2.016597794967223,23.2,56.8,6.927647884379945,16.960793096240554,1.1020408163265305,0.5901639344262295,21.58671287079133,149.85726733242666,23.398,2.7,0.7169811320754716,0.7547169811320755,0.35185185185185186,0.7894736842105263,0.39814814814814814,-10,0.9629629629629629,9.836065573770492,42.37499999999999,1.4612068965517242,10.122726865537937,2.0,21.85792349726776
23,F,172,48,16,76,108,32,29,47,36,23,82,41,24,31,17,19.9,16.224986479177936,1.514375558880073,8.16,39.84,2.7582477014602493,13.466738777717687,0.7037037037037037,0.4418604651162791,29.87745812767821,131.98686063633664,12.268799999999999,2.375,0.6170212765957447,0.7659574468085106,0.3815789473684211,0.7931034482758621,0.5394736842105263,32,1.0789473684210527,9.30232558139535,41.45833333333333,2.438725490196078,6.726608977825852,1.9375,20.930232558139537
49,F,166,79,16,99,103,32,30,51,37,25,98,36,21,33,38,33.1,28.668892437218755,1.9086062395836858,30.02,48.980000000000004,10.894179126143127,17.77471331107563,0.9611650485436893,0.5963855421686747,30.158737438404998,131.65858858584477,19.6132,3.09375,0.5882352941176471,0.7254901960784313,0.30303030303030304,0.8333333333333334,0.36363636363636365,4,0.98989898989899,9.63855421686747,41.89873417721519,1.1025982678214525,12.011903033822037,2.0625,22.289156626506024
47,M,167,80,18,130,95,37,26,48,40,26,98,38,20,32,37,28.2,28.685144680698485,1.926424436906652,29.6,50.4,10.61350353185844,18.071641148840044,1.368421052631579,0.7784431137724551,26.019884485474847,172.31778220036566,34.6575,3.5135135135135136,0.5416666666666666,0.8333333333333334,0.2,1.0,0.2923076923076923,-35,0.7538461538461538,10.778443113772456,35.25,0.9527027027027026,10.111513499946215,1.7777777777777777,23.952095808383234
62,M,174,101,18,111,108,37,26,64,38,32,98,45,22,34,36,43.0,33.35975690315762,2.2094494035090886,36.36,64.64,12.009512485136742,21.350244418020875,1.0277777777777777,0.6379310344827587,29.05436132558711,133.66275799228384,24.6483,3.0,0.40625,0.59375,0.23423423423423423,1.2307692307692308,0.40540540540540543,-3,0.8828828828828829,10.344827586206897,42.57425742574257,1.1826182618261827,14.202668780552253,1.8888888888888888,21.839080459770116
32,M,168,93,19,110,101,39,37,54,34,28,109,44,25,37,43,40.9,32.95068027210885,2.083266665599966,39.99,53.01,14.168792517006805,18.781887755102044,1.0891089108910892,0.6547619047619048,28.382852220747864,135.63736798815995,24.256700000000002,2.8205128205128207,0.6851851851851852,0.6296296296296297,0.33636363636363636,0.7567567567567568,0.4,-9,0.990909090909091,11.30952380952381,43.97849462365591,1.0227556889222305,14.49121315192744,1.9473684210526316,20.238095238095237
60,M,170,67,18,89,98,37,31,59,44,27,101,45,27,33,25,31.0,23.18339100346021,1.7787323825941015,16.75,50.25,5.795847750865052,17.387543252595158,0.9081632653061225,0.5235294117647059,26.213275827671943,130.0620419423867,15.898700000000002,2.4054054054054053,0.5254237288135594,0.7457627118644068,0.34831460674157305,0.8709677419354839,0.5056179775280899,9,1.1348314606741574,10.588235294117647,46.26865671641791,1.8507462686567164,10.726643598615919,1.8333333333333333,25.882352941176475
43,M,172,89,18,106,95,37,34,53,39,30,82,45,25,33,32,38.7,30.08382909680909,2.0620917104295393,28.48,60.519999999999996,9.626825310978909,20.457003785830178,1.1157894736842104,0.6162790697674418,24.114430760457687,135.19125119401988,22.5567,2.864864864864865,0.6415094339622641,0.7358490566037735,0.32075471698113206,0.8823529411764706,0.42452830188679247,-11,0.7735849056603774,10.465116279069768,43.48314606741573,1.3588483146067416,13.081395348837212,1.8333333333333333,22.674418604651162
49,M,179,87,18,103,102,42,29,54,41,29,102,45,23,37,30,40.7,27.15271058955713,2.079863777590574,26.099999999999998,60.900000000000006,8.145813176867138,19.006897412689995,1.0098039215686274,0.5754189944134078,24.59127344173043,135.5431629812269,21.218700000000002,2.4523809523809526,0.5370370370370371,0.7592592592592593,0.2815533980582524,1.0,0.4368932038834951,-1,0.9902912621359223,10.05586592178771,46.781609195402304,1.559386973180077,12.702474953965233,2.0555555555555554,22.905027932960895
26,F,166,84,16,87,119,34,27,54,39,24,93,34,21,30,45,33.5,30.48337930033387,1.968078589216735,37.800000000000004,46.199999999999996,13.717520685150243,16.765858615183625,0.7310924369747899,0.5240963855421686,37.63970636087567,112.20369414276273,15.8548,2.5588235294117645,0.5,0.7222222222222222,0.3103448275862069,0.8888888888888888,0.39080459770114945,32,1.0689655172413792,9.63855421686747,39.88095238095239,0.8862433862433862,12.157061982871245,1.875,23.49397590361446
61,F,155,63,16,81,100,30,28,54,33,26,84,40,21,30,45,23.9,26.22268470343392,1.6469669092000603,28.35,34.65,11.800208116545264,14.422476586888655,0.81,0.5225806451612903,33.82060186467734,116.56122293159012,13.3747,2.7,0.5185185185185185,0.6111111111111112,0.345679012345679,0.9285714285714286,0.49382716049382713,19,1.037037037037037,10.32258064516129,37.93650793650794,0.8430335097001763,9.947970863683661,1.875,21.29032258064516
57,F,169,71,15,59,109,33,27,51,31,25,109,35,21,32,29,32.9,24.859073561850078,1.8256657841882111,20.59,50.41,7.209131332936523,17.649942228913556,0.5412844036697247,0.34911242603550297,31.61310878470642,83.51023227841151,8.712,1.7878787878787878,0.5294117647058824,0.6078431372549019,0.4576271186440678,0.9259259259259259,0.5932203389830508,50,1.847457627118644,8.875739644970414,46.33802816901408,1.5978630403108305,11.519204509646022,2.1333333333333333,18.34319526627219
54,M,171,88,17,100,107,35,33,50,38,28,91,41,25,35,39,38.7,30.094730002393902,2.0445048300260873,34.32,53.68,11.736944700933622,18.35778530146028,0.9345794392523364,0.5847953216374269,29.850845076316,127.88812531439245,20.034299999999998,2.857142857142857,0.66,0.76,0.33,0.8484848484848485,0.41,7,0.91,9.941520467836257,43.977272727272734,1.1276223776223777,13.234841489689137,2.0588235294117645,22.22222222222222
43,F,160,66,15,89,88,33,28,50,37,25,94,37,22,29,36,25.3,25.781249999999996,1.7126976771553504,23.759999999999998,42.24,9.281249999999998,16.499999999999996,1.0113636363636365,0.55625,25.48131782731521,127.13102023922117,15.8427,2.696969696969697,0.56,0.74,0.3146067415730337,0.8928571428571429,0.4157303370786517,-1,1.0561797752808988,9.375,38.333333333333336,1.0648148148148149,9.882812499999998,1.9333333333333333,23.125
50,M,191,111,18,84,107,37,30,54,36,28,105,42,23,35,31,47.8,30.42679751103314,2.4267605293202434,34.41,76.59,9.432307228420273,20.99449028261287,0.7850467289719626,0.4397905759162304,22.53533129125085,101.08995014277234,14.482299999999999,2.27027027027027,0.5555555555555556,0.6666666666666666,0.35714285714285715,0.9333333333333333,0.5,23,1.25,9.424083769633508,43.06306306306306,1.3891310665504215,13.102711000246703,1.9444444444444444,18.848167539267017
39,M,182,92,18,87,103,37,33,53,37,29,114,37,27,36,30,36.5,27.77442337881898,2.1566434826162415,27.599999999999998,64.4,8.332327013645694,19.44209636517329,0.8446601941747572,0.47802197802197804,23.94982396488649,112.26245491879519,15.317200000000001,2.3513513513513513,0.6226415094339622,0.6981132075471698,0.3793103448275862,0.8787878787878788,0.42528735632183906,16,1.3103448275862069,9.89010989010989,39.67391304347826,1.3224637681159421,11.01920057964014,2.0,20.32967032967033
41,F,164,68,16,72,104,32,29,52,35,26,87,35,23,28,35,31.0,25.282569898869724,1.760050504325878,23.799999999999997,44.2,8.848899464604402,16.433670434265323,0.6923076923076923,0.43902439024390244,31.518509867119,102.5825442348596,11.0848,2.25,0.5576923076923077,0.6730769230769231,0.4027777777777778,0.896551724137931,0.4861111111111111,32,1.2083333333333333,9.75609756097561,45.588235294117645,1.3025210084033616,11.525877453896491,1.75,21.341463414634145
35,M,187,121,17,100,95,41,30,56,42,29,106,39,26,29,36,52.2,34.60207612456747,2.507045627382513,43.559999999999995,77.44,12.456747404844288,22.145328719723178,1.0526315789473684,0.5347593582887701,19.150203364747277,114.05166247854332,20.0175,2.4390243902439024,0.5357142857142857,0.75,0.3,0.9666666666666667,0.39,-5,1.06,9.090909090909092,43.1404958677686,1.1983471074380168,14.927507220681173,1.7058823529411764,22.459893048128343
60,M,171,65,18,86,95,41,33,61,35,32,91,44,25,39,21,25.2,22.229061933586404,1.7571283390805579,13.65,51.35,4.668103006053145,17.56095892753326,0.9052631578947369,0.5029239766081871,24.48439516121514,127.97152053148454,14.848700000000001,2.097560975609756,0.5409836065573771,0.5737704918032787,0.38372093023255816,0.9696969696969697,0.5116279069767442,9,1.058139534883721,10.526315789473683,38.76923076923077,1.846153846153846,8.618036318867345,2.1666666666666665,20.46783625730994
22,F,171,85,16,72,112,35,30,43,32,27,98,36,21,24,29,37.4,29.06877329776684,2.0093531297410117,24.65,60.35,8.429944256352382,20.638829041414454,0.6428571428571429,0.42105263157894735,32.08686587427469,93.69029164037963,11.488,2.057142857142857,0.6976744186046512,0.7441860465116279,0.4166666666666667,0.9,0.5,40,1.3611111111111112,9.35672514619883,44.0,1.5172413793103448,12.790260251017408,1.5,18.71345029239766
61,F,166,57,16,55,95,35,25,47,36,26,97,38,23,30,22,26.7,20.685150239512268,1.6212135372409562,12.540000000000001,44.46,4.550733052692699,16.13441718681957,0.5789473684210527,0.3313253012048193,26.418252977169658,86.10984504901265,7.17,1.5714285714285714,0.5319148936170213,0.7659574468085106,0.45454545454545453,1.04,0.6909090909090909,40,1.7636363636363637,9.63855421686747,46.8421052631579,2.129186602870813,9.689359849034693,1.875,21.686746987951807
33,M,166,54,18,95,98,38,36,59,38,28,88,46,24,34,26,24.1,19.5964581216432,1.57797338380595,14.040000000000001,39.96,5.095079111627232,14.501379010015969,0.9693877551020408,0.572289156626506,27.820934650132905,152.81087814634583,18.0563,2.5,0.6101694915254238,0.6440677966101694,0.37894736842105264,0.7777777777777778,0.4842105263157895,3,0.9263157894736842,10.843373493975903,44.62962962962963,1.7165242165242165,8.745826680214837,1.8888888888888888,22.89156626506024
39,F,157,64,17,94,82,35,25,60,36,27,86,33,24,32,27,27.9,25.96454217209623,1.6706618781522224,17.28,46.72,7.010426386465983,18.954115785630247,1.146341463414634,0.5987261146496815,23.683518806589177,135.0707137726281,17.7728,2.6857142857142855,0.4166666666666667,0.6,0.26595744680851063,1.08,0.35106382978723405,-12,0.9148936170212766,10.828025477707007,43.59375,1.614583333333333,11.3189176031482,1.8823529411764706,22.929936305732486
42,F,169,78,16,89,89,31,28,55,34,22,93,34,22,28,33,31.2,27.309968138370508,1.9135481877043667,25.740000000000002,52.26,9.012289485662269,18.29767865270824,1.0,0.5266272189349113,22.509786071916245,120.18757142250433,15.842,2.870967741935484,0.509090909090909,0.6181818181818182,0.3146067415730337,0.7857142857142857,0.38202247191011235,0,1.0449438202247192,9.467455621301776,40.0,1.212121212121212,10.923987255348203,1.75,20.118343195266274
55,M,174,50,18,86,87,38,30,58,36,29,99,39,23,40,18,20.8,16.514731140177037,1.5545631755148024,9.0,41.0,2.972651605231867,13.54207953494517,0.9885057471264368,0.4942528735632184,19.90490217894517,147.1843300120437,14.7927,2.263157894736842,0.5172413793103449,0.6206896551724138,0.3488372093023256,0.9666666666666667,0.45348837209302323,1,1.1511627906976745,10.344827586206897,41.6,2.3111111111111113,6.870128154313647,2.2222222222222223,20.689655172413794
24,F,166,89,15,93,98,32,28,48,31,27,80,40,21,34,37,35.6,32.29786616344898,2.0258057381913224,32.93,56.07,11.950210480476121,20.347655682972857,0.9489795918367347,0.5602409638554217,27.820934650132905,116.52402864764024,17.3155,2.90625,0.5833333333333334,0.6458333333333334,0.3010752688172043,0.9642857142857143,0.43010752688172044,5,0.8602150537634409,9.036144578313253,40.0,1.0810810810810811,12.919146465379592,2.2666666666666666,18.67469879518072
31,M,191,82,18,78,104,35,30,57,34,30,92,42,26,35,14,33.6,22.47745401715962,2.0857985414597344,11.48,70.52,3.1468435624023465,19.33061045475727,0.75,0.4083769633507853,21.398826675608298,109.21388648502524,12.641200000000001,2.2285714285714286,0.5263157894736842,0.5964912280701754,0.38461538461538464,1.0,0.5384615384615384,26,1.1794871794871795,9.424083769633508,40.97560975609756,2.926829268292683,9.2102738411776,1.9444444444444444,17.801047120418847
37,F,166,75,16,60,90,35,25,50,35,23,85,34,21,29,33,31.1,27.21730294672667,1.8596594670351165,24.75,50.25,8.9817099724198,18.23559297430687,0.6666666666666666,0.3614457831325301,24.080450188897572,81.8932609336565,7.83,1.7142857142857142,0.5,0.7,0.4166666666666667,0.92,0.5666666666666667,30,1.4166666666666667,9.63855421686747,41.46666666666667,1.2565656565656567,11.286108288575992,1.8125,21.084337349397593
50,M,182,102,19,91,98,37,35,59,33,27,115,42,22,36,32,39.6,30.79338244173409,2.2708295107001466,32.64,69.36,9.853882381354909,20.939500060379178,0.9285714285714286,0.5,21.913424743290065,111.5194201153337,16.5963,2.4594594594594597,0.5932203389830508,0.559322033898305,0.38461538461538464,0.7714285714285715,0.46153846153846156,7,1.2637362637362637,10.43956043956044,38.82352941176471,1.2132352941176472,11.955077889143823,1.894736842105263,18.13186813186813
26,M,176,63,19,106,96,39,28,54,42,31,95,40,24,36,26,27.7,20.33832644628099,1.7549928774784245,16.38,46.620000000000005,5.287964876033057,15.050361570247937,1.1041666666666667,0.6022727272727273,23.115183351513217,162.5419353540524,22.542,2.717948717948718,0.5185185185185185,0.7777777777777778,0.2641509433962264,1.1071428571428572,0.37735849056603776,-10,0.8962264150943396,10.795454545454545,43.96825396825397,1.691086691086691,8.942407024793388,1.894736842105263,23.863636363636363
41,F,150,61,16,62,97,34,25,52,36,26,101,38,20,28,41,25.6,27.11111111111111,1.5942605391424158,25.009999999999998,35.99,11.115555555555554,15.995555555555557,0.6391752577319587,0.41333333333333333,34.80011223332628,89.19610776973663,8.5455,1.8235294117647058,0.4807692307692308,0.6923076923076923,0.4032258064516129,1.04,0.6129032258064516,35,1.6290322580645162,10.666666666666668,41.967213114754095,1.0235905637744904,11.377777777777778,1.75,24.0
46,F,168,70,16,77,106,31,29,54,32,24,91,39,21,31,38,30.8,24.801587301587304,1.8073922282301278,26.6,43.4,9.424603174603176,15.376984126984128,0.7264150943396226,0.4583333333333333,30.67903302375519,109.43842849833801,12.4467,2.4838709677419355,0.5370370370370371,0.5925925925925926,0.37662337662337664,0.8275862068965517,0.5064935064935064,29,1.1818181818181819,9.523809523809524,44.0,1.1578947368421053,10.912698412698415,1.9375,19.047619047619047
65,F,174,85,14,83,100,34,28,45,37,24,96,37,24,29,31,35.7,28.075042938300964,2.0269023985711137,26.35,58.65,8.703263310873298,19.371779627427664,0.83,0.47701149425287354,25.568853079247326,108.94737123458334,13.9803,2.4411764705882355,0.6222222222222222,0.8222222222222222,0.3373493975903614,0.8571428571428571,0.4457831325301205,17,1.1566265060240963,8.045977011494253,42.00000000000001,1.3548387096774195,11.791518034086407,2.0714285714285716,21.26436781609195
29,M,179,103,18,98,93,40,31,53,40,29,108,44,23,34,38,42.9,32.14631253706189,2.263048582971406,39.14,63.86,12.215598764083518,19.930713772978372,1.053763440860215,0.547486033519553,20.83321990275421,118.5243223289558,19.2255,2.45,0.5849056603773585,0.7547169811320755,0.3163265306122449,0.9354838709677419,0.4489795918367347,-5,1.1020408163265305,10.05586592178771,41.650485436893206,1.0960654062340316,13.389095221747136,1.8888888888888888,22.3463687150838
18,F,152,61,15,77,103,34,29,51,38,24,106,37,21,29,35,23.9,26.40235457063712,1.6048537489614296,21.349999999999998,39.650000000000006,9.24082409972299,17.16153047091413,0.7475728155339806,0.506578947368421,36.963178869962306,111.51187126187104,12.3312,2.264705882352941,0.5686274509803921,0.7450980392156863,0.37662337662337664,0.8275862068965517,0.4805194805194805,26,1.3766233766233766,9.868421052631579,39.18032786885245,1.1194379391100704,10.344529085872576,1.9333333333333333,25.0
42,M,167,122,19,101,108,41,24,56,32,24,108,41,22,36,45,42.7,43.744845638065186,2.378958689100011,54.9,67.1,19.685180537129334,24.059665100935852,0.9351851851851852,0.6047904191616766,32.043658151908254,108.41096146748434,20.4363,2.4634146341463414,0.42857142857142855,0.5714285714285714,0.2376237623762376,1.0,0.40594059405940597,7,1.0693069306930694,11.377245508982035,35.0,0.7777777777777779,15.310695973322817,1.894736842105263,19.16167664670659
54,F,158,58,16,84,93,34,31,54,34,26,74,39,23,30,32,23.4,23.233456176894723,1.595479725836576,18.56,39.44,7.4347059766063115,15.798750200288412,0.9032258064516129,0.5316455696202531,28.827105967305627,127.19420781740499,14.168700000000001,2.4705882352941178,0.5740740740740741,0.6296296296296297,0.36904761904761907,0.8387096774193549,0.4642857142857143,9,0.8809523809523809,10.126582278481013,40.3448275862069,1.2607758620689655,9.373497836885113,1.875,21.518987341772153
47,F,160,75,16,68,92,32,30,57,38,22,86,36,22,31,28,32.0,29.296874999999993,1.8257418583505538,21.000000000000004,54.0,8.203125,21.093749999999996,0.7391304347826086,0.425,27.457741364920444,91.119593664468,9.651200000000001,2.125,0.5263157894736842,0.6666666666666666,0.4411764705882353,0.7333333333333333,0.5294117647058824,24,1.2647058823529411,10.0,42.66666666666667,1.5238095238095235,12.499999999999998,1.9375,23.75
43,M,176,93,17,83,95,37,35,49,41,29,108,42,24,38,27,41.5,30.023243801652892,2.1322914122292635,25.110000000000003,67.89,8.106275826446282,21.916967975206614,0.8736842105263158,0.4715909090909091,22.686900191601623,104.75299627998157,13.8788,2.2432432432432434,0.7142857142857143,0.8367346938775511,0.42168674698795183,0.8285714285714286,0.5060240963855421,12,1.3012048192771084,9.659090909090908,44.623655913978496,1.652727996814018,13.397469008264464,2.235294117647059,23.295454545454543
59,M,185,78,18,99,89,37,34,51,35,30,103,40,23,32,23,33.1,22.79035792549306,2.0020822493927,17.94,60.06,5.241782322863404,17.548575602629654,1.1123595505617978,0.5351351351351351,17.36978452235075,139.87730606201643,19.672,2.675675675675676,0.6666666666666666,0.6862745098039216,0.3434343434343434,0.8823529411764706,0.40404040404040403,-10,1.0404040404040404,9.72972972972973,42.43589743589744,1.8450390189520625,9.671292914536158,1.7777777777777777,18.91891891891892
52,F,156,71,14,89,97,35,29,48,32,27,86,38,22,29,39,28.9,29.17488494411571,1.7540429489230491,27.69,43.31,11.378205128205128,17.796679815910583,0.9175257731958762,0.5705128205128205,31.78343243299183,121.03100332406103,15.8868,2.5428571428571427,0.6041666666666666,0.6666666666666666,0.3258426966292135,0.9310344827586207,0.42696629213483145,8,0.9662921348314607,8.974358974358974,40.70422535211267,1.043698085951607,11.87541091387245,2.0714285714285716,20.51282051282051
25,M,179,86,18,99,99,42,30,52,39,30,84,42,23,35,42,37.3,26.840610467838083,2.0678759902641914,36.12,49.88,11.273056396491993,15.56755407134609,1.0,0.553072625698324,23.338588928738353,131.03459976711434,19.602,2.357142857142857,0.5769230769230769,0.75,0.30303030303030304,1.0,0.42424242424242425,0,0.8484848484848485,10.05586592178771,43.37209302325581,1.0326688815060907,11.64133454012047,1.9444444444444444,21.787709497206702
58,M,173,89,19,105,96,37,29,54,37,27,93,40,23,38,26,36.6,29.737044338267232,2.068077475445358,23.14,65.86,7.731631527949481,22.00541281031775,1.09375,0.6069364161849711,24.18927655600678,134.30458813839556,22.1067,2.8378378378378377,0.5370370370370371,0.6851851851851852,0.2761904761904762,0.9310344827586207,0.38095238095238093,-9,0.8857142857142857,10.982658959537572,41.12359550561798,1.581676750216076,12.22894182899529,2.0,21.38728323699422
49,M,184,78,16,91,102,40,31,53,37,31,102,40,24,36,24,33.0,23.03875236294896,1.9966638842495916,18.72,59.28,5.52930056710775,17.50945179584121,0.8921568627450981,0.4945652173913043,22.86706393423779,128.22612100685453,16.6467,2.275,0.5849056603773585,0.6981132075471698,0.34065934065934067,1.0,0.43956043956043955,11,1.120879120879121,8.695652173913043,42.30769230769231,1.762820512820513,9.747164461247637,2.25,20.108695652173914
29,M,173,99,18,99,95,39,35,53,35,31,119,39,24,39,34,40.7,33.07828527515119,2.1811694111187236,33.660000000000004,65.34,11.246616993551406,21.831668281599786,1.0421052631578946,0.5722543352601156,23.749804925215045,120.06437125424166,19.6132,2.5384615384615383,0.660377358490566,0.660377358490566,0.35353535353535354,0.8857142857142857,0.3939393939393939,-4,1.202020202020202,10.404624277456648,41.111111111111114,1.2091503267973855,13.598850613117712,2.1666666666666665,20.23121387283237
39,M,170,61,19,79,90,40,29,63,36,29,102,40,23,33,18,26.0,21.107266435986162,1.697219949080129,10.98,50.019999999999996,3.799307958477509,17.307958477508652,0.8777777777777778,0.4647058823529412,22.604028821331376,120.99296974943316,12.5667,1.975,0.4603174603174603,0.5714285714285714,0.3670886075949367,1.0,0.5063291139240507,11,1.2911392405063291,11.176470588235295,42.62295081967213,2.3679417122040074,8.996539792387544,1.736842105263158,21.176470588235293
58,M,188,99,19,104,99,36,32,55,38,30,109,42,24,39,23,42.2,28.010411951109102,2.2737634001804143,22.77,76.23,6.442394748755093,21.56801720235401,1.0505050505050506,0.5531914893617021,20.405941910349895,131.48256525925112,21.6495,2.888888888888889,0.5818181818181818,0.6909090909090909,0.3076923076923077,0.9375,0.40384615384615385,-5,1.0480769230769231,10.106382978723403,42.62626262626263,1.8533157663592448,11.939791760977819,2.0526315789473686,20.212765957446805
52,M,176,57,18,87,111,40,28,61,32,31,91,41,24,33,9,27.1,18.401342975206614,1.669331203406522,5.13,51.87,1.656120867768595,16.745222107438018,0.7837837837837838,0.4943181818181818,29.539430750187158,140.25283891488886,15.5412,2.175,0.45901639344262296,0.5245901639344263,0.3218390804597701,1.1071428571428572,0.47126436781609193,24,1.0459770114942528,10.227272727272728,47.54385964912281,5.282651072124756,8.74870867768595,1.8333333333333333,18.181818181818183
39,F,165,78,16,102,117,30,29,48,36,25,88,36,20,32,37,29.4,28.650137741046834,1.8907670401189038,28.86,49.14,10.60055096418733,18.049586776859506,0.8717948717948718,0.6181818181818182,37.202652404180725,136.10320260559504,20.9655,3.4,0.6041666666666666,0.75,0.28431372549019607,0.8620689655172413,0.35294117647058826,15,0.8627450980392157,9.696969696969697,37.69230769230769,1.0187110187110187,10.798898071625345,2.0,21.818181818181817
61,M,166,67,18,109,83,39,30,56,33,29,105,41,23,40,30,27.7,24.31412396574249,1.7576815537646302,20.099999999999998,46.900000000000006,7.294237189722746,17.019886776019746,1.3132530120481927,0.6566265060240963,20.807526285316648,157.4043182475788,24.2352,2.7948717948717947,0.5357142857142857,0.5892857142857143,0.27522935779816515,0.9666666666666667,0.3761467889908257,-26,0.963302752293578,10.843373493975903,41.343283582089555,1.3781094527363185,10.052257221657715,2.2222222222222223,19.879518072289155
47,F,167,99,15,96,110,32,33,52,35,25,97,34,21,30,45,47.7,35.49786654236437,2.143011899173684,44.550000000000004,54.449999999999996,15.97403994406397,19.523826598300403,0.8727272727272727,0.5748502994011976,32.97039256212877,114.389292366235,18.569200000000002,3.0,0.6346153846153846,0.6730769230769231,0.34375,0.7575757575757576,0.3541666666666667,14,1.0104166666666667,8.982035928143713,48.18181818181819,1.0707070707070707,17.10351751586647,2.0,20.958083832335326
24,F,160,67,15,103,102,30,26,55,34,21,95,40,20,32,31,30.0,26.171874999999996,1.7256238807393047,20.77,46.230000000000004,8.113281249999998,18.058593749999996,1.0098039215686274,0.64375,32.39880020893354,146.02705166327402,21.218700000000002,3.433333333333333,0.4727272727272727,0.6181818181818182,0.2524271844660194,0.8076923076923077,0.3883495145631068,-1,0.9223300970873787,9.375,44.776119402985074,1.4443909484833894,11.718749999999998,2.1333333333333333,21.25
43,M,177,68,19,110,95,37,28,56,37,29,104,41,23,31,17,27.5,21.705129432793896,1.8284784202536637,11.56,56.44,3.6898720035749624,18.01525742921893,1.1578947368421053,0.6214689265536724,22.342583423880647,162.81648102636507,24.3575,2.972972972972973,0.5,0.6607142857142857,0.2545454545454545,1.0357142857142858,0.37272727272727274,-15,0.9454545454545454,10.734463276836157,40.44117647058824,2.3788927335640135,8.777809697085766,1.631578947368421,20.903954802259886
43,M,178,72,18,87,92,42,34,55,35,26,101,39,24,39,15,35.3,22.724403484408533,1.8867962264113207,10.799999999999999,61.2,3.40866052266128,19.315742961747254,0.9456521739130435,0.4887640449438202,20.73984010540407,125.49791414203737,15.1555,2.0714285714285716,0.6181818181818182,0.6363636363636364,0.39080459770114945,0.7647058823529411,0.4482758620689655,5,1.160919540229885,10.112359550561797,49.02777777777778,3.2685185185185186,11.141270041661405,2.1666666666666665,19.662921348314608
43,M,186,110,20,105,109,34,27,53,35,25,104,41,27,35,36,48.4,31.795583304428252,2.38397427279183,39.6,70.4,11.446409989594171,20.349173314834083,0.963302752293578,0.5645161290322581,24.969181551955664,125.26303518422459,22.0612,3.088235294117647,0.5094339622641509,0.660377358490566,0.2571428571428571,0.9259259259259259,0.3904761904761905,4,0.9904761904761905,10.75268817204301,44.0,1.222222222222222,13.99005665394843,1.75,18.817204301075268
30,F,154,83,15,84,100,34,26,50,38,23,80,39,21,30,45,32.1,34.99747006240513,1.8842917915109527,37.35,45.65,15.748861528082308,19.24860853432282,0.84,0.5454545454545454,34.32616649515456,104.97215241754395,14.2912,2.4705882352941178,0.52,0.76,0.30952380952380953,0.8846153846153846,0.4642857142857143,16,0.9523809523809523,9.740259740259742,38.674698795180724,0.8594377510040161,13.535166132568731,2.0,24.675324675324674
33,F,148,47,15,106,98,34,31,49,33,25,96,36,22,30,34,18.6,21.4572680788897,1.3900439641328695,15.98,31.02,7.295471146822499,14.161796932067203,1.0816326530612246,0.7162162162162162,36.429394445692616,172.56840936726624,22.5168,3.1176470588235294,0.6326530612244898,0.673469387755102,0.29245283018867924,0.8064516129032258,0.33962264150943394,-8,0.9056603773584906,10.135135135135135,39.57446808510638,1.1639549436795995,8.491599707815926,2.0,22.2972972972973
32,F,157,49,15,83,87,33,32,54,33,27,86,35,20,29,23,21.2,19.879102600511175,1.4618291433831947,11.270000000000001,37.73,4.572193598117571,15.306909002393605,0.9540229885057471,0.5286624203821656,26.22519678260071,136.30236161857908,13.789200000000001,2.515151515151515,0.5925925925925926,0.6111111111111112,0.3855421686746988,0.84375,0.42168674698795183,4,1.036144578313253,9.554140127388536,43.265306122448976,1.8811002661934335,8.600754594506876,1.9333333333333333,21.019108280254777
56,F,161,54,17,80,105,34,25,47,32,25,84,34,21,28,27,20.3,20.832529609197174,1.5540270267920053,14.580000000000002,39.42,5.624782994483238,15.207746614713937,0.7619047619047619,0.4968944099378882,33.39850475472395,126.7300327659128,13.2375,2.3529411764705883,0.5319148936170213,0.6808510638297872,0.3125,1.0,0.425,25,1.05,10.559006211180124,37.592592592592595,1.3923182441700959,7.831487982716715,1.6470588235294117,19.875776397515526
61,F,173,72,16,97,107,34,28,56,31,26,92,37,21,30,35,31.1,24.0569347455645,1.8601075237738274,25.2,46.8,8.419927160947575,15.637007584616924,0.9065420560747663,0.5606936416184971,29.023464494715896,137.94375367435876,18.888,2.8529411764705883,0.5,0.5535714285714286,0.28865979381443296,0.9285714285714286,0.38144329896907214,10,0.9484536082474226,9.248554913294797,43.19444444444444,1.2341269841269842,10.391259313709112,1.875,17.91907514450867
22,M,180,84,18,85,98,39,30,58,37,30,106,43,23,37,25,38.6,25.925925925925924,2.04939015319192,21.0,63.0,6.481481481481481,19.444444444444443,0.8673469387755102,0.4722222222222222,22.58049292499618,114.1534488999431,14.568299999999999,2.1794871794871793,0.5172413793103449,0.6379310344827587,0.35294117647058826,1.0,0.5058823529411764,13,1.2470588235294118,10.0,45.952380952380956,1.8380952380952382,11.91358024691358,2.0555555555555554,20.555555555555554
45,F,162,69,16,93,118,33,25,53,37,26,84,32,22,33,31,29.0,26.291723822588015,1.7621010186706096,21.39,47.61,8.150434385002285,18.14128943758573,0.788135593220339,0.5740740740740741,39.228120836771325,130.7342598614812,17.7355,2.8181818181818183,0.4716981132075472,0.6981132075471698,0.26881720430107525,1.04,0.34408602150537637,25,0.9032258064516129,9.876543209876543,42.028985507246375,1.3557737260402056,11.05014479500076,2.0625,22.839506172839506
47,F,157,50,15,67,105,30,26,50,37,23,91,37,21,32,12,20.8,20.28479857195018,1.4766704288891124,6.0,44.0,2.4341758286340216,17.85062274331616,0.638095238095238,0.4267515923566879,35.37523749624224,108.92137842448133,9.9888,2.2333333333333334,0.52,0.74,0.3880597014925373,0.8846153846153846,0.5522388059701493,38,1.3582089552238805,9.554140127388536,41.6,3.466666666666667,8.438476205931275,2.1333333333333333,23.56687898089172
19,M,171,86,18,111,106,41,29,53,33,28,105,41,25,35,34,36.6,29.410758865975858,2.0211382931407735,29.240000000000002,56.76,9.999658014431793,19.411100851544067,1.0471698113207548,0.6491228070175439,29.403640916724264,143.5969813560652,24.6595,2.707317073170732,0.5471698113207547,0.6226415094339622,0.26126126126126126,0.9655172413793104,0.36936936936936937,-5,0.9459459459459459,10.526315789473683,42.55813953488372,1.2517099863201093,12.516671796450192,1.9444444444444444,19.298245614035086
48,F,171,58,15,67,105,35,31,46,35,24,75,38,19,32,22,24.7,19.835162956123252,1.6598192672697831,12.76,45.24,4.3637358503471155,15.471427105776138,0.638095238095238,0.391812865497076,28.956436757132522,105.5437117118717,9.9888,1.9142857142857144,0.6739130434782609,0.7608695652173914,0.4626865671641791,0.7741935483870968,0.5671641791044776,38,1.1194029850746268,8.771929824561402,42.58620689655172,1.9357366771159874,8.447043534762834,2.1333333333333333,20.46783625730994
64,M,183,86,19,100,100,41,34,53,40,28,90,40,23,35,30,33.3,25.680074054167036,2.090853095429391,25.8,60.2,7.704022216250111,17.976051837916927,1.0,0.546448087431694,22.394604970195232,133.82887318728768,20.0,2.4390243902439024,0.6415094339622641,0.7547169811320755,0.34,0.8235294117647058,0.4,0,0.9,10.382513661202186,38.72093023255814,1.2906976744186045,9.943563558183282,1.8421052631578947,21.85792349726776
59,M,176,82,18,100,107,39,31,61,34,26,99,41,25,34,30,32.8,26.47210743801653,2.0022209890241607,24.599999999999998,57.400000000000006,7.9416322314049586,18.530475206611573,0.9345794392523364,0.5681818181818182,27.826298110540776,134.40731633637242,20.034299999999998,2.5641025641025643,0.5081967213114754,0.5573770491803278,0.31,0.8387096774193549,0.41,7,0.99,10.227272727272728,40.0,1.3333333333333333,10.58884297520661,1.8888888888888888,19.318181818181817
65,F,164,52,16,58,107,32,27,48,35,25,83,37,21,29,18,22.4,19.333729922665082,1.5391195174153594,9.36,42.64,3.480071386079715,15.85365853658537,0.5420560747663551,0.35365853658536583,32.9469284209782,94.49781087871295,8.408700000000001,1.8125,0.5625,0.7291666666666666,0.46551724137931033,0.9259259259259259,0.6379310344827587,49,1.4310344827586208,9.75609756097561,43.07692307692307,2.393162393162393,8.328375966686497,1.8125,21.341463414634145
34,M,168,75,18,93,97,36,32,52,42,27,112,39,26,36,20,31.3,26.573129251700685,1.8708286933869707,15.0,60.0,5.3146258503401365,21.258503401360546,0.9587628865979382,0.5535714285714286,26.54590757834201,127.69693099815652,17.3092,2.5833333333333335,0.6153846153846154,0.8076923076923077,0.34408602150537637,0.84375,0.41935483870967744,4,1.2043010752688172,10.714285714285714,41.733333333333334,2.086666666666667,11.089852607709753,2.0,25.0
37,M,191,94,18,88,93,41,34,57,38,30,105,40,24,36,26,43.9,25.766837531865903,2.233208951760274,24.44,69.56,6.699377758285135,19.06745977358077,0.946236559139785,0.4607329842931937,17.231643084918964,115.08240547817925,15.5055,2.1463414634146343,0.5964912280701754,0.6666666666666666,0.38636363636363635,0.8823529411764706,0.45454545454545453,5,1.1931818181818181,9.424083769633508,46.702127659574465,1.7962356792144025,12.03366135796716,2.0,19.895287958115183
37,M,170,78,18,86,94,41,40,59,37,31,109,36,23,37,32,32.5,26.989619377162633,1.9192012227313042,24.96,53.04,8.636678200692042,18.35294117647059,0.9148936170212766,0.5058823529411764,24.40865232450166,116.4793967218717,14.836799999999998,2.097560975609756,0.6779661016949152,0.6271186440677966,0.46511627906976744,0.775,0.4186046511627907,8,1.2674418604651163,10.588235294117647,41.66666666666667,1.3020833333333333,11.24567474048443,2.0555555555555554,21.764705882352942
43,M,167,75,19,89,102,40,34,58,42,28,97,39,26,36,20,35.3,26.89232313815483,1.865252440466616,15.0,60.0,5.378464627630966,21.513858510523864,0.8725490196078431,0.5329341317365269,29.263454921246684,121.84034290020463,15.9603,2.225,0.5862068965517241,0.7241379310344828,0.38202247191011235,0.8235294117647058,0.43820224719101125,13,1.0898876404494382,11.377245508982035,47.06666666666666,2.353333333333333,12.657320090358205,1.894736842105263,25.149700598802394
53,M,175,73,19,78,91,39,28,49,40,29,95,42,25,34,19,32.8,23.836734693877553,1.8837757592428859,13.870000000000001,59.129999999999995,4.528979591836735,19.307755102040815,0.8571428571428571,0.44571428571428573,21.30830519295963,110.79641263361448,12.286299999999999,2.0,0.5714285714285714,0.8163265306122449,0.358974358974359,1.0357142857142858,0.5384615384615384,13,1.2179487179487178,10.857142857142858,44.93150684931507,2.3648161499639504,10.710204081632652,1.7894736842105263,22.857142857142858
43,M,181,83,17,76,93,38,31,57,38,27,100,40,24,29,27,28.3,25.33500198406642,2.042805804660726,22.41,60.59,6.840450535697934,18.494551448368487,0.8172043010752689,0.4198895027624309,20.19135668562788,102.9644574914658,11.754299999999999,2.0,0.543859649122807,0.6666666666666666,0.40789473684210525,0.8709677419354839,0.5263157894736842,17,1.3157894736842106,9.392265193370166,34.096385542168676,1.2628290941543954,8.63831995360337,1.7058823529411764,20.994475138121548
18,F,170,60,15,80,90,33,27,46,33,24,86,33,23,27,29,25.1,20.761245674740486,1.6832508230603465,17.4,42.6,6.02076124567474,14.740484429065747,0.8888888888888888,0.47058823529411764,22.604028821331376,123.54134481176854,12.87,2.4242424242424243,0.5869565217391305,0.717391304347826,0.3375,0.8888888888888888,0.4125,10,1.075,8.823529411764707,41.833333333333336,1.442528735632184,8.685121107266438,1.8,19.411764705882355
34,F,178,63,14,97,103,34,29,52,31,25,80,34,24,28,30,21.9,19.883853048857468,1.764936259472279,18.9,44.1,5.96515591465724,13.918697134200228,0.941747572815534,0.5449438202247191,25.37177750931108,149.58393811167417,18.8432,2.8529411764705883,0.5576923076923077,0.5961538461538461,0.29896907216494845,0.8620689655172413,0.35051546391752575,6,0.8247422680412371,7.865168539325842,34.76190476190476,1.1587301587301588,6.9120060598409285,2.0,17.415730337078653
57,F,165,69,15,80,99,32,31,53,39,23,88,36,24,27,35,25.3,25.344352617079892,1.778341924377874,24.15,44.85,8.870523415977962,16.473829201101932,0.8080808080808081,0.48484848484848486,28.709936649691386,113.49609409671314,13.052700000000002,2.5,0.5849056603773585,0.7358490566037735,0.3875,0.7419354838709677,0.45,19,1.1,9.090909090909092,36.66666666666667,1.0476190476190477,9.292929292929294,1.8,23.636363636363637
29,F,164,67,15,77,105,34,30,51,37,25,81,36,22,28,33,25.2,24.910767400356935,1.7470610241838211,22.11,44.89,8.220553242117788,16.690214158239147,0.7333333333333333,0.4695121951219512,31.994649385072066,110.52200372078944,12.406799999999999,2.264705882352941,0.5882352941176471,0.7254901960784313,0.38961038961038963,0.8333333333333334,0.4675324675324675,28,1.051948051948052,9.146341463414634,37.61194029850746,1.1397557666214382,9.369422962522309,1.8666666666666667,22.5609756097561
58,F,152,56,16,63,93,32,30,50,38,25,93,36,23,27,21,23.9,24.238227146814403,1.5376750126227727,11.76,44.24,5.090027700831024,19.14819944598338,0.6774193548387096,0.4144736842105263,31.626947911713543,95.22299390095152,8.568,1.96875,0.6,0.76,0.47619047619047616,0.8333333333333334,0.5714285714285714,30,1.4761904761904763,10.526315789473683,42.67857142857142,2.032312925170068,10.344529085872576,1.6875,25.0
21,M,172,74,17,102,95,37,32,53,40,27,104,44,24,32,29,28.8,25.013520822065985,1.8803073034893938,21.459999999999997,52.540000000000006,7.253921038399135,17.75959978366685,1.0736842105263158,0.5930232558139535,24.114430760457687,142.6665100093614,20.842299999999998,2.7567567567567566,0.6037735849056604,0.7547169811320755,0.3137254901960784,0.84375,0.43137254901960786,-7,1.0196078431372548,9.883720930232558,38.91891891891892,1.3420316868592732,9.734991887506762,1.8823529411764706,23.25581395348837
57,M,158,68,19,99,104,34,34,60,42,26,91,37,21,36,29,29.4,27.239224483255885,1.7275544693133251,19.72,48.28,7.899375100144206,19.339849383111677,0.9519230769230769,0.6265822784810127,34.3657959204278,138.44675590557407,19.6195,2.911764705882353,0.5666666666666667,0.7,0.3434343434343434,0.7647058823529411,0.37373737373737376,5,0.9191919191919192,12.025316455696203,43.23529411764706,1.4908722109533468,11.776958820701807,1.894736842105263,26.582278481012654
40,F,158,46,15,77,98,33,28,54,36,26,83,38,22,29,17,18.8,18.426534209261334,1.420876099063141,7.82,38.18,3.132510815574427,15.294023393686906,0.7857142857142857,0.4873417721518987,31.344692309633885,130.92236892045693,12.1667,2.3333333333333335,0.5185185185185185,0.6666666666666666,0.36363636363636365,0.9285714285714286,0.4935064935064935,21,1.077922077922078,9.49367088607595,40.869565217391305,2.4040920716112533,7.53084441595898,1.9333333333333333,22.78481012658228
24,F,148,62,16,64,94,32,29,56,34,26,92,40,18,31,32,27.5,28.305332359386416,1.596524001977073,19.84,42.16,9.057706355003653,19.24762600438276,0.6808510638297872,0.43243243243243246,34.20778650913373,90.71696015969162,8.822,2.0,0.5178571428571429,0.6071428571428571,0.453125,0.896551724137931,0.625,30,1.4375,10.81081081081081,44.354838709677416,1.3860887096774193,12.554784514243975,1.9375,22.972972972972975
34,F,153,63,16,79,92,32,27,49,35,26,91,37,20,33,36,25.0,26.91272587466359,1.6363068171953572,22.68,40.32,9.688581314878892,17.224144559784698,0.8586956521739131,0.5163398692810458,30.61280501817567,112.9473469274209,12.600299999999999,2.46875,0.5510204081632653,0.7142857142857143,0.34177215189873417,0.9629629629629629,0.46835443037974683,13,1.1518987341772151,10.457516339869281,39.682539682539684,1.1022927689594357,10.679653124866505,2.0625,22.875816993464053
64,M,179,88,17,101,97,42,35,57,38,25,94,41,22,37,27,37.0,27.46481071127618,2.0917828652982977,23.76,64.24,7.415498892044568,20.049311819231608,1.041237113402062,0.5642458100558659,22.503465920076977,132.15392163998837,20.4132,2.4047619047619047,0.6140350877192983,0.6666666666666666,0.3465346534653465,0.7142857142857143,0.40594059405940597,-4,0.9306930693069307,9.497206703910614,42.04545454545455,1.557239057239057,11.547704503604757,2.176470588235294,21.22905027932961
58,F,171,60,15,83,106,31,27,55,35,23,94,41,21,33,25,25.8,20.519134092541297,1.6881943016134133,15.0,45.0,5.129783523135324,15.389350569405973,0.7830188679245284,0.4853801169590643,29.403640916724264,128.5505752604709,14.148299999999999,2.6774193548387095,0.4909090909090909,0.6363636363636364,0.3253012048192771,0.8518518518518519,0.4939759036144578,23,1.1325301204819278,8.771929824561402,43.0,1.72,8.823227659792758,2.2,20.46783625730994
25,M,195,99,19,102,97,38,30,55,38,28,105,44,22,36,24,40.9,26.035502958579883,2.315707235381882,23.759999999999998,75.24000000000001,6.2485207100591715,19.786982248520715,1.0515463917525774,0.5230769230769231,17.622124503499997,131.332854050015,20.8255,2.6842105263157894,0.5454545454545454,0.6909090909090909,0.29411764705882354,0.9333333333333333,0.43137254901960786,-5,1.0294117647058822,9.743589743589745,41.313131313131315,1.7213804713804715,10.756081525312295,1.894736842105263,19.48717948717949
30,F,165,61,15,84,96,33,32,58,34,24,89,37,21,28,29,27.3,22.4058769513315,1.672074559741082,17.689999999999998,43.31,6.497704315886134,15.908172635445366,0.875,0.509090909090909,27.294484023943163,126.7447101984517,14.2128,2.5454545454545454,0.5517241379310345,0.5862068965517241,0.38095238095238093,0.75,0.44047619047619047,12,1.0595238095238095,9.090909090909092,44.75409836065574,1.5432447710570947,10.027548209366392,1.8666666666666667,20.606060606060606
60,M,170,80,19,101,100,41,30,54,43,26,108,39,24,32,31,34.9,27.68166089965398,1.9436506316151,24.8,55.2,8.581314878892735,19.10034602076125,1.01,0.5941176470588235,27.115587579257088,135.07480306866407,20.4027,2.4634146341463414,0.5555555555555556,0.7962962962962963,0.297029702970297,0.8666666666666667,0.38613861386138615,-1,1.0693069306930694,11.176470588235295,43.625,1.407258064516129,12.07612456747405,1.6842105263157894,25.294117647058822
31,M,180,97,17,75,101,37,28,54,38,31,116,34,24,34,20,34.7,29.93827160493827,2.202271554554524,19.400000000000002,77.6,5.987654320987654,23.950617283950614,0.7425742574257426,0.4166666666666667,23.822752912496064,93.73141015317657,11.7232,2.027027027027027,0.5185185185185185,0.7037037037037037,0.37333333333333335,1.1071428571428572,0.4533333333333333,26,1.5466666666666666,9.444444444444445,35.77319587628866,1.7886597938144329,10.709876543209877,2.0,21.11111111111111
29,F,165,60,15,65,94,33,29,54,34,25,86,39,22,29,21,21.0,22.03856749311295,1.6583123951777,12.6,47.4,4.62809917355372,17.41046831955923,0.6914893617021277,0.3939393939393939,26.350848940111007,98.89018870325732,9.0387,1.9696969696969697,0.5370370370370371,0.6296296296296297,0.4461538461538462,0.8620689655172413,0.6,29,1.323076923076923,9.090909090909092,35.0,1.6666666666666667,7.713498622589532,1.9333333333333333,20.606060606060606
63,M,172,64,18,81,85,41,35,55,37,32,79,45,23,34,17,26.4,21.63331530557058,1.7486502731472002,10.88,53.12,3.677663601946999,17.95565170362358,0.9529411764705882,0.47093023255813954,19.681332785672666,121.82397258450963,13.1332,1.975609756097561,0.6363636363636364,0.6727272727272727,0.43209876543209874,0.9142857142857143,0.5555555555555556,4,0.9753086419753086,10.465116279069768,41.25,2.426470588235294,8.923742563547863,1.8888888888888888,21.511627906976745
34,M,183,62,19,87,89,37,31,57,39,27,98,42,23,32,21,29.2,18.513541759980885,1.7752934029806642,13.02,48.980000000000004,3.887843769595986,14.625697990384902,0.9775280898876404,0.47540983606557374,17.951198423473755,137.12683580288646,15.140799999999999,2.3513513513513513,0.543859649122807,0.6842105263157895,0.3563218390804598,0.8709677419354839,0.4827586206896552,2,1.1264367816091954,10.382513661202186,47.096774193548384,2.2427035330261136,8.719280957926483,1.6842105263157894,21.311475409836063
40,M,181,112,16,99,99,40,37,59,39,30,95,42,21,35,30,49.0,34.18699062910168,2.3729962307410246,33.6,78.4,10.256097188730504,23.930893440371175,1.0,0.5469613259668509,22.65531518147484,115.46197256390634,19.602,2.475,0.6271186440677966,0.6610169491525424,0.37373737373737376,0.8108108108108109,0.42424242424242425,0,0.9595959595959596,8.83977900552486,43.75,1.4583333333333333,14.956808400231983,2.1875,21.54696132596685
38,M,176,54,18,96,94,39,34,57,36,31,89,45,23,36,17,21.8,17.43285123966942,1.624807680927192,9.180000000000001,44.82,2.963584710743802,14.46926652892562,1.0212765957446808,0.5454545454545454,22.258617031690022,159.0025865127527,18.4348,2.4615384615384617,0.5964912280701754,0.631578947368421,0.3541666666666667,0.9117647058823529,0.46875,-2,0.9270833333333334,10.227272727272728,40.370370370370374,2.3747276688453156,7.037706611570249,2.0,20.454545454545457
43,F,161,91,15,74,86,34,27,52,35,26,97,37,23,29,45,40.1,35.10667026735079,2.0173552543422346,40.95,50.05,15.798001620307858,19.308668647042936,0.8604651162790697,0.45962732919254656,24.097822941964374,90.30201965197622,11.0528,2.176470588235294,0.5192307692307693,0.6730769230769231,0.36486486486486486,0.9629629629629629,0.5,12,1.3108108108108107,9.316770186335404,44.065934065934066,0.9792429792429792,15.47008217275568,1.9333333333333333,21.73913043478261
42,M,172,67,20,69,101,41,34,55,38,23,97,45,25,33,25,27.1,22.647376960519203,1.789164920042619,16.75,50.25,5.661844240129801,16.9855327203894,0.6831683168316832,0.4011627906976744,26.7742895453287,101.42602723506015,10.2388,1.6829268292682926,0.6181818181818182,0.6909090909090909,0.4927536231884058,0.6764705882352942,0.6521739130434783,32,1.4057971014492754,11.627906976744185,40.44776119402985,1.617910447761194,9.160356949702543,1.65,22.093023255813954
56,F,159,40,16,65,95,36,26,50,35,23,81,36,21,30,30,17.4,15.822158933586486,1.3291601358251257,12.0,28.0,4.746647680075946,11.075511253510541,0.6842105263157895,0.4088050314465409,29.38358531020357,118.89276444307318,9.08,1.8055555555555556,0.52,0.7,0.4,0.8846153846153846,0.5538461538461539,30,1.2461538461538462,10.062893081761008,43.49999999999999,1.45,6.882639136110121,1.875,22.0125786163522
29,F,160,45,15,83,106,33,30,51,32,25,101,37,21,30,28,21.9,17.578124999999996,1.4142135623730951,12.600000000000001,32.4,4.921875,12.656249999999996,0.7830188679245284,0.51875,34.37522374653877,143.58376229598397,14.148299999999999,2.515151515151515,0.5882352941176471,0.6274509803921569,0.3614457831325301,0.8333333333333334,0.4457831325301205,23,1.216867469879518,9.375,48.666666666666664,1.7380952380952377,8.554687499999998,2.0,20.0
27,M,173,82,17,87,94,39,36,59,41,30,108,40,27,37,25,37.3,27.39817568244846,1.9850832616178988,20.5,61.5,6.849543920612115,20.548631761836344,0.925531914893617,0.5028901734104047,23.31033329442331,115.93348205018384,15.1723,2.230769230769231,0.6101694915254238,0.6949152542372882,0.41379310344827586,0.8333333333333334,0.45977011494252873,7,1.2413793103448276,9.826589595375722,45.48780487804878,1.819512195121951,12.462828694577164,2.176470588235294,23.699421965317917
37,F,160,60,15,80,115,35,26,47,37,23,87,36,23,31,38,24.6,23.437499999999996,1.632993161855452,22.8,37.2,8.906249999999998,14.531249999999998,0.6956521739130435,0.5,38.82217670615056,119.85270912700567,13.6575,2.2857142857142856,0.5531914893617021,0.7872340425531915,0.325,0.8846153846153846,0.45,35,1.0875,9.375,41.0,1.0789473684210527,9.609374999999998,2.066666666666667,23.125
44,M,186,85,19,98,108,40,33,56,37,30,104,38,23,37,28,32.7,24.56931437160365,2.0956303745333207,23.8,61.2,6.879408024049022,17.68990634755463,0.9074074074074074,0.5268817204301075,24.57496887716708,132.99845226396036,19.278,2.45,0.5892857142857143,0.6607142857142857,0.336734693877551,0.9090909090909091,0.3877551020408163,10,1.0612244897959184,10.21505376344086,38.47058823529412,1.3739495798319328,9.451959764134582,1.9473684210526316,19.892473118279568
59,F,160,60,15,113,111,33,27,45,40,26,95,40,21,31,39,24.9,23.437499999999996,1.632993161855452,23.400000000000002,36.599999999999994,9.140624999999998,14.296874999999995,1.018018018018018,0.70625,36.84575316854532,169.2919516418955,25.5408,3.4242424242424243,0.6,0.8888888888888888,0.23893805309734514,0.9629629629629629,0.35398230088495575,-2,0.8407079646017699,9.375,41.5,1.0641025641025639,9.726562499999998,2.066666666666667,25.0
33,F,167,89,15,90,98,32,34,47,39,26,99,37,21,33,37,40.4,31.912223457277065,2.0318984007846237,32.93,56.07,11.807522679192513,20.10470077808455,0.9183673469387755,0.5389221556886228,27.409986100805632,113.10433320520532,16.244799999999998,2.8125,0.723404255319149,0.8297872340425532,0.37777777777777777,0.7647058823529411,0.4111111111111111,8,1.1,8.982035928143713,45.39325842696629,1.2268448223504402,14.485998063752733,2.2,23.353293413173652
63,M,174,65,18,88,97,39,37,58,40,26,95,44,23,40,18,25.6,21.469150482230148,1.7724747294860559,11.7,53.3,3.8644470868014267,17.60470339542872,0.9072164948453608,0.5057471264367817,24.261787486869906,132.09127130114854,15.5447,2.2564102564102564,0.6379310344827587,0.6896551724137931,0.42045454545454547,0.7027027027027027,0.5,9,1.0795454545454546,10.344827586206897,39.38461538461539,2.1880341880341883,8.455542343770643,2.2222222222222223,22.988505747126435
24,F,170,80,14,68,94,32,26,50,33,25,86,35,20,29,36,34.4,27.68166089965398,1.9436506316151,28.799999999999997,51.2,9.965397923875432,17.716262975778548,0.723404255319149,0.4,24.40865232450166,90.94145157098176,9.721200000000001,2.125,0.52,0.66,0.38235294117647056,0.9615384615384616,0.5147058823529411,26,1.2647058823529411,8.235294117647058,43.0,1.1944444444444444,11.903114186851212,2.0714285714285716,19.411764705882355
45,F,157,69,15,71,90,33,29,50,31,25,97,35,20,31,45,30.7,27.993022029291247,1.7346949779908474,31.05,37.95,12.596859913181062,15.396162116110188,0.7888888888888889,0.45222929936305734,27.75020356820763,98.25555918416447,10.334700000000002,2.1515151515151514,0.58,0.62,0.4084507042253521,0.8620689655172413,0.49295774647887325,19,1.3661971830985915,9.554140127388536,44.4927536231884,0.9887278582930756,12.45486632317741,2.066666666666667,19.745222929936308
48,M,172,90,15,73,88,39,33,48,35,29,94,41,23,38,29,42.1,30.42184964845863,2.073644135332772,26.099999999999998,63.900000000000006,8.822336398053002,21.59951325040563,0.8295454545454546,0.42441860465116277,21.01126217810817,92.58472286195251,10.8155,1.8717948717948718,0.6875,0.7291666666666666,0.4520547945205479,0.8787878787878788,0.5616438356164384,15,1.2876712328767124,8.720930232558139,46.77777777777778,1.613026819923372,14.230665224445648,2.533333333333333,20.348837209302324
57,M,171,107,17,109,101,39,28,49,42,28,100,41,23,39,45,39.7,36.592455798365314,2.254440063519099,48.15,58.85,16.46660510926439,20.125850689100922,1.0792079207920793,0.6374269005847953,27.16762011876557,126.41719982350088,23.8068,2.7948717948717947,0.5714285714285714,0.8571428571428571,0.25688073394495414,1.0,0.3761467889908257,-8,0.9174311926605505,9.941520467836257,37.10280373831776,0.8245067497403947,13.576827057898159,2.2941176470588234,24.561403508771928
36,F,164,75,15,100,91,34,31,52,36,24,88,34,20,34,43,30.2,27.885187388459254,1.848422751068236,32.25,42.75,11.99063057703748,15.894556811421776,1.098901098901099,0.6097560975609756,25.328696133729125,135.6640551242742,20.0567,2.9411764705882355,0.5961538461538461,0.6923076923076923,0.31,0.7741935483870968,0.34,-9,0.88,9.146341463414634,40.266666666666666,0.9364341085271317,11.22843545508626,2.2666666666666666,21.951219512195124
61,M,177,82,18,91,102,41,33,59,37,34,114,43,25,34,29,35.1,26.173832551310287,2.0079010599794667,23.779999999999998,58.22,7.590411439879982,18.5834211114303,0.8921568627450981,0.5141242937853108,25.315194834061323,122.65763915291888,16.6467,2.2195121951219514,0.559322033898305,0.6271186440677966,0.3626373626373626,1.0303030303030303,0.4725274725274725,11,1.2527472527472527,10.16949152542373,42.80487804878049,1.476030277544155,11.203677104280379,1.8888888888888888,20.903954802259886
39,M,164,69,18,114,98,38,28,56,38,32,98,43,25,33,29,29.2,25.654372397382513,1.7729448195962934,20.009999999999998,48.99,7.439767995240929,18.214604402141585,1.163265306122449,0.6951219512195121,28.661672759400595,161.24109248821495,26.171200000000002,3.0,0.5,0.6785714285714286,0.24561403508771928,1.1428571428571428,0.37719298245614036,-16,0.8596491228070176,10.975609756097562,42.31884057971014,1.4592703648175913,10.85663295657347,1.8333333333333333,23.170731707317074
24,M,172,86,18,123,89,37,35,62,40,29,115,40,25,33,31,33.5,29.069767441860467,2.0270394394014364,26.66,59.34,9.011627906976745,20.058139534883725,1.3820224719101124,0.7151162790697675,21.454571975586674,159.58556713017495,31.0672,3.324324324324324,0.5645161290322581,0.6451612903225806,0.2845528455284553,0.8285714285714286,0.3252032520325203,-34,0.9349593495934959,10.465116279069768,38.95348837209303,1.2565641410352588,11.323688480259602,1.8333333333333333,23.25581395348837
36,F,151,68,15,99,120,33,28,51,33,25,80,38,23,31,33,27.4,29.823253366080436,1.6888523387857868,22.44,45.56,9.841673610806543,19.98157975527389,0.825,0.6556291390728477,46.67193049837029,135.34515505110056,19.910700000000002,3.0,0.5490196078431373,0.6470588235294118,0.2828282828282828,0.8928571428571429,0.3838383838383838,21,0.8080808080808081,9.933774834437086,40.29411764705882,1.2210338680926915,12.01701679750888,2.066666666666667,21.85430463576159
59,F,170,72,15,64,108,35,28,48,34,25,82,35,22,31,19,30.1,24.913494809688583,1.8439088914585775,13.68,58.32,4.733564013840831,20.179930795847753,0.5925925925925926,0.3764705882352941,30.724834585597655,90.22184178390593,9.5472,1.8285714285714285,0.5833333333333334,0.7083333333333334,0.4375,0.8928571428571429,0.546875,44,1.28125,8.823529411764707,41.80555555555556,2.200292397660819,10.41522491349481,2.066666666666667,20.0
54,F,159,67,14,85,93,35,25,53,40,24,87,34,22,29,34,30.5,26.502116213757365,1.720222853779901,22.78,44.22,9.010719512677504,17.49139670107986,0.9139784946236559,0.5345911949685535,28.386036145778235,120.1305840651444,14.4948,2.4285714285714284,0.4716981132075472,0.7547169811320755,0.29411764705882354,0.96,0.4,8,1.0235294117647058,8.80503144654088,45.52238805970149,1.3388937664618086,12.064396186859696,2.0714285714285716,25.157232704402517
25,M,178,77,18,104,97,38,32,57,38,29,102,43,24,33,28,33.5,24.302487059714682,1.9512104505209638,21.560000000000002,55.44,6.804696376720112,17.49779068299457,1.0721649484536082,0.5842696629213483,22.845266198089078,145.06795199869907,21.6663,2.736842105263158,0.5614035087719298,0.6666666666666666,0.3076923076923077,0.90625,0.41346153846153844,-7,0.9807692307692307,10.112359550561797,43.506493506493506,1.5538033395176252,10.573159954551192,1.8333333333333333,21.34831460674157
22,F,153,72,16,81,102,32,26,56,38,23,84,37,20,30,42,28.2,30.757400999615534,1.7492855684535902,30.24,41.760000000000005,12.918108419838523,17.839292579777013,0.7941176470588235,0.5294117647058824,35.89680556362955,108.32731731249297,13.4307,2.53125,0.4642857142857143,0.6785714285714286,0.32098765432098764,0.8846153846153846,0.4567901234567901,21,1.037037037037037,10.457516339869281,39.166666666666664,0.9325396825396826,12.046648724849417,1.875,24.836601307189543
43,F,165,66,15,81,95,33,27,54,35,23,85,36,19,28,43,28.3,24.242424242424246,1.7392527130926085,28.38,37.620000000000005,10.424242424242426,13.818181818181822,0.8526315789473684,0.4909090909090909,26.82266648202709,117.49747269432969,13.2592,2.4545454545454546,0.5,0.6481481481481481,0.3333333333333333,0.8518518518518519,0.4444444444444444,14,1.0493827160493827,9.090909090909092,42.878787878787875,0.9971811134601832,10.394857667584942,1.8666666666666667,21.21212121212121
29,M,174,74,18,86,93,35,33,56,38,29,107,46,23,35,23,26.7,24.441802087462015,1.8912077270005712,17.02,56.980000000000004,5.621614480116263,18.820187607345755,0.9247311827956989,0.4942528735632184,22.51903336370001,120.98477400598745,14.8263,2.4571428571428573,0.5892857142857143,0.6785714285714286,0.38372093023255816,0.8787878787878788,0.5348837209302325,7,1.244186046511628,10.344827586206897,36.08108108108108,1.5687426556991775,8.818866428854538,1.9444444444444444,21.839080459770116
48,F,148,42,16,89,96,34,29,53,36,26,90,32,22,30,26,16.2,19.174579985390796,1.3140268896284681,10.92,31.08,4.9853907962016075,14.18918918918919,0.9270833333333334,0.6013513513513513,35.318590477413174,153.27443404578463,15.876299999999999,2.6176470588235294,0.5471698113207547,0.6792452830188679,0.3258426966292135,0.896551724137931,0.3595505617977528,7,1.0112359550561798,10.81081081081081,38.57142857142857,1.4835164835164834,7.39590942293645,1.875,24.324324324324326
32,M,180,84,19,77,104,37,34,55,39,28,103,44,24,33,27,36.2,25.925925925925924,2.04939015319192,22.68,61.32,6.999999999999999,18.925925925925924,0.7403846153846154,0.42777777777777776,25.06501289999595,103.40959488583081,12.3683,2.081081081081081,0.6181818181818182,0.7090909090909091,0.44155844155844154,0.8235294117647058,0.5714285714285714,27,1.3376623376623376,10.555555555555555,43.095238095238095,1.5961199294532629,11.17283950617284,1.736842105263158,21.666666666666668
21,M,185,113,18,112,87,37,31,58,37,29,90,42,23,35,39,51.7,33.01680058436815,2.409760246257798,44.07,68.93,12.876552227903579,20.14024835646457,1.2873563218390804,0.6054054054054054,16.574957903870953,131.47348262444106,25.5255,3.027027027027027,0.5344827586206896,0.6379310344827587,0.2767857142857143,0.9354838709677419,0.375,-25,0.8035714285714286,9.72972972972973,45.75221238938053,1.1731336510097572,15.105916727538348,1.9444444444444444,20.0
62,F,173,61,17,55,99,33,27,50,35,23,97,36,21,33,22,22.0,20.381569714992146,1.7121299275723465,13.42,47.58,4.483945337298272,15.897624377693875,0.5555555555555556,0.3179190751445087,25.507691448381998,84.97561679934944,7.4052,1.6666666666666667,0.54,0.7,0.4909090909090909,0.8518518518518519,0.6545454545454545,44,1.7636363636363637,9.826589595375722,36.0655737704918,1.639344262295082,7.350730061144709,1.9411764705882353,20.23121387283237
49,F,166,72,16,59,117,31,25,44,40,25,84,38,20,28,31,28.3,26.1286108288576,1.8220867158288598,22.32,49.68,8.099869356945856,18.028741471911744,0.5042735042735043,0.35542168674698793,36.70458524556684,82.18892678432931,9.316799999999999,1.903225806451613,0.5681818181818182,0.9090909090909091,0.423728813559322,1.0,0.6440677966101694,58,1.423728813559322,9.63855421686747,39.30555555555556,1.267921146953405,10.26999564523153,1.75,24.096385542168676
21,F,155,68,16,97,89,35,28,53,35,24,88,38,22,28,45,27.3,28.303850156087407,1.7110750356947464,30.6,37.4,12.736732570239333,15.567117585848072,1.0898876404494382,0.6258064516129033,28.120335659562834,134.3558649182869,18.8628,2.7714285714285714,0.5283018867924528,0.660377358490566,0.28865979381443296,0.8571428571428571,0.3917525773195876,-8,0.9072164948453608,10.32258064516129,40.14705882352941,0.892156862745098,11.363163371488032,1.75,22.58064516129032
25,F,157,45,16,55,101,35,31,51,35,25,87,37,23,29,24,20.5,18.25631871475516,1.40089257261219,10.799999999999999,34.2,4.381516491541238,13.874802223213925,0.5445544554455446,0.3503184713375796,33.34189511543301,94.2496532032666,7.5312,1.5714285714285714,0.6078431372549019,0.6862745098039216,0.5636363636363636,0.8064516129032258,0.6727272727272727,46,1.5818181818181818,10.191082802547772,45.55555555555556,1.8981481481481484,8.316767414499573,1.8125,22.29299363057325
39,M,175,66,17,105,108,39,34,51,39,30,91,38,24,30,23,27.5,21.551020408163264,1.7911821050170564,15.180000000000001,50.82,4.956734693877552,16.594285714285714,0.9722222222222222,0.6,28.651614954281754,156.85915014744864,22.0563,2.6923076923076925,0.6666666666666666,0.7647058823529411,0.3238095238095238,0.8823529411764706,0.3619047619047619,3,0.8666666666666667,9.714285714285714,41.66666666666667,1.8115942028985506,8.979591836734693,1.7647058823529411,22.285714285714285
59,M,184,92,17,81,112,39,36,56,35,30,108,43,22,38,18,34.7,27.173913043478258,2.1684607956387456,16.56,75.44,4.891304347826086,22.282608695652172,0.7232142857142857,0.44021739130434784,26.8736388297513,105.09293445157863,13.7947,2.076923076923077,0.6428571428571429,0.625,0.4444444444444444,0.8333333333333334,0.5308641975308642,31,1.3333333333333333,9.239130434782608,37.71739130434783,2.095410628019324,10.249291115311909,2.235294117647059,19.021739130434785
63,F,165,62,16,90,109,32,28,51,32,26,94,36,22,29,34,25.2,22.77318640955005,1.6857243744653712,21.080000000000002,40.92,7.742883379247017,15.030303030303033,0.8256880733944955,0.5454545454545454,33.42811206885213,134.69830751868903,16.4527,2.8125,0.5490196078431373,0.6274509803921569,0.3111111111111111,0.9285714285714286,0.4,19,1.0444444444444445,9.696969696969697,40.64516129032258,1.1954459203036052,9.25619834710744,1.8125,19.393939393939394
30,M,191,84,18,92,100,38,34,53,41,30,104,42,26,34,24,37.0,23.025684602944,2.111081871142535,20.16,63.84,5.52616430470656,17.49952029823744,0.92,0.4816753926701571,19.883487188084906,127.27361215276096,16.9728,2.4210526315789473,0.6415094339622641,0.7735849056603774,0.3695652173913043,0.8823529411764706,0.45652173913043476,8,1.1304347826086956,9.424083769633508,44.047619047619044,1.8353174603174602,10.142265837011047,1.8888888888888888,21.465968586387437
24,F,163,72,15,79,96,34,28,56,37,26,96,38,22,35,34,32.9,27.09925100681245,1.8055470085267789,24.48,47.519999999999996,9.213745342316233,17.88550566449622,0.8229166666666666,0.48466257668711654,28.130676809106696,109.05062207462962,12.684299999999999,2.323529411764706,0.5,0.6607142857142857,0.35443037974683544,0.9285714285714286,0.4810126582278481,17,1.2151898734177216,9.202453987730062,45.69444444444444,1.343954248366013,12.382852196168468,2.3333333333333335,22.699386503067483
20,M,187,84,18,91,98,41,30,59,34,26,98,41,23,35,29,32.3,24.021275987303035,2.0888593378524396,24.36,59.64,6.96617003631788,17.055105950985155,0.9285714285714286,0.48663101604278075,20.323367681528765,124.56500638569595,16.5963,2.2195121951219514,0.5084745762711864,0.576271186440678,0.32967032967032966,0.8666666666666667,0.45054945054945056,7,1.0769230769230769,9.62566844919786,38.45238095238095,1.325944170771757,9.23675255226057,1.9444444444444444,18.181818181818183
65,F,156,56,15,92,108,32,29,47,36,24,84,34,24,30,29,24.5,23.011176857330703,1.5577761927397231,16.24,39.760000000000005,6.673241288625903,16.3379355687048,0.8518518518518519,0.5897435897435898,37.42897631714554,140.87360065405096,17.107200000000002,2.875,0.6170212765957447,0.7659574468085106,0.31521739130434784,0.8275862068965517,0.3695652173913043,16,0.9130434782608695,9.615384615384617,43.75,1.5086206896551726,10.067389875082181,2.0,23.076923076923077
43,M,174,51,18,80,112,41,35,56,39,30,91,42,23,31,9,21.1,16.84502576298058,1.5700318468107581,4.59,46.41,1.516052318668252,15.328973444312325,0.7142857142857143,0.45977011494252873,30.797115448757005,135.5667002103191,13.5168,1.951219512195122,0.625,0.6964285714285714,0.4375,0.8571428571428571,0.525,32,1.1375,10.344827586206897,41.372549019607845,4.596949891067538,6.969216541154711,1.7222222222222223,22.413793103448278
20,M,192,101,18,105,104,39,32,54,44,28,106,45,25,32,33,40.1,27.39800347222222,2.3209193580705616,33.33,67.67,9.041341145833334,18.35666232638889,1.0096153846153846,0.546875,21.091424476380915,132.81671319688013,22.0507,2.6923076923076925,0.5925925925925926,0.8148148148148148,0.3047619047619048,0.875,0.42857142857142855,-1,1.0095238095238095,9.375,39.70297029702971,1.2031203120312033,10.877821180555555,1.7777777777777777,22.916666666666664
34,M,180,88,19,101,96,34,30,56,38,32,106,39,22,32,27,35.1,27.160493827160494,2.0976176963403033,23.76,64.24,7.333333333333333,19.827160493827158,1.0520833333333333,0.5611111111111111,21.752319599996262,132.52255254193324,20.4195,2.9705882352941178,0.5357142857142857,0.6785714285714286,0.297029702970297,1.0666666666666667,0.38613861386138615,-5,1.0495049504950495,10.555555555555555,39.88636363636363,1.4772727272727273,10.833333333333334,1.6842105263157894,21.11111111111111
44,M,179,103,17,98,93,41,33,64,35,28,101,44,25,33,34,43.1,32.14631253706189,2.263048582971406,35.02,67.97999999999999,10.929746262601043,21.216566274460845,1.053763440860215,0.547486033519553,20.83321990275421,118.5243223289558,19.2255,2.3902439024390243,0.515625,0.546875,0.336734693877551,0.8484848484848485,0.4489795918367347,-5,1.030612244897959,9.497206703910614,41.84466019417476,1.2307252998286693,13.451515246090947,1.9411764705882353,19.553072625698324
30,M,181,83,18,89,101,40,30,55,37,29,104,41,25,36,23,36.6,25.33500198406642,2.042805804660726,19.09,63.91,5.827050456335277,19.507951527731144,0.8811881188118812,0.49171270718232046,23.47663468009049,120.57679890447967,15.9428,2.225,0.5454545454545454,0.6727272727272727,0.33707865168539325,0.9666666666666667,0.4606741573033708,12,1.1685393258426966,9.94475138121547,44.096385542168676,1.9172341540073339,11.171820152010012,2.0,20.441988950276244
18,F,152,69,15,80,87,34,29,50,33,25,89,38,22,30,40,32.1,29.864958448753463,1.7068489485989478,27.6,41.4,11.945983379501385,17.918975069252078,0.9195402298850575,0.5263157894736842,28.425209336764283,108.93331941596794,12.834299999999999,2.3529411764705883,0.58,0.66,0.3625,0.8620689655172413,0.475,7,1.1125,9.868421052631579,46.52173913043479,1.1630434782608696,13.893698060941828,2.0,21.710526315789476
37,M,173,43,18,86,94,36,35,61,38,28,91,45,24,38,8,18.0,14.367336028601022,1.4374939613399735,3.44,39.56,1.1493868822880817,13.217949146312941,0.9148936170212766,0.49710982658959535,23.31033329442331,158.2562159273365,14.836799999999998,2.388888888888889,0.5737704918032787,0.6229508196721312,0.4069767441860465,0.8,0.5232558139534884,8,1.058139534883721,10.404624277456648,41.86046511627907,5.232558139534884,6.014233686391125,2.111111111111111,21.965317919075144
40,F,173,72,17,70,113,32,27,57,35,24,106,36,20,32,27,28.7,24.0569347455645,1.8601075237738274,19.44,52.56,6.495372381302416,17.561562364262087,0.6194690265486725,0.4046242774566474,31.660294279466314,99.54703873407333,11.094299999999999,2.1875,0.47368421052631576,0.6140350877192983,0.38571428571428573,0.8888888888888888,0.5142857142857142,43,1.5142857142857142,9.826589595375722,39.86111111111111,1.4763374485596708,9.58936148885696,1.8823529411764706,20.23121387283237
47,M,185,80,17,97,93,40,31,58,40,27,103,45,22,35,26,36.6,23.37472607742878,2.0275875100994063,20.8,59.2,6.077428780131482,17.2972972972973,1.043010752688172,0.5243243243243243,18.959437759310333,135.3275150089283,18.8292,2.425,0.5344827586206896,0.6896551724137931,0.31958762886597936,0.8709677419354839,0.4639175257731959,-4,1.0618556701030928,9.18918918918919,45.75,1.7596153846153846,10.693937180423667,2.0588235294117645,21.62162162162162
52,M,187,74,19,90,96,40,33,58,40,28,98,40,27,40,19,33.2,21.161600274528865,1.9605838132783022,14.06,59.94,4.020704052160484,17.14089622236838,0.9375,0.48128342245989303,19.541258137007773,131.25654093358332,16.2252,2.25,0.5689655172413793,0.6896551724137931,0.36666666666666664,0.8484848484848485,0.4444444444444444,6,1.0888888888888888,10.16042780748663,44.86486486486487,2.361308677098151,9.494123366410248,2.1052631578947367,21.390374331550802
44,M,177,84,18,93,106,39,33,56,34,25,103,38,23,37,28,33.4,26.812218711098343,2.0322401432901573,23.520000000000003,60.48,7.507421239107536,19.304797471990806,0.8773584905660378,0.5254237288135594,27.013829925593143,123.8521188243674,17.4163,2.3846153846153846,0.5892857142857143,0.6071428571428571,0.3548387096774194,0.7575757575757576,0.40860215053763443,13,1.10752688172043,10.16949152542373,39.76190476190476,1.420068027210884,10.661048868460531,2.0555555555555554,19.2090395480226
60,M,168,71,18,79,89,40,30,54,40,28,89,42,23,33,29,30.2,25.15589569160998,1.8202563921968062,20.59,50.41,7.295209750566895,17.860685941043084,0.8876404494382022,0.47023809523809523,22.872018293530296,111.48746994460346,12.552,1.975,0.5555555555555556,0.7407407407407407,0.379746835443038,0.9333333333333333,0.5316455696202531,10,1.1265822784810127,10.714285714285714,42.53521126760563,1.4667314230208839,10.700113378684808,1.8333333333333333,23.809523809523807
61,M,181,93,17,112,98,41,37,57,40,29,89,43,25,37,37,38.3,28.387411861664784,2.1623675296612586,34.41,58.59,10.50334238881597,17.884069472848815,1.1428571428571428,0.6187845303867403,22.244655432167015,143.34724079435392,25.2252,2.731707317073171,0.6491228070175439,0.7017543859649122,0.33035714285714285,0.7837837837837838,0.38392857142857145,-14,0.7946428571428571,9.392265193370166,41.18279569892473,1.1130485324033712,11.690729831201732,2.176470588235294,22.099447513812155
62,M,177,93,18,108,91,38,28,58,42,32,97,40,22,32,31,37.2,29.68495643014459,2.13834047803431,28.83,64.17,9.202336493344824,20.482619936799768,1.1868131868131868,0.6101694915254238,20.643948332348828,136.69178551506684,23.5303,2.8421052631578947,0.4827586206896552,0.7241379310344828,0.25925925925925924,1.1428571428571428,0.37037037037037035,-17,0.8981481481481481,10.16949152542373,40.0,1.2903225806451615,11.873982572057837,1.7777777777777777,23.728813559322035
44,F,165,59,14,82,107,31,28,49,37,23,94,38,20,33,17,23.4,21.6712580348944,1.6444350600332829,10.030000000000001,48.97,3.6841138659320487,17.987144168962352,0.7663551401869159,0.49696969696969695,32.48447698501998,125.80656966822814,13.8855,2.6451612903225805,0.5714285714285714,0.7551020408163265,0.34146341463414637,0.8214285714285714,0.4634146341463415,25,1.146341463414634,8.484848484848486,39.66101694915254,2.3330009970089725,8.59504132231405,2.357142857142857,22.424242424242426
21,F,158,40,16,66,88,33,26,50,33,28,89,37,21,34,21,18.2,16.023073225444637,1.3249737942901194,8.4,31.6,3.364845377343374,12.658227848101264,0.75,0.4177215189873418,26.30951962497737,120.34165654561635,9.050799999999999,2.0,0.52,0.66,0.3939393939393939,1.0769230769230769,0.5606060606060606,22,1.3484848484848484,10.126582278481013,45.49999999999999,2.1666666666666665,7.29049831757731,2.125,20.88607594936709
40,M,198,79,19,82,104,39,29,59,43,26,106,43,24,40,21,35.2,20.15100499948985,2.084466358567583,16.59,62.41,4.231711049892868,15.91929394959698,0.7884615384615384,0.41414141414141414,19.328071550477247,119.09853076474869,13.7868,2.1025641025641026,0.4915254237288136,0.7288135593220338,0.35365853658536583,0.896551724137931,0.524390243902439,22,1.2926829268292683,9.595959595959595,44.55696202531646,2.1217600964436407,8.978675645342314,2.1052631578947367,21.71717171717172
53,M,169,90,18,107,96,39,36,56,40,24,107,39,22,37,39,34.3,31.51150169811982,2.0554804791094465,35.1,54.9,12.28948566226673,19.222016035853088,1.1145833333333333,0.6331360946745562,25.695949021392806,134.51768273070996,22.9827,2.7435897435897436,0.6428571428571429,0.7142857142857143,0.3364485981308411,0.6666666666666666,0.3644859813084112,-11,1.0,10.650887573964498,38.11111111111111,0.9772079772079771,12.009383424950107,2.0555555555555554,23.668639053254438
34,M,177,70,18,93,101,39,33,57,38,30,109,38,23,36,23,27.3,22.34351559258195,1.855172947912584,16.1,53.9,5.1390085862938495,17.2045070062881,0.9207920792079208,0.5254237288135594,24.890536061178373,135.67319854983248,17.3428,2.3846153846153846,0.5789473684210527,0.6666666666666666,0.3548387096774194,0.9090909090909091,0.40860215053763443,8,1.1720430107526882,10.16949152542373,39.0,1.6956521739130435,8.713971081106962,2.0,21.468926553672315
21,F,152,63,15,84,95,37,30,53,32,25,83,38,22,28,34,31.8,27.268005540166204,1.6309506430300091,21.42,41.58,9.27112188365651,17.996883656509695,0.8842105263157894,0.5526315789473685,32.694194103363294,119.70279948844103,14.1967,2.27027027027027,0.5660377358490566,0.6037735849056604,0.35714285714285715,0.8333333333333334,0.4523809523809524,11,0.9880952380952381,9.868421052631579,50.476190476190474,1.4845938375350138,13.763850415512465,1.8666666666666667,21.052631578947366
43,M,176,79,19,86,96,35,32,50,35,29,108,40,24,41,30,32.3,25.50361570247934,1.9652537297311565,23.7,55.3,7.651084710743802,17.852530991735538,0.8958333333333334,0.48863636363636365,23.115183351513217,117.76459465117604,14.862,2.4571428571428573,0.64,0.7,0.37209302325581395,0.90625,0.46511627906976744,10,1.255813953488372,10.795454545454545,40.88607594936708,1.3628691983122363,10.427427685950413,2.1578947368421053,19.886363636363637
39,M,184,99,19,91,110,39,34,59,38,28,99,44,20,31,28,42.6,29.24149338374291,2.2494443758403984,27.720000000000002,71.28,8.187618147448015,21.053875236294896,0.8272727272727273,0.4945652173913043,26.0723238506486,113.81675740977273,16.814700000000002,2.3333333333333335,0.576271186440678,0.6440677966101694,0.37362637362637363,0.8235294117647058,0.4835164835164835,19,1.0879120879120878,10.326086956521738,43.03030303030303,1.5367965367965366,12.582703213610586,1.631578947368421,20.652173913043477
19,F,158,76,16,100,102,34,28,49,31,25,88,33,21,30,44,33.9,30.443839128344813,1.8263503375736967,33.44,42.56,13.395289216471717,17.048549911873096,0.9803921568627451,0.6329113924050633,33.35876138349649,132.28032382233437,20.0028,2.9411764705882355,0.5714285714285714,0.6326530612244898,0.28,0.8928571428571429,0.33,2,0.88,10.126582278481013,44.60526315789474,1.013755980861244,13.57955455856433,1.875,19.62025316455696
34,F,170,57,15,59,94,32,26,46,33,25,83,38,22,31,15,22.0,19.723183391003463,1.6406299603099619,8.549999999999999,48.45,2.958477508650519,16.764705882352946,0.6276595744680851,0.34705882352941175,24.40865232450166,93.47867470621703,7.8195,1.84375,0.5652173913043478,0.717391304347826,0.4406779661016949,0.9615384615384616,0.6440677966101694,35,1.4067796610169492,8.823529411764707,38.59649122807017,2.5730994152046787,7.6124567474048455,2.066666666666667,19.411764705882355
64,M,183,110,18,92,92,37,32,55,38,32,108,39,22,33,33,48.0,32.846606348353184,2.3646705196848603,36.300000000000004,73.69999999999999,10.839380094956553,22.00722625339663,1.0,0.5027322404371585,19.163036572579614,108.86556520984512,16.928,2.4864864864864864,0.5818181818181818,0.6909090909090909,0.34782608695652173,1.0,0.42391304347826086,0,1.173913043478261,9.836065573770492,43.63636363636363,1.3223140495867767,14.333064588372299,1.8333333333333333,20.76502732240437
34,F,163,65,16,81,88,31,29,48,34,25,89,36,21,29,35,29.3,24.46460160337235,1.715533606652914,22.75,42.25,8.562610561180323,15.90199104219203,0.9204545454545454,0.49693251533742333,24.286453741681143,117.67809920018577,13.1563,2.6129032258064515,0.6041666666666666,0.7083333333333334,0.35802469135802467,0.8620689655172413,0.4444444444444444,7,1.0987654320987654,9.815950920245399,45.07692307692307,1.287912087912088,11.027889645827846,1.8125,20.858895705521473
26,F,163,66,16,83,97,31,27,60,38,28,85,36,22,33,36,25.2,24.840980089578082,1.7286796502919022,23.759999999999998,42.24,8.94275283224811,15.898227257329973,0.8556701030927835,0.50920245398773,28.61120469253489,119.66673142137438,13.9152,2.6774193548387095,0.45,0.6333333333333333,0.3253012048192771,1.037037037037037,0.43373493975903615,14,1.0240963855421688,9.815950920245399,38.18181818181819,1.0606060606060608,9.484737852384358,2.0625,23.31288343558282
27,F,162,40,17,55,98,36,28,50,35,22,94,36,20,30,8,18.1,15.241579027587255,1.3416407864998738,3.2,36.8,1.2193263222069806,14.022252705380273,0.5612244897959183,0.3395061728395062,29.528439339013474,101.546206317651,7.3443000000000005,1.5277777777777777,0.56,0.7,0.509090909090909,0.7857142857142857,0.6545454545454545,43,1.709090909090909,10.493827160493826,45.25,5.65625,6.896814509983233,1.7647058823529411,21.604938271604937
22,F,164,83,16,70,114,35,30,53,36,23,91,42,20,29,41,33.5,30.859607376561577,1.9445079354713652,34.03,48.97,12.652439024390246,18.20716835217133,0.6140350877192983,0.4268292682926829,36.279905046649674,90.27228173957924,11.1552,2.0,0.5660377358490566,0.6792452830188679,0.42857142857142855,0.7666666666666667,0.6,44,1.3,9.75609756097561,40.36144578313253,0.9844255069056714,12.455383700178468,1.8125,21.951219512195124
56,M,174,94,19,90,109,38,29,60,40,27,94,36,24,33,34,36.9,31.04769454353283,2.131509637166422,31.96,62.04,10.556216144801162,20.49147839873167,0.8256880733944955,0.5172413793103449,29.490049856379585,112.3380054723666,16.4527,2.3684210526315788,0.48333333333333334,0.6666666666666666,0.32222222222222224,0.9310344827586207,0.4,19,1.0444444444444445,10.919540229885058,39.25531914893617,1.1545682102628285,12.187871581450652,1.736842105263158,22.988505747126435
29,F,155,49,16,74,93,34,29,53,38,23,99,38,21,29,23,21.9,20.39542143600416,1.4524882864320188,11.270000000000001,37.73,4.690946930280957,15.704474505723201,0.7956989247311828,0.4774193548387097,30.19315973414993,120.74607735926163,11.2047,2.176470588235294,0.5471698113207547,0.7169811320754716,0.3918918918918919,0.7931034482758621,0.5135135135135135,19,1.337837837837838,10.32258064516129,44.69387755102041,1.9432120674356697,9.115504682622266,1.8125,24.516129032258064
50,F,172,70,15,80,85,31,30,49,33,23,89,32,23,31,23,30.3,23.661438615467823,1.8287822299126937,16.1,53.9,5.4421308815576,18.219307733910224,0.9411764705882353,0.46511627906976744,19.681332785672666,115.04789912950105,12.8175,2.5806451612903225,0.6122448979591837,0.673469387755102,0.375,0.7666666666666667,0.4,5,1.1125,8.720930232558139,43.28571428571429,1.8819875776397514,10.242022714981072,2.066666666666667,19.186046511627907
22,M,174,76,19,92,90,38,32,56,39,27,92,41,26,36,24,30.1,25.102391333069097,1.9165942015286734,18.24,57.760000000000005,6.024573919936583,19.077817413132514,1.0222222222222221,0.5287356321839081,21.21196777132259,127.71125051229211,16.930799999999998,2.4210526315789473,0.5714285714285714,0.6964285714285714,0.34782608695652173,0.84375,0.44565217391304346,-2,1.0,10.919540229885058,39.60526315789474,1.6502192982456143,9.941868146386577,1.894736842105263,22.413793103448278
42,F,169,67,16,84,99,33,28,51,35,23,87,39,21,31,31,27.1,23.458562375266975,1.7734931005723642,20.77,46.230000000000004,7.272154336332762,16.186408038934214,0.8484848484848485,0.4970414201183432,27.061447428311332,122.3936084743902,14.2695,2.5454545454545454,0.5490196078431373,0.6862745098039216,0.3333333333333333,0.8214285714285714,0.4642857142857143,15,1.0357142857142858,9.467455621301776,40.44776119402985,1.3047664901299953,9.488463289100523,1.9375,20.710059171597635
62,M,163,55,18,83,91,36,34,56,35,26,79,43,24,34,20,22.5,20.70081674131507,1.5780613986083614,11.0,44.0,4.140163348263013,16.560653393052053,0.9120879120879121,0.50920245398773,25.728037391965728,131.088336364798,13.822799999999999,2.3055555555555554,0.6071428571428571,0.625,0.40963855421686746,0.7647058823529411,0.5180722891566265,8,0.9518072289156626,11.042944785276074,40.909090909090914,2.0454545454545454,8.468515939628892,1.8888888888888888,21.472392638036812
29,M,176,68,19,102,104,38,31,55,35,27,108,44,22,37,25,28.3,21.952479338842977,1.8233059108236458,17.0,51.0,5.488119834710744,16.464359504132233,0.9807692307692307,0.5795454545454546,26.541448630805988,150.54819447167716,20.8108,2.6842105263157894,0.5636363636363636,0.6363636363636364,0.30392156862745096,0.8709677419354839,0.43137254901960786,2,1.0588235294117647,10.795454545454545,41.61764705882353,1.6647058823529413,9.136105371900827,1.9473684210526316,19.886363636363637
31,F,147,40,16,68,100,30,28,53,36,22,86,35,22,31,18,15.5,18.510805682817345,1.2780193008453875,7.199999999999999,32.8,3.331945022907122,15.178860659910223,0.68,0.46258503401360546,38.10789788043011,119.59446668461426,9.964799999999999,2.2666666666666666,0.5283018867924528,0.6792452830188679,0.4117647058823529,0.7857142857142857,0.5147058823529411,32,1.2647058823529411,10.884353741496598,38.75,2.152777777777778,7.172937202091721,1.9375,24.489795918367346
22,F,167,78,16,72,106,35,28,48,35,25,96,38,20,30,39,33.2,27.968016063681024,1.9021917183431678,30.42,47.58,10.9075262648356,17.060489798845424,0.6792452830188679,0.4311377245508982,31.116923741687728,96.65335477819906,11.177200000000001,2.057142857142857,0.5833333333333334,0.7291666666666666,0.3888888888888889,0.8928571428571429,0.5277777777777778,34,1.3333333333333333,9.580838323353294,42.56410256410257,1.091387245233399,11.904335042489873,1.875,20.958083832335326
46,F,168,47,16,66,91,34,28,56,33,26,89,38,20,30,33,19.3,16.65249433106576,1.4809906594348707,15.510000000000002,31.49,5.495323129251702,11.15717120181406,0.7252747252747253,0.39285714285714285,23.79049061473323,114.47829419016374,9.1495,1.9411764705882353,0.5,0.5892857142857143,0.42424242424242425,0.9285714285714286,0.5757575757575758,25,1.3484848484848484,9.523809523809524,41.06382978723405,1.2443584784010315,6.838151927437643,1.875,19.642857142857142
57,M,175,76,18,85,87,37,33,55,38,28,79,42,27,33,23,31.7,24.816326530612244,1.922093765778466,17.48,58.519999999999996,5.707755102040816,19.108571428571427,0.9770114942528736,0.4857142857142857,19.580467602060303,118.33266785936958,14.4528,2.2972972972972974,0.6,0.6909090909090909,0.38823529411764707,0.8484848484848485,0.49411764705882355,2,0.9294117647058824,10.285714285714285,41.71052631578947,1.8135011441647597,10.351020408163265,1.8333333333333333,21.714285714285715
24,F,172,77,15,75,97,31,30,51,39,26,90,35,20,26,29,28.4,26.027582477014604,1.9180429841087736,22.33,54.67,7.547998918334235,18.47958355868037,0.7731958762886598,0.436046511627907,25.00105035541469,102.8380010543248,11.588799999999999,2.4193548387096775,0.5882352941176471,0.7647058823529411,0.4,0.8666666666666667,0.4666666666666667,22,1.2,8.720930232558139,36.88311688311688,1.271831616659203,9.599783666846944,1.7333333333333334,22.674418604651162
49,F,161,59,15,66,93,34,27,54,32,24,86,37,23,33,32,21.8,22.76146753597469,1.6243802236887492,18.88,40.120000000000005,7.2836696115119,15.477797924462791,0.7096774193548387,0.40993788819875776,27.52438992561264,100.02403492158993,9.222299999999999,1.9411764705882353,0.5,0.5925925925925926,0.4090909090909091,0.8888888888888888,0.5606060606060606,27,1.303030303030303,9.316770186335404,36.94915254237288,1.1546610169491527,8.41016936074997,2.2,19.875776397515526
33,F,173,79,16,73,98,32,30,49,37,25,95,36,22,29,35,34.7,26.395803401383272,1.948432418352992,27.65,51.35,9.238531190484146,17.157272210899126,0.7448979591836735,0.42196531791907516,25.068219817590254,99.1073509741738,11.0955,2.28125,0.6122448979591837,0.7551020408163265,0.410958904109589,0.8333333333333334,0.4931506849315068,25,1.3013698630136987,9.248554913294797,43.924050632911396,1.2549728752260398,11.594106050987337,1.8125,21.38728323699422
57,F,163,53,15,70,90,33,28,52,35,23,70,38,22,31,27,25.3,19.94805976890361,1.5491036834964347,14.31,38.69,5.385976137603975,14.562083631299634,0.7777777777777778,0.4294478527607362,25.247509508537533,112.62308240756492,10.08,2.121212121212121,0.5384615384615384,0.6730769230769231,0.4,0.8214285714285714,0.5428571428571428,20,1.0,9.202453987730062,47.735849056603776,1.7679944095038433,9.52237570100493,2.066666666666667,21.472392638036812
41,F,158,59,16,66,101,32,30,55,34,26,87,32,22,30,23,24.6,23.634033007530842,1.6091750819735076,13.57,45.43,5.435827591732093,18.198205415798746,0.6534653465346535,0.4177215189873418,32.85524411503084,99.08775189885071,9.5695,2.0625,0.5454545454545454,0.6181818181818182,0.45454545454545453,0.8666666666666667,0.48484848484848486,35,1.3181818181818181,10.126582278481013,41.694915254237294,1.812822402358143,9.854190033648452,1.875,21.518987341772153
34,M,184,84,18,87,99,39,33,57,42,30,87,39,22,35,20,32.2,24.8109640831758,2.0720360357226735,16.8,67.2,4.96219281663516,19.84877126654064,0.8787878787878788,0.47282608695652173,21.665091465583735,118.13049482822584,15.2388,2.230769230769231,0.5789473684210527,0.7368421052631579,0.3793103448275862,0.9090909090909091,0.4482758620689655,12,1.0,9.782608695652174,38.333333333333336,1.9166666666666667,9.510869565217392,1.9444444444444444,22.82608695652174
24,F,171,75,16,87,104,31,26,49,34,24,97,34,22,30,38,29.7,25.64891761567662,1.8874586088176875,28.5,46.5,9.746588693957117,15.902328921719505,0.8365384615384616,0.5087719298245614,28.509232597540787,120.52029281991838,15.3403,2.806451612903226,0.5306122448979592,0.6938775510204082,0.2988505747126437,0.9230769230769231,0.39080459770114945,17,1.1149425287356323,9.35672514619883,39.599999999999994,1.0421052631578946,10.156971375807942,1.875,19.883040935672515
30,F,152,50,16,78,103,32,29,48,37,25,91,39,20,25,24,19.5,21.641274238227147,1.4529663145135578,12.0,38.0,5.193905817174516,16.44736842105263,0.7572815533980582,0.5131578947368421,36.963178869962306,124.76848352153124,12.6055,2.4375,0.6041666666666666,0.7708333333333334,0.3717948717948718,0.8620689655172413,0.5,25,1.1666666666666667,10.526315789473683,39.0,1.625,8.440096952908588,1.5625,24.342105263157894
39,F,167,70,17,90,97,35,27,52,35,25,85,34,21,33,38,27.3,25.099501595611173,1.8020050561034013,26.6,43.4,9.537810606332247,15.561690989278928,0.9278350515463918,0.5389221556886228,26.946618895695373,127.5337785446706,16.234299999999998,2.5714285714285716,0.5192307692307693,0.6730769230769231,0.3,0.9259259259259259,0.37777777777777777,7,0.9444444444444444,10.179640718562874,39.0,1.0263157894736843,9.788805622288358,1.9411764705882353,20.958083832335326
38,M,184,85,18,106,107,38,30,52,39,31,106,41,24,38,35,34.5,25.10633270321361,2.084333093448464,29.749999999999996,55.25,8.787216446124763,16.319116257088847,0.9906542056074766,0.5760869565217391,24.870351381994546,143.07996194638136,22.4727,2.789473684210526,0.5769230769230769,0.75,0.2830188679245283,1.0333333333333334,0.3867924528301887,1,1.0,9.782608695652174,40.588235294117645,1.1596638655462186,10.190217391304348,2.111111111111111,21.195652173913043
45,M,182,67,18,91,108,40,33,48,39,31,86,41,24,35,15,26.9,20.227025721531216,1.8404407684634196,10.049999999999999,56.95,3.0340538582296817,17.192971863301533,0.8425925925925926,0.5,25.986223186482924,137.59833761208094,16.7643,2.275,0.6875,0.8125,0.3626373626373626,0.9393939393939394,0.45054945054945056,17,0.945054945054945,9.89010989010989,40.14925373134328,2.6766169154228856,8.120999879241637,1.9444444444444444,21.428571428571427
63,F,171,59,16,71,114,33,29,57,38,21,74,39,22,32,29,25.8,20.177148524332274,1.6740669042783207,17.11,41.89,5.85137307205636,14.325775452275916,0.6228070175438597,0.4152046783625731,32.98127419345817,110.89294063482578,11.376299999999999,2.1515151515151514,0.5087719298245614,0.6666666666666666,0.4084507042253521,0.7241379310344828,0.5492957746478874,43,1.0422535211267605,9.35672514619883,43.728813559322035,1.5078901227352426,8.823227659792758,2.0,22.22222222222222
19,M,186,70,18,102,100,34,32,55,40,28,117,39,20,31,12,28.4,20.23355301190889,1.9017535767461216,8.4,61.6,2.4280263614290667,17.805526650479823,1.02,0.5483870967741935,21.42126747885841,152.53908112301787,20.8108,3.0,0.5818181818181818,0.7272727272727273,0.3137254901960784,0.875,0.38235294117647056,-2,1.1470588235294117,9.67741935483871,40.57142857142857,3.3809523809523805,8.209041507688749,1.7222222222222223,21.50537634408602
56,F,161,60,16,55,103,37,27,52,34,25,94,36,21,30,27,26.0,23.147255121330193,1.6380883167074152,16.200000000000003,43.8,6.249758882759153,16.89749623857104,0.5339805825242718,0.3416149068322981,32.41948561653873,82.65583249441086,7.6628,1.4864864864864864,0.5192307692307693,0.6538461538461539,0.4909090909090909,0.9259259259259259,0.6545454545454545,48,1.709090909090909,9.937888198757763,43.333333333333336,1.604938271604938,10.030477219243084,1.875,21.11801242236025
24,M,167,78,18,83,99,36,34,59,38,28,94,42,26,36,20,33.7,27.968016063681024,1.9021917183431678,15.600000000000001,62.4,5.5936032127362045,22.374412850944818,0.8383838383838383,0.49700598802395207,27.8733533059159,111.41983953597948,13.9572,2.3055555555555554,0.576271186440678,0.6440677966101694,0.40963855421686746,0.8235294117647058,0.5060240963855421,16,1.1325301204819278,10.778443113772456,43.205128205128204,2.16025641025641,12.083617196744237,2.0,22.75449101796407
38,F,163,74,16,72,97,34,31,50,36,25,76,33,23,31,38,29.0,27.85200797922391,1.830452281693122,28.12,45.879999999999995,10.583763032105086,17.268244947118824,0.7422680412371134,0.44171779141104295,28.61120469253489,98.03562926995147,10.8055,2.1176470588235294,0.62,0.72,0.4305555555555556,0.8064516129032258,0.4583333333333333,25,1.0555555555555556,9.815950920245399,39.189189189189186,1.031294452347084,10.914976099966127,1.9375,22.085889570552148
43,F,174,85,16,84,97,32,28,49,36,24,98,37,22,25,33,37.5,28.075042938300964,2.0269023985711137,28.05,56.95,9.264764169639319,18.810278768661647,0.865979381443299,0.4827586206896552,24.261787486869906,110.25999016512048,14.2303,2.625,0.5714285714285714,0.7346938775510204,0.3333333333333333,0.8571428571428571,0.44047619047619047,13,1.1666666666666667,9.195402298850574,44.11764705882353,1.3368983957219251,12.386048355132779,1.5625,20.689655172413794
28,F,174,68,16,64,94,35,26,47,34,25,103,34,18,29,30,29.3,22.460034350640772,1.812916618784953,20.4,47.6,6.738010305192231,15.72202404544854,0.6808510638297872,0.367816091954023,22.954721894492486,93.92336503149244,8.822,1.8285714285714285,0.5531914893617021,0.723404255319149,0.40625,0.9615384615384616,0.53125,30,1.609375,9.195402298850574,43.08823529411765,1.4362745098039218,9.677632448143743,1.8125,19.54022988505747
25,F,164,48,16,76,100,35,28,58,35,24,72,36,22,30,21,21.2,17.846519928613922,1.4787382008545888,10.08,37.92,3.747769185008924,14.098750743605,0.76,0.4634146341463415,29.613951795306733,128.88085236806052,11.955200000000001,2.1714285714285713,0.4827586206896552,0.603448275862069,0.3684210526315789,0.8571428571428571,0.47368421052631576,24,0.9473684210526315,9.75609756097561,44.166666666666664,2.1031746031746033,7.8822129684711495,1.875,21.341463414634145
45,M,189,81,18,94,103,35,31,59,38,28,96,43,23,36,17,35.8,22.67573696145125,2.062159062730128,13.770000000000001,67.23,3.8548752834467126,18.820861678004537,0.912621359223301,0.4973544973544973,21.640992406185568,131.7315337387917,17.7287,2.6857142857142855,0.5254237288135594,0.6440677966101694,0.32978723404255317,0.9032258064516129,0.4574468085106383,9,1.0212765957446808,9.523809523809524,44.197530864197525,2.599854756717501,10.022115842221663,2.0,20.105820105820104
30,F,165,65,15,89,103,35,28,51,34,22,70,36,23,33,25,24.7,23.875114784205696,1.7260262647673315,16.25,48.75,5.968778696051424,17.906336088154273,0.8640776699029126,0.5393939393939394,30.597206817355683,130.09146441577346,15.9792,2.5428571428571427,0.5490196078431373,0.6666666666666666,0.3146067415730337,0.7857142857142857,0.4044943820224719,14,0.7865168539325843,9.090909090909092,38.0,1.52,9.072543617998164,2.2,20.606060606060606
48,M,172,87,20,105,107,38,31,54,41,29,99,43,23,38,32,36.5,29.40778799351001,2.0387904911164036,27.84,59.16,9.410492157923203,19.997295835586804,0.9813084112149533,0.6104651162790697,29.43414833019971,135.446378720166,22.052799999999998,2.763157894736842,0.5740740740740741,0.7592592592592593,0.29523809523809524,0.9354838709677419,0.4095238095238095,2,0.9428571428571428,11.627906976744185,41.95402298850575,1.3110632183908046,12.337750135208221,1.9,23.837209302325583
29,M,187,93,17,92,80,39,31,50,39,31,97,38,23,35,18,39.0,26.59498412879979,2.1979156793046757,16.74,76.26,4.787097143183962,21.80788698561583,1.15,0.4919786096256685,13.284381780839812,119.68525747027533,17.0288,2.358974358974359,0.62,0.78,0.33695652173913043,1.0,0.41304347826086957,-12,1.0543478260869565,9.090909090909092,41.935483870967744,2.3297491039426523,11.152735279819266,2.0588235294117645,20.855614973262032
42,M,163,73,18,104,99,37,32,62,42,28,98,42,27,41,32,29.9,27.475629493018182,1.8180422926262683,23.36,49.64,8.792201437765817,18.683428055252364,1.0505050505050506,0.6380368098159509,29.57226045939128,142.5736320973723,21.6495,2.810810810810811,0.5161290322580645,0.6774193548387096,0.3076923076923077,0.875,0.40384615384615385,-5,0.9423076923076923,11.042944785276074,40.95890410958904,1.2799657534246576,11.253716737551281,2.2777777777777777,25.766871165644172
52,M,189,88,18,89,88,39,33,62,36,30,83,44,25,34,26,38.6,24.635368550712467,2.149418526020468,22.880000000000003,65.12,6.405195823185243,18.230172727527226,1.0113636363636365,0.4708994708994709,15.868032347032326,119.66112311248226,15.8427,2.282051282051282,0.532258064516129,0.5806451612903226,0.3707865168539326,0.9090909090909091,0.4943820224719101,-1,0.9325842696629213,9.523809523809524,43.86363636363637,1.6870629370629369,10.80596847792615,1.8888888888888888,19.047619047619047
41,M,178,101,17,108,91,37,33,58,39,26,99,45,22,36,34,41.5,31.877288221184195,2.234701073720798,34.34,66.66,10.838277995202626,21.039010225981567,1.1868131868131868,0.6067415730337079,20.31875488686707,131.53658786184735,23.5303,2.918918918918919,0.5689655172413793,0.6724137931034483,0.3055555555555556,0.7878787878787878,0.4166666666666667,-17,0.9166666666666666,9.550561797752808,41.089108910891085,1.2085032032615024,13.09809367504103,2.1176470588235294,21.910112359550563
34,M,183,102,19,108,92,39,31,55,39,27,96,38,25,34,32,35.0,30.457762250291136,2.27705950734714,32.64,69.36,9.746483920093164,20.711278330197974,1.173913043478261,0.5901639344262295,19.163036572579614,132.7158266559585,23.5072,2.769230769230769,0.5636363636363636,0.7090909090909091,0.28703703703703703,0.8709677419354839,0.35185185185185186,-16,0.8888888888888888,10.382513661202186,34.31372549019608,1.0723039215686274,10.451192929021468,1.7894736842105263,21.311475409836063
57,M,179,67,17,108,106,40,35,61,43,31,89,41,25,38,21,26.5,20.91070815517618,1.8252092726284537,14.07,52.93,4.391248712586998,16.519459442589184,1.0188679245283019,0.6033519553072626,26.26151945905319,161.95202090418158,23.3308,2.7,0.5737704918032787,0.7049180327868853,0.32407407407407407,0.8857142857142857,0.37962962962962965,-2,0.8240740740740741,9.497206703910614,39.55223880597015,1.8834399431414357,8.270653225554758,2.235294117647059,24.022346368715084
40,M,170,74,19,89,100,35,32,58,37,28,106,46,24,31,21,26.5,25.605536332179934,1.869343319041327,15.54,58.46,5.377162629757786,20.228373702422147,0.89,0.5235294117647059,27.115587579257088,123.75766580313274,15.9267,2.5428571428571427,0.5517241379310345,0.6379310344827587,0.3595505617977528,0.875,0.5168539325842697,11,1.1910112359550562,11.176470588235295,35.810810810810814,1.7052767052767053,9.169550173010382,1.631578947368421,21.764705882352942
31,F,153,71,15,76,100,35,28,56,33,25,81,35,20,30,38,28.3,30.33021487462087,1.7370952766040209,26.98,44.019999999999996,11.525481652355932,18.80473322226494,0.76,0.49673202614379086,34.84000545453877,102.35372091115565,11.955200000000001,2.1714285714285713,0.5,0.5892857142857143,0.3684210526315789,0.8928571428571429,0.4605263157894737,24,1.0657894736842106,9.803921568627452,39.859154929577464,1.0489251297257227,12.089367337348884,2.0,21.568627450980394
21,F,163,59,16,76,87,34,25,52,34,25,90,36,21,28,31,26.7,22.20633068613798,1.6344384016808002,18.29,40.71,6.883962512702774,15.322368173435208,0.8735632183908046,0.4662576687116564,23.805925858252948,115.89238239254313,11.636700000000001,2.235294117647059,0.4807692307692308,0.6538461538461539,0.32894736842105265,1.0,0.47368421052631576,11,1.1842105263157894,9.815950920245399,45.25423728813559,1.45981410606889,10.04930558169295,1.75,20.858895705521473
41,M,166,87,19,101,105,36,33,54,36,30,115,43,22,32,38,39.1,31.572071418202935,2.0029145430264035,33.06,53.94,11.997387138917116,19.57468427928582,0.9619047619047619,0.608433734939759,31.09385855371383,127.99390626109887,20.4132,2.8055555555555554,0.6111111111111112,0.6666666666666666,0.32673267326732675,0.9090909090909091,0.42574257425742573,4,1.1386138613861385,11.44578313253012,44.94252873563219,1.1826981246218995,14.18928726956017,1.6842105263157894,21.686746987951807
25,F,159,68,18,79,98,33,29,52,38,27,78,37,22,30,36,28.2,26.897670187097027,1.7330127908741277,24.48,43.519999999999996,9.68316126735493,17.214508919742094,0.8061224489795918,0.4968553459119497,30.879909056841576,110.8267758869855,12.7347,2.393939393939394,0.5576923076923077,0.7307692307692307,0.3670886075949367,0.9310344827586207,0.46835443037974683,19,0.9873417721518988,11.320754716981133,41.470588235294116,1.1519607843137254,11.154622048178473,1.6666666666666667,23.89937106918239
32,M,176,76,18,82,92,37,28,50,40,28,108,37,23,32,20,29.4,24.535123966942148,1.9275776393067947,15.200000000000001,60.8,4.90702479338843,19.628099173553718,0.8913043478260869,0.4659090909090909,21.402050711866835,114.48191677196318,13.518,2.2162162162162162,0.56,0.8,0.34146341463414637,1.0,0.45121951219512196,10,1.3170731707317074,10.227272727272728,38.68421052631579,1.9342105263157892,9.491219008264462,1.7777777777777777,22.727272727272727
49,M,175,51,19,88,105,38,32,47,38,26,93,41,26,34,8,19.3,16.653061224489797,1.5745369689742652,4.08,46.92,1.3322448979591837,15.320816326530613,0.8380952380952381,0.5028571428571429,27.355736761107266,149.55127174283365,15.690299999999999,2.3157894736842106,0.6808510638297872,0.8085106382978723,0.36363636363636365,0.8125,0.4659090909090909,17,1.0568181818181819,10.857142857142858,37.84313725490196,4.730392156862745,6.302040816326531,1.7894736842105263,21.714285714285715
26,F,170,63,15,86,89,31,26,49,34,24,79,36,21,29,28,29.1,21.79930795847751,1.724818831066034,17.64,45.36,6.103806228373704,15.695501730103807,0.9662921348314607,0.5058823529411764,22.15287294553881,129.60630797001218,14.7983,2.774193548387097,0.5306122448979592,0.6938775510204082,0.3023255813953488,0.9230769230769231,0.4186046511627907,3,0.9186046511627907,8.823529411764707,46.19047619047619,1.6496598639455782,10.069204152249137,1.9333333333333333,20.0
35,M,167,61,18,89,98,40,32,57,37,29,86,39,24,35,15,25.8,21.872422819032593,1.6821778212252776,9.15,51.85,3.2808634228548894,18.591559396177704,0.9081632653061225,0.5329341317365269,27.409986100805632,135.10045969834536,15.898700000000002,2.225,0.5614035087719298,0.6491228070175439,0.3595505617977528,0.90625,0.43820224719101125,9,0.9662921348314607,10.778443113772456,42.295081967213115,2.819672131147541,9.25095915952526,1.9444444444444444,22.15568862275449
51,F,162,58,15,55,86,35,28,51,33,25,90,39,22,32,32,24.0,22.10028959000152,1.6155494421403511,18.56,39.44,7.072092668800486,15.028196921201033,0.6395348837209303,0.3395061728395062,23.70863044035876,84.32953430976208,6.7227,1.5714285714285714,0.5490196078431373,0.6470588235294118,0.509090909090909,0.8928571428571429,0.7090909090909091,31,1.6363636363636365,9.25925925925926,41.37931034482759,1.293103448275862,9.144947416552354,2.1333333333333333,20.37037037037037
28,M,183,93,17,81,98,36,28,53,35,33,106,42,24,35,30,41.2,27.77031263997133,2.17428149051589,27.9,65.1,8.331093791991398,19.43921884797993,0.826530612244898,0.4426229508196721,21.58671287079133,104.24196551156382,13.3243,2.25,0.5283018867924528,0.660377358490566,0.345679012345679,1.1785714285714286,0.5185185185185185,17,1.308641975308642,9.289617486338798,44.30107526881721,1.4767025089605736,12.302547105019558,2.0588235294117645,19.12568306010929
28,M,186,108,18,95,89,38,32,58,37,27,100,39,20,36,34,48.7,31.217481789802285,2.3622023622035435,36.720000000000006,71.28,10.61394380853278,20.603537981269508,1.0674157303370786,0.510752688172043,17.084928056183983,114.37779021882601,18.075200000000002,2.5,0.5517241379310345,0.6379310344827587,0.3368421052631579,0.84375,0.4105263157894737,-6,1.0526315789473684,9.67741935483871,45.092592592592595,1.3262527233115466,14.076771881142328,2.0,19.892473118279568
25,F,160,59,15,77,106,32,26,53,38,24,87,39,21,30,36,22.5,23.046874999999996,1.6193277068654826,21.24,37.760000000000005,8.296874999999998,14.75,0.7264150943396226,0.48125,34.37522374653877,116.33173698831489,12.4467,2.40625,0.49056603773584906,0.7169811320754716,0.33766233766233766,0.9230769230769231,0.5064935064935064,29,1.12987012987013,9.375,38.13559322033898,1.0593220338983051,8.789062499999998,2.0,23.75
28,F,157,64,15,80,96,33,30,50,36,24,98,38,20,29,33,26.8,25.96454217209623,1.6706618781522224,21.12,42.879999999999995,8.568298916791756,17.396243255304473,0.8333333333333334,0.5095541401273885,30.800217139421477,114.95379895542816,12.9792,2.4242424242424243,0.6,0.72,0.375,0.8,0.475,16,1.225,9.554140127388536,41.875,1.2689393939393938,10.872652034565297,1.9333333333333333,22.929936305732486
40,M,181,84,18,94,100,38,30,58,39,31,107,42,24,38,32,39.4,25.640242971826257,2.055075018906447,26.88,57.120000000000005,8.204877750984402,17.435365220841856,0.94,0.5193370165745856,23.065974930782666,126.5904664332936,17.697200000000002,2.473684210526316,0.5172413793103449,0.6724137931034483,0.3191489361702128,1.0333333333333334,0.44680851063829785,6,1.1382978723404256,9.94475138121547,46.904761904761905,1.4657738095238095,12.026494917737553,2.111111111111111,21.54696132596685
19,F,164,76,15,92,94,36,27,51,35,24,96,35,20,29,37,33.6,28.256989886972047,1.8607047649270483,28.12,47.879999999999995,10.455086258179657,17.801903628792388,0.9787234042553191,0.5609756097560976,26.757114687588327,123.9870871849023,16.930799999999998,2.5555555555555554,0.5294117647058824,0.6862745098039216,0.29347826086956524,0.8888888888888888,0.3804347826086957,2,1.0434782608695652,9.146341463414634,44.21052631578948,1.1948790896159318,12.492563950029746,1.9333333333333333,21.341463414634145
59,M,168,88,18,86,100,35,30,53,32,29,90,44,22,35,36,37.0,31.17913832199547,2.0264912204760885,31.68,56.32,11.22448979591837,19.9546485260771,0.86,0.5119047619047619,27.9236160601464,109.01474872452687,14.929200000000002,2.4571428571428573,0.5660377358490566,0.6037735849056604,0.3488372093023256,0.9666666666666667,0.5116279069767442,14,1.0465116279069768,10.714285714285714,42.04545454545455,1.167929292929293,13.109410430839004,1.9444444444444444,19.047619047619047
63,F,166,57,16,83,94,34,31,57,34,25,96,32,21,30,21,21.6,20.685150239512268,1.6212135372409562,11.969999999999999,45.03,4.343881550297576,16.34126868921469,0.8829787234042553,0.5,25.950692419515235,129.94758434669183,13.8627,2.4411764705882355,0.543859649122807,0.5964912280701754,0.37349397590361444,0.8064516129032258,0.3855421686746988,11,1.1566265060240963,9.63855421686747,37.89473684210527,1.804511278195489,7.83858324865728,1.875,20.481927710843372
61,M,186,96,18,70,102,36,33,67,39,24,98,41,21,37,27,45.0,27.748872702046476,2.227105745132009,25.92,70.08,7.492195629552549,20.256677072493925,0.6862745098039216,0.3763440860215054,22.20969282843558,89.390712247271,10.5168,1.9444444444444444,0.4925373134328358,0.582089552238806,0.4714285714285714,0.7272727272727273,0.5857142857142857,32,1.4,9.67741935483871,46.875,1.736111111111111,13.007284079084286,2.0555555555555554,20.967741935483872
36,M,185,80,19,95,104,40,30,53,40,28,110,41,25,32,22,36.8,23.37472607742878,2.0275875100994063,17.6,62.4,5.142439737034332,18.232286340394445,0.9134615384615384,0.5135135135135135,23.330984160949185,132.53725696750706,18.1067,2.375,0.5660377358490566,0.7547169811320755,0.3157894736842105,0.9333333333333333,0.43157894736842106,9,1.1578947368421053,10.27027027027027,46.0,2.0909090909090904,10.752373995617237,1.6842105263157894,21.62162162162162
38,M,162,60,18,113,99,36,30,60,37,27,97,42,24,37,24,25.4,22.86236854138088,1.6431676725154984,14.399999999999999,45.6,5.486968449931411,17.37540009144947,1.1414141414141414,0.6975308641975309,30.013423413901364,170.34674036169844,25.6752,3.138888888888889,0.5,0.6166666666666667,0.26548672566371684,0.9,0.37168141592920356,-14,0.8584070796460177,11.11111111111111,42.33333333333333,1.763888888888889,9.678402682517907,2.0555555555555554,22.839506172839506
46,M,188,88,19,88,98,38,33,58,35,29,116,43,23,32,30,39.2,24.898143956541425,2.1437246921084703,26.4,61.6,7.469443186962427,17.428700769578995,0.8979591836734694,0.46808510638297873,20.01800310317465,118.00319406101671,15.558,2.3157894736842106,0.5689655172413793,0.603448275862069,0.375,0.8787878787878788,0.48863636363636365,10,1.3181818181818181,10.106382978723403,44.54545454545455,1.484848484848485,11.090991398822998,1.6842105263157894,18.617021276595743
55,M,193,75,18,82,87,37,34,58,37,27,102,38,25,32,18,30.1,20.13476871862332,2.0052015692526606,13.5,61.5,3.6242583693521975,16.510510349271122,0.9425287356321839,0.42487046632124353,14.447653013024052,120.68002104860048,13.4655,2.2162162162162162,0.5862068965517241,0.6379310344827587,0.4146341463414634,0.7941176470588235,0.4634146341463415,5,1.2439024390243902,9.32642487046632,40.13333333333334,2.22962962962963,8.080753845740826,1.7777777777777777,19.170984455958546
55,F,156,85,15,84,84,33,26,59,38,27,96,36,21,30,45,33.9,34.927679158448385,1.9192012227313042,38.25,46.75,15.717455621301774,19.21022353714661,1.0,0.5384615384615384,25.11142602444653,104.40123219175148,14.112,2.5454545454545454,0.4406779661016949,0.6440677966101694,0.30952380952380953,1.0384615384615385,0.42857142857142855,0,1.1428571428571428,9.615384615384617,39.88235294117647,0.8862745098039215,13.92998027613412,2.0,24.358974358974358
59,M,166,94,17,108,100,42,33,62,39,28,115,41,24,35,27,36.4,34.11235302656409,2.081932862616959,25.380000000000003,68.62,9.210335317172305,24.90201770939179,1.08,0.6506024096385542,28.756055765441744,131.67016347606764,23.372799999999998,2.5714285714285716,0.532258064516129,0.6290322580645161,0.3055555555555556,0.8484848484848485,0.37962962962962965,-8,1.0648148148148149,10.240963855421686,38.72340425531915,1.4342001576044128,13.20946436347801,2.0588235294117645,23.49397590361446
29,M,187,89,18,81,97,37,33,57,39,27,104,43,23,35,26,40.2,25.45111384369012,2.1501291950846944,23.14,65.86,6.617289599359432,18.83382424433069,0.8350515463917526,0.43315508021390375,19.93231290926827,107.71701771066502,13.301200000000001,2.189189189189189,0.5789473684210527,0.6842105263157895,0.4074074074074074,0.8181818181818182,0.5308641975308642,16,1.2839506172839505,9.62566844919786,45.1685393258427,1.7372515125324115,11.495896365352168,1.9444444444444444,20.855614973262032
63,M,183,99,17,91,102,38,33,51,40,30,96,44,23,32,36,39.5,29.56194571351787,2.2433234274174554,35.64,63.36,10.642300456866433,18.919645256651435,0.8921568627450981,0.4972677595628415,23.20249706959914,113.50705137336028,16.6467,2.3947368421052633,0.6470588235294118,0.7843137254901961,0.3626373626373626,0.9090909090909091,0.4835164835164835,11,1.054945054945055,9.289617486338798,39.8989898989899,1.1083052749719415,11.794917734181372,1.8823529411764706,21.85792349726776
21,F,159,73,15,80,109,39,29,51,34,26,101,39,21,30,32,31.0,28.875440053795337,1.795596465430545,23.36,49.64,9.240140817214508,19.63529923658083,0.7339449541284404,0.5031446540880503,36.36642946118094,108.31799716057078,13.3887,2.051282051282051,0.5686274509803921,0.6666666666666666,0.3625,0.896551724137931,0.4875,29,1.2625,9.433962264150944,42.465753424657535,1.327054794520548,12.262173173529527,2.0,21.38364779874214
64,F,173,81,15,90,98,34,31,54,35,25,81,38,21,33,42,35.1,27.064051588760066,1.972941965694886,34.019999999999996,46.980000000000004,11.366901667279226,15.697149921480838,0.9183673469387755,0.5202312138728323,25.068219817590254,120.669233375834,16.244799999999998,2.6470588235294117,0.5740740740740741,0.6481481481481481,0.34444444444444444,0.8064516129032258,0.4222222222222222,8,0.9,8.670520231213873,43.333333333333336,1.0317460317460319,11.727755688462695,2.2,20.23121387283237
47,M,168,98,19,95,103,35,28,55,36,33,91,38,26,35,35,43.8,34.72222222222223,2.138535324312725,34.3,63.7,12.152777777777779,22.56944444444445,0.9223300970873787,0.5654761904761905,29.301324541950798,114.11394260047308,18.0948,2.7142857142857144,0.509090909090909,0.6545454545454545,0.29473684210526313,1.1785714285714286,0.4,8,0.9578947368421052,11.30952380952381,44.69387755102041,1.2769679300291545,15.518707482993198,1.8421052631578947,21.428571428571427
35,M,176,100,18,99,99,40,30,58,38,24,107,42,22,36,34,46.3,32.28305785123967,2.211083193570267,34.0,66.0,10.976239669421489,21.306818181818183,1.0,0.5625,24.400032831248005,120.49389146612279,19.602,2.475,0.5172413793103449,0.6551724137931034,0.30303030303030304,0.8,0.42424242424242425,0,1.0808080808080809,10.227272727272728,46.3,1.3617647058823528,14.947055785123966,2.0,21.59090909090909
53,M,164,46,19,96,97,41,28,61,37,24,105,41,22,36,21,19.0,17.102914931588344,1.4476033833738975,9.66,36.34,3.591612135633552,13.511302795954792,0.9896907216494846,0.5853658536585366,28.18553324144753,166.29827459580474,18.4327,2.341463414634146,0.45901639344262296,0.6065573770491803,0.2916666666666667,0.8571428571428571,0.4270833333333333,1,1.09375,11.585365853658537,41.30434782608695,1.9668737060041408,7.064247471743012,1.894736842105263,22.5609756097561
24,M,184,102,18,100,96,38,30,52,40,30,113,45,22,35,33,39.6,30.12759924385633,2.2832725052724943,33.660000000000004,68.34,9.94210775047259,20.185491493383743,1.0416666666666667,0.5434782608695652,20.463118996929687,123.22031868712868,20.011200000000002,2.6315789473684212,0.5769230769230769,0.7692307692307693,0.3,1.0,0.45,-4,1.13,9.782608695652174,38.82352941176471,1.176470588235294,11.696597353497165,1.9444444444444444,21.73913043478261
52,F,177,66,16,67,98,32,24,49,35,23,99,36,19,28,31,28.5,21.06674327300584,1.8013883534651822,20.46,45.54,6.5306904146318105,14.53605285837403,0.6836734693877551,0.3785310734463277,23.61655974252951,100.66140090255814,9.6507,2.09375,0.4897959183673469,0.7142857142857143,0.3582089552238806,0.9583333333333334,0.5373134328358209,31,1.4776119402985075,9.03954802259887,43.18181818181818,1.3929618768328444,9.097002776979794,1.75,19.774011299435028
59,M,175,83,18,96,95,39,28,57,36,27,120,41,26,32,35,36.5,27.102040816326532,2.008661798865658,29.049999999999997,53.95,9.485714285714284,17.616326530612245,1.0105263157894737,0.5485714285714286,23.03614278385895,127.88650338748968,18.4327,2.4615384615384617,0.49122807017543857,0.631578947368421,0.2916666666666667,0.9642857142857143,0.4270833333333333,-1,1.25,10.285714285714285,43.97590361445783,1.2564543889845097,11.918367346938776,1.7777777777777777,20.57142857142857
22,F,161,55,17,55,107,36,28,47,37,23,85,35,21,29,16,20.8,21.218317194552675,1.568350159314629,8.8,46.2,3.394930751128429,17.82338644342425,0.514018691588785,0.3416149068322981,34.37752389290917,86.33120143016306,7.9428,1.5277777777777777,0.5957446808510638,0.7872340425531915,0.509090909090909,0.8214285714285714,0.6363636363636364,52,1.5454545454545454,10.559006211180124,37.81818181818182,2.3636363636363633,8.024381775394467,1.7058823529411764,22.981366459627328
37,F,172,76,16,83,126,31,28,60,37,26,93,37,19,31,32,33.0,25.689561925365066,1.9055474570608604,24.32,51.68,8.220659816116822,17.468902109248244,0.6587301587301587,0.48255813953488375,37.85703448229125,114.5536737827509,15.072299999999998,2.6774193548387095,0.4666666666666667,0.6166666666666667,0.3373493975903614,0.9285714285714286,0.4457831325301205,43,1.1204819277108433,9.30232558139535,43.42105263157895,1.356907894736842,11.15467820443483,1.9375,21.511627906976745
53,M,182,82,18,95,85,38,27,52,35,29,107,45,23,30,17,35.7,24.755464315903875,2.0360637405433937,13.940000000000001,68.06,4.208428933703659,20.547035382200217,1.1176470588235294,0.521978021978022,16.61878676713934,129.84519267282775,18.12,2.5,0.5192307692307693,0.6730769230769231,0.28421052631578947,1.0740740740740742,0.47368421052631576,-10,1.1263157894736842,9.89010989010989,43.53658536585366,2.5609756097560976,10.777683854606932,1.6666666666666667,19.230769230769234
24,F,166,61,15,55,95,33,27,56,40,24,97,35,22,30,27,23.4,22.136739730004358,1.677133798412571,16.470000000000002,44.53,5.976919727101177,16.15982000290318,0.5789473684210527,0.3313253012048193,26.418252977169658,83.23870559123904,7.17,1.6666666666666667,0.48214285714285715,0.7142857142857143,0.4909090909090909,0.8888888888888888,0.6363636363636364,40,1.7636363636363637,9.036144578313253,38.36065573770492,1.4207650273224042,8.491798519378719,2.0,24.096385542168676
37,M,173,71,18,91,90,39,33,56,30,28,101,46,25,34,27,30.4,23.722810651876106,1.84714494408112,19.17,51.83,6.405158876006549,17.317651775869557,1.011111111111111,0.5260115606936416,21.552446771256356,130.31930991966553,16.5627,2.3333333333333335,0.5892857142857143,0.5357142857142857,0.3626373626373626,0.8484848484848485,0.5054945054945055,-1,1.10989010989011,10.404624277456648,42.816901408450704,1.5858111632759517,10.157372448127234,1.8888888888888888,17.341040462427745
36,F,156,41,16,61,106,34,29,47,36,23,100,36,21,29,22,17.0,16.847468770545692,1.332916601542147,9.02,31.98,3.706443129520052,13.14102564102564,0.5754716981132075,0.391025641025641,36.40251379275396,109.16255899852894,8.8595,1.7941176470588236,0.6170212765957447,0.7659574468085106,0.47540983606557374,0.7931034482758621,0.5901639344262295,45,1.639344262295082,10.256410256410255,41.46341463414634,1.8847006651884701,6.985535831689678,1.8125,23.076923076923077
49,F,160,75,15,74,90,32,28,46,38,25,96,35,21,28,32,32.4,29.296874999999993,1.8257418583505538,24.0,51.0,9.374999999999998,19.921874999999996,0.8222222222222222,0.4625,26.46952959611783,99.15955781133283,11.131200000000002,2.3125,0.6086956521739131,0.8260869565217391,0.3783783783783784,0.8928571428571429,0.47297297297297297,16,1.2972972972972974,9.375,43.2,1.3499999999999999,12.656249999999996,1.8666666666666667,23.75
56,M,169,59,18,89,104,39,32,57,39,28,82,43,22,36,18,26.7,20.65754000210077,1.6642482453715317,10.62,48.38,3.718357200378138,16.93918280172263,0.8557692307692307,0.5266272189349113,29.337278106508876,138.191348628269,15.9995,2.282051282051282,0.5614035087719298,0.6842105263157895,0.3595505617977528,0.875,0.48314606741573035,15,0.9213483146067416,10.650887573964498,45.25423728813559,2.514124293785311,9.348412170442213,2.0,23.076923076923077
18,M,184,94,18,95,80,36,32,52,40,28,108,42,25,37,29,40.9,27.764650283553873,2.1919042963698128,27.259999999999998,66.74000000000001,8.051748582230623,19.712901701323254,1.1875,0.5163043478260869,14.052599164108074,121.93884920269309,18.2075,2.638888888888889,0.6153846153846154,0.7692307692307693,0.3368421052631579,0.875,0.4421052631578947,-15,1.1368421052631579,9.782608695652174,43.51063829787234,1.500366837857667,12.080576559546312,2.0555555555555554,21.73913043478261
57,M,177,86,19,112,95,35,32,52,34,27,87,42,24,39,31,36.7,27.450604870886398,2.0562911596691102,26.66,59.34,8.509687509974784,18.940917360911616,1.1789473684210525,0.632768361581921,22.342583423880647,147.41067413032238,25.2903,3.2,0.6153846153846154,0.6538461538461539,0.2857142857142857,0.84375,0.375,-17,0.7767857142857143,10.734463276836157,42.674418604651166,1.3765941485371345,11.714386032110824,2.0526315789473686,19.2090395480226
60,F,174,77,15,55,104,34,27,50,35,24,90,35,21,35,23,33.3,25.43268595587264,1.9291621670213903,17.71,59.29,5.849517769850707,19.58316818602193,0.5288461538461539,0.3160919540229885,27.311607202417214,75.85172347397341,7.7307,1.6176470588235294,0.54,0.7,0.4909090909090909,0.8888888888888888,0.6363636363636364,49,1.6363636363636365,8.620689655172415,43.246753246753244,1.880293619424054,10.998810939357906,2.3333333333333335,20.114942528735632
29,M,177,99,18,97,104,39,33,59,38,29,106,42,23,31,35,44.4,31.600114909508758,2.2062411472910206,34.65,64.35,11.060040218328066,20.540074691180692,0.9326923076923077,0.5480225988700564,26.164512379827237,118.99104325116988,18.8523,2.4871794871794872,0.559322033898305,0.6440677966101694,0.3402061855670103,0.8787878787878788,0.4329896907216495,7,1.092783505154639,10.16949152542373,44.84848484848485,1.2813852813852813,14.172172747294837,1.7222222222222223,21.468926553672315
40,F,164,64,15,95,114,37,28,49,40,23,96,33,21,30,34,27.7,23.795359904818564,1.7074997966487597,21.76,42.239999999999995,8.090422367638313,15.70493753718025,0.8333333333333334,0.5792682926829268,36.279905046649674,139.5176152651653,18.3027,2.5675675675675675,0.5714285714285714,0.8163265306122449,0.29473684210526313,0.8214285714285714,0.3473684210526316,19,1.0105263157894737,9.146341463414634,43.28125,1.2729779411764706,10.298929208804285,2.0,24.390243902439025
31,M,178,64,18,99,96,37,32,52,38,29,102,40,24,37,15,27.9,20.199469763918696,1.7788885418835112,9.6,54.4,3.0299204645878044,17.169549299330892,1.03125,0.5561797752808989,22.424180979552077,151.4707273335444,19.6083,2.675675675675676,0.6153846153846154,0.7307692307692307,0.32323232323232326,0.90625,0.40404040404040403,-3,1.0303030303030303,10.112359550561797,43.59375,2.90625,8.805706350208306,2.0555555555555554,21.34831460674157
32,M,164,81,19,110,95,41,36,58,38,28,111,41,23,32,29,36.5,30.116002379535995,1.9209372712298547,23.49,57.510000000000005,8.733640690065439,21.38236168947056,1.1578947368421053,0.6707317073170732,27.233254205541392,143.59707769981924,24.3575,2.682926829268293,0.6206896551724138,0.6551724137931034,0.32727272727272727,0.7777777777777778,0.37272727272727274,-15,1.009090909090909,11.585365853658537,45.06172839506173,1.5538527032779907,13.570791195716838,1.6842105263157894,23.170731707317074
23,F,165,48,16,76,111,32,32,46,36,23,79,38,21,30,22,20.6,17.63085399449036,1.4832396974191326,10.56,37.44,3.8787878787878793,13.75206611570248,0.6846846846846847,0.46060606060606063,34.37174715268428,129.27318463744732,12.4095,2.375,0.6956521739130435,0.782608695652174,0.42105263157894735,0.71875,0.5,35,1.0394736842105263,9.696969696969697,42.91666666666667,1.9507575757575757,7.566574839302113,1.875,21.818181818181817
33,F,167,101,15,99,99,32,28,47,35,23,91,37,21,33,45,45.1,36.214995159381836,2.164550248383663,45.45,55.55,16.296747821721826,19.91824733766001,1.0,0.592814371257485,27.8733533059159,116.79015782903952,19.602,3.09375,0.5957446808510638,0.7446808510638298,0.2828282828282828,0.8214285714285714,0.37373737373737376,0,0.9191919191919192,8.982035928143713,44.65346534653465,0.9922992299229922,16.17125031374377,2.2,20.958083832335326
39,M,175,99,18,73,92,41,32,56,38,31,91,42,24,34,31,39.2,32.326530612244895,2.1937410968480306,30.69,68.31,10.02122448979592,22.30530612244898,0.7934782608695652,0.41714285714285715,21.74026459068446,89.04259108696483,10.9107,1.7804878048780488,0.5714285714285714,0.6785714285714286,0.4383561643835616,0.96875,0.5753424657534246,19,1.2465753424657535,10.285714285714285,39.5959595959596,1.2772890192245032,12.8,1.8888888888888888,21.714285714285715
51,M,180,126,19,111,95,34,29,56,33,29,107,44,23,41,45,54.0,38.888888888888886,2.5099800796022267,56.7,69.3,17.5,21.388888888888886,1.168421052631579,0.6166666666666667,21.3382329374963,121.71594095056669,24.8212,3.264705882352941,0.5178571428571429,0.5892857142857143,0.26126126126126126,1.0,0.3963963963963964,-16,0.963963963963964,10.555555555555555,42.857142857142854,0.9523809523809523,16.666666666666664,2.1578947368421053,18.333333333333332
41,F,161,53,14,55,102,33,30,52,35,24,82,38,23,32,25,22.6,20.446742023841672,1.5395706472188204,13.25,39.75,5.111685505960418,15.335056517881252,0.5392156862745098,0.3416149068322981,31.929976047446118,87.94500840959161,7.5963,1.6666666666666667,0.5769230769230769,0.6730769230769231,0.5454545454545454,0.8,0.6909090909090909,47,1.490909090909091,8.695652173913043,42.64150943396226,1.7056603773584906,8.718799429034373,2.2857142857142856,21.73913043478261
33,M,175,99,19,91,104,39,33,62,36,29,104,41,22,33,32,41.7,32.326530612244895,2.1937410968480306,31.68,67.32,10.344489795918367,21.982040816326528,0.875,0.52,26.923777363382435,110.99829847827122,16.6803,2.3333333333333335,0.532258064516129,0.5806451612903226,0.3626373626373626,0.8787878787878788,0.45054945054945056,13,1.1428571428571428,10.857142857142858,42.121212121212125,1.316287878787879,13.616326530612247,1.736842105263158,20.57142857142857
52,M,177,74,18,90,99,37,32,62,38,26,100,43,26,38,19,33.8,23.620287912158062,1.9074415674754845,14.06,59.94,4.487854703310032,19.13243320884803,0.9090909090909091,0.5084745762711864,24.041218515412467,127.6987907806548,16.256700000000002,2.4324324324324325,0.5161290322580645,0.6129032258064516,0.35555555555555557,0.8125,0.4777777777777778,9,1.1111111111111112,10.16949152542373,45.67567567567567,2.4039829302987195,10.788726100418142,2.111111111111111,21.468926553672315
65,M,168,85,19,110,97,38,34,57,38,29,106,41,26,36,32,36.7,30.116213151927443,1.9916492328386208,27.2,57.8,9.63718820861678,20.47902494331066,1.134020618556701,0.6547619047619048,26.54590757834201,141.87679370464002,24.3183,2.8947368421052633,0.5964912280701754,0.6666666666666666,0.3090909090909091,0.8529411764705882,0.37272727272727274,-13,0.9636363636363636,11.30952380952381,43.1764705882353,1.349264705882353,13.003117913832202,1.894736842105263,22.61904761904762
47,M,166,90,18,91,101,37,33,58,38,28,102,40,25,35,45,35.8,32.660763536072004,2.0371548787463363,40.5,49.5,14.6973435912324,17.9634199448396,0.900990099009901,0.5481927710843374,29.22361632309616,113.38293208924563,16.632,2.4594594594594597,0.5689655172413793,0.6551724137931034,0.3626373626373626,0.8484848484848485,0.43956043956043955,10,1.120879120879121,10.843373493975903,39.77777777777777,0.8839506172839505,12.991725939904194,1.9444444444444444,22.89156626506024
61,M,174,84,18,92,96,37,30,62,41,32,94,41,23,37,38,33.6,27.74474831549742,2.0149441679609885,31.92,52.08,10.543004359889022,17.2017439556084,0.9583333333333334,0.5287356321839081,23.82609895607743,121.47763004745147,16.9392,2.4864864864864864,0.4838709677419355,0.6612903225806451,0.32608695652173914,1.0666666666666667,0.44565217391304346,4,1.0217391304347827,10.344827586206897,40.0,1.0526315789473684,11.09789932619897,2.0555555555555554,23.563218390804597
51,M,192,95,19,95,101,36,32,58,39,25,106,43,22,33,30,43.0,25.770399305555557,2.250925735484551,28.5,66.5,7.731119791666667,18.03927951388889,0.9405940594059405,0.4947916666666667,19.963787231869922,123.90416892575509,18.075200000000002,2.638888888888889,0.5517241379310345,0.6724137931034483,0.3368421052631579,0.78125,0.45263157894736844,6,1.1157894736842104,9.895833333333332,45.26315789473684,1.5087719298245614,11.664496527777779,1.736842105263158,20.3125
65,M,176,95,18,89,99,39,33,60,37,31,98,36,24,33,43,42.8,30.668904958677686,2.155097316699282,40.85,54.15,13.187629132231406,17.481275826446282,0.898989898989899,0.5056818181818182,24.400032831248005,111.13683892973603,15.912,2.282051282051282,0.55,0.6166666666666667,0.3707865168539326,0.9393939393939394,0.4044943820224719,10,1.101123595505618,10.227272727272728,45.05263157894737,1.047735618115055,13.817148760330578,1.8333333333333333,21.022727272727273
60,M,163,77,18,95,97,38,30,53,35,32,97,39,23,36,30,31.7,28.981143437841094,1.8671874273593663,23.099999999999998,53.900000000000006,8.694343031352327,20.28680040648877,0.979381443298969,0.5828220858895705,28.61120469253489,126.80767706360525,18.052799999999998,2.5,0.5660377358490566,0.660377358490566,0.3157894736842105,1.0666666666666667,0.4105263157894737,2,1.0210526315789474,11.042944785276074,41.16883116883117,1.3722943722943723,11.931198012721593,2.0,21.472392638036812
28,M,188,91,19,98,97,40,33,52,35,28,90,43,26,32,28,40.6,25.746944318696244,2.179959224898994,25.480000000000004,65.52,7.209144409234949,18.537799909461295,1.0103092783505154,0.5212765957446809,19.630064295999397,129.22835207587542,19.2087,2.45,0.6346153846153846,0.6730769230769231,0.336734693877551,0.8484848484848485,0.4387755102040816,-1,0.9183673469387755,10.106382978723403,44.61538461538462,1.5934065934065933,11.487098234495248,1.6842105263157894,18.617021276595743
24,F,162,57,14,102,102,36,30,58,36,25,90,36,21,30,31,23.6,21.719250114311837,1.6015617378046967,17.669999999999998,39.33,6.73296753543667,14.986282578875167,1.0,0.6296296296296297,31.468375638565043,157.75885780403578,20.808,2.8333333333333335,0.5172413793103449,0.6206896551724138,0.29411764705882354,0.8333333333333334,0.35294117647058826,0,0.8823529411764706,8.641975308641975,41.40350877192983,1.3355970571590268,8.992531626276481,2.142857142857143,22.22222222222222
55,M,159,73,17,120,111,40,34,49,37,28,96,46,22,29,34,28.9,28.875440053795337,1.795596465430545,24.82,48.18,9.817649618290416,19.057790435504923,1.0810810810810811,0.7547169811320755,37.36397862560628,162.47699574085618,28.8567,3.0,0.6938775510204082,0.7551020408163265,0.2833333333333333,0.8235294117647058,0.38333333333333336,-9,0.8,10.69182389937107,39.58904109589041,1.1643835616438356,11.431509829516235,1.7058823529411764,23.270440251572328
32,F,163,73,16,84,105,34,28,58,39,23,90,37,18,28,40,29.8,27.475629493018182,1.8180422926262683,29.200000000000003,43.8,10.990251797207273,16.485377695810907,0.8,0.5153374233128835,32.45542775996045,115.1556259248007,14.4207,2.4705882352941178,0.4827586206896552,0.6724137931034483,0.3333333333333333,0.8214285714285714,0.44047619047619047,21,1.0714285714285714,9.815950920245399,40.821917808219176,1.0205479452054793,11.21607888893071,1.75,23.92638036809816
57,F,159,83,15,89,105,34,28,55,35,24,93,34,20,31,45,34.0,32.83097978719196,1.9146366060778566,37.35,45.65,14.773940904236381,18.057038882955577,0.8476190476190476,0.559748427672956,34.37133113233026,113.01160027031892,16.0212,2.6176470588235294,0.509090909090909,0.6363636363636364,0.3146067415730337,0.8571428571428571,0.38202247191011235,16,1.0449438202247192,9.433962264150944,40.963855421686745,0.9103078982597055,13.448835093548514,2.066666666666667,22.0125786163522
53,F,165,43,17,67,90,34,29,51,38,24,98,40,23,29,13,20.5,15.794306703397615,1.4038637160826308,5.59,37.41,2.0532598714416896,13.741046831955924,0.7444444444444445,0.40606060606060607,24.46357877244671,120.40819583213518,9.3483,1.9705882352941178,0.5686274509803921,0.7450980392156863,0.43283582089552236,0.8275862068965517,0.5970149253731343,23,1.462686567164179,10.303030303030303,47.674418604651166,3.6672629695885512,7.529843893480258,1.7058823529411764,23.03030303030303
24,F,165,59,15,77,93,32,27,49,34,27,108,37,21,30,39,24.5,21.6712580348944,1.6444350600332829,23.01,35.989999999999995,8.451790633608818,13.219467401285582,0.8279569892473119,0.4666666666666667,25.879031398194932,118.13543737138495,12.0372,2.40625,0.5510204081632653,0.6938775510204082,0.35064935064935066,1.0,0.4805194805194805,16,1.4025974025974026,9.090909090909092,41.52542372881356,1.064754454584963,8.999081726354454,2.0,20.606060606060606
37,F,157,68,15,65,99,31,31,56,36,23,78,38,21,31,37,28.8,27.587326057852245,1.7220788470785986,25.16,42.84,10.20731064140533,17.380015416446916,0.6565656565656566,0.4140127388535032,32.325223925028396,90.6112723098561,9.2592,2.096774193548387,0.5535714285714286,0.6428571428571429,0.47692307692307695,0.7419354838709677,0.5846153846153846,34,1.2,9.554140127388536,42.35294117647059,1.1446740858505564,11.684043977443304,2.066666666666667,22.929936305732486
54,F,155,56,16,98,91,34,29,58,37,25,100,36,22,31,41,22.4,23.309053069719038,1.552775293180282,22.959999999999997,33.040000000000006,9.556711758584806,13.752341311134236,1.0769230769230769,0.632258064516129,29.156747696856378,149.57927136140333,19.2423,2.8823529411764706,0.5,0.6379310344827587,0.29591836734693877,0.8620689655172413,0.3673469387755102,-7,1.0204081632653061,10.32258064516129,40.0,0.9756097560975611,9.323621227887616,1.9375,23.870967741935484
23,F,150,70,16,91,93,34,27,49,32,22,100,36,23,28,36,24.8,31.11111111111111,1.707825127659933,25.2,44.8,11.2,19.91111111111111,0.978494623655914,0.6066666666666667,32.622788017519014,122.21133941052732,16.564799999999998,2.676470588235294,0.5510204081632653,0.6530612244897959,0.2967032967032967,0.8148148148148148,0.3956043956043956,2,1.098901098901099,10.666666666666668,35.42857142857143,0.9841269841269842,11.022222222222222,1.75,21.333333333333336
19,M,174,88,17,97,86,40,31,55,39,25,97,42,23,38,29,37.3,29.065926806711587,2.0623611064344027,25.52,62.480000000000004,8.42911877394636,20.636808032765227,1.127906976744186,0.5574712643678161,19.469213648152696,125.1349211785678,18.9027,2.425,0.5636363636363636,0.7090909090909091,0.31958762886597936,0.8064516129032258,0.4329896907216495,-11,1.0,9.770114942528735,42.38636363636363,1.4615987460815045,12.319989430572068,2.235294117647059,22.413793103448278
45,F,158,75,15,90,93,35,25,50,39,25,108,40,22,32,45,31.7,30.043262297708697,1.8142950880897701,33.75,41.25,13.519468033968913,16.523794263739784,0.967741935483871,0.569620253164557,28.827105967305627,119.8433452683151,16.2063,2.5714285714285716,0.5,0.78,0.2777777777777778,1.0,0.4444444444444444,3,1.2,9.49367088607595,42.266666666666666,0.9392592592592592,12.698285531164876,2.1333333333333333,24.68354430379747
55,M,180,95,18,105,94,37,29,64,35,29,90,37,19,35,34,39.4,29.320987654320987,2.179449471770337,32.300000000000004,62.699999999999996,9.969135802469136,19.351851851851848,1.1170212765957446,0.5833333333333334,20.92414627499634,132.5980847141779,22.134700000000002,2.8378378378378377,0.453125,0.546875,0.2761904761904762,1.0,0.3523809523809524,-11,0.8571428571428571,10.0,41.473684210526315,1.219814241486068,12.160493827160492,1.9444444444444444,19.444444444444446
20,F,168,71,16,79,106,35,33,51,37,26,100,40,22,27,38,28.4,25.15589569160998,1.8202563921968062,26.98,44.019999999999996,9.559240362811792,15.596655328798187,0.7452830188679245,0.47023809523809523,30.67903302375519,111.48746994460346,12.992299999999998,2.257142857142857,0.6470588235294118,0.7254901960784313,0.4177215189873418,0.7878787878787878,0.5063291139240507,27,1.2658227848101267,9.523809523809524,40.0,1.0526315789473684,10.062358276643993,1.6875,22.023809523809522
60,F,161,65,16,94,97,34,29,50,39,26,97,39,19,32,41,24.9,25.076193048107708,1.7049763765062684,26.65,38.35,10.28123914972416,14.794953898383548,0.9690721649484536,0.5838509316770186,29.482428201983076,135.7243015313388,17.6783,2.764705882352941,0.58,0.78,0.30851063829787234,0.896551724137931,0.4148936170212766,3,1.0319148936170213,9.937888198757763,38.30769230769231,0.9343339587242027,9.60611087535203,2.0,24.22360248447205
48,M,176,83,18,80,104,39,32,60,36,27,93,46,24,36,31,34.7,26.794938016528928,2.014392657298417,25.73,57.269999999999996,8.306430785123966,18.48850723140496,0.7692307692307693,0.45454545454545453,26.541448630805988,106.87614408126895,13.2032,2.051282051282051,0.5333333333333333,0.6,0.4,0.84375,0.575,24,1.1625,10.227272727272728,41.807228915662655,1.348620287602021,11.202221074380166,2.0,20.454545454545457
37,M,180,96,18,87,97,41,37,55,39,30,108,41,22,37,28,45.5,29.629629629629626,2.1908902300206643,26.880000000000003,69.12,8.296296296296296,21.333333333333332,0.8969072164948454,0.48333333333333334,22.166406262496224,109.29326262144372,15.208,2.1219512195121952,0.6727272727272727,0.7090909090909091,0.42528735632183906,0.8108108108108109,0.47126436781609193,10,1.2413793103448276,10.0,47.39583333333333,1.6927083333333333,14.043209876543209,2.0555555555555554,21.666666666666668
40,M,160,76,18,79,98,40,34,61,39,31,93,44,23,34,28,33.4,29.687499999999993,1.837873166945363,21.28,54.72,8.312499999999998,21.374999999999996,0.8061224489795918,0.49375,30.4223766713283,105.16077753888243,12.7347,1.975,0.5573770491803278,0.639344262295082,0.43037974683544306,0.9117647058823529,0.5569620253164557,19,1.1772151898734178,11.25,43.94736842105263,1.569548872180451,13.046874999999996,1.8888888888888888,24.375
28,F,171,68,14,66,106,34,31,49,38,23,90,36,22,30,21,30.0,23.25501863821347,1.797220075561143,14.28,53.72,4.883553914024828,18.37146472418864,0.6226415094339622,0.38596491228070173,29.403640916724264,96.01985293068167,9.832,1.9411764705882353,0.6326530612244898,0.7755102040816326,0.4696969696969697,0.7419354838709677,0.5454545454545454,40,1.3636363636363635,8.187134502923977,44.11764705882353,2.100840336134454,10.259567046270648,2.142857142857143,22.22222222222222
63,F,163,87,15,88,88,34,25,51,34,23,92,38,22,28,45,31.5,32.74492829989838,1.9847333993931444,39.15,47.85,14.73521773495427,18.00971056494411,1.0,0.5398773006134969,24.286453741681143,110.5071427691216,15.488,2.588235294117647,0.49019607843137253,0.6666666666666666,0.2840909090909091,0.92,0.4318181818181818,0,1.0454545454545454,9.202453987730062,36.206896551724135,0.8045977011494253,11.855922315480449,1.8666666666666667,20.858895705521473
39,M,177,77,19,81,90,38,34,52,35,28,88,40,24,35,22,32.3,24.577867151840145,1.9457218026566216,16.94,60.06,5.407130773404832,19.170736378435315,0.9,0.4576271186440678,20.219289559465878,112.66779412499919,13.178700000000001,2.1315789473684212,0.6538461538461539,0.6730769230769231,0.41975308641975306,0.8235294117647058,0.49382716049382713,9,1.0864197530864197,10.734463276836157,41.94805194805195,1.906729634002361,10.309936480577099,1.8421052631578947,19.774011299435028
54,M,171,76,18,93,109,36,37,52,36,28,104,40,24,38,29,32.9,25.990903183885642,1.9,22.04,53.96,7.537361923326836,18.453541260558808,0.8532110091743119,0.543859649122807,30.745253395499475,127.98165137614679,17.4772,2.5833333333333335,0.7115384615384616,0.6923076923076923,0.3978494623655914,0.7567567567567568,0.43010752688172044,16,1.118279569892473,10.526315789473683,43.28947368421052,1.4927404718693285,11.251325194076811,2.111111111111111,21.052631578947366
58,F,152,55,15,83,99,34,28,51,34,25,85,36,22,27,34,23.1,23.80540166204986,1.5238839267549948,18.700000000000003,36.3,8.093836565096954,15.711565096952908,0.8383838383838383,0.5460526315789473,34.828686486662804,126.58785580049832,13.9572,2.4411764705882355,0.5490196078431373,0.6666666666666666,0.3373493975903614,0.8928571428571429,0.43373493975903615,16,1.0240963855421688,9.868421052631579,42.00000000000001,1.2352941176470587,9.998268698060942,1.8,22.36842105263158
54,M,186,68,18,78,103,38,30,59,40,29,90,37,23,35,19,28.7,19.65545149728292,1.8743887892679398,12.92,55.08,3.734535784483755,15.920915712799165,0.7572815533980582,0.41935483870967744,22.603905503224162,118.3505063919854,12.6055,2.0526315789473686,0.5084745762711864,0.6779661016949152,0.38461538461538464,0.9666666666666667,0.47435897435897434,25,1.1538461538461537,9.67741935483871,42.205882352941174,2.221362229102167,8.295756734882644,1.9444444444444444,21.50537634408602
54,F,157,71,15,83,96,30,26,54,33,24,91,34,20,27,31,30.3,28.804413972169254,1.7596559007058423,22.01,48.989999999999995,8.92936833137247,19.875045640796785,0.8645833333333334,0.5286624203821656,30.800217139421477,113.23279991620487,13.8963,2.7666666666666666,0.48148148148148145,0.6111111111111112,0.3132530120481928,0.9230769230769231,0.40963855421686746,13,1.0963855421686748,9.554140127388536,42.67605633802817,1.37664697864607,12.292587934601809,1.8,21.019108280254777
33,F,155,58,15,74,112,33,29,51,37,26,94,39,22,26,26,22.5,24.141519250780433,1.5802601754844745,15.08,42.92,6.276795005202913,17.864724245577523,0.6607142857142857,0.4774193548387097,40.039074088438625,110.98315689894126,11.9628,2.242424242424242,0.5686274509803921,0.7254901960784313,0.3918918918918919,0.896551724137931,0.527027027027027,38,1.2702702702702702,9.67741935483871,38.793103448275865,1.4920424403183024,9.365244536940686,1.7333333333333334,23.870967741935484
31,F,168,65,16,64,98,33,25,51,37,26,82,35,23,32,16,23.5,23.030045351473927,1.7416467303484175,10.4,54.6,3.6848072562358283,19.3452380952381,0.6530612244897959,0.38095238095238093,27.005143738943474,94.3955320329982,9.0012,1.9393939393939394,0.49019607843137253,0.7254901960784313,0.390625,1.04,0.546875,34,1.28125,9.523809523809524,36.15384615384615,2.2596153846153846,8.32624716553288,2.0,22.023809523809522
65,F,154,59,15,55,102,35,26,47,36,23,97,38,23,31,21,25.5,24.87771968291449,1.5886751993056634,12.389999999999999,46.61,5.224321133412042,19.653398549502445,0.5392156862745098,0.35714285714285715,35.372689825057655,81.52119666783841,7.5963,1.5714285714285714,0.5531914893617021,0.7659574468085106,0.4727272727272727,0.8846153846153846,0.6909090909090909,47,1.7636363636363637,9.740259740259742,43.22033898305085,2.0581113801452786,10.752234778208804,2.066666666666667,23.376623376623375
58,F,168,64,16,64,102,34,28,51,34,24,84,37,21,28,18,27.7,22.67573696145125,1.7281975195754293,11.52,52.480000000000004,4.081632653061225,18.594104308390026,0.6274509803921569,0.38095238095238093,28.842088381349335,95.13013869222546,9.2028,1.8823529411764706,0.5490196078431373,0.6666666666666666,0.4375,0.8571428571428571,0.578125,38,1.3125,9.523809523809524,43.28125,2.404513888888889,9.81434240362812,1.75,20.238095238095237
22,M,191,97,17,99,96,41,32,59,33,29,101,40,24,37,36,45.7,26.589183410542475,2.2685653812241977,34.92,62.08,9.572106027795291,17.017077382747182,1.03125,0.518324607329843,18.368147700561508,127.44990413763108,19.6083,2.4146341463414633,0.5423728813559322,0.559322033898305,0.32323232323232326,0.90625,0.40404040404040403,-3,1.02020202020202,8.900523560209423,47.11340206185567,1.3087056128293242,12.527068885173104,2.176470588235294,17.277486910994764
38,F,165,53,14,62,78,34,32,45,36,22,85,36,21,29,27,20.3,19.467401285583104,1.558578412100805,14.31,38.69,5.256198347107439,14.211202938475667,0.7948717948717948,0.37575757575757573,18.801768269453817,100.361981876666,7.8671999999999995,1.8235294117647058,0.7111111111111111,0.8,0.5161290322580645,0.6875,0.5806451612903226,16,1.3709677419354838,8.484848484848486,38.301886792452834,1.4185883997204751,7.456382001836548,2.0714285714285716,21.818181818181817
64,M,178,92,16,102,103,39,33,53,39,29,89,42,21,28,38,42.6,29.036737785633125,2.1328124364061853,34.96,57.04,11.033960358540588,18.00277742709254,0.9902912621359223,0.5730337078651685,25.37177750931108,130.16366285207275,20.8087,2.6153846153846154,0.6226415094339622,0.7358490566037735,0.3235294117647059,0.8787878787878788,0.4117647058823529,1,0.8725490196078431,8.98876404494382,46.30434782608695,1.2185354691075514,13.445272061608383,1.75,21.910112359550563
19,F,156,63,16,81,105,36,29,56,35,24,82,36,20,29,38,29.0,25.88757396449704,1.6522711641858305,23.94,39.06,9.837278106508876,16.050295857988164,0.7714285714285715,0.5192307692307693,35.88928253055816,116.93662236701816,13.5252,2.25,0.5178571428571429,0.625,0.35802469135802467,0.8275862068965517,0.4444444444444444,24,1.0123456790123457,10.256410256410255,46.03174603174603,1.2113617376775272,11.916502301117685,1.8125,22.435897435897438
37,F,165,66,15,70,111,34,28,55,36,26,72,35,24,29,28,27.9,24.242424242424246,1.7392527130926085,18.48,47.519999999999996,6.787878787878789,17.454545454545453,0.6306306306306306,0.42424242424242425,34.37174715268428,101.54102578522318,10.976700000000001,2.0588235294117645,0.509090909090909,0.6545454545454545,0.4,0.9285714285714286,0.5,41,1.0285714285714285,9.090909090909092,42.27272727272727,1.5097402597402596,10.247933884297522,1.9333333333333333,21.818181818181817
62,M,175,65,19,81,97,37,32,50,42,30,94,41,23,36,19,22.7,21.224489795918366,1.7775607506417952,12.35,52.65,4.032653061224489,17.191836734693876,0.8350515463917526,0.46285714285714286,23.900061579308613,121.93288988170958,13.301200000000001,2.189189189189189,0.64,0.84,0.3950617283950617,0.9375,0.5061728395061729,16,1.1604938271604939,10.857142857142858,34.92307692307692,1.8380566801619433,7.412244897959184,1.894736842105263,24.0
29,M,180,85,18,84,101,38,29,57,40,29,102,37,24,37,20,40.2,26.234567901234566,2.0615528128088303,17.0,68.0,5.246913580246913,20.98765432098765,0.8316831683168316,0.4666666666666667,23.822752912496064,112.14491286083653,14.3143,2.210526315789474,0.5087719298245614,0.7017543859649122,0.34523809523809523,1.0,0.44047619047619047,17,1.2142857142857142,10.0,47.294117647058826,2.364705882352941,12.407407407407408,2.0555555555555554,22.22222222222222
28,F,160,77,16,87,102,33,31,61,36,25,93,37,22,28,38,30.4,30.078124999999993,1.8499249234015476,29.26,47.739999999999995,11.429687499999998,18.648437499999993,0.8529411764705882,0.54375,32.39880020893354,115.05549982313926,15.2955,2.6363636363636362,0.5081967213114754,0.5901639344262295,0.3563218390804598,0.8064516129032258,0.42528735632183906,15,1.0689655172413792,10.0,39.480519480519476,1.0389610389610389,11.874999999999996,1.75,22.5
18,F,160,67,15,103,89,33,25,52,32,27,83,36,24,24,43,27.0,26.171874999999996,1.7256238807393047,28.81,38.19,11.253906249999996,14.917968749999996,1.1573033707865168,0.64375,25.975423711716516,146.02705166327402,21.3552,3.121212121212121,0.4807692307692308,0.6153846153846154,0.24271844660194175,1.08,0.34951456310679613,-14,0.8058252427184466,9.375,40.298507462686565,0.9371745921555016,10.546874999999998,1.6,20.0
21,M,189,70,17,68,106,39,35,60,39,32,107,43,24,39,18,30.1,19.59631589261219,1.9170289512680814,12.6,57.4,3.5273368606701943,16.068979031941996,0.6415094339622641,0.35978835978835977,22.79558441801621,102.5095428725265,10.258799999999999,1.7435897435897436,0.5833333333333334,0.65,0.5147058823529411,0.9142857142857143,0.6323529411764706,38,1.5735294117647058,8.994708994708994,43.0,2.3888888888888893,8.426415833823242,2.2941176470588234,20.634920634920633
49,F,158,67,15,72,109,35,27,54,35,25,92,35,22,30,25,30.0,26.83864765261977,1.7148048155855977,16.75,50.25,6.709661913154942,20.128985739464827,0.6605504587155964,0.45569620253164556,36.88338226275606,101.43717380980121,11.3263,2.057142857142857,0.5,0.6481481481481481,0.375,0.9259259259259259,0.4861111111111111,37,1.2777777777777777,9.49367088607595,44.776119402985074,1.791044776119403,12.017304919083479,2.0,22.151898734177212
24,M,181,86,18,89,94,39,26,56,37,26,108,42,24,33,19,38.1,26.25072494734593,2.0793962799064754,16.34,69.66,4.987637739995726,21.263087207350203,0.9468085106382979,0.49171270718232046,20.602016434935706,118.45504730851908,15.8595,2.282051282051282,0.4642857142857143,0.6607142857142857,0.29213483146067415,1.0,0.47191011235955055,5,1.2134831460674158,9.94475138121547,44.30232558139535,2.331701346389229,11.629681633649767,1.8333333333333333,20.441988950276244
36,F,164,55,17,81,99,34,31,48,38,26,88,32,22,28,30,24.3,20.449137418203453,1.5828946760778355,16.5,38.5,6.1347412254610365,14.314396192742418,0.8181818181818182,0.49390243902439024,29.13781227735366,128.32140326502554,13.348799999999999,2.3823529411764706,0.6458333333333334,0.7916666666666666,0.38271604938271603,0.8387096774193549,0.3950617283950617,18,1.0864197530864197,10.365853658536585,44.18181818181818,1.4727272727272727,9.034800713860799,1.6470588235294117,23.170731707317074
22,F,165,59,17,70,96,34,25,53,35,21,85,37,21,28,31,27.1,21.6712580348944,1.6444350600332829,18.29,40.71,6.718089990817264,14.953168044077136,0.7291666666666666,0.42424242424242425,27.294484023943163,107.3958521558045,10.273200000000001,2.0588235294117645,0.4716981132075472,0.660377358490566,0.35714285714285715,0.84,0.5285714285714286,26,1.2142857142857142,10.303030303030303,45.93220338983051,1.4816839803171133,9.954086317722682,1.6470588235294117,21.21212121212121
28,F,152,69,17,84,107,33,28,52,33,26,76,36,20,27,32,27.1,29.864958448753463,1.7068489485989478,22.080000000000002,46.92,9.556786703601109,20.308171745152354,0.7850467289719626,0.5526315789473685,39.097671253261815,114.37998538676634,14.482299999999999,2.5454545454545454,0.5384615384615384,0.6346153846153846,0.3333333333333333,0.9285714285714286,0.42857142857142855,23,0.9047619047619048,11.18421052631579,39.275362318840585,1.227355072463768,11.729570637119114,1.588235294117647,21.710526315789476
26,M,179,74,18,73,100,37,31,61,44,28,97,38,21,33,13,32.9,23.095409007209515,1.9181878021832077,9.620000000000001,64.38,3.002403170937237,20.093005836272276,0.73,0.40782122905027934,23.756150433069045,104.16145020533659,11.168299999999999,1.972972972972973,0.5081967213114754,0.7213114754098361,0.4246575342465753,0.9032258064516129,0.5205479452054794,27,1.3287671232876712,10.05586592178771,44.45945945945945,3.4199584199584194,10.268094004556662,1.8333333333333333,24.581005586592177
36,F,157,76,17,86,89,34,28,54,33,22,98,40,21,29,43,31.5,30.832893829364274,1.8205615739228498,32.68,43.32,13.258144346626638,17.574749482737637,0.9662921348314607,0.5477707006369427,27.241867973005327,113.40050363884482,14.7983,2.5294117647058822,0.5185185185185185,0.6111111111111112,0.32558139534883723,0.7857142857142857,0.46511627906976744,3,1.1395348837209303,10.828025477707007,41.44736842105263,0.9638922888616891,12.779423100328613,1.7058823529411764,21.019108280254777
39,F,170,68,16,77,91,33,26,50,36,24,90,40,23,30,40,28.3,23.529411764705884,1.7919573407620817,27.200000000000003,40.8,9.411764705882355,14.11764705882353,0.8461538461538461,0.45294117647058824,23.05518469712395,111.6951283637455,11.9952,2.3333333333333335,0.52,0.72,0.33766233766233766,0.9230769230769231,0.5194805194805194,14,1.1688311688311688,9.411764705882353,41.61764705882353,1.040441176470588,9.792387543252596,1.875,21.176470588235293
46,F,172,84,14,100,110,35,27,57,33,24,104,39,23,31,45,33.6,28.393726338561386,2.0033305601755624,37.800000000000004,46.199999999999996,12.777176852352627,15.616549486208761,0.9090909090909091,0.5813953488372093,30.764077722635214,131.27985322251394,20.07,2.857142857142857,0.47368421052631576,0.5789473684210527,0.27,0.8888888888888888,0.39,10,1.04,8.13953488372093,40.0,0.8888888888888888,11.357490535424555,2.2142857142857144,19.186046511627907
65,F,161,51,16,83,102,33,29,53,35,24,71,33,22,33,28,19.4,19.675166853130666,1.5102428060856086,14.280000000000001,36.72,5.509046718876586,14.166120134254077,0.8137254901960784,0.515527950310559,31.929976047446118,135.29428268225098,14.030700000000001,2.515151515151515,0.5471698113207547,0.660377358490566,0.3493975903614458,0.8275862068965517,0.39759036144578314,19,0.8554216867469879,9.937888198757763,38.03921568627451,1.3585434173669466,7.484279155896762,2.0625,21.73913043478261
59,M,175,75,18,77,97,39,31,55,42,25,90,41,25,36,9,26.6,24.489795918367346,1.9094065395649333,6.75,68.25,2.204081632653061,22.285714285714285,0.7938144329896907,0.44,23.900061579308613,107.90774572220174,12.138,1.9743589743589745,0.5636363636363636,0.7636363636363637,0.4025974025974026,0.8064516129032258,0.5324675324675324,20,1.1688311688311688,10.285714285714285,35.46666666666667,3.940740740740741,8.685714285714287,2.0,24.0
26,F,169,69,15,71,89,35,27,60,33,22,82,37,21,30,27,25.7,24.158817968558527,1.7997685036322495,18.630000000000003,50.37,6.522880851510803,17.635937117047725,0.797752808988764,0.42011834319526625,22.509786071916245,101.94141504418805,10.3088,2.0285714285714285,0.45,0.55,0.38028169014084506,0.8148148148148148,0.5211267605633803,18,1.1549295774647887,8.875739644970414,37.2463768115942,1.3794954374664516,8.998284373796437,2.0,19.526627218934912
37,M,181,84,18,94,100,40,29,59,37,26,94,41,23,36,15,34.3,25.640242971826257,2.055075018906447,12.6,71.4,3.8460364457739384,21.79420652605232,0.94,0.5193370165745856,23.065974930782666,126.5904664332936,17.697200000000002,2.35,0.4915254237288136,0.6271186440677966,0.30851063829787234,0.896551724137931,0.43617021276595747,6,1.0,9.94475138121547,40.833333333333336,2.722222222222222,10.469765880162388,2.0,20.441988950276244
22,F,160,56,16,78,95,36,31,51,34,25,80,37,21,31,29,22.1,21.874999999999996,1.577621275493231,16.24,39.760000000000005,6.343749999999998,15.531249999999998,0.8210526315789474,0.4875,28.940059018124373,120.95785664004458,12.370299999999999,2.1666666666666665,0.6078431372549019,0.6666666666666666,0.3974358974358974,0.8064516129032258,0.47435897435897434,17,1.0256410256410255,10.0,39.464285714285715,1.3608374384236455,8.632812499999998,1.9375,21.25
44,F,170,80,15,83,100,32,29,48,36,25,92,33,21,29,36,29.2,27.68166089965398,1.9436506316151,28.799999999999997,51.2,9.965397923875432,17.716262975778548,0.83,0.48823529411764705,27.115587579257088,111.00206588811008,13.9803,2.59375,0.6041666666666666,0.75,0.3493975903614458,0.8620689655172413,0.39759036144578314,17,1.108433734939759,8.823529411764707,36.5,1.013888888888889,10.103806228373703,1.9333333333333333,21.176470588235293
59,F,169,68,15,87,113,33,28,47,32,25,83,39,20,31,21,25.2,23.80869017191275,1.7866791044343195,14.28,53.72,4.999824936101677,18.808865235811073,0.7699115044247787,0.514792899408284,33.43377332726445,125.82926234683146,15.6112,2.6363636363636362,0.5957446808510638,0.6808510638297872,0.3218390804597701,0.8928571428571429,0.4482758620689655,26,0.9540229885057471,8.875739644970414,37.05882352941177,1.7647058823529411,8.82322047547355,2.066666666666667,18.93491124260355
39,M,183,103,17,90,98,37,39,59,40,28,109,38,25,35,29,44.8,30.756367762548894,2.2881943390659223,29.869999999999997,73.13,8.919346651139177,21.83702111140971,0.9183673469387755,0.4918032786885246,21.58671287079133,110.05833642964267,16.244799999999998,2.4324324324324325,0.6610169491525424,0.6779661016949152,0.43333333333333335,0.717948717948718,0.4222222222222222,8,1.211111111111111,9.289617486338798,43.49514563106796,1.4998326079678608,13.377526949147478,2.0588235294117645,21.85792349726776
37,F,168,60,15,94,88,35,27,54,36,25,93,32,21,30,36,20.8,21.258503401360546,1.6733200530681511,21.599999999999998,38.400000000000006,7.653061224489797,13.605442176870753,1.0681818181818181,0.5595238095238095,22.412782132928832,144.30466512697816,17.697200000000002,2.6857142857142855,0.5,0.6666666666666666,0.2872340425531915,0.9259259259259259,0.3404255319148936,-6,0.9893617021276596,8.928571428571429,34.66666666666667,0.9629629629629631,7.3696145124716566,2.0,21.428571428571427
35,M,167,78,18,90,96,40,31,50,38,30,105,43,22,34,32,31.8,27.968016063681024,1.9021917183431678,24.96,53.04,8.949765140377927,19.018250923303096,0.9375,0.5389221556886228,26.483251690585114,120.81669347274882,16.2252,2.25,0.62,0.76,0.34444444444444444,0.967741935483871,0.4777777777777778,6,1.1666666666666667,10.778443113772456,40.76923076923077,1.2740384615384615,11.402345010577648,1.8888888888888888,22.75449101796407
29,F,162,63,16,96,88,32,29,51,37,26,95,36,21,32,39,25.8,24.005486968449926,1.6837458240482737,24.57,38.43,9.36213991769547,14.643347050754455,1.0909090909090908,0.5925925925925926,24.67859859013455,141.2316287537215,18.4768,3.0,0.5686274509803921,0.7254901960784313,0.3020833333333333,0.896551724137931,0.375,-8,0.9895833333333334,9.876543209876543,40.95238095238095,1.05006105006105,9.83081847279378,2.0,22.839506172839506
28,M,187,61,17,89,95,39,31,58,40,30,102,45,26,36,17,27.7,17.444021847922443,1.7800592998861333,10.370000000000001,50.629999999999995,2.9654837141468158,14.478538133775626,0.9368421052631579,0.47593582887700536,19.150203364747277,142.96159815599268,15.8672,2.282051282051282,0.5344827586206896,0.6896551724137931,0.34831460674157305,0.967741935483871,0.5056179775280899,6,1.146067415730337,9.090909090909092,45.40983606557377,2.671166827386692,7.9213017243844535,2.1176470588235294,21.390374331550802
62,F,169,53,16,92,98,35,30,55,36,27,77,32,23,30,29,19.5,18.556773222226116,1.5773571426774455,15.37,37.63,5.381464234445573,13.175308987780543,0.9387755102040817,0.5443786982248521,26.606281292671824,150.71856374553403,16.953200000000002,2.6285714285714286,0.5454545454545454,0.6545454545454545,0.32608695652173914,0.9,0.34782608695652173,6,0.8369565217391305,9.467455621301776,36.79245283018868,1.2687052700065062,6.827492034592627,1.875,21.301775147928996
33,F,167,81,16,73,108,34,29,56,36,25,83,37,22,28,32,31.5,29.043708989207214,1.9384271974980127,25.92,55.08,9.29398687654631,19.749722112660905,0.6759259259259259,0.437125748502994,32.043658151908254,96.16390446303427,11.5155,2.1470588235294117,0.5178571428571429,0.6428571428571429,0.3972602739726027,0.8620689655172413,0.5068493150684932,35,1.1369863013698631,9.580838323353294,38.88888888888889,1.2152777777777777,11.294775718025027,1.75,21.55688622754491
43,M,170,65,18,98,103,38,32,57,37,24,101,40,23,30,24,26.3,22.49134948096886,1.7519830034690533,15.6,49.4,5.397923875432526,17.093425605536332,0.9514563106796117,0.5764705882352941,28.4690552066348,145.4009888553004,19.2255,2.5789473684210527,0.5614035087719298,0.6491228070175439,0.32653061224489793,0.75,0.40816326530612246,5,1.030612244897959,10.588235294117647,40.46153846153846,1.685897435897436,9.100346020761247,1.6666666666666667,21.764705882352942
31,M,166,82,18,85,94,36,30,58,40,28,102,45,22,33,28,31.5,29.757584555087824,1.9445079354713652,22.96,59.04,8.33212367542459,21.425460879663234,0.9042553191489362,0.5120481927710844,25.950692419515235,110.95312677225289,14.5067,2.361111111111111,0.5172413793103449,0.6896551724137931,0.35294117647058826,0.9333333333333333,0.5294117647058824,9,1.2,10.843373493975903,38.41463414634146,1.371951219512195,11.4312672376252,1.8333333333333333,24.096385542168676
50,M,170,40,17,95,95,36,32,55,32,28,87,40,22,37,13,16.5,13.84083044982699,1.3743685418725535,5.2,34.8,1.799307958477509,12.04152249134948,1.0,0.5588235294117647,24.859808200294232,179.67662129985217,18.05,2.638888888888889,0.5818181818181818,0.5818181818181818,0.3368421052631579,0.875,0.42105263157894735,0,0.9157894736842105,10.0,41.25,3.173076923076923,5.709342560553634,2.176470588235294,18.823529411764707
53,M,189,71,18,86,104,40,28,57,43,29,97,41,25,35,14,26.9,19.87626326250665,1.9306734576307822,9.940000000000001,61.06,2.7826768567509315,17.09358640575572,0.8269230769230769,0.455026455026455,22.025856410129116,128.72819539184437,15.018799999999999,2.15,0.49122807017543857,0.7543859649122807,0.32558139534883723,1.0357142857142858,0.47674418604651164,18,1.127906976744186,9.523809523809524,37.88732394366197,2.7062374245472833,7.530584250160969,1.9444444444444444,22.75132275132275
48,F,167,41,15,69,97,34,32,48,34,25,96,37,22,32,18,15.7,14.701136648857974,1.3791100189776175,7.38,33.62,2.646204596794435,12.054932052063537,0.711340206185567,0.41317365269461076,26.946618895695373,127.75823402477819,10.070799999999998,2.0294117647058822,0.6666666666666666,0.7083333333333334,0.463768115942029,0.78125,0.5362318840579711,28,1.391304347826087,8.982035928143713,38.29268292682927,2.127371273712737,5.629459643587078,2.1333333333333333,20.35928143712575
34,M,186,90,17,104,100,42,39,54,38,30,106,41,25,35,29,40.3,26.014568158168572,2.1563858652847827,26.099999999999998,63.900000000000006,7.544224765868885,18.470343392299686,1.04,0.5591397849462365,21.42126747885841,137.16460549823694,21.6432,2.4761904761904763,0.7222222222222222,0.7037037037037037,0.375,0.7692307692307693,0.3942307692307692,-4,1.0192307692307692,9.13978494623656,44.77777777777777,1.5440613026819923,11.648745519713259,2.0588235294117645,20.43010752688172
48,M,176,64,18,94,96,38,34,57,41,28,91,42,22,34,19,27.0,20.66115702479339,1.7688665548562132,12.16,51.84,3.925619834710744,16.735537190082646,0.9791666666666666,0.5340909090909091,23.115183351513217,143.0104267400952,17.674799999999998,2.473684210526316,0.5964912280701754,0.7192982456140351,0.3617021276595745,0.8235294117647058,0.44680851063829785,2,0.9680851063829787,10.227272727272728,42.1875,2.2203947368421053,8.71642561983471,1.8888888888888888,23.295454545454543
29,M,173,67,18,84,99,39,32,51,37,29,97,42,21,34,17,30.7,22.386314277122523,1.7943584430715682,11.39,55.61,3.805673427110829,18.580640850011694,0.8484848484848485,0.48554913294797686,25.507691448381998,123.83358281638647,14.2695,2.1538461538461537,0.6274509803921569,0.7254901960784313,0.38095238095238093,0.90625,0.5,15,1.1547619047619047,10.404624277456648,45.820895522388064,2.6953467954345918,10.257609676233752,1.8888888888888888,21.38728323699422
43,M,193,87,19,107,90,40,31,58,35,26,84,40,23,34,25,37.7,23.35633171360305,2.159668184390062,21.75,65.25,5.839082928400763,17.517248785202288,1.1888888888888889,0.5544041450777202,15.566537599680053,146.2097410501339,23.1003,2.675,0.5344827586206896,0.603448275862069,0.2897196261682243,0.8387096774193549,0.37383177570093457,-17,0.7850467289719626,9.844559585492227,43.333333333333336,1.7333333333333334,10.121077075894656,1.7894736842105263,18.134715025906736
50,F,152,50,15,61,93,31,26,55,36,24,80,38,22,31,24,22.1,21.641274238227147,1.4529663145135578,12.0,38.0,5.193905817174516,16.44736842105263,0.6559139784946236,0.40131578947368424,31.626947911713543,97.57535249760775,8.1588,1.967741935483871,0.4727272727272727,0.6545454545454545,0.4262295081967213,0.9230769230769231,0.6229508196721312,32,1.3114754098360655,9.868421052631579,44.2,1.8416666666666668,9.5654432132964,2.066666666666667,23.684210526315788
45,F,170,79,16,77,108,34,29,51,36,23,88,39,22,28,34,35.3,27.33564013840831,1.9314646141090848,26.860000000000003,52.14,9.294117647058826,18.041522491349482,0.7129629629629629,0.45294117647058824,30.724834585597655,103.62752894186472,12.530700000000001,2.264705882352941,0.5686274509803921,0.7058823529411765,0.37662337662337664,0.7931034482758621,0.5064935064935064,31,1.1428571428571428,9.411764705882353,44.68354430379746,1.3142218912881607,12.214532871972319,1.75,21.176470588235293
56,F,165,77,15,75,102,32,29,54,36,22,83,36,22,35,32,34.9,28.282828282828287,1.8786076404259264,24.64,52.36,9.050505050505052,19.232323232323235,0.7352941176470589,0.45454545454545453,30.12538927543961,100.72363138230273,11.760299999999999,2.34375,0.5370370370370371,0.6666666666666666,0.38666666666666666,0.7586206896551724,0.48,27,1.1066666666666667,9.090909090909092,45.324675324675326,1.4163961038961037,12.819100091827366,2.3333333333333335,21.818181818181817
21,M,179,98,17,95,113,40,30,57,43,29,90,42,22,36,34,42.1,30.585811928466654,2.2074369249828583,33.32,64.68,10.399176055678662,20.186635872787992,0.8407079646017699,0.5307262569832403,29.18444998936802,117.79058671037534,18.276799999999998,2.375,0.5263157894736842,0.7543859649122807,0.3157894736842105,0.9666666666666667,0.4421052631578947,18,0.9473684210526315,9.497206703910614,42.95918367346939,1.2635054021608645,13.139415124371899,2.1176470588235294,24.022346368715084
59,F,165,73,17,72,96,33,27,50,34,24,102,37,20,29,27,27.1,26.813590449954088,1.8291619210264938,19.71,53.29,7.239669421487604,19.573921028466486,0.75,0.43636363636363634,27.294484023943163,99.30852706842344,10.7712,2.1818181818181817,0.54,0.68,0.375,0.8888888888888888,0.5138888888888888,24,1.4166666666666667,10.303030303030303,37.12328767123288,1.3749365804160325,9.954086317722682,1.7058823529411764,20.606060606060606
65,F,164,67,15,73,105,35,28,47,33,24,91,36,22,32,28,24.8,24.910767400356935,1.7470610241838211,18.76,48.239999999999995,6.975014872099942,17.93575252825699,0.6952380952380952,0.4451219512195122,31.994649385072066,104.78060093009908,11.374799999999999,2.085714285714286,0.5957446808510638,0.7021276595744681,0.3835616438356164,0.8571428571428571,0.4931506849315068,32,1.2465753424657535,9.146341463414634,37.014925373134325,1.3219616204690832,9.220701963117193,2.1333333333333333,20.121951219512198
36,M,167,96,19,103,98,39,35,59,35,31,98,40,22,35,39,42.9,34.42217361683818,2.110292238845922,37.44,58.56,13.424647710566889,20.997525906271292,1.0510204081632653,0.6167664670658682,27.409986100805632,124.63308520706993,21.2355,2.641025641025641,0.5932203389830508,0.5932203389830508,0.33980582524271846,0.8857142857142857,0.3883495145631068,-5,0.9514563106796117,11.377245508982035,44.6875,1.1458333333333333,15.382408835024561,1.8421052631578947,20.958083832335326
58,M,187,75,18,101,99,38,29,53,38,29,87,42,23,38,24,31.9,21.447567845806283,1.973786547054502,18.0,57.0,5.1474162829935075,16.300151562812776,1.02020202020202,0.5401069518716578,20.71442245378927,146.31371835046215,20.404799999999998,2.6578947368421053,0.5471698113207547,0.7169811320754716,0.2871287128712871,1.0,0.4158415841584158,-2,0.8613861386138614,9.62566844919786,42.53333333333333,1.7722222222222221,9.122365523749606,2.111111111111111,20.32085561497326
28,F,165,90,15,91,107,35,29,50,35,23,83,34,20,32,41,38.8,33.057851239669425,2.03100960115899,36.9,53.1,13.553719008264464,19.504132231404963,0.8504672897196262,0.5515151515151515,32.48447698501998,113.04090134891015,16.7412,2.6,0.58,0.7,0.31868131868131866,0.7931034482758621,0.37362637362637363,16,0.9120879120879121,9.090909090909092,43.11111111111111,1.051490514905149,14.251606978879707,2.1333333333333333,21.21212121212121
62,M,173,60,19,79,94,40,33,61,41,30,106,37,21,33,15,23.3,20.04744562130375,1.6980380835933373,9.0,51.0,3.0071168431955626,17.04032877810819,0.8404255319148937,0.45664739884393063,23.31033329442331,123.06881523291159,12.6395,1.975,0.5409836065573771,0.6721311475409836,0.4177215189873418,0.9090909090909091,0.46835443037974683,15,1.3417721518987342,10.982658959537572,38.833333333333336,2.588888888888889,7.7850913829396235,1.736842105263158,23.699421965317917
52,M,176,75,18,88,99,41,30,59,39,27,107,41,23,33,25,35.1,24.212293388429753,1.9148542155126762,18.75,56.25,6.053073347107438,18.159220041322314,0.8888888888888888,0.5,24.400032831248005,123.67498786430495,15.572700000000001,2.1463414634146343,0.5084745762711864,0.6610169491525424,0.3409090909090909,0.9,0.4659090909090909,11,1.2159090909090908,10.227272727272728,46.800000000000004,1.872,11.331353305785125,1.8333333333333333,22.15909090909091
23,F,167,72,14,60,117,32,29,52,37,23,85,40,24,31,35,29.4,25.816630212628635,1.8275666882497066,25.2,46.8,9.035820574420022,16.780809638208613,0.5128205128205128,0.3592814371257485,36.2139629979006,83.83333432338104,9.4743,1.875,0.5576923076923077,0.7115384615384616,0.48333333333333334,0.7931034482758621,0.6666666666666666,57,1.4166666666666667,8.383233532934131,40.833333333333336,1.1666666666666667,10.541790670156692,2.2142857142857144,22.15568862275449
64,M,177,53,17,87,98,38,29,57,42,29,102,46,22,29,21,21.4,16.917233234383477,1.6142593761020356,11.129999999999999,41.870000000000005,3.55261897922053,13.364614255162948,0.8877551020408163,0.4915254237288136,23.61655974252951,145.8617611779925,15.222700000000001,2.289473684210526,0.5087719298245614,0.7368421052631579,0.3333333333333333,1.0,0.5287356321839081,11,1.1724137931034482,9.6045197740113,40.37735849056603,1.9227313566936208,6.830731909732196,1.7058823529411764,23.728813559322035
47,M,173,82,18,99,96,42,37,58,37,29,95,40,24,30,38,36.5,27.39817568244846,1.9850832616178988,31.16,50.84,10.411306759330415,16.986868923118045,1.03125,0.5722543352601156,24.18927655600678,131.92430716055404,19.6083,2.357142857142857,0.6379310344827587,0.6379310344827587,0.37373737373737376,0.7837837837837838,0.40404040404040403,-3,0.9595959595959596,10.404624277456648,44.51219512195122,1.1713735558408216,12.19552941962645,1.6666666666666667,21.38728323699422
36,F,171,93,15,63,106,34,26,51,38,24,89,38,20,27,44,36.4,31.80465784343901,2.10178495569837,40.92,52.08,13.994049451113165,17.810608392325847,0.5943396226415094,0.3684210526315789,29.403640916724264,78.37375093755391,9.232299999999999,1.8529411764705883,0.5098039215686274,0.7450980392156863,0.4126984126984127,0.9230769230769231,0.6031746031746031,43,1.4126984126984128,8.771929824561402,39.13978494623655,0.8895405669599217,12.448274682808385,1.8,22.22222222222222
25,F,163,56,16,84,88,35,29,53,34,21,92,42,22,28,45,24.3,21.077195227520797,1.5923427883328247,25.2,30.8,9.484737852384358,11.592457375136439,0.9545454545454546,0.5153374233128835,24.286453741681143,131.4778449082149,14.1232,2.4,0.5471698113207547,0.6415094339622641,0.34523809523809523,0.7241379310344828,0.5,4,1.0952380952380953,9.815950920245399,43.392857142857146,0.9642857142857143,9.145997214799204,1.75,20.858895705521473
34,M,192,105,18,95,99,38,32,61,41,28,102,36,25,37,32,41.6,28.483072916666668,2.3664319132398464,33.6,71.4,9.114583333333334,19.368489583333336,0.9595959595959596,0.4947916666666667,19.2120290688626,117.85637313645368,18.0612,2.5,0.5245901639344263,0.6721311475409836,0.3368421052631579,0.875,0.37894736842105264,4,1.0736842105263158,9.375,39.61904761904762,1.2380952380952381,11.284722222222223,2.0555555555555554,21.354166666666664
46,M,186,114,18,125,88,39,30,55,34,30,104,40,21,39,45,49.6,32.95178633368019,2.4269322199023193,51.300000000000004,62.699999999999996,14.828303850156086,18.123482483524104,1.4204545454545454,0.6720430107526881,16.6907153813954,146.4831132244278,32.2083,3.2051282051282053,0.5454545454545454,0.6181818181818182,0.24,1.0,0.32,-37,0.832,9.67741935483871,43.50877192982456,0.9668615984405458,14.336917562724013,2.1666666666666665,18.27956989247312
38,F,164,83,16,65,104,29,27,57,35,23,89,37,22,29,33,35.9,30.859607376561577,1.9445079354713652,27.39,55.61,10.18367043426532,20.675936942296257,0.625,0.39634146341463417,31.518509867119,83.82426161532358,9.514700000000001,2.2413793103448274,0.47368421052631576,0.6140350877192983,0.4153846153846154,0.8518518518518519,0.5692307692307692,39,1.3692307692307693,9.75609756097561,43.253012048192765,1.3106973347937203,13.347709696609163,1.8125,21.341463414634145
29,M,183,87,17,87,92,39,31,53,40,28,98,41,25,34,17,33.8,25.97867956642479,2.102974084481309,14.790000000000001,72.21,4.416375526292215,21.562304040132577,0.9456521739130435,0.47540983606557374,19.163036572579614,115.76004134759499,15.1555,2.230769230769231,0.5849056603773585,0.7547169811320755,0.3563218390804598,0.9032258064516129,0.47126436781609193,5,1.1264367816091954,9.289617486338798,38.85057471264368,2.2853279242731572,10.09286631431216,2.0,21.85792349726776
53,F,165,69,16,87,100,31,26,49,37,24,95,39,18,29,42,28.9,25.344352617079892,1.778341924377874,28.98,40.019999999999996,10.644628099173556,14.699724517906336,0.87,0.5272727272727272,29.18175419160746,123.42700233017554,15.2563,2.806451612903226,0.5306122448979592,0.7551020408163265,0.2988505747126437,0.9230769230769231,0.4482758620689655,13,1.0919540229885059,9.696969696969697,41.88405797101449,0.997239475500345,10.61524334251607,1.8125,22.424242424242426
57,M,177,47,18,98,95,36,31,51,44,29,102,44,21,38,11,16.1,15.00207475501931,1.5201425371764758,5.17,41.83,1.6502282230521241,13.351846531967185,1.0315789473684212,0.5536723163841808,22.342583423880647,174.47663709931052,19.214299999999998,2.7222222222222223,0.6078431372549019,0.8627450980392157,0.3163265306122449,0.9354838709677419,0.4489795918367347,-3,1.0408163265306123,10.16949152542373,34.255319148936174,3.1141199226305614,5.1390085862938495,2.111111111111111,24.858757062146893
32,M,186,94,20,96,101,39,34,53,43,30,112,41,26,33,38,43.4,27.170771187420506,2.203784623475413,35.72,58.28,10.324893051219792,16.845878136200714,0.9504950495049505,0.5161290322580645,21.815480153646995,123.89029310187759,18.4495,2.4615384615384617,0.6415094339622641,0.8113207547169812,0.3541666666666667,0.8823529411764706,0.4270833333333333,5,1.1666666666666667,10.75268817204301,46.170212765957444,1.2150055991041433,12.54480286738351,1.65,23.118279569892472
48,F,158,54,16,69,105,32,27,52,33,26,95,38,22,27,28,22.6,21.63114885435026,1.5394804318340654,15.120000000000001,38.879999999999995,6.056721679218073,15.574427175132186,0.6571428571428571,0.43670886075949367,34.86931318889345,108.2814982635581,10.429200000000002,2.15625,0.5192307692307693,0.6346153846153846,0.391304347826087,0.9629629629629629,0.5507246376811594,36,1.3768115942028984,10.126582278481013,41.851851851851855,1.4947089947089947,9.053036372376221,1.6875,20.88607594936709
30,F,169,93,14,88,97,31,28,47,36,26,79,38,22,34,45,34.4,32.561885088057146,2.089457664881807,41.85,51.15,14.652848289625716,17.90903679843143,0.9072164948453608,0.5207100591715976,26.151115157032315,108.83236135519324,15.5447,2.838709677419355,0.5957446808510638,0.7659574468085106,0.3181818181818182,0.9285714285714286,0.4318181818181818,9,0.8977272727272727,8.284023668639055,36.98924731182795,0.8219832735961767,12.044396204614685,2.4285714285714284,21.301775147928996
64,F,160,68,16,83,101,32,30,55,34,24,90,39,22,30,26,25.1,26.562499999999996,1.7384539747207064,17.68,50.32,6.906249999999998,19.656249999999996,0.8217821782178217,0.51875,31.90469432453223,116.80384233822339,14.0048,2.59375,0.5454545454545454,0.6181818181818182,0.3614457831325301,0.8,0.46987951807228917,18,1.0843373493975903,10.0,36.911764705882355,1.419683257918552,9.804687499999998,1.875,21.25
28,F,166,73,16,94,103,31,31,56,35,22,95,37,21,28,32,31.7,26.491508201480624,1.8346964629363385,23.36,49.64,8.4772826244738,18.014225577006822,0.912621359223301,0.5662650602409639,30.158737438404998,130.04509301195108,17.7287,3.032258064516129,0.5535714285714286,0.625,0.32978723404255317,0.7096774193548387,0.39361702127659576,9,1.0106382978723405,9.63855421686747,43.42465753424658,1.3570205479452055,11.503846712149805,1.75,21.084337349397593
31,M,173,90,18,96,89,39,31,54,38,30,108,45,23,36,28,38.1,30.071168431955627,2.079663434308542,25.200000000000003,64.8,8.419927160947577,21.65124127100805,1.0786516853932584,0.5549132947976878,21.11297514046462,122.1086787116942,18.4663,2.4615384615384617,0.5740740740740741,0.7037037037037037,0.3229166666666667,0.967741935483871,0.46875,-7,1.125,10.404624277456648,42.333333333333336,1.5119047619047619,12.730127969527883,2.0,21.965317919075144
25,F,164,83,16,94,98,32,29,51,33,23,87,36,20,31,44,33.2,30.859607376561577,1.9445079354713652,36.52,46.48,13.578227245687094,17.28138013087448,0.9591836734693877,0.573170731707317,28.661672759400595,121.2227783360064,17.6832,2.9375,0.5686274509803921,0.6470588235294118,0.30851063829787234,0.7931034482758621,0.3829787234042553,4,0.925531914893617,9.75609756097561,40.0,0.9090909090909091,12.343842950624632,1.9375,20.121951219512198
58,M,170,94,19,104,90,41,30,52,40,28,92,44,24,36,36,37.5,32.52595155709343,2.106867079074731,33.839999999999996,60.160000000000004,11.709342560553633,20.816608996539795,1.1555555555555554,0.611764705882353,22.604028821331376,128.3120298011548,21.7692,2.5365853658536586,0.5769230769230769,0.7692307692307693,0.28846153846153844,0.9333333333333333,0.4230769230769231,-14,0.8846153846153846,11.176470588235295,39.8936170212766,1.1081560283687943,12.975778546712805,1.894736842105263,23.52941176470588
56,F,167,64,16,67,90,33,26,57,35,24,85,38,21,27,36,26.7,22.948115744558788,1.7230463977760113,23.04,40.96,8.261321668041163,14.686794076517623,0.7444444444444445,0.40119760479041916,23.703048459923544,99.2925246424823,9.3483,2.0303030303030303,0.45614035087719296,0.6140350877192983,0.3880597014925373,0.9230769230769231,0.5671641791044776,23,1.2686567164179106,9.580838323353294,41.71875,1.1588541666666667,9.57366703718312,1.6875,20.958083832335326
29,F,155,40,17,58,88,35,28,49,36,23,94,36,21,33,17,15.2,16.649323621227886,1.3123346456686351,6.800000000000001,33.2,2.8303850156087407,13.818938605619147,0.6590909090909091,0.3741935483870968,27.60212964091606,104.7459763056617,7.358,1.6571428571428573,0.5714285714285714,0.7346938775510204,0.4827586206896552,0.8214285714285714,0.6206896551724138,30,1.6206896551724137,10.967741935483872,38.0,2.2352941176470584,6.326742976066596,1.9411764705882353,23.225806451612904
43,M,168,63,17,92,101,41,33,52,38,29,96,38,25,32,10,23.6,22.321428571428577,1.7146428199482247,6.300000000000001,56.7,2.2321428571428577,20.08928571428572,0.9108910891089109,0.5476190476190477,28.382852220747864,137.8306154960565,16.9847,2.2439024390243905,0.6346153846153846,0.7307692307692307,0.358695652173913,0.8787878787878788,0.41304347826086957,9,1.0434782608695652,10.119047619047619,37.46031746031746,3.746031746031746,8.361678004535149,1.8823529411764706,22.61904761904762
51,F,170,70,16,71,112,32,26,48,37,23,74,32,23,30,33,28.6,24.221453287197235,1.818118685772619,23.1,46.9,7.993079584775088,16.228373702422147,0.6339285714285714,0.4176470588235294,32.52945808876794,101.50964090945422,11.258700000000001,2.21875,0.5416666666666666,0.7708333333333334,0.36619718309859156,0.8846153846153846,0.4507042253521127,41,1.0422535211267605,9.411764705882353,40.85714285714286,1.2380952380952381,9.896193771626299,1.875,21.764705882352942
64,F,168,76,16,70,87,32,30,55,38,26,90,34,22,31,40,33.1,26.92743764172336,1.883259585576738,30.400000000000002,45.599999999999994,10.770975056689345,16.156462585034014,0.8045977011494253,0.4166666666666667,21.95354597232737,95.48153379312288,10.0023,2.1875,0.5454545454545454,0.6909090909090909,0.42857142857142855,0.8666666666666667,0.4857142857142857,17,1.2857142857142858,9.523809523809524,43.55263157894737,1.088815789473684,11.727607709750568,1.9375,22.61904761904762
64,F,173,74,16,77,103,35,31,52,36,24,93,35,22,30,32,31.2,24.725182932941294,1.8857653913228738,23.68,50.32,7.912058538541213,16.81312439440008,0.7475728155339806,0.44508670520231214,27.265577971548943,108.01185355705029,12.3312,2.2,0.5961538461538461,0.6923076923076923,0.4025974025974026,0.7741935483870968,0.45454545454545453,26,1.2077922077922079,9.248554913294797,42.16216216216216,1.3175675675675675,10.424671723077951,1.875,20.809248554913296
61,F,162,71,15,81,97,31,27,50,34,24,89,35,22,34,37,29.8,27.053802773967377,1.7874562931719478,26.27,44.730000000000004,10.00990702636793,17.04389574759945,0.8350515463917526,0.5,29.043455264125583,112.25013031161218,13.301200000000001,2.6129032258064515,0.54,0.68,0.3333333333333333,0.8888888888888888,0.43209876543209874,16,1.0987654320987654,9.25925925925926,41.971830985915496,1.1343738104301484,11.354976375552505,2.2666666666666666,20.98765432098765
36,F,170,66,15,81,105,32,26,52,41,23,96,40,22,32,32,27.2,22.837370242214536,1.7654083569153813,21.12,44.879999999999995,7.3079584775086515,15.529411764705882,0.7714285714285715,0.4764705882352941,29.371366958219944,119.26445113440023,13.5252,2.53125,0.5,0.7884615384615384,0.32098765432098764,0.8846153846153846,0.49382716049382713,24,1.1851851851851851,8.823529411764707,41.21212121212121,1.2878787878787878,9.411764705882353,2.1333333333333333,24.11764705882353
44,F,172,75,17,78,96,33,31,53,35,24,114,42,22,29,30,31.8,25.351541373715524,1.8929694486000912,22.5,52.5,7.605462412114657,17.746078961600865,0.8125,0.45348837209302323,24.557740557936185,108.36815925930797,12.3948,2.3636363636363638,0.5849056603773585,0.660377358490566,0.3974358974358974,0.7741935483870968,0.5384615384615384,18,1.4615384615384615,9.883720930232558,42.4,1.4133333333333333,10.749053542455382,1.7058823529411764,20.348837209302324
35,M,165,77,19,82,90,38,31,59,40,33,99,46,23,38,27,31.5,28.282828282828287,1.8786076404259264,20.790000000000003,56.209999999999994,7.6363636363636385,20.646464646464647,0.9111111111111111,0.49696969696969695,24.46357877244671,110.12450364465097,13.492799999999999,2.1578947368421053,0.5254237288135594,0.6779661016949152,0.3780487804878049,1.064516129032258,0.5609756097560976,8,1.2073170731707317,11.515151515151516,40.909090909090914,1.515151515151515,11.570247933884298,2.0,24.242424242424242
57,F,154,50,16,71,94,34,29,48,32,26,95,38,21,29,26,21.0,21.0828132906055,1.4624940645653537,13.0,37.0,5.4815314555574295,15.60128183504807,0.7553191489361702,0.461038961038961,31.186596505445287,114.31604981740196,10.4523,2.088235294117647,0.6041666666666666,0.6666666666666666,0.4084507042253521,0.896551724137931,0.5352112676056338,23,1.3380281690140845,10.38961038961039,42.0,1.6153846153846154,8.85478158205431,1.8125,20.77922077922078
55,F,162,73,15,94,83,34,28,45,36,24,90,36,23,30,36,28.9,27.815881725346742,1.8124568960391858,26.279999999999998,46.72,10.013717421124825,17.802164304221915,1.1325301204819278,0.5802469135802469,22.253678215695082,128.4687305977254,17.756700000000002,2.764705882352941,0.6222222222222222,0.8,0.2978723404255319,0.8571428571428571,0.3829787234042553,-11,0.9574468085106383,9.25925925925926,39.58904109589041,1.099695585996956,11.012040847431791,2.0,22.22222222222222
64,F,160,63,15,87,97,34,27,55,38,24,80,35,22,31,43,28.0,24.609374999999996,1.6733200530681511,27.09,35.91,10.582031249999998,14.027343749999996,0.8969072164948454,0.54375,29.928270786926994,127.19864099338501,15.208,2.5588235294117645,0.4909090909090909,0.6909090909090909,0.3103448275862069,0.8888888888888888,0.40229885057471265,10,0.9195402298850575,9.375,44.44444444444444,1.0335917312661498,10.937499999999998,2.066666666666667,23.75
62,F,180,83,15,77,85,35,26,47,37,26,70,38,24,30,32,36.4,25.61728395061728,2.0371548787463363,26.560000000000002,56.44,8.197530864197532,17.41975308641975,0.9058823529411765,0.42777777777777776,17.19736631249669,104.03067911802889,11.9028,2.2,0.5531914893617021,0.7872340425531915,0.33766233766233766,1.0,0.4935064935064935,8,0.9090909090909091,8.333333333333332,43.855421686746986,1.370481927710843,11.234567901234566,2.0,20.555555555555554
21,F,164,58,17,92,93,32,26,47,38,25,91,38,21,29,36,21.2,21.564544913741823,1.6254913786982146,20.88,37.120000000000005,7.763236168947056,13.801308744794769,0.989247311827957,0.5609756097560976,26.280975169635262,141.92838358769603,16.9287,2.875,0.5531914893617021,0.8085106382978723,0.2826086956521739,0.9615384615384616,0.41304347826086957,1,0.9891304347826086,10.365853658536585,36.55172413793103,1.0153256704980842,7.8822129684711495,1.7058823529411764,23.170731707317074
24,M,176,90,19,83,116,38,32,57,34,27,105,44,22,32,18,36.2,29.054752066115704,2.0976176963403033,16.2,73.8,5.229855371900826,23.824896694214875,0.7155172413793104,0.4715909090909091,31.68084654974514,106.48456807109795,14.540299999999998,2.1842105263157894,0.5614035087719298,0.5964912280701754,0.3855421686746988,0.84375,0.5301204819277109,33,1.2650602409638554,10.795454545454545,40.22222222222223,2.234567901234568,11.686466942148762,1.6842105263157894,19.318181818181817
47,F,168,86,16,96,107,33,30,53,34,23,87,35,23,33,45,32.1,30.470521541950117,2.0033305601755624,38.7,47.3,13.711734693877554,16.758786848072564,0.897196261682243,0.5714285714285714,31.138269184356652,123.09776004492468,18.5167,2.909090909090909,0.5660377358490566,0.6415094339622641,0.3125,0.7666666666666667,0.3645833333333333,11,0.90625,9.523809523809524,37.32558139534884,0.8294573643410853,11.373299319727893,2.0625,20.238095238095237
56,M,174,79,17,91,101,40,29,52,45,27,96,45,24,42,29,32.1,26.09327520147972,1.9540556116276049,22.91,56.09,7.567049808429118,18.526225393050602,0.900990099009901,0.5229885057471264,26.004541610039794,123.90133131444342,16.632,2.275,0.5576923076923077,0.8653846153846154,0.31868131868131866,0.9310344827586207,0.4945054945054945,10,1.054945054945055,9.770114942528735,40.63291139240506,1.4011348756001747,10.602457391993658,2.4705882352941178,25.862068965517242
21,M,180,95,18,85,96,39,31,58,39,31,107,41,24,37,40,37.2,29.320987654320987,2.179449471770337,38.0,57.0,11.728395061728394,17.59259259259259,0.8854166666666666,0.4722222222222222,21.752319599996262,107.3413066733821,14.5347,2.1794871794871793,0.5344827586206896,0.6724137931034483,0.36470588235294116,1.0,0.4823529411764706,11,1.2588235294117647,10.0,39.15789473684211,0.9789473684210527,11.481481481481481,2.0555555555555554,21.666666666666668
63,F,175,62,16,106,102,33,28,53,31,28,96,36,22,33,29,28.2,20.244897959183675,1.7360555546666383,17.98,44.019999999999996,5.8710204081632655,14.373877551020406,1.0392156862745099,0.6057142857142858,26.05985856793277,163.3813750766472,22.4832,3.212121212121212,0.5283018867924528,0.5849056603773585,0.2641509433962264,1.0,0.33962264150943394,-4,0.9056603773584906,9.142857142857142,45.483870967741936,1.568409343715239,9.208163265306123,2.0625,17.71428571428571
50,M,179,83,17,90,89,41,30,56,36,28,91,42,23,38,28,36.9,25.90431010268094,2.031488233892691,23.240000000000002,59.76,7.253206828750664,18.651103273930275,1.0112359550561798,0.5027932960893855,19.162973885431448,121.25606790118857,16.2007,2.1951219512195124,0.5357142857142857,0.6428571428571429,0.3333333333333333,0.9333333333333333,0.4666666666666667,-1,1.011111111111111,9.497206703910614,44.45783132530121,1.5877796901893286,11.516494491432852,2.235294117647059,20.11173184357542
21,F,169,67,17,69,105,36,29,51,37,25,88,35,21,29,28,27.0,23.458562375266975,1.7734931005723642,18.76,48.239999999999995,6.568397465074754,16.89016491019222,0.6571428571428571,0.40828402366863903,29.792444242148385,100.53760696110623,10.429200000000002,1.9166666666666667,0.5686274509803921,0.7254901960784313,0.42028985507246375,0.8620689655172413,0.5072463768115942,36,1.2753623188405796,10.059171597633137,40.298507462686565,1.439232409381663,9.453450509435946,1.7058823529411764,21.893491124260358
29,M,187,66,18,87,105,39,28,57,39,30,86,41,24,35,15,29.7,18.873859704309528,1.851575905366381,9.9,56.1,2.8310789556464293,16.042780748663098,0.8285714285714286,0.46524064171123,23.06075108735225,134.3512124827983,15.364799999999999,2.230769230769231,0.49122807017543857,0.6842105263157895,0.3218390804597701,1.0714285714285714,0.47126436781609193,18,0.9885057471264368,9.62566844919786,45.0,3.0,8.493236866939288,1.9444444444444444,20.855614973262032
65,M,182,78,19,91,92,38,32,54,38,30,101,40,23,37,25,32.1,23.54788069073783,1.9857828011475307,19.5,58.5,5.886970172684458,17.660910518053374,0.9891304347826086,0.5,19.46974567737434,127.52733585351113,16.5627,2.3947368421052633,0.5925925925925926,0.7037037037037037,0.3516483516483517,0.9375,0.43956043956043955,1,1.10989010989011,10.43956043956044,41.15384615384616,1.6461538461538463,9.690858591957493,1.9473684210526316,20.87912087912088
30,M,172,77,18,77,104,37,35,58,39,27,93,40,23,38,25,32.5,26.027582477014604,1.9180429841087736,19.25,57.75,6.506895619253651,19.520686857760953,0.7403846153846154,0.4476744186046512,28.1042189377642,105.58034774910679,12.3683,2.081081081081081,0.603448275862069,0.6724137931034483,0.45454545454545453,0.7714285714285715,0.5194805194805194,27,1.2077922077922079,10.465116279069768,42.2077922077922,1.6883116883116882,10.985667928610061,2.111111111111111,22.674418604651162
30,F,156,52,16,85,88,35,26,53,34,23,89,37,22,25,28,22.4,21.367521367521366,1.501110699893027,14.560000000000002,37.44,5.982905982905983,15.384615384615383,0.9659090909090909,0.5448717948717948,27.164351073229703,135.06818224160966,14.456299999999999,2.4285714285714284,0.49056603773584906,0.6415094339622641,0.3058823529411765,0.8846153846153846,0.43529411764705883,3,1.0470588235294118,10.256410256410255,43.07692307692307,1.538461538461538,9.20447074293228,1.5625,21.794871794871796
45,F,159,75,16,91,98,32,32,55,32,20,90,37,21,30,39,30.4,29.666548000474663,1.8200274723201295,29.25,45.75,11.569953720185119,18.096594280289544,0.9285714285714286,0.5723270440251572,30.879909056841576,121.55779815128938,16.5963,2.84375,0.5818181818181818,0.5818181818181818,0.3516483516483517,0.625,0.4065934065934066,7,0.989010989010989,10.062893081761008,40.53333333333333,1.0393162393162392,12.02484078952573,1.875,20.125786163522015
32,M,170,67,19,67,87,39,35,57,42,33,113,39,25,36,14,27.5,23.18339100346021,1.7787323825941015,9.38,57.62,3.2456747404844295,19.93771626297578,0.7701149425287356,0.3941176470588235,21.250561193953665,97.91187427123495,9.258,1.7179487179487178,0.6140350877192983,0.7368421052631579,0.5223880597014925,0.9428571428571428,0.582089552238806,20,1.6865671641791045,11.176470588235295,41.04477611940299,2.9317697228144985,9.515570934256056,1.894736842105263,24.705882352941178
43,M,169,69,18,89,90,39,24,63,38,30,89,40,22,33,31,28.5,24.158817968558527,1.7997685036322495,21.39,47.61,7.489233570253144,16.669584398305382,0.9888888888888889,0.5266272189349113,22.964952207555754,127.78571744975685,15.8427,2.282051282051282,0.38095238095238093,0.6031746031746031,0.2696629213483146,1.25,0.449438202247191,1,1.0,10.650887573964498,41.30434782608695,1.332398316970547,9.97864220440461,1.8333333333333333,22.485207100591715
44,M,182,73,19,95,105,35,32,55,38,29,99,39,22,36,25,32.0,22.03840115928028,1.9210818711225077,18.25,54.75,5.50960028982007,16.52880086946021,0.9047619047619048,0.521978021978022,24.764383653525066,137.6167734749063,18.12,2.7142857142857144,0.5818181818181818,0.6909090909090909,0.3368421052631579,0.90625,0.4105263157894737,10,1.0421052631578946,10.43956043956044,43.83561643835616,1.7534246575342465,9.66066900132834,1.894736842105263,20.87912087912088
45,M,169,65,18,80,116,39,31,55,39,31,88,41,24,35,28,27.9,22.758306781975424,1.7468225121313525,18.200000000000003,46.8,6.37232589895312,16.385980883022306,0.6896551724137931,0.47337278106508873,34.79927173418297,118.34506786493283,13.7072,2.051282051282051,0.5636363636363636,0.7090909090909091,0.3875,1.0,0.5125,36,1.1,10.650887573964498,42.92307692307692,1.5329670329670326,9.768565526417143,1.9444444444444444,23.076923076923077
40,M,183,101,17,95,97,39,28,53,42,27,112,40,22,38,26,42.9,30.15915673803338,2.26586995802201,26.26,74.74,7.841380751888679,22.3177759861447,0.979381443298969,0.5191256830601093,21.182766821089373,117.31727460010407,18.052799999999998,2.4358974358974357,0.5283018867924528,0.7924528301886793,0.29473684210526313,0.9642857142857143,0.42105263157894735,2,1.1789473684210525,9.289617486338798,42.475247524752476,1.6336633663366336,12.810176475857743,2.235294117647059,22.950819672131146
22,M,185,88,18,91,95,38,30,56,38,29,114,44,25,39,25,37.3,25.712198685171657,2.126551721031544,22.0,66.0,6.428049671292914,19.284149013878743,0.9578947368421052,0.4918918918918919,19.754264377790122,121.04850288607413,16.5732,2.3947368421052633,0.5357142857142857,0.6785714285714286,0.32967032967032966,0.9666666666666667,0.4835164835164835,4,1.2527472527472527,9.72972972972973,42.38636363636363,1.6954545454545453,10.898466033601167,2.1666666666666665,20.54054054054054
65,F,165,104,15,99,102,35,25,47,33,23,90,34,22,32,45,41.9,38.200183654729116,2.183269719175042,46.800000000000004,57.199999999999996,17.190082644628102,21.01010101010101,0.9705882352941176,0.6,30.12538927543961,114.40210066954613,19.6083,2.8285714285714287,0.5319148936170213,0.7021276595744681,0.25252525252525254,0.92,0.3434343434343434,3,0.9090909090909091,9.090909090909092,40.28846153846154,0.8952991452991452,15.39026629935721,2.1333333333333333,20.0
44,M,190,97,16,110,94,40,32,52,41,23,104,46,23,35,23,41.2,26.869806094182827,2.262618934872694,22.310000000000002,74.69,6.180055401662051,20.689750692520775,1.1702127659574468,0.5789473684210527,17.891982900179528,141.23980866508825,24.3792,2.75,0.6153846153846154,0.7884615384615384,0.2909090909090909,0.71875,0.41818181818181815,-16,0.9454545454545454,8.421052631578947,42.47422680412372,1.84670551322277,11.41274238227147,2.1875,21.578947368421055
26,F,152,49,16,88,113,32,29,52,38,26,96,36,22,29,27,23.3,21.208448753462605,1.4383632673594278,13.23,35.769999999999996,5.726281163434903,15.482167590027698,0.7787610619469026,0.5789473684210527,42.299409828211076,142.1935602257588,15.9255,2.75,0.5576923076923077,0.7307692307692307,0.32954545454545453,0.896551724137931,0.4090909090909091,25,1.0909090909090908,10.526315789473683,47.55102040816327,1.7611489040060468,10.08483379501385,1.8125,25.0
55,F,170,73,14,70,93,34,32,56,37,21,87,32,20,27,20,31.0,25.25951557093426,1.8566696588844829,14.600000000000001,58.4,5.051903114186852,20.207612456747405,0.7526881720430108,0.4117647058823529,23.957496448709094,98.00191739744663,10.1703,2.0588235294117645,0.5714285714285714,0.6607142857142857,0.45714285714285713,0.65625,0.45714285714285713,23,1.2428571428571429,8.235294117647058,42.465753424657535,2.1232876712328763,10.726643598615919,1.9285714285714286,21.764705882352942
64,M,189,81,19,89,94,38,32,54,38,29,92,44,23,40,19,29.1,22.67573696145125,2.062159062730128,15.39,65.61,4.308390022675737,18.367346938775512,0.9468085106382979,0.4708994708994709,18.17721637069362,124.72453726332408,15.8595,2.3421052631578947,0.5925925925925926,0.7037037037037037,0.3595505617977528,0.90625,0.4943820224719101,5,1.0337078651685394,10.052910052910052,35.92592592592593,1.8908382066276803,8.146468463928782,2.1052631578947367,20.105820105820104
39,M,154,52,18,85,102,38,34,54,38,32,98,45,23,35,24,22.6,21.926125822229718,1.491457154746473,12.48,39.519999999999996,5.262270197335133,16.663855624894584,0.8333333333333334,0.551948051948052,35.372689825057655,134.1995675583453,14.652299999999999,2.236842105263158,0.6296296296296297,0.7037037037037037,0.4,0.9411764705882353,0.5294117647058824,17,1.1529411764705881,11.688311688311687,43.46153846153846,1.810897435897436,9.529431607353686,1.9444444444444444,24.675324675324674
43,M,188,106,17,109,92,39,26,62,37,28,97,43,23,33,45,45.2,29.990946129470352,2.3527761380028394,47.7,58.3,13.49592575826166,16.495020371208692,1.184782608695652,0.5797872340425532,17.69037026012314,133.17600781148147,23.964299999999998,2.7948717948717947,0.41935483870967744,0.5967741935483871,0.23853211009174313,1.0769230769230769,0.3944954128440367,-17,0.8899082568807339,9.042553191489363,42.64150943396226,0.9475890985324947,12.788592123132641,1.9411764705882353,19.680851063829788
39,M,163,95,18,108,93,39,32,55,33,27,102,43,25,36,33,41.2,35.75595618954421,2.073978999143648,31.35,63.65,11.799465542549589,23.95649064699462,1.1612903225806452,0.6625766871165644,26.68909315882211,129.7864211921858,23.4855,2.769230769230769,0.5818181818181818,0.6,0.2962962962962963,0.84375,0.39814814814814814,-15,0.9444444444444444,11.042944785276074,43.36842105263158,1.3141945773524721,15.506793631676015,2.0,20.245398773006134
59,F,170,88,15,92,101,33,28,58,34,27,84,36,22,28,45,39.6,30.449826989619382,2.038517980189421,39.6,48.4,13.702422145328722,16.74740484429066,0.9108910891089109,0.5411764705882353,27.56674345504966,117.3125443144871,16.9847,2.787878787878788,0.4827586206896552,0.5862068965517241,0.30434782608695654,0.9642857142857143,0.391304347826087,9,0.9130434782608695,8.823529411764707,45.0,1.0,13.702422145328722,1.8666666666666667,20.0
21,M,181,102,18,75,98,39,33,59,39,26,101,46,26,36,24,44.7,31.13458075150331,2.264582375038129,24.48,77.52,7.472299380360795,23.662281371142516,0.7653061224489796,0.4143646408839779,22.244655432167015,91.6587577592335,11.620299999999999,1.9230769230769231,0.559322033898305,0.6610169491525424,0.44,0.7878787878787878,0.6133333333333333,23,1.3466666666666667,9.94475138121547,43.82352941176471,1.825980392156863,13.644272152864687,2.0,21.54696132596685
60,F,162,62,15,70,105,34,28,56,34,23,82,36,22,28,27,25.4,23.624447492760247,1.6703293088490065,16.740000000000002,45.26,6.378600823045267,17.24584666971498,0.6666666666666666,0.43209876543209874,32.92332786322872,103.80856906134696,10.6575,2.0588235294117645,0.5,0.6071428571428571,0.4,0.8214285714285714,0.5142857142857142,35,1.1714285714285715,9.25925925925926,40.96774193548387,1.5173237753882913,9.678402682517907,1.8666666666666667,20.98765432098765
27,F,162,64,15,100,96,33,26,51,34,24,98,39,20,29,40,29.4,24.38652644413961,1.697056274847714,25.6,38.4,9.754610577655844,14.631915866483764,1.0416666666666667,0.6172839506172839,28.558471189237686,145.96240896052586,20.011200000000002,3.0303030303030303,0.5098039215686274,0.6666666666666666,0.26,0.9230769230769231,0.39,-4,0.98,9.25925925925926,45.9375,1.1484374999999998,11.202560585276633,1.9333333333333333,20.98765432098765
53,M,170,83,16,105,107,39,31,56,39,31,97,43,25,35,29,37.3,28.719723183391007,1.9797586833865495,24.069999999999997,58.93000000000001,8.32871972318339,20.391003460207617,0.9813084112149533,0.6176470588235294,30.273678709805083,137.8631558012077,22.052799999999998,2.6923076923076925,0.5535714285714286,0.6964285714285714,0.29523809523809524,1.0,0.4095238095238095,2,0.9238095238095239,9.411764705882353,44.93975903614458,1.5496468633153304,12.906574394463668,2.1875,22.941176470588236
49,F,164,51,15,70,104,33,29,53,36,25,85,42,22,29,9,22.4,18.961927424152293,1.5242484486898233,4.59,46.41,1.7065734681737064,17.255353955978585,0.6730769230769231,0.4268292682926829,31.518509867119,115.16178241585283,10.609200000000001,2.121212121212121,0.5471698113207547,0.6792452830188679,0.4142857142857143,0.8620689655172413,0.6,34,1.2142857142857142,9.146341463414634,43.92156862745098,4.880174291938998,8.328375966686497,1.9333333333333333,21.951219512195124
36,F,158,52,14,74,101,31,31,52,37,24,87,33,21,29,26,23.3,20.82999519307803,1.5107025591499548,13.52,38.480000000000004,5.415798750200287,15.414196442877744,0.7326732673267327,0.46835443037974683,32.85524411503084,118.34014401245236,11.462299999999999,2.3870967741935485,0.5961538461538461,0.7115384615384616,0.4189189189189189,0.7741935483870968,0.44594594594594594,27,1.1756756756756757,8.860759493670885,44.80769230769231,1.723372781065089,9.333440153821503,2.0714285714285716,23.417721518987342
18,M,176,80,18,91,104,37,33,49,39,28,86,43,24,37,24,35.8,25.826446280991735,1.9776529298921768,19.2,60.8,6.198347107438017,19.628099173553718,0.875,0.5170454545454546,26.541448630805988,123.8301031790285,16.6803,2.4594594594594597,0.673469387755102,0.7959183673469388,0.3626373626373626,0.8484848484848485,0.4725274725274725,13,0.945054945054945,10.227272727272728,44.74999999999999,1.8645833333333333,11.5573347107438,2.0555555555555554,22.15909090909091
46,F,157,60,15,86,104,34,30,49,35,25,86,35,20,30,36,26.5,24.341758286340216,1.6176114078067905,21.599999999999998,38.400000000000006,8.763032983082477,15.578725303257741,0.8269230769230769,0.5477707006369427,34.86690190103993,127.62805602879264,15.018799999999999,2.5294117647058822,0.6122448979591837,0.7142857142857143,0.3488372093023256,0.8333333333333334,0.4069767441860465,18,1.0,9.554140127388536,44.166666666666664,1.226851851851852,10.750943243133595,2.0,22.29299363057325
60,F,165,83,15,75,109,34,32,55,38,25,84,35,22,29,39,32.9,30.48668503213958,1.9504273036098183,32.370000000000005,50.629999999999995,11.889807162534439,18.596877869605144,0.6880733944954128,0.45454545454545453,33.42811206885213,97.01473268756695,12.0592,2.2058823529411766,0.5818181818181818,0.6909090909090909,0.4266666666666667,0.78125,0.4666666666666667,34,1.12,9.090909090909092,39.63855421686747,1.0163731850478837,12.084481175390268,1.9333333333333333,23.03030303030303
29,M,180,80,18,101,89,40,29,53,42,28,89,40,22,33,18,30.6,24.691358024691358,2.0,14.399999999999999,65.6,4.444444444444444,20.24691358024691,1.1348314606741574,0.5611111111111111,18.85371296249653,138.9908256880734,20.5028,2.525,0.5471698113207547,0.7924528301886793,0.2871287128712871,0.9655172413793104,0.39603960396039606,-12,0.8811881188118812,10.0,38.25,2.1250000000000004,9.444444444444445,1.8333333333333333,23.333333333333332
40,F,166,70,14,57,104,35,27,51,35,25,106,36,22,34,36,29.0,25.402816083611555,1.7966017304282487,25.2,44.8,9.14501379010016,16.257802293511396,0.5480769230769231,0.3433734939759036,30.626297996059414,80.52919945038809,8.0443,1.6285714285714286,0.5294117647058824,0.6862745098039216,0.47368421052631576,0.9259259259259259,0.631578947368421,47,1.8596491228070176,8.433734939759036,41.42857142857143,1.150793650793651,10.524023806067644,2.4285714285714284,21.084337349397593
23,F,163,46,16,85,95,33,27,47,35,23,99,38,19,28,28,16.7,17.31341036546351,1.4431832100526176,12.88,33.12,4.8477549023297835,12.465655463133727,0.8947368421052632,0.5214723926380368,27.6501489256785,146.79366516291086,14.52,2.5757575757575757,0.574468085106383,0.7446808510638298,0.3176470588235294,0.8518518518518519,0.4470588235294118,10,1.1647058823529413,9.815950920245399,36.30434782608695,1.296583850931677,6.285520719635666,1.75,21.472392638036812
48,F,179,74,16,83,84,34,29,53,35,23,91,37,22,31,33,33.6,23.095409007209515,1.9181878021832077,24.42,49.58,7.62148497237914,15.473924034830373,0.9880952380952381,0.46368715083798884,17.075166363777996,118.43014201428682,13.7787,2.4411764705882355,0.5471698113207547,0.660377358490566,0.3493975903614458,0.7931034482758621,0.4457831325301205,1,1.0963855421686748,8.938547486033519,45.40540540540541,1.375921375921376,10.486564089759996,1.9375,19.553072625698324
18,M,180,88,18,98,93,38,35,58,40,26,96,45,26,35,30,40.0,27.160493827160494,2.0976176963403033,26.4,61.6,8.148148148148147,19.012345679012345,1.053763440860215,0.5444444444444444,20.510059612496377,128.58623910009365,19.2255,2.5789473684210527,0.603448275862069,0.6896551724137931,0.35714285714285715,0.7428571428571429,0.45918367346938777,-5,0.9795918367346939,10.0,45.45454545454545,1.5151515151515151,12.345679012345679,1.9444444444444444,22.22222222222222
48,M,176,102,19,109,99,37,31,54,39,27,108,41,22,39,34,46.3,32.928719008264466,2.23308456325923,34.68,67.32,11.195764462809917,21.732954545454543,1.101010101010101,0.6193181818181818,24.400032831248005,131.35791548583705,23.832,2.945945945945946,0.5740740740740741,0.7222222222222222,0.28440366972477066,0.8709677419354839,0.3761467889908257,-10,0.9908256880733946,10.795454545454545,45.3921568627451,1.3350634371395615,14.947055785123966,2.0526315789473686,22.15909090909091
29,F,161,57,16,58,100,33,29,47,34,24,91,37,21,29,21,23.5,21.98989236526368,1.596610994158147,11.969999999999999,45.03,4.6178773967053734,17.37201496855831,0.58,0.36024844720496896,30.950956909260903,89.42871816626995,7.9628000000000005,1.7575757575757576,0.6170212765957447,0.723404255319149,0.5,0.8275862068965517,0.6379310344827587,42,1.5689655172413792,9.937888198757763,41.228070175438596,1.9632414369256477,9.066008255854326,1.8125,21.11801242236025
43,M,170,69,18,99,91,42,34,60,38,26,110,39,20,34,23,30.9,23.87543252595156,1.8050854088749744,15.870000000000001,53.129999999999995,5.491349480968859,18.3840830449827,1.0879120879120878,0.5823529411764706,23.05518469712395,142.56358634114278,19.6468,2.357142857142857,0.5666666666666667,0.6333333333333333,0.3434343434343434,0.7647058823529411,0.3939393939393939,-8,1.1111111111111112,10.588235294117647,44.78260869565217,1.9470699432892247,10.69204152249135,1.8888888888888888,22.35294117647059
57,F,165,54,15,81,98,34,26,53,34,25,89,33,21,28,28,23.7,19.834710743801654,1.5732132722552274,15.120000000000001,38.879999999999995,5.553719008264464,14.28099173553719,0.826530612244898,0.4909090909090909,28.23811910777531,129.89834358070684,13.3243,2.3823529411764706,0.49056603773584906,0.6415094339622641,0.32098765432098764,0.9615384615384616,0.4074074074074074,17,1.0987654320987654,9.090909090909092,43.888888888888886,1.5674603174603172,8.705234159779614,1.8666666666666667,20.606060606060606
51,F,167,77,15,103,100,35,27,50,33,26,96,38,22,27,41,35.0,27.60945175517229,1.8899588472885975,31.569999999999997,45.43000000000001,11.319875219620638,16.289576535551653,1.03,0.6167664670658682,28.336720511026158,139.16294145411095,21.2243,2.942857142857143,0.54,0.66,0.2621359223300971,0.9629629629629629,0.36893203883495146,-3,0.9320388349514563,8.982035928143713,45.45454545454545,1.108647450110865,12.549750797805586,1.8,19.760479041916167
48,M,182,56,17,83,97,37,33,58,37,29,99,40,21,32,10,23.1,16.9061707523246,1.6825905952165283,5.6000000000000005,50.4,1.6906170752324599,15.215553677092137,0.8556701030927835,0.45604395604395603,21.506144898970774,137.27557608417942,13.9152,2.2432432432432434,0.5689655172413793,0.6379310344827587,0.39759036144578314,0.8787878787878788,0.4819277108433735,14,1.1927710843373494,9.340659340659341,41.25,4.125,6.973795435333897,1.8823529411764706,20.32967032967033
23,F,164,72,16,87,94,33,28,59,37,25,84,35,19,35,42,32.1,26.769779892920884,1.8110770276274832,30.24,41.760000000000005,11.243307555026771,15.526472337894115,0.925531914893617,0.5304878048780488,26.757114687588327,120.46154541558948,15.1723,2.6363636363636362,0.4745762711864407,0.6271186440677966,0.3218390804597701,0.8928571428571429,0.40229885057471265,7,0.9655172413793104,9.75609756097561,44.583333333333336,1.0615079365079365,11.934860202260563,2.1875,22.5609756097561
48,F,157,45,16,93,103,36,25,45,38,24,87,40,21,28,26,18.7,18.25631871475516,1.40089257261219,11.700000000000001,33.3,4.746642865836343,13.50967584891882,0.9029126213592233,0.5923566878980892,34.35856630583763,159.36759541643264,17.368,2.5833333333333335,0.5555555555555556,0.8444444444444444,0.26881720430107525,0.96,0.43010752688172044,10,0.9354838709677419,10.191082802547772,41.55555555555556,1.5982905982905982,7.586514665909367,1.75,24.203821656050955
30,F,160,54,16,66,111,34,28,54,35,23,83,39,21,29,10,21.3,21.093749999999996,1.5491933384829668,5.4,48.6,2.1093749999999996,18.984374999999996,0.5945945945945946,0.4125,36.84575316854532,104.22707476032193,10.1295,1.9411764705882353,0.5185185185185185,0.6481481481481481,0.42424242424242425,0.8214285714285714,0.5909090909090909,45,1.2575757575757576,10.0,39.44444444444444,3.944444444444444,8.320312499999998,1.8125,21.875
53,F,156,54,15,83,104,32,27,47,32,25,99,39,23,32,25,19.2,22.189349112426033,1.5297058540778354,13.5,40.5,5.547337278106508,16.642011834319526,0.7980769230769231,0.532051282051282,35.376051268362374,129.42465432055081,14.0867,2.59375,0.574468085106383,0.6808510638297872,0.3253012048192771,0.9259259259259259,0.46987951807228917,21,1.1927710843373494,9.615384615384617,35.55555555555556,1.4222222222222223,7.889546351084812,2.1333333333333333,20.51282051282051
36,M,173,120,17,102,105,39,34,49,37,29,104,42,21,35,45,47.2,40.0948912426075,2.401388487243717,54.0,66.0,18.042701059173375,22.052190183434128,0.9714285714285714,0.5895953757225434,28.144521233132416,112.35854389855923,20.8143,2.6153846153846154,0.6938775510204082,0.7551020408163265,0.3333333333333333,0.8529411764705882,0.4117647058823529,3,1.0196078431372548,9.826589595375722,39.333333333333336,0.8740740740740741,15.770657222092286,2.0588235294117645,21.38728323699422
43,F,175,65,16,63,80,35,26,52,36,24,96,37,23,32,24,27.3,21.224489795918366,1.7775607506417952,15.6,49.4,5.093877551020408,16.130612244897957,0.7875,0.36,16.556751817986488,94.83669213021857,8.1403,1.8,0.5,0.6923076923076923,0.4126984126984127,0.9230769230769231,0.5873015873015873,17,1.5238095238095237,9.142857142857142,42.0,1.75,8.914285714285715,2.0,20.57142857142857
54,F,165,81,16,84,91,32,31,51,34,22,90,39,21,30,36,34.2,29.752066115702483,1.9267848867997692,29.16,51.84,10.710743801652894,19.04132231404959,0.9230769230769231,0.509090909090909,24.935396314362784,109.98975908337113,14.1463,2.625,0.6078431372549019,0.6666666666666666,0.36904761904761907,0.7096774193548387,0.4642857142857143,7,1.0714285714285714,9.696969696969697,42.22222222222223,1.1728395061728396,12.561983471074383,1.875,20.606060606060606
21,F,169,60,15,67,98,33,27,56,36,24,83,38,21,33,25,25.5,21.007667798746546,1.6782927833565473,15.0,45.0,5.2519169496866365,15.75575084905991,0.6836734693877551,0.39644970414201186,26.606281292671824,103.16111604118228,9.6507,2.0303030303030303,0.48214285714285715,0.6428571428571429,0.40298507462686567,0.8888888888888888,0.5671641791044776,31,1.2388059701492538,8.875739644970414,42.5,1.7,8.928258814467283,2.2,21.301775147928996
54,M,194,117,17,101,103,38,30,54,43,29,98,41,22,35,38,44.3,31.087256881709003,2.510975905897944,44.46,72.53999999999999,11.813157615049422,19.27409926665958,0.9805825242718447,0.520618556701031,20.118397081251047,119.31713314311565,20.404799999999998,2.6578947368421053,0.5555555555555556,0.7962962962962963,0.297029702970297,0.9666666666666667,0.40594059405940597,2,0.9702970297029703,8.762886597938143,37.863247863247864,0.9964012595591543,11.770645127006057,2.0588235294117645,22.164948453608247
50,F,156,42,15,100,95,36,29,55,35,27,86,35,22,31,34,18.0,17.258382642998026,1.3490737563232043,14.280000000000001,27.72,5.867850098619329,11.390532544378697,1.0526315789473684,0.6410256410256411,30.756969908600247,176.81176360723515,20.0175,2.7777777777777777,0.5272727272727272,0.6363636363636364,0.29,0.9310344827586207,0.35,-5,0.86,9.615384615384617,42.857142857142854,1.2605042016806722,7.396449704142011,2.066666666666667,22.435897435897438
55,M,169,101,18,102,98,41,32,62,38,27,98,43,20,34,35,40.5,35.36290746122335,2.1774730512428597,35.349999999999994,65.65,12.37701761142817,22.98588984979518,1.0408163265306123,0.6035502958579881,26.606281292671824,121.04764350627941,20.819200000000002,2.4878048780487805,0.5161290322580645,0.6129032258064516,0.3137254901960784,0.84375,0.4215686274509804,-4,0.9607843137254902,10.650887573964498,40.099009900990104,1.145685997171146,14.180175764153917,1.8888888888888888,22.485207100591715
42,F,176,103,15,86,99,35,28,51,34,24,104,39,23,29,41,46.1,33.25154958677686,2.2440043572942447,42.23,60.77,13.633135330578511,19.61841425619835,0.8686868686868687,0.48863636363636365,24.400032831248005,103.13585538111964,14.9103,2.4571428571428573,0.5490196078431373,0.6666666666666666,0.32558139534883723,0.8571428571428571,0.45348837209302323,13,1.2093023255813953,8.522727272727272,44.75728155339806,1.0916410134975136,14.882489669421489,1.9333333333333333,19.318181818181817
64,M,177,81,18,96,95,39,32,55,37,31,95,45,25,35,33,34.3,25.854639471416256,1.9956202043475106,26.73,54.269999999999996,8.532031025567365,17.322608445848893,1.0105263157894737,0.5423728813559322,22.342583423880647,130.1933670522331,18.4327,2.4615384615384617,0.5818181818181818,0.6727272727272727,0.3333333333333333,0.96875,0.46875,-1,0.9895833333333334,10.16949152542373,42.34567901234568,1.2832023943135054,10.948322640365156,1.9444444444444444,20.903954802259886
56,F,164,63,15,75,83,34,29,47,33,22,96,38,22,29,29,27.4,23.423557406305775,1.6941074346097416,18.27,44.730000000000004,6.792831647828675,16.6307257584771,0.9036144578313253,0.4573170731707317,21.51957999010459,111.01621458779435,11.294799999999999,2.2058823529411766,0.6170212765957447,0.7021276595744681,0.38666666666666666,0.7586206896551724,0.5066666666666667,8,1.28,9.146341463414634,43.49206349206349,1.499726327312534,10.187388459250448,1.9333333333333333,20.121951219512198
48,F,167,45,16,84,102,35,25,55,33,23,102,35,22,28,25,18.4,16.1353938828929,1.4448183276799889,11.25,33.75,4.033848470723225,12.101545412169672,0.8235294117647058,0.5029940119760479,29.263454921246684,148.45839697262272,14.338799999999999,2.4,0.45454545454545453,0.6,0.2976190476190476,0.92,0.4166666666666667,18,1.2142857142857142,9.580838323353294,40.888888888888886,1.6355555555555554,6.597583276560651,1.75,19.760479041916167
53,F,162,78,15,100,114,32,29,50,35,24,89,35,22,31,45,33.5,29.721079103795148,1.8734993995195195,35.1,42.9,13.374485596707817,16.34659350708733,0.8771929824561403,0.6172839506172839,37.288184537219756,132.21590681153984,20.1372,3.125,0.58,0.7,0.29,0.8275862068965517,0.35,14,0.89,9.25925925925926,42.94871794871795,0.9544159544159544,12.764822435604327,2.066666666666667,21.604938271604937
61,F,153,61,16,80,98,33,29,54,35,25,89,37,20,30,38,22.6,26.05835362467427,1.6101242188104619,23.18,37.82,9.902174377376223,16.15617924729805,0.8163265306122449,0.5228758169934641,33.783205345447996,116.23697172943626,13.0268,2.4242424242424243,0.5370370370370371,0.6481481481481481,0.3625,0.8620689655172413,0.4625,18,1.1125,10.457516339869281,37.049180327868854,0.9749784296807593,9.65440642487932,1.875,22.875816993464053
52,F,155,49,14,89,105,33,26,55,35,23,72,39,21,28,33,19.1,20.39542143600416,1.4524882864320188,16.17,32.83,6.730489073881373,13.664932362122787,0.8476190476190476,0.5741935483870968,36.41163195791121,145.2216335807336,16.0212,2.696969696969697,0.4727272727272727,0.6363636363636364,0.29213483146067415,0.8846153846153846,0.43820224719101125,16,0.8089887640449438,9.032258064516128,38.9795918367347,1.181199752628324,7.950052029136316,2.0,22.58064516129032
59,M,179,78,18,97,97,35,31,51,37,30,99,42,25,33,29,34.2,24.343809494085704,1.9693484540155237,22.619999999999997,55.38,7.059704753284853,17.28410474080085,1.0,0.5418994413407822,22.503465920076977,134.81072691567098,18.818,2.7714285714285714,0.6078431372549019,0.7254901960784313,0.31958762886597936,0.967741935483871,0.4329896907216495,0,1.0206185567010309,10.05586592178771,43.846153846153854,1.5119363395225467,10.673824162791425,1.8333333333333333,20.670391061452513
18,F,183,61,15,63,95,35,31,51,39,23,80,35,23,30,23,27.4,18.21493624772313,1.7609183210283585,14.030000000000001,46.97,4.18943533697632,14.02550091074681,0.6631578947368421,0.3442622950819672,20.374874721685472,100.10935860260483,8.6548,1.8,0.6078431372549019,0.7647058823529411,0.49206349206349204,0.7419354838709677,0.5555555555555556,32,1.2698412698412698,8.19672131147541,44.91803278688524,1.95295794725588,8.18179103586252,2.0,21.311475409836063
30,M,166,71,17,99,107,42,34,56,37,29,81,45,24,35,21,27.4,25.76571345623458,1.8093890927296121,14.91,56.09,5.410799825809262,20.35491363042532,0.9252336448598131,0.5963855421686747,32.02897966902267,138.8780360616862,19.6468,2.357142857142857,0.6071428571428571,0.6607142857142857,0.3434343434343434,0.8529411764705882,0.45454545454545453,8,0.8181818181818182,10.240963855421686,38.59154929577465,1.8376928236083165,9.943388009870809,2.0588235294117645,22.289156626506024
45,M,181,83,17,102,90,41,31,51,34,28,102,41,22,36,24,35.0,25.33500198406642,2.042805804660726,19.919999999999998,63.08,6.0804004761759405,19.254601507890477,1.1333333333333333,0.56353591160221,18.959377437704397,138.18914031749355,20.9088,2.4878048780487805,0.6078431372549019,0.6666666666666666,0.30392156862745096,0.9032258064516129,0.4019607843137255,-12,1.0,9.392265193370166,42.168674698795186,1.7570281124497993,10.683434571594274,2.1176470588235294,18.784530386740332
47,M,167,59,19,109,97,39,32,57,36,28,100,45,24,35,11,21.4,21.15529420201513,1.6543713139571916,6.49,52.51,2.3270823622216645,18.828211839793468,1.1237113402061856,0.6526946107784432,26.946618895695373,168.24115057191779,23.8628,2.7948717948717947,0.5614035087719298,0.631578947368421,0.29357798165137616,0.875,0.41284403669724773,-12,0.9174311926605505,11.377245508982035,36.271186440677965,3.2973805855161786,7.673276202086844,1.8421052631578947,21.55688622754491
25,M,187,75,19,68,97,36,29,58,34,26,95,46,21,40,8,29.1,21.447567845806283,1.973786547054502,6.0,69.0,1.7158054276645025,19.73176241814178,0.7010309278350515,0.36363636363636365,19.93231290926827,98.50824601813294,9.8367,1.8888888888888888,0.5,0.5862068965517241,0.4264705882352941,0.896551724137931,0.6764705882352942,29,1.3970588235294117,10.16042780748663,38.800000000000004,4.8500000000000005,8.321656324172839,2.1052631578947367,18.181818181818183
40,F,164,40,15,69,89,34,28,55,35,23,71,39,23,28,24,16.1,14.872099940511603,1.3498971154211057,9.6,30.4,3.5693039857227844,11.302795954788818,0.7752808988764045,0.42073170731707316,24.376417097822987,128.17830407897654,9.802,2.0294117647058822,0.509090909090909,0.6363636363636364,0.4057971014492754,0.8214285714285714,0.5652173913043478,20,1.0289855072463767,9.146341463414634,40.25,1.6770833333333335,5.9860202260559205,1.8666666666666667,21.341463414634145
18,M,182,90,18,111,89,36,30,57,36,27,101,44,24,37,29,36.3,27.17063156623596,2.1330729007701543,26.099999999999998,63.900000000000006,7.879483154208428,19.291148412027532,1.247191011235955,0.6098901098901099,18.247906144416483,144.81412353852426,24.9808,3.0833333333333335,0.5263157894736842,0.631578947368421,0.2702702702702703,0.9,0.3963963963963964,-22,0.9099099099099099,9.89010989010989,40.33333333333333,1.3908045977011494,10.958821398381836,2.0555555555555554,19.78021978021978
37,F,165,58,16,78,98,32,26,50,36,24,98,35,21,31,12,24.8,21.30394857667585,1.630439613519413,6.96,51.04,2.556473829201102,18.74747474747475,0.7959183673469388,0.4727272727272727,28.23811910777531,120.69689008653675,12.448,2.4375,0.52,0.72,0.3333333333333333,0.9230769230769231,0.44871794871794873,20,1.2564102564102564,9.696969696969697,42.758620689655174,3.563218390804598,9.10927456382002,1.9375,21.818181818181817
57,F,163,78,16,77,101,32,26,54,36,23,96,36,21,28,31,31.9,29.357521924046825,1.8792729090439917,24.18,53.82,9.100831796454516,20.256690127592307,0.7623762376237624,0.4723926380368098,30.53331622624767,102.11998164882665,12.2612,2.40625,0.48148148148148145,0.6666666666666666,0.33766233766233766,0.8846153846153846,0.4675324675324675,24,1.2467532467532467,9.815950920245399,40.8974358974359,1.3192721257237385,12.006473709962739,1.75,22.085889570552148
39,F,159,71,15,115,99,33,30,52,35,21,93,35,23,30,45,31.0,28.084332107116012,1.7708284313657643,31.95,39.05,12.637949448202205,15.446382658913807,1.1616161616161615,0.7232704402515723,31.378683639054252,157.88494865517214,26.6292,3.484848484848485,0.5769230769230769,0.6730769230769231,0.2608695652173913,0.7,0.30434782608695654,-16,0.808695652173913,9.433962264150944,43.66197183098591,0.9702660406885759,12.262173173529527,2.0,22.0125786163522
49,F,160,55,17,87,98,36,29,50,37,25,87,35,21,33,29,20.5,21.484374999999996,1.5634719199411433,15.95,39.05,6.230468749999998,15.253906249999996,0.8877551020408163,0.54375,30.4223766713283,136.13550328761912,15.222700000000001,2.4166666666666665,0.58,0.74,0.3333333333333333,0.8620689655172413,0.40229885057471265,11,1.0,10.625,37.27272727272727,1.2852664576802508,8.007812499999998,1.9411764705882353,23.125
48,F,155,48,16,69,93,34,31,53,36,25,95,36,19,32,14,18.3,19.979188345473464,1.4375905768565218,6.720000000000001,41.28,2.797086368366285,17.182101977107177,0.7419354838709677,0.44516129032258067,30.19315973414993,113.75430023291284,9.9252,2.0294117647058822,0.5849056603773585,0.6792452830188679,0.4492753623188406,0.8064516129032258,0.5217391304347826,24,1.3768115942028984,10.32258064516129,38.125,2.7232142857142856,7.617065556711758,2.0,23.225806451612904
39,M,187,101,19,109,103,36,29,54,35,31,99,38,27,36,30,44.6,28.882724699019125,2.290499702879022,30.299999999999997,70.7,8.664817409705737,20.217907289313388,1.058252427184466,0.5828877005347594,22.27864154283126,136.0692892799419,23.787200000000002,3.0277777777777777,0.5370370370370371,0.6481481481481481,0.26605504587155965,1.0689655172413792,0.3486238532110092,-6,0.908256880733945,10.16042780748663,44.15841584158416,1.4719471947194722,12.754153678972802,1.894736842105263,18.71657754010695
20,F,167,74,15,83,103,33,27,47,33,24,82,34,23,27,39,29.9,26.533758829646096,1.8527756954844206,28.86,45.14,10.348165943561979,16.18559288608412,0.8058252427184466,0.49700598802395207,29.726822126356943,114.39155670112093,14.058,2.515151515151515,0.574468085106383,0.7021276595744681,0.3253012048192771,0.8888888888888888,0.40963855421686746,20,0.9879518072289156,8.982035928143713,40.4054054054054,1.0360360360360361,10.721072824411058,1.8,19.760479041916167
41,F,161,78,15,79,86,33,29,53,37,24,88,35,21,31,39,32.2,30.091431657729252,1.8677080428518087,30.42,47.58,11.735658346514409,18.355773311214843,0.9186046511627907,0.4906832298136646,24.097822941964374,104.12768905101827,12.5163,2.393939393939394,0.5471698113207547,0.6981132075471698,0.3670886075949367,0.8275862068965517,0.4430379746835443,7,1.1139240506329113,9.316770186335404,41.282051282051285,1.0585141354372123,12.422360248447205,2.066666666666667,22.981366459627328
62,M,173,78,20,107,97,38,40,62,34,29,98,43,22,32,27,31.5,26.061679307694877,1.936061293795559,21.060000000000002,56.94,7.036653413077618,19.025025894617258,1.1030927835051547,0.6184971098265896,24.628748186798518,146.19517179684178,22.968,2.8157894736842106,0.6451612903225806,0.5483870967741935,0.37383177570093457,0.725,0.40186915887850466,-10,0.9158878504672897,11.560693641618498,40.38461538461539,1.4957264957264955,10.52490895118447,1.6,19.653179190751445
27,M,180,105,18,100,113,39,39,51,35,27,95,40,24,35,38,45.8,32.407407407407405,2.29128784747792,39.9,65.1,12.314814814814813,20.092592592592588,0.8849557522123894,0.5555555555555556,28.791792862495598,120.11993957944534,20.118299999999998,2.5641025641025643,0.7647058823529411,0.6862745098039216,0.39,0.6923076923076923,0.4,13,0.95,10.0,43.61904761904762,1.1478696741854637,14.1358024691358,1.9444444444444444,19.444444444444446
41,M,170,58,19,73,107,37,33,56,39,31,96,38,22,32,12,23.6,20.06920415224914,1.6549588783075213,6.96,51.04,2.4083044982698962,17.66089965397924,0.6822429906542056,0.4294117647058823,30.273678709805083,114.65865053759795,11.4672,1.972972972972973,0.5892857142857143,0.6964285714285714,0.4520547945205479,0.9393939393939394,0.5205479452054794,34,1.3150684931506849,11.176470588235295,40.689655172413794,3.3908045977011496,8.166089965397925,1.6842105263157894,22.941176470588236
53,M,168,71,19,83,93,41,32,54,38,30,104,44,24,37,27,31.0,25.15589569160998,1.8202563921968062,19.17,51.83,6.792091836734696,18.363803854875286,0.8924731182795699,0.49404761904761907,24.708962935936157,117.13240513167199,13.848,2.024390243902439,0.5925925925925926,0.7037037037037037,0.3855421686746988,0.9375,0.5301204819277109,10,1.2530120481927711,11.30952380952381,43.66197183098591,1.6171100678142931,10.98356009070295,1.9473684210526316,22.61904761904762
58,F,171,51,15,75,105,32,27,57,41,26,77,38,22,26,30,21.6,17.441263978660103,1.5564382416273381,15.299999999999999,35.7,5.23237919359803,12.208884785062073,0.7142857142857143,0.43859649122807015,28.956436757132522,125.99338167517578,11.88,2.34375,0.47368421052631576,0.7192982456140351,0.36,0.9629629629629629,0.5066666666666667,30,1.0266666666666666,8.771929824561402,42.352941176470594,1.411764705882353,7.3868882733148675,1.7333333333333334,23.976608187134502
64,M,170,73,19,121,98,41,35,50,43,27,107,42,23,34,29,35.0,25.25951557093426,1.8566696588844829,21.169999999999998,51.83,7.325259515570934,17.934256055363324,1.2346938775510203,0.711764705882353,26.213275827671943,169.40331435844348,29.6523,2.951219512195122,0.7,0.86,0.2892561983471074,0.7714285714285715,0.34710743801652894,-23,0.8842975206611571,11.176470588235295,47.94520547945205,1.6532829475673123,12.110726643598618,1.7894736842105263,25.294117647058822
29,M,185,87,18,82,110,38,35,56,40,32,105,42,23,33,29,41.3,25.420014609203797,2.114434518573071,25.229999999999997,61.77,7.3718042366691,18.048210372534697,0.7454545454545455,0.44324324324324327,25.715464016388566,109.701759267948,13.996799999999999,2.1578947368421053,0.625,0.7142857142857143,0.4268292682926829,0.9142857142857143,0.5121951219512195,28,1.2804878048780488,9.72972972972973,47.47126436781609,1.6369401506143482,12.067202337472606,1.8333333333333333,21.62162162162162
45,M,175,67,18,76,96,36,32,51,35,29,110,42,24,37,22,27.6,21.877551020408163,1.8047006523089764,14.74,52.26,4.813061224489796,17.064489795918366,0.7916666666666666,0.4342857142857143,23.46810218158378,112.68567677021679,11.832,2.111111111111111,0.6274509803921569,0.6862745098039216,0.42105263157894735,0.90625,0.5526315789473685,20,1.4473684210526316,10.285714285714285,41.194029850746276,1.8724559023066487,9.012244897959183,2.0555555555555554,20.0
58,F,160,71,14,81,109,34,30,55,36,25,87,38,21,31,41,30.2,27.734374999999993,1.776388345929897,29.11,41.89,11.371093749999998,16.363281249999996,0.7431192660550459,0.50625,35.8575413997427,111.55507638221087,13.6708,2.3823529411764706,0.5454545454545454,0.6545454545454545,0.37037037037037035,0.8333333333333334,0.4691358024691358,28,1.0740740740740742,8.75,42.53521126760563,1.037444177258674,11.796874999999998,2.2142857142857144,22.5
29,M,177,95,17,100,101,40,33,54,40,28,104,40,24,32,38,38.1,30.323342589932647,2.1612110802356472,36.1,58.9,11.522870184174407,18.800472405758242,0.9900990099009901,0.5649717514124294,24.890536061178373,125.227102669376,20.000700000000002,2.5,0.6111111111111112,0.7407407407407407,0.33,0.8484848484848485,0.4,1,1.04,9.6045197740113,40.10526315789474,1.0554016620498614,12.161256343962462,1.8823529411764706,22.598870056497177
50,M,180,85,19,109,104,42,35,56,34,27,85,45,21,30,23,34.9,26.234567901234566,2.0615528128088303,19.55,65.45,6.03395061728395,20.200617283950617,1.0480769230769231,0.6055555555555555,25.06501289999595,145.52137502179977,23.7795,2.5952380952380953,0.625,0.6071428571428571,0.3211009174311927,0.7714285714285715,0.41284403669724773,-5,0.7798165137614679,10.555555555555555,41.05882352941176,1.785166240409207,10.771604938271604,1.5789473684210527,18.88888888888889
26,M,180,106,19,104,105,39,34,55,37,27,100,39,24,35,33,49.6,32.716049382716044,2.3021728866442674,34.980000000000004,71.02,10.796296296296298,21.91975308641975,0.9904761904761905,0.5777777777777777,25.47909956249591,124.3340731578694,21.6327,2.6666666666666665,0.6181818181818182,0.6727272727272727,0.3269230769230769,0.7941176470588235,0.375,1,0.9615384615384616,10.555555555555555,46.79245283018868,1.4179531160663235,15.30864197530864,1.8421052631578947,20.555555555555554
20,F,164,78,16,87,109,31,27,48,35,25,85,36,20,29,41,34.8,29.000594883997625,1.885028735413159,31.979999999999997,46.02,11.890243902439025,17.1103509815586,0.7981651376146789,0.5304878048780488,33.899207456884334,115.73570923143602,15.476799999999999,2.806451612903226,0.5625,0.7291666666666666,0.3103448275862069,0.9259259259259259,0.41379310344827586,22,0.9770114942528736,9.75609756097561,44.61538461538461,1.0881801125703565,12.938726948245094,1.8125,21.341463414634145
56,M,176,86,18,84,90,40,29,64,38,29,89,46,24,32,29,32.6,27.763429752066116,2.0504741998972933,24.939999999999998,61.06,8.051394628099173,19.712035123966942,0.9333333333333333,0.4772727272727273,20.54548439204364,110.24525248007635,14.1372,2.1,0.453125,0.59375,0.34523809523809523,1.0,0.5476190476190477,6,1.0595238095238095,10.227272727272728,37.906976744186046,1.307137129109864,10.524276859504132,1.7777777777777777,21.59090909090909
54,M,158,84,18,90,100,37,32,61,34,27,97,42,22,34,38,32.0,33.64845377343374,1.9200694431886225,31.92,52.08,12.786412433904822,20.86204133952892,0.9,0.569620253164557,32.35172684656519,113.24131709500395,16.27,2.4324324324324325,0.5245901639344263,0.5573770491803278,0.35555555555555557,0.84375,0.4666666666666667,10,1.0777777777777777,11.39240506329114,38.095238095238095,1.0025062656641603,12.81845858035571,1.8888888888888888,21.518987341772153
51,M,176,92,18,86,92,36,31,56,38,27,113,46,25,37,28,32.1,29.700413223140497,2.1207964960782486,25.76,66.24,8.31611570247934,21.384297520661157,0.9347826086956522,0.48863636363636365,21.402050711866835,109.12754207981415,14.817200000000001,2.388888888888889,0.5535714285714286,0.6785714285714286,0.36046511627906974,0.8709677419354839,0.5348837209302325,6,1.313953488372093,10.227272727272728,34.89130434782609,1.2461180124223603,10.362861570247935,2.0555555555555554,21.59090909090909
39,M,181,48,19,81,112,38,30,60,33,26,82,41,25,37,13,21.2,14.651567412472147,1.553490693030806,6.24,41.76,1.904703763621379,12.746863648850766,0.7232142857142857,0.44751381215469616,27.993891922476585,144.3036079535496,13.7947,2.1315789473684212,0.5,0.55,0.37037037037037035,0.8666666666666667,0.5061728395061729,31,1.0123456790123457,10.497237569060774,44.166666666666664,3.3974358974358974,6.471108940508532,1.9473684210526316,18.23204419889503
43,M,170,72,19,84,100,35,30,57,34,29,95,44,23,35,27,28.3,24.913494809688583,1.8439088914585775,19.44,52.56,6.726643598615918,18.186851211072668,0.84,0.49411764705882355,27.115587579257088,118.41616734137654,14.2912,2.4,0.5263157894736842,0.5964912280701754,0.35714285714285715,0.9666666666666667,0.5238095238095238,16,1.130952380952381,11.176470588235295,39.30555555555556,1.455761316872428,9.792387543252596,1.8421052631578947,20.0
35,F,167,69,17,65,113,35,30,53,38,23,94,41,23,32,27,31.9,24.740937287102444,1.7890872905851556,18.630000000000003,50.37,6.68005306751766,18.060884219584782,0.5752212389380531,0.38922155688622756,34.36049417745956,92.77277533947756,10.0628,1.8571428571428572,0.5660377358490566,0.7169811320754716,0.46153846153846156,0.7666666666666667,0.6307692307692307,48,1.4461538461538461,10.179640718562874,46.231884057971016,1.7122920021470742,11.43820144142852,1.8823529411764706,22.75449101796407
50,F,161,50,16,59,98,31,27,62,38,24,100,35,22,29,21,22.3,19.28937926777516,1.4953632037438633,10.5,39.5,4.050769646232784,15.238609621542377,0.6020408163265306,0.36645962732919257,29.971937771075687,97.13001360097756,8.0267,1.903225806451613,0.43548387096774194,0.6129032258064516,0.4576271186440678,0.8888888888888888,0.5932203389830508,39,1.694915254237288,9.937888198757763,44.6,2.123809523809524,8.603063153427723,1.8125,23.60248447204969
38,F,161,58,15,91,104,34,28,54,37,23,78,37,21,30,28,26.0,22.375679950619187,1.6105554597370713,16.240000000000002,41.76,6.265190386173373,16.110489564445814,0.875,0.5652173913043478,32.90899518563134,139.0957420146221,16.6803,2.676470588235294,0.5185185185185185,0.6851851851851852,0.3076923076923077,0.8214285714285714,0.4065934065934066,13,0.8571428571428571,9.316770186335404,44.827586206896555,1.6009852216748766,10.030477219243084,2.0,22.981366459627328
44,F,166,71,15,103,112,32,29,51,37,23,95,37,22,32,29,31.7,25.76571345623458,1.8093890927296121,20.59,50.41,7.472056902308028,18.29365655392655,0.9196428571428571,0.6204819277108434,34.366782457294754,144.48926984195634,21.2747,3.21875,0.5686274509803921,0.7254901960784313,0.2815533980582524,0.7931034482758621,0.3592233009708738,9,0.9223300970873787,9.036144578313253,44.647887323943664,1.5395823215152986,11.503846712149805,2.1333333333333333,22.289156626506024
45,F,165,47,16,82,107,32,26,52,37,24,95,33,23,29,23,19.9,17.263544536271812,1.4677079636857826,10.81,36.19,3.970615243342517,13.292929292929294,0.7663551401869159,0.49696969696969695,32.48447698501998,140.95497133191586,13.8855,2.5625,0.5,0.7115384615384616,0.3170731707317073,0.9230769230769231,0.4024390243902439,25,1.1585365853658536,9.696969696969697,42.34042553191489,1.8408880666049952,7.309458218549128,1.8125,22.424242424242426
39,M,169,69,19,82,100,38,33,51,36,26,95,40,24,36,21,25.4,24.158817968558527,1.7997685036322495,14.49,54.51,5.073351773397291,19.085466195161235,0.82,0.48520710059171596,27.51661356395084,117.73515540314676,13.6748,2.1578947368421053,0.6470588235294118,0.7058823529411765,0.4024390243902439,0.7878787878787878,0.4878048780487805,18,1.1585365853658536,11.242603550295858,36.811594202898554,1.7529330572808832,8.893246034802704,1.894736842105263,21.301775147928996
29,F,156,64,14,67,94,31,30,52,37,23,78,37,21,31,42,27.7,26.298487836949374,1.6653327995729061,26.88,37.120000000000005,11.045364891518735,15.253122945430638,0.7127659574468085,0.42948717948717946,30.243738646404452,95.96671236070932,9.488299999999999,2.161290322580645,0.5769230769230769,0.7115384615384616,0.44776119402985076,0.7666666666666667,0.5522388059701493,27,1.164179104477612,8.974358974358974,43.28125,1.0305059523809523,11.38231426692965,2.2142857142857144,23.717948717948715
19,M,186,105,17,100,103,38,32,57,35,28,87,45,24,35,33,46.3,30.350329517863333,2.329162939770423,34.65,70.35,10.0156087408949,20.33472077696843,0.970873786407767,0.5376344086021505,22.603905503224162,122.1055276419619,20.0063,2.6315789473684212,0.5614035087719298,0.6140350877192983,0.32,0.875,0.45,3,0.87,9.13978494623656,44.095238095238095,1.3362193362193362,13.383050063591163,2.0588235294117645,18.817204301075268
22,F,170,81,16,93,105,32,26,55,37,26,77,40,24,31,45,32.4,28.027681660899656,1.9557607215607946,36.45,44.55,12.612456747404847,15.41522491349481,0.8857142857142857,0.5470588235294118,29.371366958219944,123.60567251454562,17.398799999999998,2.90625,0.4727272727272727,0.6727272727272727,0.27956989247311825,1.0,0.43010752688172044,12,0.8279569892473119,9.411764705882353,40.0,0.8888888888888887,11.211072664359863,1.9375,21.764705882352942
35,F,174,91,15,86,100,33,30,53,37,25,86,37,21,33,43,34.4,30.056810675122207,2.097220382633483,39.13,51.87,12.92442859030255,17.132382084819657,0.86,0.4942528735632184,25.568853079247326,109.1002840446494,14.929200000000002,2.606060606060606,0.5660377358490566,0.6981132075471698,0.3488372093023256,0.8333333333333334,0.43023255813953487,14,1.0,8.620689655172415,37.8021978021978,0.879120879120879,11.362135024441802,2.2,21.26436781609195
47,M,169,75,19,99,101,36,29,61,41,27,103,38,24,35,23,27.3,26.25958474843318,1.8763883748662837,17.25,57.75,6.039704492139632,20.21988025629355,0.9801980198019802,0.5857988165680473,27.97177969959035,136.33941219211897,19.6048,2.75,0.47540983606557374,0.6721311475409836,0.29292929292929293,0.9310344827586207,0.3838383838383838,2,1.0404040404040404,11.242603550295858,36.4,1.5826086956521739,9.558488848429679,1.8421052631578947,24.2603550295858
21,M,181,97,18,96,88,38,30,47,39,31,109,44,23,35,30,47.1,29.60837581270413,2.2083805026408934,29.099999999999998,67.9,8.882512743811239,20.72586306889289,1.0909090909090908,0.5303867403314917,18.138057939088746,120.30901064231104,18.4768,2.526315789473684,0.6382978723404256,0.8297872340425532,0.3125,1.0333333333333334,0.4583333333333333,-8,1.1354166666666667,9.94475138121547,48.55670103092783,1.618556701030928,14.376850523488294,1.9444444444444444,21.54696132596685
46,F,151,40,16,89,104,32,29,53,41,25,88,37,21,25,30,15.7,17.543090215341433,1.2952906151816965,12.0,28.0,5.2629270646024295,12.280163150739003,0.8557692307692307,0.5894039735099338,38.049006431920915,158.6433918594096,15.9995,2.78125,0.5471698113207547,0.7735849056603774,0.3258426966292135,0.8620689655172413,0.4157303370786517,15,0.9887640449438202,10.596026490066226,39.24999999999999,1.3083333333333333,6.885662909521512,1.5625,27.1523178807947
39,F,167,57,16,59,99,30,28,48,37,23,76,39,22,32,24,25.7,20.43816558499767,1.626089378437319,13.68,43.32,4.905159740399441,15.533005844598229,0.5959595959595959,0.3532934131736527,27.8733533059159,92.6501915285387,8.082,1.9666666666666666,0.5833333333333334,0.7708333333333334,0.4745762711864407,0.8214285714285714,0.6610169491525424,40,1.2881355932203389,9.580838323353294,45.08771929824562,1.8786549707602338,9.215102728674388,2.0,22.15568862275449
42,M,178,80,18,83,95,42,31,60,38,26,110,39,24,37,21,36.1,25.24933720489837,1.9888578520235065,16.8,63.2,5.302360813028658,19.946976391869715,0.8736842105263158,0.46629213483146065,22.003095761015075,113.58385439308556,13.8788,1.9761904761904763,0.5166666666666667,0.6333333333333333,0.37349397590361444,0.8387096774193549,0.46987951807228917,12,1.3253012048192772,10.112359550561797,45.12500000000001,2.1488095238095237,11.39376341371039,2.0555555555555554,21.34831460674157
60,F,165,93,15,94,113,31,25,52,36,21,88,34,22,31,45,37.2,34.159779614325075,2.064582282206258,41.85,51.15,15.371900826446284,18.78787878787879,0.831858407079646,0.5696969696969697,35.31538223651643,114.86873899223926,17.9247,3.032258064516129,0.4807692307692308,0.6923076923076923,0.26595744680851063,0.84,0.3617021276595745,19,0.9361702127659575,9.090909090909092,40.0,0.888888888888889,13.66391184573003,2.066666666666667,21.818181818181817
60,F,158,57,16,101,86,33,29,49,34,26,95,36,21,32,30,22.1,22.832879346258608,1.5816657885491063,17.099999999999998,39.900000000000006,6.849863803877581,15.983015542381029,1.1744186046511629,0.6392405063291139,25.302485088046062,154.27160274597753,20.5595,3.0606060606060606,0.5918367346938775,0.6938775510204082,0.2871287128712871,0.896551724137931,0.3564356435643564,-15,0.9405940594059405,10.126582278481013,38.771929824561404,1.2923976608187138,8.852747957058163,2.0,21.518987341772153
63,M,179,48,19,55,97,41,34,60,37,30,83,44,25,35,9,20.0,14.980805842514279,1.544884030167529,4.32,43.68,1.348272525826285,13.632533316687994,0.5670103092783505,0.30726256983240224,22.503465920076977,97.44107988441985,7.284800000000001,1.3414634146341464,0.5666666666666667,0.6166666666666667,0.6181818181818182,0.8823529411764706,0.8,42,1.509090909090909,10.614525139664805,41.66666666666667,4.62962962962963,6.242002434380949,1.8421052631578947,20.670391061452513
33,M,181,82,20,87,96,44,31,53,33,27,120,43,24,36,20,32.8,25.029760996306585,2.0304624541659906,16.400000000000002,65.6,5.005952199261317,20.023808797045266,0.90625,0.48066298342541436,21.423335933551357,118.58373249884168,15.194700000000001,1.9772727272727273,0.5849056603773585,0.6226415094339622,0.3563218390804598,0.8709677419354839,0.4942528735632184,9,1.3793103448275863,11.049723756906078,40.0,1.9999999999999996,10.011904398522633,1.8,18.23204419889503
24,F,176,77,15,65,106,34,31,51,36,25,97,35,21,30,31,32.3,24.857954545454547,1.940217628114033,23.87,53.129999999999995,7.70596590909091,17.151988636363637,0.6132075471698113,0.3693181818181818,27.398014950629175,90.15666328660465,9.626700000000001,1.911764705882353,0.6078431372549019,0.7058823529411765,0.47692307692307695,0.8064516129032258,0.5384615384615384,41,1.4923076923076923,8.522727272727272,41.94805194805195,1.3531629660661917,10.427427685950413,2.0,20.454545454545457
45,M,189,123,17,96,102,41,37,54,35,29,96,39,24,36,39,53.4,34.43352649701856,2.5411611519146122,47.97,75.03,13.42907533383724,21.004451163181322,0.9411764705882353,0.5079365079365079,21.25612840224202,109.17497005316748,18.4572,2.341463414634146,0.6851851851851852,0.6481481481481481,0.3854166666666667,0.7837837837837838,0.40625,6,1.0,8.994708994708994,43.41463414634146,1.1131957473420888,14.949189552364157,2.1176470588235294,18.51851851851852
44,F,168,59,17,89,91,34,27,54,38,27,98,38,22,32,34,24.9,20.904195011337873,1.6593171286204857,20.060000000000002,38.94,7.1074263038548775,13.796768707482995,0.978021978021978,0.5297619047619048,23.79049061473323,137.7818918804757,15.8448,2.6176470588235294,0.5,0.7037037037037037,0.30337078651685395,1.0,0.42696629213483145,2,1.101123595505618,10.119047619047619,42.20338983050847,1.2412761714855431,8.822278911564627,1.8823529411764706,22.61904761904762
54,M,182,84,19,87,95,37,34,49,39,28,106,43,21,33,31,37.0,25.359256128486894,2.0607442021431646,26.04,57.96,7.861369399830937,17.49788672865596,0.9157894736842105,0.47802197802197804,20.6915852103322,117.48672712087502,15.182799999999999,2.3513513513513513,0.6938775510204082,0.7959183673469388,0.39080459770114945,0.8235294117647058,0.4942528735632184,8,1.2183908045977012,10.43956043956044,44.047619047619044,1.4208909370199694,11.170148532785895,1.736842105263158,21.428571428571427
49,F,171,75,16,55,92,31,31,61,31,24,90,39,21,28,29,31.2,25.64891761567662,1.8874586088176875,21.75,53.25,7.43818610854622,18.2107315071304,0.5978260869565217,0.3216374269005848,23.142782682439922,76.1909897137415,7.0083,1.7741935483870968,0.5081967213114754,0.5081967213114754,0.5636363636363636,0.7741935483870968,0.7090909090909091,37,1.6363636363636365,9.35672514619883,41.6,1.4344827586206896,10.669949728121473,1.75,18.128654970760234
21,M,163,66,19,79,114,38,27,51,38,29,113,42,24,36,24,24.3,24.840980089578082,1.7286796502919022,15.84,50.16,5.961835221498739,18.87914486807934,0.6929824561403509,0.48466257668711654,36.780178710814205,113.8996600275732,13.3395,2.0789473684210527,0.5294117647058824,0.7450980392156863,0.34177215189873417,1.0740740740740742,0.5316455696202531,35,1.4303797468354431,11.65644171779141,36.81818181818181,1.5340909090909092,9.145997214799204,1.894736842105263,23.31288343558282
29,M,181,88,17,108,93,36,34,57,42,33,100,40,25,40,38,32.1,26.861206922865602,2.103436341904467,33.44,54.56,10.207258630688928,16.653948292176675,1.1612903225806452,0.5966850828729282,20.19135668562788,142.10037005359615,23.4855,3.0,0.5964912280701754,0.7368421052631579,0.3148148148148148,0.9705882352941176,0.37037037037037035,-15,0.9259259259259259,9.392265193370166,36.477272727272734,0.9599282296650719,9.798235707090749,2.3529411764705883,23.204419889502763
62,F,169,48,16,55,114,35,30,48,38,24,76,40,20,30,25,19.0,16.806134238997235,1.501110699893027,12.0,36.0,4.201533559749309,12.604600679247927,0.4824561403508772,0.3254437869822485,33.888939462903956,94.68014735563817,8.4867,1.5714285714285714,0.625,0.7916666666666666,0.5454545454545454,0.8,0.7272727272727273,59,1.3818181818181818,9.467455621301776,39.58333333333333,1.5833333333333333,6.652428136269739,1.875,22.485207100591715
20,F,159,67,15,71,88,34,29,51,33,25,100,36,20,30,36,30.5,26.502116213757365,1.720222853779901,24.119999999999997,42.88,9.540761836952651,16.961354376804714,0.8068181818181818,0.44654088050314467,25.892163234714886,100.34437021912062,10.2843,2.088235294117647,0.5686274509803921,0.6470588235294118,0.4084507042253521,0.8620689655172413,0.5070422535211268,17,1.408450704225352,9.433962264150944,45.52238805970149,1.2645107794361528,12.064396186859696,2.0,20.754716981132077
32,F,164,67,16,84,90,34,24,53,34,24,88,35,22,29,30,26.9,24.910767400356935,1.7470610241838211,20.099999999999998,46.900000000000006,7.473230220107079,17.437537180249855,0.9333333333333333,0.5121951219512195,24.85255661577606,120.56945860449757,14.1372,2.4705882352941178,0.4528301886792453,0.6415094339622641,0.2857142857142857,1.0,0.4166666666666667,6,1.0476190476190477,9.75609756097561,40.14925373134328,1.3383084577114428,10.001487209994051,1.8125,20.73170731707317
18,M,178,73,19,89,87,40,32,51,38,30,114,43,22,39,22,29.4,23.04002019946976,1.899853795544395,16.06,56.94,5.068804443883347,17.971215755586414,1.0229885057471264,0.5,18.63441401271907,127.50055634293165,15.8448,2.225,0.6274509803921569,0.7450980392156863,0.3595505617977528,0.9375,0.48314606741573035,-2,1.2808988764044944,10.674157303370785,40.27397260273972,1.8306351183063512,9.27913142280015,2.0526315789473686,21.34831460674157
38,F,167,68,15,84,100,33,26,57,35,24,98,32,21,28,31,29.5,24.38237297859371,1.7760755739676295,21.08,46.92,7.55853562336405,16.82383735522966,0.84,0.5029940119760479,28.336720511026158,120.76930508360569,14.2912,2.5454545454545454,0.45614035087719296,0.6140350877192983,0.30952380952380953,0.9230769230769231,0.38095238095238093,16,1.1666666666666667,8.982035928143713,43.38235294117647,1.3994307400379509,10.577647101007566,1.8666666666666667,20.958083832335326
63,M,183,78,17,107,94,37,31,60,38,31,89,43,23,34,19,34.8,23.291229956104985,1.9912307751739877,14.82,63.18,4.425333691659947,18.865896264445038,1.1382978723404256,0.5846994535519126,19.970928671983515,150.3611100519525,23.016299999999998,2.891891891891892,0.5166666666666667,0.6333333333333333,0.2897196261682243,1.0,0.40186915887850466,-13,0.8317757009345794,9.289617486338798,44.61538461538461,2.348178137651822,10.391471826569916,2.0,20.76502732240437
49,F,162,76,17,84,106,34,25,48,37,24,85,34,22,30,36,30.9,28.959000152415786,1.849324200890693,27.36,48.64,10.425240054869683,18.533760097546104,0.7924528301886793,0.5185185185185185,33.40831193811662,112.51320584849219,14.4508,2.4705882352941178,0.5208333333333334,0.7708333333333334,0.2976190476190476,0.96,0.40476190476190477,22,1.0119047619047619,10.493827160493826,40.6578947368421,1.1293859649122806,11.774119798811155,1.7647058823529411,22.839506172839506
55,F,169,76,16,82,79,32,30,46,33,26,85,35,22,29,30,34.5,26.609712545078956,1.8888562088676253,22.8,53.2,7.982913763523688,18.62679878155527,1.0379746835443038,0.48520710059171596,17.958124715521166,112.18218913120131,13.4543,2.5625,0.6521739130434783,0.717391304347826,0.36585365853658536,0.8666666666666667,0.4268292682926829,-3,1.0365853658536586,9.467455621301776,45.39473684210527,1.513157894736842,12.079408984279263,1.8125,19.526627218934912
32,F,155,59,14,86,101,33,32,51,38,24,86,39,23,34,30,26.8,24.55775234131113,1.5938248893080376,17.7,41.3,7.367325702393339,17.190426638917792,0.8514851485148515,0.5548387096774193,34.338807883324115,127.88269987295091,14.9495,2.606060606060606,0.6274509803921569,0.7450980392156863,0.37209302325581395,0.75,0.45348837209302323,15,1.0,9.032258064516128,45.42372881355932,1.5141242937853108,11.155046826222684,2.4285714285714284,24.516129032258064
34,F,164,85,16,85,104,32,30,53,37,27,90,37,21,31,34,35.5,31.603212373587155,1.9677962857527256,28.900000000000002,56.099999999999994,10.745092207019633,20.85812016656752,0.8173076923076923,0.5182926829268293,31.518509867119,108.31906160106746,14.7027,2.65625,0.5660377358490566,0.6981132075471698,0.35294117647058826,0.9,0.43529411764705883,19,1.0588235294117647,9.75609756097561,41.76470588235294,1.2283737024221453,13.198988697204047,1.9375,22.5609756097561
63,M,163,83,18,98,88,39,35,52,36,28,80,36,22,37,33,31.8,31.239414355075468,1.938570492800186,27.39,55.61,10.309006737174904,20.930407617900563,1.1136363636363635,0.6012269938650306,24.286453741681143,125.9952967576555,19.278,2.5128205128205128,0.6730769230769231,0.6923076923076923,0.35714285714285715,0.8,0.3673469387755102,-10,0.8163265306122449,11.042944785276074,38.31325301204819,1.1610076670317635,11.968835861342166,2.0555555555555554,22.085889570552148
37,F,158,64,16,83,100,36,27,52,36,24,92,34,23,31,27,28.0,25.63691716071142,1.6759740119968713,17.28,46.72,6.921967633392084,18.714949527319337,0.83,0.5253164556962026,32.35172684656519,119.64378698028125,13.9803,2.3055555555555554,0.5192307692307693,0.6923076923076923,0.3253012048192771,0.8888888888888888,0.40963855421686746,17,1.108433734939759,10.126582278481013,43.75,1.6203703703703702,11.216151257811246,1.9375,22.78481012658228
41,F,159,51,16,71,105,33,28,43,33,25,70,38,22,30,23,19.4,20.17325264032277,1.5008331019803633,11.73,39.269999999999996,4.639848107274237,15.53340453304853,0.6761904761904762,0.44654088050314467,34.37133113233026,115.0125744636868,10.891200000000001,2.1515151515151514,0.6511627906976745,0.7674418604651163,0.39436619718309857,0.8928571428571429,0.5352112676056338,34,0.9859154929577465,10.062893081761008,38.03921568627451,1.6538789428815002,7.673747082789445,1.875,20.754716981132077
44,M,172,48,17,81,92,40,32,50,39,26,94,43,25,41,22,19.6,16.224986479177936,1.514375558880073,10.56,37.44,3.569497025419146,12.65548945375879,0.8804347826086957,0.47093023255813954,22.784501368022177,140.67020673083246,13.206700000000001,2.025,0.64,0.78,0.3950617283950617,0.8125,0.5308641975308642,11,1.1604938271604939,9.883720930232558,40.833333333333336,1.8560606060606062,6.625202812330991,2.411764705882353,22.674418604651162
19,F,165,65,16,67,100,35,25,56,35,21,96,35,20,33,36,27.6,23.875114784205696,1.7260262647673315,23.4,41.6,8.59504132231405,15.280073461891647,0.67,0.40606060606060607,29.18175419160746,97.93402377367215,9.7403,1.9142857142857144,0.44642857142857145,0.625,0.373134328358209,0.84,0.5223880597014925,33,1.4328358208955223,9.696969696969697,42.46153846153846,1.1794871794871795,10.137741046831957,2.0625,21.21212121212121
49,M,174,89,18,104,97,38,32,57,37,27,89,42,23,35,29,38.8,29.396221429515126,2.074045965417996,25.81,63.19,8.524904214559387,20.871317214955738,1.0721649484536082,0.5977011494252874,24.261787486869906,133.4094095887877,21.6663,2.736842105263158,0.5614035087719298,0.6491228070175439,0.3076923076923077,0.84375,0.40384615384615385,-7,0.8557692307692307,10.344827586206897,43.59550561797752,1.5032932971716388,12.81543136477738,1.9444444444444444,21.26436781609195
43,F,162,60,15,128,97,32,28,53,33,24,88,38,20,30,36,25.0,22.86236854138088,1.6431676725154984,21.599999999999998,38.400000000000006,8.230452674897117,14.631915866483768,1.3195876288659794,0.7901234567901234,29.043455264125583,192.95913952475576,33.4407,4.0,0.5283018867924528,0.6226415094339622,0.21875,0.8571428571428571,0.296875,-31,0.6875,9.25925925925926,41.66666666666667,1.1574074074074074,9.525986892242035,2.0,20.37037037037037
35,M,181,96,17,106,87,42,32,65,41,26,111,41,22,31,25,36.0,29.303134824944294,2.1969676071045443,24.0,72.0,7.3257837062360736,21.97735111870822,1.2183908045977012,0.585635359116022,17.72739818978092,133.5312880464918,22.724700000000002,2.5238095238095237,0.49230769230769234,0.6307692307692307,0.3018867924528302,0.8125,0.3867924528301887,-19,1.0471698113207548,9.392265193370166,37.5,1.5,10.98867555935411,1.8235294117647058,22.65193370165746
20,F,162,52,16,70,96,34,29,52,34,23,92,37,22,32,20,20.5,19.81405273586343,1.5297058540778354,10.4,41.6,3.9628105471726864,15.851242188690746,0.7291666666666666,0.43209876543209874,28.558471189237686,113.35152764867517,10.273200000000001,2.0588235294117645,0.5576923076923077,0.6538461538461539,0.4142857142857143,0.7931034482758621,0.5285714285714286,26,1.3142857142857143,9.876543209876543,39.42307692307692,1.971153846153846,7.811309251638468,2.0,20.98765432098765
57,F,162,63,16,61,106,31,30,54,35,23,109,39,23,30,33,26.6,24.005486968449926,1.6837458240482737,20.790000000000003,42.209999999999994,7.921810699588477,16.08367626886145,0.5754716981132075,0.3765432098765432,33.40831193811662,89.74093077059388,8.8595,1.967741935483871,0.5555555555555556,0.6481481481481481,0.4918032786885246,0.7666666666666667,0.639344262295082,45,1.7868852459016393,9.876543209876543,42.22222222222222,1.2794612794612794,10.135650053345525,1.875,21.604938271604937
64,M,170,77,19,91,103,38,28,58,38,28,93,46,24,33,27,34.5,26.643598615916957,1.9068589646618104,20.790000000000003,56.209999999999994,7.19377162629758,19.44982698961938,0.883495145631068,0.5352941176470588,28.4690552066348,124.04920704221952,16.6628,2.3947368421052633,0.4827586206896552,0.6551724137931034,0.3076923076923077,1.0,0.5054945054945055,12,1.021978021978022,11.176470588235295,44.8051948051948,1.6594516594516593,11.93771626297578,1.736842105263158,22.35294117647059
63,F,173,76,16,87,81,31,28,54,35,22,95,34,22,26,37,32.3,25.393431120318084,1.9110788110965549,28.12,47.879999999999995,9.395569514517693,15.997861605800392,1.0740740740740742,0.5028901734104047,17.597202094130722,120.42288017774044,15.163200000000002,2.806451612903226,0.5185185185185185,0.6481481481481481,0.3218390804597701,0.7857142857142857,0.39080459770114945,-6,1.0919540229885059,9.248554913294797,42.5,1.1486486486486485,10.792208226135186,1.625,20.23121387283237
43,F,164,75,16,116,108,30,27,49,33,23,92,38,19,32,36,30.2,27.885187388459254,1.848422751068236,27.0,48.0,10.038667459845332,17.846519928613922,1.0740740740740742,0.7073170731707317,33.42306793893127,157.37030394415808,26.956799999999998,3.8666666666666667,0.5510204081632653,0.673469387755102,0.23275862068965517,0.8518518518518519,0.3275862068965517,-8,0.7931034482758621,9.75609756097561,40.266666666666666,1.1185185185185185,11.22843545508626,2.0,20.121951219512198
40,M,175,97,19,92,102,41,31,55,41,30,106,45,23,33,30,38.5,31.6734693877551,2.1714690367992304,29.099999999999998,67.9,9.502040816326529,22.171428571428574,0.9019607843137255,0.5257142857142857,26.05985856793277,113.36904457705242,16.998,2.2439024390243905,0.5636363636363636,0.7454545454545455,0.33695652173913043,0.967741935483871,0.4891304347826087,10,1.1521739130434783,10.857142857142858,39.69072164948454,1.323024054982818,12.571428571428571,1.736842105263158,23.42857142857143
35,M,179,75,18,95,103,41,30,56,37,28,94,39,24,32,27,28.6,23.40750912892856,1.9311050377094112,20.25,54.75,6.320027464810711,17.08748166411785,0.9223300970873787,0.5307262569832403,25.008834946061114,134.64585584028922,18.0948,2.317073170731707,0.5357142857142857,0.6607142857142857,0.3157894736842105,0.9333333333333333,0.4105263157894737,8,0.9894736842105263,10.05586592178771,38.13333333333333,1.4123456790123456,8.926063481164759,1.7777777777777777,20.670391061452513
43,F,163,45,16,56,100,36,29,46,33,26,84,36,23,32,15,19.2,16.937031879257784,1.4274102423620199,6.75,38.25,2.5405547818886673,14.396477097369115,0.56,0.34355828220858897,30.052788342819476,97.7797841862668,7.6272,1.5555555555555556,0.6304347826086957,0.717391304347826,0.5178571428571429,0.896551724137931,0.6428571428571429,44,1.5,9.815950920245399,42.666666666666664,2.8444444444444446,7.226466935149987,2.0,20.245398773006134
64,M,184,103,19,96,92,40,32,55,37,27,113,39,24,39,28,44.1,30.42296786389414,2.294437718580403,28.840000000000003,74.16,8.51843100189036,21.904536862003777,1.0434782608695652,0.5217391304347826,18.860489038724282,117.71587475748751,18.4432,2.4,0.5818181818181818,0.6727272727272727,0.3333333333333333,0.84375,0.40625,-4,1.1770833333333333,10.326086956521738,42.81553398058253,1.5291262135922328,13.025756143667296,2.0526315789473686,20.108695652173914
31,F,168,64,16,77,107,35,31,57,37,22,83,35,22,33,35,30.1,22.67573696145125,1.7281975195754293,22.4,41.6,7.936507936507938,14.739229024943313,0.719626168224299,0.4583333333333333,31.138269184356652,114.45344811408376,12.488,2.2,0.543859649122807,0.6491228070175439,0.4025974025974026,0.7096774193548387,0.45454545454545453,30,1.077922077922078,9.523809523809524,47.03125,1.3437500000000002,10.664682539682541,2.0625,22.023809523809522
65,F,155,81,15,77,112,33,28,55,34,23,94,36,22,32,45,32.1,33.71488033298647,1.8674849396983098,36.45,44.55,15.171696149843912,18.543184183142557,0.6875,0.4967741935483871,40.039074088438625,97.72092446943245,12.7155,2.3333333333333335,0.509090909090909,0.6181818181818182,0.36363636363636365,0.8214285714285714,0.4675324675324675,35,1.2207792207792207,9.67741935483871,39.62962962962963,0.8806584362139918,13.361082206035379,2.1333333333333333,21.935483870967744
25,M,177,86,18,94,91,39,27,50,39,27,105,43,25,32,23,39.5,27.450604870886398,2.0562911596691102,19.78,66.22,6.313639120303872,21.136965750582526,1.032967032967033,0.5310734463276836,20.643948332348828,123.7196729308063,17.6783,2.41025641025641,0.54,0.78,0.2872340425531915,1.0,0.4574468085106383,-3,1.1170212765957446,10.16949152542373,45.93023255813954,1.9969666329625884,12.6081266558141,1.7777777777777777,22.033898305084744
56,F,160,56,15,76,91,33,28,49,37,25,90,38,23,31,30,25.1,21.874999999999996,1.577621275493231,16.8,39.2,6.562499999999999,15.312499999999998,0.8351648351648352,0.475,26.963635480519137,117.85637313645368,11.7095,2.303030303030303,0.5714285714285714,0.7551020408163265,0.3684210526315789,0.8928571428571429,0.5,15,1.1842105263157894,9.375,44.82142857142858,1.494047619047619,9.804687499999998,2.066666666666667,23.125
43,M,181,94,19,130,96,37,31,57,40,26,104,42,25,34,38,39.8,28.692652849424622,2.173962076741706,35.72,58.28,10.903208082781356,17.789444766643264,1.3541666666666667,0.7182320441988951,21.423335933551357,165.49779619934907,34.609199999999994,3.5135135135135136,0.543859649122807,0.7017543859649122,0.23846153846153847,0.8387096774193549,0.3230769230769231,-34,0.8,10.497237569060774,42.34042553191489,1.1142217245240762,12.148591312841488,1.7894736842105263,22.099447513812155
60,M,168,92,19,99,97,38,36,59,36,27,97,45,23,39,28,42.3,32.596371882086174,2.0720360357226735,25.76,66.24,9.126984126984128,23.469387755102044,1.0206185567010309,0.5892857142857143,26.54590757834201,122.73528173307422,19.6048,2.6052631578947367,0.6101694915254238,0.6101694915254238,0.36363636363636365,0.75,0.45454545454545453,-2,0.9797979797979798,11.30952380952381,45.97826086956521,1.6420807453416146,14.987244897959185,2.0526315789473686,21.428571428571427
39,M,181,84,18,116,92,38,31,53,40,29,92,39,25,32,30,39.8,25.640242971826257,2.055075018906447,25.2,58.8,7.692072891547877,17.94817008027838,1.2608695652173914,0.6408839779005525,19.780696936320055,156.21802240704315,27.3152,3.0526315789473686,0.5849056603773585,0.7547169811320755,0.2672413793103448,0.9354838709677419,0.33620689655172414,-24,0.7931034482758621,9.94475138121547,47.38095238095238,1.5793650793650793,12.148591312841488,1.7777777777777777,22.099447513812155
30,F,173,75,16,101,101,36,29,51,36,24,97,35,22,29,25,32.6,25.05930702662969,1.8984642916490861,18.75,56.25,6.264826756657422,18.79448026997227,1.0,0.5838150289017341,26.38663470996547,140.73019703233595,20.402,2.8055555555555554,0.5686274509803921,0.7058823529411765,0.2871287128712871,0.8275862068965517,0.3465346534653465,0,0.9603960396039604,9.248554913294797,43.46666666666667,1.7386666666666668,10.892445454241706,1.8125,20.809248554913296
25,F,154,53,16,79,88,32,26,49,38,28,88,38,21,33,27,19.7,22.34778208804183,1.5057297972153643,14.31,38.69,6.033901163771294,16.313880924270535,0.8977272727272727,0.512987012987013,28.047026515736015,123.54438703134548,12.5387,2.46875,0.5306122448979592,0.7755102040816326,0.3291139240506329,1.0769230769230769,0.4810126582278481,9,1.1139240506329113,10.38961038961039,37.16981132075471,1.3766596785464709,8.306628436498567,2.0625,24.675324675324674
59,F,161,58,16,59,99,32,27,49,38,25,88,41,20,29,30,22.6,22.375679950619187,1.6105554597370713,17.4,40.6,6.7127039851857555,15.66297596543343,0.5959595959595959,0.36645962732919257,30.46144734016829,90.18295361387587,8.082,1.84375,0.5510204081632653,0.7755102040816326,0.4576271186440678,0.9259259259259259,0.6949152542372882,40,1.4915254237288136,9.937888198757763,38.96551724137931,1.2988505747126438,8.718799429034373,1.8125,23.60248447204969
59,M,179,83,17,102,95,41,28,59,35,29,94,36,24,37,25,40.0,25.90431010268094,2.031488233892691,20.75,62.25,6.476077525670235,19.428232577010704,1.0736842105263158,0.5698324022346368,21.668342911415593,137.42354362134705,20.842299999999998,2.4878048780487805,0.4745762711864407,0.5932203389830508,0.27450980392156865,1.0357142857142858,0.35294117647058826,-7,0.9215686274509803,9.497206703910614,48.19277108433735,1.927710843373494,12.484004868761899,2.176470588235294,19.553072625698324
32,F,165,54,15,66,108,31,27,53,39,24,92,36,22,31,36,24.4,19.834710743801654,1.5732132722552274,19.439999999999998,34.56,7.140495867768595,12.69421487603306,0.6111111111111112,0.4,32.956294526936055,105.84309476946483,9.9468,2.129032258064516,0.5094339622641509,0.7358490566037735,0.4090909090909091,0.8888888888888888,0.5454545454545454,42,1.393939393939394,9.090909090909092,45.18518518518518,1.2551440329218109,8.9623507805326,2.066666666666667,23.636363636363637
33,F,176,85,16,92,102,35,26,49,36,22,87,38,20,33,38,33.7,27.44059917355372,2.038517980189421,32.3,52.7,10.427427685950413,17.01317148760331,0.9019607843137255,0.5227272727272727,25.684882310982793,121.4529870549984,16.998,2.6285714285714286,0.5306122448979592,0.7346938775510204,0.2826086956521739,0.8461538461538461,0.41304347826086957,10,0.9456521739130435,9.090909090909092,39.64705882352941,1.0433436532507743,10.879390495867769,2.0625,20.454545454545457
41,F,173,86,16,93,95,32,30,49,34,24,80,34,24,29,38,37.9,28.734672057202044,2.032923455956416,32.68,53.32,10.919175381736776,17.815496675465265,0.9789473684210527,0.5375722543352601,23.749804925215045,121.01251209981653,17.3008,2.90625,0.6122448979591837,0.6938775510204082,0.3225806451612903,0.8,0.3655913978494624,2,0.8602150537634409,9.248554913294797,44.06976744186046,1.1597307221542228,12.663303150790203,1.8125,19.653179190751445
33,M,177,82,16,94,100,38,32,60,38,31,99,43,24,36,25,36.1,26.173832551310287,2.0079010599794667,20.5,61.5,6.543458137827572,19.630374413482713,0.94,0.5310734463276836,24.465877288295417,126.70129758653158,17.697200000000002,2.473684210526316,0.5333333333333333,0.6333333333333333,0.3404255319148936,0.96875,0.4574468085106383,6,1.053191489361702,9.03954802259887,44.02439024390244,1.7609756097560976,11.522870184174407,2.25,21.468926553672315
27,M,179,92,18,92,88,41,33,58,39,28,105,43,20,36,32,36.2,28.71321119815237,2.1387950917384404,29.44,62.56,9.188227583408757,19.52498361474361,1.0454545454545454,0.5139664804469274,18.745412381100763,117.73183991220775,16.9392,2.2439024390243905,0.5689655172413793,0.6724137931034483,0.358695652173913,0.8484848484848485,0.4673913043478261,-4,1.141304347826087,10.05586592178771,39.34782608695652,1.2296195652173914,11.29802440622952,2.0,21.787709497206702
61,M,182,70,18,83,93,39,34,52,38,28,102,42,22,37,24,33.4,21.132713440405748,1.8811934746029948,16.8,53.2,5.07185122569738,16.06086221470837,0.8924731182795699,0.45604395604395603,19.877025521693632,122.7830079098678,13.848,2.128205128205128,0.6538461538461539,0.7307692307692307,0.40963855421686746,0.8235294117647058,0.5060240963855421,10,1.2289156626506024,9.89010989010989,47.714285714285715,1.988095238095238,10.083323270136455,2.0555555555555554,20.87912087912088
19,F,161,80,17,98,99,35,27,52,35,25,85,37,20,32,45,35.2,30.86300682844026,1.8915014612148144,36.0,44.0,13.888353072798116,16.97465375564214,0.98989898989899,0.6086956521739131,30.46144734016829,127.54619944888884,19.2087,2.8,0.5192307692307693,0.6730769230769231,0.2755102040816326,0.9259259259259259,0.37755102040816324,1,0.8673469387755102,10.559006211180124,44.00000000000001,0.9777777777777779,13.579723004513715,1.8823529411764706,21.73913043478261
53,M,190,109,19,99,94,37,33,59,38,27,114,38,23,33,32,40.4,30.193905817174517,2.398494898426465,34.88,74.12,9.662049861495847,20.531855955678672,1.053191489361702,0.5210526315789473,17.891982900179528,119.91465109547346,19.6195,2.675675675675676,0.559322033898305,0.6440677966101694,0.3333333333333333,0.8181818181818182,0.3838383838383838,-5,1.1515151515151516,10.0,37.064220183486235,1.1582568807339448,11.191135734072022,1.736842105263158,20.0
63,M,172,65,17,75,107,35,32,55,32,27,98,42,25,35,22,26.1,21.971335857220122,1.7622586517181738,14.3,50.7,4.833693888588427,17.137641968631694,0.7009345794392523,0.436046511627907,29.43414833019971,111.9289193046123,11.9668,2.142857142857143,0.5818181818181818,0.5818181818181818,0.4266666666666667,0.84375,0.56,32,1.3066666666666666,9.883720930232558,40.15384615384615,1.8251748251748252,8.822336398053004,2.0588235294117645,18.6046511627907
18,M,176,68,18,84,109,37,30,54,37,26,105,39,23,34,14,27.1,21.952479338842977,1.8233059108236458,9.520000000000001,58.48,3.073347107438017,18.87913223140496,0.7706422018348624,0.4772727272727273,28.682864430363963,123.98086603549885,14.5495,2.27027027027027,0.5555555555555556,0.6851851851851852,0.35714285714285715,0.8666666666666667,0.4642857142857143,25,1.25,10.227272727272728,39.852941176470594,2.8466386554621845,8.74870867768595,1.8888888888888888,21.022727272727273
38,F,171,71,17,69,98,33,29,55,32,25,81,37,24,29,28,29.0,24.280975342840534,1.8364367672206958,19.880000000000003,51.12,6.79867309599535,17.482302246845183,0.7040816326530612,0.40350877192982454,25.826007639990358,98.2407057280486,10.110700000000001,2.090909090909091,0.5272727272727272,0.5818181818181818,0.42028985507246375,0.8620689655172413,0.5362318840579711,29,1.173913043478261,9.941520467836257,40.845070422535215,1.4587525150905432,9.917581478061626,1.7058823529411764,18.71345029239766
49,F,167,72,16,80,105,32,27,47,36,28,97,35,24,34,31,33.0,25.816630212628635,1.8275666882497066,22.32,49.68,8.003155365914877,17.81347484671376,0.7619047619047619,0.47904191616766467,30.65355653657747,111.77777909784137,13.2375,2.5,0.574468085106383,0.7659574468085106,0.3375,1.037037037037037,0.4375,25,1.2125,9.580838323353294,45.83333333333333,1.478494623655914,11.832622180788125,2.125,21.55688622754491
34,F,171,51,16,84,103,34,31,50,35,25,82,35,20,28,29,23.1,17.441263978660103,1.5564382416273381,14.79,36.21,5.057966553811429,12.383297424848672,0.8155339805825242,0.49122807017543857,28.062028437949046,141.11258747619686,14.364700000000001,2.4705882352941178,0.62,0.7,0.36904761904761907,0.8064516129032258,0.4166666666666667,19,0.9761904761904762,9.35672514619883,45.294117647058826,1.5618661257606492,7.8998666256284,1.75,20.46783625730994
47,F,163,70,15,105,122,33,29,52,36,25,87,35,23,28,44,29.2,26.346494034400994,1.7802933590968777,30.8,39.2,11.592457375136439,14.754036659264559,0.860655737704918,0.6441717791411042,40.624401778239765,146.99669937497154,22.252299999999998,3.1818181818181817,0.5576923076923077,0.6923076923076923,0.2761904761904762,0.8620689655172413,0.3333333333333333,17,0.8285714285714286,9.202453987730062,41.714285714285715,0.948051948051948,10.990251797207272,1.8666666666666667,22.085889570552148
51,M,179,68,19,60,87,38,33,56,34,29,92,42,25,36,10,29.6,21.22280827689523,1.8387797886400403,6.800000000000001,61.2,2.122280827689523,19.100527449205707,0.6896551724137931,0.33519553072625696,18.32785087677007,89.30932594581955,7.7103,1.5789473684210527,0.5892857142857143,0.6071428571428571,0.55,0.8787878787878788,0.7,27,1.5333333333333334,10.614525139664805,43.529411764705884,4.352941176470588,9.238163602883805,1.894736842105263,18.994413407821227
32,M,175,83,19,91,97,38,32,63,35,35,88,43,24,34,24,36.0,27.102040816326532,2.008661798865658,19.919999999999998,63.08,6.504489795918367,20.59755102040816,0.9381443298969072,0.52,23.900061579308613,121.22574800272459,16.5872,2.3947368421052633,0.5079365079365079,0.5555555555555556,0.3516483516483517,1.09375,0.4725274725274725,6,0.967032967032967,10.857142857142858,43.373493975903614,1.8072289156626509,11.755102040816327,1.7894736842105263,20.0
31,F,166,74,15,67,88,32,33,54,35,24,88,34,23,33,31,31.3,26.854405574103644,1.8472201336663214,22.94,51.06,8.32486572797213,18.529539846131517,0.7613636363636364,0.4036144578313253,23.145329073588734,92.06328957771649,9.286700000000002,2.09375,0.6111111111111112,0.6481481481481481,0.4925373134328358,0.7272727272727273,0.5074626865671642,21,1.3134328358208955,9.036144578313253,42.2972972972973,1.3644289450741063,11.358687763100596,2.2,21.084337349397593
60,M,179,118,18,113,95,39,30,53,37,26,81,44,23,35,43,49.2,36.827814362847604,2.4222349642886054,50.74,67.25999999999999,15.83596017602447,20.99185418682313,1.1894736842105262,0.6312849162011173,21.668342911415593,127.68428749709801,25.7648,2.8974358974358974,0.5660377358490566,0.6981132075471698,0.26548672566371684,0.8666666666666667,0.3893805309734513,-18,0.7168141592920354,10.05586592178771,41.694915254237294,0.9696491919590067,15.355325988577137,1.9444444444444444,20.670391061452513
28,M,176,59,19,88,99,41,31,53,38,30,86,39,24,33,17,25.2,19.047004132231404,1.6983652270475995,10.030000000000001,48.97,3.2379907024793395,15.809013429752067,0.8888888888888888,0.5,24.400032831248005,139.4397200872543,15.572700000000001,2.1463414634146343,0.5849056603773585,0.7169811320754716,0.3522727272727273,0.967741935483871,0.4431818181818182,11,0.9772727272727273,10.795454545454545,42.71186440677966,2.512462612163509,8.135330578512397,1.736842105263158,21.59090909090909
60,F,160,63,15,81,99,34,24,50,36,24,76,37,22,27,26,24.3,24.609374999999996,1.6733200530681511,16.38,46.620000000000005,6.398437499999998,18.2109375,0.8181818181818182,0.50625,30.91648255572961,118.4263209248757,13.348799999999999,2.3823529411764706,0.48,0.72,0.2962962962962963,1.0,0.4567901234567901,18,0.9382716049382716,9.375,38.57142857142858,1.4835164835164836,9.492187499999998,1.8,22.5
48,F,161,53,16,88,103,34,28,52,34,27,96,36,21,31,29,21.1,20.446742023841672,1.5395706472188204,15.37,37.63,5.929555186914084,14.517186836927587,0.8543689320388349,0.546583850931677,32.41948561653873,140.71201345534658,15.6455,2.588235294117647,0.5384615384615384,0.6538461538461539,0.3181818181818182,0.9642857142857143,0.4090909090909091,15,1.0909090909090908,9.937888198757763,39.81132075471698,1.3728041639557582,8.140118051001119,1.9375,21.11801242236025
61,F,162,42,13,85,96,33,31,51,32,25,89,40,22,29,21,18.1,16.00365797896662,1.374772708486752,8.82,33.18,3.3607681755829897,12.642889803383628,0.8854166666666666,0.5246913580246914,28.558471189237686,153.15292296379286,14.5347,2.5757575757575757,0.6078431372549019,0.6274509803921569,0.36470588235294116,0.8064516129032258,0.47058823529411764,11,1.0470588235294118,8.024691358024691,43.095238095238095,2.052154195011338,6.896814509983233,2.230769230769231,19.753086419753085
34,M,175,90,19,124,96,38,30,58,40,31,101,40,26,39,32,38.1,29.387755102040817,2.091650066335189,28.8,61.2,9.404081632653062,19.983673469387757,1.2916666666666667,0.7085714285714285,23.46810218158378,158.63278790554338,31.3008,3.263157894736842,0.5172413793103449,0.6896551724137931,0.24193548387096775,1.0333333333333334,0.3225806451612903,-28,0.8145161290322581,10.857142857142858,42.333333333333336,1.3229166666666667,12.440816326530612,2.0526315789473686,22.857142857142858
18,M,171,76,17,107,102,38,34,57,35,30,106,38,22,34,16,29.6,25.990903183885642,1.9,12.16,63.84,4.158544509421703,21.83235867446394,1.0490196078431373,0.6257309941520468,27.61482427835731,147.24770642201835,22.9155,2.8157894736842106,0.5964912280701754,0.6140350877192983,0.3177570093457944,0.8823529411764706,0.35514018691588783,-5,0.9906542056074766,9.941520467836257,38.94736842105264,2.4342105263157894,10.12277281898704,2.0,20.46783625730994
54,M,178,86,17,73,106,37,31,56,41,31,89,44,26,34,27,34.4,27.143037495265748,2.0620917104295393,23.220000000000002,62.78,7.328620123721753,19.814417371543996,0.6886792452830188,0.4101123595505618,26.635033164922085,96.35120217283318,11.4203,1.972972972972973,0.5535714285714286,0.7321428571428571,0.4246575342465753,1.0,0.6027397260273972,33,1.2191780821917808,9.550561797752808,40.0,1.4814814814814812,10.857214998106299,2.0,23.03370786516854
65,F,166,72,17,76,97,33,27,50,32,24,98,36,21,31,36,29.3,26.1286108288576,1.8220867158288598,25.919999999999998,46.08,9.406299898388735,16.722310930468865,0.7835051546391752,0.4578313253012048,27.35337409247849,105.87048195947504,11.860700000000001,2.303030303030303,0.54,0.64,0.35526315789473684,0.8888888888888888,0.47368421052631576,21,1.2894736842105263,10.240963855421686,40.69444444444444,1.1304012345679013,10.63289301785455,1.8235294117647058,19.27710843373494
49,M,168,85,18,99,98,41,31,61,39,29,110,45,24,33,35,33.8,30.116213151927443,1.9916492328386208,29.749999999999996,55.25,10.540674603174603,19.57553854875284,1.010204081632653,0.5892857142857143,27.005143738943474,127.68911433417601,19.602700000000002,2.4146341463414633,0.5081967213114754,0.639344262295082,0.31313131313131315,0.9354838709677419,0.45454545454545453,-1,1.1111111111111112,10.714285714285714,39.764705882352935,1.1361344537815126,11.97562358276644,1.8333333333333333,23.214285714285715
36,F,163,76,16,93,100,37,29,52,38,26,109,40,21,31,33,29.6,28.604764951635367,1.8550232103968702,25.080000000000002,50.92,9.439572434039672,19.165192517595695,0.93,0.5705521472392638,30.052788342819476,124.95207042509097,17.3323,2.5135135135135136,0.5576923076923077,0.7307692307692307,0.3118279569892473,0.896551724137931,0.43010752688172044,7,1.1720430107526882,9.815950920245399,38.94736842105264,1.1802232854864434,11.140803191689564,1.9375,23.31288343558282
20,M,186,95,17,90,93,35,30,53,39,30,109,40,25,35,29,43.2,27.45982194473349,2.215475870627648,27.549999999999997,67.45,7.963348363972711,19.49647358076078,0.967741935483871,0.4838709677419355,18.661778755338318,115.53423178550746,16.2063,2.5714285714285716,0.5660377358490566,0.7358490566037735,0.3333333333333333,1.0,0.4444444444444444,3,1.211111111111111,9.13978494623656,45.473684210526315,1.5680580762250456,12.486992715920914,2.0588235294117645,20.967741935483872
41,F,165,73,15,87,105,32,25,52,34,22,84,34,23,31,42,32.2,26.813590449954088,1.8291619210264938,30.66,42.34,11.261707988980717,15.551882460973372,0.8285714285714286,0.5272727272727272,31.540841901187832,119.99780354101166,15.364799999999999,2.71875,0.4807692307692308,0.6538461538461539,0.28735632183908044,0.88,0.39080459770114945,18,0.9655172413793104,9.090909090909092,44.109589041095894,1.0502283105022832,11.827364554637285,2.066666666666667,20.606060606060606
46,M,181,81,17,95,92,34,32,52,40,28,112,44,20,37,23,36.2,24.724520008546747,2.0180436070610566,18.630000000000003,62.37,5.686639601965752,19.037880406580996,1.0326086956521738,0.5248618784530387,19.780696936320055,130.2848404150869,18.0563,2.7941176470588234,0.6153846153846154,0.7692307692307693,0.3368421052631579,0.875,0.4631578947368421,-3,1.1789473684210525,9.392265193370166,44.69135802469136,1.9431025228126677,11.049723756906078,2.176470588235294,22.099447513812155
26,M,192,89,17,91,87,43,33,58,43,29,113,41,24,37,22,36.7,24.14279513888889,2.1786846184490924,19.580000000000002,69.42,5.311414930555556,18.831380208333336,1.0459770114942528,0.4739583333333333,14.701480090818649,122.62259578117764,16.5732,2.116279069767442,0.5689655172413793,0.7413793103448276,0.3626373626373626,0.8787878787878788,0.45054945054945056,-4,1.2417582417582418,8.854166666666668,41.235955056179776,1.8743615934627171,9.955512152777779,2.176470588235294,22.395833333333336
38,M,181,91,18,102,90,40,35,56,39,29,95,39,24,37,25,40.6,27.776929886145112,2.1389898966048855,22.75,68.25,6.944232471536278,20.832697414608834,1.1333333333333333,0.56353591160221,18.959377437704397,131.97518063536543,20.9088,2.55,0.625,0.6964285714285714,0.3431372549019608,0.8285714285714286,0.38235294117647056,-12,0.9313725490196079,9.94475138121547,44.61538461538462,1.7846153846153847,12.392784103049358,2.0555555555555554,21.54696132596685
57,F,153,44,16,55,98,34,27,52,35,26,93,42,21,30,17,18.2,18.79618949976505,1.3674794331177345,7.48,36.519999999999996,3.1953522149600584,15.600837284804989,0.5612244897959183,0.35947712418300654,33.783205345447996,94.09262154479823,7.3443000000000005,1.6176470588235294,0.5192307692307693,0.6730769230769231,0.4909090909090909,0.9629629629629629,0.7636363636363637,43,1.690909090909091,10.457516339869281,41.36363636363637,2.4331550802139037,7.774787474902815,1.875,22.875816993464053
21,M,181,86,18,108,108,37,32,56,37,30,95,44,22,33,28,37.1,26.25072494734593,2.0793962799064754,24.080000000000002,61.92,7.35020298525686,18.90052196208907,1.0,0.5966850828729282,26.351252925245277,143.7432034755063,23.328,2.918918918918919,0.5714285714285714,0.6607142857142857,0.2962962962962963,0.9375,0.4074074074074074,0,0.8796296296296297,9.94475138121547,43.139534883720934,1.5406976744186045,11.324440645889931,1.8333333333333333,20.441988950276244
23,F,166,56,15,78,111,33,31,50,37,21,85,39,21,32,25,22.1,20.322252866889244,1.6069294390925266,14.0,42.0,5.080563216722311,15.241689650166935,0.7027027027027027,0.46987951807228917,33.89922189964034,123.20494388848337,12.930299999999999,2.3636363636363638,0.62,0.74,0.3974358974358974,0.6774193548387096,0.5,33,1.0897435897435896,9.036144578313253,39.464285714285715,1.5785714285714287,8.020031934968792,2.1333333333333333,22.289156626506024
51,F,165,56,15,73,96,34,29,53,37,24,98,34,24,26,21,24.9,20.569329660238754,1.6020819787597222,11.76,44.24,4.319559228650138,16.249770431588615,0.7604166666666666,0.44242424242424244,27.294484023943163,114.95935561873497,11.0283,2.1470588235294117,0.5471698113207547,0.6981132075471698,0.3972602739726027,0.8275862068965517,0.4657534246575342,23,1.3424657534246576,9.090909090909092,44.46428571428571,2.11734693877551,9.146005509641874,1.7333333333333334,22.424242424242426
50,F,160,68,15,89,107,32,28,51,38,24,81,37,24,30,34,24.8,26.562499999999996,1.7384539747207064,23.12,44.879999999999995,9.031249999999998,17.531249999999996,0.8317757009345794,0.55625,34.869329630940086,125.24749359158893,16.0688,2.78125,0.5490196078431373,0.7450980392156863,0.3146067415730337,0.8571428571428571,0.4157303370786517,18,0.9101123595505618,9.375,36.47058823529412,1.0726643598615917,9.687499999999998,2.0,23.75
21,M,175,94,18,130,98,40,33,62,38,30,110,36,25,35,34,43.7,30.693877551020407,2.13762588973011,31.96,62.04,10.43591836734694,20.25795918367347,1.3265306122448979,0.7428571428571429,24.332020977033444,162.73162150980733,34.5168,3.25,0.532258064516129,0.6129032258064516,0.25384615384615383,0.9090909090909091,0.27692307692307694,-32,0.8461538461538461,10.285714285714285,46.48936170212766,1.3673341677096371,14.269387755102041,1.9444444444444444,21.714285714285715
39,M,184,105,18,98,108,37,33,55,44,30,101,40,22,34,33,43.0,31.01370510396975,2.3166067138525404,34.65,70.35,10.234522684310019,20.779182419659733,0.9074074074074074,0.532608695652174,25.271008871545895,119.01832658324979,19.278,2.6486486486486487,0.6,0.8,0.336734693877551,0.9090909090909091,0.40816326530612246,10,1.030612244897959,9.782608695652174,40.95238095238095,1.240981240981241,12.700850661625708,1.8888888888888888,23.91304347826087
53,M,164,64,19,95,94,36,30,52,41,29,105,41,25,36,31,23.4,23.795359904818564,1.7074997966487597,19.84,44.16,7.376561570493755,16.41879833432481,1.0106382978723405,0.5792682926829268,26.757114687588327,139.5176152651653,18.0507,2.638888888888889,0.5769230769230769,0.7884615384615384,0.3157894736842105,0.9666666666666667,0.43157894736842106,-1,1.105263157894737,11.585365853658537,36.5625,1.1794354838709677,8.700178465199286,1.894736842105263,25.0
63,M,171,82,18,96,93,38,32,58,40,29,106,44,25,38,30,30.9,28.042816593139772,1.9735754355990551,24.599999999999998,57.400000000000006,8.412844977941932,19.629971615197842,1.032258064516129,0.5614035087719298,23.589986842031664,127.18499115071108,18.438299999999998,2.526315789473684,0.5517241379310345,0.6896551724137931,0.3333333333333333,0.90625,0.4583333333333333,-3,1.1041666666666667,10.526315789473683,37.68292682926829,1.2560975609756098,10.567354057658767,2.111111111111111,23.391812865497073
32,F,159,58,16,63,115,32,25,50,37,27,86,39,22,33,26,26.1,22.942130453700404,1.6005207485898665,15.08,42.92,5.964953917962106,16.9771765357383,0.5478260869565217,0.39622641509433965,39.35907695445695,95.69706468949218,9.8308,1.96875,0.5,0.74,0.3968253968253968,1.08,0.6190476190476191,52,1.3650793650793651,10.062893081761008,45.0,1.7307692307692308,10.323958704165182,2.0625,23.270440251572328
38,F,170,73,16,70,96,34,27,51,33,24,98,41,21,31,35,29.9,25.25951557093426,1.8566696588844829,25.549999999999997,47.45,8.84083044982699,16.41868512110727,0.7291666666666666,0.4117647058823529,25.310964076086805,98.00191739744663,10.273200000000001,2.0588235294117645,0.5294117647058824,0.6470588235294118,0.38571428571428573,0.8888888888888888,0.5857142857142857,26,1.4,9.411764705882353,40.95890410958904,1.1702544031311155,10.346020761245676,1.9375,19.411764705882355
61,M,170,64,17,100,104,38,32,54,41,28,93,36,23,28,23,24.5,22.145328719723185,1.7384539747207064,14.72,49.28,5.093425605536333,17.051903114186853,0.9615384615384616,0.5882352941176471,28.92021108242737,149.5229909450149,20.011200000000002,2.6315789473684212,0.5925925925925926,0.7592592592592593,0.32,0.875,0.36,4,0.93,10.0,38.28125,1.6644021739130435,8.477508650519033,1.6470588235294117,24.11764705882353
36,F,149,88,15,78,105,33,29,55,34,23,84,34,20,28,45,35.5,39.637854150713935,1.9084606944399516,39.6,48.4,17.83703436782127,21.800819782892663,0.7428571428571429,0.5234899328859061,39.73110849295252,93.1150547328917,12.6783,2.3636363636363638,0.5272727272727272,0.6181818181818182,0.3717948717948718,0.7931034482758621,0.4358974358974359,27,1.0769230769230769,10.06711409395973,40.340909090909086,0.8964646464646464,15.990270708526642,1.8666666666666667,22.818791946308725
18,F,168,59,15,81,90,34,32,52,38,23,87,39,23,32,36,25.5,20.904195011337873,1.6593171286204857,21.24,37.760000000000005,7.525510204081633,13.37868480725624,0.9,0.48214285714285715,23.331254454131766,125.39700272268016,13.178700000000001,2.3823529411764706,0.6153846153846154,0.7307692307692307,0.3950617283950617,0.71875,0.48148148148148145,9,1.0740740740740742,8.928571428571429,43.22033898305085,1.2005649717514124,9.034863945578232,2.1333333333333333,22.61904761904762
65,F,158,53,16,74,104,34,28,52,35,28,93,39,21,31,31,23.8,21.230572023714146,1.525159372364446,16.43,36.57,6.581477327351385,14.64909469636276,0.7115384615384616,0.46835443037974683,34.3657959204278,117.21841117012534,11.582,2.176470588235294,0.5384615384615384,0.6730769230769231,0.3783783783783784,1.0,0.527027027027027,30,1.2567567567567568,10.126582278481013,44.905660377358494,1.4485696895922093,9.53372856913956,1.9375,22.151898734177212
24,M,170,67,17,88,101,36,31,56,42,29,82,43,23,34,19,29.0,23.18339100346021,1.7787323825941015,12.73,54.269999999999996,4.40484429065744,18.77854671280277,0.8712871287128713,0.5176470588235295,27.56674345504966,128.6006706846071,15.6063,2.4444444444444446,0.5535714285714286,0.75,0.3522727272727273,0.9354838709677419,0.48863636363636365,13,0.9318181818181818,10.0,43.28358208955223,2.27808326787117,10.03460207612457,2.0,24.705882352941178
44,M,164,47,18,78,92,35,36,59,35,30,98,42,21,36,9,19.4,17.474717430101133,1.4632536045098645,4.2299999999999995,42.77,1.5727245687091018,15.901992861392033,0.8478260869565217,0.47560975609756095,25.80483565168219,133.6722012318205,12.305200000000001,2.2285714285714286,0.6101694915254238,0.5932203389830508,0.46153846153846156,0.8333333333333334,0.5384615384615384,14,1.2564102564102564,10.975609756097562,41.27659574468085,4.58628841607565,7.212968471148127,2.0,21.341463414634145
63,M,180,64,17,89,102,38,34,56,40,30,104,39,23,33,19,26.6,19.753086419753085,1.7888543819998317,12.16,51.84,3.753086419753086,16.0,0.8725490196078431,0.49444444444444446,24.236839574996026,136.93352064046877,15.9603,2.3421052631578947,0.6071428571428571,0.7142857142857143,0.38202247191011235,0.8823529411764706,0.43820224719101125,13,1.1685393258426966,9.444444444444445,41.5625,2.1875,8.209876543209877,1.9411764705882353,22.22222222222222
59,M,185,107,18,99,101,37,33,59,39,29,97,41,25,34,36,49.7,31.26369612856099,2.3449117491093583,38.519999999999996,68.48,11.254930606281956,20.008765522279035,0.9801980198019802,0.5351351351351351,22.138744233229502,119.42704098181933,19.6048,2.675675675675676,0.559322033898305,0.6610169491525424,0.3333333333333333,0.8787878787878788,0.41414141414141414,2,0.9797979797979798,9.72972972972973,46.44859813084112,1.290238836967809,14.52154857560263,1.8888888888888888,21.08108108108108
33,M,174,86,17,97,96,39,27,57,39,25,93,41,22,34,30,32.9,28.405337561104506,2.0387904911164036,25.8,60.2,8.521601268331352,19.883736292773154,1.0104166666666667,0.5574712643678161,23.82609895607743,126.58161572751727,18.8187,2.4871794871794872,0.47368421052631576,0.6842105263157895,0.27835051546391754,0.9259259259259259,0.422680412371134,-1,0.9587628865979382,9.770114942528735,38.25581395348837,1.2751937984496122,10.86669309023649,2.0,22.413793103448278
29,F,159,68,16,86,80,34,27,49,37,24,102,34,22,35,40,30.1,26.897670187097027,1.7330127908741277,27.200000000000003,40.8,10.759068074838812,16.138602112258216,1.075,0.5408805031446541,21.901966577013532,120.64686995292092,14.817200000000001,2.5294117647058822,0.5510204081632653,0.7551020408163265,0.313953488372093,0.8888888888888888,0.3953488372093023,-6,1.186046511627907,10.062893081761008,44.26470588235294,1.1066176470588234,11.906174597523831,2.1875,23.270440251572328
22,M,182,81,18,97,103,38,31,57,41,29,90,40,21,32,30,35.8,24.453568409612362,2.023610634484806,24.3,56.7,7.336070522883709,17.117497886728657,0.941747572815534,0.532967032967033,23.94982396488649,133.39465276590298,18.8432,2.5526315789473686,0.543859649122807,0.7192982456140351,0.31958762886597936,0.9354838709677419,0.41237113402061853,6,0.9278350515463918,9.89010989010989,44.197530864197525,1.473251028806584,10.807873445236082,1.7777777777777777,22.52747252747253
52,F,165,80,15,88,101,34,27,53,36,24,96,40,21,27,43,33.1,29.384756657483933,1.9148542155126762,34.4,45.6,12.635445362718091,16.749311294765842,0.8712871287128713,0.5333333333333333,29.653571733523535,115.94530112278589,15.6063,2.588235294117647,0.5094339622641509,0.6792452830188679,0.3068181818181818,0.8888888888888888,0.45454545454545453,13,1.0909090909090908,9.090909090909092,41.375,0.9622093023255814,12.157943067033978,1.8,21.818181818181817
25,F,161,47,16,76,88,35,25,53,33,24,109,40,21,30,21,20.3,18.132016511708652,1.4498084164621352,9.87,37.13,3.8077234674588163,14.324293044249835,0.8636363636363636,0.4720496894409938,25.076842080149596,129.04794805909307,11.6528,2.1714285714285713,0.4716981132075472,0.6226415094339622,0.32894736842105265,0.96,0.5263157894736842,12,1.4342105263157894,9.937888198757763,43.19148936170213,2.0567375886524824,7.831487982716715,1.875,20.496894409937887
57,M,176,74,17,90,106,34,29,53,33,27,119,40,29,36,23,31.3,23.889462809917354,1.9020456823582808,17.02,56.980000000000004,5.494576446280992,18.394886363636367,0.8490566037735849,0.5113636363636364,27.398014950629175,127.33754878173464,16.3792,2.6470588235294117,0.5471698113207547,0.6226415094339622,0.32222222222222224,0.9310344827586207,0.4444444444444444,16,1.3222222222222222,9.659090909090908,42.2972972972973,1.8390129259694479,10.104597107438018,2.1176470588235294,18.75
36,M,186,80,19,94,96,39,32,52,41,30,97,41,24,36,27,31.2,23.12406058503873,2.0330600909302543,21.6,58.4,6.243496357960457,16.880564227078274,0.9791666666666666,0.5053763440860215,19.84441677970407,131.4960884500761,17.674799999999998,2.41025641025641,0.6153846153846154,0.7884615384615384,0.3404255319148936,0.9375,0.43617021276595747,2,1.0319148936170213,10.21505376344086,39.0,1.4444444444444444,9.018383628165104,1.894736842105263,22.043010752688172
21,F,155,69,15,104,91,34,31,58,35,25,91,37,22,33,45,30.5,28.720083246618103,1.723610551526456,31.05,37.95,12.924037460978147,15.796045785639958,1.1428571428571428,0.6709677419354839,29.156747696856378,143.00398672417344,21.7503,3.0588235294117645,0.5344827586206896,0.603448275862069,0.2980769230769231,0.8064516129032258,0.3557692307692308,-13,0.875,9.67741935483871,44.20289855072464,0.9822866344605475,12.695109261186262,2.2,22.58064516129032
63,F,161,40,17,65,75,33,30,50,36,25,90,38,21,29,17,15.4,15.43150341422013,1.3374935098492586,6.800000000000001,33.2,2.6233555804174222,12.808147833802709,0.8666666666666667,0.40372670807453415,18.71321768194568,119.63818092688324,8.52,1.9696969696969697,0.6,0.72,0.46153846153846156,0.8333333333333334,0.5846153846153846,10,1.3846153846153846,10.559006211180124,38.5,2.264705882352941,5.94112881447475,1.7058823529411764,22.36024844720497
22,F,169,70,15,67,100,34,25,56,36,23,102,36,21,29,29,24.3,24.508945765204302,1.8127633908238303,20.299999999999997,49.7,7.107594271909247,17.401351493295056,0.67,0.39644970414201186,27.51661356395084,95.50863474589511,9.7403,1.9705882352941178,0.44642857142857145,0.6428571428571429,0.373134328358209,0.92,0.5373134328358209,33,1.5223880597014925,8.875739644970414,34.714285714285715,1.1970443349753697,8.50810545849235,1.9333333333333333,21.301775147928996
37,M,179,81,19,101,98,38,34,56,39,29,105,41,25,34,34,35.0,25.280109859242845,2.006863224038948,27.540000000000003,53.459999999999994,8.595237352142568,16.684872507100277,1.030612244897959,0.5642458100558659,22.92102742440766,137.74596372948267,20.4083,2.6578947368421053,0.6071428571428571,0.6964285714285714,0.33663366336633666,0.8529411764705882,0.40594059405940597,-3,1.0396039603960396,10.614525139664805,43.20987654320987,1.270878721859114,10.923504260166661,1.7894736842105263,21.787709497206702
45,F,168,76,16,83,96,33,28,53,33,25,84,35,21,27,38,30.2,26.92743764172336,1.883259585576738,28.88,47.120000000000005,10.232426303854876,16.695011337868486,0.8645833333333334,0.49404761904761907,26.086671417740547,113.21381864041713,13.8963,2.515151515151515,0.5283018867924528,0.6226415094339622,0.3373493975903614,0.8928571428571429,0.42168674698795183,13,1.0120481927710843,9.523809523809524,39.73684210526316,1.0457063711911359,10.700113378684808,1.6875,19.642857142857142
32,F,163,62,16,63,105,32,31,49,38,23,72,35,21,30,30,25.6,23.335466144755166,1.6754767149149588,18.599999999999998,43.400000000000006,7.0006398434265495,16.33482630132862,0.6,0.38650306748466257,32.45542775996045,93.71562566408025,9.172799999999999,1.96875,0.6326530612244898,0.7755102040816326,0.49206349206349204,0.7419354838709677,0.5555555555555556,42,1.1428571428571428,9.815950920245399,41.29032258064516,1.3763440860215057,9.63528924686665,1.875,23.31288343558282
63,M,174,100,19,99,101,41,33,58,41,28,94,40,20,36,37,40.6,33.029462280354075,2.1984843263788196,37.0,63.0,12.220901043731008,20.808561236623067,0.9801980198019802,0.5689655172413793,26.004541610039794,119.8073109971577,19.6048,2.4146341463414633,0.5689655172413793,0.7068965517241379,0.3333333333333333,0.8484848484848485,0.40404040404040403,2,0.9494949494949495,10.919540229885058,40.6,1.0972972972972974,13.409961685823754,1.894736842105263,23.563218390804597
31,M,181,84,18,98,94,40,32,52,43,31,93,39,25,29,25,36.0,25.640242971826257,2.055075018906447,21.0,63.0,6.410060742956564,19.230182228869694,1.0425531914893618,0.5414364640883977,20.602016434935706,131.97729479215715,19.2192,2.45,0.6153846153846154,0.8269230769230769,0.32653061224489793,0.96875,0.3979591836734694,-4,0.9489795918367347,9.94475138121547,42.857142857142854,1.7142857142857142,10.98867555935411,1.6111111111111112,23.756906077348066
20,F,160,54,15,87,94,35,23,56,37,25,81,36,21,32,28,22.8,21.093749999999996,1.5491933384829668,15.120000000000001,38.879999999999995,5.906249999999999,15.187499999999995,0.925531914893617,0.54375,28.445953133723066,137.39023491133344,15.1723,2.4857142857142858,0.4107142857142857,0.6607142857142857,0.26436781609195403,1.0869565217391304,0.41379310344827586,7,0.9310344827586207,9.375,42.22222222222222,1.507936507936508,8.906249999999998,2.1333333333333333,23.125
57,F,166,51,15,75,99,33,32,52,34,26,79,39,21,30,23,20.7,18.507766003774133,1.5335144820531257,11.73,39.269999999999996,4.256786180868051,14.250979822906082,0.7575757575757576,0.45180722891566266,28.288495207787328,124.1377076675493,11.6532,2.272727272727273,0.6153846153846154,0.6538461538461539,0.4266666666666667,0.8125,0.52,24,1.0533333333333332,9.036144578313253,40.588235294117645,1.7647058823529411,7.51197561329656,2.0,20.481927710843372
52,F,177,83,16,70,100,35,29,47,34,26,87,36,23,33,26,38.9,26.493025631204315,2.0201072578784856,21.580000000000002,61.42,6.888186664113122,19.604838967091194,0.7,0.3954802259887006,24.465877288295417,93.78192199723266,10.43,2.0,0.6170212765957447,0.723404255319149,0.4142857142857143,0.896551724137931,0.5142857142857142,30,1.2428571428571429,9.03954802259887,46.86746987951807,1.8025949953660796,12.416610807877683,2.0625,19.2090395480226
46,F,162,43,15,62,91,34,35,53,33,23,80,39,21,30,22,17.5,16.384697454656298,1.3910427743243556,9.46,33.54,3.604633440024386,12.780064014631913,0.6813186813186813,0.38271604938271603,26.133550814798227,110.40493109636448,8.2767,1.8235294117647058,0.660377358490566,0.6226415094339622,0.5645161290322581,0.6571428571428571,0.6290322580645161,29,1.2903225806451613,9.25925925925926,40.69767441860465,1.8498942917547567,6.668190824569424,2.0,20.37037037037037
22,M,163,59,18,86,98,41,36,60,40,27,103,38,25,36,26,24.6,22.20633068613798,1.6344384016808002,15.34,43.66,5.773645978395876,16.432684707742105,0.8775510204081632,0.5276073619631901,29.091732575963086,131.1413800757725,14.8928,2.097560975609756,0.6,0.6666666666666666,0.4186046511627907,0.75,0.4418604651162791,12,1.197674418604651,11.042944785276074,41.694915254237294,1.6036505867014343,9.258910760660921,2.0,24.539877300613497
36,M,183,87,18,98,82,38,32,50,37,31,99,44,25,35,32,39.9,25.97867956642479,2.102974084481309,27.84,59.16,8.313177461255934,17.66550210516886,1.1951219512195121,0.5355191256830601,15.123576075560088,130.3963684145323,19.3872,2.5789473684210527,0.64,0.74,0.32653061224489793,0.96875,0.4489795918367347,-16,1.010204081632653,9.836065573770492,45.86206896551724,1.4331896551724137,11.914359939084473,1.9444444444444444,20.21857923497268
23,M,183,94,19,100,98,40,37,59,38,28,107,42,23,38,27,39.3,28.068918152229088,2.1859399198819105,25.380000000000003,68.62,7.578607901101854,20.490310251127234,1.0204081632653061,0.546448087431694,21.58671287079133,128.00741283712145,20.0028,2.5,0.6271186440677966,0.6440677966101694,0.37,0.7567567567567568,0.42,-2,1.07,10.382513661202186,41.80851063829787,1.548463356973995,11.735196631729819,2.0,20.76502732240437
49,M,181,73,17,101,90,40,35,63,40,30,102,42,24,36,21,31.1,22.282592106468055,1.915796904104863,15.33,57.67,4.679344342358291,17.603247764109764,1.1222222222222222,0.5580110497237569,18.959377437704397,145.90585948065188,20.4867,2.525,0.5555555555555556,0.6349206349206349,0.3465346534653465,0.8571428571428571,0.4158415841584158,-11,1.00990099009901,9.392265193370166,42.6027397260274,2.0287018917155906,9.492994719330913,2.1176470588235294,22.099447513812155
28,M,174,116,17,90,107,39,30,62,37,29,112,45,24,34,40,42.7,38.314176245210724,2.3678400846904055,46.400000000000006,69.6,15.325670498084293,22.988505747126435,0.8411214953271028,0.5172413793103449,28.618672794794634,101.12572332591101,16.4023,2.3076923076923075,0.4838709677419355,0.5967741935483871,0.3333333333333333,0.9666666666666667,0.5,17,1.2444444444444445,9.770114942528735,36.81034482758621,0.9202586206896551,14.10358039371119,2.0,21.26436781609195
23,M,182,86,18,82,111,39,38,57,37,27,105,40,22,37,24,41.4,25.963047941069917,2.085132556404455,20.64,65.36,6.23113150585678,19.731916435213137,0.7387387387387387,0.45054945054945056,27.208062719440782,109.4394300993164,14.036700000000002,2.1025641025641026,0.6666666666666666,0.6491228070175439,0.4634146341463415,0.7105263157894737,0.4878048780487805,29,1.2804878048780488,9.89010989010989,48.13953488372093,2.005813953488372,12.498490520468541,2.0555555555555554,20.32967032967033
27,F,161,58,15,60,103,30,28,54,37,26,89,40,22,31,20,22.1,22.375679950619187,1.6105554597370713,11.600000000000001,46.4,4.475135990123838,17.900543960495348,0.5825242718446602,0.37267080745341613,32.41948561653873,91.71147825139919,8.494299999999999,2.0,0.5185185185185185,0.6851851851851852,0.4666666666666667,0.9285714285714286,0.6666666666666666,43,1.4833333333333334,9.316770186335404,38.10344827586207,1.9051724137931034,8.525905636356622,2.066666666666667,22.981366459627328
18,M,176,70,19,74,89,38,35,55,38,28,105,43,26,31,19,29.8,22.59814049586777,1.8499249234015476,13.3,56.7,4.2936466942148765,18.304493801652892,0.8314606741573034,0.42045454545454547,20.117201232132047,107.6496285701556,11.1095,1.9473684210526316,0.6363636363636364,0.6909090909090909,0.47297297297297297,0.8,0.581081081081081,15,1.4189189189189189,10.795454545454545,42.57142857142857,2.2406015037593985,9.620351239669422,1.631578947368421,21.59090909090909
51,F,156,42,15,75,116,34,30,58,36,28,98,33,20,33,21,17.8,17.258382642998026,1.3490737563232043,8.82,33.18,3.6242603550295858,13.63412228796844,0.646551724137931,0.4807692307692308,41.53482641471188,132.60882270542635,12.4267,2.2058823529411766,0.5172413793103449,0.6206896551724138,0.4,0.9333333333333333,0.44,41,1.3066666666666666,9.615384615384617,42.38095238095238,2.018140589569161,7.314266929651545,2.2,23.076923076923077
29,M,183,65,17,84,93,39,30,51,39,29,97,43,22,29,18,25.6,19.409358296754156,1.817736687935485,11.7,53.3,3.493684493415748,15.915673803338407,0.9032258064516129,0.45901639344262296,19.566982622281564,129.30688648122572,14.168700000000001,2.1538461538461537,0.5882352941176471,0.7647058823529411,0.35714285714285715,0.9666666666666667,0.5119047619047619,9,1.1547619047619047,9.289617486338798,39.38461538461539,2.1880341880341883,7.64430111379856,1.7058823529411764,21.311475409836063
39,M,188,61,19,74,101,38,31,60,35,27,98,40,24,32,18,26.5,17.25894069714803,1.7848124706970074,10.98,50.019999999999996,3.106609325486646,14.152331371661385,0.7326732673267327,0.39361702127659576,21.1818195247004,119.18434907346536,11.462299999999999,1.9473684210526316,0.5166666666666667,0.5833333333333334,0.4189189189189189,0.8709677419354839,0.5405405405405406,27,1.3243243243243243,10.106382978723403,43.44262295081967,2.413479052823315,7.497736532367588,1.6842105263157894,18.617021276595743
44,F,167,61,16,72,97,34,29,55,33,25,94,37,23,31,31,27.8,21.872422819032593,1.6821778212252776,18.91,42.09,6.780451073900104,15.091971745132492,0.7422680412371134,0.4311377245508982,26.946618895695373,109.29475391326815,10.8055,2.1176470588235294,0.5272727272727272,0.6,0.4027777777777778,0.8620689655172413,0.5138888888888888,25,1.3055555555555556,9.580838323353294,45.57377049180328,1.4701216287678478,9.968087776542724,1.9375,19.760479041916167
59,F,158,52,15,88,83,32,28,52,36,22,73,37,22,30,34,21.9,20.82999519307803,1.5107025591499548,17.68,34.32,7.08219836564653,13.747796827431499,1.0602409638554218,0.5569620253164557,23.791933282649104,140.7288199067001,15.5055,2.75,0.5384615384615384,0.6923076923076923,0.3181818181818182,0.7857142857142857,0.42045454545454547,-5,0.8295454545454546,9.49367088607595,42.11538461538461,1.23868778280543,8.772632590930938,2.0,22.78481012658228
58,F,159,40,16,73,91,34,31,55,35,23,95,37,22,33,18,15.9,15.822158933586486,1.3291601358251257,7.199999999999999,32.8,2.847988608045567,12.974170325540918,0.8021978021978022,0.4591194968553459,27.388486981352898,133.52572006683602,10.884799999999998,2.1470588235294117,0.5636363636363636,0.6363636363636364,0.4246575342465753,0.7419354838709677,0.5068493150684932,18,1.3013698630136987,10.062893081761008,39.75,2.2083333333333335,6.289308176100628,2.0625,22.0125786163522
61,F,163,64,15,84,96,33,30,51,37,25,79,38,23,28,36,27.5,24.088223117166624,1.702286044640494,23.04,40.96,8.671760322179985,15.41646279498664,0.875,0.5153374233128835,28.130676809106696,122.98626239948524,14.2128,2.5454545454545454,0.5882352941176471,0.7254901960784313,0.35714285714285715,0.8333333333333334,0.4523809523809524,12,0.9404761904761905,9.202453987730062,42.96875,1.1935763888888888,10.350408370657535,1.8666666666666667,22.699386503067483
59,M,173,105,19,116,91,36,30,64,40,30,93,42,25,37,41,42.6,35.083029837281565,2.2462932429523383,43.05,61.95,14.38404223328544,20.698987603996123,1.2747252747252746,0.6705202312138728,21.991918402048093,136.60289183877916,27.3495,3.2222222222222223,0.46875,0.625,0.25862068965517243,1.0,0.3620689655172414,-25,0.8017241379310345,10.982658959537572,40.57142857142858,0.9895470383275262,14.233686391125664,1.9473684210526316,23.121387283236995
63,M,175,80,19,87,88,39,29,59,38,28,94,36,23,41,28,33.1,26.122448979591837,1.9720265943665387,22.400000000000002,57.599999999999994,7.314285714285715,18.80816326530612,0.9886363636363636,0.49714285714285716,20.012426999785134,118.05021585542812,15.1387,2.230769230769231,0.4915254237288136,0.6440677966101694,0.3333333333333333,0.9655172413793104,0.41379310344827586,1,1.0804597701149425,10.857142857142858,41.375,1.4776785714285714,10.808163265306122,2.1578947368421053,21.714285714285715
36,F,171,66,16,90,116,35,24,52,34,24,92,36,23,27,37,26.1,22.571047501795427,1.7705931209625774,24.419999999999998,41.58,8.351287575664307,14.219759926131118,0.7758620689655172,0.5263157894736842,33.875682512641646,132.90523843755793,16.6732,2.5714285714285716,0.46153846153846156,0.6538461538461539,0.26666666666666666,1.0,0.4,26,1.0222222222222221,9.35672514619883,39.54545454545455,1.068796068796069,8.925823330255465,1.6875,19.883040935672515
65,M,166,75,20,100,93,35,34,55,35,28,87,43,25,36,32,29.2,27.21730294672667,1.8596594670351165,24.0,51.0,8.709536942952534,18.507766003774133,1.075268817204301,0.6024096385542169,25.48313186186082,136.48876822276083,20.034299999999998,2.857142857142857,0.6181818181818182,0.6363636363636364,0.34,0.8235294117647058,0.43,-7,0.87,12.048192771084338,38.93333333333333,1.2166666666666666,10.596603280592248,1.8,21.084337349397593
18,F,164,90,16,104,97,35,29,46,32,25,102,33,20,32,40,33.1,33.462224866151104,2.0248456731316584,36.0,54.0,13.384889946460442,20.077334919690664,1.0721649484536082,0.6341463414634146,28.18553324144753,128.79752293926146,21.6663,2.9714285714285715,0.6304347826086957,0.6956521739130435,0.27884615384615385,0.8620689655172413,0.3173076923076923,-7,0.9807692307692307,9.75609756097561,36.77777777777778,0.9194444444444445,12.306662700773352,2.0,19.51219512195122
31,F,160,73,15,91,90,33,28,52,31,24,103,40,23,31,43,31.1,28.515624999999993,1.8012341448141729,31.39,41.61,12.261718749999998,16.253906249999996,1.011111111111111,0.56875,26.46952959611783,123.59857271189372,16.5627,2.757575757575758,0.5384615384615384,0.5961538461538461,0.3076923076923077,0.8571428571428571,0.43956043956043955,-1,1.1318681318681318,9.375,42.6027397260274,0.9907613889773813,12.148437499999998,2.066666666666667,19.375
18,F,163,66,15,84,111,33,30,49,34,25,93,38,22,29,31,29.8,24.840980089578082,1.7286796502919022,20.46,45.54,7.700703827769206,17.140276261808875,0.7567567567567568,0.5153374233128835,35.33859506052962,121.10849926982468,14.6223,2.5454545454545454,0.6122448979591837,0.6938775510204082,0.35714285714285715,0.8333333333333334,0.4523809523809524,27,1.1071428571428572,9.202453987730062,45.151515151515156,1.4565004887585533,11.21607888893071,1.9333333333333333,20.858895705521473
60,M,186,103,19,84,97,38,29,59,37,31,96,44,23,39,32,46.3,29.772228003237366,2.3068737864622473,32.96,70.03999999999999,9.527112961035957,20.245115042201405,0.865979381443299,0.45161290322580644,20.238629454492653,103.55966762064422,14.2303,2.210526315789474,0.4915254237288136,0.6271186440677966,0.34523809523809523,1.0689655172413792,0.5238095238095238,13,1.1428571428571428,10.21505376344086,44.95145631067961,1.4047330097087378,13.383050063591163,2.0526315789473686,19.892473118279568
64,F,171,68,14,74,101,36,28,53,36,22,103,38,22,33,28,25.7,23.25501863821347,1.797220075561143,19.040000000000003,48.959999999999994,6.511405218699773,16.743613419513697,0.7326732673267327,0.4327485380116959,27.16762011876557,107.6586229828855,11.462299999999999,2.0555555555555554,0.5283018867924528,0.6792452830188679,0.3783783783783784,0.7857142857142857,0.5135135135135135,27,1.3918918918918919,8.187134502923977,37.794117647058826,1.3497899159663864,8.789029102971856,2.357142857142857,21.052631578947366
61,F,175,67,16,72,98,34,29,56,34,22,84,35,22,31,33,25.2,21.877551020408163,1.8047006523089764,22.11,44.89,7.219591836734693,14.65795918367347,0.7346938775510204,0.4114285714285714,24.332020977033444,106.75485167704748,10.8412,2.1176470588235294,0.5178571428571429,0.6071428571428571,0.4027777777777778,0.7586206896551724,0.4861111111111111,26,1.1666666666666667,9.142857142857142,37.61194029850746,1.1397557666214382,8.228571428571428,1.9375,19.428571428571427
45,M,181,92,17,76,99,37,33,60,42,25,91,40,24,34,25,36.4,28.082170873904946,2.150710476925138,23.0,69.0,7.020542718476237,21.06162815542871,0.7676767676767676,0.4198895027624309,22.65531518147484,97.79856177481682,11.9223,2.054054054054054,0.55,0.7,0.4342105263157895,0.7575757575757576,0.5263157894736842,23,1.1973684210526316,9.392265193370166,39.565217391304344,1.5826086956521739,11.110771954458045,2.0,23.204419889502763
38,F,164,77,15,75,99,34,27,51,34,25,86,38,21,33,26,32.8,28.628792385484836,1.8729062383840196,20.02,56.980000000000004,7.443486020226057,21.18530636525878,0.7575757575757576,0.4573170731707317,29.13781227735366,100.41794439089823,11.6532,2.2058823529411766,0.5294117647058824,0.6666666666666666,0.36,0.9259259259259259,0.5066666666666667,24,1.1466666666666667,9.146341463414634,42.59740259740259,1.6383616383616382,12.195121951219512,2.2,20.73170731707317
44,F,164,56,15,62,106,32,28,50,34,25,86,37,24,31,26,24.9,20.820939916716245,1.5972198067614587,14.56,41.44,5.413444378346224,15.40749553837002,0.5849056603773585,0.3780487804878049,32.47078890302513,97.34039451429595,9.0432,1.9375,0.56,0.68,0.45161290322580644,0.8928571428571429,0.5967741935483871,44,1.3870967741935485,9.146341463414634,44.46428571428571,1.710164835164835,9.257882212968472,2.066666666666667,20.73170731707317
56,F,160,64,15,84,103,35,29,51,36,26,92,36,22,31,36,26.2,24.999999999999996,1.6865480854231356,23.04,40.96,8.999999999999998,15.999999999999996,0.8155339805825242,0.525,32.892906093334844,121.84923094226782,14.364700000000001,2.4,0.5686274509803921,0.7058823529411765,0.34523809523809523,0.896551724137931,0.42857142857142855,19,1.0952380952380953,9.375,40.9375,1.1371527777777777,10.234374999999998,2.066666666666667,22.5
42,F,156,81,15,73,94,31,28,52,39,26,101,36,23,28,43,34.6,33.28402366863905,1.8734993995195195,34.83,46.17,14.31213017751479,18.97189349112426,0.776595744680851,0.46794871794871795,30.243738646404452,92.94288560307506,10.966700000000001,2.3548387096774195,0.5384615384615384,0.75,0.3835616438356164,0.9285714285714286,0.4931506849315068,21,1.3835616438356164,9.615384615384617,42.71604938271605,0.9933964972724664,14.217619986850755,1.8666666666666667,25.0
50,F,167,72,15,56,105,33,26,51,36,25,99,33,22,31,31,28.4,25.816630212628635,1.8275666882497066,22.32,49.68,8.003155365914877,17.81347484671376,0.5333333333333333,0.33532934131736525,30.65355653657747,78.24444536848897,7.9527,1.696969696969697,0.5098039215686274,0.7058823529411765,0.4642857142857143,0.9615384615384616,0.5892857142857143,49,1.7678571428571428,8.982035928143713,39.44444444444444,1.2724014336917562,10.18322636164796,2.066666666666667,21.55688622754491
57,M,181,67,18,83,108,37,31,56,40,27,93,44,21,36,25,29.1,20.45114617990904,1.835377648090744,16.75,50.25,5.11278654497726,15.338359634931779,0.7685185185185185,0.4585635359116022,26.351252925245277,125.15652043669596,14.2155,2.2432432432432434,0.5535714285714286,0.7142857142857143,0.37349397590361444,0.8709677419354839,0.5301204819277109,25,1.1204819277108433,9.94475138121547,43.43283582089553,1.737313432835821,8.882512743811239,2.0,22.099447513812155
50,M,171,93,17,113,95,37,32,65,42,26,95,41,25,38,30,36.0,31.80465784343901,2.10178495569837,27.9,65.1,9.541397353031703,22.263260490407305,1.1894736842105262,0.6608187134502924,24.48439516121514,140.5751405705332,25.7648,3.054054054054054,0.49230769230769234,0.6461538461538462,0.2831858407079646,0.8125,0.36283185840707965,-18,0.8407079646017699,9.941520467836257,38.70967741935484,1.2903225806451613,12.311480455524778,2.235294117647059,24.561403508771928
29,F,162,92,15,56,118,33,23,52,32,23,106,38,21,29,45,39.3,35.055631763450684,2.0346989949375804,41.4,50.6,15.775034293552809,19.280597469897877,0.4745762711864407,0.345679012345679,39.228120836771325,68.1749962404295,8.9628,1.696969696969697,0.4423076923076923,0.6153846153846154,0.4107142857142857,1.0,0.6785714285714286,62,1.8928571428571428,9.25925925925926,42.71739130434782,0.9492753623188406,14.974851394604476,1.9333333333333333,19.753086419753085
43,F,174,63,15,60,99,32,28,52,34,21,94,36,24,29,30,27.7,20.808561236623067,1.7449928366615148,18.9,44.1,6.24256837098692,14.565992865636147,0.6060606060606061,0.3448275862068966,25.13316454845485,91.48062053271374,8.264700000000001,1.875,0.5384615384615384,0.6538461538461539,0.4666666666666667,0.75,0.6,39,1.5666666666666667,8.620689655172415,43.96825396825397,1.4656084656084656,9.149161051658078,1.9333333333333333,19.54022988505747
52,F,165,57,16,82,105,32,27,48,31,24,85,36,21,31,25,24.9,20.936639118457304,1.6163229875244614,14.25,42.75,5.234159779614326,15.702479338842977,0.780952380952381,0.49696969696969695,31.540841901187832,127.99467404829149,13.818299999999999,2.5625,0.5625,0.6458333333333334,0.32926829268292684,0.8888888888888888,0.43902439024390244,23,1.0365853658536586,9.696969696969697,43.68421052631579,1.7473684210526315,9.146005509641874,1.9375,18.787878787878785
55,F,166,78,16,85,112,34,27,47,35,25,101,37,21,31,45,31.8,28.305995064595734,1.8964879822099234,35.1,42.9,12.73769777906808,15.568297285527652,0.7589285714285714,0.5120481927710844,34.366782457294754,113.76251128288177,14.9603,2.5,0.574468085106383,0.7446808510638298,0.3176470588235294,0.9259259259259259,0.43529411764705883,27,1.188235294117647,9.63855421686747,40.76923076923077,0.905982905982906,11.540136449412108,1.9375,21.084337349397593
53,F,157,68,15,82,90,32,29,60,34,26,73,37,21,29,37,27.7,27.587326057852245,1.7220788470785986,25.16,42.84,10.20731064140533,17.380015416446916,0.9111111111111111,0.5222929936305732,27.75020356820763,114.30960506781847,13.492799999999999,2.5625,0.48333333333333334,0.5666666666666667,0.35365853658536583,0.896551724137931,0.45121951219512196,8,0.8902439024390244,9.554140127388536,40.73529411764706,1.100953895071542,11.237778408860398,1.9333333333333333,21.656050955414013
34,M,175,74,18,101,98,34,34,62,40,33,95,44,24,42,19,34.0,24.163265306122447,1.896634446123507,14.06,59.94,4.591020408163265,19.572244897959184,1.030612244897959,0.5771428571428572,24.332020977033444,142.49447983521515,20.4083,2.9705882352941178,0.5483870967741935,0.6451612903225806,0.33663366336633666,0.9705882352941176,0.43564356435643564,-3,0.9405940594059405,10.285714285714285,45.94594594594595,2.418207681365576,11.10204081632653,2.3333333333333335,22.857142857142858
55,F,167,53,16,83,115,33,24,53,34,25,94,37,20,30,35,25.7,19.003908350962746,1.5679958900172892,18.549999999999997,34.45,6.65136792283696,12.352540428125785,0.7217391304347827,0.49700598802395207,35.28722858768008,135.16737982146614,14.4948,2.515151515151515,0.4528301886792453,0.6415094339622641,0.2891566265060241,1.0416666666666667,0.4457831325301205,32,1.1325301204819278,9.580838323353294,48.490566037735846,1.3854447439353101,9.215102728674388,1.875,20.35928143712575
51,M,188,97,18,96,92,38,35,55,37,28,83,40,21,35,30,41.2,27.44454504300589,2.250678909919306,29.099999999999998,67.9,8.233363512901766,19.211181530104124,1.0434782608695652,0.5106382978723404,17.69037026012314,122.61335970051265,18.4432,2.526315789473684,0.6363636363636364,0.6727272727272727,0.3645833333333333,0.8,0.4166666666666667,-4,0.8645833333333334,9.574468085106384,42.47422680412372,1.4158075601374573,11.656858306926212,1.9444444444444444,19.680851063829788
59,F,163,85,15,74,88,33,25,52,36,25,85,38,20,30,36,38.2,31.992171327486922,1.9617877334490372,30.599999999999998,54.400000000000006,11.517181677895291,20.474989649591635,0.8409090909090909,0.4539877300613497,24.286453741681143,94.01335711293821,11.0892,2.242424242424242,0.4807692307692308,0.6923076923076923,0.33783783783783783,1.0,0.5135135135135135,14,1.1486486486486487,9.202453987730062,44.94117647058824,1.2483660130718957,14.37765817305883,2.0,22.085889570552148
25,F,161,62,15,66,95,34,26,49,37,25,86,37,21,28,34,30.0,23.9188302920412,1.6651659910584824,21.080000000000002,40.92,8.132402299294009,15.786427992747193,0.6947368421052632,0.40993788819875776,28.50340906379786,97.57409477051777,9.3007,1.9411764705882353,0.5306122448979592,0.7551020408163265,0.3939393939393939,0.9615384615384616,0.5606060606060606,29,1.303030303030303,9.316770186335404,48.38709677419355,1.4231499051233396,11.573627560665097,1.8666666666666667,22.981366459627328
19,M,172,83,19,82,91,38,38,59,38,29,103,39,25,35,35,37.8,28.055705786911847,1.9913702708325127,29.049999999999997,53.95,9.819497025419146,18.2362087614927,0.9010989010989011,0.47674418604651164,22.34119157054368,108.29602887693117,13.504700000000001,2.1578947368421053,0.6440677966101694,0.6440677966101694,0.4634146341463415,0.7631578947368421,0.47560975609756095,9,1.2560975609756098,11.046511627906977,45.54216867469879,1.3012048192771084,12.777176852352623,1.8421052631578947,22.093023255813954
38,M,184,99,18,91,109,40,35,62,41,31,105,42,24,31,20,45.2,29.24149338374291,2.2494443758403984,19.8,79.2,5.848298676748582,23.39319470699433,0.8348623853211009,0.4945652173913043,25.671666361097245,113.81675740977273,16.7888,2.275,0.5645161290322581,0.6612903225806451,0.38461538461538464,0.8857142857142857,0.46153846153846156,18,1.1538461538461537,9.782608695652174,45.65656565656566,2.282828282828283,13.350661625708884,1.7222222222222223,22.282608695652172
43,F,166,77,15,92,98,33,27,48,37,25,102,37,23,30,35,33.4,27.94309769197271,1.8842917915109527,26.95,50.05,9.780084192190449,18.163013499782263,0.9387755102040817,0.5542168674698795,27.820934650132905,123.92816262528842,16.953200000000002,2.787878787878788,0.5625,0.7708333333333334,0.29347826086956524,0.9259259259259259,0.40217391304347827,6,1.108695652173913,9.036144578313253,43.37662337662337,1.2393320964749537,12.120772245608942,2.0,22.289156626506024
63,F,159,40,15,63,87,33,28,47,36,21,82,33,22,32,18,17.5,15.822158933586486,1.3291601358251257,7.199999999999999,32.8,2.847988608045567,12.974170325540918,0.7241379310344828,0.39622641509433965,25.393388652502217,115.23452553713246,8.3412,1.9090909090909092,0.5957446808510638,0.7659574468085106,0.4444444444444444,0.75,0.5238095238095238,24,1.3015873015873016,9.433962264150944,43.75,2.430555555555556,6.922194533444088,2.1333333333333333,22.641509433962266
33,M,168,78,17,84,95,40,34,63,36,29,99,45,21,33,20,29.9,27.636054421768712,1.9078784028338913,15.600000000000001,62.4,5.527210884353742,22.10884353741497,0.8842105263157894,0.5,25.627435257139084,113.09935486100696,14.1967,2.1,0.5396825396825397,0.5714285714285714,0.40476190476190477,0.8529411764705882,0.5357142857142857,11,1.1785714285714286,10.119047619047619,38.33333333333333,1.9166666666666663,10.593820861678006,1.9411764705882353,21.428571428571427
24,F,158,63,17,65,106,35,29,50,36,25,97,39,22,32,35,26.4,25.236340330075304,1.6628289148315891,22.049999999999997,40.95,8.832719115526356,16.40362121454895,0.6132075471698113,0.41139240506329117,35.3728304573591,94.43764042293866,9.626700000000001,1.8571428571428572,0.58,0.72,0.4461538461538462,0.8620689655172413,0.6,41,1.4923076923076923,10.759493670886076,41.9047619047619,1.1972789115646258,10.575228328793461,1.8823529411764706,22.78481012658228
24,F,171,64,16,90,98,36,27,52,38,24,89,38,23,33,34,25.8,21.887076365377382,1.7435595774162693,21.76,42.239999999999995,7.4416059642283106,14.445470401149072,0.9183673469387755,0.5263157894736842,25.826007639990358,134.9659076555025,16.244799999999998,2.5,0.5192307692307693,0.7307692307692307,0.3,0.8888888888888888,0.4222222222222222,8,0.9888888888888889,9.35672514619883,40.3125,1.1856617647058822,8.823227659792758,2.0625,22.22222222222222
61,F,157,70,15,79,100,33,29,46,37,22,87,36,23,32,31,32.1,28.398718000730252,1.7472200141303835,21.7,48.3,8.803602580226377,19.595115420503873,0.79,0.5031847133757962,32.83355952023071,108.54289471792946,12.790700000000001,2.393939393939394,0.6304347826086957,0.8043478260869565,0.3670886075949367,0.7586206896551724,0.45569620253164556,21,1.1012658227848102,9.554140127388536,45.857142857142854,1.47926267281106,13.022840683192015,2.1333333333333333,23.56687898089172
18,M,177,92,19,79,94,38,30,54,38,31,108,41,26,36,26,37.5,29.365763350250564,2.1268129521265693,23.92,68.08,7.635098471065147,21.73066487918542,0.8404255319148937,0.4463276836158192,21.91792465099769,100.52945146669265,12.6395,2.0789473684210527,0.5555555555555556,0.7037037037037037,0.379746835443038,1.0333333333333334,0.5189873417721519,15,1.3670886075949367,10.734463276836157,40.76086956521739,1.567725752508361,11.969740496026045,1.894736842105263,21.468926553672315
50,F,166,86,16,66,92,34,31,49,38,25,96,34,23,30,28,39.3,31.20917404557991,1.9913702708325127,24.080000000000002,61.92,8.738568732762376,22.470605312817536,0.717391304347826,0.39759036144578314,25.015571304206404,84.12445351500693,9.1852,1.9411764705882353,0.6326530612244898,0.7755102040816326,0.4696969696969697,0.8064516129032258,0.5151515151515151,26,1.4545454545454546,9.63855421686747,45.69767441860465,1.6320598006644516,14.261866744084772,1.875,22.89156626506024
33,F,163,65,15,79,102,31,27,49,34,23,85,36,22,31,33,24.2,24.46460160337235,1.715533606652914,21.45,43.55,8.073318529112877,16.391283074259476,0.7745098039215687,0.48466257668711654,31.013844109675865,114.77246712116884,12.8523,2.5483870967741935,0.5510204081632653,0.6938775510204082,0.34177215189873417,0.8518518518518519,0.45569620253164556,23,1.0759493670886076,9.202453987730062,37.230769230769226,1.1282051282051282,9.108359366178629,2.066666666666667,20.858895705521473
21,F,166,61,16,75,105,35,29,50,34,23,81,33,20,28,26,25.9,22.136739730004358,1.677133798412571,15.860000000000001,45.14,5.755552329801133,16.381187400203224,0.7142857142857143,0.45180722891566266,31.09385855371383,113.50732580623506,11.88,2.142857142857143,0.58,0.68,0.38666666666666666,0.7931034482758621,0.44,30,1.08,9.63855421686747,42.459016393442624,1.6330390920554854,9.399041950936276,1.75,20.481927710843372
56,F,154,54,16,77,106,34,29,48,29,22,110,33,22,33,32,26.2,22.76943835385394,1.5198684153570663,17.28,36.72,7.286220273233261,15.483218080620677,0.7264150943396226,0.5,37.46573648486383,119.29650151120704,12.4467,2.264705882352941,0.6041666666666666,0.6041666666666666,0.37662337662337664,0.7586206896551724,0.42857142857142855,29,1.4285714285714286,10.38961038961039,48.51851851851852,1.5162037037037035,11.04739416427728,2.0625,18.83116883116883
33,F,158,40,14,62,97,32,27,52,35,24,83,38,22,31,29,17.3,16.023073225444637,1.3249737942901194,11.6,28.4,4.6466912353789445,11.376381990065692,0.6391752577319587,0.3924050632911392,30.841175041168235,113.04822281557898,8.5455,1.9375,0.5192307692307693,0.6730769230769231,0.43548387096774194,0.8888888888888888,0.6129032258064516,35,1.3387096774193548,8.860759493670885,43.25,1.4913793103448276,6.929979170004806,2.2142857142857144,22.151898734177212
34,M,177,73,19,92,101,36,36,57,38,27,96,42,21,38,17,29.3,23.301094832264035,1.8945096111307187,12.41,60.59,3.961186121484886,19.33990871077915,0.9108910891089109,0.519774011299435,24.890536061178373,131.42758644516232,16.9847,2.5555555555555554,0.631578947368421,0.6666666666666666,0.391304347826087,0.75,0.45652173913043476,9,1.0434782608695652,10.734463276836157,40.136986301369866,2.3609991941982273,9.352357240895017,2.0,21.468926553672315
61,M,176,95,18,124,104,33,31,59,35,27,100,38,22,36,39,38.7,30.668904958677686,2.155097316699282,37.050000000000004,57.949999999999996,11.9608729338843,18.708032024793386,1.1923076923076923,0.7045454545454546,26.541448630805988,154.8423373852502,31.032,3.757575757575758,0.5254237288135594,0.5932203389830508,0.25,0.8709677419354839,0.3064516129032258,-20,0.8064516129032258,10.227272727272728,40.73684210526316,1.0445344129554655,12.493543388429753,2.0,19.886363636363637
24,M,186,92,18,96,110,35,32,58,41,27,93,41,26,37,25,37.9,26.59266967279454,2.180214056769044,23.0,69.0,6.648167418198635,19.944502254595903,0.8727272727272727,0.5161290322580645,25.363394226744248,125.22968654756376,18.569200000000002,2.742857142857143,0.5517241379310345,0.7068965517241379,0.3333333333333333,0.84375,0.4270833333333333,14,0.96875,9.67741935483871,41.19565217391305,1.6478260869565218,10.955023702162098,2.0555555555555554,22.043010752688172
36,F,158,65,16,73,93,34,26,49,37,26,83,38,23,29,17,28.9,26.037493991347535,1.6890168080210979,11.05,53.95,4.426373978529082,21.611120012818457,0.7849462365591398,0.4620253164556962,28.827105967305627,104.41628255656187,10.938,2.1470588235294117,0.5306122448979592,0.7551020408163265,0.3561643835616438,1.0,0.5205479452054794,20,1.1369863013698631,10.126582278481013,44.46153846153846,2.615384615384615,11.57667040538375,1.8125,23.417721518987342
36,M,179,84,17,103,97,40,35,52,33,27,114,38,23,35,27,35.1,26.216410224399986,2.0436894741292444,22.68,61.32,7.078430760587997,19.13797946381199,1.0618556701030928,0.5754189944134078,22.503465920076977,137.942343273468,21.2432,2.575,0.6730769230769231,0.6346153846153846,0.33980582524271846,0.7714285714285715,0.36893203883495146,-6,1.1067961165048543,9.497206703910614,41.785714285714285,1.5476190476190477,10.954714272338567,2.0588235294117645,18.435754189944134
52,M,170,94,18,114,84,38,35,57,38,31,100,47,24,31,35,40.4,32.52595155709343,2.106867079074731,32.9,61.1,11.384083044982699,21.14186851211073,1.3571428571428572,0.6705882352941176,19.897093566575954,140.64972497434277,26.622,3.0,0.6140350877192983,0.6666666666666666,0.30701754385964913,0.8857142857142857,0.41228070175438597,-30,0.8771929824561403,10.588235294117647,42.97872340425532,1.2279635258358663,13.97923875432526,1.7222222222222223,22.35294117647059
18,F,158,56,15,67,94,33,28,62,35,25,93,37,22,30,23,19.4,22.432302515622492,1.567730135507313,12.88,43.12,5.159429578593174,17.27287293702932,0.7127659574468085,0.4240506329113924,29.330623235771277,103.24828218773588,9.488299999999999,2.0303030303030303,0.45161290322580644,0.5645161290322581,0.417910447761194,0.8928571428571429,0.5522388059701493,27,1.3880597014925373,9.49367088607595,34.64285714285714,1.5062111801242235,7.771190514340649,2.0,22.151898734177212
54,M,175,85,17,88,104,37,34,56,36,27,96,47,22,36,23,34.7,27.755102040816325,2.032718486275078,19.55,65.45,6.383673469387755,21.371428571428574,0.8461538461538461,0.5028571428571429,26.923777363382435,115.84191697282688,15.667200000000001,2.3783783783783785,0.6071428571428571,0.6428571428571429,0.38636363636363635,0.7941176470588235,0.5340909090909091,16,1.0909090909090908,9.714285714285714,40.82352941176471,1.7749360613810743,11.33061224489796,2.1176470588235294,20.57142857142857
38,M,157,56,17,106,83,39,34,54,39,32,94,48,24,32,33,22.5,22.7189744005842,1.5627610892974724,18.48,37.519999999999996,7.497261552192787,15.221712848391414,1.2771084337349397,0.6751592356687898,24.19185440179149,162.83028387830805,22.842299999999998,2.717948717948718,0.6296296296296297,0.7222222222222222,0.32075471698113206,0.9411764705882353,0.4528301886792453,-23,0.8867924528301887,10.828025477707007,40.17857142857143,1.2175324675324675,9.12815935737758,1.8823529411764706,24.840764331210192
57,M,192,117,18,105,92,39,32,55,41,28,109,37,23,36,38,49.1,31.73828125,2.4979991993593593,44.46,72.53999999999999,12.060546875,19.677734375,1.141304347826087,0.546875,16.580875498336958,123.40151302410385,22.1683,2.6923076923076925,0.5818181818181818,0.7454545454545455,0.3047619047619048,0.875,0.3523809523809524,-13,1.0380952380952382,9.375,41.965811965811966,1.1043634727845255,13.319227430555557,2.0,21.354166666666664
41,M,180,116,18,117,93,41,31,54,43,28,115,42,24,39,41,51.1,35.80246913580247,2.4083189157584592,47.559999999999995,68.44,14.67901234567901,21.123456790123456,1.2580645161290323,0.65,20.510059612496377,133.7108414158841,27.781200000000002,2.8536585365853657,0.5740740740740741,0.7962962962962963,0.26495726495726496,0.9032258064516129,0.358974358974359,-24,0.9829059829059829,10.0,44.05172413793104,1.0744322960470984,15.771604938271604,2.1666666666666665,23.88888888888889
37,M,182,96,18,99,98,36,30,46,35,30,94,47,22,29,25,41.8,28.982007003985025,2.203028218914441,24.0,72.0,7.245501750996256,21.736505252988767,1.010204081632653,0.5439560439560439,21.913424743290065,125.05722114250553,19.602700000000002,2.75,0.6521739130434783,0.7608695652173914,0.30303030303030304,1.0,0.47474747474747475,-1,0.9494949494949495,9.89010989010989,43.541666666666664,1.7416666666666665,12.619248882985145,1.6111111111111112,19.230769230769234
18,M,177,99,18,84,119,36,33,59,39,27,111,46,23,36,29,40.5,31.600114909508758,2.2062411472910206,28.709999999999997,70.29,9.16403332375754,22.43608158575122,0.7058823529411765,0.4745762711864407,32.534393973071545,103.04379003194093,14.9695,2.3333333333333335,0.559322033898305,0.6610169491525424,0.39285714285714285,0.8181818181818182,0.5476190476190477,35,1.3214285714285714,10.16949152542373,40.909090909090914,1.4106583072100314,12.927319735708128,2.0,22.033898305084744
48,F,167,86,16,84,108,30,30,54,35,25,96,36,22,26,43,37.3,30.83653053175087,1.9973593678766084,36.98,49.02,13.259708128652873,17.576822403097996,0.7777777777777778,0.5029940119760479,32.043658151908254,107.3894944964594,14.5152,2.8,0.5555555555555556,0.6481481481481481,0.35714285714285715,0.8333333333333334,0.42857142857142855,24,1.1428571428571428,9.580838323353294,43.37209302325581,1.0086533261222281,13.374448707375667,1.625,20.958083832335326
45,M,163,86,19,108,100,39,30,51,40,30,101,37,24,35,45,35.8,32.36854981369265,1.9732939185252887,38.7,47.3,14.565847416161695,17.802702397530958,1.08,0.6625766871165644,30.052788342819476,136.4086259018975,23.372799999999998,2.769230769230769,0.5882352941176471,0.7843137254901961,0.2777777777777778,1.0,0.3425925925925926,-8,0.9351851851851852,11.65644171779141,41.627906976744185,0.925064599483204,13.47434980616508,1.8421052631578947,24.539877300613497
52,M,164,83,18,97,88,40,31,59,43,32,105,37,24,37,28,37.6,30.859607376561577,1.9445079354713652,23.240000000000002,59.76,8.640690065437242,22.218917311124333,1.1022727272727273,0.5914634146341463,23.900277579869922,125.0915904105598,18.8747,2.425,0.5254237288135594,0.7288135593220338,0.31958762886597936,1.032258064516129,0.38144329896907214,-9,1.0824742268041236,10.975609756097562,45.30120481927711,1.6179001721170394,13.979773944080907,2.0555555555555554,26.21951219512195
32,M,184,69,17,88,92,37,31,50,38,29,108,38,22,37,17,31.3,20.380434782608695,1.8779421361337698,11.73,57.269999999999996,3.464673913043478,16.915760869565215,0.9565217391304348,0.4782608695652174,18.860489038724282,131.83798003970622,15.4992,2.3783783783783785,0.62,0.76,0.3522727272727273,0.9354838709677419,0.4318181818181818,4,1.2272727272727273,9.239130434782608,45.36231884057971,2.6683716965046886,9.245037807183365,2.176470588235294,20.652173913043477
26,F,158,75,15,77,110,32,27,48,35,22,89,35,20,32,37,35.2,30.043262297708697,1.8142950880897701,27.75,47.25,11.116007050152218,18.927255247556477,0.7,0.4873417721518987,37.38689953122171,102.53263984066959,12.620299999999999,2.40625,0.5625,0.7291666666666666,0.35064935064935066,0.8148148148148148,0.45454545454545453,33,1.155844155844156,9.49367088607595,46.93333333333334,1.2684684684684686,14.100304438391282,2.1333333333333333,22.151898734177212
63,F,173,75,16,79,114,32,29,49,37,25,91,39,22,29,26,34.0,25.05930702662969,1.8984642916490861,19.5,55.5,6.515419826923719,18.54388719970597,0.6929824561403509,0.45664739884393063,32.09976591025806,110.07609470846079,13.3395,2.46875,0.5918367346938775,0.7551020408163265,0.3670886075949367,0.8620689655172413,0.4936708860759494,35,1.1518987341772151,9.248554913294797,45.33333333333333,1.7435897435897436,11.360219185405459,1.8125,21.38728323699422
32,F,166,65,15,73,110,35,27,56,35,25,87,35,22,30,27,29.7,23.588329220496444,1.7312487464897186,17.55,47.45,6.36884888953404,17.219480330962405,0.6636363636363637,0.4397590361445783,33.431661341985915,107.02709258468549,11.616299999999999,2.085714285714286,0.48214285714285715,0.625,0.3698630136986301,0.9259259259259259,0.4794520547945205,37,1.1917808219178083,9.036144578313253,45.69230769230769,1.6923076923076923,10.77805196690376,2.0,21.084337349397593
31,M,166,52,18,77,85,40,35,56,40,27,99,37,23,33,10,20.9,18.870663376397157,1.5484759532449246,5.2,46.8,1.8870663376397157,16.983597038757438,0.9058823529411765,0.463855421686747,21.74264740062548,126.21663556795257,11.9028,1.925,0.625,0.7142857142857143,0.45454545454545453,0.7714285714285715,0.4805194805194805,8,1.2857142857142858,10.843373493975903,40.192307692307686,4.019230769230769,7.5845550878211645,1.8333333333333333,24.096385542168676
53,F,153,47,15,87,93,34,29,50,36,24,78,35,22,27,28,19.6,20.07774787474903,1.413329402510257,13.160000000000002,33.839999999999996,5.621769404929728,14.455978469819298,0.9354838709677419,0.5686274509803921,31.141205072721057,144.00896898503888,15.163200000000002,2.5588235294117645,0.58,0.72,0.3333333333333333,0.8275862068965517,0.40229885057471265,6,0.896551724137931,9.803921568627452,41.70212765957447,1.4893617021276595,8.37284804989534,1.8,23.52941176470588
34,M,187,90,20,78,86,39,33,57,40,28,97,43,23,33,21,38.1,25.737081414967538,2.1621748310439655,18.9,71.1,5.404787097143183,20.332294317824353,0.9069767441860465,0.41711229946524064,15.630710414402799,103.14962496723506,12.2128,2.0,0.5789473684210527,0.7017543859649122,0.4230769230769231,0.8484848484848485,0.5512820512820513,8,1.2435897435897436,10.695187165775401,42.333333333333336,2.0158730158730163,10.895364465669592,1.65,21.390374331550802
19,M,184,81,18,72,97,37,29,56,34,28,113,43,23,31,24,34.3,23.92485822306238,2.0346989949375804,19.439999999999998,61.56,5.74196597353497,18.18289224952741,0.7422680412371134,0.391304347826087,20.863776486481036,99.5571373669764,10.8055,1.945945945945946,0.5178571428571429,0.6071428571428571,0.4027777777777778,0.9655172413793104,0.5972222222222222,25,1.5694444444444444,9.782608695652174,42.34567901234568,1.76440329218107,10.131143667296785,1.7222222222222223,18.478260869565215
40,F,168,91,16,96,100,36,28,56,35,25,98,36,21,28,45,40.6,32.242063492063494,2.0607442021431646,40.95,50.05,14.508928571428575,17.73313492063492,0.96,0.5714285714285714,27.9236160601464,119.66817828757561,18.4432,2.6666666666666665,0.5,0.625,0.2916666666666667,0.8928571428571429,0.375,4,1.0208333333333333,9.523809523809524,44.61538461538462,0.9914529914529914,14.384920634920638,1.75,20.833333333333336
49,M,171,103,19,90,99,38,34,58,38,27,95,40,21,32,38,41.5,35.224513525529225,2.2118996360594663,39.14,63.86,13.385315139701106,21.83919838582812,0.9090909090909091,0.5263157894736842,26.273211799582093,106.38868829358795,16.256700000000002,2.3684210526315788,0.5862068965517241,0.6551724137931034,0.37777777777777777,0.7941176470588235,0.4444444444444444,9,1.0555555555555556,11.11111111111111,40.29126213592233,1.0602963719979561,14.192401080674397,1.6842105263157894,22.22222222222222
42,F,165,94,15,79,97,31,29,51,35,23,84,33,22,31,39,43.7,34.527089072543625,2.075652507847432,36.660000000000004,57.339999999999996,13.465564738292015,21.061524334251608,0.8144329896907216,0.47878787878787876,27.766301565859237,96.02374475109141,12.7088,2.5483870967741935,0.5686274509803921,0.6862745098039216,0.3670886075949367,0.7931034482758621,0.4177215189873418,18,1.0632911392405062,9.090909090909092,46.48936170212766,1.1920349154391707,16.0514233241506,2.066666666666667,21.21212121212121
43,F,159,45,16,74,106,35,29,59,37,23,95,36,23,32,19,19.8,17.799928800284796,1.4097872179871684,8.55,36.45,3.3819864720541117,14.417942328230687,0.6981132075471698,0.46540880503144655,34.87010571454293,127.61376652116265,11.6688,2.1142857142857143,0.4915254237288136,0.6271186440677966,0.3918918918918919,0.7931034482758621,0.4864864864864865,32,1.2837837837837838,10.062893081761008,44.0,2.3157894736842106,7.831968672125311,2.0,23.270440251572328
42,F,162,89,16,81,84,31,27,54,38,23,106,35,22,29,45,36.1,33.91251333638164,2.00124960961895,40.050000000000004,48.949999999999996,15.26063100137174,18.6518823350099,0.9642857142857143,0.5,22.73866229058298,100.25845895008862,13.1283,2.6129032258064515,0.5,0.7037037037037037,0.3333333333333333,0.8518518518518519,0.43209876543209874,3,1.308641975308642,9.876543209876543,40.56179775280899,0.9013732833957553,13.755525072397498,1.8125,23.456790123456788
29,M,167,91,17,98,99,42,31,58,40,29,97,44,24,34,32,42.7,32.62935207429452,2.0546018808734914,29.12,61.879999999999995,10.441392663774248,22.187959410520275,0.98989898989899,0.5868263473053892,27.8733533059159,121.79714749003055,19.2087,2.3333333333333335,0.5344827586206896,0.6896551724137931,0.3163265306122449,0.9354838709677419,0.4489795918367347,1,0.9897959183673469,10.179640718562874,46.92307692307693,1.466346153846154,15.310695973322817,2.0,23.952095808383234
29,M,167,81,20,74,103,38,35,55,37,27,98,39,23,35,15,34.1,29.043708989207214,1.9384271974980127,12.15,68.85,4.3565563483810825,24.68715264082613,0.7184466019417476,0.4431137724550898,29.726822126356943,97.48121822280186,11.540700000000001,1.9473684210526316,0.6363636363636364,0.6727272727272727,0.47297297297297297,0.7714285714285715,0.527027027027027,29,1.3243243243243243,11.976047904191617,42.098765432098766,2.8065843621399176,12.22704292014773,1.75,22.15568862275449
22,F,173,70,15,57,96,34,27,50,36,25,99,34,20,33,27,26.3,23.38868655818771,1.8340907526316381,18.900000000000002,51.099999999999994,6.314945370710682,17.073741187477026,0.59375,0.32947976878612717,24.18927655600678,82.20957239842993,7.5626999999999995,1.6764705882352942,0.54,0.72,0.47368421052631576,0.9259259259259259,0.5964912280701754,39,1.736842105263158,8.670520231213873,37.57142857142857,1.3915343915343914,8.787463664004811,2.2,20.809248554913296
51,F,170,65,16,68,99,34,30,48,34,25,91,36,20,32,30,25.2,22.49134948096886,1.7519830034690533,19.5,45.5,6.747404844290658,15.743944636678203,0.6868686868686869,0.4,26.664431703464516,100.89048206286151,9.9207,2.0,0.625,0.7083333333333334,0.4411764705882353,0.8333333333333334,0.5294117647058824,31,1.338235294117647,9.411764705882353,38.76923076923077,1.2923076923076924,8.719723183391004,2.0,20.0
23,F,158,77,16,98,102,30,23,55,37,25,87,35,22,27,39,31.6,30.844415958980928,1.8383265336834054,30.03,46.97,12.029322224002563,18.815093734978365,0.9607843137254902,0.620253164556962,33.35876138349649,128.79018250993,19.2192,3.2666666666666666,0.41818181818181815,0.6727272727272727,0.23469387755102042,1.0869565217391304,0.35714285714285715,4,0.8877551020408163,10.126582278481013,41.03896103896104,1.0522810522810524,12.658227848101264,1.6875,23.417721518987342
44,F,155,43,15,68,100,35,29,49,35,23,89,34,24,26,24,17.4,17.898022892819977,1.3606575207923883,10.32,32.68,4.295525494276794,13.602497398543182,0.68,0.43870967741935485,33.82060186467734,118.44426466466706,9.964799999999999,1.9428571428571428,0.5918367346938775,0.7142857142857143,0.4264705882352941,0.7931034482758621,0.5,32,1.3088235294117647,9.67741935483871,40.46511627906976,1.6860465116279069,7.24245577523413,1.7333333333333334,22.58064516129032
32,M,184,95,18,113,108,36,29,63,39,27,97,38,23,36,24,41.4,28.060018903591683,2.2035325174717877,22.8,72.2,6.734404536862003,21.325614366729678,1.0462962962962963,0.6141304347826086,25.271008871545895,144.27764817439615,25.5555,3.138888888888889,0.4603174603174603,0.6190476190476191,0.25663716814159293,0.9310344827586207,0.336283185840708,-5,0.8584070796460177,9.782608695652174,43.57894736842105,1.8157894736842104,12.228260869565217,2.0,21.195652173913043
26,M,173,88,20,76,99,38,29,57,36,28,108,38,23,38,29,35.2,29.402920244578837,2.0564262420249575,25.52,62.480000000000004,8.526846870927862,20.876073373650975,0.7676767676767676,0.4393063583815029,25.507691448381998,97.76171459167854,11.9223,2.0,0.5087719298245614,0.631578947368421,0.3815789473684211,0.9655172413793104,0.5,23,1.4210526315789473,11.560693641618498,40.0,1.3793103448275863,11.761168097831534,1.9,20.809248554913296
59,M,180,82,17,97,93,38,31,64,38,29,88,42,23,34,16,37.8,25.30864197530864,2.0248456731316584,13.120000000000001,68.88,4.049382716049383,21.259259259259256,1.043010752688172,0.5388888888888889,20.510059612496377,131.84830854359203,18.8292,2.5526315789473686,0.484375,0.59375,0.31958762886597936,0.9354838709677419,0.4329896907216495,-4,0.9072164948453608,9.444444444444445,46.09756097560975,2.8810975609756095,11.666666666666664,2.0,21.11111111111111
19,F,165,82,14,77,109,35,28,54,35,25,109,34,19,30,37,41.2,30.119375573921033,1.9386421364793796,30.34,51.66,11.144168962350781,18.97520661157025,0.7064220183486238,0.4666666666666667,33.42811206885213,100.20727982249645,12.5748,2.2,0.5185185185185185,0.6481481481481481,0.36363636363636365,0.8928571428571429,0.44155844155844154,32,1.4155844155844155,8.484848484848486,50.24390243902439,1.3579433091628215,15.133149678604227,2.142857142857143,21.21212121212121
47,M,181,98,19,81,100,39,28,59,36,29,105,41,23,38,28,39.2,29.913616800463966,2.219734718884719,27.44,70.56,8.375812704129912,21.537804096334057,0.81,0.44751381215469616,23.065974930782666,100.99148786537852,13.3747,2.076923076923077,0.4745762711864407,0.6101694915254238,0.345679012345679,1.0357142857142858,0.5061728395061729,19,1.2962962962962963,10.497237569060774,40.0,1.4285714285714286,11.965446720185588,2.0,19.88950276243094
36,F,157,53,15,77,89,35,26,54,39,27,93,35,22,30,34,23.3,21.50188648626719,1.5203252575974948,18.02,34.980000000000004,7.310641405330845,14.191245080936348,0.8651685393258427,0.49044585987261147,27.241867973005327,121.5839136247261,11.9588,2.2,0.48148148148148145,0.7222222222222222,0.33766233766233766,1.0384615384615385,0.45454545454545453,12,1.2077922077922079,9.554140127388536,43.9622641509434,1.293007769145394,9.452716134528783,2.0,24.840764331210192
27,F,169,81,15,83,109,33,26,44,34,25,104,36,22,30,31,32.2,28.360351528307834,1.95,25.11,55.89,8.791708973775428,19.568642554532406,0.7614678899082569,0.4911242603550296,31.61310878470642,109.98980632008154,14.2512,2.515151515151515,0.5909090909090909,0.7727272727272727,0.3132530120481928,0.9615384615384616,0.43373493975903615,26,1.2530120481927711,8.875739644970414,39.75308641975309,1.282357626443648,11.27411505199398,2.0,20.118343195266274
38,M,175,63,18,74,101,35,29,55,38,26,94,42,27,38,18,27.0,20.571428571428573,1.75,11.34,51.66,3.702857142857143,16.86857142857143,0.7326732673267327,0.4228571428571429,25.62789917020794,113.14984709480122,11.462299999999999,2.1142857142857143,0.5272727272727272,0.6909090909090909,0.3918918918918919,0.896551724137931,0.5675675675675675,27,1.2702702702702702,10.285714285714285,42.857142857142854,2.380952380952381,8.816326530612244,2.111111111111111,21.714285714285715
18,F,161,44,15,68,95,33,28,54,33,26,88,38,21,33,22,16.9,16.97465375564214,1.4027750275000541,9.68,34.32,3.734423826241271,13.24022992940087,0.7157894736842105,0.422360248447205,28.50340906379786,119.33532344037157,9.758299999999998,2.0606060606060606,0.5185185185185185,0.6111111111111112,0.4117647058823529,0.9285714285714286,0.5588235294117647,27,1.2941176470588236,9.316770186335404,38.40909090909091,1.7458677685950412,6.519810192508004,2.2,20.496894409937887
36,F,160,55,16,61,105,35,29,49,35,22,82,39,22,29,26,21.9,21.484374999999996,1.5634719199411433,14.3,40.7,5.585937499999999,15.898437499999998,0.580952380952381,0.38125,33.881117862137465,95.45132989131916,8.7972,1.7428571428571429,0.5918367346938775,0.7142857142857143,0.47540983606557374,0.7586206896551724,0.639344262295082,44,1.3442622950819672,10.0,39.81818181818181,1.5314685314685312,8.554687499999998,1.8125,21.875
56,M,169,79,18,90,105,37,31,49,39,27,109,39,24,34,28,28.0,27.660095935016283,1.9257754570850443,22.12,56.879999999999995,7.74482686180456,19.91526907321172,0.8571428571428571,0.5325443786982249,29.792444242148385,120.76631597095852,16.3575,2.4324324324324325,0.6326530612244898,0.7959183673469388,0.34444444444444444,0.8709677419354839,0.43333333333333335,15,1.211111111111111,10.650887573964498,35.44303797468354,1.2658227848101264,9.803578306081722,1.8888888888888888,23.076923076923077
36,F,163,81,17,81,89,32,27,51,40,25,84,41,22,27,44,33.0,30.48665738266401,1.9150718002205558,35.64,45.36,13.414129248372165,17.072528134291844,0.9101123595505618,0.49693251533742333,24.766981625109338,105.4167963424159,13.166799999999999,2.53125,0.5294117647058824,0.7843137254901961,0.3333333333333333,0.9259259259259259,0.5061728395061729,8,1.037037037037037,10.429447852760736,40.74074074074074,0.9259259259259259,12.420490044789041,1.588235294117647,24.539877300613497
38,M,182,92,17,97,102,43,30,53,39,24,105,39,23,35,23,40.3,27.77442337881898,2.1566434826162415,21.16,70.84,6.388117377128366,21.386306001690617,0.9509803921568627,0.532967032967033,23.542544120567207,125.16618536923141,18.8355,2.255813953488372,0.5660377358490566,0.7358490566037735,0.30927835051546393,0.8,0.4020618556701031,5,1.0824742268041236,9.340659340659341,43.80434782608695,1.9045368620037806,12.16640502354788,2.0588235294117645,21.428571428571427
55,M,177,78,19,90,92,39,34,54,37,25,92,45,23,39,17,32.0,24.897060231734173,1.958315602756614,13.260000000000002,64.74,4.23250023939481,20.664559992339363,0.9782608695652174,0.5084745762711864,21.068607105231784,124.38137208757605,16.2028,2.3076923076923075,0.6296296296296297,0.6851851851851852,0.37777777777777777,0.7352941176470589,0.5,2,1.0222222222222221,10.734463276836157,41.02564102564102,2.4132730015082955,10.214178556608893,2.0526315789473686,20.903954802259886
39,F,159,88,16,101,100,35,28,47,33,24,92,34,20,27,38,39.8,34.80874965389027,1.9714630776828326,33.44,54.56,13.227324868478302,21.58142478541197,1.01,0.6352201257861635,31.87745822126692,124.55240044576695,20.4027,2.8857142857142857,0.5957446808510638,0.7021276595744681,0.27722772277227725,0.8571428571428571,0.33663366336633666,-1,0.9108910891089109,10.062893081761008,45.22727272727272,1.1901913875598087,15.743048138918553,1.6875,20.754716981132077
61,F,156,58,16,87,94,33,25,56,32,23,74,40,20,28,33,25.3,23.83300460223537,1.5853495934125486,19.14,38.86,7.8648915187376724,15.968113083497697,0.925531914893617,0.5576923076923077,30.243738646404452,130.9004251441554,15.1723,2.6363636363636362,0.44642857142857145,0.5714285714285714,0.28735632183908044,0.92,0.45977011494252873,7,0.8505747126436781,10.256410256410255,43.62068965517242,1.3218390804597702,10.396120973044049,1.75,20.51282051282051
20,M,178,90,17,95,102,39,29,53,41,30,97,46,26,37,38,39.4,28.40550435551067,2.1095023109728985,34.2,55.8,10.794091655094054,17.61141270041661,0.9313725490196079,0.5337078651685393,24.95069229077408,122.57047066815008,18.0843,2.4358974358974357,0.5471698113207547,0.7735849056603774,0.30526315789473685,1.0344827586206897,0.4842105263157895,7,1.0210526315789474,9.550561797752808,43.77777777777778,1.1520467836257309,12.435298573412448,2.176470588235294,23.03370786516854
57,F,147,64,16,86,89,32,29,54,38,24,84,33,24,27,35,24.4,29.617289092507754,1.6165807537309522,22.4,41.6,10.366051182377714,19.25123791013004,0.9662921348314607,0.5850340136054422,31.936029113582798,119.575067219778,14.7983,2.6875,0.5370370370370371,0.7037037037037037,0.3372093023255814,0.8275862068965517,0.38372093023255816,3,0.9767441860465116,10.884353741496598,38.125,1.0892857142857142,11.29159146651858,1.6875,25.850340136054424
64,M,178,93,18,97,97,38,34,53,38,27,109,46,24,32,36,38.6,29.352354500694357,2.1443724800820716,33.48,59.52,10.566847620249968,18.785506880444387,1.0,0.5449438202247191,22.845266198089078,123.11579199050662,18.818,2.5526315789473686,0.6415094339622641,0.7169811320754716,0.35051546391752575,0.7941176470588235,0.4742268041237113,0,1.1237113402061856,10.112359550561797,41.505376344086024,1.1529271206690563,12.182805201363465,1.7777777777777777,21.34831460674157
32,M,178,73,17,103,105,39,32,56,34,29,116,37,23,33,27,28.1,23.04002019946976,1.899853795544395,19.71,53.29,6.220805453856836,16.81921474561293,0.9809523809523809,0.5786516853932584,26.213947946385083,147.556823632831,21.2208,2.641025641025641,0.5714285714285714,0.6071428571428571,0.3106796116504854,0.90625,0.3592233009708738,2,1.1262135922330097,9.550561797752808,38.49315068493151,1.4256722475900558,8.868829693220553,1.9411764705882353,19.101123595505616
31,M,174,85,17,97,106,38,30,61,39,29,98,37,24,38,35,36.9,28.075042938300964,2.0269023985711137,29.749999999999996,55.25,9.826265028405336,18.248777909895626,0.9150943396226415,0.5574712643678161,28.182984264002165,127.32403626210342,18.8747,2.5526315789473686,0.4918032786885246,0.639344262295082,0.30927835051546393,0.9666666666666667,0.38144329896907214,9,1.0103092783505154,9.770114942528735,43.41176470588235,1.2403361344537815,12.187871581450652,2.235294117647059,22.413793103448278
24,M,169,62,20,84,102,38,38,66,36,29,110,44,26,38,19,23.5,21.707923392038097,1.7060350393692256,11.78,50.22,4.124505444487238,17.583417947550856,0.8235294117647058,0.4970414201183432,28.42694583522986,127.23315475615416,14.338799999999999,2.210526315789474,0.5757575757575758,0.5454545454545454,0.4523809523809524,0.7631578947368421,0.5238095238095238,18,1.3095238095238095,11.834319526627219,37.903225806451616,1.9949066213921902,8.22800322117573,1.9,21.301775147928996
41,M,183,103,18,90,100,40,33,60,39,27,108,47,22,37,35,46.4,30.756367762548894,2.2881943390659223,36.05,66.95,10.764728716892112,19.991639045656783,0.9,0.4918032786885246,22.394604970195232,110.05833642964267,16.27,2.25,0.55,0.65,0.36666666666666664,0.8181818181818182,0.5222222222222223,10,1.2,9.836065573770492,45.04854368932038,1.287101248266297,13.85529576875989,2.0555555555555554,21.311475409836063
64,F,156,70,15,92,99,37,28,48,31,28,88,37,20,28,45,27.9,28.763971071663377,1.7416467303484175,31.5,38.5,12.94378698224852,15.820184089414857,0.9292929292929293,0.5897435897435898,32.80989495738341,126.00117891904672,16.9623,2.4864864864864864,0.5833333333333334,0.6458333333333334,0.30434782608695654,1.0,0.40217391304347827,7,0.9565217391304348,9.615384615384617,39.85714285714286,0.8857142857142857,11.464497041420117,1.8666666666666667,19.871794871794872
29,F,162,59,16,81,82,34,27,57,35,25,83,39,22,27,29,28.4,22.481329065691202,1.6294170736800322,17.11,41.89,6.519585429050448,15.961743636640753,0.9878048780487805,0.5,21.76869414080719,123.13741219227114,13.1227,2.3823529411764706,0.47368421052631576,0.6140350877192983,0.3333333333333333,0.9259259259259259,0.48148148148148145,1,1.0246913580246915,9.876543209876543,48.135593220338976,1.6598480420806545,10.82152110958695,1.6875,21.604938271604937
63,F,173,89,15,74,106,34,25,56,34,24,93,37,22,30,40,37.7,29.737044338267232,2.068077475445358,35.6,53.4,11.894817735306892,17.842226602960338,0.6981132075471698,0.4277456647398844,28.58399286392416,94.65275735467877,11.6688,2.176470588235294,0.44642857142857145,0.6071428571428571,0.33783783783783783,0.96,0.5,32,1.2567567567567568,8.670520231213873,42.359550561797754,1.0589887640449438,12.596478332052525,2.0,19.653179190751445
43,M,182,106,17,93,105,35,34,55,38,29,91,42,22,34,27,47.3,32.00096606690013,2.3149274046692887,28.62,77.38,8.640260838063035,23.360705228837094,0.8857142857142857,0.510989010989011,24.764383653525066,111.79933285489554,17.398799999999998,2.657142857142857,0.6181818181818182,0.6909090909090909,0.3655913978494624,0.8529411764705882,0.45161290322580644,12,0.978494623655914,9.340659340659341,44.62264150943396,1.6526904262753317,14.279676367588454,2.0,20.87912087912088
40,M,171,87,17,91,113,39,33,52,34,30,100,41,25,36,27,35.4,29.75274443418488,2.032855135025612,23.490000000000002,63.51,8.03324099722992,21.719503436954962,0.8053097345132744,0.5321637426900585,32.53407003386643,117.0451232441194,16.9008,2.3333333333333335,0.6346153846153846,0.6538461538461539,0.3626373626373626,0.9090909090909091,0.45054945054945056,22,1.098901098901099,9.941520467836257,40.689655172413794,1.507024265644955,12.106289114599365,2.1176470588235294,19.883040935672515
27,M,169,86,17,88,92,40,35,49,38,30,88,38,23,38,26,32.8,30.110990511536716,2.0092840073574023,22.36,63.64,7.828857532999546,22.28213297853717,0.9565217391304348,0.5207100591715976,23.87528447883477,113.17494728874638,15.4992,2.2,0.7142857142857143,0.7755102040816326,0.3977272727272727,0.8571428571428571,0.4318181818181818,4,1.0,10.059171597633137,38.13953488372093,1.4669051878354202,11.484191729981443,2.235294117647059,22.485207100591715
18,M,182,91,18,94,98,39,31,59,40,29,91,40,22,41,19,36.2,27.47252747252747,2.144890569599194,17.29,73.71000000000001,5.219780219780219,22.252747252747252,0.9591836734693877,0.5164835164835165,21.913424743290065,121.9597017092394,17.6832,2.41025641025641,0.5254237288135594,0.6779661016949152,0.32978723404255317,0.9354838709677419,0.425531914893617,4,0.9680851063829787,9.89010989010989,39.78021978021978,2.0936957779063046,10.928631807752687,2.2777777777777777,21.978021978021978
54,F,157,77,16,87,92,35,32,48,37,23,88,35,20,28,43,27.3,31.238589800803275,1.8324998105199235,33.11,43.89,13.432593614345409,17.805996186457868,0.9456521739130435,0.554140127388535,28.766874758612246,113.97175039811749,15.1555,2.4857142857142858,0.6666666666666666,0.7708333333333334,0.367816091954023,0.71875,0.40229885057471265,5,1.0114942528735633,10.191082802547772,35.45454545454545,0.8245243128964059,11.075500020284798,1.75,23.56687898089172
39,M,165,40,20,73,107,38,37,53,38,31,104,41,20,33,8,15.9,14.692378328741967,1.35400640077266,3.2,36.8,1.1753902662993574,13.516988062442609,0.6822429906542056,0.44242424242424244,32.48447698501998,136.02174393083143,11.4672,1.9210526315789473,0.6981132075471698,0.7169811320754716,0.5068493150684932,0.8378378378378378,0.5616438356164384,34,1.4246575342465753,12.121212121212121,39.75,4.96875,5.8402203856749315,1.65,23.03030303030303
21,F,167,40,16,58,102,35,26,47,37,28,88,33,23,33,17,18.0,14.342572340349243,1.36218778278017,6.800000000000001,33.2,2.4382372978593714,11.904335042489873,0.5686274509803921,0.3473053892215569,29.263454921246684,108.72507990997687,8.0832,1.6571428571428573,0.5531914893617021,0.7872340425531915,0.4482758620689655,1.0769230769230769,0.5689655172413793,44,1.5172413793103448,9.580838323353294,45.0,2.6470588235294117,6.454157553157159,2.0625,22.15568862275449
21,M,164,55,19,105,101,36,33,53,34,30,100,42,24,32,23,23.6,20.449137418203453,1.5828946760778355,12.65,42.35,4.703301606186795,15.74583581201666,1.0396039603960396,0.6402439024390244,30.090091313259798,166.34255978799607,22.0612,2.9166666666666665,0.6226415094339622,0.6415094339622641,0.3142857142857143,0.9090909090909091,0.4,-4,0.9523809523809523,11.585365853658537,42.909090909090914,1.865612648221344,8.774538964901845,1.6842105263157894,20.73170731707317
55,F,169,76,15,84,93,32,31,49,34,25,101,37,21,29,45,30.8,26.609712545078956,1.8888562088676253,34.2,41.8,11.974370645285532,14.635341899793426,0.9032258064516129,0.4970414201183432,24.33045061447428,114.91834008562086,14.168700000000001,2.625,0.6326530612244898,0.6938775510204082,0.36904761904761907,0.8064516129032258,0.44047619047619047,9,1.2023809523809523,8.875739644970414,40.526315789473685,0.9005847953216374,10.783936136689894,1.9333333333333333,20.118343195266274
48,M,164,74,16,86,103,41,32,48,38,27,110,40,22,35,24,33.3,27.513384889946465,1.8360585805227214,17.759999999999998,56.24,6.603212373587151,20.910172516359314,0.8349514563106796,0.524390243902439,31.042370349165935,117.45676017229411,14.994299999999999,2.097560975609756,0.6666666666666666,0.7916666666666666,0.37209302325581395,0.84375,0.46511627906976744,17,1.2790697674418605,9.75609756097561,44.99999999999999,1.875,12.381023200475909,2.1875,23.170731707317074
48,F,167,57,16,76,109,35,29,54,35,27,93,39,21,32,31,20.5,20.43816558499767,1.626089378437319,17.669999999999998,39.33,6.335831331349277,14.102334253648392,0.6972477064220184,0.4550898203592814,32.50702535701851,119.34600942659223,12.3143,2.1714285714285713,0.5370370370370371,0.6481481481481481,0.3815789473684211,0.9310344827586207,0.5131578947368421,33,1.2236842105263157,9.580838323353294,35.96491228070175,1.1601584606677986,7.350568324428987,2.0,20.958083832335326
57,F,152,52,16,87,94,33,28,51,37,26,86,36,22,30,32,20.2,22.506925207756233,1.4817407180595246,16.64,35.36,7.202216066481995,15.304709141274238,0.925531914893617,0.5723684210526315,32.160571007538415,136.46235970837543,15.1723,2.6363636363636362,0.5490196078431373,0.7254901960784313,0.3218390804597701,0.9285714285714286,0.41379310344827586,7,0.9885057471264368,10.526315789473683,38.84615384615385,1.2139423076923077,8.743074792243767,1.875,24.342105263157894
58,M,150,74,17,101,92,38,30,49,39,26,98,39,24,32,37,27.1,32.888888888888886,1.7559422921421233,27.38,46.620000000000005,12.168888888888889,20.720000000000002,1.0978260869565217,0.6733333333333333,32.0784569635672,131.92425353807667,20.4587,2.6578947368421053,0.6122448979591837,0.7959183673469388,0.297029702970297,0.8666666666666667,0.38613861386138615,-9,0.9702970297029703,11.333333333333332,36.62162162162163,0.989773557341125,12.044444444444444,1.8823529411764706,26.0
18,M,185,56,19,88,96,41,30,59,44,29,104,40,25,37,13,22.0,16.362308254200144,1.6964014199999298,7.28,48.72,2.127100073046019,14.235208181154125,0.9166666666666666,0.4756756756756757,20.151677687030016,146.73983449540677,15.5328,2.1463414634146343,0.5084745762711864,0.7457627118644068,0.3409090909090909,0.9666666666666667,0.45454545454545453,8,1.1818181818181819,10.27027027027027,39.285714285714285,3.021978021978022,6.428049671292914,1.9473684210526316,23.783783783783786
39,M,176,71,19,96,101,39,35,47,37,29,99,41,23,35,35,31.8,22.920971074380166,1.8630918149976161,24.849999999999998,46.150000000000006,8.022339876033058,14.89863119834711,0.9504950495049505,0.5454545454545454,25.2565991510712,138.66660879165613,18.4495,2.4615384615384617,0.7446808510638298,0.7872340425531915,0.3645833333333333,0.8285714285714286,0.4270833333333333,5,1.03125,10.795454545454545,44.7887323943662,1.279678068410463,10.266012396694215,1.8421052631578947,21.022727272727273
49,F,164,93,15,74,86,34,30,48,35,26,99,34,21,30,45,39.6,34.577632361689474,2.058316464168391,41.85,51.15,15.559934562760265,19.017697798929213,0.8604651162790697,0.45121951219512196,22.947998543963784,90.15413930065755,11.0528,2.176470588235294,0.625,0.7291666666666666,0.40540540540540543,0.8666666666666667,0.4594594594594595,12,1.337837837837838,9.146341463414634,42.58064516129033,0.946236559139785,14.723378941106487,2.0,21.341463414634145
32,F,165,66,16,74,91,32,26,58,34,24,86,37,22,27,27,31.6,24.242424242424246,1.7392527130926085,17.82,48.18,6.545454545454546,17.6969696969697,0.8131868131868132,0.4484848484848485,24.935396314362784,107.34337011580736,11.1543,2.3125,0.4482758620689655,0.5862068965517241,0.35135135135135137,0.9230769230769231,0.5,17,1.162162162162162,9.696969696969697,47.87878787878788,1.7732884399551068,11.606978879706155,1.6875,20.606060606060606
58,M,172,78,18,90,101,42,30,54,32,27,95,45,22,37,20,28.6,26.365603028664147,1.9304576314093678,15.600000000000001,62.4,5.27312060573283,21.092482422931315,0.8910891089108911,0.5232558139534884,26.7742895453287,122.61198788062322,16.2847,2.142857142857143,0.5555555555555556,0.5925925925925926,0.3333333333333333,0.9,0.5,11,1.0555555555555556,10.465116279069768,36.66666666666667,1.8333333333333333,9.667387777176854,2.0555555555555554,18.6046511627907
34,M,168,76,19,87,87,39,35,61,40,28,105,39,24,32,21,28.7,26.92743764172336,1.883259585576738,15.959999999999999,60.04,5.654761904761905,21.272675736961453,1.0,0.5178571428571429,21.95354597232737,118.66990628573843,15.138,2.230769230769231,0.5737704918032787,0.6557377049180327,0.40229885057471265,0.8,0.4482758620689655,0,1.206896551724138,11.30952380952381,37.76315789473684,1.7982456140350878,10.168650793650794,1.6842105263157894,23.809523809523807
62,F,150,62,15,74,91,34,27,51,36,26,98,36,24,28,39,27.7,27.555555555555557,1.6072751268321592,24.18,37.82,10.746666666666666,16.808888888888887,0.8131868131868132,0.49333333333333335,31.534125909615376,105.59783313309835,11.1543,2.176470588235294,0.5294117647058824,0.7058823529411765,0.36486486486486486,0.9629629629629629,0.4864864864864865,17,1.3243243243243243,10.0,44.67741935483871,1.1455748552522746,12.31111111111111,1.8666666666666667,24.0
46,M,182,106,17,99,111,38,33,56,38,28,100,47,23,38,42,44.7,32.00096606690013,2.3149274046692887,44.519999999999996,61.480000000000004,13.440405748098053,18.56056031880208,0.8918918918918919,0.5439560439560439,27.208062719440782,119.01219303908235,19.7028,2.6052631578947367,0.5892857142857143,0.6785714285714286,0.3333333333333333,0.8484848484848485,0.47474747474747475,12,1.0101010101010102,9.340659340659341,42.16981132075472,1.0040431266846364,13.494747011230528,2.235294117647059,20.87912087912088
37,M,166,43,17,77,95,39,32,49,40,28,90,42,23,33,10,17.6,15.604587022789955,1.4081114223589615,4.3,38.7,1.5604587022789955,14.04412832051096,0.8105263157894737,0.463855421686747,26.418252977169658,138.79826693617244,12.0848,1.9743589743589745,0.6530612244897959,0.8163265306122449,0.4155844155844156,0.875,0.5454545454545454,18,1.1688311688311688,10.240963855421686,40.93023255813954,4.093023255813954,6.386993758165191,1.9411764705882353,24.096385542168676
45,M,177,79,19,91,101,37,31,61,36,26,95,45,24,35,23,31.7,25.2162533116282,1.9708289288181933,18.17,60.83,5.799738261674487,19.416515049953716,0.900990099009901,0.5141242937853108,24.890536061178373,124.96488156250534,16.632,2.4594594594594597,0.5081967213114754,0.5901639344262295,0.34065934065934067,0.8387096774193549,0.4945054945054945,10,1.043956043956044,10.734463276836157,40.12658227848101,1.7446340121078698,10.118420632640683,1.8421052631578947,20.33898305084746
42,M,169,64,18,104,96,36,34,53,41,29,93,42,25,34,18,26.0,22.40817898532965,1.7333333333333332,11.52,52.480000000000004,4.0334722173593365,18.374706767970313,1.0833333333333333,0.6153846153846154,25.695949021392806,155.045871559633,21.6768,2.888888888888889,0.6415094339622641,0.7735849056603774,0.3269230769230769,0.8529411764705882,0.40384615384615385,-8,0.8942307692307693,10.650887573964498,40.625,2.2569444444444446,9.10332271279017,1.8888888888888888,24.2603550295858
47,M,182,90,17,90,94,39,35,56,41,29,93,41,24,33,28,36.2,27.17063156623596,2.1330729007701543,25.200000000000003,64.8,7.607776838546069,19.56285472768989,0.9574468085106383,0.4945054945054945,20.284305366012916,117.41685692312777,16.2112,2.3076923076923075,0.625,0.7321428571428571,0.3888888888888889,0.8285714285714286,0.45555555555555555,4,1.0333333333333334,9.340659340659341,40.22222222222223,1.4365079365079365,10.928631807752687,1.9411764705882353,22.52747252747253
61,M,186,71,18,86,98,35,34,56,37,27,106,43,23,35,20,30.6,20.522603769221874,1.9152893602099224,14.200000000000001,56.8,4.104520753844374,16.418083015377498,0.8775510204081632,0.46236559139784944,20.632842129281244,127.70245637269929,14.8928,2.4571428571428573,0.6071428571428571,0.6607142857142857,0.3953488372093023,0.7941176470588235,0.5,12,1.2325581395348837,9.67741935483871,43.098591549295776,2.1549295774647885,8.844953173777315,1.9444444444444444,19.892473118279568
51,M,164,96,19,123,93,42,30,52,41,27,91,39,24,33,45,39.1,35.693039857227845,2.0912516188477497,43.2,52.8,16.06186793575253,19.631171921475314,1.3225806451612903,0.75,26.280975169635262,147.49079651277134,30.888,2.9285714285714284,0.5769230769230769,0.7884615384615384,0.24390243902439024,0.9,0.3170731707317073,-30,0.7398373983739838,11.585365853658537,40.729166666666664,0.9050925925925926,14.537477691850093,1.736842105263158,25.0
60,F,166,66,16,78,91,34,29,51,35,26,103,40,21,29,25,26.9,23.95122659311947,1.74451521441727,16.5,49.5,5.987806648279867,17.9634199448396,0.8571428571428571,0.46987951807228917,24.548010746551988,113.4880623223912,12.286299999999999,2.2941176470588234,0.5686274509803921,0.6862745098039216,0.3717948717948718,0.896551724137931,0.5128205128205128,13,1.3205128205128205,9.63855421686747,40.75757575757575,1.6303030303030301,9.761939323559298,1.8125,21.084337349397593
29,F,170,61,14,76,90,33,29,47,39,25,89,36,22,30,30,26.9,21.107266435986162,1.697219949080129,18.3,42.7,6.332179930795848,14.775086505190314,0.8444444444444444,0.4470588235294118,22.604028821331376,116.39830001211291,11.689200000000001,2.303030303030303,0.6170212765957447,0.8297872340425532,0.3815789473684211,0.8620689655172413,0.47368421052631576,14,1.1710526315789473,8.235294117647058,44.0983606557377,1.4699453551912567,9.30795847750865,2.142857142857143,22.941176470588236
26,F,159,67,15,73,101,33,29,60,36,23,90,34,23,31,36,26.5,26.502116213757365,1.720222853779901,24.119999999999997,42.88,9.540761836952651,16.961354376804714,0.7227722772277227,0.4591194968553459,32.37623280347959,103.17097219712402,11.2068,2.212121212121212,0.48333333333333334,0.6,0.3972602739726027,0.7931034482758621,0.4657534246575342,28,1.2328767123287672,9.433962264150944,39.55223880597015,1.0986733001658375,10.482180293501047,2.066666666666667,22.641509433962266
63,M,179,103,18,86,98,34,32,56,41,23,113,41,25,37,35,46.0,32.14631253706189,2.263048582971406,36.05,66.95,11.251209387971661,20.89510314909023,0.8775510204081632,0.48044692737430167,22.92102742440766,104.01114000296121,14.8928,2.5294117647058822,0.5714285714285714,0.7321428571428571,0.37209302325581395,0.71875,0.47674418604651164,12,1.313953488372093,10.05586592178771,44.66019417475729,1.2760055478502081,14.356605599076184,2.0555555555555554,22.905027932960895
22,M,180,71,18,82,98,39,37,55,38,26,107,38,23,35,25,32.0,21.91358024691358,1.8841443681416772,17.75,53.25,5.478395061728395,16.435185185185183,0.8367346938775511,0.45555555555555555,22.58049292499618,119.7827922374603,13.6272,2.1025641025641026,0.6727272727272727,0.6909090909090909,0.45121951219512196,0.7027027027027027,0.4634146341463415,16,1.3048780487804879,10.0,45.07042253521127,1.8028169014084507,9.876543209876543,1.9444444444444444,21.11111111111111
26,F,153,40,15,66,93,32,27,53,40,23,71,35,22,27,15,17.3,17.087444999786406,1.3038404810405297,6.0,34.0,2.563116749967961,14.524328249818446,0.7096774193548387,0.43137254901960786,31.141205072721057,118.42220882845179,9.222299999999999,2.0625,0.5094339622641509,0.7547169811320755,0.4090909090909091,0.8518518518518519,0.5303030303030303,27,1.0757575757575757,9.803921568627452,43.25,2.8833333333333333,7.390319962407621,1.8,26.143790849673206
40,F,169,89,15,83,91,34,28,54,39,24,97,38,20,30,38,38.0,31.161373901474043,2.044029245278931,33.82,55.18,11.841322082560136,19.320051818913907,0.9120879120879121,0.4911242603550296,23.420118343195263,104.93006536943693,13.822799999999999,2.4411764705882355,0.5185185185185185,0.7222222222222222,0.3373493975903614,0.8571428571428571,0.4578313253012048,8,1.1686746987951808,8.875739644970414,42.69662921348314,1.1235955056179776,13.304856272539478,2.0,23.076923076923077
22,M,173,61,17,84,110,39,32,56,44,29,97,43,21,36,25,24.9,20.381569714992146,1.7121299275723465,15.25,45.75,5.0953924287480366,15.28617728624411,0.7636363636363637,0.48554913294797686,30.341879387091105,129.7809420208246,14.5852,2.1538461538461537,0.5714285714285714,0.7857142857142857,0.38095238095238093,0.90625,0.5119047619047619,26,1.1547619047619047,9.826589595375722,40.81967213114754,1.6327868852459015,8.319689932841056,2.1176470588235294,25.43352601156069
21,F,166,61,16,75,95,32,28,50,35,26,80,38,20,29,27,23.6,22.136739730004358,1.677133798412571,16.470000000000002,44.53,5.976919727101177,16.15982000290318,0.7894736842105263,0.45180722891566266,26.418252977169658,113.50732580623506,11.53,2.34375,0.56,0.7,0.37333333333333335,0.9285714285714286,0.5066666666666667,20,1.0666666666666667,9.63855421686747,38.68852459016394,1.4329083181542197,8.564377993903324,1.8125,21.084337349397593
45,F,166,42,16,59,104,32,29,54,33,24,91,37,22,31,16,17.3,15.241689650166935,1.3916417163432069,6.72,35.28,2.4386703440267095,12.803019306140225,0.5673076923076923,0.35542168674698793,30.626297996059414,107.6105652218207,8.3795,1.84375,0.5370370370370371,0.6111111111111112,0.4915254237288136,0.8275862068965517,0.6271186440677966,45,1.5423728813559323,9.63855421686747,41.1904761904762,2.5744047619047623,6.278124546378285,1.9375,19.879518072289155
55,F,167,68,16,55,107,31,28,50,38,23,85,36,22,32,36,26.1,24.38237297859371,1.7760755739676295,24.48,43.519999999999996,8.777654272293736,15.604718706299973,0.514018691588785,0.32934131736526945,31.580290946797987,79.07514023331325,7.9428,1.7741935483870968,0.56,0.76,0.509090909090909,0.8214285714285714,0.6545454545454545,52,1.5454545454545454,9.580838323353294,38.38235294117647,1.0661764705882353,9.35852845207788,2.0,22.75449101796407
30,F,169,77,14,75,93,31,27,51,33,26,86,38,23,29,26,32.8,26.959840341724732,1.9012422839349599,20.02,56.980000000000004,7.00955848884843,19.950281852876305,0.8064516129032258,0.4437869822485207,24.33045061447428,101.93721288820825,11.476799999999999,2.4193548387096775,0.5294117647058824,0.6470588235294118,0.36,0.9629629629629629,0.5066666666666667,18,1.1466666666666667,8.284023668639055,42.59740259740259,1.6383616383616382,11.484191729981443,2.0714285714285716,19.526627218934912
38,M,172,66,17,93,106,35,32,54,40,29,98,39,25,37,20,27.8,22.30935640886966,1.775762746915627,13.200000000000001,52.8,4.4618712817739326,17.847485127095727,0.8773584905660378,0.5406976744186046,28.990838532721206,137.73639321363913,17.4163,2.657142857142857,0.5925925925925926,0.7407407407407407,0.34408602150537637,0.90625,0.41935483870967744,13,1.053763440860215,9.883720930232558,42.12121212121212,2.106060606060606,9.396971335857222,2.176470588235294,23.25581395348837
35,F,153,49,15,77,97,32,27,54,31,23,103,36,24,30,22,20.5,20.932120124738347,1.4430869689661812,10.78,38.22,4.605066427442436,16.327053697295913,0.7938144329896907,0.5032679738562091,33.25480529090261,124.82796848200255,12.138,2.40625,0.5,0.5740740740740741,0.35064935064935066,0.8518518518518519,0.4675324675324675,20,1.3376623376623376,9.803921568627452,41.83673469387755,1.9016697588126161,8.757315562390534,2.0,20.26143790849673
20,M,169,98,18,104,92,40,28,61,38,26,94,40,23,39,42,47.0,34.31252407128602,2.144890569599194,41.16,56.84,14.411260109940129,19.901263961345894,1.1304347826086956,0.6153846153846154,23.87528447883477,125.29598534262284,21.7328,2.6,0.45901639344262296,0.6229508196721312,0.2692307692307692,0.9285714285714286,0.38461538461538464,-12,0.9038461538461539,10.650887573964498,47.95918367346938,1.141885325558795,16.45600644235146,2.1666666666666665,22.485207100591715
36,M,175,66,17,86,106,40,32,56,38,27,107,42,22,35,19,23.6,21.551020408163264,1.7911821050170564,12.540000000000001,53.46,4.094693877551021,17.456326530612245,0.8113207547169812,0.49142857142857144,27.78769615883209,128.47511345410078,15.072,2.15,0.5714285714285714,0.6785714285714286,0.37209302325581395,0.84375,0.4883720930232558,20,1.244186046511628,9.714285714285714,35.75757575757576,1.8819776714513556,7.706122448979592,2.0588235294117645,21.714285714285715
65,M,168,62,19,92,89,36,33,60,41,28,90,41,23,35,24,25.2,21.9671201814059,1.7009801096230766,14.879999999999999,47.120000000000005,5.272108843537415,16.695011337868486,1.0337078651685394,0.5476190476190477,22.872018293530296,138.93770649777127,16.9343,2.5555555555555554,0.55,0.6833333333333333,0.358695652173913,0.8484848484848485,0.44565217391304346,-3,0.9782608695652174,11.30952380952381,40.64516129032258,1.6935483870967742,8.928571428571429,1.8421052631578947,24.404761904761905
34,F,162,47,15,60,104,33,29,53,37,25,91,36,21,28,18,20.4,17.908855357415025,1.4543039572248988,8.459999999999999,38.54,3.2235939643347042,14.685261393080319,0.5769230769230769,0.37037037037037035,32.43834378834083,102.19586660178871,8.555200000000001,1.8181818181818181,0.5471698113207547,0.6981132075471698,0.48333333333333334,0.8620689655172413,0.6,44,1.5166666666666666,9.25925925925926,43.40425531914893,2.4113475177304964,7.773205304069499,1.8666666666666667,22.839506172839506
33,M,186,76,18,84,102,37,30,55,37,29,95,44,23,32,14,28.6,21.967857555786793,1.98158185969358,10.64,65.36,3.0755000578101512,18.892357497976644,0.8235294117647058,0.45161290322580644,22.20969282843558,120.5597848002854,14.338799999999999,2.27027027027027,0.5454545454545454,0.6727272727272727,0.35714285714285715,0.9666666666666667,0.5238095238095238,18,1.130952380952381,9.67741935483871,37.631578947368425,2.68796992481203,8.266851659151346,1.7777777777777777,19.892473118279568
41,F,162,55,17,55,110,35,25,53,37,25,71,35,24,29,9,22.2,20.957171162932475,1.5732132722552274,4.95,50.05,1.8861454046639228,19.07102575826855,0.5,0.3395061728395062,35.34824823766819,86.59889572047123,8.1675,1.5714285714285714,0.4716981132075472,0.6981132075471698,0.45454545454545453,1.0,0.6363636363636364,55,1.290909090909091,10.493827160493826,40.36363636363636,4.484848484848484,8.459076360310926,1.7058823529411764,22.839506172839506
47,F,167,85,15,99,101,32,30,51,37,25,87,38,22,30,43,33.4,30.477966223242138,1.9857128582842876,36.55,48.45,13.105525475994119,17.37244074724802,0.9801980198019802,0.592814371257485,28.800087716136417,127.30852000225222,19.6048,3.09375,0.5882352941176471,0.7254901960784313,0.30303030303030304,0.8333333333333334,0.3838383838383838,2,0.8787878787878788,8.982035928143713,39.294117647058826,0.9138166894664843,11.976047904191617,2.0,22.15568862275449
21,M,185,100,17,111,93,40,33,61,37,27,90,37,23,31,33,39.0,29.218407596785973,2.266911751455907,33.0,67.0,9.642074506939371,19.576333089846603,1.1935483870967742,0.6,18.959437759310333,138.51038774950774,24.8688,2.775,0.5409836065573771,0.6065573770491803,0.2972972972972973,0.8181818181818182,0.3333333333333333,-18,0.8108108108108109,9.18918918918919,39.0,1.1818181818181819,11.39517896274653,1.8235294117647058,20.0
48,F,160,65,15,63,102,33,26,61,37,23,95,37,22,31,37,27.4,25.390624999999996,1.699673171197595,24.05,40.95,9.394531249999998,15.996093749999998,0.6176470588235294,0.39375,32.39880020893354,90.68122211894014,9.0027,1.9090909090909092,0.4262295081967213,0.6065573770491803,0.4126984126984127,0.8846153846153846,0.5873015873015873,39,1.507936507936508,9.375,42.15384615384615,1.1392931392931391,10.703124999999998,2.066666666666667,23.125
18,F,172,66,15,72,102,33,29,48,35,25,90,36,22,31,20,29.0,22.30935640886966,1.775762746915627,13.200000000000001,52.8,4.4618712817739326,17.847485127095727,0.7058823529411765,0.4186046511627907,27.217599342807198,106.63462700410771,10.998,2.1818181818181817,0.6041666666666666,0.7291666666666666,0.4027777777777778,0.8620689655172413,0.5,30,1.25,8.720930232558139,43.93939393939394,2.196969696969697,9.80259599783667,2.066666666666667,20.348837209302324
32,M,172,75,18,70,98,41,34,57,40,28,101,40,23,39,28,30.6,25.351541373715524,1.8929694486000912,21.000000000000004,54.0,7.098431584640348,18.25310978907518,0.7142857142857143,0.4069767441860465,25.44436015289319,97.25347625835332,10.348799999999999,1.7073170731707317,0.5964912280701754,0.7017543859649122,0.4857142857142857,0.8235294117647058,0.5714285714285714,28,1.4428571428571428,10.465116279069768,40.800000000000004,1.457142857142857,10.343428880475935,2.1666666666666665,23.25581395348837
34,F,151,56,15,91,102,35,30,55,34,25,102,36,20,26,31,24.2,24.560326301478007,1.5326085243430199,17.36,38.64,7.613701153458181,16.946625148019823,0.8921568627450981,0.6026490066225165,36.97114092361474,137.09112947104995,16.6467,2.6,0.5454545454545454,0.6181818181818182,0.32967032967032966,0.8333333333333334,0.3956043956043956,11,1.120879120879121,9.933774834437086,43.21428571428571,1.3940092165898617,10.613569580281567,1.7333333333333334,22.516556291390728
35,F,160,46,16,79,94,34,28,47,39,24,82,33,19,32,33,21.6,17.968749999999996,1.429840705968481,15.180000000000001,30.82,5.929687499999999,12.039062499999998,0.8404255319148937,0.49375,28.445953133723066,135.17042174492622,12.6395,2.323529411764706,0.5957446808510638,0.8297872340425532,0.35443037974683544,0.8571428571428571,0.4177215189873418,15,1.0379746835443038,10.0,46.95652173913044,1.4229249011857708,8.437499999999998,2.0,24.375
22,M,174,88,17,97,93,38,32,51,33,29,98,44,23,34,31,40.2,29.065926806711587,2.0623611064344027,27.28,60.72,9.010437310080592,20.055489496630994,1.043010752688172,0.5574712643678161,22.51903336370001,125.1349211785678,18.8292,2.5526315789473686,0.6274509803921569,0.6470588235294118,0.32989690721649484,0.90625,0.4536082474226804,-4,1.0103092783505154,9.770114942528735,45.68181818181819,1.4736070381231672,13.277843836702338,2.0,18.96551724137931
63,M,165,88,18,100,99,38,31,54,40,33,89,41,23,37,33,38.1,32.323232323232325,2.008316044185609,29.040000000000003,58.959999999999994,10.66666666666667,21.656565656565657,1.0101010101010102,0.6060606060606061,28.709936649691386,125.62443979476286,20.000700000000002,2.6315789473684212,0.5740740740740741,0.7407407407407407,0.31,1.064516129032258,0.41,-1,0.89,10.909090909090908,43.29545454545455,1.31198347107438,13.994490358126724,2.0555555555555554,24.242424242424242
49,M,160,49,16,102,95,35,35,56,34,28,104,43,24,33,19,21.0,19.140624999999996,1.4757295747452437,9.31,39.69,3.6367187499999996,15.503906249999996,1.0736842105263158,0.6375,28.940059018124373,169.0968919198819,20.842299999999998,2.914285714285714,0.625,0.6071428571428571,0.3431372549019608,0.8,0.4215686274509804,-7,1.0196078431372548,10.0,42.857142857142854,2.255639097744361,8.203124999999998,2.0625,21.25
24,M,188,97,17,93,98,36,32,53,39,29,98,41,22,35,31,42.7,27.44454504300589,2.250678909919306,30.07,66.93,8.507808963331826,18.936736079674063,0.9489795918367347,0.4946808510638298,20.01800310317465,118.78169220987162,17.3155,2.5833333333333335,0.6037735849056604,0.7358490566037735,0.34408602150537637,0.90625,0.44086021505376344,5,1.053763440860215,9.042553191489363,44.02061855670104,1.4200199534419689,12.081258488003623,2.0588235294117645,20.74468085106383
41,M,176,75,18,85,98,40,33,59,40,24,82,40,25,35,21,34.3,24.212293388429753,1.9148542155126762,15.75,59.25,5.084581611570248,19.127711776859506,0.8673469387755102,0.48295454545454547,23.97174967133641,119.45879509620364,14.568299999999999,2.125,0.559322033898305,0.6779661016949152,0.38823529411764707,0.7272727272727273,0.47058823529411764,13,0.9647058823529412,10.227272727272728,45.733333333333334,2.1777777777777776,11.073088842975206,1.9444444444444444,22.727272727272727
41,F,160,59,16,82,116,32,27,61,39,24,93,33,21,33,31,22.1,23.046874999999996,1.6193277068654826,18.29,40.71,7.144531249999998,15.902343749999996,0.7068965517241379,0.5125,39.316282590551864,123.88574588366001,14.257200000000001,2.5625,0.4426229508196721,0.639344262295082,0.32926829268292684,0.8888888888888888,0.4024390243902439,34,1.1341463414634145,10.0,37.45762711864407,1.208310552214325,8.632812499999998,2.0625,24.375
38,M,192,91,17,94,99,35,31,55,40,28,104,41,22,34,16,39.9,24.68532986111111,2.203028218914441,14.56,76.44,3.949652777777778,20.735677083333332,0.9494949494949495,0.4895833333333333,19.2120290688626,125.26544162392827,17.6895,2.6857142857142855,0.5636363636363636,0.7272727272727273,0.32978723404255317,0.9032258064516129,0.43617021276595747,5,1.1063829787234043,8.854166666666668,43.84615384615385,2.740384615384615,10.823567708333334,2.0,20.833333333333336
36,F,170,74,16,77,119,36,31,52,38,23,97,38,21,28,28,34.0,25.605536332179934,1.869343319041327,20.720000000000002,53.28,7.169550173010382,18.435986159169552,0.6470588235294118,0.45294117647058824,35.68754921931593,107.07123895327216,13.092799999999999,2.138888888888889,0.5961538461538461,0.7307692307692307,0.4025974025974026,0.7419354838709677,0.4935064935064935,42,1.2597402597402598,9.411764705882353,45.94594594594595,1.6409266409266408,11.764705882352942,1.75,22.35294117647059
33,M,172,81,17,94,98,38,32,53,38,29,108,40,24,36,24,32.3,27.379664683612766,1.9672315572906003,19.439999999999998,61.56,6.571119524067063,20.8085451595457,0.9591836734693877,0.5465116279069767,25.44436015289319,125.66752727510462,17.6832,2.473684210526316,0.6037735849056604,0.7169811320754716,0.3404255319148936,0.90625,0.425531914893617,4,1.148936170212766,9.883720930232558,39.876543209876544,1.661522633744856,10.918063818280151,2.1176470588235294,22.093023255813954
39,M,179,71,17,111,108,36,32,54,37,28,107,44,24,34,28,26.1,22.15910864205237,1.8789033444479728,19.880000000000003,51.12,6.204550419774665,15.954558222277706,1.0277777777777777,0.6201117318435754,27.096642467714567,161.69396916944694,24.6483,3.0833333333333335,0.5925925925925926,0.6851851851851852,0.2882882882882883,0.875,0.3963963963963964,-3,0.963963963963964,9.497206703910614,36.76056338028169,1.312877263581489,8.14581317686714,2.0,20.670391061452513
58,M,179,82,17,96,93,38,30,60,34,27,98,42,21,35,27,35.1,25.592209980961893,2.0192132681374253,22.14,59.86,6.909896694859711,18.682313286102183,1.032258064516129,0.5363128491620112,20.83321990275421,130.12607322076045,18.438299999999998,2.526315789473684,0.5,0.5666666666666667,0.3125,0.9,0.4375,-3,1.0208333333333333,9.497206703910614,42.80487804878049,1.5853658536585367,10.954714272338567,2.0588235294117645,18.994413407821227
35,M,172,82,19,89,97,34,26,62,37,26,96,40,22,36,19,35.3,27.717685235262305,1.9793377119071363,15.58,66.42,5.266360194699838,22.45132504056247,0.9175257731958762,0.5174418604651163,25.00105035541469,118.25535222179579,15.8868,2.6176470588235294,0.41935483870967744,0.5967741935483871,0.29213483146067415,1.0,0.449438202247191,8,1.0786516853932584,11.046511627906977,43.04878048780487,2.2657252888318355,11.932125473228773,1.894736842105263,21.511627906976745
65,M,175,73,17,78,105,39,33,55,39,32,105,39,22,38,21,29.7,23.836734693877553,1.8837757592428859,15.33,57.67,5.005714285714285,18.831020408163266,0.7428571428571429,0.44571428571428573,27.355736761107266,110.79641263361448,12.6783,2.0,0.6,0.7090909090909091,0.4230769230769231,0.9696969696969697,0.5,27,1.3461538461538463,9.714285714285714,40.68493150684932,1.9373776908023483,9.697959183673468,2.235294117647059,22.285714285714285
28,F,161,62,16,84,91,33,30,50,33,25,92,35,22,33,30,28.3,23.9188302920412,1.6651659910584824,18.599999999999998,43.400000000000006,7.175649087612359,16.743181204428844,0.9230769230769231,0.5217391304347826,26.545370787427423,124.18521152611353,14.1463,2.5454545454545454,0.6,0.66,0.35714285714285715,0.8333333333333334,0.4166666666666667,7,1.0952380952380953,9.937888198757763,45.645161290322584,1.5215053763440862,10.91778866556074,2.0625,20.496894409937887
41,F,165,74,17,84,114,33,30,54,36,27,105,40,21,30,38,29.2,27.180899908172638,1.841647812874836,28.12,45.879999999999995,10.328741965105603,16.852157943067034,0.7368421052631579,0.509090909090909,35.7871997784325,115.07444801499098,14.742,2.5454545454545454,0.5555555555555556,0.6666666666666666,0.35714285714285715,0.9,0.47619047619047616,30,1.25,10.303030303030303,39.45945945945945,1.038406827880512,10.725436179981635,1.7647058823529411,21.818181818181817
26,M,172,88,17,96,108,37,32,58,41,30,103,47,26,30,30,41.0,29.745808545159548,2.0504741998972933,26.4,61.6,8.923742563547863,20.822065981611683,0.8888888888888888,0.5581395348837209,29.87745812767821,123.13106121151387,18.532799999999998,2.5945945945945947,0.5517241379310345,0.7068965517241379,0.3333333333333333,0.9375,0.4895833333333333,12,1.0729166666666667,9.883720930232558,46.590909090909086,1.5530303030303032,13.858842617631153,1.7647058823529411,23.837209302325583
22,F,171,70,17,74,87,33,26,52,34,22,94,37,21,30,25,26.5,23.938989774631512,1.823458252881047,17.5,52.5,5.984747443657878,17.954242330973635,0.8505747126436781,0.4327485380116959,20.906761884481234,106.10949728429684,11.0703,2.242424242424242,0.5,0.6538461538461539,0.35135135135135137,0.8461538461538461,0.5,13,1.2702702702702702,9.941520467836257,37.857142857142854,1.5142857142857142,9.062617557539072,1.7647058823529411,19.883040935672515
65,F,154,59,17,61,107,32,32,50,40,23,84,35,22,32,30,27.2,24.87771968291449,1.5886751993056634,17.7,41.3,7.463315904874347,17.414403778040143,0.5700934579439252,0.3961038961038961,37.98899814981538,90.4144181225117,8.923200000000001,1.90625,0.64,0.8,0.5245901639344263,0.71875,0.5737704918032787,46,1.3770491803278688,11.03896103896104,46.101694915254235,1.536723163841808,11.469050430089391,1.8823529411764706,25.97402597402597
31,F,158,44,15,77,84,31,27,53,36,24,80,39,22,29,24,16.3,17.625380547989103,1.3896442390450554,10.559999999999999,33.44,4.230091331517384,13.395289216471717,0.9166666666666666,0.4873417721518987,24.29545055111476,133.86481201810167,11.892299999999999,2.4838709677419355,0.5094339622641509,0.6792452830188679,0.35064935064935066,0.8888888888888888,0.5064935064935064,7,1.0389610389610389,9.49367088607595,37.04545454545455,1.5435606060606064,6.52940233936869,1.9333333333333333,22.78481012658228
37,F,158,69,15,86,111,34,27,53,36,26,91,37,20,31,44,27.1,27.639801313892,1.7402107152104693,30.36,38.64,12.16151257811248,15.47828873577952,0.7747747747747747,0.5443037974683544,37.89041679968736,119.3921990491427,15.2295,2.5294117647058822,0.5094339622641509,0.6792452830188679,0.313953488372093,0.9629629629629629,0.43023255813953487,25,1.058139534883721,9.49367088607595,39.275362318840585,0.8926218708827405,10.855632110238743,2.066666666666667,22.78481012658228
47,M,178,57,18,107,99,37,33,55,36,29,101,37,26,29,18,23.5,17.99015275849009,1.6787892462525882,10.26,46.74,3.238227496528216,14.751925261961874,1.0808080808080809,0.601123595505618,23.68743663516308,173.47218672045094,22.9428,2.891891891891892,0.6,0.6545454545454545,0.308411214953271,0.8787878787878788,0.34579439252336447,-8,0.9439252336448598,10.112359550561797,41.228070175438596,2.2904483430799223,7.416992803938896,1.6111111111111112,20.224719101123593
54,F,173,60,17,82,94,33,30,50,35,22,97,33,21,29,25,24.9,20.04744562130375,1.6980380835933373,15.0,45.0,5.011861405325938,15.035584215977813,0.8723404255319149,0.47398843930635837,23.31033329442331,127.74231454555381,13.5488,2.484848484848485,0.6,0.7,0.36585365853658536,0.7333333333333333,0.4024390243902439,12,1.1829268292682926,9.826589595375722,41.5,1.66,8.319689932841056,1.7058823529411764,20.23121387283237
25,M,165,70,19,85,96,37,34,53,38,25,110,41,23,31,26,29.7,25.71166207529844,1.7911821050170564,18.2,51.8,6.6850321395775945,19.026629935720845,0.8854166666666666,0.5151515151515151,27.294484023943163,119.72514725539956,14.5347,2.2972972972972974,0.6415094339622641,0.7169811320754716,0.4,0.7352941176470589,0.4823529411764706,11,1.2941176470588236,11.515151515151516,42.42857142857142,1.6318681318681318,10.90909090909091,1.631578947368421,23.03030303030303
51,F,169,91,15,75,103,33,28,51,35,25,85,34,23,33,41,39.3,31.861629494765594,2.0668682697367156,37.309999999999995,53.690000000000005,13.063268092853892,18.798361401911702,0.7281553398058253,0.4437869822485207,28.882111970869367,93.76859778017159,11.7988,2.272727272727273,0.5490196078431373,0.6862745098039216,0.37333333333333335,0.8928571428571429,0.4533333333333333,28,1.1333333333333333,8.875739644970414,43.18681318681318,1.0533369069954437,13.760022408178987,2.2,20.710059171597635
27,M,187,90,17,79,98,39,32,49,37,28,106,43,25,36,25,38.4,25.737081414967538,2.1621748310439655,22.5,67.5,6.434270353741884,19.302811061225654,0.8061224489795918,0.42245989304812837,20.323367681528765,104.47205605655857,12.7347,2.0256410256410255,0.6530612244897959,0.7551020408163265,0.4050632911392405,0.875,0.5443037974683544,19,1.3417721518987342,9.090909090909092,42.666666666666664,1.7066666666666666,10.981154737052815,2.1176470588235294,19.786096256684495
20,M,194,104,19,95,104,38,34,55,39,31,87,36,22,34,19,46.2,27.63311722818578,2.367370787275294,19.76,84.24,5.250292273355298,22.382824954830483,0.9134615384615384,0.4896907216494845,20.488478606311737,119.0368162267923,18.1067,2.5,0.6181818181818182,0.7090909090909091,0.35789473684210527,0.9117647058823529,0.37894736842105264,9,0.9157894736842105,9.793814432989691,44.42307692307693,2.338056680161943,12.275480922520991,1.7894736842105263,20.103092783505154
18,F,156,58,15,59,98,33,28,53,36,24,93,39,21,33,31,25.1,23.83300460223537,1.5853495934125486,17.98,40.019999999999996,7.388231426692965,16.4447731755424,0.6020408163265306,0.3782051282051282,32.29666369518762,88.77155268396746,8.0267,1.7878787878787878,0.5283018867924528,0.6792452830188679,0.4745762711864407,0.8571428571428571,0.6610169491525424,39,1.576271186440678,9.615384615384617,43.27586206896552,1.395995550611791,10.313938198553583,2.2,23.076923076923077
21,F,165,72,16,87,90,34,26,49,35,22,101,36,23,28,40,35.0,26.44628099173554,1.816590212458495,28.8,43.2,10.578512396694217,15.867768595041325,0.9666666666666667,0.5272727272727272,24.46357877244671,120.82824807636779,15.1443,2.5588235294117645,0.5306122448979592,0.7142857142857143,0.2988505747126437,0.8461538461538461,0.41379310344827586,3,1.160919540229885,9.696969696969697,48.61111111111111,1.2152777777777777,12.85583103764922,1.75,21.21212121212121
35,F,154,69,16,95,101,36,31,53,31,23,93,34,20,31,43,30.6,29.094282341035587,1.7180415206468866,29.669999999999998,39.33,12.510541406645302,16.583740934390285,0.9405940594059405,0.6168831168831169,34.84942816010611,130.20657715313462,18.075200000000002,2.638888888888889,0.5849056603773585,0.5849056603773585,0.3263157894736842,0.7419354838709677,0.35789473684210527,6,0.9789473684210527,10.38961038961039,44.34782608695652,1.0313447927199193,12.902681733850565,1.9375,20.12987012987013
58,M,187,101,18,91,103,39,31,55,39,29,111,45,21,33,26,39.7,28.882724699019125,2.290499702879022,26.26,74.74,7.5095084217449735,21.373216277274153,0.883495145631068,0.48663101604278075,22.27864154283126,113.59913141719922,16.6628,2.3333333333333335,0.5636363636363636,0.7090909090909091,0.34065934065934067,0.9354838709677419,0.4945054945054945,12,1.2197802197802199,9.62566844919786,39.30693069306931,1.5118050266565117,11.35291257971346,1.8333333333333333,20.855614973262032
57,M,170,82,17,94,97,39,33,57,40,29,110,40,21,34,34,32.3,28.373702422145332,1.9677962857527256,27.880000000000003,54.12,9.647058823529413,18.72664359861592,0.9690721649484536,0.5529411764705883,25.762119951879377,124.1706315914676,17.6783,2.41025641025641,0.5789473684210527,0.7017543859649122,0.35106382978723405,0.8787878787878788,0.425531914893617,3,1.1702127659574468,10.0,39.39024390243902,1.1585365853658534,11.176470588235293,2.0,23.52941176470588
18,F,169,58,15,56,113,31,28,55,35,25,87,36,23,31,24,21.2,20.307412205454995,1.6500841729371802,13.92,44.08,4.873778929309198,15.433633276145795,0.49557522123893805,0.33136094674556216,33.43377332726445,87.69824139621838,8.546299999999999,1.8064516129032258,0.509090909090909,0.6363636363636364,0.5,0.8928571428571429,0.6428571428571429,57,1.5535714285714286,8.875739644970414,36.55172413793103,1.5229885057471264,7.422709288890446,2.066666666666667,20.710059171597635
54,F,150,45,15,78,112,34,29,50,38,24,84,37,21,29,28,19.1,20.0,1.3693063937629153,12.600000000000001,32.4,5.6000000000000005,14.399999999999999,0.6964285714285714,0.52,42.965078042603544,130.64941738655338,12.9772,2.2941176470588234,0.58,0.76,0.3717948717948718,0.8275862068965517,0.47435897435897434,34,1.0769230769230769,10.0,42.44444444444444,1.5158730158730158,8.488888888888889,1.9333333333333333,25.333333333333336
60,M,167,58,18,79,78,37,30,54,38,28,88,46,23,35,22,23.9,20.796729893506402,1.6402913020422791,12.76,45.24,4.575280576571408,16.221449316934994,1.0128205128205128,0.47305389221556887,18.142641998600403,122.98292900475171,12.482700000000001,2.135135135135135,0.5555555555555556,0.7037037037037037,0.379746835443038,0.9333333333333333,0.5822784810126582,-1,1.1139240506329113,10.778443113772456,41.206896551724135,1.873040752351097,8.569686973358671,1.9444444444444444,22.75449101796407
34,M,157,71,17,101,92,40,34,55,39,27,102,42,23,30,27,29.1,28.804413972169254,1.7596559007058423,19.17,51.83,7.7771917724857,21.027222199683557,1.0978260869565217,0.643312101910828,28.766874758612246,137.78931074140593,20.4587,2.525,0.6181818181818182,0.7090909090909091,0.33663366336633666,0.7941176470588235,0.4158415841584158,-9,1.00990099009901,10.828025477707007,40.985915492957744,1.517996870109546,11.805752768875005,1.7647058823529411,24.840764331210192
31,M,173,76,19,102,97,37,28,49,34,25,116,40,25,35,23,28.5,25.393431120318084,1.9110788110965549,17.48,58.519999999999996,5.84048915767316,19.552941962644923,1.0515463917525774,0.5895953757225434,24.628748186798518,141.18544572562672,20.8255,2.7567567567567566,0.5714285714285714,0.6938775510204082,0.27450980392156865,0.8928571428571429,0.39215686274509803,-5,1.1372549019607843,10.982658959537572,37.5,1.6304347826086956,9.522536670119282,1.8421052631578947,19.653179190751445
56,F,167,70,14,90,103,31,29,54,38,25,97,36,21,28,25,26.8,25.099501595611173,1.8020050561034013,17.5,52.5,6.274875398902793,18.82462619670838,0.8737864077669902,0.5389221556886228,29.726822126356943,127.5337785446706,16.3183,2.903225806451613,0.5370370370370371,0.7037037037037037,0.32222222222222224,0.8620689655172413,0.4,13,1.0777777777777777,8.383233532934131,38.285714285714285,1.5314285714285714,9.609523468033993,2.0,22.75449101796407
48,F,145,47,17,93,89,34,24,53,40,23,82,40,22,27,25,18.0,22.35434007134364,1.3758835545043613,11.75,35.25,5.58858501783591,16.76575505350773,1.0449438202247192,0.6413793103448275,32.97274280677833,149.86199949510709,17.3092,2.735294117647059,0.4528301886792453,0.7547169811320755,0.25806451612903225,0.9583333333333334,0.43010752688172044,-4,0.8817204301075269,11.724137931034482,38.297872340425535,1.5319148936170213,8.561236623067776,1.588235294117647,27.586206896551722
57,F,160,56,15,79,100,33,31,52,34,25,93,39,21,28,29,26.5,21.874999999999996,1.577621275493231,16.24,39.760000000000005,6.343749999999998,15.531249999999998,0.79,0.49375,31.410588440130923,122.50859839184002,12.790700000000001,2.393939393939394,0.5961538461538461,0.6538461538461539,0.3924050632911392,0.8064516129032258,0.4936708860759494,21,1.1772151898734178,9.375,47.32142857142857,1.6317733990147785,10.351562499999998,1.8666666666666667,21.25
64,F,154,46,15,70,107,33,26,53,36,24,104,41,19,27,26,21.1,19.396188227357058,1.4027750275000541,11.96,34.04,5.043008939112836,14.353179288244224,0.6542056074766355,0.45454545454545453,37.98899814981538,117.50409085560887,10.758299999999998,2.121212121212121,0.49056603773584906,0.6792452830188679,0.37142857142857144,0.9230769230769231,0.5857142857142857,37,1.4857142857142858,9.740259740259742,45.869565217391305,1.7642140468227425,8.89694720863552,1.8,23.376623376623375
22,F,170,66,16,81,91,33,29,53,36,26,73,35,22,33,30,27.4,22.837370242214536,1.7654083569153813,19.8,46.2,6.851211072664361,15.986159169550175,0.8901098901098901,0.4764705882352941,23.05518469712395,119.26445113440023,13.192,2.4545454545454546,0.5471698113207547,0.6792452830188679,0.35802469135802467,0.896551724137931,0.43209876543209874,10,0.9012345679012346,9.411764705882353,41.51515151515151,1.3838383838383836,9.480968858131488,2.0625,21.176470588235293
52,M,179,85,17,86,96,38,27,58,37,28,107,42,24,33,23,34.0,26.528510346119035,2.0558183015259126,19.55,65.45,6.101557379607378,20.426952966511656,0.8958333333333334,0.48044692737430167,22.085904415746285,114.49565500133524,14.862,2.263157894736842,0.46551724137931033,0.6379310344827587,0.313953488372093,1.037037037037037,0.4883720930232558,10,1.244186046511628,9.497206703910614,40.0,1.7391304347826086,10.611404138447615,1.9411764705882353,20.670391061452513
63,F,157,41,16,55,101,32,30,57,34,22,86,34,22,32,14,17.5,16.633534828999146,1.3371819455689475,5.74,35.26,2.3286948760598807,14.304839952939266,0.5445544554455446,0.3503184713375796,33.34189511543301,98.7402197444065,7.5312,1.71875,0.5263157894736842,0.5964912280701754,0.5454545454545454,0.7333333333333333,0.6181818181818182,46,1.5636363636363637,10.191082802547772,42.68292682926829,3.048780487804878,7.099679500182563,2.0,21.656050955414013
38,M,183,80,17,86,95,40,34,58,38,32,95,42,25,33,14,29.0,23.888440980620498,2.016597794967223,11.200000000000001,68.8,3.34438173728687,20.544059243333628,0.9052631578947369,0.46994535519125685,20.374874721685472,119.3307869498953,14.848700000000001,2.15,0.5862068965517241,0.6551724137931034,0.3953488372093023,0.9411764705882353,0.4883720930232558,9,1.1046511627906976,9.289617486338798,36.25,2.589285714285714,8.659559855474932,1.9411764705882353,20.76502732240437
51,F,162,61,15,74,89,32,28,52,37,22,93,35,21,30,29,26.0,23.243408017070564,1.6568041525780892,17.689999999999998,43.31,6.740588324950463,16.502819692120102,0.8314606741573034,0.4567901234567901,25.16358266502244,110.63634287030706,11.1095,2.3125,0.5384615384615384,0.7115384615384616,0.3783783783783784,0.7857142857142857,0.47297297297297297,15,1.2567567567567568,9.25925925925926,42.62295081967213,1.4697569248162805,9.907026367931715,2.0,22.839506172839506
24,M,168,77,18,108,91,38,34,55,36,32,98,46,22,34,26,33.8,27.281746031746035,1.8956089610817242,20.02,56.980000000000004,7.093253968253969,20.188492063492067,1.1868131868131868,0.6428571428571429,23.79049061473323,146.35465349469285,23.5303,2.8421052631578947,0.6181818181818182,0.6545454545454545,0.3148148148148148,0.9411764705882353,0.42592592592592593,-17,0.9074074074074074,10.714285714285714,43.896103896103895,1.6883116883116882,11.97562358276644,1.8888888888888888,21.428571428571427
42,M,175,85,18,112,88,38,34,61,38,27,89,42,24,37,31,35.4,27.755102040816325,2.032718486275078,26.35,58.65,8.604081632653061,19.151020408163266,1.2727272727272727,0.64,20.012426999785134,147.43516705632513,25.4912,2.9473684210526314,0.5573770491803278,0.6229508196721312,0.30357142857142855,0.7941176470588235,0.375,-24,0.7946428571428571,10.285714285714285,41.647058823529406,1.3434535104364325,11.559183673469388,2.0555555555555554,21.714285714285715
31,F,163,77,15,79,91,33,29,49,37,26,107,36,22,32,40,32.5,28.981143437841094,1.8671874273593663,30.8,46.2,11.592457375136439,17.388686062704657,0.8681318681318682,0.48466257668711654,25.728037391965728,105.45059461078752,12.582799999999999,2.393939393939394,0.5918367346938775,0.7551020408163265,0.3670886075949367,0.896551724137931,0.45569620253164556,12,1.3544303797468353,9.202453987730062,42.2077922077922,1.0551948051948052,12.232300801686176,2.1333333333333333,22.699386503067483
44,M,179,91,18,99,100,38,31,56,35,30,92,42,22,35,29,39.0,28.40111107643332,2.127139445880834,26.389999999999997,64.61,8.236322212165662,20.164788864267656,0.99,0.553072625698324,23.756150433069045,127.38389261550716,19.602700000000002,2.6052631578947367,0.5535714285714286,0.625,0.31313131313131315,0.967741935483871,0.42424242424242425,1,0.9292929292929293,10.05586592178771,42.857142857142854,1.4778325123152711,12.171904747042852,1.9444444444444444,19.553072625698324
60,M,172,44,17,101,95,38,34,55,39,27,84,44,25,37,8,17.4,14.872904272579774,1.4499042113954363,3.52,40.48,1.1898323418063819,13.68307193077339,1.063157894736842,0.5872093023255814,24.114430760457687,183.20307591860603,20.4272,2.6578947368421053,0.6181818181818182,0.7090909090909091,0.33663366336633666,0.7941176470588235,0.43564356435643564,-6,0.8316831683168316,9.883720930232558,39.54545454545455,4.9431818181818175,5.881557598702001,2.176470588235294,22.674418604651162
25,M,166,61,17,92,99,41,36,51,41,28,100,41,24,32,22,26.1,22.136739730004358,1.677133798412571,13.42,47.58,4.870082740600958,17.266656989403398,0.9292929292929293,0.5542168674698795,28.288495207787328,139.23565298898166,16.9623,2.2439024390243905,0.7058823529411765,0.803921568627451,0.391304347826087,0.7777777777777778,0.44565217391304346,7,1.0869565217391304,10.240963855421686,42.786885245901644,1.9448584202682564,9.471621425460881,1.8823529411764706,24.69879518072289
34,F,165,68,15,88,101,32,25,52,36,25,87,37,22,35,40,30.4,24.977043158861342,1.7654083569153813,27.200000000000003,40.8,9.990817263544539,14.986225895316805,0.8712871287128713,0.5333333333333333,29.653571733523535,125.76033627243947,15.6063,2.75,0.4807692307692308,0.6923076923076923,0.2840909090909091,1.0,0.42045454545454547,13,0.9886363636363636,9.090909090909092,44.705882352941174,1.1176470588235292,11.166207529843895,2.3333333333333335,21.818181818181817
31,F,153,49,15,83,107,35,28,53,35,21,73,37,22,31,21,21.5,20.932120124738347,1.4430869689661812,10.29,38.71,4.395745226195053,16.536374898543297,0.7757009345794392,0.5424836601307189,38.53880583635648,134.55482316891184,14.1812,2.3714285714285714,0.5283018867924528,0.660377358490566,0.3373493975903614,0.75,0.4457831325301205,24,0.8795180722891566,9.803921568627452,43.87755102040816,2.089407191448008,9.184501687385193,2.066666666666667,22.875816993464053
57,F,159,64,16,77,90,31,26,56,32,23,90,40,23,32,22,27.3,25.315454293738377,1.6812693617224654,14.08,49.92,5.569399944622443,19.746054349115937,0.8555555555555555,0.48427672955974843,26.889712399140222,111.34553399022063,11.976299999999998,2.4838709677419355,0.4642857142857143,0.5714285714285714,0.33766233766233766,0.8846153846153846,0.5194805194805194,13,1.1688311688311688,10.062893081761008,42.65625,1.9389204545454546,10.798623472172777,2.0,20.125786163522015
36,M,176,109,19,97,89,37,37,43,37,29,102,41,22,34,39,43.4,35.18853305785124,2.308438625757438,42.51,66.49000000000001,13.723527892561982,21.46500516528926,1.0898876404494382,0.5511363636363636,20.117201232132047,113.08065652645645,18.8628,2.6216216216216215,0.8604651162790697,0.8604651162790697,0.38144329896907214,0.7837837837837838,0.422680412371134,-8,1.0515463917525774,10.795454545454545,39.81651376146789,1.0209362502940484,14.010847107438016,1.7894736842105263,21.022727272727273
33,F,160,73,16,72,94,33,29,53,32,23,99,37,21,27,37,30.6,28.515624999999993,1.8012341448141729,27.009999999999998,45.99,10.550781249999996,17.964843749999996,0.7659574468085106,0.45,28.445953133723066,97.79227731050932,10.7068,2.1818181818181817,0.5471698113207547,0.6037735849056604,0.4027777777777778,0.7931034482758621,0.5138888888888888,22,1.375,10.0,41.917808219178085,1.1329137356534618,11.953124999999998,1.6875,20.0
63,F,158,68,16,73,98,31,27,54,34,23,87,37,22,31,32,29.3,27.239224483255885,1.7275544693133251,21.76,46.239999999999995,8.716551834641884,18.522672648613998,0.7448979591836735,0.4620253164556962,31.344692309633885,102.0870018293627,11.0955,2.3548387096774195,0.5,0.6296296296296297,0.3698630136986301,0.8518518518518519,0.5068493150684932,25,1.1917808219178083,10.126582278481013,43.08823529411765,1.3465073529411764,11.736901137638197,1.9375,21.518987341772153
39,M,171,78,19,93,84,38,33,57,38,30,97,42,24,37,30,30.3,26.674874320303687,1.9248376554920157,23.4,54.6,8.002462296091105,18.67241202421258,1.1071428571428572,0.543859649122807,19.565149405706016,126.3302060414661,17.3547,2.4473684210526314,0.5789473684210527,0.6666666666666666,0.3548387096774194,0.9090909090909091,0.45161290322580644,-9,1.043010752688172,11.11111111111111,38.84615384615385,1.294871794871795,10.362162716733355,1.9473684210526316,22.22222222222222
41,F,164,81,15,55,102,33,30,51,35,25,95,32,22,30,24,35.9,30.116002379535995,1.9209372712298547,19.439999999999998,61.56,7.227840571088638,22.888161808447357,0.5392156862745098,0.3353658536585366,30.566230831212863,71.79853884990962,7.5963,1.6666666666666667,0.5882352941176471,0.6862745098039216,0.5454545454545454,0.8333333333333334,0.5818181818181818,47,1.7272727272727273,9.146341463414634,44.32098765432099,1.8467078189300412,13.347709696609163,2.0,21.341463414634145
41,F,164,58,14,80,95,30,28,59,35,23,87,37,22,30,30,26.0,21.564544913741823,1.6254913786982146,17.4,40.6,6.469363474122547,15.095181439619278,0.8421052631578947,0.4878048780487805,27.233254205541392,123.41598572843134,12.9575,2.6666666666666665,0.4745762711864407,0.5932203389830508,0.35,0.8214285714285714,0.4625,15,1.0875,8.536585365853659,44.827586206896555,1.4942528735632186,9.666864961332541,2.142857142857143,21.341463414634145
34,M,180,87,19,85,100,39,34,62,41,26,94,42,22,34,29,42.4,26.85185185185185,2.085665361461421,25.229999999999997,61.77,7.787037037037035,19.064814814814813,0.85,0.4722222222222222,23.408666249996102,112.16802007226877,14.6075,2.1794871794871793,0.5483870967741935,0.6612903225806451,0.4,0.7647058823529411,0.49411764705882355,15,1.1058823529411765,10.555555555555555,48.735632183908045,1.6805390408244156,13.08641975308642,1.7894736842105263,22.77777777777778
20,F,157,40,16,85,91,32,29,54,34,26,81,37,22,27,14,17.3,16.227838857560144,1.32077418374393,5.6000000000000005,34.4,2.2718974400584204,13.955941417501723,0.9340659340659341,0.5414012738853503,28.258539163409942,154.49422791500098,14.475200000000001,2.65625,0.5370370370370371,0.6296296296296297,0.3411764705882353,0.896551724137931,0.43529411764705883,6,0.9529411764705882,10.191082802547772,43.25,3.089285714285714,7.018540305894763,1.6875,21.656050955414013
30,F,154,40,15,55,102,33,27,57,39,26,88,35,22,29,21,18.1,16.866250632484398,1.3080944580232388,8.4,31.6,3.541912632821724,13.324337999662676,0.5392156862745098,0.35714285714285715,35.372689825057655,99.0071493457956,7.5963,1.6666666666666667,0.47368421052631576,0.6842105263157895,0.4909090909090909,0.9629629629629629,0.6363636363636364,47,1.6,9.740259740259742,45.25,2.1547619047619047,7.631978411199191,1.9333333333333333,25.324675324675322
59,F,155,40,16,69,101,33,31,51,30,25,95,34,25,29,23,17.0,16.649323621227886,1.3123346456686351,9.200000000000001,30.799999999999997,3.829344432882414,12.81997918834547,0.6831683168316832,0.44516129032258067,34.338807883324115,124.61159250156305,10.2388,2.090909090909091,0.6078431372549019,0.5882352941176471,0.4492753623188406,0.8064516129032258,0.4927536231884058,32,1.3768115942028984,10.32258064516129,42.5,1.8478260869565215,7.075962539021852,1.8125,19.35483870967742
40,M,175,93,17,96,104,37,29,64,38,30,104,38,24,37,35,35.1,30.367346938775512,2.1262251370288454,32.55,60.45,10.628571428571428,19.738775510204082,0.9230769230769231,0.5485714285714286,26.923777363382435,120.81539695458369,18.4768,2.5945945945945947,0.453125,0.59375,0.3020833333333333,1.0344827586206897,0.3958333333333333,8,1.0833333333333333,9.714285714285714,37.74193548387097,1.078341013824885,11.461224489795919,2.176470588235294,21.714285714285715
23,F,157,40,16,97,101,32,28,54,32,28,88,36,20,31,25,18.3,16.227838857560144,1.32077418374393,10.0,30.0,4.056959714390036,12.170879143170108,0.9603960396039604,0.6178343949044586,33.34189511543301,176.30517773829524,18.8292,3.03125,0.5185185185185185,0.5925925925925926,0.28865979381443296,1.0,0.3711340206185567,4,0.9072164948453608,10.191082802547772,45.75,1.83,7.424236277333766,1.9375,20.382165605095544
24,M,187,84,17,83,105,38,30,62,39,30,92,37,23,34,18,32.2,24.021275987303035,2.0888593378524396,15.12,68.88,4.323829677714547,19.69744630958849,0.7904761904761904,0.44385026737967914,23.06075108735225,113.61423659354686,14.1168,2.1842105263157894,0.4838709677419355,0.6290322580645161,0.3614457831325301,1.0,0.4457831325301205,22,1.108433734939759,9.090909090909092,38.333333333333336,2.1296296296296298,9.208155795132832,2.0,20.855614973262032
57,M,168,74,17,97,114,42,33,61,41,29,111,42,24,36,28,31.6,26.218820861678008,1.8583146486355138,20.720000000000002,53.28,7.341269841269844,18.877551020408166,0.8508771929824561,0.5773809523809523,34.3529223085669,134.08617970566192,19.0203,2.3095238095238093,0.5409836065573771,0.6721311475409836,0.3402061855670103,0.8787878787878788,0.4329896907216495,17,1.1443298969072164,10.119047619047619,42.7027027027027,1.525096525096525,11.196145124716555,2.1176470588235294,24.404761904761905
32,M,183,92,18,88,108,41,31,56,38,29,113,39,25,31,38,41.5,27.471707127713575,2.1625602111078126,34.96,57.04,10.439248708531158,17.032458419182415,0.8148148148148148,0.4808743169398907,25.62617336781085,113.86435894145643,15.768,2.1463414634146343,0.5535714285714286,0.6785714285714286,0.3522727272727273,0.9354838709677419,0.4431818181818182,20,1.2840909090909092,9.836065573770492,45.108695652173914,1.187070938215103,12.392128758696884,1.7222222222222223,20.76502732240437
24,F,160,54,15,72,92,31,31,52,37,23,95,40,22,29,25,21.8,21.093749999999996,1.5491933384829668,13.5,40.5,5.273437499999999,15.820312499999996,0.782608695652174,0.45,27.457741364920444,113.70226337489665,10.648,2.3225806451612905,0.5961538461538461,0.7115384615384616,0.4305555555555556,0.7419354838709677,0.5555555555555556,20,1.3194444444444444,9.375,40.370370370370374,1.614814814814815,8.515624999999998,1.9333333333333333,23.125
49,M,185,102,20,102,102,41,34,52,37,27,101,41,27,32,32,39.5,29.802775748721693,2.2894686428659963,32.64,69.36,9.536888239590942,20.26588750913075,1.0,0.5513513513513514,22.536157542469397,126.02579685500898,20.808,2.4878048780487805,0.6538461538461539,0.7115384615384616,0.3333333333333333,0.7941176470588235,0.4019607843137255,0,0.9901960784313726,10.81081081081081,38.72549019607843,1.210171568627451,11.54127100073046,1.6,20.0
58,F,162,59,16,90,119,31,27,52,33,23,77,36,23,29,29,24.8,22.481329065691202,1.6294170736800322,17.11,41.89,6.519585429050448,15.961743636640753,0.7563025210084033,0.5555555555555556,39.713104911659215,136.81934688030125,16.788700000000002,2.903225806451613,0.5192307692307693,0.6346153846153846,0.3,0.8518518518518519,0.4,29,0.8555555555555555,9.876543209876543,42.03389830508475,1.4494447691408534,9.449778997104099,1.8125,20.37037037037037
60,F,165,65,16,80,105,33,30,49,38,22,85,41,21,30,30,25.0,23.875114784205696,1.7260262647673315,19.5,45.5,7.162534435261708,16.712580348943987,0.7619047619047619,0.48484848484848486,31.540841901187832,116.93614778945928,13.2375,2.4242424242424243,0.6122448979591837,0.7755102040816326,0.375,0.7333333333333333,0.5125,25,1.0625,9.696969696969697,38.46153846153847,1.2820512820512822,9.18273645546373,1.875,23.03030303030303
44,F,160,66,16,90,102,34,32,62,37,24,94,32,23,33,40,30.3,25.781249999999996,1.7126976771553504,26.400000000000002,39.599999999999994,10.312499999999998,15.468749999999995,0.8823529411764706,0.5625,32.39880020893354,128.55945866887535,16.3008,2.6470588235294117,0.5161290322580645,0.5967741935483871,0.35555555555555557,0.75,0.35555555555555557,12,1.0444444444444445,10.0,45.909090909090914,1.1477272727272727,11.835937499999998,2.0625,23.125
43,F,168,74,15,91,101,35,29,47,36,24,83,37,22,28,33,31.9,26.218820861678008,1.8583146486355138,24.42,49.58,8.652210884353744,17.566609977324266,0.900990099009901,0.5416666666666666,28.382852220747864,125.79218920840448,16.632,2.6,0.6170212765957447,0.7659574468085106,0.31868131868131866,0.8275862068965517,0.4065934065934066,10,0.9120879120879121,8.928571428571429,43.108108108108105,1.306306306306306,11.302437641723357,1.8666666666666667,21.428571428571427
59,M,181,86,18,115,85,40,32,54,40,28,108,39,23,33,35,38.5,26.25072494734593,2.0793962799064754,30.099999999999998,55.900000000000006,9.187753731571075,17.062971215774855,1.3529411764705883,0.6353591160220995,16.906078691165263,153.05989258965948,27.08,2.875,0.5925925925925926,0.7407407407407407,0.2782608695652174,0.875,0.3391304347826087,-30,0.9391304347826087,9.94475138121547,44.76744186046512,1.2790697674418605,11.751778028753701,1.8333333333333333,22.099447513812155
30,M,183,82,17,94,98,37,31,53,44,29,97,45,22,32,27,34.5,24.48565200513601,2.0416496597931126,22.14,59.86,6.611126041386723,17.87452596374929,0.9591836734693877,0.5136612021857924,21.58671287079133,128.83088030021432,17.6832,2.5405405405405403,0.5849056603773585,0.8301886792452831,0.32978723404255317,0.9354838709677419,0.4787234042553192,4,1.0319148936170213,9.289617486338798,42.073170731707314,1.5582655826558265,10.301890172892591,1.8823529411764706,24.043715846994534
22,M,173,79,20,83,111,40,27,62,37,29,93,38,26,33,26,29.5,26.395803401383272,1.948432418352992,20.54,58.46,6.86290888435965,19.53289451702362,0.7477477477477478,0.4797687861271676,30.78135101788284,112.68370042269076,14.326799999999999,2.075,0.43548387096774194,0.5967741935483871,0.3253012048192771,1.0740740740740742,0.4578313253012048,28,1.1204819277108433,11.560693641618498,37.34177215189873,1.436222005842259,9.856660763807678,1.65,21.38728323699422
18,F,169,78,14,88,84,33,28,55,30,24,83,36,24,27,27,31.9,27.309968138370508,1.9135481877043667,21.060000000000002,56.94,7.373691397360038,19.93627674101047,1.0476190476190477,0.5207100591715976,20.23395539371871,118.83714927168967,15.4992,2.6666666666666665,0.509090909090909,0.5454545454545454,0.3181818181818182,0.8571428571428571,0.4090909090909091,-4,0.9431818181818182,8.284023668639055,40.8974358974359,1.5147198480531812,11.169076713000246,1.9285714285714286,17.75147928994083
47,M,189,100,19,110,97,41,31,57,40,27,97,46,26,36,27,43.0,27.994736989445986,2.29128784747792,27.0,73.0,7.558578987150416,20.43615800229557,1.134020618556701,0.582010582010582,19.331808382524272,138.73853021425938,24.3183,2.682926829268293,0.543859649122807,0.7017543859649122,0.2818181818181818,0.8709677419354839,0.41818181818181815,-13,0.8818181818181818,10.052910052910052,43.0,1.5925925925925926,12.037736905461774,1.894736842105263,21.164021164021165
60,F,168,57,17,78,115,35,32,58,32,22,91,38,21,29,27,21.1,20.19557823129252,1.6309506430300091,15.39,41.61,5.4528061224489806,14.742772108843539,0.6782608695652174,0.4642857142857143,34.81215846916837,122.85287315918947,13.126299999999999,2.2285714285714286,0.5517241379310345,0.5517241379310345,0.41025641025641024,0.6875,0.48717948717948717,37,1.1666666666666667,10.119047619047619,37.01754385964912,1.3710201429499675,7.47590702947846,1.7058823529411764,19.047619047619047
52,F,166,80,16,89,88,33,28,47,37,22,81,35,24,31,45,35.3,29.03178980984178,1.920648038785058,36.0,44.0,13.0643054144288,15.967484395412978,1.0113636363636365,0.536144578313253,23.145329073588734,117.61766659532348,15.8427,2.696969696969697,0.5957446808510638,0.7872340425531915,0.3146067415730337,0.7857142857142857,0.39325842696629215,-1,0.9101123595505618,9.63855421686747,44.125,0.9805555555555555,12.810277253592684,1.9375,22.289156626506024
35,M,178,70,17,69,95,40,33,57,43,27,95,41,25,35,27,28.9,22.093170054286073,1.8604061683167767,18.900000000000002,51.099999999999994,5.965155914657241,16.12801413962883,0.7263157894736842,0.38764044943820225,22.003095761015075,100.94471214720126,9.9952,1.725,0.5789473684210527,0.7543859649122807,0.4782608695652174,0.8181818181818182,0.5942028985507246,26,1.3768115942028984,9.550561797752808,41.28571428571428,1.5291005291005288,9.121323065269536,2.0588235294117645,24.15730337078652
22,M,167,71,19,69,101,39,32,53,42,29,109,42,24,36,16,31.1,25.458065904119906,1.814830876724085,11.36,59.64,4.0732905446591845,21.38477535946072,0.6831683168316832,0.41317365269461076,28.800087716136417,97.08489248788877,10.2388,1.7692307692307692,0.6037735849056604,0.7924528301886793,0.463768115942029,0.90625,0.6086956521739131,32,1.5797101449275361,11.377245508982035,43.802816901408455,2.7376760563380285,11.151349994621537,1.894736842105263,25.149700598802394
23,M,176,84,18,98,91,37,28,62,38,30,98,43,23,39,24,40.6,27.117768595041323,2.0264912204760885,20.16,63.84,6.508264462809918,20.609504132231407,1.0769230769230769,0.5568181818181818,20.973767551955234,130.14163801222585,19.2423,2.6486486486486487,0.45161290322580644,0.6129032258064516,0.2857142857142857,1.0714285714285714,0.4387755102040816,-7,1.0,10.227272727272728,48.333333333333336,2.013888888888889,13.106921487603307,2.1666666666666665,21.59090909090909
48,F,156,80,15,95,78,34,24,52,32,25,84,35,22,28,45,34.4,32.87310979618672,1.8618986725025255,36.0,44.0,14.792899408284022,18.080210387902692,1.2179487179487178,0.6089743589743589,22.03203845127178,121.706679280555,18.252299999999998,2.7941176470588234,0.46153846153846156,0.6153846153846154,0.25263157894736843,1.0416666666666667,0.3684210526315789,-17,0.8842105263157894,9.615384615384617,43.0,0.9555555555555555,14.135437212360287,1.8666666666666667,20.51282051282051
46,M,178,89,17,80,95,39,33,54,38,27,101,43,22,35,27,35.7,28.089887640449437,2.097750117520091,24.03,64.97,7.584269662921349,20.50561797752809,0.8421052631578947,0.449438202247191,22.003095761015075,103.79549081637396,12.9575,2.051282051282051,0.6111111111111112,0.7037037037037037,0.4125,0.8181818181818182,0.5375,15,1.2625,9.550561797752808,40.1123595505618,1.4856429463171037,11.2675167276859,2.0588235294117645,21.34831460674157
39,F,165,65,15,76,99,31,27,50,32,26,97,37,23,33,32,27.0,23.875114784205696,1.7260262647673315,20.8,44.2,7.640036730945823,16.235078053259873,0.7676767676767676,0.46060606060606063,28.709936649691386,111.08934039998633,11.9223,2.4516129032258065,0.54,0.64,0.35526315789473684,0.9629629629629629,0.4868421052631579,23,1.2763157894736843,9.090909090909092,41.53846153846154,1.2980769230769231,9.917355371900827,2.2,19.393939393939394
59,M,192,114,18,87,100,42,31,55,39,28,120,41,22,40,26,53.2,30.924479166666668,2.4657656011875906,29.64,84.36,8.040364583333334,22.884114583333332,0.87,0.453125,19.58790815036626,103.58358633670709,15.2563,2.0714285714285716,0.5636363636363636,0.7090909090909091,0.3563218390804598,0.9032258064516129,0.47126436781609193,13,1.3793103448275863,9.375,46.666666666666664,1.794871794871795,14.431423611111112,2.2222222222222223,20.3125
44,M,166,103,18,75,97,40,33,68,38,28,86,39,24,34,42,43.9,37.37842938017129,2.179322014857934,43.26,59.74,15.69894033967194,21.679489040499348,0.7731958762886598,0.45180722891566266,27.35337409247849,87.35146581331345,11.588799999999999,1.875,0.4852941176470588,0.5588235294117647,0.44,0.8484848484848485,0.52,22,1.1466666666666667,10.843373493975903,42.62135922330097,1.0147942672214516,15.931194658150675,1.8888888888888888,22.89156626506024
39,F,165,71,15,79,115,32,27,49,35,23,91,38,22,31,29,29.2,26.07897153351699,1.8039308929852793,20.59,50.41,7.562901744719928,18.51606978879706,0.6869565217391305,0.47878787878787876,36.259017320348576,110.48756212366227,13.3892,2.46875,0.5510204081632653,0.7142857142857143,0.34177215189873417,0.8518518518518519,0.4810126582278481,36,1.1518987341772151,9.090909090909092,41.12676056338028,1.4181641573579407,10.725436179981635,2.066666666666667,21.21212121212121
59,F,173,104,16,96,100,33,27,55,34,26,115,38,22,30,41,42.6,34.74890574359317,2.235571018280962,42.64,61.36,14.2470513548732,20.50185438871997,0.96,0.5549132947976878,25.947163079173734,113.59288166282941,18.4432,2.909090909090909,0.4909090909090909,0.6181818181818182,0.28125,0.9629629629629629,0.3958333333333333,4,1.1979166666666667,9.248554913294797,40.96153846153846,0.99906191369606,14.233686391125664,1.875,19.653179190751445
30,M,164,84,18,91,108,38,32,61,37,29,109,42,22,35,37,35.4,31.231409875074366,1.9561867668161612,31.08,52.92,11.555621653777514,19.675788221296852,0.8425925925925926,0.5548780487804879,33.42306793893127,116.6533393055509,16.7643,2.3947368421052633,0.5245901639344263,0.6065573770491803,0.3516483516483517,0.90625,0.46153846153846156,17,1.1978021978021978,10.975609756097562,42.142857142857146,1.138996138996139,13.161808447352769,1.9444444444444444,22.5609756097561
24,F,162,61,16,60,96,34,26,54,36,26,95,38,21,30,18,28.1,23.243408017070564,1.6568041525780892,10.98,50.019999999999996,4.183813443072702,19.05959457399786,0.625,0.37037037037037035,28.558471189237686,89.70514286781653,8.1072,1.7647058823529411,0.48148148148148145,0.6666666666666666,0.43333333333333335,1.0,0.6333333333333333,36,1.5833333333333333,9.876543209876543,46.06557377049181,2.5591985428051003,10.707209266880048,1.875,22.22222222222222
44,F,159,66,15,81,91,34,30,52,34,24,93,39,25,27,34,31.7,26.106562240417702,1.7073371078963873,22.44,43.56,8.87623116174202,17.230331078675686,0.8901098901098901,0.5094339622641509,27.388486981352898,115.34137259350072,13.192,2.3823529411764706,0.5769230769230769,0.6538461538461539,0.37037037037037035,0.8,0.48148148148148145,10,1.1481481481481481,9.433962264150944,48.03030303030303,1.4126559714795008,12.53906095486729,1.8,21.38364779874214
57,F,166,68,15,75,112,35,30,53,37,26,86,39,22,31,33,30.2,24.677021338365513,1.7707499980391235,22.44,45.56,8.14341704166062,16.533604296704894,0.6696428571428571,0.45180722891566266,34.366782457294754,107.50640840766398,12.2083,2.142857142857143,0.5660377358490566,0.6981132075471698,0.4,0.8666666666666667,0.52,37,1.1466666666666667,9.036144578313253,44.41176470588235,1.3458110516934045,10.95950065321527,2.066666666666667,22.289156626506024
31,M,182,88,19,109,95,39,33,55,34,28,98,45,25,38,28,34.9,26.56683975365294,2.10923893594085,24.64,63.36,7.438715131022823,19.128124622630114,1.1473684210526316,0.5989010989010989,20.6915852103322,143.81174563233068,23.8992,2.7948717948717947,0.6,0.6181818181818182,0.30275229357798167,0.8484848484848485,0.41284403669724773,-14,0.8990825688073395,10.43956043956044,39.65909090909091,1.4163961038961037,10.536167129573721,2.0,18.681318681318682
29,F,158,63,17,80,105,33,27,49,36,25,82,34,21,30,36,25.8,25.236340330075304,1.6628289148315891,22.68,40.32,9.08508251882711,16.151257811248193,0.7619047619047619,0.5063291139240507,34.86931318889345,116.23094205900144,13.2375,2.4242424242424243,0.5510204081632653,0.7346938775510204,0.3375,0.9259259259259259,0.425,25,1.025,10.759493670886076,40.95238095238095,1.1375661375661377,10.334882230411791,1.7647058823529411,22.78481012658228
41,F,163,75,16,91,98,35,23,58,38,25,89,36,23,33,34,29.0,28.228386465429637,1.8427786989579984,25.500000000000004,49.5,9.597651398246079,18.63073506718356,0.9285714285714286,0.558282208588957,29.091732575963086,123.07732961847915,16.5963,2.6,0.39655172413793105,0.6551724137931034,0.25274725274725274,1.0869565217391304,0.3956043956043956,7,0.978021978021978,9.815950920245399,38.666666666666664,1.137254901960784,10.914976099966127,2.0625,23.31288343558282
23,M,184,94,18,81,88,38,31,65,42,30,111,38,22,38,26,43.8,27.764650283553873,2.1919042963698128,24.44,69.56,7.218809073724008,20.545841209829867,0.9204545454545454,0.44021739130434784,17.257859080518877,103.96891353071727,13.1563,2.1315789473684212,0.47692307692307695,0.6461538461538462,0.38271604938271603,0.967741935483871,0.4691358024691358,7,1.3703703703703705,9.782608695652174,46.595744680851055,1.792144026186579,12.937145557655953,2.111111111111111,22.82608695652174
46,F,160,70,16,65,99,35,31,52,37,24,101,38,21,33,30,28.9,27.343749999999996,1.7638342073763937,21.0,49.0,8.203124999999998,19.140624999999996,0.6565656565656566,0.40625,30.91648255572961,90.15666328660465,9.2592,1.8571428571428572,0.5961538461538461,0.7115384615384616,0.47692307692307695,0.7741935483870968,0.5846153846153846,34,1.5538461538461539,10.0,41.28571428571428,1.3761904761904762,11.289062499999996,2.0625,23.125
38,F,160,76,16,65,106,35,27,57,33,25,90,35,22,31,29,30.7,29.687499999999993,1.837873166945363,22.04,53.96,8.609374999999998,21.078124999999996,0.6132075471698113,0.40625,34.37522374653877,86.52469038009313,9.626700000000001,1.8571428571428572,0.47368421052631576,0.5789473684210527,0.4153846153846154,0.9259259259259259,0.5384615384615384,41,1.3846153846153846,10.0,40.39473684210526,1.3929219600725953,11.992187499999998,1.9375,20.625
44,F,170,88,15,84,87,32,32,57,33,23,100,37,21,27,41,40.4,30.449826989619382,2.038517980189421,36.08,51.92,12.484429065743946,17.965397923875436,0.9655172413793104,0.49411764705882355,21.250561193953665,107.1114535045317,14.1183,2.625,0.5614035087719298,0.5789473684210527,0.38095238095238093,0.71875,0.44047619047619047,3,1.1904761904761905,8.823529411764707,45.90909090909091,1.1197339246119733,13.97923875432526,1.8,19.411764705882355
36,F,160,59,16,90,101,33,31,51,34,26,88,37,20,30,31,25.1,23.046874999999996,1.6193277068654826,18.29,40.71,7.144531249999998,15.902343749999996,0.8910891089108911,0.5625,31.90469432453223,135.9721601162122,16.2847,2.727272727272727,0.6078431372549019,0.6666666666666666,0.34444444444444444,0.8387096774193549,0.4111111111111111,11,0.9777777777777777,10.0,42.54237288135593,1.372334609075998,9.804687499999998,1.875,21.25
65,M,185,83,18,99,105,39,33,57,39,26,115,42,23,42,21,32.6,24.251278305332356,2.065254894142071,17.43,65.57,5.092768444119795,19.15850986121256,0.9428571428571428,0.5351351351351351,23.728397470189087,135.5986964872765,19.627200000000002,2.5384615384615383,0.5789473684210527,0.6842105263157895,0.3333333333333333,0.7878787878787878,0.42424242424242425,6,1.1616161616161615,9.72972972972973,39.277108433734945,1.8703384968445211,9.525200876552228,2.3333333333333335,21.08108108108108
47,M,155,74,16,84,108,39,31,59,37,30,121,41,23,33,30,33.2,30.80124869927159,1.784968098065372,22.2,51.8,9.240374609781476,21.56087408949011,0.7777777777777778,0.5419354838709678,37.96625001385153,111.53284421335822,14.5152,2.1538461538461537,0.5254237288135594,0.6271186440677966,0.36904761904761907,0.967741935483871,0.4880952380952381,24,1.4404761904761905,10.32258064516129,44.86486486486487,1.4954954954954958,13.818938605619147,2.0625,23.870967741935484
58,M,175,105,19,106,97,40,31,53,38,25,87,44,24,37,43,50.0,34.285714285714285,2.25924028528766,45.15,59.85,14.742857142857142,19.542857142857144,1.092783505154639,0.6057142857142858,23.900061579308613,125.54624914311503,22.5287,2.65,0.5849056603773585,0.7169811320754716,0.29245283018867924,0.8064516129032258,0.41509433962264153,-9,0.8207547169811321,10.857142857142858,47.61904761904761,1.1074197120708749,16.3265306122449,1.9473684210526316,21.714285714285715
18,M,159,87,18,101,100,37,33,59,44,33,98,44,24,36,45,36.7,34.41319568055061,1.9602295783912658,39.15,47.85,15.485938056247774,18.927257624302836,1.01,0.6352201257861635,31.87745822126692,125.26617362702807,20.4027,2.72972972972973,0.559322033898305,0.7457627118644068,0.32673267326732675,1.0,0.43564356435643564,-1,0.9702970297029703,11.320754716981133,42.18390804597701,0.9374201787994892,14.516830821565602,2.0,27.67295597484277
48,M,181,69,19,86,113,39,33,57,41,31,95,48,26,31,16,28.1,21.06162815542871,1.8625699092025154,11.040000000000001,57.96,3.369860504868594,17.691767650560116,0.7610619469026548,0.47513812154696133,28.40455167178441,127.7870061359524,15.302299999999999,2.2051282051282053,0.5789473684210527,0.7192982456140351,0.38372093023255816,0.9393939393939394,0.5581395348837209,27,1.1046511627906976,10.497237569060774,40.72463768115942,2.545289855072464,8.577271756051402,1.631578947368421,22.65193370165746
58,M,168,46,18,79,104,33,28,55,39,26,98,42,23,38,8,18.0,16.298185941043087,1.465150731722394,3.68,42.32,1.303854875283447,14.99433106575964,0.7596153846153846,0.47023809523809523,29.76056070255226,138.50846566342534,12.9195,2.393939393939394,0.509090909090909,0.7090909090909091,0.35443037974683544,0.9285714285714286,0.5316455696202531,25,1.240506329113924,10.714285714285714,39.130434782608695,4.891304347826087,6.3775510204081645,2.111111111111111,23.214285714285715
30,F,162,69,17,85,106,32,29,55,37,26,96,39,22,32,38,28.8,26.291723822588015,1.7621010186706096,26.22,42.78,9.990855052583445,16.30086877000457,0.8018867924528302,0.5246913580246914,33.40831193811662,119.48830202393445,14.758700000000001,2.65625,0.5272727272727272,0.6727272727272727,0.3411764705882353,0.896551724137931,0.4588235294117647,21,1.1294117647058823,10.493827160493826,41.73913043478261,1.0983981693363845,10.973936899862824,1.8823529411764706,22.839506172839506
39,F,156,55,16,72,103,35,28,51,33,24,91,34,21,34,29,24.0,22.600262984878366,1.5438048235879214,15.95,39.05,6.554076265614726,16.04618671926364,0.6990291262135923,0.46153846153846156,34.86282000616658,111.24665284236565,11.040700000000001,2.057142857142857,0.5490196078431373,0.6470588235294118,0.3888888888888889,0.8571428571428571,0.4722222222222222,31,1.2638888888888888,10.256410256410255,43.63636363636363,1.5047021943573669,9.861932938856015,2.125,21.153846153846153
56,M,182,68,19,93,95,39,29,57,39,29,89,41,24,34,18,26.0,20.528921627822726,1.8541245313564507,12.24,55.76,3.6952058930080907,16.833715734814636,0.9789473684210527,0.510989010989011,20.6915852103322,139.58465845883694,17.3008,2.3846153846153846,0.5087719298245614,0.6842105263157895,0.3118279569892473,1.0,0.44086021505376344,2,0.956989247311828,10.43956043956044,38.23529411764706,2.1241830065359477,7.849293563579277,1.7894736842105263,21.428571428571427
49,M,175,83,16,90,103,39,34,55,39,28,100,41,24,29,20,34.8,27.102040816326532,2.008661798865658,16.6,66.4,5.420408163265306,21.681632653061225,0.8737864077669902,0.5142857142857142,26.491817965657603,119.89359692577158,16.3183,2.3076923076923075,0.6181818181818182,0.7090909090909091,0.37777777777777777,0.8235294117647058,0.45555555555555555,13,1.1111111111111112,9.142857142857142,41.92771084337349,2.0963855421686746,11.363265306122448,1.8125,22.285714285714285
50,M,181,103,21,101,100,40,33,56,42,32,98,42,23,35,40,41.3,31.43982173926315,2.275656193521137,41.2,61.8,12.57592869570526,18.863893043557887,1.01,0.5580110497237569,23.065974930782666,122.83313915327417,20.4027,2.525,0.5892857142857143,0.75,0.32673267326732675,0.9696969696969697,0.4158415841584158,-1,0.9702970297029703,11.602209944751381,40.09708737864077,1.0024271844660193,12.606452794481243,1.6666666666666667,23.204419889502763
51,F,163,44,15,58,97,31,26,51,35,26,84,35,23,30,20,19.7,16.560653393052053,1.4114610239826753,8.8,35.2,3.312130678610411,13.248522714441645,0.5979381443298969,0.3558282208588957,28.61120469253489,102.41627113135341,7.7927,1.8709677419354838,0.5098039215686274,0.6862745098039216,0.4482758620689655,1.0,0.603448275862069,39,1.4482758620689655,9.202453987730062,44.772727272727266,2.2386363636363633,7.4146561782528515,2.0,21.472392638036812
37,M,164,93,18,130,108,39,26,64,36,26,107,40,21,34,42,42.9,34.577632361689474,2.058316464168391,39.059999999999995,53.940000000000005,14.522605591909578,20.055026769779897,1.2037037037037037,0.7926829268292683,33.42306793893127,158.37889336602004,34.1388,3.3333333333333335,0.40625,0.5625,0.2,1.0,0.3076923076923077,-22,0.823076923076923,10.975609756097562,46.12903225806452,1.0983102918586791,15.950327186198693,1.8888888888888888,21.951219512195124
57,M,170,94,17,99,97,42,30,64,38,25,95,39,24,34,36,42.3,32.52595155709343,2.106867079074731,33.839999999999996,60.160000000000004,11.709342560553633,20.816608996539795,1.0206185567010309,0.5823529411764706,25.762119951879377,122.14318221456082,19.6048,2.357142857142857,0.46875,0.59375,0.30303030303030304,0.8333333333333334,0.3939393939393939,-2,0.9595959595959596,10.0,44.99999999999999,1.25,14.636678200692042,2.0,22.35294117647059
32,F,164,77,15,90,100,33,28,54,34,26,83,36,22,30,45,36.5,28.628792385484836,1.8729062383840196,34.65,42.35,12.882956573468176,15.74583581201666,0.9,0.5487804878048781,29.613951795306733,120.50153326907787,16.27,2.727272727272727,0.5185185185185185,0.6296296296296297,0.3111111111111111,0.9285714285714286,0.4,10,0.9222222222222223,9.146341463414634,47.4025974025974,1.0533910533910535,13.570791195716838,2.0,20.73170731707317
59,M,169,82,18,106,92,39,29,52,41,29,85,39,25,32,35,38.8,28.71047932495361,1.9620001132631069,28.7,53.3,10.048667763733764,18.661811561219846,1.1521739130434783,0.6272189349112426,23.87528447883477,139.60976415700785,22.6092,2.717948717948718,0.5576923076923077,0.7884615384615384,0.27358490566037735,1.0,0.36792452830188677,-14,0.8018867924528302,10.650887573964498,47.3170731707317,1.3519163763066202,13.584958509856099,1.7777777777777777,24.2603550295858
21,M,181,65,18,86,101,37,30,58,36,30,89,42,25,36,8,27.2,19.840664204389366,1.8077764119369286,5.2,59.8,1.5872531363511493,18.253411068038215,0.8514851485148515,0.47513812154696133,23.47663468009049,131.66021574586523,14.9495,2.324324324324324,0.5172413793103449,0.6206896551724138,0.3488372093023256,1.0,0.4883720930232558,15,1.0348837209302326,9.94475138121547,41.84615384615385,5.230769230769231,8.302554867067549,2.0,19.88950276243094
28,M,184,115,18,93,110,38,31,62,35,27,118,43,23,33,41,47.7,33.96739130434783,2.4244128727957577,47.15,67.85,13.926630434782608,20.040760869565215,0.8454545454545455,0.5054347826086957,26.0723238506486,107.9236045488658,17.5003,2.4473684210526314,0.5,0.5645161290322581,0.3333333333333333,0.8709677419354839,0.46236559139784944,17,1.2688172043010753,9.782608695652174,41.47826086956522,1.0116648992576882,14.089083175803403,1.8333333333333333,19.021739130434785
56,F,170,56,15,89,99,35,32,50,36,24,84,36,22,30,12,23.3,19.377162629757787,1.6261747890200624,6.72,49.28,2.3252595155709344,17.051903114186853,0.898989898989899,0.5235294117647059,26.664431703464516,142.2636529057525,15.912,2.5428571428571427,0.64,0.72,0.3595505617977528,0.75,0.4044943820224719,10,0.9438202247191011,8.823529411764707,41.60714285714286,3.467261904761905,8.062283737024222,2.0,21.176470588235293
59,F,161,77,15,106,102,33,33,52,41,27,99,36,22,28,45,29.7,29.705644072373747,1.8556969340684677,34.65,42.35,13.367539832568186,16.338104239805563,1.0392156862745099,0.6583850931677019,31.929976047446118,140.6199511578155,22.4832,3.212121212121212,0.6346153846153846,0.7884615384615384,0.3113207547169811,0.8181818181818182,0.33962264150943394,-4,0.9339622641509434,9.316770186335404,38.57142857142858,0.8571428571428572,11.457891285058444,1.8666666666666667,25.465838509316768
45,F,162,62,15,77,102,36,31,48,38,23,87,39,21,29,28,23.1,23.624447492760247,1.6703293088490065,17.360000000000003,44.64,6.61484529797287,17.009602194787377,0.7549019607843137,0.47530864197530864,31.468375638565043,114.18942596748167,12.2955,2.138888888888889,0.6458333333333334,0.7916666666666666,0.4025974025974026,0.7419354838709677,0.5064935064935064,25,1.12987012987013,9.25925925925926,37.25806451612904,1.3306451612903225,8.80201188843164,1.9333333333333333,23.456790123456788
40,M,179,99,18,93,102,39,32,57,39,30,113,45,20,37,31,45.6,30.8979120501857,2.218670773233379,30.69,68.31,9.578352735557567,21.319559314628133,0.9117647058823529,0.5195530726256983,24.59127344173043,114.72692905793953,17.3547,2.3846153846153846,0.5614035087719298,0.6842105263157895,0.34408602150537637,0.9375,0.4838709677419355,9,1.2150537634408602,10.05586592178771,46.06060606060606,1.4858260019550342,14.231765550388566,2.0555555555555554,21.787709497206702
59,M,159,102,18,104,98,37,30,57,40,29,90,43,22,35,45,47.2,40.34650528064554,2.1224985276791126,45.9,56.1,18.155927376290492,22.19057790435505,1.0612244897959184,0.6540880503144654,30.879909056841576,119.12565940562747,21.6572,2.810810810810811,0.5263157894736842,0.7017543859649122,0.28846153846153844,0.9666666666666667,0.41346153846153844,-6,0.8653846153846154,11.320754716981133,46.27450980392157,1.028322440087146,18.670147541632055,1.9444444444444444,25.157232704402517
29,M,162,40,19,86,98,41,32,64,40,31,96,36,22,36,9,17.2,15.241579027587255,1.3416407864998738,3.5999999999999996,36.4,1.3717421124828528,13.869836915104402,0.8775510204081632,0.5308641975308642,29.528439339013474,158.78134078759973,14.8928,2.097560975609756,0.5,0.625,0.37209302325581395,0.96875,0.4186046511627907,12,1.1162790697674418,11.728395061728394,43.0,4.777777777777778,6.553878981862519,1.894736842105263,24.691358024691358
48,M,183,92,18,126,99,35,33,59,40,31,101,44,25,33,33,40.4,27.471707127713575,2.1625602111078126,30.360000000000003,61.64,9.06566335214548,18.406043775568094,1.2727272727272727,0.6885245901639344,21.99065892049328,163.03305939344898,32.262299999999996,3.6,0.559322033898305,0.6779661016949152,0.2619047619047619,0.9393939393939394,0.3492063492063492,-27,0.8015873015873016,9.836065573770492,43.91304347826087,1.3306982872200261,12.06366269521335,1.8333333333333333,21.85792349726776
44,M,177,84,19,82,86,37,32,55,39,22,111,39,26,35,21,32.4,26.812218711098343,2.0322401432901573,17.64,66.36,5.630565929330652,21.18165278176769,0.9534883720930233,0.4632768361581921,18.520654467934058,109.20294347954975,13.459200000000001,2.2162162162162162,0.5818181818181818,0.7090909090909091,0.3902439024390244,0.6875,0.47560975609756095,4,1.353658536585366,10.734463276836157,38.57142857142857,1.8367346938775508,10.341855788566503,1.8421052631578947,22.033898305084744
61,F,169,67,14,69,110,33,28,54,36,24,86,36,19,31,28,29.3,23.458562375266975,1.7734931005723642,18.76,48.239999999999995,6.568397465074754,16.89016491019222,0.6272727272727273,0.40828402366863903,32.06827492034593,100.53760696110623,10.6987,2.090909090909091,0.5185185185185185,0.6666666666666666,0.4057971014492754,0.8571428571428571,0.5217391304347826,41,1.2463768115942029,8.284023668639055,43.73134328358209,1.5618336886993602,10.25874444172123,2.2142857142857144,21.301775147928996
50,F,160,61,14,101,110,36,28,52,35,26,92,34,22,32,27,24.1,23.828124999999996,1.6465452046971292,16.470000000000002,44.53,6.43359375,17.394531249999996,0.9181818181818182,0.63125,36.35164728414401,150.068641005634,20.4587,2.8055555555555554,0.5384615384615384,0.6730769230769231,0.27722772277227725,0.9285714285714286,0.33663366336633666,9,0.9108910891089109,8.75,39.50819672131148,1.4632665452337583,9.414062499999998,2.2857142857142856,21.875
47,M,183,65,19,91,91,38,31,59,41,28,98,39,24,41,20,30.7,19.409358296754156,1.817736687935485,13.0,52.0,3.881871659350831,15.527486637403324,1.0,0.4972677595628415,18.759090522877663,140.0824603546612,16.562,2.3947368421052633,0.5254237288135594,0.6949152542372882,0.34065934065934067,0.9032258064516129,0.42857142857142855,0,1.0769230769230769,10.382513661202186,47.23076923076923,2.3615384615384616,9.167189226313116,2.1578947368421053,22.404371584699454
63,F,166,57,16,84,105,35,28,49,36,24,81,36,19,26,23,22.7,20.685150239512268,1.6212135372409562,13.110000000000001,43.89,4.7575845550878215,15.927565684424446,0.8,0.5060240963855421,31.09385855371383,131.5132178930375,14.4207,2.4,0.5714285714285714,0.7346938775510204,0.3333333333333333,0.8571428571428571,0.42857142857142855,21,0.9642857142857143,9.63855421686747,39.82456140350877,1.7315026697177724,8.237770358542605,1.625,21.686746987951807
41,F,161,80,14,97,96,34,25,51,35,23,93,34,23,34,33,31.1,30.86300682844026,1.8915014612148144,26.400000000000002,53.599999999999994,10.184792253385286,20.67821457505497,1.0104166666666667,0.6024844720496895,28.992918632890465,126.24470761777773,18.8187,2.8529411764705883,0.49019607843137253,0.6862745098039216,0.25773195876288657,0.92,0.35051546391752575,-1,0.9587628865979382,8.695652173913043,38.87500000000001,1.178030303030303,11.99799390455615,2.4285714285714284,21.73913043478261
51,M,177,69,18,98,101,40,31,63,41,30,95,42,23,35,20,28.3,22.024322512687924,1.8418740456393863,13.8,55.2,4.404864502537585,17.61945801015034,0.9702970297029703,0.5536723163841808,24.890536061178373,143.99972594548055,19.214299999999998,2.45,0.49206349206349204,0.6507936507936508,0.3163265306122449,0.967741935483871,0.42857142857142855,3,0.9693877551020408,10.16949152542373,41.01449275362319,2.050724637681159,9.03316416100099,1.9444444444444444,23.163841807909606
26,M,186,64,18,105,98,44,29,51,39,26,88,39,24,38,20,25.4,18.499248468030984,1.8184242262647807,12.8,51.2,3.699849693606197,14.799398774424787,1.0714285714285714,0.5645161290322581,20.632842129281244,164.2212245623297,22.0843,2.3863636363636362,0.5686274509803921,0.7647058823529411,0.2761904761904762,0.896551724137931,0.37142857142857144,-7,0.8380952380952381,9.67741935483871,39.6875,1.9843749999999998,7.341889235749797,2.111111111111111,20.967741935483872
25,F,166,81,17,79,102,35,25,56,38,25,93,36,21,28,34,31.7,29.3946871824648,1.9326148090087687,27.540000000000003,53.459999999999994,9.994193642038033,19.400493540426766,0.7745098039215687,0.4759036144578313,29.691176880750575,103.75573898178236,12.8523,2.257142857142857,0.44642857142857145,0.6785714285714286,0.31645569620253167,1.0,0.45569620253164556,23,1.1772151898734178,10.240963855421686,39.1358024691358,1.1510530137981116,11.503846712149805,1.6470588235294117,22.89156626506024
32,M,176,124,19,116,110,36,34,50,39,29,101,40,23,35,45,48.1,40.03099173553719,2.462158041682585,55.800000000000004,68.19999999999999,18.01394628099174,22.017045454545453,1.0545454545454545,0.6590909090909091,29.111147590275564,126.78765884959155,26.9372,3.2222222222222223,0.68,0.78,0.29310344827586204,0.8529411764705882,0.3448275862068966,-6,0.8706896551724138,10.795454545454545,38.79032258064517,0.8620071684587813,15.528150826446282,1.8421052631578947,22.15909090909091
45,F,151,64,17,59,118,36,28,52,36,24,96,37,23,29,32,28.3,28.068944344546292,1.6384274303259343,20.48,43.519999999999996,8.982062190254814,19.086882154291477,0.5,0.39072847682119205,45.59406499006411,83.1426763668837,9.398700000000002,1.6388888888888888,0.5384615384615384,0.6923076923076923,0.4745762711864407,0.8571428571428571,0.6271186440677966,59,1.6271186440677967,11.258278145695364,44.21875,1.3818359375,12.411736327354063,1.7058823529411764,23.841059602649008
57,F,163,46,15,70,99,35,29,54,37,26,84,32,20,28,20,18.5,17.31341036546351,1.4431832100526176,9.200000000000001,36.8,3.4626820730927026,13.850728292370809,0.7070707070707071,0.4294478527607362,29.57226045939128,120.88890072239717,10.3887,2.0,0.5370370370370371,0.6851851851851852,0.4142857142857143,0.896551724137931,0.45714285714285713,29,1.2,9.202453987730062,40.21739130434783,2.010869565217391,6.963001994805977,1.8666666666666667,22.699386503067483
46,M,194,87,17,90,98,36,31,52,35,27,113,42,23,33,12,33.5,23.11616537357849,2.1652559509982496,10.44,76.56,2.773939844829419,20.342225528749072,0.9183673469387755,0.4639175257731959,18.2679894559476,123.29834583349728,16.244799999999998,2.5,0.5961538461538461,0.6730769230769231,0.34444444444444444,0.8709677419354839,0.4666666666666667,8,1.2555555555555555,8.762886597938143,38.50574712643678,3.2088122605363987,8.901052184079074,1.9411764705882353,18.04123711340206
48,M,185,95,18,93,105,39,34,55,40,31,101,40,23,35,29,39.1,27.757487216946675,2.209512263927142,27.549999999999997,67.45,8.049671292914535,19.70781592403214,0.8857142857142857,0.5027027027027027,23.728397470189087,119.06401190452392,17.398799999999998,2.3846153846153846,0.6181818181818182,0.7272727272727273,0.3655913978494624,0.9117647058823529,0.43010752688172044,12,1.086021505376344,9.72972972972973,41.1578947368421,1.4192377495462798,11.424397370343316,1.9444444444444444,21.62162162162162
54,M,173,111,18,96,93,39,36,66,36,25,106,41,25,37,45,43.9,37.08777439941194,2.3095814916704427,49.95,61.05,16.689498479735374,20.398275919676568,1.032258064516129,0.5549132947976878,22.870861663631572,109.95280099199726,18.438299999999998,2.4615384615384617,0.5454545454545454,0.5454545454545454,0.375,0.6944444444444444,0.4270833333333333,-3,1.1041666666666667,10.404624277456648,39.54954954954955,0.8788788788788788,14.668047712920577,2.0555555555555554,20.809248554913296
35,F,171,47,15,83,87,32,30,54,36,24,91,38,23,27,27,21.7,16.073321705824014,1.4941552797483935,12.690000000000001,34.31,4.339796860572485,11.733524845251532,0.9540229885057471,0.4853801169590643,20.906761884481234,145.2448427317392,13.789200000000001,2.59375,0.5555555555555556,0.6666666666666666,0.3614457831325301,0.8,0.4578313253012048,4,1.0963855421686748,8.771929824561402,46.170212765957444,1.710007880220646,7.421086830135769,1.8,21.052631578947366
24,M,184,80,18,87,98,39,34,63,37,25,82,37,24,36,23,31.3,23.629489603024574,2.022100118413747,18.400000000000002,61.599999999999994,5.434782608695652,18.19470699432892,0.8877551020408163,0.47282608695652173,21.264433976032386,121.0477364463275,15.222700000000001,2.230769230769231,0.5396825396825397,0.5873015873015873,0.39080459770114945,0.7352941176470589,0.42528735632183906,11,0.9425287356321839,9.782608695652174,39.125,1.701086956521739,9.245037807183365,2.0,20.108695652173914
53,F,156,58,16,89,105,37,28,52,37,26,93,37,22,33,24,20.9,23.83300460223537,1.5853495934125486,13.92,44.08,5.719921104536489,18.11308349769888,0.8476190476190476,0.5705128205128205,35.88928253055816,133.90963031988312,16.0212,2.4054054054054053,0.5384615384615384,0.7115384615384616,0.3146067415730337,0.9285714285714286,0.4157303370786517,16,1.0449438202247192,10.256410256410255,36.03448275862069,1.5014367816091954,8.58809993425378,2.0625,23.717948717948715
22,M,187,81,17,79,92,38,31,53,38,30,102,43,23,38,20,38.6,23.163373273470786,2.0512191496766015,16.2,64.8,4.632674654694156,18.530698618776626,0.8586956521739131,0.42245989304812837,17.977039047965782,110.12321632650459,12.600299999999999,2.0789473684210527,0.5849056603773585,0.7169811320754716,0.3924050632911392,0.967741935483871,0.5443037974683544,13,1.2911392405063291,9.090909090909092,47.65432098765432,2.3827160493827164,11.0383482513083,2.235294117647059,20.32085561497326
29,M,179,91,18,94,112,37,31,52,41,30,98,39,27,35,31,40.2,28.40111107643332,2.127139445880834,28.21,62.79,8.804344433694329,19.59676664273899,0.8392857142857143,0.5251396648044693,28.766888485037327,120.95036268543105,17.898799999999998,2.5405405405405403,0.5961538461538461,0.7884615384615384,0.32978723404255317,0.967741935483871,0.4148936170212766,18,1.0425531914893618,10.05586592178771,44.17582417582418,1.425026586316909,12.546424893105709,1.9444444444444444,22.905027932960895
52,M,171,80,16,95,96,39,30,58,38,30,101,39,21,38,26,29.4,27.358845456721728,1.9493588689617927,20.8,59.2,7.11329981874765,20.24554563797408,0.9895833333333334,0.5555555555555556,24.931599320806882,127.42368753534655,18.0507,2.4358974358974357,0.5172413793103449,0.6551724137931034,0.3157894736842105,1.0,0.4105263157894737,1,1.063157894736842,9.35672514619883,36.75,1.4134615384615383,10.054375705345235,2.375,22.22222222222222
41,F,163,75,16,80,81,34,30,54,35,24,109,37,23,30,34,35.0,28.228386465429637,1.8427786989579984,25.500000000000004,49.5,9.597651398246079,18.63073506718356,0.9876543209876543,0.49079754601226994,20.92275855768378,108.19985021404761,12.8007,2.3529411764705883,0.5555555555555556,0.6481481481481481,0.375,0.8,0.4625,1,1.3625,9.815950920245399,46.666666666666664,1.372549019607843,13.173247017200497,1.875,21.472392638036812
48,F,168,60,15,72,94,33,29,51,34,23,86,38,22,30,29,23.0,21.258503401360546,1.6733200530681511,17.4,42.6,6.1649659863945585,15.09353741496599,0.7659574468085106,0.42857142857142855,25.16819909653762,110.53123286321733,10.7068,2.1818181818181817,0.5686274509803921,0.6666666666666666,0.4027777777777778,0.7931034482758621,0.5277777777777778,22,1.1944444444444444,8.928571428571429,38.333333333333336,1.3218390804597702,8.149092970521544,2.0,20.238095238095237
35,F,181,58,16,66,97,33,28,59,35,24,96,37,21,30,22,19.2,17.70397729007051,1.7076624699017986,12.76,45.24,3.894875003815512,13.809102286255,0.6804123711340206,0.36464088397790057,21.833995682859182,106.96525436271943,9.3847,2.0,0.4745762711864407,0.5932203389830508,0.42424242424242425,0.8571428571428571,0.5606060606060606,31,1.4545454545454546,8.83977900552486,33.10344827586207,1.5047021943573669,5.8606269649888585,1.875,19.337016574585636
62,F,169,81,15,95,104,34,28,52,33,27,96,36,21,30,24,30.1,28.360351528307834,1.95,19.439999999999998,61.56,6.80648436679388,21.553867161513956,0.9134615384615384,0.5621301775147929,29.337278106508876,125.89194699286442,18.1067,2.7941176470588234,0.5384615384615384,0.6346153846153846,0.29473684210526313,0.9642857142857143,0.37894736842105264,9,1.0105263157894737,8.875739644970414,37.160493827160494,1.548353909465021,10.538846679037851,2.0,19.526627218934912
54,F,168,68,15,102,96,32,25,61,37,23,93,37,23,31,36,27.1,24.092970521541954,1.781385228784985,24.48,43.519999999999996,8.673469387755103,15.419501133786849,1.0625,0.6071428571428571,26.086671417740547,147.08685375288866,20.8332,3.1875,0.4098360655737705,0.6065573770491803,0.24509803921568626,0.92,0.3627450980392157,-6,0.9117647058823529,8.928571428571429,39.852941176470594,1.1070261437908497,9.601757369614514,2.066666666666667,22.023809523809522
38,F,163,73,16,79,97,33,29,55,38,23,93,38,23,28,28,32.4,27.475629493018182,1.8180422926262683,20.44,52.56,7.693176258045091,19.78245323497309,0.8144329896907216,0.48466257668711654,28.61120469253489,108.3011243816578,12.7088,2.393939393939394,0.5272727272727272,0.6909090909090909,0.3670886075949367,0.7931034482758621,0.4810126582278481,18,1.1772151898734178,9.815950920245399,44.38356164383561,1.5851272015655575,12.194662953065603,1.75,23.31288343558282
26,F,173,58,16,58,94,33,25,54,34,22,74,39,22,27,25,23.3,19.37919743392696,1.6694975957521538,14.5,43.5,4.84479935848174,14.53439807544522,0.6170212765957447,0.3352601156069364,23.31033329442331,91.8989502248892,7.6352,1.7575757575757576,0.46296296296296297,0.6296296296296297,0.43103448275862066,0.88,0.6724137931034483,36,1.2758620689655173,9.248554913294797,40.17241379310345,1.606896551724138,7.7850913829396235,1.6875,19.653179190751445
44,F,160,43,15,81,94,35,29,58,33,24,85,37,22,29,21,18.9,16.796874999999996,1.3824294235551815,9.03,33.97,3.527343749999999,13.269531249999996,0.8617021276595744,0.50625,28.445953133723066,143.34557282863628,13.2403,2.3142857142857145,0.5,0.5689655172413793,0.35802469135802467,0.8275862068965517,0.4567901234567901,13,1.0493827160493827,9.375,43.95348837209302,2.0930232558139537,7.382812499999998,1.9333333333333333,20.625
55,M,165,72,17,73,99,41,31,53,37,31,101,45,23,37,14,27.8,26.44628099173554,1.816590212458495,10.080000000000002,61.92,3.702479338842976,22.743801652892564,0.7373737373737373,0.44242424242424244,28.709936649691386,101.38462194913619,11.131200000000002,1.7804878048780488,0.5849056603773585,0.6981132075471698,0.4246575342465753,1.0,0.6164383561643836,26,1.3835616438356164,10.303030303030303,38.611111111111114,2.7579365079365075,10.211202938475667,2.176470588235294,22.424242424242426
62,M,174,64,18,110,96,42,34,58,41,30,86,40,21,33,22,27.1,21.13885585942661,1.7587874611030558,14.08,49.92,4.650548289073853,16.488307570352756,1.1458333333333333,0.632183908045977,23.82609895607743,166.39904305160792,24.3372,2.619047619047619,0.5862068965517241,0.7068965517241379,0.3090909090909091,0.8823529411764706,0.36363636363636365,-14,0.7818181818181819,10.344827586206897,42.34375,1.9247159090909092,8.950984277975955,1.8333333333333333,23.563218390804597
53,M,184,104,18,117,101,36,33,56,39,30,109,45,24,27,41,45.6,30.718336483931946,2.305548862105411,42.64,61.36,12.594517958412098,18.123818525519848,1.1584158415841583,0.6358695652173914,22.46640644468644,142.77481485515162,27.5572,3.25,0.5892857142857143,0.6964285714285714,0.28205128205128205,0.9090909090909091,0.38461538461538464,-16,0.9316239316239316,9.782608695652174,43.84615384615385,1.0694183864915572,13.468809073724007,1.5,21.195652173913043
19,F,164,85,16,67,110,35,30,56,38,25,90,35,23,33,30,34.6,31.603212373587155,1.9677962857527256,25.5,59.5,9.480963712076147,22.12224866151101,0.6090909090909091,0.40853658536585363,34.375346974837406,85.38090737966495,10.2723,1.9142857142857144,0.5357142857142857,0.6785714285714286,0.44776119402985076,0.8333333333333334,0.5223880597014925,43,1.3432835820895523,9.75609756097561,40.70588235294118,1.3568627450980393,12.864366448542537,2.0625,23.170731707317074
36,F,175,83,16,91,91,34,25,56,31,26,83,37,23,34,32,36.7,27.102040816326532,2.008661798865658,26.560000000000002,56.44,8.67265306122449,18.42938775510204,1.0,0.52,21.30830519295963,121.22574800272459,16.562,2.676470588235294,0.44642857142857145,0.5535714285714286,0.27472527472527475,1.04,0.4065934065934066,0,0.9120879120879121,9.142857142857142,44.216867469879524,1.381777108433735,11.983673469387757,2.125,17.71428571428571
62,F,163,40,16,59,81,30,29,54,37,26,81,38,19,30,26,14.3,15.05513944822914,1.3457752825457567,10.4,29.6,3.9143362565395767,11.140803191689564,0.7283950617283951,0.3619631901840491,20.92275855768378,109.26707569293528,7.300800000000001,1.9666666666666666,0.5370370370370371,0.6851851851851852,0.4915254237288136,0.896551724137931,0.6440677966101694,22,1.3728813559322033,9.815950920245399,35.75000000000001,1.375,5.382212352741918,1.875,22.699386503067483
65,M,175,56,18,72,94,40,29,51,41,30,93,42,24,36,9,22.3,18.285714285714285,1.6499158227686108,5.04,50.96,1.6457142857142857,16.64,0.7659574468085106,0.4114285714285714,22.604183386134125,116.76992716842068,10.7068,1.8,0.5686274509803921,0.803921568627451,0.4027777777777778,1.0344827586206897,0.5833333333333334,22,1.2916666666666667,10.285714285714285,39.82142857142858,4.424603174603175,7.281632653061225,2.0,23.42857142857143
33,F,177,64,16,74,105,33,31,52,40,24,79,37,20,28,29,28.7,20.428357113217785,1.773884626086676,18.56,45.44,5.9242235628331565,14.504133550384626,0.7047619047619048,0.4180790960451977,26.589171152710186,112.9020604906084,11.6247,2.242424242424242,0.5961538461538461,0.7692307692307693,0.4189189189189189,0.7741935483870968,0.5,31,1.0675675675675675,9.03954802259887,44.84375,1.5463362068965518,9.1608413929586,1.75,22.598870056497177
32,F,165,44,14,80,99,34,29,54,38,24,83,37,21,32,29,19.1,16.161616161616163,1.420093893609386,12.76,31.240000000000002,4.686868686868688,11.474747474747478,0.8080808080808081,0.48484848484848486,28.709936649691386,142.1278292186208,13.052700000000002,2.3529411764705883,0.5370370370370371,0.7037037037037037,0.3625,0.8275862068965517,0.4625,19,1.0375,8.484848484848486,43.409090909090914,1.4968652037617556,7.015610651974289,2.2857142857142856,23.03030303030303
37,M,163,61,18,81,111,38,30,58,38,28,88,43,23,33,14,27.9,22.95908765854944,1.66190987855673,8.540000000000001,52.46,3.2142722721969217,19.744815386352517,0.7297297297297297,0.49693251533742333,35.33859506052962,121.47513926584007,13.752,2.1315789473684212,0.5172413793103449,0.6551724137931034,0.37037037037037035,0.9333333333333333,0.5308641975308642,30,1.0864197530864197,11.042944785276074,45.73770491803278,3.266978922716627,10.500959765139825,1.8333333333333333,23.31288343558282
22,M,192,78,19,75,103,38,33,60,43,28,110,40,23,38,13,27.9,21.158854166666668,2.039607805437114,10.14,67.86,2.750651041666667,18.408203125,0.7281553398058253,0.390625,20.715545394877246,107.95383585588111,11.7988,1.9736842105263157,0.55,0.7166666666666667,0.44,0.8484848484848485,0.5333333333333333,28,1.4666666666666666,9.895833333333332,35.76923076923077,2.751479289940828,7.568359375,2.0,22.395833333333336
55,M,159,63,18,100,90,42,30,58,38,29,94,41,23,35,29,28.1,24.919900320398717,1.6680827317612277,18.27,44.730000000000004,7.2267710929156275,17.69312922748309,1.1111111111111112,0.6289308176100629,26.889712399140222,145.7477266720164,20.07,2.380952380952381,0.5172413793103449,0.6551724137931034,0.3,0.9666666666666667,0.41,-10,0.94,11.320754716981133,44.60317460317461,1.5380405035577451,11.115066650844508,1.9444444444444444,23.89937106918239
37,F,161,64,17,55,94,34,30,52,35,22,83,38,21,28,29,26.6,24.690405462752206,1.6918103387266026,18.56,45.44,7.160217584198139,17.530187878554067,0.5851063829787234,0.3416149068322981,28.01389949470525,80.03116567944079,7.1147,1.6176470588235294,0.5769230769230769,0.6730769230769231,0.5454545454545454,0.7333333333333333,0.6909090909090909,39,1.509090909090909,10.559006211180124,41.5625,1.433189655172414,10.261949770456386,1.6470588235294117,21.73913043478261
29,F,157,74,16,81,110,32,27,53,36,23,101,38,23,33,40,29.6,30.021501886486266,1.796447110889219,29.6,44.4,12.008600754594507,18.01290113189176,0.7363636363636363,0.5159235668789809,37.91691547225378,108.24117231492197,13.710700000000001,2.53125,0.5094339622641509,0.6792452830188679,0.3333333333333333,0.8518518518518519,0.4691358024691358,29,1.2469135802469136,10.191082802547772,40.0,1.0,12.008600754594507,2.0625,22.929936305732486
52,M,169,84,19,98,97,38,34,57,38,27,100,43,23,36,29,31.1,29.410734918245165,1.9857828011475307,24.36,59.64,8.529113126291097,20.881621791954068,1.0103092783505154,0.5798816568047337,26.151115157032315,127.52733585351115,19.2087,2.5789473684210527,0.5964912280701754,0.6666666666666666,0.3469387755102041,0.7941176470588235,0.4387755102040816,-1,1.0204081632653061,11.242603550295858,37.023809523809526,1.2766830870279147,10.888974475683627,1.894736842105263,22.485207100591715
60,F,173,71,17,65,89,32,30,47,32,24,93,38,22,31,18,28.7,23.722810651876106,1.84714494408112,12.78,58.22,4.270105917337699,19.452704734538408,0.7303370786516854,0.37572254335260113,21.11297514046462,93.08522137118968,8.853200000000001,2.03125,0.6382978723404256,0.6808510638297872,0.46153846153846156,0.8,0.5846153846153846,24,1.4307692307692308,9.826589595375722,40.42253521126761,2.2456964006259783,9.58936148885696,1.8235294117647058,18.497109826589593
36,F,153,51,15,68,104,33,25,55,35,24,85,34,20,31,31,21.8,21.78649237472767,1.4722431864335457,15.81,35.19,6.753812636165578,15.032679738562091,0.6538461538461539,0.4444444444444444,36.95360567272032,108.05454579328774,10.1552,2.0606060606060606,0.45454545454545453,0.6363636363636364,0.36764705882352944,0.96,0.5,36,1.25,9.803921568627452,42.74509803921569,1.3788741302972802,9.312657524883592,2.066666666666667,22.875816993464053
37,F,165,63,15,64,114,34,24,52,34,27,104,37,22,31,21,24.8,23.140495867768596,1.699264546796643,13.229999999999999,49.77,4.859504132231405,18.280991735537192,0.5614035087719298,0.3878787878787879,35.7871997784325,95.02222017910454,9.942,1.8823529411764706,0.46153846153846156,0.6538461538461539,0.375,1.125,0.578125,50,1.625,9.090909090909092,39.36507936507937,1.8745275888133033,9.10927456382002,2.066666666666667,20.606060606060606
57,M,178,74,19,84,105,39,34,59,37,29,101,45,22,41,24,28.8,23.355636914530994,1.912822231387143,17.759999999999998,56.24,5.6053528594874376,17.750284055043554,0.8,0.47191011235955055,26.213947946385083,119.52174617147534,14.4207,2.1538461538461537,0.576271186440678,0.6271186440677966,0.40476190476190477,0.8529411764705882,0.5357142857142857,21,1.2023809523809523,10.674157303370785,38.91891891891892,1.621621621621622,9.089761393763414,2.1578947368421053,20.786516853932586
20,F,150,40,15,68,117,33,29,54,34,27,90,36,21,31,20,16.3,17.77777777777778,1.2909944487358056,8.0,32.0,3.5555555555555554,14.222222222222221,0.5811965811965812,0.4533333333333333,45.68673331236263,120.80865483582768,10.928700000000001,2.0606060606060606,0.5370370370370371,0.6296296296296297,0.4264705882352941,0.9310344827586207,0.5294117647058824,49,1.3235294117647058,10.0,40.75,2.0375,7.2444444444444445,2.066666666666667,22.666666666666664
57,M,172,73,18,115,98,39,34,53,43,27,104,41,22,35,33,31.4,24.675500270416443,1.8675593103775252,24.09,48.91,8.142915089237427,16.532585181179016,1.1734693877551021,0.6686046511627907,25.44436015289319,161.94745810738877,26.6523,2.948717948717949,0.6415094339622641,0.8113207547169812,0.2956521739130435,0.7941176470588235,0.3565217391304348,-17,0.9043478260869565,10.465116279069768,43.01369863013698,1.3034454130344542,10.613845321795566,1.9444444444444444,25.0
37,M,187,88,18,101,99,38,30,56,40,27,106,43,23,35,29,39.4,25.165146272412706,2.1380156947766102,25.52,62.480000000000004,7.297892418999684,17.867253853413022,1.02020202020202,0.5401069518716578,20.71442245378927,135.07480306866407,20.404799999999998,2.6578947368421053,0.5357142857142857,0.7142857142857143,0.297029702970297,0.9,0.42574257425742573,-2,1.0495049504950495,9.62566844919786,44.772727272727266,1.5438871473354232,11.267122308330233,1.9444444444444444,21.390374331550802
34,F,174,80,15,81,103,36,31,54,37,26,79,34,20,31,35,33.3,26.42356982428326,1.96638416050035,28.0,52.0,9.24824943849914,17.17532038578412,0.7864077669902912,0.46551724137931033,26.875918671624746,109.5943465599966,13.460799999999999,2.25,0.5740740740740741,0.6851851851851852,0.38271604938271603,0.8387096774193549,0.41975308641975306,22,0.9753086419753086,8.620689655172415,41.62499999999999,1.1892857142857143,10.998810939357906,2.066666666666667,21.26436781609195
23,F,160,72,17,67,122,36,29,46,32,24,108,35,21,32,37,30.3,28.124999999999993,1.7888543819998317,26.64,45.36,10.406249999999998,17.718749999999996,0.5491803278688525,0.41875,42.28091789695972,91.63092017889046,11.0955,1.8611111111111112,0.6304347826086957,0.6956521739130435,0.43283582089552236,0.8275862068965517,0.5223880597014925,55,1.6119402985074627,10.625,42.083333333333336,1.1373873873873874,11.835937499999998,1.8823529411764706,20.0
34,M,169,85,17,84,97,38,31,51,38,26,104,40,24,35,25,37.3,29.76086271489094,1.9975679657467922,21.25,63.75,7.440215678722735,22.320647036168204,0.865979381443299,0.4970414201183432,26.151115157032315,108.66424767796906,14.2303,2.210526315789474,0.6078431372549019,0.7450980392156863,0.36904761904761907,0.8387096774193549,0.47619047619047616,13,1.2380952380952381,10.059171597633137,43.882352941176464,1.7552941176470587,13.059766814887434,2.0588235294117645,22.485207100591715
58,M,183,77,19,93,92,33,31,63,42,31,96,42,22,35,25,28.5,22.99262444384723,1.9784252997438814,19.25,57.75,5.748156110961808,17.244468332885422,1.0108695652173914,0.5081967213114754,19.163036572579614,131.53357765484165,17.2987,2.8181818181818183,0.49206349206349204,0.6666666666666666,0.3333333333333333,1.0,0.45161290322580644,-1,1.032258064516129,10.382513661202186,37.01298701298701,1.4805194805194806,8.510257099346052,1.8421052631578947,22.950819672131146
57,M,186,97,18,86,92,37,32,53,31,30,101,38,24,33,23,41.4,28.037923459359458,2.2386752034778663,22.310000000000002,74.69,6.448722395652676,21.589201063706785,0.9347826086956522,0.46236559139784944,18.267566080549734,109.2553111694485,14.817200000000001,2.324324324324324,0.6037735849056604,0.5849056603773585,0.37209302325581395,0.9375,0.4418604651162791,6,1.1744186046511629,9.67741935483871,42.68041237113402,1.8556701030927834,11.966701352757543,1.8333333333333333,16.666666666666664
50,M,183,110,18,103,86,39,30,58,39,32,105,45,24,35,39,43.0,32.846606348353184,2.3646705196848603,42.9,67.1,12.810176475857743,20.036429872495443,1.197674418604651,0.5628415300546448,16.739360274367897,121.88210018058746,21.4203,2.641025641025641,0.5172413793103449,0.6724137931034483,0.2912621359223301,1.0666666666666667,0.4368932038834951,-17,1.0194174757281553,9.836065573770492,39.09090909090909,1.0023310023310024,12.840037027083518,1.9444444444444444,21.311475409836063
41,M,172,66,17,112,93,38,28,55,42,29,95,36,24,34,31,27.3,22.30935640886966,1.775762746915627,20.46,45.54,6.915900486749595,15.393455922120067,1.2043010752688172,0.6511627906976745,23.227811165500682,165.87608645083424,25.340700000000002,2.9473684210526314,0.509090909090909,0.7636363636363637,0.25,1.0357142857142858,0.32142857142857145,-19,0.8482142857142857,9.883720930232558,41.36363636363637,1.3343108504398826,9.22796106003245,2.0,24.418604651162788
31,F,167,89,16,84,91,35,29,55,35,23,81,35,24,33,39,35.9,31.912223457277065,2.0318984007846237,34.71,54.29,12.445767148338055,19.46645630893901,0.9230769230769231,0.5029940119760479,24.166415665033803,105.5640443248583,14.1463,2.4,0.5272727272727272,0.6363636363636364,0.34523809523809523,0.7931034482758621,0.4166666666666667,7,0.9642857142857143,9.580838323353294,40.337078651685395,1.0342840679919332,12.872458675463443,2.0625,20.958083832335326
20,F,165,69,16,75,101,33,26,49,34,25,96,34,20,27,34,29.1,25.344352617079892,1.778341924377874,23.46,45.54,8.617079889807163,16.72727272727273,0.7425742574257426,0.45454545454545453,29.653571733523535,106.40258821566857,11.7232,2.272727272727273,0.5306122448979592,0.6938775510204082,0.3466666666666667,0.9615384615384616,0.4533333333333333,26,1.28,9.696969696969697,42.173913043478265,1.2404092071611252,10.688705234159782,1.6875,20.606060606060606
38,F,162,67,15,95,112,34,29,57,37,23,90,39,21,32,44,26.7,25.529644871208653,1.736375535418534,29.48,37.519999999999996,11.233043743331807,14.296601127876844,0.8482142857142857,0.5864197530864198,36.31821638744397,135.52431263707575,18.252299999999998,2.7941176470588234,0.5087719298245614,0.6491228070175439,0.30526315789473685,0.7931034482758621,0.4105263157894737,17,0.9473684210526315,9.25925925925926,39.850746268656714,0.9056987788331071,10.173754000914492,2.1333333333333333,22.839506172839506
19,M,179,70,18,99,95,41,32,59,41,30,90,42,23,33,18,30.6,21.847008520333322,1.865624709194096,12.6,57.4,3.932461533659998,17.914546986673326,1.0421052631578946,0.553072625698324,21.668342911415593,145.23998391366882,19.6132,2.4146341463414633,0.5423728813559322,0.6949152542372882,0.32323232323232326,0.9375,0.42424242424242425,-4,0.9090909090909091,10.05586592178771,43.714285714285715,2.428571428571429,9.550263724602853,1.8333333333333333,22.905027932960895
40,M,181,99,18,105,111,40,34,52,36,29,105,40,22,35,29,44.3,30.218857788223804,2.2310311517323105,28.709999999999997,70.29,8.763468758584901,21.4553890296389,0.9459459459459459,0.580110497237569,27.58323217316876,130.25202720705735,22.075200000000002,2.625,0.6538461538461539,0.6923076923076923,0.3238095238095238,0.8529411764705882,0.38095238095238093,6,1.0,9.94475138121547,44.74747474747475,1.5430163706025775,13.52217575776075,1.9444444444444444,19.88950276243094
49,F,152,58,15,78,106,35,26,56,35,27,90,36,21,27,35,20.1,25.10387811634349,1.564892612574067,20.299999999999997,37.7,8.78635734072022,16.31752077562327,0.7358490566037735,0.5131578947368421,38.564048157436936,115.84462870684331,12.7168,2.2285714285714286,0.4642857142857143,0.625,0.3333333333333333,1.0384615384615385,0.46153846153846156,28,1.1538461538461537,9.868421052631579,34.6551724137931,0.9901477832512318,8.699792243767314,1.8,23.026315789473685
24,M,170,92,19,104,104,34,29,54,40,26,109,46,23,33,39,42.0,31.83391003460208,2.084333093448464,35.88,56.12,12.415224913494812,19.418685121107266,1.0,0.611764705882353,28.92021108242737,129.69922719503805,21.632,3.0588235294117645,0.5370370370370371,0.7407407407407407,0.27884615384615385,0.896551724137931,0.4423076923076923,0,1.0480769230769231,11.176470588235295,45.65217391304348,1.1705685618729096,14.532871972318341,1.736842105263158,23.52941176470588
27,F,165,43,17,69,100,32,29,56,38,25,73,37,21,29,16,19.6,15.794306703397615,1.4038637160826308,6.88,36.12,2.5270890725436184,13.267217630853995,0.69,0.41818181818181815,29.18175419160746,124.00247033458697,10.194700000000001,2.15625,0.5178571428571429,0.6785714285714286,0.42028985507246375,0.8620689655172413,0.5362318840579711,31,1.0579710144927537,10.303030303030303,45.58139534883721,2.8488372093023258,7.199265381083564,1.7058823529411764,23.03030303030303
36,F,154,49,16,71,93,35,29,48,36,24,88,38,22,27,23,21.4,20.66115702479339,1.4477952586989333,11.270000000000001,37.73,4.75206611570248,15.909090909090908,0.7634408602150538,0.461038961038961,30.66333484049374,115.47664860620587,10.4208,2.0285714285714285,0.6041666666666666,0.75,0.4084507042253521,0.8275862068965517,0.5352112676056338,22,1.2394366197183098,10.38961038961039,43.6734693877551,1.8988464951197868,9.023444088379152,1.6875,23.376623376623375
30,M,175,95,18,89,92,38,35,58,35,29,102,41,23,38,36,40.2,31.020408163265305,2.1489661597046044,34.199999999999996,60.800000000000004,11.167346938775509,19.853061224489796,0.967391304347826,0.5085714285714286,21.74026459068446,110.82065951542818,15.8483,2.3421052631578947,0.603448275862069,0.603448275862069,0.39325842696629215,0.8285714285714286,0.4606741573033708,3,1.146067415730337,10.285714285714285,42.31578947368421,1.1754385964912284,13.126530612244899,2.111111111111111,20.0
23,M,180,120,17,112,95,37,33,59,37,30,98,41,24,37,45,51.6,37.03703703703704,2.449489742783178,54.0,66.0,16.666666666666664,20.37037037037037,1.1789473684210525,0.6222222222222222,21.3382329374963,125.84534458335592,25.2903,3.027027027027027,0.559322033898305,0.6271186440677966,0.29464285714285715,0.9090909090909091,0.36607142857142855,-17,0.875,9.444444444444445,43.0,0.9555555555555556,15.925925925925926,2.176470588235294,20.555555555555554
63,F,171,65,16,81,100,36,31,53,33,27,91,35,23,30,29,26.8,22.229061933586404,1.7571283390805579,18.849999999999998,46.150000000000006,6.446427960740056,15.78263397284635,0.81,0.47368421052631576,26.720415959173835,120.53131584942149,13.3747,2.25,0.5849056603773585,0.6226415094339622,0.38271604938271603,0.8709677419354839,0.43209876543209874,19,1.123456790123457,9.35672514619883,41.23076923076923,1.4217506631299737,9.165213228001779,1.875,19.298245614035086
45,F,176,84,16,78,108,32,30,52,40,21,107,36,22,30,36,35.7,27.117768595041323,2.0264912204760885,30.24,53.760000000000005,9.762396694214877,17.355371900826448,0.7222222222222222,0.4431818181818182,28.25458127045237,103.58212005054712,12.798,2.4375,0.5769230769230769,0.7692307692307693,0.38461538461538464,0.7,0.46153846153846156,30,1.3717948717948718,9.090909090909092,42.50000000000001,1.1805555555555558,11.525051652892563,1.875,22.727272727272727
29,M,166,73,18,75,107,37,28,57,44,32,96,39,22,38,21,29.4,26.491508201480624,1.8346964629363385,15.33,57.67,5.563216722310931,20.928291479169694,0.7009345794392523,0.45180722891566266,32.02897966902267,103.7593827223014,11.9668,2.027027027027027,0.49122807017543857,0.7719298245614035,0.37333333333333335,1.1428571428571428,0.52,32,1.28,10.843373493975903,40.27397260273972,1.917808219178082,10.669182755116854,2.111111111111111,26.506024096385545
19,F,164,68,16,62,98,34,29,53,35,25,81,37,19,31,29,28.9,25.282569898869724,1.760050504325878,19.72,48.28,7.33194527067222,17.950624628197506,0.6326530612244898,0.3780487804878049,28.661672759400595,88.33496864668466,8.5952,1.8235294117647058,0.5471698113207547,0.660377358490566,0.46774193548387094,0.8620689655172413,0.5967741935483871,36,1.3064516129032258,9.75609756097561,42.5,1.4655172413793103,10.745092207019633,1.9375,21.341463414634145
54,F,176,78,14,97,99,37,29,55,36,23,91,35,20,30,33,36.8,25.180785123966942,1.952775802116908,25.740000000000002,52.26,8.309659090909092,16.871126033057852,0.9797979797979798,0.5511363636363636,24.400032831248005,133.67625462621035,18.8208,2.6216216216216215,0.5272727272727272,0.6545454545454545,0.29896907216494845,0.7931034482758621,0.36082474226804123,2,0.9381443298969072,7.954545454545454,47.179487179487175,1.4296814296814295,11.880165289256198,2.142857142857143,20.454545454545457
49,F,172,83,15,103,94,34,26,48,36,24,92,37,18,31,28,35.7,28.055705786911847,1.9913702708325127,23.240000000000002,59.76,7.855597620335318,20.20010816657653,1.0957446808510638,0.5988372093023255,23.67112096297918,136.03037773565745,21.2747,3.0294117647058822,0.5416666666666666,0.75,0.2524271844660194,0.9230769230769231,0.3592233009708738,-9,0.8932038834951457,8.720930232558139,43.01204819277108,1.536144578313253,12.06733369388859,2.066666666666667,20.930232558139537
25,M,175,82,17,91,98,37,31,59,41,29,95,44,24,36,28,37.5,26.775510204081634,1.9965247584518233,22.96,59.04,7.497142857142857,19.278367346938776,0.9285714285714286,0.52,24.332020977033444,121.96268942880907,16.5963,2.4594594594594597,0.5254237288135594,0.6949152542372882,0.34065934065934067,0.9354838709677419,0.4835164835164835,7,1.043956043956044,9.714285714285714,45.73170731707317,1.6332752613240418,12.244897959183673,2.1176470588235294,23.42857142857143
29,M,189,69,20,83,82,39,36,57,35,29,95,40,18,31,17,29.0,19.31636852271773,1.9032866310674281,11.73,57.269999999999996,3.2837826488620143,16.032585873855716,1.0121951219512195,0.43915343915343913,13.558848323371034,126.02536129126167,13.7787,2.128205128205128,0.631578947368421,0.6140350877192983,0.43373493975903615,0.8055555555555556,0.4819277108433735,-1,1.144578313253012,10.582010582010582,42.028985507246375,2.47229326513214,8.118473726939335,1.55,18.51851851851852
33,M,169,116,18,104,95,40,30,48,41,27,90,47,25,38,41,52.3,40.61482441090999,2.333571416424952,47.559999999999995,68.44,16.652078008473094,23.962746402436892,1.0947368421052632,0.6153846153846154,25.240782885753298,115.16518220888722,21.6887,2.6,0.625,0.8541666666666666,0.28846153846153844,0.9,0.4519230769230769,-9,0.8653846153846154,10.650887573964498,45.08620689655172,1.099663582842725,18.31168376457407,2.111111111111111,24.2603550295858
18,F,159,48,14,76,111,33,28,53,35,24,93,38,22,28,23,19.5,18.986590720303784,1.4560219778561037,11.040000000000001,36.96,4.3669158656698706,14.619674854633914,0.6846846846846847,0.4779874213836478,37.36397862560628,126.9009980700274,12.4095,2.303030303030303,0.5283018867924528,0.660377358490566,0.3684210526315789,0.8571428571428571,0.5,35,1.2236842105263157,8.80503144654088,40.625,1.766304347826087,7.713302480123412,2.0,22.0125786163522
47,F,155,75,16,77,99,33,29,53,35,23,71,36,21,30,33,28.4,31.217481789802285,1.796988221070652,24.75,50.25,10.301768990634754,20.91571279916753,0.7777777777777778,0.4967741935483871,33.30239584603057,101.55456368619467,12.1968,2.3333333333333335,0.5471698113207547,0.660377358490566,0.37662337662337664,0.7931034482758621,0.4675324675324675,22,0.922077922077922,10.32258064516129,37.86666666666667,1.1474747474747473,11.821019771071798,1.875,22.58064516129032
62,F,174,80,15,95,96,33,24,56,37,25,88,36,23,32,45,33.1,26.42356982428326,1.96638416050035,36.0,44.0,11.890606420927467,14.532963403355794,0.9895833333333334,0.5459770114942529,23.82609895607743,128.53657929876144,18.0507,2.878787878787879,0.42857142857142855,0.6607142857142857,0.25263157894736843,1.0416666666666667,0.37894736842105264,1,0.9263157894736842,8.620689655172415,41.375,0.9194444444444445,10.932752014797199,2.1333333333333333,21.26436781609195
65,M,179,89,17,110,98,37,30,54,39,28,111,39,23,35,33,37.8,27.776910832995224,2.103634421133524,29.37,59.629999999999995,9.166380574888425,18.6105302581068,1.1224489795918366,0.6145251396648045,22.92102742440766,143.119133898374,24.3008,2.972972972972973,0.5555555555555556,0.7222222222222222,0.2727272727272727,0.9333333333333333,0.35454545454545455,-12,1.009090909090909,9.497206703910614,42.471910112359545,1.2870275791624104,11.797384600979994,2.0588235294117645,21.787709497206702
22,F,160,61,15,60,96,34,27,50,40,27,93,36,22,31,38,27.8,23.828124999999996,1.6465452046971292,23.18,37.82,9.054687499999998,14.773437499999996,0.625,0.375,29.43416490252568,89.1496877261192,8.1072,1.7647058823529411,0.54,0.8,0.45,1.0,0.6,36,1.55,9.375,45.57377049180328,1.1993097497842968,10.859374999999998,2.066666666666667,25.0
19,M,176,81,17,92,96,44,31,51,41,29,108,43,23,31,25,31.5,26.149276859504134,1.98997487421324,20.25,60.75,6.5373192148760335,19.6119576446281,0.9583333333333334,0.5227272727272727,23.115183351513217,124.41569040273059,16.9392,2.090909090909091,0.6078431372549019,0.803921568627451,0.33695652173913043,0.9354838709677419,0.4673913043478261,4,1.173913043478261,9.659090909090908,38.88888888888889,1.5555555555555556,10.169163223140496,1.8235294117647058,23.295454545454543
36,M,185,93,17,79,90,37,30,61,37,28,101,45,24,36,26,39.7,27.173119065010955,2.1861305237031634,24.18,68.82,7.065010956902848,20.108108108108105,0.8777777777777778,0.42702702702702705,17.767197831590643,102.22214345815325,12.5667,2.135135135135135,0.4918032786885246,0.6065573770491803,0.379746835443038,0.9333333333333333,0.569620253164557,11,1.2784810126582278,9.18918918918919,42.68817204301076,1.641852770885029,11.599707815924033,2.1176470588235294,20.0
46,F,158,52,16,66,106,31,29,54,31,23,84,36,23,32,23,20.2,20.82999519307803,1.5107025591499548,11.96,40.04,4.790898894407947,16.03909629867008,0.6226415094339622,0.4177215189873418,35.3728304573591,105.54661493002507,9.832,2.129032258064516,0.5370370370370371,0.5740740740740741,0.4393939393939394,0.7931034482758621,0.5454545454545454,40,1.2727272727272727,10.126582278481013,38.84615384615385,1.688963210702341,8.091651978849542,2.0,19.62025316455696
20,M,180,77,18,85,91,40,31,51,42,28,87,43,24,29,28,31.4,23.76543209876543,1.9621416870348585,21.560000000000002,55.44,6.654320987654321,17.11111111111111,0.9340659340659341,0.4722222222222222,19.681886287496454,119.22938882256378,14.475200000000001,2.125,0.6078431372549019,0.8235294117647058,0.36470588235294116,0.9032258064516129,0.5058823529411764,6,1.0235294117647058,10.0,40.77922077922078,1.4564007421150276,9.691358024691358,1.6111111111111112,23.333333333333332
18,F,161,74,15,77,94,33,27,55,34,25,81,38,22,31,42,26.8,28.54828131630724,1.819187852983975,31.08,42.92,11.99027815284904,16.5580031634582,0.8191489361702128,0.4782608695652174,28.01389949470525,104.19846120488425,12.0603,2.3333333333333335,0.4909090909090909,0.6181818181818182,0.35064935064935066,0.9259259259259259,0.4935064935064935,17,1.051948051948052,9.316770186335404,36.21621621621622,0.8622908622908624,10.339107287527487,2.066666666666667,21.11801242236025
31,M,166,78,18,67,104,42,32,60,39,27,104,41,24,33,24,34.1,28.305995064595734,1.8964879822099234,18.72,59.28,6.7934388155029755,21.512556249092757,0.6442307692307693,0.4036144578313253,30.626297996059414,89.67162654062446,9.9363,1.5952380952380953,0.5333333333333333,0.65,0.47761194029850745,0.84375,0.6119402985074627,37,1.5522388059701493,10.843373493975903,43.717948717948715,1.8215811965811968,12.37480040644506,1.8333333333333333,23.49397590361446
