Age,Sex,Height_cm,Weight_kg,Wrist_cm,Waist_cm,Hip_cm,Neck_cm,UpperArm_cm,Thigh_cm,Calf_cm,BodyFatPct,MuscleMass_kg
57,M,185,65,18,78,112,41,33,56,39,22,27.0
26,M,166,82,18,93,107,37,30,56,41,21,37.1
39,M,184,73,19,77,91,41,33,51,39,15,26.4
23,M,194,67,17,77,100,36,29,58,38,8,28.0
33,F,158,55,15,77,90,34,29,58,39,28,23.6
56,M,162,45,17,94,94,37,30,65,41,11,18.0
38,M,196,59,18,86,90,40,32,53,39,18,25.2
55,F,156,40,15,75,95,34,26,53,35,16,15.9
33,M,173,59,18,66,107,39,26,61,42,13,26.0
64,M,175,58,19,100,105,37,32,59,45,23,26.3
58,F,164,68,17,75,89,33,35,52,37,33,27.5
26,F,172,76,16,107,112,31,27,52,35,37,32.8
33,F,159,47,16,69,87,33,27,51,36,20,17.4
21,M,154,96,18,119,92,39,31,56,38,45,38.5
18,M,171,67,19,89,89,38,25,57,37,26,28.9
38,M,180,80,17,89,104,40,34,53,41,28,33.9
50,M,173,101,18,129,112,38,31,56,40,45,44.4
48,F,152,45,13,86,92,35,30,55,37,21,20.6
58,M,173,82,19,58,93,40,32,55,39,21,35.8
29,M,189,102,18,97,97,37,33,56,41,37,44.1
50,F,150,65,15,93,106,34,27,52,35,41,27.4
35,M,171,71,19,90,84,37,31,55,36,26,31.5
56,M,192,87,17,87,93,41,28,51,36,20,36.6
43,M,176,65,18,82,95,37,30,58,38,16,28.5
61,M,168,89,18,113,111,41,33,61,37,34,39.1
59,M,182,89,17,90,107,35,28,52,38,22,34.9
28,M,171,50,18,83,92,36,34,61,37,17,23.8
51,F,158,51,15,91,106,32,26,55,37,29,21.1
46,M,190,87,18,93,97,39,28,49,38,25,39.0
60,M,169,80,19,90,108,36,32,61,37,32,33.6
59,M,154,71,20,105,104,40,29,58,37,41,30.3
36,F,168,59,15,61,104,35,31,50,34,21,26.1
60,M,180,99,18,99,92,39,32,58,40,39,40.3
32,F,157,72,16,100,101,32,27,53,39,44,25.3
51,F,168,61,14,74,97,31,32,50,38,25,24.2
31,M,192,91,18,70,114,37,34,48,40,24,34.3
42,M,164,67,17,82,94,36,31,54,43,24,26.2
26,M,166,58,18,81,89,39,28,49,35,19,23.1
33,M,170,74,18,105,97,37,31,59,44,34,30.4
38,M,159,71,18,107,110,41,30,55,36,35,28.3
51,F,157,78,14,79,96,33,29,56,33,37,33.6
57,F,159,65,14,73,110,33,28,48,37,45,26.6
47,F,165,47,16,71,104,33,27,56,38,21,20.1
56,M,169,64,18,91,84,41,30,61,41,17,26.2
45,M,175,73,18,94,91,40,34,55,39,19,32.1
25,M,182,71,18,101,93,38,30,58,41,18,28.0
64,F,169,59,16,107,103,32,29,52,34,33,26.4
28,F,169,67,14,82,91,36,26,53,38,26,29.9
27,F,161,50,16,84,98,34,26,53,35,22,20.0
25,F,165,75,16,91,106,34,29,48,36,36,29.7
55,M,169,73,17,100,100,38,29,57,38,20,33.0
41,M,190,98,18,73,95,39,33,56,41,25,32.4
57,F,167,65,15,98,111,33,29,53,35,36,25.3
21,M,179,84,19,111,91,40,31,52,39,35,33.7
44,M,176,83,19,115,106,38,31,54,36,34,34.1
46,M,189,97,18,93,89,42,35,54,37,19,43.2
22,F,151,40,17,55,101,31,27,47,35,12,16.6
33,F,169,83,15,76,96,34,27,52,32,45,36.4
45,F,164,43,16,74,108,33,25,58,37,27,18.6
24,F,166,58,15,82,99,33,27,49,33,31,24.8
56,F,154,74,16,92,91,33,29,48,36,37,33.7
57,M,168,68,18,78,91,41,30,59,36,16,23.4
25,M,187,88,17,91,101,36,33,51,37,22,35.6
43,F,156,41,16,70,91,34,30,48,37,29,16.0
56,M,170,81,18,81,88,42,34,56,34,28,38.4
49,F,157,44,16,63,100,35,26,52,37,23,19.3
37,M,176,98,18,89,103,42,32,60,38,40,45.9
61,M,180,107,18,86,92,37,37,57,41,37,42.3
64,M,180,72,18,75,103,42,35,55,39,34,29.0
54,F,167,62,15,74,101,34,27,51,38,24,26.9
48,M,173,90,19,115,98,35,29,59,41,43,36.4
23,F,154,57,15,76,103,33,31,43,33,31,23.3
20,F,163,66,16,72,103,34,29,48,38,32,28.2
21,M,176,71,18,85,91,38,32,55,36,24,28.8
19,M,187,120,18,111,95,38,27,62,40,45,45.6
63,M,180,79,18,91,94,37,32,51,41,22,31.5
38,M,171,104,18,99,99,40,29,51,37,38,41.1
59,M,188,85,18,89,93,41,35,56,40,24,37.9
59,F,168,89,16,74,108,33,25,50,34,38,33.7
54,M,187,74,16,89,96,39,26,49,42,18,35.3
18,M,162,85,17,110,105,37,30,58,38,35,31.1
34,F,151,66,14,90,98,34,28,56,34,38,23.6
39,F,166,64,15,74,94,33,29,50,35,25,23.1
42,F,157,45,16,75,91,33,29,49,39,29,17.7
38,F,153,87,16,80,99,35,22,45,32,45,39.5
55,M,177,106,17,102,97,38,29,57,39,36,42.3
32,M,181,85,18,62,99,41,31,56,41,19,33.5
28,M,182,76,19,92,97,39,33,58,39,20,29.8
36,F,161,55,14,70,99,34,27,55,34,28,25.1
59,M,164,46,17,75,102,38,33,60,35,24,19.7
39,F,159,59,15,68,97,33,29,47,37,25,23.3
43,F,164,67,16,90,107,33,29,51,32,31,30.1
62,M,177,62,18,80,105,35,33,50,39,19,27.6
54,F,175,53,17,76,90,35,29,56,34,27,20.6
63,M,190,112,17,101,105,35,32,62,41,35,49.0
64,M,162,64,17,78,93,39,30,55,40,22,26.5
59,F,170,100,15,94,105,36,30,49,35,45,44.1
30,F,150,57,16,89,89,33,28,58,34,23,21.8
22,F,152,63,16,70,98,34,30,52,36,34,27.2
45,M,187,77,19,94,96,41,30,60,45,23,31.3
65,F,163,60,15,61,112,37,27,51,36,27,27.5
30,F,159,62,16,68,97,33,30,51,35,33,27.3
58,M,171,76,18,108,108,39,28,51,42,20,30.1
57,F,168,50,15,66,105,30,30,52,37,22,24.6
20,F,161,87,15,76,97,31,27,52,38,45,35.6
28,F,174,74,17,72,116,35,27,56,38,29,29.2
43,F,163,68,15,83,104,30,30,57,35,33,32.5
61,F,163,54,15,94,96,32,27,45,43,27,20.5
60,F,163,73,15,96,91,35,28,55,32,30,28.6
54,F,166,53,15,70,89,35,26,56,35,30,21.8
22,F,171,65,16,63,100,33,30,51,37,36,30.0
38,F,154,61,17,77,92,29,28,54,34,32,27.8
54,F,166,77,16,90,103,33,26,49,36,37,35.4
36,F,156,65,17,80,95,33,29,54,36,30,28.2
33,M,185,107,18,96,101,38,29,63,40,25,46.8
40,F,163,70,16,87,100,30,27,55,36,42,26.5
30,F,160,63,16,93,105,32,32,49,38,27,26.1
46,F,169,61,15,76,98,36,31,56,36,36,24.9
24,M,174,71,19,83,86,36,30,56,36,26,28.9
62,M,177,93,18,116,102,38,34,58,35,37,34.7
31,M,168,92,18,97,106,39,32,52,37,26,32.1
45,M,183,53,17,88,89,36,34,53,38,8,22.5
30,F,161,61,16,76,103,34,27,49,36,28,24.7
53,M,159,63,17,84,105,37,32,62,37,25,26.7
23,M,175,72,19,91,101,38,34,55,38,14,32.3
39,M,179,89,18,105,88,40,30,54,39,30,31.5
24,F,164,56,15,79,92,34,27,51,34,32,22.0
25,M,164,86,18,118,101,39,31,68,38,45,36.5
38,M,175,76,18,79,111,37,30,56,40,32,34.3
45,M,184,103,19,112,111,38,29,55,40,24,43.6
63,F,168,80,16,88,115,33,32,52,39,45,33.6
30,F,161,60,14,73,106,33,29,56,37,31,26.0
38,F,158,47,15,74,100,34,26,53,33,34,19.6
64,M,177,81,18,109,107,38,29,59,37,25,35.0
43,M,166,72,19,88,92,38,35,48,39,23,32.2
59,M,168,78,19,101,86,35,33,56,32,36,33.9
47,M,180,73,18,80,105,35,36,57,36,13,30.5
58,M,187,91,19,75,99,41,31,59,39,26,34.9
23,M,177,73,17,84,96,40,35,53,35,23,32.4
55,M,172,74,18,82,95,36,32,56,39,22,33.4
59,M,186,83,19,96,101,39,34,55,39,28,35.3
57,F,158,45,15,66,114,34,26,54,35,28,19.4
32,F,168,77,17,93,108,35,27,53,38,35,33.5
38,M,178,108,17,103,96,40,35,54,36,34,44.3
52,F,172,43,16,91,101,31,30,55,38,26,17.7
24,M,165,78,17,92,112,42,29,55,37,26,33.3
26,M,175,61,17,63,105,36,31,57,39,13,29.0
24,M,187,81,19,93,102,39,29,54,38,24,35.9
51,F,145,60,16,90,95,36,27,52,38,33,27.0
61,F,161,76,16,78,92,31,30,58,35,41,31.7
42,M,166,79,18,72,112,41,27,56,35,34,33.2
24,M,175,95,19,108,106,37,34,55,38,42,44.4
33,F,151,57,15,79,103,33,27,54,35,25,21.6
48,F,163,63,15,85,92,31,29,54,35,30,23.0
20,F,164,69,16,85,94,33,30,53,35,28,27.3
25,F,174,87,15,84,96,35,26,50,36,35,36.6
62,M,186,111,17,108,105,38,31,58,40,41,44.1
42,M,169,56,18,99,92,41,29,53,39,25,25.4
32,M,189,63,17,86,91,36,34,59,37,8,26.1
48,F,155,69,16,94,102,35,27,54,34,34,26.0
25,F,163,64,15,94,104,33,29,57,32,38,24.0
51,M,174,106,18,85,100,36,29,52,40,33,36.3
43,F,163,67,15,84,94,33,26,57,35,27,29.2
52,M,173,69,18,83,96,38,29,56,43,18,29.6
59,M,178,94,19,101,105,38,32,60,34,34,39.3
19,F,158,67,15,91,100,33,24,48,34,38,24.9
34,F,163,65,15,85,109,34,29,48,36,36,28.1
21,M,171,69,18,102,100,38,33,52,37,14,29.7
23,F,167,79,15,90,108,35,27,53,35,35,32.3
21,F,164,76,16,70,107,33,26,52,36,44,30.3
42,F,177,86,14,89,104,33,29,54,32,31,33.2
42,M,164,59,20,96,102,37,30,59,38,23,21.1
60,M,172,70,19,77,107,37,31,58,37,21,30.0
22,F,161,57,15,91,94,34,29,49,35,29,23.7
27,F,161,53,15,71,95,34,28,52,37,26,20.8
36,M,174,85,17,103,101,38,28,55,31,30,32.8
47,M,191,84,19,80,92,42,32,45,38,14,33.4
34,M,186,66,16,73,96,37,29,51,38,10,28.6
26,M,172,70,20,82,102,40,31,58,36,22,31.3
41,M,165,74,18,114,96,35,31,55,40,33,31.5
44,F,166,57,15,68,101,36,29,53,38,23,25.9
35,F,165,70,15,68,91,32,28,55,39,30,25.3
58,M,174,90,18,79,111,39,29,56,38,25,39.0
42,F,150,78,15,85,114,34,25,54,34,42,32.3
59,F,159,40,15,58,108,34,22,55,36,22,17.6
52,M,172,70,16,88,97,37,30,56,37,16,31.7
63,F,174,84,16,88,89,33,31,51,34,37,30.9
39,F,157,67,16,101,91,34,29,52,36,39,28.1
20,M,192,77,19,80,95,39,30,57,33,13,32.6
29,F,168,40,15,65,85,35,31,56,35,11,17.6
33,F,175,84,16,89,99,32,28,57,36,40,37.6
36,F,168,71,15,84,111,33,27,49,38,35,28.4
44,M,192,113,19,110,79,35,32,54,35,37,49.3
62,M,164,93,18,120,96,40,34,59,39,36,41.9
56,F,165,69,16,70,125,31,29,50,35,20,28.3
25,M,173,75,18,69,97,36,35,51,38,17,30.0
65,M,178,102,18,101,101,40,32,53,37,39,41.1
56,M,173,84,18,93,88,37,34,57,35,30,34.1
44,M,170,71,19,90,91,34,33,53,35,19,30.3
55,M,158,102,16,110,95,40,27,57,38,45,47.6
37,F,167,60,15,64,93,35,30,55,34,26,24.4
44,F,164,40,16,68,107,35,30,57,36,23,16.1
32,M,179,78,18,87,98,39,34,63,36,19,31.4
23,F,165,74,15,81,111,35,28,55,37,31,27.0
30,M,184,64,18,66,104,40,31,60,40,17,26.9
21,M,179,134,19,93,95,41,38,57,40,42,56.9
23,M,187,83,18,82,92,39,35,52,41,32,38.0
37,M,184,99,18,97,97,42,30,56,41,29,41.2
64,M,187,89,18,88,102,38,33,57,43,23,39.0
51,F,166,63,15,90,100,33,25,52,32,33,27.3
63,F,164,67,14,69,105,33,28,55,35,27,25.6
37,M,173,84,17,77,106,40,34,53,38,31,34.6
48,F,151,44,16,55,98,33,29,48,37,18,19.8
59,M,183,76,17,103,102,37,33,59,38,27,32.6
20,F,172,78,14,90,104,32,30,55,34,38,28.1
39,F,153,40,16,72,90,36,27,53,37,14,17.6
34,F,175,40,16,65,102,34,30,49,34,11,16.9
61,M,180,81,17,92,104,39,32,51,41,27,29.5
48,F,157,44,15,55,103,34,29,49,38,16,18.1
25,F,162,44,15,70,90,36,25,55,37,27,17.7
39,F,166,84,16,95,98,31,29,60,37,44,35.7
48,F,161,57,15,60,107,36,29,54,41,24,23.2
21,F,168,47,15,67,89,35,28,57,35,25,18.0
35,F,168,84,15,75,98,33,27,53,37,43,35.7
41,M,176,72,18,86,99,38,30,57,38,8,31.8
44,M,171,51,18,83,91,37,31,57,36,16,21.4
47,F,169,77,16,75,95,33,32,53,38,36,29.6
20,F,165,64,15,82,102,34,28,58,34,30,30.9
44,M,175,93,17,106,87,39,31,52,34,42,38.8
65,F,165,65,14,79,102,34,29,56,37,33,26.5
59,M,190,103,18,107,102,37,33,65,39,28,45.2
22,M,180,104,18,97,86,39,32,48,36,34,44.5
18,F,161,60,16,75,90,35,28,54,36,30,27.7
49,M,189,79,18,99,99,38,36,54,36,9,31.1
47,F,161,74,16,82,94,34,29,52,36,39,33.5
22,F,170,80,15,92,94,34,28,47,38,32,37.1
27,M,170,81,19,87,102,37,29,59,39,25,34.5
33,F,159,40,16,64,93,32,27,47,35,20,17.9
40,F,176,80,15,73,79,33,26,51,34,30,32.3
48,F,158,82,15,83,106,34,26,46,37,42,34.4
43,F,169,85,15,99,113,34,31,46,40,45,34.0
59,M,178,66,17,87,98,39,33,56,39,12,29.5
54,F,160,51,16,66,112,35,27,58,33,34,21.4
26,M,165,84,19,119,98,37,30,53,41,38,34.1
47,F,155,64,15,82,100,33,32,50,36,45,29.8
32,F,172,66,14,90,100,33,30,53,36,28,29.6
43,M,187,85,19,83,98,40,31,58,41,22,36.7
37,M,179,76,18,89,98,39,35,50,40,19,31.3
41,F,176,77,16,55,96,29,30,57,33,25,33.9
20,M,175,74,18,88,91,37,27,55,39,25,34.3
65,F,170,52,16,67,115,32,24,50,38,23,23.9
64,F,161,77,16,103,110,35,28,55,35,45,32.6
52,F,157,70,15,91,101,33,28,49,36,37,30.1
48,M,173,106,18,93,105,39,29,51,35,39,44.3
50,M,182,99,18,84,90,38,33,57,38,30,43.4
38,M,178,96,18,100,95,39,32,52,39,31,40.9
38,F,162,63,16,84,94,32,26,51,37,34,30.4
49,M,178,90,18,80,106,39,32,57,40,28,34.9
65,F,164,49,15,61,91,32,29,58,35,21,20.2
48,F,163,77,15,83,99,34,25,57,36,35,30.1
63,F,159,67,16,84,97,32,29,53,39,38,27.7
53,M,177,84,17,79,92,38,29,56,44,22,34.1
33,F,156,64,15,78,94,35,29,57,38,28,26.4
60,M,165,51,18,86,101,39,33,59,42,19,23.2
35,F,158,50,16,76,94,34,25,52,32,32,23.2
61,M,171,81,19,109,106,41,35,52,32,32,31.5
31,M,183,77,18,92,105,40,28,55,37,25,37.3
38,F,168,74,15,88,104,34,29,52,35,41,34.4
34,F,156,64,16,68,107,33,31,52,36,26,29.8
38,M,181,72,17,77,91,38,27,60,39,17,30.2
54,F,172,61,15,74,109,33,29,51,36,26,28.0
18,M,170,76,19,107,89,41,30,56,37,34,32.4
53,F,164,61,16,86,99,34,30,49,38,24,24.3
42,F,167,82,15,93,98,33,26,51,34,40,35.0
63,F,155,72,15,88,91,33,27,50,36,35,31.8
41,F,170,71,15,72,109,37,31,53,37,37,30.0
56,M,171,53,19,87,96,40,36,65,38,18,23.4
29,M,165,79,18,106,86,39,30,55,37,28,31.4
35,F,172,96,15,76,85,34,30,52,36,38,34.0
55,F,162,57,17,55,103,34,30,50,36,22,21.3
50,F,157,61,15,63,94,32,31,53,40,38,24.4
20,F,153,49,15,59,99,33,26,57,36,27,21.5
61,M,182,79,18,93,107,39,31,57,42,23,33.9
45,F,156,64,15,84,101,34,28,58,36,34,27.0
53,F,174,76,16,57,89,33,30,53,31,26,31.3
43,F,159,49,16,78,95,35,27,53,34,28,19.8
31,F,164,40,15,60,106,35,28,54,35,10,17.1
51,M,166,73,18,97,100,37,32,60,35,24,34.4
60,M,170,78,20,94,108,40,32,55,39,30,33.7
28,F,165,72,16,99,103,33,29,54,37,31,30.8
49,F,171,81,15,96,87,33,27,54,33,45,33.2
51,F,171,44,16,62,78,32,27,50,33,13,20.1
53,M,187,101,17,94,102,36,33,48,36,33,41.5
47,F,164,54,15,80,86,31,30,57,37,33,21.6
30,F,169,79,16,62,105,33,27,49,35,36,32.8
52,M,177,68,17,98,103,38,31,65,37,18,30.5
25,M,169,59,19,81,98,37,36,50,36,18,23.6
36,F,173,55,16,55,105,30,31,57,39,20,26.5
48,F,169,103,15,84,109,30,28,54,35,39,41.8
63,F,166,66,16,104,90,32,28,54,36,37,29.5
57,M,172,75,15,99,96,39,32,54,36,26,33.7
33,F,158,59,15,56,102,33,27,59,34,22,25.5
35,F,159,70,16,96,106,34,29,53,37,43,29.4
18,M,177,88,18,109,101,38,35,53,38,38,37.5
39,F,168,71,15,83,90,34,30,52,37,37,28.4
35,F,165,91,14,89,104,36,26,56,31,45,35.6
57,M,184,99,17,109,91,36,36,44,37,36,46.5
22,M,176,68,17,77,94,38,31,58,38,8,31.3
30,M,170,79,17,93,95,40,31,52,40,18,29.6
22,F,162,67,16,67,91,35,30,50,37,34,25.4
49,M,179,54,19,81,93,34,33,52,41,8,23.7
40,F,155,64,15,78,97,35,30,53,37,37,28.0
41,M,180,56,19,86,101,38,34,58,39,8,20.5
18,M,184,111,17,107,97,39,30,51,33,36,46.8
33,F,162,43,16,59,101,29,29,48,35,15,19.2
21,F,157,70,16,82,103,32,32,46,37,45,28.2
35,F,160,86,15,73,88,34,29,47,34,45,37.9
49,M,171,93,19,102,98,35,33,57,31,28,36.3
24,F,166,85,16,82,99,34,25,55,35,45,35.2
46,F,156,43,16,76,100,32,30,54,35,22,17.3
52,F,161,40,16,60,116,33,28,55,32,21,17.1
36,F,157,58,15,63,102,35,26,56,37,31,24.4
33,F,167,96,14,84,94,33,29,51,38,45,37.7
65,M,171,72,18,107,109,38,33,58,40,26,28.6
27,F,168,92,15,95,100,36,30,49,36,40,42.0
55,M,166,56,18,89,85,36,35,52,39,16,24.5
27,F,172,65,15,55,104,35,31,47,35,21,24.0
47,M,171,67,17,96,92,37,32,46,42,29,29.4
59,F,159,49,16,85,105,33,26,54,33,20,21.6
22,F,162,40,15,55,100,35,26,56,39,11,13.1
46,M,194,82,18,59,87,38,32,58,39,10,35.0
52,M,180,103,18,118,99,37,33,59,40,40,43.7
35,F,170,74,16,79,100,33,29,62,37,25,32.9
31,F,170,64,15,97,107,35,25,52,39,32,25.2
47,M,183,77,18,79,97,37,31,56,40,17,31.8
33,M,170,62,18,89,97,38,30,56,43,23,27.8
47,M,173,98,18,97,91,37,34,61,34,40,38.3
62,M,184,86,17,123,99,35,38,56,40,21,36.1
38,F,159,52,16,81,91,34,29,53,36,29,22.8
63,M,176,63,19,79,108,40,31,57,42,8,24.9
57,M,174,71,18,72,106,36,35,48,40,18,28.5
44,F,164,100,16,95,103,34,29,51,38,45,31.5
45,M,169,75,18,100,94,40,30,57,40,24,31.8
58,M,178,99,18,112,101,34,26,55,44,35,38.7
61,F,162,74,15,82,94,34,26,51,35,39,27.4
57,M,162,75,18,79,91,39,33,58,41,30,26.8
62,F,164,52,16,60,105,36,28,48,37,15,22.6
23,M,167,87,18,92,107,33,30,54,35,27,38.5
63,F,174,103,15,100,89,33,31,51,31,45,40.1
31,M,179,70,18,82,108,36,31,58,36,22,27.7
50,F,161,59,16,88,90,35,30,50,37,25,26.3
18,F,158,66,16,84,101,34,27,54,36,43,26.4
63,M,174,87,19,102,105,35,29,57,42,30,36.8
46,M,180,78,16,102,93,40,32,59,37,27,28.2
28,F,162,73,15,101,94,33,26,49,38,45,29.0
24,F,162,42,16,77,91,37,26,57,35,18,15.2
58,F,170,70,16,77,98,35,25,47,37,28,31.1
44,M,181,79,18,85,104,40,33,56,36,25,29.4
60,F,162,55,16,79,108,34,30,47,39,25,25.1
55,M,167,83,17,118,89,38,31,59,41,38,36.0
27,M,169,71,17,86,96,34,33,53,37,21,31.6
55,F,171,82,16,85,96,36,33,49,33,45,33.9
27,M,184,107,19,94,95,42,29,58,37,27,48.4
38,M,176,82,18,84,97,37,35,51,40,28,37.1
57,M,173,60,18,87,95,37,33,56,38,12,26.1
23,M,170,88,17,109,95,37,34,59,34,35,37.2
31,F,156,40,15,55,94,32,25,44,35,8,17.9
26,M,175,99,18,100,90,39,28,56,39,27,42.1
22,M,170,76,17,108,85,38,33,59,39,27,31.3
46,F,162,76,15,92,94,34,29,55,35,42,32.8
53,M,186,75,18,83,101,38,31,57,39,16,35.6
25,F,160,41,15,55,99,35,29,50,36,16,17.6
30,M,178,65,19,94,103,41,34,51,42,19,28.2
55,F,171,64,16,79,91,35,27,54,36,24,27.6
59,F,165,74,16,84,90,34,31,58,35,30,30.7
40,F,166,58,15,88,97,32,30,55,30,28,25.7
41,F,159,67,15,79,107,31,26,58,34,36,30.1
19,F,159,66,16,98,89,31,32,50,36,32,28.2
47,F,151,59,15,71,96,33,29,52,35,28,24.5
53,F,164,56,15,64,107,35,30,51,28,26,24.1
41,F,158,67,16,87,101,32,26,57,36,43,27.9
26,F,164,75,15,100,105,32,27,51,32,35,33.1
50,F,164,82,15,103,95,33,28,55,33,38,33.3
33,M,192,82,17,85,103,37,32,60,39,17,30.3
37,F,157,50,15,77,108,34,27,56,37,27,20.8
61,M,163,68,17,119,101,35,31,60,37,32,26.9
20,F,166,57,15,69,93,33,29,58,37,27,24.2
22,M,177,62,18,80,103,39,32,58,39,15,24.7
19,F,171,98,15,92,97,37,26,53,38,43,39.2
52,M,178,90,19,108,96,35,35,54,34,41,37.0
61,M,166,66,17,90,111,40,36,50,35,20,30.0
49,M,186,95,18,108,83,36,34,56,34,33,41.2
30,M,170,83,17,91,84,43,30,58,36,25,40.3
20,M,167,71,17,92,107,37,28,57,33,20,28.9
53,M,190,103,18,107,103,36,32,54,39,27,44.2
50,F,167,51,16,58,109,35,27,52,34,27,20.4
26,F,169,75,16,101,102,33,31,47,36,35,32.1
56,F,163,73,16,92,102,32,26,58,36,45,30.0
64,M,165,79,19,94,102,35,30,61,40,36,31.5
38,F,163,40,15,67,104,32,28,47,37,14,17.3
53,F,165,53,15,64,104,33,27,52,38,24,22.4
61,F,157,76,14,116,84,32,27,54,33,42,33.6
33,F,174,75,15,75,100,32,28,51,36,21,30.6
43,F,165,70,16,94,90,35,25,55,33,41,27.6
41,F,166,70,17,77,107,31,25,54,38,33,31.5
24,F,165,71,14,81,98,34,28,55,37,30,32.5
51,M,190,87,18,102,87,38,31,61,40,23,35.3
19,F,167,68,16,74,99,31,29,51,35,38,28.3
49,M,177,86,18,90,98,39,32,55,36,38,35.3
36,M,176,87,19,107,94,42,32,57,39,29,35.5
23,M,178,79,18,80,104,38,27,48,43,21,34.8
51,F,154,45,15,74,103,33,27,52,33,32,19.4
18,F,153,63,15,89,112,34,33,46,35,35,29.7
32,M,171,74,18,103,100,40,32,59,37,29,33.6
61,M,189,98,18,80,92,41,29,57,40,22,43.3
50,F,167,78,15,90,85,34,29,53,34,41,30.7
61,M,181,105,18,111,89,38,34,61,34,45,46.5
42,M,168,83,17,102,95,42,29,62,41,31,31.1
31,M,182,62,19,73,94,32,32,56,37,24,26.4
57,M,186,111,17,118,101,41,34,62,35,35,45.7
36,M,176,93,18,88,114,40,35,51,37,30,36.6
30,M,190,123,19,110,98,41,29,61,42,36,51.4
47,F,169,72,16,86,93,33,29,58,35,34,33.3
45,F,159,85,14,68,107,33,27,49,39,42,42.3
28,M,172,67,20,81,100,38,34,59,39,19,28.0
25,F,164,43,16,76,96,33,29,45,34,24,19.2
34,F,167,54,16,71,88,35,25,51,34,23,24.3
33,F,161,64,15,76,103,37,28,53,35,44,26.8
55,M,177,68,17,69,96,32,31,54,34,9,32.8
47,M,186,100,19,93,109,35,31,59,41,32,38.5
31,F,155,57,17,78,105,33,26,47,38,31,22.1
50,M,180,100,18,112,98,40,35,54,37,33,42.1
34,F,158,68,16,77,102,31,28,48,34,29,26.9
62,M,176,80,19,107,83,39,30,55,39,33,37.9
47,M,177,64,19,90,93,37,32,57,40,8,26.8
41,M,176,69,18,72,101,37,35,57,40,17,26.4
28,F,163,58,14,77,110,34,28,55,34,26,26.1
25,F,154,40,17,76,107,31,30,50,36,27,18.0
28,F,171,64,16,55,88,34,28,48,31,18,26.4
39,F,170,87,16,67,100,31,30,45,37,36,33.4
27,F,156,42,14,74,88,32,30,46,35,11,16.0
64,F,162,92,15,73,88,34,32,54,37,41,40.6
26,M,178,67,17,97,95,35,31,61,36,24,28.5
24,M,166,94,18,81,97,40,32,61,39,40,37.9
30,F,160,68,15,55,95,34,31,55,34,24,24.4
24,F,162,53,16,92,105,35,26,53,34,30,23.8
61,F,163,75,16,89,102,33,29,51,33,43,31.3
53,F,162,83,15,94,108,34,27,54,34,45,32.0
57,M,184,77,17,69,85,37,32,68,39,18,30.9
36,F,159,55,15,87,101,32,26,54,36,15,24.4
40,M,177,106,18,104,95,38,29,49,39,45,41.4
41,M,180,67,19,89,95,40,32,60,43,20,31.9
45,F,158,65,15,73,99,34,29,51,35,34,24.8
33,F,163,80,16,89,108,29,25,49,35,36,36.0
56,M,186,82,17,86,103,38,37,63,40,19,31.4
47,M,165,53,18,61,100,35,33,56,39,15,20.2
50,F,154,40,15,55,95,31,26,48,39,10,17.0
52,M,182,72,16,83,95,38,35,52,39,18,31.2
55,M,157,83,19,118,93,38,32,57,37,38,35.4
53,F,167,63,16,88,99,33,30,51,35,35,22.3
41,F,160,66,15,80,103,33,23,50,35,31,29.9
18,M,172,83,20,102,102,39,33,55,39,28,36.1
18,M,186,97,19,112,104,37,31,58,39,33,39.3
45,F,160,59,15,88,119,32,29,56,34,29,22.4
25,F,161,66,16,102,84,33,29,49,36,40,26.1
29,M,192,71,18,85,97,37,31,61,39,21,28.8
34,F,164,78,16,86,110,33,28,49,34,35,35.4
53,M,179,83,18,95,108,36,31,56,37,29,34.8
52,M,181,73,18,93,98,39,33,57,43,22,28.0
40,F,165,76,15,70,101,36,30,49,35,30,33.1
31,F,166,70,15,89,109,32,25,53,35,29,34.1
42,F,157,81,14,70,108,32,27,55,36,45,31.9
39,M,181,71,18,111,100,39,34,54,40,19,32.0
48,F,159,60,15,79,109,33,25,50,36,27,25.2
25,F,161,74,16,85,99,33,33,53,36,32,30.5
23,F,164,62,16,95,105,33,27,57,36,31,26.7
18,M,162,48,18,77,94,37,30,53,35,17,20.2
44,M,174,80,18,92,103,39,33,51,37,30,32.2
37,M,176,57,19,71,95,42,31,53,37,23,27.0
47,M,182,93,20,104,94,39,33,55,40,29,40.5
29,F,162,47,16,80,108,33,31,53,39,17,17.5
23,M,163,82,18,108,105,37,32,56,36,43,35.4
30,M,160,58,19,98,103,37,37,53,39,25,22.1
37,F,154,53,13,87,107,34,30,57,35,36,24.9
52,F,160,46,15,69,93,35,24,50,41,20,21.9
49,M,171,83,18,105,91,37,32,48,38,35,34.3
32,F,159,71,16,96,105,36,28,54,37,30,28.1
20,M,182,99,18,110,94,42,34,56,40,37,40.4
30,M,184,86,18,91,105,37,31,58,40,23,33.2
30,F,168,65,16,84,99,32,31,61,35,27,26.7
19,M,170,93,17,106,91,38,31,56,40,34,38.7
27,F,167,98,16,91,95,33,29,58,35,44,44.5
32,M,172,53,19,87,91,38,33,52,38,16,21.3
36,F,157,62,15,75,106,33,26,53,39,33,23.2
33,M,178,84,19,91,94,38,32,52,40,27,37.0
35,M,164,47,17,78,105,37,30,56,38,10,18.5
24,M,189,118,18,115,99,38,37,57,37,41,46.1
19,M,175,81,18,97,94,40,32,55,37,27,31.8
61,F,167,61,14,88,99,33,25,50,34,30,27.5
39,F,165,80,16,87,101,34,28,51,34,43,32.0
39,M,178,88,19,86,97,42,30,65,39,20,39.0
64,F,157,40,16,79,100,32,28,51,36,20,16.7
21,M,172,64,19,84,93,36,32,58,40,17,26.3
41,F,164,53,15,73,99,35,26,59,35,27,23.8
43,M,182,84,19,97,88,38,33,59,40,27,32.5
35,M,176,111,19,105,91,35,32,60,35,42,47.0
31,M,183,102,18,84,99,39,29,55,41,31,41.5
40,M,159,92,18,96,89,35,34,53,33,42,35.5
32,F,162,48,15,70,108,34,27,51,34,21,18.9
34,M,178,77,18,77,92,38,35,58,34,24,30.8
62,M,176,93,18,85,105,40,32,62,37,29,37.1
51,M,166,98,18,103,93,39,27,55,38,44,34.7
39,M,176,75,17,80,105,40,33,60,39,25,29.5
63,F,171,79,15,78,102,36,27,48,35,29,28.4
50,F,160,40,15,55,92,33,27,50,38,14,19.3
58,F,158,52,16,80,100,34,29,56,35,28,20.5
39,F,169,56,16,78,105,31,28,57,36,35,23.9
46,M,177,92,18,111,90,36,35,49,38,33,36.7
35,M,188,77,17,78,90,34,34,51,38,19,32.5
65,F,156,40,15,74,108,36,33,55,39,23,16.3
27,F,158,49,16,77,91,33,26,52,33,29,16.4
26,F,157,53,16,72,98,33,27,53,34,24,25.4
19,M,182,86,19,88,105,40,32,59,33,24,37.7
63,M,167,73,18,106,99,36,30,53,35,18,28.3
18,F,177,72,16,78,99,34,29,48,35,31,27.8
54,M,191,126,17,104,90,38,30,55,36,32,53.5
35,F,167,61,14,70,96,35,30,57,36,34,25.7
51,F,173,76,15,58,108,31,30,54,36,37,34.5
23,M,187,96,18,85,103,42,33,60,40,21,44.7
34,M,183,83,19,96,100,36,28,63,38,24,35.0
54,M,164,60,18,90,103,36,34,57,36,16,25.1
49,M,188,77,19,101,81,37,36,55,37,24,31.5
34,F,159,76,15,82,107,31,28,58,34,34,32.3
21,F,158,58,15,79,105,33,26,52,34,30,24.4
23,M,181,87,17,100,90,40,30,55,40,32,34.6
33,F,163,56,16,69,103,34,28,52,39,23,21.2
50,M,180,86,19,104,101,39,31,54,33,28,28.2
65,F,166,73,16,72,107,36,27,48,37,37,28.0
48,F,171,53,14,68,106,33,28,46,36,30,19.6
19,F,161,69,15,73,115,34,31,57,33,38,29.7
20,M,159,76,18,92,90,40,29,56,40,32,35.4
40,M,171,81,18,86,86,38,32,57,37,23,33.2
40,M,167,78,18,98,110,36,33,63,40,29,33.0
40,M,187,91,17,99,103,36,31,56,35,30,37.0
49,F,159,40,16,73,98,34,31,53,38,26,16.9
43,F,167,63,16,55,102,35,24,48,32,16,29.2
60,M,179,75,18,111,105,42,30,51,35,34,30.3
56,F,166,63,15,97,104,33,32,52,34,42,23.3
36,F,160,63,16,89,93,31,31,54,33,24,27.6
60,F,158,41,15,62,105,34,26,54,36,17,19.1
22,F,157,63,15,78,93,33,27,48,35,29,28.1
40,M,187,89,18,82,97,36,30,54,39,25,37.1
22,F,169,58,15,80,95,33,26,55,34,24,22.8
39,M,177,94,18,101,96,40,32,54,39,29,33.0
57,F,162,87,15,97,103,32,28,50,36,45,34.2
21,M,178,95,19,101,94,40,31,59,40,32,43.2
25,F,165,71,16,86,108,35,28,50,39,30,30.1
40,M,185,87,17,95,94,35,29,49,43,27,36.5
38,F,161,61,14,85,81,34,27,52,38,31,23.5
45,M,176,91,18,86,95,37,32,53,40,28,38.7
36,F,158,69,17,79,100,32,28,49,32,34,30.6
46,M,186,82,19,98,103,42,32,51,39,30,32.9
19,F,171,63,15,82,91,34,32,61,34,24,28.2
23,M,170,50,20,101,109,37,34,57,36,17,19.4
51,M,177,90,18,108,110,40,33,58,37,38,41.1
28,M,177,72,19,100,93,38,31,61,40,24,34.7
46,M,178,80,18,95,89,37,33,60,41,14,34.6
20,M,172,74,18,73,113,40,31,55,39,35,31.5
59,M,173,54,19,89,109,38,32,60,41,17,25.2
47,F,158,60,16,76,94,33,28,50,33,24,26.4
18,F,176,73,15,89,113,35,27,50,35,32,30.2
45,M,169,89,17,113,96,36,30,53,37,30,35.6
38,F,151,40,17,61,103,36,32,51,35,16,17.4
65,F,152,69,15,85,103,32,31,55,34,38,30.5
63,M,176,89,19,110,97,38,34,57,36,37,35.7
63,M,173,52,18,66,90,38,34,62,42,8,20.0
41,F,167,58,16,81,100,33,28,54,31,28,25.5
49,F,162,62,15,77,89,31,28,53,35,24,26.5
44,F,167,53,15,75,99,33,29,51,31,28,23.3
55,M,173,66,19,93,96,39,31,59,40,24,25.4
60,M,179,79,17,93,97,39,31,59,35,25,35.5
55,F,152,51,16,85,111,34,26,55,36,29,20.2
63,F,164,62,15,67,102,34,27,54,36,27,25.9
45,F,166,83,16,104,114,33,22,57,34,39,31.6
27,F,161,77,15,108,99,33,29,50,35,40,36.6
20,M,170,105,17,96,103,38,30,52,39,36,44.7
27,F,168,81,16,82,107,34,28,59,35,32,37.0
45,F,160,55,15,79,93,32,26,55,40,31,23.3
32,M,176,107,19,102,95,40,30,58,41,35,45.0
51,F,154,67,16,55,87,35,28,54,35,32,31.8
23,F,163,46,16,71,92,32,27,54,34,24,20.2
55,M,175,101,18,105,102,40,33,65,38,40,43.3
63,M,180,62,18,71,90,40,32,59,37,18,27.6
53,M,179,81,17,86,100,38,36,55,39,19,30.5
57,F,157,46,15,74,104,35,29,57,34,25,20.2
29,F,168,83,15,90,116,36,26,54,33,40,35.7
59,M,188,77,18,103,91,35,33,59,39,20,32.8
18,F,154,40,16,80,107,34,28,54,36,21,16.0
39,M,171,80,18,68,87,43,29,54,35,19,35.3
60,M,182,107,19,96,96,33,32,60,36,38,47.9
33,F,160,52,15,82,98,36,26,55,32,31,20.1
34,M,185,107,20,105,104,38,34,57,42,36,45.0
58,M,161,61,19,89,94,35,36,60,37,15,24.9
47,F,178,50,15,87,96,34,28,52,37,23,21.0
63,M,172,88,18,115,101,36,30,52,37,34,39.4
42,M,166,94,18,104,107,39,32,60,37,45,39.4
54,M,176,67,20,85,108,37,39,57,41,24,26.7
21,F,161,60,15,63,101,32,30,48,37,26,24.7
42,M,166,63,17,87,86,40,31,54,40,15,28.7
44,F,155,66,15,95,95,33,29,55,36,35,27.2
22,M,171,61,19,85,94,37,30,55,40,25,24.5
47,M,174,90,20,100,91,39,33,53,40,24,43.1
36,F,170,56,14,95,85,34,28,42,36,22,25.1
46,M,175,101,17,105,101,39,33,53,38,33,43.7
50,F,169,49,15,74,98,30,28,49,36,19,21.1
28,F,158,82,16,96,105,33,29,53,38,45,34.8
46,F,165,71,16,71,104,37,27,53,35,27,30.7
26,M,188,84,18,72,97,38,34,57,41,22,37.0
49,M,176,71,17,77,98,39,32,61,37,15,27.9
43,M,180,102,17,92,94,34,33,46,32,34,37.0
61,F,161,56,16,75,90,33,28,54,34,22,22.4
33,F,159,74,16,73,99,33,31,55,33,42,33.2
31,M,164,61,17,85,92,33,31,57,40,25,26.8
35,F,164,95,15,82,95,34,27,55,37,45,35.7
55,F,162,52,16,66,107,35,27,51,37,28,20.9
32,M,179,118,19,110,109,32,34,54,38,43,51.2
30,F,172,44,15,59,92,32,29,51,36,18,17.3
46,F,172,109,16,108,121,34,28,50,33,45,45.1
54,F,169,40,16,64,107,33,27,56,33,22,16.4
44,F,170,57,16,78,85,36,27,52,34,22,25.5
38,M,188,58,19,98,105,38,29,60,35,9,25.5
36,F,165,78,16,91,111,35,31,51,36,45,31.4
58,M,177,62,17,95,110,38,36,55,39,15,26.6
38,M,175,117,19,89,88,37,32,52,38,45,51.3
18,M,189,90,18,84,99,38,28,53,36,33,34.3
60,M,178,80,17,80,92,35,35,60,39,23,37.4
42,F,167,54,15,73,102,34,25,51,35,24,24.2
33,F,158,48,16,65,97,34,30,54,35,21,20.0
64,F,171,71,16,64,92,31,25,48,33,33,31.1
62,M,189,121,18,113,102,38,30,54,37,37,54.2
33,F,162,63,17,92,98,33,30,52,37,45,25.8
65,M,177,83,18,100,89,38,31,56,41,29,31.4
28,M,190,97,17,102,92,40,35,58,39,25,37.8
42,M,181,94,19,91,97,39,31,59,43,21,39.3
24,F,172,56,16,91,86,33,29,46,37,34,23.6
26,M,178,82,18,98,109,39,31,51,39,24,36.2
37,M,169,104,18,104,90,34,34,55,36,39,40.8
52,F,157,103,15,106,99,33,28,49,35,45,44.2
31,M,176,91,18,101,90,41,31,61,39,37,42.8
34,F,159,46,16,79,105,34,26,54,33,28,15.2
42,F,176,74,16,85,94,35,28,53,36,35,31.3
41,M,180,81,18,82,102,39,29,51,39,25,36.7
49,F,159,79,15,86,107,32,25,56,33,38,35.3
58,F,177,72,16,70,75,34,25,52,32,32,29.4
29,F,171,76,16,79,95,34,30,49,38,38,36.2
33,M,178,63,18,102,99,39,29,55,41,17,25.7
26,F,162,60,14,75,96,33,28,49,35,33,24.1
52,F,168,53,15,98,104,35,31,51,35,26,20.2
46,M,174,65,19,74,85,32,28,57,36,22,27.6
40,M,175,107,17,119,100,40,27,53,37,35,42.2
43,F,165,42,15,76,103,35,27,43,37,19,15.9
25,M,180,65,18,74,103,37,33,56,39,8,27.0
22,M,179,81,18,87,110,39,33,53,37,18,32.6
33,M,178,81,18,89,115,37,30,49,39,23,32.7
54,M,169,67,19,71,93,39,32,55,43,23,28.1
63,F,158,72,15,100,93,34,26,50,36,30,31.0
29,M,186,98,16,90,108,37,33,53,38,27,43.3
48,M,181,66,19,97,93,41,34,55,39,14,27.4
49,F,169,76,17,94,106,30,26,50,37,42,31.0
49,M,173,86,17,98,103,39,31,57,38,35,40.4
53,F,158,41,15,89,108,32,26,53,36,18,15.5
21,M,188,60,18,79,91,41,33,60,38,12,23.2
37,M,173,78,19,69,95,40,34,53,42,32,28.6
33,F,159,79,15,80,111,35,31,53,40,45,33.1
28,M,179,85,19,87,106,40,34,52,38,35,34.6
34,M,180,107,17,95,93,39,32,61,40,31,43.8
49,M,188,112,18,79,82,39,33,59,41,36,43.0
58,M,182,50,18,94,96,40,33,58,39,12,20.2
42,F,164,66,16,65,93,33,26,50,36,27,31.0
43,F,159,64,15,71,113,32,29,57,36,24,28.0
42,F,159,73,15,97,95,34,24,53,34,42,32.1
52,F,152,41,16,58,100,36,29,53,36,20,17.0
63,M,174,84,18,106,104,41,31,54,38,25,35.2
46,F,168,54,15,76,107,34,28,51,37,21,24.2
61,M,181,104,18,82,95,37,31,61,40,31,49.5
21,M,172,90,17,114,98,40,32,52,42,45,33.0
24,F,163,58,15,73,96,36,32,53,37,27,23.4
42,F,166,76,14,66,108,34,26,52,33,36,30.8
27,F,163,77,15,83,113,32,28,55,33,39,33.3
55,F,158,60,16,79,103,32,29,57,35,29,25.4
32,M,176,105,19,111,86,41,30,53,40,41,43.7
51,M,188,81,18,104,92,42,32,53,41,34,33.7
21,M,175,87,19,101,90,37,32,60,39,28,36.7
47,M,168,77,19,93,99,37,30,58,36,31,32.4
37,M,162,79,18,107,95,40,31,46,38,37,36.1
63,F,166,68,15,66,108,33,23,48,32,26,28.0
39,M,161,74,16,112,107,41,33,54,43,32,29.3
29,M,179,81,19,106,94,39,31,57,43,23,32.0
46,F,161,91,16,79,106,34,23,50,36,45,37.9
26,M,176,89,18,84,96,40,32,54,41,27,43.6
21,F,165,56,15,71,120,36,25,47,33,27,23.2
62,M,175,70,19,82,110,36,29,56,40,19,28.5
59,F,172,61,16,77,92,33,28,47,34,25,28.8
58,F,160,65,16,79,108,34,27,50,35,39,25.1
21,M,183,82,19,95,105,40,37,61,37,26,34.2
61,F,150,63,16,94,96,33,32,48,36,40,28.4
50,F,152,54,16,57,91,33,26,56,38,36,22.2
18,M,172,64,19,103,80,37,29,55,36,21,26.8
36,M,185,70,17,95,112,42,34,54,38,23,27.7
22,M,166,79,19,98,87,39,33,58,35,33,31.1
53,M,178,111,18,106,103,39,31,54,36,44,45.2
65,M,197,121,19,93,106,43,34,59,38,34,52.9
21,F,149,56,16,60,106,34,28,57,40,24,24.5
35,F,169,67,16,82,100,34,25,50,34,25,29.9
40,M,175,101,18,115,97,40,29,56,44,35,45.7
49,F,167,61,15,87,91,32,30,45,36,30,23.8
24,F,164,58,15,69,102,34,27,55,38,30,25.0
61,M,164,84,17,94,101,39,34,51,37,28,36.6
62,F,158,63,16,92,97,33,30,47,35,39,24.9
49,F,166,54,15,64,106,32,27,47,36,19,20.1
37,M,157,51,19,102,100,37,33,56,39,29,22.9
55,F,164,88,15,102,111,33,31,53,31,43,33.6
54,F,168,65,16,78,102,33,29,53,31,34,24.3
20,F,158,62,15,73,101,34,30,52,38,30,28.2
40,F,158,67,17,61,94,33,25,45,36,22,27.5
59,M,173,73,17,93,110,37,33,55,38,17,30.6
44,M,184,70,18,73,109,40,37,54,40,22,26.9
33,M,173,70,17,84,93,34,28,61,41,19,27.6
29,F,177,70,15,98,102,37,30,49,36,28,30.7
18,M,177,85,19,114,95,36,37,54,40,30,35.2
23,F,160,59,16,90,91,33,27,48,34,32,23.8
51,M,182,71,19,100,94,37,32,51,40,11,27.1
28,M,186,102,18,118,104,42,34,57,36,39,46.6
44,F,153,56,16,96,103,32,27,51,35,21,24.0
64,F,164,68,16,68,82,33,28,56,35,30,30.0
53,M,180,97,18,97,101,34,30,57,41,29,43.0
40,M,161,93,17,94,97,39,37,65,38,42,40.6
63,F,174,76,16,78,94,33,30,57,36,30,32.9
62,M,170,53,16,71,93,38,30,55,38,10,20.8
55,M,180,78,17,82,98,37,34,52,37,25,31.1
18,F,152,61,16,85,111,32,28,53,37,29,24.3
61,F,165,84,16,75,105,34,28,51,36,41,35.2
38,M,174,100,18,84,95,38,33,60,41,30,38.9
47,F,166,44,14,76,79,34,27,54,39,20,17.5
47,F,172,86,17,95,96,35,30,51,39,41,36.2
45,M,172,86,18,105,95,35,28,61,39,32,34.6
57,M,179,64,19,97,92,42,31,61,32,13,26.7
18,M,183,64,18,94,91,37,34,61,37,23,21.3
31,M,174,95,18,118,96,39,29,63,37,43,46.8
51,F,163,68,15,84,125,33,26,51,34,31,26.9
59,M,176,100,18,118,102,42,29,62,37,39,34.5
32,M,178,75,18,97,93,38,34,56,39,17,32.7
25,F,155,52,15,61,108,34,27,52,36,26,24.1
25,F,169,64,17,83,97,35,28,59,32,31,23.1
30,F,153,68,16,79,111,36,24,53,35,26,29.2
26,F,164,56,15,73,105,35,27,57,37,35,21.2
24,F,155,41,16,69,111,32,28,55,36,25,18.7
55,F,163,67,15,82,95,32,28,58,36,38,30.6
46,M,182,79,17,77,94,37,34,55,37,22,36.0
53,M,175,98,18,112,98,39,35,53,39,39,39.0
27,F,167,93,16,94,101,35,28,52,34,38,42.2
42,F,177,81,15,88,103,32,29,54,36,35,35.3
28,M,184,82,18,97,111,39,32,61,41,24,38.1
27,F,167,65,17,80,107,34,27,54,37,30,28.5
18,F,160,44,16,66,108,36,28,54,36,24,16.5
51,F,167,98,15,92,97,35,30,51,38,45,43.3
46,F,161,66,16,73,125,33,25,52,37,35,26.1
46,M,165,81,18,98,99,42,28,58,37,37,28.6
32,F,160,81,15,68,101,34,30,52,37,39,32.2
64,M,171,84,19,108,94,40,29,57,41,33,38.7
55,F,163,83,16,94,105,32,27,50,35,38,37.2
30,M,175,82,19,83,96,39,34,54,41,24,35.0
25,F,161,40,15,60,84,34,25,50,36,22,19.5
38,M,190,77,19,83,95,40,33,49,43,22,34.2
65,M,175,86,18,102,86,38,35,53,36,34,35.4
43,M,177,55,18,67,105,40,34,52,39,14,22.4
38,F,162,54,15,66,88,33,25,54,38,28,22.2
64,F,161,58,15,87,100,31,27,52,34,36,21.4
37,M,178,74,18,70,97,40,32,63,39,22,32.7
35,M,172,61,18,91,95,38,34,53,41,15,23.4
56,F,163,48,15,68,104,35,29,58,33,24,21.3
23,M,178,84,18,117,100,39,33,55,40,25,36.1
33,M,164,88,19,95,98,38,32,58,33,39,37.4
25,M,171,59,18,93,92,41,32,59,41,20,25.4
62,F,167,68,15,79,92,35,28,50,35,36,27.4
63,M,169,50,18,92,96,39,40,52,41,8,20.9
47,F,173,83,15,98,111,35,29,55,34,41,37.8
41,M,175,94,17,110,88,38,32,54,39,40,40.8
65,M,168,104,18,107,110,38,32,61,35,45,41.7
19,F,166,58,17,81,111,33,29,46,38,30,22.1
34,M,176,88,18,98,104,35,34,59,42,25,33.6
32,M,166,75,19,89,103,38,31,60,39,30,33.7
62,F,161,69,15,63,113,34,29,49,34,34,28.3
39,F,169,82,17,67,99,32,28,49,34,35,34.9
27,F,154,45,16,85,88,35,26,57,35,22,17.9
62,F,168,76,16,92,101,34,28,51,36,38,29.1
36,M,169,83,16,103,88,38,36,55,41,35,30.8
43,F,166,74,15,67,100,36,29,51,36,40,28.5
38,M,181,92,18,85,100,42,30,53,38,28,39.5
39,M,171,88,16,96,96,39,31,59,38,29,36.3
56,F,165,72,16,84,91,31,31,52,37,40,31.1
25,M,185,90,17,101,94,38,30,47,36,29,38.1
38,M,185,116,18,119,96,38,30,53,43,38,50.2
52,M,177,89,19,115,100,39,32,62,37,34,40.7
53,M,182,87,19,86,106,40,35,55,41,27,32.7
54,M,174,93,17,92,97,39,32,54,37,37,41.4
42,M,180,59,18,98,93,37,28,59,35,17,24.2
45,F,166,90,16,92,92,33,28,45,37,42,40.9
36,M,170,102,18,105,97,39,28,61,40,40,36.5
61,M,187,88,17,97,99,38,30,51,42,16,35.2
23,M,169,71,18,89,102,39,29,57,39,21,28.1
42,F,159,42,16,93,113,34,28,56,35,27,18.2
65,M,174,75,16,111,94,37,33,53,36,23,30.6
49,F,158,68,16,57,110,36,27,49,36,35,27.7
53,F,167,62,15,71,101,34,31,58,35,24,23.7
62,M,181,81,18,78,103,36,31,52,42,19,33.3
31,F,166,75,15,91,110,35,26,47,32,33,29.3
44,M,184,117,19,101,100,42,40,57,38,41,52.8
61,F,162,59,16,55,87,32,26,53,37,28,24.9
30,F,168,80,17,58,95,32,26,54,36,29,32.9
60,F,164,64,16,94,104,34,30,52,36,39,28.5
58,M,178,77,17,86,97,37,30,53,45,28,29.0
19,M,186,92,17,106,94,39,27,62,38,29,37.6
55,F,176,65,15,92,102,34,27,48,37,30,29.3
53,F,163,79,15,95,92,34,27,50,36,45,34.9
48,M,185,72,19,91,95,34,31,55,42,20,29.0
58,M,174,79,18,104,98,37,37,53,36,23,29.3
46,M,186,97,18,99,93,39,34,53,41,35,33.8
50,M,187,80,18,102,111,37,31,59,41,20,37.1
51,F,155,59,15,71,109,34,29,52,36,35,25.9
58,F,166,73,15,71,95,34,29,52,35,19,30.0
48,F,164,40,17,81,118,35,30,47,35,21,18.1
38,F,167,70,15,71,115,34,31,52,33,33,34.6
26,M,175,82,18,85,83,35,31,50,40,25,30.3
28,F,156,74,15,88,117,35,27,54,32,44,31.4
38,F,156,42,16,57,83,33,27,52,34,18,19.8
63,M,177,79,18,84,106,41,34,57,40,27,32.0
45,M,192,74,16,80,108,38,31,53,39,26,38.2
27,F,169,56,15,62,100,32,30,50,34,12,23.4
58,M,166,95,17,103,100,37,31,55,36,44,43.2
19,M,171,61,18,90,100,39,38,65,32,15,26.3
58,M,177,99,19,100,105,42,30,58,42,41,44.6
60,F,156,58,15,77,114,32,28,52,36,30,24.6
58,F,155,70,17,81,102,32,25,60,38,37,27.1
30,M,184,85,18,92,100,40,36,57,42,25,39.7
22,F,178,83,15,85,109,36,25,54,39,31,32.4
43,M,174,91,18,104,93,40,31,53,43,31,35.8
48,F,146,40,15,73,107,35,29,47,33,17,15.5
20,M,180,89,17,98,91,36,33,58,41,25,41.0
43,M,183,78,18,94,85,41,40,61,38,27,37.2
40,M,190,85,18,102,95,39,36,55,38,27,35.2
63,F,167,65,15,68,113,35,30,47,37,28,27.7
61,M,183,95,19,93,93,37,34,51,38,35,38.3
60,M,170,64,19,97,91,38,32,60,39,12,26.9
19,M,178,63,19,86,87,40,33,61,34,16,25.3
21,F,168,54,15,85,103,33,29,53,33,25,23.0
21,F,155,56,15,91,85,30,28,49,39,29,24.2
52,M,186,92,17,105,97,37,28,62,38,24,40.7
43,F,178,62,16,80,113,32,26,50,35,20,26.2
24,F,169,96,15,81,119,33,29,50,33,43,38.1
19,F,168,57,16,79,98,31,29,55,35,27,24.3
19,F,174,71,15,71,106,33,26,48,35,21,31.9
35,F,154,61,16,84,94,33,29,59,36,23,25.4
51,M,170,77,18,98,98,36,33,56,37,32,34.9
58,F,158,58,16,95,112,34,27,47,37,26,22.4
62,F,170,92,15,59,91,34,28,56,37,40,38.3
20,M,179,107,16,95,92,40,31,62,40,35,44.5
47,M,178,78,20,97,102,41,32,64,36,34,28.3
34,M,184,93,18,77,92,41,38,58,39,23,37.3
36,F,165,61,16,97,104,35,27,48,37,31,28.4
22,M,182,72,16,88,99,38,33,55,33,14,28.7
52,M,177,69,17,85,91,39,36,53,38,16,27.6
43,F,167,59,15,64,96,32,28,58,33,18,24.9
27,M,187,82,19,70,99,38,35,49,37,23,36.2
26,F,159,60,15,79,96,33,28,51,36,31,24.8
29,M,178,57,17,79,98,40,33,54,37,10,26.4
51,M,177,118,18,113,99,39,31,58,33,45,48.6
50,F,158,46,15,57,89,34,25,51,37,11,21.6
51,F,173,85,16,86,87,34,26,52,32,45,37.0
61,F,170,68,16,78,100,35,27,48,37,24,28.6
53,M,189,74,17,89,110,37,36,52,37,17,31.3
18,F,176,65,16,83,91,33,31,54,38,22,27.1
46,F,160,87,15,79,99,33,27,56,36,42,40.6
56,M,184,89,19,87,91,41,34,53,38,29,43.6
55,M,171,83,19,77,100,39,31,56,36,25,33.9
38,F,167,69,16,80,91,34,31,59,35,28,27.8
45,M,168,84,17,123,97,37,31,65,39,36,36.8
41,F,166,49,16,73,104,32,24,54,34,20,19.7
48,F,159,73,17,86,104,33,30,50,38,36,30.3
62,M,160,72,18,104,99,37,34,58,37,30,35.4
37,M,163,74,17,93,93,44,31,63,39,25,30.6
50,F,163,79,16,82,103,36,27,54,35,41,32.3
46,F,156,51,15,73,92,34,33,51,32,25,22.0
31,M,168,86,18,72,100,37,32,50,38,24,39.7
29,F,174,81,16,85,98,34,27,56,38,34,36.0
20,F,167,40,15,71,110,34,27,52,35,8,18.0
31,F,161,55,16,77,82,31,28,46,36,29,23.0
42,F,167,60,14,73,98,34,30,56,38,29,26.4
51,M,171,54,19,74,96,36,33,60,36,12,25.1
51,M,185,84,17,90,103,40,30,57,40,28,34.4
18,M,172,76,18,83,97,37,30,61,37,22,30.7
29,F,161,81,16,87,98,32,28,54,35,36,34.0
48,F,164,61,15,102,111,35,31,51,36,33,27.1
31,M,174,84,18,91,97,40,40,53,35,26,36.9
43,M,177,83,18,84,86,40,32,54,42,27,35.8
29,M,182,78,17,93,93,35,31,53,38,21,34.2
39,F,164,62,16,64,102,36,28,51,35,20,29.3
24,F,166,80,15,59,98,33,27,49,33,30,32.3
65,F,163,48,16,85,104,32,29,48,37,23,20.4
62,F,162,46,16,59,88,30,27,56,34,17,20.1
30,F,164,64,16,78,90,33,28,52,36,27,26.5
55,F,153,59,15,72,100,37,29,51,33,39,24.2
58,M,177,104,18,88,104,38,34,57,38,37,43.9
46,M,167,71,17,90,96,39,32,58,39,22,29.0
43,M,183,91,19,94,97,41,33,61,39,19,36.8
31,M,180,107,18,96,91,40,34,62,41,44,45.9
41,F,159,72,17,78,99,32,29,50,35,42,27.3
51,F,165,79,16,83,101,34,29,54,38,38,31.5
23,F,162,55,16,77,96,33,28,52,34,26,23.2
51,F,153,59,15,82,103,35,28,49,36,35,24.9
64,M,171,83,17,106,109,38,34,50,39,29,36.0
28,F,162,55,14,62,102,33,27,64,38,31,24.5
55,M,184,87,18,96,103,38,31,58,42,17,36.5
45,M,167,66,17,102,87,41,37,52,42,18,28.5
51,F,156,60,16,92,95,31,30,56,31,38,26.3
37,F,164,64,16,90,99,33,30,48,36,20,26.6
23,M,169,81,19,112,100,41,36,54,40,35,32.6
29,M,188,72,18,82,103,40,29,57,38,22,31.5
27,M,169,77,19,95,96,42,29,57,36,25,30.2
52,M,178,91,17,105,98,36,34,58,44,29,42.8
64,F,162,55,15,88,104,32,28,51,38,24,23.0
41,M,172,108,19,100,95,37,31,58,38,39,40.3
37,F,158,52,16,79,102,33,32,54,36,22,20.7
49,M,173,78,18,104,99,39,30,55,37,34,28.8
65,F,160,58,15,83,103,34,32,53,39,28,23.9
33,M,177,115,18,99,101,40,33,53,38,40,47.1
38,F,152,64,15,110,94,35,27,56,36,45,24.7
49,M,162,76,18,106,92,38,31,55,38,24,31.2
47,M,184,66,19,98,97,33,32,54,39,16,27.4
31,F,165,69,15,80,91,35,27,51,34,44,31.4
30,M,179,70,18,85,92,37,36,53,42,21,27.8
26,M,172,77,18,107,108,38,31,58,40,24,35.2
56,F,162,46,15,56,75,33,27,49,35,15,20.3
47,M,184,106,19,108,110,37,33,55,40,38,44.5
33,F,171,80,16,85,102,34,25,50,35,29,33.2
52,F,167,80,16,90,113,34,26,50,35,36,36.7
26,M,182,103,17,100,90,39,32,55,40,33,41.8
62,F,155,63,15,91,103,33,29,52,35,45,26.6
53,M,173,90,18,97,106,37,32,50,37,35,34.5
28,F,166,72,15,86,111,32,29,53,38,35,29.9
23,F,168,81,16,66,99,33,28,54,35,31,37.5
48,M,181,86,18,121,98,41,26,53,42,27,36.8
55,F,154,70,15,86,101,32,30,51,34,44,30.6
63,M,179,91,18,91,95,40,33,58,36,29,32.6
47,F,153,58,15,77,107,34,28,53,34,26,21.8
31,M,173,84,19,103,90,38,32,54,37,28,34.6
18,F,163,46,14,89,102,33,29,54,33,25,18.5
26,F,154,75,16,88,87,35,29,54,37,45,33.9
19,M,182,83,19,97,107,39,38,54,38,25,33.5
53,F,159,62,16,81,113,32,28,52,36,43,29.5
18,M,179,92,18,111,102,39,39,59,35,25,40.4
29,M,176,78,19,102,97,38,34,60,36,22,33.1
19,M,182,75,18,82,95,41,29,55,39,15,26.1
18,F,158,52,15,80,111,32,26,55,34,30,17.6
42,M,158,98,18,93,101,36,36,53,40,45,42.4
47,F,152,40,13,61,106,32,28,58,38,23,16.3
52,F,160,55,16,70,95,34,24,49,33,19,21.8
45,F,167,66,15,68,98,34,26,54,35,33,28.1
41,F,172,72,14,80,116,32,26,53,33,32,30.6
27,F,161,52,16,63,101,31,30,46,35,29,21.1
50,F,153,52,15,83,103,34,27,56,37,31,25.0
37,F,152,50,16,73,95,31,26,57,37,31,18.6
58,F,162,49,14,58,102,35,25,46,34,22,19.3
55,F,172,68,15,81,105,32,25,57,37,28,29.6
55,F,171,66,16,88,103,34,30,51,33,34,27.4
36,F,158,58,16,93,104,33,24,48,32,32,27.5
39,F,149,62,16,86,99,33,24,53,37,34,26.9
22,M,176,95,18,92,86,38,29,60,40,29,39.2
29,M,170,62,18,84,103,37,35,59,35,22,27.5
27,F,167,49,16,62,104,33,29,57,32,18,21.0
20,F,170,68,15,61,104,35,28,49,38,34,31.1
38,M,169,85,18,99,90,39,34,58,38,30,35.6
40,F,145,40,15,71,86,32,27,52,39,33,17.2
28,M,179,79,19,82,95,40,35,53,35,25,35.5
39,F,167,54,16,64,104,32,29,52,36,26,23.1
64,M,179,70,18,103,103,41,30,62,41,21,28.6
57,F,166,57,15,84,115,33,29,56,31,34,23.1
62,F,161,88,16,90,98,35,30,51,32,38,36.8
49,F,166,67,16,76,95,34,28,53,36,26,26.8
52,M,164,82,18,89,93,41,29,61,38,24,33.7
23,F,169,69,15,91,102,32,24,57,33,36,26.5
35,M,173,99,17,124,93,41,31,59,37,45,41.4
49,M,172,56,19,85,102,37,30,56,33,21,22.6
56,F,158,66,16,68,97,33,29,53,35,27,26.9
32,M,181,83,17,78,102,41,31,62,36,22,32.7
26,M,175,87,18,86,97,41,35,54,36,25,35.4
50,M,183,82,17,82,87,39,31,60,40,25,35.0
45,F,167,55,15,76,95,34,25,50,37,29,23.7
22,F,164,61,15,80,88,36,29,55,36,21,23.7
49,M,174,85,18,89,94,34,31,60,41,31,41.2
52,F,169,40,15,61,112,34,28,49,36,16,17.6
46,F,152,56,14,65,92,31,27,53,36,27,24.5
61,M,173,73,19,101,90,37,30,58,40,27,34.0
39,F,163,52,15,55,110,32,27,52,36,13,21.9
19,F,154,43,15,74,106,34,27,58,36,27,16.8
59,F,164,75,15,72,98,33,30,55,36,32,30.7
45,M,191,91,18,79,93,38,29,52,37,23,35.5
28,M,173,58,17,65,91,39,33,60,36,13,24.5
61,M,172,59,18,96,102,39,31,55,37,15,28.0
37,F,157,60,15,76,111,34,28,50,32,33,24.8
54,M,174,90,19,98,100,36,34,55,41,27,41.7
35,M,170,84,19,102,109,42,34,55,41,34,34.5
48,F,164,48,16,65,90,32,29,55,34,25,18.7
53,F,172,80,15,78,112,31,29,55,37,34,34.3
57,M,167,85,17,87,91,36,34,47,41,29,40.8
38,M,173,105,17,112,105,37,36,53,41,41,44.9
42,F,167,52,15,84,102,34,29,51,34,21,21.0
58,F,173,69,15,63,91,33,26,58,36,19,26.0
48,F,156,55,15,65,90,35,25,49,34,26,22.5
40,F,169,62,16,78,99,34,30,44,37,35,26.2
56,M,189,89,19,79,100,39,35,59,38,22,39.1
25,F,168,102,15,81,126,34,25,51,36,45,42.7
29,F,157,42,15,80,100,33,27,57,35,22,18.2
19,F,162,66,16,84,91,34,30,50,37,30,30.5
63,M,174,85,18,90,107,36,29,58,37,23,35.4
38,F,160,56,14,75,104,34,30,55,39,20,24.9
59,F,168,72,16,87,91,33,26,57,33,33,29.3
40,F,145,40,16,91,90,33,27,53,34,22,20.4
20,M,166,78,17,99,102,39,33,61,36,29,32.6
49,M,172,67,18,84,92,38,35,54,41,31,28.5
24,M,184,105,16,120,93,40,30,52,35,39,46.7
36,M,172,60,19,88,99,37,31,58,38,16,25.7
23,M,184,77,18,85,100,38,30,64,37,30,29.0
52,M,181,82,19,79,85,38,30,62,43,27,35.7
18,F,163,59,15,101,98,34,31,55,37,30,24.5
39,F,168,62,16,73,110,36,30,50,37,33,26.5
22,F,157,40,15,55,109,33,27,55,34,16,16.9
48,M,187,104,18,78,102,40,28,53,37,20,42.6
47,F,164,75,14,69,95,34,24,57,34,34,30.9
50,F,151,56,15,91,111,32,32,54,33,37,24.7
35,M,171,72,17,112,107,39,32,57,37,28,28.9
23,F,148,40,15,105,94,34,26,51,38,29,18.0
46,M,186,85,17,88,97,41,32,54,36,24,39.7
29,M,191,80,16,90,100,38,35,59,34,16,32.0
21,F,156,40,15,71,94,35,30,52,34,14,16.0
55,F,163,71,15,71,95,32,30,47,33,29,30.8
44,F,171,68,15,73,117,33,28,51,35,33,26.5
34,F,157,48,15,85,86,34,29,55,36,32,20.5
25,M,171,74,17,101,108,36,33,46,37,26,30.4
42,F,166,54,15,63,112,32,30,49,31,24,19.9
19,F,156,44,15,73,113,32,26,52,35,15,19.2
43,M,183,75,17,88,101,40,30,59,39,18,32.4
50,M,173,101,19,81,108,38,35,54,40,38,39.2
23,M,184,88,19,86,100,39,28,57,37,21,37.5
61,M,175,59,18,78,111,38,33,56,38,21,26.5
27,M,173,92,19,84,99,36,29,58,37,20,36.5
34,F,154,76,16,84,92,31,29,53,36,45,28.9
19,M,179,99,19,102,107,40,32,61,36,37,37.1
34,M,184,81,18,104,98,39,33,58,38,23,34.4
48,F,167,56,15,67,96,35,28,47,35,27,25.0
43,M,175,75,18,87,98,37,33,48,37,17,31.8
56,F,161,70,15,104,103,36,28,51,35,45,27.7
54,F,167,72,16,101,92,37,23,53,33,36,29.2
62,M,171,86,17,94,93,36,31,54,35,28,36.3
30,F,170,84,16,86,97,33,27,51,37,37,31.7
19,M,166,62,17,104,97,40,33,57,41,21,25.8
28,M,181,96,18,107,101,40,31,60,37,37,42.2
32,M,175,97,18,77,98,37,34,49,39,36,39.2
59,M,184,101,18,99,106,37,32,58,42,28,37.0
37,M,163,49,18,97,89,39,30,60,39,19,19.2
65,F,165,71,16,86,96,35,27,54,33,33,30.3
59,F,174,74,17,70,107,33,32,56,36,32,35.6
49,F,154,42,16,60,117,36,27,54,35,18,16.7
22,F,154,78,15,87,111,35,25,54,38,45,28.0
53,M,165,94,17,111,79,35,34,56,40,38,40.7
33,M,185,75,18,83,105,39,29,61,43,34,35.7
48,M,173,88,19,94,107,41,31,61,34,33,36.7
47,M,174,89,18,100,101,42,35,57,40,29,32.2
59,M,179,103,18,92,98,37,32,50,40,26,41.8
40,F,172,80,16,66,105,35,27,49,36,34,30.8
49,F,157,47,15,72,106,34,27,52,39,21,17.4
61,M,178,63,16,91,80,42,30,57,36,16,28.0
49,M,178,101,18,124,103,37,34,45,40,39,43.5
36,F,162,86,16,74,94,31,25,52,34,38,34.0
36,F,164,70,16,79,112,35,30,50,37,36,29.6
28,F,159,84,15,97,95,33,28,52,36,39,31.7
48,F,154,40,15,67,92,32,30,60,35,23,18.3
27,F,166,78,15,71,106,35,24,53,35,37,30.0
33,M,180,85,18,76,100,39,31,50,40,20,35.4
53,F,157,50,16,75,94,34,29,50,40,34,21.7
23,F,174,98,15,87,91,33,29,54,34,45,41.2
18,M,184,93,18,103,98,37,33,55,42,35,39.0
50,F,164,58,16,79,105,35,29,53,37,25,23.7
40,M,181,87,18,99,88,39,29,54,43,27,37.8
24,M,179,66,18,79,98,41,28,55,38,14,27.6
40,M,176,40,18,75,109,37,29,56,36,13,17.6
30,M,167,85,19,101,98,42,34,56,38,32,42.2
44,F,155,49,15,87,110,34,26,50,35,25,20.8
20,M,176,84,20,106,98,38,34,57,35,28,32.2
35,M,185,120,17,97,112,40,34,53,40,45,44.0
58,M,180,87,17,86,102,42,35,56,35,26,42.7
48,M,178,82,18,77,87,40,32,58,37,27,37.5
38,F,150,40,16,74,98,33,26,50,33,21,14.4
42,M,165,51,19,78,84,39,28,64,39,9,23.0
49,F,167,76,15,84,111,34,26,59,34,38,29.5
37,F,174,63,14,62,88,35,31,52,37,20,23.6
25,M,176,70,18,94,96,38,28,55,37,17,28.5
26,M,182,78,18,88,94,39,32,51,39,22,33.5
28,F,169,72,16,85,112,33,26,48,35,32,29.9
65,F,158,74,16,100,113,31,28,46,34,38,31.7
59,M,178,82,18,95,109,38,31,62,38,32,31.3
23,F,169,92,14,100,95,35,28,51,34,45,35.7
23,F,152,43,16,73,106,33,29,46,34,24,18.2
64,F,165,66,15,62,112,34,26,50,32,20,26.7
42,M,165,84,17,111,99,39,35,58,42,28,32.5
65,M,176,92,19,103,95,36,32,60,37,36,42.1
18,M,178,96,19,96,101,37,35,56,41,30,43.4
53,F,160,63,16,75,100,32,29,55,36,37,23.2
44,M,191,109,18,110,112,41,30,60,40,39,44.9
50,M,186,91,17,62,91,39,34,56,36,22,34.9
60,F,161,52,15,68,100,32,29,50,36,35,21.9
35,M,179,78,17,87,95,38,33,58,41,25,34.8
58,M,177,54,18,81,94,40,36,52,36,18,24.7
63,F,167,63,15,84,110,33,25,51,38,32,25.4
21,M,188,87,20,118,87,37,32,55,35,21,40.0
19,M,169,48,17,97,97,36,31,56,38,10,20.8
48,M,184,73,17,83,91,39,34,59,42,21,29.9
47,F,165,86,16,85,111,31,29,59,35,45,39.3
55,F,156,52,15,85,102,31,29,53,38,36,19.0
54,M,173,51,19,78,102,42,32,59,39,9,21.0
44,F,154,85,15,64,108,37,27,53,37,40,33.3
45,F,171,86,16,84,112,35,30,51,33,40,32.0
23,M,178,73,18,85,108,40,32,59,39,24,33.1
21,F,158,75,15,87,97,34,27,54,36,42,27.2
25,F,163,66,15,64,100,33,26,51,34,30,28.0
27,F,151,55,15,100,98,30,31,50,35,42,22.6
50,F,164,58,15,72,86,35,22,51,33,19,24.2
52,M,187,98,17,109,107,38,30,57,41,35,40.2
28,M,174,79,18,89,101,37,29,57,39,27,31.3
31,F,160,69,15,90,108,33,24,47,38,41,27.2
33,F,162,47,15,75,99,35,30,44,36,22,20.7
48,M,177,78,18,91,104,38,32,66,37,20,31.8
20,F,158,55,16,59,100,35,30,54,39,27,21.6
57,M,169,92,17,107,96,40,34,58,38,35,37.2
28,M,184,101,18,106,91,38,35,57,41,32,38.6
56,F,156,67,16,84,101,32,27,51,34,39,33.2
19,M,177,112,18,107,105,38,35,54,41,45,52.6
43,M,181,103,18,72,98,39,33,52,39,33,44.5
55,M,166,58,17,83,104,40,35,61,38,14,20.8
41,M,165,117,18,97,106,38,37,50,33,45,50.0
49,M,180,100,18,95,102,38,30,59,41,35,42.8
55,F,171,81,15,86,105,31,29,52,38,28,32.6
35,M,177,104,18,98,102,40,32,53,33,32,46.2
65,F,152,69,16,81,104,32,30,46,38,40,28.2
30,M,156,92,17,110,100,39,32,53,45,45,39.4
51,M,184,80,17,104,97,38,33,61,36,28,32.8
53,F,161,91,14,77,100,35,24,50,35,45,39.6
22,F,156,78,17,91,90,34,27,45,34,45,34.2
45,M,161,76,18,84,87,41,34,58,45,29,32.4
63,F,164,54,16,82,95,33,31,54,35,27,23.8
36,M,180,78,17,103,106,39,31,53,42,21,32.5
36,F,167,82,15,68,112,34,32,45,37,41,32.1
34,F,162,73,16,83,95,32,28,57,36,30,31.9
65,M,181,79,18,87,95,39,31,54,43,27,32.6
60,M,165,61,18,89,92,34,27,60,37,27,24.1
38,F,166,93,15,102,91,34,26,50,34,44,38.2
56,M,174,83,18,109,97,38,35,57,41,40,37.2
20,F,162,64,15,84,106,34,27,56,34,26,26.4
25,F,163,77,16,97,98,35,27,50,35,45,32.4
51,F,152,40,15,61,103,33,28,53,32,18,16.7
24,M,178,75,18,98,103,34,29,58,37,22,32.3
32,M,166,49,19,100,100,35,28,56,41,18,19.6
37,M,169,87,18,98,97,34,32,55,42,36,34.8
33,F,170,74,16,76,96,35,30,51,35,32,38.5
65,M,171,78,18,99,105,37,31,52,43,33,31.6
23,M,174,84,18,102,93,39,33,50,39,29,34.1
20,M,180,82,17,94,95,41,28,55,34,30,37.2
34,M,164,82,18,101,107,39,34,47,39,32,35.8
46,M,177,85,18,72,100,38,33,66,40,22,36.8
54,M,174,102,18,113,106,42,30,63,38,38,43.8
48,F,157,63,15,80,104,33,27,50,33,33,23.6
58,M,175,110,17,96,89,40,29,56,39,36,50.7
48,M,174,72,18,81,94,36,30,53,40,28,31.0
32,F,164,77,15,58,102,33,26,53,39,32,35.6
51,F,159,78,15,91,108,32,28,46,38,36,34.4
54,M,174,75,20,104,86,37,33,57,40,25,30.6
53,M,174,61,18,63,96,40,31,55,37,8,27.9
40,F,164,62,15,86,89,34,29,54,37,21,28.2
27,M,165,76,17,93,99,35,29,60,35,29,29.9
62,F,156,51,15,83,100,36,28,50,33,29,22.2
52,F,152,77,16,104,106,34,28,50,35,45,29.7
64,F,153,86,15,102,104,32,26,53,33,45,37.9
54,M,171,90,18,89,88,36,32,59,38,34,42.2
65,F,162,63,16,90,92,32,29,49,35,39,28.7
21,M,184,100,17,80,80,37,32,52,40,31,40.9
47,F,162,57,15,85,100,32,29,52,38,36,27.3
33,F,159,61,16,82,98,35,26,48,36,24,23.8
31,M,160,89,18,96,107,38,33,51,42,45,36.3
39,F,165,65,16,95,86,34,25,52,36,26,25.7
47,F,159,81,15,87,101,32,26,47,38,40,37.4
23,M,175,75,17,96,101,39,34,47,41,23,30.3
31,M,178,68,18,99,93,38,28,53,36,16,31.2
43,F,159,54,16,64,124,32,29,52,37,28,22.8
25,F,164,102,16,86,96,31,28,52,34,45,40.9
50,M,174,93,20,97,97,39,35,61,36,29,40.8
28,F,171,52,15,64,92,32,27,50,33,19,23.1
55,F,168,78,15,106,88,30,27,43,34,41,31.5
49,M,169,82,17,101,99,39,32,59,38,30,32.2
43,M,185,76,20,97,102,38,29,52,42,22,30.6
28,M,175,54,18,85,83,35,28,55,39,19,23.0
40,F,173,73,15,62,99,35,27,53,39,22,30.4
19,F,157,42,15,56,100,33,29,55,37,16,17.6
43,F,167,73,16,94,103,33,28,44,31,37,28.2
49,F,157,58,15,81,112,34,25,57,37,35,25.0
44,M,168,94,17,109,98,39,28,53,37,29,40.4
22,F,162,67,15,55,110,33,26,51,34,32,29.6
63,F,152,71,15,81,103,34,27,47,37,37,33.9
34,F,155,74,17,94,118,32,29,56,36,45,28.0
65,F,168,90,15,90,91,36,31,51,33,38,40.3
56,M,179,40,19,83,102,38,33,48,36,8,16.2
41,M,178,85,17,90,100,36,38,52,41,27,31.0
48,F,169,65,16,63,99,33,28,54,39,21,26.7
30,F,156,89,15,80,106,35,29,52,39,45,40.9
53,M,185,96,19,74,100,40,34,55,37,22,44.8
24,M,185,82,18,102,94,37,32,55,38,22,31.5
40,M,176,90,19,94,91,37,34,62,34,43,36.6
24,F,164,81,15,62,98,34,32,55,31,32,34.7
34,F,178,62,15,89,104,32,24,45,35,32,24.0
49,M,169,78,18,115,99,40,31,55,36,37,30.3
42,M,172,56,20,81,103,40,32,55,40,19,24.6
18,F,172,41,15,55,111,37,26,52,35,8,18.3
55,M,156,55,18,70,94,39,29,53,35,17,25.1
52,M,168,83,17,84,94,42,29,46,38,28,34.6
23,M,177,87,17,90,90,40,29,64,39,22,40.4
54,F,167,54,15,84,88,34,26,49,34,31,23.7
64,F,173,90,15,79,95,35,27,51,37,27,34.5
55,M,170,62,18,84,89,39,34,63,35,14,25.2
44,F,167,78,15,77,102,33,26,51,34,41,29.1
20,F,161,51,15,74,95,34,28,57,34,23,22.6
41,M,177,79,18,91,112,42,29,54,37,14,36.0
30,M,163,73,19,88,87,37,37,52,38,25,31.6
30,M,193,70,18,110,90,38,31,53,43,28,28.1
57,F,160,73,15,66,99,35,30,50,36,28,31.0
23,M,176,84,17,103,104,38,33,56,38,33,35.3
52,F,160,52,15,74,101,35,23,55,35,17,21.4
43,M,168,71,18,85,93,40,33,60,41,25,32.6
41,M,193,99,18,87,94,40,28,53,39,24,38.9
45,M,183,107,18,101,86,36,28,53,38,42,43.7
19,F,160,56,16,75,94,35,28,54,35,24,25.2
25,F,159,69,16,73,101,32,27,51,33,41,27.4
38,F,176,50,16,66,101,33,25,45,34,20,21.7
60,M,174,107,18,105,91,37,32,56,41,39,46.1
42,M,176,65,18,102,111,36,30,57,40,19,25.3
20,M,173,88,19,91,101,40,30,60,34,36,38.7
53,M,185,96,17,118,106,39,35,62,41,31,39.2
60,F,162,73,15,98,101,34,32,52,39,38,29.9
54,M,162,67,17,94,90,39,30,55,37,34,27.9
62,M,179,76,18,92,95,38,29,50,40,22,33.7
31,F,172,74,16,78,107,34,28,52,34,26,32.8
22,M,181,74,17,76,92,41,33,62,39,22,28.9
52,F,174,73,15,84,90,30,27,53,34,28,31.3
25,M,175,100,19,106,98,39,29,49,37,39,35.2
24,F,166,67,16,72,95,34,24,48,34,17,27.5
38,M,182,106,18,111,88,40,37,57,38,41,47.0
22,F,161,65,16,77,95,34,28,51,36,45,28.5
54,M,169,72,19,106,99,37,36,56,39,24,29.0
21,F,174,65,16,74,91,32,30,54,34,22,26.7
33,F,162,67,15,73,89,35,28,51,33,27,31.9
26,F,152,68,15,88,112,33,29,51,39,32,29.7
47,M,171,77,20,82,95,40,32,53,34,23,32.3
32,F,160,60,16,84,108,36,26,55,36,34,28.1
19,F,159,83,15,88,101,31,28,52,39,45,34.7
27,F,155,53,16,66,112,34,30,53,37,26,22.0
46,M,181,74,18,112,81,42,32,58,40,23,32.5
49,F,167,74,16,96,103,35,28,53,36,42,31.4
45,M,175,72,18,74,105,40,32,61,39,14,29.9
33,M,171,96,18,107,104,38,34,60,38,39,40.5
22,F,162,80,15,69,101,35,29,53,37,38,33.7
54,F,163,78,15,85,87,34,29,53,36,40,30.7
24,M,174,88,18,109,96,42,32,57,40,45,36.4
51,F,156,57,16,86,100,34,29,50,38,31,23.2
31,F,155,79,16,75,110,33,26,55,35,45,32.3
48,M,176,67,17,98,102,38,34,55,40,20,25.8
29,F,166,57,16,62,97,34,31,53,36,15,22.9
46,F,159,80,16,84,96,30,25,47,36,45,31.2
19,F,152,80,16,81,88,35,29,52,35,45,30.0
51,F,168,53,15,70,105,34,27,49,33,17,20.9
61,M,168,57,19,77,87,40,32,59,38,10,23.1
52,M,170,72,18,102,85,37,32,53,36,28,30.8
54,M,182,81,19,105,107,41,32,70,39,24,39.7
62,F,156,74,16,95,98,33,29,54,33,38,28.9
32,F,165,44,16,55,105,33,25,56,38,15,19.0
63,F,156,73,16,76,89,32,31,52,36,45,30.8
52,F,160,65,16,80,101,31,29,56,37,39,29.5
56,M,178,93,18,92,101,45,32,55,42,33,42.0
23,M,171,60,18,90,87,37,30,51,37,27,23.3
55,M,175,44,18,95,95,36,36,47,38,15,18.2
35,M,173,103,18,80,90,41,31,56,39,30,50.0
57,M,185,118,18,102,91,41,33,56,41,33,45.4
44,M,176,81,17,83,98,41,33,52,38,18,34.5
58,M,171,91,17,87,87,37,31,63,37,36,38.4
61,M,184,89,17,102,101,38,33,62,39,18,43.4
62,F,152,62,16,91,105,32,26,51,36,43,23.7
48,F,161,49,16,73,91,34,26,52,37,16,18.2
18,M,176,89,18,95,94,36,34,52,39,26,39.4
28,M,179,97,18,106,99,39,34,50,38,32,42.7
25,M,179,84,19,105,93,38,32,52,37,26,38.8
55,M,193,92,18,104,100,42,32,52,40,26,35.0
28,M,175,61,18,72,110,35,33,54,38,9,25.1
28,F,166,59,17,69,114,33,23,54,36,28,23.8
61,F,172,58,16,83,96,34,26,50,37,23,23.3
47,F,179,70,15,55,115,34,28,55,36,17,29.2
42,F,167,69,15,77,97,36,27,56,37,32,25.2
31,F,168,63,15,72,94,32,30,50,35,21,27.0
41,M,192,104,19,101,101,42,30,60,40,36,46.7
34,M,171,70,18,94,102,36,30,54,40,26,28.2
51,M,166,56,19,88,100,40,32,58,42,21,26.6
44,F,160,65,14,84,102,34,28,51,36,40,28.5
37,M,182,54,17,78,88,38,30,55,41,14,20.8
57,F,165,65,16,76,103,33,29,53,38,28,29.9
38,M,175,83,17,95,102,39,34,50,35,25,33.2
43,F,165,51,16,79,99,34,26,55,36,37,21.5
38,M,182,66,17,86,104,40,37,57,41,10,31.8
24,F,167,63,16,55,94,32,31,56,38,29,26.5
30,M,171,69,17,89,94,38,29,53,38,22,30.6
30,F,160,56,15,83,96,35,28,54,35,30,23.8
60,F,161,43,15,73,98,36,30,51,36,20,15.7
19,M,170,67,19,103,98,40,31,63,35,22,29.2
21,F,158,62,14,92,107,34,28,53,36,34,28.4
19,M,155,92,18,99,106,38,35,49,39,43,36.5
45,M,179,112,18,87,107,37,34,54,39,29,48.8
43,M,168,114,17,99,95,39,36,56,37,45,41.1
33,F,168,86,16,77,105,35,28,49,36,36,31.8
45,F,163,78,15,84,93,34,30,51,32,35,30.9
59,M,186,66,16,99,91,37,33,48,36,22,28.4
40,F,154,51,14,64,112,33,30,59,38,27,18.5
32,M,187,102,17,77,98,36,33,61,38,31,42.3
18,F,158,55,15,87,111,31,27,50,34,28,22.9
35,F,153,40,14,62,83,33,27,45,38,21,18.4
63,F,167,71,15,70,97,34,24,55,35,30,31.2
46,M,186,66,18,88,113,40,31,57,41,22,32.9
23,F,163,53,15,81,93,35,26,54,37,32,21.2
44,F,161,57,15,73,93,34,28,58,35,36,24.6
21,F,163,74,15,67,101,35,29,54,34,31,32.4
40,F,166,40,16,66,101,35,28,50,33,8,15.9
55,F,148,60,16,83,86,35,27,52,37,31,25.8
27,M,165,73,19,94,88,39,31,58,40,21,33.7
53,F,171,92,16,80,84,34,24,46,32,39,39.5
59,M,188,98,18,84,95,38,30,58,35,34,39.5
63,F,159,48,16,71,90,33,26,51,36,21,21.4
49,F,151,61,15,80,105,35,28,55,32,36,28.3
44,F,171,75,16,81,94,35,25,44,37,41,31.0
32,M,184,94,18,95,93,41,32,60,39,34,35.6
54,F,160,68,16,90,86,32,30,54,35,36,29.4
44,F,163,56,16,55,103,34,29,56,34,19,21.9
30,M,171,95,17,96,98,40,32,57,39,38,41.7
47,F,171,51,16,64,93,33,30,53,37,21,22.2
24,F,167,57,16,57,93,33,30,51,34,12,24.9
26,M,165,84,19,92,112,40,30,60,34,30,38.6
63,M,179,62,16,73,101,43,34,54,39,8,26.0
26,F,170,72,15,74,101,32,28,53,33,38,32.2
33,M,185,69,17,98,104,35,35,54,38,21,24.8
28,M,186,93,19,97,88,36,34,57,39,30,37.8
22,M,177,70,18,76,86,36,25,55,39,20,24.9
19,M,173,120,17,103,98,34,25,53,40,45,48.8
60,F,164,55,15,59,86,34,27,54,35,17,22.5
48,F,166,70,15,62,109,34,28,52,37,30,28.2
64,F,169,44,16,66,98,33,25,51,33,15,19.6
22,F,174,73,15,84,95,31,28,51,35,24,25.8
62,M,167,65,19,90,94,41,31,54,37,26,27.8
46,F,168,41,15,66,98,34,27,53,35,12,16.5
36,F,145,50,15,80,96,33,28,54,33,28,21.8
45,F,159,67,16,85,93,33,27,51,34,35,32.3
21,M,182,104,19,93,101,37,34,55,40,30,43.7
23,M,185,93,19,96,102,37,32,55,43,27,39.3
38,M,182,91,16,109,87,39,32,51,39,33,34.8
21,F,164,62,15,67,111,30,27,51,35,21,25.7
35,M,177,77,18,96,95,38,33,56,35,24,37.5
19,F,159,89,15,95,106,32,27,50,31,45,37.1
26,F,164,79,16,87,106,35,25,58,36,42,35.6
50,M,179,75,18,84,79,38,33,61,42,22,33.7
51,M,171,64,18,99,93,39,32,63,36,19,27.0
41,F,172,82,17,89,107,29,28,52,35,38,39.5
44,F,157,57,16,81,96,34,27,51,33,24,23.8
26,M,173,86,17,100,91,36,32,55,37,28,34.7
24,F,163,61,13,80,106,32,29,57,34,30,23.4
27,M,176,85,18,105,101,39,30,61,41,30,33.1
40,F,158,49,15,73,91,34,31,55,34,31,21.6
26,F,166,66,16,83,84,34,30,50,38,25,29.6
20,M,173,97,17,107,95,34,34,59,38,38,38.9
47,F,162,67,15,85,103,34,28,52,35,28,28.6
58,M,189,72,17,95,85,40,28,51,38,14,33.2
21,M,184,86,18,94,96,39,30,49,42,23,34.9
31,F,157,78,16,101,91,33,30,53,37,45,31.5
56,F,158,68,15,93,106,33,30,50,35,33,30.9
58,F,166,74,15,63,97,35,28,58,37,33,30.2
39,F,162,72,16,91,102,32,31,54,38,37,28.4
61,M,176,73,17,80,88,35,35,56,39,17,29.3
64,M,175,81,19,89,91,41,34,55,37,19,32.7
64,F,164,57,16,79,97,32,28,52,37,29,24.2
18,F,163,58,15,90,99,32,32,58,38,31,25.1
35,F,168,71,16,75,87,34,27,54,36,39,30.3
19,F,159,81,16,91,94,36,29,56,36,34,33.9
29,M,179,92,17,109,90,39,32,56,39,36,44.3
28,M,188,91,18,99,95,39,35,58,41,31,38.0
20,M,162,70,17,109,95,35,37,48,42,28,31.5
49,M,175,50,16,87,86,38,29,54,37,14,15.3
40,M,171,97,17,98,107,39,33,52,39,32,41.8
22,M,184,94,18,103,103,40,29,55,37,32,41.6
30,M,170,87,19,97,97,37,34,60,37,27,37.6
22,M,177,82,18,104,90,39,33,62,40,32,33.4
57,F,159,69,14,80,125,34,26,48,34,37,31.1
40,F,177,73,16,97,106,37,28,52,37,27,30.4
35,F,170,68,16,69,97,34,30,49,37,25,31.3
27,M,172,100,18,86,96,43,30,61,40,29,39.4
45,F,174,53,15,95,89,34,27,48,33,18,20.2
52,M,178,92,19,85,110,37,29,64,34,32,37.8
39,M,182,104,17,82,89,39,33,56,38,32,45.5
50,M,175,97,18,94,97,36,34,53,36,35,40.3
43,M,172,61,19,81,101,38,35,58,36,24,23.0
42,F,173,88,16,91,102,29,28,52,36,39,32.9
26,M,179,75,17,98,91,35,34,58,40,27,33.2
61,M,174,77,17,96,101,36,31,55,40,20,32.6
49,M,172,50,19,78,95,41,28,55,37,13,19.8
31,M,178,115,18,106,107,41,28,63,42,42,46.3
46,M,182,88,19,85,95,39,36,55,39,27,35.5
57,F,160,50,15,70,100,33,32,45,39,21,19.7
31,F,170,53,15,76,99,32,25,51,36,19,25.3
50,M,189,82,18,82,100,35,33,57,41,20,36.6
57,M,177,73,16,105,97,37,31,49,41,28,31.1
22,M,180,71,17,92,104,37,29,55,34,30,29.4
59,M,181,67,18,88,98,37,29,54,35,11,27.0
41,F,168,54,16,76,102,32,28,51,33,28,20.0
40,M,175,73,18,82,107,35,36,50,36,26,28.4
42,M,175,77,19,94,86,37,31,53,39,25,30.3
35,F,169,68,15,55,103,34,28,53,35,24,32.0
22,F,162,84,16,94,98,32,28,50,36,45,28.8
65,M,164,62,18,88,88,37,29,62,40,20,28.5
29,M,165,95,19,98,95,38,31,55,34,38,45.4
22,M,171,70,17,103,94,39,32,56,41,28,30.7
59,M,182,80,18,93,95,36,33,56,40,22,37.3
43,F,156,40,15,70,114,37,31,50,34,22,17.5
36,M,167,76,18,104,94,37,31,56,40,35,32.7
63,M,172,87,17,98,108,35,31,61,37,31,31.8
65,M,180,72,18,103,104,37,31,55,34,19,31.5
41,M,176,89,17,104,91,42,32,63,39,31,32.4
41,M,169,66,18,98,91,35,33,65,39,25,24.0
18,F,171,83,16,97,109,34,27,52,35,36,36.7
21,M,179,74,17,92,91,38,34,61,41,34,35.2
61,M,176,97,17,98,100,34,28,56,37,32,39.1
64,M,185,92,18,102,100,42,33,52,38,32,39.4
29,M,173,85,17,90,95,42,36,54,35,28,37.6
44,M,184,93,17,96,91,42,34,48,45,25,37.6
57,F,168,40,14,68,99,34,30,47,34,25,14.4
21,M,182,73,18,81,102,37,30,55,37,17,29.8
29,M,169,75,18,81,94,40,36,57,37,29,29.3
39,F,164,70,15,68,103,33,29,52,37,40,28.3
53,F,168,80,15,106,91,32,31,53,36,36,36.8
59,F,163,63,17,79,88,34,28,55,35,29,25.3
64,M,183,75,18,104,96,37,29,62,36,13,32.6
18,F,164,84,15,81,106,33,27,48,38,36,38.9
28,M,177,66,18,87,94,41,33,56,38,21,24.7
59,M,174,65,18,99,92,39,34,59,34,24,27.0
61,F,152,66,16,92,103,36,26,54,37,40,28.4
51,M,178,97,18,108,100,43,34,57,36,30,43.7
24,F,170,69,15,93,89,33,28,62,39,37,30.8
43,F,162,56,16,63,104,36,29,50,37,22,22.6
58,F,153,43,15,85,104,34,28,49,33,17,17.4
63,F,158,85,15,75,107,34,27,58,35,45,34.0
21,M,180,92,18,87,91,40,31,58,44,25,39.9
44,F,165,72,16,76,86,32,27,54,35,39,30.1
49,F,172,81,15,89,100,34,24,50,36,40,34.4
45,F,168,101,15,101,96,34,30,47,32,45,41.7
35,M,169,80,18,124,98,39,33,56,40,39,34.4
25,M,174,76,17,91,100,37,30,55,40,31,33.4
29,M,169,102,19,90,95,38,32,51,33,38,41.0
41,F,161,64,15,77,104,34,28,47,34,31,25.7
43,F,177,57,17,66,109,33,27,53,33,25,23.3
59,M,170,61,18,91,98,34,34,60,38,23,26.5
23,F,152,70,16,88,97,36,27,51,36,45,30.2
65,F,170,81,16,114,97,34,26,53,38,43,33.3
26,F,158,44,15,65,103,35,27,53,37,22,18.3
35,M,182,78,18,90,108,37,29,53,38,11,32.0
58,M,171,80,17,108,97,41,31,58,38,27,29.7
65,F,159,66,16,92,101,33,33,51,35,42,25.1
38,F,164,73,16,75,113,34,28,54,35,36,30.9
41,M,186,101,18,84,106,38,32,50,41,38,41.9
53,F,156,57,17,94,99,34,29,50,37,36,23.1
29,F,163,82,15,77,102,33,27,50,36,43,35.3
44,F,163,71,15,65,107,32,29,54,37,37,32.4
42,F,164,65,16,76,98,35,28,51,37,26,27.4
44,M,164,89,18,99,94,38,27,54,43,31,36.4
64,F,149,69,15,100,117,31,27,50,35,44,31.1
49,M,174,100,19,93,97,39,33,57,33,32,43.3
51,M,178,81,18,106,93,36,32,62,42,21,34.2
21,M,168,43,17,87,98,40,33,57,34,17,17.7
31,M,174,65,18,86,96,39,29,50,36,24,25.5
44,F,157,60,14,95,84,34,25,48,37,38,23.0
18,F,176,81,15,97,97,32,26,47,35,42,38.7
34,F,159,77,16,89,97,32,23,49,34,41,32.5
56,F,158,56,16,83,106,35,30,49,33,29,21.9
22,M,162,59,18,85,109,41,34,57,36,17,23.2
56,M,168,64,17,103,101,41,32,57,35,34,29.3
46,M,182,94,19,108,93,38,26,51,40,32,40.4
46,M,176,59,17,93,109,38,34,50,36,19,26.3
38,M,196,91,17,101,106,40,30,57,39,30,34.5
23,M,172,65,18,88,93,43,33,55,39,15,28.2
63,M,185,97,19,108,83,39,29,59,36,39,40.1
49,M,170,79,18,101,94,39,30,56,41,19,35.1
25,M,183,90,17,100,91,40,33,56,37,26,39.9
35,F,171,82,15,102,114,34,29,49,35,43,38.0
49,M,174,76,19,76,92,40,33,59,38,22,33.5
31,F,167,67,15,61,111,34,27,52,34,19,24.4
61,F,173,72,15,79,113,35,27,50,34,27,28.3
18,F,156,68,16,81,97,33,28,54,36,45,29.0
55,F,160,55,15,84,107,33,31,47,36,28,21.7
62,F,171,61,16,81,88,34,26,56,38,27,23.5
48,M,170,98,16,96,105,37,30,53,39,39,41.8
43,F,167,81,15,93,108,32,25,41,33,41,36.6
30,F,166,53,16,64,115,33,31,54,33,29,19.9
63,M,178,87,17,91,98,36,34,60,36,29,37.1
24,F,172,80,14,93,121,31,23,60,38,44,31.9
64,F,163,47,16,69,104,32,30,54,40,27,17.2
30,M,171,53,18,82,102,41,30,51,39,8,24.3
30,F,177,79,15,91,107,31,29,54,37,35,32.4
45,F,166,60,15,66,95,33,29,47,36,22,25.4
50,F,162,64,16,82,97,33,28,52,34,34,27.4
51,M,174,121,17,106,100,32,30,56,40,45,52.2
29,F,162,72,17,77,101,33,24,49,34,28,29.5
35,M,177,61,17,78,89,37,35,56,44,8,28.6
22,M,166,73,18,97,81,42,31,53,37,33,31.1
61,F,166,58,15,77,85,33,28,50,40,34,21.5
52,F,169,59,16,55,99,33,26,53,38,16,25.4
19,M,193,87,20,76,105,41,29,60,40,19,35.1
55,F,172,59,15,89,98,34,26,46,33,20,29.3
56,M,181,60,18,108,101,38,33,60,38,19,23.3
44,F,160,85,15,91,95,32,28,54,36,45,34.9
60,F,165,64,16,83,101,32,26,56,37,40,25.0
64,F,157,78,15,74,103,34,30,50,35,41,32.7
49,F,168,78,16,88,108,34,28,56,37,42,32.7
35,M,181,81,18,91,94,40,33,66,36,22,37.0
58,M,169,76,18,98,89,42,33,55,37,30,32.9
24,F,167,65,16,80,108,35,30,49,38,31,25.5
37,F,151,78,16,106,99,34,27,45,37,45,28.2
42,F,162,47,16,85,108,33,28,52,35,30,18.5
54,F,151,50,15,71,100,33,26,50,35,17,20.8
33,F,168,86,16,77,105,34,24,56,34,41,34.4
49,F,161,58,15,85,86,34,31,54,36,39,21.7
62,M,188,108,19,130,98,38,31,51,37,40,40.0
53,F,166,88,14,90,99,33,27,51,37,42,35.9
39,M,198,122,20,107,97,43,34,61,37,37,48.1
26,M,177,73,19,82,99,37,33,46,40,13,29.8
22,M,169,68,17,81,108,37,30,56,37,21,29.1
59,M,178,90,18,80,95,37,35,57,37,28,39.5
38,F,172,74,15,82,102,32,27,52,34,30,28.9
23,F,171,67,15,75,103,34,27,52,35,33,25.9
58,F,157,58,16,89,94,34,28,57,35,29,23.9
40,M,165,65,18,93,113,36,37,52,38,28,30.3
65,F,157,57,16,71,99,34,28,49,42,34,20.2
36,M,165,58,18,80,89,41,36,52,36,13,24.8
31,F,156,40,16,60,104,32,28,53,33,21,15.8
35,M,179,81,17,78,76,38,31,61,35,20,36.2
29,F,158,50,15,99,94,36,28,50,36,21,22.1
54,M,188,96,18,104,97,37,34,55,36,23,42.1
63,M,160,85,17,110,89,37,31,59,39,33,32.4
58,M,188,66,18,69,95,40,35,53,37,15,27.6
37,M,174,78,17,83,98,43,30,62,37,26,33.7
32,F,170,86,15,78,114,33,30,51,35,41,34.9
37,M,170,69,19,93,91,35,31,61,39,25,26.8
49,F,153,58,15,76,107,32,28,57,35,26,26.5
29,F,157,74,16,97,92,32,28,55,36,36,33.7
32,F,167,67,16,55,109,33,30,52,36,23,30.7
24,F,165,72,16,83,97,32,26,53,35,40,30.3
21,M,170,63,18,92,105,40,32,54,39,20,29.1
53,M,161,42,18,85,98,38,36,56,42,14,19.5
50,F,166,73,16,78,112,32,27,54,36,40,28.4
45,F,155,47,16,78,92,31,26,52,35,20,20.9
31,F,162,61,16,56,108,32,27,51,38,25,23.2
48,M,185,95,18,86,101,39,29,55,40,28,42.9
57,M,159,69,20,90,93,38,30,59,39,36,32.8
24,M,177,90,19,102,104,37,32,51,36,28,36.4
23,M,173,78,20,84,105,38,30,48,38,22,35.4
54,M,187,95,18,101,94,41,34,54,40,34,40.1
45,M,171,76,19,95,90,40,33,52,39,29,30.0
64,M,183,105,18,91,107,40,35,56,37,40,44.1
51,M,177,99,18,81,105,33,31,54,40,38,43.5
20,F,164,53,15,88,97,33,27,56,33,24,20.2
37,F,168,77,16,86,104,34,28,57,36,32,32.3
35,F,146,79,16,99,94,32,29,44,39,45,31.6
50,F,164,53,15,68,96,35,25,47,34,24,21.0
52,F,157,61,15,82,95,33,29,49,34,27,26.8
29,F,164,48,16,62,92,34,27,50,38,8,22.1
56,M,175,91,19,112,92,41,37,54,37,30,40.5
25,F,159,69,15,67,104,33,31,53,32,24,28.7
44,F,168,52,17,55,102,33,24,51,37,20,23.9
42,F,178,79,15,78,103,35,31,49,39,32,29.2
45,F,170,66,16,93,111,34,29,49,38,36,27.7
52,M,172,86,17,79,97,41,34,56,36,29,36.6
43,F,155,49,16,77,106,36,28,51,35,27,19.8
58,M,174,84,18,109,99,38,34,55,40,34,33.4
56,M,186,81,17,107,94,39,32,57,38,21,33.5
25,F,163,72,15,73,105,36,28,55,37,40,29.5
36,M,181,77,17,94,90,38,32,59,42,17,29.7
47,F,162,75,14,87,111,34,27,55,38,31,28.0
64,F,153,55,15,75,103,34,27,52,35,32,23.1
42,F,159,57,16,70,94,33,28,49,32,28,22.3
54,M,175,86,17,83,90,39,30,59,40,24,34.7
39,M,176,90,18,92,97,38,34,55,39,30,41.1
34,M,171,60,17,81,104,39,30,59,41,18,24.3
21,M,161,84,19,101,103,38,33,56,35,39,38.7
51,M,174,58,19,81,96,36,31,54,38,19,24.1
31,M,185,65,17,75,84,40,31,60,37,17,23.1
46,M,182,75,18,96,104,34,32,54,41,23,31.6
41,M,180,72,19,79,101,38,35,54,39,18,32.3
41,F,178,76,16,62,102,32,28,43,36,27,32.0
47,F,154,64,15,90,114,35,28,50,34,35,24.2
20,M,175,93,18,88,98,39,31,53,38,25,40.4
30,F,158,65,16,85,111,32,30,54,40,33,31.1
24,M,175,82,18,106,92,42,33,53,37,39,32.5
29,F,163,66,16,74,105,34,29,45,35,40,25.2
21,M,187,89,19,109,97,43,32,53,37,31,37.1
51,M,181,62,17,94,96,38,32,56,39,8,26.9
64,M,181,88,17,100,104,42,37,53,40,31,35.0
63,M,182,121,18,113,101,41,31,57,39,42,46.2
57,M,172,69,18,85,96,39,34,57,40,20,27.9
42,M,165,88,18,112,86,40,32,61,39,35,39.1
53,M,189,103,18,91,97,39,33,44,40,23,37.8
27,F,163,60,14,84,116,35,27,53,33,28,27.2
33,F,162,52,15,62,115,36,24,47,33,19,21.4
35,F,156,64,17,80,90,36,32,42,33,33,27.5
61,M,174,89,18,91,102,37,35,58,39,31,38.8
21,F,169,60,15,65,112,31,31,45,33,23,25.5
21,F,155,69,16,99,88,34,28,51,35,40,30.7
35,F,168,76,16,79,128,34,29,56,40,27,30.5
38,F,165,65,16,97,101,33,29,50,39,26,28.3
48,M,179,88,18,80,115,37,29,58,38,22,35.8
24,F,168,57,16,87,97,34,28,53,39,24,23.1
38,M,171,83,18,85,95,40,35,55,36,26,37.3
34,M,178,96,18,87,96,34,31,55,41,32,40.6
62,M,164,82,20,111,88,40,29,56,36,41,32.4
65,F,162,69,16,84,105,34,26,49,35,31,29.5
34,F,161,43,17,56,102,34,30,48,37,13,18.3
58,F,165,75,15,80,94,35,28,49,36,36,29.5
39,M,173,77,17,97,104,35,30,53,39,33,33.5
65,M,177,86,18,91,104,38,32,55,37,23,39.5
28,M,191,80,18,85,81,39,32,57,39,20,31.3
60,F,170,83,15,108,97,34,30,53,36,38,37.0
62,M,184,107,17,92,99,37,33,58,43,37,44.3
56,F,158,69,15,59,95,32,28,52,34,33,26.4
35,F,162,70,15,81,100,32,30,53,37,33,29.9
64,M,172,57,18,68,89,37,31,68,41,11,26.6
65,F,166,80,14,83,100,31,29,52,34,31,35.6
52,F,174,84,15,82,99,34,27,51,36,35,33.2
21,F,166,76,16,90,101,35,30,55,38,45,33.4
43,F,167,51,17,71,99,32,27,48,34,34,22.6
27,M,180,75,18,89,93,38,34,62,46,21,31.3
34,F,162,60,16,71,96,34,29,45,37,37,26.1
43,F,163,64,17,67,109,33,24,49,34,29,25.6
46,M,186,78,17,104,103,38,31,60,34,28,34.6
39,M,187,88,17,94,97,41,28,54,39,29,33.0
48,M,169,98,18,92,94,41,30,66,33,39,39.0
45,F,152,55,16,73,103,35,26,44,36,34,20.9
38,F,159,54,15,76,98,34,27,50,33,20,21.2
60,F,161,65,17,67,107,31,30,51,39,32,29.0
63,M,177,87,18,97,91,39,33,57,38,33,35.9
64,M,163,63,18,96,98,37,36,53,46,23,27.0
56,M,179,96,18,109,85,38,32,61,42,36,37.8
49,F,165,69,16,96,99,33,27,52,37,30,30.6
40,F,170,70,16,80,108,32,30,56,32,23,25.1
58,F,174,88,16,100,85,35,30,51,36,41,36.3
27,F,160,85,14,71,106,36,32,52,36,45,37.5
54,F,162,52,15,70,90,36,27,48,36,24,22.4
63,M,182,61,17,79,106,38,31,53,37,10,25.1
27,F,163,68,16,84,105,33,28,55,36,37,35.0
30,F,163,57,16,76,94,35,27,51,37,26,22.0
21,F,158,58,16,71,92,35,26,49,35,24,24.9
42,F,157,68,16,72,84,32,23,54,35,45,31.4
28,M,176,90,17,118,99,41,36,55,35,24,33.7
30,M,173,109,19,117,102,40,30,60,39,45,51.1
59,F,167,45,15,74,101,33,27,49,31,23,18.9
33,F,168,69,15,85,101,37,27,56,35,45,28.7
54,F,159,61,17,79,93,33,26,54,38,27,23.9
39,M,184,86,19,92,112,40,28,62,40,28,36.4
40,F,172,68,15,82,90,34,29,49,37,38,28.4
43,M,182,104,19,107,91,38,33,66,36,39,45.3
55,F,158,59,16,64,121,31,33,48,37,36,26.4
44,F,180,76,15,67,99,33,27,50,34,24,31.4
55,F,161,59,16,105,89,31,24,56,38,31,27.5
40,F,164,63,16,64,96,35,26,45,39,36,30.5
45,M,168,72,19,84,95,38,32,51,42,23,28.7
19,M,182,116,19,93,98,41,29,57,38,32,53.5
22,M,180,75,20,78,96,41,33,63,45,14,31.0
54,F,165,61,15,70,104,34,27,43,37,37,28.1
23,F,160,62,15,78,107,34,28,50,36,20,28.4
21,M,182,59,18,80,98,42,32,52,39,20,23.7
37,F,166,71,15,84,95,34,29,54,38,35,25.4
41,F,166,55,15,73,100,31,25,45,35,27,21.0
31,M,182,91,18,86,99,38,35,57,42,30,37.3
65,M,170,81,18,84,101,38,31,59,37,27,37.1
38,F,167,46,15,60,89,31,29,48,33,14,19.7
41,M,175,87,19,77,93,37,28,53,39,31,40.0
46,F,159,77,15,82,106,32,27,52,38,42,32.3
25,F,155,40,14,57,92,35,26,50,32,20,14.8
41,F,163,50,16,84,99,32,31,49,34,23,22.7
34,M,176,66,19,72,89,37,37,51,38,20,31.3
61,M,181,66,19,75,111,40,31,51,37,8,27.1
59,F,167,66,15,83,110,32,28,47,34,32,28.8
44,M,174,87,19,90,95,38,34,57,40,35,34.2
49,F,163,101,16,93,105,34,30,50,36,45,39.6
33,M,179,109,19,96,101,39,35,53,40,36,39.4
30,M,173,43,20,63,108,37,31,67,39,10,18.6
41,F,161,52,16,76,101,33,27,52,33,19,23.2
52,F,162,78,15,64,102,35,28,48,38,41,31.6
36,F,161,65,15,75,103,33,27,55,35,27,28.3
24,M,191,78,17,79,79,40,34,58,35,20,30.5
54,M,183,90,18,103,100,41,31,54,34,29,35.3
32,F,162,55,15,69,98,35,30,45,40,31,23.1
60,M,179,78,17,96,92,36,28,58,38,13,32.3
28,F,169,85,15,65,97,33,26,56,41,45,34.2
33,F,157,60,15,62,98,31,25,43,34,24,25.9
53,M,179,47,19,92,113,35,33,56,40,8,19.6
37,F,168,67,16,73,105,36,30,52,35,25,27.7
55,F,158,66,15,75,103,34,29,55,36,37,25.9
43,F,167,67,16,89,108,33,28,55,36,38,30.7
49,M,177,94,19,99,86,40,36,52,43,27,38.4
48,F,155,76,15,72,116,33,32,52,40,40,35.2
19,F,166,64,15,74,92,32,26,54,35,31,26.2
35,F,170,48,15,80,87,33,31,50,35,18,21.3
26,F,160,54,16,94,100,31,27,51,37,30,19.3
39,F,163,75,16,94,110,35,24,51,41,39,33.0
25,F,163,45,14,80,85,33,28,50,38,29,18.3
36,F,163,54,15,83,98,31,29,46,34,30,22.0
21,M,176,85,17,121,93,43,27,55,37,31,36.8
41,F,153,66,15,74,99,34,26,49,37,40,25.1
27,M,171,57,19,71,110,39,34,63,36,15,24.4
56,M,167,80,18,92,99,42,30,60,41,19,33.2
41,F,168,81,15,85,94,34,27,56,35,45,33.5
59,M,174,97,18,96,97,40,32,60,38,31,38.4
36,F,154,64,16,75,99,33,28,44,33,39,27.4
54,F,172,74,16,65,106,32,29,47,34,32,31.5
49,M,177,82,18,102,104,38,29,52,35,33,34.1
53,F,169,60,15,71,100,35,32,43,37,26,23.9
45,M,168,69,18,96,100,37,32,49,35,30,27.7
26,F,163,58,16,86,99,34,30,50,38,31,26.0
21,F,153,48,17,72,97,33,27,51,35,33,19.0
29,F,172,40,16,65,103,35,28,48,37,17,16.8
32,F,161,67,17,78,96,35,30,56,32,33,25.3
41,F,164,48,15,84,107,35,29,52,37,22,20.6
47,F,162,78,16,95,97,33,28,52,31,39,30.0
24,M,184,75,18,99,105,37,30,66,38,29,24.1
55,M,172,75,19,89,106,39,33,61,42,22,34.4
25,M,183,72,18,90,94,37,31,54,39,18,30.8
30,F,162,82,15,84,112,36,25,53,34,42,36.0
32,F,167,44,15,71,89,33,26,47,35,18,19.6
60,M,171,76,17,101,99,39,32,51,35,24,33.8
20,F,163,63,17,80,90,34,28,48,37,32,27.6
22,M,173,58,19,78,101,40,30,51,37,17,24.4
49,F,163,50,16,65,94,35,27,52,33,21,20.0
24,M,172,69,17,78,97,41,33,53,36,12,26.3
44,F,147,66,15,95,107,33,23,55,37,43,29.8
40,M,178,66,18,113,96,36,25,57,36,25,24.9
47,F,167,78,16,85,99,30,29,59,36,41,32.8
54,M,180,69,17,93,100,44,36,62,39,16,29.7
21,F,169,80,15,90,100,32,28,53,35,38,34.1
46,F,161,50,16,56,103,31,30,47,38,13,22.5
56,F,167,55,16,55,104,34,31,52,36,16,23.0
20,F,161,81,16,99,106,35,28,51,34,44,32.7
26,M,188,107,19,97,101,37,34,55,39,33,42.2
53,M,170,74,17,116,96,40,30,52,44,33,30.9
29,M,176,58,19,84,94,39,32,59,37,18,24.3
21,F,159,46,16,59,97,34,30,50,33,17,18.3
26,M,181,63,18,100,93,38,37,52,39,20,27.9
51,F,152,40,15,70,95,32,28,53,34,24,15.9
61,F,168,55,14,73,109,33,26,50,34,17,24.7
44,M,190,105,18,106,98,37,32,52,37,27,50.0
59,M,185,70,18,88,95,38,30,57,40,24,28.9
54,M,189,100,18,104,98,39,36,55,39,30,37.1
59,F,172,58,16,69,88,31,27,51,35,19,23.3
34,M,177,49,16,80,99,42,33,61,35,10,20.5
22,M,181,64,17,95,99,37,37,56,34,17,25.3
19,M,180,75,17,90,96,39,29,60,38,21,28.3
50,F,157,53,16,64,106,32,23,47,36,32,23.9
49,F,161,79,16,86,96,35,29,52,37,41,32.5
36,M,171,115,19,103,102,36,34,60,37,45,52.8
49,M,176,66,18,85,96,40,30,59,39,18,26.4
48,F,167,66,15,85,109,33,25,50,32,37,29.9
47,M,178,74,17,102,108,39,34,54,40,32,29.5
41,F,170,72,15,65,103,35,29,50,35,29,30.8
20,M,171,80,19,88,105,36,33,54,40,30,34.1
63,F,158,60,16,75,109,32,27,52,35,33,25.3
21,F,160,40,14,72,94,32,29,54,35,32,17.5
46,M,173,76,19,92,87,40,34,57,39,34,33.4
32,F,154,84,16,79,106,32,28,53,36,41,32.9
49,M,161,64,18,77,99,42,31,60,40,20,27.6
18,F,165,74,16,79,101,35,27,42,33,29,30.2
36,F,159,69,17,98,96,35,26,60,37,45,30.5
22,M,185,101,18,109,85,38,30,58,42,34,41.7
27,M,184,79,18,86,103,35,37,54,42,16,31.0
48,M,171,65,18,103,96,37,30,53,38,20,26.5
38,F,164,88,16,79,99,32,26,56,35,35,39.5
20,F,163,69,16,64,97,32,25,53,34,23,31.7
57,F,153,64,16,93,108,33,28,56,38,31,26.5
34,M,179,72,19,84,102,36,35,60,39,22,30.6
42,M,173,55,18,86,92,37,31,64,40,10,23.7
51,M,180,83,18,100,91,41,35,63,39,29,37.2
33,F,158,53,16,79,112,33,26,51,33,27,24.6
50,F,159,48,16,77,106,32,29,53,34,20,19.8
53,M,178,102,18,100,96,40,30,53,41,33,39.7
31,F,162,70,15,88,108,34,28,64,37,36,27.9
56,F,169,58,15,70,110,33,26,51,36,31,24.9
37,F,164,56,14,68,103,33,29,57,37,19,25.6
36,F,171,58,14,72,99,33,28,51,32,28,26.0
46,M,187,91,18,97,89,37,29,57,42,22,36.8
39,M,185,83,19,82,90,37,36,55,40,29,38.1
58,M,175,84,17,92,92,40,30,56,40,32,35.5
59,M,181,92,18,87,111,39,33,62,40,35,34.6
53,F,157,46,17,68,103,32,30,54,35,32,19.5
24,M,177,74,19,96,98,40,33,55,36,25,31.2
37,F,159,60,16,67,96,35,28,54,40,32,26.2
34,F,161,74,15,84,105,32,29,56,38,31,32.2
23,M,182,88,17,99,99,37,29,54,36,30,36.2
52,F,170,85,16,89,108,34,30,50,34,40,37.9
25,M,172,58,18,69,98,39,36,55,38,18,24.7
27,M,178,79,18,91,110,38,28,58,41,21,33.7
57,M,188,80,18,83,93,42,33,61,38,19,32.5
44,F,167,70,16,70,95,32,29,51,37,32,25.0
61,M,182,82,17,79,95,38,31,58,39,32,32.7
62,F,169,93,16,90,102,32,26,50,34,40,36.2
25,F,163,61,15,72,109,34,27,51,36,34,25.4
27,M,177,83,18,91,106,43,33,61,34,29,35.4
24,F,164,55,15,68,90,33,28,45,35,27,26.6
47,M,175,81,18,79,104,36,36,60,38,28,37.9
23,F,145,46,15,76,77,34,31,55,35,33,19.2
22,M,167,82,17,87,102,40,33,57,39,30,32.1
54,M,166,78,19,99,94,37,29,53,37,32,30.7
22,F,169,74,16,93,98,32,26,49,35,37,28.6
26,F,171,52,15,78,117,35,29,49,35,28,23.0
43,F,175,67,16,74,99,32,29,47,34,23,29.6
19,M,175,86,17,97,93,37,31,53,39,36,31.1
56,M,176,81,18,108,104,36,31,53,36,26,35.5
20,F,159,66,15,86,99,32,31,46,37,45,30.5
35,M,161,70,17,96,92,39,34,50,39,25,28.4
41,M,185,72,16,75,89,42,34,59,41,11,31.1
18,M,158,77,16,92,93,40,27,52,43,29,31.3
33,M,162,82,18,98,101,41,32,56,37,41,30.3
30,F,158,44,16,56,103,35,28,45,33,26,19.9
64,F,157,44,15,73,90,32,30,56,37,25,18.2
25,F,178,61,16,59,98,36,29,57,33,27,23.5
60,F,155,56,15,70,112,32,26,48,34,34,25.4
53,M,172,92,18,108,95,38,30,49,43,36,33.6
43,M,164,64,18,98,102,39,32,51,40,29,26.8
52,M,185,89,18,88,88,40,33,60,39,27,38.0
34,F,173,79,15,86,98,35,27,57,39,35,35.1
49,F,163,61,16,59,86,33,29,51,37,29,24.3
54,M,166,73,17,96,103,40,32,58,33,31,29.2
19,M,178,88,18,97,95,39,31,58,41,23,35.2
21,M,183,79,15,81,94,38,28,52,36,28,33.5
22,F,161,50,16,62,95,34,27,51,37,25,19.4
27,F,178,80,15,83,94,34,30,52,32,40,34.5
24,F,155,44,15,65,101,36,27,51,35,29,18.1
43,F,168,69,15,85,83,33,24,57,36,40,29.5
26,F,166,67,16,87,110,32,29,49,38,31,27.3
60,M,168,40,18,88,78,37,37,50,39,10,16.5
46,F,168,44,15,80,109,34,33,49,37,23,18.6
43,F,165,55,15,72,91,33,31,55,36,30,22.8
18,M,178,77,19,102,98,37,31,51,40,24,34.9
23,M,190,81,19,92,97,40,32,54,37,21,32.2
23,M,167,103,18,130,89,38,33,51,37,45,45.7
25,M,186,113,18,112,102,40,29,55,35,41,45.6
40,F,162,60,16,59,106,35,29,52,31,25,27.3
28,M,171,88,18,94,100,37,30,56,38,35,37.5
38,M,171,66,19,96,111,37,28,49,43,30,28.0
26,F,160,55,15,61,101,32,28,52,36,25,17.3
33,M,181,90,18,109,102,39,31,58,39,33,34.3
54,F,162,65,15,75,99,32,30,54,34,40,26.8
28,M,174,65,17,87,100,40,31,55,37,23,26.5
59,M,170,68,18,77,103,38,31,60,36,24,28.8
65,F,162,78,16,89,93,34,28,55,39,41,32.5
21,F,163,55,16,55,101,31,29,54,37,29,21.6
49,F,156,79,17,98,82,33,28,61,33,45,32.8
50,M,171,72,18,102,107,37,31,56,37,25,25.5
27,M,183,91,18,91,95,38,31,55,40,26,35.7
45,F,160,64,14,77,95,33,29,52,34,31,27.2
45,M,177,84,18,109,92,39,31,60,40,32,35.8
21,M,169,76,18,99,98,38,34,52,34,29,35.5
34,F,175,96,15,84,111,35,27,53,37,40,41.7
62,M,178,80,16,96,100,36,33,56,36,23,35.1
61,F,162,52,16,65,108,31,31,55,32,14,20.8
31,F,167,68,16,84,99,35,28,48,36,38,28.1
33,F,157,99,15,97,98,33,31,58,35,45,38.5
57,F,167,72,15,101,107,36,31,46,36,39,33.0
55,M,181,83,18,90,100,39,30,50,38,33,35.5
29,F,154,64,16,98,80,31,27,54,36,44,28.5
38,F,158,69,15,60,107,33,27,49,37,34,28.7
56,F,162,42,15,75,102,33,27,53,36,24,15.8
65,M,168,75,18,88,101,37,30,55,39,26,33.6
47,F,172,58,14,82,113,34,29,46,38,29,26.9
41,F,171,52,16,95,94,33,29,57,40,25,23.5
64,M,159,67,18,91,96,37,32,55,38,27,31.0
34,F,164,47,15,72,96,35,24,52,37,8,20.9
53,F,162,52,16,78,95,35,26,51,32,30,19.6
35,F,173,74,15,67,87,34,29,54,36,31,31.9
58,M,189,77,17,89,107,38,32,58,39,17,33.3
36,F,154,59,16,70,111,30,29,49,40,34,25.7
34,M,177,102,17,98,106,40,36,60,40,30,46.3
51,M,159,86,17,91,93,38,28,59,39,35,36.5
55,F,153,53,16,68,110,35,27,49,33,37,22.8
18,F,169,66,15,82,98,32,25,50,36,30,27.6
22,M,174,66,19,76,119,40,30,52,38,18,26.4
32,F,161,86,15,90,86,33,29,54,37,43,42.6
64,M,182,94,17,86,95,39,32,52,42,30,38.6
32,M,175,78,19,74,91,39,31,45,37,23,34.8
28,F,149,56,16,83,95,33,28,49,34,21,25.1
38,F,165,55,15,70,108,33,27,52,36,31,23.5
52,F,167,73,17,84,104,34,28,53,39,37,34.6
28,M,182,67,18,84,99,37,31,50,35,10,26.7
37,M,182,88,18,95,97,39,33,56,38,23,33.2
41,F,156,64,15,70,92,32,31,54,35,37,27.4
20,F,166,71,15,75,104,33,29,49,36,34,31.6
21,M,178,78,18,83,98,38,33,50,34,32,33.1
24,F,153,62,16,84,97,33,28,49,33,33,26.2
63,F,156,52,15,75,101,34,24,49,35,25,19.0
29,F,170,79,16,85,90,32,27,43,37,38,31.8
49,F,154,46,14,75,95,31,26,45,34,24,17.8
22,F,175,58,16,58,102,35,29,52,37,23,24.1
40,M,174,105,19,109,95,41,34,53,40,42,42.8
22,F,150,55,17,88,111,33,29,52,36,40,21.6
62,M,167,62,17,86,83,39,36,63,38,17,27.0
52,F,161,68,14,78,101,33,28,53,38,34,28.8
21,F,160,78,16,68,104,33,32,49,35,28,32.5
37,F,171,72,16,81,97,35,30,53,37,43,27.4
40,F,167,76,15,80,97,35,29,53,35,45,35.2
19,F,164,78,16,94,97,34,31,53,35,45,32.0
54,M,177,68,19,87,104,43,29,60,36,25,27.2
38,M,182,100,17,94,103,38,34,57,38,27,41.4
40,F,168,77,15,85,92,33,24,50,34,27,36.8
26,F,158,40,15,66,99,33,29,58,35,10,17.6
58,M,169,68,19,89,91,35,31,52,41,23,27.5
41,F,173,47,15,92,108,36,30,52,35,28,21.5
39,M,180,76,17,92,100,38,32,55,38,23,31.8
42,F,171,63,15,75,92,32,27,55,35,27,26.1
21,F,167,61,15,69,104,34,34,55,35,33,24.1
21,M,174,54,18,91,96,40,31,50,43,13,22.5
31,M,170,69,18,78,110,39,33,62,40,21,27.8
60,F,172,92,15,103,96,36,29,50,40,34,35.8
36,F,168,92,15,68,101,31,27,52,34,36,34.3
29,M,173,103,17,111,102,36,31,57,36,45,46.8
18,F,179,65,15,55,101,33,30,52,39,17,27.8
41,M,172,77,18,110,95,39,31,52,39,30,31.7
58,F,166,73,17,83,96,35,32,49,36,28,34.1
53,M,187,95,16,99,96,39,34,53,36,20,45.5
25,M,167,64,19,100,100,40,33,56,41,28,25.6
61,M,170,72,18,95,90,38,33,63,35,25,30.3
24,F,169,88,16,84,102,31,30,50,36,43,34.8
58,F,150,87,15,78,94,34,28,55,37,45,35.3
49,M,171,88,19,128,85,37,33,49,39,31,33.5
37,F,157,74,15,73,103,36,29,50,30,41,29.6
55,M,166,92,18,90,89,43,35,52,40,39,35.0
34,F,163,65,16,70,107,32,31,49,35,30,29.2
39,F,159,65,16,94,113,32,24,59,34,37,29.8
53,M,176,67,19,75,116,42,31,53,39,23,28.7
35,F,156,65,16,55,92,34,30,59,38,25,28.0
63,M,173,94,17,92,99,40,32,54,37,39,35.8
26,M,182,95,19,96,92,37,32,54,36,30,41.7
59,F,172,68,17,81,82,35,33,53,32,25,26.6
38,F,162,53,16,66,88,35,30,52,37,28,21.7
40,F,163,57,16,77,91,36,31,55,37,27,25.8
28,F,159,49,15,77,100,32,28,54,38,19,20.1
21,M,169,70,19,93,90,39,30,57,39,24,29.6
57,M,181,87,17,88,85,36,31,53,44,24,38.1
52,F,167,77,17,87,76,32,29,54,34,37,29.9
41,M,177,88,17,93,101,40,30,47,43,27,38.9
38,M,172,84,18,84,102,36,30,54,38,25,33.3
49,M,169,84,18,86,90,39,33,60,35,25,35.6
46,F,162,49,16,64,100,33,27,54,35,19,18.2
35,M,187,103,19,98,99,36,32,60,40,37,50.8
41,M,180,103,19,99,88,37,29,54,39,32,37.3
53,F,164,57,17,85,113,34,29,49,36,30,23.5
57,F,161,49,14,55,111,35,27,53,37,16,20.0
36,M,176,97,18,79,91,36,32,58,40,33,36.3
26,M,165,69,18,82,92,38,26,60,42,23,26.5
57,M,177,80,19,82,92,39,30,58,39,25,32.4
19,F,168,70,16,89,91,33,29,52,39,45,25.8
24,M,169,94,18,91,101,35,33,52,44,26,39.8
35,F,161,41,17,55,117,32,30,47,35,8,19.2
22,M,180,72,19,88,94,40,30,53,39,26,29.9
30,M,154,70,18,71,93,41,32,49,39,22,32.0
60,F,165,59,15,71,101,29,29,44,35,22,25.8
49,F,175,81,16,80,100,34,27,45,31,45,32.5
37,M,180,78,17,88,93,36,32,53,40,15,31.6
54,F,153,63,15,67,111,34,31,55,30,25,28.0
26,M,165,64,18,89,91,41,36,50,38,19,26.1
33,M,176,73,20,90,99,40,31,53,37,28,32.7
60,F,156,43,16,92,101,34,25,53,37,30,18.4
31,F,169,64,15,91,97,31,31,51,34,33,29.7
52,F,153,71,16,102,105,36,25,56,34,40,25.4
34,F,167,80,16,87,102,35,27,55,35,38,32.7
34,M,187,115,19,102,112,38,34,62,32,32,49.1
39,M,158,53,18,92,108,39,31,56,41,27,22.3
57,M,165,74,18,99,97,38,35,56,34,26,32.0
42,F,162,53,15,62,113,31,27,53,37,25,19.0
50,F,158,51,16,62,101,35,29,59,35,29,22.6
29,F,157,51,16,93,106,33,31,50,35,37,22.3
21,F,168,62,15,94,95,34,28,53,36,29,27.0
20,M,180,72,19,84,106,42,35,57,39,20,30.0
41,F,149,70,16,98,104,31,25,53,35,33,30.0
61,F,148,40,15,74,102,33,27,52,31,20,16.2
63,F,173,74,17,93,104,35,29,56,37,38,32.4
19,M,187,90,19,85,98,41,32,50,38,19,40.0
45,F,171,65,16,55,100,34,30,53,31,17,28.5
37,F,165,74,16,67,108,36,27,46,36,36,29.6
60,F,159,57,16,72,89,30,28,55,35,24,25.9
43,F,164,74,16,58,99,34,28,55,37,35,30.3
57,F,169,81,15,88,109,38,29,58,36,45,30.5
52,F,170,62,17,108,98,35,30,55,32,36,22.0
25,F,168,56,15,61,96,34,28,53,35,23,25.9
63,F,165,61,15,71,92,35,29,55,38,30,23.4
65,M,182,68,18,96,105,33,31,59,38,20,24.4
31,M,180,87,19,92,103,38,28,59,38,29,33.8
58,F,163,57,16,87,98,32,28,56,37,25,24.9
59,F,158,59,15,85,90,36,25,46,35,29,24.5
20,M,186,72,19,94,97,39,34,58,35,14,26.3
26,M,190,76,18,87,104,40,32,60,39,8,29.7
35,F,159,53,15,67,83,34,23,53,39,29,23.1
64,F,156,61,15,71,97,34,28,55,38,33,23.2
24,M,180,85,18,104,96,38,30,54,37,22,34.2
56,M,177,71,18,90,89,37,31,54,37,11,30.2
22,M,179,79,18,90,109,39,34,60,40,29,31.2
52,M,164,72,17,106,100,39,31,49,37,30,31.9
44,F,166,69,15,67,105,36,32,57,33,27,30.4
54,F,163,68,16,71,90,34,29,48,37,41,28.6
22,F,168,85,16,84,87,34,26,51,38,42,32.2
51,F,166,54,15,55,107,34,26,53,33,12,20.3
23,M,169,75,18,115,99,41,30,59,38,25,30.9
58,M,183,57,18,82,95,36,34,51,35,13,20.7
33,M,182,94,19,99,94,36,30,51,40,30,42.9
37,F,175,61,16,81,101,35,27,51,37,30,25.7
38,F,158,59,15,95,86,33,30,48,38,34,25.4
51,M,161,80,17,117,92,41,36,53,40,40,36.2
26,M,181,72,17,72,93,41,32,57,40,19,31.1
27,M,174,80,18,100,103,44,32,55,40,28,29.6
55,F,163,60,16,82,90,34,30,50,35,23,24.0
57,F,169,59,16,90,100,32,28,54,33,32,22.1
38,M,169,62,18,76,90,40,32,57,36,19,25.3
57,F,162,54,15,70,106,32,29,55,32,33,24.0
35,M,172,77,18,71,109,40,38,51,38,24,31.9
60,F,167,68,16,89,106,35,29,51,36,34,27.9
32,M,189,119,17,99,96,38,32,58,34,35,52.3
41,M,178,91,18,90,102,40,29,54,42,28,40.0
56,F,152,40,15,65,93,32,27,55,32,23,16.8
24,F,172,107,16,96,107,35,28,53,35,45,44.0
37,M,167,70,19,101,96,38,28,51,36,30,25.0
54,M,182,87,20,112,103,37,36,50,38,24,38.3
37,M,181,86,18,78,98,37,31,55,35,25,36.6
23,M,170,68,17,83,85,38,35,61,35,31,30.3
27,M,190,90,18,77,92,37,32,52,36,25,41.9
34,F,177,57,16,78,117,34,28,53,35,30,21.1
52,F,177,66,16,81,102,34,28,49,35,26,24.2
33,M,170,62,19,82,110,39,33,55,43,11,25.2
34,M,180,73,18,95,106,40,32,55,41,18,30.7
40,M,174,88,17,79,104,39,30,60,37,23,31.7
50,F,159,71,17,79,111,34,32,55,33,43,32.2
39,F,171,70,16,83,106,33,29,52,32,26,30.1
53,M,173,50,17,80,91,42,34,56,39,8,20.2
21,F,153,66,16,72,96,36,24,52,33,36,27.1
53,M,164,52,17,88,91,39,30,55,39,26,21.2
19,F,162,40,15,74,99,33,30,44,36,16,17.7
49,M,178,78,18,99,97,41,37,58,37,29,31.8
60,M,176,81,18,81,99,40,30,57,38,24,29.1
28,M,182,80,17,89,105,38,31,57,37,22,30.9
21,M,188,125,16,111,94,35,30,55,41,43,54.6
45,F,157,63,16,69,85,34,29,55,40,32,26.1
23,M,161,71,18,84,111,36,30,54,32,15,33.2
63,M,178,85,16,94,85,39,33,48,45,33,33.4
23,M,180,123,18,79,103,37,31,56,39,39,52.7
59,F,165,51,17,93,100,32,26,50,33,31,19.6
59,M,193,90,18,94,96,40,27,52,41,29,42.2
53,F,170,47,16,87,111,35,27,47,33,31,18.3
45,F,170,88,17,86,103,34,29,51,35,40,39.2
49,F,169,78,17,73,111,34,29,50,36,34,33.0
18,F,151,61,15,90,96,35,25,49,32,41,23.8
55,M,170,85,18,114,94,36,29,58,40,36,35.6
56,M,189,93,17,82,106,34,30,52,42,24,42.7
43,M,170,88,18,118,95,39,30,62,35,33,37.2
46,M,175,109,18,98,103,40,34,59,38,39,50.2
35,M,172,92,17,115,98,39,32,56,36,35,38.0
42,F,162,42,15,62,93,32,31,49,39,15,17.3
55,F,168,72,17,85,116,34,29,58,33,30,31.6
62,F,165,51,14,79,105,34,30,51,32,22,22.7
60,F,158,40,15,63,101,33,28,55,34,12,18.5
21,M,181,88,19,112,100,37,34,56,35,31,39.6
49,F,158,67,16,76,96,33,30,49,36,36,30.2
39,M,178,82,18,92,108,40,31,64,43,26,30.0
64,F,166,62,14,72,103,34,33,51,35,28,27.7
63,F,160,55,15,85,90,34,29,56,36,32,22.9
34,M,177,75,17,83,107,41,35,57,32,13,30.3
48,F,162,57,15,81,101,33,29,55,34,25,23.1
18,F,159,60,16,78,92,34,24,50,36,30,24.5
42,F,158,61,15,74,106,30,28,50,34,19,24.2
32,M,171,96,19,106,86,37,34,53,42,35,43.6
30,F,160,64,16,80,101,32,29,53,38,35,24.9
22,F,160,60,15,73,104,34,27,51,36,23,26.0
46,M,189,89,17,71,101,36,34,57,36,20,38.4
28,F,165,77,17,84,99,32,27,52,36,35,33.0
52,F,170,47,16,68,109,34,24,49,39,14,18.1
28,M,175,81,17,88,105,37,34,57,39,12,32.9
56,M,174,88,17,87,91,36,35,61,39,31,41.6
45,F,158,61,15,71,117,34,24,53,34,24,27.3
43,F,158,56,16,69,91,32,29,48,30,26,27.1
18,F,170,58,15,81,119,32,26,55,37,23,26.5
34,M,174,84,19,94,95,40,29,59,40,29,37.0
30,F,164,59,15,69,107,34,28,45,34,23,28.1
38,F,174,62,15,83,98,33,26,56,34,29,24.2
33,M,162,86,17,99,100,40,33,61,41,40,34.2
31,F,173,63,14,84,114,36,29,56,32,29,28.8
42,M,186,90,17,92,104,40,32,51,38,27,39.1
28,M,183,67,17,94,112,37,30,58,37,16,32.0
50,F,153,71,15,61,102,38,27,53,36,38,29.1
51,F,151,50,16,88,93,33,32,49,31,32,20.8
45,F,168,52,15,66,95,32,29,50,34,27,24.0
50,F,164,73,16,78,99,34,27,54,33,26,34.5
25,F,170,65,16,74,107,33,31,49,35,26,29.0
36,F,167,48,14,80,98,34,28,51,35,13,19.6
57,F,152,52,14,86,96,33,27,51,34,33,23.8
20,M,180,102,18,94,88,38,31,52,36,36,40.9
20,F,153,62,14,72,111,31,27,52,37,32,27.1
41,F,161,56,16,90,100,34,25,52,38,37,23.3
26,M,188,94,18,86,100,38,34,65,40,25,38.2
27,M,184,88,18,86,93,39,34,61,42,27,36.0
50,F,154,46,15,74,105,33,27,52,34,25,20.5
41,F,171,76,16,102,100,33,27,44,36,39,33.9
36,F,171,77,15,85,94,33,28,52,34,40,31.2
50,F,163,60,14,71,86,35,28,53,35,27,24.2
51,F,161,69,15,92,98,30,27,43,36,33,28.4
59,F,163,58,16,72,103,35,31,51,40,33,22.2
55,M,172,57,19,74,91,39,29,54,38,8,25.4
44,M,183,120,19,105,95,42,33,57,38,44,45.9
26,F,160,78,16,93,104,34,25,58,36,42,36.6
62,M,163,60,19,97,96,36,36,60,34,30,23.8
44,F,172,76,15,65,92,32,30,45,38,29,33.4
37,F,151,50,15,87,99,31,33,45,33,32,19.0
58,F,171,78,16,76,97,38,28,51,36,39,31.3
52,M,170,71,19,100,99,39,29,53,36,29,31.8
48,M,177,77,19,92,109,41,32,57,37,28,28.2
60,M,175,83,18,92,87,43,30,56,36,20,37.0
42,F,150,64,16,93,101,32,30,53,34,45,24.2
54,M,177,79,17,102,100,36,34,56,40,22,33.4
58,M,167,56,19,72,107,38,30,58,35,12,24.6
61,F,172,53,17,64,91,34,27,49,36,25,22.8
42,M,159,89,19,97,104,39,32,54,40,38,31.5
45,M,174,72,18,103,102,38,32,53,36,30,30.2
61,F,165,69,15,73,93,33,28,50,34,41,30.1
49,M,177,104,17,86,100,44,32,58,39,32,47.4
46,F,174,75,16,69,107,34,26,53,38,35,28.5
23,F,165,67,16,73,98,36,28,53,35,29,24.2
24,M,175,73,18,76,93,38,34,54,40,23,31.8
25,M,171,93,19,94,85,39,37,53,37,25,41.2
18,M,186,70,17,85,91,36,35,54,37,21,33.3
22,F,157,41,15,55,107,34,24,51,33,25,17.1
18,M,173,73,18,84,111,35,30,48,38,23,28.2
24,F,171,79,15,82,104,32,26,49,38,30,33.1
19,M,175,94,18,82,105,36,34,55,35,28,33.4
22,M,184,75,16,87,101,37,27,58,35,23,30.9
58,F,159,54,16,82,98,32,26,55,37,32,20.2
46,F,172,74,16,82,98,35,31,52,35,33,30.6
59,F,151,93,14,79,91,33,24,52,36,45,42.1
40,F,177,86,17,80,104,34,28,55,35,31,34.2
48,F,164,71,16,81,91,35,26,51,36,34,30.2
42,F,172,70,15,80,104,38,27,50,32,31,27.0
42,F,175,95,17,88,113,31,29,47,37,44,36.8
41,F,158,71,16,77,103,34,31,52,35,30,29.2
65,F,159,64,15,89,104,34,27,56,35,42,28.8
51,M,181,74,17,102,89,37,31,50,40,23,29.7
65,F,174,73,15,71,102,34,30,49,34,27,30.2
27,F,173,69,17,92,102,34,28,53,38,24,24.6
59,F,179,76,15,62,94,32,26,48,36,26,32.5
51,F,164,55,16,70,106,31,29,49,36,27,20.2
43,F,163,59,15,83,89,34,27,51,38,36,23.1
31,M,175,91,16,116,107,37,35,56,35,34,38.3
49,M,179,69,17,99,110,41,29,53,39,25,25.7
29,F,157,59,15,77,93,35,23,48,33,23,24.6
43,M,180,83,17,55,101,41,28,60,38,15,31.1
49,M,180,82,18,78,95,37,35,57,41,24,35.4
22,M,179,69,17,80,101,40,31,56,39,25,29.7
33,M,164,66,18,84,104,41,32,57,37,21,29.7
38,F,172,67,16,72,104,35,28,51,36,24,25.8
30,M,191,86,17,103,94,41,27,60,39,22,29.5
39,M,189,80,17,82,99,41,32,60,40,20,36.5
58,M,164,81,18,97,87,40,32,59,42,33,32.7
28,F,177,61,14,65,91,32,33,51,33,31,24.5
19,M,172,85,19,97,89,36,29,57,41,36,40.4
33,M,185,88,20,81,91,37,31,54,39,15,36.2
31,M,166,40,19,81,93,40,33,53,39,13,15.0
25,M,191,54,18,86,100,39,34,61,39,12,21.9
60,M,188,83,19,88,117,40,35,60,41,20,34.8
30,M,180,87,19,86,117,41,26,58,39,30,36.2
44,F,183,71,17,77,99,36,27,50,39,28,31.8
32,M,169,83,18,98,95,41,31,55,35,30,34.9
19,M,169,71,19,99,117,40,29,53,37,22,30.8
63,M,180,66,16,75,104,39,32,56,36,18,32.8
60,F,154,57,15,85,88,34,30,47,36,29,22.3
38,M,186,112,17,123,98,39,34,55,41,35,43.1
47,M,180,92,16,98,96,39,34,57,42,26,40.7
30,F,164,48,15,70,100,33,26,48,34,13,18.9
26,M,171,95,19,86,95,34,37,56,38,27,36.0
43,F,161,76,16,75,90,32,26,52,35,44,36.5
28,F,166,40,15,80,101,34,28,49,32,22,15.0
31,F,168,72,15,84,102,33,26,52,35,27,27.4
34,F,161,56,14,84,98,34,27,54,36,36,27.1
64,M,176,82,18,109,90,38,33,56,39,31,35.8
61,F,154,59,16,72,104,36,27,56,39,22,23.9
63,M,168,48,19,71,103,37,32,62,44,14,23.7
30,M,173,79,19,102,95,37,34,50,37,23,32.3
39,M,174,93,17,98,98,34,32,57,39,37,35.1
52,F,160,75,16,89,123,33,28,52,36,34,33.6
60,F,170,75,16,83,92,33,25,55,36,35,29.4
38,M,169,66,18,85,103,40,31,50,42,27,25.9
53,F,167,72,16,79,98,34,29,51,35,45,34.1
52,F,167,72,16,73,107,31,30,51,34,34,30.3
44,M,173,97,16,101,96,43,30,60,41,32,41.5
60,F,167,64,14,93,99,31,33,49,37,36,27.7
27,M,171,79,19,84,102,39,33,53,34,24,35.0
52,M,164,87,18,83,98,35,33,56,44,33,37.4
39,F,160,78,16,85,87,32,26,55,35,34,36.2
39,F,165,72,16,81,94,34,28,57,33,38,34.8
62,F,165,62,15,67,110,35,31,58,36,24,25.1
37,M,178,94,19,100,105,40,30,49,40,30,43.3
61,M,192,117,18,96,96,37,33,53,36,38,52.1
58,F,160,55,16,90,104,33,28,56,37,26,22.8
58,F,161,60,15,82,98,33,29,55,38,33,24.7
31,M,172,81,18,72,104,37,29,49,38,23,31.8
63,M,178,87,17,98,84,36,33,52,38,32,39.5
23,M,180,88,18,91,91,40,33,55,40,23,35.3
19,F,166,48,15,55,104,33,28,56,35,13,18.8
21,F,158,64,16,60,90,35,25,54,35,27,26.7
31,M,165,80,18,96,93,38,35,63,41,30,32.3
46,M,180,89,17,101,79,40,32,60,39,22,37.4
42,F,167,64,16,57,99,30,27,53,35,23,30.4
49,F,156,57,15,67,96,32,27,52,34,21,22.9
27,M,168,70,19,87,88,38,33,56,39,34,27.2
42,F,166,78,17,79,99,33,27,54,37,39,37.8
41,F,152,63,15,102,88,36,28,59,37,40,28.3
46,F,165,74,16,69,90,33,30,57,35,25,33.7
59,M,180,88,17,86,88,38,27,53,37,24,41.3
65,M,165,66,18,83,92,38,30,53,40,24,29.3
52,F,166,93,15,95,102,31,31,48,36,42,37.7
50,M,172,90,19,110,103,37,32,60,39,45,34.0
51,F,162,68,17,84,111,34,27,48,37,38,28.0
39,F,170,67,15,93,98,34,28,50,37,37,28.3
52,M,183,109,18,96,89,42,31,51,40,40,47.1
52,M,180,77,18,80,88,36,28,54,38,28,29.1
47,F,155,67,16,95,92,33,27,52,38,45,31.4
33,F,164,54,15,101,96,34,28,49,37,27,21.7
57,M,179,87,18,94,101,37,38,53,34,24,38.6
62,M,175,60,19,98,94,38,33,52,39,18,26.7
59,M,186,67,19,84,98,39,32,56,37,10,27.2
23,F,167,57,15,77,109,34,27,55,33,24,21.0
21,F,154,46,15,62,80,35,27,53,33,17,17.3
28,M,182,93,19,105,99,37,30,66,40,31,37.4
35,M,155,66,18,98,98,38,34,53,39,23,29.3
25,M,177,81,17,95,103,37,37,58,38,28,32.5
44,F,164,82,15,97,89,32,26,51,38,45,35.4
62,M,175,79,18,110,99,39,30,60,36,28,36.3
35,M,171,88,18,96,102,42,34,52,38,35,35.9
26,M,183,95,18,93,94,38,34,45,37,32,38.8
62,M,186,102,18,85,99,40,32,56,44,30,41.3
30,F,162,47,16,76,109,32,26,53,38,18,22.0
59,M,184,56,18,99,93,41,32,59,40,12,21.7
24,F,149,77,15,93,93,37,23,54,35,45,29.4
32,M,183,66,19,90,98,39,31,57,40,19,24.7
62,M,183,73,16,97,90,40,35,57,42,13,29.2
52,F,160,55,16,62,107,33,29,53,37,19,23.2
48,M,173,82,17,94,106,38,35,59,36,33,35.7
32,F,165,75,16,80,87,33,26,51,36,29,30.5
24,M,176,80,18,101,106,37,36,57,40,30,33.5
36,F,158,58,15,55,107,36,28,46,38,30,24.1
20,F,159,55,16,76,100,33,30,55,38,31,24.0
42,M,173,71,18,91,100,41,31,62,37,31,29.6
32,M,180,95,18,99,98,36,35,58,34,20,38.0
58,M,196,71,18,76,98,41,30,57,38,9,29.2
39,F,168,85,16,63,112,35,28,50,36,45,36.8
44,F,157,69,16,89,87,32,24,47,35,41,29.5
61,M,183,103,18,101,101,37,31,53,38,32,41.7
36,M,186,92,19,96,92,41,30,56,39,27,40.6
47,M,184,87,17,89,98,39,29,57,38,20,39.9
28,M,173,65,19,84,93,39,29,55,39,21,25.6
63,M,171,72,19,98,88,39,34,52,36,27,32.0
48,M,172,88,17,102,93,40,29,57,40,37,39.6
27,M,174,94,18,82,103,38,31,59,39,25,39.7
32,F,161,69,16,93,96,32,28,46,38,31,27.7
21,M,187,98,18,113,91,40,30,56,42,33,42.5
37,M,177,93,17,96,105,34,34,52,36,27,36.8
26,F,161,70,15,82,105,35,31,55,35,29,29.6
46,M,175,65,18,88,89,38,36,55,38,26,29.2
18,M,174,75,17,94,99,37,32,59,40,30,35.1
30,M,171,78,17,114,94,41,31,62,39,32,34.8
27,F,150,44,16,70,92,32,28,52,40,36,18.5
50,M,177,88,18,118,90,39,31,62,35,23,33.9
39,F,159,76,16,80,106,34,25,53,33,35,31.9
60,F,164,60,16,78,104,34,27,53,39,27,25.6
32,M,162,76,18,120,91,39,33,58,35,29,31.7
49,M,172,65,18,98,94,39,34,54,40,26,26.8
24,F,165,47,16,59,110,34,32,44,35,18,17.0
26,F,168,75,15,87,106,33,30,49,36,35,33.0
49,F,160,63,17,70,85,34,29,56,36,21,21.8
63,F,167,60,16,73,87,33,27,53,36,21,23.6
32,M,163,40,17,81,93,38,34,57,39,14,20.0
47,F,166,56,14,80,129,33,27,59,38,26,27.2
30,M,177,76,18,114,87,39,32,64,35,29,30.9
48,M,193,91,16,100,106,38,31,55,39,29,35.4
32,F,163,74,16,80,94,36,27,51,36,45,30.4
41,F,167,73,15,69,97,32,32,49,38,27,31.9
38,M,173,77,19,97,93,41,32,56,35,22,33.7
56,F,155,52,14,69,100,35,29,54,36,27,20.8
38,F,163,46,16,84,103,32,29,49,35,28,16.5
32,M,170,72,17,87,99,41,30,59,43,28,30.7
57,M,181,88,17,116,104,41,29,56,42,37,39.2
45,F,155,55,15,75,84,33,30,54,37,35,24.3
18,F,163,92,16,77,83,33,29,50,39,45,41.9
18,F,167,59,15,82,103,33,27,52,34,21,23.4
18,F,164,75,16,84,88,31,31,49,33,42,33.3
56,M,175,87,18,103,90,38,29,54,38,36,37.1
25,M,170,81,19,105,101,36,32,58,33,34,36.3
52,M,178,82,17,81,101,36,34,53,43,19,36.8
21,F,169,85,16,82,102,34,28,46,36,34,38.4
31,M,174,80,17,105,90,41,36,51,37,25,30.8
46,F,166,82,16,77,110,31,31,50,38,44,38.2
35,F,158,42,15,68,91,34,27,49,37,17,18.1
27,M,163,48,18,88,96,39,34,59,44,17,16.9
18,F,162,89,16,87,90,31,28,59,35,45,36.3
35,F,166,62,15,57,103,33,30,49,34,17,25.7
45,F,172,71,15,81,103,34,29,55,35,29,29.6
38,M,184,104,18,98,87,39,32,66,36,30,42.3
65,F,160,40,17,86,101,32,31,54,37,19,17.6
23,F,162,56,15,78,96,36,29,54,38,24,25.2
57,M,170,92,18,87,94,40,28,52,38,32,40.8
50,F,166,78,16,91,94,33,28,54,34,37,30.5
59,M,171,99,18,96,97,35,31,56,37,35,40.7
26,M,183,102,17,86,86,38,33,64,40,29,50.3
19,M,176,86,18,79,88,35,37,59,37,20,35.4
47,M,185,80,18,91,105,37,34,56,44,30,36.4
61,F,157,63,16,81,91,34,28,54,35,36,27.3
48,F,163,62,16,81,88,35,26,58,37,25,27.4
28,M,172,66,19,83,90,40,30,53,39,22,26.5
60,M,182,74,18,99,93,40,32,60,41,22,31.8
41,M,183,94,18,92,97,36,32,52,36,21,41.6
40,M,165,40,18,71,110,40,32,53,38,12,17.0
59,M,179,73,18,86,100,38,32,61,39,10,32.9
35,F,163,62,16,89,90,31,27,49,36,20,25.5
27,F,167,52,16,65,107,37,26,48,37,20,19.4
21,F,147,54,15,80,93,33,27,50,37,23,26.4
44,M,180,100,17,100,88,40,26,56,34,30,43.2
50,M,170,62,18,74,104,42,27,61,40,18,26.4
49,M,172,82,18,104,92,38,30,53,42,29,34.6
39,M,176,81,18,84,116,39,34,52,43,23,31.4
20,M,178,93,19,105,88,39,31,56,38,34,41.1
25,M,170,102,19,110,103,38,32,57,45,42,38.0
47,M,174,47,19,74,86,39,33,59,39,8,18.7
57,F,166,74,17,90,82,35,28,53,34,34,29.3
19,F,161,52,16,72,107,31,29,53,34,20,19.6
52,F,168,108,15,81,92,35,27,51,37,45,43.9
64,M,185,70,17,100,105,38,34,51,39,18,29.2
22,F,147,52,15,78,99,33,31,48,38,20,20.6
38,M,171,67,18,83,106,38,33,52,37,27,26.5
20,F,169,72,15,72,105,32,27,46,36,39,26.5
64,M,163,91,18,112,88,39,31,53,31,42,40.6
37,M,190,82,18,97,98,39,36,56,38,24,33.6
64,F,165,79,16,96,100,34,29,48,37,45,35.1
52,F,175,65,15,78,96,33,26,55,37,24,25.8
58,F,162,84,16,99,95,33,27,51,35,41,35.8
43,F,174,77,15,89,104,32,26,55,32,33,31.8
20,M,169,89,18,106,111,40,31,51,37,38,32.5
19,F,159,40,16,76,104,36,33,59,36,34,16.8
62,F,150,40,14,82,100,33,28,53,36,24,16.2
23,F,157,55,16,76,115,32,29,56,34,30,21.9
35,F,177,80,17,87,109,33,31,52,36,32,36.2
21,F,165,55,15,78,95,33,29,51,34,15,22.7
55,M,182,88,18,119,92,37,34,54,38,31,43.6
30,F,168,70,15,74,89,34,27,42,34,28,28.2
45,F,165,53,16,71,96,32,25,49,36,28,18.9
34,M,198,82,17,91,90,36,33,56,40,22,35.8
57,M,167,79,18,92,104,40,34,56,40,30,31.1
39,M,183,80,18,92,107,40,34,57,37,26,34.0
55,F,171,74,15,85,107,34,31,46,37,33,30.6
43,M,174,88,18,106,106,37,33,62,39,27,34.8
30,M,177,101,19,93,108,37,31,61,37,35,42.8
58,F,169,68,14,76,107,33,28,50,38,34,24.9
63,M,180,104,18,110,95,41,31,60,37,39,44.8
48,M,177,91,18,93,93,42,30,53,36,29,34.8
38,F,163,64,16,82,94,31,25,52,36,28,27.7
47,M,180,75,18,88,91,41,34,61,37,15,35.3
56,F,165,85,16,77,88,35,22,50,37,42,37.9
58,F,157,70,16,82,99,30,31,48,38,30,29.4
57,M,180,90,19,96,93,39,35,53,35,23,36.5
39,F,172,49,16,87,100,35,30,54,34,20,21.2
45,M,178,86,17,99,96,40,34,57,33,27,38.1
25,F,165,61,15,91,94,32,29,50,34,36,22.8
64,M,191,96,17,99,89,36,31,53,34,35,40.4
54,F,177,66,15,94,102,34,28,52,36,28,28.8
65,M,170,54,18,77,89,36,29,50,36,16,21.9
26,F,172,61,15,99,88,35,29,50,36,31,25.8
53,M,176,118,19,112,106,36,35,54,36,45,38.9
33,F,157,89,15,84,98,33,25,54,37,45,32.1
38,M,171,89,18,108,99,37,33,58,42,40,35.6
20,M,185,68,18,90,101,44,32,55,35,25,31.7
52,M,173,66,19,81,84,37,34,58,41,11,28.4
50,F,166,85,15,62,94,33,26,54,34,40,35.3
21,M,180,85,19,95,99,38,38,59,37,25,35.6
32,M,169,78,18,101,96,39,36,50,37,40,32.9
55,F,164,54,15,86,116,33,29,56,35,29,22.9
26,F,155,46,15,85,110,33,28,53,34,33,20.7
47,F,164,45,15,73,105,35,29,49,39,32,21.0
57,F,162,74,15,99,101,36,29,55,35,42,26.8
44,F,153,65,16,83,84,34,28,51,36,25,29.3
43,M,171,74,19,93,106,41,30,57,39,25,33.6
57,M,168,88,20,89,98,37,28,59,38,41,38.4
33,M,169,58,17,67,94,41,30,49,38,17,24.1
50,M,182,88,18,99,89,37,36,53,34,30,37.6
37,M,183,90,18,111,104,38,29,59,43,26,37.1
29,F,164,96,15,97,105,33,22,54,37,45,40.4
63,F,156,41,16,55,97,31,30,50,33,11,15.8
62,M,179,95,18,97,96,37,36,59,43,36,43.1
45,F,165,69,15,87,110,32,28,56,36,32,28.0
40,F,159,51,15,81,99,35,24,50,37,23,22.5
39,M,168,78,17,95,103,39,34,55,40,36,29.8
35,M,178,89,18,92,97,37,33,56,41,29,40.5
39,F,160,40,15,70,111,34,28,54,36,17,17.5
56,F,161,66,16,81,83,31,27,56,39,32,28.4
50,M,187,127,19,119,102,38,31,54,38,45,55.6
34,F,154,56,15,75,113,33,30,55,35,34,24.3
38,M,177,89,18,99,88,37,34,63,38,26,32.6
52,M,172,92,19,106,96,40,32,57,41,40,41.1
32,M,184,97,17,93,100,40,34,48,39,31,41.3
65,M,182,80,17,85,104,36,28,56,35,14,35.3
31,M,178,63,18,86,94,37,35,58,41,16,25.0
21,F,164,65,15,78,99,34,27,48,35,32,23.6
60,M,173,77,18,98,101,41,31,48,39,25,33.1
60,F,161,55,16,83,96,35,26,51,37,35,22.0
19,F,165,84,15,67,105,31,27,54,36,39,32.2
62,F,174,72,15,69,90,34,26,47,33,29,29.1
46,M,179,84,18,89,110,40,35,61,43,28,36.0
55,M,187,89,18,86,86,41,35,55,41,21,41.3
21,M,182,98,18,110,93,33,36,61,36,30,43.3
47,F,162,86,16,77,99,35,26,49,37,35,37.9
38,F,162,73,16,93,87,32,26,44,37,40,28.5
27,F,166,55,15,80,105,34,28,53,34,24,23.0
18,M,187,82,18,82,99,36,29,65,42,23,35.7
49,M,193,107,18,96,95,40,35,59,39,36,46.6
62,F,165,80,16,64,101,30,26,58,36,25,33.4
36,M,162,70,20,94,90,39,28,57,39,27,29.9
40,F,171,65,14,55,102,34,27,55,38,27,28.8
45,F,152,47,16,96,104,35,26,51,38,39,18.3
34,M,171,99,17,80,98,37,32,51,38,31,45.7
24,F,159,73,16,65,97,35,30,54,35,32,32.4
38,M,183,84,17,67,92,40,33,56,39,22,35.2
64,F,149,47,16,88,93,32,25,51,36,29,21.3
41,M,180,104,17,107,94,39,35,63,38,41,37.1
61,F,168,76,15,77,94,35,29,55,34,45,33.7
38,F,170,80,15,73,107,33,28,56,35,42,32.4
58,M,178,76,19,82,96,39,35,50,43,23,36.2
30,F,164,40,17,75,98,31,31,56,34,21,17.7
43,M,174,91,19,91,100,39,32,56,37,30,33.6
26,F,169,81,15,75,110,36,27,51,34,40,31.3
63,M,183,84,17,87,97,40,30,59,38,30,36.7
38,F,164,62,16,55,103,34,26,50,33,21,24.6
60,M,173,80,19,83,100,42,30,57,41,23,34.9
55,F,184,98,15,82,88,32,31,52,34,39,45.6
49,F,162,72,16,91,88,32,28,50,40,41,32.9
58,F,164,73,16,70,98,34,31,56,37,27,30.4
59,F,168,48,15,68,93,36,30,54,36,21,21.8
18,M,188,77,17,59,99,38,34,59,40,17,33.2
23,F,168,62,17,62,85,33,30,51,36,32,24.2
30,F,166,50,15,73,90,34,28,49,35,21,20.9
63,M,179,79,19,103,98,36,32,53,39,33,31.5
35,M,185,87,17,117,100,40,29,53,37,29,35.7
53,F,171,77,16,61,105,33,28,51,34,28,36.0
48,F,167,80,15,68,97,30,27,54,34,32,29.9
22,M,171,80,15,83,101,39,33,59,39,28,33.2
41,F,159,46,15,77,98,32,26,52,38,25,19.6
29,M,182,60,18,91,90,39,34,49,37,14,27.8
40,M,189,93,17,103,93,38,30,55,37,34,41.4
42,M,184,64,18,74,107,41,31,51,40,16,29.2
23,F,154,62,15,102,105,33,28,42,33,32,23.6
19,F,159,68,15,83,115,35,28,52,35,36,29.5
61,M,163,91,18,101,95,42,35,55,32,39,36.7
52,F,164,78,16,90,113,32,28,54,35,32,36.9
38,F,159,59,16,73,94,36,29,51,38,24,23.7
34,F,165,63,15,92,98,33,29,47,38,31,24.3
58,M,169,94,18,102,98,42,34,54,41,42,39.3
57,M,170,79,18,111,97,38,28,56,37,37,34.0
58,M,176,75,19,99,107,39,34,54,37,24,32.6
40,M,176,83,20,89,90,39,32,51,40,25,35.9
46,M,176,87,17,79,96,36,32,58,39,38,39.5
56,M,187,91,18,81,94,38,36,58,36,30,32.5
49,F,166,68,16,70,84,35,25,52,32,30,25.0
29,M,170,57,19,108,86,45,32,56,42,31,24.8
20,M,179,76,18,94,97,35,29,58,40,19,29.1
54,M,183,106,17,103,97,38,33,51,33,33,43.0
35,M,173,49,18,79,92,41,32,49,36,11,22.3
18,M,160,78,18,101,100,38,29,58,38,32,28.6
63,M,189,81,18,103,97,41,33,54,36,33,32.6
53,M,174,74,16,86,97,37,34,55,42,24,30.5
57,M,169,61,19,75,80,39,32,55,35,18,23.8
33,M,167,52,17,77,103,40,34,60,38,8,24.5
21,F,174,83,14,96,97,31,28,51,34,37,35.4
34,F,161,56,15,102,99,35,29,50,36,32,25.3
23,F,161,64,15,86,99,34,29,49,37,36,26.5
34,M,188,87,17,78,91,39,33,65,35,29,37.3
43,F,149,55,16,59,97,32,26,53,37,26,22.0
20,F,154,65,16,92,94,34,28,51,38,41,28.8
54,F,180,83,16,100,91,35,28,53,37,31,38.1
29,F,165,75,15,70,94,35,30,48,31,34,34.4
38,M,164,97,18,112,99,38,28,53,39,42,40.9
18,F,158,95,16,78,93,34,27,51,37,45,41.6
47,M,177,55,17,86,100,38,32,59,39,8,23.2
39,M,193,103,19,98,94,36,35,59,35,24,45.3
56,M,180,80,19,103,101,39,33,61,38,25,31.7
53,M,192,115,18,98,106,38,30,56,35,37,46.5
41,F,166,59,14,73,102,34,27,53,34,31,25.4
45,F,162,57,15,62,99,32,27,47,38,20,23.2
62,M,173,87,18,97,102,39,35,54,42,41,35.5
18,M,178,99,19,111,99,38,29,58,42,34,41.4
53,M,171,68,18,82,93,37,30,68,35,18,26.2
30,M,187,99,17,98,101,39,32,57,36,25,40.3
27,M,191,95,19,99,96,35,32,64,42,27,40.4
23,M,174,54,18,84,90,41,30,60,39,21,22.7
56,M,176,84,17,90,97,38,31,53,33,25,34.5
19,F,168,56,15,82,97,36,31,53,33,17,23.2
59,M,176,40,17,78,105,35,31,53,39,8,15.4
61,F,172,80,14,86,95,34,27,53,37,45,33.1
22,M,175,109,17,108,99,40,32,51,39,41,43.8
39,F,174,81,16,92,103,34,27,57,35,42,36.3
25,M,179,63,18,82,89,39,29,56,31,10,27.6
51,M,186,122,17,95,94,38,30,66,37,45,49.3
46,M,175,109,18,95,86,39,33,49,42,39,44.6
32,M,173,79,18,84,105,39,29,52,37,31,30.9
38,M,174,67,18,95,97,40,29,57,37,25,26.3
51,F,156,42,15,66,100,34,30,45,35,16,17.7
64,M,191,78,19,86,113,39,29,54,38,18,34.3
60,F,169,84,17,71,107,35,29,59,34,34,32.0
58,F,164,77,16,96,106,35,28,56,34,36,32.3
21,M,172,66,18,97,85,38,31,54,40,20,30.8
53,M,174,56,18,71,96,39,35,49,36,19,27.2
21,M,174,72,19,82,107,41,29,58,41,14,31.5
63,F,162,40,16,55,100,34,30,59,37,9,18.6
27,M,184,72,18,80,102,38,34,63,42,11,29.8
43,M,168,50,17,81,96,41,34,55,44,14,20.5
23,M,186,79,18,97,97,40,31,53,41,25,26.8
64,F,155,59,15,88,98,35,30,48,35,36,25.7
52,M,178,53,19,85,93,35,30,52,43,15,22.1
61,M,172,104,18,125,95,38,31,53,36,45,45.5
44,M,171,85,18,88,89,39,34,56,44,28,33.1
57,M,187,78,17,86,97,39,31,56,42,27,37.1
34,M,178,72,18,93,103,35,33,56,41,21,27.3
57,M,177,77,19,74,108,41,31,57,36,17,33.7
31,M,191,71,19,90,92,40,34,53,38,10,27.7
36,M,173,74,18,96,98,39,30,56,41,22,31.2
25,M,174,65,19,87,94,37,32,55,38,24,25.5
18,M,178,86,18,114,94,37,32,56,40,22,36.6
55,M,171,76,17,102,91,41,33,67,34,30,28.8
37,M,175,82,18,111,108,35,29,60,41,32,33.8
55,M,163,72,16,100,95,40,31,56,40,22,32.3
28,F,173,54,17,67,101,35,29,55,35,12,23.2
58,M,177,63,18,86,99,40,35,61,35,15,23.6
44,M,179,112,17,84,86,40,32,54,37,35,47.0
18,F,169,66,16,67,91,32,27,57,34,22,25.2
22,F,162,63,15,76,114,33,28,59,39,31,26.7
21,M,175,87,17,97,108,35,36,55,41,28,34.6
45,M,173,90,19,88,89,36,36,60,39,37,32.4
48,F,159,55,16,84,93,31,28,55,36,35,23.5
44,F,161,86,16,75,86,33,27,52,34,43,38.8
37,M,168,79,17,90,92,38,36,56,39,28,31.2
30,F,156,46,16,59,102,32,28,48,33,21,17.7
41,F,169,73,16,79,106,33,28,44,33,26,31.3
38,F,175,78,17,73,98,33,23,49,35,32,32.0
64,M,184,74,17,92,89,38,30,50,40,19,31.3
61,F,147,68,16,73,115,35,25,52,38,45,32.3
57,M,186,92,18,106,94,38,34,52,37,29,35.6
64,M,171,93,18,101,109,39,29,62,38,37,37.6
27,F,162,63,16,56,101,33,27,58,35,23,25.0
27,F,171,75,16,81,115,34,27,48,35,35,32.4
45,M,176,127,18,101,85,36,33,62,37,45,53.6
37,F,165,57,15,100,94,33,27,53,38,31,23.5
59,F,168,78,15,82,90,31,23,49,38,44,32.6
37,F,153,78,17,90,94,33,26,53,37,45,32.1
53,F,162,85,15,97,90,37,30,46,34,42,32.6
54,M,184,78,18,90,98,39,31,51,36,29,35.0
49,F,153,62,15,83,95,33,30,56,33,29,25.8
39,F,166,67,15,82,100,35,23,54,33,29,31.0
32,F,173,77,15,72,92,33,31,46,35,40,28.3
19,M,167,70,17,100,110,38,30,53,40,22,33.0
39,F,172,70,16,60,116,36,24,43,34,29,28.7
29,F,162,42,15,73,107,34,29,53,40,28,18.4
46,M,184,114,18,96,94,42,34,56,39,32,47.8
39,F,158,40,16,74,115,34,32,50,34,23,15.9
26,M,185,88,17,109,107,41,37,51,39,25,35.5
63,M,174,89,18,98,93,38,33,59,42,29,35.4
56,F,174,70,15,85,101,32,32,53,34,31,31.8
30,M,179,116,18,109,87,37,32,66,40,34,46.7
24,M,181,78,17,75,94,36,32,57,35,21,31.0
63,F,162,69,16,70,95,36,28,53,38,37,29.7
47,F,160,51,18,82,93,35,26,54,33,21,18.5
19,M,171,71,18,99,101,38,33,58,43,24,30.0
36,M,178,84,18,89,88,39,32,56,37,29,37.1
47,F,167,55,15,84,89,33,29,53,34,24,23.7
38,M,176,69,17,81,103,37,35,63,36,22,27.8
41,F,161,69,15,77,94,35,28,49,37,40,29.8
26,F,152,41,15,63,107,37,29,55,39,21,19.0
62,M,172,76,17,72,108,37,31,51,40,18,30.6
64,F,148,60,14,66,92,30,29,47,39,32,22.8
64,F,168,53,15,102,105,34,29,56,31,38,22.3
63,F,160,81,15,81,90,30,32,54,40,45,34.1
31,M,170,76,18,78,102,39,31,64,39,23,35.2
37,F,164,86,15,86,110,35,28,47,32,45,39.2
29,F,162,51,16,76,109,31,29,55,34,19,23.4
33,M,174,84,17,89,97,41,34,63,40,30,29.9
22,M,175,96,17,105,99,39,28,63,40,32,37.8
34,M,157,72,18,102,92,41,29,56,38,31,29.1
61,F,159,54,15,65,103,34,31,58,37,14,22.7
65,M,182,85,18,98,97,39,30,59,36,25,35.4
54,M,178,96,18,82,98,36,33,55,42,21,42.0
63,F,168,72,16,72,99,34,28,54,32,32,31.8
31,F,165,40,16,73,98,34,30,56,37,13,17.4
29,F,163,82,16,93,97,33,28,55,31,37,31.7
28,F,168,60,16,55,98,35,32,52,39,21,27.4
23,M,190,106,17,86,93,36,36,51,40,28,41.7
22,F,147,68,16,75,93,33,28,52,36,36,28.5
65,M,174,92,18,81,105,42,32,58,34,18,38.3
27,M,175,61,19,79,110,39,34,66,41,10,27.0
19,F,163,70,15,72,104,35,27,56,36,33,32.7
46,F,161,55,16,82,97,35,29,58,37,23,24.8
19,F,157,86,14,80,89,35,29,45,35,45,38.8
58,M,174,83,18,97,101,37,31,56,40,28,32.7
48,F,182,69,15,76,102,35,29,55,37,27,27.8
54,M,164,59,20,85,98,41,32,61,40,27,19.5
18,M,182,109,17,98,90,36,36,51,41,39,42.5
32,M,169,65,19,79,92,37,31,56,42,15,28.1
34,F,167,51,16,84,106,35,27,49,31,32,19.9
24,M,183,66,19,95,108,37,36,53,40,16,27.1
40,F,172,70,16,89,103,33,29,48,36,40,30.1
28,F,171,56,15,71,87,33,30,51,37,26,23.5
51,F,165,64,15,76,95,35,28,53,34,32,26.9
19,F,163,71,14,73,117,38,30,50,37,42,29.6
65,M,169,75,17,94,87,39,28,53,40,28,32.1
59,M,172,102,17,114,88,36,31,60,40,43,42.8
21,F,161,67,15,77,104,36,30,53,36,45,30.1
46,M,163,92,18,114,96,38,37,56,38,39,35.8
34,F,161,63,16,84,95,34,30,53,35,29,26.5
56,F,161,42,16,82,101,34,31,48,36,26,18.8
33,M,177,87,19,87,88,35,32,57,38,29,37.1
42,F,161,69,15,80,95,33,30,53,37,30,30.0
37,F,162,69,16,102,95,35,29,56,36,36,30.1
55,M,171,79,19,110,85,41,30,49,38,35,30.3
63,F,170,98,16,89,82,35,25,54,31,43,41.4
27,F,165,81,15,88,120,31,33,52,35,29,38.8
59,M,177,76,18,97,100,38,34,59,36,22,35.0
48,M,182,97,18,94,93,40,29,58,38,30,37.5
38,F,161,63,16,74,109,35,30,52,36,21,23.3
43,F,158,74,16,75,107,36,28,56,30,39,32.1
64,F,170,67,15,73,107,34,30,57,35,27,28.9
43,M,167,81,19,68,89,38,32,55,39,34,33.1
47,F,163,58,15,86,86,30,27,45,31,29,22.1
54,F,159,64,14,118,98,33,27,53,33,44,26.6
54,F,162,58,16,75,116,31,24,52,38,25,29.9
56,F,166,74,16,70,111,35,34,50,37,33,29.1
39,M,178,87,18,81,97,39,32,57,43,23,39.0
42,M,184,58,19,103,99,41,30,61,42,14,24.5
34,M,174,78,20,104,87,41,35,58,38,26,37.0
56,F,164,66,16,84,102,35,26,52,35,27,29.4
49,M,173,63,19,75,100,40,28,60,37,19,28.7
63,F,166,79,14,83,102,33,27,51,33,40,32.3
56,M,169,59,17,82,102,42,32,54,40,18,20.2
50,M,176,104,19,118,93,34,32,56,39,36,46.1
24,M,186,68,19,73,84,40,30,55,40,15,26.3
59,M,167,71,19,104,91,38,27,49,40,31,30.0
54,M,168,68,17,92,103,39,31,48,42,28,26.9
23,M,177,92,17,96,90,37,32,52,36,31,35.1
60,F,166,54,17,72,103,30,29,57,35,22,18.9
31,F,167,51,15,74,97,34,31,51,33,28,21.1
23,F,167,65,16,73,98,34,29,48,36,31,26.2
36,F,165,81,15,76,105,38,28,49,36,34,31.5
22,M,176,72,18,97,100,37,30,58,38,19,30.4
56,F,170,57,15,76,102,32,25,52,34,24,22.3
58,F,161,76,16,77,103,34,28,50,36,40,29.3
33,M,184,112,17,115,110,41,32,53,43,41,48.0
39,M,181,80,18,88,85,38,30,57,38,29,33.8
57,F,157,52,16,58,107,32,28,50,37,12,20.8
43,F,148,55,17,73,99,31,31,51,40,33,22.6
61,F,163,54,16,91,102,33,31,51,39,28,23.0
42,F,170,89,16,74,91,35,27,47,37,43,34.8
24,F,169,73,15,75,99,34,26,58,37,29,31.6
23,F,157,49,16,80,88,32,28,49,34,27,20.7
62,F,165,51,14,55,97,36,26,52,33,17,21.9
52,M,161,75,19,93,99,36,33,55,39,25,31.0
59,F,164,64,16,76,85,32,29,54,38,30,27.7
35,F,170,66,14,82,103,33,28,52,34,28,29.7
62,M,171,78,19,113,99,42,33,51,37,30,31.1
42,M,173,64,18,86,104,38,32,54,42,12,26.0
64,M,183,112,17,107,103,37,29,55,40,37,52.3
39,M,177,61,17,71,99,35,29,53,42,9,25.3
39,M,182,93,18,117,94,36,31,56,41,23,41.7
42,F,152,42,15,69,88,35,31,49,36,13,18.2
61,F,158,40,15,87,93,34,22,47,40,30,17.2
24,M,188,75,18,91,90,39,32,60,38,25,31.6
39,F,163,79,15,101,91,34,31,52,35,39,35.4
47,F,157,55,17,70,92,32,28,53,37,24,20.8
37,F,159,55,15,66,106,34,29,52,36,22,23.2
54,M,171,57,17,76,84,43,36,58,39,19,24.8
29,M,187,63,18,76,108,40,31,49,36,14,26.5
52,M,183,96,18,82,95,37,33,49,44,29,40.5
34,F,159,98,16,80,105,32,28,53,36,45,45.5
46,F,166,76,15,119,105,31,29,50,37,43,32.2
53,M,170,55,16,95,94,35,31,52,39,22,24.6
65,F,167,80,16,94,100,31,29,44,36,44,33.6
25,F,173,98,15,82,104,32,27,53,34,40,40.2
18,M,186,87,17,81,101,37,32,53,36,15,39.8
33,M,166,66,17,96,113,36,32,58,38,20,25.8
58,F,162,73,15,72,101,34,29,54,35,36,28.7
26,F,148,62,16,114,90,34,24,51,34,45,26.4
18,F,159,65,16,55,110,35,27,53,36,27,31.6
57,F,159,65,16,82,107,34,22,55,39,31,28.2
51,F,165,75,15,69,88,34,30,47,36,32,35.0
27,F,161,65,16,75,107,33,27,48,36,32,27.5
20,M,187,95,19,89,95,39,32,56,41,32,43.2
58,F,172,62,15,77,97,33,29,55,35,23,24.4
38,M,179,91,19,98,89,40,32,58,40,33,40.6
26,F,157,52,16,84,110,35,29,51,35,28,22.2
20,F,167,93,15,89,105,34,29,48,33,45,41.3
36,F,165,91,16,80,93,34,26,47,35,45,36.5
55,M,187,80,18,93,97,39,30,56,37,26,35.0
58,M,165,58,17,81,115,36,33,57,34,8,25.0
26,M,189,74,17,111,101,40,34,60,34,16,29.7
33,F,168,66,15,67,104,31,28,48,38,29,29.7
64,M,171,64,19,91,107,40,29,59,33,20,23.2
22,M,180,91,18,85,92,40,34,55,36,29,36.4
36,M,178,54,18,82,90,37,29,63,38,14,23.3
65,M,166,44,18,83,89,38,29,54,35,18,19.6
42,M,179,74,18,109,94,36,27,52,39,24,31.7
37,F,149,42,15,64,102,30,27,54,35,20,16.7
38,F,172,62,16,84,98,32,29,57,36,31,27.8
29,M,171,111,17,119,102,36,29,58,41,39,46.8
18,F,173,58,16,82,102,35,28,54,34,26,27.4
50,M,176,61,18,100,101,42,33,55,37,15,22.8
26,M,161,62,18,97,101,43,32,58,40,19,25.3
57,M,169,103,18,110,83,40,36,60,37,45,39.8
30,F,170,57,15,69,99,33,28,54,34,17,23.6
35,M,180,65,18,94,85,37,30,57,37,20,27.2
19,M,180,74,19,93,98,36,32,56,41,23,32.3
59,M,178,94,18,114,92,39,30,59,39,38,34.4
47,F,161,69,16,67,101,32,30,52,32,33,28.6
18,M,158,81,19,95,107,43,33,58,35,36,32.6
33,F,165,61,16,69,102,33,28,55,36,31,27.9
18,F,167,90,15,91,104,35,25,58,34,45,31.4
59,M,180,82,19,93,94,37,26,56,36,25,36.2
47,F,158,65,15,69,100,34,28,54,36,41,31.0
52,M,190,108,20,101,90,40,35,57,39,30,47.3
22,M,178,67,19,93,93,39,31,56,40,20,28.1
40,F,178,54,16,56,102,32,28,51,38,21,22.3
48,M,189,111,17,108,88,41,33,60,38,37,51.3
23,M,185,92,18,92,106,34,32,53,37,29,40.5
53,M,174,97,17,112,88,37,33,50,38,45,41.9
56,M,172,67,18,94,99,41,33,62,36,21,32.5
50,M,184,72,19,80,109,40,32,55,36,24,29.6
47,F,161,69,16,85,93,33,27,55,38,43,29.7
23,M,183,82,17,55,96,38,31,55,35,18,35.6
43,M,180,89,18,118,92,38,32,52,43,31,38.7
44,M,181,95,17,89,102,39,30,59,39,33,41.9
31,M,180,91,18,106,108,35,37,60,42,27,39.0
56,F,167,79,16,81,111,34,26,50,40,36,34.4
54,M,176,71,19,91,105,38,30,51,39,24,32.0
29,M,186,105,20,105,98,38,26,55,36,33,36.3
49,F,168,52,15,89,100,33,28,47,35,35,21.3
20,F,151,72,17,81,99,33,30,47,37,45,32.2
21,F,162,45,18,75,105,33,29,49,34,26,19.5
52,F,153,46,16,91,105,34,29,50,36,21,18.7
62,M,166,98,19,119,105,38,32,47,31,45,41.4
50,M,185,101,17,68,91,38,33,61,41,25,39.8
28,M,169,71,17,74,98,34,30,55,39,21,27.3
40,M,197,100,17,90,96,39,36,54,39,20,44.5
24,M,181,101,17,104,105,41,29,52,38,40,47.3
27,M,177,82,17,104,92,39,35,57,33,26,34.8
58,M,175,63,18,72,89,40,33,50,40,17,25.4
36,M,188,84,18,75,105,39,31,51,34,19,35.6
19,F,164,65,16,68,104,34,30,46,35,19,26.9
37,M,176,71,18,91,95,40,28,54,37,26,32.3
47,F,162,60,16,57,111,32,26,49,33,14,23.9
31,F,163,76,15,78,113,35,28,49,37,37,30.8
62,M,176,93,17,86,91,41,32,55,42,26,37.9
45,F,164,64,16,75,103,33,30,51,38,26,28.2
50,M,182,98,18,91,104,37,30,57,43,30,45.0
51,M,169,69,19,86,91,41,37,55,43,18,31.0
39,M,161,61,18,87,92,42,36,56,39,24,22.1
18,F,164,62,15,96,104,33,30,57,33,35,28.2
43,F,161,80,16,89,95,33,27,56,36,42,32.3
63,M,161,82,17,94,98,36,33,47,43,38,33.5
61,F,165,54,15,70,103,33,28,52,34,27,19.8
29,F,164,67,16,76,98,35,28,55,38,32,25.3
54,F,154,40,16,77,103,35,25,56,37,17,17.9
41,F,161,77,15,63,100,31,29,52,35,31,30.4
29,M,182,70,19,77,97,37,34,46,38,15,29.2
25,M,187,93,18,99,101,39,32,49,41,29,38.7
55,M,182,87,17,75,109,39,31,55,38,28,39.2
31,F,166,54,16,70,95,32,31,49,34,24,23.5
46,F,145,73,15,86,84,33,29,51,36,45,29.9
54,F,168,68,16,87,91,35,29,45,34,36,25.8
52,F,167,40,16,85,83,33,26,47,35,24,17.1
63,M,177,94,19,115,107,41,33,55,40,32,37.4
63,F,150,54,16,59,103,35,28,50,33,24,24.2
63,M,175,69,17,81,93,36,29,56,40,24,26.3
31,M,167,51,18,86,106,41,31,58,40,15,20.6
40,F,168,100,15,91,106,35,29,57,33,45,42.9
64,M,175,61,19,88,100,38,35,55,42,16,24.5
65,M,180,84,19,93,94,35,32,54,33,27,32.7
58,F,152,63,16,88,107,34,31,50,34,39,24.4
42,M,171,92,17,95,82,38,31,57,39,39,40.7
24,F,156,75,16,97,97,32,31,53,37,35,31.9
49,F,171,43,16,65,107,34,31,51,35,12,20.4
53,F,166,58,15,77,92,33,31,47,35,20,22.1
64,F,152,76,16,76,103,36,25,54,34,41,34.7
23,M,167,68,19,95,107,40,34,60,40,21,29.4
28,M,176,73,17,96,96,38,32,61,37,18,34.4
38,F,165,64,16,84,99,34,28,60,33,40,28.7
47,F,165,64,16,83,98,34,28,50,37,28,30.0
35,F,175,73,14,82,102,36,27,51,33,29,29.7
53,M,172,61,17,89,95,39,34,51,37,24,24.7
51,F,174,59,15,88,109,33,28,53,36,27,23.1
51,M,181,104,17,107,91,37,32,53,38,38,34.9
19,F,156,55,14,64,93,34,28,51,36,42,22.0
33,M,186,72,18,86,98,37,35,59,42,21,34.5
65,M,177,86,18,88,106,37,30,45,36,34,32.4
53,F,164,84,16,91,110,33,25,54,37,39,38.1
46,M,176,58,18,66,96,38,30,56,41,15,25.1
22,F,172,82,17,100,100,31,27,57,33,40,31.8
60,F,162,63,17,72,114,33,28,50,35,30,26.4
33,M,179,102,19,102,107,40,34,55,38,44,44.4
36,M,161,86,17,118,89,40,34,53,35,35,36.7
39,F,160,68,16,92,104,32,29,50,37,31,32.9
53,M,175,74,17,105,102,39,31,51,40,28,32.6
39,F,161,70,14,81,96,33,25,50,36,29,25.6
54,F,168,54,15,93,112,33,29,44,35,23,24.1
54,M,184,55,19,75,93,38,35,52,40,12,22.7
40,M,190,85,17,100,103,35,33,62,42,24,35.6
41,F,166,59,15,78,92,33,26,52,35,38,27.3
26,F,166,69,15,81,111,30,25,52,34,34,28.2
48,M,177,81,19,75,92,34,31,54,41,13,33.2
22,F,161,65,16,80,112,34,29,49,36,34,28.9
34,F,155,64,15,73,92,35,29,52,38,37,24.6
61,M,159,78,19,87,94,38,33,59,37,27,29.9
48,F,158,46,16,71,96,32,29,50,37,27,18.7
32,F,168,68,16,74,106,35,31,54,35,34,27.7
60,M,173,71,17,88,100,37,34,52,38,24,28.9
25,M,178,90,18,101,96,39,31,53,43,32,37.9
42,F,159,69,15,96,103,33,27,50,34,29,26.2
56,M,184,99,18,99,96,39,34,49,43,30,42.4
48,M,187,114,17,123,102,38,29,51,36,40,51.1
25,F,160,53,16,76,112,35,26,55,35,21,22.6
48,F,158,70,16,89,89,33,28,60,34,45,31.1
51,M,170,71,18,99,99,37,31,46,42,22,28.8
40,M,181,77,17,82,80,34,31,53,39,19,37.4
65,M,190,87,18,89,107,40,33,50,33,28,31.8
39,M,178,90,18,100,119,35,32,53,37,22,40.7
49,F,157,58,15,87,109,34,30,57,38,35,26.0
60,M,173,93,19,101,93,39,31,57,39,38,37.8
65,F,151,57,16,74,87,33,29,48,37,37,23.3
37,F,159,62,13,102,93,34,25,50,39,36,24.6
19,M,191,94,17,97,96,37,31,57,40,23,38.8
33,F,159,64,14,86,103,33,28,56,34,36,27.7
31,F,146,56,16,69,95,36,30,49,36,26,26.0
19,M,165,62,17,86,103,38,29,54,42,30,25.9
49,M,168,62,17,97,96,36,37,52,32,23,27.0
62,M,175,69,18,86,103,40,32,54,40,20,34.3
53,F,145,46,15,60,90,33,25,55,36,28,19.9
53,F,147,40,16,88,100,33,29,50,33,21,16.7
48,F,168,84,16,79,99,38,29,50,33,41,34.9
24,F,162,55,15,76,103,36,31,53,33,35,25.1
60,F,166,82,15,89,100,33,26,58,39,35,33.0
19,M,164,80,18,106,104,41,34,55,37,27,31.7
40,F,165,58,16,83,103,37,26,49,36,30,22.6
54,M,178,84,18,104,87,38,34,46,37,27,34.4
37,M,177,107,17,108,94,41,28,51,39,32,43.5
63,M,163,73,18,103,94,38,28,54,41,36,33.4
61,M,184,79,19,80,95,38,39,52,42,21,28.1
52,F,162,70,15,62,89,34,28,47,35,29,32.6
22,M,179,88,17,98,88,44,32,57,44,30,37.7
32,M,178,94,18,94,115,38,33,52,37,34,36.9
46,F,165,45,15,76,97,30,30,52,36,26,17.7
52,F,167,67,16,69,98,34,23,57,36,28,23.3
20,F,164,57,15,73,109,33,29,50,38,29,26.0
49,F,163,66,16,78,87,33,31,47,33,36,27.7
58,M,191,98,18,95,108,41,28,58,38,33,39.4
46,M,177,89,18,108,91,37,30,57,38,32,39.8
43,M,175,98,19,102,97,38,28,55,37,32,37.2
33,M,179,80,19,98,88,40,33,52,35,26,31.9
48,F,160,43,15,63,105,35,28,49,36,12,18.6
32,M,176,66,18,105,85,35,37,55,41,24,25.8
24,M,177,90,17,84,113,37,33,54,42,28,38.2
45,F,163,40,16,72,111,35,30,50,36,17,16.2
22,M,177,85,19,90,107,40,32,53,40,24,38.4
38,F,176,64,15,94,95,29,30,48,35,32,27.8
63,M,182,79,19,89,106,38,33,63,38,25,32.0
49,M,183,96,17,95,107,43,29,54,37,30,38.2
26,F,164,55,15,68,107,32,26,49,35,23,23.6
54,F,165,64,15,85,97,32,28,48,38,30,29.6
28,F,164,55,16,85,112,34,28,51,35,25,23.4
33,F,167,64,15,83,92,33,31,51,34,36,26.6
25,F,163,44,15,86,107,34,29,52,35,26,20.7
41,F,160,62,15,83,95,34,28,55,36,33,29.1
36,F,160,55,15,77,114,36,30,51,35,27,20.7
54,M,155,55,19,83,102,35,36,59,40,21,21.4
22,F,181,75,16,73,86,33,31,55,40,21,32.0
41,M,180,66,18,98,87,36,27,56,41,25,28.2
24,F,173,69,15,83,108,29,27,51,36,30,32.8
25,F,173,68,14,70,114,32,27,54,36,31,31.1
23,M,172,84,17,77,90,38,28,52,39,25,33.2
21,M,173,73,17,94,95,38,30,62,39,19,34.1
38,F,172,63,15,82,106,33,25,45,34,27,27.2
65,M,164,75,17,89,100,42,32,52,38,28,30.9
57,M,178,92,20,102,91,39,35,50,36,28,40.5
59,M,181,70,19,90,99,38,36,52,38,17,28.6
50,M,177,86,19,119,92,39,35,54,36,32,37.5
18,F,169,66,15,66,90,32,27,50,36,25,31.5
44,M,170,83,19,99,96,37,32,59,44,31,32.5
42,F,168,85,15,61,91,34,25,54,35,36,33.2
57,M,169,86,18,85,104,38,33,57,37,20,38.6
35,F,157,73,16,82,111,31,27,51,36,40,34.9
29,M,183,67,18,64,99,39,32,59,40,17,28.2
61,F,163,42,15,65,93,33,27,53,36,29,18.2
33,M,186,90,17,96,82,38,32,56,41,24,36.6
60,M,160,68,19,114,102,37,30,59,41,34,30.9
52,F,153,47,16,88,105,34,29,50,36,26,19.8
29,F,162,67,16,74,104,33,30,55,38,29,30.1
20,F,164,62,16,80,92,33,30,51,38,25,24.2
21,F,172,102,16,100,108,33,28,52,35,45,45.2
57,M,182,93,19,94,104,40,32,60,39,34,41.5
52,F,168,80,16,72,96,31,30,47,35,30,31.0
65,M,172,57,17,69,99,39,33,55,32,17,20.4
56,F,165,58,16,98,95,33,25,50,35,30,25.6
63,F,156,75,16,95,103,33,28,47,34,43,34.0
27,F,164,79,15,77,90,34,30,51,38,41,33.1
24,M,180,81,18,96,98,38,29,49,40,26,33.2
62,F,159,81,15,86,109,35,29,53,34,45,34.5
49,F,145,59,16,65,92,32,29,47,35,27,26.7
55,F,152,58,16,87,98,36,26,40,34,28,22.6
35,M,179,92,18,98,94,36,32,58,39,34,36.3
64,M,175,85,19,85,103,39,31,63,36,25,29.0
42,M,185,97,18,100,111,37,29,56,36,34,41.1
49,M,180,76,18,90,111,42,32,56,35,21,30.8
62,F,164,90,16,80,102,32,30,53,37,40,37.0
58,M,177,53,17,90,108,37,30,53,35,21,20.1
57,F,169,71,15,75,101,33,27,49,38,33,32.2
63,F,165,62,16,69,98,34,29,44,36,24,27.3
46,M,192,91,18,92,104,38,30,60,36,25,40.2
25,F,161,51,15,73,80,33,27,52,35,25,24.5
41,F,150,53,15,72,107,37,30,51,33,21,23.7
39,M,180,76,19,88,82,38,31,49,37,22,33.3
63,F,158,45,15,68,106,33,27,51,35,22,19.6
39,M,183,49,18,88,91,39,34,58,36,16,20.7
28,M,185,77,18,80,99,40,32,61,39,13,32.4
56,F,164,40,16,76,103,34,26,46,36,20,17.6
65,F,175,75,15,94,93,34,30,53,35,39,33.0
21,M,181,70,17,73,96,37,34,52,36,18,28.6
19,F,164,68,16,60,115,37,30,47,36,29,25.3
59,F,162,42,16,77,106,33,28,52,36,23,16.0
29,M,184,78,17,88,87,38,35,55,37,20,31.3
38,M,181,56,18,86,105,39,31,48,40,10,24.9
20,F,158,63,16,85,100,35,28,52,37,23,24.2
54,F,177,77,16,85,100,33,27,55,34,40,32.6
58,M,172,74,17,89,84,38,31,56,40,18,32.7
34,M,170,83,19,98,86,36,33,52,45,28,36.4
54,F,168,79,15,83,83,34,26,46,31,37,33.7
19,M,181,102,18,105,93,37,31,55,42,35,43.3
35,F,164,84,15,75,108,31,27,55,34,39,35.7
60,M,181,55,19,78,96,41,32,54,44,16,23.4
43,M,175,70,18,92,99,36,30,61,37,19,28.3
60,F,165,70,16,99,107,33,29,60,35,38,30.9
50,M,165,78,19,92,91,42,32,46,43,30,31.6
49,M,174,64,18,64,93,39,31,57,43,16,29.4
36,M,180,87,17,108,91,41,34,63,40,30,40.1
48,M,177,94,18,117,96,39,37,52,36,36,42.5
61,M,179,86,19,89,101,41,32,58,37,18,36.7
59,F,176,83,15,82,99,31,27,41,38,32,35.0
31,F,156,66,16,91,95,32,29,55,36,37,26.0
47,M,186,65,18,87,90,37,30,56,38,9,25.2
46,M,171,86,17,112,106,36,28,55,34,34,32.2
33,F,165,63,16,74,84,35,29,56,33,34,26.4
44,M,185,90,19,84,103,42,35,55,42,24,37.4
41,M,163,63,17,101,97,39,33,57,39,26,26.0
41,M,188,52,18,74,103,41,28,57,38,8,21.7
59,M,175,65,18,80,107,38,30,52,39,14,25.8
63,M,183,117,17,111,106,38,28,58,39,38,48.0
40,M,184,123,17,105,91,38,35,59,39,40,54.4
27,F,161,84,15,87,80,34,32,53,35,45,34.4
46,M,173,92,18,104,92,39,32,58,36,33,41.6
22,M,178,73,20,70,91,43,31,59,41,20,29.5
23,M,171,84,17,92,106,38,32,57,39,36,34.2
55,F,164,61,16,60,108,36,31,53,40,28,26.1
25,M,189,100,17,79,96,39,30,60,41,24,46.7
63,M,184,78,19,96,95,37,28,55,37,22,31.7
24,F,164,72,16,94,77,35,27,58,35,39,30.3
20,F,163,77,14,85,92,33,30,49,38,37,32.8
60,M,180,99,17,103,110,36,39,53,36,34,38.4
42,M,182,64,18,92,93,35,29,52,41,15,24.4
49,F,162,75,15,78,109,33,27,44,38,32,32.4
30,F,170,77,17,73,109,34,27,56,38,32,36.4
44,M,167,88,17,110,96,42,33,51,39,33,31.3
54,F,148,60,14,72,98,36,29,55,34,37,24.9
60,F,167,51,16,73,96,32,30,48,39,21,24.0
20,M,172,68,17,83,98,38,29,56,36,23,28.9
58,M,161,59,19,78,102,38,29,59,40,11,24.8
55,F,166,72,15,79,96,33,31,56,35,29,28.7
51,M,172,98,19,127,105,42,32,55,41,45,34.5
43,M,167,93,18,101,95,41,32,54,39,43,34.0
52,M,157,58,18,97,101,40,35,61,41,21,25.1
50,F,176,40,16,69,99,35,26,48,36,9,17.8
36,F,184,64,17,76,94,32,28,51,35,20,26.4
47,F,165,79,16,70,95,35,29,52,38,26,30.8
24,F,155,48,15,55,94,34,30,49,34,23,23.4
34,M,158,63,19,89,104,37,33,56,41,33,25.9
45,F,160,45,17,90,100,32,28,52,35,18,18.4
61,M,166,56,16,70,92,37,30,57,39,13,24.3
43,M,163,74,19,103,84,42,34,60,42,37,31.4
47,M,177,72,18,104,105,39,34,58,42,28,30.2
61,M,190,63,18,70,99,42,31,62,42,8,28.9
26,F,165,89,17,89,89,32,31,56,37,45,36.9
55,F,149,40,15,73,99,34,28,50,34,20,17.0
21,M,163,87,19,101,85,36,34,52,39,35,33.8
50,F,153,69,17,67,90,36,28,56,38,44,28.7
65,M,170,77,19,90,111,41,34,51,44,28,35.6
31,F,157,57,16,91,94,33,27,49,34,24,21.3
44,M,164,71,19,90,116,40,32,59,39,25,34.5
27,F,164,66,15,76,105,34,29,51,37,30,26.3
51,M,190,69,17,69,87,45,31,55,42,18,32.8
22,F,153,66,15,72,98,34,28,51,37,33,27.4
46,M,170,82,17,76,92,37,30,53,43,27,38.3
26,F,168,58,16,79,98,34,26,53,35,28,22.8
65,F,146,40,15,69,96,33,28,48,33,29,16.1
21,F,165,55,15,58,100,34,28,47,36,24,21.9
51,F,167,50,15,66,103,37,25,49,37,23,23.1
29,M,168,79,18,115,94,34,28,52,38,32,34.8
45,M,177,104,17,102,95,39,36,54,35,43,42.4
34,F,162,73,16,64,101,35,27,46,33,35,30.3
64,F,174,64,16,93,103,35,28,57,40,25,22.1
57,M,185,73,19,89,102,41,31,56,39,19,31.8
37,F,158,58,16,82,99,31,31,50,35,27,23.0
63,M,172,62,17,80,104,37,33,58,39,16,27.2
43,M,170,56,17,94,99,36,32,59,36,22,24.6
47,M,179,96,19,85,99,39,30,54,40,35,41.6
48,M,168,74,18,84,96,38,33,56,38,29,28.5
23,F,166,65,16,56,115,37,29,50,35,26,27.0
60,M,182,76,17,89,91,40,27,54,41,24,31.7
30,F,165,53,16,71,101,32,25,48,34,20,21.4
48,M,181,76,18,83,97,39,33,54,37,20,30.5
24,F,157,67,16,84,108,31,28,49,35,42,28.2
55,M,176,109,18,118,105,40,36,56,42,43,43.9
21,F,160,66,17,68,103,35,26,52,38,30,27.4
25,M,169,80,17,96,98,39,30,55,42,30,30.9
51,M,174,66,18,60,103,39,32,59,40,20,26.6
27,M,171,81,19,106,100,37,35,56,38,23,34.8
43,F,168,69,16,65,109,35,27,49,33,35,28.6
46,M,175,78,18,108,102,40,32,50,38,27,30.2
34,F,152,56,15,65,109,37,27,49,40,30,23.8
44,F,176,94,15,73,101,36,27,53,37,39,38.6
60,M,183,75,18,96,102,40,33,50,41,24,32.4
38,F,153,54,15,71,100,35,28,54,36,28,21.6
61,M,174,69,19,80,84,40,32,62,39,17,28.0
33,F,149,75,17,91,95,35,23,58,35,42,33.2
50,F,168,76,15,86,114,36,29,58,34,32,32.8
18,M,164,74,18,91,88,36,31,45,32,31,30.6
63,M,178,70,18,95,93,37,32,60,39,14,28.9
45,F,167,69,15,69,107,34,32,55,35,25,26.0
64,M,178,72,17,89,90,39,33,54,36,17,31.0
57,M,172,94,19,109,102,41,36,55,37,31,39.4
28,F,157,48,16,85,104,35,26,56,35,30,18.6
63,M,170,71,18,79,107,35,31,55,37,36,26.6
49,F,159,70,14,78,98,31,30,54,36,45,29.9
20,M,170,94,18,109,101,38,31,60,35,30,37.6
61,F,166,51,15,95,102,36,26,51,35,24,19.9
28,M,170,65,19,79,87,38,32,52,37,24,26.7
54,F,165,59,16,68,97,32,29,57,35,27,28.7
23,M,163,62,18,83,102,37,31,52,33,24,26.9
46,M,179,93,17,93,96,38,28,53,38,30,39.4
25,F,176,72,17,75,100,32,27,55,33,29,32.1
63,M,179,65,18,64,107,41,31,54,40,17,28.8
23,M,183,90,17,93,113,42,31,60,41,26,37.8
31,M,179,67,17,83,95,38,31,59,36,24,28.1
21,M,171,114,18,117,98,38,33,52,39,45,50.3
25,F,146,71,16,94,92,34,25,54,32,45,30.7
41,M,174,106,17,97,109,41,30,59,37,42,44.7
27,M,177,86,19,117,110,39,33,57,42,32,32.9
65,F,159,59,16,87,99,34,30,47,33,29,24.8
56,M,190,76,17,67,99,39,30,58,40,11,30.7
31,M,180,98,18,100,89,41,28,56,42,36,47.1
39,F,159,41,15,67,109,34,31,49,36,21,17.3
45,M,190,74,18,103,102,40,31,55,34,20,30.4
63,M,182,96,17,95,90,36,32,58,35,21,44.3
33,M,180,88,19,98,105,37,33,60,36,33,35.5
27,F,161,67,16,90,97,34,27,49,34,39,25.3
38,F,159,61,16,102,98,30,29,54,38,43,24.7
42,M,179,70,18,113,89,39,31,51,35,31,32.3
51,F,162,52,16,83,91,33,27,51,35,27,22.3
60,M,178,56,17,67,100,38,31,52,43,14,22.9
28,M,172,67,18,101,106,41,32,56,40,23,27.1
46,F,158,95,15,79,88,33,29,52,33,45,40.3
30,F,161,65,15,66,89,32,29,49,38,31,29.3
46,F,170,63,14,69,119,33,30,55,32,31,28.1
62,F,170,77,15,55,99,32,30,51,38,27,34.5
42,F,158,61,16,90,107,34,28,53,37,31,25.7
38,F,163,74,16,94,98,33,30,51,38,38,30.7
50,F,163,47,16,78,98,34,31,51,34,22,18.0
37,M,164,67,19,98,99,41,30,56,35,24,27.3
38,F,169,65,15,87,92,30,30,50,38,23,32.5
43,M,180,98,17,94,92,37,32,57,41,40,41.8
56,F,161,42,16,68,88,32,31,52,38,28,16.4
54,M,176,111,18,112,91,40,30,59,38,45,48.0
34,F,162,60,17,86,109,34,29,51,36,19,23.3
19,M,176,63,17,80,99,39,32,58,37,12,29.3
43,M,178,91,18,116,93,39,34,57,44,33,37.1
29,F,162,88,15,92,101,32,30,49,39,45,32.5
48,F,156,66,15,73,94,33,27,48,36,31,26.1
19,M,190,63,17,76,99,38,36,49,41,8,24.8
35,F,161,67,15,86,102,35,28,54,37,37,30.7
44,F,148,43,14,57,92,34,27,51,36,25,20.0
35,M,181,92,17,91,99,41,35,51,34,21,41.0
48,F,181,86,16,76,93,36,29,52,37,36,35.1
53,F,170,79,14,84,103,32,28,47,35,38,31.6
28,F,165,71,15,82,102,34,30,56,38,31,29.8
46,M,170,88,20,104,103,36,36,59,35,37,34.7
55,F,169,69,14,92,91,35,28,52,33,38,29.1
36,M,176,94,18,84,77,37,29,58,39,36,41.5
21,F,163,69,16,72,107,35,30,44,36,32,27.0
44,M,185,80,18,87,105,37,31,59,37,22,36.5
50,M,163,77,19,97,102,38,32,55,40,34,32.9
27,F,153,52,15,86,95,36,27,51,36,25,23.1
19,F,160,54,16,80,103,34,25,54,36,39,24.3
57,M,185,96,17,102,100,38,31,58,40,29,37.6
31,M,191,77,18,88,101,42,29,60,36,8,33.6
51,F,170,78,15,79,108,35,26,45,38,28,31.6
62,M,177,79,17,82,95,39,30,63,36,31,35.7
47,F,165,61,16,81,104,35,27,48,34,19,25.7
40,F,168,63,15,80,112,35,24,54,34,26,25.8
41,M,173,40,18,62,94,41,37,58,40,8,16.0
35,M,182,99,19,98,102,36,32,60,40,33,45.0
23,M,200,81,18,88,92,37,33,51,39,23,30.2
22,F,162,64,15,99,101,34,33,51,35,38,25.6
25,F,160,68,17,78,97,31,28,49,36,35,29.8
22,F,169,71,14,55,103,36,35,54,37,21,30.3
51,F,175,73,15,65,102,35,29,51,35,23,31.1
33,M,185,71,18,72,95,40,32,51,39,18,27.3
61,F,163,79,16,84,113,34,29,52,35,28,30.8
25,M,191,100,17,113,93,42,31,51,39,29,41.4
45,F,163,97,15,110,109,32,30,52,33,45,37.2
44,F,175,55,16,71,120,33,30,52,38,23,23.7
57,F,160,65,16,97,115,34,25,58,37,38,23.1
18,F,163,75,16,73,109,32,29,54,33,36,30.9
44,F,157,50,15,70,97,33,29,51,36,16,18.7
33,M,180,94,18,81,95,39,33,61,40,23,38.8
29,M,176,81,18,110,106,40,35,58,40,33,32.4
56,F,175,65,15,84,104,35,28,51,33,25,25.9
52,M,184,79,18,106,104,42,33,51,39,17,35.1
26,F,166,51,15,69,95,35,25,51,35,22,21.0
35,F,163,55,14,55,99,35,23,46,33,23,24.0
42,F,158,44,15,58,92,35,31,52,31,18,18.6
42,M,170,79,17,95,82,37,29,58,38,27,33.0
26,M,183,107,17,95,91,40,31,55,41,43,43.6
19,M,166,94,19,109,100,43,28,56,38,29,44.7
60,M,193,68,17,80,100,40,31,54,37,17,29.6
27,M,179,101,18,90,96,37,33,53,36,30,43.8
22,M,181,74,20,95,109,37,36,54,38,19,29.3
26,M,163,50,18,89,101,39,30,57,38,27,21.8
39,F,164,68,15,86,114,33,25,47,35,40,27.9
56,F,162,62,15,87,95,33,28,52,35,31,26.5
44,F,164,75,16,70,95,36,29,55,31,37,34.5
56,M,174,64,18,83,100,38,32,56,42,17,24.0
38,F,157,69,16,77,107,36,29,48,31,35,28.3
23,M,183,109,17,109,95,36,30,59,32,31,47.3
25,M,178,113,18,109,90,34,29,58,40,45,39.0
50,F,160,45,16,55,99,32,26,54,34,23,18.4
62,F,157,56,16,83,88,34,31,44,33,29,23.4
19,M,168,82,19,88,91,36,33,53,40,30,36.4
23,F,173,60,16,69,106,32,27,51,36,20,28.7
62,F,164,91,16,105,97,33,25,52,33,43,39.0
37,F,160,80,16,88,95,32,28,55,36,38,35.4
46,M,179,107,19,100,107,41,29,63,41,34,45.2
40,F,159,57,16,68,119,33,27,53,35,22,21.1
64,F,159,67,14,81,90,32,26,46,33,22,26.7
48,F,163,59,15,72,102,33,26,47,35,22,25.2
36,M,191,101,17,95,96,37,29,53,42,33,43.3
27,F,164,55,16,82,124,34,30,53,39,38,26.1
20,F,171,97,15,74,106,32,27,51,36,38,36.1
35,M,180,53,18,88,99,40,33,60,39,14,22.6
28,F,164,86,16,99,107,33,31,55,36,43,33.5
64,M,184,113,18,72,104,38,33,57,43,32,42.4
55,F,169,64,17,96,98,30,28,53,35,27,29.9
63,M,171,53,19,72,98,38,32,61,40,13,20.6
25,F,164,63,15,85,105,33,27,55,37,30,25.6
60,M,180,83,19,94,98,38,30,53,40,27,36.8
61,M,162,83,18,106,93,38,31,58,38,39,34.2
62,M,179,64,17,102,99,40,32,53,38,15,25.5
22,F,163,76,16,99,97,33,24,55,36,37,30.4
32,F,178,75,15,79,89,33,28,52,35,30,32.0
23,F,154,44,15,71,96,35,26,61,33,28,14.9
32,F,159,83,15,78,111,32,33,50,38,45,32.9
30,M,169,84,18,98,99,37,33,63,39,26,37.9
44,M,176,75,17,94,103,39,27,51,38,19,31.5
55,M,176,80,17,79,98,37,36,61,37,19,34.3
32,M,171,88,18,87,107,32,30,51,38,30,33.6
25,M,182,95,18,106,104,35,31,56,38,30,38.6
65,F,159,51,15,69,94,36,28,51,33,29,23.0
61,M,174,62,17,83,104,35,35,59,38,17,20.7
42,M,181,94,19,81,88,41,31,53,39,34,40.4
31,F,157,71,15,94,89,31,29,56,37,29,31.2
40,F,172,92,15,79,100,34,28,46,37,43,34.1
42,M,178,85,18,85,113,37,35,52,39,29,32.2
52,M,184,120,18,96,99,43,33,59,38,40,48.1
59,M,186,99,18,98,98,40,33,57,36,29,36.7
39,M,174,100,17,110,96,40,29,45,39,35,44.1
38,F,157,74,16,85,98,34,31,56,35,45,34.6
65,F,157,40,15,60,101,33,24,54,38,19,18.0
65,M,188,94,19,92,103,41,27,51,39,22,34.3
26,M,176,68,19,91,102,37,33,55,39,15,29.3
28,F,151,74,16,96,105,34,27,49,34,42,33.7
21,F,169,82,16,81,105,34,27,53,36,44,36.1
37,F,152,52,16,60,112,37,29,50,33,24,23.5
63,M,169,81,17,94,102,43,28,56,39,21,36.2
42,F,164,50,14,55,93,34,33,50,36,25,21.0
41,F,159,75,16,98,113,34,27,52,36,45,28.1
31,F,162,57,15,83,107,34,27,48,34,31,23.6
22,F,163,76,15,92,95,32,29,52,34,37,32.6
59,F,164,64,15,83,99,36,28,49,37,18,25.9
31,M,170,51,18,83,92,39,32,56,37,21,24.8
27,F,172,59,15,82,104,31,27,49,35,34,25.8
20,M,176,92,18,103,109,41,32,57,38,30,41.5
55,F,164,71,14,100,102,33,28,50,37,45,30.9
18,M,175,68,19,91,92,39,29,59,37,20,29.8
52,M,170,72,17,87,104,43,32,60,38,24,30.4
46,F,165,72,15,55,99,34,28,52,38,36,33.9
38,F,162,61,16,63,99,31,27,55,34,33,22.8
23,F,163,61,17,77,84,35,29,53,34,28,26.9
50,M,180,101,18,130,95,37,32,61,38,42,42.9
43,F,149,62,16,93,80,33,29,51,36,45,26.7
35,F,160,71,15,98,107,32,30,49,37,34,29.3
22,F,160,56,15,58,87,35,29,56,36,26,24.5
45,F,163,64,15,73,120,32,29,50,34,32,25.3
43,F,169,58,16,63,92,33,26,48,35,24,28.9
35,F,167,84,15,90,108,31,28,53,34,42,38.3
60,F,155,53,15,74,112,33,29,48,40,37,19.4
24,M,182,78,19,90,100,39,35,52,38,17,30.9
49,M,156,97,17,82,85,37,26,52,33,38,45.0
54,M,176,96,18,107,89,39,33,54,39,34,47.5
60,M,189,102,18,103,110,41,30,59,36,29,46.2
54,F,157,82,16,70,116,37,26,46,36,45,33.9
26,M,182,101,18,100,96,37,28,49,40,30,38.2
57,F,164,61,14,83,92,33,26,54,34,30,25.3
21,M,178,90,19,94,102,41,33,53,36,35,39.5
41,F,160,61,16,89,107,34,27,48,34,33,22.9
65,F,170,67,15,75,114,34,28,59,35,32,24.9
21,M,183,87,18,98,103,37,33,56,36,35,38.4
61,F,158,58,14,78,100,34,28,49,33,28,22.1
59,F,170,66,16,57,85,31,30,55,35,25,26.2
42,M,179,104,17,102,91,37,32,63,41,38,47.0
59,M,180,81,19,81,102,42,31,55,37,28,36.7
19,M,182,86,18,113,100,39,30,58,40,24,41.5
36,M,172,102,19,117,96,39,32,58,40,35,40.5
29,M,182,89,19,85,107,34,31,53,38,31,34.1
57,M,170,106,18,99,84,37,33,61,35,45,44.9
24,M,172,58,17,71,105,36,32,57,38,12,21.2
24,M,181,104,18,81,108,40,30,52,38,25,44.3
37,F,166,75,16,77,104,35,28,54,38,29,31.0
31,F,166,57,16,84,110,33,28,51,35,22,24.7
39,F,172,79,14,99,111,32,30,45,37,38,31.1
23,F,166,72,16,83,112,37,27,50,36,32,32.0
59,M,175,76,18,82,99,42,33,54,38,23,31.3
39,M,186,123,19,106,95,41,31,56,40,38,58.0
44,M,172,89,18,95,91,39,36,60,41,38,36.0
26,M,181,77,19,94,107,36,36,55,43,22,34.9
34,M,192,80,17,87,100,38,29,49,36,22,35.2
32,F,161,78,15,65,98,32,27,52,35,27,28.8
56,M,181,82,18,101,102,39,32,54,37,27,39.0
49,F,167,55,15,65,99,32,27,49,35,16,21.3
62,M,175,95,17,82,92,40,35,58,34,26,34.5
54,M,179,82,18,116,103,39,32,59,38,33,31.8
48,F,167,65,15,88,107,34,26,50,35,29,26.3
31,M,178,104,17,104,100,38,32,63,41,35,43.5
49,M,172,69,17,90,93,41,32,54,41,30,27.3
26,F,165,48,15,57,96,33,25,53,34,19,22.4
27,F,174,63,15,82,83,34,24,50,37,29,26.9
50,F,155,48,15,63,96,34,27,50,33,28,18.9
37,M,187,86,19,85,94,36,35,53,33,11,38.8
33,F,161,67,16,83,99,35,30,56,32,34,30.0
37,M,177,77,18,91,102,41,34,62,35,24,30.4
50,F,155,54,15,93,102,36,30,53,39,32,22.9
52,F,162,68,15,63,116,31,31,55,34,27,28.7
47,M,177,99,18,100,110,41,32,62,40,34,42.9
57,F,171,40,16,58,100,30,28,55,38,13,18.1
23,M,176,87,19,79,100,40,28,55,38,24,35.0
35,F,162,54,16,92,88,32,29,43,34,39,22.8
55,M,162,101,17,100,101,39,32,61,39,38,45.6
28,F,163,59,16,74,91,32,29,48,37,26,23.3
58,M,179,78,16,97,91,38,35,54,39,28,34.4
42,M,168,72,19,94,99,38,34,64,37,34,29.0
48,F,152,60,14,83,102,32,28,51,32,36,21.7
37,F,164,57,16,57,107,33,26,51,30,27,20.1
64,F,166,49,16,75,95,33,26,48,37,28,18.0
64,F,161,55,16,75,104,33,28,57,37,23,25.0
22,F,160,40,14,68,90,32,29,57,36,14,19.5
55,M,184,61,18,84,94,42,32,55,34,8,21.2
26,F,152,40,15,77,95,33,27,56,37,17,17.8
41,F,158,70,15,89,101,33,30,46,34,37,28.8
36,M,174,68,17,91,109,37,33,57,37,25,29.5
35,M,166,92,17,94,108,39,30,52,36,31,38.5
35,M,165,84,19,97,93,37,29,65,39,38,32.3
64,F,161,66,15,78,110,33,26,60,33,28,24.8
25,F,163,62,15,58,99,34,27,51,33,27,27.9
37,M,177,88,17,75,99,41,33,50,38,31,34.8
39,F,165,76,15,77,105,32,30,47,39,34,34.5
40,M,168,88,17,75,102,37,34,59,41,27,41.1
56,F,170,66,16,88,98,33,30,45,35,29,31.1
41,M,192,106,17,102,94,37,29,54,35,27,45.1
47,F,165,48,16,62,102,31,30,48,37,17,19.9
34,F,159,56,15,74,99,32,28,57,33,33,22.1
62,M,170,78,17,102,97,38,32,52,38,32,32.4
20,F,159,66,16,88,114,36,30,50,35,35,25.1
34,M,179,74,19,92,104,34,26,58,40,16,35.7
24,F,160,49,15,89,99,32,29,54,36,22,21.1
39,F,149,59,16,61,96,34,29,51,35,33,24.4
55,M,182,79,18,80,98,40,33,49,37,29,30.9
30,F,163,73,15,75,95,33,31,51,35,38,27.1
40,F,158,50,15,71,109,32,30,56,35,28,16.9
56,F,152,50,16,90,88,34,30,51,35,24,21.2
26,M,181,101,18,101,97,37,32,58,41,21,46.2
31,M,183,70,17,62,95,39,28,52,40,11,30.2
46,F,156,87,17,78,90,34,26,49,37,43,33.9
54,M,167,66,18,80,95,37,32,63,39,18,30.6
38,M,171,52,18,96,95,37,32,60,37,16,24.6
19,F,164,78,15,85,103,32,27,56,37,35,31.9
61,M,180,77,16,81,94,38,31,56,41,19,34.5
38,F,156,69,14,74,99,34,28,46,36,42,31.9
64,F,165,47,17,57,101,33,30,51,35,21,21.1
23,F,164,77,16,88,100,34,30,51,32,38,31.3
24,M,167,53,18,65,99,40,30,63,38,9,24.3
47,M,185,70,17,97,95,38,25,56,39,21,25.9
43,M,183,98,18,109,92,40,35,56,36,31,34.5
41,F,173,74,16,82,96,35,29,53,36,34,29.0
23,F,163,70,16,82,96,33,28,52,38,32,31.3
49,F,158,40,16,55,94,33,29,52,34,11,14.1
62,F,156,70,16,82,100,34,28,51,31,35,30.3
48,M,178,91,17,90,97,37,27,61,40,20,36.9
39,F,168,86,16,85,122,36,27,51,36,39,38.4
40,M,160,76,15,113,97,35,31,52,43,33,33.9
28,M,176,84,18,97,101,40,36,66,35,19,37.4
55,M,160,90,17,102,96,40,36,55,32,41,40.7
49,F,157,70,14,72,111,31,29,52,37,42,29.8
55,F,152,64,16,92,100,34,28,51,36,36,26.4
57,M,176,69,18,115,90,39,32,44,38,23,24.3
39,M,173,77,19,87,96,37,33,64,41,24,33.9
26,F,173,71,17,86,104,33,29,54,35,32,33.6
35,M,181,92,19,89,99,38,31,58,38,33,43.1
18,M,180,113,18,112,111,38,29,52,32,39,46.8
31,M,178,55,19,78,86,35,35,50,38,14,24.7
30,M,180,78,18,74,97,37,35,55,39,25,30.7
52,M,178,118,18,84,99,33,31,60,38,41,42.1
24,F,162,62,16,87,101,35,30,51,33,41,29.0
53,F,167,72,16,78,115,34,32,52,41,28,30.1
25,F,165,71,16,55,102,34,29,50,34,29,27.5
59,F,167,81,16,92,106,33,28,51,31,37,32.1
18,F,167,78,15,71,90,34,27,52,34,44,33.1
21,F,162,63,16,82,92,32,29,50,36,37,26.6
63,F,161,66,16,90,109,34,28,49,35,37,28.3
44,F,167,79,15,76,116,36,27,54,37,31,36.7
43,M,174,51,18,83,91,37,33,60,42,16,22.8
60,M,187,111,18,97,91,40,32,56,41,27,45.1
57,M,185,73,18,86,93,41,27,59,36,13,30.6
18,F,161,40,16,76,99,32,28,51,36,22,18.8
32,M,176,88,19,77,106,39,32,58,40,25,38.8
60,M,174,85,18,95,104,36,33,57,36,27,30.6
41,F,159,48,16,83,107,34,31,50,38,27,21.7
37,M,180,101,18,99,93,38,31,59,38,45,43.7
45,F,164,87,15,88,99,33,28,52,37,44,36.6
50,F,167,82,15,87,97,34,25,54,38,45,33.1
47,M,175,73,18,92,99,41,33,59,38,28,30.0
33,M,160,82,19,90,78,42,34,56,37,37,36.8
56,F,163,73,16,93,98,33,26,56,34,35,27.6
60,M,169,67,19,89,93,40,31,55,37,26,27.3
57,F,164,74,15,96,97,38,26,50,39,35,29.4
37,F,164,57,15,70,103,34,28,52,35,20,21.4
51,M,172,75,19,80,87,36,36,54,41,22,28.0
43,F,164,69,15,79,105,32,27,51,36,33,32.3
49,F,154,61,15,78,114,34,29,56,36,31,27.1
26,F,168,80,16,74,101,35,29,45,36,30,32.7
65,M,172,81,17,76,103,38,32,59,41,21,34.5
50,F,161,70,14,91,108,34,27,47,36,41,29.2
33,F,171,62,15,91,93,35,32,58,34,20,26.2
28,M,173,108,17,119,100,39,33,55,39,45,45.8
42,F,167,75,16,81,100,32,30,55,37,33,33.1
27,M,181,99,18,75,94,37,31,58,38,24,38.9
48,F,164,63,16,66,99,34,28,50,37,22,27.2
55,M,178,77,17,74,87,40,27,57,36,27,32.4
50,F,159,72,15,68,85,34,28,49,34,34,30.6
63,F,169,78,16,75,104,35,28,56,38,36,34.9
19,F,162,70,16,103,103,35,28,58,37,34,28.2
35,M,186,99,18,101,86,39,31,55,37,32,43.4
57,F,166,69,16,85,97,35,28,58,35,35,27.8
40,M,172,58,17,92,103,38,33,60,36,12,24.8
36,F,159,76,15,89,93,32,30,55,36,31,31.0
44,M,168,85,17,94,91,42,30,61,38,41,36.4
54,M,171,72,17,84,91,39,30,59,35,29,30.0
18,F,165,58,15,59,100,32,27,57,34,23,22.9
63,F,168,64,15,85,102,33,26,49,35,28,26.7
27,F,170,72,15,55,108,35,28,54,36,28,30.9
26,M,183,86,17,89,102,40,36,61,37,23,35.6
25,M,170,87,17,99,97,38,31,51,42,28,41.6
43,F,167,78,14,86,95,33,31,55,36,36,33.8
64,M,191,96,17,110,112,39,31,56,39,30,40.1
19,M,182,50,19,81,103,38,32,64,39,8,22.7
32,F,158,59,17,73,105,32,30,51,39,32,27.6
33,F,171,86,16,103,106,32,29,55,41,40,41.0
28,M,166,93,17,109,86,39,28,50,37,39,42.1
20,M,168,91,17,111,92,36,33,60,41,42,35.7
62,F,159,81,15,79,87,37,30,53,35,33,30.0
22,F,161,50,16,80,89,33,28,43,35,19,20.6
31,F,165,44,15,80,100,33,26,49,36,17,17.2
27,M,173,73,19,77,89,39,32,56,38,26,30.5
50,F,164,78,15,68,86,36,27,55,35,45,30.2
28,F,156,65,16,90,94,32,28,56,37,42,29.3
34,F,157,53,15,91,99,32,25,52,33,28,20.4
50,F,154,53,16,57,90,36,28,56,38,22,22.9
19,M,176,58,18,86,102,44,28,61,38,10,24.8
41,M,158,65,18,110,94,41,33,51,39,27,26.4
58,F,170,84,16,91,85,33,26,51,35,39,39.3
23,F,157,63,16,65,103,33,27,59,36,36,27.3
59,M,171,73,18,89,87,38,31,57,39,18,27.7
47,M,163,68,18,112,103,38,33,49,38,25,27.1
62,M,182,97,18,84,88,36,38,61,39,26,37.0
57,F,166,74,15,80,106,32,28,52,35,42,34.9
33,M,175,74,18,89,103,35,35,50,42,25,34.4
26,M,178,86,18,93,104,38,34,51,35,25,35.2
56,M,176,74,17,106,85,37,32,59,38,22,31.0
20,F,161,71,17,82,102,33,29,55,37,45,30.6
41,F,171,73,15,96,101,35,27,52,36,40,33.7
43,M,180,80,18,107,94,38,37,59,41,32,35.3
45,M,182,106,19,104,99,38,34,51,40,43,51.3
21,M,182,96,19,100,98,38,34,55,34,27,41.5
22,M,186,107,18,98,96,42,32,53,38,32,42.0
56,M,182,90,18,81,94,38,31,62,38,23,35.8
61,M,180,84,19,87,96,39,36,54,37,30,32.1
63,F,162,52,15,74,104,32,28,51,34,25,21.8
31,M,177,93,18,88,91,38,32,51,38,34,40.2
56,F,158,63,16,70,109,34,33,49,34,27,27.4
50,M,182,84,16,88,89,38,34,58,39,30,35.5
30,F,171,69,16,82,92,33,31,49,36,33,31.1
33,F,156,68,16,100,99,30,27,50,34,40,27.5
36,M,178,92,18,112,104,40,29,54,39,24,42.5
19,F,163,62,16,86,99,33,26,53,35,35,25.7
33,F,164,60,15,89,110,33,31,58,37,27,22.6
32,M,178,82,18,97,101,36,28,58,38,27,38.5
18,F,174,89,15,89,99,33,28,52,36,43,40.2
32,F,154,85,16,72,92,33,26,50,37,45,35.4
22,F,164,42,14,65,97,37,29,55,34,18,15.3
42,M,174,49,18,70,100,38,29,60,39,12,23.6
28,M,172,70,19,108,95,39,34,55,40,21,29.4
43,F,162,82,17,91,107,35,29,57,39,41,35.0
57,F,172,81,16,58,111,34,28,59,33,36,31.1
31,M,186,91,18,95,103,43,35,54,41,19,36.0
51,M,181,102,19,88,86,41,33,46,38,33,44.8
34,F,164,72,15,78,118,36,29,54,35,34,28.6
62,F,160,57,15,77,109,32,26,53,37,23,24.6
37,M,183,82,17,92,87,36,32,54,34,23,35.8
62,M,192,79,17,87,96,37,31,55,40,25,36.9
31,F,164,85,15,82,106,31,30,50,36,38,39.4
22,F,158,40,15,77,101,35,27,53,38,18,16.2
44,F,162,56,15,65,98,33,28,50,35,24,24.5
25,F,164,63,15,76,94,32,28,51,32,29,28.0
50,M,176,80,17,92,95,39,29,51,41,25,29.9
34,M,189,101,17,107,101,40,30,63,44,34,41.1
39,F,167,66,16,92,106,34,23,54,32,35,27.1
57,F,166,42,15,70,87,37,27,57,33,11,18.5
41,M,172,93,19,94,97,38,34,49,40,32,40.5
35,F,168,72,15,76,107,34,31,51,37,34,29.8
39,M,181,81,18,100,85,40,30,61,41,26,36.1
32,M,193,82,16,79,88,40,31,57,41,20,36.6
60,M,169,98,19,90,90,39,33,54,37,35,44.1
59,F,159,70,15,78,100,34,27,52,35,40,30.8
43,M,179,76,18,87,99,37,35,57,35,22,33.6
41,F,166,65,16,74,107,34,29,61,30,30,27.4
33,F,170,84,17,85,97,33,31,52,36,40,31.7
35,M,175,53,18,87,102,38,32,61,38,18,23.5
27,F,154,71,16,72,121,33,27,55,38,42,31.1
33,M,176,91,18,104,98,39,35,57,41,37,41.3
47,M,188,68,17,115,90,41,34,56,38,23,30.7
37,F,166,44,15,74,108,34,31,53,36,24,20.3
33,F,167,47,16,74,108,33,28,55,33,29,18.2
61,M,183,81,18,95,92,38,31,56,38,18,30.1
47,M,169,77,19,88,103,40,29,49,41,29,33.9
20,F,158,48,14,90,102,33,26,53,36,31,17.7
46,M,171,75,16,95,103,40,35,60,36,28,30.0
49,M,180,61,17,82,107,36,37,55,39,19,24.4
45,M,175,85,19,100,107,38,30,55,39,27,32.1
52,M,174,77,18,105,103,40,28,44,40,28,34.0
38,M,190,95,18,80,93,37,27,56,40,25,40.8
44,F,171,54,15,60,116,34,29,56,37,28,25.2
29,M,170,69,17,100,91,39,34,57,36,31,31.5
57,F,160,56,14,89,99,35,29,53,35,31,21.4
27,F,161,41,16,79,88,33,27,50,38,21,16.7
19,F,169,90,15,97,100,35,30,47,36,44,40.2
33,F,158,57,16,70,104,33,29,52,33,23,22.7
23,F,177,81,16,86,113,33,29,53,39,40,38.1
54,F,162,52,16,62,92,33,28,54,36,22,23.8
20,M,175,86,18,84,99,37,29,62,40,24,35.6
18,F,157,55,16,82,109,33,29,52,39,29,21.9
25,M,171,79,17,94,100,42,32,55,35,31,34.2
55,F,170,56,15,64,89,36,30,54,35,26,21.9
37,F,173,40,16,90,101,35,29,51,36,17,16.0
46,M,173,70,18,82,89,33,33,55,37,13,32.4
59,M,172,59,19,98,112,40,34,54,39,12,24.1
61,M,171,86,17,93,113,41,28,55,38,35,38.6
36,F,157,64,15,73,102,35,33,52,33,19,27.3
44,M,176,54,18,68,102,39,34,54,36,11,22.7
32,M,185,72,19,83,104,40,31,56,39,16,33.6
36,M,171,65,17,92,103,43,34,58,40,25,28.6
31,M,169,66,18,91,103,38,34,54,41,25,30.3
41,F,162,68,16,70,90,35,28,54,39,33,27.3
53,M,171,61,17,75,97,37,31,63,40,15,25.3
37,M,173,84,19,100,98,40,32,54,40,29,39.9
35,F,167,68,15,102,92,31,31,49,36,35,29.3
39,F,174,72,17,71,103,36,30,50,36,33,32.2
26,F,157,72,16,84,115,32,30,49,36,39,27.8
47,M,167,83,17,96,106,37,37,61,39,32,34.0
48,F,166,66,16,85,96,35,29,53,33,36,28.8
23,M,185,82,18,80,95,40,34,54,40,18,36.1
46,F,153,40,15,55,105,33,25,52,37,21,15.1
65,M,172,75,19,90,113,39,36,56,42,22,32.3
26,M,177,89,18,107,98,40,32,52,38,33,34.6
65,F,165,68,16,82,110,34,27,47,35,40,32.4
55,M,182,80,18,88,111,36,32,58,39,20,34.7
18,M,176,94,18,112,98,34,29,53,34,37,39.4
51,M,166,70,19,79,115,38,31,57,37,17,28.9
64,F,160,91,15,90,103,32,28,53,34,43,34.7
50,M,166,91,18,106,86,34,28,62,38,34,34.1
41,M,177,74,17,84,87,40,32,57,39,25,31.7
54,M,165,60,17,77,105,38,31,55,41,17,25.5
41,M,176,77,18,89,101,38,32,53,40,25,33.0
35,M,175,99,17,120,89,37,27,60,35,44,41.0
44,F,165,54,15,69,96,34,31,54,33,17,20.9
21,M,171,69,18,82,95,38,38,60,34,22,24.1
64,M,188,109,18,102,93,38,33,57,40,30,47.8
46,M,178,98,17,90,98,37,27,62,44,35,40.3
47,F,172,82,15,64,100,34,27,53,37,34,31.2
32,F,171,76,15,99,96,32,31,52,36,38,32.2
38,M,178,87,18,104,97,35,35,55,39,33,38.9
46,F,162,62,15,86,102,35,30,53,38,35,26.7
21,M,175,54,18,69,93,41,31,53,38,21,24.1
29,F,166,74,16,67,97,36,27,49,36,39,33.3
63,M,190,90,17,76,103,37,31,55,35,25,39.0
41,F,161,53,15,72,106,32,28,53,37,26,21.1
28,M,182,91,17,93,111,40,28,54,37,26,41.1
65,M,169,97,19,105,102,34,32,61,37,43,42.9
23,M,173,82,18,90,101,36,30,59,36,34,35.0
41,F,160,55,16,76,94,34,27,54,37,25,23.3
40,F,159,66,15,74,112,32,33,54,35,29,26.2
55,F,160,75,15,91,97,30,29,60,40,45,34.2
25,M,186,93,17,113,89,35,31,57,35,26,40.0
47,M,169,106,18,112,104,35,33,54,37,45,44.0
50,F,157,52,16,74,103,31,30,59,37,20,21.5
45,F,163,65,16,88,101,35,27,50,34,38,21.8
42,M,165,122,17,111,104,39,34,56,39,45,41.6
57,F,167,78,15,88,94,35,28,57,31,42,30.4
28,F,165,67,16,103,93,33,26,56,36,34,26.7
24,M,179,107,18,85,81,35,31,49,40,26,44.6
45,F,163,51,16,77,92,35,30,56,34,25,21.8
59,M,170,76,18,86,99,35,32,57,40,32,30.7
44,F,162,65,15,59,95,33,28,54,36,28,28.6
28,F,159,56,16,66,115,35,27,51,33,27,22.8
21,M,178,110,18,106,105,36,32,50,41,39,45.5
25,F,170,67,15,81,95,34,26,54,38,27,28.8
27,F,162,88,18,98,91,32,30,55,37,45,43.0
56,F,156,50,17,68,104,32,28,59,34,29,22.7
38,F,164,70,14,85,98,33,27,44,34,35,29.1
34,F,161,70,16,82,91,34,31,45,34,39,29.4
26,M,183,94,19,96,110,41,29,62,36,29,40.5
21,F,158,62,16,82,89,32,31,49,34,37,27.8
18,M,179,72,17,104,102,36,33,57,39,26,29.2
36,M,174,74,18,86,91,35,35,53,36,15,34.5
59,M,187,83,18,96,106,39,34,61,41,21,38.4
49,M,172,90,18,92,87,41,33,61,36,30,32.7
28,M,175,72,17,91,104,38,32,51,38,19,29.1
26,M,185,84,19,92,112,40,33,55,35,22,36.4
25,M,191,117,19,124,103,38,31,60,38,45,51.1
43,F,170,67,15,78,102,33,28,54,35,35,27.4
59,M,185,91,18,86,91,39,27,52,37,31,39.1
58,M,189,69,19,86,90,39,26,52,39,9,29.6
52,M,178,67,17,92,111,43,29,58,39,19,27.4
53,F,156,48,15,77,95,34,28,55,34,31,23.0
52,M,168,82,19,87,96,38,32,54,39,31,32.4
24,F,160,56,15,77,96,36,23,51,35,27,22.0
26,M,185,95,19,79,96,38,31,55,41,30,40.1
31,F,157,59,16,84,90,34,30,49,34,39,25.2
31,F,173,86,17,89,107,33,32,53,34,33,33.2
59,M,177,92,17,79,117,39,39,46,36,25,37.2
25,F,164,78,17,81,104,34,25,49,37,39,30.9
38,F,167,74,16,73,106,35,27,45,37,31,30.7
49,M,165,77,18,100,95,38,33,58,38,34,35.5
18,F,169,90,16,80,94,32,26,55,36,36,38.9
46,M,181,78,18,94,93,34,29,50,39,27,32.5
27,F,164,68,14,72,95,33,29,46,35,27,28.0
28,F,161,73,16,81,103,33,29,46,37,39,34.3
21,M,191,71,21,91,93,37,32,57,39,10,30.7
24,M,177,85,18,93,94,39,39,63,43,30,34.6
54,F,152,73,15,95,98,31,27,56,37,39,30.6
61,F,157,63,16,74,109,34,26,49,35,35,27.5
56,F,161,81,15,103,102,34,27,50,36,45,31.8
22,M,181,81,17,83,93,39,31,61,34,20,35.7
22,F,166,77,15,87,98,33,28,56,36,35,29.9
64,F,149,41,16,73,110,31,28,48,36,22,18.0
48,M,164,83,17,98,93,38,30,54,40,34,34.0
22,M,176,77,19,105,100,36,30,60,36,26,30.9
61,F,160,72,16,70,90,34,31,55,35,34,33.6
41,M,169,68,18,101,97,38,33,58,40,20,26.3
46,F,171,84,15,87,97,33,33,50,37,33,31.9
53,F,157,64,15,76,105,35,27,47,36,30,27.7
29,F,164,73,15,64,91,34,27,56,34,32,30.3
56,F,172,78,16,77,89,31,27,56,37,28,35.5
27,F,151,56,17,91,83,35,27,47,37,25,24.7
63,F,164,55,15,94,126,32,28,55,35,30,19.1
35,F,162,59,16,77,108,33,30,52,38,31,26.6
37,F,155,73,16,71,94,32,24,43,39,32,31.5
56,M,169,64,17,103,107,39,34,52,36,28,25.9
40,F,156,73,14,95,97,35,26,51,37,36,31.6
51,F,152,54,15,86,94,34,26,53,37,30,22.8
48,F,158,53,15,83,102,33,32,56,34,29,23.7
41,M,177,86,19,101,97,42,33,58,40,35,34.8
44,F,170,71,15,88,110,34,27,53,36,35,31.2
23,M,162,76,18,97,97,38,33,55,35,32,31.8
53,F,170,65,15,85,115,33,30,56,35,23,26.4
34,M,177,70,18,100,107,38,32,57,38,21,29.5
57,F,170,68,16,85,101,33,26,50,37,25,27.2
48,F,170,71,17,58,111,32,27,54,34,28,29.3
38,F,165,88,16,80,92,34,24,54,37,39,40.7
61,F,158,40,16,73,96,35,28,55,32,19,16.3
37,M,176,89,17,101,88,37,35,51,34,29,38.6
39,M,159,56,18,106,109,35,35,58,38,34,23.3
21,F,166,47,15,73,103,35,29,53,38,16,21.2
64,F,157,40,15,78,101,33,26,50,37,22,17.1
18,F,161,76,15,71,105,34,27,56,33,45,33.2
53,M,179,85,18,89,101,40,28,53,40,22,35.4
54,F,170,69,16,91,91,34,24,49,37,29,28.0
38,F,149,40,16,55,86,33,25,51,39,19,19.2
59,M,170,80,18,108,81,40,33,60,38,27,32.7
62,F,159,56,16,59,97,33,29,47,32,25,22.4
63,M,176,97,17,115,109,41,30,61,38,35,39.1
31,M,175,59,18,107,104,39,34,60,38,21,25.4
61,F,167,58,16,83,99,34,31,47,37,27,26.1
42,F,169,58,15,82,91,33,27,54,34,25,23.0
49,M,174,88,17,100,100,39,31,57,39,33,37.4
52,F,180,62,16,68,97,35,29,53,34,31,23.2
57,M,177,62,16,90,97,41,35,50,37,12,24.1
18,F,161,72,17,75,92,34,29,55,34,37,30.0
18,M,169,50,18,92,86,37,33,58,38,11,20.4
45,F,163,57,16,105,90,32,27,53,37,30,26.6
49,M,181,98,17,85,95,39,33,58,42,25,39.8
48,F,172,78,15,81,87,34,26,56,38,31,33.2
65,M,183,88,18,102,106,40,31,56,35,25,36.4
62,F,159,58,15,71,105,32,31,52,35,15,23.9
37,M,158,67,18,88,96,41,31,61,34,24,28.3
27,F,174,58,16,73,111,32,29,52,34,24,22.9
39,M,176,80,18,78,99,38,33,52,38,19,26.4
56,F,162,70,16,74,105,34,31,47,35,35,29.8
43,M,185,116,19,101,107,39,29,62,35,40,49.7
55,M,163,88,19,115,102,39,31,56,39,36,38.5
54,M,179,58,17,82,91,41,34,57,40,10,23.3
64,M,178,96,17,111,105,36,30,60,35,32,37.7
23,M,153,64,18,105,102,39,35,56,36,30,24.8
49,M,179,78,18,87,108,37,32,56,40,25,33.4
39,F,164,76,15,95,89,33,29,51,36,41,30.9
46,F,149,54,16,92,96,34,29,58,38,31,25.3
36,F,170,78,16,85,95,36,30,57,37,31,32.0
61,F,167,54,14,71,101,34,24,50,36,34,21.2
55,M,173,70,19,81,98,40,29,60,39,20,29.9
24,M,181,93,18,93,89,38,33,62,41,25,37.0
64,M,188,96,18,92,97,38,33,57,43,29,38.0
20,F,159,77,15,91,109,34,30,56,34,42,32.1
59,M,166,68,19,76,109,37,32,52,41,16,29.0
33,F,159,88,16,97,96,35,26,57,37,45,37.7
35,M,173,92,18,102,111,40,29,57,36,34,38.5
28,M,185,98,19,99,98,38,33,54,38,28,43.1
28,M,174,86,18,87,103,39,33,51,41,38,34.7
61,M,175,65,17,92,99,39,35,55,37,15,30.3
27,F,152,45,17,66,97,33,25,58,36,20,21.5
41,F,166,65,15,80,101,35,28,49,34,33,23.8
35,F,173,70,15,66,102,32,28,49,34,25,26.6
53,M,176,43,16,86,98,40,28,58,37,8,18.3
20,M,180,84,17,79,101,40,33,51,37,23,37.1
58,M,171,53,18,81,110,39,31,54,38,13,22.7
22,M,174,84,17,93,88,38,31,52,39,28,37.0
41,F,160,40,16,87,122,34,32,50,34,18,16.4
43,F,162,88,16,76,92,33,29,51,35,45,35.8
21,F,181,114,15,77,100,33,27,57,40,43,42.5
31,M,185,69,19,89,88,34,33,55,39,18,25.2
50,F,150,53,16,72,96,34,29,56,36,33,22.0
35,F,166,65,15,86,110,34,26,50,33,23,31.8
24,F,155,53,15,73,101,34,30,50,38,27,19.8
23,F,162,86,15,89,99,35,28,53,38,45,36.5
50,M,184,108,18,99,88,37,31,54,34,32,45.5
54,M,175,62,18,108,100,38,30,51,36,23,27.9
21,F,166,54,15,55,102,33,31,51,36,19,22.5
64,F,172,79,15,92,99,34,29,52,35,38,30.7
61,M,187,82,17,84,81,37,31,65,37,17,32.6
38,M,184,95,19,97,97,38,27,59,36,32,35.7
31,F,172,67,16,76,105,33,31,60,37,32,29.3
56,M,188,111,18,102,94,36,32,49,38,41,45.2
54,M,172,50,19,84,111,37,35,50,38,8,21.1
30,F,156,41,15,67,99,34,29,55,38,13,19.4
52,F,165,68,16,85,94,33,25,49,37,30,29.5
40,F,159,51,16,87,88,35,24,48,35,24,20.7
33,M,172,87,17,97,99,40,32,60,39,33,34.1
62,M,186,90,18,80,100,37,34,57,39,23,37.4
24,F,170,61,16,64,100,35,30,49,34,34,26.3
59,F,156,43,15,68,100,35,29,56,33,14,19.3
60,M,176,88,18,88,102,38,32,60,37,30,32.6
52,M,183,72,17,77,94,41,25,57,42,15,28.3
45,M,181,67,17,90,97,39,34,57,39,16,27.9
56,F,162,65,15,80,103,35,28,54,36,34,28.1
49,F,162,67,16,75,93,32,31,50,32,28,27.7
18,F,161,76,15,70,93,35,25,57,38,33,31.5
61,F,161,62,17,55,99,34,28,50,36,34,27.7
19,M,164,97,19,122,103,39,35,50,40,39,39.4
61,F,170,68,16,68,108,35,26,54,32,31,29.2
50,M,164,79,18,83,109,37,37,60,33,18,28.6
21,M,167,72,19,89,102,40,31,52,40,30,29.1
41,M,162,40,17,63,94,39,30,59,40,14,19.1
54,F,160,53,15,68,90,37,27,48,33,24,20.3
57,M,176,85,19,88,106,35,30,56,39,24,34.8
33,F,164,69,16,88,112,33,31,47,30,43,30.3
33,M,178,94,19,106,101,37,33,66,43,39,43.7
57,F,155,61,15,81,121,34,28,48,39,26,27.2
36,M,176,80,18,65,106,36,34,57,42,28,30.7
35,M,181,93,19,107,99,37,35,59,38,31,42.8
38,M,185,71,18,100,90,43,28,53,42,20,31.8
48,F,167,64,16,67,93,33,28,46,35,37,23.7
29,F,164,81,15,106,101,34,26,49,35,45,33.6
53,F,177,83,17,87,96,34,30,50,36,38,35.6
41,M,168,65,16,91,108,39,33,60,40,11,26.7
42,M,186,111,18,127,94,37,33,54,38,39,51.7
31,M,174,80,17,81,103,40,32,55,42,23,34.1
56,F,172,81,15,69,108,35,30,50,36,30,35.3
52,F,154,82,16,64,100,34,29,45,37,40,33.0
19,F,164,72,16,86,94,35,30,51,36,32,32.1
55,F,166,77,15,73,111,36,30,48,36,30,33.4
58,F,159,88,15,115,100,32,27,49,39,45,36.7
19,M,176,78,18,85,95,38,33,54,44,29,32.9
29,F,160,73,16,85,109,35,29,51,35,44,29.2
30,M,176,80,19,114,91,42,35,58,35,35,37.4
60,F,155,58,15,89,102,33,28,49,33,40,25.1
39,M,174,76,16,96,96,35,35,56,37,22,30.9
54,M,179,94,19,81,97,39,31,52,35,17,39.3
29,M,175,88,18,110,104,35,33,56,40,32,34.3
55,F,171,70,15,68,102,32,27,56,37,34,29.3
56,M,176,69,19,95,92,38,31,56,40,19,27.1
54,F,155,68,14,97,104,34,30,51,36,35,24.5
63,M,167,117,19,107,115,35,27,50,39,45,50.5
52,M,172,69,17,78,103,39,32,57,38,23,30.5
41,M,169,98,19,102,100,40,33,53,43,35,40.0
30,F,162,60,15,74,95,33,25,50,36,24,27.7
27,M,181,81,18,84,98,37,33,57,41,28,28.6
51,M,185,108,19,100,108,39,36,64,40,34,43.5
62,M,175,82,19,100,102,38,30,50,39,30,34.2
46,F,162,92,14,114,99,33,29,51,36,45,39.1
23,M,174,45,18,85,84,38,29,52,41,10,21.3
63,F,167,59,17,55,102,33,26,51,36,14,23.9
27,M,184,89,18,86,91,39,29,60,43,24,37.0
45,F,156,67,15,82,88,36,29,56,38,41,27.7
57,M,172,58,19,89,119,38,34,53,38,14,22.3
40,M,177,84,18,105,96,38,31,58,41,28,33.2
30,M,171,69,19,102,89,40,32,58,37,18,33.0
30,M,179,115,19,109,96,39,33,62,35,45,52.2
60,M,173,70,19,95,101,36,32,61,40,23,25.0
34,M,169,60,18,93,101,37,34,56,38,15,27.0
55,F,154,57,15,96,90,34,28,48,38,32,24.0
44,M,179,75,19,73,99,41,30,57,39,22,34.5
32,F,163,70,15,59,104,35,25,55,35,26,31.0
45,F,166,67,15,75,91,32,29,56,36,39,28.0
33,F,160,40,16,59,110,31,30,47,34,13,16.6
60,F,160,54,16,82,111,33,27,58,33,34,21.4
36,M,182,77,19,101,87,40,35,57,37,29,32.5
38,F,172,66,15,80,103,37,27,58,39,32,32.0
53,F,163,57,15,91,101,33,28,53,34,31,22.9
44,F,168,57,16,71,89,37,25,45,36,31,21.5
46,M,179,101,18,108,91,40,33,55,43,37,43.8
31,M,172,96,17,121,96,40,34,60,35,45,43.2
55,F,165,43,16,73,100,33,27,50,40,15,17.6
45,F,161,61,15,79,92,33,29,53,32,31,23.6
39,F,163,67,16,62,111,32,27,50,36,29,28.8
19,F,153,61,15,97,107,32,24,54,34,35,23.0
48,F,155,61,15,91,102,32,30,58,36,26,28.0
57,F,155,76,16,73,114,36,28,59,34,27,36.0
50,M,186,69,17,81,90,39,29,63,38,8,25.6
35,F,159,63,16,71,89,36,27,55,32,38,27.3
30,M,178,87,18,91,100,42,29,57,38,31,35.3
42,F,160,45,16,55,98,35,29,47,36,19,17.5
28,F,168,62,16,85,97,33,29,47,37,30,26.9
40,F,174,59,16,90,94,35,31,49,34,21,25.8
54,M,175,71,19,100,95,35,33,53,41,24,31.7
53,M,169,58,18,88,107,37,34,63,40,16,24.7
37,F,156,75,16,96,109,32,28,50,37,42,30.3
53,M,177,79,18,62,102,37,31,57,36,23,28.7
32,F,170,77,16,78,108,37,26,46,34,36,26.3
19,M,177,61,16,89,94,37,30,56,38,19,25.5
64,F,159,50,15,71,88,34,27,54,33,29,20.1
58,M,181,80,19,94,100,34,35,55,38,29,32.1
35,M,172,55,17,86,95,40,31,56,41,9,21.1
65,F,163,57,15,96,95,33,26,51,36,28,23.0
54,F,158,40,17,67,96,33,30,52,37,16,16.1
62,F,160,58,16,84,110,32,25,47,36,35,22.6
47,M,185,77,18,74,96,41,34,56,40,14,31.8
48,F,153,73,15,88,105,32,27,55,36,38,28.4
60,M,175,117,18,101,99,38,33,54,38,36,50.3
64,M,169,83,19,70,98,38,36,61,39,25,31.0
32,F,153,54,16,78,105,32,28,53,35,24,21.2
40,M,166,71,18,85,88,39,30,61,38,22,28.6
65,F,168,79,15,80,116,32,26,55,38,40,33.8
38,M,184,69,18,89,105,39,35,63,41,27,27.7
55,M,188,83,19,91,81,37,32,59,38,32,31.5
45,M,173,80,17,82,91,39,31,53,39,22,34.5
37,F,154,56,16,83,107,34,30,50,34,35,23.1
27,F,172,80,15,87,101,36,29,49,39,36,33.0
26,M,175,70,17,92,105,40,32,53,44,19,29.4
62,M,161,68,19,96,97,37,32,58,38,26,27.9
44,M,166,81,18,95,95,39,34,56,40,32,36.7
60,F,162,63,16,75,88,35,29,49,34,39,26.1
61,M,179,81,17,107,100,37,34,55,36,24,38.0
32,M,177,106,17,109,102,39,31,53,37,31,51.4
23,M,182,96,18,116,98,40,29,55,39,33,44.9
27,F,174,97,17,92,91,34,30,52,37,44,39.0
64,F,162,58,15,76,97,34,27,53,33,27,24.7
26,M,176,87,18,83,94,38,35,53,40,27,39.2
65,F,161,87,15,83,86,32,28,52,38,44,40.1
45,M,171,83,19,100,99,40,29,51,43,30,35.5
18,M,179,76,18,88,100,38,32,59,34,22,32.7
61,F,167,51,14,81,88,34,27,52,35,18,18.7
24,M,174,100,18,86,110,37,28,55,37,32,47.0
56,M,179,94,17,86,106,39,31,55,41,27,36.0
45,F,167,72,16,86,107,33,29,48,35,30,27.7
29,F,158,50,16,64,94,32,30,55,36,28,22.7
61,F,169,71,16,78,100,35,30,53,39,38,27.3
23,M,173,85,18,79,89,36,36,58,38,29,36.7
35,M,175,84,18,95,103,36,29,54,38,30,37.2
54,M,174,103,19,116,91,39,33,54,35,36,44.2
57,F,161,49,15,66,98,36,27,48,35,21,18.8
35,M,187,92,18,109,92,34,34,55,43,27,40.1
59,F,159,75,14,69,99,34,31,55,34,38,33.7
63,M,165,78,20,92,99,40,32,61,40,33,33.2
26,M,182,81,18,86,96,40,32,58,46,17,34.9
56,M,183,76,17,88,96,40,34,57,38,22,33.0
48,M,164,76,19,100,101,34,31,60,38,36,30.3
26,F,168,73,16,64,95,33,30,50,34,28,30.4
62,M,156,85,17,101,104,34,32,52,42,45,35.2
36,M,172,55,18,63,105,41,37,54,38,14,23.6
59,M,177,93,17,97,83,42,30,54,35,33,36.8
37,M,166,88,17,130,101,38,31,55,37,37,39.0
49,F,158,46,15,69,87,34,26,54,34,15,15.9
64,F,163,67,16,83,97,35,30,52,35,34,27.2
61,F,168,86,14,82,99,32,29,50,38,45,39.2
63,F,155,69,15,86,98,34,25,49,42,28,30.6
56,F,167,77,15,69,96,34,28,54,35,36,30.5
62,F,159,65,14,93,110,32,28,53,36,34,26.9
52,F,158,60,15,58,107,32,25,51,38,27,20.5
24,M,181,124,17,115,94,40,30,54,45,44,50.5
65,F,164,55,17,93,84,35,24,49,37,32,24.4
56,F,160,54,15,69,96,34,31,55,33,19,23.7
26,F,164,82,16,94,95,34,29,52,35,45,34.3
27,M,178,84,19,98,99,41,35,56,40,33,30.9
40,F,164,62,15,97,82,33,27,54,32,35,29.3
50,F,182,82,16,67,96,35,30,49,35,36,29.3
28,F,168,86,15,80,111,33,30,55,34,33,37.9
62,F,168,90,16,81,102,31,28,51,36,45,40.0
18,M,181,94,18,93,102,38,30,56,38,26,38.6
19,M,174,64,18,81,91,41,28,57,37,15,30.6
30,M,179,103,19,121,101,38,34,61,37,41,42.9
29,M,186,81,18,98,100,41,39,59,37,22,36.3
49,M,161,70,18,109,99,41,28,58,41,27,28.7
41,M,182,85,18,66,95,41,27,57,35,23,41.9
26,M,185,64,20,83,98,38,28,57,37,8,26.5
31,M,194,82,16,91,93,38,32,57,39,15,37.4
52,F,163,65,15,93,111,34,27,53,40,37,27.1
55,M,175,62,17,92,87,38,33,55,36,25,25.6
26,F,158,74,16,62,94,34,25,50,36,40,30.1
23,F,157,57,15,73,98,33,28,50,37,28,23.3
61,M,174,90,18,93,102,39,32,51,41,31,37.1
21,F,164,63,15,73,92,34,26,53,32,23,30.4
63,M,171,87,19,87,92,37,30,50,39,27,37.6
60,M,175,43,17,60,97,37,30,57,37,8,17.8
42,F,175,62,17,80,100,36,26,54,35,27,24.4
53,F,164,60,14,62,108,33,28,50,34,27,26.4
43,F,166,79,15,55,100,34,29,54,35,33,31.7
40,F,167,57,16,76,99,33,30,49,35,33,26.7
57,M,183,68,17,81,102,41,30,56,41,13,32.1
18,F,163,81,16,93,103,34,30,54,35,45,34.7
58,F,165,73,17,101,96,33,27,49,35,37,37.4
18,M,172,90,18,112,105,36,32,58,40,23,37.0
31,M,183,96,17,111,96,37,30,59,40,35,43.1
51,F,154,77,15,81,96,34,28,47,35,45,32.7
18,M,179,85,19,92,106,41,31,62,38,23,42.8
61,M,182,82,18,93,107,39,31,51,37,23,32.0
29,M,183,86,19,75,103,41,32,58,38,23,36.4
38,M,175,85,18,87,98,39,34,65,37,27,32.5
44,M,175,72,19,86,105,41,29,58,37,19,35.5
46,F,152,57,14,86,89,35,27,50,37,30,23.6
20,M,186,111,17,95,101,42,32,51,37,40,37.7
28,F,154,72,15,90,91,35,29,49,36,44,33.5
37,M,165,71,17,96,89,44,35,55,36,28,27.9
43,M,171,61,17,101,100,40,36,60,39,27,28.0
23,F,158,73,16,96,97,33,28,50,35,41,29.2
39,F,162,64,15,67,95,35,32,52,36,21,26.8
20,M,174,90,17,94,101,36,36,62,40,35,38.0
39,F,165,65,16,93,110,34,27,49,37,39,28.9
62,F,165,56,15,79,103,33,30,51,36,29,26.4
38,F,171,46,16,72,97,32,25,57,38,22,17.6
51,M,163,40,18,77,93,38,33,56,42,8,20.4
33,M,174,89,17,89,107,35,34,54,34,23,37.6
28,F,166,74,15,82,86,34,31,55,34,29,28.1
40,M,183,64,18,88,94,39,32,56,40,20,29.7
24,M,166,54,17,86,96,40,34,53,38,19,21.4
31,M,178,92,18,100,103,38,29,53,38,26,41.0
27,F,165,64,16,82,94,32,31,50,35,32,29.5
44,F,155,62,15,74,99,31,29,48,36,34,27.2
27,F,167,84,15,83,110,35,29,46,37,42,38.0
20,M,183,83,17,86,100,36,35,66,41,14,32.1
65,F,164,84,15,106,99,34,31,50,36,41,31.9
25,F,158,71,14,77,83,35,29,56,36,31,31.3
44,F,150,47,16,60,98,33,28,54,38,25,20.4
20,M,170,103,18,106,95,39,33,64,40,33,42.8
21,F,162,63,16,75,106,34,28,53,33,32,24.8
53,F,158,52,15,68,112,33,28,53,32,31,23.7
42,M,169,73,17,82,104,39,32,54,42,22,33.1
52,M,163,73,18,102,93,38,33,58,39,19,34.5
39,M,186,107,20,109,98,38,33,51,43,28,44.3
30,M,166,57,17,90,95,37,30,62,40,22,21.5
51,M,175,83,17,81,103,38,29,62,40,28,33.9
27,F,155,49,16,76,114,34,28,52,36,40,20.6
24,F,174,77,16,91,95,35,31,51,34,36,31.8
36,M,189,60,19,81,101,41,30,56,43,8,26.1
30,F,161,71,16,82,94,33,28,53,37,40,32.1
51,M,167,80,19,106,84,42,34,55,39,21,30.1
26,F,157,82,16,68,100,34,25,46,34,45,33.1
59,F,154,67,15,68,111,34,29,56,34,35,26.8
59,F,166,57,14,76,103,33,28,53,34,26,25.1
41,M,172,49,18,100,106,39,29,54,37,18,19.8
42,M,181,68,19,108,112,38,32,52,37,24,28.9
64,M,172,80,18,82,112,38,30,60,37,33,29.6
54,M,179,103,17,108,104,39,25,48,39,33,43.7
64,M,184,76,18,94,102,42,34,55,43,28,31.6
47,F,167,62,15,78,96,36,25,53,38,37,28.5
32,F,162,55,15,55,75,33,29,54,35,21,21.9
33,F,156,74,16,93,91,31,29,53,36,42,32.1
34,M,178,64,19,83,97,37,32,61,40,23,27.1
63,F,162,63,16,93,107,33,25,50,34,33,28.1
56,M,184,89,19,88,102,40,32,54,39,29,36.3
27,F,157,61,15,98,98,35,29,55,37,33,20.2
41,M,178,83,17,109,90,42,34,58,36,31,34.8
42,M,166,52,18,70,98,39,32,60,40,14,21.1
59,F,168,55,16,73,104,34,29,55,37,26,23.0
38,F,152,79,15,112,104,33,30,48,39,45,35.6
57,M,174,97,18,83,94,35,30,57,37,40,40.7
24,M,167,42,18,90,93,36,29,64,35,8,16.7
46,M,174,96,19,117,107,34,28,56,41,45,42.5
64,F,158,48,15,85,100,33,25,53,34,31,21.2
48,F,161,49,16,76,104,34,28,49,36,20,21.8
32,F,160,74,15,73,99,34,28,47,38,44,29.9
26,M,183,88,18,95,96,36,34,49,39,27,34.7
54,F,165,82,16,92,92,34,29,47,39,44,35.2
22,F,165,90,15,84,110,34,30,52,34,42,39.1
37,F,158,72,15,91,83,34,26,50,40,37,30.9
56,F,163,64,15,83,99,34,27,50,36,35,28.5
58,F,158,60,16,61,102,33,28,49,32,27,26.1
48,M,187,105,18,99,104,39,33,53,39,31,39.4
54,M,171,107,18,109,97,38,34,57,36,35,54.6
63,M,178,76,18,95,91,38,31,62,37,22,36.7
48,F,168,80,17,86,103,35,29,47,35,41,32.5
30,M,180,82,19,99,96,40,34,64,37,28,31.7
20,F,160,71,15,75,99,34,30,52,38,35,33.9
38,M,185,86,19,61,107,37,35,52,38,27,37.7
20,F,160,56,16,77,117,35,30,56,35,23,20.1
20,F,171,74,15,69,84,33,29,48,35,31,29.0
28,M,178,101,18,89,83,36,32,54,37,32,46.1
29,M,172,57,20,81,99,39,35,52,39,8,24.4
33,M,182,95,18,106,95,36,30,62,42,32,38.9
22,M,177,68,18,73,104,38,32,55,38,19,32.5
47,M,180,88,20,113,106,37,31,52,33,30,34.2
30,F,173,67,16,77,98,33,25,52,34,19,28.8
21,M,182,78,18,99,115,40,33,51,38,21,33.1
65,M,171,64,17,83,99,39,33,58,44,16,26.0
29,F,170,72,14,64,99,32,28,55,34,37,27.0
61,F,161,51,16,55,105,35,26,46,33,28,21.1
28,M,166,58,17,80,115,38,33,56,38,15,21.6
49,F,178,82,15,80,96,32,29,55,37,40,33.9
24,M,182,78,16,92,101,39,33,56,43,28,33.7
40,F,163,71,16,81,92,31,28,55,38,32,29.3
25,M,173,96,18,100,102,41,33,55,41,38,41.1
54,F,159,56,15,78,89,33,30,51,37,31,23.1
55,M,180,87,17,111,96,36,30,52,40,34,37.5
51,F,160,58,15,88,91,32,26,53,36,30,26.0
64,M,177,93,19,78,101,43,28,54,38,31,39.0
58,M,179,72,20,81,91,36,30,58,38,26,29.6
53,F,149,40,14,78,110,34,30,53,35,21,15.5
20,F,173,81,15,79,90,34,30,54,35,34,35.0
28,M,172,73,18,76,93,34,27,52,39,16,29.7
53,F,169,70,17,87,103,35,27,55,33,30,27.2
46,F,159,80,15,86,116,32,29,51,36,35,33.4
18,M,178,75,19,82,93,34,32,51,35,24,29.0
21,F,167,42,15,76,97,32,29,56,33,12,17.3
38,M,190,80,19,74,89,40,35,56,38,14,34.8
25,F,160,63,15,83,95,36,29,54,38,37,30.4
55,F,160,66,16,82,107,33,31,55,33,32,27.6
23,M,182,77,17,89,102,39,32,56,39,33,35.1
20,F,163,44,16,73,99,32,28,50,38,21,16.9
51,M,193,83,19,98,97,42,31,54,38,26,37.6
50,F,159,48,16,75,106,33,30,53,33,17,18.3
21,F,156,57,16,86,115,33,29,52,36,36,22.3
50,M,174,83,18,92,99,40,28,54,36,20,34.0
45,F,156,58,15,67,99,33,28,51,35,28,25.0
36,F,159,49,14,67,95,34,31,55,39,15,19.9
48,F,164,63,16,79,102,38,28,54,34,26,25.6
45,F,170,72,16,82,91,35,27,51,36,32,30.4
60,M,185,87,18,103,109,41,38,61,38,18,32.2
54,M,180,85,18,92,98,37,31,55,39,21,31.7
22,F,166,75,16,99,90,34,27,54,37,44,30.1
32,F,169,58,15,64,103,34,28,56,35,24,22.9
31,M,180,63,17,106,77,40,32,54,41,13,27.5
61,M,176,50,17,84,87,40,31,53,39,8,19.6
42,M,176,77,18,100,101,39,30,64,37,24,35.4
19,F,166,48,17,70,111,34,27,48,38,17,20.4
23,M,180,66,17,91,109,41,35,54,44,18,26.8
54,F,167,68,17,72,91,34,30,52,37,20,28.8
54,F,167,77,15,93,109,35,29,48,34,37,32.5
53,M,177,84,18,86,96,38,31,61,40,23,34.5
53,M,180,81,19,110,103,41,31,50,35,22,30.5
52,F,164,59,15,96,109,32,26,48,37,26,22.2
18,M,179,55,19,91,97,38,36,60,42,9,22.1
28,F,165,71,16,78,88,33,31,52,39,21,28.1
28,F,175,85,16,87,105,33,28,50,32,29,32.1
24,M,197,75,18,95,91,40,32,57,42,8,31.2
60,M,174,89,18,99,96,37,33,57,37,35,37.5
64,M,174,64,18,74,99,40,29,61,38,18,25.9
47,F,149,53,15,84,106,33,28,46,35,32,23.2
41,M,195,74,17,86,98,38,35,63,39,17,28.4
39,M,173,93,17,125,102,37,30,56,40,41,37.1
65,M,171,114,19,113,98,39,36,51,40,45,44.6
52,M,167,98,18,99,96,38,32,63,40,29,38.6
46,M,177,85,18,78,101,39,32,50,40,30,37.3
48,M,186,101,18,93,93,38,37,52,40,33,41.7
18,F,165,73,16,74,103,33,29,50,37,33,31.9
38,F,169,65,15,80,96,35,28,52,35,34,24.1
54,F,155,67,15,69,97,35,28,49,36,28,30.9
56,F,166,63,15,76,101,33,33,54,34,23,28.8
35,M,182,102,17,102,92,36,32,55,36,28,43.9
29,M,171,70,18,103,104,39,33,52,40,31,30.9
63,F,170,61,16,60,107,35,29,52,36,28,25.8
30,F,157,73,15,96,98,33,27,48,37,44,32.8
55,M,188,88,19,67,95,39,34,54,42,17,38.4
39,F,162,73,15,71,104,34,29,57,36,34,32.1
55,F,146,49,16,73,101,36,29,55,37,28,20.8
50,M,172,54,17,80,95,42,31,60,41,12,26.3
30,F,155,61,16,76,107,33,25,53,33,31,29.3
34,M,181,113,19,111,96,37,34,51,38,35,44.8
31,M,174,69,18,93,95,39,36,45,38,25,28.3
51,F,163,93,15,98,91,33,28,50,34,45,42.4
29,F,160,90,16,79,111,35,31,48,35,42,35.2
30,F,166,52,16,86,103,34,27,50,33,24,21.5
34,M,171,57,19,74,102,37,33,49,43,19,23.2
64,F,169,62,16,55,89,35,27,53,34,33,24.5
39,M,167,70,19,89,90,39,27,59,35,25,26.8
23,M,157,45,17,84,90,35,29,61,40,18,19.1
50,F,155,51,16,75,89,34,26,57,36,25,20.4
46,F,171,94,16,90,97,35,23,50,37,34,36.3
29,F,169,94,16,83,113,31,28,52,34,44,35.6
36,M,175,91,17,96,95,39,29,55,39,26,42.0
51,F,165,53,16,63,118,35,28,50,32,19,23.4
64,M,179,82,19,78,101,40,32,55,38,25,34.9
55,M,164,68,19,83,98,35,34,55,41,29,31.3
19,F,164,56,16,76,90,33,28,48,37,30,25.3
46,M,175,85,18,99,101,36,32,50,42,27,29.0
40,M,161,90,17,101,107,36,34,55,38,42,36.3
44,M,171,69,17,87,84,33,31,59,39,26,26.7
58,F,166,75,14,91,103,35,30,47,33,30,32.5
41,M,181,73,19,69,98,39,32,65,39,18,29.4
65,M,180,80,18,97,110,38,35,54,43,25,32.9
33,M,178,77,18,101,99,42,32,62,39,23,31.9
62,F,161,61,15,55,87,32,28,53,34,28,27.9
57,F,166,64,14,78,92,31,26,51,36,35,22.7
26,F,165,61,16,88,102,34,27,54,33,37,26.5
37,M,190,96,17,93,97,38,33,62,39,24,42.4
20,M,171,74,19,79,102,36,30,57,39,24,29.6
46,F,157,61,15,94,101,34,32,48,37,39,24.0
19,F,173,75,16,69,115,33,27,52,36,31,33.3
43,M,180,102,17,105,89,40,38,56,39,28,46.6
39,M,180,58,18,78,88,40,32,56,37,12,25.0
39,F,159,40,15,55,101,36,24,53,35,20,18.0
62,F,168,71,16,67,96,34,30,45,36,35,31.1
22,F,168,62,15,55,107,35,28,53,38,29,26.2
33,F,180,97,15,85,89,34,27,53,35,45,37.6
32,M,189,76,18,75,107,34,36,58,38,14,32.9
30,M,170,84,18,101,102,35,30,54,37,34,33.7
36,F,166,60,16,71,94,36,31,53,33,26,23.8
55,F,161,83,16,87,101,35,25,50,35,41,33.4
28,M,175,67,18,69,111,36,31,62,38,8,27.0
64,F,161,40,16,86,97,35,29,51,36,18,16.4
40,F,167,63,15,80,91,34,27,53,37,31,27.0
36,M,163,76,18,101,108,40,27,63,38,35,30.4
60,M,173,91,17,84,108,38,30,45,40,29,38.6
50,M,177,109,18,75,98,40,36,51,35,35,43.3
52,F,169,71,17,92,108,38,30,55,35,36,25.1
50,M,180,78,18,97,88,34,32,57,43,28,33.6
26,F,163,85,16,66,101,32,29,57,31,25,34.8
50,M,173,71,17,82,92,38,32,49,36,22,31.6
63,F,166,59,16,79,90,36,26,53,35,30,22.3
40,M,166,75,17,91,92,40,31,60,36,27,28.5
21,F,163,92,16,87,103,32,30,51,34,45,37.4
40,F,154,61,16,99,107,33,31,49,38,35,22.9
18,F,168,50,15,67,101,34,32,48,40,23,20.4
25,M,175,74,18,83,93,37,30,62,40,21,30.1
64,F,149,65,16,77,114,32,28,49,31,38,25.8
53,F,175,89,16,99,109,32,28,52,38,43,37.3
28,M,178,94,18,94,105,42,31,59,33,19,38.0
27,M,184,86,18,114,99,35,31,59,39,25,35.3
56,F,162,58,15,88,99,33,29,56,38,30,26.3
55,F,163,71,15,60,92,31,29,53,35,43,30.8
53,M,179,89,17,86,99,38,35,57,38,31,34.8
62,M,161,81,17,106,100,38,31,59,40,37,32.9
30,M,180,84,18,82,93,39,33,60,40,24,31.0
50,F,160,52,16,92,104,35,31,57,34,28,21.9
41,M,178,110,18,113,100,36,32,62,38,37,45.5
44,F,165,69,16,74,91,34,27,52,34,27,32.7
37,M,188,86,19,78,96,39,33,52,42,22,38.9
27,M,159,56,19,91,92,38,33,56,42,22,24.5
57,F,183,91,16,69,92,35,30,56,33,30,41.5
34,F,171,87,15,72,104,33,28,50,38,39,36.6
18,F,160,52,15,66,96,32,27,50,36,18,21.3
29,M,177,118,17,114,84,36,30,63,38,45,49.7
41,M,172,75,20,125,107,37,28,58,40,25,31.3
52,M,173,107,17,93,105,38,32,56,41,35,44.0
43,F,149,43,16,61,107,36,31,52,33,19,19.5
34,F,147,74,16,97,107,34,31,53,36,45,27.3
61,F,168,104,15,80,101,33,30,49,39,45,40.1
50,M,178,63,18,85,94,36,31,51,38,8,25.7
26,F,166,58,14,85,111,33,24,56,35,35,24.3
62,M,175,106,19,110,92,38,32,50,41,39,47.5
38,F,165,88,16,82,108,34,26,54,37,34,37.2
49,M,164,75,18,97,101,40,34,48,43,25,30.8
31,M,173,56,17,89,100,36,35,55,36,15,24.1
53,F,159,54,14,67,89,35,25,56,35,25,24.1
28,F,154,43,15,88,94,34,28,55,37,29,19.1
43,F,147,67,15,88,115,34,28,49,33,45,33.3
45,M,167,110,19,87,105,40,33,54,37,45,51.1
29,M,168,82,18,123,103,40,34,60,39,36,37.2
41,M,178,84,18,106,103,40,33,51,37,28,33.7
45,M,174,57,19,77,95,41,31,60,36,14,25.8
60,F,160,47,16,76,101,33,29,52,39,25,18.2
39,M,180,92,18,97,95,38,32,49,40,28,36.2
60,F,163,51,15,91,103,35,28,45,38,25,22.9
43,M,177,81,19,91,96,38,31,62,35,30,32.6
42,M,178,75,19,106,93,39,33,59,41,19,30.0
31,F,167,61,17,71,97,35,32,52,34,34,25.3
56,F,162,59,14,85,103,34,28,54,34,25,25.9
58,F,168,69,16,63,98,36,29,52,40,25,27.9
40,M,182,100,19,108,102,34,32,52,37,27,42.2
34,F,163,51,15,63,106,35,31,48,32,26,21.0
23,M,175,88,17,99,102,38,29,55,36,26,37.7
51,M,182,100,18,99,93,36,34,50,39,34,47.1
30,F,166,55,16,55,111,34,29,57,37,20,21.8
41,M,165,98,20,94,98,39,35,48,41,36,42.7
37,F,156,65,16,90,106,34,30,48,36,37,28.9
35,M,184,94,19,101,95,37,32,54,33,27,42.1
56,M,182,49,19,79,97,38,28,58,39,14,20.8
42,M,194,118,19,115,95,39,30,58,38,41,48.2
32,F,174,82,17,80,97,35,26,61,33,31,36.0
39,F,156,49,16,55,90,34,28,56,36,10,19.0
38,F,170,55,15,55,100,35,32,55,33,21,22.9
31,F,156,71,15,81,87,32,27,55,34,36,30.6
32,F,177,69,15,78,99,34,26,54,38,27,28.8
50,F,164,77,15,106,106,35,30,50,34,40,35.6
34,M,180,98,18,83,102,39,32,51,38,31,36.8
55,F,158,60,15,70,106,35,30,52,37,30,26.9
22,M,167,92,18,95,96,37,29,61,39,35,37.0
44,M,191,86,19,87,87,38,31,64,41,23,34.8
30,M,179,75,18,84,95,38,33,57,42,22,28.1
23,F,162,83,15,88,101,35,28,53,36,45,33.1
63,F,154,72,15,83,93,32,27,47,36,45,30.0
45,F,170,60,16,63,102,34,28,52,35,21,23.3
44,M,173,50,17,85,105,43,31,59,34,12,22.6
47,M,172,80,18,86,98,40,32,53,36,21,31.9
41,F,165,52,17,80,110,36,27,47,36,30,20.0
56,F,169,59,16,69,101,33,27,46,37,19,23.4
19,M,173,81,18,87,113,38,31,51,39,22,30.2
22,M,168,74,18,69,100,38,35,57,41,26,30.7
38,F,156,49,15,69,103,35,30,60,37,28,25.3
43,M,176,81,17,102,99,40,30,56,34,24,36.6
61,M,162,79,17,106,93,35,33,53,41,39,32.8
35,M,182,89,18,92,112,37,33,61,37,23,40.9
61,M,174,106,17,87,94,37,30,52,37,38,48.2
56,F,175,76,15,88,93,35,28,54,36,34,31.1
37,M,181,72,17,82,101,37,28,60,39,14,29.7
63,F,171,66,18,86,105,35,31,55,36,34,26.6
46,M,175,78,18,83,95,39,32,58,40,22,33.8
36,M,179,79,19,94,100,37,32,53,36,20,33.9
32,M,168,76,18,112,102,40,34,63,40,31,32.2
27,F,168,57,16,55,111,34,26,60,36,8,24.3
38,M,184,99,18,92,104,38,34,57,37,28,43.4
36,F,155,56,16,81,93,34,28,52,34,33,22.9
57,M,186,86,17,98,84,36,30,55,42,26,38.3
28,M,174,70,19,68,91,38,35,50,36,19,27.1
52,F,162,43,15,71,96,34,32,49,34,22,19.5
34,F,172,82,14,79,102,37,26,53,37,43,30.5
35,F,154,40,16,55,93,34,28,53,36,21,17.1
64,M,181,68,17,89,92,36,29,52,39,30,25.1
65,M,173,54,18,77,106,40,30,52,40,14,19.3
31,F,172,74,17,82,110,33,28,53,38,36,33.0
29,M,177,93,20,107,95,39,29,51,39,33,40.8
55,M,162,95,15,114,98,41,30,55,37,39,39.5
39,M,177,85,18,93,92,37,34,61,36,25,39.5
28,F,164,79,15,81,97,30,28,52,36,43,30.4
47,F,172,61,15,64,110,32,25,52,34,29,27.0
18,F,156,82,15,79,91,36,30,56,35,41,37.8
30,F,164,85,15,76,110,34,27,54,38,33,36.5
33,M,175,96,16,113,102,37,35,57,38,32,38.1
21,F,169,74,15,86,100,31,28,50,33,36,30.0
63,M,167,82,18,94,92,40,37,56,32,38,32.8
60,M,175,89,18,99,96,31,40,48,37,35,37.7
27,M,185,78,18,97,84,39,31,54,40,17,30.7
62,M,170,97,18,115,98,41,32,55,39,41,39.8
42,M,171,83,19,94,100,40,35,54,40,28,35.9
32,F,153,42,15,88,95,35,25,51,35,26,15.7
30,F,159,47,16,65,111,32,27,55,37,18,20.1
19,M,174,86,17,97,94,36,28,55,37,24,36.3
45,F,170,72,17,72,101,33,28,57,36,32,27.5
21,F,163,77,15,94,95,34,30,50,38,42,32.6
25,F,168,74,16,92,95,31,28,53,32,36,28.3
64,M,178,94,19,103,115,40,31,60,37,35,40.4
29,M,173,72,18,88,98,38,28,57,39,24,31.2
31,M,172,100,18,124,84,40,29,56,36,31,42.0
43,F,165,49,16,73,109,34,28,52,37,11,24.2
54,F,157,84,16,92,101,33,29,50,37,45,33.4
45,F,159,65,16,60,116,32,29,56,35,29,27.5
33,F,175,79,15,67,101,32,26,46,32,21,32.1
27,F,173,74,15,84,100,35,30,57,33,36,28.0
56,M,169,88,18,96,102,35,32,53,41,31,33.8
53,F,165,68,16,84,95,34,33,60,35,36,27.3
33,M,161,74,18,105,102,38,30,63,40,32,26.4
38,F,167,40,15,76,84,34,28,50,33,25,18.6
63,M,175,84,18,88,93,42,35,53,42,34,32.9
21,F,166,82,15,95,105,34,29,57,36,45,35.3
61,M,191,99,18,107,93,37,31,61,40,33,44.8
46,M,176,68,17,79,100,38,34,49,37,31,28.0
35,F,171,53,15,70,107,37,26,49,38,25,22.1
62,F,156,59,15,67,104,34,27,48,35,34,22.0
43,M,168,40,19,68,105,40,30,63,40,8,16.8
40,M,173,90,19,93,88,41,31,56,35,35,36.2
32,M,185,71,19,80,95,36,32,58,36,19,26.8
63,M,184,79,18,84,94,38,30,57,38,26,37.0
48,F,169,75,15,101,99,36,27,53,37,37,34.5
57,F,172,64,16,89,104,35,29,56,36,29,34.0
60,M,176,74,19,91,111,37,29,48,37,28,30.8
44,F,161,68,15,92,97,35,29,53,35,32,28.1
18,M,172,77,19,71,104,39,32,55,38,16,35.0
51,M,168,77,18,103,106,39,34,54,39,24,29.9
46,F,171,66,16,79,124,32,29,56,34,26,24.7
23,F,156,51,15,107,89,33,27,52,37,23,21.3
53,M,177,94,18,102,99,38,29,59,40,35,38.1
30,M,183,69,19,89,89,39,28,59,37,16,29.0
32,F,170,66,15,96,94,32,25,50,37,37,25.6
46,M,170,83,17,108,97,38,32,58,42,30,30.6
29,M,173,52,19,85,100,39,33,52,38,20,22.8
23,F,173,76,15,91,114,37,27,53,35,42,38.0
58,M,169,79,18,92,102,38,34,54,41,25,36.5
39,F,170,60,14,81,102,32,29,54,35,29,24.2
51,M,162,72,18,105,96,40,32,57,35,34,31.0
30,M,169,45,18,91,90,37,29,60,35,14,17.0
33,F,178,85,15,64,96,31,29,54,34,34,36.5
23,F,159,68,16,74,104,35,29,56,36,38,29.5
58,M,169,74,18,102,96,40,30,51,43,32,28.0
24,M,177,75,19,91,93,37,32,52,35,16,31.5
61,M,180,94,18,90,95,37,35,56,36,32,40.2
20,M,169,79,18,96,96,42,28,51,45,31,34.6
22,M,175,98,18,94,102,40,35,54,40,29,41.9
60,F,171,65,15,75,103,35,31,44,36,25,23.8
26,M,183,83,19,94,99,38,30,55,35,21,31.4
65,F,167,63,15,74,109,33,28,44,35,39,25.5
18,M,183,67,18,92,98,38,32,52,38,22,25.8
62,M,181,83,19,105,110,37,33,57,41,31,34.1
37,F,164,83,16,68,110,35,28,57,38,32,34.0
38,F,171,79,15,80,100,34,26,51,38,30,34.8
47,F,177,58,16,66,92,32,30,51,34,21,26.4
57,M,178,75,18,91,97,37,33,57,45,21,33.8
57,F,162,70,16,78,92,34,29,59,37,40,29.3
34,M,183,84,18,91,89,40,30,53,39,19,39.7
32,F,167,80,14,83,101,33,29,50,38,29,32.1
41,F,165,78,16,79,81,33,26,53,40,45,35.1
26,M,186,100,19,100,104,39,35,57,39,28,43.9
33,M,171,68,19,89,111,39,32,52,36,21,30.7
20,M,171,73,17,93,100,40,30,54,39,18,28.2
61,M,190,67,18,74,95,38,30,60,39,10,28.4
54,F,172,76,16,91,107,34,25,54,36,35,35.9
53,M,174,52,19,92,95,39,30,48,36,18,22.0
37,M,175,79,18,82,86,38,33,62,38,25,31.5
61,F,167,62,16,80,108,34,30,48,36,34,28.6
20,M,170,82,17,94,105,41,32,56,33,24,34.9
63,F,153,47,17,55,100,34,31,50,35,10,18.2
35,M,178,55,18,89,91,37,31,62,39,15,21.9
63,F,166,85,14,102,82,31,26,54,36,45,40.4
59,F,168,72,14,91,107,35,28,51,36,32,30.3
39,M,178,52,20,73,95,40,32,51,35,14,24.2
56,F,170,82,15,72,93,34,30,48,34,33,37.7
46,M,161,73,18,107,105,41,32,54,39,29,30.3
53,M,169,96,18,83,95,40,33,52,38,33,41.9
57,M,185,69,17,82,87,39,28,54,38,22,29.2
33,M,180,102,19,89,101,41,32,60,39,34,43.3
34,M,178,61,18,89,109,41,36,49,38,17,25.4
43,F,167,82,16,79,102,34,25,51,33,39,32.9
53,M,168,66,18,104,95,37,37,52,35,24,24.9
65,M,182,98,19,113,104,36,30,62,39,34,37.9
20,M,174,68,18,89,92,34,32,52,40,29,26.5
51,M,174,102,18,103,89,42,33,57,34,42,40.9
46,M,174,112,17,101,100,38,30,53,36,43,50.7
21,M,176,86,18,96,98,38,32,57,38,25,36.0
26,M,185,67,18,75,101,38,30,44,36,11,26.8
33,M,165,49,18,90,95,41,31,52,36,16,20.2
61,M,168,62,17,88,105,35,28,57,35,20,26.8
56,M,183,96,18,89,97,43,35,56,36,33,34.8
36,F,158,48,15,65,83,35,32,56,37,16,20.6
26,M,182,85,19,86,102,40,33,57,39,25,33.0
36,F,157,44,15,79,111,33,27,51,32,26,17.6
48,M,171,47,18,86,102,38,32,53,38,17,19.5
33,F,175,76,15,75,107,34,30,54,38,32,38.2
32,F,166,68,16,87,99,33,31,58,34,30,29.8
25,M,173,64,19,78,100,41,34,55,41,15,25.5
63,F,159,87,15,87,101,34,28,57,32,44,36.5
19,F,168,74,15,88,103,32,30,51,35,39,29.9
59,M,182,67,17,84,111,38,31,53,39,19,28.6
52,M,172,104,17,113,93,38,32,59,40,41,41.3
58,M,177,81,18,95,104,38,34,53,43,26,33.6
25,F,161,40,15,55,102,34,29,51,34,12,16.1
31,M,176,79,19,95,95,39,30,53,43,24,37.2
32,M,169,67,18,97,92,41,31,61,40,34,30.7
43,M,169,84,18,88,93,41,34,62,41,29,33.0
35,F,170,87,15,55,101,33,26,52,35,35,37.7
34,M,190,91,18,90,92,38,37,59,36,23,35.7
31,F,164,63,17,88,105,33,28,61,36,37,27.5
55,M,151,75,17,98,111,37,36,56,41,33,28.4
51,F,166,66,16,84,101,35,26,49,39,32,24.8
32,F,162,83,16,94,108,33,28,48,35,45,31.9
28,M,170,57,19,102,86,39,34,50,39,27,24.3
48,F,170,83,16,72,111,33,30,54,36,41,30.0
60,F,161,54,15,83,107,37,28,53,34,28,24.3
31,F,166,53,15,55,104,30,27,52,33,17,22.5
60,F,158,79,16,99,83,35,29,53,34,41,33.5
27,F,155,58,15,70,96,34,27,51,35,28,23.6
51,M,179,76,17,88,97,38,35,63,45,15,32.0
21,F,165,70,16,81,102,32,27,52,35,33,25.9
25,F,162,56,15,62,92,33,26,56,36,19,20.5
49,F,172,44,16,74,95,35,30,52,38,30,19.7
57,F,173,76,14,72,104,34,29,55,36,28,31.8
61,M,178,64,18,84,98,40,29,51,39,17,25.9
41,M,174,81,18,97,106,34,30,63,40,25,36.5
64,M,164,40,18,71,100,36,33,61,38,13,16.5
62,M,185,78,17,94,113,40,33,62,39,19,31.7
61,M,185,84,18,88,101,41,33,55,35,23,36.5
30,M,174,76,18,94,92,36,34,52,36,36,31.3
28,F,167,81,15,81,105,34,29,54,36,43,31.9
39,F,167,86,16,91,107,33,28,51,36,29,43.2
58,F,168,73,15,88,124,37,28,49,34,33,30.3
21,M,174,54,18,100,94,39,30,53,35,23,21.5
42,M,173,68,18,104,102,37,33,52,34,30,30.8
47,M,177,100,16,101,89,40,32,51,40,36,41.4
44,M,169,82,18,102,99,38,36,53,39,35,29.3
30,M,187,106,17,94,102,40,32,54,42,30,43.9
18,M,186,88,18,73,100,40,28,57,41,16,44.6
61,F,155,46,16,73,104,34,30,50,38,27,18.5
55,M,177,72,17,76,93,38,31,58,35,21,29.7
44,M,183,57,19,96,102,41,29,51,38,15,24.2
31,M,196,98,18,83,96,39,28,59,36,32,42.5
36,F,153,41,16,76,103,33,28,52,35,20,18.4
54,F,172,74,16,78,109,33,28,45,37,28,32.2
45,M,189,99,19,89,96,40,34,49,41,27,38.3
48,F,159,57,16,75,100,35,28,57,36,16,24.5
41,M,177,87,18,86,102,37,35,62,42,35,35.3
23,M,169,67,19,101,104,36,36,56,37,27,25.2
64,M,195,99,17,84,95,32,29,56,41,26,42.5
53,M,173,72,17,109,96,40,35,59,44,21,31.5
40,M,177,102,18,100,100,38,30,61,40,33,44.0
40,M,175,75,18,99,96,41,35,57,37,25,33.5
45,F,174,80,15,78,83,33,25,54,38,34,33.8
61,F,164,57,16,66,114,33,29,53,33,27,24.0
55,M,185,72,17,87,100,37,34,55,36,21,28.9
42,F,164,52,14,77,99,34,28,47,36,22,24.7
30,F,169,66,15,77,102,34,23,52,35,31,28.0
23,F,170,69,16,73,115,33,25,50,36,26,26.5
51,F,161,76,15,89,107,32,27,50,35,37,33.2
65,F,160,73,15,82,91,33,30,54,33,31,29.4
65,M,174,77,19,88,103,40,32,52,38,24,28.8
48,M,188,105,18,96,105,41,34,59,37,23,40.7
21,F,169,64,14,66,114,32,31,55,38,33,28.5
35,M,173,92,18,94,103,34,29,56,39,34,37.6
64,M,181,76,16,97,96,38,33,60,42,23,32.0
58,M,171,84,19,109,99,39,35,59,44,39,34.5
43,F,160,62,16,72,118,35,26,54,34,35,26.4
24,F,164,75,14,97,83,34,31,52,38,35,28.9
65,M,184,83,19,85,102,38,30,61,37,26,37.1
21,F,171,62,17,79,97,33,27,51,32,28,26.8
56,F,164,73,14,77,94,33,32,51,33,28,31.0
35,F,160,60,15,66,102,34,30,48,36,26,25.0
65,F,162,69,16,71,98,34,24,53,38,35,30.8
53,F,157,52,15,55,113,31,28,53,36,30,22.9
65,F,163,69,16,77,96,34,26,55,36,25,30.5
40,M,180,78,17,101,103,37,35,59,39,20,31.4
37,F,165,68,14,85,97,35,27,58,39,35,27.2
47,M,185,108,18,96,101,44,30,56,39,44,47.6
39,M,166,72,16,76,103,36,35,53,32,21,30.4
63,F,161,50,16,67,109,33,30,52,32,23,19.6
36,F,163,42,16,55,101,33,28,50,35,15,19.4
45,M,178,67,17,86,93,42,34,62,40,26,30.5
54,M,180,94,17,88,99,41,32,54,38,30,36.3
26,M,184,99,20,95,97,39,34,46,36,28,40.7
28,F,166,67,15,69,92,35,28,52,38,30,28.7
61,F,159,55,16,78,118,32,29,54,36,30,22.5
32,F,166,77,15,84,95,34,27,46,34,40,32.2
52,F,172,80,17,76,104,34,26,42,32,32,34.0
65,F,163,73,15,65,84,35,26,52,36,38,31.7
59,M,172,104,18,117,105,35,31,60,40,42,42.8
62,M,180,76,18,99,106,37,33,55,32,26,34.3
36,F,169,70,14,77,99,31,27,53,33,31,26.3
29,F,165,77,16,69,104,35,27,54,36,33,35.9
47,M,184,85,19,104,97,43,32,58,41,32,34.3
38,M,172,109,18,94,98,40,35,54,38,37,48.0
53,M,167,87,17,91,109,40,31,61,37,35,36.6
61,F,157,65,16,85,95,34,32,46,38,38,24.9
55,F,167,73,16,84,87,33,26,50,39,40,30.9
39,F,155,40,17,97,103,33,29,51,35,21,18.0
50,M,172,56,18,90,96,39,30,56,38,12,25.0
31,M,184,75,19,91,88,36,37,48,37,16,28.7
42,F,173,67,15,59,88,34,28,50,33,25,26.0
33,M,185,69,17,96,101,37,33,57,36,19,30.4
25,F,173,55,15,91,97,35,32,49,35,25,23.9
52,M,176,70,20,75,110,39,34,53,39,29,31.6
44,F,156,56,15,62,94,34,28,53,29,33,23.3
60,M,186,71,18,82,99,35,33,59,41,16,34.7
62,F,160,49,16,76,105,35,28,53,37,26,20.9
51,F,172,57,15,55,100,32,27,57,36,25,24.3
38,F,171,97,16,91,109,31,27,49,36,44,35.2
55,F,157,58,14,81,96,31,31,54,34,33,23.3
64,F,154,45,16,55,85,34,30,53,38,21,18.5
58,F,164,44,16,61,111,34,26,54,36,13,18.2
34,F,162,69,15,80,94,33,27,46,34,29,30.1
41,F,165,65,15,78,101,34,28,56,40,29,27.5
54,M,166,75,17,94,91,40,35,58,38,25,30.3
55,F,178,60,14,67,102,34,28,51,32,29,25.4
24,F,154,40,16,60,95,36,26,53,38,15,17.2
24,F,177,79,14,85,96,30,32,53,35,39,32.8
33,M,166,70,18,95,83,37,33,52,37,22,28.7
59,F,167,80,15,84,100,33,27,48,39,45,32.5
44,F,156,50,14,62,102,34,27,51,37,24,21.6
25,M,169,51,19,76,101,40,32,55,36,11,21.8
25,F,173,70,14,97,100,34,27,45,36,32,32.1
65,F,173,74,15,83,111,34,32,55,36,38,31.3
40,M,177,73,18,94,95,38,34,53,37,27,29.3
35,F,161,58,16,86,92,33,28,45,38,35,26.8
57,F,162,69,15,75,106,36,32,50,36,37,25.1
41,M,166,92,19,91,97,37,33,60,36,39,39.8
34,F,163,89,16,90,109,29,28,51,33,44,36.1
23,F,155,62,16,88,91,34,29,50,36,43,28.4
21,F,169,62,17,65,92,32,27,60,37,31,23.9
65,M,185,76,18,81,94,41,33,50,42,29,32.7
54,F,172,68,15,72,90,34,25,50,38,29,29.8
35,M,179,130,19,98,112,37,35,62,37,41,51.2
36,F,159,63,16,71,101,31,26,53,38,28,27.7
28,F,163,47,15,84,96,32,29,53,33,22,20.3
46,M,167,64,19,81,90,37,34,50,41,24,31.1
32,M,171,75,19,91,98,38,30,56,35,28,37.3
62,M,172,87,16,113,107,36,33,51,36,34,39.0
26,M,178,120,19,117,97,40,32,54,39,45,49.9
54,F,163,49,15,63,112,33,23,46,33,13,21.2
49,F,159,71,16,79,95,36,28,55,35,25,31.4
39,M,166,78,18,104,100,40,36,55,38,31,34.8
20,M,176,82,18,96,84,39,29,55,39,28,32.9
27,M,172,81,18,76,111,37,30,54,40,18,34.2
65,M,169,57,18,86,94,39,35,59,39,16,25.5
36,F,166,71,15,85,107,34,27,46,33,28,27.8
58,M,177,88,17,107,93,41,29,56,40,32,38.3
42,F,171,60,14,80,100,33,26,51,35,29,24.6
47,F,172,80,16,85,102,36,27,58,35,36,31.7
37,M,179,81,18,105,100,31,34,61,35,21,35.9
31,M,181,104,17,94,94,39,30,61,39,35,42.0
59,F,165,64,14,75,122,36,30,55,35,33,28.5
64,F,155,59,15,68,91,35,31,57,35,27,26.0
58,M,189,110,18,116,84,39,33,52,36,35,41.4
19,F,158,60,16,83,98,34,25,48,38,24,27.5
47,M,166,50,16,98,92,38,29,60,44,18,20.8
25,F,150,53,15,96,110,33,27,52,32,35,21.3
64,M,177,70,18,98,99,41,28,57,38,17,33.4
54,F,152,58,17,83,101,37,28,52,35,35,24.6
48,M,182,97,18,87,106,34,33,51,42,24,39.9
63,F,154,40,15,76,87,36,25,50,36,21,17.5
58,M,167,57,19,100,102,37,28,49,37,21,26.4
38,M,176,83,19,92,95,39,35,58,38,23,33.1
57,F,170,92,15,89,101,33,30,58,35,45,37.8
59,F,160,56,16,59,110,34,24,54,38,23,21.8
39,F,150,76,15,80,110,34,31,54,37,40,34.4
49,M,173,67,18,73,83,40,32,53,35,18,27.4
53,M,182,76,17,105,100,39,29,59,39,28,31.2
40,F,158,45,16,78,94,34,25,63,37,21,18.0
22,F,161,68,15,85,95,34,24,47,36,34,26.3
49,F,161,68,16,93,101,32,27,55,35,36,25.6
62,F,159,77,15,98,104,38,30,55,38,45,34.0
54,M,177,85,17,102,99,38,32,58,39,16,31.3
39,M,176,81,16,91,101,40,30,54,43,25,34.2
27,M,178,88,18,98,96,39,28,61,35,32,36.3
51,M,180,108,19,97,99,41,28,57,35,35,47.3
55,M,168,98,18,113,100,43,30,55,42,36,43.1
28,F,163,61,16,69,103,33,31,57,36,21,25.4
65,M,175,60,19,94,94,35,36,57,39,16,26.5
25,M,171,72,18,97,103,42,32,52,40,33,29.8
26,M,171,66,17,91,101,36,33,54,39,13,28.2
52,F,162,62,16,78,96,33,28,58,31,41,26.7
47,F,154,46,16,89,103,33,31,54,35,22,20.9
27,M,172,82,19,97,107,39,29,59,41,34,37.5
20,F,162,82,16,75,90,35,26,54,37,45,37.8
26,F,166,90,15,76,102,34,28,51,35,39,36.8
50,M,175,92,20,78,90,40,35,56,40,28,39.7
47,M,178,98,20,101,93,38,32,55,41,39,40.4
46,M,184,88,17,86,89,40,32,55,38,23,36.8
49,F,166,61,15,75,113,32,27,48,36,24,24.6
22,F,164,65,16,57,102,34,29,48,34,23,28.8
30,F,160,69,15,87,102,33,31,56,37,37,26.4
61,F,164,53,15,69,105,31,31,52,32,31,19.5
42,F,167,57,16,64,103,35,31,51,35,23,24.7
51,F,177,97,16,96,105,34,28,55,36,39,36.6
29,F,156,46,16,81,91,33,30,46,35,22,21.5
19,M,170,48,17,87,101,38,35,57,40,8,21.3
25,F,171,69,16,84,105,33,25,52,37,25,27.7
40,F,165,40,16,72,102,36,27,52,32,21,18.7
24,F,160,72,16,71,88,35,25,51,33,43,30.3
51,F,159,79,16,82,105,31,30,55,35,39,35.8
51,M,169,71,18,98,94,40,33,51,39,17,32.2
52,F,145,41,16,82,93,33,27,50,38,29,18.7
64,F,159,56,15,93,100,33,26,50,34,35,22.9
27,F,161,77,16,77,102,36,28,52,34,43,31.0
23,M,176,82,18,92,98,41,27,58,40,33,33.8
36,M,181,80,17,102,97,38,35,54,40,25,31.0
60,F,174,78,15,84,104,32,25,47,37,21,30.9
37,F,169,57,16,81,80,34,27,55,38,24,24.7
27,F,160,61,16,76,101,37,27,56,34,23,23.4
32,F,163,68,16,97,101,33,28,54,33,31,31.1
40,M,163,76,17,80,98,40,31,55,39,29,34.4
38,F,169,84,15,73,106,31,30,42,35,38,42.3
23,M,177,99,18,105,91,39,30,56,37,38,41.2
20,F,171,77,15,107,82,34,29,46,40,36,31.1
48,M,183,89,17,102,97,38,31,56,39,34,35.1
44,M,191,85,18,90,105,38,33,65,42,12,36.3
53,F,151,58,15,88,106,35,27,49,32,45,23.6
47,F,159,52,16,75,106,32,33,51,32,30,21.3
26,F,167,71,15,83,93,31,29,48,35,33,32.5
24,M,176,88,20,98,92,42,29,57,36,34,37.1
24,F,179,71,16,67,117,34,28,51,35,26,26.5
45,M,177,59,19,83,92,39,36,52,41,24,24.7
54,M,173,86,19,107,98,41,34,55,39,42,35.3
51,F,157,53,16,87,98,35,29,51,34,20,24.3
30,F,164,67,15,78,111,37,29,54,34,40,26.6
56,F,161,55,16,87,100,35,27,49,38,27,22.5
19,M,179,86,19,96,97,41,32,62,43,22,35.9
27,F,164,54,17,76,108,34,27,51,36,25,20.4
35,F,161,54,15,59,103,32,29,48,38,27,22.0
34,M,165,90,17,85,92,34,33,62,39,29,38.3
52,F,167,42,16,86,102,34,25,52,33,16,17.7
29,F,156,69,15,84,95,33,27,50,33,44,28.6
60,M,188,121,17,100,100,38,35,52,40,30,48.4
18,F,166,83,17,92,105,34,28,46,37,43,34.6
27,F,160,82,16,77,98,34,28,56,37,38,31.7
38,M,180,79,16,94,84,39,31,59,38,33,32.2
39,F,165,68,16,82,101,34,29,50,37,30,30.3
48,M,172,103,18,98,91,37,34,63,40,35,45.0
63,M,179,96,19,85,100,38,31,59,40,22,38.8
22,M,170,77,19,100,106,38,32,51,37,31,33.5
29,F,154,54,16,75,105,32,29,59,36,22,19.9
57,M,188,90,19,97,99,35,30,55,41,26,36.5
54,M,182,67,17,106,102,37,27,49,39,21,27.9
47,M,183,99,17,99,98,42,31,50,35,45,38.8
27,F,174,57,16,80,89,33,27,52,35,39,22.6
36,M,171,91,17,76,91,41,34,63,40,31,34.7
60,F,162,95,16,70,87,33,26,46,39,38,38.6
26,F,165,55,16,78,99,32,29,57,35,20,23.5
55,F,154,66,16,89,94,35,31,49,39,39,27.1
39,F,154,80,16,90,107,34,27,54,36,45,37.2
34,M,163,86,19,101,101,35,34,60,34,38,32.5
25,F,166,40,16,88,101,33,27,48,34,22,15.2
57,F,167,67,15,93,115,32,24,54,37,29,27.3
24,F,160,76,15,64,111,33,32,53,36,35,30.3
55,F,159,80,14,108,96,33,28,57,33,33,32.6
35,M,181,80,17,99,99,43,34,58,38,19,33.7
49,F,157,66,15,78,108,30,28,54,36,45,26.4
64,M,171,56,18,105,87,40,34,56,40,18,19.9
53,F,167,67,16,86,105,36,27,55,35,29,25.2
21,M,183,82,19,99,99,40,31,56,38,25,32.9
28,F,158,51,15,62,88,35,28,50,36,25,20.1
60,F,169,67,14,83,95,34,29,49,36,32,28.6
28,M,175,93,19,82,101,37,28,52,40,25,39.5
65,F,165,65,15,83,108,34,29,53,34,29,26.9
62,M,175,90,18,104,102,40,37,50,35,38,40.1
19,M,175,67,19,77,107,38,33,54,39,23,25.5
53,F,167,78,15,77,100,35,27,51,36,45,32.5
52,F,157,66,15,77,102,33,31,57,36,36,30.1
32,M,172,66,17,95,84,37,33,61,37,15,26.7
46,M,179,89,17,91,108,38,31,59,42,35,38.2
24,M,174,90,17,87,102,40,32,63,39,28,42.4
35,F,166,65,16,89,97,33,26,51,35,26,28.0
21,F,160,60,15,68,103,34,27,49,36,28,25.0
52,F,151,61,16,75,92,32,29,56,36,45,26.2
29,M,171,70,17,78,113,36,35,61,40,22,26.2
32,F,165,64,15,60,91,34,29,50,40,29,29.6
57,M,188,93,18,81,94,35,36,57,40,21,39.5
59,F,164,76,16,91,97,33,28,52,34,40,28.8
32,M,181,85,16,94,95,40,30,54,43,31,36.6
59,M,183,91,18,95,97,41,30,53,40,33,35.6
29,M,171,68,18,86,96,38,31,64,38,17,25.1
23,F,164,70,15,94,97,34,28,51,38,39,31.7
18,F,159,75,16,90,86,32,30,46,36,44,32.0
60,M,187,66,18,93,103,40,31,59,37,14,25.6
64,F,169,51,15,68,106,34,29,57,39,30,22.3
38,F,169,69,15,79,106,32,29,49,38,28,29.4
22,F,159,50,16,55,100,34,26,53,34,9,20.2
36,M,176,71,18,83,94,37,35,54,39,21,29.9
47,M,167,79,18,99,95,37,34,57,42,28,31.9
39,F,162,54,15,68,113,33,27,52,34,21,20.7
20,M,173,91,17,80,91,39,32,62,38,28,39.8
28,F,167,72,16,64,92,33,27,57,38,29,26.6
18,M,184,95,18,90,97,40,31,58,39,21,39.4
21,M,193,93,19,80,100,38,33,62,41,32,42.4
63,F,170,83,15,82,97,31,27,54,35,45,35.1
44,M,183,82,18,106,97,39,32,58,34,22,40.1
46,F,164,66,17,84,114,34,26,52,31,31,29.5
64,M,183,88,18,81,99,38,35,55,38,14,39.3
48,M,176,65,19,96,102,43,32,55,42,25,28.4
36,F,163,48,14,61,103,34,30,54,38,21,20.1
34,F,167,64,15,75,100,33,28,54,35,39,31.3
24,M,173,72,17,108,99,40,30,55,37,26,28.0
18,F,162,84,14,86,94,34,24,53,35,45,33.0
65,F,158,62,15,80,101,34,27,50,35,28,25.6
19,F,160,52,15,55,95,36,27,60,34,24,21.2
19,M,164,85,18,123,90,38,34,48,39,34,39.8
35,F,163,62,15,74,113,34,25,59,32,26,27.3
49,M,188,70,18,94,94,39,32,52,40,17,28.4
26,F,157,58,16,74,115,34,28,57,37,27,25.6
23,M,186,92,17,92,109,40,31,52,36,14,39.7
34,M,183,119,19,115,91,37,31,56,38,44,46.4
31,M,187,83,18,86,111,34,36,58,41,19,37.4
57,F,161,66,17,77,109,32,24,53,34,28,25.7
61,F,169,62,15,89,110,35,24,49,34,27,25.3
34,M,174,85,17,100,99,35,34,66,38,27,32.3
20,F,158,63,14,68,111,32,25,56,36,31,30.4
48,M,194,101,19,98,103,38,31,56,41,27,43.0
57,F,164,67,15,87,102,33,29,47,33,28,27.7
48,F,159,41,16,63,97,34,26,51,34,26,17.2
31,M,177,79,19,91,108,37,33,58,38,30,33.1
44,M,173,58,17,90,106,41,33,57,39,21,24.8
23,F,153,78,15,98,98,32,25,52,38,45,35.7
25,F,161,52,15,58,95,32,25,46,38,22,21.9
52,M,165,40,18,65,84,40,30,57,40,8,17.2
44,F,157,65,15,63,102,36,28,54,34,34,29.3
39,M,190,76,18,89,102,35,35,55,40,17,32.8
20,F,158,60,15,83,93,33,27,52,36,30,26.5
30,F,176,93,15,99,99,34,25,55,34,45,42.4
57,M,183,79,18,89,97,39,35,54,41,23,30.8
28,F,172,82,14,90,89,33,29,56,39,32,28.0
35,M,180,89,19,105,85,40,32,52,40,32,39.3
55,F,167,88,16,98,96,34,24,62,36,39,37.9
32,M,172,98,18,100,100,39,33,64,39,32,41.0
62,M,181,82,17,93,97,40,31,54,37,29,33.7
27,F,163,55,16,90,104,33,26,52,33,26,22.2
65,F,163,59,15,67,96,34,30,50,37,21,23.6
52,F,167,51,16,84,107,34,29,49,34,22,19.0
53,M,159,80,19,110,113,39,31,58,38,41,33.6
25,F,172,47,15,59,111,33,27,52,36,11,18.7
43,M,182,86,20,75,99,37,32,56,35,29,36.2
22,M,185,123,18,100,96,39,33,58,40,38,59.1
46,M,194,89,19,93,102,36,32,58,37,17,29.5
54,F,165,60,15,104,95,35,26,55,34,38,25.3
21,F,163,68,15,90,103,36,27,51,37,38,25.8
46,M,178,84,18,104,107,38,28,55,39,34,34.1
24,F,165,74,15,55,103,32,27,47,35,29,30.4
42,M,170,57,17,72,96,39,31,56,33,22,26.5
62,M,172,70,20,90,97,36,30,67,36,18,30.9
22,M,175,100,18,109,94,37,35,50,43,42,43.8
32,F,163,89,16,106,111,35,26,50,34,45,37.2
54,M,180,88,17,95,110,43,33,58,42,27,41.4
53,M,168,79,18,130,110,40,28,57,38,37,36.4
35,M,177,76,17,93,99,42,33,55,39,22,31.9
47,M,159,81,18,88,103,40,36,60,40,27,34.4
34,M,162,65,19,87,93,37,34,60,39,21,27.0
20,F,166,68,16,91,97,35,29,51,35,34,28.4
18,F,157,53,15,55,105,34,27,50,34,26,22.3
61,M,162,72,18,90,98,43,35,56,36,33,28.4
28,M,169,97,19,116,105,36,35,56,38,33,37.1
19,M,163,76,17,87,96,40,30,61,41,20,35.6
27,M,180,90,19,90,99,39,31,50,40,26,38.2
24,M,180,55,19,110,102,37,27,58,35,20,20.5
60,M,176,90,19,104,100,36,30,53,38,36,39.0
19,M,183,89,18,87,99,37,35,61,38,21,34.8
32,M,178,102,18,98,99,39,31,51,37,37,46.8
31,M,159,84,19,89,98,42,29,57,38,33,35.4
28,M,175,95,17,100,106,39,32,55,35,22,38.2
36,F,161,40,14,55,105,34,27,54,32,15,18.2
36,M,188,81,19,94,94,37,34,56,39,33,33.1
40,M,179,91,17,90,95,39,32,58,41,22,42.3
61,F,171,64,16,72,90,35,29,58,38,25,26.0
20,F,162,52,16,81,107,35,25,56,33,20,20.6
56,M,191,99,18,88,104,41,30,54,40,27,44.0
48,M,166,73,18,111,101,39,32,58,38,34,31.3
23,F,162,63,17,66,110,34,27,54,35,16,23.9
26,M,184,98,16,102,91,42,31,57,40,33,36.9
54,F,169,101,15,86,104,33,28,51,34,42,41.7
31,F,166,52,16,71,92,36,28,52,35,21,23.5
35,M,173,53,17,88,106,40,32,56,38,16,23.9
26,M,168,48,19,72,93,39,31,52,37,11,23.8
60,F,163,40,17,65,101,35,28,54,35,25,16.1
24,F,166,74,15,79,104,32,29,47,37,37,32.6
19,M,192,74,19,81,99,38,35,56,36,22,29.8
65,F,155,51,15,65,87,32,28,61,33,13,20.6
61,M,187,82,19,75,91,38,32,64,40,16,36.1
29,M,172,89,19,98,93,43,34,55,35,27,36.3
18,M,176,116,17,110,85,41,31,48,40,39,49.0
36,M,181,57,17,73,110,38,31,58,39,11,24.1
52,M,177,77,18,112,95,40,34,52,38,27,30.8
47,F,167,55,16,75,96,34,31,57,33,28,25.8
57,M,183,65,19,73,81,43,33,60,36,22,28.3
37,M,179,78,18,79,102,40,32,62,39,20,29.9
41,F,171,83,15,72,99,33,28,50,34,30,31.8
23,F,156,71,15,88,96,34,26,50,38,45,36.0
24,M,181,79,19,106,95,38,34,57,37,21,32.1
37,M,179,119,16,89,97,38,32,48,39,44,43.0
58,F,155,46,16,66,105,33,31,54,36,21,18.0
23,M,186,97,17,95,89,37,32,61,40,28,36.9
38,M,185,92,18,88,100,34,32,57,37,30,38.8
34,F,169,76,15,84,106,33,30,49,35,38,31.4
25,F,161,70,15,82,97,34,30,51,36,44,30.8
25,F,174,75,15,69,104,31,29,50,40,32,32.7
48,F,155,62,16,81,98,35,28,53,35,35,25.7
27,M,185,85,18,89,95,36,35,58,37,22,41.4
46,F,163,48,15,61,93,34,28,53,35,25,21.2
34,F,169,67,15,80,99,32,29,47,36,29,23.3
65,F,163,69,16,86,105,35,26,53,35,39,29.7
46,M,182,63,18,88,99,41,29,57,40,21,26.8
49,F,172,52,15,58,100,36,28,51,33,20,22.2
40,M,174,95,17,96,101,39,28,62,36,38,39.8
36,F,162,93,16,85,114,34,26,48,34,45,39.9
50,M,175,70,18,85,99,36,33,54,40,25,30.3
45,F,164,76,16,77,101,35,26,53,39,40,32.9
65,F,160,61,15,71,104,34,26,52,38,28,24.7
23,F,163,67,17,83,87,34,25,49,37,38,28.0
52,F,160,43,16,55,102,33,24,53,34,10,18.5
42,M,163,59,18,76,87,38,31,56,39,19,24.4
62,M,167,56,18,84,105,43,31,56,40,12,21.7
65,F,165,54,15,81,99,32,32,50,35,26,22.8
37,F,166,81,15,81,90,32,29,55,38,40,35.5
25,F,152,74,17,103,94,33,29,53,36,45,28.7
43,F,168,59,16,93,99,34,27,50,39,23,23.1
46,F,158,67,16,83,92,33,27,56,38,43,28.5
41,M,177,77,17,91,87,39,36,60,42,24,34.3
18,M,180,82,17,96,97,37,33,62,43,28,36.0
43,F,170,77,17,63,99,33,27,54,33,31,30.2
26,M,173,107,19,113,100,41,33,49,36,45,49.3
57,F,159,68,15,100,102,33,23,53,37,45,31.1
27,F,157,86,15,76,101,33,27,43,37,45,30.5
36,F,163,46,15,79,97,31,26,52,34,23,23.3
33,F,169,72,16,92,100,33,28,55,36,32,30.1
34,F,166,84,17,84,80,33,28,49,36,45,34.6
19,F,170,77,15,88,85,36,28,52,36,42,28.4
50,F,152,63,15,87,94,32,26,56,34,35,24.2
31,M,164,73,19,114,95,41,30,68,43,33,30.0
21,F,169,68,15,70,95,33,29,51,35,30,25.3
33,M,167,82,18,93,100,42,32,54,43,40,37.9
26,M,184,90,18,88,102,37,32,59,38,30,41.4
32,M,163,41,18,86,104,36,34,54,39,8,17.8
32,F,160,67,15,86,98,33,29,53,39,43,27.6
35,M,177,88,18,85,84,40,33,57,38,28,35.8
18,F,163,40,16,58,100,32,26,50,34,20,18.1
37,M,174,57,18,73,106,36,31,44,39,16,23.6
38,M,186,83,17,78,89,41,32,55,42,19,36.5
58,F,166,61,15,86,96,33,29,51,36,38,25.5
60,F,178,49,14,69,108,33,27,55,35,27,20.7
35,F,161,78,16,96,96,34,26,59,32,45,34.4
42,F,163,63,16,87,112,35,30,54,35,40,24.3
20,M,176,94,18,78,103,41,31,55,40,34,39.4
55,M,192,92,17,92,98,38,30,55,41,29,37.9
63,F,164,45,15,87,108,29,25,54,37,23,19.7
52,F,157,64,15,78,101,31,25,55,35,29,26.4
18,F,156,47,16,67,95,34,27,51,39,19,18.6
47,F,164,44,17,69,99,34,28,49,34,23,17.4
42,M,180,61,19,93,101,42,36,56,38,16,21.6
45,M,182,77,18,107,97,39,36,54,34,25,33.5
21,F,164,50,16,83,84,32,32,53,35,28,21.7
18,F,163,44,16,93,92,31,27,49,34,25,16.9
24,M,173,91,19,96,112,39,30,58,38,39,39.9
35,F,166,71,15,72,92,33,27,54,36,30,26.8
39,F,159,96,15,91,105,33,33,47,36,45,41.8
26,F,159,75,15,106,105,35,24,50,38,45,33.4
64,M,168,66,17,94,89,40,33,50,33,28,24.1
45,M,186,101,18,94,99,41,37,64,41,25,40.4
65,F,168,89,15,80,118,34,28,51,35,31,43.8
26,F,149,55,16,84,92,30,28,53,36,27,21.9
40,M,160,86,19,100,98,40,33,56,40,35,34.5
42,F,158,84,16,79,112,33,25,54,34,30,32.5
57,M,174,60,18,86,102,38,29,52,34,20,22.3
51,M,168,73,19,81,93,37,33,53,40,27,29.5
41,M,158,67,19,82,103,37,30,57,38,25,29.7
43,M,181,65,19,76,103,39,32,56,41,10,29.8
36,F,157,79,14,74,83,34,27,51,35,36,31.1
52,F,166,75,16,104,89,34,32,54,34,43,27.8
60,M,171,71,19,105,98,40,31,57,37,20,25.7
43,F,145,48,16,70,100,35,28,55,38,21,19.5
32,M,182,75,19,86,92,39,32,53,41,23,31.9
55,F,154,70,16,105,103,36,26,52,38,41,29.4
29,F,151,40,15,79,112,34,28,51,36,22,15.8
39,M,180,89,18,81,97,40,31,54,40,25,42.7
48,F,167,76,15,82,87,34,28,53,37,41,34.0
51,F,155,50,16,58,97,33,26,55,38,28,21.1
47,F,163,47,16,67,94,32,27,50,38,17,17.8
54,F,173,56,17,61,110,33,27,52,32,24,25.5
24,M,170,70,17,104,100,42,33,61,40,28,30.0
55,F,155,60,15,55,103,32,30,48,39,24,25.8
31,M,179,79,19,90,102,41,31,61,39,23,33.0
60,F,158,60,15,86,93,33,27,50,37,39,25.2
47,F,169,76,17,81,98,35,32,48,37,37,31.2
19,M,177,75,20,105,95,37,35,55,41,26,33.2
37,M,168,65,17,87,103,40,38,62,37,25,27.6
65,M,186,71,17,96,97,39,30,56,39,21,31.1
39,F,158,63,15,98,100,33,28,52,32,31,26.8
45,M,181,70,19,90,96,37,28,54,40,26,24.0
63,F,157,60,16,73,105,36,26,56,35,38,25.0
57,F,163,69,16,75,100,35,28,51,34,35,28.7
58,M,166,88,18,89,104,36,35,60,45,41,37.9
42,F,170,71,14,64,91,34,27,51,33,31,27.3
25,M,181,127,17,118,93,40,35,64,34,45,49.7
64,F,164,98,15,91,97,35,32,47,37,45,37.8
63,M,181,98,18,117,94,39,28,58,43,32,38.5
45,M,180,105,18,123,95,36,32,55,41,39,42.2
24,M,182,78,18,90,108,37,28,60,33,21,36.2
63,F,164,70,15,77,101,31,28,51,33,36,33.5
32,M,171,96,18,98,106,38,30,48,39,37,36.0
31,M,174,90,17,82,103,35,32,57,35,22,38.4
49,F,162,59,16,62,101,35,29,55,37,15,24.8
49,M,165,94,18,106,102,42,33,53,38,38,42.3
26,F,167,79,16,74,112,34,25,54,35,33,37.4
44,F,167,94,15,92,101,34,29,54,36,45,40.8
51,F,167,54,15,82,100,36,28,57,34,30,20.8
22,M,187,59,18,97,97,38,34,58,36,22,24.4
28,M,186,91,19,89,110,40,33,61,40,26,38.0
34,M,166,67,18,87,89,36,33,52,38,18,29.6
53,M,173,72,18,96,115,36,29,55,37,31,28.7
55,M,188,65,19,89,94,43,31,57,43,15,27.5
18,F,149,51,15,83,109,35,27,53,36,37,21.1
50,F,165,104,15,87,99,32,24,59,37,45,42.2
42,M,169,78,18,91,94,41,37,58,40,32,36.5
41,F,151,67,15,83,92,33,27,58,34,43,33.5
60,M,167,78,18,100,99,40,32,53,41,36,35.1
43,M,165,69,19,86,83,38,35,58,35,28,30.7
60,M,171,57,18,94,99,37,35,59,36,26,23.2
24,F,158,68,16,68,102,35,30,48,36,43,25.6
58,M,168,92,20,81,102,40,35,58,40,30,39.7
53,M,171,66,18,90,102,38,33,52,43,15,27.5
25,M,177,64,17,98,104,37,34,55,37,19,29.1
28,F,153,61,15,83,103,37,27,53,37,28,26.1
24,F,165,71,15,83,115,31,26,55,37,36,32.0
30,M,187,80,16,86,103,36,34,52,37,23,31.9
37,F,165,61,15,72,85,33,27,51,32,31,23.9
65,F,161,79,15,63,105,33,29,50,36,41,30.9
20,F,159,43,16,85,88,35,29,50,36,19,18.6
31,F,177,75,16,56,86,34,29,52,36,26,29.7
63,M,181,90,18,112,93,37,33,53,38,32,41.3
31,F,152,50,17,68,97,35,32,57,38,22,18.8
18,F,165,85,15,87,108,34,27,56,39,36,32.2
47,M,182,64,20,101,92,35,32,52,36,9,27.9
35,M,171,91,18,116,108,38,36,54,39,40,36.1
60,M,190,84,18,106,83,37,33,57,40,30,31.4
38,F,156,64,16,89,112,33,29,57,35,43,30.6
62,M,176,92,18,97,99,37,33,48,39,38,40.1
41,F,149,53,15,85,85,33,28,47,37,30,21.1
34,M,179,69,18,91,102,41,32,57,38,16,31.3
58,M,184,73,18,98,89,40,32,54,37,21,29.4
55,M,173,71,17,102,105,38,32,59,41,18,29.5
25,F,153,40,15,84,111,33,30,49,37,25,15.3
30,M,179,83,18,108,91,38,31,53,37,30,33.8
20,F,157,53,15,78,109,34,31,51,34,30,22.2
57,F,158,57,16,65,105,35,29,49,35,26,23.3
42,F,173,84,17,81,97,32,29,54,37,34,34.9
22,F,165,65,16,77,97,36,30,50,38,37,28.5
56,F,162,70,15,79,95,32,28,53,35,42,31.6
44,F,173,81,16,76,98,33,29,54,39,45,32.4
44,F,153,76,15,95,104,33,31,51,32,45,28.2
49,M,169,101,19,89,90,37,32,56,40,36,43.8
21,F,157,47,15,73,117,34,32,53,36,21,19.6
43,M,172,74,18,77,106,34,31,58,36,18,30.2
37,F,166,71,15,117,92,31,30,53,37,38,30.4
53,F,160,52,15,68,87,35,29,55,36,16,21.4
30,F,161,55,15,86,80,33,26,57,36,37,22.1
24,M,180,76,18,88,104,38,33,63,36,23,27.5
45,M,178,81,17,103,104,37,34,55,38,17,31.4
42,M,173,79,18,101,113,40,35,50,37,30,34.1
33,M,183,108,19,106,99,36,33,57,40,34,48.1
21,F,171,73,15,71,105,34,31,53,35,30,30.0
62,F,160,61,15,76,108,32,26,50,32,24,30.9
34,M,174,122,18,104,112,38,32,54,38,45,51.9
29,F,172,102,16,79,100,33,33,53,35,43,45.0
50,M,179,70,18,84,87,37,30,59,40,17,30.2
31,F,158,53,16,55,84,36,27,47,37,23,22.8
55,M,171,65,21,77,92,40,32,55,42,13,25.8
21,F,161,51,15,71,101,32,26,44,37,16,20.9
30,F,173,76,16,87,96,32,29,41,34,30,32.6
22,F,176,65,15,77,102,36,29,56,38,22,24.5
28,M,184,70,19,77,96,38,32,54,33,28,29.6
18,M,187,97,18,94,101,41,31,60,38,27,40.4
56,M,181,82,17,96,101,38,37,54,38,32,34.4
25,F,174,84,16,101,107,34,32,52,35,39,34.6
31,F,155,52,17,62,84,34,28,46,36,30,22.5
27,M,169,87,17,91,106,42,31,57,35,31,35.2
45,M,175,86,18,98,102,38,31,51,41,26,39.5
40,F,158,52,15,88,101,31,31,54,35,39,22.7
39,M,183,85,18,77,106,40,35,60,37,16,36.6
47,M,175,65,18,92,114,38,28,55,39,14,27.6
18,F,169,62,16,83,99,34,28,56,35,26,27.3
57,F,170,70,15,90,94,34,29,53,35,45,29.0
49,M,187,102,18,67,90,42,33,57,39,24,44.2
38,M,183,95,17,114,89,40,29,57,41,37,32.3
58,F,153,50,16,68,102,34,26,57,34,18,19.9
29,M,182,99,17,112,105,36,34,53,40,41,40.5
27,M,165,46,19,79,87,40,33,56,34,14,21.3
28,F,160,68,16,71,106,34,25,52,33,36,29.7
33,M,180,110,17,110,97,35,31,49,38,45,44.6
22,F,164,53,15,81,101,33,29,53,34,23,21.6
18,F,161,58,14,75,107,33,30,46,35,33,25.1
38,F,155,90,14,80,107,32,26,46,41,45,37.3
24,F,161,47,15,77,111,32,28,55,35,15,20.5
30,F,179,74,15,76,97,31,25,50,34,29,33.5
46,M,166,64,18,90,97,41,38,62,43,27,30.2
59,F,161,49,15,79,89,34,26,53,34,27,19.2
46,F,173,90,15,100,104,38,27,52,36,45,39.7
32,M,187,114,19,103,105,36,32,59,36,32,40.1
58,F,161,49,16,81,102,32,27,52,34,27,19.8
18,F,162,78,15,90,95,34,28,47,34,40,34.5
27,M,183,42,18,94,92,36,31,57,37,8,16.9
61,M,163,75,17,102,90,36,34,57,40,25,30.9
21,F,153,57,15,95,101,35,28,50,34,38,21.7
40,M,166,75,18,99,100,42,34,58,37,24,33.6
29,M,176,65,18,102,84,36,30,56,36,14,27.7
42,F,160,48,17,93,102,35,26,53,37,26,18.9
28,M,184,81,18,73,90,35,29,57,35,29,34.9
28,M,177,94,17,108,102,40,33,60,40,36,38.0
58,M,184,110,17,92,95,38,33,60,41,38,40.5
35,F,163,61,17,76,88,34,31,52,32,36,26.0
25,F,151,49,15,79,94,33,28,55,37,25,19.8
34,F,171,81,14,82,106,34,28,59,39,32,36.1
50,M,186,93,17,90,82,40,32,57,38,25,39.1
38,M,182,83,18,95,98,41,32,54,41,23,36.9
21,M,161,85,19,116,91,40,31,55,37,40,37.4
36,M,161,81,17,96,97,37,34,56,32,31,33.0
32,F,170,65,15,88,82,32,30,50,39,27,28.1
54,M,175,87,18,99,80,38,26,57,37,32,35.4
24,M,162,84,18,86,103,37,28,50,35,34,35.1
33,F,171,73,15,64,112,35,29,51,36,26,31.8
39,F,162,51,16,73,103,34,28,47,33,25,24.0
36,F,156,66,16,95,84,32,30,55,36,42,29.4
33,F,168,73,17,85,117,33,28,52,34,37,31.1
24,F,155,66,15,86,105,35,28,50,34,39,24.6
25,M,166,89,18,110,95,42,32,61,37,35,39.0
18,M,165,99,20,121,99,40,28,50,39,45,40.4
48,F,167,84,16,83,91,33,26,56,35,32,35.5
56,M,178,79,19,96,101,40,30,53,36,18,31.6
35,F,158,42,16,64,113,36,25,52,35,20,15.8
46,F,169,89,15,98,101,34,27,58,37,45,41.3
30,F,157,56,15,82,106,34,30,51,36,24,22.5
32,F,165,69,17,87,100,35,28,53,37,35,31.1
20,F,163,76,16,89,98,33,27,53,37,43,31.3
36,F,167,73,15,77,107,34,26,52,37,26,32.0
43,M,176,115,19,94,114,38,34,60,36,45,48.8
26,F,160,40,15,75,93,36,32,48,34,23,15.8
56,F,173,87,16,99,102,34,31,56,38,37,35.6
41,M,188,89,19,102,103,40,33,56,38,28,38.5
61,M,179,110,19,116,94,41,33,49,38,45,42.2
49,M,169,92,18,91,96,36,32,53,37,42,38.3
59,F,161,53,14,67,105,34,27,51,36,25,19.0
33,M,178,79,19,112,107,37,33,50,37,25,36.4
61,F,155,47,15,89,100,35,24,52,37,25,19.7
59,M,174,63,17,90,91,38,34,58,41,8,25.9
19,M,175,96,18,106,93,37,33,58,42,38,36.7
47,F,162,57,16,84,109,35,31,55,38,31,22.5
51,F,176,94,15,94,94,34,28,57,39,38,39.2
32,M,184,105,19,106,100,36,31,58,37,42,49.5
33,M,169,64,18,89,89,38,28,52,39,21,28.4
24,F,169,62,15,91,115,34,24,51,35,26,24.5
41,M,183,99,18,108,103,37,34,50,40,35,40.1
65,F,165,100,16,107,99,33,30,45,32,45,39.8
65,M,179,79,18,89,97,42,30,51,40,17,33.7
32,F,155,68,15,97,80,33,28,54,38,38,29.0
61,F,165,47,16,62,103,36,25,55,36,15,20.9
59,F,166,75,15,63,91,32,26,52,33,29,33.2
